venue,day,weekday,expiry,dte_trd,dte_cal,arm,n_cycles,n_recenters,stop_fired,credit0,gross,cost,net,gross_c1,cost_c1,net_c1,gross_after,cost_after,net_after,first_exit,last_exit,strikes,reasons
NIFTY,2026-04-27,Mon,2026-04-28,1,1,ONE_AND_DONE,1,0,0,239.9,2765.75,60.51,2705.24,2765.75,60.51,2705.24,0,0,0,15:15,15:15,24050,TIME
NIFTY,2026-04-27,Mon,2026-04-28,1,1,RECENTER_1,1,0,0,239.9,2765.75,60.51,2705.24,2765.75,60.51,2705.24,0,0,0,15:15,15:15,24050,TIME
NIFTY,2026-04-27,Mon,2026-04-28,1,1,RECENTER_2,1,0,0,239.9,2765.75,60.51,2705.24,2765.75,60.51,2705.24,0,0,0,15:15,15:15,24050,TIME
NIFTY,2026-04-27,Mon,2026-04-28,1,1,RECENTER_3,1,0,0,239.9,2765.75,60.51,2705.24,2765.75,60.51,2705.24,0,0,0,15:15,15:15,24050,TIME
NIFTY,2026-04-27,Mon,2026-04-28,1,1,RECENTER_5,1,0,0,239.9,2765.75,60.51,2705.24,2765.75,60.51,2705.24,0,0,0,15:15,15:15,24050,TIME
NIFTY,2026-04-27,Mon,2026-04-28,1,1,RECENTER_2_CD15,1,0,0,239.9,2765.75,60.51,2705.24,2765.75,60.51,2705.24,0,0,0,15:15,15:15,24050,TIME
NIFTY,2026-04-27,Mon,2026-04-28,1,1,RECENTER_3_CD15,1,0,0,239.9,2765.75,60.51,2705.24,2765.75,60.51,2705.24,0,0,0,15:15,15:15,24050,TIME
NIFTY,2026-04-27,Mon,2026-04-28,1,1,RECENTER_5_CD15,1,0,0,239.9,2765.75,60.51,2705.24,2765.75,60.51,2705.24,0,0,0,15:15,15:15,24050,TIME
NIFTY,2026-04-27,Mon,2026-04-28,1,1,RECENTER_5_NOGUARD,1,0,0,239.9,2765.75,60.51,2705.24,2765.75,60.51,2705.24,0,0,0,15:15,15:15,24050,TIME
NIFTY,2026-04-27,Mon,2026-04-28,1,1,MOVESTOP_ONE,1,0,1,239.9,2210.0,888.86,1321.14,2210.0,888.86,1321.14,0,0,0,13:42,13:42,24050,SL
NIFTY,2026-04-27,Mon,2026-04-28,1,1,MOVESTOP_RECENTER,2,1,1,239.9,2697.5,944.85,1752.65,2210.0,888.86,1321.14,487.5,55.99,431.51,13:42,15:15,24050|24150,SL|TIME
NIFTY,2026-04-27,Mon,2026-04-28,1,1,MOVESTOP_RC1,2,1,1,239.9,2697.5,944.85,1752.65,2210.0,888.86,1321.14,487.5,55.99,431.51,13:42,15:15,24050|24150,SL|TIME
NIFTY,2026-04-27,Mon,2026-04-28,1,1,MOVESTOP_RC_CD15,2,1,1,239.9,2697.5,944.85,1752.65,2210.0,888.86,1321.14,487.5,55.99,431.51,13:42,15:15,24050|24150,SL|TIME
NIFTY,2026-04-27,Mon,2026-04-28,1,1,NOSTOP_HOLD,1,0,0,239.9,2765.75,60.51,2705.24,2765.75,60.51,2705.24,0,0,0,15:15,15:15,24050,TIME
NIFTY,2026-04-28,Tue,2026-04-28,0,0,ONE_AND_DONE,1,0,0,116.2,-341.25,46.86,-388.11,-341.25,46.86,-388.11,0,0,0,15:15,15:15,24100,TIME
NIFTY,2026-04-28,Tue,2026-04-28,0,0,RECENTER_1,1,0,0,116.2,-341.25,46.86,-388.11,-341.25,46.86,-388.11,0,0,0,15:15,15:15,24100,TIME
NIFTY,2026-04-28,Tue,2026-04-28,0,0,RECENTER_2,1,0,0,116.2,-341.25,46.86,-388.11,-341.25,46.86,-388.11,0,0,0,15:15,15:15,24100,TIME
NIFTY,2026-04-28,Tue,2026-04-28,0,0,RECENTER_3,1,0,0,116.2,-341.25,46.86,-388.11,-341.25,46.86,-388.11,0,0,0,15:15,15:15,24100,TIME
NIFTY,2026-04-28,Tue,2026-04-28,0,0,RECENTER_5,1,0,0,116.2,-341.25,46.86,-388.11,-341.25,46.86,-388.11,0,0,0,15:15,15:15,24100,TIME
NIFTY,2026-04-28,Tue,2026-04-28,0,0,RECENTER_2_CD15,1,0,0,116.2,-341.25,46.86,-388.11,-341.25,46.86,-388.11,0,0,0,15:15,15:15,24100,TIME
NIFTY,2026-04-28,Tue,2026-04-28,0,0,RECENTER_3_CD15,1,0,0,116.2,-341.25,46.86,-388.11,-341.25,46.86,-388.11,0,0,0,15:15,15:15,24100,TIME
NIFTY,2026-04-28,Tue,2026-04-28,0,0,RECENTER_5_CD15,1,0,0,116.2,-341.25,46.86,-388.11,-341.25,46.86,-388.11,0,0,0,15:15,15:15,24100,TIME
NIFTY,2026-04-28,Tue,2026-04-28,0,0,RECENTER_5_NOGUARD,1,0,0,116.2,-341.25,46.86,-388.11,-341.25,46.86,-388.11,0,0,0,15:15,15:15,24100,TIME
NIFTY,2026-04-28,Tue,2026-04-28,0,0,MOVESTOP_ONE,1,0,1,116.2,-526.5,875.05,-1401.55,-526.5,875.05,-1401.55,0,0,0,12:33,12:33,24100,SL
NIFTY,2026-04-28,Tue,2026-04-28,0,0,MOVESTOP_RECENTER,2,1,1,116.2,2860.0,915.13,1944.87,-526.5,875.05,-1401.55,3386.5,40.08,3346.42,12:33,15:15,24100|24000,SL|TIME
NIFTY,2026-04-28,Tue,2026-04-28,0,0,MOVESTOP_RC1,2,1,1,116.2,2860.0,915.13,1944.87,-526.5,875.05,-1401.55,3386.5,40.08,3346.42,12:33,15:15,24100|24000,SL|TIME
NIFTY,2026-04-28,Tue,2026-04-28,0,0,MOVESTOP_RC_CD15,2,1,1,116.2,2860.0,915.13,1944.87,-526.5,875.05,-1401.55,3386.5,40.08,3346.42,12:33,15:15,24100|24000,SL|TIME
NIFTY,2026-04-28,Tue,2026-04-28,0,0,NOSTOP_HOLD,1,0,0,116.2,-341.25,46.86,-388.11,-341.25,46.86,-388.11,0,0,0,15:15,15:15,24100,TIME
NIFTY,2026-04-29,Wed,2026-05-05,4,6,ONE_AND_DONE,1,0,1,378.25,-2600.0,907.85,-3507.85,-2600.0,907.85,-3507.85,0,0,0,10:11,10:11,24100,SL
NIFTY,2026-04-29,Wed,2026-05-05,4,6,RECENTER_1,2,1,1,378.25,-2041.0,987.2,-3028.2,-2600.0,907.85,-3507.85,559.0,79.35,479.65,10:11,15:15,24100|24250,SL|TIME
NIFTY,2026-04-29,Wed,2026-05-05,4,6,RECENTER_2,2,1,1,378.25,-2041.0,987.2,-3028.2,-2600.0,907.85,-3507.85,559.0,79.35,479.65,10:11,15:15,24100|24250,SL|TIME
NIFTY,2026-04-29,Wed,2026-05-05,4,6,RECENTER_3,2,1,1,378.25,-2041.0,987.2,-3028.2,-2600.0,907.85,-3507.85,559.0,79.35,479.65,10:11,15:15,24100|24250,SL|TIME
NIFTY,2026-04-29,Wed,2026-05-05,4,6,RECENTER_5,2,1,1,378.25,-2041.0,987.2,-3028.2,-2600.0,907.85,-3507.85,559.0,79.35,479.65,10:11,15:15,24100|24250,SL|TIME
NIFTY,2026-04-29,Wed,2026-05-05,4,6,RECENTER_2_CD15,2,1,1,378.25,-2041.0,987.2,-3028.2,-2600.0,907.85,-3507.85,559.0,79.35,479.65,10:11,15:15,24100|24250,SL|TIME
NIFTY,2026-04-29,Wed,2026-05-05,4,6,RECENTER_3_CD15,2,1,1,378.25,-2041.0,987.2,-3028.2,-2600.0,907.85,-3507.85,559.0,79.35,479.65,10:11,15:15,24100|24250,SL|TIME
NIFTY,2026-04-29,Wed,2026-05-05,4,6,RECENTER_5_CD15,2,1,1,378.25,-2041.0,987.2,-3028.2,-2600.0,907.85,-3507.85,559.0,79.35,479.65,10:11,15:15,24100|24250,SL|TIME
NIFTY,2026-04-29,Wed,2026-05-05,4,6,RECENTER_5_NOGUARD,2,1,1,378.25,-2041.0,987.2,-3028.2,-2600.0,907.85,-3507.85,559.0,79.35,479.65,10:11,15:15,24100|24250,SL|TIME
NIFTY,2026-04-29,Wed,2026-05-05,4,6,MOVESTOP_ONE,1,0,1,378.25,-1007.5,907.13,-1914.63,-1007.5,907.13,-1914.63,0,0,0,10:01,10:01,24100,SL
NIFTY,2026-04-29,Wed,2026-05-05,4,6,MOVESTOP_RECENTER,4,3,1,378.25,-2710.5,2800.84,-5511.34,-1007.5,907.13,-1914.63,-1703.0,1893.71,-3596.71,10:01,15:15,24100|24250|24350|24200,SL|SL|SL|TIME
NIFTY,2026-04-29,Wed,2026-05-05,4,6,MOVESTOP_RC1,2,1,1,378.25,-3100.5,1814.16,-4914.66,-1007.5,907.13,-1914.63,-2093.0,907.03,-3000.03,10:01,10:28,24100|24250,SL|SL
NIFTY,2026-04-29,Wed,2026-05-05,4,6,MOVESTOP_RC_CD15,4,3,1,378.25,-2710.5,2800.84,-5511.34,-1007.5,907.13,-1914.63,-1703.0,1893.71,-3596.71,10:01,15:15,24100|24250|24350|24200,SL|SL|SL|TIME
NIFTY,2026-04-29,Wed,2026-05-05,4,6,NOSTOP_HOLD,1,0,0,378.25,-598.0,78.85,-676.85,-598.0,78.85,-676.85,0,0,0,15:15,15:15,24100,TIME
NIFTY,2026-04-30,Thu,2026-05-05,3,5,ONE_AND_DONE,1,0,1,364.35,-2990.0,906.33,-3896.33,-2990.0,906.33,-3896.33,0,0,0,10:18,10:18,23950,SL
NIFTY,2026-04-30,Thu,2026-05-05,3,5,RECENTER_1,2,1,1,364.35,-5508.75,1815.92,-7324.67,-2990.0,906.33,-3896.33,-2518.75,909.58,-3428.33,10:18,13:49,23950|23800,SL|SL
NIFTY,2026-04-30,Thu,2026-05-05,3,5,RECENTER_2,3,2,1,364.35,-5144.75,1893.2,-7037.95,-2990.0,906.33,-3896.33,-2154.75,986.87,-3141.62,10:18,15:15,23950|23800|24050,SL|SL|TIME
NIFTY,2026-04-30,Thu,2026-05-05,3,5,RECENTER_3,3,2,1,364.35,-5144.75,1893.2,-7037.95,-2990.0,906.33,-3896.33,-2154.75,986.87,-3141.62,10:18,15:15,23950|23800|24050,SL|SL|TIME
NIFTY,2026-04-30,Thu,2026-05-05,3,5,RECENTER_5,3,2,1,364.35,-5144.75,1893.2,-7037.95,-2990.0,906.33,-3896.33,-2154.75,986.87,-3141.62,10:18,15:15,23950|23800|24050,SL|SL|TIME
NIFTY,2026-04-30,Thu,2026-05-05,3,5,RECENTER_2_CD15,3,2,1,364.35,-5144.75,1893.2,-7037.95,-2990.0,906.33,-3896.33,-2154.75,986.87,-3141.62,10:18,15:15,23950|23800|24050,SL|SL|TIME
NIFTY,2026-04-30,Thu,2026-05-05,3,5,RECENTER_3_CD15,3,2,1,364.35,-5144.75,1893.2,-7037.95,-2990.0,906.33,-3896.33,-2154.75,986.87,-3141.62,10:18,15:15,23950|23800|24050,SL|SL|TIME
NIFTY,2026-04-30,Thu,2026-05-05,3,5,RECENTER_5_CD15,3,2,1,364.35,-5144.75,1893.2,-7037.95,-2990.0,906.33,-3896.33,-2154.75,986.87,-3141.62,10:18,15:15,23950|23800|24050,SL|SL|TIME
NIFTY,2026-04-30,Thu,2026-05-05,3,5,RECENTER_5_NOGUARD,3,2,1,364.35,-5144.75,1893.2,-7037.95,-2990.0,906.33,-3896.33,-2154.75,986.87,-3141.62,10:18,15:15,23950|23800|24050,SL|SL|TIME
NIFTY,2026-04-30,Thu,2026-05-05,3,5,MOVESTOP_ONE,1,0,1,364.35,-1628.25,905.72,-2533.97,-1628.25,905.72,-2533.97,0,0,0,10:09,10:09,23950,SL
NIFTY,2026-04-30,Thu,2026-05-05,3,5,MOVESTOP_RECENTER,4,3,1,364.35,-2210.0,2795.03,-5005.03,-1628.25,905.72,-2533.97,-581.75,1889.31,-2471.06,10:09,15:15,23950|23850|23950|24050,SL|SL|SL|TIME
NIFTY,2026-04-30,Thu,2026-05-05,3,5,MOVESTOP_RC1,2,1,1,364.35,-1235.0,1812.6,-3047.6,-1628.25,905.72,-2533.97,393.25,906.88,-513.63,10:09,13:12,23950|23850,SL|SL
NIFTY,2026-04-30,Thu,2026-05-05,3,5,MOVESTOP_RC_CD15,4,3,1,364.35,-2210.0,2795.03,-5005.03,-1628.25,905.72,-2533.97,-581.75,1889.31,-2471.06,10:09,15:15,23950|23850|23950|24050,SL|SL|SL|TIME
NIFTY,2026-04-30,Thu,2026-05-05,3,5,NOSTOP_HOLD,1,0,0,364.35,-549.25,77.13,-626.38,-549.25,77.13,-626.38,0,0,0,15:15,15:15,23950,TIME
NIFTY,2026-05-04,Mon,2026-05-05,1,1,ONE_AND_DONE,1,0,1,253.7,-3383.25,893.06,-4276.31,-3383.25,893.06,-4276.31,0,0,0,13:30,13:30,24250,SL
NIFTY,2026-05-04,Mon,2026-05-05,1,1,RECENTER_1,2,1,1,253.7,-3048.5,955.24,-4003.74,-3383.25,893.06,-4276.31,334.75,62.19,272.56,13:30,15:15,24250|24050,SL|TIME
NIFTY,2026-05-04,Mon,2026-05-05,1,1,RECENTER_2,2,1,1,253.7,-3048.5,955.24,-4003.74,-3383.25,893.06,-4276.31,334.75,62.19,272.56,13:30,15:15,24250|24050,SL|TIME
NIFTY,2026-05-04,Mon,2026-05-05,1,1,RECENTER_3,2,1,1,253.7,-3048.5,955.24,-4003.74,-3383.25,893.06,-4276.31,334.75,62.19,272.56,13:30,15:15,24250|24050,SL|TIME
NIFTY,2026-05-04,Mon,2026-05-05,1,1,RECENTER_5,2,1,1,253.7,-3048.5,955.24,-4003.74,-3383.25,893.06,-4276.31,334.75,62.19,272.56,13:30,15:15,24250|24050,SL|TIME
NIFTY,2026-05-04,Mon,2026-05-05,1,1,RECENTER_2_CD15,2,1,1,253.7,-3048.5,955.24,-4003.74,-3383.25,893.06,-4276.31,334.75,62.19,272.56,13:30,15:15,24250|24050,SL|TIME
NIFTY,2026-05-04,Mon,2026-05-05,1,1,RECENTER_3_CD15,2,1,1,253.7,-3048.5,955.24,-4003.74,-3383.25,893.06,-4276.31,334.75,62.19,272.56,13:30,15:15,24250|24050,SL|TIME
NIFTY,2026-05-04,Mon,2026-05-05,1,1,RECENTER_5_CD15,2,1,1,253.7,-3048.5,955.24,-4003.74,-3383.25,893.06,-4276.31,334.75,62.19,272.56,13:30,15:15,24250|24050,SL|TIME
NIFTY,2026-05-04,Mon,2026-05-05,1,1,RECENTER_5_NOGUARD,2,1,1,253.7,-3048.5,955.24,-4003.74,-3383.25,893.06,-4276.31,334.75,62.19,272.56,13:30,15:15,24250|24050,SL|TIME
NIFTY,2026-05-04,Mon,2026-05-05,1,1,MOVESTOP_ONE,1,0,1,253.7,819.0,891.16,-72.16,819.0,891.16,-72.16,0,0,0,09:41,09:41,24250,SL
NIFTY,2026-05-04,Mon,2026-05-05,1,1,MOVESTOP_RECENTER,4,3,1,253.7,-728.0,2733.62,-3461.62,819.0,891.16,-72.16,-1547.0,1842.45,-3389.45,09:41,15:15,24250|24300|24200|24100,SL|SL|SL|TIME
NIFTY,2026-05-04,Mon,2026-05-05,1,1,MOVESTOP_RC1,2,1,1,253.7,-1056.25,1781.15,-2837.4,819.0,891.16,-72.16,-1875.25,889.99,-2765.24,09:41,10:15,24250|24300,SL|SL
NIFTY,2026-05-04,Mon,2026-05-05,1,1,MOVESTOP_RC_CD15,4,3,1,253.7,-728.0,2733.62,-3461.62,819.0,891.16,-72.16,-1547.0,1842.45,-3389.45,09:41,15:15,24250|24300|24200|24100,SL|SL|SL|TIME
NIFTY,2026-05-04,Mon,2026-05-05,1,1,NOSTOP_HOLD,1,0,0,253.7,1085.5,62.94,1022.56,1085.5,62.94,1022.56,0,0,0,15:15,15:15,24250,TIME
NIFTY,2026-05-05,Tue,2026-05-05,0,0,ONE_AND_DONE,1,0,0,148.4,8232.25,46.92,8185.33,8232.25,46.92,8185.33,0,0,0,15:15,15:15,24050,TIME
NIFTY,2026-05-05,Tue,2026-05-05,0,0,RECENTER_1,1,0,0,148.4,8232.25,46.92,8185.33,8232.25,46.92,8185.33,0,0,0,15:15,15:15,24050,TIME
NIFTY,2026-05-05,Tue,2026-05-05,0,0,RECENTER_2,1,0,0,148.4,8232.25,46.92,8185.33,8232.25,46.92,8185.33,0,0,0,15:15,15:15,24050,TIME
NIFTY,2026-05-05,Tue,2026-05-05,0,0,RECENTER_3,1,0,0,148.4,8232.25,46.92,8185.33,8232.25,46.92,8185.33,0,0,0,15:15,15:15,24050,TIME
NIFTY,2026-05-05,Tue,2026-05-05,0,0,RECENTER_5,1,0,0,148.4,8232.25,46.92,8185.33,8232.25,46.92,8185.33,0,0,0,15:15,15:15,24050,TIME
NIFTY,2026-05-05,Tue,2026-05-05,0,0,RECENTER_2_CD15,1,0,0,148.4,8232.25,46.92,8185.33,8232.25,46.92,8185.33,0,0,0,15:15,15:15,24050,TIME
NIFTY,2026-05-05,Tue,2026-05-05,0,0,RECENTER_3_CD15,1,0,0,148.4,8232.25,46.92,8185.33,8232.25,46.92,8185.33,0,0,0,15:15,15:15,24050,TIME
NIFTY,2026-05-05,Tue,2026-05-05,0,0,RECENTER_5_CD15,1,0,0,148.4,8232.25,46.92,8185.33,8232.25,46.92,8185.33,0,0,0,15:15,15:15,24050,TIME
NIFTY,2026-05-05,Tue,2026-05-05,0,0,RECENTER_5_NOGUARD,1,0,0,148.4,8232.25,46.92,8185.33,8232.25,46.92,8185.33,0,0,0,15:15,15:15,24050,TIME
NIFTY,2026-05-05,Tue,2026-05-05,0,0,MOVESTOP_ONE,1,0,1,148.4,1335.75,878.12,457.63,1335.75,878.12,457.63,0,0,0,10:23,10:23,24050,SL
NIFTY,2026-05-05,Tue,2026-05-05,0,0,MOVESTOP_RECENTER,3,2,1,148.4,-117.0,1795.59,-1912.59,1335.75,878.12,457.63,-1452.75,917.47,-2370.22,10:23,15:15,24050|23950|24100,SL|SL|TIME
NIFTY,2026-05-05,Tue,2026-05-05,0,0,MOVESTOP_RC1,2,1,1,148.4,-1111.5,1752.86,-2864.36,1335.75,878.12,457.63,-2447.25,874.74,-3321.99,10:23,13:09,24050|23950,SL|SL
NIFTY,2026-05-05,Tue,2026-05-05,0,0,MOVESTOP_RC_CD15,3,2,1,148.4,-117.0,1795.59,-1912.59,1335.75,878.12,457.63,-1452.75,917.47,-2370.22,10:23,15:15,24050|23950|24100,SL|SL|TIME
NIFTY,2026-05-05,Tue,2026-05-05,0,0,NOSTOP_HOLD,1,0,0,148.4,8232.25,46.92,8185.33,8232.25,46.92,8185.33,0,0,0,15:15,15:15,24050,TIME
NIFTY,2026-05-06,Wed,2026-05-12,4,6,ONE_AND_DONE,1,0,1,378.6,-2876.25,908.02,-3784.27,-2876.25,908.02,-3784.27,0,0,0,12:23,12:23,24250,SL
NIFTY,2026-05-06,Wed,2026-05-12,4,6,RECENTER_1,2,1,1,378.6,-5570.5,1818.5,-7389.0,-2876.25,908.02,-3784.27,-2694.25,910.48,-3604.73,12:23,14:22,24250|24050,SL|SL
NIFTY,2026-05-06,Wed,2026-05-12,4,6,RECENTER_2,3,2,1,378.6,-8219.25,2725.63,-10944.88,-2876.25,908.02,-3784.27,-5343.0,1817.61,-7160.61,12:23,14:50,24250|24050|24300,SL|SL|SL
NIFTY,2026-05-06,Wed,2026-05-12,4,6,RECENTER_3,3,2,1,378.6,-8219.25,2725.63,-10944.88,-2876.25,908.02,-3784.27,-5343.0,1817.61,-7160.61,12:23,14:50,24250|24050|24300,SL|SL|SL
NIFTY,2026-05-06,Wed,2026-05-12,4,6,RECENTER_5,3,2,1,378.6,-8219.25,2725.63,-10944.88,-2876.25,908.02,-3784.27,-5343.0,1817.61,-7160.61,12:23,14:50,24250|24050|24300,SL|SL|SL
NIFTY,2026-05-06,Wed,2026-05-12,4,6,RECENTER_2_CD15,3,2,1,378.6,-8219.25,2725.63,-10944.88,-2876.25,908.02,-3784.27,-5343.0,1817.61,-7160.61,12:23,14:50,24250|24050|24300,SL|SL|SL
NIFTY,2026-05-06,Wed,2026-05-12,4,6,RECENTER_3_CD15,3,2,1,378.6,-8219.25,2725.63,-10944.88,-2876.25,908.02,-3784.27,-5343.0,1817.61,-7160.61,12:23,14:50,24250|24050|24300,SL|SL|SL
NIFTY,2026-05-06,Wed,2026-05-12,4,6,RECENTER_5_CD15,3,2,1,378.6,-8219.25,2725.63,-10944.88,-2876.25,908.02,-3784.27,-5343.0,1817.61,-7160.61,12:23,14:50,24250|24050|24300,SL|SL|SL
NIFTY,2026-05-06,Wed,2026-05-12,4,6,RECENTER_5_NOGUARD,3,2,1,378.6,-8219.25,2725.63,-10944.88,-2876.25,908.02,-3784.27,-5343.0,1817.61,-7160.61,12:23,14:50,24250|24050|24300,SL|SL|SL
NIFTY,2026-05-06,Wed,2026-05-12,4,6,MOVESTOP_ONE,1,0,1,378.6,-2206.75,907.71,-3114.46,-2206.75,907.71,-3114.46,0,0,0,11:05,11:05,24250,SL
NIFTY,2026-05-06,Wed,2026-05-12,4,6,MOVESTOP_RECENTER,4,3,1,378.6,-4923.75,2803.95,-7727.7,-2206.75,907.71,-3114.46,-2717.0,1896.24,-4613.24,11:05,15:15,24250|24100|24250|24400,SL|SL|SL|TIME
NIFTY,2026-05-06,Wed,2026-05-12,4,6,MOVESTOP_RC1,2,1,1,378.6,-2457.0,1817.27,-4274.27,-2206.75,907.71,-3114.46,-250.25,909.55,-1159.8,11:05,14:21,24250|24100,SL|SL
NIFTY,2026-05-06,Wed,2026-05-12,4,6,MOVESTOP_RC_CD15,3,2,1,378.6,-4907.5,2724.6,-7632.1,-2206.75,907.71,-3114.46,-2700.75,1816.89,-4517.64,11:05,14:27,24250|24100|24250,SL|SL|SL
NIFTY,2026-05-06,Wed,2026-05-12,4,6,NOSTOP_HOLD,1,0,0,378.6,-2128.75,79.58,-2208.33,-2128.75,79.58,-2208.33,0,0,0,15:15,15:15,24250,TIME
NIFTY,2026-05-07,Thu,2026-05-12,3,5,ONE_AND_DONE,1,0,0,355.55,815.75,75.45,740.3,815.75,75.45,740.3,0,0,0,15:15,15:15,24350,TIME
NIFTY,2026-05-07,Thu,2026-05-12,3,5,RECENTER_1,1,0,0,355.55,815.75,75.45,740.3,815.75,75.45,740.3,0,0,0,15:15,15:15,24350,TIME
NIFTY,2026-05-07,Thu,2026-05-12,3,5,RECENTER_2,1,0,0,355.55,815.75,75.45,740.3,815.75,75.45,740.3,0,0,0,15:15,15:15,24350,TIME
NIFTY,2026-05-07,Thu,2026-05-12,3,5,RECENTER_3,1,0,0,355.55,815.75,75.45,740.3,815.75,75.45,740.3,0,0,0,15:15,15:15,24350,TIME
NIFTY,2026-05-07,Thu,2026-05-12,3,5,RECENTER_5,1,0,0,355.55,815.75,75.45,740.3,815.75,75.45,740.3,0,0,0,15:15,15:15,24350,TIME
NIFTY,2026-05-07,Thu,2026-05-12,3,5,RECENTER_2_CD15,1,0,0,355.55,815.75,75.45,740.3,815.75,75.45,740.3,0,0,0,15:15,15:15,24350,TIME
NIFTY,2026-05-07,Thu,2026-05-12,3,5,RECENTER_3_CD15,1,0,0,355.55,815.75,75.45,740.3,815.75,75.45,740.3,0,0,0,15:15,15:15,24350,TIME
NIFTY,2026-05-07,Thu,2026-05-12,3,5,RECENTER_5_CD15,1,0,0,355.55,815.75,75.45,740.3,815.75,75.45,740.3,0,0,0,15:15,15:15,24350,TIME
NIFTY,2026-05-07,Thu,2026-05-12,3,5,RECENTER_5_NOGUARD,1,0,0,355.55,815.75,75.45,740.3,815.75,75.45,740.3,0,0,0,15:15,15:15,24350,TIME
NIFTY,2026-05-07,Thu,2026-05-12,3,5,MOVESTOP_ONE,1,0,1,355.55,-1579.5,904.63,-2484.13,-1579.5,904.63,-2484.13,0,0,0,12:40,12:40,24350,SL
NIFTY,2026-05-07,Thu,2026-05-12,3,5,MOVESTOP_RECENTER,3,2,1,355.55,-1462.5,1886.04,-3348.54,-1579.5,904.63,-2484.13,117.0,981.41,-864.41,12:40,15:15,24350|24500|24350,SL|SL|TIME
NIFTY,2026-05-07,Thu,2026-05-12,3,5,MOVESTOP_RC1,2,1,1,355.55,-2652.0,1810.06,-4462.06,-1579.5,904.63,-2484.13,-1072.5,905.43,-1977.93,12:40,13:40,24350|24500,SL|SL
NIFTY,2026-05-07,Thu,2026-05-12,3,5,MOVESTOP_RC_CD15,3,2,1,355.55,-1462.5,1886.04,-3348.54,-1579.5,904.63,-2484.13,117.0,981.41,-864.41,12:40,15:15,24350|24500|24350,SL|SL|TIME
NIFTY,2026-05-07,Thu,2026-05-12,3,5,NOSTOP_HOLD,1,0,0,355.55,815.75,75.45,740.3,815.75,75.45,740.3,0,0,0,15:15,15:15,24350,TIME
NIFTY,2026-05-08,Fri,2026-05-12,2,4,ONE_AND_DONE,1,0,0,327.95,2343.25,71.41,2271.84,2343.25,71.41,2271.84,0,0,0,15:15,15:15,24200,TIME
NIFTY,2026-05-08,Fri,2026-05-12,2,4,RECENTER_1,1,0,0,327.95,2343.25,71.41,2271.84,2343.25,71.41,2271.84,0,0,0,15:15,15:15,24200,TIME
NIFTY,2026-05-08,Fri,2026-05-12,2,4,RECENTER_2,1,0,0,327.95,2343.25,71.41,2271.84,2343.25,71.41,2271.84,0,0,0,15:15,15:15,24200,TIME
NIFTY,2026-05-08,Fri,2026-05-12,2,4,RECENTER_3,1,0,0,327.95,2343.25,71.41,2271.84,2343.25,71.41,2271.84,0,0,0,15:15,15:15,24200,TIME
NIFTY,2026-05-08,Fri,2026-05-12,2,4,RECENTER_5,1,0,0,327.95,2343.25,71.41,2271.84,2343.25,71.41,2271.84,0,0,0,15:15,15:15,24200,TIME
NIFTY,2026-05-08,Fri,2026-05-12,2,4,RECENTER_2_CD15,1,0,0,327.95,2343.25,71.41,2271.84,2343.25,71.41,2271.84,0,0,0,15:15,15:15,24200,TIME
NIFTY,2026-05-08,Fri,2026-05-12,2,4,RECENTER_3_CD15,1,0,0,327.95,2343.25,71.41,2271.84,2343.25,71.41,2271.84,0,0,0,15:15,15:15,24200,TIME
NIFTY,2026-05-08,Fri,2026-05-12,2,4,RECENTER_5_CD15,1,0,0,327.95,2343.25,71.41,2271.84,2343.25,71.41,2271.84,0,0,0,15:15,15:15,24200,TIME
NIFTY,2026-05-08,Fri,2026-05-12,2,4,RECENTER_5_NOGUARD,1,0,0,327.95,2343.25,71.41,2271.84,2343.25,71.41,2271.84,0,0,0,15:15,15:15,24200,TIME
NIFTY,2026-05-08,Fri,2026-05-12,2,4,MOVESTOP_ONE,1,0,0,327.95,2343.25,71.41,2271.84,2343.25,71.41,2271.84,0,0,0,15:15,15:15,24200,TIME
NIFTY,2026-05-08,Fri,2026-05-12,2,4,MOVESTOP_RECENTER,1,0,0,327.95,2343.25,71.41,2271.84,2343.25,71.41,2271.84,0,0,0,15:15,15:15,24200,TIME
NIFTY,2026-05-08,Fri,2026-05-12,2,4,MOVESTOP_RC1,1,0,0,327.95,2343.25,71.41,2271.84,2343.25,71.41,2271.84,0,0,0,15:15,15:15,24200,TIME
NIFTY,2026-05-08,Fri,2026-05-12,2,4,MOVESTOP_RC_CD15,1,0,0,327.95,2343.25,71.41,2271.84,2343.25,71.41,2271.84,0,0,0,15:15,15:15,24200,TIME
NIFTY,2026-05-08,Fri,2026-05-12,2,4,NOSTOP_HOLD,1,0,0,327.95,2343.25,71.41,2271.84,2343.25,71.41,2271.84,0,0,0,15:15,15:15,24200,TIME
NIFTY,2026-05-11,Mon,2026-05-12,1,1,ONE_AND_DONE,1,0,0,255.95,3090.75,62.31,3028.44,3090.75,62.31,3028.44,0,0,0,15:15,15:15,23950,TIME
NIFTY,2026-05-11,Mon,2026-05-12,1,1,RECENTER_1,1,0,0,255.95,3090.75,62.31,3028.44,3090.75,62.31,3028.44,0,0,0,15:15,15:15,23950,TIME
NIFTY,2026-05-11,Mon,2026-05-12,1,1,RECENTER_2,1,0,0,255.95,3090.75,62.31,3028.44,3090.75,62.31,3028.44,0,0,0,15:15,15:15,23950,TIME
NIFTY,2026-05-11,Mon,2026-05-12,1,1,RECENTER_3,1,0,0,255.95,3090.75,62.31,3028.44,3090.75,62.31,3028.44,0,0,0,15:15,15:15,23950,TIME
NIFTY,2026-05-11,Mon,2026-05-12,1,1,RECENTER_5,1,0,0,255.95,3090.75,62.31,3028.44,3090.75,62.31,3028.44,0,0,0,15:15,15:15,23950,TIME
NIFTY,2026-05-11,Mon,2026-05-12,1,1,RECENTER_2_CD15,1,0,0,255.95,3090.75,62.31,3028.44,3090.75,62.31,3028.44,0,0,0,15:15,15:15,23950,TIME
NIFTY,2026-05-11,Mon,2026-05-12,1,1,RECENTER_3_CD15,1,0,0,255.95,3090.75,62.31,3028.44,3090.75,62.31,3028.44,0,0,0,15:15,15:15,23950,TIME
NIFTY,2026-05-11,Mon,2026-05-12,1,1,RECENTER_5_CD15,1,0,0,255.95,3090.75,62.31,3028.44,3090.75,62.31,3028.44,0,0,0,15:15,15:15,23950,TIME
NIFTY,2026-05-11,Mon,2026-05-12,1,1,RECENTER_5_NOGUARD,1,0,0,255.95,3090.75,62.31,3028.44,3090.75,62.31,3028.44,0,0,0,15:15,15:15,23950,TIME
NIFTY,2026-05-11,Mon,2026-05-12,1,1,MOVESTOP_ONE,1,0,1,255.95,2765.75,890.56,1875.19,2765.75,890.56,1875.19,0,0,0,15:06,15:06,23950,SL
NIFTY,2026-05-11,Mon,2026-05-12,1,1,MOVESTOP_RECENTER,1,0,1,255.95,2765.75,890.56,1875.19,2765.75,890.56,1875.19,0,0,0,15:06,15:06,23950,SL
NIFTY,2026-05-11,Mon,2026-05-12,1,1,MOVESTOP_RC1,1,0,1,255.95,2765.75,890.56,1875.19,2765.75,890.56,1875.19,0,0,0,15:06,15:06,23950,SL
NIFTY,2026-05-11,Mon,2026-05-12,1,1,MOVESTOP_RC_CD15,1,0,1,255.95,2765.75,890.56,1875.19,2765.75,890.56,1875.19,0,0,0,15:06,15:06,23950,SL
NIFTY,2026-05-11,Mon,2026-05-12,1,1,NOSTOP_HOLD,1,0,0,255.95,3090.75,62.31,3028.44,3090.75,62.31,3028.44,0,0,0,15:15,15:15,23950,TIME
NIFTY,2026-05-12,Tue,2026-05-12,0,0,ONE_AND_DONE,1,0,1,132.75,-3662.75,878.47,-4541.22,-3662.75,878.47,-4541.22,0,0,0,12:31,12:31,23700,SL
NIFTY,2026-05-12,Tue,2026-05-12,0,0,RECENTER_1,2,1,1,132.75,-6526.0,1752.88,-8278.88,-3662.75,878.47,-4541.22,-2863.25,874.41,-3737.66,12:31,15:01,23700|23550,SL|SL
NIFTY,2026-05-12,Tue,2026-05-12,0,0,RECENTER_2,2,1,1,132.75,-6526.0,1752.88,-8278.88,-3662.75,878.47,-4541.22,-2863.25,874.41,-3737.66,12:31,15:01,23700|23550,SL|SL
NIFTY,2026-05-12,Tue,2026-05-12,0,0,RECENTER_3,2,1,1,132.75,-6526.0,1752.88,-8278.88,-3662.75,878.47,-4541.22,-2863.25,874.41,-3737.66,12:31,15:01,23700|23550,SL|SL
NIFTY,2026-05-12,Tue,2026-05-12,0,0,RECENTER_5,2,1,1,132.75,-6526.0,1752.88,-8278.88,-3662.75,878.47,-4541.22,-2863.25,874.41,-3737.66,12:31,15:01,23700|23550,SL|SL
NIFTY,2026-05-12,Tue,2026-05-12,0,0,RECENTER_2_CD15,2,1,1,132.75,-6526.0,1752.88,-8278.88,-3662.75,878.47,-4541.22,-2863.25,874.41,-3737.66,12:31,15:01,23700|23550,SL|SL
NIFTY,2026-05-12,Tue,2026-05-12,0,0,RECENTER_3_CD15,2,1,1,132.75,-6526.0,1752.88,-8278.88,-3662.75,878.47,-4541.22,-2863.25,874.41,-3737.66,12:31,15:01,23700|23550,SL|SL
NIFTY,2026-05-12,Tue,2026-05-12,0,0,RECENTER_5_CD15,2,1,1,132.75,-6526.0,1752.88,-8278.88,-3662.75,878.47,-4541.22,-2863.25,874.41,-3737.66,12:31,15:01,23700|23550,SL|SL
NIFTY,2026-05-12,Tue,2026-05-12,0,0,RECENTER_5_NOGUARD,2,1,1,132.75,-6526.0,1752.88,-8278.88,-3662.75,878.47,-4541.22,-2863.25,874.41,-3737.66,12:31,15:01,23700|23550,SL|SL
NIFTY,2026-05-12,Tue,2026-05-12,0,0,MOVESTOP_ONE,1,0,1,132.75,-334.75,876.97,-1211.72,-334.75,876.97,-1211.72,0,0,0,09:29,09:29,23700,SL
NIFTY,2026-05-12,Tue,2026-05-12,0,0,MOVESTOP_RECENTER,3,2,1,132.75,-2024.75,2627.43,-4652.18,-334.75,876.97,-1211.72,-1690.0,1750.46,-3440.46,09:29,14:55,23700|23650|23550,SL|SL|SL
NIFTY,2026-05-12,Tue,2026-05-12,0,0,MOVESTOP_RC1,2,1,1,132.75,-1511.25,1754.08,-3265.33,-334.75,876.97,-1211.72,-1176.5,877.1,-2053.6,09:29,12:31,23700|23650,SL|SL
NIFTY,2026-05-12,Tue,2026-05-12,0,0,MOVESTOP_RC_CD15,3,2,1,132.75,-2093.0,2627.33,-4720.33,-334.75,876.97,-1211.72,-1758.25,1750.36,-3508.61,09:29,14:55,23700|23650|23550,SL|SL|SL
NIFTY,2026-05-12,Tue,2026-05-12,0,0,NOSTOP_HOLD,1,0,0,132.75,-12837.5,54.51,-12892.01,-12837.5,54.51,-12892.01,0,0,0,15:15,15:15,23700,TIME
NIFTY,2026-05-13,Wed,2026-05-19,4,6,ONE_AND_DONE,1,0,0,458.45,962.0,87.9,874.1,962.0,87.9,874.1,0,0,0,15:15,15:15,23450,TIME
NIFTY,2026-05-13,Wed,2026-05-19,4,6,RECENTER_1,1,0,0,458.45,962.0,87.9,874.1,962.0,87.9,874.1,0,0,0,15:15,15:15,23450,TIME
NIFTY,2026-05-13,Wed,2026-05-19,4,6,RECENTER_2,1,0,0,458.45,962.0,87.9,874.1,962.0,87.9,874.1,0,0,0,15:15,15:15,23450,TIME
NIFTY,2026-05-13,Wed,2026-05-19,4,6,RECENTER_3,1,0,0,458.45,962.0,87.9,874.1,962.0,87.9,874.1,0,0,0,15:15,15:15,23450,TIME
NIFTY,2026-05-13,Wed,2026-05-19,4,6,RECENTER_5,1,0,0,458.45,962.0,87.9,874.1,962.0,87.9,874.1,0,0,0,15:15,15:15,23450,TIME
NIFTY,2026-05-13,Wed,2026-05-19,4,6,RECENTER_2_CD15,1,0,0,458.45,962.0,87.9,874.1,962.0,87.9,874.1,0,0,0,15:15,15:15,23450,TIME
NIFTY,2026-05-13,Wed,2026-05-19,4,6,RECENTER_3_CD15,1,0,0,458.45,962.0,87.9,874.1,962.0,87.9,874.1,0,0,0,15:15,15:15,23450,TIME
NIFTY,2026-05-13,Wed,2026-05-19,4,6,RECENTER_5_CD15,1,0,0,458.45,962.0,87.9,874.1,962.0,87.9,874.1,0,0,0,15:15,15:15,23450,TIME
NIFTY,2026-05-13,Wed,2026-05-19,4,6,RECENTER_5_NOGUARD,1,0,0,458.45,962.0,87.9,874.1,962.0,87.9,874.1,0,0,0,15:15,15:15,23450,TIME
NIFTY,2026-05-13,Wed,2026-05-19,4,6,MOVESTOP_ONE,1,0,1,458.45,-1173.25,916.96,-2090.21,-1173.25,916.96,-2090.21,0,0,0,09:37,09:37,23450,SL
NIFTY,2026-05-13,Wed,2026-05-19,4,6,MOVESTOP_RECENTER,4,3,1,458.45,-591.5,3670.88,-4262.38,-1173.25,916.96,-2090.21,581.75,2753.92,-2172.17,09:37,15:05,23450|23350|23450|23550,SL|SL|SL|SL
NIFTY,2026-05-13,Wed,2026-05-19,4,6,MOVESTOP_RC1,2,1,1,458.45,-2307.5,1836.1,-4143.6,-1173.25,916.96,-2090.21,-1134.25,919.14,-2053.39,09:37,10:07,23450|23350,SL|SL
NIFTY,2026-05-13,Wed,2026-05-19,4,6,MOVESTOP_RC_CD15,4,3,1,458.45,-591.5,3670.88,-4262.38,-1173.25,916.96,-2090.21,581.75,2753.92,-2172.17,09:37,15:05,23450|23350|23450|23550,SL|SL|SL|SL
NIFTY,2026-05-13,Wed,2026-05-19,4,6,NOSTOP_HOLD,1,0,0,458.45,962.0,87.9,874.1,962.0,87.9,874.1,0,0,0,15:15,15:15,23450,TIME
NIFTY,2026-05-14,Thu,2026-05-19,3,5,ONE_AND_DONE,1,0,0,392.25,1888.25,79.43,1808.82,1888.25,79.43,1808.82,0,0,0,15:15,15:15,23600,TIME
NIFTY,2026-05-14,Thu,2026-05-19,3,5,RECENTER_1,1,0,0,392.25,1888.25,79.43,1808.82,1888.25,79.43,1808.82,0,0,0,15:15,15:15,23600,TIME
NIFTY,2026-05-14,Thu,2026-05-19,3,5,RECENTER_2,1,0,0,392.25,1888.25,79.43,1808.82,1888.25,79.43,1808.82,0,0,0,15:15,15:15,23600,TIME
NIFTY,2026-05-14,Thu,2026-05-19,3,5,RECENTER_3,1,0,0,392.25,1888.25,79.43,1808.82,1888.25,79.43,1808.82,0,0,0,15:15,15:15,23600,TIME
NIFTY,2026-05-14,Thu,2026-05-19,3,5,RECENTER_5,1,0,0,392.25,1888.25,79.43,1808.82,1888.25,79.43,1808.82,0,0,0,15:15,15:15,23600,TIME
NIFTY,2026-05-14,Thu,2026-05-19,3,5,RECENTER_2_CD15,1,0,0,392.25,1888.25,79.43,1808.82,1888.25,79.43,1808.82,0,0,0,15:15,15:15,23600,TIME
NIFTY,2026-05-14,Thu,2026-05-19,3,5,RECENTER_3_CD15,1,0,0,392.25,1888.25,79.43,1808.82,1888.25,79.43,1808.82,0,0,0,15:15,15:15,23600,TIME
NIFTY,2026-05-14,Thu,2026-05-19,3,5,RECENTER_5_CD15,1,0,0,392.25,1888.25,79.43,1808.82,1888.25,79.43,1808.82,0,0,0,15:15,15:15,23600,TIME
NIFTY,2026-05-14,Thu,2026-05-19,3,5,RECENTER_5_NOGUARD,1,0,0,392.25,1888.25,79.43,1808.82,1888.25,79.43,1808.82,0,0,0,15:15,15:15,23600,TIME
NIFTY,2026-05-14,Thu,2026-05-19,3,5,MOVESTOP_ONE,1,0,1,392.25,-1101.75,908.88,-2010.63,-1101.75,908.88,-2010.63,0,0,0,09:59,09:59,23600,SL
NIFTY,2026-05-14,Thu,2026-05-19,3,5,MOVESTOP_RECENTER,5,4,1,392.25,-1397.5,3708.83,-5106.33,-1101.75,908.88,-2010.63,-295.75,2799.95,-3095.7,09:59,15:15,23600|23450|23550|23650|23750,SL|SL|SL|SL|TIME
NIFTY,2026-05-14,Thu,2026-05-19,3,5,MOVESTOP_RC1,2,1,1,392.25,-201.5,1817.68,-2019.18,-1101.75,908.88,-2010.63,900.25,908.81,-8.56,09:59,11:25,23600|23450,SL|SL
NIFTY,2026-05-14,Thu,2026-05-19,3,5,MOVESTOP_RC_CD15,5,4,1,392.25,-1397.5,3708.83,-5106.33,-1101.75,908.88,-2010.63,-295.75,2799.95,-3095.7,09:59,15:15,23600|23450|23550|23650|23750,SL|SL|SL|SL|TIME
NIFTY,2026-05-14,Thu,2026-05-19,3,5,NOSTOP_HOLD,1,0,0,392.25,1888.25,79.43,1808.82,1888.25,79.43,1808.82,0,0,0,15:15,15:15,23600,TIME
NIFTY,2026-05-15,Fri,2026-05-19,2,4,ONE_AND_DONE,1,0,0,344.75,1144.0,73.99,1070.01,1144.0,73.99,1070.01,0,0,0,15:15,15:15,23750,TIME
NIFTY,2026-05-15,Fri,2026-05-19,2,4,RECENTER_1,1,0,0,344.75,1144.0,73.99,1070.01,1144.0,73.99,1070.01,0,0,0,15:15,15:15,23750,TIME
NIFTY,2026-05-15,Fri,2026-05-19,2,4,RECENTER_2,1,0,0,344.75,1144.0,73.99,1070.01,1144.0,73.99,1070.01,0,0,0,15:15,15:15,23750,TIME
NIFTY,2026-05-15,Fri,2026-05-19,2,4,RECENTER_3,1,0,0,344.75,1144.0,73.99,1070.01,1144.0,73.99,1070.01,0,0,0,15:15,15:15,23750,TIME
NIFTY,2026-05-15,Fri,2026-05-19,2,4,RECENTER_5,1,0,0,344.75,1144.0,73.99,1070.01,1144.0,73.99,1070.01,0,0,0,15:15,15:15,23750,TIME
NIFTY,2026-05-15,Fri,2026-05-19,2,4,RECENTER_2_CD15,1,0,0,344.75,1144.0,73.99,1070.01,1144.0,73.99,1070.01,0,0,0,15:15,15:15,23750,TIME
NIFTY,2026-05-15,Fri,2026-05-19,2,4,RECENTER_3_CD15,1,0,0,344.75,1144.0,73.99,1070.01,1144.0,73.99,1070.01,0,0,0,15:15,15:15,23750,TIME
NIFTY,2026-05-15,Fri,2026-05-19,2,4,RECENTER_5_CD15,1,0,0,344.75,1144.0,73.99,1070.01,1144.0,73.99,1070.01,0,0,0,15:15,15:15,23750,TIME
NIFTY,2026-05-15,Fri,2026-05-19,2,4,RECENTER_5_NOGUARD,1,0,0,344.75,1144.0,73.99,1070.01,1144.0,73.99,1070.01,0,0,0,15:15,15:15,23750,TIME
NIFTY,2026-05-15,Fri,2026-05-19,2,4,MOVESTOP_ONE,1,0,1,344.75,-653.25,902.9,-1556.15,-653.25,902.9,-1556.15,0,0,0,09:55,09:55,23750,SL
NIFTY,2026-05-15,Fri,2026-05-19,2,4,MOVESTOP_RECENTER,3,2,1,344.75,-1329.25,2707.12,-4036.37,-653.25,902.9,-1556.15,-676.0,1804.22,-2480.22,09:55,14:50,23750|23850|23700,SL|SL|SL
NIFTY,2026-05-15,Fri,2026-05-19,2,4,MOVESTOP_RC1,2,1,1,344.75,-1277.25,1805.49,-3082.74,-653.25,902.9,-1556.15,-624.0,902.59,-1526.59,09:55,11:18,23750|23850,SL|SL
NIFTY,2026-05-15,Fri,2026-05-19,2,4,MOVESTOP_RC_CD15,3,2,1,344.75,-1329.25,2707.12,-4036.37,-653.25,902.9,-1556.15,-676.0,1804.22,-2480.22,09:55,14:50,23750|23850|23700,SL|SL|SL
NIFTY,2026-05-15,Fri,2026-05-19,2,4,NOSTOP_HOLD,1,0,0,344.75,1144.0,73.99,1070.01,1144.0,73.99,1070.01,0,0,0,15:15,15:15,23750,TIME
NIFTY,2026-05-18,Mon,2026-05-19,1,1,ONE_AND_DONE,1,0,1,272.4,-3406.0,895.34,-4301.34,-3406.0,895.34,-4301.34,0,0,0,12:56,12:56,23400,SL
NIFTY,2026-05-18,Mon,2026-05-19,1,1,RECENTER_1,2,1,1,272.4,-1114.75,958.48,-2073.23,-3406.0,895.34,-4301.34,2291.25,63.14,2228.11,12:56,15:15,23400|23600,SL|TIME
NIFTY,2026-05-18,Mon,2026-05-19,1,1,RECENTER_2,2,1,1,272.4,-1114.75,958.48,-2073.23,-3406.0,895.34,-4301.34,2291.25,63.14,2228.11,12:56,15:15,23400|23600,SL|TIME
NIFTY,2026-05-18,Mon,2026-05-19,1,1,RECENTER_3,2,1,1,272.4,-1114.75,958.48,-2073.23,-3406.0,895.34,-4301.34,2291.25,63.14,2228.11,12:56,15:15,23400|23600,SL|TIME
NIFTY,2026-05-18,Mon,2026-05-19,1,1,RECENTER_5,2,1,1,272.4,-1114.75,958.48,-2073.23,-3406.0,895.34,-4301.34,2291.25,63.14,2228.11,12:56,15:15,23400|23600,SL|TIME
NIFTY,2026-05-18,Mon,2026-05-19,1,1,RECENTER_2_CD15,2,1,1,272.4,-1114.75,958.48,-2073.23,-3406.0,895.34,-4301.34,2291.25,63.14,2228.11,12:56,15:15,23400|23600,SL|TIME
NIFTY,2026-05-18,Mon,2026-05-19,1,1,RECENTER_3_CD15,2,1,1,272.4,-1114.75,958.48,-2073.23,-3406.0,895.34,-4301.34,2291.25,63.14,2228.11,12:56,15:15,23400|23600,SL|TIME
NIFTY,2026-05-18,Mon,2026-05-19,1,1,RECENTER_5_CD15,2,1,1,272.4,-1114.75,958.48,-2073.23,-3406.0,895.34,-4301.34,2291.25,63.14,2228.11,12:56,15:15,23400|23600,SL|TIME
NIFTY,2026-05-18,Mon,2026-05-19,1,1,RECENTER_5_NOGUARD,2,1,1,272.4,-1114.75,958.48,-2073.23,-3406.0,895.34,-4301.34,2291.25,63.14,2228.11,12:56,15:15,23400|23600,SL|TIME
NIFTY,2026-05-18,Mon,2026-05-19,1,1,MOVESTOP_ONE,1,0,1,272.4,819.0,893.44,-74.44,819.0,893.44,-74.44,0,0,0,11:20,11:20,23400,SL
NIFTY,2026-05-18,Mon,2026-05-19,1,1,MOVESTOP_RECENTER,3,2,1,272.4,711.75,1848.17,-1136.42,819.0,893.44,-74.44,-107.25,954.74,-1061.99,11:20,15:15,23400|23450|23600,SL|SL|TIME
NIFTY,2026-05-18,Mon,2026-05-19,1,1,MOVESTOP_RC1,2,1,1,272.4,-1186.25,1785.59,-2971.84,819.0,893.44,-74.44,-2005.25,892.16,-2897.41,11:20,12:35,23400|23450,SL|SL
NIFTY,2026-05-18,Mon,2026-05-19,1,1,MOVESTOP_RC_CD15,3,2,1,272.4,711.75,1848.17,-1136.42,819.0,893.44,-74.44,-107.25,954.74,-1061.99,11:20,15:15,23400|23450|23600,SL|SL|TIME
NIFTY,2026-05-18,Mon,2026-05-19,1,1,NOSTOP_HOLD,1,0,0,272.4,-2122.25,66.66,-2188.91,-2122.25,66.66,-2188.91,0,0,0,15:15,15:15,23400,TIME
NIFTY,2026-05-19,Tue,2026-05-19,0,0,ONE_AND_DONE,1,0,0,137.55,910.0,48.9,861.1,910.0,48.9,861.1,0,0,0,15:15,15:15,23750,TIME
NIFTY,2026-05-19,Tue,2026-05-19,0,0,RECENTER_1,1,0,0,137.55,910.0,48.9,861.1,910.0,48.9,861.1,0,0,0,15:15,15:15,23750,TIME
NIFTY,2026-05-19,Tue,2026-05-19,0,0,RECENTER_2,1,0,0,137.55,910.0,48.9,861.1,910.0,48.9,861.1,0,0,0,15:15,15:15,23750,TIME
NIFTY,2026-05-19,Tue,2026-05-19,0,0,RECENTER_3,1,0,0,137.55,910.0,48.9,861.1,910.0,48.9,861.1,0,0,0,15:15,15:15,23750,TIME
NIFTY,2026-05-19,Tue,2026-05-19,0,0,RECENTER_5,1,0,0,137.55,910.0,48.9,861.1,910.0,48.9,861.1,0,0,0,15:15,15:15,23750,TIME
NIFTY,2026-05-19,Tue,2026-05-19,0,0,RECENTER_2_CD15,1,0,0,137.55,910.0,48.9,861.1,910.0,48.9,861.1,0,0,0,15:15,15:15,23750,TIME
NIFTY,2026-05-19,Tue,2026-05-19,0,0,RECENTER_3_CD15,1,0,0,137.55,910.0,48.9,861.1,910.0,48.9,861.1,0,0,0,15:15,15:15,23750,TIME
NIFTY,2026-05-19,Tue,2026-05-19,0,0,RECENTER_5_CD15,1,0,0,137.55,910.0,48.9,861.1,910.0,48.9,861.1,0,0,0,15:15,15:15,23750,TIME
NIFTY,2026-05-19,Tue,2026-05-19,0,0,RECENTER_5_NOGUARD,1,0,0,137.55,910.0,48.9,861.1,910.0,48.9,861.1,0,0,0,15:15,15:15,23750,TIME
NIFTY,2026-05-19,Tue,2026-05-19,0,0,MOVESTOP_ONE,1,0,1,137.55,253.5,877.29,-623.79,253.5,877.29,-623.79,0,0,0,15:02,15:02,23750,SL
NIFTY,2026-05-19,Tue,2026-05-19,0,0,MOVESTOP_RECENTER,1,0,1,137.55,253.5,877.29,-623.79,253.5,877.29,-623.79,0,0,0,15:02,15:02,23750,SL
NIFTY,2026-05-19,Tue,2026-05-19,0,0,MOVESTOP_RC1,1,0,1,137.55,253.5,877.29,-623.79,253.5,877.29,-623.79,0,0,0,15:02,15:02,23750,SL
NIFTY,2026-05-19,Tue,2026-05-19,0,0,MOVESTOP_RC_CD15,1,0,1,137.55,253.5,877.29,-623.79,253.5,877.29,-623.79,0,0,0,15:02,15:02,23750,SL
NIFTY,2026-05-19,Tue,2026-05-19,0,0,NOSTOP_HOLD,1,0,0,137.55,910.0,48.9,861.1,910.0,48.9,861.1,0,0,0,15:15,15:15,23750,TIME
NIFTY,2026-05-20,Wed,2026-05-26,4,6,ONE_AND_DONE,1,0,0,448.1,-292.5,87.2,-379.7,-292.5,87.2,-379.7,0,0,0,15:15,15:15,23450,TIME
NIFTY,2026-05-20,Wed,2026-05-26,4,6,RECENTER_1,1,0,0,448.1,-292.5,87.2,-379.7,-292.5,87.2,-379.7,0,0,0,15:15,15:15,23450,TIME
NIFTY,2026-05-20,Wed,2026-05-26,4,6,RECENTER_2,1,0,0,448.1,-292.5,87.2,-379.7,-292.5,87.2,-379.7,0,0,0,15:15,15:15,23450,TIME
NIFTY,2026-05-20,Wed,2026-05-26,4,6,RECENTER_3,1,0,0,448.1,-292.5,87.2,-379.7,-292.5,87.2,-379.7,0,0,0,15:15,15:15,23450,TIME
NIFTY,2026-05-20,Wed,2026-05-26,4,6,RECENTER_5,1,0,0,448.1,-292.5,87.2,-379.7,-292.5,87.2,-379.7,0,0,0,15:15,15:15,23450,TIME
NIFTY,2026-05-20,Wed,2026-05-26,4,6,RECENTER_2_CD15,1,0,0,448.1,-292.5,87.2,-379.7,-292.5,87.2,-379.7,0,0,0,15:15,15:15,23450,TIME
NIFTY,2026-05-20,Wed,2026-05-26,4,6,RECENTER_3_CD15,1,0,0,448.1,-292.5,87.2,-379.7,-292.5,87.2,-379.7,0,0,0,15:15,15:15,23450,TIME
NIFTY,2026-05-20,Wed,2026-05-26,4,6,RECENTER_5_CD15,1,0,0,448.1,-292.5,87.2,-379.7,-292.5,87.2,-379.7,0,0,0,15:15,15:15,23450,TIME
NIFTY,2026-05-20,Wed,2026-05-26,4,6,RECENTER_5_NOGUARD,1,0,0,448.1,-292.5,87.2,-379.7,-292.5,87.2,-379.7,0,0,0,15:15,15:15,23450,TIME
NIFTY,2026-05-20,Wed,2026-05-26,4,6,MOVESTOP_ONE,1,0,1,448.1,-747.5,915.51,-1663.01,-747.5,915.51,-1663.01,0,0,0,10:33,10:33,23450,SL
NIFTY,2026-05-20,Wed,2026-05-26,4,6,MOVESTOP_RECENTER,3,2,1,448.1,952.25,1913.57,-961.32,-747.5,915.51,-1663.01,1699.75,998.06,701.69,10:33,15:15,23450|23550|23650,SL|SL|TIME
NIFTY,2026-05-20,Wed,2026-05-26,4,6,MOVESTOP_RC1,2,1,1,448.1,-146.25,1830.15,-1976.4,-747.5,915.51,-1663.01,601.25,914.65,-313.4,10:33,14:09,23450|23550,SL|SL
NIFTY,2026-05-20,Wed,2026-05-26,4,6,MOVESTOP_RC_CD15,3,2,1,448.1,952.25,1913.57,-961.32,-747.5,915.51,-1663.01,1699.75,998.06,701.69,10:33,15:15,23450|23550|23650,SL|SL|TIME
NIFTY,2026-05-20,Wed,2026-05-26,4,6,NOSTOP_HOLD,1,0,0,448.1,-292.5,87.2,-379.7,-292.5,87.2,-379.7,0,0,0,15:15,15:15,23450,TIME
NIFTY,2026-05-21,Thu,2026-05-26,3,5,ONE_AND_DONE,1,0,0,372.1,877.5,77.43,800.07,877.5,77.43,800.07,0,0,0,15:15,15:15,23750,TIME
NIFTY,2026-05-21,Thu,2026-05-26,3,5,RECENTER_1,1,0,0,372.1,877.5,77.43,800.07,877.5,77.43,800.07,0,0,0,15:15,15:15,23750,TIME
NIFTY,2026-05-21,Thu,2026-05-26,3,5,RECENTER_2,1,0,0,372.1,877.5,77.43,800.07,877.5,77.43,800.07,0,0,0,15:15,15:15,23750,TIME
NIFTY,2026-05-21,Thu,2026-05-26,3,5,RECENTER_3,1,0,0,372.1,877.5,77.43,800.07,877.5,77.43,800.07,0,0,0,15:15,15:15,23750,TIME
NIFTY,2026-05-21,Thu,2026-05-26,3,5,RECENTER_5,1,0,0,372.1,877.5,77.43,800.07,877.5,77.43,800.07,0,0,0,15:15,15:15,23750,TIME
NIFTY,2026-05-21,Thu,2026-05-26,3,5,RECENTER_2_CD15,1,0,0,372.1,877.5,77.43,800.07,877.5,77.43,800.07,0,0,0,15:15,15:15,23750,TIME
NIFTY,2026-05-21,Thu,2026-05-26,3,5,RECENTER_3_CD15,1,0,0,372.1,877.5,77.43,800.07,877.5,77.43,800.07,0,0,0,15:15,15:15,23750,TIME
NIFTY,2026-05-21,Thu,2026-05-26,3,5,RECENTER_5_CD15,1,0,0,372.1,877.5,77.43,800.07,877.5,77.43,800.07,0,0,0,15:15,15:15,23750,TIME
NIFTY,2026-05-21,Thu,2026-05-26,3,5,RECENTER_5_NOGUARD,1,0,0,372.1,877.5,77.43,800.07,877.5,77.43,800.07,0,0,0,15:15,15:15,23750,TIME
NIFTY,2026-05-21,Thu,2026-05-26,3,5,MOVESTOP_ONE,1,0,1,372.1,435.5,905.73,-470.23,435.5,905.73,-470.23,0,0,0,11:17,11:17,23750,SL
NIFTY,2026-05-21,Thu,2026-05-26,3,5,MOVESTOP_RECENTER,2,1,1,372.1,1342.25,981.52,360.73,435.5,905.73,-470.23,906.75,75.79,830.96,11:17,15:15,23750|23650,SL|TIME
NIFTY,2026-05-21,Thu,2026-05-26,3,5,MOVESTOP_RC1,2,1,1,372.1,1342.25,981.52,360.73,435.5,905.73,-470.23,906.75,75.79,830.96,11:17,15:15,23750|23650,SL|TIME
NIFTY,2026-05-21,Thu,2026-05-26,3,5,MOVESTOP_RC_CD15,2,1,1,372.1,1342.25,981.52,360.73,435.5,905.73,-470.23,906.75,75.79,830.96,11:17,15:15,23750|23650,SL|TIME
NIFTY,2026-05-21,Thu,2026-05-26,3,5,NOSTOP_HOLD,1,0,0,372.1,877.5,77.43,800.07,877.5,77.43,800.07,0,0,0,15:15,15:15,23750,TIME
NIFTY,2026-05-22,Fri,2026-05-26,2,4,ONE_AND_DONE,1,0,0,319.75,2639.0,70.27,2568.73,2639.0,70.27,2568.73,0,0,0,15:15,15:15,23700,TIME
NIFTY,2026-05-22,Fri,2026-05-26,2,4,RECENTER_1,1,0,0,319.75,2639.0,70.27,2568.73,2639.0,70.27,2568.73,0,0,0,15:15,15:15,23700,TIME
NIFTY,2026-05-22,Fri,2026-05-26,2,4,RECENTER_2,1,0,0,319.75,2639.0,70.27,2568.73,2639.0,70.27,2568.73,0,0,0,15:15,15:15,23700,TIME
NIFTY,2026-05-22,Fri,2026-05-26,2,4,RECENTER_3,1,0,0,319.75,2639.0,70.27,2568.73,2639.0,70.27,2568.73,0,0,0,15:15,15:15,23700,TIME
NIFTY,2026-05-22,Fri,2026-05-26,2,4,RECENTER_5,1,0,0,319.75,2639.0,70.27,2568.73,2639.0,70.27,2568.73,0,0,0,15:15,15:15,23700,TIME
NIFTY,2026-05-22,Fri,2026-05-26,2,4,RECENTER_2_CD15,1,0,0,319.75,2639.0,70.27,2568.73,2639.0,70.27,2568.73,0,0,0,15:15,15:15,23700,TIME
NIFTY,2026-05-22,Fri,2026-05-26,2,4,RECENTER_3_CD15,1,0,0,319.75,2639.0,70.27,2568.73,2639.0,70.27,2568.73,0,0,0,15:15,15:15,23700,TIME
NIFTY,2026-05-22,Fri,2026-05-26,2,4,RECENTER_5_CD15,1,0,0,319.75,2639.0,70.27,2568.73,2639.0,70.27,2568.73,0,0,0,15:15,15:15,23700,TIME
NIFTY,2026-05-22,Fri,2026-05-26,2,4,RECENTER_5_NOGUARD,1,0,0,319.75,2639.0,70.27,2568.73,2639.0,70.27,2568.73,0,0,0,15:15,15:15,23700,TIME
NIFTY,2026-05-22,Fri,2026-05-26,2,4,MOVESTOP_ONE,1,0,1,319.75,-273.0,899.69,-1172.69,-273.0,899.69,-1172.69,0,0,0,10:11,10:11,23700,SL
NIFTY,2026-05-22,Fri,2026-05-26,2,4,MOVESTOP_RECENTER,2,1,1,319.75,1488.5,969.04,519.46,-273.0,899.69,-1172.69,1761.5,69.35,1692.15,10:11,15:15,23700|23800,SL|TIME
NIFTY,2026-05-22,Fri,2026-05-26,2,4,MOVESTOP_RC1,2,1,1,319.75,1488.5,969.04,519.46,-273.0,899.69,-1172.69,1761.5,69.35,1692.15,10:11,15:15,23700|23800,SL|TIME
NIFTY,2026-05-22,Fri,2026-05-26,2,4,MOVESTOP_RC_CD15,2,1,1,319.75,1488.5,969.04,519.46,-273.0,899.69,-1172.69,1761.5,69.35,1692.15,10:11,15:15,23700|23800,SL|TIME
NIFTY,2026-05-22,Fri,2026-05-26,2,4,NOSTOP_HOLD,1,0,0,319.75,2639.0,70.27,2568.73,2639.0,70.27,2568.73,0,0,0,15:15,15:15,23700,TIME
NIFTY,2026-05-25,Mon,2026-05-26,1,1,ONE_AND_DONE,1,0,0,217.55,2847.0,57.75,2789.25,2847.0,57.75,2789.25,0,0,0,15:15,15:15,24000,TIME
NIFTY,2026-05-25,Mon,2026-05-26,1,1,RECENTER_1,1,0,0,217.55,2847.0,57.75,2789.25,2847.0,57.75,2789.25,0,0,0,15:15,15:15,24000,TIME
NIFTY,2026-05-25,Mon,2026-05-26,1,1,RECENTER_2,1,0,0,217.55,2847.0,57.75,2789.25,2847.0,57.75,2789.25,0,0,0,15:15,15:15,24000,TIME
NIFTY,2026-05-25,Mon,2026-05-26,1,1,RECENTER_3,1,0,0,217.55,2847.0,57.75,2789.25,2847.0,57.75,2789.25,0,0,0,15:15,15:15,24000,TIME
NIFTY,2026-05-25,Mon,2026-05-26,1,1,RECENTER_5,1,0,0,217.55,2847.0,57.75,2789.25,2847.0,57.75,2789.25,0,0,0,15:15,15:15,24000,TIME
NIFTY,2026-05-25,Mon,2026-05-26,1,1,RECENTER_2_CD15,1,0,0,217.55,2847.0,57.75,2789.25,2847.0,57.75,2789.25,0,0,0,15:15,15:15,24000,TIME
NIFTY,2026-05-25,Mon,2026-05-26,1,1,RECENTER_3_CD15,1,0,0,217.55,2847.0,57.75,2789.25,2847.0,57.75,2789.25,0,0,0,15:15,15:15,24000,TIME
NIFTY,2026-05-25,Mon,2026-05-26,1,1,RECENTER_5_CD15,1,0,0,217.55,2847.0,57.75,2789.25,2847.0,57.75,2789.25,0,0,0,15:15,15:15,24000,TIME
NIFTY,2026-05-25,Mon,2026-05-26,1,1,RECENTER_5_NOGUARD,1,0,0,217.55,2847.0,57.75,2789.25,2847.0,57.75,2789.25,0,0,0,15:15,15:15,24000,TIME
NIFTY,2026-05-25,Mon,2026-05-26,1,1,MOVESTOP_ONE,1,0,0,217.55,2847.0,57.75,2789.25,2847.0,57.75,2789.25,0,0,0,15:15,15:15,24000,TIME
NIFTY,2026-05-25,Mon,2026-05-26,1,1,MOVESTOP_RECENTER,1,0,0,217.55,2847.0,57.75,2789.25,2847.0,57.75,2789.25,0,0,0,15:15,15:15,24000,TIME
NIFTY,2026-05-25,Mon,2026-05-26,1,1,MOVESTOP_RC1,1,0,0,217.55,2847.0,57.75,2789.25,2847.0,57.75,2789.25,0,0,0,15:15,15:15,24000,TIME
NIFTY,2026-05-25,Mon,2026-05-26,1,1,MOVESTOP_RC_CD15,1,0,0,217.55,2847.0,57.75,2789.25,2847.0,57.75,2789.25,0,0,0,15:15,15:15,24000,TIME
NIFTY,2026-05-25,Mon,2026-05-26,1,1,NOSTOP_HOLD,1,0,0,217.55,2847.0,57.75,2789.25,2847.0,57.75,2789.25,0,0,0,15:15,15:15,24000,TIME
NIFTY,2026-05-26,Tue,2026-05-26,0,0,ONE_AND_DONE,1,0,0,115.1,1716.0,45.8,1670.2,1716.0,45.8,1670.2,0,0,0,15:15,15:15,24000,TIME
NIFTY,2026-05-26,Tue,2026-05-26,0,0,RECENTER_1,1,0,0,115.1,1716.0,45.8,1670.2,1716.0,45.8,1670.2,0,0,0,15:15,15:15,24000,TIME
NIFTY,2026-05-26,Tue,2026-05-26,0,0,RECENTER_2,1,0,0,115.1,1716.0,45.8,1670.2,1716.0,45.8,1670.2,0,0,0,15:15,15:15,24000,TIME
NIFTY,2026-05-26,Tue,2026-05-26,0,0,RECENTER_3,1,0,0,115.1,1716.0,45.8,1670.2,1716.0,45.8,1670.2,0,0,0,15:15,15:15,24000,TIME
NIFTY,2026-05-26,Tue,2026-05-26,0,0,RECENTER_5,1,0,0,115.1,1716.0,45.8,1670.2,1716.0,45.8,1670.2,0,0,0,15:15,15:15,24000,TIME
NIFTY,2026-05-26,Tue,2026-05-26,0,0,RECENTER_2_CD15,1,0,0,115.1,1716.0,45.8,1670.2,1716.0,45.8,1670.2,0,0,0,15:15,15:15,24000,TIME
NIFTY,2026-05-26,Tue,2026-05-26,0,0,RECENTER_3_CD15,1,0,0,115.1,1716.0,45.8,1670.2,1716.0,45.8,1670.2,0,0,0,15:15,15:15,24000,TIME
NIFTY,2026-05-26,Tue,2026-05-26,0,0,RECENTER_5_CD15,1,0,0,115.1,1716.0,45.8,1670.2,1716.0,45.8,1670.2,0,0,0,15:15,15:15,24000,TIME
NIFTY,2026-05-26,Tue,2026-05-26,0,0,RECENTER_5_NOGUARD,1,0,0,115.1,1716.0,45.8,1670.2,1716.0,45.8,1670.2,0,0,0,15:15,15:15,24000,TIME
NIFTY,2026-05-26,Tue,2026-05-26,0,0,MOVESTOP_ONE,1,0,1,115.1,871.0,874.28,-3.28,871.0,874.28,-3.28,0,0,0,14:04,14:04,24000,SL
NIFTY,2026-05-26,Tue,2026-05-26,0,0,MOVESTOP_RECENTER,2,1,1,115.1,3825.25,912.5,2912.75,871.0,874.28,-3.28,2954.25,38.21,2916.04,14:04,15:15,24000|23900,SL|TIME
NIFTY,2026-05-26,Tue,2026-05-26,0,0,MOVESTOP_RC1,2,1,1,115.1,3825.25,912.5,2912.75,871.0,874.28,-3.28,2954.25,38.21,2916.04,14:04,15:15,24000|23900,SL|TIME
NIFTY,2026-05-26,Tue,2026-05-26,0,0,MOVESTOP_RC_CD15,2,1,1,115.1,3825.25,912.5,2912.75,871.0,874.28,-3.28,2954.25,38.21,2916.04,14:04,15:15,24000|23900,SL|TIME
NIFTY,2026-05-26,Tue,2026-05-26,0,0,NOSTOP_HOLD,1,0,0,115.1,1716.0,45.8,1670.2,1716.0,45.8,1670.2,0,0,0,15:15,15:15,24000,TIME
NIFTY,2026-05-27,Wed,2026-06-02,4,6,ONE_AND_DONE,1,0,0,344.4,2648.75,73.27,2575.48,2648.75,73.27,2575.48,0,0,0,15:15,15:15,23950,TIME
NIFTY,2026-05-27,Wed,2026-06-02,4,6,RECENTER_1,1,0,0,344.4,2648.75,73.27,2575.48,2648.75,73.27,2575.48,0,0,0,15:15,15:15,23950,TIME
NIFTY,2026-05-27,Wed,2026-06-02,4,6,RECENTER_2,1,0,0,344.4,2648.75,73.27,2575.48,2648.75,73.27,2575.48,0,0,0,15:15,15:15,23950,TIME
NIFTY,2026-05-27,Wed,2026-06-02,4,6,RECENTER_3,1,0,0,344.4,2648.75,73.27,2575.48,2648.75,73.27,2575.48,0,0,0,15:15,15:15,23950,TIME
NIFTY,2026-05-27,Wed,2026-06-02,4,6,RECENTER_5,1,0,0,344.4,2648.75,73.27,2575.48,2648.75,73.27,2575.48,0,0,0,15:15,15:15,23950,TIME
NIFTY,2026-05-27,Wed,2026-06-02,4,6,RECENTER_2_CD15,1,0,0,344.4,2648.75,73.27,2575.48,2648.75,73.27,2575.48,0,0,0,15:15,15:15,23950,TIME
NIFTY,2026-05-27,Wed,2026-06-02,4,6,RECENTER_3_CD15,1,0,0,344.4,2648.75,73.27,2575.48,2648.75,73.27,2575.48,0,0,0,15:15,15:15,23950,TIME
NIFTY,2026-05-27,Wed,2026-06-02,4,6,RECENTER_5_CD15,1,0,0,344.4,2648.75,73.27,2575.48,2648.75,73.27,2575.48,0,0,0,15:15,15:15,23950,TIME
NIFTY,2026-05-27,Wed,2026-06-02,4,6,RECENTER_5_NOGUARD,1,0,0,344.4,2648.75,73.27,2575.48,2648.75,73.27,2575.48,0,0,0,15:15,15:15,23950,TIME
NIFTY,2026-05-27,Wed,2026-06-02,4,6,MOVESTOP_ONE,1,0,0,344.4,2648.75,73.27,2575.48,2648.75,73.27,2575.48,0,0,0,15:15,15:15,23950,TIME
NIFTY,2026-05-27,Wed,2026-06-02,4,6,MOVESTOP_RECENTER,1,0,0,344.4,2648.75,73.27,2575.48,2648.75,73.27,2575.48,0,0,0,15:15,15:15,23950,TIME
NIFTY,2026-05-27,Wed,2026-06-02,4,6,MOVESTOP_RC1,1,0,0,344.4,2648.75,73.27,2575.48,2648.75,73.27,2575.48,0,0,0,15:15,15:15,23950,TIME
NIFTY,2026-05-27,Wed,2026-06-02,4,6,MOVESTOP_RC_CD15,1,0,0,344.4,2648.75,73.27,2575.48,2648.75,73.27,2575.48,0,0,0,15:15,15:15,23950,TIME
NIFTY,2026-05-27,Wed,2026-06-02,4,6,NOSTOP_HOLD,1,0,0,344.4,2648.75,73.27,2575.48,2648.75,73.27,2575.48,0,0,0,15:15,15:15,23950,TIME
NIFTY,2026-05-29,Fri,2026-06-02,2,4,ONE_AND_DONE,1,0,1,271.35,-2700.75,894.89,-3595.64,-2700.75,894.89,-3595.64,0,0,0,13:14,13:14,24000,SL
NIFTY,2026-05-29,Fri,2026-06-02,2,4,RECENTER_1,2,1,1,271.35,-5456.75,1790.95,-7247.7,-2700.75,894.89,-3595.64,-2756.0,896.06,-3652.06,13:14,15:02,24000|23850,SL|SL
NIFTY,2026-05-29,Fri,2026-06-02,2,4,RECENTER_2,2,1,1,271.35,-5456.75,1790.95,-7247.7,-2700.75,894.89,-3595.64,-2756.0,896.06,-3652.06,13:14,15:02,24000|23850,SL|SL
NIFTY,2026-05-29,Fri,2026-06-02,2,4,RECENTER_3,2,1,1,271.35,-5456.75,1790.95,-7247.7,-2700.75,894.89,-3595.64,-2756.0,896.06,-3652.06,13:14,15:02,24000|23850,SL|SL
NIFTY,2026-05-29,Fri,2026-06-02,2,4,RECENTER_5,2,1,1,271.35,-5456.75,1790.95,-7247.7,-2700.75,894.89,-3595.64,-2756.0,896.06,-3652.06,13:14,15:02,24000|23850,SL|SL
NIFTY,2026-05-29,Fri,2026-06-02,2,4,RECENTER_2_CD15,2,1,1,271.35,-5456.75,1790.95,-7247.7,-2700.75,894.89,-3595.64,-2756.0,896.06,-3652.06,13:14,15:02,24000|23850,SL|SL
NIFTY,2026-05-29,Fri,2026-06-02,2,4,RECENTER_3_CD15,2,1,1,271.35,-5456.75,1790.95,-7247.7,-2700.75,894.89,-3595.64,-2756.0,896.06,-3652.06,13:14,15:02,24000|23850,SL|SL
NIFTY,2026-05-29,Fri,2026-06-02,2,4,RECENTER_5_CD15,2,1,1,271.35,-5456.75,1790.95,-7247.7,-2700.75,894.89,-3595.64,-2756.0,896.06,-3652.06,13:14,15:02,24000|23850,SL|SL
NIFTY,2026-05-29,Fri,2026-06-02,2,4,RECENTER_5_NOGUARD,2,1,1,271.35,-5456.75,1790.95,-7247.7,-2700.75,894.89,-3595.64,-2756.0,896.06,-3652.06,13:14,15:02,24000|23850,SL|SL
NIFTY,2026-05-29,Fri,2026-06-02,2,4,MOVESTOP_ONE,1,0,1,271.35,-221.0,893.78,-1114.78,-221.0,893.78,-1114.78,0,0,0,12:10,12:10,24000,SL
NIFTY,2026-05-29,Fri,2026-06-02,2,4,MOVESTOP_RECENTER,3,2,1,271.35,-3116.75,2683.56,-5800.31,-221.0,893.78,-1114.78,-2895.75,1789.79,-4685.54,12:10,15:02,24000|23900|23800,SL|SL|SL
NIFTY,2026-05-29,Fri,2026-06-02,2,4,MOVESTOP_RC1,2,1,1,271.35,-1488.5,1787.72,-3276.22,-221.0,893.78,-1114.78,-1267.5,893.94,-2161.44,12:10,13:15,24000|23900,SL|SL
NIFTY,2026-05-29,Fri,2026-06-02,2,4,MOVESTOP_RC_CD15,3,2,1,271.35,-3116.75,2683.56,-5800.31,-221.0,893.78,-1114.78,-2895.75,1789.79,-4685.54,12:10,15:02,24000|23900|23800,SL|SL|SL
NIFTY,2026-05-29,Fri,2026-06-02,2,4,NOSTOP_HOLD,1,0,0,271.35,-6643.0,68.57,-6711.57,-6643.0,68.57,-6711.57,0,0,0,15:15,15:15,24000,TIME
NIFTY,2026-06-01,Mon,2026-06-02,1,1,ONE_AND_DONE,1,0,1,219.55,-2609.75,888.55,-3498.3,-2609.75,888.55,-3498.3,0,0,0,14:14,14:14,23650,SL
NIFTY,2026-06-01,Mon,2026-06-02,1,1,RECENTER_1,2,1,1,219.55,-2323.75,944.0,-3267.75,-2609.75,888.55,-3498.3,286.0,55.45,230.55,14:14,15:15,23650|23450,SL|TIME
NIFTY,2026-06-01,Mon,2026-06-02,1,1,RECENTER_2,2,1,1,219.55,-2323.75,944.0,-3267.75,-2609.75,888.55,-3498.3,286.0,55.45,230.55,14:14,15:15,23650|23450,SL|TIME
NIFTY,2026-06-01,Mon,2026-06-02,1,1,RECENTER_3,2,1,1,219.55,-2323.75,944.0,-3267.75,-2609.75,888.55,-3498.3,286.0,55.45,230.55,14:14,15:15,23650|23450,SL|TIME
NIFTY,2026-06-01,Mon,2026-06-02,1,1,RECENTER_5,2,1,1,219.55,-2323.75,944.0,-3267.75,-2609.75,888.55,-3498.3,286.0,55.45,230.55,14:14,15:15,23650|23450,SL|TIME
NIFTY,2026-06-01,Mon,2026-06-02,1,1,RECENTER_2_CD15,2,1,1,219.55,-2323.75,944.0,-3267.75,-2609.75,888.55,-3498.3,286.0,55.45,230.55,14:14,15:15,23650|23450,SL|TIME
NIFTY,2026-06-01,Mon,2026-06-02,1,1,RECENTER_3_CD15,2,1,1,219.55,-2323.75,944.0,-3267.75,-2609.75,888.55,-3498.3,286.0,55.45,230.55,14:14,15:15,23650|23450,SL|TIME
NIFTY,2026-06-01,Mon,2026-06-02,1,1,RECENTER_5_CD15,2,1,1,219.55,-2323.75,944.0,-3267.75,-2609.75,888.55,-3498.3,286.0,55.45,230.55,14:14,15:15,23650|23450,SL|TIME
NIFTY,2026-06-01,Mon,2026-06-02,1,1,RECENTER_5_NOGUARD,2,1,1,219.55,-2323.75,944.0,-3267.75,-2609.75,888.55,-3498.3,286.0,55.45,230.55,14:14,15:15,23650|23450,SL|TIME
NIFTY,2026-06-01,Mon,2026-06-02,1,1,MOVESTOP_ONE,1,0,1,219.55,61.75,887.35,-825.6,61.75,887.35,-825.6,0,0,0,10:33,10:33,23650,SL
NIFTY,2026-06-01,Mon,2026-06-02,1,1,MOVESTOP_RECENTER,3,2,1,219.55,763.75,1829.1,-1065.35,61.75,887.35,-825.6,702.0,941.74,-239.74,10:33,15:15,23650|23550|23450,SL|SL|TIME
NIFTY,2026-06-01,Mon,2026-06-02,1,1,MOVESTOP_RC1,2,1,1,219.55,312.0,1773.41,-1461.41,61.75,887.35,-825.6,250.25,886.06,-635.81,10:33,14:03,23650|23550,SL|SL
NIFTY,2026-06-01,Mon,2026-06-02,1,1,MOVESTOP_RC_CD15,3,2,1,219.55,763.75,1829.1,-1065.35,61.75,887.35,-825.6,702.0,941.74,-239.74,10:33,15:15,23650|23550|23450,SL|SL|TIME
NIFTY,2026-06-01,Mon,2026-06-02,1,1,NOSTOP_HOLD,1,0,0,219.55,-3243.5,60.74,-3304.24,-3243.5,60.74,-3304.24,0,0,0,15:15,15:15,23650,TIME
NIFTY,2026-06-02,Tue,2026-06-02,0,0,ONE_AND_DONE,1,0,1,122.05,-2830.75,876.8,-3707.55,-2830.75,876.8,-3707.55,0,0,0,12:51,12:51,23300,SL
NIFTY,2026-06-02,Tue,2026-06-02,0,0,RECENTER_1,2,1,1,122.05,1082.25,918.94,163.31,-2830.75,876.8,-3707.55,3913.0,42.15,3870.85,12:51,15:15,23300|23450,SL|TIME
NIFTY,2026-06-02,Tue,2026-06-02,0,0,RECENTER_2,2,1,1,122.05,1082.25,918.94,163.31,-2830.75,876.8,-3707.55,3913.0,42.15,3870.85,12:51,15:15,23300|23450,SL|TIME
NIFTY,2026-06-02,Tue,2026-06-02,0,0,RECENTER_3,2,1,1,122.05,1082.25,918.94,163.31,-2830.75,876.8,-3707.55,3913.0,42.15,3870.85,12:51,15:15,23300|23450,SL|TIME
NIFTY,2026-06-02,Tue,2026-06-02,0,0,RECENTER_5,2,1,1,122.05,1082.25,918.94,163.31,-2830.75,876.8,-3707.55,3913.0,42.15,3870.85,12:51,15:15,23300|23450,SL|TIME
NIFTY,2026-06-02,Tue,2026-06-02,0,0,RECENTER_2_CD15,2,1,1,122.05,1082.25,918.94,163.31,-2830.75,876.8,-3707.55,3913.0,42.15,3870.85,12:51,15:15,23300|23450,SL|TIME
NIFTY,2026-06-02,Tue,2026-06-02,0,0,RECENTER_3_CD15,2,1,1,122.05,1082.25,918.94,163.31,-2830.75,876.8,-3707.55,3913.0,42.15,3870.85,12:51,15:15,23300|23450,SL|TIME
NIFTY,2026-06-02,Tue,2026-06-02,0,0,RECENTER_5_CD15,2,1,1,122.05,1082.25,918.94,163.31,-2830.75,876.8,-3707.55,3913.0,42.15,3870.85,12:51,15:15,23300|23450,SL|TIME
NIFTY,2026-06-02,Tue,2026-06-02,0,0,RECENTER_5_NOGUARD,2,1,1,122.05,1082.25,918.94,163.31,-2830.75,876.8,-3707.55,3913.0,42.15,3870.85,12:51,15:15,23300|23450,SL|TIME
NIFTY,2026-06-02,Tue,2026-06-02,0,0,MOVESTOP_ONE,1,0,1,122.05,-458.25,875.73,-1333.98,-458.25,875.73,-1333.98,0,0,0,12:46,12:46,23300,SL
NIFTY,2026-06-02,Tue,2026-06-02,0,0,MOVESTOP_RECENTER,3,2,1,122.05,-2960.75,1790.61,-4751.36,-458.25,875.73,-1333.98,-2502.5,914.88,-3417.38,12:46,15:15,23300|23400|23550,SL|SL|TIME
NIFTY,2026-06-02,Tue,2026-06-02,0,0,MOVESTOP_RC1,2,1,1,122.05,-3900.0,1748.5,-5648.5,-458.25,875.73,-1333.98,-3441.75,872.77,-4314.52,12:46,13:30,23300|23400,SL|SL
NIFTY,2026-06-02,Tue,2026-06-02,0,0,MOVESTOP_RC_CD15,3,2,1,122.05,-2960.75,1790.61,-4751.36,-458.25,875.73,-1333.98,-2502.5,914.88,-3417.38,12:46,15:15,23300|23400|23550,SL|SL|TIME
NIFTY,2026-06-02,Tue,2026-06-02,0,0,NOSTOP_HOLD,1,0,0,122.05,-3900.0,49.18,-3949.18,-3900.0,49.18,-3949.18,0,0,0,15:15,15:15,23300,TIME
NIFTY,2026-06-03,Wed,2026-06-09,4,6,ONE_AND_DONE,1,0,1,368.1,-2723.5,906.67,-3630.17,-2723.5,906.67,-3630.17,0,0,0,09:28,09:28,23350,SL
NIFTY,2026-06-03,Wed,2026-06-09,4,6,RECENTER_1,2,1,1,368.1,-5447.0,1818.13,-7265.13,-2723.5,906.67,-3630.17,-2723.5,911.46,-3634.96,09:28,14:23,23350|23300,SL|SL
NIFTY,2026-06-03,Wed,2026-06-09,4,6,RECENTER_2,3,2,1,368.1,-4247.75,1898.98,-6146.73,-2723.5,906.67,-3630.17,-1524.25,992.31,-2516.56,09:28,15:15,23350|23300|23550,SL|SL|TIME
NIFTY,2026-06-03,Wed,2026-06-09,4,6,RECENTER_3,3,2,1,368.1,-4247.75,1898.98,-6146.73,-2723.5,906.67,-3630.17,-1524.25,992.31,-2516.56,09:28,15:15,23350|23300|23550,SL|SL|TIME
NIFTY,2026-06-03,Wed,2026-06-09,4,6,RECENTER_5,3,2,1,368.1,-4247.75,1898.98,-6146.73,-2723.5,906.67,-3630.17,-1524.25,992.31,-2516.56,09:28,15:15,23350|23300|23550,SL|SL|TIME
NIFTY,2026-06-03,Wed,2026-06-09,4,6,RECENTER_2_CD15,3,2,1,368.1,-4062.5,1899.25,-5961.75,-2723.5,906.67,-3630.17,-1339.0,992.58,-2331.58,09:28,15:15,23350|23300|23550,SL|SL|TIME
NIFTY,2026-06-03,Wed,2026-06-09,4,6,RECENTER_3_CD15,3,2,1,368.1,-4062.5,1899.25,-5961.75,-2723.5,906.67,-3630.17,-1339.0,992.58,-2331.58,09:28,15:15,23350|23300|23550,SL|SL|TIME
NIFTY,2026-06-03,Wed,2026-06-09,4,6,RECENTER_5_CD15,3,2,1,368.1,-4062.5,1899.25,-5961.75,-2723.5,906.67,-3630.17,-1339.0,992.58,-2331.58,09:28,15:15,23350|23300|23550,SL|SL|TIME
NIFTY,2026-06-03,Wed,2026-06-09,4,6,RECENTER_5_NOGUARD,3,2,1,368.1,-4247.75,1898.98,-6146.73,-2723.5,906.67,-3630.17,-1524.25,992.31,-2516.56,09:28,15:15,23350|23300|23550,SL|SL|TIME
NIFTY,2026-06-03,Wed,2026-06-09,4,6,MOVESTOP_ONE,1,0,1,368.1,-2739.75,906.68,-3646.43,-2739.75,906.68,-3646.43,0,0,0,09:33,09:33,23350,SL
NIFTY,2026-06-03,Wed,2026-06-09,4,6,MOVESTOP_RECENTER,5,4,1,368.1,-3679.0,3716.19,-7395.19,-2739.75,906.68,-3646.43,-939.25,2809.52,-3748.77,09:33,15:15,23350|23300|23200|23300|23450,SL|SL|SL|SL|TIME
NIFTY,2026-06-03,Wed,2026-06-09,4,6,MOVESTOP_RC1,2,1,1,368.1,-3630.25,1817.47,-5447.72,-2739.75,906.68,-3646.43,-890.5,910.79,-1801.29,09:33,12:04,23350|23300,SL|SL
NIFTY,2026-06-03,Wed,2026-06-09,4,6,MOVESTOP_RC_CD15,5,4,1,368.1,-3679.0,3716.19,-7395.19,-2739.75,906.68,-3646.43,-939.25,2809.52,-3748.77,09:33,15:15,23350|23300|23200|23300|23450,SL|SL|SL|SL|TIME
NIFTY,2026-06-03,Wed,2026-06-09,4,6,NOSTOP_HOLD,1,0,0,368.1,-2106.0,78.29,-2184.29,-2106.0,78.29,-2184.29,0,0,0,15:15,15:15,23350,TIME
NIFTY,2026-06-04,Thu,2026-06-09,3,5,ONE_AND_DONE,1,0,0,364.5,1085.5,76.42,1009.08,1085.5,76.42,1009.08,0,0,0,15:15,15:15,23300,TIME
NIFTY,2026-06-04,Thu,2026-06-09,3,5,RECENTER_1,1,0,0,364.5,1085.5,76.42,1009.08,1085.5,76.42,1009.08,0,0,0,15:15,15:15,23300,TIME
NIFTY,2026-06-04,Thu,2026-06-09,3,5,RECENTER_2,1,0,0,364.5,1085.5,76.42,1009.08,1085.5,76.42,1009.08,0,0,0,15:15,15:15,23300,TIME
NIFTY,2026-06-04,Thu,2026-06-09,3,5,RECENTER_3,1,0,0,364.5,1085.5,76.42,1009.08,1085.5,76.42,1009.08,0,0,0,15:15,15:15,23300,TIME
NIFTY,2026-06-04,Thu,2026-06-09,3,5,RECENTER_5,1,0,0,364.5,1085.5,76.42,1009.08,1085.5,76.42,1009.08,0,0,0,15:15,15:15,23300,TIME
NIFTY,2026-06-04,Thu,2026-06-09,3,5,RECENTER_2_CD15,1,0,0,364.5,1085.5,76.42,1009.08,1085.5,76.42,1009.08,0,0,0,15:15,15:15,23300,TIME
NIFTY,2026-06-04,Thu,2026-06-09,3,5,RECENTER_3_CD15,1,0,0,364.5,1085.5,76.42,1009.08,1085.5,76.42,1009.08,0,0,0,15:15,15:15,23300,TIME
NIFTY,2026-06-04,Thu,2026-06-09,3,5,RECENTER_5_CD15,1,0,0,364.5,1085.5,76.42,1009.08,1085.5,76.42,1009.08,0,0,0,15:15,15:15,23300,TIME
NIFTY,2026-06-04,Thu,2026-06-09,3,5,RECENTER_5_NOGUARD,1,0,0,364.5,1085.5,76.42,1009.08,1085.5,76.42,1009.08,0,0,0,15:15,15:15,23300,TIME
NIFTY,2026-06-04,Thu,2026-06-09,3,5,MOVESTOP_ONE,1,0,1,364.5,-266.5,905.13,-1171.63,-266.5,905.13,-1171.63,0,0,0,09:49,09:49,23300,SL
NIFTY,2026-06-04,Thu,2026-06-09,3,5,MOVESTOP_RECENTER,2,1,1,364.5,2151.5,979.37,1172.13,-266.5,905.13,-1171.63,2418.0,74.24,2343.76,09:49,15:15,23300|23450,SL|TIME
NIFTY,2026-06-04,Thu,2026-06-09,3,5,MOVESTOP_RC1,2,1,1,364.5,2151.5,979.37,1172.13,-266.5,905.13,-1171.63,2418.0,74.24,2343.76,09:49,15:15,23300|23450,SL|TIME
NIFTY,2026-06-04,Thu,2026-06-09,3,5,MOVESTOP_RC_CD15,2,1,1,364.5,2151.5,979.37,1172.13,-266.5,905.13,-1171.63,2418.0,74.24,2343.76,09:49,15:15,23300|23450,SL|TIME
NIFTY,2026-06-04,Thu,2026-06-09,3,5,NOSTOP_HOLD,1,0,0,364.5,1085.5,76.42,1009.08,1085.5,76.42,1009.08,0,0,0,15:15,15:15,23300,TIME
NIFTY,2026-06-05,Fri,2026-06-09,2,4,ONE_AND_DONE,1,0,1,311.95,-2778.75,899.87,-3678.62,-2778.75,899.87,-3678.62,0,0,0,13:44,13:44,23500,SL
NIFTY,2026-06-05,Fri,2026-06-09,2,4,RECENTER_1,2,1,1,311.95,-1332.5,969.97,-2302.47,-2778.75,899.87,-3678.62,1446.25,70.1,1376.15,13:44,15:15,23500|23300,SL|TIME
NIFTY,2026-06-05,Fri,2026-06-09,2,4,RECENTER_2,2,1,1,311.95,-1332.5,969.97,-2302.47,-2778.75,899.87,-3678.62,1446.25,70.1,1376.15,13:44,15:15,23500|23300,SL|TIME
NIFTY,2026-06-05,Fri,2026-06-09,2,4,RECENTER_3,2,1,1,311.95,-1332.5,969.97,-2302.47,-2778.75,899.87,-3678.62,1446.25,70.1,1376.15,13:44,15:15,23500|23300,SL|TIME
NIFTY,2026-06-05,Fri,2026-06-09,2,4,RECENTER_5,2,1,1,311.95,-1332.5,969.97,-2302.47,-2778.75,899.87,-3678.62,1446.25,70.1,1376.15,13:44,15:15,23500|23300,SL|TIME
NIFTY,2026-06-05,Fri,2026-06-09,2,4,RECENTER_2_CD15,2,1,1,311.95,-1332.5,969.97,-2302.47,-2778.75,899.87,-3678.62,1446.25,70.1,1376.15,13:44,15:15,23500|23300,SL|TIME
NIFTY,2026-06-05,Fri,2026-06-09,2,4,RECENTER_3_CD15,2,1,1,311.95,-1332.5,969.97,-2302.47,-2778.75,899.87,-3678.62,1446.25,70.1,1376.15,13:44,15:15,23500|23300,SL|TIME
NIFTY,2026-06-05,Fri,2026-06-09,2,4,RECENTER_5_CD15,2,1,1,311.95,-1332.5,969.97,-2302.47,-2778.75,899.87,-3678.62,1446.25,70.1,1376.15,13:44,15:15,23500|23300,SL|TIME
NIFTY,2026-06-05,Fri,2026-06-09,2,4,RECENTER_5_NOGUARD,2,1,1,311.95,-1332.5,969.97,-2302.47,-2778.75,899.87,-3678.62,1446.25,70.1,1376.15,13:44,15:15,23500|23300,SL|TIME
NIFTY,2026-06-05,Fri,2026-06-09,2,4,MOVESTOP_ONE,1,0,1,311.95,-6.5,898.62,-905.12,-6.5,898.62,-905.12,0,0,0,10:39,10:39,23500,SL
NIFTY,2026-06-05,Fri,2026-06-09,2,4,MOVESTOP_RECENTER,4,3,1,311.95,273.0,2762.11,-2489.11,-6.5,898.62,-905.12,279.5,1863.49,-1583.99,10:39,15:15,23500|23400|23500|23400,SL|SL|SL|TIME
NIFTY,2026-06-05,Fri,2026-06-09,2,4,MOVESTOP_RC1,2,1,1,311.95,-552.5,1796.81,-2349.31,-6.5,898.62,-905.12,-546.0,898.19,-1444.19,10:39,11:06,23500|23400,SL|SL
NIFTY,2026-06-05,Fri,2026-06-09,2,4,MOVESTOP_RC_CD15,4,3,1,311.95,273.0,2762.11,-2489.11,-6.5,898.62,-905.12,279.5,1863.49,-1583.99,10:39,15:15,23500|23400|23500|23400,SL|SL|SL|TIME
NIFTY,2026-06-05,Fri,2026-06-09,2,4,NOSTOP_HOLD,1,0,0,311.95,1706.25,69.75,1636.5,1706.25,69.75,1636.5,0,0,0,15:15,15:15,23500,TIME
NIFTY,2026-06-08,Mon,2026-06-09,1,1,ONE_AND_DONE,1,0,0,260.2,4244.5,62.31,4182.19,4244.5,62.31,4182.19,0,0,0,15:15,15:15,23150,TIME
NIFTY,2026-06-08,Mon,2026-06-09,1,1,RECENTER_1,1,0,0,260.2,4244.5,62.31,4182.19,4244.5,62.31,4182.19,0,0,0,15:15,15:15,23150,TIME
NIFTY,2026-06-08,Mon,2026-06-09,1,1,RECENTER_2,1,0,0,260.2,4244.5,62.31,4182.19,4244.5,62.31,4182.19,0,0,0,15:15,15:15,23150,TIME
NIFTY,2026-06-08,Mon,2026-06-09,1,1,RECENTER_3,1,0,0,260.2,4244.5,62.31,4182.19,4244.5,62.31,4182.19,0,0,0,15:15,15:15,23150,TIME
NIFTY,2026-06-08,Mon,2026-06-09,1,1,RECENTER_5,1,0,0,260.2,4244.5,62.31,4182.19,4244.5,62.31,4182.19,0,0,0,15:15,15:15,23150,TIME
NIFTY,2026-06-08,Mon,2026-06-09,1,1,RECENTER_2_CD15,1,0,0,260.2,4244.5,62.31,4182.19,4244.5,62.31,4182.19,0,0,0,15:15,15:15,23150,TIME
NIFTY,2026-06-08,Mon,2026-06-09,1,1,RECENTER_3_CD15,1,0,0,260.2,4244.5,62.31,4182.19,4244.5,62.31,4182.19,0,0,0,15:15,15:15,23150,TIME
NIFTY,2026-06-08,Mon,2026-06-09,1,1,RECENTER_5_CD15,1,0,0,260.2,4244.5,62.31,4182.19,4244.5,62.31,4182.19,0,0,0,15:15,15:15,23150,TIME
NIFTY,2026-06-08,Mon,2026-06-09,1,1,RECENTER_5_NOGUARD,1,0,0,260.2,4244.5,62.31,4182.19,4244.5,62.31,4182.19,0,0,0,15:15,15:15,23150,TIME
NIFTY,2026-06-08,Mon,2026-06-09,1,1,MOVESTOP_ONE,1,0,1,260.2,490.75,892.1,-401.35,490.75,892.1,-401.35,0,0,0,09:59,09:59,23150,SL
NIFTY,2026-06-08,Mon,2026-06-09,1,1,MOVESTOP_RECENTER,2,1,1,260.2,3558.75,953.25,2605.5,490.75,892.1,-401.35,3068.0,61.15,3006.85,09:59,15:15,23150|23200,SL|TIME
NIFTY,2026-06-08,Mon,2026-06-09,1,1,MOVESTOP_RC1,2,1,1,260.2,3558.75,953.25,2605.5,490.75,892.1,-401.35,3068.0,61.15,3006.85,09:59,15:15,23150|23200,SL|TIME
NIFTY,2026-06-08,Mon,2026-06-09,1,1,MOVESTOP_RC_CD15,2,1,1,260.2,3558.75,953.25,2605.5,490.75,892.1,-401.35,3068.0,61.15,3006.85,09:59,15:15,23150|23200,SL|TIME
NIFTY,2026-06-08,Mon,2026-06-09,1,1,NOSTOP_HOLD,1,0,0,260.2,4244.5,62.31,4182.19,4244.5,62.31,4182.19,0,0,0,15:15,15:15,23150,TIME
NIFTY,2026-06-09,Tue,2026-06-09,0,0,ONE_AND_DONE,1,0,0,109.3,4160.0,44.0,4116.0,4160.0,44.0,4116.0,0,0,0,15:15,15:15,23200,TIME
NIFTY,2026-06-09,Tue,2026-06-09,0,0,RECENTER_1,1,0,0,109.3,4160.0,44.0,4116.0,4160.0,44.0,4116.0,0,0,0,15:15,15:15,23200,TIME
NIFTY,2026-06-09,Tue,2026-06-09,0,0,RECENTER_2,1,0,0,109.3,4160.0,44.0,4116.0,4160.0,44.0,4116.0,0,0,0,15:15,15:15,23200,TIME
NIFTY,2026-06-09,Tue,2026-06-09,0,0,RECENTER_3,1,0,0,109.3,4160.0,44.0,4116.0,4160.0,44.0,4116.0,0,0,0,15:15,15:15,23200,TIME
NIFTY,2026-06-09,Tue,2026-06-09,0,0,RECENTER_5,1,0,0,109.3,4160.0,44.0,4116.0,4160.0,44.0,4116.0,0,0,0,15:15,15:15,23200,TIME
NIFTY,2026-06-09,Tue,2026-06-09,0,0,RECENTER_2_CD15,1,0,0,109.3,4160.0,44.0,4116.0,4160.0,44.0,4116.0,0,0,0,15:15,15:15,23200,TIME
NIFTY,2026-06-09,Tue,2026-06-09,0,0,RECENTER_3_CD15,1,0,0,109.3,4160.0,44.0,4116.0,4160.0,44.0,4116.0,0,0,0,15:15,15:15,23200,TIME
NIFTY,2026-06-09,Tue,2026-06-09,0,0,RECENTER_5_CD15,1,0,0,109.3,4160.0,44.0,4116.0,4160.0,44.0,4116.0,0,0,0,15:15,15:15,23200,TIME
NIFTY,2026-06-09,Tue,2026-06-09,0,0,RECENTER_5_NOGUARD,1,0,0,109.3,4160.0,44.0,4116.0,4160.0,44.0,4116.0,0,0,0,15:15,15:15,23200,TIME
NIFTY,2026-06-09,Tue,2026-06-09,0,0,MOVESTOP_ONE,1,0,0,109.3,4160.0,44.0,4116.0,4160.0,44.0,4116.0,0,0,0,15:15,15:15,23200,TIME
NIFTY,2026-06-09,Tue,2026-06-09,0,0,MOVESTOP_RECENTER,1,0,0,109.3,4160.0,44.0,4116.0,4160.0,44.0,4116.0,0,0,0,15:15,15:15,23200,TIME
NIFTY,2026-06-09,Tue,2026-06-09,0,0,MOVESTOP_RC1,1,0,0,109.3,4160.0,44.0,4116.0,4160.0,44.0,4116.0,0,0,0,15:15,15:15,23200,TIME
NIFTY,2026-06-09,Tue,2026-06-09,0,0,MOVESTOP_RC_CD15,1,0,0,109.3,4160.0,44.0,4116.0,4160.0,44.0,4116.0,0,0,0,15:15,15:15,23200,TIME
NIFTY,2026-06-09,Tue,2026-06-09,0,0,NOSTOP_HOLD,1,0,0,109.3,4160.0,44.0,4116.0,4160.0,44.0,4116.0,0,0,0,15:15,15:15,23200,TIME
NIFTY,2026-06-10,Wed,2026-06-16,4,6,ONE_AND_DONE,1,0,0,375.95,1491.75,77.63,1414.12,1491.75,77.63,1414.12,0,0,0,15:15,15:15,23300,TIME
NIFTY,2026-06-10,Wed,2026-06-16,4,6,RECENTER_1,1,0,0,375.95,1491.75,77.63,1414.12,1491.75,77.63,1414.12,0,0,0,15:15,15:15,23300,TIME
NIFTY,2026-06-10,Wed,2026-06-16,4,6,RECENTER_2,1,0,0,375.95,1491.75,77.63,1414.12,1491.75,77.63,1414.12,0,0,0,15:15,15:15,23300,TIME
NIFTY,2026-06-10,Wed,2026-06-16,4,6,RECENTER_3,1,0,0,375.95,1491.75,77.63,1414.12,1491.75,77.63,1414.12,0,0,0,15:15,15:15,23300,TIME
NIFTY,2026-06-10,Wed,2026-06-16,4,6,RECENTER_5,1,0,0,375.95,1491.75,77.63,1414.12,1491.75,77.63,1414.12,0,0,0,15:15,15:15,23300,TIME
NIFTY,2026-06-10,Wed,2026-06-16,4,6,RECENTER_2_CD15,1,0,0,375.95,1491.75,77.63,1414.12,1491.75,77.63,1414.12,0,0,0,15:15,15:15,23300,TIME
NIFTY,2026-06-10,Wed,2026-06-16,4,6,RECENTER_3_CD15,1,0,0,375.95,1491.75,77.63,1414.12,1491.75,77.63,1414.12,0,0,0,15:15,15:15,23300,TIME
NIFTY,2026-06-10,Wed,2026-06-16,4,6,RECENTER_5_CD15,1,0,0,375.95,1491.75,77.63,1414.12,1491.75,77.63,1414.12,0,0,0,15:15,15:15,23300,TIME
NIFTY,2026-06-10,Wed,2026-06-16,4,6,RECENTER_5_NOGUARD,1,0,0,375.95,1491.75,77.63,1414.12,1491.75,77.63,1414.12,0,0,0,15:15,15:15,23300,TIME
NIFTY,2026-06-10,Wed,2026-06-16,4,6,MOVESTOP_ONE,1,0,1,375.95,-13.0,906.4,-919.4,-13.0,906.4,-919.4,0,0,0,11:27,11:27,23300,SL
NIFTY,2026-06-10,Wed,2026-06-16,4,6,MOVESTOP_RECENTER,2,1,1,375.95,52.0,1811.07,-1759.07,-13.0,906.4,-919.4,65.0,904.67,-839.67,11:27,14:33,23300|23400,SL|SL
NIFTY,2026-06-10,Wed,2026-06-16,4,6,MOVESTOP_RC1,2,1,1,375.95,52.0,1811.07,-1759.07,-13.0,906.4,-919.4,65.0,904.67,-839.67,11:27,14:33,23300|23400,SL|SL
NIFTY,2026-06-10,Wed,2026-06-16,4,6,MOVESTOP_RC_CD15,2,1,1,375.95,52.0,1811.07,-1759.07,-13.0,906.4,-919.4,65.0,904.67,-839.67,11:27,14:33,23300|23400,SL|SL
NIFTY,2026-06-10,Wed,2026-06-16,4,6,NOSTOP_HOLD,1,0,0,375.95,1491.75,77.63,1414.12,1491.75,77.63,1414.12,0,0,0,15:15,15:15,23300,TIME
NIFTY,2026-06-11,Thu,2026-06-16,3,5,ONE_AND_DONE,1,0,1,340.15,-2710.5,903.27,-3613.77,-2710.5,903.27,-3613.77,0,0,0,12:32,12:32,23100,SL
NIFTY,2026-06-11,Thu,2026-06-16,3,5,RECENTER_1,2,1,1,340.15,-2252.25,974.95,-3227.2,-2710.5,903.27,-3613.77,458.25,71.68,386.57,12:32,15:15,23100|23300,SL|TIME
NIFTY,2026-06-11,Thu,2026-06-16,3,5,RECENTER_2,2,1,1,340.15,-2252.25,974.95,-3227.2,-2710.5,903.27,-3613.77,458.25,71.68,386.57,12:32,15:15,23100|23300,SL|TIME
NIFTY,2026-06-11,Thu,2026-06-16,3,5,RECENTER_3,2,1,1,340.15,-2252.25,974.95,-3227.2,-2710.5,903.27,-3613.77,458.25,71.68,386.57,12:32,15:15,23100|23300,SL|TIME
NIFTY,2026-06-11,Thu,2026-06-16,3,5,RECENTER_5,2,1,1,340.15,-2252.25,974.95,-3227.2,-2710.5,903.27,-3613.77,458.25,71.68,386.57,12:32,15:15,23100|23300,SL|TIME
NIFTY,2026-06-11,Thu,2026-06-16,3,5,RECENTER_2_CD15,2,1,1,340.15,-2252.25,974.95,-3227.2,-2710.5,903.27,-3613.77,458.25,71.68,386.57,12:32,15:15,23100|23300,SL|TIME
NIFTY,2026-06-11,Thu,2026-06-16,3,5,RECENTER_3_CD15,2,1,1,340.15,-2252.25,974.95,-3227.2,-2710.5,903.27,-3613.77,458.25,71.68,386.57,12:32,15:15,23100|23300,SL|TIME
NIFTY,2026-06-11,Thu,2026-06-16,3,5,RECENTER_5_CD15,2,1,1,340.15,-2252.25,974.95,-3227.2,-2710.5,903.27,-3613.77,458.25,71.68,386.57,12:32,15:15,23100|23300,SL|TIME
NIFTY,2026-06-11,Thu,2026-06-16,3,5,RECENTER_5_NOGUARD,2,1,1,340.15,-2252.25,974.95,-3227.2,-2710.5,903.27,-3613.77,458.25,71.68,386.57,12:32,15:15,23100|23300,SL|TIME
NIFTY,2026-06-11,Thu,2026-06-16,3,5,MOVESTOP_ONE,1,0,1,340.15,276.25,901.92,-625.67,276.25,901.92,-625.67,0,0,0,10:28,10:28,23100,SL
NIFTY,2026-06-11,Thu,2026-06-16,3,5,MOVESTOP_RECENTER,3,2,1,340.15,126.75,2701.18,-2574.43,276.25,901.92,-625.67,-149.5,1799.26,-1948.76,10:28,14:44,23100|23200|23300,SL|SL|SL
NIFTY,2026-06-11,Thu,2026-06-16,3,5,MOVESTOP_RC1,2,1,1,340.15,-819.0,1802.03,-2621.03,276.25,901.92,-625.67,-1095.25,900.11,-1995.36,10:28,12:16,23100|23200,SL|SL
NIFTY,2026-06-11,Thu,2026-06-16,3,5,MOVESTOP_RC_CD15,3,2,1,340.15,126.75,2701.18,-2574.43,276.25,901.92,-625.67,-149.5,1799.26,-1948.76,10:28,14:44,23100|23200|23300,SL|SL|SL
NIFTY,2026-06-11,Thu,2026-06-16,3,5,NOSTOP_HOLD,1,0,0,340.15,2050.75,73.02,1977.73,2050.75,73.02,1977.73,0,0,0,15:15,15:15,23100,TIME
NIFTY,2026-06-12,Fri,2026-06-16,2,4,ONE_AND_DONE,1,0,1,275.2,-2736.5,895.38,-3631.88,-2736.5,895.38,-3631.88,0,0,0,14:50,14:50,23450,SL
NIFTY,2026-06-12,Fri,2026-06-16,2,4,RECENTER_1,1,0,1,275.2,-2736.5,895.38,-3631.88,-2736.5,895.38,-3631.88,0,0,0,14:50,14:50,23450,SL
NIFTY,2026-06-12,Fri,2026-06-16,2,4,RECENTER_2,1,0,1,275.2,-2736.5,895.38,-3631.88,-2736.5,895.38,-3631.88,0,0,0,14:50,14:50,23450,SL
NIFTY,2026-06-12,Fri,2026-06-16,2,4,RECENTER_3,1,0,1,275.2,-2736.5,895.38,-3631.88,-2736.5,895.38,-3631.88,0,0,0,14:50,14:50,23450,SL
NIFTY,2026-06-12,Fri,2026-06-16,2,4,RECENTER_5,1,0,1,275.2,-2736.5,895.38,-3631.88,-2736.5,895.38,-3631.88,0,0,0,14:50,14:50,23450,SL
NIFTY,2026-06-12,Fri,2026-06-16,2,4,RECENTER_2_CD15,1,0,1,275.2,-2736.5,895.38,-3631.88,-2736.5,895.38,-3631.88,0,0,0,14:50,14:50,23450,SL
NIFTY,2026-06-12,Fri,2026-06-16,2,4,RECENTER_3_CD15,1,0,1,275.2,-2736.5,895.38,-3631.88,-2736.5,895.38,-3631.88,0,0,0,14:50,14:50,23450,SL
NIFTY,2026-06-12,Fri,2026-06-16,2,4,RECENTER_5_CD15,1,0,1,275.2,-2736.5,895.38,-3631.88,-2736.5,895.38,-3631.88,0,0,0,14:50,14:50,23450,SL
NIFTY,2026-06-12,Fri,2026-06-16,2,4,RECENTER_5_NOGUARD,1,0,1,275.2,-2736.5,895.38,-3631.88,-2736.5,895.38,-3631.88,0,0,0,14:50,14:50,23450,SL
NIFTY,2026-06-12,Fri,2026-06-16,2,4,MOVESTOP_ONE,1,0,1,275.2,-890.5,894.55,-1785.05,-890.5,894.55,-1785.05,0,0,0,10:18,10:18,23450,SL
NIFTY,2026-06-12,Fri,2026-06-16,2,4,MOVESTOP_RECENTER,4,3,1,275.2,-3152.5,3575.51,-6728.01,-890.5,894.55,-1785.05,-2262.0,2680.96,-4942.96,10:18,15:03,23450|23350|23450|23550,SL|SL|SL|SL
NIFTY,2026-06-12,Fri,2026-06-16,2,4,MOVESTOP_RC1,2,1,1,275.2,565.5,1789.0,-1223.5,-890.5,894.55,-1785.05,1456.0,894.45,561.55,10:18,13:34,23450|23350,SL|SL
NIFTY,2026-06-12,Fri,2026-06-16,2,4,MOVESTOP_RC_CD15,4,3,1,275.2,-3152.5,3575.51,-6728.01,-890.5,894.55,-1785.05,-2262.0,2680.96,-4942.96,10:18,15:03,23450|23350|23450|23550,SL|SL|SL|SL
NIFTY,2026-06-12,Fri,2026-06-16,2,4,NOSTOP_HOLD,1,0,0,275.2,-3497.0,67.62,-3564.62,-3497.0,67.62,-3564.62,0,0,0,15:14,15:14,23450,TIME
NIFTY,2026-06-15,Mon,2026-06-16,1,1,ONE_AND_DONE,1,0,0,204.1,984.75,56.96,927.79,984.75,56.96,927.79,0,0,0,15:15,15:15,23950,TIME
NIFTY,2026-06-15,Mon,2026-06-16,1,1,RECENTER_1,1,0,0,204.1,984.75,56.96,927.79,984.75,56.96,927.79,0,0,0,15:15,15:15,23950,TIME
NIFTY,2026-06-15,Mon,2026-06-16,1,1,RECENTER_2,1,0,0,204.1,984.75,56.96,927.79,984.75,56.96,927.79,0,0,0,15:15,15:15,23950,TIME
NIFTY,2026-06-15,Mon,2026-06-16,1,1,RECENTER_3,1,0,0,204.1,984.75,56.96,927.79,984.75,56.96,927.79,0,0,0,15:15,15:15,23950,TIME
NIFTY,2026-06-15,Mon,2026-06-16,1,1,RECENTER_5,1,0,0,204.1,984.75,56.96,927.79,984.75,56.96,927.79,0,0,0,15:15,15:15,23950,TIME
NIFTY,2026-06-15,Mon,2026-06-16,1,1,RECENTER_2_CD15,1,0,0,204.1,984.75,56.96,927.79,984.75,56.96,927.79,0,0,0,15:15,15:15,23950,TIME
NIFTY,2026-06-15,Mon,2026-06-16,1,1,RECENTER_3_CD15,1,0,0,204.1,984.75,56.96,927.79,984.75,56.96,927.79,0,0,0,15:15,15:15,23950,TIME
NIFTY,2026-06-15,Mon,2026-06-16,1,1,RECENTER_5_CD15,1,0,0,204.1,984.75,56.96,927.79,984.75,56.96,927.79,0,0,0,15:15,15:15,23950,TIME
NIFTY,2026-06-15,Mon,2026-06-16,1,1,RECENTER_5_NOGUARD,1,0,0,204.1,984.75,56.96,927.79,984.75,56.96,927.79,0,0,0,15:15,15:15,23950,TIME
NIFTY,2026-06-15,Mon,2026-06-16,1,1,MOVESTOP_ONE,1,0,1,204.1,1358.5,884.89,473.61,1358.5,884.89,473.61,0,0,0,15:01,15:01,23950,SL
NIFTY,2026-06-15,Mon,2026-06-16,1,1,MOVESTOP_RECENTER,1,0,1,204.1,1358.5,884.89,473.61,1358.5,884.89,473.61,0,0,0,15:01,15:01,23950,SL
NIFTY,2026-06-15,Mon,2026-06-16,1,1,MOVESTOP_RC1,1,0,1,204.1,1358.5,884.89,473.61,1358.5,884.89,473.61,0,0,0,15:01,15:01,23950,SL
NIFTY,2026-06-15,Mon,2026-06-16,1,1,MOVESTOP_RC_CD15,1,0,1,204.1,1358.5,884.89,473.61,1358.5,884.89,473.61,0,0,0,15:01,15:01,23950,SL
NIFTY,2026-06-15,Mon,2026-06-16,1,1,NOSTOP_HOLD,1,0,0,204.1,984.75,56.96,927.79,984.75,56.96,927.79,0,0,0,15:15,15:15,23950,TIME
NIFTY,2026-06-16,Tue,2026-06-16,0,0,ONE_AND_DONE,1,0,0,114.7,1625.0,45.8,1579.2,1625.0,45.8,1579.2,0,0,0,15:15,15:15,23900,TIME
NIFTY,2026-06-16,Tue,2026-06-16,0,0,RECENTER_1,1,0,0,114.7,1625.0,45.8,1579.2,1625.0,45.8,1579.2,0,0,0,15:15,15:15,23900,TIME
NIFTY,2026-06-16,Tue,2026-06-16,0,0,RECENTER_2,1,0,0,114.7,1625.0,45.8,1579.2,1625.0,45.8,1579.2,0,0,0,15:15,15:15,23900,TIME
NIFTY,2026-06-16,Tue,2026-06-16,0,0,RECENTER_3,1,0,0,114.7,1625.0,45.8,1579.2,1625.0,45.8,1579.2,0,0,0,15:15,15:15,23900,TIME
NIFTY,2026-06-16,Tue,2026-06-16,0,0,RECENTER_5,1,0,0,114.7,1625.0,45.8,1579.2,1625.0,45.8,1579.2,0,0,0,15:15,15:15,23900,TIME
NIFTY,2026-06-16,Tue,2026-06-16,0,0,RECENTER_2_CD15,1,0,0,114.7,1625.0,45.8,1579.2,1625.0,45.8,1579.2,0,0,0,15:15,15:15,23900,TIME
NIFTY,2026-06-16,Tue,2026-06-16,0,0,RECENTER_3_CD15,1,0,0,114.7,1625.0,45.8,1579.2,1625.0,45.8,1579.2,0,0,0,15:15,15:15,23900,TIME
NIFTY,2026-06-16,Tue,2026-06-16,0,0,RECENTER_5_CD15,1,0,0,114.7,1625.0,45.8,1579.2,1625.0,45.8,1579.2,0,0,0,15:15,15:15,23900,TIME
NIFTY,2026-06-16,Tue,2026-06-16,0,0,RECENTER_5_NOGUARD,1,0,0,114.7,1625.0,45.8,1579.2,1625.0,45.8,1579.2,0,0,0,15:15,15:15,23900,TIME
NIFTY,2026-06-16,Tue,2026-06-16,0,0,MOVESTOP_ONE,1,0,0,114.7,1625.0,45.8,1579.2,1625.0,45.8,1579.2,0,0,0,15:15,15:15,23900,TIME
NIFTY,2026-06-16,Tue,2026-06-16,0,0,MOVESTOP_RECENTER,1,0,0,114.7,1625.0,45.8,1579.2,1625.0,45.8,1579.2,0,0,0,15:15,15:15,23900,TIME
NIFTY,2026-06-16,Tue,2026-06-16,0,0,MOVESTOP_RC1,1,0,0,114.7,1625.0,45.8,1579.2,1625.0,45.8,1579.2,0,0,0,15:15,15:15,23900,TIME
NIFTY,2026-06-16,Tue,2026-06-16,0,0,MOVESTOP_RC_CD15,1,0,0,114.7,1625.0,45.8,1579.2,1625.0,45.8,1579.2,0,0,0,15:15,15:15,23900,TIME
NIFTY,2026-06-16,Tue,2026-06-16,0,0,NOSTOP_HOLD,1,0,0,114.7,1625.0,45.8,1579.2,1625.0,45.8,1579.2,0,0,0,15:15,15:15,23900,TIME
NIFTY,2026-06-17,Wed,2026-06-23,4,6,ONE_AND_DONE,1,0,0,320.9,1085.5,71.11,1014.39,1085.5,71.11,1014.39,0,0,0,15:15,15:15,24000,TIME
NIFTY,2026-06-17,Wed,2026-06-23,4,6,RECENTER_1,1,0,0,320.9,1085.5,71.11,1014.39,1085.5,71.11,1014.39,0,0,0,15:15,15:15,24000,TIME
NIFTY,2026-06-17,Wed,2026-06-23,4,6,RECENTER_2,1,0,0,320.9,1085.5,71.11,1014.39,1085.5,71.11,1014.39,0,0,0,15:15,15:15,24000,TIME
NIFTY,2026-06-17,Wed,2026-06-23,4,6,RECENTER_3,1,0,0,320.9,1085.5,71.11,1014.39,1085.5,71.11,1014.39,0,0,0,15:15,15:15,24000,TIME
NIFTY,2026-06-17,Wed,2026-06-23,4,6,RECENTER_5,1,0,0,320.9,1085.5,71.11,1014.39,1085.5,71.11,1014.39,0,0,0,15:15,15:15,24000,TIME
NIFTY,2026-06-17,Wed,2026-06-23,4,6,RECENTER_2_CD15,1,0,0,320.9,1085.5,71.11,1014.39,1085.5,71.11,1014.39,0,0,0,15:15,15:15,24000,TIME
NIFTY,2026-06-17,Wed,2026-06-23,4,6,RECENTER_3_CD15,1,0,0,320.9,1085.5,71.11,1014.39,1085.5,71.11,1014.39,0,0,0,15:15,15:15,24000,TIME
NIFTY,2026-06-17,Wed,2026-06-23,4,6,RECENTER_5_CD15,1,0,0,320.9,1085.5,71.11,1014.39,1085.5,71.11,1014.39,0,0,0,15:15,15:15,24000,TIME
NIFTY,2026-06-17,Wed,2026-06-23,4,6,RECENTER_5_NOGUARD,1,0,0,320.9,1085.5,71.11,1014.39,1085.5,71.11,1014.39,0,0,0,15:15,15:15,24000,TIME
NIFTY,2026-06-17,Wed,2026-06-23,4,6,MOVESTOP_ONE,1,0,1,320.9,-819.0,900.07,-1719.07,-819.0,900.07,-1719.07,0,0,0,11:33,11:33,24000,SL
NIFTY,2026-06-17,Wed,2026-06-23,4,6,MOVESTOP_RECENTER,2,1,1,320.9,825.5,971.44,-145.94,-819.0,900.07,-1719.07,1644.5,71.37,1573.13,11:33,15:15,24000|24100,SL|TIME
NIFTY,2026-06-17,Wed,2026-06-23,4,6,MOVESTOP_RC1,2,1,1,320.9,825.5,971.44,-145.94,-819.0,900.07,-1719.07,1644.5,71.37,1573.13,11:33,15:15,24000|24100,SL|TIME
NIFTY,2026-06-17,Wed,2026-06-23,4,6,MOVESTOP_RC_CD15,2,1,1,320.9,825.5,971.44,-145.94,-819.0,900.07,-1719.07,1644.5,71.37,1573.13,11:33,15:15,24000|24100,SL|TIME
NIFTY,2026-06-17,Wed,2026-06-23,4,6,NOSTOP_HOLD,1,0,0,320.9,1085.5,71.11,1014.39,1085.5,71.11,1014.39,0,0,0,15:15,15:15,24000,TIME
NIFTY,2026-06-18,Thu,2026-06-23,3,5,ONE_AND_DONE,1,0,0,277.7,1654.25,65.6,1588.65,1654.25,65.6,1588.65,0,0,0,15:15,15:15,24050,TIME
NIFTY,2026-06-18,Thu,2026-06-23,3,5,RECENTER_1,1,0,0,277.7,1654.25,65.6,1588.65,1654.25,65.6,1588.65,0,0,0,15:15,15:15,24050,TIME
NIFTY,2026-06-18,Thu,2026-06-23,3,5,RECENTER_2,1,0,0,277.7,1654.25,65.6,1588.65,1654.25,65.6,1588.65,0,0,0,15:15,15:15,24050,TIME
NIFTY,2026-06-18,Thu,2026-06-23,3,5,RECENTER_3,1,0,0,277.7,1654.25,65.6,1588.65,1654.25,65.6,1588.65,0,0,0,15:15,15:15,24050,TIME
NIFTY,2026-06-18,Thu,2026-06-23,3,5,RECENTER_5,1,0,0,277.7,1654.25,65.6,1588.65,1654.25,65.6,1588.65,0,0,0,15:15,15:15,24050,TIME
NIFTY,2026-06-18,Thu,2026-06-23,3,5,RECENTER_2_CD15,1,0,0,277.7,1654.25,65.6,1588.65,1654.25,65.6,1588.65,0,0,0,15:15,15:15,24050,TIME
NIFTY,2026-06-18,Thu,2026-06-23,3,5,RECENTER_3_CD15,1,0,0,277.7,1654.25,65.6,1588.65,1654.25,65.6,1588.65,0,0,0,15:15,15:15,24050,TIME
NIFTY,2026-06-18,Thu,2026-06-23,3,5,RECENTER_5_CD15,1,0,0,277.7,1654.25,65.6,1588.65,1654.25,65.6,1588.65,0,0,0,15:15,15:15,24050,TIME
NIFTY,2026-06-18,Thu,2026-06-23,3,5,RECENTER_5_NOGUARD,1,0,0,277.7,1654.25,65.6,1588.65,1654.25,65.6,1588.65,0,0,0,15:15,15:15,24050,TIME
NIFTY,2026-06-18,Thu,2026-06-23,3,5,MOVESTOP_ONE,1,0,1,277.7,1420.25,893.81,526.44,1420.25,893.81,526.44,0,0,0,15:10,15:10,24050,SL
NIFTY,2026-06-18,Thu,2026-06-23,3,5,MOVESTOP_RECENTER,1,0,1,277.7,1420.25,893.81,526.44,1420.25,893.81,526.44,0,0,0,15:10,15:10,24050,SL
NIFTY,2026-06-18,Thu,2026-06-23,3,5,MOVESTOP_RC1,1,0,1,277.7,1420.25,893.81,526.44,1420.25,893.81,526.44,0,0,0,15:10,15:10,24050,SL
NIFTY,2026-06-18,Thu,2026-06-23,3,5,MOVESTOP_RC_CD15,1,0,1,277.7,1420.25,893.81,526.44,1420.25,893.81,526.44,0,0,0,15:10,15:10,24050,SL
NIFTY,2026-06-18,Thu,2026-06-23,3,5,NOSTOP_HOLD,1,0,0,277.7,1654.25,65.6,1588.65,1654.25,65.6,1588.65,0,0,0,15:15,15:15,24050,TIME
NIFTY,2026-06-19,Fri,2026-06-23,2,4,ONE_AND_DONE,1,0,0,243.1,2635.75,60.96,2574.79,2635.75,60.96,2574.79,0,0,0,15:15,15:15,24000,TIME
NIFTY,2026-06-19,Fri,2026-06-23,2,4,RECENTER_1,1,0,0,243.1,2635.75,60.96,2574.79,2635.75,60.96,2574.79,0,0,0,15:15,15:15,24000,TIME
NIFTY,2026-06-19,Fri,2026-06-23,2,4,RECENTER_2,1,0,0,243.1,2635.75,60.96,2574.79,2635.75,60.96,2574.79,0,0,0,15:15,15:15,24000,TIME
NIFTY,2026-06-19,Fri,2026-06-23,2,4,RECENTER_3,1,0,0,243.1,2635.75,60.96,2574.79,2635.75,60.96,2574.79,0,0,0,15:15,15:15,24000,TIME
NIFTY,2026-06-19,Fri,2026-06-23,2,4,RECENTER_5,1,0,0,243.1,2635.75,60.96,2574.79,2635.75,60.96,2574.79,0,0,0,15:15,15:15,24000,TIME
NIFTY,2026-06-19,Fri,2026-06-23,2,4,RECENTER_2_CD15,1,0,0,243.1,2635.75,60.96,2574.79,2635.75,60.96,2574.79,0,0,0,15:15,15:15,24000,TIME
NIFTY,2026-06-19,Fri,2026-06-23,2,4,RECENTER_3_CD15,1,0,0,243.1,2635.75,60.96,2574.79,2635.75,60.96,2574.79,0,0,0,15:15,15:15,24000,TIME
NIFTY,2026-06-19,Fri,2026-06-23,2,4,RECENTER_5_CD15,1,0,0,243.1,2635.75,60.96,2574.79,2635.75,60.96,2574.79,0,0,0,15:15,15:15,24000,TIME
NIFTY,2026-06-19,Fri,2026-06-23,2,4,RECENTER_5_NOGUARD,1,0,0,243.1,2635.75,60.96,2574.79,2635.75,60.96,2574.79,0,0,0,15:15,15:15,24000,TIME
NIFTY,2026-06-19,Fri,2026-06-23,2,4,MOVESTOP_ONE,1,0,0,243.1,2635.75,60.96,2574.79,2635.75,60.96,2574.79,0,0,0,15:15,15:15,24000,TIME
NIFTY,2026-06-19,Fri,2026-06-23,2,4,MOVESTOP_RECENTER,1,0,0,243.1,2635.75,60.96,2574.79,2635.75,60.96,2574.79,0,0,0,15:15,15:15,24000,TIME
NIFTY,2026-06-19,Fri,2026-06-23,2,4,MOVESTOP_RC1,1,0,0,243.1,2635.75,60.96,2574.79,2635.75,60.96,2574.79,0,0,0,15:15,15:15,24000,TIME
NIFTY,2026-06-19,Fri,2026-06-23,2,4,MOVESTOP_RC_CD15,1,0,0,243.1,2635.75,60.96,2574.79,2635.75,60.96,2574.79,0,0,0,15:15,15:15,24000,TIME
NIFTY,2026-06-19,Fri,2026-06-23,2,4,NOSTOP_HOLD,1,0,0,243.1,2635.75,60.96,2574.79,2635.75,60.96,2574.79,0,0,0,15:15,15:15,24000,TIME
NIFTY,2026-06-22,Mon,2026-06-23,1,1,ONE_AND_DONE,1,0,0,169.0,2489.5,52.01,2437.49,2489.5,52.01,2437.49,0,0,0,15:15,15:15,24100,TIME
NIFTY,2026-06-22,Mon,2026-06-23,1,1,RECENTER_1,1,0,0,169.0,2489.5,52.01,2437.49,2489.5,52.01,2437.49,0,0,0,15:15,15:15,24100,TIME
NIFTY,2026-06-22,Mon,2026-06-23,1,1,RECENTER_2,1,0,0,169.0,2489.5,52.01,2437.49,2489.5,52.01,2437.49,0,0,0,15:15,15:15,24100,TIME
NIFTY,2026-06-22,Mon,2026-06-23,1,1,RECENTER_3,1,0,0,169.0,2489.5,52.01,2437.49,2489.5,52.01,2437.49,0,0,0,15:15,15:15,24100,TIME
NIFTY,2026-06-22,Mon,2026-06-23,1,1,RECENTER_5,1,0,0,169.0,2489.5,52.01,2437.49,2489.5,52.01,2437.49,0,0,0,15:15,15:15,24100,TIME
NIFTY,2026-06-22,Mon,2026-06-23,1,1,RECENTER_2_CD15,1,0,0,169.0,2489.5,52.01,2437.49,2489.5,52.01,2437.49,0,0,0,15:15,15:15,24100,TIME
NIFTY,2026-06-22,Mon,2026-06-23,1,1,RECENTER_3_CD15,1,0,0,169.0,2489.5,52.01,2437.49,2489.5,52.01,2437.49,0,0,0,15:15,15:15,24100,TIME
NIFTY,2026-06-22,Mon,2026-06-23,1,1,RECENTER_5_CD15,1,0,0,169.0,2489.5,52.01,2437.49,2489.5,52.01,2437.49,0,0,0,15:15,15:15,24100,TIME
NIFTY,2026-06-22,Mon,2026-06-23,1,1,RECENTER_5_NOGUARD,1,0,0,169.0,2489.5,52.01,2437.49,2489.5,52.01,2437.49,0,0,0,15:15,15:15,24100,TIME
NIFTY,2026-06-22,Mon,2026-06-23,1,1,MOVESTOP_ONE,1,0,0,169.0,2489.5,52.01,2437.49,2489.5,52.01,2437.49,0,0,0,15:15,15:15,24100,TIME
NIFTY,2026-06-22,Mon,2026-06-23,1,1,MOVESTOP_RECENTER,1,0,0,169.0,2489.5,52.01,2437.49,2489.5,52.01,2437.49,0,0,0,15:15,15:15,24100,TIME
NIFTY,2026-06-22,Mon,2026-06-23,1,1,MOVESTOP_RC1,1,0,0,169.0,2489.5,52.01,2437.49,2489.5,52.01,2437.49,0,0,0,15:15,15:15,24100,TIME
NIFTY,2026-06-22,Mon,2026-06-23,1,1,MOVESTOP_RC_CD15,1,0,0,169.0,2489.5,52.01,2437.49,2489.5,52.01,2437.49,0,0,0,15:15,15:15,24100,TIME
NIFTY,2026-06-22,Mon,2026-06-23,1,1,NOSTOP_HOLD,1,0,0,169.0,2489.5,52.01,2437.49,2489.5,52.01,2437.49,0,0,0,15:15,15:15,24100,TIME
NIFTY,2026-06-23,Tue,2026-06-23,0,0,ONE_AND_DONE,1,0,1,88.35,-2665.0,872.62,-3537.62,-2665.0,872.62,-3537.62,0,0,0,12:21,12:21,24050,SL
NIFTY,2026-06-23,Tue,2026-06-23,0,0,RECENTER_1,2,1,1,88.35,-4452.5,917.21,-5369.71,-2665.0,872.62,-3537.62,-1787.5,44.59,-1832.09,12:21,15:15,24050|23950,SL|TIME
NIFTY,2026-06-23,Tue,2026-06-23,0,0,RECENTER_2,2,1,1,88.35,-4452.5,917.21,-5369.71,-2665.0,872.62,-3537.62,-1787.5,44.59,-1832.09,12:21,15:15,24050|23950,SL|TIME
NIFTY,2026-06-23,Tue,2026-06-23,0,0,RECENTER_3,2,1,1,88.35,-4452.5,917.21,-5369.71,-2665.0,872.62,-3537.62,-1787.5,44.59,-1832.09,12:21,15:15,24050|23950,SL|TIME
NIFTY,2026-06-23,Tue,2026-06-23,0,0,RECENTER_5,2,1,1,88.35,-4452.5,917.21,-5369.71,-2665.0,872.62,-3537.62,-1787.5,44.59,-1832.09,12:21,15:15,24050|23950,SL|TIME
NIFTY,2026-06-23,Tue,2026-06-23,0,0,RECENTER_2_CD15,2,1,1,88.35,-4452.5,917.21,-5369.71,-2665.0,872.62,-3537.62,-1787.5,44.59,-1832.09,12:21,15:15,24050|23950,SL|TIME
NIFTY,2026-06-23,Tue,2026-06-23,0,0,RECENTER_3_CD15,2,1,1,88.35,-4452.5,917.21,-5369.71,-2665.0,872.62,-3537.62,-1787.5,44.59,-1832.09,12:21,15:15,24050|23950,SL|TIME
NIFTY,2026-06-23,Tue,2026-06-23,0,0,RECENTER_5_CD15,2,1,1,88.35,-4452.5,917.21,-5369.71,-2665.0,872.62,-3537.62,-1787.5,44.59,-1832.09,12:21,15:15,24050|23950,SL|TIME
NIFTY,2026-06-23,Tue,2026-06-23,0,0,RECENTER_5_NOGUARD,2,1,1,88.35,-4452.5,917.21,-5369.71,-2665.0,872.62,-3537.62,-1787.5,44.59,-1832.09,12:21,15:15,24050|23950,SL|TIME
NIFTY,2026-06-23,Tue,2026-06-23,0,0,MOVESTOP_ONE,1,0,1,88.35,-1664.0,872.17,-2536.17,-1664.0,872.17,-2536.17,0,0,0,12:12,12:12,24050,SL
NIFTY,2026-06-23,Tue,2026-06-23,0,0,MOVESTOP_RECENTER,2,1,1,88.35,-2304.25,1744.18,-4048.43,-1664.0,872.17,-2536.17,-640.25,872.01,-1512.26,12:12,15:01,24050|23950,SL|SL
NIFTY,2026-06-23,Tue,2026-06-23,0,0,MOVESTOP_RC1,2,1,1,88.35,-2304.25,1744.18,-4048.43,-1664.0,872.17,-2536.17,-640.25,872.01,-1512.26,12:12,15:01,24050|23950,SL|SL
NIFTY,2026-06-23,Tue,2026-06-23,0,0,MOVESTOP_RC_CD15,2,1,1,88.35,-2304.25,1744.18,-4048.43,-1664.0,872.17,-2536.17,-640.25,872.01,-1512.26,12:12,15:01,24050|23950,SL|SL
NIFTY,2026-06-23,Tue,2026-06-23,0,0,NOSTOP_HOLD,1,0,0,88.35,-8508.5,47.16,-8555.66,-8508.5,47.16,-8555.66,0,0,0,15:15,15:15,24050,TIME
NIFTY,2026-06-24,Wed,2026-06-30,4,6,ONE_AND_DONE,1,0,1,320.55,-2590.25,900.83,-3491.08,-2590.25,900.83,-3491.08,0,0,0,13:32,13:32,23850,SL
NIFTY,2026-06-24,Wed,2026-06-30,4,6,RECENTER_1,2,1,1,320.55,-1036.75,968.92,-2005.67,-2590.25,900.83,-3491.08,1553.5,68.09,1485.41,13:32,15:15,23850|24050,SL|TIME
NIFTY,2026-06-24,Wed,2026-06-30,4,6,RECENTER_2,2,1,1,320.55,-1036.75,968.92,-2005.67,-2590.25,900.83,-3491.08,1553.5,68.09,1485.41,13:32,15:15,23850|24050,SL|TIME
NIFTY,2026-06-24,Wed,2026-06-30,4,6,RECENTER_3,2,1,1,320.55,-1036.75,968.92,-2005.67,-2590.25,900.83,-3491.08,1553.5,68.09,1485.41,13:32,15:15,23850|24050,SL|TIME
NIFTY,2026-06-24,Wed,2026-06-30,4,6,RECENTER_5,2,1,1,320.55,-1036.75,968.92,-2005.67,-2590.25,900.83,-3491.08,1553.5,68.09,1485.41,13:32,15:15,23850|24050,SL|TIME
NIFTY,2026-06-24,Wed,2026-06-30,4,6,RECENTER_2_CD15,2,1,1,320.55,-1036.75,968.92,-2005.67,-2590.25,900.83,-3491.08,1553.5,68.09,1485.41,13:32,15:15,23850|24050,SL|TIME
NIFTY,2026-06-24,Wed,2026-06-30,4,6,RECENTER_3_CD15,2,1,1,320.55,-1036.75,968.92,-2005.67,-2590.25,900.83,-3491.08,1553.5,68.09,1485.41,13:32,15:15,23850|24050,SL|TIME
NIFTY,2026-06-24,Wed,2026-06-30,4,6,RECENTER_5_CD15,2,1,1,320.55,-1036.75,968.92,-2005.67,-2590.25,900.83,-3491.08,1553.5,68.09,1485.41,13:32,15:15,23850|24050,SL|TIME
NIFTY,2026-06-24,Wed,2026-06-30,4,6,RECENTER_5_NOGUARD,2,1,1,320.55,-1036.75,968.92,-2005.67,-2590.25,900.83,-3491.08,1553.5,68.09,1485.41,13:32,15:15,23850|24050,SL|TIME
NIFTY,2026-06-24,Wed,2026-06-30,4,6,MOVESTOP_ONE,1,0,1,320.55,29.25,899.65,-870.4,29.25,899.65,-870.4,0,0,0,10:24,10:24,23850,SL
NIFTY,2026-06-24,Wed,2026-06-30,4,6,MOVESTOP_RECENTER,3,2,1,320.55,1046.5,1865.67,-819.17,29.25,899.65,-870.4,1017.25,966.03,51.22,10:24,15:15,23850|23950|24050,SL|SL|TIME
NIFTY,2026-06-24,Wed,2026-06-30,4,6,MOVESTOP_RC1,2,1,1,320.55,-338.0,1797.82,-2135.82,29.25,899.65,-870.4,-367.25,898.17,-1265.42,10:24,13:16,23850|23950,SL|SL
NIFTY,2026-06-24,Wed,2026-06-30,4,6,MOVESTOP_RC_CD15,3,2,1,320.55,1046.5,1865.67,-819.17,29.25,899.65,-870.4,1017.25,966.03,51.22,10:24,15:15,23850|23950|24050,SL|SL|TIME
NIFTY,2026-06-24,Wed,2026-06-30,4,6,NOSTOP_HOLD,1,0,0,320.55,-1020.5,72.02,-1092.52,-1020.5,72.02,-1092.52,0,0,0,15:15,15:15,23850,TIME
NIFTY,2026-06-25,Thu,2026-06-30,3,5,ONE_AND_DONE,1,0,0,240.05,1878.5,60.93,1817.57,1878.5,60.93,1817.57,0,0,0,15:14,15:14,24150,TIME
NIFTY,2026-06-25,Thu,2026-06-30,3,5,RECENTER_1,1,0,0,240.05,1878.5,60.93,1817.57,1878.5,60.93,1817.57,0,0,0,15:14,15:14,24150,TIME
NIFTY,2026-06-25,Thu,2026-06-30,3,5,RECENTER_2,1,0,0,240.05,1878.5,60.93,1817.57,1878.5,60.93,1817.57,0,0,0,15:14,15:14,24150,TIME
NIFTY,2026-06-25,Thu,2026-06-30,3,5,RECENTER_3,1,0,0,240.05,1878.5,60.93,1817.57,1878.5,60.93,1817.57,0,0,0,15:14,15:14,24150,TIME
NIFTY,2026-06-25,Thu,2026-06-30,3,5,RECENTER_5,1,0,0,240.05,1878.5,60.93,1817.57,1878.5,60.93,1817.57,0,0,0,15:14,15:14,24150,TIME
NIFTY,2026-06-25,Thu,2026-06-30,3,5,RECENTER_2_CD15,1,0,0,240.05,1878.5,60.93,1817.57,1878.5,60.93,1817.57,0,0,0,15:14,15:14,24150,TIME
NIFTY,2026-06-25,Thu,2026-06-30,3,5,RECENTER_3_CD15,1,0,0,240.05,1878.5,60.93,1817.57,1878.5,60.93,1817.57,0,0,0,15:14,15:14,24150,TIME
NIFTY,2026-06-25,Thu,2026-06-30,3,5,RECENTER_5_CD15,1,0,0,240.05,1878.5,60.93,1817.57,1878.5,60.93,1817.57,0,0,0,15:14,15:14,24150,TIME
NIFTY,2026-06-25,Thu,2026-06-30,3,5,RECENTER_5_NOGUARD,1,0,0,240.05,1878.5,60.93,1817.57,1878.5,60.93,1817.57,0,0,0,15:14,15:14,24150,TIME
NIFTY,2026-06-25,Thu,2026-06-30,3,5,MOVESTOP_ONE,1,0,1,240.05,-562.25,890.12,-1452.37,-562.25,890.12,-1452.37,0,0,0,11:59,11:59,24150,SL
NIFTY,2026-06-25,Thu,2026-06-30,3,5,MOVESTOP_RECENTER,3,2,1,240.05,-897.0,1836.4,-2733.4,-562.25,890.12,-1452.37,-334.75,946.27,-1281.02,11:59,15:14,24150|24250|24150,SL|SL|TIME
NIFTY,2026-06-25,Thu,2026-06-30,3,5,MOVESTOP_RC1,2,1,1,240.05,-812.5,1778.26,-2590.76,-562.25,890.12,-1452.37,-250.25,888.14,-1138.39,11:59,14:17,24150|24250,SL|SL
NIFTY,2026-06-25,Thu,2026-06-30,3,5,MOVESTOP_RC_CD15,3,2,1,240.05,-897.0,1836.4,-2733.4,-562.25,890.12,-1452.37,-334.75,946.27,-1281.02,11:59,15:14,24150|24250|24150,SL|SL|TIME
NIFTY,2026-06-25,Thu,2026-06-30,3,5,NOSTOP_HOLD,1,0,0,240.05,1878.5,60.93,1817.57,1878.5,60.93,1817.57,0,0,0,15:14,15:14,24150,TIME
NIFTY,2026-06-29,Mon,2026-06-30,1,1,ONE_AND_DONE,1,0,1,178.0,-2970.5,883.66,-3854.16,-2970.5,883.66,-3854.16,0,0,0,12:33,12:33,24100,SL
NIFTY,2026-06-29,Mon,2026-06-30,1,1,RECENTER_1,2,1,1,178.0,-1183.0,937.81,-2120.81,-2970.5,883.66,-3854.16,1787.5,54.14,1733.36,12:33,15:15,24100|23950,SL|TIME
NIFTY,2026-06-29,Mon,2026-06-30,1,1,RECENTER_2,2,1,1,178.0,-1183.0,937.81,-2120.81,-2970.5,883.66,-3854.16,1787.5,54.14,1733.36,12:33,15:15,24100|23950,SL|TIME
NIFTY,2026-06-29,Mon,2026-06-30,1,1,RECENTER_3,2,1,1,178.0,-1183.0,937.81,-2120.81,-2970.5,883.66,-3854.16,1787.5,54.14,1733.36,12:33,15:15,24100|23950,SL|TIME
NIFTY,2026-06-29,Mon,2026-06-30,1,1,RECENTER_5,2,1,1,178.0,-1183.0,937.81,-2120.81,-2970.5,883.66,-3854.16,1787.5,54.14,1733.36,12:33,15:15,24100|23950,SL|TIME
NIFTY,2026-06-29,Mon,2026-06-30,1,1,RECENTER_2_CD15,2,1,1,178.0,-1183.0,937.81,-2120.81,-2970.5,883.66,-3854.16,1787.5,54.14,1733.36,12:33,15:15,24100|23950,SL|TIME
NIFTY,2026-06-29,Mon,2026-06-30,1,1,RECENTER_3_CD15,2,1,1,178.0,-1183.0,937.81,-2120.81,-2970.5,883.66,-3854.16,1787.5,54.14,1733.36,12:33,15:15,24100|23950,SL|TIME
NIFTY,2026-06-29,Mon,2026-06-30,1,1,RECENTER_5_CD15,2,1,1,178.0,-1183.0,937.81,-2120.81,-2970.5,883.66,-3854.16,1787.5,54.14,1733.36,12:33,15:15,24100|23950,SL|TIME
NIFTY,2026-06-29,Mon,2026-06-30,1,1,RECENTER_5_NOGUARD,2,1,1,178.0,-1183.0,937.81,-2120.81,-2970.5,883.66,-3854.16,1787.5,54.14,1733.36,12:33,15:15,24100|23950,SL|TIME
NIFTY,2026-06-29,Mon,2026-06-30,1,1,MOVESTOP_ONE,1,0,1,178.0,-663.0,882.62,-1545.62,-663.0,882.62,-1545.62,0,0,0,12:13,12:13,24100,SL
NIFTY,2026-06-29,Mon,2026-06-30,1,1,MOVESTOP_RECENTER,2,1,1,178.0,6.5,935.85,-929.35,-663.0,882.62,-1545.62,669.5,53.23,616.27,12:13,15:15,24100|24000,SL|TIME
NIFTY,2026-06-29,Mon,2026-06-30,1,1,MOVESTOP_RC1,2,1,1,178.0,6.5,935.85,-929.35,-663.0,882.62,-1545.62,669.5,53.23,616.27,12:13,15:15,24100|24000,SL|TIME
NIFTY,2026-06-29,Mon,2026-06-30,1,1,MOVESTOP_RC_CD15,2,1,1,178.0,6.5,935.85,-929.35,-663.0,882.62,-1545.62,669.5,53.23,616.27,12:13,15:15,24100|24000,SL|TIME
NIFTY,2026-06-29,Mon,2026-06-30,1,1,NOSTOP_HOLD,1,0,0,178.0,-1647.75,54.97,-1702.72,-1647.75,54.97,-1702.72,0,0,0,15:15,15:15,24100,TIME
NIFTY,2026-06-30,Tue,2026-06-30,0,0,ONE_AND_DONE,1,0,1,111.9,-2515.5,875.42,-3390.92,-2515.5,875.42,-3390.92,0,0,0,09:23,09:23,24000,SL
NIFTY,2026-06-30,Tue,2026-06-30,0,0,RECENTER_1,2,1,1,111.9,3893.5,921.35,2972.15,-2515.5,875.42,-3390.92,6409.0,45.93,6363.07,09:23,15:14,24000|23900,SL|TIME
NIFTY,2026-06-30,Tue,2026-06-30,0,0,RECENTER_2,2,1,1,111.9,3893.5,921.35,2972.15,-2515.5,875.42,-3390.92,6409.0,45.93,6363.07,09:23,15:14,24000|23900,SL|TIME
NIFTY,2026-06-30,Tue,2026-06-30,0,0,RECENTER_3,2,1,1,111.9,3893.5,921.35,2972.15,-2515.5,875.42,-3390.92,6409.0,45.93,6363.07,09:23,15:14,24000|23900,SL|TIME
NIFTY,2026-06-30,Tue,2026-06-30,0,0,RECENTER_5,2,1,1,111.9,3893.5,921.35,2972.15,-2515.5,875.42,-3390.92,6409.0,45.93,6363.07,09:23,15:14,24000|23900,SL|TIME
NIFTY,2026-06-30,Tue,2026-06-30,0,0,RECENTER_2_CD15,2,1,1,111.9,4137.25,921.7,3215.55,-2515.5,875.42,-3390.92,6652.75,46.28,6606.47,09:23,15:14,24000|23900,SL|TIME
NIFTY,2026-06-30,Tue,2026-06-30,0,0,RECENTER_3_CD15,2,1,1,111.9,4137.25,921.7,3215.55,-2515.5,875.42,-3390.92,6652.75,46.28,6606.47,09:23,15:14,24000|23900,SL|TIME
NIFTY,2026-06-30,Tue,2026-06-30,0,0,RECENTER_5_CD15,2,1,1,111.9,4137.25,921.7,3215.55,-2515.5,875.42,-3390.92,6652.75,46.28,6606.47,09:23,15:14,24000|23900,SL|TIME
NIFTY,2026-06-30,Tue,2026-06-30,0,0,RECENTER_5_NOGUARD,2,1,1,111.9,3893.5,921.35,2972.15,-2515.5,875.42,-3390.92,6409.0,45.93,6363.07,09:23,15:14,24000|23900,SL|TIME
NIFTY,2026-06-30,Tue,2026-06-30,0,0,MOVESTOP_ONE,1,0,1,111.9,-3363.75,875.8,-4239.55,-3363.75,875.8,-4239.55,0,0,0,09:31,09:31,24000,SL
NIFTY,2026-06-30,Tue,2026-06-30,0,0,MOVESTOP_RECENTER,4,3,1,111.9,-2528.5,2666.45,-5194.95,-3363.75,875.8,-4239.55,835.25,1790.65,-955.4,09:31,15:14,24000|23900|24000|23900,SL|SL|SL|TIME
NIFTY,2026-06-30,Tue,2026-06-30,0,0,MOVESTOP_RC1,2,1,1,111.9,-3451.5,1753.22,-5204.72,-3363.75,875.8,-4239.55,-87.75,877.42,-965.17,09:31,11:25,24000|23900,SL|SL
NIFTY,2026-06-30,Tue,2026-06-30,0,0,MOVESTOP_RC_CD15,4,3,1,111.9,-2528.5,2666.45,-5194.95,-3363.75,875.8,-4239.55,835.25,1790.65,-955.4,09:31,15:14,24000|23900|24000|23900,SL|SL|SL|TIME
NIFTY,2026-06-30,Tue,2026-06-30,0,0,NOSTOP_HOLD,1,0,0,111.9,-1491.75,46.86,-1538.61,-1491.75,46.86,-1538.61,0,0,0,15:14,15:14,24000,TIME
NIFTY,2026-07-01,Wed,2026-07-07,4,6,ONE_AND_DONE,1,0,0,336.15,2171.0,72.48,2098.52,2171.0,72.48,2098.52,0,0,0,15:15,15:15,23950,TIME
NIFTY,2026-07-01,Wed,2026-07-07,4,6,RECENTER_1,1,0,0,336.15,2171.0,72.48,2098.52,2171.0,72.48,2098.52,0,0,0,15:15,15:15,23950,TIME
NIFTY,2026-07-01,Wed,2026-07-07,4,6,RECENTER_2,1,0,0,336.15,2171.0,72.48,2098.52,2171.0,72.48,2098.52,0,0,0,15:15,15:15,23950,TIME
NIFTY,2026-07-01,Wed,2026-07-07,4,6,RECENTER_3,1,0,0,336.15,2171.0,72.48,2098.52,2171.0,72.48,2098.52,0,0,0,15:15,15:15,23950,TIME
NIFTY,2026-07-01,Wed,2026-07-07,4,6,RECENTER_5,1,0,0,336.15,2171.0,72.48,2098.52,2171.0,72.48,2098.52,0,0,0,15:15,15:15,23950,TIME
NIFTY,2026-07-01,Wed,2026-07-07,4,6,RECENTER_2_CD15,1,0,0,336.15,2171.0,72.48,2098.52,2171.0,72.48,2098.52,0,0,0,15:15,15:15,23950,TIME
NIFTY,2026-07-01,Wed,2026-07-07,4,6,RECENTER_3_CD15,1,0,0,336.15,2171.0,72.48,2098.52,2171.0,72.48,2098.52,0,0,0,15:15,15:15,23950,TIME
NIFTY,2026-07-01,Wed,2026-07-07,4,6,RECENTER_5_CD15,1,0,0,336.15,2171.0,72.48,2098.52,2171.0,72.48,2098.52,0,0,0,15:15,15:15,23950,TIME
NIFTY,2026-07-01,Wed,2026-07-07,4,6,RECENTER_5_NOGUARD,1,0,0,336.15,2171.0,72.48,2098.52,2171.0,72.48,2098.52,0,0,0,15:15,15:15,23950,TIME
NIFTY,2026-07-01,Wed,2026-07-07,4,6,MOVESTOP_ONE,1,0,1,336.15,182.0,901.48,-719.48,182.0,901.48,-719.48,0,0,0,10:19,10:19,23950,SL
NIFTY,2026-07-01,Wed,2026-07-07,4,6,MOVESTOP_RECENTER,2,1,1,336.15,2132.0,972.46,1159.54,182.0,901.48,-719.48,1950.0,70.98,1879.02,10:19,15:15,23950|24050,SL|TIME
NIFTY,2026-07-01,Wed,2026-07-07,4,6,MOVESTOP_RC1,2,1,1,336.15,2132.0,972.46,1159.54,182.0,901.48,-719.48,1950.0,70.98,1879.02,10:19,15:15,23950|24050,SL|TIME
NIFTY,2026-07-01,Wed,2026-07-07,4,6,MOVESTOP_RC_CD15,2,1,1,336.15,2132.0,972.46,1159.54,182.0,901.48,-719.48,1950.0,70.98,1879.02,10:19,15:15,23950|24050,SL|TIME
NIFTY,2026-07-01,Wed,2026-07-07,4,6,NOSTOP_HOLD,1,0,0,336.15,2171.0,72.48,2098.52,2171.0,72.48,2098.52,0,0,0,15:15,15:15,23950,TIME
NIFTY,2026-07-02,Thu,2026-07-07,3,5,ONE_AND_DONE,1,0,0,268.45,1914.25,64.36,1849.89,1914.25,64.36,1849.89,0,0,0,15:15,15:15,24100,TIME
NIFTY,2026-07-02,Thu,2026-07-07,3,5,RECENTER_1,1,0,0,268.45,1914.25,64.36,1849.89,1914.25,64.36,1849.89,0,0,0,15:15,15:15,24100,TIME
NIFTY,2026-07-02,Thu,2026-07-07,3,5,RECENTER_2,1,0,0,268.45,1914.25,64.36,1849.89,1914.25,64.36,1849.89,0,0,0,15:15,15:15,24100,TIME
NIFTY,2026-07-02,Thu,2026-07-07,3,5,RECENTER_3,1,0,0,268.45,1914.25,64.36,1849.89,1914.25,64.36,1849.89,0,0,0,15:15,15:15,24100,TIME
NIFTY,2026-07-02,Thu,2026-07-07,3,5,RECENTER_5,1,0,0,268.45,1914.25,64.36,1849.89,1914.25,64.36,1849.89,0,0,0,15:15,15:15,24100,TIME
NIFTY,2026-07-02,Thu,2026-07-07,3,5,RECENTER_2_CD15,1,0,0,268.45,1914.25,64.36,1849.89,1914.25,64.36,1849.89,0,0,0,15:15,15:15,24100,TIME
NIFTY,2026-07-02,Thu,2026-07-07,3,5,RECENTER_3_CD15,1,0,0,268.45,1914.25,64.36,1849.89,1914.25,64.36,1849.89,0,0,0,15:15,15:15,24100,TIME
NIFTY,2026-07-02,Thu,2026-07-07,3,5,RECENTER_5_CD15,1,0,0,268.45,1914.25,64.36,1849.89,1914.25,64.36,1849.89,0,0,0,15:15,15:15,24100,TIME
NIFTY,2026-07-02,Thu,2026-07-07,3,5,RECENTER_5_NOGUARD,1,0,0,268.45,1914.25,64.36,1849.89,1914.25,64.36,1849.89,0,0,0,15:15,15:15,24100,TIME
NIFTY,2026-07-02,Thu,2026-07-07,3,5,MOVESTOP_ONE,1,0,1,268.45,822.25,892.95,-70.7,822.25,892.95,-70.7,0,0,0,14:41,14:41,24100,SL
NIFTY,2026-07-02,Thu,2026-07-07,3,5,MOVESTOP_RECENTER,1,0,1,268.45,822.25,892.95,-70.7,822.25,892.95,-70.7,0,0,0,14:41,14:41,24100,SL
NIFTY,2026-07-02,Thu,2026-07-07,3,5,MOVESTOP_RC1,1,0,1,268.45,822.25,892.95,-70.7,822.25,892.95,-70.7,0,0,0,14:41,14:41,24100,SL
NIFTY,2026-07-02,Thu,2026-07-07,3,5,MOVESTOP_RC_CD15,1,0,1,268.45,822.25,892.95,-70.7,822.25,892.95,-70.7,0,0,0,14:41,14:41,24100,SL
NIFTY,2026-07-02,Thu,2026-07-07,3,5,NOSTOP_HOLD,1,0,0,268.45,1914.25,64.36,1849.89,1914.25,64.36,1849.89,0,0,0,15:15,15:15,24100,TIME
NIFTY,2026-07-03,Fri,2026-07-07,2,4,ONE_AND_DONE,1,0,0,217.15,2346.5,57.93,2288.57,2346.5,57.93,2288.57,0,0,0,15:15,15:15,24300,TIME
NIFTY,2026-07-03,Fri,2026-07-07,2,4,RECENTER_1,1,0,0,217.15,2346.5,57.93,2288.57,2346.5,57.93,2288.57,0,0,0,15:15,15:15,24300,TIME
NIFTY,2026-07-03,Fri,2026-07-07,2,4,RECENTER_2,1,0,0,217.15,2346.5,57.93,2288.57,2346.5,57.93,2288.57,0,0,0,15:15,15:15,24300,TIME
NIFTY,2026-07-03,Fri,2026-07-07,2,4,RECENTER_3,1,0,0,217.15,2346.5,57.93,2288.57,2346.5,57.93,2288.57,0,0,0,15:15,15:15,24300,TIME
NIFTY,2026-07-03,Fri,2026-07-07,2,4,RECENTER_5,1,0,0,217.15,2346.5,57.93,2288.57,2346.5,57.93,2288.57,0,0,0,15:15,15:15,24300,TIME
NIFTY,2026-07-03,Fri,2026-07-07,2,4,RECENTER_2_CD15,1,0,0,217.15,2346.5,57.93,2288.57,2346.5,57.93,2288.57,0,0,0,15:15,15:15,24300,TIME
NIFTY,2026-07-03,Fri,2026-07-07,2,4,RECENTER_3_CD15,1,0,0,217.15,2346.5,57.93,2288.57,2346.5,57.93,2288.57,0,0,0,15:15,15:15,24300,TIME
NIFTY,2026-07-03,Fri,2026-07-07,2,4,RECENTER_5_CD15,1,0,0,217.15,2346.5,57.93,2288.57,2346.5,57.93,2288.57,0,0,0,15:15,15:15,24300,TIME
NIFTY,2026-07-03,Fri,2026-07-07,2,4,RECENTER_5_NOGUARD,1,0,0,217.15,2346.5,57.93,2288.57,2346.5,57.93,2288.57,0,0,0,15:15,15:15,24300,TIME
NIFTY,2026-07-03,Fri,2026-07-07,2,4,MOVESTOP_ONE,1,0,0,217.15,2346.5,57.93,2288.57,2346.5,57.93,2288.57,0,0,0,15:15,15:15,24300,TIME
NIFTY,2026-07-03,Fri,2026-07-07,2,4,MOVESTOP_RECENTER,1,0,0,217.15,2346.5,57.93,2288.57,2346.5,57.93,2288.57,0,0,0,15:15,15:15,24300,TIME
NIFTY,2026-07-03,Fri,2026-07-07,2,4,MOVESTOP_RC1,1,0,0,217.15,2346.5,57.93,2288.57,2346.5,57.93,2288.57,0,0,0,15:15,15:15,24300,TIME
NIFTY,2026-07-03,Fri,2026-07-07,2,4,MOVESTOP_RC_CD15,1,0,0,217.15,2346.5,57.93,2288.57,2346.5,57.93,2288.57,0,0,0,15:15,15:15,24300,TIME
NIFTY,2026-07-03,Fri,2026-07-07,2,4,NOSTOP_HOLD,1,0,0,217.15,2346.5,57.93,2288.57,2346.5,57.93,2288.57,0,0,0,15:15,15:15,24300,TIME
NIFTY,2026-07-06,Mon,2026-07-07,1,1,ONE_AND_DONE,1,0,0,155.45,1400.75,50.85,1349.9,1400.75,50.85,1349.9,0,0,0,15:14,15:14,24350,TIME
NIFTY,2026-07-06,Mon,2026-07-07,1,1,RECENTER_1,1,0,0,155.45,1400.75,50.85,1349.9,1400.75,50.85,1349.9,0,0,0,15:14,15:14,24350,TIME
NIFTY,2026-07-06,Mon,2026-07-07,1,1,RECENTER_2,1,0,0,155.45,1400.75,50.85,1349.9,1400.75,50.85,1349.9,0,0,0,15:14,15:14,24350,TIME
NIFTY,2026-07-06,Mon,2026-07-07,1,1,RECENTER_3,1,0,0,155.45,1400.75,50.85,1349.9,1400.75,50.85,1349.9,0,0,0,15:14,15:14,24350,TIME
NIFTY,2026-07-06,Mon,2026-07-07,1,1,RECENTER_5,1,0,0,155.45,1400.75,50.85,1349.9,1400.75,50.85,1349.9,0,0,0,15:14,15:14,24350,TIME
NIFTY,2026-07-06,Mon,2026-07-07,1,1,RECENTER_2_CD15,1,0,0,155.45,1400.75,50.85,1349.9,1400.75,50.85,1349.9,0,0,0,15:14,15:14,24350,TIME
NIFTY,2026-07-06,Mon,2026-07-07,1,1,RECENTER_3_CD15,1,0,0,155.45,1400.75,50.85,1349.9,1400.75,50.85,1349.9,0,0,0,15:14,15:14,24350,TIME
NIFTY,2026-07-06,Mon,2026-07-07,1,1,RECENTER_5_CD15,1,0,0,155.45,1400.75,50.85,1349.9,1400.75,50.85,1349.9,0,0,0,15:14,15:14,24350,TIME
NIFTY,2026-07-06,Mon,2026-07-07,1,1,RECENTER_5_NOGUARD,1,0,0,155.45,1400.75,50.85,1349.9,1400.75,50.85,1349.9,0,0,0,15:14,15:14,24350,TIME
NIFTY,2026-07-06,Mon,2026-07-07,1,1,MOVESTOP_ONE,1,0,1,155.45,-328.25,879.73,-1207.98,-328.25,879.73,-1207.98,0,0,0,12:13,12:13,24350,SL
NIFTY,2026-07-06,Mon,2026-07-07,1,1,MOVESTOP_RECENTER,2,1,1,155.45,1222.0,928.83,293.17,-328.25,879.73,-1207.98,1550.25,49.1,1501.15,12:13,15:14,24350|24450,SL|TIME
NIFTY,2026-07-06,Mon,2026-07-07,1,1,MOVESTOP_RC1,2,1,1,155.45,1222.0,928.83,293.17,-328.25,879.73,-1207.98,1550.25,49.1,1501.15,12:13,15:14,24350|24450,SL|TIME
NIFTY,2026-07-06,Mon,2026-07-07,1,1,MOVESTOP_RC_CD15,2,1,1,155.45,1222.0,928.83,293.17,-328.25,879.73,-1207.98,1550.25,49.1,1501.15,12:13,15:14,24350|24450,SL|TIME
NIFTY,2026-07-06,Mon,2026-07-07,1,1,NOSTOP_HOLD,1,0,0,155.45,1400.75,50.85,1349.9,1400.75,50.85,1349.9,0,0,0,15:14,15:14,24350,TIME
NIFTY,2026-07-07,Tue,2026-07-07,0,0,ONE_AND_DONE,1,0,0,94.7,2908.75,42.79,2865.96,2908.75,42.79,2865.96,0,0,0,15:14,15:14,24450,TIME
NIFTY,2026-07-07,Tue,2026-07-07,0,0,RECENTER_1,1,0,0,94.7,2908.75,42.79,2865.96,2908.75,42.79,2865.96,0,0,0,15:14,15:14,24450,TIME
NIFTY,2026-07-07,Tue,2026-07-07,0,0,RECENTER_2,1,0,0,94.7,2908.75,42.79,2865.96,2908.75,42.79,2865.96,0,0,0,15:14,15:14,24450,TIME
NIFTY,2026-07-07,Tue,2026-07-07,0,0,RECENTER_3,1,0,0,94.7,2908.75,42.79,2865.96,2908.75,42.79,2865.96,0,0,0,15:14,15:14,24450,TIME
NIFTY,2026-07-07,Tue,2026-07-07,0,0,RECENTER_5,1,0,0,94.7,2908.75,42.79,2865.96,2908.75,42.79,2865.96,0,0,0,15:14,15:14,24450,TIME
NIFTY,2026-07-07,Tue,2026-07-07,0,0,RECENTER_2_CD15,1,0,0,94.7,2908.75,42.79,2865.96,2908.75,42.79,2865.96,0,0,0,15:14,15:14,24450,TIME
NIFTY,2026-07-07,Tue,2026-07-07,0,0,RECENTER_3_CD15,1,0,0,94.7,2908.75,42.79,2865.96,2908.75,42.79,2865.96,0,0,0,15:14,15:14,24450,TIME
NIFTY,2026-07-07,Tue,2026-07-07,0,0,RECENTER_5_CD15,1,0,0,94.7,2908.75,42.79,2865.96,2908.75,42.79,2865.96,0,0,0,15:14,15:14,24450,TIME
NIFTY,2026-07-07,Tue,2026-07-07,0,0,RECENTER_5_NOGUARD,1,0,0,94.7,2908.75,42.79,2865.96,2908.75,42.79,2865.96,0,0,0,15:14,15:14,24450,TIME
NIFTY,2026-07-07,Tue,2026-07-07,0,0,MOVESTOP_ONE,1,0,0,94.7,2908.75,42.79,2865.96,2908.75,42.79,2865.96,0,0,0,15:14,15:14,24450,TIME
NIFTY,2026-07-07,Tue,2026-07-07,0,0,MOVESTOP_RECENTER,1,0,0,94.7,2908.75,42.79,2865.96,2908.75,42.79,2865.96,0,0,0,15:14,15:14,24450,TIME
NIFTY,2026-07-07,Tue,2026-07-07,0,0,MOVESTOP_RC1,1,0,0,94.7,2908.75,42.79,2865.96,2908.75,42.79,2865.96,0,0,0,15:14,15:14,24450,TIME
NIFTY,2026-07-07,Tue,2026-07-07,0,0,MOVESTOP_RC_CD15,1,0,0,94.7,2908.75,42.79,2865.96,2908.75,42.79,2865.96,0,0,0,15:14,15:14,24450,TIME
NIFTY,2026-07-07,Tue,2026-07-07,0,0,NOSTOP_HOLD,1,0,0,94.7,2908.75,42.79,2865.96,2908.75,42.79,2865.96,0,0,0,15:14,15:14,24450,TIME
NIFTY,2026-07-08,Wed,2026-07-14,4,6,ONE_AND_DONE,1,0,1,291.65,-2726.75,897.37,-3624.12,-2726.75,897.37,-3624.12,0,0,0,13:51,13:51,24250,SL
NIFTY,2026-07-08,Wed,2026-07-14,4,6,RECENTER_1,2,1,1,291.65,-5853.25,1796.36,-7649.61,-2726.75,897.37,-3624.12,-3126.5,898.98,-4025.48,13:51,13:59,24250|24100,SL|SL
NIFTY,2026-07-08,Wed,2026-07-14,4,6,RECENTER_2,3,2,1,291.65,-8690.5,2700.36,-11390.86,-2726.75,897.37,-3624.12,-5963.75,1802.98,-7766.73,13:51,14:06,24250|24100|24000,SL|SL|SL
NIFTY,2026-07-08,Wed,2026-07-14,4,6,RECENTER_3,4,3,1,291.65,-7910.5,2779.48,-10689.98,-2726.75,897.37,-3624.12,-5183.75,1882.11,-7065.86,13:51,15:15,24250|24100|24000|23950,SL|SL|SL|TIME
NIFTY,2026-07-08,Wed,2026-07-14,4,6,RECENTER_5,4,3,1,291.65,-7910.5,2779.48,-10689.98,-2726.75,897.37,-3624.12,-5183.75,1882.11,-7065.86,13:51,15:15,24250|24100|24000|23950,SL|SL|SL|TIME
NIFTY,2026-07-08,Wed,2026-07-14,4,6,RECENTER_2_CD15,3,2,1,291.65,-5073.25,1875.48,-6948.73,-2726.75,897.37,-3624.12,-2346.5,978.11,-3324.61,13:51,15:15,24250|24100|23950,SL|SL|TIME
NIFTY,2026-07-08,Wed,2026-07-14,4,6,RECENTER_3_CD15,3,2,1,291.65,-5073.25,1875.48,-6948.73,-2726.75,897.37,-3624.12,-2346.5,978.11,-3324.61,13:51,15:15,24250|24100|23950,SL|SL|TIME
NIFTY,2026-07-08,Wed,2026-07-14,4,6,RECENTER_5_CD15,3,2,1,291.65,-5073.25,1875.48,-6948.73,-2726.75,897.37,-3624.12,-2346.5,978.11,-3324.61,13:51,15:15,24250|24100|23950,SL|SL|TIME
NIFTY,2026-07-08,Wed,2026-07-14,4,6,RECENTER_5_NOGUARD,4,3,1,291.65,-7910.5,2779.48,-10689.98,-2726.75,897.37,-3624.12,-5183.75,1882.11,-7065.86,13:51,15:15,24250|24100|24000|23950,SL|SL|SL|TIME
NIFTY,2026-07-08,Wed,2026-07-14,4,6,MOVESTOP_ONE,1,0,1,291.65,-165.75,896.22,-1061.97,-165.75,896.22,-1061.97,0,0,0,13:47,13:47,24250,SL
NIFTY,2026-07-08,Wed,2026-07-14,4,6,MOVESTOP_RECENTER,4,3,1,291.65,-8667.75,3602.55,-12270.3,-165.75,896.22,-1061.97,-8502.0,2706.33,-11208.33,13:47,14:46,24250|24150|24050|23950,SL|SL|SL|SL
NIFTY,2026-07-08,Wed,2026-07-14,4,6,MOVESTOP_RC1,2,1,1,291.65,-3493.75,1792.68,-5286.43,-165.75,896.22,-1061.97,-3328.0,896.46,-4224.46,13:47,13:55,24250|24150,SL|SL
NIFTY,2026-07-08,Wed,2026-07-14,4,6,MOVESTOP_RC_CD15,4,3,1,291.65,-6795.75,3608.0,-10403.75,-165.75,896.22,-1061.97,-6630.0,2711.78,-9341.78,13:47,14:52,24250|24150|24000|23900,SL|SL|SL|SL
NIFTY,2026-07-08,Wed,2026-07-14,4,6,NOSTOP_HOLD,1,0,0,291.65,-11856.0,73.39,-11929.39,-11856.0,73.39,-11929.39,0,0,0,15:15,15:15,24250,TIME
NIFTY,2026-07-09,Thu,2026-07-14,3,5,ONE_AND_DONE,1,0,0,318.95,2743.0,70.13,2672.87,2743.0,70.13,2672.87,0,0,0,15:15,15:15,23950,TIME
NIFTY,2026-07-09,Thu,2026-07-14,3,5,RECENTER_1,1,0,0,318.95,2743.0,70.13,2672.87,2743.0,70.13,2672.87,0,0,0,15:15,15:15,23950,TIME
NIFTY,2026-07-09,Thu,2026-07-14,3,5,RECENTER_2,1,0,0,318.95,2743.0,70.13,2672.87,2743.0,70.13,2672.87,0,0,0,15:15,15:15,23950,TIME
NIFTY,2026-07-09,Thu,2026-07-14,3,5,RECENTER_3,1,0,0,318.95,2743.0,70.13,2672.87,2743.0,70.13,2672.87,0,0,0,15:15,15:15,23950,TIME
NIFTY,2026-07-09,Thu,2026-07-14,3,5,RECENTER_5,1,0,0,318.95,2743.0,70.13,2672.87,2743.0,70.13,2672.87,0,0,0,15:15,15:15,23950,TIME
NIFTY,2026-07-09,Thu,2026-07-14,3,5,RECENTER_2_CD15,1,0,0,318.95,2743.0,70.13,2672.87,2743.0,70.13,2672.87,0,0,0,15:15,15:15,23950,TIME
NIFTY,2026-07-09,Thu,2026-07-14,3,5,RECENTER_3_CD15,1,0,0,318.95,2743.0,70.13,2672.87,2743.0,70.13,2672.87,0,0,0,15:15,15:15,23950,TIME
NIFTY,2026-07-09,Thu,2026-07-14,3,5,RECENTER_5_CD15,1,0,0,318.95,2743.0,70.13,2672.87,2743.0,70.13,2672.87,0,0,0,15:15,15:15,23950,TIME
NIFTY,2026-07-09,Thu,2026-07-14,3,5,RECENTER_5_NOGUARD,1,0,0,318.95,2743.0,70.13,2672.87,2743.0,70.13,2672.87,0,0,0,15:15,15:15,23950,TIME
NIFTY,2026-07-09,Thu,2026-07-14,3,5,MOVESTOP_ONE,1,0,1,318.95,666.25,899.17,-232.92,666.25,899.17,-232.92,0,0,0,09:47,09:47,23950,SL
NIFTY,2026-07-09,Thu,2026-07-14,3,5,MOVESTOP_RECENTER,2,1,1,318.95,253.5,1795.46,-1541.96,666.25,899.17,-232.92,-412.75,896.3,-1309.05,09:47,15:07,23950|24050,SL|SL
NIFTY,2026-07-09,Thu,2026-07-14,3,5,MOVESTOP_RC1,2,1,1,318.95,253.5,1795.46,-1541.96,666.25,899.17,-232.92,-412.75,896.3,-1309.05,09:47,15:07,23950|24050,SL|SL
NIFTY,2026-07-09,Thu,2026-07-14,3,5,MOVESTOP_RC_CD15,2,1,1,318.95,253.5,1795.46,-1541.96,666.25,899.17,-232.92,-412.75,896.3,-1309.05,09:47,15:07,23950|24050,SL|SL
NIFTY,2026-07-09,Thu,2026-07-14,3,5,NOSTOP_HOLD,1,0,0,318.95,2743.0,70.13,2672.87,2743.0,70.13,2672.87,0,0,0,15:15,15:15,23950,TIME
NIFTY,2026-07-10,Fri,2026-07-14,2,4,ONE_AND_DONE,1,0,0,234.35,2002.0,60.18,1941.82,2002.0,60.18,1941.82,0,0,0,15:15,15:15,24150,TIME
NIFTY,2026-07-10,Fri,2026-07-14,2,4,RECENTER_1,1,0,0,234.35,2002.0,60.18,1941.82,2002.0,60.18,1941.82,0,0,0,15:15,15:15,24150,TIME
NIFTY,2026-07-10,Fri,2026-07-14,2,4,RECENTER_2,1,0,0,234.35,2002.0,60.18,1941.82,2002.0,60.18,1941.82,0,0,0,15:15,15:15,24150,TIME
NIFTY,2026-07-10,Fri,2026-07-14,2,4,RECENTER_3,1,0,0,234.35,2002.0,60.18,1941.82,2002.0,60.18,1941.82,0,0,0,15:15,15:15,24150,TIME
NIFTY,2026-07-10,Fri,2026-07-14,2,4,RECENTER_5,1,0,0,234.35,2002.0,60.18,1941.82,2002.0,60.18,1941.82,0,0,0,15:15,15:15,24150,TIME
NIFTY,2026-07-10,Fri,2026-07-14,2,4,RECENTER_2_CD15,1,0,0,234.35,2002.0,60.18,1941.82,2002.0,60.18,1941.82,0,0,0,15:15,15:15,24150,TIME
NIFTY,2026-07-10,Fri,2026-07-14,2,4,RECENTER_3_CD15,1,0,0,234.35,2002.0,60.18,1941.82,2002.0,60.18,1941.82,0,0,0,15:15,15:15,24150,TIME
NIFTY,2026-07-10,Fri,2026-07-14,2,4,RECENTER_5_CD15,1,0,0,234.35,2002.0,60.18,1941.82,2002.0,60.18,1941.82,0,0,0,15:15,15:15,24150,TIME
NIFTY,2026-07-10,Fri,2026-07-14,2,4,RECENTER_5_NOGUARD,1,0,0,234.35,2002.0,60.18,1941.82,2002.0,60.18,1941.82,0,0,0,15:15,15:15,24150,TIME
NIFTY,2026-07-10,Fri,2026-07-14,2,4,MOVESTOP_ONE,1,0,0,234.35,2002.0,60.18,1941.82,2002.0,60.18,1941.82,0,0,0,15:15,15:15,24150,TIME
NIFTY,2026-07-10,Fri,2026-07-14,2,4,MOVESTOP_RECENTER,1,0,0,234.35,2002.0,60.18,1941.82,2002.0,60.18,1941.82,0,0,0,15:15,15:15,24150,TIME
NIFTY,2026-07-10,Fri,2026-07-14,2,4,MOVESTOP_RC1,1,0,0,234.35,2002.0,60.18,1941.82,2002.0,60.18,1941.82,0,0,0,15:15,15:15,24150,TIME
NIFTY,2026-07-10,Fri,2026-07-14,2,4,MOVESTOP_RC_CD15,1,0,0,234.35,2002.0,60.18,1941.82,2002.0,60.18,1941.82,0,0,0,15:15,15:15,24150,TIME
NIFTY,2026-07-10,Fri,2026-07-14,2,4,NOSTOP_HOLD,1,0,0,234.35,2002.0,60.18,1941.82,2002.0,60.18,1941.82,0,0,0,15:15,15:15,24150,TIME
NIFTY,2026-07-13,Mon,2026-07-14,1,1,ONE_AND_DONE,1,0,1,181.6,-2678.0,883.97,-3561.97,-2678.0,883.97,-3561.97,0,0,0,10:29,10:29,24000,SL
NIFTY,2026-07-13,Mon,2026-07-14,1,1,RECENTER_1,2,1,1,181.6,-1774.5,939.11,-2713.61,-2678.0,883.97,-3561.97,903.5,55.14,848.36,10:29,15:15,24000|24150,SL|TIME
NIFTY,2026-07-13,Mon,2026-07-14,1,1,RECENTER_2,2,1,1,181.6,-1774.5,939.11,-2713.61,-2678.0,883.97,-3561.97,903.5,55.14,848.36,10:29,15:15,24000|24150,SL|TIME
NIFTY,2026-07-13,Mon,2026-07-14,1,1,RECENTER_3,2,1,1,181.6,-1774.5,939.11,-2713.61,-2678.0,883.97,-3561.97,903.5,55.14,848.36,10:29,15:15,24000|24150,SL|TIME
NIFTY,2026-07-13,Mon,2026-07-14,1,1,RECENTER_5,2,1,1,181.6,-1774.5,939.11,-2713.61,-2678.0,883.97,-3561.97,903.5,55.14,848.36,10:29,15:15,24000|24150,SL|TIME
NIFTY,2026-07-13,Mon,2026-07-14,1,1,RECENTER_2_CD15,2,1,1,181.6,-1774.5,939.11,-2713.61,-2678.0,883.97,-3561.97,903.5,55.14,848.36,10:29,15:15,24000|24150,SL|TIME
NIFTY,2026-07-13,Mon,2026-07-14,1,1,RECENTER_3_CD15,2,1,1,181.6,-1774.5,939.11,-2713.61,-2678.0,883.97,-3561.97,903.5,55.14,848.36,10:29,15:15,24000|24150,SL|TIME
NIFTY,2026-07-13,Mon,2026-07-14,1,1,RECENTER_5_CD15,2,1,1,181.6,-1774.5,939.11,-2713.61,-2678.0,883.97,-3561.97,903.5,55.14,848.36,10:29,15:15,24000|24150,SL|TIME
NIFTY,2026-07-13,Mon,2026-07-14,1,1,RECENTER_5_NOGUARD,2,1,1,181.6,-1774.5,939.11,-2713.61,-2678.0,883.97,-3561.97,903.5,55.14,848.36,10:29,15:15,24000|24150,SL|TIME
NIFTY,2026-07-13,Mon,2026-07-14,1,1,MOVESTOP_ONE,1,0,1,181.6,-1933.75,883.63,-2817.38,-1933.75,883.63,-2817.38,0,0,0,09:59,09:59,24000,SL
NIFTY,2026-07-13,Mon,2026-07-14,1,1,MOVESTOP_RECENTER,3,2,1,181.6,-1888.25,1822.65,-3710.9,-1933.75,883.63,-2817.38,45.5,939.02,-893.52,09:59,15:15,24000|24100|24200,SL|SL|TIME
NIFTY,2026-07-13,Mon,2026-07-14,1,1,MOVESTOP_RC1,2,1,1,181.6,-3513.25,1768.06,-5281.31,-1933.75,883.63,-2817.38,-1579.5,884.42,-2463.92,09:59,12:46,24000|24100,SL|SL
NIFTY,2026-07-13,Mon,2026-07-14,1,1,MOVESTOP_RC_CD15,3,2,1,181.6,-1888.25,1822.65,-3710.9,-1933.75,883.63,-2817.38,45.5,939.02,-893.52,09:59,15:15,24000|24100|24200,SL|SL|TIME
NIFTY,2026-07-13,Mon,2026-07-14,1,1,NOSTOP_HOLD,1,0,0,181.6,-5213.0,57.01,-5270.01,-5213.0,57.01,-5270.01,0,0,0,15:15,15:15,24000,TIME
NIFTY,2026-07-14,Tue,2026-07-14,0,0,ONE_AND_DONE,1,0,0,124.85,7699.25,44.29,7654.96,7699.25,44.29,7654.96,0,0,0,15:15,15:15,24050,TIME
NIFTY,2026-07-14,Tue,2026-07-14,0,0,RECENTER_1,1,0,0,124.85,7699.25,44.29,7654.96,7699.25,44.29,7654.96,0,0,0,15:15,15:15,24050,TIME
NIFTY,2026-07-14,Tue,2026-07-14,0,0,RECENTER_2,1,0,0,124.85,7699.25,44.29,7654.96,7699.25,44.29,7654.96,0,0,0,15:15,15:15,24050,TIME
NIFTY,2026-07-14,Tue,2026-07-14,0,0,RECENTER_3,1,0,0,124.85,7699.25,44.29,7654.96,7699.25,44.29,7654.96,0,0,0,15:15,15:15,24050,TIME
NIFTY,2026-07-14,Tue,2026-07-14,0,0,RECENTER_5,1,0,0,124.85,7699.25,44.29,7654.96,7699.25,44.29,7654.96,0,0,0,15:15,15:15,24050,TIME
NIFTY,2026-07-14,Tue,2026-07-14,0,0,RECENTER_2_CD15,1,0,0,124.85,7699.25,44.29,7654.96,7699.25,44.29,7654.96,0,0,0,15:15,15:15,24050,TIME
NIFTY,2026-07-14,Tue,2026-07-14,0,0,RECENTER_3_CD15,1,0,0,124.85,7699.25,44.29,7654.96,7699.25,44.29,7654.96,0,0,0,15:15,15:15,24050,TIME
NIFTY,2026-07-14,Tue,2026-07-14,0,0,RECENTER_5_CD15,1,0,0,124.85,7699.25,44.29,7654.96,7699.25,44.29,7654.96,0,0,0,15:15,15:15,24050,TIME
NIFTY,2026-07-14,Tue,2026-07-14,0,0,RECENTER_5_NOGUARD,1,0,0,124.85,7699.25,44.29,7654.96,7699.25,44.29,7654.96,0,0,0,15:15,15:15,24050,TIME
NIFTY,2026-07-14,Tue,2026-07-14,0,0,MOVESTOP_ONE,1,0,0,124.85,7699.25,44.29,7654.96,7699.25,44.29,7654.96,0,0,0,15:15,15:15,24050,TIME
NIFTY,2026-07-14,Tue,2026-07-14,0,0,MOVESTOP_RECENTER,1,0,0,124.85,7699.25,44.29,7654.96,7699.25,44.29,7654.96,0,0,0,15:15,15:15,24050,TIME
NIFTY,2026-07-14,Tue,2026-07-14,0,0,MOVESTOP_RC1,1,0,0,124.85,7699.25,44.29,7654.96,7699.25,44.29,7654.96,0,0,0,15:15,15:15,24050,TIME
NIFTY,2026-07-14,Tue,2026-07-14,0,0,MOVESTOP_RC_CD15,1,0,0,124.85,7699.25,44.29,7654.96,7699.25,44.29,7654.96,0,0,0,15:15,15:15,24050,TIME
NIFTY,2026-07-14,Tue,2026-07-14,0,0,NOSTOP_HOLD,1,0,0,124.85,7699.25,44.29,7654.96,7699.25,44.29,7654.96,0,0,0,15:15,15:15,24050,TIME
NIFTY,2026-07-15,Wed,2026-07-21,4,6,ONE_AND_DONE,1,0,0,327.65,1189.5,71.89,1117.61,1189.5,71.89,1117.61,0,0,0,15:14,15:14,24100,TIME
NIFTY,2026-07-15,Wed,2026-07-21,4,6,RECENTER_1,1,0,0,327.65,1189.5,71.89,1117.61,1189.5,71.89,1117.61,0,0,0,15:14,15:14,24100,TIME
NIFTY,2026-07-15,Wed,2026-07-21,4,6,RECENTER_2,1,0,0,327.65,1189.5,71.89,1117.61,1189.5,71.89,1117.61,0,0,0,15:14,15:14,24100,TIME
NIFTY,2026-07-15,Wed,2026-07-21,4,6,RECENTER_3,1,0,0,327.65,1189.5,71.89,1117.61,1189.5,71.89,1117.61,0,0,0,15:14,15:14,24100,TIME
NIFTY,2026-07-15,Wed,2026-07-21,4,6,RECENTER_5,1,0,0,327.65,1189.5,71.89,1117.61,1189.5,71.89,1117.61,0,0,0,15:14,15:14,24100,TIME
NIFTY,2026-07-15,Wed,2026-07-21,4,6,RECENTER_2_CD15,1,0,0,327.65,1189.5,71.89,1117.61,1189.5,71.89,1117.61,0,0,0,15:14,15:14,24100,TIME
NIFTY,2026-07-15,Wed,2026-07-21,4,6,RECENTER_3_CD15,1,0,0,327.65,1189.5,71.89,1117.61,1189.5,71.89,1117.61,0,0,0,15:14,15:14,24100,TIME
NIFTY,2026-07-15,Wed,2026-07-21,4,6,RECENTER_5_CD15,1,0,0,327.65,1189.5,71.89,1117.61,1189.5,71.89,1117.61,0,0,0,15:14,15:14,24100,TIME
NIFTY,2026-07-15,Wed,2026-07-21,4,6,RECENTER_5_NOGUARD,1,0,0,327.65,1189.5,71.89,1117.61,1189.5,71.89,1117.61,0,0,0,15:14,15:14,24100,TIME
NIFTY,2026-07-15,Wed,2026-07-21,4,6,MOVESTOP_ONE,1,0,1,327.65,-871.0,900.92,-1771.92,-871.0,900.92,-1771.92,0,0,0,09:26,09:26,24100,SL
NIFTY,2026-07-15,Wed,2026-07-21,4,6,MOVESTOP_RECENTER,3,2,1,327.65,-416.0,1872.41,-2288.41,-871.0,900.92,-1771.92,455.0,971.49,-516.49,09:26,15:14,24100|24200|24050,SL|SL|TIME
NIFTY,2026-07-15,Wed,2026-07-21,4,6,MOVESTOP_RC1,2,1,1,327.65,-1049.75,1801.44,-2851.19,-871.0,900.92,-1771.92,-178.75,900.52,-1079.27,09:26,12:56,24100|24200,SL|SL
NIFTY,2026-07-15,Wed,2026-07-21,4,6,MOVESTOP_RC_CD15,3,2,1,327.65,-549.25,1872.22,-2421.47,-871.0,900.92,-1771.92,321.75,971.3,-649.55,09:26,15:14,24100|24200|24050,SL|SL|TIME
NIFTY,2026-07-15,Wed,2026-07-21,4,6,NOSTOP_HOLD,1,0,0,327.65,1189.5,71.89,1117.61,1189.5,71.89,1117.61,0,0,0,15:14,15:14,24100,TIME
NIFTY,2026-07-16,Thu,2026-07-21,3,5,ONE_AND_DONE,1,0,0,284.6,1657.5,66.44,1591.06,1657.5,66.44,1591.06,0,0,0,15:15,15:15,24150,TIME
NIFTY,2026-07-16,Thu,2026-07-21,3,5,RECENTER_1,1,0,0,284.6,1657.5,66.44,1591.06,1657.5,66.44,1591.06,0,0,0,15:15,15:15,24150,TIME
NIFTY,2026-07-16,Thu,2026-07-21,3,5,RECENTER_2,1,0,0,284.6,1657.5,66.44,1591.06,1657.5,66.44,1591.06,0,0,0,15:15,15:15,24150,TIME
NIFTY,2026-07-16,Thu,2026-07-21,3,5,RECENTER_3,1,0,0,284.6,1657.5,66.44,1591.06,1657.5,66.44,1591.06,0,0,0,15:15,15:15,24150,TIME
NIFTY,2026-07-16,Thu,2026-07-21,3,5,RECENTER_5,1,0,0,284.6,1657.5,66.44,1591.06,1657.5,66.44,1591.06,0,0,0,15:15,15:15,24150,TIME
NIFTY,2026-07-16,Thu,2026-07-21,3,5,RECENTER_2_CD15,1,0,0,284.6,1657.5,66.44,1591.06,1657.5,66.44,1591.06,0,0,0,15:15,15:15,24150,TIME
NIFTY,2026-07-16,Thu,2026-07-21,3,5,RECENTER_3_CD15,1,0,0,284.6,1657.5,66.44,1591.06,1657.5,66.44,1591.06,0,0,0,15:15,15:15,24150,TIME
NIFTY,2026-07-16,Thu,2026-07-21,3,5,RECENTER_5_CD15,1,0,0,284.6,1657.5,66.44,1591.06,1657.5,66.44,1591.06,0,0,0,15:15,15:15,24150,TIME
NIFTY,2026-07-16,Thu,2026-07-21,3,5,RECENTER_5_NOGUARD,1,0,0,284.6,1657.5,66.44,1591.06,1657.5,66.44,1591.06,0,0,0,15:15,15:15,24150,TIME
NIFTY,2026-07-16,Thu,2026-07-21,3,5,MOVESTOP_ONE,1,0,0,284.6,1657.5,66.44,1591.06,1657.5,66.44,1591.06,0,0,0,15:15,15:15,24150,TIME
NIFTY,2026-07-16,Thu,2026-07-21,3,5,MOVESTOP_RECENTER,1,0,0,284.6,1657.5,66.44,1591.06,1657.5,66.44,1591.06,0,0,0,15:15,15:15,24150,TIME
NIFTY,2026-07-16,Thu,2026-07-21,3,5,MOVESTOP_RC1,1,0,0,284.6,1657.5,66.44,1591.06,1657.5,66.44,1591.06,0,0,0,15:15,15:15,24150,TIME
NIFTY,2026-07-16,Thu,2026-07-21,3,5,MOVESTOP_RC_CD15,1,0,0,284.6,1657.5,66.44,1591.06,1657.5,66.44,1591.06,0,0,0,15:15,15:15,24150,TIME
NIFTY,2026-07-16,Thu,2026-07-21,3,5,NOSTOP_HOLD,1,0,0,284.6,1657.5,66.44,1591.06,1657.5,66.44,1591.06,0,0,0,15:15,15:15,24150,TIME
NIFTY,2026-07-17,Fri,2026-07-21,2,4,ONE_AND_DONE,1,0,1,259.1,-3055.0,893.56,-3948.56,-3055.0,893.56,-3948.56,0,0,0,14:16,14:16,24150,SL
NIFTY,2026-07-17,Fri,2026-07-21,2,4,RECENTER_1,2,1,1,259.1,-2746.25,956.21,-3702.46,-3055.0,893.56,-3948.56,308.75,62.64,246.11,14:16,15:14,24150|24350,SL|TIME
NIFTY,2026-07-17,Fri,2026-07-21,2,4,RECENTER_2,2,1,1,259.1,-2746.25,956.21,-3702.46,-3055.0,893.56,-3948.56,308.75,62.64,246.11,14:16,15:14,24150|24350,SL|TIME
NIFTY,2026-07-17,Fri,2026-07-21,2,4,RECENTER_3,2,1,1,259.1,-2746.25,956.21,-3702.46,-3055.0,893.56,-3948.56,308.75,62.64,246.11,14:16,15:14,24150|24350,SL|TIME
NIFTY,2026-07-17,Fri,2026-07-21,2,4,RECENTER_5,2,1,1,259.1,-2746.25,956.21,-3702.46,-3055.0,893.56,-3948.56,308.75,62.64,246.11,14:16,15:14,24150|24350,SL|TIME
NIFTY,2026-07-17,Fri,2026-07-21,2,4,RECENTER_2_CD15,2,1,1,259.1,-2746.25,956.21,-3702.46,-3055.0,893.56,-3948.56,308.75,62.64,246.11,14:16,15:14,24150|24350,SL|TIME
NIFTY,2026-07-17,Fri,2026-07-21,2,4,RECENTER_3_CD15,2,1,1,259.1,-2746.25,956.21,-3702.46,-3055.0,893.56,-3948.56,308.75,62.64,246.11,14:16,15:14,24150|24350,SL|TIME
NIFTY,2026-07-17,Fri,2026-07-21,2,4,RECENTER_5_CD15,2,1,1,259.1,-2746.25,956.21,-3702.46,-3055.0,893.56,-3948.56,308.75,62.64,246.11,14:16,15:14,24150|24350,SL|TIME
NIFTY,2026-07-17,Fri,2026-07-21,2,4,RECENTER_5_NOGUARD,2,1,1,259.1,-2746.25,956.21,-3702.46,-3055.0,893.56,-3948.56,308.75,62.64,246.11,14:16,15:14,24150|24350,SL|TIME
NIFTY,2026-07-17,Fri,2026-07-21,2,4,MOVESTOP_ONE,1,0,1,259.1,-952.25,892.62,-1844.87,-952.25,892.62,-1844.87,0,0,0,10:18,10:18,24150,SL
NIFTY,2026-07-17,Fri,2026-07-21,2,4,MOVESTOP_RECENTER,3,2,1,259.1,-1969.5,1850.65,-3820.15,-952.25,892.62,-1844.87,-1017.25,958.03,-1975.28,10:18,15:14,24150|24200|24350,SL|SL|TIME
NIFTY,2026-07-17,Fri,2026-07-21,2,4,MOVESTOP_RC1,2,1,1,259.1,-3305.25,1786.55,-5091.8,-952.25,892.62,-1844.87,-2353.0,893.93,-3246.93,10:18,14:17,24150|24200,SL|SL
NIFTY,2026-07-17,Fri,2026-07-21,2,4,MOVESTOP_RC_CD15,3,2,1,259.1,-1969.5,1850.65,-3820.15,-952.25,892.62,-1844.87,-1017.25,958.03,-1975.28,10:18,15:14,24150|24200|24350,SL|SL|TIME
NIFTY,2026-07-17,Fri,2026-07-21,2,4,NOSTOP_HOLD,1,0,0,259.1,-1443.0,64.74,-1507.74,-1443.0,64.74,-1507.74,0,0,0,15:14,15:14,24150,TIME
NIFTY,2026-07-20,Mon,2026-07-21,1,1,ONE_AND_DONE,1,0,0,198.65,3445.0,55.19,3389.81,3445.0,55.19,3389.81,0,0,0,15:14,15:14,24250,TIME
NIFTY,2026-07-20,Mon,2026-07-21,1,1,RECENTER_1,1,0,0,198.65,3445.0,55.19,3389.81,3445.0,55.19,3389.81,0,0,0,15:14,15:14,24250,TIME
NIFTY,2026-07-20,Mon,2026-07-21,1,1,RECENTER_2,1,0,0,198.65,3445.0,55.19,3389.81,3445.0,55.19,3389.81,0,0,0,15:14,15:14,24250,TIME
NIFTY,2026-07-20,Mon,2026-07-21,1,1,RECENTER_3,1,0,0,198.65,3445.0,55.19,3389.81,3445.0,55.19,3389.81,0,0,0,15:14,15:14,24250,TIME
NIFTY,2026-07-20,Mon,2026-07-21,1,1,RECENTER_5,1,0,0,198.65,3445.0,55.19,3389.81,3445.0,55.19,3389.81,0,0,0,15:14,15:14,24250,TIME
NIFTY,2026-07-20,Mon,2026-07-21,1,1,RECENTER_2_CD15,1,0,0,198.65,3445.0,55.19,3389.81,3445.0,55.19,3389.81,0,0,0,15:14,15:14,24250,TIME
NIFTY,2026-07-20,Mon,2026-07-21,1,1,RECENTER_3_CD15,1,0,0,198.65,3445.0,55.19,3389.81,3445.0,55.19,3389.81,0,0,0,15:14,15:14,24250,TIME
NIFTY,2026-07-20,Mon,2026-07-21,1,1,RECENTER_5_CD15,1,0,0,198.65,3445.0,55.19,3389.81,3445.0,55.19,3389.81,0,0,0,15:14,15:14,24250,TIME
NIFTY,2026-07-20,Mon,2026-07-21,1,1,RECENTER_5_NOGUARD,1,0,0,198.65,3445.0,55.19,3389.81,3445.0,55.19,3389.81,0,0,0,15:14,15:14,24250,TIME
NIFTY,2026-07-20,Mon,2026-07-21,1,1,MOVESTOP_ONE,1,0,1,198.65,156.0,884.77,-728.77,156.0,884.77,-728.77,0,0,0,12:48,12:48,24250,SL
NIFTY,2026-07-20,Mon,2026-07-21,1,1,MOVESTOP_RECENTER,3,2,1,198.65,-1524.25,1818.78,-3343.03,156.0,884.77,-728.77,-1680.25,934.01,-2614.26,12:48,15:14,24250|24100|24250,SL|SL|TIME
NIFTY,2026-07-20,Mon,2026-07-21,1,1,MOVESTOP_RC1,2,1,1,198.65,-2613.0,1766.94,-4379.94,156.0,884.77,-728.77,-2769.0,882.17,-3651.17,12:48,13:28,24250|24100,SL|SL
NIFTY,2026-07-20,Mon,2026-07-21,1,1,MOVESTOP_RC_CD15,3,2,1,198.65,-1524.25,1818.78,-3343.03,156.0,884.77,-728.77,-1680.25,934.01,-2614.26,12:48,15:14,24250|24100|24250,SL|SL|TIME
NIFTY,2026-07-20,Mon,2026-07-21,1,1,NOSTOP_HOLD,1,0,0,198.65,3445.0,55.19,3389.81,3445.0,55.19,3389.81,0,0,0,15:14,15:14,24250,TIME
NIFTY,2026-07-21,Tue,2026-07-21,0,0,ONE_AND_DONE,1,0,0,106.4,2723.5,44.29,2679.21,2723.5,44.29,2679.21,0,0,0,15:15,15:15,24250,TIME
NIFTY,2026-07-21,Tue,2026-07-21,0,0,RECENTER_1,1,0,0,106.4,2723.5,44.29,2679.21,2723.5,44.29,2679.21,0,0,0,15:15,15:15,24250,TIME
NIFTY,2026-07-21,Tue,2026-07-21,0,0,RECENTER_2,1,0,0,106.4,2723.5,44.29,2679.21,2723.5,44.29,2679.21,0,0,0,15:15,15:15,24250,TIME
NIFTY,2026-07-21,Tue,2026-07-21,0,0,RECENTER_3,1,0,0,106.4,2723.5,44.29,2679.21,2723.5,44.29,2679.21,0,0,0,15:15,15:15,24250,TIME
NIFTY,2026-07-21,Tue,2026-07-21,0,0,RECENTER_5,1,0,0,106.4,2723.5,44.29,2679.21,2723.5,44.29,2679.21,0,0,0,15:15,15:15,24250,TIME
NIFTY,2026-07-21,Tue,2026-07-21,0,0,RECENTER_2_CD15,1,0,0,106.4,2723.5,44.29,2679.21,2723.5,44.29,2679.21,0,0,0,15:15,15:15,24250,TIME
NIFTY,2026-07-21,Tue,2026-07-21,0,0,RECENTER_3_CD15,1,0,0,106.4,2723.5,44.29,2679.21,2723.5,44.29,2679.21,0,0,0,15:15,15:15,24250,TIME
NIFTY,2026-07-21,Tue,2026-07-21,0,0,RECENTER_5_CD15,1,0,0,106.4,2723.5,44.29,2679.21,2723.5,44.29,2679.21,0,0,0,15:15,15:15,24250,TIME
NIFTY,2026-07-21,Tue,2026-07-21,0,0,RECENTER_5_NOGUARD,1,0,0,106.4,2723.5,44.29,2679.21,2723.5,44.29,2679.21,0,0,0,15:15,15:15,24250,TIME
NIFTY,2026-07-21,Tue,2026-07-21,0,0,MOVESTOP_ONE,1,0,1,106.4,-1300.0,874.2,-2174.2,-1300.0,874.2,-2174.2,0,0,0,13:01,13:01,24250,SL
NIFTY,2026-07-21,Tue,2026-07-21,0,0,MOVESTOP_RECENTER,2,1,1,106.4,442.0,913.58,-471.58,-1300.0,874.2,-2174.2,1742.0,39.37,1702.63,13:01,15:15,24250|24150,SL|TIME
NIFTY,2026-07-21,Tue,2026-07-21,0,0,MOVESTOP_RC1,2,1,1,106.4,442.0,913.58,-471.58,-1300.0,874.2,-2174.2,1742.0,39.37,1702.63,13:01,15:15,24250|24150,SL|TIME
NIFTY,2026-07-21,Tue,2026-07-21,0,0,MOVESTOP_RC_CD15,2,1,1,106.4,442.0,913.58,-471.58,-1300.0,874.2,-2174.2,1742.0,39.37,1702.63,13:01,15:15,24250|24150,SL|TIME
NIFTY,2026-07-21,Tue,2026-07-21,0,0,NOSTOP_HOLD,1,0,0,106.4,2723.5,44.29,2679.21,2723.5,44.29,2679.21,0,0,0,15:15,15:15,24250,TIME
NIFTY,2026-07-22,Wed,2026-07-28,4,6,ONE_AND_DONE,1,0,0,329.5,1202.5,72.11,1130.39,1202.5,72.11,1130.39,0,0,0,15:15,15:15,24050,TIME
NIFTY,2026-07-22,Wed,2026-07-28,4,6,RECENTER_1,1,0,0,329.5,1202.5,72.11,1130.39,1202.5,72.11,1130.39,0,0,0,15:15,15:15,24050,TIME
NIFTY,2026-07-22,Wed,2026-07-28,4,6,RECENTER_2,1,0,0,329.5,1202.5,72.11,1130.39,1202.5,72.11,1130.39,0,0,0,15:15,15:15,24050,TIME
NIFTY,2026-07-22,Wed,2026-07-28,4,6,RECENTER_3,1,0,0,329.5,1202.5,72.11,1130.39,1202.5,72.11,1130.39,0,0,0,15:15,15:15,24050,TIME
NIFTY,2026-07-22,Wed,2026-07-28,4,6,RECENTER_5,1,0,0,329.5,1202.5,72.11,1130.39,1202.5,72.11,1130.39,0,0,0,15:15,15:15,24050,TIME
NIFTY,2026-07-22,Wed,2026-07-28,4,6,RECENTER_2_CD15,1,0,0,329.5,1202.5,72.11,1130.39,1202.5,72.11,1130.39,0,0,0,15:15,15:15,24050,TIME
NIFTY,2026-07-22,Wed,2026-07-28,4,6,RECENTER_3_CD15,1,0,0,329.5,1202.5,72.11,1130.39,1202.5,72.11,1130.39,0,0,0,15:15,15:15,24050,TIME
NIFTY,2026-07-22,Wed,2026-07-28,4,6,RECENTER_5_CD15,1,0,0,329.5,1202.5,72.11,1130.39,1202.5,72.11,1130.39,0,0,0,15:15,15:15,24050,TIME
NIFTY,2026-07-22,Wed,2026-07-28,4,6,RECENTER_5_NOGUARD,1,0,0,329.5,1202.5,72.11,1130.39,1202.5,72.11,1130.39,0,0,0,15:15,15:15,24050,TIME
NIFTY,2026-07-22,Wed,2026-07-28,4,6,MOVESTOP_ONE,1,0,1,329.5,-81.25,900.79,-982.04,-81.25,900.79,-982.04,0,0,0,10:26,10:26,24050,SL
NIFTY,2026-07-22,Wed,2026-07-28,4,6,MOVESTOP_RECENTER,2,1,1,329.5,1014.0,972.68,41.32,-81.25,900.79,-982.04,1095.25,71.89,1023.36,10:26,15:15,24050|23950,SL|TIME
NIFTY,2026-07-22,Wed,2026-07-28,4,6,MOVESTOP_RC1,2,1,1,329.5,1014.0,972.68,41.32,-81.25,900.79,-982.04,1095.25,71.89,1023.36,10:26,15:15,24050|23950,SL|TIME
NIFTY,2026-07-22,Wed,2026-07-28,4,6,MOVESTOP_RC_CD15,2,1,1,329.5,1014.0,972.68,41.32,-81.25,900.79,-982.04,1095.25,71.89,1023.36,10:26,15:15,24050|23950,SL|TIME
NIFTY,2026-07-22,Wed,2026-07-28,4,6,NOSTOP_HOLD,1,0,0,329.5,1202.5,72.11,1130.39,1202.5,72.11,1130.39,0,0,0,15:15,15:15,24050,TIME
NIFTY,2026-07-23,Thu,2026-07-28,3,5,ONE_AND_DONE,1,0,0,290.4,2216.5,66.9,2149.6,2216.5,66.9,2149.6,0,0,0,15:14,15:14,23900,TIME
NIFTY,2026-07-23,Thu,2026-07-28,3,5,RECENTER_1,1,0,0,290.4,2216.5,66.9,2149.6,2216.5,66.9,2149.6,0,0,0,15:14,15:14,23900,TIME
NIFTY,2026-07-23,Thu,2026-07-28,3,5,RECENTER_2,1,0,0,290.4,2216.5,66.9,2149.6,2216.5,66.9,2149.6,0,0,0,15:14,15:14,23900,TIME
NIFTY,2026-07-23,Thu,2026-07-28,3,5,RECENTER_3,1,0,0,290.4,2216.5,66.9,2149.6,2216.5,66.9,2149.6,0,0,0,15:14,15:14,23900,TIME
NIFTY,2026-07-23,Thu,2026-07-28,3,5,RECENTER_5,1,0,0,290.4,2216.5,66.9,2149.6,2216.5,66.9,2149.6,0,0,0,15:14,15:14,23900,TIME
NIFTY,2026-07-23,Thu,2026-07-28,3,5,RECENTER_2_CD15,1,0,0,290.4,2216.5,66.9,2149.6,2216.5,66.9,2149.6,0,0,0,15:14,15:14,23900,TIME
NIFTY,2026-07-23,Thu,2026-07-28,3,5,RECENTER_3_CD15,1,0,0,290.4,2216.5,66.9,2149.6,2216.5,66.9,2149.6,0,0,0,15:14,15:14,23900,TIME
NIFTY,2026-07-23,Thu,2026-07-28,3,5,RECENTER_5_CD15,1,0,0,290.4,2216.5,66.9,2149.6,2216.5,66.9,2149.6,0,0,0,15:14,15:14,23900,TIME
NIFTY,2026-07-23,Thu,2026-07-28,3,5,RECENTER_5_NOGUARD,1,0,0,290.4,2216.5,66.9,2149.6,2216.5,66.9,2149.6,0,0,0,15:14,15:14,23900,TIME
NIFTY,2026-07-23,Thu,2026-07-28,3,5,MOVESTOP_ONE,1,0,0,290.4,2216.5,66.9,2149.6,2216.5,66.9,2149.6,0,0,0,15:14,15:14,23900,TIME
NIFTY,2026-07-23,Thu,2026-07-28,3,5,MOVESTOP_RECENTER,1,0,0,290.4,2216.5,66.9,2149.6,2216.5,66.9,2149.6,0,0,0,15:14,15:14,23900,TIME
NIFTY,2026-07-23,Thu,2026-07-28,3,5,MOVESTOP_RC1,1,0,0,290.4,2216.5,66.9,2149.6,2216.5,66.9,2149.6,0,0,0,15:14,15:14,23900,TIME
NIFTY,2026-07-23,Thu,2026-07-28,3,5,MOVESTOP_RC_CD15,1,0,0,290.4,2216.5,66.9,2149.6,2216.5,66.9,2149.6,0,0,0,15:14,15:14,23900,TIME
NIFTY,2026-07-23,Thu,2026-07-28,3,5,NOSTOP_HOLD,1,0,0,290.4,2216.5,66.9,2149.6,2216.5,66.9,2149.6,0,0,0,15:14,15:14,23900,TIME
NIFTY,2026-07-24,Fri,2026-07-28,2,4,ONE_AND_DONE,1,0,0,254.5,991.25,63.08,928.17,991.25,63.08,928.17,0,0,0,15:15,15:15,23750,TIME
NIFTY,2026-07-24,Fri,2026-07-28,2,4,RECENTER_1,1,0,0,254.5,991.25,63.08,928.17,991.25,63.08,928.17,0,0,0,15:15,15:15,23750,TIME
NIFTY,2026-07-24,Fri,2026-07-28,2,4,RECENTER_2,1,0,0,254.5,991.25,63.08,928.17,991.25,63.08,928.17,0,0,0,15:15,15:15,23750,TIME
NIFTY,2026-07-24,Fri,2026-07-28,2,4,RECENTER_3,1,0,0,254.5,991.25,63.08,928.17,991.25,63.08,928.17,0,0,0,15:15,15:15,23750,TIME
NIFTY,2026-07-24,Fri,2026-07-28,2,4,RECENTER_5,1,0,0,254.5,991.25,63.08,928.17,991.25,63.08,928.17,0,0,0,15:15,15:15,23750,TIME
NIFTY,2026-07-24,Fri,2026-07-28,2,4,RECENTER_2_CD15,1,0,0,254.5,991.25,63.08,928.17,991.25,63.08,928.17,0,0,0,15:15,15:15,23750,TIME
NIFTY,2026-07-24,Fri,2026-07-28,2,4,RECENTER_3_CD15,1,0,0,254.5,991.25,63.08,928.17,991.25,63.08,928.17,0,0,0,15:15,15:15,23750,TIME
NIFTY,2026-07-24,Fri,2026-07-28,2,4,RECENTER_5_CD15,1,0,0,254.5,991.25,63.08,928.17,991.25,63.08,928.17,0,0,0,15:15,15:15,23750,TIME
NIFTY,2026-07-24,Fri,2026-07-28,2,4,RECENTER_5_NOGUARD,1,0,0,254.5,991.25,63.08,928.17,991.25,63.08,928.17,0,0,0,15:15,15:15,23750,TIME
NIFTY,2026-07-24,Fri,2026-07-28,2,4,MOVESTOP_ONE,1,0,1,254.5,-503.75,891.86,-1395.61,-503.75,891.86,-1395.61,0,0,0,12:29,12:29,23750,SL
NIFTY,2026-07-24,Fri,2026-07-28,2,4,MOVESTOP_RECENTER,2,1,1,254.5,1082.25,954.79,127.46,-503.75,891.86,-1395.61,1586.0,62.93,1523.07,12:29,15:15,23750|23800,SL|TIME
NIFTY,2026-07-24,Fri,2026-07-28,2,4,MOVESTOP_RC1,2,1,1,254.5,1082.25,954.79,127.46,-503.75,891.86,-1395.61,1586.0,62.93,1523.07,12:29,15:15,23750|23800,SL|TIME
NIFTY,2026-07-24,Fri,2026-07-28,2,4,MOVESTOP_RC_CD15,2,1,1,254.5,1082.25,954.79,127.46,-503.75,891.86,-1395.61,1586.0,62.93,1523.07,12:29,15:15,23750|23800,SL|TIME
NIFTY,2026-07-24,Fri,2026-07-28,2,4,NOSTOP_HOLD,1,0,0,254.5,991.25,63.08,928.17,991.25,63.08,928.17,0,0,0,15:15,15:15,23750,TIME
NIFTY,2026-07-27,Mon,2026-07-28,1,1,ONE_AND_DONE,1,0,0,167.7,1797.25,52.16,1745.09,1797.25,52.16,1745.09,0,0,0,15:15,15:15,23950,TIME
NIFTY,2026-07-27,Mon,2026-07-28,1,1,RECENTER_1,1,0,0,167.7,1797.25,52.16,1745.09,1797.25,52.16,1745.09,0,0,0,15:15,15:15,23950,TIME
NIFTY,2026-07-27,Mon,2026-07-28,1,1,RECENTER_2,1,0,0,167.7,1797.25,52.16,1745.09,1797.25,52.16,1745.09,0,0,0,15:15,15:15,23950,TIME
NIFTY,2026-07-27,Mon,2026-07-28,1,1,RECENTER_3,1,0,0,167.7,1797.25,52.16,1745.09,1797.25,52.16,1745.09,0,0,0,15:15,15:15,23950,TIME
NIFTY,2026-07-27,Mon,2026-07-28,1,1,RECENTER_5,1,0,0,167.7,1797.25,52.16,1745.09,1797.25,52.16,1745.09,0,0,0,15:15,15:15,23950,TIME
NIFTY,2026-07-27,Mon,2026-07-28,1,1,RECENTER_2_CD15,1,0,0,167.7,1797.25,52.16,1745.09,1797.25,52.16,1745.09,0,0,0,15:15,15:15,23950,TIME
NIFTY,2026-07-27,Mon,2026-07-28,1,1,RECENTER_3_CD15,1,0,0,167.7,1797.25,52.16,1745.09,1797.25,52.16,1745.09,0,0,0,15:15,15:15,23950,TIME
NIFTY,2026-07-27,Mon,2026-07-28,1,1,RECENTER_5_CD15,1,0,0,167.7,1797.25,52.16,1745.09,1797.25,52.16,1745.09,0,0,0,15:15,15:15,23950,TIME
NIFTY,2026-07-27,Mon,2026-07-28,1,1,RECENTER_5_NOGUARD,1,0,0,167.7,1797.25,52.16,1745.09,1797.25,52.16,1745.09,0,0,0,15:15,15:15,23950,TIME
NIFTY,2026-07-27,Mon,2026-07-28,1,1,MOVESTOP_ONE,1,0,0,167.7,1797.25,52.16,1745.09,1797.25,52.16,1745.09,0,0,0,15:15,15:15,23950,TIME
NIFTY,2026-07-27,Mon,2026-07-28,1,1,MOVESTOP_RECENTER,1,0,0,167.7,1797.25,52.16,1745.09,1797.25,52.16,1745.09,0,0,0,15:15,15:15,23950,TIME
NIFTY,2026-07-27,Mon,2026-07-28,1,1,MOVESTOP_RC1,1,0,0,167.7,1797.25,52.16,1745.09,1797.25,52.16,1745.09,0,0,0,15:15,15:15,23950,TIME
NIFTY,2026-07-27,Mon,2026-07-28,1,1,MOVESTOP_RC_CD15,1,0,0,167.7,1797.25,52.16,1745.09,1797.25,52.16,1745.09,0,0,0,15:15,15:15,23950,TIME
NIFTY,2026-07-27,Mon,2026-07-28,1,1,NOSTOP_HOLD,1,0,0,167.7,1797.25,52.16,1745.09,1797.25,52.16,1745.09,0,0,0,15:15,15:15,23950,TIME
NIFTY,2026-07-28,Tue,2026-07-28,0,0,ONE_AND_DONE,1,0,0,85.55,3376.75,41.46,3335.29,3376.75,41.46,3335.29,0,0,0,15:15,15:15,24000,TIME
NIFTY,2026-07-28,Tue,2026-07-28,0,0,RECENTER_1,1,0,0,85.55,3376.75,41.46,3335.29,3376.75,41.46,3335.29,0,0,0,15:15,15:15,24000,TIME
NIFTY,2026-07-28,Tue,2026-07-28,0,0,RECENTER_2,1,0,0,85.55,3376.75,41.46,3335.29,3376.75,41.46,3335.29,0,0,0,15:15,15:15,24000,TIME
NIFTY,2026-07-28,Tue,2026-07-28,0,0,RECENTER_3,1,0,0,85.55,3376.75,41.46,3335.29,3376.75,41.46,3335.29,0,0,0,15:15,15:15,24000,TIME
NIFTY,2026-07-28,Tue,2026-07-28,0,0,RECENTER_5,1,0,0,85.55,3376.75,41.46,3335.29,3376.75,41.46,3335.29,0,0,0,15:15,15:15,24000,TIME
NIFTY,2026-07-28,Tue,2026-07-28,0,0,RECENTER_2_CD15,1,0,0,85.55,3376.75,41.46,3335.29,3376.75,41.46,3335.29,0,0,0,15:15,15:15,24000,TIME
NIFTY,2026-07-28,Tue,2026-07-28,0,0,RECENTER_3_CD15,1,0,0,85.55,3376.75,41.46,3335.29,3376.75,41.46,3335.29,0,0,0,15:15,15:15,24000,TIME
NIFTY,2026-07-28,Tue,2026-07-28,0,0,RECENTER_5_CD15,1,0,0,85.55,3376.75,41.46,3335.29,3376.75,41.46,3335.29,0,0,0,15:15,15:15,24000,TIME
NIFTY,2026-07-28,Tue,2026-07-28,0,0,RECENTER_5_NOGUARD,1,0,0,85.55,3376.75,41.46,3335.29,3376.75,41.46,3335.29,0,0,0,15:15,15:15,24000,TIME
NIFTY,2026-07-28,Tue,2026-07-28,0,0,MOVESTOP_ONE,1,0,0,85.55,3376.75,41.46,3335.29,3376.75,41.46,3335.29,0,0,0,15:15,15:15,24000,TIME
NIFTY,2026-07-28,Tue,2026-07-28,0,0,MOVESTOP_RECENTER,1,0,0,85.55,3376.75,41.46,3335.29,3376.75,41.46,3335.29,0,0,0,15:15,15:15,24000,TIME
NIFTY,2026-07-28,Tue,2026-07-28,0,0,MOVESTOP_RC1,1,0,0,85.55,3376.75,41.46,3335.29,3376.75,41.46,3335.29,0,0,0,15:15,15:15,24000,TIME
NIFTY,2026-07-28,Tue,2026-07-28,0,0,MOVESTOP_RC_CD15,1,0,0,85.55,3376.75,41.46,3335.29,3376.75,41.46,3335.29,0,0,0,15:15,15:15,24000,TIME
NIFTY,2026-07-28,Tue,2026-07-28,0,0,NOSTOP_HOLD,1,0,0,85.55,3376.75,41.46,3335.29,3376.75,41.46,3335.29,0,0,0,15:15,15:15,24000,TIME
NIFTY,2026-07-29,Wed,2026-08-04,4,6,ONE_AND_DONE,1,0,0,272.15,412.75,65.49,347.26,412.75,65.49,347.26,0,0,0,15:14,15:14,24200,TIME
NIFTY,2026-07-29,Wed,2026-08-04,4,6,RECENTER_1,1,0,0,272.15,412.75,65.49,347.26,412.75,65.49,347.26,0,0,0,15:14,15:14,24200,TIME
NIFTY,2026-07-29,Wed,2026-08-04,4,6,RECENTER_2,1,0,0,272.15,412.75,65.49,347.26,412.75,65.49,347.26,0,0,0,15:14,15:14,24200,TIME
NIFTY,2026-07-29,Wed,2026-08-04,4,6,RECENTER_3,1,0,0,272.15,412.75,65.49,347.26,412.75,65.49,347.26,0,0,0,15:14,15:14,24200,TIME
NIFTY,2026-07-29,Wed,2026-08-04,4,6,RECENTER_5,1,0,0,272.15,412.75,65.49,347.26,412.75,65.49,347.26,0,0,0,15:14,15:14,24200,TIME
NIFTY,2026-07-29,Wed,2026-08-04,4,6,RECENTER_2_CD15,1,0,0,272.15,412.75,65.49,347.26,412.75,65.49,347.26,0,0,0,15:14,15:14,24200,TIME
NIFTY,2026-07-29,Wed,2026-08-04,4,6,RECENTER_3_CD15,1,0,0,272.15,412.75,65.49,347.26,412.75,65.49,347.26,0,0,0,15:14,15:14,24200,TIME
NIFTY,2026-07-29,Wed,2026-08-04,4,6,RECENTER_5_CD15,1,0,0,272.15,412.75,65.49,347.26,412.75,65.49,347.26,0,0,0,15:14,15:14,24200,TIME
NIFTY,2026-07-29,Wed,2026-08-04,4,6,RECENTER_5_NOGUARD,1,0,0,272.15,412.75,65.49,347.26,412.75,65.49,347.26,0,0,0,15:14,15:14,24200,TIME
NIFTY,2026-07-29,Wed,2026-08-04,4,6,MOVESTOP_ONE,1,0,1,272.15,-65.0,893.8,-958.8,-65.0,893.8,-958.8,0,0,0,14:02,14:02,24200,SL
NIFTY,2026-07-29,Wed,2026-08-04,4,6,MOVESTOP_RECENTER,2,1,1,272.15,253.5,958.64,-705.14,-65.0,893.8,-958.8,318.5,64.83,253.67,14:02,15:14,24200|24250,SL|TIME
NIFTY,2026-07-29,Wed,2026-08-04,4,6,MOVESTOP_RC1,2,1,1,272.15,253.5,958.64,-705.14,-65.0,893.8,-958.8,318.5,64.83,253.67,14:02,15:14,24200|24250,SL|TIME
NIFTY,2026-07-29,Wed,2026-08-04,4,6,MOVESTOP_RC_CD15,2,1,1,272.15,253.5,958.64,-705.14,-65.0,893.8,-958.8,318.5,64.83,253.67,14:02,15:14,24200|24250,SL|TIME
NIFTY,2026-07-29,Wed,2026-08-04,4,6,NOSTOP_HOLD,1,0,0,272.15,412.75,65.49,347.26,412.75,65.49,347.26,0,0,0,15:14,15:14,24200,TIME
NIFTY,2026-07-30,Thu,2026-08-04,3,5,ONE_AND_DONE,1,0,0,237.5,35.75,61.45,-25.7,35.75,61.45,-25.7,0,0,0,15:15,15:15,24200,TIME
NIFTY,2026-07-30,Thu,2026-08-04,3,5,RECENTER_1,1,0,0,237.5,35.75,61.45,-25.7,35.75,61.45,-25.7,0,0,0,15:15,15:15,24200,TIME
NIFTY,2026-07-30,Thu,2026-08-04,3,5,RECENTER_2,1,0,0,237.5,35.75,61.45,-25.7,35.75,61.45,-25.7,0,0,0,15:15,15:15,24200,TIME
NIFTY,2026-07-30,Thu,2026-08-04,3,5,RECENTER_3,1,0,0,237.5,35.75,61.45,-25.7,35.75,61.45,-25.7,0,0,0,15:15,15:15,24200,TIME
NIFTY,2026-07-30,Thu,2026-08-04,3,5,RECENTER_5,1,0,0,237.5,35.75,61.45,-25.7,35.75,61.45,-25.7,0,0,0,15:15,15:15,24200,TIME
NIFTY,2026-07-30,Thu,2026-08-04,3,5,RECENTER_2_CD15,1,0,0,237.5,35.75,61.45,-25.7,35.75,61.45,-25.7,0,0,0,15:15,15:15,24200,TIME
NIFTY,2026-07-30,Thu,2026-08-04,3,5,RECENTER_3_CD15,1,0,0,237.5,35.75,61.45,-25.7,35.75,61.45,-25.7,0,0,0,15:15,15:15,24200,TIME
NIFTY,2026-07-30,Thu,2026-08-04,3,5,RECENTER_5_CD15,1,0,0,237.5,35.75,61.45,-25.7,35.75,61.45,-25.7,0,0,0,15:15,15:15,24200,TIME
NIFTY,2026-07-30,Thu,2026-08-04,3,5,RECENTER_5_NOGUARD,1,0,0,237.5,35.75,61.45,-25.7,35.75,61.45,-25.7,0,0,0,15:15,15:15,24200,TIME
NIFTY,2026-07-30,Thu,2026-08-04,3,5,MOVESTOP_ONE,1,0,0,237.5,35.75,61.45,-25.7,35.75,61.45,-25.7,0,0,0,15:15,15:15,24200,TIME
NIFTY,2026-07-30,Thu,2026-08-04,3,5,MOVESTOP_RECENTER,1,0,0,237.5,35.75,61.45,-25.7,35.75,61.45,-25.7,0,0,0,15:15,15:15,24200,TIME
NIFTY,2026-07-30,Thu,2026-08-04,3,5,MOVESTOP_RC1,1,0,0,237.5,35.75,61.45,-25.7,35.75,61.45,-25.7,0,0,0,15:15,15:15,24200,TIME
NIFTY,2026-07-30,Thu,2026-08-04,3,5,MOVESTOP_RC_CD15,1,0,0,237.5,35.75,61.45,-25.7,35.75,61.45,-25.7,0,0,0,15:15,15:15,24200,TIME
NIFTY,2026-07-30,Thu,2026-08-04,3,5,NOSTOP_HOLD,1,0,0,237.5,35.75,61.45,-25.7,35.75,61.45,-25.7,0,0,0,15:15,15:15,24200,TIME
NIFTY,2026-07-31,Fri,2026-08-04,2,4,ONE_AND_DONE,1,0,0,197.2,1251.25,56.0,1195.25,1251.25,56.0,1195.25,0,0,0,15:15,15:15,24350,TIME
NIFTY,2026-07-31,Fri,2026-08-04,2,4,RECENTER_1,1,0,0,197.2,1251.25,56.0,1195.25,1251.25,56.0,1195.25,0,0,0,15:15,15:15,24350,TIME
NIFTY,2026-07-31,Fri,2026-08-04,2,4,RECENTER_2,1,0,0,197.2,1251.25,56.0,1195.25,1251.25,56.0,1195.25,0,0,0,15:15,15:15,24350,TIME
NIFTY,2026-07-31,Fri,2026-08-04,2,4,RECENTER_3,1,0,0,197.2,1251.25,56.0,1195.25,1251.25,56.0,1195.25,0,0,0,15:15,15:15,24350,TIME
NIFTY,2026-07-31,Fri,2026-08-04,2,4,RECENTER_5,1,0,0,197.2,1251.25,56.0,1195.25,1251.25,56.0,1195.25,0,0,0,15:15,15:15,24350,TIME
NIFTY,2026-07-31,Fri,2026-08-04,2,4,RECENTER_2_CD15,1,0,0,197.2,1251.25,56.0,1195.25,1251.25,56.0,1195.25,0,0,0,15:15,15:15,24350,TIME
NIFTY,2026-07-31,Fri,2026-08-04,2,4,RECENTER_3_CD15,1,0,0,197.2,1251.25,56.0,1195.25,1251.25,56.0,1195.25,0,0,0,15:15,15:15,24350,TIME
NIFTY,2026-07-31,Fri,2026-08-04,2,4,RECENTER_5_CD15,1,0,0,197.2,1251.25,56.0,1195.25,1251.25,56.0,1195.25,0,0,0,15:15,15:15,24350,TIME
NIFTY,2026-07-31,Fri,2026-08-04,2,4,RECENTER_5_NOGUARD,1,0,0,197.2,1251.25,56.0,1195.25,1251.25,56.0,1195.25,0,0,0,15:15,15:15,24350,TIME
NIFTY,2026-07-31,Fri,2026-08-04,2,4,MOVESTOP_ONE,1,0,0,197.2,1251.25,56.0,1195.25,1251.25,56.0,1195.25,0,0,0,15:15,15:15,24350,TIME
NIFTY,2026-07-31,Fri,2026-08-04,2,4,MOVESTOP_RECENTER,1,0,0,197.2,1251.25,56.0,1195.25,1251.25,56.0,1195.25,0,0,0,15:15,15:15,24350,TIME
NIFTY,2026-07-31,Fri,2026-08-04,2,4,MOVESTOP_RC1,1,0,0,197.2,1251.25,56.0,1195.25,1251.25,56.0,1195.25,0,0,0,15:15,15:15,24350,TIME
NIFTY,2026-07-31,Fri,2026-08-04,2,4,MOVESTOP_RC_CD15,1,0,0,197.2,1251.25,56.0,1195.25,1251.25,56.0,1195.25,0,0,0,15:15,15:15,24350,TIME
NIFTY,2026-07-31,Fri,2026-08-04,2,4,NOSTOP_HOLD,1,0,0,197.2,1251.25,56.0,1195.25,1251.25,56.0,1195.25,0,0,0,15:15,15:15,24350,TIME
NIFTY,2026-08-03,Mon,2026-08-04,1,1,ONE_AND_DONE,1,0,0,136.35,923.0,48.75,874.25,923.0,48.75,874.25,0,0,0,15:14,15:14,24550,TIME
NIFTY,2026-08-03,Mon,2026-08-04,1,1,RECENTER_1,1,0,0,136.35,923.0,48.75,874.25,923.0,48.75,874.25,0,0,0,15:14,15:14,24550,TIME
NIFTY,2026-08-03,Mon,2026-08-04,1,1,RECENTER_2,1,0,0,136.35,923.0,48.75,874.25,923.0,48.75,874.25,0,0,0,15:14,15:14,24550,TIME
NIFTY,2026-08-03,Mon,2026-08-04,1,1,RECENTER_3,1,0,0,136.35,923.0,48.75,874.25,923.0,48.75,874.25,0,0,0,15:14,15:14,24550,TIME
NIFTY,2026-08-03,Mon,2026-08-04,1,1,RECENTER_5,1,0,0,136.35,923.0,48.75,874.25,923.0,48.75,874.25,0,0,0,15:14,15:14,24550,TIME
NIFTY,2026-08-03,Mon,2026-08-04,1,1,RECENTER_2_CD15,1,0,0,136.35,923.0,48.75,874.25,923.0,48.75,874.25,0,0,0,15:14,15:14,24550,TIME
NIFTY,2026-08-03,Mon,2026-08-04,1,1,RECENTER_3_CD15,1,0,0,136.35,923.0,48.75,874.25,923.0,48.75,874.25,0,0,0,15:14,15:14,24550,TIME
NIFTY,2026-08-03,Mon,2026-08-04,1,1,RECENTER_5_CD15,1,0,0,136.35,923.0,48.75,874.25,923.0,48.75,874.25,0,0,0,15:14,15:14,24550,TIME
NIFTY,2026-08-03,Mon,2026-08-04,1,1,RECENTER_5_NOGUARD,1,0,0,136.35,923.0,48.75,874.25,923.0,48.75,874.25,0,0,0,15:14,15:14,24550,TIME
NIFTY,2026-08-03,Mon,2026-08-04,1,1,MOVESTOP_ONE,1,0,0,136.35,923.0,48.75,874.25,923.0,48.75,874.25,0,0,0,15:14,15:14,24550,TIME
NIFTY,2026-08-03,Mon,2026-08-04,1,1,MOVESTOP_RECENTER,1,0,0,136.35,923.0,48.75,874.25,923.0,48.75,874.25,0,0,0,15:14,15:14,24550,TIME
NIFTY,2026-08-03,Mon,2026-08-04,1,1,MOVESTOP_RC1,1,0,0,136.35,923.0,48.75,874.25,923.0,48.75,874.25,0,0,0,15:14,15:14,24550,TIME
NIFTY,2026-08-03,Mon,2026-08-04,1,1,MOVESTOP_RC_CD15,1,0,0,136.35,923.0,48.75,874.25,923.0,48.75,874.25,0,0,0,15:14,15:14,24550,TIME
NIFTY,2026-08-03,Mon,2026-08-04,1,1,NOSTOP_HOLD,1,0,0,136.35,923.0,48.75,874.25,923.0,48.75,874.25,0,0,0,15:14,15:14,24550,TIME
NIFTY,2026-08-04,Tue,2026-08-04,0,0,ONE_AND_DONE,1,0,1,92.8,-2502.5,873.09,-3375.59,-2502.5,873.09,-3375.59,0,0,0,13:15,13:15,24600,SL
NIFTY,2026-08-04,Tue,2026-08-04,0,0,RECENTER_1,2,1,1,92.8,-3844.75,915.74,-4760.49,-2502.5,873.09,-3375.59,-1342.25,42.65,-1384.9,13:15,15:14,24600|24500,SL|TIME
NIFTY,2026-08-04,Tue,2026-08-04,0,0,RECENTER_2,2,1,1,92.8,-3844.75,915.74,-4760.49,-2502.5,873.09,-3375.59,-1342.25,42.65,-1384.9,13:15,15:14,24600|24500,SL|TIME
NIFTY,2026-08-04,Tue,2026-08-04,0,0,RECENTER_3,2,1,1,92.8,-3844.75,915.74,-4760.49,-2502.5,873.09,-3375.59,-1342.25,42.65,-1384.9,13:15,15:14,24600|24500,SL|TIME
NIFTY,2026-08-04,Tue,2026-08-04,0,0,RECENTER_5,2,1,1,92.8,-3844.75,915.74,-4760.49,-2502.5,873.09,-3375.59,-1342.25,42.65,-1384.9,13:15,15:14,24600|24500,SL|TIME
NIFTY,2026-08-04,Tue,2026-08-04,0,0,RECENTER_2_CD15,2,1,1,92.8,-3844.75,915.74,-4760.49,-2502.5,873.09,-3375.59,-1342.25,42.65,-1384.9,13:15,15:14,24600|24500,SL|TIME
NIFTY,2026-08-04,Tue,2026-08-04,0,0,RECENTER_3_CD15,2,1,1,92.8,-3844.75,915.74,-4760.49,-2502.5,873.09,-3375.59,-1342.25,42.65,-1384.9,13:15,15:14,24600|24500,SL|TIME
NIFTY,2026-08-04,Tue,2026-08-04,0,0,RECENTER_5_CD15,2,1,1,92.8,-3844.75,915.74,-4760.49,-2502.5,873.09,-3375.59,-1342.25,42.65,-1384.9,13:15,15:14,24600|24500,SL|TIME
NIFTY,2026-08-04,Tue,2026-08-04,0,0,RECENTER_5_NOGUARD,2,1,1,92.8,-3844.75,915.74,-4760.49,-2502.5,873.09,-3375.59,-1342.25,42.65,-1384.9,13:15,15:14,24600|24500,SL|TIME
NIFTY,2026-08-04,Tue,2026-08-04,0,0,MOVESTOP_ONE,1,0,1,92.8,-1771.25,872.76,-2644.01,-1771.25,872.76,-2644.01,0,0,0,12:01,12:01,24600,SL
NIFTY,2026-08-04,Tue,2026-08-04,0,0,MOVESTOP_RECENTER,2,1,1,92.8,-2297.75,916.57,-3214.32,-1771.25,872.76,-2644.01,-526.5,43.81,-570.31,12:01,15:14,24600|24500,SL|TIME
NIFTY,2026-08-04,Tue,2026-08-04,0,0,MOVESTOP_RC1,2,1,1,92.8,-2297.75,916.57,-3214.32,-1771.25,872.76,-2644.01,-526.5,43.81,-570.31,12:01,15:14,24600|24500,SL|TIME
NIFTY,2026-08-04,Tue,2026-08-04,0,0,MOVESTOP_RC_CD15,2,1,1,92.8,-2297.75,916.57,-3214.32,-1771.25,872.76,-2644.01,-526.5,43.81,-570.31,12:01,15:14,24600|24500,SL|TIME
NIFTY,2026-08-04,Tue,2026-08-04,0,0,NOSTOP_HOLD,1,0,0,92.8,-3614.0,45.49,-3659.49,-3614.0,45.49,-3659.49,0,0,0,15:14,15:14,24600,TIME
NIFTY,2026-08-05,Wed,2026-08-11,4,6,ONE_AND_DONE,1,0,1,257.2,-2977.0,893.3,-3870.3,-2977.0,893.3,-3870.3,0,0,0,10:32,10:32,24700,SL
NIFTY,2026-08-05,Wed,2026-08-11,4,6,RECENTER_1,2,1,1,257.2,-2190.5,961.39,-3151.89,-2977.0,893.3,-3870.3,786.5,68.09,718.41,10:32,15:15,24700|24600,SL|TIME
NIFTY,2026-08-05,Wed,2026-08-11,4,6,RECENTER_2,2,1,1,257.2,-2190.5,961.39,-3151.89,-2977.0,893.3,-3870.3,786.5,68.09,718.41,10:32,15:15,24700|24600,SL|TIME
NIFTY,2026-08-05,Wed,2026-08-11,4,6,RECENTER_3,2,1,1,257.2,-2190.5,961.39,-3151.89,-2977.0,893.3,-3870.3,786.5,68.09,718.41,10:32,15:15,24700|24600,SL|TIME
NIFTY,2026-08-05,Wed,2026-08-11,4,6,RECENTER_5,2,1,1,257.2,-2190.5,961.39,-3151.89,-2977.0,893.3,-3870.3,786.5,68.09,718.41,10:32,15:15,24700|24600,SL|TIME
NIFTY,2026-08-05,Wed,2026-08-11,4,6,RECENTER_2_CD15,2,1,1,257.2,-2190.5,961.39,-3151.89,-2977.0,893.3,-3870.3,786.5,68.09,718.41,10:32,15:15,24700|24600,SL|TIME
NIFTY,2026-08-05,Wed,2026-08-11,4,6,RECENTER_3_CD15,2,1,1,257.2,-2190.5,961.39,-3151.89,-2977.0,893.3,-3870.3,786.5,68.09,718.41,10:32,15:15,24700|24600,SL|TIME
NIFTY,2026-08-05,Wed,2026-08-11,4,6,RECENTER_5_CD15,2,1,1,257.2,-2190.5,961.39,-3151.89,-2977.0,893.3,-3870.3,786.5,68.09,718.41,10:32,15:15,24700|24600,SL|TIME
NIFTY,2026-08-05,Wed,2026-08-11,4,6,RECENTER_5_NOGUARD,2,1,1,257.2,-2190.5,961.39,-3151.89,-2977.0,893.3,-3870.3,786.5,68.09,718.41,10:32,15:15,24700|24600,SL|TIME
NIFTY,2026-08-05,Wed,2026-08-11,4,6,MOVESTOP_ONE,1,0,1,257.2,-3981.25,893.75,-4875.0,-3981.25,893.75,-4875.0,0,0,0,12:35,12:35,24700,SL
NIFTY,2026-08-05,Wed,2026-08-11,4,6,MOVESTOP_RECENTER,2,1,1,257.2,-3022.5,962.86,-3985.36,-3981.25,893.75,-4875.0,958.75,69.11,889.64,12:35,15:15,24700|24550,SL|TIME
NIFTY,2026-08-05,Wed,2026-08-11,4,6,MOVESTOP_RC1,2,1,1,257.2,-3022.5,962.86,-3985.36,-3981.25,893.75,-4875.0,958.75,69.11,889.64,12:35,15:15,24700|24550,SL|TIME
NIFTY,2026-08-05,Wed,2026-08-11,4,6,MOVESTOP_RC_CD15,2,1,1,257.2,-3022.5,962.86,-3985.36,-3981.25,893.75,-4875.0,958.75,69.11,889.64,12:35,15:15,24700|24550,SL|TIME
NIFTY,2026-08-05,Wed,2026-08-11,4,6,NOSTOP_HOLD,1,0,0,257.2,-2011.75,64.76,-2076.51,-2011.75,64.76,-2076.51,0,0,0,15:15,15:15,24700,TIME
NIFTY,2026-08-06,Thu,2026-08-11,3,5,ONE_AND_DONE,1,0,0,253.35,-315.25,63.53,-378.78,-315.25,63.53,-378.78,0,0,0,15:14,15:14,24650,TIME
NIFTY,2026-08-06,Thu,2026-08-11,3,5,RECENTER_1,1,0,0,253.35,-315.25,63.53,-378.78,-315.25,63.53,-378.78,0,0,0,15:14,15:14,24650,TIME
NIFTY,2026-08-06,Thu,2026-08-11,3,5,RECENTER_2,1,0,0,253.35,-315.25,63.53,-378.78,-315.25,63.53,-378.78,0,0,0,15:14,15:14,24650,TIME
NIFTY,2026-08-06,Thu,2026-08-11,3,5,RECENTER_3,1,0,0,253.35,-315.25,63.53,-378.78,-315.25,63.53,-378.78,0,0,0,15:14,15:14,24650,TIME
NIFTY,2026-08-06,Thu,2026-08-11,3,5,RECENTER_5,1,0,0,253.35,-315.25,63.53,-378.78,-315.25,63.53,-378.78,0,0,0,15:14,15:14,24650,TIME
NIFTY,2026-08-06,Thu,2026-08-11,3,5,RECENTER_2_CD15,1,0,0,253.35,-315.25,63.53,-378.78,-315.25,63.53,-378.78,0,0,0,15:14,15:14,24650,TIME
NIFTY,2026-08-06,Thu,2026-08-11,3,5,RECENTER_3_CD15,1,0,0,253.35,-315.25,63.53,-378.78,-315.25,63.53,-378.78,0,0,0,15:14,15:14,24650,TIME
NIFTY,2026-08-06,Thu,2026-08-11,3,5,RECENTER_5_CD15,1,0,0,253.35,-315.25,63.53,-378.78,-315.25,63.53,-378.78,0,0,0,15:14,15:14,24650,TIME
NIFTY,2026-08-06,Thu,2026-08-11,3,5,RECENTER_5_NOGUARD,1,0,0,253.35,-315.25,63.53,-378.78,-315.25,63.53,-378.78,0,0,0,15:14,15:14,24650,TIME
NIFTY,2026-08-06,Thu,2026-08-11,3,5,MOVESTOP_ONE,1,0,0,253.35,-315.25,63.53,-378.78,-315.25,63.53,-378.78,0,0,0,15:14,15:14,24650,TIME
NIFTY,2026-08-06,Thu,2026-08-11,3,5,MOVESTOP_RECENTER,1,0,0,253.35,-315.25,63.53,-378.78,-315.25,63.53,-378.78,0,0,0,15:14,15:14,24650,TIME
NIFTY,2026-08-06,Thu,2026-08-11,3,5,MOVESTOP_RC1,1,0,0,253.35,-315.25,63.53,-378.78,-315.25,63.53,-378.78,0,0,0,15:14,15:14,24650,TIME
NIFTY,2026-08-06,Thu,2026-08-11,3,5,MOVESTOP_RC_CD15,1,0,0,253.35,-315.25,63.53,-378.78,-315.25,63.53,-378.78,0,0,0,15:14,15:14,24650,TIME
NIFTY,2026-08-06,Thu,2026-08-11,3,5,NOSTOP_HOLD,1,0,0,253.35,-315.25,63.53,-378.78,-315.25,63.53,-378.78,0,0,0,15:14,15:14,24650,TIME
NIFTY,2026-08-07,Fri,2026-08-11,2,4,ONE_AND_DONE,1,0,0,249.55,1878.5,62.08,1816.42,1878.5,62.08,1816.42,0,0,0,15:14,15:14,24600,TIME
NIFTY,2026-08-07,Fri,2026-08-11,2,4,RECENTER_1,1,0,0,249.55,1878.5,62.08,1816.42,1878.5,62.08,1816.42,0,0,0,15:14,15:14,24600,TIME
NIFTY,2026-08-07,Fri,2026-08-11,2,4,RECENTER_2,1,0,0,249.55,1878.5,62.08,1816.42,1878.5,62.08,1816.42,0,0,0,15:14,15:14,24600,TIME
NIFTY,2026-08-07,Fri,2026-08-11,2,4,RECENTER_3,1,0,0,249.55,1878.5,62.08,1816.42,1878.5,62.08,1816.42,0,0,0,15:14,15:14,24600,TIME
NIFTY,2026-08-07,Fri,2026-08-11,2,4,RECENTER_5,1,0,0,249.55,1878.5,62.08,1816.42,1878.5,62.08,1816.42,0,0,0,15:14,15:14,24600,TIME
NIFTY,2026-08-07,Fri,2026-08-11,2,4,RECENTER_2_CD15,1,0,0,249.55,1878.5,62.08,1816.42,1878.5,62.08,1816.42,0,0,0,15:14,15:14,24600,TIME
NIFTY,2026-08-07,Fri,2026-08-11,2,4,RECENTER_3_CD15,1,0,0,249.55,1878.5,62.08,1816.42,1878.5,62.08,1816.42,0,0,0,15:14,15:14,24600,TIME
NIFTY,2026-08-07,Fri,2026-08-11,2,4,RECENTER_5_CD15,1,0,0,249.55,1878.5,62.08,1816.42,1878.5,62.08,1816.42,0,0,0,15:14,15:14,24600,TIME
NIFTY,2026-08-07,Fri,2026-08-11,2,4,RECENTER_5_NOGUARD,1,0,0,249.55,1878.5,62.08,1816.42,1878.5,62.08,1816.42,0,0,0,15:14,15:14,24600,TIME
NIFTY,2026-08-07,Fri,2026-08-11,2,4,MOVESTOP_ONE,1,0,0,249.55,1878.5,62.08,1816.42,1878.5,62.08,1816.42,0,0,0,15:14,15:14,24600,TIME
NIFTY,2026-08-07,Fri,2026-08-11,2,4,MOVESTOP_RECENTER,1,0,0,249.55,1878.5,62.08,1816.42,1878.5,62.08,1816.42,0,0,0,15:14,15:14,24600,TIME
NIFTY,2026-08-07,Fri,2026-08-11,2,4,MOVESTOP_RC1,1,0,0,249.55,1878.5,62.08,1816.42,1878.5,62.08,1816.42,0,0,0,15:14,15:14,24600,TIME
NIFTY,2026-08-07,Fri,2026-08-11,2,4,MOVESTOP_RC_CD15,1,0,0,249.55,1878.5,62.08,1816.42,1878.5,62.08,1816.42,0,0,0,15:14,15:14,24600,TIME
NIFTY,2026-08-07,Fri,2026-08-11,2,4,NOSTOP_HOLD,1,0,0,249.55,1878.5,62.08,1816.42,1878.5,62.08,1816.42,0,0,0,15:14,15:14,24600,TIME
NIFTY,2026-08-10,Mon,2026-08-11,1,1,ONE_AND_DONE,1,0,0,208.05,3412.5,56.34,3356.16,3412.5,56.34,3356.16,0,0,0,15:14,15:14,24600,TIME
NIFTY,2026-08-10,Mon,2026-08-11,1,1,RECENTER_1,1,0,0,208.05,3412.5,56.34,3356.16,3412.5,56.34,3356.16,0,0,0,15:14,15:14,24600,TIME
NIFTY,2026-08-10,Mon,2026-08-11,1,1,RECENTER_2,1,0,0,208.05,3412.5,56.34,3356.16,3412.5,56.34,3356.16,0,0,0,15:14,15:14,24600,TIME
NIFTY,2026-08-10,Mon,2026-08-11,1,1,RECENTER_3,1,0,0,208.05,3412.5,56.34,3356.16,3412.5,56.34,3356.16,0,0,0,15:14,15:14,24600,TIME
NIFTY,2026-08-10,Mon,2026-08-11,1,1,RECENTER_5,1,0,0,208.05,3412.5,56.34,3356.16,3412.5,56.34,3356.16,0,0,0,15:14,15:14,24600,TIME
NIFTY,2026-08-10,Mon,2026-08-11,1,1,RECENTER_2_CD15,1,0,0,208.05,3412.5,56.34,3356.16,3412.5,56.34,3356.16,0,0,0,15:14,15:14,24600,TIME
NIFTY,2026-08-10,Mon,2026-08-11,1,1,RECENTER_3_CD15,1,0,0,208.05,3412.5,56.34,3356.16,3412.5,56.34,3356.16,0,0,0,15:14,15:14,24600,TIME
NIFTY,2026-08-10,Mon,2026-08-11,1,1,RECENTER_5_CD15,1,0,0,208.05,3412.5,56.34,3356.16,3412.5,56.34,3356.16,0,0,0,15:14,15:14,24600,TIME
NIFTY,2026-08-10,Mon,2026-08-11,1,1,RECENTER_5_NOGUARD,1,0,0,208.05,3412.5,56.34,3356.16,3412.5,56.34,3356.16,0,0,0,15:14,15:14,24600,TIME
NIFTY,2026-08-10,Mon,2026-08-11,1,1,MOVESTOP_ONE,1,0,0,208.05,3412.5,56.34,3356.16,3412.5,56.34,3356.16,0,0,0,15:14,15:14,24600,TIME
NIFTY,2026-08-10,Mon,2026-08-11,1,1,MOVESTOP_RECENTER,1,0,0,208.05,3412.5,56.34,3356.16,3412.5,56.34,3356.16,0,0,0,15:14,15:14,24600,TIME
NIFTY,2026-08-10,Mon,2026-08-11,1,1,MOVESTOP_RC1,1,0,0,208.05,3412.5,56.34,3356.16,3412.5,56.34,3356.16,0,0,0,15:14,15:14,24600,TIME
NIFTY,2026-08-10,Mon,2026-08-11,1,1,MOVESTOP_RC_CD15,1,0,0,208.05,3412.5,56.34,3356.16,3412.5,56.34,3356.16,0,0,0,15:14,15:14,24600,TIME
NIFTY,2026-08-10,Mon,2026-08-11,1,1,NOSTOP_HOLD,1,0,0,208.05,3412.5,56.34,3356.16,3412.5,56.34,3356.16,0,0,0,15:14,15:14,24600,TIME
NIFTY,2026-08-11,Tue,2026-08-11,0,0,ONE_AND_DONE,1,0,0,129.95,3188.25,46.95,3141.3,3188.25,46.95,3141.3,0,0,0,15:15,15:15,24550,TIME
NIFTY,2026-08-11,Tue,2026-08-11,0,0,RECENTER_1,1,0,0,129.95,3188.25,46.95,3141.3,3188.25,46.95,3141.3,0,0,0,15:15,15:15,24550,TIME
NIFTY,2026-08-11,Tue,2026-08-11,0,0,RECENTER_2,1,0,0,129.95,3188.25,46.95,3141.3,3188.25,46.95,3141.3,0,0,0,15:15,15:15,24550,TIME
NIFTY,2026-08-11,Tue,2026-08-11,0,0,RECENTER_3,1,0,0,129.95,3188.25,46.95,3141.3,3188.25,46.95,3141.3,0,0,0,15:15,15:15,24550,TIME
NIFTY,2026-08-11,Tue,2026-08-11,0,0,RECENTER_5,1,0,0,129.95,3188.25,46.95,3141.3,3188.25,46.95,3141.3,0,0,0,15:15,15:15,24550,TIME
NIFTY,2026-08-11,Tue,2026-08-11,0,0,RECENTER_2_CD15,1,0,0,129.95,3188.25,46.95,3141.3,3188.25,46.95,3141.3,0,0,0,15:15,15:15,24550,TIME
NIFTY,2026-08-11,Tue,2026-08-11,0,0,RECENTER_3_CD15,1,0,0,129.95,3188.25,46.95,3141.3,3188.25,46.95,3141.3,0,0,0,15:15,15:15,24550,TIME
NIFTY,2026-08-11,Tue,2026-08-11,0,0,RECENTER_5_CD15,1,0,0,129.95,3188.25,46.95,3141.3,3188.25,46.95,3141.3,0,0,0,15:15,15:15,24550,TIME
NIFTY,2026-08-11,Tue,2026-08-11,0,0,RECENTER_5_NOGUARD,1,0,0,129.95,3188.25,46.95,3141.3,3188.25,46.95,3141.3,0,0,0,15:15,15:15,24550,TIME
NIFTY,2026-08-11,Tue,2026-08-11,0,0,MOVESTOP_ONE,1,0,1,129.95,224.25,876.38,-652.13,224.25,876.38,-652.13,0,0,0,11:33,11:33,24550,SL
NIFTY,2026-08-11,Tue,2026-08-11,0,0,MOVESTOP_RECENTER,2,1,1,129.95,2596.75,919.57,1677.18,224.25,876.38,-652.13,2372.5,43.19,2329.31,11:33,15:15,24550|24450,SL|TIME
NIFTY,2026-08-11,Tue,2026-08-11,0,0,MOVESTOP_RC1,2,1,1,129.95,2596.75,919.57,1677.18,224.25,876.38,-652.13,2372.5,43.19,2329.31,11:33,15:15,24550|24450,SL|TIME
NIFTY,2026-08-11,Tue,2026-08-11,0,0,MOVESTOP_RC_CD15,2,1,1,129.95,2596.75,919.57,1677.18,224.25,876.38,-652.13,2372.5,43.19,2329.31,11:33,15:15,24550|24450,SL|TIME
NIFTY,2026-08-11,Tue,2026-08-11,0,0,NOSTOP_HOLD,1,0,0,129.95,3188.25,46.95,3141.3,3188.25,46.95,3141.3,0,0,0,15:15,15:15,24550,TIME
NIFTY,2026-08-12,Wed,2026-08-18,4,6,ONE_AND_DONE,1,0,0,276.6,1644.5,65.48,1579.02,1644.5,65.48,1579.02,0,0,0,15:15,15:15,24500,TIME
NIFTY,2026-08-12,Wed,2026-08-18,4,6,RECENTER_1,1,0,0,276.6,1644.5,65.48,1579.02,1644.5,65.48,1579.02,0,0,0,15:15,15:15,24500,TIME
NIFTY,2026-08-12,Wed,2026-08-18,4,6,RECENTER_2,1,0,0,276.6,1644.5,65.48,1579.02,1644.5,65.48,1579.02,0,0,0,15:15,15:15,24500,TIME
NIFTY,2026-08-12,Wed,2026-08-18,4,6,RECENTER_3,1,0,0,276.6,1644.5,65.48,1579.02,1644.5,65.48,1579.02,0,0,0,15:15,15:15,24500,TIME
NIFTY,2026-08-12,Wed,2026-08-18,4,6,RECENTER_5,1,0,0,276.6,1644.5,65.48,1579.02,1644.5,65.48,1579.02,0,0,0,15:15,15:15,24500,TIME
NIFTY,2026-08-12,Wed,2026-08-18,4,6,RECENTER_2_CD15,1,0,0,276.6,1644.5,65.48,1579.02,1644.5,65.48,1579.02,0,0,0,15:15,15:15,24500,TIME
NIFTY,2026-08-12,Wed,2026-08-18,4,6,RECENTER_3_CD15,1,0,0,276.6,1644.5,65.48,1579.02,1644.5,65.48,1579.02,0,0,0,15:15,15:15,24500,TIME
NIFTY,2026-08-12,Wed,2026-08-18,4,6,RECENTER_5_CD15,1,0,0,276.6,1644.5,65.48,1579.02,1644.5,65.48,1579.02,0,0,0,15:15,15:15,24500,TIME
NIFTY,2026-08-12,Wed,2026-08-18,4,6,RECENTER_5_NOGUARD,1,0,0,276.6,1644.5,65.48,1579.02,1644.5,65.48,1579.02,0,0,0,15:15,15:15,24500,TIME
NIFTY,2026-08-12,Wed,2026-08-18,4,6,MOVESTOP_ONE,1,0,1,276.6,-643.5,894.61,-1538.11,-643.5,894.61,-1538.11,0,0,0,10:59,10:59,24500,SL
NIFTY,2026-08-12,Wed,2026-08-18,4,6,MOVESTOP_RECENTER,2,1,1,276.6,861.25,959.73,-98.48,-643.5,894.61,-1538.11,1504.75,65.13,1439.62,10:59,15:15,24500|24400,SL|TIME
NIFTY,2026-08-12,Wed,2026-08-18,4,6,MOVESTOP_RC1,2,1,1,276.6,861.25,959.73,-98.48,-643.5,894.61,-1538.11,1504.75,65.13,1439.62,10:59,15:15,24500|24400,SL|TIME
NIFTY,2026-08-12,Wed,2026-08-18,4,6,MOVESTOP_RC_CD15,2,1,1,276.6,861.25,959.73,-98.48,-643.5,894.61,-1538.11,1504.75,65.13,1439.62,10:59,15:15,24500|24400,SL|TIME
NIFTY,2026-08-12,Wed,2026-08-18,4,6,NOSTOP_HOLD,1,0,0,276.6,1644.5,65.48,1579.02,1644.5,65.48,1579.02,0,0,0,15:15,15:15,24500,TIME
NIFTY,2026-08-13,Thu,2026-08-18,3,5,ONE_AND_DONE,1,0,0,236.5,1881.75,60.49,1821.26,1881.75,60.49,1821.26,0,0,0,15:15,15:15,24400,TIME
NIFTY,2026-08-13,Thu,2026-08-18,3,5,RECENTER_1,1,0,0,236.5,1881.75,60.49,1821.26,1881.75,60.49,1821.26,0,0,0,15:15,15:15,24400,TIME
NIFTY,2026-08-13,Thu,2026-08-18,3,5,RECENTER_2,1,0,0,236.5,1881.75,60.49,1821.26,1881.75,60.49,1821.26,0,0,0,15:15,15:15,24400,TIME
NIFTY,2026-08-13,Thu,2026-08-18,3,5,RECENTER_3,1,0,0,236.5,1881.75,60.49,1821.26,1881.75,60.49,1821.26,0,0,0,15:15,15:15,24400,TIME
NIFTY,2026-08-13,Thu,2026-08-18,3,5,RECENTER_5,1,0,0,236.5,1881.75,60.49,1821.26,1881.75,60.49,1821.26,0,0,0,15:15,15:15,24400,TIME
NIFTY,2026-08-13,Thu,2026-08-18,3,5,RECENTER_2_CD15,1,0,0,236.5,1881.75,60.49,1821.26,1881.75,60.49,1821.26,0,0,0,15:15,15:15,24400,TIME
NIFTY,2026-08-13,Thu,2026-08-18,3,5,RECENTER_3_CD15,1,0,0,236.5,1881.75,60.49,1821.26,1881.75,60.49,1821.26,0,0,0,15:15,15:15,24400,TIME
NIFTY,2026-08-13,Thu,2026-08-18,3,5,RECENTER_5_CD15,1,0,0,236.5,1881.75,60.49,1821.26,1881.75,60.49,1821.26,0,0,0,15:15,15:15,24400,TIME
NIFTY,2026-08-13,Thu,2026-08-18,3,5,RECENTER_5_NOGUARD,1,0,0,236.5,1881.75,60.49,1821.26,1881.75,60.49,1821.26,0,0,0,15:15,15:15,24400,TIME
NIFTY,2026-08-13,Thu,2026-08-18,3,5,MOVESTOP_ONE,1,0,0,236.5,1881.75,60.49,1821.26,1881.75,60.49,1821.26,0,0,0,15:15,15:15,24400,TIME
NIFTY,2026-08-13,Thu,2026-08-18,3,5,MOVESTOP_RECENTER,1,0,0,236.5,1881.75,60.49,1821.26,1881.75,60.49,1821.26,0,0,0,15:15,15:15,24400,TIME
NIFTY,2026-08-13,Thu,2026-08-18,3,5,MOVESTOP_RC1,1,0,0,236.5,1881.75,60.49,1821.26,1881.75,60.49,1821.26,0,0,0,15:15,15:15,24400,TIME
NIFTY,2026-08-13,Thu,2026-08-18,3,5,MOVESTOP_RC_CD15,1,0,0,236.5,1881.75,60.49,1821.26,1881.75,60.49,1821.26,0,0,0,15:15,15:15,24400,TIME
NIFTY,2026-08-13,Thu,2026-08-18,3,5,NOSTOP_HOLD,1,0,0,236.5,1881.75,60.49,1821.26,1881.75,60.49,1821.26,0,0,0,15:15,15:15,24400,TIME
NIFTY,2026-08-14,Fri,2026-08-18,2,4,ONE_AND_DONE,1,0,0,192.1,861.25,55.55,805.7,861.25,55.55,805.7,0,0,0,15:15,15:15,24350,TIME
NIFTY,2026-08-14,Fri,2026-08-18,2,4,RECENTER_1,1,0,0,192.1,861.25,55.55,805.7,861.25,55.55,805.7,0,0,0,15:15,15:15,24350,TIME
NIFTY,2026-08-14,Fri,2026-08-18,2,4,RECENTER_2,1,0,0,192.1,861.25,55.55,805.7,861.25,55.55,805.7,0,0,0,15:15,15:15,24350,TIME
NIFTY,2026-08-14,Fri,2026-08-18,2,4,RECENTER_3,1,0,0,192.1,861.25,55.55,805.7,861.25,55.55,805.7,0,0,0,15:15,15:15,24350,TIME
NIFTY,2026-08-14,Fri,2026-08-18,2,4,RECENTER_5,1,0,0,192.1,861.25,55.55,805.7,861.25,55.55,805.7,0,0,0,15:15,15:15,24350,TIME
NIFTY,2026-08-14,Fri,2026-08-18,2,4,RECENTER_2_CD15,1,0,0,192.1,861.25,55.55,805.7,861.25,55.55,805.7,0,0,0,15:15,15:15,24350,TIME
NIFTY,2026-08-14,Fri,2026-08-18,2,4,RECENTER_3_CD15,1,0,0,192.1,861.25,55.55,805.7,861.25,55.55,805.7,0,0,0,15:15,15:15,24350,TIME
NIFTY,2026-08-14,Fri,2026-08-18,2,4,RECENTER_5_CD15,1,0,0,192.1,861.25,55.55,805.7,861.25,55.55,805.7,0,0,0,15:15,15:15,24350,TIME
NIFTY,2026-08-14,Fri,2026-08-18,2,4,RECENTER_5_NOGUARD,1,0,0,192.1,861.25,55.55,805.7,861.25,55.55,805.7,0,0,0,15:15,15:15,24350,TIME
NIFTY,2026-08-14,Fri,2026-08-18,2,4,MOVESTOP_ONE,1,0,0,192.1,861.25,55.55,805.7,861.25,55.55,805.7,0,0,0,15:15,15:15,24350,TIME
NIFTY,2026-08-14,Fri,2026-08-18,2,4,MOVESTOP_RECENTER,1,0,0,192.1,861.25,55.55,805.7,861.25,55.55,805.7,0,0,0,15:15,15:15,24350,TIME
NIFTY,2026-08-14,Fri,2026-08-18,2,4,MOVESTOP_RC1,1,0,0,192.1,861.25,55.55,805.7,861.25,55.55,805.7,0,0,0,15:15,15:15,24350,TIME
NIFTY,2026-08-14,Fri,2026-08-18,2,4,MOVESTOP_RC_CD15,1,0,0,192.1,861.25,55.55,805.7,861.25,55.55,805.7,0,0,0,15:15,15:15,24350,TIME
NIFTY,2026-08-14,Fri,2026-08-18,2,4,NOSTOP_HOLD,1,0,0,192.1,861.25,55.55,805.7,861.25,55.55,805.7,0,0,0,15:15,15:15,24350,TIME
NIFTY,2026-08-17,Mon,2026-08-18,1,1,ONE_AND_DONE,1,0,0,135.0,-182.0,49.08,-231.08,-182.0,49.08,-231.08,0,0,0,15:15,15:15,24300,TIME
NIFTY,2026-08-17,Mon,2026-08-18,1,1,RECENTER_1,1,0,0,135.0,-182.0,49.08,-231.08,-182.0,49.08,-231.08,0,0,0,15:15,15:15,24300,TIME
NIFTY,2026-08-17,Mon,2026-08-18,1,1,RECENTER_2,1,0,0,135.0,-182.0,49.08,-231.08,-182.0,49.08,-231.08,0,0,0,15:15,15:15,24300,TIME
NIFTY,2026-08-17,Mon,2026-08-18,1,1,RECENTER_3,1,0,0,135.0,-182.0,49.08,-231.08,-182.0,49.08,-231.08,0,0,0,15:15,15:15,24300,TIME
NIFTY,2026-08-17,Mon,2026-08-18,1,1,RECENTER_5,1,0,0,135.0,-182.0,49.08,-231.08,-182.0,49.08,-231.08,0,0,0,15:15,15:15,24300,TIME
NIFTY,2026-08-17,Mon,2026-08-18,1,1,RECENTER_2_CD15,1,0,0,135.0,-182.0,49.08,-231.08,-182.0,49.08,-231.08,0,0,0,15:15,15:15,24300,TIME
NIFTY,2026-08-17,Mon,2026-08-18,1,1,RECENTER_3_CD15,1,0,0,135.0,-182.0,49.08,-231.08,-182.0,49.08,-231.08,0,0,0,15:15,15:15,24300,TIME
NIFTY,2026-08-17,Mon,2026-08-18,1,1,RECENTER_5_CD15,1,0,0,135.0,-182.0,49.08,-231.08,-182.0,49.08,-231.08,0,0,0,15:15,15:15,24300,TIME
NIFTY,2026-08-17,Mon,2026-08-18,1,1,RECENTER_5_NOGUARD,1,0,0,135.0,-182.0,49.08,-231.08,-182.0,49.08,-231.08,0,0,0,15:15,15:15,24300,TIME
NIFTY,2026-08-17,Mon,2026-08-18,1,1,MOVESTOP_ONE,1,0,0,135.0,-182.0,49.08,-231.08,-182.0,49.08,-231.08,0,0,0,15:15,15:15,24300,TIME
NIFTY,2026-08-17,Mon,2026-08-18,1,1,MOVESTOP_RECENTER,1,0,0,135.0,-182.0,49.08,-231.08,-182.0,49.08,-231.08,0,0,0,15:15,15:15,24300,TIME
NIFTY,2026-08-17,Mon,2026-08-18,1,1,MOVESTOP_RC1,1,0,0,135.0,-182.0,49.08,-231.08,-182.0,49.08,-231.08,0,0,0,15:15,15:15,24300,TIME
NIFTY,2026-08-17,Mon,2026-08-18,1,1,MOVESTOP_RC_CD15,1,0,0,135.0,-182.0,49.08,-231.08,-182.0,49.08,-231.08,0,0,0,15:15,15:15,24300,TIME
NIFTY,2026-08-17,Mon,2026-08-18,1,1,NOSTOP_HOLD,1,0,0,135.0,-182.0,49.08,-231.08,-182.0,49.08,-231.08,0,0,0,15:15,15:15,24300,TIME
NIFTY,2026-08-18,Tue,2026-08-18,0,0,ONE_AND_DONE,1,0,0,87.6,1534.0,42.54,1491.46,1534.0,42.54,1491.46,0,0,0,15:15,15:15,24250,TIME
NIFTY,2026-08-18,Tue,2026-08-18,0,0,RECENTER_1,1,0,0,87.6,1534.0,42.54,1491.46,1534.0,42.54,1491.46,0,0,0,15:15,15:15,24250,TIME
NIFTY,2026-08-18,Tue,2026-08-18,0,0,RECENTER_2,1,0,0,87.6,1534.0,42.54,1491.46,1534.0,42.54,1491.46,0,0,0,15:15,15:15,24250,TIME
NIFTY,2026-08-18,Tue,2026-08-18,0,0,RECENTER_3,1,0,0,87.6,1534.0,42.54,1491.46,1534.0,42.54,1491.46,0,0,0,15:15,15:15,24250,TIME
NIFTY,2026-08-18,Tue,2026-08-18,0,0,RECENTER_5,1,0,0,87.6,1534.0,42.54,1491.46,1534.0,42.54,1491.46,0,0,0,15:15,15:15,24250,TIME
NIFTY,2026-08-18,Tue,2026-08-18,0,0,RECENTER_2_CD15,1,0,0,87.6,1534.0,42.54,1491.46,1534.0,42.54,1491.46,0,0,0,15:15,15:15,24250,TIME
NIFTY,2026-08-18,Tue,2026-08-18,0,0,RECENTER_3_CD15,1,0,0,87.6,1534.0,42.54,1491.46,1534.0,42.54,1491.46,0,0,0,15:15,15:15,24250,TIME
NIFTY,2026-08-18,Tue,2026-08-18,0,0,RECENTER_5_CD15,1,0,0,87.6,1534.0,42.54,1491.46,1534.0,42.54,1491.46,0,0,0,15:15,15:15,24250,TIME
NIFTY,2026-08-18,Tue,2026-08-18,0,0,RECENTER_5_NOGUARD,1,0,0,87.6,1534.0,42.54,1491.46,1534.0,42.54,1491.46,0,0,0,15:15,15:15,24250,TIME
NIFTY,2026-08-18,Tue,2026-08-18,0,0,MOVESTOP_ONE,1,0,0,87.6,1534.0,42.54,1491.46,1534.0,42.54,1491.46,0,0,0,15:15,15:15,24250,TIME
NIFTY,2026-08-18,Tue,2026-08-18,0,0,MOVESTOP_RECENTER,1,0,0,87.6,1534.0,42.54,1491.46,1534.0,42.54,1491.46,0,0,0,15:15,15:15,24250,TIME
NIFTY,2026-08-18,Tue,2026-08-18,0,0,MOVESTOP_RC1,1,0,0,87.6,1534.0,42.54,1491.46,1534.0,42.54,1491.46,0,0,0,15:15,15:15,24250,TIME
NIFTY,2026-08-18,Tue,2026-08-18,0,0,MOVESTOP_RC_CD15,1,0,0,87.6,1534.0,42.54,1491.46,1534.0,42.54,1491.46,0,0,0,15:15,15:15,24250,TIME
NIFTY,2026-08-18,Tue,2026-08-18,0,0,NOSTOP_HOLD,1,0,0,87.6,1534.0,42.54,1491.46,1534.0,42.54,1491.46,0,0,0,15:15,15:15,24250,TIME
NIFTY,2026-08-19,Wed,2026-08-25,4,6,ONE_AND_DONE,1,0,0,258.6,1391.0,63.4,1327.6,1391.0,63.4,1327.6,0,0,0,15:15,15:15,24150,TIME
NIFTY,2026-08-19,Wed,2026-08-25,4,6,RECENTER_1,1,0,0,258.6,1391.0,63.4,1327.6,1391.0,63.4,1327.6,0,0,0,15:15,15:15,24150,TIME
NIFTY,2026-08-19,Wed,2026-08-25,4,6,RECENTER_2,1,0,0,258.6,1391.0,63.4,1327.6,1391.0,63.4,1327.6,0,0,0,15:15,15:15,24150,TIME
NIFTY,2026-08-19,Wed,2026-08-25,4,6,RECENTER_3,1,0,0,258.6,1391.0,63.4,1327.6,1391.0,63.4,1327.6,0,0,0,15:15,15:15,24150,TIME
NIFTY,2026-08-19,Wed,2026-08-25,4,6,RECENTER_5,1,0,0,258.6,1391.0,63.4,1327.6,1391.0,63.4,1327.6,0,0,0,15:15,15:15,24150,TIME
NIFTY,2026-08-19,Wed,2026-08-25,4,6,RECENTER_2_CD15,1,0,0,258.6,1391.0,63.4,1327.6,1391.0,63.4,1327.6,0,0,0,15:15,15:15,24150,TIME
NIFTY,2026-08-19,Wed,2026-08-25,4,6,RECENTER_3_CD15,1,0,0,258.6,1391.0,63.4,1327.6,1391.0,63.4,1327.6,0,0,0,15:15,15:15,24150,TIME
NIFTY,2026-08-19,Wed,2026-08-25,4,6,RECENTER_5_CD15,1,0,0,258.6,1391.0,63.4,1327.6,1391.0,63.4,1327.6,0,0,0,15:15,15:15,24150,TIME
NIFTY,2026-08-19,Wed,2026-08-25,4,6,RECENTER_5_NOGUARD,1,0,0,258.6,1391.0,63.4,1327.6,1391.0,63.4,1327.6,0,0,0,15:15,15:15,24150,TIME
NIFTY,2026-08-19,Wed,2026-08-25,4,6,MOVESTOP_ONE,1,0,0,258.6,1391.0,63.4,1327.6,1391.0,63.4,1327.6,0,0,0,15:15,15:15,24150,TIME
NIFTY,2026-08-19,Wed,2026-08-25,4,6,MOVESTOP_RECENTER,1,0,0,258.6,1391.0,63.4,1327.6,1391.0,63.4,1327.6,0,0,0,15:15,15:15,24150,TIME
NIFTY,2026-08-19,Wed,2026-08-25,4,6,MOVESTOP_RC1,1,0,0,258.6,1391.0,63.4,1327.6,1391.0,63.4,1327.6,0,0,0,15:15,15:15,24150,TIME
NIFTY,2026-08-19,Wed,2026-08-25,4,6,MOVESTOP_RC_CD15,1,0,0,258.6,1391.0,63.4,1327.6,1391.0,63.4,1327.6,0,0,0,15:15,15:15,24150,TIME
NIFTY,2026-08-19,Wed,2026-08-25,4,6,NOSTOP_HOLD,1,0,0,258.6,1391.0,63.4,1327.6,1391.0,63.4,1327.6,0,0,0,15:15,15:15,24150,TIME
NIFTY,2026-08-20,Thu,2026-08-25,3,5,ONE_AND_DONE,1,0,0,206.75,851.5,57.34,794.16,851.5,57.34,794.16,0,0,0,15:15,15:15,24250,TIME
NIFTY,2026-08-20,Thu,2026-08-25,3,5,RECENTER_1,1,0,0,206.75,851.5,57.34,794.16,851.5,57.34,794.16,0,0,0,15:15,15:15,24250,TIME
NIFTY,2026-08-20,Thu,2026-08-25,3,5,RECENTER_2,1,0,0,206.75,851.5,57.34,794.16,851.5,57.34,794.16,0,0,0,15:15,15:15,24250,TIME
NIFTY,2026-08-20,Thu,2026-08-25,3,5,RECENTER_3,1,0,0,206.75,851.5,57.34,794.16,851.5,57.34,794.16,0,0,0,15:15,15:15,24250,TIME
NIFTY,2026-08-20,Thu,2026-08-25,3,5,RECENTER_5,1,0,0,206.75,851.5,57.34,794.16,851.5,57.34,794.16,0,0,0,15:15,15:15,24250,TIME
NIFTY,2026-08-20,Thu,2026-08-25,3,5,RECENTER_2_CD15,1,0,0,206.75,851.5,57.34,794.16,851.5,57.34,794.16,0,0,0,15:15,15:15,24250,TIME
NIFTY,2026-08-20,Thu,2026-08-25,3,5,RECENTER_3_CD15,1,0,0,206.75,851.5,57.34,794.16,851.5,57.34,794.16,0,0,0,15:15,15:15,24250,TIME
NIFTY,2026-08-20,Thu,2026-08-25,3,5,RECENTER_5_CD15,1,0,0,206.75,851.5,57.34,794.16,851.5,57.34,794.16,0,0,0,15:15,15:15,24250,TIME
NIFTY,2026-08-20,Thu,2026-08-25,3,5,RECENTER_5_NOGUARD,1,0,0,206.75,851.5,57.34,794.16,851.5,57.34,794.16,0,0,0,15:15,15:15,24250,TIME
NIFTY,2026-08-20,Thu,2026-08-25,3,5,MOVESTOP_ONE,1,0,0,206.75,851.5,57.34,794.16,851.5,57.34,794.16,0,0,0,15:15,15:15,24250,TIME
NIFTY,2026-08-20,Thu,2026-08-25,3,5,MOVESTOP_RECENTER,1,0,0,206.75,851.5,57.34,794.16,851.5,57.34,794.16,0,0,0,15:15,15:15,24250,TIME
NIFTY,2026-08-20,Thu,2026-08-25,3,5,MOVESTOP_RC1,1,0,0,206.75,851.5,57.34,794.16,851.5,57.34,794.16,0,0,0,15:15,15:15,24250,TIME
NIFTY,2026-08-20,Thu,2026-08-25,3,5,MOVESTOP_RC_CD15,1,0,0,206.75,851.5,57.34,794.16,851.5,57.34,794.16,0,0,0,15:15,15:15,24250,TIME
NIFTY,2026-08-20,Thu,2026-08-25,3,5,NOSTOP_HOLD,1,0,0,206.75,851.5,57.34,794.16,851.5,57.34,794.16,0,0,0,15:15,15:15,24250,TIME
NIFTY,2026-08-21,Fri,2026-08-25,2,4,ONE_AND_DONE,1,0,0,170.35,718.25,52.97,665.28,718.25,52.97,665.28,0,0,0,15:15,15:15,24300,TIME
NIFTY,2026-08-21,Fri,2026-08-25,2,4,RECENTER_1,1,0,0,170.35,718.25,52.97,665.28,718.25,52.97,665.28,0,0,0,15:15,15:15,24300,TIME
NIFTY,2026-08-21,Fri,2026-08-25,2,4,RECENTER_2,1,0,0,170.35,718.25,52.97,665.28,718.25,52.97,665.28,0,0,0,15:15,15:15,24300,TIME
NIFTY,2026-08-21,Fri,2026-08-25,2,4,RECENTER_3,1,0,0,170.35,718.25,52.97,665.28,718.25,52.97,665.28,0,0,0,15:15,15:15,24300,TIME
NIFTY,2026-08-21,Fri,2026-08-25,2,4,RECENTER_5,1,0,0,170.35,718.25,52.97,665.28,718.25,52.97,665.28,0,0,0,15:15,15:15,24300,TIME
NIFTY,2026-08-21,Fri,2026-08-25,2,4,RECENTER_2_CD15,1,0,0,170.35,718.25,52.97,665.28,718.25,52.97,665.28,0,0,0,15:15,15:15,24300,TIME
NIFTY,2026-08-21,Fri,2026-08-25,2,4,RECENTER_3_CD15,1,0,0,170.35,718.25,52.97,665.28,718.25,52.97,665.28,0,0,0,15:15,15:15,24300,TIME
NIFTY,2026-08-21,Fri,2026-08-25,2,4,RECENTER_5_CD15,1,0,0,170.35,718.25,52.97,665.28,718.25,52.97,665.28,0,0,0,15:15,15:15,24300,TIME
NIFTY,2026-08-21,Fri,2026-08-25,2,4,RECENTER_5_NOGUARD,1,0,0,170.35,718.25,52.97,665.28,718.25,52.97,665.28,0,0,0,15:15,15:15,24300,TIME
NIFTY,2026-08-21,Fri,2026-08-25,2,4,MOVESTOP_ONE,1,0,0,170.35,718.25,52.97,665.28,718.25,52.97,665.28,0,0,0,15:15,15:15,24300,TIME
NIFTY,2026-08-21,Fri,2026-08-25,2,4,MOVESTOP_RECENTER,1,0,0,170.35,718.25,52.97,665.28,718.25,52.97,665.28,0,0,0,15:15,15:15,24300,TIME
NIFTY,2026-08-21,Fri,2026-08-25,2,4,MOVESTOP_RC1,1,0,0,170.35,718.25,52.97,665.28,718.25,52.97,665.28,0,0,0,15:15,15:15,24300,TIME
NIFTY,2026-08-21,Fri,2026-08-25,2,4,MOVESTOP_RC_CD15,1,0,0,170.35,718.25,52.97,665.28,718.25,52.97,665.28,0,0,0,15:15,15:15,24300,TIME
NIFTY,2026-08-21,Fri,2026-08-25,2,4,NOSTOP_HOLD,1,0,0,170.35,718.25,52.97,665.28,718.25,52.97,665.28,0,0,0,15:15,15:15,24300,TIME
NIFTY,2026-08-24,Mon,2026-08-25,1,1,ONE_AND_DONE,1,0,1,118.5,-2606.5,876.26,-3482.76,-2606.5,876.26,-3482.76,0,0,0,11:13,11:13,24350,SL
NIFTY,2026-08-24,Mon,2026-08-25,1,1,RECENTER_1,2,1,1,118.5,-2681.25,924.4,-3605.65,-2606.5,876.26,-3482.76,-74.75,48.14,-122.89,11:13,15:14,24350|24250,SL|TIME
NIFTY,2026-08-24,Mon,2026-08-25,1,1,RECENTER_2,2,1,1,118.5,-2681.25,924.4,-3605.65,-2606.5,876.26,-3482.76,-74.75,48.14,-122.89,11:13,15:14,24350|24250,SL|TIME
NIFTY,2026-08-24,Mon,2026-08-25,1,1,RECENTER_3,2,1,1,118.5,-2681.25,924.4,-3605.65,-2606.5,876.26,-3482.76,-74.75,48.14,-122.89,11:13,15:14,24350|24250,SL|TIME
NIFTY,2026-08-24,Mon,2026-08-25,1,1,RECENTER_5,2,1,1,118.5,-2681.25,924.4,-3605.65,-2606.5,876.26,-3482.76,-74.75,48.14,-122.89,11:13,15:14,24350|24250,SL|TIME
NIFTY,2026-08-24,Mon,2026-08-25,1,1,RECENTER_2_CD15,2,1,1,118.5,-2681.25,924.4,-3605.65,-2606.5,876.26,-3482.76,-74.75,48.14,-122.89,11:13,15:14,24350|24250,SL|TIME
NIFTY,2026-08-24,Mon,2026-08-25,1,1,RECENTER_3_CD15,2,1,1,118.5,-2681.25,924.4,-3605.65,-2606.5,876.26,-3482.76,-74.75,48.14,-122.89,11:13,15:14,24350|24250,SL|TIME
NIFTY,2026-08-24,Mon,2026-08-25,1,1,RECENTER_5_CD15,2,1,1,118.5,-2681.25,924.4,-3605.65,-2606.5,876.26,-3482.76,-74.75,48.14,-122.89,11:13,15:14,24350|24250,SL|TIME
NIFTY,2026-08-24,Mon,2026-08-25,1,1,RECENTER_5_NOGUARD,2,1,1,118.5,-2681.25,924.4,-3605.65,-2606.5,876.26,-3482.76,-74.75,48.14,-122.89,11:13,15:14,24350|24250,SL|TIME
NIFTY,2026-08-24,Mon,2026-08-25,1,1,MOVESTOP_ONE,1,0,1,118.5,-3233.75,876.55,-4110.3,-3233.75,876.55,-4110.3,0,0,0,11:26,11:26,24350,SL
NIFTY,2026-08-24,Mon,2026-08-25,1,1,MOVESTOP_RECENTER,2,1,1,118.5,-2778.75,924.57,-3703.32,-3233.75,876.55,-4110.3,455.0,48.02,406.98,11:26,15:14,24350|24200,SL|TIME
NIFTY,2026-08-24,Mon,2026-08-25,1,1,MOVESTOP_RC1,2,1,1,118.5,-2778.75,924.57,-3703.32,-3233.75,876.55,-4110.3,455.0,48.02,406.98,11:26,15:14,24350|24200,SL|TIME
NIFTY,2026-08-24,Mon,2026-08-25,1,1,MOVESTOP_RC_CD15,2,1,1,118.5,-2778.75,924.57,-3703.32,-3233.75,876.55,-4110.3,455.0,48.02,406.98,11:26,15:14,24350|24200,SL|TIME
NIFTY,2026-08-24,Mon,2026-08-25,1,1,NOSTOP_HOLD,1,0,0,118.5,-4023.5,48.8,-4072.3,-4023.5,48.8,-4072.3,0,0,0,15:14,15:14,24350,TIME
NIFTY,2026-08-25,Tue,2026-08-25,0,0,ONE_AND_DONE,1,0,1,83.4,-2606.5,872.0,-3478.5,-2606.5,872.0,-3478.5,0,0,0,15:12,15:12,24150,SL
NIFTY,2026-08-25,Tue,2026-08-25,0,0,RECENTER_1,1,0,1,83.4,-2606.5,872.0,-3478.5,-2606.5,872.0,-3478.5,0,0,0,15:12,15:12,24150,SL
NIFTY,2026-08-25,Tue,2026-08-25,0,0,RECENTER_2,1,0,1,83.4,-2606.5,872.0,-3478.5,-2606.5,872.0,-3478.5,0,0,0,15:12,15:12,24150,SL
NIFTY,2026-08-25,Tue,2026-08-25,0,0,RECENTER_3,1,0,1,83.4,-2606.5,872.0,-3478.5,-2606.5,872.0,-3478.5,0,0,0,15:12,15:12,24150,SL
NIFTY,2026-08-25,Tue,2026-08-25,0,0,RECENTER_5,1,0,1,83.4,-2606.5,872.0,-3478.5,-2606.5,872.0,-3478.5,0,0,0,15:12,15:12,24150,SL
NIFTY,2026-08-25,Tue,2026-08-25,0,0,RECENTER_2_CD15,1,0,1,83.4,-2606.5,872.0,-3478.5,-2606.5,872.0,-3478.5,0,0,0,15:12,15:12,24150,SL
NIFTY,2026-08-25,Tue,2026-08-25,0,0,RECENTER_3_CD15,1,0,1,83.4,-2606.5,872.0,-3478.5,-2606.5,872.0,-3478.5,0,0,0,15:12,15:12,24150,SL
NIFTY,2026-08-25,Tue,2026-08-25,0,0,RECENTER_5_CD15,1,0,1,83.4,-2606.5,872.0,-3478.5,-2606.5,872.0,-3478.5,0,0,0,15:12,15:12,24150,SL
NIFTY,2026-08-25,Tue,2026-08-25,0,0,RECENTER_5_NOGUARD,1,0,1,83.4,-2606.5,872.0,-3478.5,-2606.5,872.0,-3478.5,0,0,0,15:12,15:12,24150,SL
NIFTY,2026-08-25,Tue,2026-08-25,0,0,MOVESTOP_ONE,1,0,1,83.4,-2184.0,871.81,-3055.81,-2184.0,871.81,-3055.81,0,0,0,14:57,14:57,24150,SL
NIFTY,2026-08-25,Tue,2026-08-25,0,0,MOVESTOP_RECENTER,1,0,1,83.4,-2184.0,871.81,-3055.81,-2184.0,871.81,-3055.81,0,0,0,14:57,14:57,24150,SL
NIFTY,2026-08-25,Tue,2026-08-25,0,0,MOVESTOP_RC1,1,0,1,83.4,-2184.0,871.81,-3055.81,-2184.0,871.81,-3055.81,0,0,0,14:57,14:57,24150,SL
NIFTY,2026-08-25,Tue,2026-08-25,0,0,MOVESTOP_RC_CD15,1,0,1,83.4,-2184.0,871.81,-3055.81,-2184.0,871.81,-3055.81,0,0,0,14:57,14:57,24150,SL
NIFTY,2026-08-25,Tue,2026-08-25,0,0,NOSTOP_HOLD,1,0,0,83.4,-1963.0,43.61,-2006.61,-1963.0,43.61,-2006.61,0,0,0,15:15,15:15,24150,TIME
NIFTY,2026-08-26,Wed,2026-09-01,4,6,ONE_AND_DONE,1,0,0,216.0,-169.0,58.92,-227.92,-169.0,58.92,-227.92,0,0,0,15:15,15:15,24450,TIME
NIFTY,2026-08-26,Wed,2026-09-01,4,6,RECENTER_1,1,0,0,216.0,-169.0,58.92,-227.92,-169.0,58.92,-227.92,0,0,0,15:15,15:15,24450,TIME
NIFTY,2026-08-26,Wed,2026-09-01,4,6,RECENTER_2,1,0,0,216.0,-169.0,58.92,-227.92,-169.0,58.92,-227.92,0,0,0,15:15,15:15,24450,TIME
NIFTY,2026-08-26,Wed,2026-09-01,4,6,RECENTER_3,1,0,0,216.0,-169.0,58.92,-227.92,-169.0,58.92,-227.92,0,0,0,15:15,15:15,24450,TIME
NIFTY,2026-08-26,Wed,2026-09-01,4,6,RECENTER_5,1,0,0,216.0,-169.0,58.92,-227.92,-169.0,58.92,-227.92,0,0,0,15:15,15:15,24450,TIME
NIFTY,2026-08-26,Wed,2026-09-01,4,6,RECENTER_2_CD15,1,0,0,216.0,-169.0,58.92,-227.92,-169.0,58.92,-227.92,0,0,0,15:15,15:15,24450,TIME
NIFTY,2026-08-26,Wed,2026-09-01,4,6,RECENTER_3_CD15,1,0,0,216.0,-169.0,58.92,-227.92,-169.0,58.92,-227.92,0,0,0,15:15,15:15,24450,TIME
NIFTY,2026-08-26,Wed,2026-09-01,4,6,RECENTER_5_CD15,1,0,0,216.0,-169.0,58.92,-227.92,-169.0,58.92,-227.92,0,0,0,15:15,15:15,24450,TIME
NIFTY,2026-08-26,Wed,2026-09-01,4,6,RECENTER_5_NOGUARD,1,0,0,216.0,-169.0,58.92,-227.92,-169.0,58.92,-227.92,0,0,0,15:15,15:15,24450,TIME
NIFTY,2026-08-26,Wed,2026-09-01,4,6,MOVESTOP_ONE,1,0,0,216.0,-169.0,58.92,-227.92,-169.0,58.92,-227.92,0,0,0,15:15,15:15,24450,TIME
NIFTY,2026-08-26,Wed,2026-09-01,4,6,MOVESTOP_RECENTER,1,0,0,216.0,-169.0,58.92,-227.92,-169.0,58.92,-227.92,0,0,0,15:15,15:15,24450,TIME
NIFTY,2026-08-26,Wed,2026-09-01,4,6,MOVESTOP_RC1,1,0,0,216.0,-169.0,58.92,-227.92,-169.0,58.92,-227.92,0,0,0,15:15,15:15,24450,TIME
NIFTY,2026-08-26,Wed,2026-09-01,4,6,MOVESTOP_RC_CD15,1,0,0,216.0,-169.0,58.92,-227.92,-169.0,58.92,-227.92,0,0,0,15:15,15:15,24450,TIME
NIFTY,2026-08-26,Wed,2026-09-01,4,6,NOSTOP_HOLD,1,0,0,216.0,-169.0,58.92,-227.92,-169.0,58.92,-227.92,0,0,0,15:15,15:15,24450,TIME
NIFTY,2026-08-27,Thu,2026-09-01,3,5,ONE_AND_DONE,1,0,0,204.25,-676.0,57.72,-733.72,-676.0,57.72,-733.72,0,0,0,15:15,15:15,24300,TIME
NIFTY,2026-08-27,Thu,2026-09-01,3,5,RECENTER_1,1,0,0,204.25,-676.0,57.72,-733.72,-676.0,57.72,-733.72,0,0,0,15:15,15:15,24300,TIME
NIFTY,2026-08-27,Thu,2026-09-01,3,5,RECENTER_2,1,0,0,204.25,-676.0,57.72,-733.72,-676.0,57.72,-733.72,0,0,0,15:15,15:15,24300,TIME
NIFTY,2026-08-27,Thu,2026-09-01,3,5,RECENTER_3,1,0,0,204.25,-676.0,57.72,-733.72,-676.0,57.72,-733.72,0,0,0,15:15,15:15,24300,TIME
NIFTY,2026-08-27,Thu,2026-09-01,3,5,RECENTER_5,1,0,0,204.25,-676.0,57.72,-733.72,-676.0,57.72,-733.72,0,0,0,15:15,15:15,24300,TIME
NIFTY,2026-08-27,Thu,2026-09-01,3,5,RECENTER_2_CD15,1,0,0,204.25,-676.0,57.72,-733.72,-676.0,57.72,-733.72,0,0,0,15:15,15:15,24300,TIME
NIFTY,2026-08-27,Thu,2026-09-01,3,5,RECENTER_3_CD15,1,0,0,204.25,-676.0,57.72,-733.72,-676.0,57.72,-733.72,0,0,0,15:15,15:15,24300,TIME
NIFTY,2026-08-27,Thu,2026-09-01,3,5,RECENTER_5_CD15,1,0,0,204.25,-676.0,57.72,-733.72,-676.0,57.72,-733.72,0,0,0,15:15,15:15,24300,TIME
NIFTY,2026-08-27,Thu,2026-09-01,3,5,RECENTER_5_NOGUARD,1,0,0,204.25,-676.0,57.72,-733.72,-676.0,57.72,-733.72,0,0,0,15:15,15:15,24300,TIME
NIFTY,2026-08-27,Thu,2026-09-01,3,5,MOVESTOP_ONE,1,0,1,204.25,-614.25,885.79,-1500.04,-614.25,885.79,-1500.04,0,0,0,09:32,09:32,24300,SL
NIFTY,2026-08-27,Thu,2026-09-01,3,5,MOVESTOP_RECENTER,2,1,1,204.25,-195.0,943.76,-1138.76,-614.25,885.79,-1500.04,419.25,57.96,361.29,09:32,15:15,24300|24250,SL|TIME
NIFTY,2026-08-27,Thu,2026-09-01,3,5,MOVESTOP_RC1,2,1,1,204.25,-195.0,943.76,-1138.76,-614.25,885.79,-1500.04,419.25,57.96,361.29,09:32,15:15,24300|24250,SL|TIME
NIFTY,2026-08-27,Thu,2026-09-01,3,5,MOVESTOP_RC_CD15,2,1,1,204.25,-195.0,943.76,-1138.76,-614.25,885.79,-1500.04,419.25,57.96,361.29,09:32,15:15,24300|24250,SL|TIME
NIFTY,2026-08-27,Thu,2026-09-01,3,5,NOSTOP_HOLD,1,0,0,204.25,-676.0,57.72,-733.72,-676.0,57.72,-733.72,0,0,0,15:15,15:15,24300,TIME
NIFTY,2026-08-28,Fri,2026-09-01,2,4,ONE_AND_DONE,1,0,0,194.75,113.75,56.21,57.54,113.75,56.21,57.54,0,0,0,15:15,15:15,24150,TIME
NIFTY,2026-08-28,Fri,2026-09-01,2,4,RECENTER_1,1,0,0,194.75,113.75,56.21,57.54,113.75,56.21,57.54,0,0,0,15:15,15:15,24150,TIME
NIFTY,2026-08-28,Fri,2026-09-01,2,4,RECENTER_2,1,0,0,194.75,113.75,56.21,57.54,113.75,56.21,57.54,0,0,0,15:15,15:15,24150,TIME
NIFTY,2026-08-28,Fri,2026-09-01,2,4,RECENTER_3,1,0,0,194.75,113.75,56.21,57.54,113.75,56.21,57.54,0,0,0,15:15,15:15,24150,TIME
NIFTY,2026-08-28,Fri,2026-09-01,2,4,RECENTER_5,1,0,0,194.75,113.75,56.21,57.54,113.75,56.21,57.54,0,0,0,15:15,15:15,24150,TIME
NIFTY,2026-08-28,Fri,2026-09-01,2,4,RECENTER_2_CD15,1,0,0,194.75,113.75,56.21,57.54,113.75,56.21,57.54,0,0,0,15:15,15:15,24150,TIME
NIFTY,2026-08-28,Fri,2026-09-01,2,4,RECENTER_3_CD15,1,0,0,194.75,113.75,56.21,57.54,113.75,56.21,57.54,0,0,0,15:15,15:15,24150,TIME
NIFTY,2026-08-28,Fri,2026-09-01,2,4,RECENTER_5_CD15,1,0,0,194.75,113.75,56.21,57.54,113.75,56.21,57.54,0,0,0,15:15,15:15,24150,TIME
NIFTY,2026-08-28,Fri,2026-09-01,2,4,RECENTER_5_NOGUARD,1,0,0,194.75,113.75,56.21,57.54,113.75,56.21,57.54,0,0,0,15:15,15:15,24150,TIME
NIFTY,2026-08-28,Fri,2026-09-01,2,4,MOVESTOP_ONE,1,0,0,194.75,113.75,56.21,57.54,113.75,56.21,57.54,0,0,0,15:15,15:15,24150,TIME
NIFTY,2026-08-28,Fri,2026-09-01,2,4,MOVESTOP_RECENTER,1,0,0,194.75,113.75,56.21,57.54,113.75,56.21,57.54,0,0,0,15:15,15:15,24150,TIME
NIFTY,2026-08-28,Fri,2026-09-01,2,4,MOVESTOP_RC1,1,0,0,194.75,113.75,56.21,57.54,113.75,56.21,57.54,0,0,0,15:15,15:15,24150,TIME
NIFTY,2026-08-28,Fri,2026-09-01,2,4,MOVESTOP_RC_CD15,1,0,0,194.75,113.75,56.21,57.54,113.75,56.21,57.54,0,0,0,15:15,15:15,24150,TIME
NIFTY,2026-08-28,Fri,2026-09-01,2,4,NOSTOP_HOLD,1,0,0,194.75,113.75,56.21,57.54,113.75,56.21,57.54,0,0,0,15:15,15:15,24150,TIME
NIFTY,2026-08-31,Mon,2026-09-01,1,1,ONE_AND_DONE,1,0,1,146.1,-3279.25,879.92,-4159.17,-3279.25,879.92,-4159.17,0,0,0,14:47,14:47,24050,SL
NIFTY,2026-08-31,Mon,2026-09-01,1,1,RECENTER_1,1,0,1,146.1,-3279.25,879.92,-4159.17,-3279.25,879.92,-4159.17,0,0,0,14:47,14:47,24050,SL
NIFTY,2026-08-31,Mon,2026-09-01,1,1,RECENTER_2,1,0,1,146.1,-3279.25,879.92,-4159.17,-3279.25,879.92,-4159.17,0,0,0,14:47,14:47,24050,SL
NIFTY,2026-08-31,Mon,2026-09-01,1,1,RECENTER_3,1,0,1,146.1,-3279.25,879.92,-4159.17,-3279.25,879.92,-4159.17,0,0,0,14:47,14:47,24050,SL
NIFTY,2026-08-31,Mon,2026-09-01,1,1,RECENTER_5,1,0,1,146.1,-3279.25,879.92,-4159.17,-3279.25,879.92,-4159.17,0,0,0,14:47,14:47,24050,SL
NIFTY,2026-08-31,Mon,2026-09-01,1,1,RECENTER_2_CD15,1,0,1,146.1,-3279.25,879.92,-4159.17,-3279.25,879.92,-4159.17,0,0,0,14:47,14:47,24050,SL
NIFTY,2026-08-31,Mon,2026-09-01,1,1,RECENTER_3_CD15,1,0,1,146.1,-3279.25,879.92,-4159.17,-3279.25,879.92,-4159.17,0,0,0,14:47,14:47,24050,SL
NIFTY,2026-08-31,Mon,2026-09-01,1,1,RECENTER_5_CD15,1,0,1,146.1,-3279.25,879.92,-4159.17,-3279.25,879.92,-4159.17,0,0,0,14:47,14:47,24050,SL
NIFTY,2026-08-31,Mon,2026-09-01,1,1,RECENTER_5_NOGUARD,1,0,1,146.1,-3279.25,879.92,-4159.17,-3279.25,879.92,-4159.17,0,0,0,14:47,14:47,24050,SL
NIFTY,2026-08-31,Mon,2026-09-01,1,1,MOVESTOP_ONE,1,0,0,146.1,-1108.25,50.85,-1159.1,-1108.25,50.85,-1159.1,0,0,0,15:15,15:15,24050,TIME
NIFTY,2026-08-31,Mon,2026-09-01,1,1,MOVESTOP_RECENTER,1,0,0,146.1,-1108.25,50.85,-1159.1,-1108.25,50.85,-1159.1,0,0,0,15:15,15:15,24050,TIME
NIFTY,2026-08-31,Mon,2026-09-01,1,1,MOVESTOP_RC1,1,0,0,146.1,-1108.25,50.85,-1159.1,-1108.25,50.85,-1159.1,0,0,0,15:15,15:15,24050,TIME
NIFTY,2026-08-31,Mon,2026-09-01,1,1,MOVESTOP_RC_CD15,1,0,0,146.1,-1108.25,50.85,-1159.1,-1108.25,50.85,-1159.1,0,0,0,15:15,15:15,24050,TIME
NIFTY,2026-08-31,Mon,2026-09-01,1,1,NOSTOP_HOLD,1,0,0,146.1,-1108.25,50.85,-1159.1,-1108.25,50.85,-1159.1,0,0,0,15:15,15:15,24050,TIME
SENSEX,2026-04-27,Mon,2026-04-30,3,3,ONE_AND_DONE,1,0,0,1237.15,2075.0,61.92,2013.08,2075.0,61.92,2013.08,0,0,0,15:15,15:15,77200,TIME
SENSEX,2026-04-27,Mon,2026-04-30,3,3,RECENTER_1,1,0,0,1237.15,2075.0,61.92,2013.08,2075.0,61.92,2013.08,0,0,0,15:15,15:15,77200,TIME
SENSEX,2026-04-27,Mon,2026-04-30,3,3,RECENTER_2,1,0,0,1237.15,2075.0,61.92,2013.08,2075.0,61.92,2013.08,0,0,0,15:15,15:15,77200,TIME
SENSEX,2026-04-27,Mon,2026-04-30,3,3,RECENTER_3,1,0,0,1237.15,2075.0,61.92,2013.08,2075.0,61.92,2013.08,0,0,0,15:15,15:15,77200,TIME
SENSEX,2026-04-27,Mon,2026-04-30,3,3,RECENTER_5,1,0,0,1237.15,2075.0,61.92,2013.08,2075.0,61.92,2013.08,0,0,0,15:15,15:15,77200,TIME
SENSEX,2026-04-27,Mon,2026-04-30,3,3,RECENTER_2_CD15,1,0,0,1237.15,2075.0,61.92,2013.08,2075.0,61.92,2013.08,0,0,0,15:15,15:15,77200,TIME
SENSEX,2026-04-27,Mon,2026-04-30,3,3,RECENTER_3_CD15,1,0,0,1237.15,2075.0,61.92,2013.08,2075.0,61.92,2013.08,0,0,0,15:15,15:15,77200,TIME
SENSEX,2026-04-27,Mon,2026-04-30,3,3,RECENTER_5_CD15,1,0,0,1237.15,2075.0,61.92,2013.08,2075.0,61.92,2013.08,0,0,0,15:15,15:15,77200,TIME
SENSEX,2026-04-27,Mon,2026-04-30,3,3,RECENTER_5_NOGUARD,1,0,0,1237.15,2075.0,61.92,2013.08,2075.0,61.92,2013.08,0,0,0,15:15,15:15,77200,TIME
SENSEX,2026-04-27,Mon,2026-04-30,3,3,MOVESTOP_ONE,1,0,1,1237.15,2290.0,316.62,1973.38,2290.0,316.62,1973.38,0,0,0,13:43,13:43,77200,SL
SENSEX,2026-04-27,Mon,2026-04-30,3,3,MOVESTOP_RECENTER,2,1,1,1237.15,2071.0,374.43,1696.57,2290.0,316.62,1973.38,-219.0,57.81,-276.81,13:43,15:15,77200|77400,SL|TIME
SENSEX,2026-04-27,Mon,2026-04-30,3,3,MOVESTOP_RC1,2,1,1,1237.15,2071.0,374.43,1696.57,2290.0,316.62,1973.38,-219.0,57.81,-276.81,13:43,15:15,77200|77400,SL|TIME
SENSEX,2026-04-27,Mon,2026-04-30,3,3,MOVESTOP_RC_CD15,2,1,1,1237.15,2071.0,374.43,1696.57,2290.0,316.62,1973.38,-219.0,57.81,-276.81,13:43,15:15,77200|77400,SL|TIME
SENSEX,2026-04-27,Mon,2026-04-30,3,3,NOSTOP_HOLD,1,0,0,1237.15,2075.0,61.92,2013.08,2075.0,61.92,2013.08,0,0,0,15:15,15:15,77200,TIME
SENSEX,2026-04-28,Tue,2026-04-30,2,2,ONE_AND_DONE,1,0,0,921.85,740.0,50.72,689.28,740.0,50.72,689.28,0,0,0,15:15,15:15,77300,TIME
SENSEX,2026-04-28,Tue,2026-04-30,2,2,RECENTER_1,1,0,0,921.85,740.0,50.72,689.28,740.0,50.72,689.28,0,0,0,15:15,15:15,77300,TIME
SENSEX,2026-04-28,Tue,2026-04-30,2,2,RECENTER_2,1,0,0,921.85,740.0,50.72,689.28,740.0,50.72,689.28,0,0,0,15:15,15:15,77300,TIME
SENSEX,2026-04-28,Tue,2026-04-30,2,2,RECENTER_3,1,0,0,921.85,740.0,50.72,689.28,740.0,50.72,689.28,0,0,0,15:15,15:15,77300,TIME
SENSEX,2026-04-28,Tue,2026-04-30,2,2,RECENTER_5,1,0,0,921.85,740.0,50.72,689.28,740.0,50.72,689.28,0,0,0,15:15,15:15,77300,TIME
SENSEX,2026-04-28,Tue,2026-04-30,2,2,RECENTER_2_CD15,1,0,0,921.85,740.0,50.72,689.28,740.0,50.72,689.28,0,0,0,15:15,15:15,77300,TIME
SENSEX,2026-04-28,Tue,2026-04-30,2,2,RECENTER_3_CD15,1,0,0,921.85,740.0,50.72,689.28,740.0,50.72,689.28,0,0,0,15:15,15:15,77300,TIME
SENSEX,2026-04-28,Tue,2026-04-30,2,2,RECENTER_5_CD15,1,0,0,921.85,740.0,50.72,689.28,740.0,50.72,689.28,0,0,0,15:15,15:15,77300,TIME
SENSEX,2026-04-28,Tue,2026-04-30,2,2,RECENTER_5_NOGUARD,1,0,0,921.85,740.0,50.72,689.28,740.0,50.72,689.28,0,0,0,15:15,15:15,77300,TIME
SENSEX,2026-04-28,Tue,2026-04-30,2,2,MOVESTOP_ONE,1,0,1,921.85,330.0,305.7,24.3,330.0,305.7,24.3,0,0,0,12:31,12:31,77300,SL
SENSEX,2026-04-28,Tue,2026-04-30,2,2,MOVESTOP_RECENTER,2,1,1,921.85,1178.0,354.04,823.96,330.0,305.7,24.3,848.0,48.33,799.67,12:31,15:15,77300|76900,SL|TIME
SENSEX,2026-04-28,Tue,2026-04-30,2,2,MOVESTOP_RC1,2,1,1,921.85,1178.0,354.04,823.96,330.0,305.7,24.3,848.0,48.33,799.67,12:31,15:15,77300|76900,SL|TIME
SENSEX,2026-04-28,Tue,2026-04-30,2,2,MOVESTOP_RC_CD15,2,1,1,921.85,1178.0,354.04,823.96,330.0,305.7,24.3,848.0,48.33,799.67,12:31,15:15,77300|76900,SL|TIME
SENSEX,2026-04-28,Tue,2026-04-30,2,2,NOSTOP_HOLD,1,0,0,921.85,740.0,50.72,689.28,740.0,50.72,689.28,0,0,0,15:15,15:15,77300,TIME
SENSEX,2026-04-29,Wed,2026-04-30,1,1,ONE_AND_DONE,1,0,1,636.65,-2635.0,296.37,-2931.37,-2635.0,296.37,-2931.37,0,0,0,10:11,10:11,77300,SL
SENSEX,2026-04-29,Wed,2026-04-30,1,1,RECENTER_1,2,1,1,636.65,-1146.0,338.13,-1484.13,-2635.0,296.37,-2931.37,1489.0,41.76,1447.24,10:11,15:15,77300|77700,SL|TIME
SENSEX,2026-04-29,Wed,2026-04-30,1,1,RECENTER_2,2,1,1,636.65,-1146.0,338.13,-1484.13,-2635.0,296.37,-2931.37,1489.0,41.76,1447.24,10:11,15:15,77300|77700,SL|TIME
SENSEX,2026-04-29,Wed,2026-04-30,1,1,RECENTER_3,2,1,1,636.65,-1146.0,338.13,-1484.13,-2635.0,296.37,-2931.37,1489.0,41.76,1447.24,10:11,15:15,77300|77700,SL|TIME
SENSEX,2026-04-29,Wed,2026-04-30,1,1,RECENTER_5,2,1,1,636.65,-1146.0,338.13,-1484.13,-2635.0,296.37,-2931.37,1489.0,41.76,1447.24,10:11,15:15,77300|77700,SL|TIME
SENSEX,2026-04-29,Wed,2026-04-30,1,1,RECENTER_2_CD15,2,1,1,636.65,-1146.0,338.13,-1484.13,-2635.0,296.37,-2931.37,1489.0,41.76,1447.24,10:11,15:15,77300|77700,SL|TIME
SENSEX,2026-04-29,Wed,2026-04-30,1,1,RECENTER_3_CD15,2,1,1,636.65,-1146.0,338.13,-1484.13,-2635.0,296.37,-2931.37,1489.0,41.76,1447.24,10:11,15:15,77300|77700,SL|TIME
SENSEX,2026-04-29,Wed,2026-04-30,1,1,RECENTER_5_CD15,2,1,1,636.65,-1146.0,338.13,-1484.13,-2635.0,296.37,-2931.37,1489.0,41.76,1447.24,10:11,15:15,77300|77700,SL|TIME
SENSEX,2026-04-29,Wed,2026-04-30,1,1,RECENTER_5_NOGUARD,2,1,1,636.65,-1146.0,338.13,-1484.13,-2635.0,296.37,-2931.37,1489.0,41.76,1447.24,10:11,15:15,77300|77700,SL|TIME
SENSEX,2026-04-29,Wed,2026-04-30,1,1,MOVESTOP_ONE,1,0,1,636.65,-1656.0,295.93,-1951.93,-1656.0,295.93,-1951.93,0,0,0,10:03,10:03,77300,SL
SENSEX,2026-04-29,Wed,2026-04-30,1,1,MOVESTOP_RECENTER,4,3,1,636.65,-3415.0,929.58,-4344.58,-1656.0,295.93,-1951.93,-1759.0,633.66,-2392.66,10:03,15:15,77300|77600|78000|77600,SL|SL|SL|TIME
SENSEX,2026-04-29,Wed,2026-04-30,1,1,MOVESTOP_RC1,2,1,1,636.65,-2539.0,592.99,-3131.99,-1656.0,295.93,-1951.93,-883.0,297.06,-1180.06,10:03,12:11,77300|77600,SL|SL
SENSEX,2026-04-29,Wed,2026-04-30,1,1,MOVESTOP_RC_CD15,4,3,1,636.65,-3415.0,929.58,-4344.58,-1656.0,295.93,-1951.93,-1759.0,633.66,-2392.66,10:03,15:15,77300|77600|78000|77600,SL|SL|SL|TIME
SENSEX,2026-04-29,Wed,2026-04-30,1,1,NOSTOP_HOLD,1,0,0,636.65,-33.0,40.4,-73.4,-33.0,40.4,-73.4,0,0,0,15:15,15:15,77300,TIME
SENSEX,2026-04-30,Thu,2026-04-30,0,0,ONE_AND_DONE,1,0,1,372.35,-3045.0,286.66,-3331.66,-3045.0,286.66,-3331.66,0,0,0,10:18,10:18,76800,SL
SENSEX,2026-04-30,Thu,2026-04-30,0,0,RECENTER_1,2,1,1,372.35,-6086.0,572.08,-6658.08,-3045.0,286.66,-3331.66,-3041.0,285.41,-3326.41,10:18,12:47,76800|76300,SL|SL
SENSEX,2026-04-30,Thu,2026-04-30,0,0,RECENTER_2,3,2,1,372.35,-9159.0,854.26,-10013.26,-3045.0,286.66,-3331.66,-6114.0,567.6,-6681.6,10:18,13:45,76800|76300|76800,SL|SL|SL
SENSEX,2026-04-30,Thu,2026-04-30,0,0,RECENTER_3,4,3,1,372.35,-10088.0,881.17,-10969.17,-3045.0,286.66,-3331.66,-7043.0,594.51,-7637.51,10:18,15:15,76800|76300|76800|77200,SL|SL|SL|TIME
SENSEX,2026-04-30,Thu,2026-04-30,0,0,RECENTER_5,4,3,1,372.35,-10088.0,881.17,-10969.17,-3045.0,286.66,-3331.66,-7043.0,594.51,-7637.51,10:18,15:15,76800|76300|76800|77200,SL|SL|SL|TIME
SENSEX,2026-04-30,Thu,2026-04-30,0,0,RECENTER_2_CD15,3,2,1,372.35,-9159.0,854.26,-10013.26,-3045.0,286.66,-3331.66,-6114.0,567.6,-6681.6,10:18,13:45,76800|76300|76800,SL|SL|SL
SENSEX,2026-04-30,Thu,2026-04-30,0,0,RECENTER_3_CD15,4,3,1,372.35,-10088.0,881.17,-10969.17,-3045.0,286.66,-3331.66,-7043.0,594.51,-7637.51,10:18,15:15,76800|76300|76800|77200,SL|SL|SL|TIME
SENSEX,2026-04-30,Thu,2026-04-30,0,0,RECENTER_5_CD15,4,3,1,372.35,-10088.0,881.17,-10969.17,-3045.0,286.66,-3331.66,-7043.0,594.51,-7637.51,10:18,15:15,76800|76300|76800|77200,SL|SL|SL|TIME
SENSEX,2026-04-30,Thu,2026-04-30,0,0,RECENTER_5_NOGUARD,4,3,1,372.35,-10088.0,881.17,-10969.17,-3045.0,286.66,-3331.66,-7043.0,594.51,-7637.51,10:18,15:15,76800|76300|76800|77200,SL|SL|SL|TIME
SENSEX,2026-04-30,Thu,2026-04-30,0,0,MOVESTOP_ONE,1,0,1,372.35,-1358.0,285.9,-1643.9,-1358.0,285.9,-1643.9,0,0,0,10:05,10:05,76800,SL
SENSEX,2026-04-30,Thu,2026-04-30,0,0,MOVESTOP_RECENTER,4,3,1,372.35,-5592.0,879.03,-6471.03,-1358.0,285.9,-1643.9,-4234.0,593.12,-4827.12,10:05,15:15,76800|76500|76800|77200,SL|SL|SL|TIME
SENSEX,2026-04-30,Thu,2026-04-30,0,0,MOVESTOP_RC1,2,1,1,372.35,-1397.0,570.2,-1967.2,-1358.0,285.9,-1643.9,-39.0,284.3,-323.3,10:05,12:58,76800|76500,SL|SL
SENSEX,2026-04-30,Thu,2026-04-30,0,0,MOVESTOP_RC_CD15,4,3,1,372.35,-5592.0,879.03,-6471.03,-1358.0,285.9,-1643.9,-4234.0,593.12,-4827.12,10:05,15:15,76800|76500|76800|77200,SL|SL|SL|TIME
SENSEX,2026-04-30,Thu,2026-04-30,0,0,NOSTOP_HOLD,1,0,0,372.35,5623.0,27.96,5595.04,5623.0,27.96,5595.04,0,0,0,15:15,15:15,76800,TIME
SENSEX,2026-05-04,Mon,2026-05-07,3,3,ONE_AND_DONE,1,0,1,1296.55,-2521.0,321.01,-2842.01,-2521.0,321.01,-2842.01,0,0,0,13:29,13:29,77800,SL
SENSEX,2026-05-04,Mon,2026-05-07,3,3,RECENTER_1,2,1,1,1296.55,-1716.0,386.06,-2102.06,-2521.0,321.01,-2842.01,805.0,65.05,739.95,13:29,15:15,77800|77200,SL|TIME
SENSEX,2026-05-04,Mon,2026-05-07,3,3,RECENTER_2,2,1,1,1296.55,-1716.0,386.06,-2102.06,-2521.0,321.01,-2842.01,805.0,65.05,739.95,13:29,15:15,77800|77200,SL|TIME
SENSEX,2026-05-04,Mon,2026-05-07,3,3,RECENTER_3,2,1,1,1296.55,-1716.0,386.06,-2102.06,-2521.0,321.01,-2842.01,805.0,65.05,739.95,13:29,15:15,77800|77200,SL|TIME
SENSEX,2026-05-04,Mon,2026-05-07,3,3,RECENTER_5,2,1,1,1296.55,-1716.0,386.06,-2102.06,-2521.0,321.01,-2842.01,805.0,65.05,739.95,13:29,15:15,77800|77200,SL|TIME
SENSEX,2026-05-04,Mon,2026-05-07,3,3,RECENTER_2_CD15,2,1,1,1296.55,-1716.0,386.06,-2102.06,-2521.0,321.01,-2842.01,805.0,65.05,739.95,13:29,15:15,77800|77200,SL|TIME
SENSEX,2026-05-04,Mon,2026-05-07,3,3,RECENTER_3_CD15,2,1,1,1296.55,-1716.0,386.06,-2102.06,-2521.0,321.01,-2842.01,805.0,65.05,739.95,13:29,15:15,77800|77200,SL|TIME
SENSEX,2026-05-04,Mon,2026-05-07,3,3,RECENTER_5_CD15,2,1,1,1296.55,-1716.0,386.06,-2102.06,-2521.0,321.01,-2842.01,805.0,65.05,739.95,13:29,15:15,77800|77200,SL|TIME
SENSEX,2026-05-04,Mon,2026-05-07,3,3,RECENTER_5_NOGUARD,2,1,1,1296.55,-1716.0,386.06,-2102.06,-2521.0,321.01,-2842.01,805.0,65.05,739.95,13:29,15:15,77800|77200,SL|TIME
SENSEX,2026-05-04,Mon,2026-05-07,3,3,MOVESTOP_ONE,1,0,1,1296.55,1132.0,319.36,812.64,1132.0,319.36,812.64,0,0,0,09:41,09:41,77800,SL
SENSEX,2026-05-04,Mon,2026-05-07,3,3,MOVESTOP_RECENTER,4,3,1,1296.55,-560.0,1022.7,-1582.7,1132.0,319.36,812.64,-1692.0,703.34,-2395.34,09:41,15:15,77800|78000|77600|77300,SL|SL|SL|TIME
SENSEX,2026-05-04,Mon,2026-05-07,3,3,MOVESTOP_RC1,2,1,1,1296.55,-830.0,637.66,-1467.66,1132.0,319.36,812.64,-1962.0,318.3,-2280.3,09:41,10:14,77800|78000,SL|SL
SENSEX,2026-05-04,Mon,2026-05-07,3,3,MOVESTOP_RC_CD15,4,3,1,1296.55,-560.0,1022.7,-1582.7,1132.0,319.36,812.64,-1692.0,703.34,-2395.34,09:41,15:15,77800|78000|77600|77300,SL|SL|SL|TIME
SENSEX,2026-05-04,Mon,2026-05-07,3,3,NOSTOP_HOLD,1,0,0,1296.55,91.0,65.03,25.97,91.0,65.03,25.97,0,0,0,15:15,15:15,77800,TIME
SENSEX,2026-05-05,Tue,2026-05-07,2,2,ONE_AND_DONE,1,0,0,1017.6,3686.0,52.98,3633.02,3686.0,52.98,3633.02,0,0,0,15:15,15:15,77100,TIME
SENSEX,2026-05-05,Tue,2026-05-07,2,2,RECENTER_1,1,0,0,1017.6,3686.0,52.98,3633.02,3686.0,52.98,3633.02,0,0,0,15:15,15:15,77100,TIME
SENSEX,2026-05-05,Tue,2026-05-07,2,2,RECENTER_2,1,0,0,1017.6,3686.0,52.98,3633.02,3686.0,52.98,3633.02,0,0,0,15:15,15:15,77100,TIME
SENSEX,2026-05-05,Tue,2026-05-07,2,2,RECENTER_3,1,0,0,1017.6,3686.0,52.98,3633.02,3686.0,52.98,3633.02,0,0,0,15:15,15:15,77100,TIME
SENSEX,2026-05-05,Tue,2026-05-07,2,2,RECENTER_5,1,0,0,1017.6,3686.0,52.98,3633.02,3686.0,52.98,3633.02,0,0,0,15:15,15:15,77100,TIME
SENSEX,2026-05-05,Tue,2026-05-07,2,2,RECENTER_2_CD15,1,0,0,1017.6,3686.0,52.98,3633.02,3686.0,52.98,3633.02,0,0,0,15:15,15:15,77100,TIME
SENSEX,2026-05-05,Tue,2026-05-07,2,2,RECENTER_3_CD15,1,0,0,1017.6,3686.0,52.98,3633.02,3686.0,52.98,3633.02,0,0,0,15:15,15:15,77100,TIME
SENSEX,2026-05-05,Tue,2026-05-07,2,2,RECENTER_5_CD15,1,0,0,1017.6,3686.0,52.98,3633.02,3686.0,52.98,3633.02,0,0,0,15:15,15:15,77100,TIME
SENSEX,2026-05-05,Tue,2026-05-07,2,2,RECENTER_5_NOGUARD,1,0,0,1017.6,3686.0,52.98,3633.02,3686.0,52.98,3633.02,0,0,0,15:15,15:15,77100,TIME
SENSEX,2026-05-05,Tue,2026-05-07,2,2,MOVESTOP_ONE,1,0,1,1017.6,829.0,309.06,519.94,829.0,309.06,519.94,0,0,0,10:23,10:23,77100,SL
SENSEX,2026-05-05,Tue,2026-05-07,2,2,MOVESTOP_RECENTER,3,2,1,1017.6,1975.0,666.46,1308.54,829.0,309.06,519.94,1146.0,357.4,788.6,10:23,15:15,77100|76800|77200,SL|SL|TIME
SENSEX,2026-05-05,Tue,2026-05-07,2,2,MOVESTOP_RC1,2,1,1,1017.6,292.0,616.45,-324.45,829.0,309.06,519.94,-537.0,307.39,-844.39,10:23,13:09,77100|76800,SL|SL
SENSEX,2026-05-05,Tue,2026-05-07,2,2,MOVESTOP_RC_CD15,3,2,1,1017.6,1975.0,666.46,1308.54,829.0,309.06,519.94,1146.0,357.4,788.6,10:23,15:15,77100|76800|77200,SL|SL|TIME
SENSEX,2026-05-05,Tue,2026-05-07,2,2,NOSTOP_HOLD,1,0,0,1017.6,3686.0,52.98,3633.02,3686.0,52.98,3633.02,0,0,0,15:15,15:15,77100,TIME
SENSEX,2026-05-06,Wed,2026-05-07,1,1,ONE_AND_DONE,1,0,1,680.9,-3041.0,298.21,-3339.21,-3041.0,298.21,-3339.21,0,0,0,12:23,12:23,77600,SL
SENSEX,2026-05-06,Wed,2026-05-07,1,1,RECENTER_1,2,1,1,680.9,-7495.0,597.01,-8092.01,-3041.0,298.21,-3339.21,-4454.0,298.8,-4752.8,12:23,14:22,77600|77000,SL|SL
SENSEX,2026-05-06,Wed,2026-05-07,1,1,RECENTER_2,3,2,1,680.9,-10597.0,892.39,-11489.39,-3041.0,298.21,-3339.21,-7556.0,594.18,-8150.18,12:23,14:29,77600|77000|77800,SL|SL|SL
SENSEX,2026-05-06,Wed,2026-05-07,1,1,RECENTER_3,4,3,1,680.9,-9445.0,935.37,-10380.37,-3041.0,298.21,-3339.21,-6404.0,637.16,-7041.16,12:23,15:15,77600|77000|77800|78100,SL|SL|SL|TIME
SENSEX,2026-05-06,Wed,2026-05-07,1,1,RECENTER_5,4,3,1,680.9,-9445.0,935.37,-10380.37,-3041.0,298.21,-3339.21,-6404.0,637.16,-7041.16,12:23,15:15,77600|77000|77800|78100,SL|SL|SL|TIME
SENSEX,2026-05-06,Wed,2026-05-07,1,1,RECENTER_2_CD15,3,2,1,680.9,-10597.0,892.39,-11489.39,-3041.0,298.21,-3339.21,-7556.0,594.18,-8150.18,12:23,14:29,77600|77000|77800,SL|SL|SL
SENSEX,2026-05-06,Wed,2026-05-07,1,1,RECENTER_3_CD15,3,2,1,680.9,-10597.0,892.39,-11489.39,-3041.0,298.21,-3339.21,-7556.0,594.18,-8150.18,12:23,14:29,77600|77000|77800,SL|SL|SL
SENSEX,2026-05-06,Wed,2026-05-07,1,1,RECENTER_5_CD15,3,2,1,680.9,-10597.0,892.39,-11489.39,-3041.0,298.21,-3339.21,-7556.0,594.18,-8150.18,12:23,14:29,77600|77000|77800,SL|SL|SL
SENSEX,2026-05-06,Wed,2026-05-07,1,1,RECENTER_5_NOGUARD,4,3,1,680.9,-9445.0,935.37,-10380.37,-3041.0,298.21,-3339.21,-6404.0,637.16,-7041.16,12:23,15:15,77600|77000|77800|78100,SL|SL|SL|TIME
SENSEX,2026-05-06,Wed,2026-05-07,1,1,MOVESTOP_ONE,1,0,1,680.9,-1170.0,297.36,-1467.36,-1170.0,297.36,-1467.36,0,0,0,10:55,10:55,77600,SL
SENSEX,2026-05-06,Wed,2026-05-07,1,1,MOVESTOP_RECENTER,6,5,1,680.9,-6863.0,1526.98,-8389.98,-1170.0,297.36,-1467.36,-5693.0,1229.62,-6922.62,10:55,15:15,77600|77300|76900|77300|77800|78100,SL|SL|SL|SL|SL|TIME
SENSEX,2026-05-06,Wed,2026-05-07,1,1,MOVESTOP_RC1,2,1,1,680.9,-2927.0,594.86,-3521.86,-1170.0,297.36,-1467.36,-1757.0,297.5,-2054.5,10:55,12:47,77600|77300,SL|SL
SENSEX,2026-05-06,Wed,2026-05-07,1,1,MOVESTOP_RC_CD15,5,4,1,680.9,-8015.0,1484.01,-9499.01,-1170.0,297.36,-1467.36,-6845.0,1186.64,-8031.64,10:55,14:29,77600|77300|76900|77300|77800,SL|SL|SL|SL|SL
SENSEX,2026-05-06,Wed,2026-05-07,1,1,NOSTOP_HOLD,1,0,0,680.9,-2691.0,43.25,-2734.25,-2691.0,43.25,-2734.25,0,0,0,15:15,15:15,77600,TIME
SENSEX,2026-05-07,Thu,2026-05-07,0,0,ONE_AND_DONE,1,0,0,471.3,7577.0,30.78,7546.22,7577.0,30.78,7546.22,0,0,0,15:15,15:15,77900,TIME
SENSEX,2026-05-07,Thu,2026-05-07,0,0,RECENTER_1,1,0,0,471.3,7577.0,30.78,7546.22,7577.0,30.78,7546.22,0,0,0,15:15,15:15,77900,TIME
SENSEX,2026-05-07,Thu,2026-05-07,0,0,RECENTER_2,1,0,0,471.3,7577.0,30.78,7546.22,7577.0,30.78,7546.22,0,0,0,15:15,15:15,77900,TIME
SENSEX,2026-05-07,Thu,2026-05-07,0,0,RECENTER_3,1,0,0,471.3,7577.0,30.78,7546.22,7577.0,30.78,7546.22,0,0,0,15:15,15:15,77900,TIME
SENSEX,2026-05-07,Thu,2026-05-07,0,0,RECENTER_5,1,0,0,471.3,7577.0,30.78,7546.22,7577.0,30.78,7546.22,0,0,0,15:15,15:15,77900,TIME
SENSEX,2026-05-07,Thu,2026-05-07,0,0,RECENTER_2_CD15,1,0,0,471.3,7577.0,30.78,7546.22,7577.0,30.78,7546.22,0,0,0,15:15,15:15,77900,TIME
SENSEX,2026-05-07,Thu,2026-05-07,0,0,RECENTER_3_CD15,1,0,0,471.3,7577.0,30.78,7546.22,7577.0,30.78,7546.22,0,0,0,15:15,15:15,77900,TIME
SENSEX,2026-05-07,Thu,2026-05-07,0,0,RECENTER_5_CD15,1,0,0,471.3,7577.0,30.78,7546.22,7577.0,30.78,7546.22,0,0,0,15:15,15:15,77900,TIME
SENSEX,2026-05-07,Thu,2026-05-07,0,0,RECENTER_5_NOGUARD,1,0,0,471.3,7577.0,30.78,7546.22,7577.0,30.78,7546.22,0,0,0,15:15,15:15,77900,TIME
SENSEX,2026-05-07,Thu,2026-05-07,0,0,MOVESTOP_ONE,1,0,1,471.3,-824.0,289.37,-1113.37,-824.0,289.37,-1113.37,0,0,0,12:40,12:40,77900,SL
SENSEX,2026-05-07,Thu,2026-05-07,0,0,MOVESTOP_RECENTER,3,2,1,471.3,1372.0,601.84,770.16,-824.0,289.37,-1113.37,2196.0,312.48,1883.52,12:40,15:15,77900|78300|77900,SL|SL|TIME
SENSEX,2026-05-07,Thu,2026-05-07,0,0,MOVESTOP_RC1,2,1,1,471.3,-3039.0,575.56,-3614.56,-824.0,289.37,-1113.37,-2215.0,286.19,-2501.19,12:40,13:19,77900|78300,SL|SL
SENSEX,2026-05-07,Thu,2026-05-07,0,0,MOVESTOP_RC_CD15,3,2,1,471.3,1372.0,601.84,770.16,-824.0,289.37,-1113.37,2196.0,312.48,1883.52,12:40,15:15,77900|78300|77900,SL|SL|TIME
SENSEX,2026-05-07,Thu,2026-05-07,0,0,NOSTOP_HOLD,1,0,0,471.3,7577.0,30.78,7546.22,7577.0,30.78,7546.22,0,0,0,15:15,15:15,77900,TIME
SENSEX,2026-05-08,Fri,2026-05-14,4,6,ONE_AND_DONE,1,0,0,1398.1,2908.0,67.56,2840.44,2908.0,67.56,2840.44,0,0,0,15:15,15:15,77500,TIME
SENSEX,2026-05-08,Fri,2026-05-14,4,6,RECENTER_1,1,0,0,1398.1,2908.0,67.56,2840.44,2908.0,67.56,2840.44,0,0,0,15:15,15:15,77500,TIME
SENSEX,2026-05-08,Fri,2026-05-14,4,6,RECENTER_2,1,0,0,1398.1,2908.0,67.56,2840.44,2908.0,67.56,2840.44,0,0,0,15:15,15:15,77500,TIME
SENSEX,2026-05-08,Fri,2026-05-14,4,6,RECENTER_3,1,0,0,1398.1,2908.0,67.56,2840.44,2908.0,67.56,2840.44,0,0,0,15:15,15:15,77500,TIME
SENSEX,2026-05-08,Fri,2026-05-14,4,6,RECENTER_5,1,0,0,1398.1,2908.0,67.56,2840.44,2908.0,67.56,2840.44,0,0,0,15:15,15:15,77500,TIME
SENSEX,2026-05-08,Fri,2026-05-14,4,6,RECENTER_2_CD15,1,0,0,1398.1,2908.0,67.56,2840.44,2908.0,67.56,2840.44,0,0,0,15:15,15:15,77500,TIME
SENSEX,2026-05-08,Fri,2026-05-14,4,6,RECENTER_3_CD15,1,0,0,1398.1,2908.0,67.56,2840.44,2908.0,67.56,2840.44,0,0,0,15:15,15:15,77500,TIME
SENSEX,2026-05-08,Fri,2026-05-14,4,6,RECENTER_5_CD15,1,0,0,1398.1,2908.0,67.56,2840.44,2908.0,67.56,2840.44,0,0,0,15:15,15:15,77500,TIME
SENSEX,2026-05-08,Fri,2026-05-14,4,6,RECENTER_5_NOGUARD,1,0,0,1398.1,2908.0,67.56,2840.44,2908.0,67.56,2840.44,0,0,0,15:15,15:15,77500,TIME
SENSEX,2026-05-08,Fri,2026-05-14,4,6,MOVESTOP_ONE,1,0,1,1398.1,402.0,323.49,78.51,402.0,323.49,78.51,0,0,0,14:02,14:02,77500,SL
SENSEX,2026-05-08,Fri,2026-05-14,4,6,MOVESTOP_RECENTER,2,1,1,1398.1,606.0,645.34,-39.34,402.0,323.49,78.51,204.0,321.85,-117.85,14:02,14:41,77500|77200,SL|SL
SENSEX,2026-05-08,Fri,2026-05-14,4,6,MOVESTOP_RC1,2,1,1,1398.1,606.0,645.34,-39.34,402.0,323.49,78.51,204.0,321.85,-117.85,14:02,14:41,77500|77200,SL|SL
SENSEX,2026-05-08,Fri,2026-05-14,4,6,MOVESTOP_RC_CD15,2,1,1,1398.1,606.0,645.34,-39.34,402.0,323.49,78.51,204.0,321.85,-117.85,14:02,14:41,77500|77200,SL|SL
SENSEX,2026-05-08,Fri,2026-05-14,4,6,NOSTOP_HOLD,1,0,0,1398.1,2908.0,67.56,2840.44,2908.0,67.56,2840.44,0,0,0,15:15,15:15,77500,TIME
SENSEX,2026-05-11,Mon,2026-05-14,3,3,ONE_AND_DONE,1,0,0,1266.9,2060.0,63.04,1996.96,2060.0,63.04,1996.96,0,0,0,15:15,15:15,76500,TIME
SENSEX,2026-05-11,Mon,2026-05-14,3,3,RECENTER_1,1,0,0,1266.9,2060.0,63.04,1996.96,2060.0,63.04,1996.96,0,0,0,15:15,15:15,76500,TIME
SENSEX,2026-05-11,Mon,2026-05-14,3,3,RECENTER_2,1,0,0,1266.9,2060.0,63.04,1996.96,2060.0,63.04,1996.96,0,0,0,15:15,15:15,76500,TIME
SENSEX,2026-05-11,Mon,2026-05-14,3,3,RECENTER_3,1,0,0,1266.9,2060.0,63.04,1996.96,2060.0,63.04,1996.96,0,0,0,15:15,15:15,76500,TIME
SENSEX,2026-05-11,Mon,2026-05-14,3,3,RECENTER_5,1,0,0,1266.9,2060.0,63.04,1996.96,2060.0,63.04,1996.96,0,0,0,15:15,15:15,76500,TIME
SENSEX,2026-05-11,Mon,2026-05-14,3,3,RECENTER_2_CD15,1,0,0,1266.9,2060.0,63.04,1996.96,2060.0,63.04,1996.96,0,0,0,15:15,15:15,76500,TIME
SENSEX,2026-05-11,Mon,2026-05-14,3,3,RECENTER_3_CD15,1,0,0,1266.9,2060.0,63.04,1996.96,2060.0,63.04,1996.96,0,0,0,15:15,15:15,76500,TIME
SENSEX,2026-05-11,Mon,2026-05-14,3,3,RECENTER_5_CD15,1,0,0,1266.9,2060.0,63.04,1996.96,2060.0,63.04,1996.96,0,0,0,15:15,15:15,76500,TIME
SENSEX,2026-05-11,Mon,2026-05-14,3,3,RECENTER_5_NOGUARD,1,0,0,1266.9,2060.0,63.04,1996.96,2060.0,63.04,1996.96,0,0,0,15:15,15:15,76500,TIME
SENSEX,2026-05-11,Mon,2026-05-14,3,3,MOVESTOP_ONE,1,0,1,1266.9,2037.0,317.85,1719.15,2037.0,317.85,1719.15,0,0,0,15:03,15:03,76500,SL
SENSEX,2026-05-11,Mon,2026-05-14,3,3,MOVESTOP_RECENTER,1,0,1,1266.9,2037.0,317.85,1719.15,2037.0,317.85,1719.15,0,0,0,15:03,15:03,76500,SL
SENSEX,2026-05-11,Mon,2026-05-14,3,3,MOVESTOP_RC1,1,0,1,1266.9,2037.0,317.85,1719.15,2037.0,317.85,1719.15,0,0,0,15:03,15:03,76500,SL
SENSEX,2026-05-11,Mon,2026-05-14,3,3,MOVESTOP_RC_CD15,1,0,1,1266.9,2037.0,317.85,1719.15,2037.0,317.85,1719.15,0,0,0,15:03,15:03,76500,SL
SENSEX,2026-05-11,Mon,2026-05-14,3,3,NOSTOP_HOLD,1,0,0,1266.9,2060.0,63.04,1996.96,2060.0,63.04,1996.96,0,0,0,15:15,15:15,76500,TIME
SENSEX,2026-05-12,Tue,2026-05-14,2,2,ONE_AND_DONE,1,0,1,1003.45,-3252.0,310.37,-3562.37,-3252.0,310.37,-3562.37,0,0,0,12:31,12:31,75700,SL
SENSEX,2026-05-12,Tue,2026-05-14,2,2,RECENTER_1,2,1,1,1003.45,-2703.0,363.86,-3066.86,-3252.0,310.37,-3562.37,549.0,53.48,495.52,12:31,15:15,75700|75000,SL|TIME
SENSEX,2026-05-12,Tue,2026-05-14,2,2,RECENTER_2,2,1,1,1003.45,-2703.0,363.86,-3066.86,-3252.0,310.37,-3562.37,549.0,53.48,495.52,12:31,15:15,75700|75000,SL|TIME
SENSEX,2026-05-12,Tue,2026-05-14,2,2,RECENTER_3,2,1,1,1003.45,-2703.0,363.86,-3066.86,-3252.0,310.37,-3562.37,549.0,53.48,495.52,12:31,15:15,75700|75000,SL|TIME
SENSEX,2026-05-12,Tue,2026-05-14,2,2,RECENTER_5,2,1,1,1003.45,-2703.0,363.86,-3066.86,-3252.0,310.37,-3562.37,549.0,53.48,495.52,12:31,15:15,75700|75000,SL|TIME
SENSEX,2026-05-12,Tue,2026-05-14,2,2,RECENTER_2_CD15,2,1,1,1003.45,-2703.0,363.86,-3066.86,-3252.0,310.37,-3562.37,549.0,53.48,495.52,12:31,15:15,75700|75000,SL|TIME
SENSEX,2026-05-12,Tue,2026-05-14,2,2,RECENTER_3_CD15,2,1,1,1003.45,-2703.0,363.86,-3066.86,-3252.0,310.37,-3562.37,549.0,53.48,495.52,12:31,15:15,75700|75000,SL|TIME
SENSEX,2026-05-12,Tue,2026-05-14,2,2,RECENTER_5_CD15,2,1,1,1003.45,-2703.0,363.86,-3066.86,-3252.0,310.37,-3562.37,549.0,53.48,495.52,12:31,15:15,75700|75000,SL|TIME
SENSEX,2026-05-12,Tue,2026-05-14,2,2,RECENTER_5_NOGUARD,2,1,1,1003.45,-2703.0,363.86,-3066.86,-3252.0,310.37,-3562.37,549.0,53.48,495.52,12:31,15:15,75700|75000,SL|TIME
SENSEX,2026-05-12,Tue,2026-05-14,2,2,MOVESTOP_ONE,1,0,1,1003.45,-1152.0,309.43,-1461.43,-1152.0,309.43,-1461.43,0,0,0,09:33,09:33,75700,SL
SENSEX,2026-05-12,Tue,2026-05-14,2,2,MOVESTOP_RECENTER,3,2,1,1003.45,-972.0,927.0,-1899.0,-1152.0,309.43,-1461.43,180.0,617.57,-437.57,09:33,14:56,75700|75400|75000,SL|SL|SL
SENSEX,2026-05-12,Tue,2026-05-14,2,2,MOVESTOP_RC1,2,1,1,1003.45,-1675.0,619.08,-2294.08,-1152.0,309.43,-1461.43,-523.0,309.66,-832.66,09:33,12:35,75700|75400,SL|SL
SENSEX,2026-05-12,Tue,2026-05-14,2,2,MOVESTOP_RC_CD15,3,2,1,1003.45,-1104.0,927.02,-2031.02,-1152.0,309.43,-1461.43,48.0,617.6,-569.6,09:33,14:56,75700|75400|75000,SL|SL|SL
SENSEX,2026-05-12,Tue,2026-05-14,2,2,NOSTOP_HOLD,1,0,0,1003.45,-5732.0,56.69,-5788.69,-5732.0,56.69,-5788.69,0,0,0,15:15,15:15,75700,TIME
SENSEX,2026-05-13,Wed,2026-05-14,1,1,ONE_AND_DONE,1,0,0,871.05,3414.0,47.61,3366.39,3414.0,47.61,3366.39,0,0,0,15:15,15:15,74700,TIME
SENSEX,2026-05-13,Wed,2026-05-14,1,1,RECENTER_1,1,0,0,871.05,3414.0,47.61,3366.39,3414.0,47.61,3366.39,0,0,0,15:15,15:15,74700,TIME
SENSEX,2026-05-13,Wed,2026-05-14,1,1,RECENTER_2,1,0,0,871.05,3414.0,47.61,3366.39,3414.0,47.61,3366.39,0,0,0,15:15,15:15,74700,TIME
SENSEX,2026-05-13,Wed,2026-05-14,1,1,RECENTER_3,1,0,0,871.05,3414.0,47.61,3366.39,3414.0,47.61,3366.39,0,0,0,15:15,15:15,74700,TIME
SENSEX,2026-05-13,Wed,2026-05-14,1,1,RECENTER_5,1,0,0,871.05,3414.0,47.61,3366.39,3414.0,47.61,3366.39,0,0,0,15:15,15:15,74700,TIME
SENSEX,2026-05-13,Wed,2026-05-14,1,1,RECENTER_2_CD15,1,0,0,871.05,3414.0,47.61,3366.39,3414.0,47.61,3366.39,0,0,0,15:15,15:15,74700,TIME
SENSEX,2026-05-13,Wed,2026-05-14,1,1,RECENTER_3_CD15,1,0,0,871.05,3414.0,47.61,3366.39,3414.0,47.61,3366.39,0,0,0,15:15,15:15,74700,TIME
SENSEX,2026-05-13,Wed,2026-05-14,1,1,RECENTER_5_CD15,1,0,0,871.05,3414.0,47.61,3366.39,3414.0,47.61,3366.39,0,0,0,15:15,15:15,74700,TIME
SENSEX,2026-05-13,Wed,2026-05-14,1,1,RECENTER_5_NOGUARD,1,0,0,871.05,3414.0,47.61,3366.39,3414.0,47.61,3366.39,0,0,0,15:15,15:15,74700,TIME
SENSEX,2026-05-13,Wed,2026-05-14,1,1,MOVESTOP_ONE,1,0,1,871.05,-502.0,304.18,-806.18,-502.0,304.18,-806.18,0,0,0,09:36,09:36,74700,SL
SENSEX,2026-05-13,Wed,2026-05-14,1,1,MOVESTOP_RECENTER,4,3,1,871.05,3.0,1215.68,-1212.68,-502.0,304.18,-806.18,505.0,911.5,-406.5,09:36,15:06,74700|74400|74700|75000,SL|SL|SL|SL
SENSEX,2026-05-13,Wed,2026-05-14,1,1,MOVESTOP_RC1,2,1,1,871.05,-2646.0,608.66,-3254.66,-502.0,304.18,-806.18,-2144.0,304.48,-2448.48,09:36,10:07,74700|74400,SL|SL
SENSEX,2026-05-13,Wed,2026-05-14,1,1,MOVESTOP_RC_CD15,4,3,1,871.05,3.0,1215.68,-1212.68,-502.0,304.18,-806.18,505.0,911.5,-406.5,09:36,15:06,74700|74400|74700|75000,SL|SL|SL|SL
SENSEX,2026-05-13,Wed,2026-05-14,1,1,NOSTOP_HOLD,1,0,0,871.05,3414.0,47.61,3366.39,3414.0,47.61,3366.39,0,0,0,15:15,15:15,74700,TIME
SENSEX,2026-05-14,Thu,2026-05-14,0,0,ONE_AND_DONE,1,0,1,462.95,-2576.0,289.84,-2865.84,-2576.0,289.84,-2865.84,0,0,0,13:03,13:03,75000,SL
SENSEX,2026-05-14,Thu,2026-05-14,0,0,RECENTER_1,2,1,1,462.95,1563.0,316.84,1246.16,-2576.0,289.84,-2865.84,4139.0,27.0,4112.0,13:03,15:15,75000|75500,SL|TIME
SENSEX,2026-05-14,Thu,2026-05-14,0,0,RECENTER_2,2,1,1,462.95,1563.0,316.84,1246.16,-2576.0,289.84,-2865.84,4139.0,27.0,4112.0,13:03,15:15,75000|75500,SL|TIME
SENSEX,2026-05-14,Thu,2026-05-14,0,0,RECENTER_3,2,1,1,462.95,1563.0,316.84,1246.16,-2576.0,289.84,-2865.84,4139.0,27.0,4112.0,13:03,15:15,75000|75500,SL|TIME
SENSEX,2026-05-14,Thu,2026-05-14,0,0,RECENTER_5,2,1,1,462.95,1563.0,316.84,1246.16,-2576.0,289.84,-2865.84,4139.0,27.0,4112.0,13:03,15:15,75000|75500,SL|TIME
SENSEX,2026-05-14,Thu,2026-05-14,0,0,RECENTER_2_CD15,2,1,1,462.95,1563.0,316.84,1246.16,-2576.0,289.84,-2865.84,4139.0,27.0,4112.0,13:03,15:15,75000|75500,SL|TIME
SENSEX,2026-05-14,Thu,2026-05-14,0,0,RECENTER_3_CD15,2,1,1,462.95,1563.0,316.84,1246.16,-2576.0,289.84,-2865.84,4139.0,27.0,4112.0,13:03,15:15,75000|75500,SL|TIME
SENSEX,2026-05-14,Thu,2026-05-14,0,0,RECENTER_5_CD15,2,1,1,462.95,1563.0,316.84,1246.16,-2576.0,289.84,-2865.84,4139.0,27.0,4112.0,13:03,15:15,75000|75500,SL|TIME
SENSEX,2026-05-14,Thu,2026-05-14,0,0,RECENTER_5_NOGUARD,2,1,1,462.95,1563.0,316.84,1246.16,-2576.0,289.84,-2865.84,4139.0,27.0,4112.0,13:03,15:15,75000|75500,SL|TIME
SENSEX,2026-05-14,Thu,2026-05-14,0,0,MOVESTOP_ONE,1,0,1,462.95,-624.0,288.96,-912.96,-624.0,288.96,-912.96,0,0,0,09:54,09:54,75000,SL
SENSEX,2026-05-14,Thu,2026-05-14,0,0,MOVESTOP_RECENTER,4,3,1,462.95,4852.0,892.39,3959.61,-624.0,288.96,-912.96,5476.0,603.43,4872.57,09:54,15:15,75000|74800|75100|75400,SL|SL|SL|TIME
SENSEX,2026-05-14,Thu,2026-05-14,0,0,MOVESTOP_RC1,2,1,1,462.95,-680.0,577.1,-1257.1,-624.0,288.96,-912.96,-56.0,288.14,-344.14,09:54,11:29,75000|74800,SL|SL
SENSEX,2026-05-14,Thu,2026-05-14,0,0,MOVESTOP_RC_CD15,4,3,1,462.95,4852.0,892.39,3959.61,-624.0,288.96,-912.96,5476.0,603.43,4872.57,09:54,15:15,75000|74800|75100|75400,SL|SL|SL|TIME
SENSEX,2026-05-14,Thu,2026-05-14,0,0,NOSTOP_HOLD,1,0,0,462.95,1666.0,33.13,1632.87,1666.0,33.13,1632.87,0,0,0,15:15,15:15,75000,TIME
SENSEX,2026-05-15,Fri,2026-05-21,4,6,ONE_AND_DONE,1,0,0,1454.75,873.0,70.6,802.4,873.0,70.6,802.4,0,0,0,15:15,15:15,75600,TIME
SENSEX,2026-05-15,Fri,2026-05-21,4,6,RECENTER_1,1,0,0,1454.75,873.0,70.6,802.4,873.0,70.6,802.4,0,0,0,15:15,15:15,75600,TIME
SENSEX,2026-05-15,Fri,2026-05-21,4,6,RECENTER_2,1,0,0,1454.75,873.0,70.6,802.4,873.0,70.6,802.4,0,0,0,15:15,15:15,75600,TIME
SENSEX,2026-05-15,Fri,2026-05-21,4,6,RECENTER_3,1,0,0,1454.75,873.0,70.6,802.4,873.0,70.6,802.4,0,0,0,15:15,15:15,75600,TIME
SENSEX,2026-05-15,Fri,2026-05-21,4,6,RECENTER_5,1,0,0,1454.75,873.0,70.6,802.4,873.0,70.6,802.4,0,0,0,15:15,15:15,75600,TIME
SENSEX,2026-05-15,Fri,2026-05-21,4,6,RECENTER_2_CD15,1,0,0,1454.75,873.0,70.6,802.4,873.0,70.6,802.4,0,0,0,15:15,15:15,75600,TIME
SENSEX,2026-05-15,Fri,2026-05-21,4,6,RECENTER_3_CD15,1,0,0,1454.75,873.0,70.6,802.4,873.0,70.6,802.4,0,0,0,15:15,15:15,75600,TIME
SENSEX,2026-05-15,Fri,2026-05-21,4,6,RECENTER_5_CD15,1,0,0,1454.75,873.0,70.6,802.4,873.0,70.6,802.4,0,0,0,15:15,15:15,75600,TIME
SENSEX,2026-05-15,Fri,2026-05-21,4,6,RECENTER_5_NOGUARD,1,0,0,1454.75,873.0,70.6,802.4,873.0,70.6,802.4,0,0,0,15:15,15:15,75600,TIME
SENSEX,2026-05-15,Fri,2026-05-21,4,6,MOVESTOP_ONE,1,0,1,1454.75,-575.0,326.05,-901.05,-575.0,326.05,-901.05,0,0,0,09:45,09:45,75600,SL
SENSEX,2026-05-15,Fri,2026-05-21,4,6,MOVESTOP_RECENTER,3,2,1,1454.75,443.0,721.12,-278.12,-575.0,326.05,-901.05,1018.0,395.06,622.94,09:45,15:15,75600|75800|75500,SL|SL|TIME
SENSEX,2026-05-15,Fri,2026-05-21,4,6,MOVESTOP_RC1,2,1,1,1454.75,83.0,651.88,-568.88,-575.0,326.05,-901.05,658.0,325.83,332.17,09:45,11:30,75600|75800,SL|SL
SENSEX,2026-05-15,Fri,2026-05-21,4,6,MOVESTOP_RC_CD15,3,2,1,1454.75,443.0,721.12,-278.12,-575.0,326.05,-901.05,1018.0,395.06,622.94,09:45,15:15,75600|75800|75500,SL|SL|TIME
SENSEX,2026-05-15,Fri,2026-05-21,4,6,NOSTOP_HOLD,1,0,0,1454.75,873.0,70.6,802.4,873.0,70.6,802.4,0,0,0,15:15,15:15,75600,TIME
SENSEX,2026-05-18,Mon,2026-05-21,3,3,ONE_AND_DONE,1,0,1,1302.8,-2570.0,321.26,-2891.26,-2570.0,321.26,-2891.26,0,0,0,12:37,12:37,74500,SL
SENSEX,2026-05-18,Mon,2026-05-21,3,3,RECENTER_1,2,1,1,1302.8,-1539.0,385.13,-1924.13,-2570.0,321.26,-2891.26,1031.0,63.87,967.13,12:37,15:15,74500|75200,SL|TIME
SENSEX,2026-05-18,Mon,2026-05-21,3,3,RECENTER_2,2,1,1,1302.8,-1539.0,385.13,-1924.13,-2570.0,321.26,-2891.26,1031.0,63.87,967.13,12:37,15:15,74500|75200,SL|TIME
SENSEX,2026-05-18,Mon,2026-05-21,3,3,RECENTER_3,2,1,1,1302.8,-1539.0,385.13,-1924.13,-2570.0,321.26,-2891.26,1031.0,63.87,967.13,12:37,15:15,74500|75200,SL|TIME
SENSEX,2026-05-18,Mon,2026-05-21,3,3,RECENTER_5,2,1,1,1302.8,-1539.0,385.13,-1924.13,-2570.0,321.26,-2891.26,1031.0,63.87,967.13,12:37,15:15,74500|75200,SL|TIME
SENSEX,2026-05-18,Mon,2026-05-21,3,3,RECENTER_2_CD15,2,1,1,1302.8,-1539.0,385.13,-1924.13,-2570.0,321.26,-2891.26,1031.0,63.87,967.13,12:37,15:15,74500|75200,SL|TIME
SENSEX,2026-05-18,Mon,2026-05-21,3,3,RECENTER_3_CD15,2,1,1,1302.8,-1539.0,385.13,-1924.13,-2570.0,321.26,-2891.26,1031.0,63.87,967.13,12:37,15:15,74500|75200,SL|TIME
SENSEX,2026-05-18,Mon,2026-05-21,3,3,RECENTER_5_CD15,2,1,1,1302.8,-1539.0,385.13,-1924.13,-2570.0,321.26,-2891.26,1031.0,63.87,967.13,12:37,15:15,74500|75200,SL|TIME
SENSEX,2026-05-18,Mon,2026-05-21,3,3,RECENTER_5_NOGUARD,2,1,1,1302.8,-1539.0,385.13,-1924.13,-2570.0,321.26,-2891.26,1031.0,63.87,967.13,12:37,15:15,74500|75200,SL|TIME
SENSEX,2026-05-18,Mon,2026-05-21,3,3,MOVESTOP_ONE,1,0,1,1302.8,54.0,320.08,-266.08,54.0,320.08,-266.08,0,0,0,11:18,11:18,74500,SL
SENSEX,2026-05-18,Mon,2026-05-21,3,3,MOVESTOP_RECENTER,3,2,1,1302.8,-906.0,958.98,-1864.98,54.0,320.08,-266.08,-960.0,638.89,-1598.89,11:18,15:01,74500|74700|75100,SL|SL|SL
SENSEX,2026-05-18,Mon,2026-05-21,3,3,MOVESTOP_RC1,2,1,1,1302.8,-1237.0,639.66,-1876.66,54.0,320.08,-266.08,-1291.0,319.58,-1610.58,11:18,12:32,74500|74700,SL|SL
SENSEX,2026-05-18,Mon,2026-05-21,3,3,MOVESTOP_RC_CD15,3,2,1,1302.8,-906.0,958.98,-1864.98,54.0,320.08,-266.08,-960.0,638.89,-1598.89,11:18,15:01,74500|74700|75100,SL|SL|SL
SENSEX,2026-05-18,Mon,2026-05-21,3,3,NOSTOP_HOLD,1,0,0,1302.8,-2551.0,66.46,-2617.46,-2551.0,66.46,-2617.46,0,0,0,15:15,15:15,74500,TIME
SENSEX,2026-05-19,Tue,2026-05-21,2,2,ONE_AND_DONE,1,0,0,1018.75,1370.0,54.06,1315.94,1370.0,54.06,1315.94,0,0,0,15:15,15:15,75700,TIME
SENSEX,2026-05-19,Tue,2026-05-21,2,2,RECENTER_1,1,0,0,1018.75,1370.0,54.06,1315.94,1370.0,54.06,1315.94,0,0,0,15:15,15:15,75700,TIME
SENSEX,2026-05-19,Tue,2026-05-21,2,2,RECENTER_2,1,0,0,1018.75,1370.0,54.06,1315.94,1370.0,54.06,1315.94,0,0,0,15:15,15:15,75700,TIME
SENSEX,2026-05-19,Tue,2026-05-21,2,2,RECENTER_3,1,0,0,1018.75,1370.0,54.06,1315.94,1370.0,54.06,1315.94,0,0,0,15:15,15:15,75700,TIME
SENSEX,2026-05-19,Tue,2026-05-21,2,2,RECENTER_5,1,0,0,1018.75,1370.0,54.06,1315.94,1370.0,54.06,1315.94,0,0,0,15:15,15:15,75700,TIME
SENSEX,2026-05-19,Tue,2026-05-21,2,2,RECENTER_2_CD15,1,0,0,1018.75,1370.0,54.06,1315.94,1370.0,54.06,1315.94,0,0,0,15:15,15:15,75700,TIME
SENSEX,2026-05-19,Tue,2026-05-21,2,2,RECENTER_3_CD15,1,0,0,1018.75,1370.0,54.06,1315.94,1370.0,54.06,1315.94,0,0,0,15:15,15:15,75700,TIME
SENSEX,2026-05-19,Tue,2026-05-21,2,2,RECENTER_5_CD15,1,0,0,1018.75,1370.0,54.06,1315.94,1370.0,54.06,1315.94,0,0,0,15:15,15:15,75700,TIME
SENSEX,2026-05-19,Tue,2026-05-21,2,2,RECENTER_5_NOGUARD,1,0,0,1018.75,1370.0,54.06,1315.94,1370.0,54.06,1315.94,0,0,0,15:15,15:15,75700,TIME
SENSEX,2026-05-19,Tue,2026-05-21,2,2,MOVESTOP_ONE,1,0,1,1018.75,2425.0,308.39,2116.61,2425.0,308.39,2116.61,0,0,0,14:44,14:44,75700,SL
SENSEX,2026-05-19,Tue,2026-05-21,2,2,MOVESTOP_RECENTER,1,0,1,1018.75,2425.0,308.39,2116.61,2425.0,308.39,2116.61,0,0,0,14:44,14:44,75700,SL
SENSEX,2026-05-19,Tue,2026-05-21,2,2,MOVESTOP_RC1,1,0,1,1018.75,2425.0,308.39,2116.61,2425.0,308.39,2116.61,0,0,0,14:44,14:44,75700,SL
SENSEX,2026-05-19,Tue,2026-05-21,2,2,MOVESTOP_RC_CD15,1,0,1,1018.75,2425.0,308.39,2116.61,2425.0,308.39,2116.61,0,0,0,14:44,14:44,75700,SL
SENSEX,2026-05-19,Tue,2026-05-21,2,2,NOSTOP_HOLD,1,0,0,1018.75,1370.0,54.06,1315.94,1370.0,54.06,1315.94,0,0,0,15:15,15:15,75700,TIME
SENSEX,2026-05-20,Wed,2026-05-21,1,1,ONE_AND_DONE,1,0,1,824.45,-2531.0,303.35,-2834.35,-2531.0,303.35,-2834.35,0,0,0,11:50,11:50,74600,SL
SENSEX,2026-05-20,Wed,2026-05-21,1,1,RECENTER_1,2,1,1,824.45,519.0,347.54,171.46,-2531.0,303.35,-2834.35,3050.0,44.2,3005.8,11:50,15:15,74600|75200,SL|TIME
SENSEX,2026-05-20,Wed,2026-05-21,1,1,RECENTER_2,2,1,1,824.45,519.0,347.54,171.46,-2531.0,303.35,-2834.35,3050.0,44.2,3005.8,11:50,15:15,74600|75200,SL|TIME
SENSEX,2026-05-20,Wed,2026-05-21,1,1,RECENTER_3,2,1,1,824.45,519.0,347.54,171.46,-2531.0,303.35,-2834.35,3050.0,44.2,3005.8,11:50,15:15,74600|75200,SL|TIME
SENSEX,2026-05-20,Wed,2026-05-21,1,1,RECENTER_5,2,1,1,824.45,519.0,347.54,171.46,-2531.0,303.35,-2834.35,3050.0,44.2,3005.8,11:50,15:15,74600|75200,SL|TIME
SENSEX,2026-05-20,Wed,2026-05-21,1,1,RECENTER_2_CD15,2,1,1,824.45,519.0,347.54,171.46,-2531.0,303.35,-2834.35,3050.0,44.2,3005.8,11:50,15:15,74600|75200,SL|TIME
SENSEX,2026-05-20,Wed,2026-05-21,1,1,RECENTER_3_CD15,2,1,1,824.45,519.0,347.54,171.46,-2531.0,303.35,-2834.35,3050.0,44.2,3005.8,11:50,15:15,74600|75200,SL|TIME
SENSEX,2026-05-20,Wed,2026-05-21,1,1,RECENTER_5_CD15,2,1,1,824.45,519.0,347.54,171.46,-2531.0,303.35,-2834.35,3050.0,44.2,3005.8,11:50,15:15,74600|75200,SL|TIME
SENSEX,2026-05-20,Wed,2026-05-21,1,1,RECENTER_5_NOGUARD,2,1,1,824.45,519.0,347.54,171.46,-2531.0,303.35,-2834.35,3050.0,44.2,3005.8,11:50,15:15,74600|75200,SL|TIME
SENSEX,2026-05-20,Wed,2026-05-21,1,1,MOVESTOP_ONE,1,0,1,824.45,-478.0,302.42,-780.42,-478.0,302.42,-780.42,0,0,0,10:34,10:34,74600,SL
SENSEX,2026-05-20,Wed,2026-05-21,1,1,MOVESTOP_RECENTER,3,2,1,824.45,1770.0,643.94,1126.06,-478.0,302.42,-780.42,2248.0,341.51,1906.49,10:34,15:15,74600|75000|75300,SL|SL|TIME
SENSEX,2026-05-20,Wed,2026-05-21,1,1,MOVESTOP_RC1,2,1,1,824.45,445.0,602.56,-157.56,-478.0,302.42,-780.42,923.0,300.13,622.87,10:34,14:09,74600|75000,SL|SL
SENSEX,2026-05-20,Wed,2026-05-21,1,1,MOVESTOP_RC_CD15,3,2,1,824.45,1770.0,643.94,1126.06,-478.0,302.42,-780.42,2248.0,341.51,1906.49,10:34,15:15,74600|75000|75300,SL|SL|TIME
SENSEX,2026-05-20,Wed,2026-05-21,1,1,NOSTOP_HOLD,1,0,0,824.45,-1556.0,48.11,-1604.11,-1556.0,48.11,-1604.11,0,0,0,15:15,15:15,74600,TIME
SENSEX,2026-05-21,Thu,2026-05-21,0,0,ONE_AND_DONE,1,0,1,457.85,-3331.0,289.99,-3620.99,-3331.0,289.99,-3620.99,0,0,0,11:18,11:18,75700,SL
SENSEX,2026-05-21,Thu,2026-05-21,0,0,RECENTER_1,2,1,1,457.85,3477.0,317.82,3159.18,-3331.0,289.99,-3620.99,6808.0,27.82,6780.18,11:18,15:15,75700|75200,SL|TIME
SENSEX,2026-05-21,Thu,2026-05-21,0,0,RECENTER_2,2,1,1,457.85,3477.0,317.82,3159.18,-3331.0,289.99,-3620.99,6808.0,27.82,6780.18,11:18,15:15,75700|75200,SL|TIME
SENSEX,2026-05-21,Thu,2026-05-21,0,0,RECENTER_3,2,1,1,457.85,3477.0,317.82,3159.18,-3331.0,289.99,-3620.99,6808.0,27.82,6780.18,11:18,15:15,75700|75200,SL|TIME
SENSEX,2026-05-21,Thu,2026-05-21,0,0,RECENTER_5,2,1,1,457.85,3477.0,317.82,3159.18,-3331.0,289.99,-3620.99,6808.0,27.82,6780.18,11:18,15:15,75700|75200,SL|TIME
SENSEX,2026-05-21,Thu,2026-05-21,0,0,RECENTER_2_CD15,2,1,1,457.85,3477.0,317.82,3159.18,-3331.0,289.99,-3620.99,6808.0,27.82,6780.18,11:18,15:15,75700|75200,SL|TIME
SENSEX,2026-05-21,Thu,2026-05-21,0,0,RECENTER_3_CD15,2,1,1,457.85,3477.0,317.82,3159.18,-3331.0,289.99,-3620.99,6808.0,27.82,6780.18,11:18,15:15,75700|75200,SL|TIME
SENSEX,2026-05-21,Thu,2026-05-21,0,0,RECENTER_5_CD15,2,1,1,457.85,3477.0,317.82,3159.18,-3331.0,289.99,-3620.99,6808.0,27.82,6780.18,11:18,15:15,75700|75200,SL|TIME
SENSEX,2026-05-21,Thu,2026-05-21,0,0,RECENTER_5_NOGUARD,2,1,1,457.85,3477.0,317.82,3159.18,-3331.0,289.99,-3620.99,6808.0,27.82,6780.18,11:18,15:15,75700|75200,SL|TIME
SENSEX,2026-05-21,Thu,2026-05-21,0,0,MOVESTOP_ONE,1,0,1,457.85,-1196.0,289.03,-1485.03,-1196.0,289.03,-1485.03,0,0,0,11:16,11:16,75700,SL
SENSEX,2026-05-21,Thu,2026-05-21,0,0,MOVESTOP_RECENTER,2,1,1,457.85,3072.0,316.94,2755.06,-1196.0,289.03,-1485.03,4268.0,27.91,4240.09,11:16,15:15,75700|75300,SL|TIME
SENSEX,2026-05-21,Thu,2026-05-21,0,0,MOVESTOP_RC1,2,1,1,457.85,3072.0,316.94,2755.06,-1196.0,289.03,-1485.03,4268.0,27.91,4240.09,11:16,15:15,75700|75300,SL|TIME
SENSEX,2026-05-21,Thu,2026-05-21,0,0,MOVESTOP_RC_CD15,2,1,1,457.85,3072.0,316.94,2755.06,-1196.0,289.03,-1485.03,4268.0,27.91,4240.09,11:16,15:15,75700|75300,SL|TIME
SENSEX,2026-05-21,Thu,2026-05-21,0,0,NOSTOP_HOLD,1,0,0,457.85,-1635.0,34.43,-1669.43,-1635.0,34.43,-1669.43,0,0,0,15:15,15:15,75700,TIME
SENSEX,2026-05-22,Fri,2026-05-27,3,5,ONE_AND_DONE,1,0,0,1190.1,2429.0,60.0,2369.0,2429.0,60.0,2369.0,0,0,0,15:15,15:15,75400,TIME
SENSEX,2026-05-22,Fri,2026-05-27,3,5,RECENTER_1,1,0,0,1190.1,2429.0,60.0,2369.0,2429.0,60.0,2369.0,0,0,0,15:15,15:15,75400,TIME
SENSEX,2026-05-22,Fri,2026-05-27,3,5,RECENTER_2,1,0,0,1190.1,2429.0,60.0,2369.0,2429.0,60.0,2369.0,0,0,0,15:15,15:15,75400,TIME
SENSEX,2026-05-22,Fri,2026-05-27,3,5,RECENTER_3,1,0,0,1190.1,2429.0,60.0,2369.0,2429.0,60.0,2369.0,0,0,0,15:15,15:15,75400,TIME
SENSEX,2026-05-22,Fri,2026-05-27,3,5,RECENTER_5,1,0,0,1190.1,2429.0,60.0,2369.0,2429.0,60.0,2369.0,0,0,0,15:15,15:15,75400,TIME
SENSEX,2026-05-22,Fri,2026-05-27,3,5,RECENTER_2_CD15,1,0,0,1190.1,2429.0,60.0,2369.0,2429.0,60.0,2369.0,0,0,0,15:15,15:15,75400,TIME
SENSEX,2026-05-22,Fri,2026-05-27,3,5,RECENTER_3_CD15,1,0,0,1190.1,2429.0,60.0,2369.0,2429.0,60.0,2369.0,0,0,0,15:15,15:15,75400,TIME
SENSEX,2026-05-22,Fri,2026-05-27,3,5,RECENTER_5_CD15,1,0,0,1190.1,2429.0,60.0,2369.0,2429.0,60.0,2369.0,0,0,0,15:15,15:15,75400,TIME
SENSEX,2026-05-22,Fri,2026-05-27,3,5,RECENTER_5_NOGUARD,1,0,0,1190.1,2429.0,60.0,2369.0,2429.0,60.0,2369.0,0,0,0,15:15,15:15,75400,TIME
SENSEX,2026-05-22,Fri,2026-05-27,3,5,MOVESTOP_ONE,1,0,1,1190.1,-361.0,316.05,-677.05,-361.0,316.05,-677.05,0,0,0,09:58,09:58,75400,SL
SENSEX,2026-05-22,Fri,2026-05-27,3,5,MOVESTOP_RECENTER,2,1,1,1190.1,1098.0,630.56,467.44,-361.0,316.05,-677.05,1459.0,314.51,1144.49,09:58,15:12,75400|75700,SL|SL
SENSEX,2026-05-22,Fri,2026-05-27,3,5,MOVESTOP_RC1,2,1,1,1190.1,1098.0,630.56,467.44,-361.0,316.05,-677.05,1459.0,314.51,1144.49,09:58,15:12,75400|75700,SL|SL
SENSEX,2026-05-22,Fri,2026-05-27,3,5,MOVESTOP_RC_CD15,2,1,1,1190.1,1098.0,630.56,467.44,-361.0,316.05,-677.05,1459.0,314.51,1144.49,09:58,15:12,75400|75700,SL|SL
SENSEX,2026-05-22,Fri,2026-05-27,3,5,NOSTOP_HOLD,1,0,0,1190.1,2429.0,60.0,2369.0,2429.0,60.0,2369.0,0,0,0,15:15,15:15,75400,TIME
SENSEX,2026-05-25,Mon,2026-05-27,2,2,ONE_AND_DONE,1,0,0,866.85,647.0,48.7,598.3,647.0,48.7,598.3,0,0,0,15:15,15:15,76300,TIME
SENSEX,2026-05-25,Mon,2026-05-27,2,2,RECENTER_1,1,0,0,866.85,647.0,48.7,598.3,647.0,48.7,598.3,0,0,0,15:15,15:15,76300,TIME
SENSEX,2026-05-25,Mon,2026-05-27,2,2,RECENTER_2,1,0,0,866.85,647.0,48.7,598.3,647.0,48.7,598.3,0,0,0,15:15,15:15,76300,TIME
SENSEX,2026-05-25,Mon,2026-05-27,2,2,RECENTER_3,1,0,0,866.85,647.0,48.7,598.3,647.0,48.7,598.3,0,0,0,15:15,15:15,76300,TIME
SENSEX,2026-05-25,Mon,2026-05-27,2,2,RECENTER_5,1,0,0,866.85,647.0,48.7,598.3,647.0,48.7,598.3,0,0,0,15:15,15:15,76300,TIME
SENSEX,2026-05-25,Mon,2026-05-27,2,2,RECENTER_2_CD15,1,0,0,866.85,647.0,48.7,598.3,647.0,48.7,598.3,0,0,0,15:15,15:15,76300,TIME
SENSEX,2026-05-25,Mon,2026-05-27,2,2,RECENTER_3_CD15,1,0,0,866.85,647.0,48.7,598.3,647.0,48.7,598.3,0,0,0,15:15,15:15,76300,TIME
SENSEX,2026-05-25,Mon,2026-05-27,2,2,RECENTER_5_CD15,1,0,0,866.85,647.0,48.7,598.3,647.0,48.7,598.3,0,0,0,15:15,15:15,76300,TIME
SENSEX,2026-05-25,Mon,2026-05-27,2,2,RECENTER_5_NOGUARD,1,0,0,866.85,647.0,48.7,598.3,647.0,48.7,598.3,0,0,0,15:15,15:15,76300,TIME
SENSEX,2026-05-25,Mon,2026-05-27,2,2,MOVESTOP_ONE,1,0,0,866.85,647.0,48.7,598.3,647.0,48.7,598.3,0,0,0,15:15,15:15,76300,TIME
SENSEX,2026-05-25,Mon,2026-05-27,2,2,MOVESTOP_RECENTER,1,0,0,866.85,647.0,48.7,598.3,647.0,48.7,598.3,0,0,0,15:15,15:15,76300,TIME
SENSEX,2026-05-25,Mon,2026-05-27,2,2,MOVESTOP_RC1,1,0,0,866.85,647.0,48.7,598.3,647.0,48.7,598.3,0,0,0,15:15,15:15,76300,TIME
SENSEX,2026-05-25,Mon,2026-05-27,2,2,MOVESTOP_RC_CD15,1,0,0,866.85,647.0,48.7,598.3,647.0,48.7,598.3,0,0,0,15:15,15:15,76300,TIME
SENSEX,2026-05-25,Mon,2026-05-27,2,2,NOSTOP_HOLD,1,0,0,866.85,647.0,48.7,598.3,647.0,48.7,598.3,0,0,0,15:15,15:15,76300,TIME
SENSEX,2026-05-26,Tue,2026-05-27,1,1,ONE_AND_DONE,1,0,0,656.85,-173.0,41.22,-214.22,-173.0,41.22,-214.22,0,0,0,15:15,15:15,76500,TIME
SENSEX,2026-05-26,Tue,2026-05-27,1,1,RECENTER_1,1,0,0,656.85,-173.0,41.22,-214.22,-173.0,41.22,-214.22,0,0,0,15:15,15:15,76500,TIME
SENSEX,2026-05-26,Tue,2026-05-27,1,1,RECENTER_2,1,0,0,656.85,-173.0,41.22,-214.22,-173.0,41.22,-214.22,0,0,0,15:15,15:15,76500,TIME
SENSEX,2026-05-26,Tue,2026-05-27,1,1,RECENTER_3,1,0,0,656.85,-173.0,41.22,-214.22,-173.0,41.22,-214.22,0,0,0,15:15,15:15,76500,TIME
SENSEX,2026-05-26,Tue,2026-05-27,1,1,RECENTER_5,1,0,0,656.85,-173.0,41.22,-214.22,-173.0,41.22,-214.22,0,0,0,15:15,15:15,76500,TIME
SENSEX,2026-05-26,Tue,2026-05-27,1,1,RECENTER_2_CD15,1,0,0,656.85,-173.0,41.22,-214.22,-173.0,41.22,-214.22,0,0,0,15:15,15:15,76500,TIME
SENSEX,2026-05-26,Tue,2026-05-27,1,1,RECENTER_3_CD15,1,0,0,656.85,-173.0,41.22,-214.22,-173.0,41.22,-214.22,0,0,0,15:15,15:15,76500,TIME
SENSEX,2026-05-26,Tue,2026-05-27,1,1,RECENTER_5_CD15,1,0,0,656.85,-173.0,41.22,-214.22,-173.0,41.22,-214.22,0,0,0,15:15,15:15,76500,TIME
SENSEX,2026-05-26,Tue,2026-05-27,1,1,RECENTER_5_NOGUARD,1,0,0,656.85,-173.0,41.22,-214.22,-173.0,41.22,-214.22,0,0,0,15:15,15:15,76500,TIME
SENSEX,2026-05-26,Tue,2026-05-27,1,1,MOVESTOP_ONE,1,0,1,656.85,-276.0,296.06,-572.06,-276.0,296.06,-572.06,0,0,0,13:52,13:52,76500,SL
SENSEX,2026-05-26,Tue,2026-05-27,1,1,MOVESTOP_RECENTER,2,1,1,656.85,371.0,333.85,37.15,-276.0,296.06,-572.06,647.0,37.78,609.22,13:52,15:15,76500|76100,SL|TIME
SENSEX,2026-05-26,Tue,2026-05-27,1,1,MOVESTOP_RC1,2,1,1,656.85,371.0,333.85,37.15,-276.0,296.06,-572.06,647.0,37.78,609.22,13:52,15:15,76500|76100,SL|TIME
SENSEX,2026-05-26,Tue,2026-05-27,1,1,MOVESTOP_RC_CD15,2,1,1,656.85,371.0,333.85,37.15,-276.0,296.06,-572.06,647.0,37.78,609.22,13:52,15:15,76500|76100,SL|TIME
SENSEX,2026-05-26,Tue,2026-05-27,1,1,NOSTOP_HOLD,1,0,0,656.85,-173.0,41.22,-214.22,-173.0,41.22,-214.22,0,0,0,15:15,15:15,76500,TIME
SENSEX,2026-05-27,Wed,2026-05-27,0,0,ONE_AND_DONE,1,0,0,374.05,2476.0,29.44,2446.56,2476.0,29.44,2446.56,0,0,0,15:15,15:15,76100,TIME
SENSEX,2026-05-27,Wed,2026-05-27,0,0,RECENTER_1,1,0,0,374.05,2476.0,29.44,2446.56,2476.0,29.44,2446.56,0,0,0,15:15,15:15,76100,TIME
SENSEX,2026-05-27,Wed,2026-05-27,0,0,RECENTER_2,1,0,0,374.05,2476.0,29.44,2446.56,2476.0,29.44,2446.56,0,0,0,15:15,15:15,76100,TIME
SENSEX,2026-05-27,Wed,2026-05-27,0,0,RECENTER_3,1,0,0,374.05,2476.0,29.44,2446.56,2476.0,29.44,2446.56,0,0,0,15:15,15:15,76100,TIME
SENSEX,2026-05-27,Wed,2026-05-27,0,0,RECENTER_5,1,0,0,374.05,2476.0,29.44,2446.56,2476.0,29.44,2446.56,0,0,0,15:15,15:15,76100,TIME
SENSEX,2026-05-27,Wed,2026-05-27,0,0,RECENTER_2_CD15,1,0,0,374.05,2476.0,29.44,2446.56,2476.0,29.44,2446.56,0,0,0,15:15,15:15,76100,TIME
SENSEX,2026-05-27,Wed,2026-05-27,0,0,RECENTER_3_CD15,1,0,0,374.05,2476.0,29.44,2446.56,2476.0,29.44,2446.56,0,0,0,15:15,15:15,76100,TIME
SENSEX,2026-05-27,Wed,2026-05-27,0,0,RECENTER_5_CD15,1,0,0,374.05,2476.0,29.44,2446.56,2476.0,29.44,2446.56,0,0,0,15:15,15:15,76100,TIME
SENSEX,2026-05-27,Wed,2026-05-27,0,0,RECENTER_5_NOGUARD,1,0,0,374.05,2476.0,29.44,2446.56,2476.0,29.44,2446.56,0,0,0,15:15,15:15,76100,TIME
SENSEX,2026-05-27,Wed,2026-05-27,0,0,MOVESTOP_ONE,1,0,0,374.05,2476.0,29.44,2446.56,2476.0,29.44,2446.56,0,0,0,15:15,15:15,76100,TIME
SENSEX,2026-05-27,Wed,2026-05-27,0,0,MOVESTOP_RECENTER,1,0,0,374.05,2476.0,29.44,2446.56,2476.0,29.44,2446.56,0,0,0,15:15,15:15,76100,TIME
SENSEX,2026-05-27,Wed,2026-05-27,0,0,MOVESTOP_RC1,1,0,0,374.05,2476.0,29.44,2446.56,2476.0,29.44,2446.56,0,0,0,15:15,15:15,76100,TIME
SENSEX,2026-05-27,Wed,2026-05-27,0,0,MOVESTOP_RC_CD15,1,0,0,374.05,2476.0,29.44,2446.56,2476.0,29.44,2446.56,0,0,0,15:15,15:15,76100,TIME
SENSEX,2026-05-27,Wed,2026-05-27,0,0,NOSTOP_HOLD,1,0,0,374.05,2476.0,29.44,2446.56,2476.0,29.44,2446.56,0,0,0,15:15,15:15,76100,TIME
SENSEX,2026-05-29,Fri,2026-06-04,4,6,ONE_AND_DONE,1,0,1,1153.75,-2734.0,315.76,-3049.76,-2734.0,315.76,-3049.76,0,0,0,13:15,13:15,76300,SL
SENSEX,2026-05-29,Fri,2026-06-04,4,6,RECENTER_1,2,1,1,1153.75,-5318.0,632.85,-5950.85,-2734.0,315.76,-3049.76,-2584.0,317.08,-2901.08,13:15,15:03,76300|75700,SL|SL
SENSEX,2026-05-29,Fri,2026-06-04,4,6,RECENTER_2,2,1,1,1153.75,-5318.0,632.85,-5950.85,-2734.0,315.76,-3049.76,-2584.0,317.08,-2901.08,13:15,15:03,76300|75700,SL|SL
SENSEX,2026-05-29,Fri,2026-06-04,4,6,RECENTER_3,2,1,1,1153.75,-5318.0,632.85,-5950.85,-2734.0,315.76,-3049.76,-2584.0,317.08,-2901.08,13:15,15:03,76300|75700,SL|SL
SENSEX,2026-05-29,Fri,2026-06-04,4,6,RECENTER_5,2,1,1,1153.75,-5318.0,632.85,-5950.85,-2734.0,315.76,-3049.76,-2584.0,317.08,-2901.08,13:15,15:03,76300|75700,SL|SL
SENSEX,2026-05-29,Fri,2026-06-04,4,6,RECENTER_2_CD15,2,1,1,1153.75,-5318.0,632.85,-5950.85,-2734.0,315.76,-3049.76,-2584.0,317.08,-2901.08,13:15,15:03,76300|75700,SL|SL
SENSEX,2026-05-29,Fri,2026-06-04,4,6,RECENTER_3_CD15,2,1,1,1153.75,-5318.0,632.85,-5950.85,-2734.0,315.76,-3049.76,-2584.0,317.08,-2901.08,13:15,15:03,76300|75700,SL|SL
SENSEX,2026-05-29,Fri,2026-06-04,4,6,RECENTER_5_CD15,2,1,1,1153.75,-5318.0,632.85,-5950.85,-2734.0,315.76,-3049.76,-2584.0,317.08,-2901.08,13:15,15:03,76300|75700,SL|SL
SENSEX,2026-05-29,Fri,2026-06-04,4,6,RECENTER_5_NOGUARD,2,1,1,1153.75,-5318.0,632.85,-5950.85,-2734.0,315.76,-3049.76,-2584.0,317.08,-2901.08,13:15,15:03,76300|75700,SL|SL
SENSEX,2026-05-29,Fri,2026-06-04,4,6,MOVESTOP_ONE,1,0,1,1153.75,-875.0,314.92,-1189.92,-875.0,314.92,-1189.92,0,0,0,09:29,09:29,76300,SL
SENSEX,2026-05-29,Fri,2026-06-04,4,6,MOVESTOP_RECENTER,3,2,1,1153.75,-2321.0,947.01,-3268.01,-875.0,314.92,-1189.92,-1446.0,632.09,-2078.09,09:29,15:01,76300|76000|75700,SL|SL|SL
SENSEX,2026-05-29,Fri,2026-06-04,4,6,MOVESTOP_RC1,2,1,1,1153.75,-1641.0,630.79,-2271.79,-875.0,314.92,-1189.92,-766.0,315.86,-1081.86,09:29,13:15,76300|76000,SL|SL
SENSEX,2026-05-29,Fri,2026-06-04,4,6,MOVESTOP_RC_CD15,3,2,1,1153.75,-2447.0,946.87,-3393.87,-875.0,314.92,-1189.92,-1572.0,631.94,-2203.94,09:29,15:01,76300|76100|75700,SL|SL|SL
SENSEX,2026-05-29,Fri,2026-06-04,4,6,NOSTOP_HOLD,1,0,0,1153.75,-5546.0,62.23,-5608.23,-5546.0,62.23,-5608.23,0,0,0,15:15,15:15,76300,TIME
SENSEX,2026-06-01,Mon,2026-06-04,3,3,ONE_AND_DONE,1,0,1,1006.2,-2688.0,310.22,-2998.22,-2688.0,310.22,-2998.22,0,0,0,13:12,13:12,75200,SL
SENSEX,2026-06-01,Mon,2026-06-04,3,3,RECENTER_1,2,1,1,1006.2,-2356.0,364.45,-2720.45,-2688.0,310.22,-2998.22,332.0,54.23,277.77,13:12,15:15,75200|74600,SL|TIME
SENSEX,2026-06-01,Mon,2026-06-04,3,3,RECENTER_2,2,1,1,1006.2,-2356.0,364.45,-2720.45,-2688.0,310.22,-2998.22,332.0,54.23,277.77,13:12,15:15,75200|74600,SL|TIME
SENSEX,2026-06-01,Mon,2026-06-04,3,3,RECENTER_3,2,1,1,1006.2,-2356.0,364.45,-2720.45,-2688.0,310.22,-2998.22,332.0,54.23,277.77,13:12,15:15,75200|74600,SL|TIME
SENSEX,2026-06-01,Mon,2026-06-04,3,3,RECENTER_5,2,1,1,1006.2,-2356.0,364.45,-2720.45,-2688.0,310.22,-2998.22,332.0,54.23,277.77,13:12,15:15,75200|74600,SL|TIME
SENSEX,2026-06-01,Mon,2026-06-04,3,3,RECENTER_2_CD15,2,1,1,1006.2,-2356.0,364.45,-2720.45,-2688.0,310.22,-2998.22,332.0,54.23,277.77,13:12,15:15,75200|74600,SL|TIME
SENSEX,2026-06-01,Mon,2026-06-04,3,3,RECENTER_3_CD15,2,1,1,1006.2,-2356.0,364.45,-2720.45,-2688.0,310.22,-2998.22,332.0,54.23,277.77,13:12,15:15,75200|74600,SL|TIME
SENSEX,2026-06-01,Mon,2026-06-04,3,3,RECENTER_5_CD15,2,1,1,1006.2,-2356.0,364.45,-2720.45,-2688.0,310.22,-2998.22,332.0,54.23,277.77,13:12,15:15,75200|74600,SL|TIME
SENSEX,2026-06-01,Mon,2026-06-04,3,3,RECENTER_5_NOGUARD,2,1,1,1006.2,-2356.0,364.45,-2720.45,-2688.0,310.22,-2998.22,332.0,54.23,277.77,13:12,15:15,75200|74600,SL|TIME
SENSEX,2026-06-01,Mon,2026-06-04,3,3,MOVESTOP_ONE,1,0,1,1006.2,-968.0,309.45,-1277.45,-968.0,309.45,-1277.45,0,0,0,10:28,10:28,75200,SL
SENSEX,2026-06-01,Mon,2026-06-04,3,3,MOVESTOP_RECENTER,3,2,1,1006.2,-1087.0,673.28,-1760.28,-968.0,309.45,-1277.45,-119.0,363.83,-482.83,10:28,15:15,75200|74900|74600,SL|SL|TIME
SENSEX,2026-06-01,Mon,2026-06-04,3,3,MOVESTOP_RC1,2,1,1,1006.2,-1202.0,619.35,-1821.35,-968.0,309.45,-1277.45,-234.0,309.91,-543.91,10:28,14:02,75200|74900,SL|SL
SENSEX,2026-06-01,Mon,2026-06-04,3,3,MOVESTOP_RC_CD15,3,2,1,1006.2,-1087.0,673.28,-1760.28,-968.0,309.45,-1277.45,-119.0,363.83,-482.83,10:28,15:15,75200|74900|74600,SL|SL|TIME
SENSEX,2026-06-01,Mon,2026-06-04,3,3,NOSTOP_HOLD,1,0,0,1006.2,-3178.0,55.64,-3233.64,-3178.0,55.64,-3233.64,0,0,0,15:15,15:15,75200,TIME
SENSEX,2026-06-02,Tue,2026-06-04,2,2,ONE_AND_DONE,1,0,1,874.85,-3115.0,305.5,-3420.5,-3115.0,305.5,-3420.5,0,0,0,12:58,12:58,74100,SL
SENSEX,2026-06-02,Tue,2026-06-04,2,2,RECENTER_1,2,1,1,874.85,-963.0,351.81,-1314.81,-3115.0,305.5,-3420.5,2152.0,46.31,2105.69,12:58,15:15,74100|74800,SL|TIME
SENSEX,2026-06-02,Tue,2026-06-04,2,2,RECENTER_2,2,1,1,874.85,-963.0,351.81,-1314.81,-3115.0,305.5,-3420.5,2152.0,46.31,2105.69,12:58,15:15,74100|74800,SL|TIME
SENSEX,2026-06-02,Tue,2026-06-04,2,2,RECENTER_3,2,1,1,874.85,-963.0,351.81,-1314.81,-3115.0,305.5,-3420.5,2152.0,46.31,2105.69,12:58,15:15,74100|74800,SL|TIME
SENSEX,2026-06-02,Tue,2026-06-04,2,2,RECENTER_5,2,1,1,874.85,-963.0,351.81,-1314.81,-3115.0,305.5,-3420.5,2152.0,46.31,2105.69,12:58,15:15,74100|74800,SL|TIME
SENSEX,2026-06-02,Tue,2026-06-04,2,2,RECENTER_2_CD15,2,1,1,874.85,-963.0,351.81,-1314.81,-3115.0,305.5,-3420.5,2152.0,46.31,2105.69,12:58,15:15,74100|74800,SL|TIME
SENSEX,2026-06-02,Tue,2026-06-04,2,2,RECENTER_3_CD15,2,1,1,874.85,-963.0,351.81,-1314.81,-3115.0,305.5,-3420.5,2152.0,46.31,2105.69,12:58,15:15,74100|74800,SL|TIME
SENSEX,2026-06-02,Tue,2026-06-04,2,2,RECENTER_5_CD15,2,1,1,874.85,-963.0,351.81,-1314.81,-3115.0,305.5,-3420.5,2152.0,46.31,2105.69,12:58,15:15,74100|74800,SL|TIME
SENSEX,2026-06-02,Tue,2026-06-04,2,2,RECENTER_5_NOGUARD,2,1,1,874.85,-963.0,351.81,-1314.81,-3115.0,305.5,-3420.5,2152.0,46.31,2105.69,12:58,15:15,74100|74800,SL|TIME
SENSEX,2026-06-02,Tue,2026-06-04,2,2,MOVESTOP_ONE,1,0,1,874.85,493.0,303.87,189.13,493.0,303.87,189.13,0,0,0,10:28,10:28,74100,SL
SENSEX,2026-06-02,Tue,2026-06-04,2,2,MOVESTOP_RECENTER,3,2,1,874.85,1041.0,652.85,388.15,493.0,303.87,189.13,548.0,348.97,199.03,10:28,15:15,74100|74400|74800,SL|SL|TIME
SENSEX,2026-06-02,Tue,2026-06-04,2,2,MOVESTOP_RC1,2,1,1,874.85,-1111.0,606.54,-1717.54,493.0,303.87,189.13,-1604.0,302.67,-1906.67,10:28,12:58,74100|74400,SL|SL
SENSEX,2026-06-02,Tue,2026-06-04,2,2,MOVESTOP_RC_CD15,3,2,1,874.85,1041.0,652.85,388.15,493.0,303.87,189.13,548.0,348.97,199.03,10:28,15:15,74100|74400|74800,SL|SL|TIME
SENSEX,2026-06-02,Tue,2026-06-04,2,2,NOSTOP_HOLD,1,0,0,874.85,-3097.0,50.69,-3147.69,-3097.0,50.69,-3147.69,0,0,0,15:15,15:15,74100,TIME
SENSEX,2026-06-03,Wed,2026-06-04,1,1,ONE_AND_DONE,1,0,1,650.35,-2731.0,296.92,-3027.92,-2731.0,296.92,-3027.92,0,0,0,09:27,09:27,74200,SL
SENSEX,2026-06-03,Wed,2026-06-04,1,1,RECENTER_1,2,1,1,650.35,-5377.0,597.84,-5974.84,-2731.0,296.92,-3027.92,-2646.0,300.92,-2946.92,09:27,14:21,74200|74000,SL|SL
SENSEX,2026-06-03,Wed,2026-06-04,1,1,RECENTER_2,3,2,1,650.35,-3954.0,640.78,-4594.78,-2731.0,296.92,-3027.92,-1223.0,343.85,-1566.85,09:27,15:15,74200|74000|74600,SL|SL|TIME
SENSEX,2026-06-03,Wed,2026-06-04,1,1,RECENTER_3,3,2,1,650.35,-3954.0,640.78,-4594.78,-2731.0,296.92,-3027.92,-1223.0,343.85,-1566.85,09:27,15:15,74200|74000|74600,SL|SL|TIME
SENSEX,2026-06-03,Wed,2026-06-04,1,1,RECENTER_5,3,2,1,650.35,-3954.0,640.78,-4594.78,-2731.0,296.92,-3027.92,-1223.0,343.85,-1566.85,09:27,15:15,74200|74000|74600,SL|SL|TIME
SENSEX,2026-06-03,Wed,2026-06-04,1,1,RECENTER_2_CD15,3,2,1,650.35,-3896.0,640.56,-4536.56,-2731.0,296.92,-3027.92,-1165.0,343.63,-1508.63,09:27,15:15,74200|74000|74600,SL|SL|TIME
SENSEX,2026-06-03,Wed,2026-06-04,1,1,RECENTER_3_CD15,3,2,1,650.35,-3896.0,640.56,-4536.56,-2731.0,296.92,-3027.92,-1165.0,343.63,-1508.63,09:27,15:15,74200|74000|74600,SL|SL|TIME
SENSEX,2026-06-03,Wed,2026-06-04,1,1,RECENTER_5_CD15,3,2,1,650.35,-3896.0,640.56,-4536.56,-2731.0,296.92,-3027.92,-1165.0,343.63,-1508.63,09:27,15:15,74200|74000|74600,SL|SL|TIME
SENSEX,2026-06-03,Wed,2026-06-04,1,1,RECENTER_5_NOGUARD,3,2,1,650.35,-3954.0,640.78,-4594.78,-2731.0,296.92,-3027.92,-1223.0,343.85,-1566.85,09:27,15:15,74200|74000|74600,SL|SL|TIME
SENSEX,2026-06-03,Wed,2026-06-04,1,1,MOVESTOP_ONE,1,0,1,650.35,-3328.0,297.19,-3625.19,-3328.0,297.19,-3625.19,0,0,0,09:35,09:35,74200,SL
SENSEX,2026-06-03,Wed,2026-06-04,1,1,MOVESTOP_RECENTER,4,3,1,650.35,-4611.0,939.73,-5550.73,-3328.0,297.19,-3625.19,-1283.0,642.54,-1925.54,09:35,15:15,74200|73900|74200|74700,SL|SL|SL|TIME
SENSEX,2026-06-03,Wed,2026-06-04,1,1,MOVESTOP_RC1,2,1,1,650.35,-3536.0,596.94,-4132.94,-3328.0,297.19,-3625.19,-208.0,299.74,-507.74,09:35,12:36,74200|73900,SL|SL
SENSEX,2026-06-03,Wed,2026-06-04,1,1,MOVESTOP_RC_CD15,4,3,1,650.35,-4611.0,939.73,-5550.73,-3328.0,297.19,-3625.19,-1283.0,642.54,-1925.54,09:35,15:15,74200|73900|74200|74700,SL|SL|SL|TIME
SENSEX,2026-06-03,Wed,2026-06-04,1,1,NOSTOP_HOLD,1,0,0,650.35,-549.0,41.14,-590.14,-549.0,41.14,-590.14,0,0,0,15:15,15:15,74200,TIME
SENSEX,2026-06-04,Thu,2026-06-04,0,0,ONE_AND_DONE,1,0,1,462.4,-2575.0,289.82,-2864.82,-2575.0,289.82,-2864.82,0,0,0,09:56,09:56,73900,SL
SENSEX,2026-06-04,Thu,2026-06-04,0,0,RECENTER_1,2,1,1,462.4,5273.0,319.34,4953.66,-2575.0,289.82,-2864.82,7848.0,29.52,7818.48,09:56,15:15,73900|74400,SL|TIME
SENSEX,2026-06-04,Thu,2026-06-04,0,0,RECENTER_2,2,1,1,462.4,5273.0,319.34,4953.66,-2575.0,289.82,-2864.82,7848.0,29.52,7818.48,09:56,15:15,73900|74400,SL|TIME
SENSEX,2026-06-04,Thu,2026-06-04,0,0,RECENTER_3,2,1,1,462.4,5273.0,319.34,4953.66,-2575.0,289.82,-2864.82,7848.0,29.52,7818.48,09:56,15:15,73900|74400,SL|TIME
SENSEX,2026-06-04,Thu,2026-06-04,0,0,RECENTER_5,2,1,1,462.4,5273.0,319.34,4953.66,-2575.0,289.82,-2864.82,7848.0,29.52,7818.48,09:56,15:15,73900|74400,SL|TIME
SENSEX,2026-06-04,Thu,2026-06-04,0,0,RECENTER_2_CD15,2,1,1,462.4,5273.0,319.34,4953.66,-2575.0,289.82,-2864.82,7848.0,29.52,7818.48,09:56,15:15,73900|74400,SL|TIME
SENSEX,2026-06-04,Thu,2026-06-04,0,0,RECENTER_3_CD15,2,1,1,462.4,5273.0,319.34,4953.66,-2575.0,289.82,-2864.82,7848.0,29.52,7818.48,09:56,15:15,73900|74400,SL|TIME
SENSEX,2026-06-04,Thu,2026-06-04,0,0,RECENTER_5_CD15,2,1,1,462.4,5273.0,319.34,4953.66,-2575.0,289.82,-2864.82,7848.0,29.52,7818.48,09:56,15:15,73900|74400,SL|TIME
SENSEX,2026-06-04,Thu,2026-06-04,0,0,RECENTER_5_NOGUARD,2,1,1,462.4,5273.0,319.34,4953.66,-2575.0,289.82,-2864.82,7848.0,29.52,7818.48,09:56,15:15,73900|74400,SL|TIME
SENSEX,2026-06-04,Thu,2026-06-04,0,0,MOVESTOP_ONE,1,0,1,462.4,-1352.0,289.27,-1641.27,-1352.0,289.27,-1641.27,0,0,0,09:37,09:37,73900,SL
SENSEX,2026-06-04,Thu,2026-06-04,0,0,MOVESTOP_RECENTER,4,3,1,462.4,-2835.0,1145.33,-3980.33,-1352.0,289.27,-1641.27,-1483.0,856.05,-2339.05,09:37,14:47,73900|74200|74500|74200,SL|SL|SL|SL
SENSEX,2026-06-04,Thu,2026-06-04,0,0,MOVESTOP_RC1,2,1,1,462.4,-1715.0,577.85,-2292.85,-1352.0,289.27,-1641.27,-363.0,288.58,-651.58,09:37,11:42,73900|74200,SL|SL
SENSEX,2026-06-04,Thu,2026-06-04,0,0,MOVESTOP_RC_CD15,4,3,1,462.4,-2835.0,1145.33,-3980.33,-1352.0,289.27,-1641.27,-1483.0,856.05,-2339.05,09:37,14:47,73900|74200|74500|74200,SL|SL|SL|SL
SENSEX,2026-06-04,Thu,2026-06-04,0,0,NOSTOP_HOLD,1,0,0,462.4,207.0,33.77,173.23,207.0,33.77,173.23,0,0,0,15:15,15:15,73900,TIME
SENSEX,2026-06-05,Fri,2026-06-11,4,6,ONE_AND_DONE,1,0,0,1316.5,1731.0,65.04,1665.96,1731.0,65.04,1665.96,0,0,0,15:15,15:15,74700,TIME
SENSEX,2026-06-05,Fri,2026-06-11,4,6,RECENTER_1,1,0,0,1316.5,1731.0,65.04,1665.96,1731.0,65.04,1665.96,0,0,0,15:15,15:15,74700,TIME
SENSEX,2026-06-05,Fri,2026-06-11,4,6,RECENTER_2,1,0,0,1316.5,1731.0,65.04,1665.96,1731.0,65.04,1665.96,0,0,0,15:15,15:15,74700,TIME
SENSEX,2026-06-05,Fri,2026-06-11,4,6,RECENTER_3,1,0,0,1316.5,1731.0,65.04,1665.96,1731.0,65.04,1665.96,0,0,0,15:15,15:15,74700,TIME
SENSEX,2026-06-05,Fri,2026-06-11,4,6,RECENTER_5,1,0,0,1316.5,1731.0,65.04,1665.96,1731.0,65.04,1665.96,0,0,0,15:15,15:15,74700,TIME
SENSEX,2026-06-05,Fri,2026-06-11,4,6,RECENTER_2_CD15,1,0,0,1316.5,1731.0,65.04,1665.96,1731.0,65.04,1665.96,0,0,0,15:15,15:15,74700,TIME
SENSEX,2026-06-05,Fri,2026-06-11,4,6,RECENTER_3_CD15,1,0,0,1316.5,1731.0,65.04,1665.96,1731.0,65.04,1665.96,0,0,0,15:15,15:15,74700,TIME
SENSEX,2026-06-05,Fri,2026-06-11,4,6,RECENTER_5_CD15,1,0,0,1316.5,1731.0,65.04,1665.96,1731.0,65.04,1665.96,0,0,0,15:15,15:15,74700,TIME
SENSEX,2026-06-05,Fri,2026-06-11,4,6,RECENTER_5_NOGUARD,1,0,0,1316.5,1731.0,65.04,1665.96,1731.0,65.04,1665.96,0,0,0,15:15,15:15,74700,TIME
SENSEX,2026-06-05,Fri,2026-06-11,4,6,MOVESTOP_ONE,1,0,1,1316.5,496.0,320.4,175.6,496.0,320.4,175.6,0,0,0,10:39,10:39,74700,SL
SENSEX,2026-06-05,Fri,2026-06-11,4,6,MOVESTOP_RECENTER,5,4,1,1316.5,-1753.0,1596.03,-3349.03,496.0,320.4,175.6,-2249.0,1275.64,-3524.64,10:39,14:44,74700|74400|74800|74500|74100,SL|SL|SL|SL|SL
SENSEX,2026-06-05,Fri,2026-06-11,4,6,MOVESTOP_RC1,2,1,1,1316.5,136.0,639.24,-503.24,496.0,320.4,175.6,-360.0,318.84,-678.84,10:39,11:07,74700|74400,SL|SL
SENSEX,2026-06-05,Fri,2026-06-11,4,6,MOVESTOP_RC_CD15,5,4,1,1316.5,-1753.0,1596.03,-3349.03,496.0,320.4,175.6,-2249.0,1275.64,-3524.64,10:39,14:44,74700|74400|74800|74500|74100,SL|SL|SL|SL|SL
SENSEX,2026-06-05,Fri,2026-06-11,4,6,NOSTOP_HOLD,1,0,0,1316.5,1731.0,65.04,1665.96,1731.0,65.04,1665.96,0,0,0,15:15,15:15,74700,TIME
SENSEX,2026-06-08,Mon,2026-06-11,3,3,ONE_AND_DONE,1,0,0,1182.9,2365.0,59.76,2305.24,2365.0,59.76,2305.24,0,0,0,15:15,15:15,73600,TIME
SENSEX,2026-06-08,Mon,2026-06-11,3,3,RECENTER_1,1,0,0,1182.9,2365.0,59.76,2305.24,2365.0,59.76,2305.24,0,0,0,15:15,15:15,73600,TIME
SENSEX,2026-06-08,Mon,2026-06-11,3,3,RECENTER_2,1,0,0,1182.9,2365.0,59.76,2305.24,2365.0,59.76,2305.24,0,0,0,15:15,15:15,73600,TIME
SENSEX,2026-06-08,Mon,2026-06-11,3,3,RECENTER_3,1,0,0,1182.9,2365.0,59.76,2305.24,2365.0,59.76,2305.24,0,0,0,15:15,15:15,73600,TIME
SENSEX,2026-06-08,Mon,2026-06-11,3,3,RECENTER_5,1,0,0,1182.9,2365.0,59.76,2305.24,2365.0,59.76,2305.24,0,0,0,15:15,15:15,73600,TIME
SENSEX,2026-06-08,Mon,2026-06-11,3,3,RECENTER_2_CD15,1,0,0,1182.9,2365.0,59.76,2305.24,2365.0,59.76,2305.24,0,0,0,15:15,15:15,73600,TIME
SENSEX,2026-06-08,Mon,2026-06-11,3,3,RECENTER_3_CD15,1,0,0,1182.9,2365.0,59.76,2305.24,2365.0,59.76,2305.24,0,0,0,15:15,15:15,73600,TIME
SENSEX,2026-06-08,Mon,2026-06-11,3,3,RECENTER_5_CD15,1,0,0,1182.9,2365.0,59.76,2305.24,2365.0,59.76,2305.24,0,0,0,15:15,15:15,73600,TIME
SENSEX,2026-06-08,Mon,2026-06-11,3,3,RECENTER_5_NOGUARD,1,0,0,1182.9,2365.0,59.76,2305.24,2365.0,59.76,2305.24,0,0,0,15:15,15:15,73600,TIME
SENSEX,2026-06-08,Mon,2026-06-11,3,3,MOVESTOP_ONE,1,0,1,1182.9,-279.0,315.75,-594.75,-279.0,315.75,-594.75,0,0,0,10:41,10:41,73600,SL
SENSEX,2026-06-08,Mon,2026-06-11,3,3,MOVESTOP_RECENTER,2,1,1,1182.9,837.0,630.56,206.44,-279.0,315.75,-594.75,1116.0,314.81,801.19,10:41,15:06,73600|73900,SL|SL
SENSEX,2026-06-08,Mon,2026-06-11,3,3,MOVESTOP_RC1,2,1,1,1182.9,837.0,630.56,206.44,-279.0,315.75,-594.75,1116.0,314.81,801.19,10:41,15:06,73600|73900,SL|SL
SENSEX,2026-06-08,Mon,2026-06-11,3,3,MOVESTOP_RC_CD15,2,1,1,1182.9,837.0,630.56,206.44,-279.0,315.75,-594.75,1116.0,314.81,801.19,10:41,15:06,73600|73900,SL|SL
SENSEX,2026-06-08,Mon,2026-06-11,3,3,NOSTOP_HOLD,1,0,0,1182.9,2365.0,59.76,2305.24,2365.0,59.76,2305.24,0,0,0,15:15,15:15,73600,TIME
SENSEX,2026-06-09,Tue,2026-06-11,2,2,ONE_AND_DONE,1,0,0,868.65,2029.0,48.15,1980.85,2029.0,48.15,1980.85,0,0,0,15:15,15:15,73800,TIME
SENSEX,2026-06-09,Tue,2026-06-11,2,2,RECENTER_1,1,0,0,868.65,2029.0,48.15,1980.85,2029.0,48.15,1980.85,0,0,0,15:15,15:15,73800,TIME
SENSEX,2026-06-09,Tue,2026-06-11,2,2,RECENTER_2,1,0,0,868.65,2029.0,48.15,1980.85,2029.0,48.15,1980.85,0,0,0,15:15,15:15,73800,TIME
SENSEX,2026-06-09,Tue,2026-06-11,2,2,RECENTER_3,1,0,0,868.65,2029.0,48.15,1980.85,2029.0,48.15,1980.85,0,0,0,15:15,15:15,73800,TIME
SENSEX,2026-06-09,Tue,2026-06-11,2,2,RECENTER_5,1,0,0,868.65,2029.0,48.15,1980.85,2029.0,48.15,1980.85,0,0,0,15:15,15:15,73800,TIME
SENSEX,2026-06-09,Tue,2026-06-11,2,2,RECENTER_2_CD15,1,0,0,868.65,2029.0,48.15,1980.85,2029.0,48.15,1980.85,0,0,0,15:15,15:15,73800,TIME
SENSEX,2026-06-09,Tue,2026-06-11,2,2,RECENTER_3_CD15,1,0,0,868.65,2029.0,48.15,1980.85,2029.0,48.15,1980.85,0,0,0,15:15,15:15,73800,TIME
SENSEX,2026-06-09,Tue,2026-06-11,2,2,RECENTER_5_CD15,1,0,0,868.65,2029.0,48.15,1980.85,2029.0,48.15,1980.85,0,0,0,15:15,15:15,73800,TIME
SENSEX,2026-06-09,Tue,2026-06-11,2,2,RECENTER_5_NOGUARD,1,0,0,868.65,2029.0,48.15,1980.85,2029.0,48.15,1980.85,0,0,0,15:15,15:15,73800,TIME
SENSEX,2026-06-09,Tue,2026-06-11,2,2,MOVESTOP_ONE,1,0,1,868.65,-1318.0,304.46,-1622.46,-1318.0,304.46,-1622.46,0,0,0,11:25,11:25,73800,SL
SENSEX,2026-06-09,Tue,2026-06-11,2,2,MOVESTOP_RECENTER,3,2,1,868.65,604.0,656.56,-52.56,-1318.0,304.46,-1622.46,1922.0,352.1,1569.9,11:25,15:15,73800|73500|73800,SL|SL|TIME
SENSEX,2026-06-09,Tue,2026-06-11,2,2,MOVESTOP_RC1,2,1,1,868.65,-871.0,609.2,-1480.2,-1318.0,304.46,-1622.46,447.0,304.74,142.26,11:25,12:23,73800|73500,SL|SL
SENSEX,2026-06-09,Tue,2026-06-11,2,2,MOVESTOP_RC_CD15,3,2,1,868.65,604.0,656.56,-52.56,-1318.0,304.46,-1622.46,1922.0,352.1,1569.9,11:25,15:15,73800|73500|73800,SL|SL|TIME
SENSEX,2026-06-09,Tue,2026-06-11,2,2,NOSTOP_HOLD,1,0,0,868.65,2029.0,48.15,1980.85,2029.0,48.15,1980.85,0,0,0,15:15,15:15,73800,TIME
SENSEX,2026-06-10,Wed,2026-06-11,1,1,ONE_AND_DONE,1,0,0,721.85,2676.0,42.36,2633.64,2676.0,42.36,2633.64,0,0,0,15:15,15:15,74200,TIME
SENSEX,2026-06-10,Wed,2026-06-11,1,1,RECENTER_1,1,0,0,721.85,2676.0,42.36,2633.64,2676.0,42.36,2633.64,0,0,0,15:15,15:15,74200,TIME
SENSEX,2026-06-10,Wed,2026-06-11,1,1,RECENTER_2,1,0,0,721.85,2676.0,42.36,2633.64,2676.0,42.36,2633.64,0,0,0,15:15,15:15,74200,TIME
SENSEX,2026-06-10,Wed,2026-06-11,1,1,RECENTER_3,1,0,0,721.85,2676.0,42.36,2633.64,2676.0,42.36,2633.64,0,0,0,15:15,15:15,74200,TIME
SENSEX,2026-06-10,Wed,2026-06-11,1,1,RECENTER_5,1,0,0,721.85,2676.0,42.36,2633.64,2676.0,42.36,2633.64,0,0,0,15:15,15:15,74200,TIME
SENSEX,2026-06-10,Wed,2026-06-11,1,1,RECENTER_2_CD15,1,0,0,721.85,2676.0,42.36,2633.64,2676.0,42.36,2633.64,0,0,0,15:15,15:15,74200,TIME
SENSEX,2026-06-10,Wed,2026-06-11,1,1,RECENTER_3_CD15,1,0,0,721.85,2676.0,42.36,2633.64,2676.0,42.36,2633.64,0,0,0,15:15,15:15,74200,TIME
SENSEX,2026-06-10,Wed,2026-06-11,1,1,RECENTER_5_CD15,1,0,0,721.85,2676.0,42.36,2633.64,2676.0,42.36,2633.64,0,0,0,15:15,15:15,74200,TIME
SENSEX,2026-06-10,Wed,2026-06-11,1,1,RECENTER_5_NOGUARD,1,0,0,721.85,2676.0,42.36,2633.64,2676.0,42.36,2633.64,0,0,0,15:15,15:15,74200,TIME
SENSEX,2026-06-10,Wed,2026-06-11,1,1,MOVESTOP_ONE,1,0,1,721.85,-233.0,298.47,-531.47,-233.0,298.47,-531.47,0,0,0,09:57,09:57,74200,SL
SENSEX,2026-06-10,Wed,2026-06-11,1,1,MOVESTOP_RECENTER,2,1,1,721.85,1149.0,595.55,553.45,-233.0,298.47,-531.47,1382.0,297.07,1084.93,09:57,14:43,74200|74400,SL|SL
SENSEX,2026-06-10,Wed,2026-06-11,1,1,MOVESTOP_RC1,2,1,1,721.85,1149.0,595.55,553.45,-233.0,298.47,-531.47,1382.0,297.07,1084.93,09:57,14:43,74200|74400,SL|SL
SENSEX,2026-06-10,Wed,2026-06-11,1,1,MOVESTOP_RC_CD15,2,1,1,721.85,1149.0,595.55,553.45,-233.0,298.47,-531.47,1382.0,297.07,1084.93,09:57,14:43,74200|74400,SL|SL
SENSEX,2026-06-10,Wed,2026-06-11,1,1,NOSTOP_HOLD,1,0,0,721.85,2676.0,42.36,2633.64,2676.0,42.36,2633.64,0,0,0,15:15,15:15,74200,TIME
SENSEX,2026-06-11,Thu,2026-06-11,0,0,ONE_AND_DONE,1,0,1,402.65,-2760.0,287.67,-3047.67,-2760.0,287.67,-3047.67,0,0,0,11:43,11:43,73600,SL
SENSEX,2026-06-11,Thu,2026-06-11,0,0,RECENTER_1,2,1,1,402.65,-2317.0,315.61,-2632.61,-2760.0,287.67,-3047.67,443.0,27.94,415.06,11:43,15:15,73600|74100,SL|TIME
SENSEX,2026-06-11,Thu,2026-06-11,0,0,RECENTER_2,2,1,1,402.65,-2317.0,315.61,-2632.61,-2760.0,287.67,-3047.67,443.0,27.94,415.06,11:43,15:15,73600|74100,SL|TIME
SENSEX,2026-06-11,Thu,2026-06-11,0,0,RECENTER_3,2,1,1,402.65,-2317.0,315.61,-2632.61,-2760.0,287.67,-3047.67,443.0,27.94,415.06,11:43,15:15,73600|74100,SL|TIME
SENSEX,2026-06-11,Thu,2026-06-11,0,0,RECENTER_5,2,1,1,402.65,-2317.0,315.61,-2632.61,-2760.0,287.67,-3047.67,443.0,27.94,415.06,11:43,15:15,73600|74100,SL|TIME
SENSEX,2026-06-11,Thu,2026-06-11,0,0,RECENTER_2_CD15,2,1,1,402.65,-2317.0,315.61,-2632.61,-2760.0,287.67,-3047.67,443.0,27.94,415.06,11:43,15:15,73600|74100,SL|TIME
SENSEX,2026-06-11,Thu,2026-06-11,0,0,RECENTER_3_CD15,2,1,1,402.65,-2317.0,315.61,-2632.61,-2760.0,287.67,-3047.67,443.0,27.94,415.06,11:43,15:15,73600|74100,SL|TIME
SENSEX,2026-06-11,Thu,2026-06-11,0,0,RECENTER_5_CD15,2,1,1,402.65,-2317.0,315.61,-2632.61,-2760.0,287.67,-3047.67,443.0,27.94,415.06,11:43,15:15,73600|74100,SL|TIME
SENSEX,2026-06-11,Thu,2026-06-11,0,0,RECENTER_5_NOGUARD,2,1,1,402.65,-2317.0,315.61,-2632.61,-2760.0,287.67,-3047.67,443.0,27.94,415.06,11:43,15:15,73600|74100,SL|TIME
SENSEX,2026-06-11,Thu,2026-06-11,0,0,MOVESTOP_ONE,1,0,1,402.65,-512.0,286.66,-798.66,-512.0,286.66,-798.66,0,0,0,10:21,10:21,73600,SL
SENSEX,2026-06-11,Thu,2026-06-11,0,0,MOVESTOP_RECENTER,3,2,1,402.65,-1490.0,855.73,-2345.73,-512.0,286.66,-798.66,-978.0,569.07,-1547.07,10:21,14:48,73600|73900|74200,SL|SL|SL
SENSEX,2026-06-11,Thu,2026-06-11,0,0,MOVESTOP_RC1,2,1,1,402.65,-1668.0,572.0,-2240.0,-512.0,286.66,-798.66,-1156.0,285.35,-1441.35,10:21,11:51,73600|73900,SL|SL
SENSEX,2026-06-11,Thu,2026-06-11,0,0,MOVESTOP_RC_CD15,3,2,1,402.65,-1490.0,855.73,-2345.73,-512.0,286.66,-798.66,-978.0,569.07,-1547.07,10:21,14:48,73600|73900|74200,SL|SL|SL
SENSEX,2026-06-11,Thu,2026-06-11,0,0,NOSTOP_HOLD,1,0,0,402.65,3762.0,29.93,3732.07,3762.0,29.93,3732.07,0,0,0,15:15,15:15,73600,TIME
SENSEX,2026-06-12,Fri,2026-06-18,4,6,ONE_AND_DONE,1,0,1,1211.55,-2749.0,317.93,-3066.93,-2749.0,317.93,-3066.93,0,0,0,14:40,14:40,74900,SL
SENSEX,2026-06-12,Fri,2026-06-18,4,6,RECENTER_1,1,0,1,1211.55,-2749.0,317.93,-3066.93,-2749.0,317.93,-3066.93,0,0,0,14:40,14:40,74900,SL
SENSEX,2026-06-12,Fri,2026-06-18,4,6,RECENTER_2,1,0,1,1211.55,-2749.0,317.93,-3066.93,-2749.0,317.93,-3066.93,0,0,0,14:40,14:40,74900,SL
SENSEX,2026-06-12,Fri,2026-06-18,4,6,RECENTER_3,1,0,1,1211.55,-2749.0,317.93,-3066.93,-2749.0,317.93,-3066.93,0,0,0,14:40,14:40,74900,SL
SENSEX,2026-06-12,Fri,2026-06-18,4,6,RECENTER_5,1,0,1,1211.55,-2749.0,317.93,-3066.93,-2749.0,317.93,-3066.93,0,0,0,14:40,14:40,74900,SL
SENSEX,2026-06-12,Fri,2026-06-18,4,6,RECENTER_2_CD15,1,0,1,1211.55,-2749.0,317.93,-3066.93,-2749.0,317.93,-3066.93,0,0,0,14:40,14:40,74900,SL
SENSEX,2026-06-12,Fri,2026-06-18,4,6,RECENTER_3_CD15,1,0,1,1211.55,-2749.0,317.93,-3066.93,-2749.0,317.93,-3066.93,0,0,0,14:40,14:40,74900,SL
SENSEX,2026-06-12,Fri,2026-06-18,4,6,RECENTER_5_CD15,1,0,1,1211.55,-2749.0,317.93,-3066.93,-2749.0,317.93,-3066.93,0,0,0,14:40,14:40,74900,SL
SENSEX,2026-06-12,Fri,2026-06-18,4,6,RECENTER_5_NOGUARD,1,0,1,1211.55,-2749.0,317.93,-3066.93,-2749.0,317.93,-3066.93,0,0,0,14:40,14:40,74900,SL
SENSEX,2026-06-12,Fri,2026-06-18,4,6,MOVESTOP_ONE,1,0,1,1211.55,441.0,316.49,124.51,441.0,316.49,124.51,0,0,0,10:18,10:18,74900,SL
SENSEX,2026-06-12,Fri,2026-06-18,4,6,MOVESTOP_RECENTER,4,3,1,1211.55,-3202.0,1262.38,-4464.38,441.0,316.49,124.51,-3643.0,945.88,-4588.88,10:18,14:49,74900|74600|74900|75200,SL|SL|SL|SL
SENSEX,2026-06-12,Fri,2026-06-18,4,6,MOVESTOP_RC1,2,1,1,1211.55,878.0,631.66,246.34,441.0,316.49,124.51,437.0,315.17,121.83,10:18,13:33,74900|74600,SL|SL
SENSEX,2026-06-12,Fri,2026-06-18,4,6,MOVESTOP_RC_CD15,4,3,1,1211.55,-3202.0,1262.38,-4464.38,441.0,316.49,124.51,-3643.0,945.88,-4588.88,10:18,14:49,74900|74600|74900|75200,SL|SL|SL|SL
SENSEX,2026-06-12,Fri,2026-06-18,4,6,NOSTOP_HOLD,1,0,0,1211.55,-4062.0,63.72,-4125.72,-4062.0,63.72,-4125.72,0,0,0,15:14,15:14,74900,TIME
SENSEX,2026-06-15,Mon,2026-06-18,3,3,ONE_AND_DONE,1,0,0,985.9,-204.0,53.54,-257.54,-204.0,53.54,-257.54,0,0,0,15:15,15:15,76700,TIME
SENSEX,2026-06-15,Mon,2026-06-18,3,3,RECENTER_1,1,0,0,985.9,-204.0,53.54,-257.54,-204.0,53.54,-257.54,0,0,0,15:15,15:15,76700,TIME
SENSEX,2026-06-15,Mon,2026-06-18,3,3,RECENTER_2,1,0,0,985.9,-204.0,53.54,-257.54,-204.0,53.54,-257.54,0,0,0,15:15,15:15,76700,TIME
SENSEX,2026-06-15,Mon,2026-06-18,3,3,RECENTER_3,1,0,0,985.9,-204.0,53.54,-257.54,-204.0,53.54,-257.54,0,0,0,15:15,15:15,76700,TIME
SENSEX,2026-06-15,Mon,2026-06-18,3,3,RECENTER_5,1,0,0,985.9,-204.0,53.54,-257.54,-204.0,53.54,-257.54,0,0,0,15:15,15:15,76700,TIME
SENSEX,2026-06-15,Mon,2026-06-18,3,3,RECENTER_2_CD15,1,0,0,985.9,-204.0,53.54,-257.54,-204.0,53.54,-257.54,0,0,0,15:15,15:15,76700,TIME
SENSEX,2026-06-15,Mon,2026-06-18,3,3,RECENTER_3_CD15,1,0,0,985.9,-204.0,53.54,-257.54,-204.0,53.54,-257.54,0,0,0,15:15,15:15,76700,TIME
SENSEX,2026-06-15,Mon,2026-06-18,3,3,RECENTER_5_CD15,1,0,0,985.9,-204.0,53.54,-257.54,-204.0,53.54,-257.54,0,0,0,15:15,15:15,76700,TIME
SENSEX,2026-06-15,Mon,2026-06-18,3,3,RECENTER_5_NOGUARD,1,0,0,985.9,-204.0,53.54,-257.54,-204.0,53.54,-257.54,0,0,0,15:15,15:15,76700,TIME
SENSEX,2026-06-15,Mon,2026-06-18,3,3,MOVESTOP_ONE,1,0,1,985.9,-571.0,308.51,-879.51,-571.0,308.51,-879.51,0,0,0,13:52,13:52,76700,SL
SENSEX,2026-06-15,Mon,2026-06-18,3,3,MOVESTOP_RECENTER,2,1,1,985.9,114.0,361.38,-247.38,-571.0,308.51,-879.51,685.0,52.87,632.13,13:52,15:15,76700|76400,SL|TIME
SENSEX,2026-06-15,Mon,2026-06-18,3,3,MOVESTOP_RC1,2,1,1,985.9,114.0,361.38,-247.38,-571.0,308.51,-879.51,685.0,52.87,632.13,13:52,15:15,76700|76400,SL|TIME
SENSEX,2026-06-15,Mon,2026-06-18,3,3,MOVESTOP_RC_CD15,2,1,1,985.9,114.0,361.38,-247.38,-571.0,308.51,-879.51,685.0,52.87,632.13,13:52,15:15,76700|76400,SL|TIME
SENSEX,2026-06-15,Mon,2026-06-18,3,3,NOSTOP_HOLD,1,0,0,985.9,-204.0,53.54,-257.54,-204.0,53.54,-257.54,0,0,0,15:15,15:15,76700,TIME
SENSEX,2026-06-16,Tue,2026-06-18,2,2,ONE_AND_DONE,1,0,0,796.8,1679.0,45.62,1633.38,1679.0,45.62,1633.38,0,0,0,15:15,15:15,76500,TIME
SENSEX,2026-06-16,Tue,2026-06-18,2,2,RECENTER_1,1,0,0,796.8,1679.0,45.62,1633.38,1679.0,45.62,1633.38,0,0,0,15:15,15:15,76500,TIME
SENSEX,2026-06-16,Tue,2026-06-18,2,2,RECENTER_2,1,0,0,796.8,1679.0,45.62,1633.38,1679.0,45.62,1633.38,0,0,0,15:15,15:15,76500,TIME
SENSEX,2026-06-16,Tue,2026-06-18,2,2,RECENTER_3,1,0,0,796.8,1679.0,45.62,1633.38,1679.0,45.62,1633.38,0,0,0,15:15,15:15,76500,TIME
SENSEX,2026-06-16,Tue,2026-06-18,2,2,RECENTER_5,1,0,0,796.8,1679.0,45.62,1633.38,1679.0,45.62,1633.38,0,0,0,15:15,15:15,76500,TIME
SENSEX,2026-06-16,Tue,2026-06-18,2,2,RECENTER_2_CD15,1,0,0,796.8,1679.0,45.62,1633.38,1679.0,45.62,1633.38,0,0,0,15:15,15:15,76500,TIME
SENSEX,2026-06-16,Tue,2026-06-18,2,2,RECENTER_3_CD15,1,0,0,796.8,1679.0,45.62,1633.38,1679.0,45.62,1633.38,0,0,0,15:15,15:15,76500,TIME
SENSEX,2026-06-16,Tue,2026-06-18,2,2,RECENTER_5_CD15,1,0,0,796.8,1679.0,45.62,1633.38,1679.0,45.62,1633.38,0,0,0,15:15,15:15,76500,TIME
SENSEX,2026-06-16,Tue,2026-06-18,2,2,RECENTER_5_NOGUARD,1,0,0,796.8,1679.0,45.62,1633.38,1679.0,45.62,1633.38,0,0,0,15:15,15:15,76500,TIME
SENSEX,2026-06-16,Tue,2026-06-18,2,2,MOVESTOP_ONE,1,0,1,796.8,1253.0,300.61,952.39,1253.0,300.61,952.39,0,0,0,14:11,14:11,76500,SL
SENSEX,2026-06-16,Tue,2026-06-18,2,2,MOVESTOP_RECENTER,2,1,1,796.8,1546.0,342.36,1203.64,1253.0,300.61,952.39,293.0,41.75,251.25,14:11,15:15,76500|76800,SL|TIME
SENSEX,2026-06-16,Tue,2026-06-18,2,2,MOVESTOP_RC1,2,1,1,796.8,1546.0,342.36,1203.64,1253.0,300.61,952.39,293.0,41.75,251.25,14:11,15:15,76500|76800,SL|TIME
SENSEX,2026-06-16,Tue,2026-06-18,2,2,MOVESTOP_RC_CD15,2,1,1,796.8,1546.0,342.36,1203.64,1253.0,300.61,952.39,293.0,41.75,251.25,14:11,15:15,76500|76800,SL|TIME
SENSEX,2026-06-16,Tue,2026-06-18,2,2,NOSTOP_HOLD,1,0,0,796.8,1679.0,45.62,1633.38,1679.0,45.62,1633.38,0,0,0,15:15,15:15,76500,TIME
SENSEX,2026-06-17,Wed,2026-06-18,1,1,ONE_AND_DONE,1,0,0,602.05,1556.0,38.39,1517.61,1556.0,38.39,1517.61,0,0,0,15:15,15:15,76900,TIME
SENSEX,2026-06-17,Wed,2026-06-18,1,1,RECENTER_1,1,0,0,602.05,1556.0,38.39,1517.61,1556.0,38.39,1517.61,0,0,0,15:15,15:15,76900,TIME
SENSEX,2026-06-17,Wed,2026-06-18,1,1,RECENTER_2,1,0,0,602.05,1556.0,38.39,1517.61,1556.0,38.39,1517.61,0,0,0,15:15,15:15,76900,TIME
SENSEX,2026-06-17,Wed,2026-06-18,1,1,RECENTER_3,1,0,0,602.05,1556.0,38.39,1517.61,1556.0,38.39,1517.61,0,0,0,15:15,15:15,76900,TIME
SENSEX,2026-06-17,Wed,2026-06-18,1,1,RECENTER_5,1,0,0,602.05,1556.0,38.39,1517.61,1556.0,38.39,1517.61,0,0,0,15:15,15:15,76900,TIME
SENSEX,2026-06-17,Wed,2026-06-18,1,1,RECENTER_2_CD15,1,0,0,602.05,1556.0,38.39,1517.61,1556.0,38.39,1517.61,0,0,0,15:15,15:15,76900,TIME
SENSEX,2026-06-17,Wed,2026-06-18,1,1,RECENTER_3_CD15,1,0,0,602.05,1556.0,38.39,1517.61,1556.0,38.39,1517.61,0,0,0,15:15,15:15,76900,TIME
SENSEX,2026-06-17,Wed,2026-06-18,1,1,RECENTER_5_CD15,1,0,0,602.05,1556.0,38.39,1517.61,1556.0,38.39,1517.61,0,0,0,15:15,15:15,76900,TIME
SENSEX,2026-06-17,Wed,2026-06-18,1,1,RECENTER_5_NOGUARD,1,0,0,602.05,1556.0,38.39,1517.61,1556.0,38.39,1517.61,0,0,0,15:15,15:15,76900,TIME
SENSEX,2026-06-17,Wed,2026-06-18,1,1,MOVESTOP_ONE,1,0,1,602.05,-476.0,294.1,-770.1,-476.0,294.1,-770.1,0,0,0,11:32,11:32,76900,SL
SENSEX,2026-06-17,Wed,2026-06-18,1,1,MOVESTOP_RECENTER,2,1,1,602.05,1723.0,331.3,1391.7,-476.0,294.1,-770.1,2199.0,37.19,2161.81,11:32,15:15,76900|77200,SL|TIME
SENSEX,2026-06-17,Wed,2026-06-18,1,1,MOVESTOP_RC1,2,1,1,602.05,1723.0,331.3,1391.7,-476.0,294.1,-770.1,2199.0,37.19,2161.81,11:32,15:15,76900|77200,SL|TIME
SENSEX,2026-06-17,Wed,2026-06-18,1,1,MOVESTOP_RC_CD15,2,1,1,602.05,1723.0,331.3,1391.7,-476.0,294.1,-770.1,2199.0,37.19,2161.81,11:32,15:15,76900|77200,SL|TIME
SENSEX,2026-06-17,Wed,2026-06-18,1,1,NOSTOP_HOLD,1,0,0,602.05,1556.0,38.39,1517.61,1556.0,38.39,1517.61,0,0,0,15:15,15:15,76900,TIME
SENSEX,2026-06-18,Thu,2026-06-18,0,0,ONE_AND_DONE,1,0,0,367.45,698.0,29.99,668.01,698.0,29.99,668.01,0,0,0,15:15,15:15,77100,TIME
SENSEX,2026-06-18,Thu,2026-06-18,0,0,RECENTER_1,1,0,0,367.45,698.0,29.99,668.01,698.0,29.99,668.01,0,0,0,15:15,15:15,77100,TIME
SENSEX,2026-06-18,Thu,2026-06-18,0,0,RECENTER_2,1,0,0,367.45,698.0,29.99,668.01,698.0,29.99,668.01,0,0,0,15:15,15:15,77100,TIME
SENSEX,2026-06-18,Thu,2026-06-18,0,0,RECENTER_3,1,0,0,367.45,698.0,29.99,668.01,698.0,29.99,668.01,0,0,0,15:15,15:15,77100,TIME
SENSEX,2026-06-18,Thu,2026-06-18,0,0,RECENTER_5,1,0,0,367.45,698.0,29.99,668.01,698.0,29.99,668.01,0,0,0,15:15,15:15,77100,TIME
SENSEX,2026-06-18,Thu,2026-06-18,0,0,RECENTER_2_CD15,1,0,0,367.45,698.0,29.99,668.01,698.0,29.99,668.01,0,0,0,15:15,15:15,77100,TIME
SENSEX,2026-06-18,Thu,2026-06-18,0,0,RECENTER_3_CD15,1,0,0,367.45,698.0,29.99,668.01,698.0,29.99,668.01,0,0,0,15:15,15:15,77100,TIME
SENSEX,2026-06-18,Thu,2026-06-18,0,0,RECENTER_5_CD15,1,0,0,367.45,698.0,29.99,668.01,698.0,29.99,668.01,0,0,0,15:15,15:15,77100,TIME
SENSEX,2026-06-18,Thu,2026-06-18,0,0,RECENTER_5_NOGUARD,1,0,0,367.45,698.0,29.99,668.01,698.0,29.99,668.01,0,0,0,15:15,15:15,77100,TIME
SENSEX,2026-06-18,Thu,2026-06-18,0,0,MOVESTOP_ONE,1,0,1,367.45,936.0,284.69,651.31,936.0,284.69,651.31,0,0,0,15:07,15:07,77100,SL
SENSEX,2026-06-18,Thu,2026-06-18,0,0,MOVESTOP_RECENTER,1,0,1,367.45,936.0,284.69,651.31,936.0,284.69,651.31,0,0,0,15:07,15:07,77100,SL
SENSEX,2026-06-18,Thu,2026-06-18,0,0,MOVESTOP_RC1,1,0,1,367.45,936.0,284.69,651.31,936.0,284.69,651.31,0,0,0,15:07,15:07,77100,SL
SENSEX,2026-06-18,Thu,2026-06-18,0,0,MOVESTOP_RC_CD15,1,0,1,367.45,936.0,284.69,651.31,936.0,284.69,651.31,0,0,0,15:07,15:07,77100,SL
SENSEX,2026-06-18,Thu,2026-06-18,0,0,NOSTOP_HOLD,1,0,0,367.45,698.0,29.99,668.01,698.0,29.99,668.01,0,0,0,15:15,15:15,77100,TIME
SENSEX,2026-06-19,Fri,2026-06-25,4,6,ONE_AND_DONE,1,0,0,1058.5,2558.0,55.01,2502.99,2558.0,55.01,2502.99,0,0,0,15:15,15:15,76700,TIME
SENSEX,2026-06-19,Fri,2026-06-25,4,6,RECENTER_1,1,0,0,1058.5,2558.0,55.01,2502.99,2558.0,55.01,2502.99,0,0,0,15:15,15:15,76700,TIME
SENSEX,2026-06-19,Fri,2026-06-25,4,6,RECENTER_2,1,0,0,1058.5,2558.0,55.01,2502.99,2558.0,55.01,2502.99,0,0,0,15:15,15:15,76700,TIME
SENSEX,2026-06-19,Fri,2026-06-25,4,6,RECENTER_3,1,0,0,1058.5,2558.0,55.01,2502.99,2558.0,55.01,2502.99,0,0,0,15:15,15:15,76700,TIME
SENSEX,2026-06-19,Fri,2026-06-25,4,6,RECENTER_5,1,0,0,1058.5,2558.0,55.01,2502.99,2558.0,55.01,2502.99,0,0,0,15:15,15:15,76700,TIME
SENSEX,2026-06-19,Fri,2026-06-25,4,6,RECENTER_2_CD15,1,0,0,1058.5,2558.0,55.01,2502.99,2558.0,55.01,2502.99,0,0,0,15:15,15:15,76700,TIME
SENSEX,2026-06-19,Fri,2026-06-25,4,6,RECENTER_3_CD15,1,0,0,1058.5,2558.0,55.01,2502.99,2558.0,55.01,2502.99,0,0,0,15:15,15:15,76700,TIME
SENSEX,2026-06-19,Fri,2026-06-25,4,6,RECENTER_5_CD15,1,0,0,1058.5,2558.0,55.01,2502.99,2558.0,55.01,2502.99,0,0,0,15:15,15:15,76700,TIME
SENSEX,2026-06-19,Fri,2026-06-25,4,6,RECENTER_5_NOGUARD,1,0,0,1058.5,2558.0,55.01,2502.99,2558.0,55.01,2502.99,0,0,0,15:15,15:15,76700,TIME
SENSEX,2026-06-19,Fri,2026-06-25,4,6,MOVESTOP_ONE,1,0,0,1058.5,2558.0,55.01,2502.99,2558.0,55.01,2502.99,0,0,0,15:15,15:15,76700,TIME
SENSEX,2026-06-19,Fri,2026-06-25,4,6,MOVESTOP_RECENTER,1,0,0,1058.5,2558.0,55.01,2502.99,2558.0,55.01,2502.99,0,0,0,15:15,15:15,76700,TIME
SENSEX,2026-06-19,Fri,2026-06-25,4,6,MOVESTOP_RC1,1,0,0,1058.5,2558.0,55.01,2502.99,2558.0,55.01,2502.99,0,0,0,15:15,15:15,76700,TIME
SENSEX,2026-06-19,Fri,2026-06-25,4,6,MOVESTOP_RC_CD15,1,0,0,1058.5,2558.0,55.01,2502.99,2558.0,55.01,2502.99,0,0,0,15:15,15:15,76700,TIME
SENSEX,2026-06-19,Fri,2026-06-25,4,6,NOSTOP_HOLD,1,0,0,1058.5,2558.0,55.01,2502.99,2558.0,55.01,2502.99,0,0,0,15:15,15:15,76700,TIME
SENSEX,2026-06-22,Mon,2026-06-25,3,3,ONE_AND_DONE,1,0,0,841.7,2182.0,47.07,2134.93,2182.0,47.07,2134.93,0,0,0,15:15,15:15,77200,TIME
SENSEX,2026-06-22,Mon,2026-06-25,3,3,RECENTER_1,1,0,0,841.7,2182.0,47.07,2134.93,2182.0,47.07,2134.93,0,0,0,15:15,15:15,77200,TIME
SENSEX,2026-06-22,Mon,2026-06-25,3,3,RECENTER_2,1,0,0,841.7,2182.0,47.07,2134.93,2182.0,47.07,2134.93,0,0,0,15:15,15:15,77200,TIME
SENSEX,2026-06-22,Mon,2026-06-25,3,3,RECENTER_3,1,0,0,841.7,2182.0,47.07,2134.93,2182.0,47.07,2134.93,0,0,0,15:15,15:15,77200,TIME
SENSEX,2026-06-22,Mon,2026-06-25,3,3,RECENTER_5,1,0,0,841.7,2182.0,47.07,2134.93,2182.0,47.07,2134.93,0,0,0,15:15,15:15,77200,TIME
SENSEX,2026-06-22,Mon,2026-06-25,3,3,RECENTER_2_CD15,1,0,0,841.7,2182.0,47.07,2134.93,2182.0,47.07,2134.93,0,0,0,15:15,15:15,77200,TIME
SENSEX,2026-06-22,Mon,2026-06-25,3,3,RECENTER_3_CD15,1,0,0,841.7,2182.0,47.07,2134.93,2182.0,47.07,2134.93,0,0,0,15:15,15:15,77200,TIME
SENSEX,2026-06-22,Mon,2026-06-25,3,3,RECENTER_5_CD15,1,0,0,841.7,2182.0,47.07,2134.93,2182.0,47.07,2134.93,0,0,0,15:15,15:15,77200,TIME
SENSEX,2026-06-22,Mon,2026-06-25,3,3,RECENTER_5_NOGUARD,1,0,0,841.7,2182.0,47.07,2134.93,2182.0,47.07,2134.93,0,0,0,15:15,15:15,77200,TIME
SENSEX,2026-06-22,Mon,2026-06-25,3,3,MOVESTOP_ONE,1,0,0,841.7,2182.0,47.07,2134.93,2182.0,47.07,2134.93,0,0,0,15:15,15:15,77200,TIME
SENSEX,2026-06-22,Mon,2026-06-25,3,3,MOVESTOP_RECENTER,1,0,0,841.7,2182.0,47.07,2134.93,2182.0,47.07,2134.93,0,0,0,15:15,15:15,77200,TIME
SENSEX,2026-06-22,Mon,2026-06-25,3,3,MOVESTOP_RC1,1,0,0,841.7,2182.0,47.07,2134.93,2182.0,47.07,2134.93,0,0,0,15:15,15:15,77200,TIME
SENSEX,2026-06-22,Mon,2026-06-25,3,3,MOVESTOP_RC_CD15,1,0,0,841.7,2182.0,47.07,2134.93,2182.0,47.07,2134.93,0,0,0,15:15,15:15,77200,TIME
SENSEX,2026-06-22,Mon,2026-06-25,3,3,NOSTOP_HOLD,1,0,0,841.7,2182.0,47.07,2134.93,2182.0,47.07,2134.93,0,0,0,15:15,15:15,77200,TIME
SENSEX,2026-06-23,Tue,2026-06-25,2,2,ONE_AND_DONE,1,0,1,671.75,-2594.0,297.66,-2891.66,-2594.0,297.66,-2891.66,0,0,0,12:21,12:21,76900,SL
SENSEX,2026-06-23,Tue,2026-06-25,2,2,RECENTER_1,2,1,1,671.75,-2040.0,342.63,-2382.63,-2594.0,297.66,-2891.66,554.0,44.97,509.03,12:21,15:15,76900|76600,SL|TIME
SENSEX,2026-06-23,Tue,2026-06-25,2,2,RECENTER_2,2,1,1,671.75,-2040.0,342.63,-2382.63,-2594.0,297.66,-2891.66,554.0,44.97,509.03,12:21,15:15,76900|76600,SL|TIME
SENSEX,2026-06-23,Tue,2026-06-25,2,2,RECENTER_3,2,1,1,671.75,-2040.0,342.63,-2382.63,-2594.0,297.66,-2891.66,554.0,44.97,509.03,12:21,15:15,76900|76600,SL|TIME
SENSEX,2026-06-23,Tue,2026-06-25,2,2,RECENTER_5,2,1,1,671.75,-2040.0,342.63,-2382.63,-2594.0,297.66,-2891.66,554.0,44.97,509.03,12:21,15:15,76900|76600,SL|TIME
SENSEX,2026-06-23,Tue,2026-06-25,2,2,RECENTER_2_CD15,2,1,1,671.75,-2040.0,342.63,-2382.63,-2594.0,297.66,-2891.66,554.0,44.97,509.03,12:21,15:15,76900|76600,SL|TIME
SENSEX,2026-06-23,Tue,2026-06-25,2,2,RECENTER_3_CD15,2,1,1,671.75,-2040.0,342.63,-2382.63,-2594.0,297.66,-2891.66,554.0,44.97,509.03,12:21,15:15,76900|76600,SL|TIME
SENSEX,2026-06-23,Tue,2026-06-25,2,2,RECENTER_5_CD15,2,1,1,671.75,-2040.0,342.63,-2382.63,-2594.0,297.66,-2891.66,554.0,44.97,509.03,12:21,15:15,76900|76600,SL|TIME
SENSEX,2026-06-23,Tue,2026-06-25,2,2,RECENTER_5_NOGUARD,2,1,1,671.75,-2040.0,342.63,-2382.63,-2594.0,297.66,-2891.66,554.0,44.97,509.03,12:21,15:15,76900|76600,SL|TIME
SENSEX,2026-06-23,Tue,2026-06-25,2,2,MOVESTOP_ONE,1,0,1,671.75,-3047.0,297.87,-3344.87,-3047.0,297.87,-3344.87,0,0,0,12:22,12:22,76900,SL
SENSEX,2026-06-23,Tue,2026-06-25,2,2,MOVESTOP_RECENTER,2,1,1,671.75,-2114.0,597.82,-2711.82,-3047.0,297.87,-3344.87,933.0,299.95,633.05,12:22,15:02,76900|76600,SL|SL
SENSEX,2026-06-23,Tue,2026-06-25,2,2,MOVESTOP_RC1,2,1,1,671.75,-2114.0,597.82,-2711.82,-3047.0,297.87,-3344.87,933.0,299.95,633.05,12:22,15:02,76900|76600,SL|SL
SENSEX,2026-06-23,Tue,2026-06-25,2,2,MOVESTOP_RC_CD15,2,1,1,671.75,-2114.0,597.82,-2711.82,-3047.0,297.87,-3344.87,933.0,299.95,633.05,12:22,15:02,76900|76600,SL|SL
SENSEX,2026-06-23,Tue,2026-06-25,2,2,NOSTOP_HOLD,1,0,0,671.75,-3888.0,43.45,-3931.45,-3888.0,43.45,-3931.45,0,0,0,15:15,15:15,76900,TIME
SENSEX,2026-06-24,Wed,2026-06-25,1,1,ONE_AND_DONE,1,0,1,635.3,-2677.0,296.34,-2973.34,-2677.0,296.34,-2973.34,0,0,0,10:27,10:27,76300,SL
SENSEX,2026-06-24,Wed,2026-06-25,1,1,RECENTER_1,2,1,1,635.3,-235.0,335.75,-570.75,-2677.0,296.34,-2973.34,2442.0,39.42,2402.58,10:27,15:14,76300|76800,SL|TIME
SENSEX,2026-06-24,Wed,2026-06-25,1,1,RECENTER_2,2,1,1,635.3,-235.0,335.75,-570.75,-2677.0,296.34,-2973.34,2442.0,39.42,2402.58,10:27,15:14,76300|76800,SL|TIME
SENSEX,2026-06-24,Wed,2026-06-25,1,1,RECENTER_3,2,1,1,635.3,-235.0,335.75,-570.75,-2677.0,296.34,-2973.34,2442.0,39.42,2402.58,10:27,15:14,76300|76800,SL|TIME
SENSEX,2026-06-24,Wed,2026-06-25,1,1,RECENTER_5,2,1,1,635.3,-235.0,335.75,-570.75,-2677.0,296.34,-2973.34,2442.0,39.42,2402.58,10:27,15:14,76300|76800,SL|TIME
SENSEX,2026-06-24,Wed,2026-06-25,1,1,RECENTER_2_CD15,2,1,1,635.3,-235.0,335.75,-570.75,-2677.0,296.34,-2973.34,2442.0,39.42,2402.58,10:27,15:14,76300|76800,SL|TIME
SENSEX,2026-06-24,Wed,2026-06-25,1,1,RECENTER_3_CD15,2,1,1,635.3,-235.0,335.75,-570.75,-2677.0,296.34,-2973.34,2442.0,39.42,2402.58,10:27,15:14,76300|76800,SL|TIME
SENSEX,2026-06-24,Wed,2026-06-25,1,1,RECENTER_5_CD15,2,1,1,635.3,-235.0,335.75,-570.75,-2677.0,296.34,-2973.34,2442.0,39.42,2402.58,10:27,15:14,76300|76800,SL|TIME
SENSEX,2026-06-24,Wed,2026-06-25,1,1,RECENTER_5_NOGUARD,2,1,1,635.3,-235.0,335.75,-570.75,-2677.0,296.34,-2973.34,2442.0,39.42,2402.58,10:27,15:14,76300|76800,SL|TIME
SENSEX,2026-06-24,Wed,2026-06-25,1,1,MOVESTOP_ONE,1,0,1,635.3,-1355.0,295.74,-1650.74,-1355.0,295.74,-1650.74,0,0,0,10:17,10:17,76300,SL
SENSEX,2026-06-24,Wed,2026-06-25,1,1,MOVESTOP_RECENTER,3,2,1,635.3,376.0,627.61,-251.61,-1355.0,295.74,-1650.74,1731.0,331.87,1399.13,10:17,15:14,76300|76700|77000,SL|SL|TIME
SENSEX,2026-06-24,Wed,2026-06-25,1,1,MOVESTOP_RC1,2,1,1,635.3,-1547.0,590.35,-2137.35,-1355.0,295.74,-1650.74,-192.0,294.61,-486.61,10:17,11:52,76300|76700,SL|SL
SENSEX,2026-06-24,Wed,2026-06-25,1,1,MOVESTOP_RC_CD15,3,2,1,635.3,376.0,627.61,-251.61,-1355.0,295.74,-1650.74,1731.0,331.87,1399.13,10:17,15:14,76300|76700|77000,SL|SL|TIME
SENSEX,2026-06-24,Wed,2026-06-25,1,1,NOSTOP_HOLD,1,0,0,635.3,-3578.0,41.94,-3619.94,-3578.0,41.94,-3619.94,0,0,0,15:14,15:14,76300,TIME
SENSEX,2026-06-25,Thu,2026-06-25,0,0,ONE_AND_DONE,1,0,1,317.75,-2540.0,284.39,-2824.39,-2540.0,284.39,-2824.39,0,0,0,11:57,11:57,77300,SL
SENSEX,2026-06-25,Thu,2026-06-25,0,0,RECENTER_1,2,1,1,317.75,-6400.0,566.82,-6966.82,-2540.0,284.39,-2824.39,-3860.0,282.43,-4142.43,11:57,14:16,77300|77700,SL|SL
SENSEX,2026-06-25,Thu,2026-06-25,0,0,RECENTER_2,3,2,1,317.75,-7274.0,590.41,-7864.41,-2540.0,284.39,-2824.39,-4734.0,306.02,-5040.02,11:57,15:14,77300|77700|77300,SL|SL|TIME
SENSEX,2026-06-25,Thu,2026-06-25,0,0,RECENTER_3,3,2,1,317.75,-7274.0,590.41,-7864.41,-2540.0,284.39,-2824.39,-4734.0,306.02,-5040.02,11:57,15:14,77300|77700|77300,SL|SL|TIME
SENSEX,2026-06-25,Thu,2026-06-25,0,0,RECENTER_5,3,2,1,317.75,-7274.0,590.41,-7864.41,-2540.0,284.39,-2824.39,-4734.0,306.02,-5040.02,11:57,15:14,77300|77700|77300,SL|SL|TIME
SENSEX,2026-06-25,Thu,2026-06-25,0,0,RECENTER_2_CD15,3,2,1,317.75,-7274.0,590.41,-7864.41,-2540.0,284.39,-2824.39,-4734.0,306.02,-5040.02,11:57,15:14,77300|77700|77300,SL|SL|TIME
SENSEX,2026-06-25,Thu,2026-06-25,0,0,RECENTER_3_CD15,3,2,1,317.75,-7274.0,590.41,-7864.41,-2540.0,284.39,-2824.39,-4734.0,306.02,-5040.02,11:57,15:14,77300|77700|77300,SL|SL|TIME
SENSEX,2026-06-25,Thu,2026-06-25,0,0,RECENTER_5_CD15,3,2,1,317.75,-7274.0,590.41,-7864.41,-2540.0,284.39,-2824.39,-4734.0,306.02,-5040.02,11:57,15:14,77300|77700|77300,SL|SL|TIME
SENSEX,2026-06-25,Thu,2026-06-25,0,0,RECENTER_5_NOGUARD,3,2,1,317.75,-7274.0,590.41,-7864.41,-2540.0,284.39,-2824.39,-4734.0,306.02,-5040.02,11:57,15:14,77300|77700|77300,SL|SL|TIME
SENSEX,2026-06-25,Thu,2026-06-25,0,0,MOVESTOP_ONE,1,0,1,317.75,-1392.0,283.88,-1675.88,-1392.0,283.88,-1675.88,0,0,0,11:55,11:55,77300,SL
SENSEX,2026-06-25,Thu,2026-06-25,0,0,MOVESTOP_RECENTER,3,2,1,317.75,-4492.0,588.78,-5080.78,-1392.0,283.88,-1675.88,-3100.0,304.91,-3404.91,11:55,15:14,77300|77600|77300,SL|SL|TIME
SENSEX,2026-06-25,Thu,2026-06-25,0,0,MOVESTOP_RC1,2,1,1,317.75,-3618.0,565.19,-4183.19,-1392.0,283.88,-1675.88,-2226.0,281.32,-2507.32,11:55,14:16,77300|77600,SL|SL
SENSEX,2026-06-25,Thu,2026-06-25,0,0,MOVESTOP_RC_CD15,3,2,1,317.75,-4492.0,588.78,-5080.78,-1392.0,283.88,-1675.88,-3100.0,304.91,-3404.91,11:55,15:14,77300|77600|77300,SL|SL|TIME
SENSEX,2026-06-25,Thu,2026-06-25,0,0,NOSTOP_HOLD,1,0,0,317.75,1934.0,27.58,1906.42,1934.0,27.58,1906.42,0,0,0,15:14,15:14,77300,TIME
SENSEX,2026-06-29,Mon,2026-07-02,3,3,ONE_AND_DONE,1,0,1,913.6,-3098.0,306.94,-3404.94,-3098.0,306.94,-3404.94,0,0,0,12:33,12:33,77300,SL
SENSEX,2026-06-29,Mon,2026-07-02,3,3,RECENTER_1,2,1,1,913.6,-2385.0,358.7,-2743.7,-3098.0,306.94,-3404.94,713.0,51.76,661.24,12:33,15:15,77300|76700,SL|TIME
SENSEX,2026-06-29,Mon,2026-07-02,3,3,RECENTER_2,2,1,1,913.6,-2385.0,358.7,-2743.7,-3098.0,306.94,-3404.94,713.0,51.76,661.24,12:33,15:15,77300|76700,SL|TIME
SENSEX,2026-06-29,Mon,2026-07-02,3,3,RECENTER_3,2,1,1,913.6,-2385.0,358.7,-2743.7,-3098.0,306.94,-3404.94,713.0,51.76,661.24,12:33,15:15,77300|76700,SL|TIME
SENSEX,2026-06-29,Mon,2026-07-02,3,3,RECENTER_5,2,1,1,913.6,-2385.0,358.7,-2743.7,-3098.0,306.94,-3404.94,713.0,51.76,661.24,12:33,15:15,77300|76700,SL|TIME
SENSEX,2026-06-29,Mon,2026-07-02,3,3,RECENTER_2_CD15,2,1,1,913.6,-2385.0,358.7,-2743.7,-3098.0,306.94,-3404.94,713.0,51.76,661.24,12:33,15:15,77300|76700,SL|TIME
SENSEX,2026-06-29,Mon,2026-07-02,3,3,RECENTER_3_CD15,2,1,1,913.6,-2385.0,358.7,-2743.7,-3098.0,306.94,-3404.94,713.0,51.76,661.24,12:33,15:15,77300|76700,SL|TIME
SENSEX,2026-06-29,Mon,2026-07-02,3,3,RECENTER_5_CD15,2,1,1,913.6,-2385.0,358.7,-2743.7,-3098.0,306.94,-3404.94,713.0,51.76,661.24,12:33,15:15,77300|76700,SL|TIME
SENSEX,2026-06-29,Mon,2026-07-02,3,3,RECENTER_5_NOGUARD,2,1,1,913.6,-2385.0,358.7,-2743.7,-3098.0,306.94,-3404.94,713.0,51.76,661.24,12:33,15:15,77300|76700,SL|TIME
SENSEX,2026-06-29,Mon,2026-07-02,3,3,MOVESTOP_ONE,1,0,1,913.6,-1192.0,306.08,-1498.08,-1192.0,306.08,-1498.08,0,0,0,09:35,09:35,77300,SL
SENSEX,2026-06-29,Mon,2026-07-02,3,3,MOVESTOP_RECENTER,4,3,1,913.6,-2247.0,967.97,-3214.97,-1192.0,306.08,-1498.08,-1055.0,661.89,-1716.89,09:35,15:15,77300|76900|77200|76900,SL|SL|SL|TIME
SENSEX,2026-06-29,Mon,2026-07-02,3,3,MOVESTOP_RC1,2,1,1,913.6,-1388.0,612.63,-2000.63,-1192.0,306.08,-1498.08,-196.0,306.55,-502.55,09:35,10:26,77300|76900,SL|SL
SENSEX,2026-06-29,Mon,2026-07-02,3,3,MOVESTOP_RC_CD15,4,3,1,913.6,-2247.0,967.97,-3214.97,-1192.0,306.08,-1498.08,-1055.0,661.89,-1716.89,09:35,15:15,77300|76900|77200|76900,SL|SL|SL|TIME
SENSEX,2026-06-29,Mon,2026-07-02,3,3,NOSTOP_HOLD,1,0,0,913.6,-1932.0,51.61,-1983.61,-1932.0,51.61,-1983.61,0,0,0,15:15,15:15,77300,TIME
SENSEX,2026-06-30,Tue,2026-07-02,2,2,ONE_AND_DONE,1,0,1,765.25,-2590.0,301.16,-2891.16,-2590.0,301.16,-2891.16,0,0,0,09:44,09:44,76900,SL
SENSEX,2026-06-30,Tue,2026-07-02,2,2,RECENTER_1,2,1,1,765.25,905.0,347.66,557.34,-2590.0,301.16,-2891.16,3495.0,46.5,3448.5,09:44,15:14,76900|76600,SL|TIME
SENSEX,2026-06-30,Tue,2026-07-02,2,2,RECENTER_2,2,1,1,765.25,905.0,347.66,557.34,-2590.0,301.16,-2891.16,3495.0,46.5,3448.5,09:44,15:14,76900|76600,SL|TIME
SENSEX,2026-06-30,Tue,2026-07-02,2,2,RECENTER_3,2,1,1,765.25,905.0,347.66,557.34,-2590.0,301.16,-2891.16,3495.0,46.5,3448.5,09:44,15:14,76900|76600,SL|TIME
SENSEX,2026-06-30,Tue,2026-07-02,2,2,RECENTER_5,2,1,1,765.25,905.0,347.66,557.34,-2590.0,301.16,-2891.16,3495.0,46.5,3448.5,09:44,15:14,76900|76600,SL|TIME
SENSEX,2026-06-30,Tue,2026-07-02,2,2,RECENTER_2_CD15,2,1,1,765.25,905.0,347.66,557.34,-2590.0,301.16,-2891.16,3495.0,46.5,3448.5,09:44,15:14,76900|76600,SL|TIME
SENSEX,2026-06-30,Tue,2026-07-02,2,2,RECENTER_3_CD15,2,1,1,765.25,905.0,347.66,557.34,-2590.0,301.16,-2891.16,3495.0,46.5,3448.5,09:44,15:14,76900|76600,SL|TIME
SENSEX,2026-06-30,Tue,2026-07-02,2,2,RECENTER_5_CD15,2,1,1,765.25,905.0,347.66,557.34,-2590.0,301.16,-2891.16,3495.0,46.5,3448.5,09:44,15:14,76900|76600,SL|TIME
SENSEX,2026-06-30,Tue,2026-07-02,2,2,RECENTER_5_NOGUARD,2,1,1,765.25,905.0,347.66,557.34,-2590.0,301.16,-2891.16,3495.0,46.5,3448.5,09:44,15:14,76900|76600,SL|TIME
SENSEX,2026-06-30,Tue,2026-07-02,2,2,MOVESTOP_ONE,1,0,1,765.25,-2268.0,301.02,-2569.02,-2268.0,301.02,-2569.02,0,0,0,09:31,09:31,76900,SL
SENSEX,2026-06-30,Tue,2026-07-02,2,2,MOVESTOP_RECENTER,4,3,1,765.25,-1519.0,946.22,-2465.22,-2268.0,301.02,-2569.02,749.0,645.21,103.79,09:31,15:14,76900|76600|77000|76600,SL|SL|SL|TIME
SENSEX,2026-06-30,Tue,2026-07-02,2,2,MOVESTOP_RC1,2,1,1,765.25,-1663.0,603.7,-2266.7,-2268.0,301.02,-2569.02,605.0,302.68,302.32,09:31,11:25,76900|76600,SL|SL
SENSEX,2026-06-30,Tue,2026-07-02,2,2,MOVESTOP_RC_CD15,4,3,1,765.25,-1519.0,946.22,-2465.22,-2268.0,301.02,-2569.02,749.0,645.21,103.79,09:31,15:14,76900|76600|77000|76600,SL|SL|SL|TIME
SENSEX,2026-06-30,Tue,2026-07-02,2,2,NOSTOP_HOLD,1,0,0,765.25,1128.0,44.69,1083.31,1128.0,44.69,1083.31,0,0,0,15:14,15:14,76900,TIME
SENSEX,2026-07-01,Wed,2026-07-02,1,1,ONE_AND_DONE,1,0,0,654.65,1414.0,40.42,1373.58,1414.0,40.42,1373.58,0,0,0,15:15,15:15,76600,TIME
SENSEX,2026-07-01,Wed,2026-07-02,1,1,RECENTER_1,1,0,0,654.65,1414.0,40.42,1373.58,1414.0,40.42,1373.58,0,0,0,15:15,15:15,76600,TIME
SENSEX,2026-07-01,Wed,2026-07-02,1,1,RECENTER_2,1,0,0,654.65,1414.0,40.42,1373.58,1414.0,40.42,1373.58,0,0,0,15:15,15:15,76600,TIME
SENSEX,2026-07-01,Wed,2026-07-02,1,1,RECENTER_3,1,0,0,654.65,1414.0,40.42,1373.58,1414.0,40.42,1373.58,0,0,0,15:15,15:15,76600,TIME
SENSEX,2026-07-01,Wed,2026-07-02,1,1,RECENTER_5,1,0,0,654.65,1414.0,40.42,1373.58,1414.0,40.42,1373.58,0,0,0,15:15,15:15,76600,TIME
SENSEX,2026-07-01,Wed,2026-07-02,1,1,RECENTER_2_CD15,1,0,0,654.65,1414.0,40.42,1373.58,1414.0,40.42,1373.58,0,0,0,15:15,15:15,76600,TIME
SENSEX,2026-07-01,Wed,2026-07-02,1,1,RECENTER_3_CD15,1,0,0,654.65,1414.0,40.42,1373.58,1414.0,40.42,1373.58,0,0,0,15:15,15:15,76600,TIME
SENSEX,2026-07-01,Wed,2026-07-02,1,1,RECENTER_5_CD15,1,0,0,654.65,1414.0,40.42,1373.58,1414.0,40.42,1373.58,0,0,0,15:15,15:15,76600,TIME
SENSEX,2026-07-01,Wed,2026-07-02,1,1,RECENTER_5_NOGUARD,1,0,0,654.65,1414.0,40.42,1373.58,1414.0,40.42,1373.58,0,0,0,15:15,15:15,76600,TIME
SENSEX,2026-07-01,Wed,2026-07-02,1,1,MOVESTOP_ONE,1,0,1,654.65,-863.0,296.24,-1159.24,-863.0,296.24,-1159.24,0,0,0,10:19,10:19,76600,SL
SENSEX,2026-07-01,Wed,2026-07-02,1,1,MOVESTOP_RECENTER,2,1,1,654.65,2121.0,334.6,1786.4,-863.0,296.24,-1159.24,2984.0,38.36,2945.64,10:19,15:15,76600|77000,SL|TIME
SENSEX,2026-07-01,Wed,2026-07-02,1,1,MOVESTOP_RC1,2,1,1,654.65,2121.0,334.6,1786.4,-863.0,296.24,-1159.24,2984.0,38.36,2945.64,10:19,15:15,76600|77000,SL|TIME
SENSEX,2026-07-01,Wed,2026-07-02,1,1,MOVESTOP_RC_CD15,2,1,1,654.65,2121.0,334.6,1786.4,-863.0,296.24,-1159.24,2984.0,38.36,2945.64,10:19,15:15,76600|77000,SL|TIME
SENSEX,2026-07-01,Wed,2026-07-02,1,1,NOSTOP_HOLD,1,0,0,654.65,1414.0,40.42,1373.58,1414.0,40.42,1373.58,0,0,0,15:15,15:15,76600,TIME
SENSEX,2026-07-02,Thu,2026-07-02,0,0,ONE_AND_DONE,1,0,0,361.55,1514.0,29.41,1484.59,1514.0,29.41,1484.59,0,0,0,15:15,15:15,77200,TIME
SENSEX,2026-07-02,Thu,2026-07-02,0,0,RECENTER_1,1,0,0,361.55,1514.0,29.41,1484.59,1514.0,29.41,1484.59,0,0,0,15:15,15:15,77200,TIME
SENSEX,2026-07-02,Thu,2026-07-02,0,0,RECENTER_2,1,0,0,361.55,1514.0,29.41,1484.59,1514.0,29.41,1484.59,0,0,0,15:15,15:15,77200,TIME
SENSEX,2026-07-02,Thu,2026-07-02,0,0,RECENTER_3,1,0,0,361.55,1514.0,29.41,1484.59,1514.0,29.41,1484.59,0,0,0,15:15,15:15,77200,TIME
SENSEX,2026-07-02,Thu,2026-07-02,0,0,RECENTER_5,1,0,0,361.55,1514.0,29.41,1484.59,1514.0,29.41,1484.59,0,0,0,15:15,15:15,77200,TIME
SENSEX,2026-07-02,Thu,2026-07-02,0,0,RECENTER_2_CD15,1,0,0,361.55,1514.0,29.41,1484.59,1514.0,29.41,1484.59,0,0,0,15:15,15:15,77200,TIME
SENSEX,2026-07-02,Thu,2026-07-02,0,0,RECENTER_3_CD15,1,0,0,361.55,1514.0,29.41,1484.59,1514.0,29.41,1484.59,0,0,0,15:15,15:15,77200,TIME
SENSEX,2026-07-02,Thu,2026-07-02,0,0,RECENTER_5_CD15,1,0,0,361.55,1514.0,29.41,1484.59,1514.0,29.41,1484.59,0,0,0,15:15,15:15,77200,TIME
SENSEX,2026-07-02,Thu,2026-07-02,0,0,RECENTER_5_NOGUARD,1,0,0,361.55,1514.0,29.41,1484.59,1514.0,29.41,1484.59,0,0,0,15:15,15:15,77200,TIME
SENSEX,2026-07-02,Thu,2026-07-02,0,0,MOVESTOP_ONE,1,0,1,361.55,922.0,284.47,637.53,922.0,284.47,637.53,0,0,0,14:40,14:40,77200,SL
SENSEX,2026-07-02,Thu,2026-07-02,0,0,MOVESTOP_RECENTER,1,0,1,361.55,922.0,284.47,637.53,922.0,284.47,637.53,0,0,0,14:40,14:40,77200,SL
SENSEX,2026-07-02,Thu,2026-07-02,0,0,MOVESTOP_RC1,1,0,1,361.55,922.0,284.47,637.53,922.0,284.47,637.53,0,0,0,14:40,14:40,77200,SL
SENSEX,2026-07-02,Thu,2026-07-02,0,0,MOVESTOP_RC_CD15,1,0,1,361.55,922.0,284.47,637.53,922.0,284.47,637.53,0,0,0,14:40,14:40,77200,SL
SENSEX,2026-07-02,Thu,2026-07-02,0,0,NOSTOP_HOLD,1,0,0,361.55,1514.0,29.41,1484.59,1514.0,29.41,1484.59,0,0,0,15:15,15:15,77200,TIME
SENSEX,2026-07-03,Fri,2026-07-09,4,6,ONE_AND_DONE,1,0,0,971.55,1962.0,52.03,1909.97,1962.0,52.03,1909.97,0,0,0,15:15,15:15,78100,TIME
SENSEX,2026-07-03,Fri,2026-07-09,4,6,RECENTER_1,1,0,0,971.55,1962.0,52.03,1909.97,1962.0,52.03,1909.97,0,0,0,15:15,15:15,78100,TIME
SENSEX,2026-07-03,Fri,2026-07-09,4,6,RECENTER_2,1,0,0,971.55,1962.0,52.03,1909.97,1962.0,52.03,1909.97,0,0,0,15:15,15:15,78100,TIME
SENSEX,2026-07-03,Fri,2026-07-09,4,6,RECENTER_3,1,0,0,971.55,1962.0,52.03,1909.97,1962.0,52.03,1909.97,0,0,0,15:15,15:15,78100,TIME
SENSEX,2026-07-03,Fri,2026-07-09,4,6,RECENTER_5,1,0,0,971.55,1962.0,52.03,1909.97,1962.0,52.03,1909.97,0,0,0,15:15,15:15,78100,TIME
SENSEX,2026-07-03,Fri,2026-07-09,4,6,RECENTER_2_CD15,1,0,0,971.55,1962.0,52.03,1909.97,1962.0,52.03,1909.97,0,0,0,15:15,15:15,78100,TIME
SENSEX,2026-07-03,Fri,2026-07-09,4,6,RECENTER_3_CD15,1,0,0,971.55,1962.0,52.03,1909.97,1962.0,52.03,1909.97,0,0,0,15:15,15:15,78100,TIME
SENSEX,2026-07-03,Fri,2026-07-09,4,6,RECENTER_5_CD15,1,0,0,971.55,1962.0,52.03,1909.97,1962.0,52.03,1909.97,0,0,0,15:15,15:15,78100,TIME
SENSEX,2026-07-03,Fri,2026-07-09,4,6,RECENTER_5_NOGUARD,1,0,0,971.55,1962.0,52.03,1909.97,1962.0,52.03,1909.97,0,0,0,15:15,15:15,78100,TIME
SENSEX,2026-07-03,Fri,2026-07-09,4,6,MOVESTOP_ONE,1,0,0,971.55,1962.0,52.03,1909.97,1962.0,52.03,1909.97,0,0,0,15:15,15:15,78100,TIME
SENSEX,2026-07-03,Fri,2026-07-09,4,6,MOVESTOP_RECENTER,1,0,0,971.55,1962.0,52.03,1909.97,1962.0,52.03,1909.97,0,0,0,15:15,15:15,78100,TIME
SENSEX,2026-07-03,Fri,2026-07-09,4,6,MOVESTOP_RC1,1,0,0,971.55,1962.0,52.03,1909.97,1962.0,52.03,1909.97,0,0,0,15:15,15:15,78100,TIME
SENSEX,2026-07-03,Fri,2026-07-09,4,6,MOVESTOP_RC_CD15,1,0,0,971.55,1962.0,52.03,1909.97,1962.0,52.03,1909.97,0,0,0,15:15,15:15,78100,TIME
SENSEX,2026-07-03,Fri,2026-07-09,4,6,NOSTOP_HOLD,1,0,0,971.55,1962.0,52.03,1909.97,1962.0,52.03,1909.97,0,0,0,15:15,15:15,78100,TIME
SENSEX,2026-07-06,Mon,2026-07-09,3,3,ONE_AND_DONE,1,0,0,768.0,1169.0,44.77,1124.23,1169.0,44.77,1124.23,0,0,0,15:14,15:14,78000,TIME
SENSEX,2026-07-06,Mon,2026-07-09,3,3,RECENTER_1,1,0,0,768.0,1169.0,44.77,1124.23,1169.0,44.77,1124.23,0,0,0,15:14,15:14,78000,TIME
SENSEX,2026-07-06,Mon,2026-07-09,3,3,RECENTER_2,1,0,0,768.0,1169.0,44.77,1124.23,1169.0,44.77,1124.23,0,0,0,15:14,15:14,78000,TIME
SENSEX,2026-07-06,Mon,2026-07-09,3,3,RECENTER_3,1,0,0,768.0,1169.0,44.77,1124.23,1169.0,44.77,1124.23,0,0,0,15:14,15:14,78000,TIME
SENSEX,2026-07-06,Mon,2026-07-09,3,3,RECENTER_5,1,0,0,768.0,1169.0,44.77,1124.23,1169.0,44.77,1124.23,0,0,0,15:14,15:14,78000,TIME
SENSEX,2026-07-06,Mon,2026-07-09,3,3,RECENTER_2_CD15,1,0,0,768.0,1169.0,44.77,1124.23,1169.0,44.77,1124.23,0,0,0,15:14,15:14,78000,TIME
SENSEX,2026-07-06,Mon,2026-07-09,3,3,RECENTER_3_CD15,1,0,0,768.0,1169.0,44.77,1124.23,1169.0,44.77,1124.23,0,0,0,15:14,15:14,78000,TIME
SENSEX,2026-07-06,Mon,2026-07-09,3,3,RECENTER_5_CD15,1,0,0,768.0,1169.0,44.77,1124.23,1169.0,44.77,1124.23,0,0,0,15:14,15:14,78000,TIME
SENSEX,2026-07-06,Mon,2026-07-09,3,3,RECENTER_5_NOGUARD,1,0,0,768.0,1169.0,44.77,1124.23,1169.0,44.77,1124.23,0,0,0,15:14,15:14,78000,TIME
SENSEX,2026-07-06,Mon,2026-07-09,3,3,MOVESTOP_ONE,1,0,1,768.0,-679.0,300.4,-979.4,-679.0,300.4,-979.4,0,0,0,12:15,12:15,78000,SL
SENSEX,2026-07-06,Mon,2026-07-09,3,3,MOVESTOP_RECENTER,2,1,1,768.0,859.0,343.7,515.3,-679.0,300.4,-979.4,1538.0,43.3,1494.7,12:15,15:14,78000|78400,SL|TIME
SENSEX,2026-07-06,Mon,2026-07-09,3,3,MOVESTOP_RC1,2,1,1,768.0,859.0,343.7,515.3,-679.0,300.4,-979.4,1538.0,43.3,1494.7,12:15,15:14,78000|78400,SL|TIME
SENSEX,2026-07-06,Mon,2026-07-09,3,3,MOVESTOP_RC_CD15,2,1,1,768.0,859.0,343.7,515.3,-679.0,300.4,-979.4,1538.0,43.3,1494.7,12:15,15:14,78000|78400,SL|TIME
SENSEX,2026-07-06,Mon,2026-07-09,3,3,NOSTOP_HOLD,1,0,0,768.0,1169.0,44.77,1124.23,1169.0,44.77,1124.23,0,0,0,15:14,15:14,78000,TIME
SENSEX,2026-07-07,Tue,2026-07-09,2,2,ONE_AND_DONE,1,0,0,616.55,802.0,39.27,762.73,802.0,39.27,762.73,0,0,0,15:14,15:14,78400,TIME
SENSEX,2026-07-07,Tue,2026-07-09,2,2,RECENTER_1,1,0,0,616.55,802.0,39.27,762.73,802.0,39.27,762.73,0,0,0,15:14,15:14,78400,TIME
SENSEX,2026-07-07,Tue,2026-07-09,2,2,RECENTER_2,1,0,0,616.55,802.0,39.27,762.73,802.0,39.27,762.73,0,0,0,15:14,15:14,78400,TIME
SENSEX,2026-07-07,Tue,2026-07-09,2,2,RECENTER_3,1,0,0,616.55,802.0,39.27,762.73,802.0,39.27,762.73,0,0,0,15:14,15:14,78400,TIME
SENSEX,2026-07-07,Tue,2026-07-09,2,2,RECENTER_5,1,0,0,616.55,802.0,39.27,762.73,802.0,39.27,762.73,0,0,0,15:14,15:14,78400,TIME
SENSEX,2026-07-07,Tue,2026-07-09,2,2,RECENTER_2_CD15,1,0,0,616.55,802.0,39.27,762.73,802.0,39.27,762.73,0,0,0,15:14,15:14,78400,TIME
SENSEX,2026-07-07,Tue,2026-07-09,2,2,RECENTER_3_CD15,1,0,0,616.55,802.0,39.27,762.73,802.0,39.27,762.73,0,0,0,15:14,15:14,78400,TIME
SENSEX,2026-07-07,Tue,2026-07-09,2,2,RECENTER_5_CD15,1,0,0,616.55,802.0,39.27,762.73,802.0,39.27,762.73,0,0,0,15:14,15:14,78400,TIME
SENSEX,2026-07-07,Tue,2026-07-09,2,2,RECENTER_5_NOGUARD,1,0,0,616.55,802.0,39.27,762.73,802.0,39.27,762.73,0,0,0,15:14,15:14,78400,TIME
SENSEX,2026-07-07,Tue,2026-07-09,2,2,MOVESTOP_ONE,1,0,0,616.55,802.0,39.27,762.73,802.0,39.27,762.73,0,0,0,15:14,15:14,78400,TIME
SENSEX,2026-07-07,Tue,2026-07-09,2,2,MOVESTOP_RECENTER,1,0,0,616.55,802.0,39.27,762.73,802.0,39.27,762.73,0,0,0,15:14,15:14,78400,TIME
SENSEX,2026-07-07,Tue,2026-07-09,2,2,MOVESTOP_RC1,1,0,0,616.55,802.0,39.27,762.73,802.0,39.27,762.73,0,0,0,15:14,15:14,78400,TIME
SENSEX,2026-07-07,Tue,2026-07-09,2,2,MOVESTOP_RC_CD15,1,0,0,616.55,802.0,39.27,762.73,802.0,39.27,762.73,0,0,0,15:14,15:14,78400,TIME
SENSEX,2026-07-07,Tue,2026-07-09,2,2,NOSTOP_HOLD,1,0,0,616.55,802.0,39.27,762.73,802.0,39.27,762.73,0,0,0,15:14,15:14,78400,TIME
SENSEX,2026-07-08,Wed,2026-07-09,1,1,ONE_AND_DONE,1,0,1,568.15,-3506.0,294.2,-3800.2,-3506.0,294.2,-3800.2,0,0,0,13:48,13:48,77800,SL
SENSEX,2026-07-08,Wed,2026-07-09,1,1,RECENTER_1,2,1,1,568.15,-6162.0,586.86,-6748.86,-3506.0,294.2,-3800.2,-2656.0,292.66,-2948.66,13:48,13:58,77800|77200,SL|SL
SENSEX,2026-07-08,Wed,2026-07-09,1,1,RECENTER_2,3,2,1,568.15,-9005.0,884.0,-9889.0,-3506.0,294.2,-3800.2,-5499.0,589.8,-6088.8,13:48,14:06,77800|77200|77000,SL|SL|SL
SENSEX,2026-07-08,Wed,2026-07-09,1,1,RECENTER_3,4,3,1,568.15,-7378.0,927.88,-8305.88,-3506.0,294.2,-3800.2,-3872.0,633.69,-4505.69,13:48,15:15,77800|77200|77000|76600,SL|SL|SL|TIME
SENSEX,2026-07-08,Wed,2026-07-09,1,1,RECENTER_5,4,3,1,568.15,-7378.0,927.88,-8305.88,-3506.0,294.2,-3800.2,-3872.0,633.69,-4505.69,13:48,15:15,77800|77200|77000|76600,SL|SL|SL|TIME
SENSEX,2026-07-08,Wed,2026-07-09,1,1,RECENTER_2_CD15,3,2,1,568.15,-8811.0,886.14,-9697.14,-3506.0,294.2,-3800.2,-5305.0,591.94,-5896.94,13:48,14:53,77800|77200|76800,SL|SL|SL
SENSEX,2026-07-08,Wed,2026-07-09,1,1,RECENTER_3_CD15,3,2,1,568.15,-8811.0,886.14,-9697.14,-3506.0,294.2,-3800.2,-5305.0,591.94,-5896.94,13:48,14:53,77800|77200|76800,SL|SL|SL
SENSEX,2026-07-08,Wed,2026-07-09,1,1,RECENTER_5_CD15,3,2,1,568.15,-8811.0,886.14,-9697.14,-3506.0,294.2,-3800.2,-5305.0,591.94,-5896.94,13:48,14:53,77800|77200|76800,SL|SL|SL
SENSEX,2026-07-08,Wed,2026-07-09,1,1,RECENTER_5_NOGUARD,4,3,1,568.15,-7378.0,927.88,-8305.88,-3506.0,294.2,-3800.2,-3872.0,633.69,-4505.69,13:48,15:15,77800|77200|77000|76600,SL|SL|SL|TIME
SENSEX,2026-07-08,Wed,2026-07-09,1,1,MOVESTOP_ONE,1,0,1,568.15,-564.0,292.87,-856.87,-564.0,292.87,-856.87,0,0,0,13:47,13:47,77800,SL
SENSEX,2026-07-08,Wed,2026-07-09,1,1,MOVESTOP_RECENTER,4,3,1,568.15,-7492.0,1179.72,-8671.72,-564.0,292.87,-856.87,-6928.0,886.85,-7814.85,13:47,14:48,77800|77400|77000|76600,SL|SL|SL|SL
SENSEX,2026-07-08,Wed,2026-07-09,1,1,MOVESTOP_RC1,2,1,1,568.15,-5358.0,584.05,-5942.05,-564.0,292.87,-856.87,-4794.0,291.17,-5085.17,13:47,13:56,77800|77400,SL|SL
SENSEX,2026-07-08,Wed,2026-07-09,1,1,MOVESTOP_RC_CD15,4,3,1,568.15,-6897.0,1183.01,-8080.01,-564.0,292.87,-856.87,-6333.0,890.14,-7223.14,13:47,14:53,77800|77400|76800|76600,SL|SL|SL|SL
SENSEX,2026-07-08,Wed,2026-07-09,1,1,NOSTOP_HOLD,1,0,0,568.15,-16302.0,45.16,-16347.16,-16302.0,45.16,-16347.16,0,0,0,15:15,15:15,77800,TIME
SENSEX,2026-07-09,Thu,2026-07-09,0,0,ONE_AND_DONE,1,0,1,448.2,-4184.0,290.02,-4474.02,-4184.0,290.02,-4474.02,0,0,0,10:42,10:42,76700,SL
SENSEX,2026-07-09,Thu,2026-07-09,0,0,RECENTER_1,2,1,1,448.2,-6985.0,575.03,-7560.03,-4184.0,290.02,-4474.02,-2801.0,285.01,-3086.01,10:42,10:50,76700|77300,SL|SL
SENSEX,2026-07-09,Thu,2026-07-09,0,0,RECENTER_2,3,2,1,448.2,-6100.0,604.52,-6704.52,-4184.0,290.02,-4474.02,-1916.0,314.51,-2230.51,10:42,15:15,76700|77300|77000,SL|SL|TIME
SENSEX,2026-07-09,Thu,2026-07-09,0,0,RECENTER_3,3,2,1,448.2,-6100.0,604.52,-6704.52,-4184.0,290.02,-4474.02,-1916.0,314.51,-2230.51,10:42,15:15,76700|77300|77000,SL|SL|TIME
SENSEX,2026-07-09,Thu,2026-07-09,0,0,RECENTER_5,3,2,1,448.2,-6100.0,604.52,-6704.52,-4184.0,290.02,-4474.02,-1916.0,314.51,-2230.51,10:42,15:15,76700|77300|77000,SL|SL|TIME
SENSEX,2026-07-09,Thu,2026-07-09,0,0,RECENTER_2_CD15,3,2,1,448.2,-4120.0,603.59,-4723.59,-4184.0,290.02,-4474.02,64.0,313.57,-249.57,10:42,15:15,76700|77300|76900,SL|SL|TIME
SENSEX,2026-07-09,Thu,2026-07-09,0,0,RECENTER_3_CD15,3,2,1,448.2,-4120.0,603.59,-4723.59,-4184.0,290.02,-4474.02,64.0,313.57,-249.57,10:42,15:15,76700|77300|76900,SL|SL|TIME
SENSEX,2026-07-09,Thu,2026-07-09,0,0,RECENTER_5_CD15,3,2,1,448.2,-4120.0,603.59,-4723.59,-4184.0,290.02,-4474.02,64.0,313.57,-249.57,10:42,15:15,76700|77300|76900,SL|SL|TIME
SENSEX,2026-07-09,Thu,2026-07-09,0,0,RECENTER_5_NOGUARD,3,2,1,448.2,-6100.0,604.52,-6704.52,-4184.0,290.02,-4474.02,-1916.0,314.51,-2230.51,10:42,15:15,76700|77300|77000,SL|SL|TIME
SENSEX,2026-07-09,Thu,2026-07-09,0,0,MOVESTOP_ONE,1,0,1,448.2,-1077.0,288.62,-1365.62,-1077.0,288.62,-1365.62,0,0,0,09:40,09:40,76700,SL
SENSEX,2026-07-09,Thu,2026-07-09,0,0,MOVESTOP_RECENTER,2,1,1,448.2,-2828.0,574.89,-3402.89,-1077.0,288.62,-1365.62,-1751.0,286.27,-2037.27,09:40,15:07,76700|77100,SL|SL
SENSEX,2026-07-09,Thu,2026-07-09,0,0,MOVESTOP_RC1,2,1,1,448.2,-2828.0,574.89,-3402.89,-1077.0,288.62,-1365.62,-1751.0,286.27,-2037.27,09:40,15:07,76700|77100,SL|SL
SENSEX,2026-07-09,Thu,2026-07-09,0,0,MOVESTOP_RC_CD15,2,1,1,448.2,-2828.0,574.89,-3402.89,-1077.0,288.62,-1365.62,-1751.0,286.27,-2037.27,09:40,15:07,76700|77100,SL|SL
SENSEX,2026-07-09,Thu,2026-07-09,0,0,NOSTOP_HOLD,1,0,0,448.2,8392.0,29.55,8362.45,8392.0,29.55,8362.45,0,0,0,15:15,15:15,76700,TIME
SENSEX,2026-07-10,Fri,2026-07-16,4,6,ONE_AND_DONE,1,0,0,1043.65,2526.0,54.47,2471.53,2526.0,54.47,2471.53,0,0,0,15:15,15:15,77500,TIME
SENSEX,2026-07-10,Fri,2026-07-16,4,6,RECENTER_1,1,0,0,1043.65,2526.0,54.47,2471.53,2526.0,54.47,2471.53,0,0,0,15:15,15:15,77500,TIME
SENSEX,2026-07-10,Fri,2026-07-16,4,6,RECENTER_2,1,0,0,1043.65,2526.0,54.47,2471.53,2526.0,54.47,2471.53,0,0,0,15:15,15:15,77500,TIME
SENSEX,2026-07-10,Fri,2026-07-16,4,6,RECENTER_3,1,0,0,1043.65,2526.0,54.47,2471.53,2526.0,54.47,2471.53,0,0,0,15:15,15:15,77500,TIME
SENSEX,2026-07-10,Fri,2026-07-16,4,6,RECENTER_5,1,0,0,1043.65,2526.0,54.47,2471.53,2526.0,54.47,2471.53,0,0,0,15:15,15:15,77500,TIME
SENSEX,2026-07-10,Fri,2026-07-16,4,6,RECENTER_2_CD15,1,0,0,1043.65,2526.0,54.47,2471.53,2526.0,54.47,2471.53,0,0,0,15:15,15:15,77500,TIME
SENSEX,2026-07-10,Fri,2026-07-16,4,6,RECENTER_3_CD15,1,0,0,1043.65,2526.0,54.47,2471.53,2526.0,54.47,2471.53,0,0,0,15:15,15:15,77500,TIME
SENSEX,2026-07-10,Fri,2026-07-16,4,6,RECENTER_5_CD15,1,0,0,1043.65,2526.0,54.47,2471.53,2526.0,54.47,2471.53,0,0,0,15:15,15:15,77500,TIME
SENSEX,2026-07-10,Fri,2026-07-16,4,6,RECENTER_5_NOGUARD,1,0,0,1043.65,2526.0,54.47,2471.53,2526.0,54.47,2471.53,0,0,0,15:15,15:15,77500,TIME
SENSEX,2026-07-10,Fri,2026-07-16,4,6,MOVESTOP_ONE,1,0,0,1043.65,2526.0,54.47,2471.53,2526.0,54.47,2471.53,0,0,0,15:15,15:15,77500,TIME
SENSEX,2026-07-10,Fri,2026-07-16,4,6,MOVESTOP_RECENTER,1,0,0,1043.65,2526.0,54.47,2471.53,2526.0,54.47,2471.53,0,0,0,15:15,15:15,77500,TIME
SENSEX,2026-07-10,Fri,2026-07-16,4,6,MOVESTOP_RC1,1,0,0,1043.65,2526.0,54.47,2471.53,2526.0,54.47,2471.53,0,0,0,15:15,15:15,77500,TIME
SENSEX,2026-07-10,Fri,2026-07-16,4,6,MOVESTOP_RC_CD15,1,0,0,1043.65,2526.0,54.47,2471.53,2526.0,54.47,2471.53,0,0,0,15:15,15:15,77500,TIME
SENSEX,2026-07-10,Fri,2026-07-16,4,6,NOSTOP_HOLD,1,0,0,1043.65,2526.0,54.47,2471.53,2526.0,54.47,2471.53,0,0,0,15:15,15:15,77500,TIME
SENSEX,2026-07-13,Mon,2026-07-16,3,3,ONE_AND_DONE,1,0,1,895.2,-2567.0,306.01,-2873.01,-2567.0,306.01,-2873.01,0,0,0,10:28,10:28,76900,SL
SENSEX,2026-07-13,Mon,2026-07-16,3,3,RECENTER_1,2,1,1,895.2,-5158.0,613.71,-5771.71,-2567.0,306.01,-2873.01,-2591.0,307.7,-2898.7,10:28,12:52,76900|77300,SL|SL
SENSEX,2026-07-13,Mon,2026-07-16,3,3,RECENTER_2,3,2,1,895.2,-3527.0,666.11,-4193.11,-2567.0,306.01,-2873.01,-960.0,360.1,-1320.1,10:28,15:15,76900|77300|77700,SL|SL|TIME
SENSEX,2026-07-13,Mon,2026-07-16,3,3,RECENTER_3,3,2,1,895.2,-3527.0,666.11,-4193.11,-2567.0,306.01,-2873.01,-960.0,360.1,-1320.1,10:28,15:15,76900|77300|77700,SL|SL|TIME
SENSEX,2026-07-13,Mon,2026-07-16,3,3,RECENTER_5,3,2,1,895.2,-3527.0,666.11,-4193.11,-2567.0,306.01,-2873.01,-960.0,360.1,-1320.1,10:28,15:15,76900|77300|77700,SL|SL|TIME
SENSEX,2026-07-13,Mon,2026-07-16,3,3,RECENTER_2_CD15,3,2,1,895.2,-3527.0,666.11,-4193.11,-2567.0,306.01,-2873.01,-960.0,360.1,-1320.1,10:28,15:15,76900|77300|77700,SL|SL|TIME
SENSEX,2026-07-13,Mon,2026-07-16,3,3,RECENTER_3_CD15,3,2,1,895.2,-3527.0,666.11,-4193.11,-2567.0,306.01,-2873.01,-960.0,360.1,-1320.1,10:28,15:15,76900|77300|77700,SL|SL|TIME
SENSEX,2026-07-13,Mon,2026-07-16,3,3,RECENTER_5_CD15,3,2,1,895.2,-3527.0,666.11,-4193.11,-2567.0,306.01,-2873.01,-960.0,360.1,-1320.1,10:28,15:15,76900|77300|77700,SL|SL|TIME
SENSEX,2026-07-13,Mon,2026-07-16,3,3,RECENTER_5_NOGUARD,3,2,1,895.2,-3527.0,666.11,-4193.11,-2567.0,306.01,-2873.01,-960.0,360.1,-1320.1,10:28,15:15,76900|77300|77700,SL|SL|TIME
SENSEX,2026-07-13,Mon,2026-07-16,3,3,MOVESTOP_ONE,1,0,1,895.2,-1251.0,305.42,-1556.42,-1251.0,305.42,-1556.42,0,0,0,09:50,09:50,76900,SL
SENSEX,2026-07-13,Mon,2026-07-16,3,3,MOVESTOP_RECENTER,3,2,1,895.2,-2390.0,664.11,-3054.11,-1251.0,305.42,-1556.42,-1139.0,358.69,-1497.69,09:50,15:15,76900|77200|77600,SL|SL|TIME
SENSEX,2026-07-13,Mon,2026-07-16,3,3,MOVESTOP_RC1,2,1,1,895.2,-3679.0,612.0,-4291.0,-1251.0,305.42,-1556.42,-2428.0,306.58,-2734.58,09:50,12:14,76900|77200,SL|SL
SENSEX,2026-07-13,Mon,2026-07-16,3,3,MOVESTOP_RC_CD15,3,2,1,895.2,-2390.0,664.11,-3054.11,-1251.0,305.42,-1556.42,-1139.0,358.69,-1497.69,09:50,15:15,76900|77200|77600,SL|SL|TIME
SENSEX,2026-07-13,Mon,2026-07-16,3,3,NOSTOP_HOLD,1,0,0,895.2,-4956.0,52.29,-5008.29,-4956.0,52.29,-5008.29,0,0,0,15:15,15:15,76900,TIME
SENSEX,2026-07-14,Tue,2026-07-16,2,2,ONE_AND_DONE,1,0,1,820.4,-2528.0,303.2,-2831.2,-2528.0,303.2,-2831.2,0,0,0,09:24,09:24,77000,SL
SENSEX,2026-07-14,Tue,2026-07-16,2,2,RECENTER_1,2,1,1,820.4,-449.0,352.12,-801.12,-2528.0,303.2,-2831.2,2079.0,48.93,2030.07,09:24,15:15,77000|77300,SL|TIME
SENSEX,2026-07-14,Tue,2026-07-16,2,2,RECENTER_2,2,1,1,820.4,-449.0,352.12,-801.12,-2528.0,303.2,-2831.2,2079.0,48.93,2030.07,09:24,15:15,77000|77300,SL|TIME
SENSEX,2026-07-14,Tue,2026-07-16,2,2,RECENTER_3,2,1,1,820.4,-449.0,352.12,-801.12,-2528.0,303.2,-2831.2,2079.0,48.93,2030.07,09:24,15:15,77000|77300,SL|TIME
SENSEX,2026-07-14,Tue,2026-07-16,2,2,RECENTER_5,2,1,1,820.4,-449.0,352.12,-801.12,-2528.0,303.2,-2831.2,2079.0,48.93,2030.07,09:24,15:15,77000|77300,SL|TIME
SENSEX,2026-07-14,Tue,2026-07-16,2,2,RECENTER_2_CD15,2,1,1,820.4,-836.0,351.57,-1187.57,-2528.0,303.2,-2831.2,1692.0,48.38,1643.62,09:24,15:15,77000|77300,SL|TIME
SENSEX,2026-07-14,Tue,2026-07-16,2,2,RECENTER_3_CD15,2,1,1,820.4,-836.0,351.57,-1187.57,-2528.0,303.2,-2831.2,1692.0,48.38,1643.62,09:24,15:15,77000|77300,SL|TIME
SENSEX,2026-07-14,Tue,2026-07-16,2,2,RECENTER_5_CD15,2,1,1,820.4,-836.0,351.57,-1187.57,-2528.0,303.2,-2831.2,1692.0,48.38,1643.62,09:24,15:15,77000|77300,SL|TIME
SENSEX,2026-07-14,Tue,2026-07-16,2,2,RECENTER_5_NOGUARD,2,1,1,820.4,-449.0,352.12,-801.12,-2528.0,303.2,-2831.2,2079.0,48.93,2030.07,09:24,15:15,77000|77300,SL|TIME
SENSEX,2026-07-14,Tue,2026-07-16,2,2,MOVESTOP_ONE,1,0,0,820.4,1803.0,46.45,1756.55,1803.0,46.45,1756.55,0,0,0,15:15,15:15,77000,TIME
SENSEX,2026-07-14,Tue,2026-07-16,2,2,MOVESTOP_RECENTER,1,0,0,820.4,1803.0,46.45,1756.55,1803.0,46.45,1756.55,0,0,0,15:15,15:15,77000,TIME
SENSEX,2026-07-14,Tue,2026-07-16,2,2,MOVESTOP_RC1,1,0,0,820.4,1803.0,46.45,1756.55,1803.0,46.45,1756.55,0,0,0,15:15,15:15,77000,TIME
SENSEX,2026-07-14,Tue,2026-07-16,2,2,MOVESTOP_RC_CD15,1,0,0,820.4,1803.0,46.45,1756.55,1803.0,46.45,1756.55,0,0,0,15:15,15:15,77000,TIME
SENSEX,2026-07-14,Tue,2026-07-16,2,2,NOSTOP_HOLD,1,0,0,820.4,1803.0,46.45,1756.55,1803.0,46.45,1756.55,0,0,0,15:15,15:15,77000,TIME
SENSEX,2026-07-15,Wed,2026-07-16,1,1,ONE_AND_DONE,1,0,0,600.55,2324.0,37.98,2286.02,2324.0,37.98,2286.02,0,0,0,15:14,15:14,77200,TIME
SENSEX,2026-07-15,Wed,2026-07-16,1,1,RECENTER_1,1,0,0,600.55,2324.0,37.98,2286.02,2324.0,37.98,2286.02,0,0,0,15:14,15:14,77200,TIME
SENSEX,2026-07-15,Wed,2026-07-16,1,1,RECENTER_2,1,0,0,600.55,2324.0,37.98,2286.02,2324.0,37.98,2286.02,0,0,0,15:14,15:14,77200,TIME
SENSEX,2026-07-15,Wed,2026-07-16,1,1,RECENTER_3,1,0,0,600.55,2324.0,37.98,2286.02,2324.0,37.98,2286.02,0,0,0,15:14,15:14,77200,TIME
SENSEX,2026-07-15,Wed,2026-07-16,1,1,RECENTER_5,1,0,0,600.55,2324.0,37.98,2286.02,2324.0,37.98,2286.02,0,0,0,15:14,15:14,77200,TIME
SENSEX,2026-07-15,Wed,2026-07-16,1,1,RECENTER_2_CD15,1,0,0,600.55,2324.0,37.98,2286.02,2324.0,37.98,2286.02,0,0,0,15:14,15:14,77200,TIME
SENSEX,2026-07-15,Wed,2026-07-16,1,1,RECENTER_3_CD15,1,0,0,600.55,2324.0,37.98,2286.02,2324.0,37.98,2286.02,0,0,0,15:14,15:14,77200,TIME
SENSEX,2026-07-15,Wed,2026-07-16,1,1,RECENTER_5_CD15,1,0,0,600.55,2324.0,37.98,2286.02,2324.0,37.98,2286.02,0,0,0,15:14,15:14,77200,TIME
SENSEX,2026-07-15,Wed,2026-07-16,1,1,RECENTER_5_NOGUARD,1,0,0,600.55,2324.0,37.98,2286.02,2324.0,37.98,2286.02,0,0,0,15:14,15:14,77200,TIME
SENSEX,2026-07-15,Wed,2026-07-16,1,1,MOVESTOP_ONE,1,0,1,600.55,-1742.0,294.62,-2036.62,-1742.0,294.62,-2036.62,0,0,0,09:25,09:25,77200,SL
SENSEX,2026-07-15,Wed,2026-07-16,1,1,MOVESTOP_RECENTER,3,2,1,600.55,-210.0,626.25,-836.25,-1742.0,294.62,-2036.62,1532.0,331.63,1200.37,09:25,15:14,77200|77500|77200,SL|SL|TIME
SENSEX,2026-07-15,Wed,2026-07-16,1,1,MOVESTOP_RC1,2,1,1,600.55,-1904.0,589.16,-2493.16,-1742.0,294.62,-2036.62,-162.0,294.54,-456.54,09:25,12:56,77200|77500,SL|SL
SENSEX,2026-07-15,Wed,2026-07-16,1,1,MOVESTOP_RC_CD15,3,2,1,600.55,-1142.0,626.59,-1768.59,-1742.0,294.62,-2036.62,600.0,331.97,268.03,09:25,15:14,77200|77600|77200,SL|SL|TIME
SENSEX,2026-07-15,Wed,2026-07-16,1,1,NOSTOP_HOLD,1,0,0,600.55,2324.0,37.98,2286.02,2324.0,37.98,2286.02,0,0,0,15:14,15:14,77200,TIME
SENSEX,2026-07-16,Thu,2026-07-16,0,0,ONE_AND_DONE,1,0,0,364.9,5733.0,27.63,5705.37,5733.0,27.63,5705.37,0,0,0,15:15,15:15,77300,TIME
SENSEX,2026-07-16,Thu,2026-07-16,0,0,RECENTER_1,1,0,0,364.9,5733.0,27.63,5705.37,5733.0,27.63,5705.37,0,0,0,15:15,15:15,77300,TIME
SENSEX,2026-07-16,Thu,2026-07-16,0,0,RECENTER_2,1,0,0,364.9,5733.0,27.63,5705.37,5733.0,27.63,5705.37,0,0,0,15:15,15:15,77300,TIME
SENSEX,2026-07-16,Thu,2026-07-16,0,0,RECENTER_3,1,0,0,364.9,5733.0,27.63,5705.37,5733.0,27.63,5705.37,0,0,0,15:15,15:15,77300,TIME
SENSEX,2026-07-16,Thu,2026-07-16,0,0,RECENTER_5,1,0,0,364.9,5733.0,27.63,5705.37,5733.0,27.63,5705.37,0,0,0,15:15,15:15,77300,TIME
SENSEX,2026-07-16,Thu,2026-07-16,0,0,RECENTER_2_CD15,1,0,0,364.9,5733.0,27.63,5705.37,5733.0,27.63,5705.37,0,0,0,15:15,15:15,77300,TIME
SENSEX,2026-07-16,Thu,2026-07-16,0,0,RECENTER_3_CD15,1,0,0,364.9,5733.0,27.63,5705.37,5733.0,27.63,5705.37,0,0,0,15:15,15:15,77300,TIME
SENSEX,2026-07-16,Thu,2026-07-16,0,0,RECENTER_5_CD15,1,0,0,364.9,5733.0,27.63,5705.37,5733.0,27.63,5705.37,0,0,0,15:15,15:15,77300,TIME
SENSEX,2026-07-16,Thu,2026-07-16,0,0,RECENTER_5_NOGUARD,1,0,0,364.9,5733.0,27.63,5705.37,5733.0,27.63,5705.37,0,0,0,15:15,15:15,77300,TIME
SENSEX,2026-07-16,Thu,2026-07-16,0,0,MOVESTOP_ONE,1,0,0,364.9,5733.0,27.63,5705.37,5733.0,27.63,5705.37,0,0,0,15:15,15:15,77300,TIME
SENSEX,2026-07-16,Thu,2026-07-16,0,0,MOVESTOP_RECENTER,1,0,0,364.9,5733.0,27.63,5705.37,5733.0,27.63,5705.37,0,0,0,15:15,15:15,77300,TIME
SENSEX,2026-07-16,Thu,2026-07-16,0,0,MOVESTOP_RC1,1,0,0,364.9,5733.0,27.63,5705.37,5733.0,27.63,5705.37,0,0,0,15:15,15:15,77300,TIME
SENSEX,2026-07-16,Thu,2026-07-16,0,0,MOVESTOP_RC_CD15,1,0,0,364.9,5733.0,27.63,5705.37,5733.0,27.63,5705.37,0,0,0,15:15,15:15,77300,TIME
SENSEX,2026-07-16,Thu,2026-07-16,0,0,NOSTOP_HOLD,1,0,0,364.9,5733.0,27.63,5705.37,5733.0,27.63,5705.37,0,0,0,15:15,15:15,77300,TIME
SENSEX,2026-07-17,Fri,2026-07-23,4,6,ONE_AND_DONE,1,0,1,1116.05,-3370.0,314.64,-3684.64,-3370.0,314.64,-3684.64,0,0,0,14:16,14:16,77500,SL
SENSEX,2026-07-17,Fri,2026-07-23,4,6,RECENTER_1,2,1,1,1116.05,-2761.0,373.13,-3134.13,-3370.0,314.64,-3684.64,609.0,58.49,550.51,14:16,15:14,77500|78100,SL|TIME
SENSEX,2026-07-17,Fri,2026-07-23,4,6,RECENTER_2,2,1,1,1116.05,-2761.0,373.13,-3134.13,-3370.0,314.64,-3684.64,609.0,58.49,550.51,14:16,15:14,77500|78100,SL|TIME
SENSEX,2026-07-17,Fri,2026-07-23,4,6,RECENTER_3,2,1,1,1116.05,-2761.0,373.13,-3134.13,-3370.0,314.64,-3684.64,609.0,58.49,550.51,14:16,15:14,77500|78100,SL|TIME
SENSEX,2026-07-17,Fri,2026-07-23,4,6,RECENTER_5,2,1,1,1116.05,-2761.0,373.13,-3134.13,-3370.0,314.64,-3684.64,609.0,58.49,550.51,14:16,15:14,77500|78100,SL|TIME
SENSEX,2026-07-17,Fri,2026-07-23,4,6,RECENTER_2_CD15,2,1,1,1116.05,-2761.0,373.13,-3134.13,-3370.0,314.64,-3684.64,609.0,58.49,550.51,14:16,15:14,77500|78100,SL|TIME
SENSEX,2026-07-17,Fri,2026-07-23,4,6,RECENTER_3_CD15,2,1,1,1116.05,-2761.0,373.13,-3134.13,-3370.0,314.64,-3684.64,609.0,58.49,550.51,14:16,15:14,77500|78100,SL|TIME
SENSEX,2026-07-17,Fri,2026-07-23,4,6,RECENTER_5_CD15,2,1,1,1116.05,-2761.0,373.13,-3134.13,-3370.0,314.64,-3684.64,609.0,58.49,550.51,14:16,15:14,77500|78100,SL|TIME
SENSEX,2026-07-17,Fri,2026-07-23,4,6,RECENTER_5_NOGUARD,2,1,1,1116.05,-2761.0,373.13,-3134.13,-3370.0,314.64,-3684.64,609.0,58.49,550.51,14:16,15:14,77500|78100,SL|TIME
SENSEX,2026-07-17,Fri,2026-07-23,4,6,MOVESTOP_ONE,1,0,1,1116.05,-719.0,313.44,-1032.44,-719.0,313.44,-1032.44,0,0,0,10:16,10:16,77500,SL
SENSEX,2026-07-17,Fri,2026-07-23,4,6,MOVESTOP_RECENTER,3,2,1,1116.05,-1595.0,685.61,-2280.61,-719.0,313.44,-1032.44,-876.0,372.17,-1248.17,10:16,15:14,77500|77800|78100,SL|SL|TIME
SENSEX,2026-07-17,Fri,2026-07-23,4,6,MOVESTOP_RC1,2,1,1,1116.05,-2204.0,627.12,-2831.12,-719.0,313.44,-1032.44,-1485.0,313.68,-1798.68,10:16,14:16,77500|77800,SL|SL
SENSEX,2026-07-17,Fri,2026-07-23,4,6,MOVESTOP_RC_CD15,3,2,1,1116.05,-1595.0,685.61,-2280.61,-719.0,313.44,-1032.44,-876.0,372.17,-1248.17,10:16,15:14,77500|77800|78100,SL|SL|TIME
SENSEX,2026-07-17,Fri,2026-07-23,4,6,NOSTOP_HOLD,1,0,0,1116.05,-2372.0,59.39,-2431.39,-2372.0,59.39,-2431.39,0,0,0,15:14,15:14,77500,TIME
SENSEX,2026-07-20,Mon,2026-07-23,3,3,ONE_AND_DONE,1,0,0,960.65,2195.0,51.52,2143.48,2195.0,51.52,2143.48,0,0,0,15:14,15:14,77600,TIME
SENSEX,2026-07-20,Mon,2026-07-23,3,3,RECENTER_1,1,0,0,960.65,2195.0,51.52,2143.48,2195.0,51.52,2143.48,0,0,0,15:14,15:14,77600,TIME
SENSEX,2026-07-20,Mon,2026-07-23,3,3,RECENTER_2,1,0,0,960.65,2195.0,51.52,2143.48,2195.0,51.52,2143.48,0,0,0,15:14,15:14,77600,TIME
SENSEX,2026-07-20,Mon,2026-07-23,3,3,RECENTER_3,1,0,0,960.65,2195.0,51.52,2143.48,2195.0,51.52,2143.48,0,0,0,15:14,15:14,77600,TIME
SENSEX,2026-07-20,Mon,2026-07-23,3,3,RECENTER_5,1,0,0,960.65,2195.0,51.52,2143.48,2195.0,51.52,2143.48,0,0,0,15:14,15:14,77600,TIME
SENSEX,2026-07-20,Mon,2026-07-23,3,3,RECENTER_2_CD15,1,0,0,960.65,2195.0,51.52,2143.48,2195.0,51.52,2143.48,0,0,0,15:14,15:14,77600,TIME
SENSEX,2026-07-20,Mon,2026-07-23,3,3,RECENTER_3_CD15,1,0,0,960.65,2195.0,51.52,2143.48,2195.0,51.52,2143.48,0,0,0,15:14,15:14,77600,TIME
SENSEX,2026-07-20,Mon,2026-07-23,3,3,RECENTER_5_CD15,1,0,0,960.65,2195.0,51.52,2143.48,2195.0,51.52,2143.48,0,0,0,15:14,15:14,77600,TIME
SENSEX,2026-07-20,Mon,2026-07-23,3,3,RECENTER_5_NOGUARD,1,0,0,960.65,2195.0,51.52,2143.48,2195.0,51.52,2143.48,0,0,0,15:14,15:14,77600,TIME
SENSEX,2026-07-20,Mon,2026-07-23,3,3,MOVESTOP_ONE,1,0,0,960.65,2195.0,51.52,2143.48,2195.0,51.52,2143.48,0,0,0,15:14,15:14,77600,TIME
SENSEX,2026-07-20,Mon,2026-07-23,3,3,MOVESTOP_RECENTER,1,0,0,960.65,2195.0,51.52,2143.48,2195.0,51.52,2143.48,0,0,0,15:14,15:14,77600,TIME
SENSEX,2026-07-20,Mon,2026-07-23,3,3,MOVESTOP_RC1,1,0,0,960.65,2195.0,51.52,2143.48,2195.0,51.52,2143.48,0,0,0,15:14,15:14,77600,TIME
SENSEX,2026-07-20,Mon,2026-07-23,3,3,MOVESTOP_RC_CD15,1,0,0,960.65,2195.0,51.52,2143.48,2195.0,51.52,2143.48,0,0,0,15:14,15:14,77600,TIME
SENSEX,2026-07-20,Mon,2026-07-23,3,3,NOSTOP_HOLD,1,0,0,960.65,2195.0,51.52,2143.48,2195.0,51.52,2143.48,0,0,0,15:14,15:14,77600,TIME
SENSEX,2026-07-21,Tue,2026-07-23,2,2,ONE_AND_DONE,1,0,0,759.35,1505.0,44.29,1460.71,1505.0,44.29,1460.71,0,0,0,15:15,15:15,77700,TIME
SENSEX,2026-07-21,Tue,2026-07-23,2,2,RECENTER_1,1,0,0,759.35,1505.0,44.29,1460.71,1505.0,44.29,1460.71,0,0,0,15:15,15:15,77700,TIME
SENSEX,2026-07-21,Tue,2026-07-23,2,2,RECENTER_2,1,0,0,759.35,1505.0,44.29,1460.71,1505.0,44.29,1460.71,0,0,0,15:15,15:15,77700,TIME
SENSEX,2026-07-21,Tue,2026-07-23,2,2,RECENTER_3,1,0,0,759.35,1505.0,44.29,1460.71,1505.0,44.29,1460.71,0,0,0,15:15,15:15,77700,TIME
SENSEX,2026-07-21,Tue,2026-07-23,2,2,RECENTER_5,1,0,0,759.35,1505.0,44.29,1460.71,1505.0,44.29,1460.71,0,0,0,15:15,15:15,77700,TIME
SENSEX,2026-07-21,Tue,2026-07-23,2,2,RECENTER_2_CD15,1,0,0,759.35,1505.0,44.29,1460.71,1505.0,44.29,1460.71,0,0,0,15:15,15:15,77700,TIME
SENSEX,2026-07-21,Tue,2026-07-23,2,2,RECENTER_3_CD15,1,0,0,759.35,1505.0,44.29,1460.71,1505.0,44.29,1460.71,0,0,0,15:15,15:15,77700,TIME
SENSEX,2026-07-21,Tue,2026-07-23,2,2,RECENTER_5_CD15,1,0,0,759.35,1505.0,44.29,1460.71,1505.0,44.29,1460.71,0,0,0,15:15,15:15,77700,TIME
SENSEX,2026-07-21,Tue,2026-07-23,2,2,RECENTER_5_NOGUARD,1,0,0,759.35,1505.0,44.29,1460.71,1505.0,44.29,1460.71,0,0,0,15:15,15:15,77700,TIME
SENSEX,2026-07-21,Tue,2026-07-23,2,2,MOVESTOP_ONE,1,0,1,759.35,87.0,299.73,-212.73,87.0,299.73,-212.73,0,0,0,13:05,13:05,77700,SL
SENSEX,2026-07-21,Tue,2026-07-23,2,2,MOVESTOP_RECENTER,2,1,1,759.35,543.0,342.25,200.75,87.0,299.73,-212.73,456.0,42.51,413.49,13:05,15:15,77700|77300,SL|TIME
SENSEX,2026-07-21,Tue,2026-07-23,2,2,MOVESTOP_RC1,2,1,1,759.35,543.0,342.25,200.75,87.0,299.73,-212.73,456.0,42.51,413.49,13:05,15:15,77700|77300,SL|TIME
SENSEX,2026-07-21,Tue,2026-07-23,2,2,MOVESTOP_RC_CD15,2,1,1,759.35,543.0,342.25,200.75,87.0,299.73,-212.73,456.0,42.51,413.49,13:05,15:15,77700|77300,SL|TIME
SENSEX,2026-07-21,Tue,2026-07-23,2,2,NOSTOP_HOLD,1,0,0,759.35,1505.0,44.29,1460.71,1505.0,44.29,1460.71,0,0,0,15:15,15:15,77700,TIME
SENSEX,2026-07-22,Wed,2026-07-23,1,1,ONE_AND_DONE,1,0,0,614.4,309.0,39.41,269.59,309.0,39.41,269.59,0,0,0,15:15,15:15,77100,TIME
SENSEX,2026-07-22,Wed,2026-07-23,1,1,RECENTER_1,1,0,0,614.4,309.0,39.41,269.59,309.0,39.41,269.59,0,0,0,15:15,15:15,77100,TIME
SENSEX,2026-07-22,Wed,2026-07-23,1,1,RECENTER_2,1,0,0,614.4,309.0,39.41,269.59,309.0,39.41,269.59,0,0,0,15:15,15:15,77100,TIME
SENSEX,2026-07-22,Wed,2026-07-23,1,1,RECENTER_3,1,0,0,614.4,309.0,39.41,269.59,309.0,39.41,269.59,0,0,0,15:15,15:15,77100,TIME
SENSEX,2026-07-22,Wed,2026-07-23,1,1,RECENTER_5,1,0,0,614.4,309.0,39.41,269.59,309.0,39.41,269.59,0,0,0,15:15,15:15,77100,TIME
SENSEX,2026-07-22,Wed,2026-07-23,1,1,RECENTER_2_CD15,1,0,0,614.4,309.0,39.41,269.59,309.0,39.41,269.59,0,0,0,15:15,15:15,77100,TIME
SENSEX,2026-07-22,Wed,2026-07-23,1,1,RECENTER_3_CD15,1,0,0,614.4,309.0,39.41,269.59,309.0,39.41,269.59,0,0,0,15:15,15:15,77100,TIME
SENSEX,2026-07-22,Wed,2026-07-23,1,1,RECENTER_5_CD15,1,0,0,614.4,309.0,39.41,269.59,309.0,39.41,269.59,0,0,0,15:15,15:15,77100,TIME
SENSEX,2026-07-22,Wed,2026-07-23,1,1,RECENTER_5_NOGUARD,1,0,0,614.4,309.0,39.41,269.59,309.0,39.41,269.59,0,0,0,15:15,15:15,77100,TIME
SENSEX,2026-07-22,Wed,2026-07-23,1,1,MOVESTOP_ONE,1,0,1,614.4,-752.0,294.69,-1046.69,-752.0,294.69,-1046.69,0,0,0,10:26,10:26,77100,SL
SENSEX,2026-07-22,Wed,2026-07-23,1,1,MOVESTOP_RECENTER,2,1,1,614.4,895.0,332.31,562.69,-752.0,294.69,-1046.69,1647.0,37.62,1609.38,10:26,15:15,77100|76800,SL|TIME
SENSEX,2026-07-22,Wed,2026-07-23,1,1,MOVESTOP_RC1,2,1,1,614.4,895.0,332.31,562.69,-752.0,294.69,-1046.69,1647.0,37.62,1609.38,10:26,15:15,77100|76800,SL|TIME
SENSEX,2026-07-22,Wed,2026-07-23,1,1,MOVESTOP_RC_CD15,2,1,1,614.4,895.0,332.31,562.69,-752.0,294.69,-1046.69,1647.0,37.62,1609.38,10:26,15:15,77100|76800,SL|TIME
SENSEX,2026-07-22,Wed,2026-07-23,1,1,NOSTOP_HOLD,1,0,0,614.4,309.0,39.41,269.59,309.0,39.41,269.59,0,0,0,15:15,15:15,77100,TIME
SENSEX,2026-07-23,Thu,2026-07-23,0,0,ONE_AND_DONE,1,0,0,340.6,5575.0,26.79,5548.21,5575.0,26.79,5548.21,0,0,0,15:14,15:14,76400,TIME
SENSEX,2026-07-23,Thu,2026-07-23,0,0,RECENTER_1,1,0,0,340.6,5575.0,26.79,5548.21,5575.0,26.79,5548.21,0,0,0,15:14,15:14,76400,TIME
SENSEX,2026-07-23,Thu,2026-07-23,0,0,RECENTER_2,1,0,0,340.6,5575.0,26.79,5548.21,5575.0,26.79,5548.21,0,0,0,15:14,15:14,76400,TIME
SENSEX,2026-07-23,Thu,2026-07-23,0,0,RECENTER_3,1,0,0,340.6,5575.0,26.79,5548.21,5575.0,26.79,5548.21,0,0,0,15:14,15:14,76400,TIME
SENSEX,2026-07-23,Thu,2026-07-23,0,0,RECENTER_5,1,0,0,340.6,5575.0,26.79,5548.21,5575.0,26.79,5548.21,0,0,0,15:14,15:14,76400,TIME
SENSEX,2026-07-23,Thu,2026-07-23,0,0,RECENTER_2_CD15,1,0,0,340.6,5575.0,26.79,5548.21,5575.0,26.79,5548.21,0,0,0,15:14,15:14,76400,TIME
SENSEX,2026-07-23,Thu,2026-07-23,0,0,RECENTER_3_CD15,1,0,0,340.6,5575.0,26.79,5548.21,5575.0,26.79,5548.21,0,0,0,15:14,15:14,76400,TIME
SENSEX,2026-07-23,Thu,2026-07-23,0,0,RECENTER_5_CD15,1,0,0,340.6,5575.0,26.79,5548.21,5575.0,26.79,5548.21,0,0,0,15:14,15:14,76400,TIME
SENSEX,2026-07-23,Thu,2026-07-23,0,0,RECENTER_5_NOGUARD,1,0,0,340.6,5575.0,26.79,5548.21,5575.0,26.79,5548.21,0,0,0,15:14,15:14,76400,TIME
SENSEX,2026-07-23,Thu,2026-07-23,0,0,MOVESTOP_ONE,1,0,1,340.6,-344.0,284.26,-628.26,-344.0,284.26,-628.26,0,0,0,11:01,11:01,76400,SL
SENSEX,2026-07-23,Thu,2026-07-23,0,0,MOVESTOP_RECENTER,3,2,1,340.6,600.0,589.38,10.62,-344.0,284.26,-628.26,944.0,305.12,638.88,11:01,15:14,76400|76700|76400,SL|SL|TIME
SENSEX,2026-07-23,Thu,2026-07-23,0,0,MOVESTOP_RC1,2,1,1,340.6,-2276.0,566.42,-2842.42,-344.0,284.26,-628.26,-1932.0,282.16,-2214.16,11:01,12:41,76400|76700,SL|SL
SENSEX,2026-07-23,Thu,2026-07-23,0,0,MOVESTOP_RC_CD15,3,2,1,340.6,600.0,589.38,10.62,-344.0,284.26,-628.26,944.0,305.12,638.88,11:01,15:14,76400|76700|76400,SL|SL|TIME
SENSEX,2026-07-23,Thu,2026-07-23,0,0,NOSTOP_HOLD,1,0,0,340.6,5575.0,26.79,5548.21,5575.0,26.79,5548.21,0,0,0,15:14,15:14,76400,TIME
SENSEX,2026-07-24,Fri,2026-07-30,4,6,ONE_AND_DONE,1,0,0,1179.95,589.0,60.45,528.55,589.0,60.45,528.55,0,0,0,15:15,15:15,75800,TIME
SENSEX,2026-07-24,Fri,2026-07-30,4,6,RECENTER_1,1,0,0,1179.95,589.0,60.45,528.55,589.0,60.45,528.55,0,0,0,15:15,15:15,75800,TIME
SENSEX,2026-07-24,Fri,2026-07-30,4,6,RECENTER_2,1,0,0,1179.95,589.0,60.45,528.55,589.0,60.45,528.55,0,0,0,15:15,15:15,75800,TIME
SENSEX,2026-07-24,Fri,2026-07-30,4,6,RECENTER_3,1,0,0,1179.95,589.0,60.45,528.55,589.0,60.45,528.55,0,0,0,15:15,15:15,75800,TIME
SENSEX,2026-07-24,Fri,2026-07-30,4,6,RECENTER_5,1,0,0,1179.95,589.0,60.45,528.55,589.0,60.45,528.55,0,0,0,15:15,15:15,75800,TIME
SENSEX,2026-07-24,Fri,2026-07-30,4,6,RECENTER_2_CD15,1,0,0,1179.95,589.0,60.45,528.55,589.0,60.45,528.55,0,0,0,15:15,15:15,75800,TIME
SENSEX,2026-07-24,Fri,2026-07-30,4,6,RECENTER_3_CD15,1,0,0,1179.95,589.0,60.45,528.55,589.0,60.45,528.55,0,0,0,15:15,15:15,75800,TIME
SENSEX,2026-07-24,Fri,2026-07-30,4,6,RECENTER_5_CD15,1,0,0,1179.95,589.0,60.45,528.55,589.0,60.45,528.55,0,0,0,15:15,15:15,75800,TIME
SENSEX,2026-07-24,Fri,2026-07-30,4,6,RECENTER_5_NOGUARD,1,0,0,1179.95,589.0,60.45,528.55,589.0,60.45,528.55,0,0,0,15:15,15:15,75800,TIME
SENSEX,2026-07-24,Fri,2026-07-30,4,6,MOVESTOP_ONE,1,0,1,1179.95,-524.0,315.75,-839.75,-524.0,315.75,-839.75,0,0,0,12:29,12:29,75800,SL
SENSEX,2026-07-24,Fri,2026-07-30,4,6,MOVESTOP_RECENTER,2,1,1,1179.95,966.0,373.72,592.28,-524.0,315.75,-839.75,1490.0,57.98,1432.02,12:29,15:15,75800|76300,SL|TIME
SENSEX,2026-07-24,Fri,2026-07-30,4,6,MOVESTOP_RC1,2,1,1,1179.95,966.0,373.72,592.28,-524.0,315.75,-839.75,1490.0,57.98,1432.02,12:29,15:15,75800|76300,SL|TIME
SENSEX,2026-07-24,Fri,2026-07-30,4,6,MOVESTOP_RC_CD15,2,1,1,1179.95,966.0,373.72,592.28,-524.0,315.75,-839.75,1490.0,57.98,1432.02,12:29,15:15,75800|76300,SL|TIME
SENSEX,2026-07-24,Fri,2026-07-30,4,6,NOSTOP_HOLD,1,0,0,1179.95,589.0,60.45,528.55,589.0,60.45,528.55,0,0,0,15:15,15:15,75800,TIME
SENSEX,2026-07-27,Mon,2026-07-30,3,3,ONE_AND_DONE,1,0,0,898.45,2181.0,49.2,2131.8,2181.0,49.2,2131.8,0,0,0,15:15,15:15,76700,TIME
SENSEX,2026-07-27,Mon,2026-07-30,3,3,RECENTER_1,1,0,0,898.45,2181.0,49.2,2131.8,2181.0,49.2,2131.8,0,0,0,15:15,15:15,76700,TIME
SENSEX,2026-07-27,Mon,2026-07-30,3,3,RECENTER_2,1,0,0,898.45,2181.0,49.2,2131.8,2181.0,49.2,2131.8,0,0,0,15:15,15:15,76700,TIME
SENSEX,2026-07-27,Mon,2026-07-30,3,3,RECENTER_3,1,0,0,898.45,2181.0,49.2,2131.8,2181.0,49.2,2131.8,0,0,0,15:15,15:15,76700,TIME
SENSEX,2026-07-27,Mon,2026-07-30,3,3,RECENTER_5,1,0,0,898.45,2181.0,49.2,2131.8,2181.0,49.2,2131.8,0,0,0,15:15,15:15,76700,TIME
SENSEX,2026-07-27,Mon,2026-07-30,3,3,RECENTER_2_CD15,1,0,0,898.45,2181.0,49.2,2131.8,2181.0,49.2,2131.8,0,0,0,15:15,15:15,76700,TIME
SENSEX,2026-07-27,Mon,2026-07-30,3,3,RECENTER_3_CD15,1,0,0,898.45,2181.0,49.2,2131.8,2181.0,49.2,2131.8,0,0,0,15:15,15:15,76700,TIME
SENSEX,2026-07-27,Mon,2026-07-30,3,3,RECENTER_5_CD15,1,0,0,898.45,2181.0,49.2,2131.8,2181.0,49.2,2131.8,0,0,0,15:15,15:15,76700,TIME
SENSEX,2026-07-27,Mon,2026-07-30,3,3,RECENTER_5_NOGUARD,1,0,0,898.45,2181.0,49.2,2131.8,2181.0,49.2,2131.8,0,0,0,15:15,15:15,76700,TIME
SENSEX,2026-07-27,Mon,2026-07-30,3,3,MOVESTOP_ONE,1,0,0,898.45,2181.0,49.2,2131.8,2181.0,49.2,2131.8,0,0,0,15:15,15:15,76700,TIME
SENSEX,2026-07-27,Mon,2026-07-30,3,3,MOVESTOP_RECENTER,1,0,0,898.45,2181.0,49.2,2131.8,2181.0,49.2,2131.8,0,0,0,15:15,15:15,76700,TIME
SENSEX,2026-07-27,Mon,2026-07-30,3,3,MOVESTOP_RC1,1,0,0,898.45,2181.0,49.2,2131.8,2181.0,49.2,2131.8,0,0,0,15:15,15:15,76700,TIME
SENSEX,2026-07-27,Mon,2026-07-30,3,3,MOVESTOP_RC_CD15,1,0,0,898.45,2181.0,49.2,2131.8,2181.0,49.2,2131.8,0,0,0,15:15,15:15,76700,TIME
SENSEX,2026-07-27,Mon,2026-07-30,3,3,NOSTOP_HOLD,1,0,0,898.45,2181.0,49.2,2131.8,2181.0,49.2,2131.8,0,0,0,15:15,15:15,76700,TIME
SENSEX,2026-07-28,Tue,2026-07-30,2,2,ONE_AND_DONE,1,0,0,664.75,1017.0,40.98,976.02,1017.0,40.98,976.02,0,0,0,15:15,15:15,76900,TIME
SENSEX,2026-07-28,Tue,2026-07-30,2,2,RECENTER_1,1,0,0,664.75,1017.0,40.98,976.02,1017.0,40.98,976.02,0,0,0,15:15,15:15,76900,TIME
SENSEX,2026-07-28,Tue,2026-07-30,2,2,RECENTER_2,1,0,0,664.75,1017.0,40.98,976.02,1017.0,40.98,976.02,0,0,0,15:15,15:15,76900,TIME
SENSEX,2026-07-28,Tue,2026-07-30,2,2,RECENTER_3,1,0,0,664.75,1017.0,40.98,976.02,1017.0,40.98,976.02,0,0,0,15:15,15:15,76900,TIME
SENSEX,2026-07-28,Tue,2026-07-30,2,2,RECENTER_5,1,0,0,664.75,1017.0,40.98,976.02,1017.0,40.98,976.02,0,0,0,15:15,15:15,76900,TIME
SENSEX,2026-07-28,Tue,2026-07-30,2,2,RECENTER_2_CD15,1,0,0,664.75,1017.0,40.98,976.02,1017.0,40.98,976.02,0,0,0,15:15,15:15,76900,TIME
SENSEX,2026-07-28,Tue,2026-07-30,2,2,RECENTER_3_CD15,1,0,0,664.75,1017.0,40.98,976.02,1017.0,40.98,976.02,0,0,0,15:15,15:15,76900,TIME
SENSEX,2026-07-28,Tue,2026-07-30,2,2,RECENTER_5_CD15,1,0,0,664.75,1017.0,40.98,976.02,1017.0,40.98,976.02,0,0,0,15:15,15:15,76900,TIME
SENSEX,2026-07-28,Tue,2026-07-30,2,2,RECENTER_5_NOGUARD,1,0,0,664.75,1017.0,40.98,976.02,1017.0,40.98,976.02,0,0,0,15:15,15:15,76900,TIME
SENSEX,2026-07-28,Tue,2026-07-30,2,2,MOVESTOP_ONE,1,0,0,664.75,1017.0,40.98,976.02,1017.0,40.98,976.02,0,0,0,15:15,15:15,76900,TIME
SENSEX,2026-07-28,Tue,2026-07-30,2,2,MOVESTOP_RECENTER,1,0,0,664.75,1017.0,40.98,976.02,1017.0,40.98,976.02,0,0,0,15:15,15:15,76900,TIME
SENSEX,2026-07-28,Tue,2026-07-30,2,2,MOVESTOP_RC1,1,0,0,664.75,1017.0,40.98,976.02,1017.0,40.98,976.02,0,0,0,15:15,15:15,76900,TIME
SENSEX,2026-07-28,Tue,2026-07-30,2,2,MOVESTOP_RC_CD15,1,0,0,664.75,1017.0,40.98,976.02,1017.0,40.98,976.02,0,0,0,15:15,15:15,76900,TIME
SENSEX,2026-07-28,Tue,2026-07-30,2,2,NOSTOP_HOLD,1,0,0,664.75,1017.0,40.98,976.02,1017.0,40.98,976.02,0,0,0,15:15,15:15,76900,TIME
SENSEX,2026-07-29,Wed,2026-07-30,1,1,ONE_AND_DONE,1,0,0,503.8,489.0,35.19,453.81,489.0,35.19,453.81,0,0,0,15:14,15:14,77500,TIME
SENSEX,2026-07-29,Wed,2026-07-30,1,1,RECENTER_1,1,0,0,503.8,489.0,35.19,453.81,489.0,35.19,453.81,0,0,0,15:14,15:14,77500,TIME
SENSEX,2026-07-29,Wed,2026-07-30,1,1,RECENTER_2,1,0,0,503.8,489.0,35.19,453.81,489.0,35.19,453.81,0,0,0,15:14,15:14,77500,TIME
SENSEX,2026-07-29,Wed,2026-07-30,1,1,RECENTER_3,1,0,0,503.8,489.0,35.19,453.81,489.0,35.19,453.81,0,0,0,15:14,15:14,77500,TIME
SENSEX,2026-07-29,Wed,2026-07-30,1,1,RECENTER_5,1,0,0,503.8,489.0,35.19,453.81,489.0,35.19,453.81,0,0,0,15:14,15:14,77500,TIME
SENSEX,2026-07-29,Wed,2026-07-30,1,1,RECENTER_2_CD15,1,0,0,503.8,489.0,35.19,453.81,489.0,35.19,453.81,0,0,0,15:14,15:14,77500,TIME
SENSEX,2026-07-29,Wed,2026-07-30,1,1,RECENTER_3_CD15,1,0,0,503.8,489.0,35.19,453.81,489.0,35.19,453.81,0,0,0,15:14,15:14,77500,TIME
SENSEX,2026-07-29,Wed,2026-07-30,1,1,RECENTER_5_CD15,1,0,0,503.8,489.0,35.19,453.81,489.0,35.19,453.81,0,0,0,15:14,15:14,77500,TIME
SENSEX,2026-07-29,Wed,2026-07-30,1,1,RECENTER_5_NOGUARD,1,0,0,503.8,489.0,35.19,453.81,489.0,35.19,453.81,0,0,0,15:14,15:14,77500,TIME
SENSEX,2026-07-29,Wed,2026-07-30,1,1,MOVESTOP_ONE,1,0,0,503.8,489.0,35.19,453.81,489.0,35.19,453.81,0,0,0,15:14,15:14,77500,TIME
SENSEX,2026-07-29,Wed,2026-07-30,1,1,MOVESTOP_RECENTER,1,0,0,503.8,489.0,35.19,453.81,489.0,35.19,453.81,0,0,0,15:14,15:14,77500,TIME
SENSEX,2026-07-29,Wed,2026-07-30,1,1,MOVESTOP_RC1,1,0,0,503.8,489.0,35.19,453.81,489.0,35.19,453.81,0,0,0,15:14,15:14,77500,TIME
SENSEX,2026-07-29,Wed,2026-07-30,1,1,MOVESTOP_RC_CD15,1,0,0,503.8,489.0,35.19,453.81,489.0,35.19,453.81,0,0,0,15:14,15:14,77500,TIME
SENSEX,2026-07-29,Wed,2026-07-30,1,1,NOSTOP_HOLD,1,0,0,503.8,489.0,35.19,453.81,489.0,35.19,453.81,0,0,0,15:14,15:14,77500,TIME
SENSEX,2026-07-30,Thu,2026-07-30,0,0,ONE_AND_DONE,1,0,0,302.9,-750.0,28.23,-778.23,-750.0,28.23,-778.23,0,0,0,15:15,15:15,77500,TIME
SENSEX,2026-07-30,Thu,2026-07-30,0,0,RECENTER_1,1,0,0,302.9,-750.0,28.23,-778.23,-750.0,28.23,-778.23,0,0,0,15:15,15:15,77500,TIME
SENSEX,2026-07-30,Thu,2026-07-30,0,0,RECENTER_2,1,0,0,302.9,-750.0,28.23,-778.23,-750.0,28.23,-778.23,0,0,0,15:15,15:15,77500,TIME
SENSEX,2026-07-30,Thu,2026-07-30,0,0,RECENTER_3,1,0,0,302.9,-750.0,28.23,-778.23,-750.0,28.23,-778.23,0,0,0,15:15,15:15,77500,TIME
SENSEX,2026-07-30,Thu,2026-07-30,0,0,RECENTER_5,1,0,0,302.9,-750.0,28.23,-778.23,-750.0,28.23,-778.23,0,0,0,15:15,15:15,77500,TIME
SENSEX,2026-07-30,Thu,2026-07-30,0,0,RECENTER_2_CD15,1,0,0,302.9,-750.0,28.23,-778.23,-750.0,28.23,-778.23,0,0,0,15:15,15:15,77500,TIME
SENSEX,2026-07-30,Thu,2026-07-30,0,0,RECENTER_3_CD15,1,0,0,302.9,-750.0,28.23,-778.23,-750.0,28.23,-778.23,0,0,0,15:15,15:15,77500,TIME
SENSEX,2026-07-30,Thu,2026-07-30,0,0,RECENTER_5_CD15,1,0,0,302.9,-750.0,28.23,-778.23,-750.0,28.23,-778.23,0,0,0,15:15,15:15,77500,TIME
SENSEX,2026-07-30,Thu,2026-07-30,0,0,RECENTER_5_NOGUARD,1,0,0,302.9,-750.0,28.23,-778.23,-750.0,28.23,-778.23,0,0,0,15:15,15:15,77500,TIME
SENSEX,2026-07-30,Thu,2026-07-30,0,0,MOVESTOP_ONE,1,0,1,302.9,-1156.0,283.21,-1439.21,-1156.0,283.21,-1439.21,0,0,0,15:10,15:10,77500,SL
SENSEX,2026-07-30,Thu,2026-07-30,0,0,MOVESTOP_RECENTER,1,0,1,302.9,-1156.0,283.21,-1439.21,-1156.0,283.21,-1439.21,0,0,0,15:10,15:10,77500,SL
SENSEX,2026-07-30,Thu,2026-07-30,0,0,MOVESTOP_RC1,1,0,1,302.9,-1156.0,283.21,-1439.21,-1156.0,283.21,-1439.21,0,0,0,15:10,15:10,77500,SL
SENSEX,2026-07-30,Thu,2026-07-30,0,0,MOVESTOP_RC_CD15,1,0,1,302.9,-1156.0,283.21,-1439.21,-1156.0,283.21,-1439.21,0,0,0,15:10,15:10,77500,SL
SENSEX,2026-07-30,Thu,2026-07-30,0,0,NOSTOP_HOLD,1,0,0,302.9,-750.0,28.23,-778.23,-750.0,28.23,-778.23,0,0,0,15:15,15:15,77500,TIME
SENSEX,2026-07-31,Fri,2026-08-06,4,6,ONE_AND_DONE,1,0,0,930.85,2066.0,50.46,2015.54,2066.0,50.46,2015.54,0,0,0,15:15,15:15,78100,TIME
SENSEX,2026-07-31,Fri,2026-08-06,4,6,RECENTER_1,1,0,0,930.85,2066.0,50.46,2015.54,2066.0,50.46,2015.54,0,0,0,15:15,15:15,78100,TIME
SENSEX,2026-07-31,Fri,2026-08-06,4,6,RECENTER_2,1,0,0,930.85,2066.0,50.46,2015.54,2066.0,50.46,2015.54,0,0,0,15:15,15:15,78100,TIME
SENSEX,2026-07-31,Fri,2026-08-06,4,6,RECENTER_3,1,0,0,930.85,2066.0,50.46,2015.54,2066.0,50.46,2015.54,0,0,0,15:15,15:15,78100,TIME
SENSEX,2026-07-31,Fri,2026-08-06,4,6,RECENTER_5,1,0,0,930.85,2066.0,50.46,2015.54,2066.0,50.46,2015.54,0,0,0,15:15,15:15,78100,TIME
SENSEX,2026-07-31,Fri,2026-08-06,4,6,RECENTER_2_CD15,1,0,0,930.85,2066.0,50.46,2015.54,2066.0,50.46,2015.54,0,0,0,15:15,15:15,78100,TIME
SENSEX,2026-07-31,Fri,2026-08-06,4,6,RECENTER_3_CD15,1,0,0,930.85,2066.0,50.46,2015.54,2066.0,50.46,2015.54,0,0,0,15:15,15:15,78100,TIME
SENSEX,2026-07-31,Fri,2026-08-06,4,6,RECENTER_5_CD15,1,0,0,930.85,2066.0,50.46,2015.54,2066.0,50.46,2015.54,0,0,0,15:15,15:15,78100,TIME
SENSEX,2026-07-31,Fri,2026-08-06,4,6,RECENTER_5_NOGUARD,1,0,0,930.85,2066.0,50.46,2015.54,2066.0,50.46,2015.54,0,0,0,15:15,15:15,78100,TIME
SENSEX,2026-07-31,Fri,2026-08-06,4,6,MOVESTOP_ONE,1,0,0,930.85,2066.0,50.46,2015.54,2066.0,50.46,2015.54,0,0,0,15:15,15:15,78100,TIME
SENSEX,2026-07-31,Fri,2026-08-06,4,6,MOVESTOP_RECENTER,1,0,0,930.85,2066.0,50.46,2015.54,2066.0,50.46,2015.54,0,0,0,15:15,15:15,78100,TIME
SENSEX,2026-07-31,Fri,2026-08-06,4,6,MOVESTOP_RC1,1,0,0,930.85,2066.0,50.46,2015.54,2066.0,50.46,2015.54,0,0,0,15:15,15:15,78100,TIME
SENSEX,2026-07-31,Fri,2026-08-06,4,6,MOVESTOP_RC_CD15,1,0,0,930.85,2066.0,50.46,2015.54,2066.0,50.46,2015.54,0,0,0,15:15,15:15,78100,TIME
SENSEX,2026-07-31,Fri,2026-08-06,4,6,NOSTOP_HOLD,1,0,0,930.85,2066.0,50.46,2015.54,2066.0,50.46,2015.54,0,0,0,15:15,15:15,78100,TIME
SENSEX,2026-08-03,Mon,2026-08-06,3,3,ONE_AND_DONE,1,0,0,711.45,529.0,42.94,486.06,529.0,42.94,486.06,0,0,0,15:14,15:14,78700,TIME
SENSEX,2026-08-03,Mon,2026-08-06,3,3,RECENTER_1,1,0,0,711.45,529.0,42.94,486.06,529.0,42.94,486.06,0,0,0,15:14,15:14,78700,TIME
SENSEX,2026-08-03,Mon,2026-08-06,3,3,RECENTER_2,1,0,0,711.45,529.0,42.94,486.06,529.0,42.94,486.06,0,0,0,15:14,15:14,78700,TIME
SENSEX,2026-08-03,Mon,2026-08-06,3,3,RECENTER_3,1,0,0,711.45,529.0,42.94,486.06,529.0,42.94,486.06,0,0,0,15:14,15:14,78700,TIME
SENSEX,2026-08-03,Mon,2026-08-06,3,3,RECENTER_5,1,0,0,711.45,529.0,42.94,486.06,529.0,42.94,486.06,0,0,0,15:14,15:14,78700,TIME
SENSEX,2026-08-03,Mon,2026-08-06,3,3,RECENTER_2_CD15,1,0,0,711.45,529.0,42.94,486.06,529.0,42.94,486.06,0,0,0,15:14,15:14,78700,TIME
SENSEX,2026-08-03,Mon,2026-08-06,3,3,RECENTER_3_CD15,1,0,0,711.45,529.0,42.94,486.06,529.0,42.94,486.06,0,0,0,15:14,15:14,78700,TIME
SENSEX,2026-08-03,Mon,2026-08-06,3,3,RECENTER_5_CD15,1,0,0,711.45,529.0,42.94,486.06,529.0,42.94,486.06,0,0,0,15:14,15:14,78700,TIME
SENSEX,2026-08-03,Mon,2026-08-06,3,3,RECENTER_5_NOGUARD,1,0,0,711.45,529.0,42.94,486.06,529.0,42.94,486.06,0,0,0,15:14,15:14,78700,TIME
SENSEX,2026-08-03,Mon,2026-08-06,3,3,MOVESTOP_ONE,1,0,0,711.45,529.0,42.94,486.06,529.0,42.94,486.06,0,0,0,15:14,15:14,78700,TIME
SENSEX,2026-08-03,Mon,2026-08-06,3,3,MOVESTOP_RECENTER,1,0,0,711.45,529.0,42.94,486.06,529.0,42.94,486.06,0,0,0,15:14,15:14,78700,TIME
SENSEX,2026-08-03,Mon,2026-08-06,3,3,MOVESTOP_RC1,1,0,0,711.45,529.0,42.94,486.06,529.0,42.94,486.06,0,0,0,15:14,15:14,78700,TIME
SENSEX,2026-08-03,Mon,2026-08-06,3,3,MOVESTOP_RC_CD15,1,0,0,711.45,529.0,42.94,486.06,529.0,42.94,486.06,0,0,0,15:14,15:14,78700,TIME
SENSEX,2026-08-03,Mon,2026-08-06,3,3,NOSTOP_HOLD,1,0,0,711.45,529.0,42.94,486.06,529.0,42.94,486.06,0,0,0,15:14,15:14,78700,TIME
SENSEX,2026-08-04,Tue,2026-08-06,2,2,ONE_AND_DONE,1,0,1,627.95,-2652.0,296.05,-2948.05,-2652.0,296.05,-2948.05,0,0,0,12:44,12:44,78800,SL
SENSEX,2026-08-04,Tue,2026-08-06,2,2,RECENTER_1,2,1,1,627.95,-2501.0,337.96,-2838.96,-2652.0,296.05,-2948.05,151.0,41.91,109.09,12:44,15:14,78800|78400,SL|TIME
SENSEX,2026-08-04,Tue,2026-08-06,2,2,RECENTER_2,2,1,1,627.95,-2501.0,337.96,-2838.96,-2652.0,296.05,-2948.05,151.0,41.91,109.09,12:44,15:14,78800|78400,SL|TIME
SENSEX,2026-08-04,Tue,2026-08-06,2,2,RECENTER_3,2,1,1,627.95,-2501.0,337.96,-2838.96,-2652.0,296.05,-2948.05,151.0,41.91,109.09,12:44,15:14,78800|78400,SL|TIME
SENSEX,2026-08-04,Tue,2026-08-06,2,2,RECENTER_5,2,1,1,627.95,-2501.0,337.96,-2838.96,-2652.0,296.05,-2948.05,151.0,41.91,109.09,12:44,15:14,78800|78400,SL|TIME
SENSEX,2026-08-04,Tue,2026-08-06,2,2,RECENTER_2_CD15,2,1,1,627.95,-2501.0,337.96,-2838.96,-2652.0,296.05,-2948.05,151.0,41.91,109.09,12:44,15:14,78800|78400,SL|TIME
SENSEX,2026-08-04,Tue,2026-08-06,2,2,RECENTER_3_CD15,2,1,1,627.95,-2501.0,337.96,-2838.96,-2652.0,296.05,-2948.05,151.0,41.91,109.09,12:44,15:14,78800|78400,SL|TIME
SENSEX,2026-08-04,Tue,2026-08-06,2,2,RECENTER_5_CD15,2,1,1,627.95,-2501.0,337.96,-2838.96,-2652.0,296.05,-2948.05,151.0,41.91,109.09,12:44,15:14,78800|78400,SL|TIME
SENSEX,2026-08-04,Tue,2026-08-06,2,2,RECENTER_5_NOGUARD,2,1,1,627.95,-2501.0,337.96,-2838.96,-2652.0,296.05,-2948.05,151.0,41.91,109.09,12:44,15:14,78800|78400,SL|TIME
SENSEX,2026-08-04,Tue,2026-08-06,2,2,MOVESTOP_ONE,1,0,1,627.95,-2146.0,295.82,-2441.82,-2146.0,295.82,-2441.82,0,0,0,12:01,12:01,78800,SL
SENSEX,2026-08-04,Tue,2026-08-06,2,2,MOVESTOP_RECENTER,2,1,1,627.95,-2238.0,337.39,-2575.39,-2146.0,295.82,-2441.82,-92.0,41.56,-133.56,12:01,15:14,78800|78400,SL|TIME
SENSEX,2026-08-04,Tue,2026-08-06,2,2,MOVESTOP_RC1,2,1,1,627.95,-2238.0,337.39,-2575.39,-2146.0,295.82,-2441.82,-92.0,41.56,-133.56,12:01,15:14,78800|78400,SL|TIME
SENSEX,2026-08-04,Tue,2026-08-06,2,2,MOVESTOP_RC_CD15,2,1,1,627.95,-2238.0,337.39,-2575.39,-2146.0,295.82,-2441.82,-92.0,41.56,-133.56,12:01,15:14,78800|78400,SL|TIME
SENSEX,2026-08-04,Tue,2026-08-06,2,2,NOSTOP_HOLD,1,0,0,627.95,-2803.0,41.32,-2844.32,-2803.0,41.32,-2844.32,0,0,0,15:14,15:14,78800,TIME
SENSEX,2026-08-05,Wed,2026-08-06,1,1,ONE_AND_DONE,1,0,1,510.6,-3035.0,291.83,-3326.83,-3035.0,291.83,-3326.83,0,0,0,10:30,10:30,79000,SL
SENSEX,2026-08-05,Wed,2026-08-06,1,1,RECENTER_1,2,1,1,510.6,-5673.0,587.83,-6260.83,-3035.0,291.83,-3326.83,-2638.0,296.0,-2934.0,10:30,12:49,79000|78700,SL|SL
SENSEX,2026-08-05,Wed,2026-08-06,1,1,RECENTER_2,3,2,1,510.6,-4053.0,630.75,-4683.75,-3035.0,291.83,-3326.83,-1018.0,338.92,-1356.92,10:30,15:15,79000|78700|78400,SL|SL|TIME
SENSEX,2026-08-05,Wed,2026-08-06,1,1,RECENTER_3,3,2,1,510.6,-4053.0,630.75,-4683.75,-3035.0,291.83,-3326.83,-1018.0,338.92,-1356.92,10:30,15:15,79000|78700|78400,SL|SL|TIME
SENSEX,2026-08-05,Wed,2026-08-06,1,1,RECENTER_5,3,2,1,510.6,-4053.0,630.75,-4683.75,-3035.0,291.83,-3326.83,-1018.0,338.92,-1356.92,10:30,15:15,79000|78700|78400,SL|SL|TIME
SENSEX,2026-08-05,Wed,2026-08-06,1,1,RECENTER_2_CD15,3,2,1,510.6,-4053.0,630.75,-4683.75,-3035.0,291.83,-3326.83,-1018.0,338.92,-1356.92,10:30,15:15,79000|78700|78400,SL|SL|TIME
SENSEX,2026-08-05,Wed,2026-08-06,1,1,RECENTER_3_CD15,3,2,1,510.6,-4053.0,630.75,-4683.75,-3035.0,291.83,-3326.83,-1018.0,338.92,-1356.92,10:30,15:15,79000|78700|78400,SL|SL|TIME
SENSEX,2026-08-05,Wed,2026-08-06,1,1,RECENTER_5_CD15,3,2,1,510.6,-4053.0,630.75,-4683.75,-3035.0,291.83,-3326.83,-1018.0,338.92,-1356.92,10:30,15:15,79000|78700|78400,SL|SL|TIME
SENSEX,2026-08-05,Wed,2026-08-06,1,1,RECENTER_5_NOGUARD,3,2,1,510.6,-4053.0,630.75,-4683.75,-3035.0,291.83,-3326.83,-1018.0,338.92,-1356.92,10:30,15:15,79000|78700|78400,SL|SL|TIME
SENSEX,2026-08-05,Wed,2026-08-06,1,1,MOVESTOP_ONE,1,0,1,510.6,-3681.0,292.12,-3973.12,-3681.0,292.12,-3973.12,0,0,0,11:52,11:52,79000,SL
SENSEX,2026-08-05,Wed,2026-08-06,1,1,MOVESTOP_RECENTER,2,1,1,510.6,-3377.0,332.08,-3709.08,-3681.0,292.12,-3973.12,304.0,39.95,264.05,11:52,15:15,79000|78600,SL|TIME
SENSEX,2026-08-05,Wed,2026-08-06,1,1,MOVESTOP_RC1,2,1,1,510.6,-3377.0,332.08,-3709.08,-3681.0,292.12,-3973.12,304.0,39.95,264.05,11:52,15:15,79000|78600,SL|TIME
SENSEX,2026-08-05,Wed,2026-08-06,1,1,MOVESTOP_RC_CD15,2,1,1,510.6,-3377.0,332.08,-3709.08,-3681.0,292.12,-3973.12,304.0,39.95,264.05,11:52,15:15,79000|78600,SL|TIME
SENSEX,2026-08-05,Wed,2026-08-06,1,1,NOSTOP_HOLD,1,0,0,510.6,-3662.0,37.31,-3699.31,-3662.0,37.31,-3699.31,0,0,0,15:15,15:15,79000,TIME
SENSEX,2026-08-06,Thu,2026-08-06,0,0,ONE_AND_DONE,1,0,1,506.25,-2598.0,291.47,-2889.47,-2598.0,291.47,-2889.47,0,0,0,09:47,09:47,78700,SL
SENSEX,2026-08-06,Thu,2026-08-06,0,0,RECENTER_1,2,1,1,506.25,-137.0,330.38,-467.38,-2598.0,291.47,-2889.47,2461.0,38.91,2422.09,09:47,15:14,78700|78800,SL|TIME
SENSEX,2026-08-06,Thu,2026-08-06,0,0,RECENTER_2,2,1,1,506.25,-137.0,330.38,-467.38,-2598.0,291.47,-2889.47,2461.0,38.91,2422.09,09:47,15:14,78700|78800,SL|TIME
SENSEX,2026-08-06,Thu,2026-08-06,0,0,RECENTER_3,2,1,1,506.25,-137.0,330.38,-467.38,-2598.0,291.47,-2889.47,2461.0,38.91,2422.09,09:47,15:14,78700|78800,SL|TIME
SENSEX,2026-08-06,Thu,2026-08-06,0,0,RECENTER_5,2,1,1,506.25,-137.0,330.38,-467.38,-2598.0,291.47,-2889.47,2461.0,38.91,2422.09,09:47,15:14,78700|78800,SL|TIME
SENSEX,2026-08-06,Thu,2026-08-06,0,0,RECENTER_2_CD15,2,1,1,506.25,-137.0,330.38,-467.38,-2598.0,291.47,-2889.47,2461.0,38.91,2422.09,09:47,15:14,78700|78800,SL|TIME
SENSEX,2026-08-06,Thu,2026-08-06,0,0,RECENTER_3_CD15,2,1,1,506.25,-137.0,330.38,-467.38,-2598.0,291.47,-2889.47,2461.0,38.91,2422.09,09:47,15:14,78700|78800,SL|TIME
SENSEX,2026-08-06,Thu,2026-08-06,0,0,RECENTER_5_CD15,2,1,1,506.25,-137.0,330.38,-467.38,-2598.0,291.47,-2889.47,2461.0,38.91,2422.09,09:47,15:14,78700|78800,SL|TIME
SENSEX,2026-08-06,Thu,2026-08-06,0,0,RECENTER_5_NOGUARD,2,1,1,506.25,-137.0,330.38,-467.38,-2598.0,291.47,-2889.47,2461.0,38.91,2422.09,09:47,15:14,78700|78800,SL|TIME
SENSEX,2026-08-06,Thu,2026-08-06,0,0,MOVESTOP_ONE,1,0,0,506.25,-513.0,35.73,-548.73,-513.0,35.73,-548.73,0,0,0,15:14,15:14,78700,TIME
SENSEX,2026-08-06,Thu,2026-08-06,0,0,MOVESTOP_RECENTER,1,0,0,506.25,-513.0,35.73,-548.73,-513.0,35.73,-548.73,0,0,0,15:14,15:14,78700,TIME
SENSEX,2026-08-06,Thu,2026-08-06,0,0,MOVESTOP_RC1,1,0,0,506.25,-513.0,35.73,-548.73,-513.0,35.73,-548.73,0,0,0,15:14,15:14,78700,TIME
SENSEX,2026-08-06,Thu,2026-08-06,0,0,MOVESTOP_RC_CD15,1,0,0,506.25,-513.0,35.73,-548.73,-513.0,35.73,-548.73,0,0,0,15:14,15:14,78700,TIME
SENSEX,2026-08-06,Thu,2026-08-06,0,0,NOSTOP_HOLD,1,0,0,506.25,-513.0,35.73,-548.73,-513.0,35.73,-548.73,0,0,0,15:14,15:14,78700,TIME
SENSEX,2026-08-07,Fri,2026-08-13,4,6,ONE_AND_DONE,1,0,0,1057.4,1735.0,55.34,1679.66,1735.0,55.34,1679.66,0,0,0,15:14,15:14,78700,TIME
SENSEX,2026-08-07,Fri,2026-08-13,4,6,RECENTER_1,1,0,0,1057.4,1735.0,55.34,1679.66,1735.0,55.34,1679.66,0,0,0,15:14,15:14,78700,TIME
SENSEX,2026-08-07,Fri,2026-08-13,4,6,RECENTER_2,1,0,0,1057.4,1735.0,55.34,1679.66,1735.0,55.34,1679.66,0,0,0,15:14,15:14,78700,TIME
SENSEX,2026-08-07,Fri,2026-08-13,4,6,RECENTER_3,1,0,0,1057.4,1735.0,55.34,1679.66,1735.0,55.34,1679.66,0,0,0,15:14,15:14,78700,TIME
SENSEX,2026-08-07,Fri,2026-08-13,4,6,RECENTER_5,1,0,0,1057.4,1735.0,55.34,1679.66,1735.0,55.34,1679.66,0,0,0,15:14,15:14,78700,TIME
SENSEX,2026-08-07,Fri,2026-08-13,4,6,RECENTER_2_CD15,1,0,0,1057.4,1735.0,55.34,1679.66,1735.0,55.34,1679.66,0,0,0,15:14,15:14,78700,TIME
SENSEX,2026-08-07,Fri,2026-08-13,4,6,RECENTER_3_CD15,1,0,0,1057.4,1735.0,55.34,1679.66,1735.0,55.34,1679.66,0,0,0,15:14,15:14,78700,TIME
SENSEX,2026-08-07,Fri,2026-08-13,4,6,RECENTER_5_CD15,1,0,0,1057.4,1735.0,55.34,1679.66,1735.0,55.34,1679.66,0,0,0,15:14,15:14,78700,TIME
SENSEX,2026-08-07,Fri,2026-08-13,4,6,RECENTER_5_NOGUARD,1,0,0,1057.4,1735.0,55.34,1679.66,1735.0,55.34,1679.66,0,0,0,15:14,15:14,78700,TIME
SENSEX,2026-08-07,Fri,2026-08-13,4,6,MOVESTOP_ONE,1,0,0,1057.4,1735.0,55.34,1679.66,1735.0,55.34,1679.66,0,0,0,15:14,15:14,78700,TIME
SENSEX,2026-08-07,Fri,2026-08-13,4,6,MOVESTOP_RECENTER,1,0,0,1057.4,1735.0,55.34,1679.66,1735.0,55.34,1679.66,0,0,0,15:14,15:14,78700,TIME
SENSEX,2026-08-07,Fri,2026-08-13,4,6,MOVESTOP_RC1,1,0,0,1057.4,1735.0,55.34,1679.66,1735.0,55.34,1679.66,0,0,0,15:14,15:14,78700,TIME
SENSEX,2026-08-07,Fri,2026-08-13,4,6,MOVESTOP_RC_CD15,1,0,0,1057.4,1735.0,55.34,1679.66,1735.0,55.34,1679.66,0,0,0,15:14,15:14,78700,TIME
SENSEX,2026-08-07,Fri,2026-08-13,4,6,NOSTOP_HOLD,1,0,0,1057.4,1735.0,55.34,1679.66,1735.0,55.34,1679.66,0,0,0,15:14,15:14,78700,TIME
SENSEX,2026-08-10,Mon,2026-08-13,3,3,ONE_AND_DONE,1,0,0,965.15,2971.0,51.34,2919.66,2971.0,51.34,2919.66,0,0,0,15:14,15:14,78600,TIME
SENSEX,2026-08-10,Mon,2026-08-13,3,3,RECENTER_1,1,0,0,965.15,2971.0,51.34,2919.66,2971.0,51.34,2919.66,0,0,0,15:14,15:14,78600,TIME
SENSEX,2026-08-10,Mon,2026-08-13,3,3,RECENTER_2,1,0,0,965.15,2971.0,51.34,2919.66,2971.0,51.34,2919.66,0,0,0,15:14,15:14,78600,TIME
SENSEX,2026-08-10,Mon,2026-08-13,3,3,RECENTER_3,1,0,0,965.15,2971.0,51.34,2919.66,2971.0,51.34,2919.66,0,0,0,15:14,15:14,78600,TIME
SENSEX,2026-08-10,Mon,2026-08-13,3,3,RECENTER_5,1,0,0,965.15,2971.0,51.34,2919.66,2971.0,51.34,2919.66,0,0,0,15:14,15:14,78600,TIME
SENSEX,2026-08-10,Mon,2026-08-13,3,3,RECENTER_2_CD15,1,0,0,965.15,2971.0,51.34,2919.66,2971.0,51.34,2919.66,0,0,0,15:14,15:14,78600,TIME
SENSEX,2026-08-10,Mon,2026-08-13,3,3,RECENTER_3_CD15,1,0,0,965.15,2971.0,51.34,2919.66,2971.0,51.34,2919.66,0,0,0,15:14,15:14,78600,TIME
SENSEX,2026-08-10,Mon,2026-08-13,3,3,RECENTER_5_CD15,1,0,0,965.15,2971.0,51.34,2919.66,2971.0,51.34,2919.66,0,0,0,15:14,15:14,78600,TIME
SENSEX,2026-08-10,Mon,2026-08-13,3,3,RECENTER_5_NOGUARD,1,0,0,965.15,2971.0,51.34,2919.66,2971.0,51.34,2919.66,0,0,0,15:14,15:14,78600,TIME
SENSEX,2026-08-10,Mon,2026-08-13,3,3,MOVESTOP_ONE,1,0,0,965.15,2971.0,51.34,2919.66,2971.0,51.34,2919.66,0,0,0,15:14,15:14,78600,TIME
SENSEX,2026-08-10,Mon,2026-08-13,3,3,MOVESTOP_RECENTER,1,0,0,965.15,2971.0,51.34,2919.66,2971.0,51.34,2919.66,0,0,0,15:14,15:14,78600,TIME
SENSEX,2026-08-10,Mon,2026-08-13,3,3,MOVESTOP_RC1,1,0,0,965.15,2971.0,51.34,2919.66,2971.0,51.34,2919.66,0,0,0,15:14,15:14,78600,TIME
SENSEX,2026-08-10,Mon,2026-08-13,3,3,MOVESTOP_RC_CD15,1,0,0,965.15,2971.0,51.34,2919.66,2971.0,51.34,2919.66,0,0,0,15:14,15:14,78600,TIME
SENSEX,2026-08-10,Mon,2026-08-13,3,3,NOSTOP_HOLD,1,0,0,965.15,2971.0,51.34,2919.66,2971.0,51.34,2919.66,0,0,0,15:14,15:14,78600,TIME
SENSEX,2026-08-11,Tue,2026-08-13,2,2,ONE_AND_DONE,1,0,0,753.0,2662.0,43.54,2618.46,2662.0,43.54,2618.46,0,0,0,15:15,15:15,78400,TIME
SENSEX,2026-08-11,Tue,2026-08-13,2,2,RECENTER_1,1,0,0,753.0,2662.0,43.54,2618.46,2662.0,43.54,2618.46,0,0,0,15:15,15:15,78400,TIME
SENSEX,2026-08-11,Tue,2026-08-13,2,2,RECENTER_2,1,0,0,753.0,2662.0,43.54,2618.46,2662.0,43.54,2618.46,0,0,0,15:15,15:15,78400,TIME
SENSEX,2026-08-11,Tue,2026-08-13,2,2,RECENTER_3,1,0,0,753.0,2662.0,43.54,2618.46,2662.0,43.54,2618.46,0,0,0,15:15,15:15,78400,TIME
SENSEX,2026-08-11,Tue,2026-08-13,2,2,RECENTER_5,1,0,0,753.0,2662.0,43.54,2618.46,2662.0,43.54,2618.46,0,0,0,15:15,15:15,78400,TIME
SENSEX,2026-08-11,Tue,2026-08-13,2,2,RECENTER_2_CD15,1,0,0,753.0,2662.0,43.54,2618.46,2662.0,43.54,2618.46,0,0,0,15:15,15:15,78400,TIME
SENSEX,2026-08-11,Tue,2026-08-13,2,2,RECENTER_3_CD15,1,0,0,753.0,2662.0,43.54,2618.46,2662.0,43.54,2618.46,0,0,0,15:15,15:15,78400,TIME
SENSEX,2026-08-11,Tue,2026-08-13,2,2,RECENTER_5_CD15,1,0,0,753.0,2662.0,43.54,2618.46,2662.0,43.54,2618.46,0,0,0,15:15,15:15,78400,TIME
SENSEX,2026-08-11,Tue,2026-08-13,2,2,RECENTER_5_NOGUARD,1,0,0,753.0,2662.0,43.54,2618.46,2662.0,43.54,2618.46,0,0,0,15:15,15:15,78400,TIME
SENSEX,2026-08-11,Tue,2026-08-13,2,2,MOVESTOP_ONE,1,0,0,753.0,2662.0,43.54,2618.46,2662.0,43.54,2618.46,0,0,0,15:15,15:15,78400,TIME
SENSEX,2026-08-11,Tue,2026-08-13,2,2,MOVESTOP_RECENTER,1,0,0,753.0,2662.0,43.54,2618.46,2662.0,43.54,2618.46,0,0,0,15:15,15:15,78400,TIME
SENSEX,2026-08-11,Tue,2026-08-13,2,2,MOVESTOP_RC1,1,0,0,753.0,2662.0,43.54,2618.46,2662.0,43.54,2618.46,0,0,0,15:15,15:15,78400,TIME
SENSEX,2026-08-11,Tue,2026-08-13,2,2,MOVESTOP_RC_CD15,1,0,0,753.0,2662.0,43.54,2618.46,2662.0,43.54,2618.46,0,0,0,15:15,15:15,78400,TIME
SENSEX,2026-08-11,Tue,2026-08-13,2,2,NOSTOP_HOLD,1,0,0,753.0,2662.0,43.54,2618.46,2662.0,43.54,2618.46,0,0,0,15:15,15:15,78400,TIME
SENSEX,2026-08-12,Wed,2026-08-13,1,1,ONE_AND_DONE,1,0,0,567.65,2640.0,36.61,2603.39,2640.0,36.61,2603.39,0,0,0,15:15,15:15,78100,TIME
SENSEX,2026-08-12,Wed,2026-08-13,1,1,RECENTER_1,1,0,0,567.65,2640.0,36.61,2603.39,2640.0,36.61,2603.39,0,0,0,15:15,15:15,78100,TIME
SENSEX,2026-08-12,Wed,2026-08-13,1,1,RECENTER_2,1,0,0,567.65,2640.0,36.61,2603.39,2640.0,36.61,2603.39,0,0,0,15:15,15:15,78100,TIME
SENSEX,2026-08-12,Wed,2026-08-13,1,1,RECENTER_3,1,0,0,567.65,2640.0,36.61,2603.39,2640.0,36.61,2603.39,0,0,0,15:15,15:15,78100,TIME
SENSEX,2026-08-12,Wed,2026-08-13,1,1,RECENTER_5,1,0,0,567.65,2640.0,36.61,2603.39,2640.0,36.61,2603.39,0,0,0,15:15,15:15,78100,TIME
SENSEX,2026-08-12,Wed,2026-08-13,1,1,RECENTER_2_CD15,1,0,0,567.65,2640.0,36.61,2603.39,2640.0,36.61,2603.39,0,0,0,15:15,15:15,78100,TIME
SENSEX,2026-08-12,Wed,2026-08-13,1,1,RECENTER_3_CD15,1,0,0,567.65,2640.0,36.61,2603.39,2640.0,36.61,2603.39,0,0,0,15:15,15:15,78100,TIME
SENSEX,2026-08-12,Wed,2026-08-13,1,1,RECENTER_5_CD15,1,0,0,567.65,2640.0,36.61,2603.39,2640.0,36.61,2603.39,0,0,0,15:15,15:15,78100,TIME
SENSEX,2026-08-12,Wed,2026-08-13,1,1,RECENTER_5_NOGUARD,1,0,0,567.65,2640.0,36.61,2603.39,2640.0,36.61,2603.39,0,0,0,15:15,15:15,78100,TIME
SENSEX,2026-08-12,Wed,2026-08-13,1,1,MOVESTOP_ONE,1,0,1,567.65,-591.0,292.87,-883.87,-591.0,292.87,-883.87,0,0,0,10:59,10:59,78100,SL
SENSEX,2026-08-12,Wed,2026-08-13,1,1,MOVESTOP_RECENTER,2,1,1,567.65,-268.0,328.81,-596.81,-591.0,292.87,-883.87,323.0,35.94,287.06,10:59,15:15,78100|77700,SL|TIME
SENSEX,2026-08-12,Wed,2026-08-13,1,1,MOVESTOP_RC1,2,1,1,567.65,-268.0,328.81,-596.81,-591.0,292.87,-883.87,323.0,35.94,287.06,10:59,15:15,78100|77700,SL|TIME
SENSEX,2026-08-12,Wed,2026-08-13,1,1,MOVESTOP_RC_CD15,2,1,1,567.65,-268.0,328.81,-596.81,-591.0,292.87,-883.87,323.0,35.94,287.06,10:59,15:15,78100|77700,SL|TIME
SENSEX,2026-08-12,Wed,2026-08-13,1,1,NOSTOP_HOLD,1,0,0,567.65,2640.0,36.61,2603.39,2640.0,36.61,2603.39,0,0,0,15:15,15:15,78100,TIME
SENSEX,2026-08-13,Thu,2026-08-13,0,0,ONE_AND_DONE,1,0,0,362.75,4756.0,27.99,4728.01,4756.0,27.99,4728.01,0,0,0,15:15,15:15,77900,TIME
SENSEX,2026-08-13,Thu,2026-08-13,0,0,RECENTER_1,1,0,0,362.75,4756.0,27.99,4728.01,4756.0,27.99,4728.01,0,0,0,15:15,15:15,77900,TIME
SENSEX,2026-08-13,Thu,2026-08-13,0,0,RECENTER_2,1,0,0,362.75,4756.0,27.99,4728.01,4756.0,27.99,4728.01,0,0,0,15:15,15:15,77900,TIME
SENSEX,2026-08-13,Thu,2026-08-13,0,0,RECENTER_3,1,0,0,362.75,4756.0,27.99,4728.01,4756.0,27.99,4728.01,0,0,0,15:15,15:15,77900,TIME
SENSEX,2026-08-13,Thu,2026-08-13,0,0,RECENTER_5,1,0,0,362.75,4756.0,27.99,4728.01,4756.0,27.99,4728.01,0,0,0,15:15,15:15,77900,TIME
SENSEX,2026-08-13,Thu,2026-08-13,0,0,RECENTER_2_CD15,1,0,0,362.75,4756.0,27.99,4728.01,4756.0,27.99,4728.01,0,0,0,15:15,15:15,77900,TIME
SENSEX,2026-08-13,Thu,2026-08-13,0,0,RECENTER_3_CD15,1,0,0,362.75,4756.0,27.99,4728.01,4756.0,27.99,4728.01,0,0,0,15:15,15:15,77900,TIME
SENSEX,2026-08-13,Thu,2026-08-13,0,0,RECENTER_5_CD15,1,0,0,362.75,4756.0,27.99,4728.01,4756.0,27.99,4728.01,0,0,0,15:15,15:15,77900,TIME
SENSEX,2026-08-13,Thu,2026-08-13,0,0,RECENTER_5_NOGUARD,1,0,0,362.75,4756.0,27.99,4728.01,4756.0,27.99,4728.01,0,0,0,15:15,15:15,77900,TIME
SENSEX,2026-08-13,Thu,2026-08-13,0,0,MOVESTOP_ONE,1,0,0,362.75,4756.0,27.99,4728.01,4756.0,27.99,4728.01,0,0,0,15:15,15:15,77900,TIME
SENSEX,2026-08-13,Thu,2026-08-13,0,0,MOVESTOP_RECENTER,1,0,0,362.75,4756.0,27.99,4728.01,4756.0,27.99,4728.01,0,0,0,15:15,15:15,77900,TIME
SENSEX,2026-08-13,Thu,2026-08-13,0,0,MOVESTOP_RC1,1,0,0,362.75,4756.0,27.99,4728.01,4756.0,27.99,4728.01,0,0,0,15:15,15:15,77900,TIME
SENSEX,2026-08-13,Thu,2026-08-13,0,0,MOVESTOP_RC_CD15,1,0,0,362.75,4756.0,27.99,4728.01,4756.0,27.99,4728.01,0,0,0,15:15,15:15,77900,TIME
SENSEX,2026-08-13,Thu,2026-08-13,0,0,NOSTOP_HOLD,1,0,0,362.75,4756.0,27.99,4728.01,4756.0,27.99,4728.01,0,0,0,15:15,15:15,77900,TIME
SENSEX,2026-08-14,Fri,2026-08-20,4,6,ONE_AND_DONE,1,0,0,869.55,946.0,48.67,897.33,946.0,48.67,897.33,0,0,0,15:15,15:15,77900,TIME
SENSEX,2026-08-14,Fri,2026-08-20,4,6,RECENTER_1,1,0,0,869.55,946.0,48.67,897.33,946.0,48.67,897.33,0,0,0,15:15,15:15,77900,TIME
SENSEX,2026-08-14,Fri,2026-08-20,4,6,RECENTER_2,1,0,0,869.55,946.0,48.67,897.33,946.0,48.67,897.33,0,0,0,15:15,15:15,77900,TIME
SENSEX,2026-08-14,Fri,2026-08-20,4,6,RECENTER_3,1,0,0,869.55,946.0,48.67,897.33,946.0,48.67,897.33,0,0,0,15:15,15:15,77900,TIME
SENSEX,2026-08-14,Fri,2026-08-20,4,6,RECENTER_5,1,0,0,869.55,946.0,48.67,897.33,946.0,48.67,897.33,0,0,0,15:15,15:15,77900,TIME
SENSEX,2026-08-14,Fri,2026-08-20,4,6,RECENTER_2_CD15,1,0,0,869.55,946.0,48.67,897.33,946.0,48.67,897.33,0,0,0,15:15,15:15,77900,TIME
SENSEX,2026-08-14,Fri,2026-08-20,4,6,RECENTER_3_CD15,1,0,0,869.55,946.0,48.67,897.33,946.0,48.67,897.33,0,0,0,15:15,15:15,77900,TIME
SENSEX,2026-08-14,Fri,2026-08-20,4,6,RECENTER_5_CD15,1,0,0,869.55,946.0,48.67,897.33,946.0,48.67,897.33,0,0,0,15:15,15:15,77900,TIME
SENSEX,2026-08-14,Fri,2026-08-20,4,6,RECENTER_5_NOGUARD,1,0,0,869.55,946.0,48.67,897.33,946.0,48.67,897.33,0,0,0,15:15,15:15,77900,TIME
SENSEX,2026-08-14,Fri,2026-08-20,4,6,MOVESTOP_ONE,1,0,0,869.55,946.0,48.67,897.33,946.0,48.67,897.33,0,0,0,15:15,15:15,77900,TIME
SENSEX,2026-08-14,Fri,2026-08-20,4,6,MOVESTOP_RECENTER,1,0,0,869.55,946.0,48.67,897.33,946.0,48.67,897.33,0,0,0,15:15,15:15,77900,TIME
SENSEX,2026-08-14,Fri,2026-08-20,4,6,MOVESTOP_RC1,1,0,0,869.55,946.0,48.67,897.33,946.0,48.67,897.33,0,0,0,15:15,15:15,77900,TIME
SENSEX,2026-08-14,Fri,2026-08-20,4,6,MOVESTOP_RC_CD15,1,0,0,869.55,946.0,48.67,897.33,946.0,48.67,897.33,0,0,0,15:15,15:15,77900,TIME
SENSEX,2026-08-14,Fri,2026-08-20,4,6,NOSTOP_HOLD,1,0,0,869.55,946.0,48.67,897.33,946.0,48.67,897.33,0,0,0,15:15,15:15,77900,TIME
SENSEX,2026-08-17,Mon,2026-08-20,3,3,ONE_AND_DONE,1,0,0,693.9,49.0,42.5,6.5,49.0,42.5,6.5,0,0,0,15:15,15:15,77800,TIME
SENSEX,2026-08-17,Mon,2026-08-20,3,3,RECENTER_1,1,0,0,693.9,49.0,42.5,6.5,49.0,42.5,6.5,0,0,0,15:15,15:15,77800,TIME
SENSEX,2026-08-17,Mon,2026-08-20,3,3,RECENTER_2,1,0,0,693.9,49.0,42.5,6.5,49.0,42.5,6.5,0,0,0,15:15,15:15,77800,TIME
SENSEX,2026-08-17,Mon,2026-08-20,3,3,RECENTER_3,1,0,0,693.9,49.0,42.5,6.5,49.0,42.5,6.5,0,0,0,15:15,15:15,77800,TIME
SENSEX,2026-08-17,Mon,2026-08-20,3,3,RECENTER_5,1,0,0,693.9,49.0,42.5,6.5,49.0,42.5,6.5,0,0,0,15:15,15:15,77800,TIME
SENSEX,2026-08-17,Mon,2026-08-20,3,3,RECENTER_2_CD15,1,0,0,693.9,49.0,42.5,6.5,49.0,42.5,6.5,0,0,0,15:15,15:15,77800,TIME
SENSEX,2026-08-17,Mon,2026-08-20,3,3,RECENTER_3_CD15,1,0,0,693.9,49.0,42.5,6.5,49.0,42.5,6.5,0,0,0,15:15,15:15,77800,TIME
SENSEX,2026-08-17,Mon,2026-08-20,3,3,RECENTER_5_CD15,1,0,0,693.9,49.0,42.5,6.5,49.0,42.5,6.5,0,0,0,15:15,15:15,77800,TIME
SENSEX,2026-08-17,Mon,2026-08-20,3,3,RECENTER_5_NOGUARD,1,0,0,693.9,49.0,42.5,6.5,49.0,42.5,6.5,0,0,0,15:15,15:15,77800,TIME
SENSEX,2026-08-17,Mon,2026-08-20,3,3,MOVESTOP_ONE,1,0,0,693.9,49.0,42.5,6.5,49.0,42.5,6.5,0,0,0,15:15,15:15,77800,TIME
SENSEX,2026-08-17,Mon,2026-08-20,3,3,MOVESTOP_RECENTER,1,0,0,693.9,49.0,42.5,6.5,49.0,42.5,6.5,0,0,0,15:15,15:15,77800,TIME
SENSEX,2026-08-17,Mon,2026-08-20,3,3,MOVESTOP_RC1,1,0,0,693.9,49.0,42.5,6.5,49.0,42.5,6.5,0,0,0,15:15,15:15,77800,TIME
SENSEX,2026-08-17,Mon,2026-08-20,3,3,MOVESTOP_RC_CD15,1,0,0,693.9,49.0,42.5,6.5,49.0,42.5,6.5,0,0,0,15:15,15:15,77800,TIME
SENSEX,2026-08-17,Mon,2026-08-20,3,3,NOSTOP_HOLD,1,0,0,693.9,49.0,42.5,6.5,49.0,42.5,6.5,0,0,0,15:15,15:15,77800,TIME
SENSEX,2026-08-18,Tue,2026-08-20,2,2,ONE_AND_DONE,1,0,0,581.5,647.0,38.03,608.97,647.0,38.03,608.97,0,0,0,15:15,15:15,77600,TIME
SENSEX,2026-08-18,Tue,2026-08-20,2,2,RECENTER_1,1,0,0,581.5,647.0,38.03,608.97,647.0,38.03,608.97,0,0,0,15:15,15:15,77600,TIME
SENSEX,2026-08-18,Tue,2026-08-20,2,2,RECENTER_2,1,0,0,581.5,647.0,38.03,608.97,647.0,38.03,608.97,0,0,0,15:15,15:15,77600,TIME
SENSEX,2026-08-18,Tue,2026-08-20,2,2,RECENTER_3,1,0,0,581.5,647.0,38.03,608.97,647.0,38.03,608.97,0,0,0,15:15,15:15,77600,TIME
SENSEX,2026-08-18,Tue,2026-08-20,2,2,RECENTER_5,1,0,0,581.5,647.0,38.03,608.97,647.0,38.03,608.97,0,0,0,15:15,15:15,77600,TIME
SENSEX,2026-08-18,Tue,2026-08-20,2,2,RECENTER_2_CD15,1,0,0,581.5,647.0,38.03,608.97,647.0,38.03,608.97,0,0,0,15:15,15:15,77600,TIME
SENSEX,2026-08-18,Tue,2026-08-20,2,2,RECENTER_3_CD15,1,0,0,581.5,647.0,38.03,608.97,647.0,38.03,608.97,0,0,0,15:15,15:15,77600,TIME
SENSEX,2026-08-18,Tue,2026-08-20,2,2,RECENTER_5_CD15,1,0,0,581.5,647.0,38.03,608.97,647.0,38.03,608.97,0,0,0,15:15,15:15,77600,TIME
SENSEX,2026-08-18,Tue,2026-08-20,2,2,RECENTER_5_NOGUARD,1,0,0,581.5,647.0,38.03,608.97,647.0,38.03,608.97,0,0,0,15:15,15:15,77600,TIME
SENSEX,2026-08-18,Tue,2026-08-20,2,2,MOVESTOP_ONE,1,0,0,581.5,647.0,38.03,608.97,647.0,38.03,608.97,0,0,0,15:15,15:15,77600,TIME
SENSEX,2026-08-18,Tue,2026-08-20,2,2,MOVESTOP_RECENTER,1,0,0,581.5,647.0,38.03,608.97,647.0,38.03,608.97,0,0,0,15:15,15:15,77600,TIME
SENSEX,2026-08-18,Tue,2026-08-20,2,2,MOVESTOP_RC1,1,0,0,581.5,647.0,38.03,608.97,647.0,38.03,608.97,0,0,0,15:15,15:15,77600,TIME
SENSEX,2026-08-18,Tue,2026-08-20,2,2,MOVESTOP_RC_CD15,1,0,0,581.5,647.0,38.03,608.97,647.0,38.03,608.97,0,0,0,15:15,15:15,77600,TIME
SENSEX,2026-08-18,Tue,2026-08-20,2,2,NOSTOP_HOLD,1,0,0,581.5,647.0,38.03,608.97,647.0,38.03,608.97,0,0,0,15:15,15:15,77600,TIME
SENSEX,2026-08-19,Wed,2026-08-20,1,1,ONE_AND_DONE,1,0,0,464.65,636.0,33.66,602.34,636.0,33.66,602.34,0,0,0,15:15,15:15,77200,TIME
SENSEX,2026-08-19,Wed,2026-08-20,1,1,RECENTER_1,1,0,0,464.65,636.0,33.66,602.34,636.0,33.66,602.34,0,0,0,15:15,15:15,77200,TIME
SENSEX,2026-08-19,Wed,2026-08-20,1,1,RECENTER_2,1,0,0,464.65,636.0,33.66,602.34,636.0,33.66,602.34,0,0,0,15:15,15:15,77200,TIME
SENSEX,2026-08-19,Wed,2026-08-20,1,1,RECENTER_3,1,0,0,464.65,636.0,33.66,602.34,636.0,33.66,602.34,0,0,0,15:15,15:15,77200,TIME
SENSEX,2026-08-19,Wed,2026-08-20,1,1,RECENTER_5,1,0,0,464.65,636.0,33.66,602.34,636.0,33.66,602.34,0,0,0,15:15,15:15,77200,TIME
SENSEX,2026-08-19,Wed,2026-08-20,1,1,RECENTER_2_CD15,1,0,0,464.65,636.0,33.66,602.34,636.0,33.66,602.34,0,0,0,15:15,15:15,77200,TIME
SENSEX,2026-08-19,Wed,2026-08-20,1,1,RECENTER_3_CD15,1,0,0,464.65,636.0,33.66,602.34,636.0,33.66,602.34,0,0,0,15:15,15:15,77200,TIME
SENSEX,2026-08-19,Wed,2026-08-20,1,1,RECENTER_5_CD15,1,0,0,464.65,636.0,33.66,602.34,636.0,33.66,602.34,0,0,0,15:15,15:15,77200,TIME
SENSEX,2026-08-19,Wed,2026-08-20,1,1,RECENTER_5_NOGUARD,1,0,0,464.65,636.0,33.66,602.34,636.0,33.66,602.34,0,0,0,15:15,15:15,77200,TIME
SENSEX,2026-08-19,Wed,2026-08-20,1,1,MOVESTOP_ONE,1,0,0,464.65,636.0,33.66,602.34,636.0,33.66,602.34,0,0,0,15:15,15:15,77200,TIME
SENSEX,2026-08-19,Wed,2026-08-20,1,1,MOVESTOP_RECENTER,1,0,0,464.65,636.0,33.66,602.34,636.0,33.66,602.34,0,0,0,15:15,15:15,77200,TIME
SENSEX,2026-08-19,Wed,2026-08-20,1,1,MOVESTOP_RC1,1,0,0,464.65,636.0,33.66,602.34,636.0,33.66,602.34,0,0,0,15:15,15:15,77200,TIME
SENSEX,2026-08-19,Wed,2026-08-20,1,1,MOVESTOP_RC_CD15,1,0,0,464.65,636.0,33.66,602.34,636.0,33.66,602.34,0,0,0,15:15,15:15,77200,TIME
SENSEX,2026-08-19,Wed,2026-08-20,1,1,NOSTOP_HOLD,1,0,0,464.65,636.0,33.66,602.34,636.0,33.66,602.34,0,0,0,15:15,15:15,77200,TIME
SENSEX,2026-08-20,Thu,2026-08-20,0,0,ONE_AND_DONE,1,0,0,271.15,2791.0,25.45,2765.55,2791.0,25.45,2765.55,0,0,0,15:15,15:15,77500,TIME
SENSEX,2026-08-20,Thu,2026-08-20,0,0,RECENTER_1,1,0,0,271.15,2791.0,25.45,2765.55,2791.0,25.45,2765.55,0,0,0,15:15,15:15,77500,TIME
SENSEX,2026-08-20,Thu,2026-08-20,0,0,RECENTER_2,1,0,0,271.15,2791.0,25.45,2765.55,2791.0,25.45,2765.55,0,0,0,15:15,15:15,77500,TIME
SENSEX,2026-08-20,Thu,2026-08-20,0,0,RECENTER_3,1,0,0,271.15,2791.0,25.45,2765.55,2791.0,25.45,2765.55,0,0,0,15:15,15:15,77500,TIME
SENSEX,2026-08-20,Thu,2026-08-20,0,0,RECENTER_5,1,0,0,271.15,2791.0,25.45,2765.55,2791.0,25.45,2765.55,0,0,0,15:15,15:15,77500,TIME
SENSEX,2026-08-20,Thu,2026-08-20,0,0,RECENTER_2_CD15,1,0,0,271.15,2791.0,25.45,2765.55,2791.0,25.45,2765.55,0,0,0,15:15,15:15,77500,TIME
SENSEX,2026-08-20,Thu,2026-08-20,0,0,RECENTER_3_CD15,1,0,0,271.15,2791.0,25.45,2765.55,2791.0,25.45,2765.55,0,0,0,15:15,15:15,77500,TIME
SENSEX,2026-08-20,Thu,2026-08-20,0,0,RECENTER_5_CD15,1,0,0,271.15,2791.0,25.45,2765.55,2791.0,25.45,2765.55,0,0,0,15:15,15:15,77500,TIME
SENSEX,2026-08-20,Thu,2026-08-20,0,0,RECENTER_5_NOGUARD,1,0,0,271.15,2791.0,25.45,2765.55,2791.0,25.45,2765.55,0,0,0,15:15,15:15,77500,TIME
SENSEX,2026-08-20,Thu,2026-08-20,0,0,MOVESTOP_ONE,1,0,0,271.15,2791.0,25.45,2765.55,2791.0,25.45,2765.55,0,0,0,15:15,15:15,77500,TIME
SENSEX,2026-08-20,Thu,2026-08-20,0,0,MOVESTOP_RECENTER,1,0,0,271.15,2791.0,25.45,2765.55,2791.0,25.45,2765.55,0,0,0,15:15,15:15,77500,TIME
SENSEX,2026-08-20,Thu,2026-08-20,0,0,MOVESTOP_RC1,1,0,0,271.15,2791.0,25.45,2765.55,2791.0,25.45,2765.55,0,0,0,15:15,15:15,77500,TIME
SENSEX,2026-08-20,Thu,2026-08-20,0,0,MOVESTOP_RC_CD15,1,0,0,271.15,2791.0,25.45,2765.55,2791.0,25.45,2765.55,0,0,0,15:15,15:15,77500,TIME
SENSEX,2026-08-20,Thu,2026-08-20,0,0,NOSTOP_HOLD,1,0,0,271.15,2791.0,25.45,2765.55,2791.0,25.45,2765.55,0,0,0,15:15,15:15,77500,TIME
SENSEX,2026-08-21,Fri,2026-08-27,4,6,ONE_AND_DONE,1,0,0,783.3,933.0,45.45,887.55,933.0,45.45,887.55,0,0,0,15:15,15:15,77800,TIME
SENSEX,2026-08-21,Fri,2026-08-27,4,6,RECENTER_1,1,0,0,783.3,933.0,45.45,887.55,933.0,45.45,887.55,0,0,0,15:15,15:15,77800,TIME
SENSEX,2026-08-21,Fri,2026-08-27,4,6,RECENTER_2,1,0,0,783.3,933.0,45.45,887.55,933.0,45.45,887.55,0,0,0,15:15,15:15,77800,TIME
SENSEX,2026-08-21,Fri,2026-08-27,4,6,RECENTER_3,1,0,0,783.3,933.0,45.45,887.55,933.0,45.45,887.55,0,0,0,15:15,15:15,77800,TIME
SENSEX,2026-08-21,Fri,2026-08-27,4,6,RECENTER_5,1,0,0,783.3,933.0,45.45,887.55,933.0,45.45,887.55,0,0,0,15:15,15:15,77800,TIME
SENSEX,2026-08-21,Fri,2026-08-27,4,6,RECENTER_2_CD15,1,0,0,783.3,933.0,45.45,887.55,933.0,45.45,887.55,0,0,0,15:15,15:15,77800,TIME
SENSEX,2026-08-21,Fri,2026-08-27,4,6,RECENTER_3_CD15,1,0,0,783.3,933.0,45.45,887.55,933.0,45.45,887.55,0,0,0,15:15,15:15,77800,TIME
SENSEX,2026-08-21,Fri,2026-08-27,4,6,RECENTER_5_CD15,1,0,0,783.3,933.0,45.45,887.55,933.0,45.45,887.55,0,0,0,15:15,15:15,77800,TIME
SENSEX,2026-08-21,Fri,2026-08-27,4,6,RECENTER_5_NOGUARD,1,0,0,783.3,933.0,45.45,887.55,933.0,45.45,887.55,0,0,0,15:15,15:15,77800,TIME
SENSEX,2026-08-21,Fri,2026-08-27,4,6,MOVESTOP_ONE,1,0,0,783.3,933.0,45.45,887.55,933.0,45.45,887.55,0,0,0,15:15,15:15,77800,TIME
SENSEX,2026-08-21,Fri,2026-08-27,4,6,MOVESTOP_RECENTER,1,0,0,783.3,933.0,45.45,887.55,933.0,45.45,887.55,0,0,0,15:15,15:15,77800,TIME
SENSEX,2026-08-21,Fri,2026-08-27,4,6,MOVESTOP_RC1,1,0,0,783.3,933.0,45.45,887.55,933.0,45.45,887.55,0,0,0,15:15,15:15,77800,TIME
SENSEX,2026-08-21,Fri,2026-08-27,4,6,MOVESTOP_RC_CD15,1,0,0,783.3,933.0,45.45,887.55,933.0,45.45,887.55,0,0,0,15:15,15:15,77800,TIME
SENSEX,2026-08-21,Fri,2026-08-27,4,6,NOSTOP_HOLD,1,0,0,783.3,933.0,45.45,887.55,933.0,45.45,887.55,0,0,0,15:15,15:15,77800,TIME
SENSEX,2026-08-24,Mon,2026-08-27,3,3,ONE_AND_DONE,1,0,1,642.65,-2828.0,296.68,-3124.68,-2828.0,296.68,-3124.68,0,0,0,11:32,11:32,77900,SL
SENSEX,2026-08-24,Mon,2026-08-27,3,3,RECENTER_1,2,1,1,642.65,-2256.0,339.23,-2595.23,-2828.0,296.68,-3124.68,572.0,42.55,529.45,11:32,15:14,77900|77400,SL|TIME
SENSEX,2026-08-24,Mon,2026-08-27,3,3,RECENTER_2,2,1,1,642.65,-2256.0,339.23,-2595.23,-2828.0,296.68,-3124.68,572.0,42.55,529.45,11:32,15:14,77900|77400,SL|TIME
SENSEX,2026-08-24,Mon,2026-08-27,3,3,RECENTER_3,2,1,1,642.65,-2256.0,339.23,-2595.23,-2828.0,296.68,-3124.68,572.0,42.55,529.45,11:32,15:14,77900|77400,SL|TIME
SENSEX,2026-08-24,Mon,2026-08-27,3,3,RECENTER_5,2,1,1,642.65,-2256.0,339.23,-2595.23,-2828.0,296.68,-3124.68,572.0,42.55,529.45,11:32,15:14,77900|77400,SL|TIME
SENSEX,2026-08-24,Mon,2026-08-27,3,3,RECENTER_2_CD15,2,1,1,642.65,-2256.0,339.23,-2595.23,-2828.0,296.68,-3124.68,572.0,42.55,529.45,11:32,15:14,77900|77400,SL|TIME
SENSEX,2026-08-24,Mon,2026-08-27,3,3,RECENTER_3_CD15,2,1,1,642.65,-2256.0,339.23,-2595.23,-2828.0,296.68,-3124.68,572.0,42.55,529.45,11:32,15:14,77900|77400,SL|TIME
SENSEX,2026-08-24,Mon,2026-08-27,3,3,RECENTER_5_CD15,2,1,1,642.65,-2256.0,339.23,-2595.23,-2828.0,296.68,-3124.68,572.0,42.55,529.45,11:32,15:14,77900|77400,SL|TIME
SENSEX,2026-08-24,Mon,2026-08-27,3,3,RECENTER_5_NOGUARD,2,1,1,642.65,-2256.0,339.23,-2595.23,-2828.0,296.68,-3124.68,572.0,42.55,529.45,11:32,15:14,77900|77400,SL|TIME
SENSEX,2026-08-24,Mon,2026-08-27,3,3,MOVESTOP_ONE,1,0,1,642.65,-1833.0,296.23,-2129.23,-1833.0,296.23,-2129.23,0,0,0,11:13,11:13,77900,SL
SENSEX,2026-08-24,Mon,2026-08-27,3,3,MOVESTOP_RECENTER,2,1,1,642.65,-1507.0,338.33,-1845.33,-1833.0,296.23,-2129.23,326.0,42.1,283.9,11:13,15:14,77900|77500,SL|TIME
SENSEX,2026-08-24,Mon,2026-08-27,3,3,MOVESTOP_RC1,2,1,1,642.65,-1507.0,338.33,-1845.33,-1833.0,296.23,-2129.23,326.0,42.1,283.9,11:13,15:14,77900|77500,SL|TIME
SENSEX,2026-08-24,Mon,2026-08-27,3,3,MOVESTOP_RC_CD15,2,1,1,642.65,-1507.0,338.33,-1845.33,-1833.0,296.23,-2129.23,326.0,42.1,283.9,11:13,15:14,77900|77500,SL|TIME
SENSEX,2026-08-24,Mon,2026-08-27,3,3,NOSTOP_HOLD,1,0,0,642.65,-2344.0,41.66,-2385.66,-2344.0,41.66,-2385.66,0,0,0,15:14,15:14,77900,TIME
SENSEX,2026-08-25,Tue,2026-08-27,2,2,ONE_AND_DONE,1,0,1,574.1,-2840.0,294.12,-3134.12,-2840.0,294.12,-3134.12,0,0,0,14:52,14:52,77200,SL
SENSEX,2026-08-25,Tue,2026-08-27,2,2,RECENTER_1,1,0,1,574.1,-2840.0,294.12,-3134.12,-2840.0,294.12,-3134.12,0,0,0,14:52,14:52,77200,SL
SENSEX,2026-08-25,Tue,2026-08-27,2,2,RECENTER_2,1,0,1,574.1,-2840.0,294.12,-3134.12,-2840.0,294.12,-3134.12,0,0,0,14:52,14:52,77200,SL
SENSEX,2026-08-25,Tue,2026-08-27,2,2,RECENTER_3,1,0,1,574.1,-2840.0,294.12,-3134.12,-2840.0,294.12,-3134.12,0,0,0,14:52,14:52,77200,SL
SENSEX,2026-08-25,Tue,2026-08-27,2,2,RECENTER_5,1,0,1,574.1,-2840.0,294.12,-3134.12,-2840.0,294.12,-3134.12,0,0,0,14:52,14:52,77200,SL
SENSEX,2026-08-25,Tue,2026-08-27,2,2,RECENTER_2_CD15,1,0,1,574.1,-2840.0,294.12,-3134.12,-2840.0,294.12,-3134.12,0,0,0,14:52,14:52,77200,SL
SENSEX,2026-08-25,Tue,2026-08-27,2,2,RECENTER_3_CD15,1,0,1,574.1,-2840.0,294.12,-3134.12,-2840.0,294.12,-3134.12,0,0,0,14:52,14:52,77200,SL
SENSEX,2026-08-25,Tue,2026-08-27,2,2,RECENTER_5_CD15,1,0,1,574.1,-2840.0,294.12,-3134.12,-2840.0,294.12,-3134.12,0,0,0,14:52,14:52,77200,SL
SENSEX,2026-08-25,Tue,2026-08-27,2,2,RECENTER_5_NOGUARD,1,0,1,574.1,-2840.0,294.12,-3134.12,-2840.0,294.12,-3134.12,0,0,0,14:52,14:52,77200,SL
SENSEX,2026-08-25,Tue,2026-08-27,2,2,MOVESTOP_ONE,1,0,1,574.1,-3066.0,294.22,-3360.22,-3066.0,294.22,-3360.22,0,0,0,14:53,14:53,77200,SL
SENSEX,2026-08-25,Tue,2026-08-27,2,2,MOVESTOP_RECENTER,1,0,1,574.1,-3066.0,294.22,-3360.22,-3066.0,294.22,-3360.22,0,0,0,14:53,14:53,77200,SL
SENSEX,2026-08-25,Tue,2026-08-27,2,2,MOVESTOP_RC1,1,0,1,574.1,-3066.0,294.22,-3360.22,-3066.0,294.22,-3360.22,0,0,0,14:53,14:53,77200,SL
SENSEX,2026-08-25,Tue,2026-08-27,2,2,MOVESTOP_RC_CD15,1,0,1,574.1,-3066.0,294.22,-3360.22,-3066.0,294.22,-3360.22,0,0,0,14:53,14:53,77200,SL
SENSEX,2026-08-25,Tue,2026-08-27,2,2,NOSTOP_HOLD,1,0,0,574.1,-3002.0,39.39,-3041.39,-3002.0,39.39,-3041.39,0,0,0,15:15,15:15,77200,TIME
SENSEX,2026-08-26,Wed,2026-08-27,1,1,ONE_AND_DONE,1,0,0,404.3,73.0,31.65,41.35,73.0,31.65,41.35,0,0,0,15:15,15:15,78000,TIME
SENSEX,2026-08-26,Wed,2026-08-27,1,1,RECENTER_1,1,0,0,404.3,73.0,31.65,41.35,73.0,31.65,41.35,0,0,0,15:15,15:15,78000,TIME
SENSEX,2026-08-26,Wed,2026-08-27,1,1,RECENTER_2,1,0,0,404.3,73.0,31.65,41.35,73.0,31.65,41.35,0,0,0,15:15,15:15,78000,TIME
SENSEX,2026-08-26,Wed,2026-08-27,1,1,RECENTER_3,1,0,0,404.3,73.0,31.65,41.35,73.0,31.65,41.35,0,0,0,15:15,15:15,78000,TIME
SENSEX,2026-08-26,Wed,2026-08-27,1,1,RECENTER_5,1,0,0,404.3,73.0,31.65,41.35,73.0,31.65,41.35,0,0,0,15:15,15:15,78000,TIME
SENSEX,2026-08-26,Wed,2026-08-27,1,1,RECENTER_2_CD15,1,0,0,404.3,73.0,31.65,41.35,73.0,31.65,41.35,0,0,0,15:15,15:15,78000,TIME
SENSEX,2026-08-26,Wed,2026-08-27,1,1,RECENTER_3_CD15,1,0,0,404.3,73.0,31.65,41.35,73.0,31.65,41.35,0,0,0,15:15,15:15,78000,TIME
SENSEX,2026-08-26,Wed,2026-08-27,1,1,RECENTER_5_CD15,1,0,0,404.3,73.0,31.65,41.35,73.0,31.65,41.35,0,0,0,15:15,15:15,78000,TIME
SENSEX,2026-08-26,Wed,2026-08-27,1,1,RECENTER_5_NOGUARD,1,0,0,404.3,73.0,31.65,41.35,73.0,31.65,41.35,0,0,0,15:15,15:15,78000,TIME
SENSEX,2026-08-26,Wed,2026-08-27,1,1,MOVESTOP_ONE,1,0,1,404.3,-1115.0,286.99,-1401.99,-1115.0,286.99,-1401.99,0,0,0,13:18,13:18,78000,SL
SENSEX,2026-08-26,Wed,2026-08-27,1,1,MOVESTOP_RECENTER,2,1,1,404.3,-592.0,317.82,-909.82,-1115.0,286.99,-1401.99,523.0,30.83,492.17,13:18,15:15,78000|77700,SL|TIME
SENSEX,2026-08-26,Wed,2026-08-27,1,1,MOVESTOP_RC1,2,1,1,404.3,-592.0,317.82,-909.82,-1115.0,286.99,-1401.99,523.0,30.83,492.17,13:18,15:15,78000|77700,SL|TIME
SENSEX,2026-08-26,Wed,2026-08-27,1,1,MOVESTOP_RC_CD15,2,1,1,404.3,-592.0,317.82,-909.82,-1115.0,286.99,-1401.99,523.0,30.83,492.17,13:18,15:15,78000|77700,SL|TIME
SENSEX,2026-08-26,Wed,2026-08-27,1,1,NOSTOP_HOLD,1,0,0,404.3,73.0,31.65,41.35,73.0,31.65,41.35,0,0,0,15:15,15:15,78000,TIME
SENSEX,2026-08-27,Thu,2026-08-27,0,0,ONE_AND_DONE,1,0,1,264.75,-2590.0,282.43,-2872.43,-2590.0,282.43,-2872.43,0,0,0,11:19,11:19,77600,SL
SENSEX,2026-08-27,Thu,2026-08-27,0,0,RECENTER_1,2,1,1,264.75,-971.0,307.66,-1278.66,-2590.0,282.43,-2872.43,1619.0,25.23,1593.77,11:19,15:15,77600|77300,SL|TIME
SENSEX,2026-08-27,Thu,2026-08-27,0,0,RECENTER_2,2,1,1,264.75,-971.0,307.66,-1278.66,-2590.0,282.43,-2872.43,1619.0,25.23,1593.77,11:19,15:15,77600|77300,SL|TIME
SENSEX,2026-08-27,Thu,2026-08-27,0,0,RECENTER_3,2,1,1,264.75,-971.0,307.66,-1278.66,-2590.0,282.43,-2872.43,1619.0,25.23,1593.77,11:19,15:15,77600|77300,SL|TIME
SENSEX,2026-08-27,Thu,2026-08-27,0,0,RECENTER_5,2,1,1,264.75,-971.0,307.66,-1278.66,-2590.0,282.43,-2872.43,1619.0,25.23,1593.77,11:19,15:15,77600|77300,SL|TIME
SENSEX,2026-08-27,Thu,2026-08-27,0,0,RECENTER_2_CD15,2,1,1,264.75,-971.0,307.66,-1278.66,-2590.0,282.43,-2872.43,1619.0,25.23,1593.77,11:19,15:15,77600|77300,SL|TIME
SENSEX,2026-08-27,Thu,2026-08-27,0,0,RECENTER_3_CD15,2,1,1,264.75,-971.0,307.66,-1278.66,-2590.0,282.43,-2872.43,1619.0,25.23,1593.77,11:19,15:15,77600|77300,SL|TIME
SENSEX,2026-08-27,Thu,2026-08-27,0,0,RECENTER_5_CD15,2,1,1,264.75,-971.0,307.66,-1278.66,-2590.0,282.43,-2872.43,1619.0,25.23,1593.77,11:19,15:15,77600|77300,SL|TIME
SENSEX,2026-08-27,Thu,2026-08-27,0,0,RECENTER_5_NOGUARD,2,1,1,264.75,-971.0,307.66,-1278.66,-2590.0,282.43,-2872.43,1619.0,25.23,1593.77,11:19,15:15,77600|77300,SL|TIME
SENSEX,2026-08-27,Thu,2026-08-27,0,0,MOVESTOP_ONE,1,0,1,264.75,-917.0,281.68,-1198.68,-917.0,281.68,-1198.68,0,0,0,10:30,10:30,77600,SL
SENSEX,2026-08-27,Thu,2026-08-27,0,0,MOVESTOP_RECENTER,2,1,1,264.75,-119.0,306.89,-425.89,-917.0,281.68,-1198.68,798.0,25.21,772.79,10:30,15:15,77600|77400,SL|TIME
SENSEX,2026-08-27,Thu,2026-08-27,0,0,MOVESTOP_RC1,2,1,1,264.75,-119.0,306.89,-425.89,-917.0,281.68,-1198.68,798.0,25.21,772.79,10:30,15:15,77600|77400,SL|TIME
SENSEX,2026-08-27,Thu,2026-08-27,0,0,MOVESTOP_RC_CD15,2,1,1,264.75,-119.0,306.89,-425.89,-917.0,281.68,-1198.68,798.0,25.21,772.79,10:30,15:15,77600|77400,SL|TIME
SENSEX,2026-08-27,Thu,2026-08-27,0,0,NOSTOP_HOLD,1,0,0,264.75,-1335.0,27.07,-1362.07,-1335.0,27.07,-1362.07,0,0,0,15:15,15:15,77600,TIME
SENSEX,2026-08-28,Fri,2026-09-03,4,6,ONE_AND_DONE,1,0,0,830.95,292.0,47.52,244.48,292.0,47.52,244.48,0,0,0,15:15,15:15,77300,TIME
SENSEX,2026-08-28,Fri,2026-09-03,4,6,RECENTER_1,1,0,0,830.95,292.0,47.52,244.48,292.0,47.52,244.48,0,0,0,15:15,15:15,77300,TIME
SENSEX,2026-08-28,Fri,2026-09-03,4,6,RECENTER_2,1,0,0,830.95,292.0,47.52,244.48,292.0,47.52,244.48,0,0,0,15:15,15:15,77300,TIME
SENSEX,2026-08-28,Fri,2026-09-03,4,6,RECENTER_3,1,0,0,830.95,292.0,47.52,244.48,292.0,47.52,244.48,0,0,0,15:15,15:15,77300,TIME
SENSEX,2026-08-28,Fri,2026-09-03,4,6,RECENTER_5,1,0,0,830.95,292.0,47.52,244.48,292.0,47.52,244.48,0,0,0,15:15,15:15,77300,TIME
SENSEX,2026-08-28,Fri,2026-09-03,4,6,RECENTER_2_CD15,1,0,0,830.95,292.0,47.52,244.48,292.0,47.52,244.48,0,0,0,15:15,15:15,77300,TIME
SENSEX,2026-08-28,Fri,2026-09-03,4,6,RECENTER_3_CD15,1,0,0,830.95,292.0,47.52,244.48,292.0,47.52,244.48,0,0,0,15:15,15:15,77300,TIME
SENSEX,2026-08-28,Fri,2026-09-03,4,6,RECENTER_5_CD15,1,0,0,830.95,292.0,47.52,244.48,292.0,47.52,244.48,0,0,0,15:15,15:15,77300,TIME
SENSEX,2026-08-28,Fri,2026-09-03,4,6,RECENTER_5_NOGUARD,1,0,0,830.95,292.0,47.52,244.48,292.0,47.52,244.48,0,0,0,15:15,15:15,77300,TIME
SENSEX,2026-08-28,Fri,2026-09-03,4,6,MOVESTOP_ONE,1,0,0,830.95,292.0,47.52,244.48,292.0,47.52,244.48,0,0,0,15:15,15:15,77300,TIME
SENSEX,2026-08-28,Fri,2026-09-03,4,6,MOVESTOP_RECENTER,1,0,0,830.95,292.0,47.52,244.48,292.0,47.52,244.48,0,0,0,15:15,15:15,77300,TIME
SENSEX,2026-08-28,Fri,2026-09-03,4,6,MOVESTOP_RC1,1,0,0,830.95,292.0,47.52,244.48,292.0,47.52,244.48,0,0,0,15:15,15:15,77300,TIME
SENSEX,2026-08-28,Fri,2026-09-03,4,6,MOVESTOP_RC_CD15,1,0,0,830.95,292.0,47.52,244.48,292.0,47.52,244.48,0,0,0,15:15,15:15,77300,TIME
SENSEX,2026-08-28,Fri,2026-09-03,4,6,NOSTOP_HOLD,1,0,0,830.95,292.0,47.52,244.48,292.0,47.52,244.48,0,0,0,15:15,15:15,77300,TIME
SENSEX,2026-08-31,Mon,2026-09-03,3,3,ONE_AND_DONE,1,0,0,696.8,-1083.0,43.12,-1126.12,-1083.0,43.12,-1126.12,0,0,0,15:15,15:15,77000,TIME
SENSEX,2026-08-31,Mon,2026-09-03,3,3,RECENTER_1,1,0,0,696.8,-1083.0,43.12,-1126.12,-1083.0,43.12,-1126.12,0,0,0,15:15,15:15,77000,TIME
SENSEX,2026-08-31,Mon,2026-09-03,3,3,RECENTER_2,1,0,0,696.8,-1083.0,43.12,-1126.12,-1083.0,43.12,-1126.12,0,0,0,15:15,15:15,77000,TIME
SENSEX,2026-08-31,Mon,2026-09-03,3,3,RECENTER_3,1,0,0,696.8,-1083.0,43.12,-1126.12,-1083.0,43.12,-1126.12,0,0,0,15:15,15:15,77000,TIME
SENSEX,2026-08-31,Mon,2026-09-03,3,3,RECENTER_5,1,0,0,696.8,-1083.0,43.12,-1126.12,-1083.0,43.12,-1126.12,0,0,0,15:15,15:15,77000,TIME
SENSEX,2026-08-31,Mon,2026-09-03,3,3,RECENTER_2_CD15,1,0,0,696.8,-1083.0,43.12,-1126.12,-1083.0,43.12,-1126.12,0,0,0,15:15,15:15,77000,TIME
SENSEX,2026-08-31,Mon,2026-09-03,3,3,RECENTER_3_CD15,1,0,0,696.8,-1083.0,43.12,-1126.12,-1083.0,43.12,-1126.12,0,0,0,15:15,15:15,77000,TIME
SENSEX,2026-08-31,Mon,2026-09-03,3,3,RECENTER_5_CD15,1,0,0,696.8,-1083.0,43.12,-1126.12,-1083.0,43.12,-1126.12,0,0,0,15:15,15:15,77000,TIME
SENSEX,2026-08-31,Mon,2026-09-03,3,3,RECENTER_5_NOGUARD,1,0,0,696.8,-1083.0,43.12,-1126.12,-1083.0,43.12,-1126.12,0,0,0,15:15,15:15,77000,TIME
SENSEX,2026-08-31,Mon,2026-09-03,3,3,MOVESTOP_ONE,1,0,0,696.8,-1083.0,43.12,-1126.12,-1083.0,43.12,-1126.12,0,0,0,15:15,15:15,77000,TIME
SENSEX,2026-08-31,Mon,2026-09-03,3,3,MOVESTOP_RECENTER,1,0,0,696.8,-1083.0,43.12,-1126.12,-1083.0,43.12,-1126.12,0,0,0,15:15,15:15,77000,TIME
SENSEX,2026-08-31,Mon,2026-09-03,3,3,MOVESTOP_RC1,1,0,0,696.8,-1083.0,43.12,-1126.12,-1083.0,43.12,-1126.12,0,0,0,15:15,15:15,77000,TIME
SENSEX,2026-08-31,Mon,2026-09-03,3,3,MOVESTOP_RC_CD15,1,0,0,696.8,-1083.0,43.12,-1126.12,-1083.0,43.12,-1126.12,0,0,0,15:15,15:15,77000,TIME
SENSEX,2026-08-31,Mon,2026-09-03,3,3,NOSTOP_HOLD,1,0,0,696.8,-1083.0,43.12,-1126.12,-1083.0,43.12,-1126.12,0,0,0,15:15,15:15,77000,TIME
