venue,cell,arm,n,credit_med,med_net_8L,mean_net_8L,win_pct,worst_8L,tstat,t_obs,stop_freq_pct,b_slope,b_src,e95_gate_bp,e95_src,n_dte,n_mon,n_cur,sl_cap_8L,ov95_perlot,adv95_cap_8L,adv95_cap_ov_8L,rr_p95,rr_p95_ov,p_loss_model,p_stop_long,be_term_bp,nb_pass,nb_tot,G1,G2,G3,G4,G5,G6_venue
NIFTY,W_0916_0946,NOSTOP,18,201.4,3080,3004,83.3,-1448,4.5,4.5,0.0,0.000644,cell(n=8),65.7,mon,353,547,39,,,6432,6432,2.09,2.09,12.2,0.0,33.0,1,2,1,1,1,0,1,0
NIFTY,W_0916_0946,R1000,18,201.4,3080,3004,83.3,-1448,4.5,4.5,0.0,0.000644,cell(n=8),65.7,mon,353,547,39,10000,934,6432,6432,2.09,2.09,12.2,0.8,33.0,1,2,1,1,1,0,1,0
NIFTY,W_0916_0946,R1500,18,201.4,3080,3004,83.3,-1448,4.5,4.5,0.0,0.000644,cell(n=8),65.7,mon,353,547,39,14000,1074,6432,6432,2.09,2.09,12.2,0.6,33.0,1,2,1,1,1,0,1,0
NIFTY,W_0916_0946,R2500,18,201.4,3080,3004,83.3,-1448,4.5,4.5,0.0,0.000644,cell(n=8),65.7,mon,353,547,39,22000,1156,6432,6432,2.09,2.09,12.2,0.0,33.0,1,2,1,1,1,0,1,0
NIFTY,W_0916_0946,R500,18,201.4,3080,2172,77.8,-12264,2.01,2.01,5.6,0.000644,cell(n=8),65.7,mon,353,547,39,6000,771,6000,6432,1.95,2.09,11.9,5.1,34.4,2,2,1,1,1,0,0,0
NIFTY,W_0916_0946,SLP10,18,201.4,3080,3004,83.3,-1448,4.5,4.5,0.0,0.000644,cell(n=8),65.7,mon,353,547,39,12472,988,6432,6432,2.09,2.09,12.2,0.6,33.0,1,2,1,1,1,0,1,0
NIFTY,W_0916_0946,SLP15,18,201.4,3080,3004,83.3,-1448,4.5,4.5,0.0,0.000644,cell(n=8),65.7,mon,353,547,39,17707,1135,6432,6432,2.09,2.09,12.2,0.6,33.0,1,2,1,1,1,0,1,0
NIFTY,W_0916_0946,SLP20,18,201.4,3080,3004,83.3,-1448,4.5,4.5,0.0,0.000644,cell(n=8),65.7,mon,353,547,39,22943,978,6432,6432,2.09,2.09,12.2,0.0,33.0,1,2,1,1,1,0,1,0
NIFTY,W_0916_0946,SLP25,18,201.4,3080,3004,83.3,-1448,4.5,4.5,0.0,0.000644,cell(n=8),65.7,mon,353,547,39,28179,823,6432,6432,2.09,2.09,12.2,0.0,33.0,1,2,1,1,1,0,1,0
NIFTY,W_0916_0946,SLP30,18,201.4,3080,3004,83.3,-1448,4.5,4.5,0.0,0.000644,cell(n=8),65.7,mon,353,547,39,33414,919,6432,6432,2.09,2.09,12.2,0.0,33.0,1,2,1,1,1,0,1,0
NIFTY,W_0916_0946,SLP40,18,201.4,3080,3004,83.3,-1448,4.5,4.5,0.0,0.000644,cell(n=8),65.7,mon,353,547,39,43886,829,6432,6432,2.09,2.09,12.2,0.0,33.0,1,2,1,1,1,0,1,0
NIFTY,W_0916_1001,NOSTOP,18,201.4,3588,3150,88.9,-15424,2.48,2.48,0.0,0.000466,cell(n=11),73.1,mon,353,547,39,,,5565,5565,1.55,1.55,11.3,0.0,41.4,3,4,1,1,1,1,0,0
NIFTY,W_0916_1001,R1000,18,201.4,3588,3132,88.9,-15752,2.43,2.43,5.6,0.000466,cell(n=11),73.1,mon,353,547,39,10000,934,5565,5565,1.55,1.55,11.3,0.8,41.4,3,4,1,1,1,1,0,0
NIFTY,W_0916_1001,R1500,18,201.4,3588,2755,88.9,-22536,1.7,1.7,5.6,0.000466,cell(n=11),73.1,mon,353,547,39,14000,1074,5565,5565,1.55,1.55,11.3,0.6,41.4,3,4,1,1,1,1,0,0
NIFTY,W_0916_1001,R2500,18,201.4,3588,3150,88.9,-15424,2.48,2.48,0.0,0.000466,cell(n=11),73.1,mon,353,547,39,22000,1156,5565,5565,1.55,1.55,11.3,0.0,41.4,3,4,1,1,1,1,0,0
NIFTY,W_0916_1001,R500,18,201.4,3588,2490,83.3,-12264,1.78,1.78,11.1,0.000466,cell(n=11),73.1,mon,353,547,39,6000,771,5565,5565,1.55,1.55,10.8,2.5,42.2,4,4,1,1,1,1,0,0
NIFTY,W_0916_1001,SLP10,18,201.4,3588,2960,88.9,-18848,2.06,2.06,5.6,0.000466,cell(n=11),73.1,mon,353,547,39,12472,988,5565,5565,1.55,1.55,11.3,0.6,41.4,3,4,1,1,1,1,0,0
NIFTY,W_0916_1001,SLP15,18,201.4,3588,2755,88.9,-22536,1.7,1.7,5.6,0.000466,cell(n=11),73.1,mon,353,547,39,17707,1135,5565,5565,1.55,1.55,11.3,0.0,41.4,3,4,1,1,1,1,0,0
NIFTY,W_0916_1001,SLP20,18,201.4,3588,3150,88.9,-15424,2.48,2.48,0.0,0.000466,cell(n=11),73.1,mon,353,547,39,22943,978,5565,5565,1.55,1.55,11.3,0.0,41.4,3,4,1,1,1,1,0,0
NIFTY,W_0916_1001,SLP25,18,201.4,3588,3150,88.9,-15424,2.48,2.48,0.0,0.000466,cell(n=11),73.1,mon,353,547,39,28179,823,5565,5565,1.55,1.55,11.3,0.0,41.4,3,4,1,1,1,1,0,0
NIFTY,W_0916_1001,SLP30,18,201.4,3588,3150,88.9,-15424,2.48,2.48,0.0,0.000466,cell(n=11),73.1,mon,353,547,39,33414,919,5565,5565,1.55,1.55,11.3,0.0,41.4,3,4,1,1,1,1,0,0
NIFTY,W_0916_1001,SLP40,18,201.4,3588,3150,88.9,-15424,2.48,2.48,0.0,0.000466,cell(n=11),73.1,mon,353,547,39,43886,829,5565,5565,1.55,1.55,11.3,0.0,41.4,3,4,1,1,1,1,0,0
NIFTY,W_0916_1016,NOSTOP,18,201.4,4252,4473,94.4,-8264,4.24,4.24,0.0,0.000337,cell(n=12),78.9,mon,353,547,39,,,4785,4785,1.13,1.13,17.0,0.0,36.0,4,4,1,1,1,1,0,0
NIFTY,W_0916_1016,R1000,18,201.4,4252,4057,94.4,-15752,2.94,2.94,5.6,0.000337,cell(n=12),78.9,mon,353,547,39,10000,934,4785,4785,1.13,1.13,17.0,0.6,36.0,4,4,1,1,1,1,0,0
NIFTY,W_0916_1016,R1500,18,201.4,4252,3680,94.4,-22536,2.15,2.15,5.6,0.000337,cell(n=12),78.9,mon,353,547,39,14000,1074,4785,4785,1.13,1.13,17.0,0.3,36.0,4,4,1,1,1,1,0,0
NIFTY,W_0916_1016,R2500,18,201.4,4252,4473,94.4,-8264,4.24,4.24,0.0,0.000337,cell(n=12),78.9,mon,353,547,39,22000,1156,4785,4785,1.13,1.13,17.0,0.0,36.0,4,4,1,1,1,1,0,0
NIFTY,W_0916_1016,R500,18,201.4,4252,3494,88.9,-12264,2.32,2.32,11.1,0.000337,cell(n=12),78.9,mon,353,547,39,6000,771,4785,4785,1.13,1.13,17.0,2.0,35.7,4,4,1,1,1,1,0,0
NIFTY,W_0916_1016,SLP10,18,201.4,4252,3885,94.4,-18848,2.54,2.54,5.6,0.000337,cell(n=12),78.9,mon,353,547,39,12472,988,4785,4785,1.13,1.13,17.0,0.3,36.0,4,4,1,1,1,1,0,0
NIFTY,W_0916_1016,SLP15,18,201.4,4252,3680,94.4,-22536,2.15,2.15,5.6,0.000337,cell(n=12),78.9,mon,353,547,39,17707,1135,4785,4785,1.13,1.13,17.0,0.0,36.0,4,4,1,1,1,1,0,0
NIFTY,W_0916_1016,SLP20,18,201.4,4252,4473,94.4,-8264,4.24,4.24,0.0,0.000337,cell(n=12),78.9,mon,353,547,39,22943,978,4785,4785,1.13,1.13,17.0,0.0,36.0,4,4,1,1,1,1,0,0
NIFTY,W_0916_1016,SLP25,18,201.4,4252,4473,94.4,-8264,4.24,4.24,0.0,0.000337,cell(n=12),78.9,mon,353,547,39,28179,823,4785,4785,1.13,1.13,17.0,0.0,36.0,4,4,1,1,1,1,0,0
NIFTY,W_0916_1016,SLP30,18,201.4,4252,4473,94.4,-8264,4.24,4.24,0.0,0.000337,cell(n=12),78.9,mon,353,547,39,33414,919,4785,4785,1.13,1.13,17.0,0.0,36.0,4,4,1,1,1,1,0,0
NIFTY,W_0916_1016,SLP40,18,201.4,4252,4473,94.4,-8264,4.24,4.24,0.0,0.000337,cell(n=12),78.9,mon,353,547,39,43886,829,4785,4785,1.13,1.13,17.0,0.0,36.0,4,4,1,1,1,1,0,0
NIFTY,W_0916_1031,NOSTOP,18,201.4,4232,4561,88.9,-17944,2.79,2.79,0.0,0.000259,cell(n=13),84.4,mon,353,547,39,,,4287,4287,1.01,1.01,18.4,0.0,38.3,3,4,1,1,1,1,0,0
NIFTY,W_0916_1031,R1000,18,201.4,4232,4683,88.9,-15752,3.05,3.05,5.6,0.000259,cell(n=13),84.4,mon,353,547,39,10000,934,4287,4287,1.01,1.01,18.4,0.3,38.3,3,4,1,1,1,1,0,0
NIFTY,W_0916_1031,R1500,18,201.4,4232,4306,88.9,-22536,2.33,2.33,5.6,0.000259,cell(n=13),84.4,mon,353,547,39,14000,1074,4287,4287,1.01,1.01,18.4,0.3,38.3,3,4,1,1,1,1,0,0
NIFTY,W_0916_1031,R2500,18,201.4,4232,3975,88.9,-28496,1.86,1.86,5.6,0.000259,cell(n=13),84.4,mon,353,547,39,22000,1156,4287,4287,1.01,1.01,18.4,0.0,38.3,3,4,1,1,1,1,0,0
NIFTY,W_0916_1031,R500,18,201.4,4232,4139,83.3,-12264,2.5,2.5,11.1,0.000259,cell(n=13),84.4,mon,353,547,39,6000,771,4287,4287,1.01,1.01,18.4,1.4,38.3,4,4,1,1,1,1,0,0
NIFTY,W_0916_1031,SLP10,18,201.4,4232,4511,88.9,-18848,2.7,2.7,5.6,0.000259,cell(n=13),84.4,mon,353,547,39,12472,988,4287,4287,1.01,1.01,18.4,0.3,38.3,3,4,1,1,1,1,0,0
NIFTY,W_0916_1031,SLP15,18,201.4,4232,4306,88.9,-22536,2.33,2.33,5.6,0.000259,cell(n=13),84.4,mon,353,547,39,17707,1135,4287,4287,1.01,1.01,18.4,0.0,38.3,3,4,1,1,1,1,0,0
NIFTY,W_0916_1031,SLP20,18,201.4,4232,3975,88.9,-28496,1.86,1.86,5.6,0.000259,cell(n=13),84.4,mon,353,547,39,22943,978,4287,4287,1.01,1.01,18.4,0.0,38.3,3,4,1,1,1,1,0,0
NIFTY,W_0916_1031,SLP25,18,201.4,4232,4561,88.9,-17944,2.79,2.79,0.0,0.000259,cell(n=13),84.4,mon,353,547,39,28179,823,4287,4287,1.01,1.01,18.4,0.0,38.3,3,4,1,1,1,1,0,0
NIFTY,W_0916_1031,SLP30,18,201.4,4232,4561,88.9,-17944,2.79,2.79,0.0,0.000259,cell(n=13),84.4,mon,353,547,39,33414,919,4287,4287,1.01,1.01,18.4,0.0,38.3,3,4,1,1,1,1,0,0
NIFTY,W_0916_1031,SLP40,18,201.4,4232,4561,88.9,-17944,2.79,2.79,0.0,0.000259,cell(n=13),84.4,mon,353,547,39,43886,829,4287,4287,1.01,1.01,18.4,0.0,38.3,3,4,1,1,1,1,0,0
NIFTY,W_0916_1046,NOSTOP,18,201.4,4812,4417,88.9,-19584,2.49,2.49,0.0,0.000362,cell(n=14),89.8,mon,353,547,39,,,5407,5407,1.12,1.12,18.4,0.0,39.7,3,4,1,1,1,1,0,0
NIFTY,W_0916_1046,R1000,18,201.4,4812,4630,88.9,-15752,2.88,2.88,5.6,0.000362,cell(n=14),89.8,mon,353,547,39,10000,934,5407,5407,1.12,1.12,18.4,0.6,39.7,3,4,1,1,1,1,0,0
NIFTY,W_0916_1046,R1500,18,201.4,4812,4253,88.9,-22536,2.23,2.23,5.6,0.000362,cell(n=14),89.8,mon,353,547,39,14000,1074,5407,5407,1.12,1.12,18.4,0.3,39.7,3,4,1,1,1,1,0,0
NIFTY,W_0916_1046,R2500,18,201.4,4812,3922,88.9,-28496,1.79,1.79,5.6,0.000362,cell(n=14),89.8,mon,353,547,39,22000,1156,5407,5407,1.12,1.12,18.4,0.0,39.7,3,4,1,1,1,1,0,0
NIFTY,W_0916_1046,R500,18,201.4,4812,3956,83.3,-12264,2.29,2.29,11.1,0.000362,cell(n=14),89.8,mon,353,547,39,6000,771,5407,5407,1.12,1.12,18.1,3.4,40.0,3,4,1,1,1,1,0,0
NIFTY,W_0916_1046,SLP10,18,201.4,4812,4458,88.9,-18848,2.56,2.56,5.6,0.000362,cell(n=14),89.8,mon,353,547,39,12472,988,5407,5407,1.12,1.12,18.4,0.3,39.7,3,4,1,1,1,1,0,0
NIFTY,W_0916_1046,SLP15,18,201.4,4812,4253,88.9,-22536,2.23,2.23,5.6,0.000362,cell(n=14),89.8,mon,353,547,39,17707,1135,5407,5407,1.12,1.12,18.4,0.3,39.7,3,4,1,1,1,1,0,0
NIFTY,W_0916_1046,SLP20,18,201.4,4812,3922,88.9,-28496,1.79,1.79,5.6,0.000362,cell(n=14),89.8,mon,353,547,39,22943,978,5407,5407,1.12,1.12,18.4,0.0,39.7,3,4,1,1,1,1,0,0
NIFTY,W_0916_1046,SLP25,18,201.4,4812,3799,88.9,-30704,1.66,1.66,5.6,0.000362,cell(n=14),89.8,mon,353,547,39,28179,823,5407,5407,1.12,1.12,18.4,0.0,39.7,3,4,1,1,1,1,0,0
NIFTY,W_0916_1046,SLP30,18,201.4,4812,4417,88.9,-19584,2.49,2.49,0.0,0.000362,cell(n=14),89.8,mon,353,547,39,33414,919,5407,5407,1.12,1.12,18.4,0.0,39.7,3,4,1,1,1,1,0,0
NIFTY,W_0916_1046,SLP40,18,201.4,4812,4417,88.9,-19584,2.49,2.49,0.0,0.000362,cell(n=14),89.8,mon,353,547,39,43886,829,5407,5407,1.12,1.12,18.4,0.0,39.7,3,4,1,1,1,1,0,0
NIFTY,W_0916_1101,NOSTOP,18,201.4,6120,5157,72.2,-12224,3.16,3.16,0.0,0.000466,cell(n=15),94.2,dte,353,547,39,,,6594,6594,1.08,1.08,22.1,0.0,37.0,4,4,1,1,1,1,0,0
NIFTY,W_0916_1101,R1000,18,201.4,6120,4961,72.2,-15752,2.82,2.82,5.6,0.000466,cell(n=15),94.2,dte,353,547,39,10000,934,6594,6594,1.08,1.08,22.1,1.7,37.0,4,4,1,1,1,1,0,0
NIFTY,W_0916_1101,R1500,18,201.4,6120,4584,72.2,-22536,2.25,2.25,5.6,0.000466,cell(n=15),94.2,dte,353,547,39,14000,1074,6594,6594,1.08,1.08,22.1,0.8,37.0,4,4,1,1,1,1,0,0
NIFTY,W_0916_1101,R2500,18,201.4,6120,4253,72.2,-28496,1.84,1.84,5.6,0.000466,cell(n=15),94.2,dte,353,547,39,22000,1156,6594,6594,1.08,1.08,22.1,0.3,37.0,4,4,1,1,1,1,0,0
NIFTY,W_0916_1101,R500,18,201.4,6120,3770,66.7,-12264,1.85,1.85,16.7,0.000466,cell(n=15),94.2,dte,353,547,39,6000,771,6000,6594,0.98,1.08,20.7,7.4,39.2,2,4,1,1,1,0,0,0
NIFTY,W_0916_1101,SLP10,18,201.4,6120,4789,72.2,-18848,2.54,2.54,5.6,0.000466,cell(n=15),94.2,dte,353,547,39,12472,988,6594,6594,1.08,1.08,22.1,0.8,37.0,4,4,1,1,1,1,0,0
NIFTY,W_0916_1101,SLP15,18,201.4,6120,4584,72.2,-22536,2.25,2.25,5.6,0.000466,cell(n=15),94.2,dte,353,547,39,17707,1135,6594,6594,1.08,1.08,22.1,0.3,37.0,4,4,1,1,1,1,0,0
NIFTY,W_0916_1101,SLP20,18,201.4,6120,4253,72.2,-28496,1.84,1.84,5.6,0.000466,cell(n=15),94.2,dte,353,547,39,22943,978,6594,6594,1.08,1.08,22.1,0.3,37.0,4,4,1,1,1,1,0,0
NIFTY,W_0916_1101,SLP25,18,201.4,6120,4131,72.2,-30704,1.71,1.71,5.6,0.000466,cell(n=15),94.2,dte,353,547,39,28179,823,6594,6594,1.08,1.08,22.1,0.0,37.0,4,4,1,1,1,1,0,0
NIFTY,W_0916_1101,SLP30,18,201.4,6120,5157,72.2,-12224,3.16,3.16,0.0,0.000466,cell(n=15),94.2,dte,353,547,39,33414,919,6594,6594,1.08,1.08,22.1,0.0,37.0,4,4,1,1,1,1,0,0
NIFTY,W_0916_1101,SLP40,18,201.4,6120,5157,72.2,-12224,3.16,3.16,0.0,0.000466,cell(n=15),94.2,dte,353,547,39,43886,829,6594,6594,1.08,1.08,22.1,0.0,37.0,4,4,1,1,1,1,0,0
NIFTY,W_0916_1116,NOSTOP,18,201.4,6920,5120,88.9,-20464,2.63,2.63,0.0,0.000466,cell(n=15),101.5,mon,353,547,39,,,6950,6950,1.0,1.0,21.0,0.0,41.5,3,3,1,1,1,1,0,0
NIFTY,W_0916_1116,R1000,18,201.4,6920,5382,88.9,-15752,3.08,3.08,5.6,0.000466,cell(n=15),101.5,mon,353,547,39,10000,934,6950,6950,1.0,1.0,21.0,1.7,41.5,3,3,1,1,1,1,0,0
NIFTY,W_0916_1116,R1500,18,201.4,6920,5005,88.9,-22536,2.46,2.46,5.6,0.000466,cell(n=15),101.5,mon,353,547,39,14000,1074,6950,6950,1.0,1.0,21.0,1.1,41.5,3,3,1,1,1,1,0,0
NIFTY,W_0916_1116,R2500,18,201.4,6920,4674,88.9,-28496,2.03,2.03,5.6,0.000466,cell(n=15),101.5,mon,353,547,39,22000,1156,6950,6950,1.0,1.0,21.0,0.3,41.5,3,3,1,1,1,1,0,0
NIFTY,W_0916_1116,R500,18,201.4,6300,3476,77.8,-12264,1.61,1.61,22.2,0.000466,cell(n=15),101.5,mon,353,547,39,6000,771,6000,6950,0.95,1.1,18.7,8.5,45.0,1,3,1,1,1,0,0,0
NIFTY,W_0916_1116,SLP10,18,201.4,6920,4752,88.9,-18848,2.28,2.28,11.1,0.000466,cell(n=15),101.5,mon,353,547,39,12472,988,6950,6950,1.0,1.0,19.8,1.4,42.5,3,3,1,1,1,1,0,0
NIFTY,W_0916_1116,SLP15,18,201.4,6920,5005,88.9,-22536,2.46,2.46,5.6,0.000466,cell(n=15),101.5,mon,353,547,39,17707,1135,6950,6950,1.0,1.0,21.0,0.3,41.5,3,3,1,1,1,1,0,0
NIFTY,W_0916_1116,SLP20,18,201.4,6920,4674,88.9,-28496,2.03,2.03,5.6,0.000466,cell(n=15),101.5,mon,353,547,39,22943,978,6950,6950,1.0,1.0,21.0,0.3,41.5,3,3,1,1,1,1,0,0
NIFTY,W_0916_1116,SLP25,18,201.4,6920,4552,88.9,-30704,1.89,1.89,5.6,0.000466,cell(n=15),101.5,mon,353,547,39,28179,823,6950,6950,1.0,1.0,21.0,0.0,41.5,3,3,1,1,1,1,0,0
NIFTY,W_0916_1116,SLP30,18,201.4,6920,5120,88.9,-20464,2.63,2.63,0.0,0.000466,cell(n=15),101.5,mon,353,547,39,33414,919,6950,6950,1.0,1.0,21.0,0.0,41.5,3,3,1,1,1,1,0,0
NIFTY,W_0916_1116,SLP40,18,201.4,6920,5120,88.9,-20464,2.63,2.63,0.0,0.000466,cell(n=15),101.5,mon,353,547,39,43886,829,6950,6950,1.0,1.0,21.0,0.0,41.5,3,3,1,1,1,1,0,0
NIFTY,W_0930_1000,NOSTOP,18,191.8,2096,1570,77.8,-9536,1.67,1.67,0.0,0.001379,pooled(n=1115),58.1,mon,353,548,39,,,9990,9990,4.77,4.77,24.1,0.0,22.0,3,4,1,0,1,1,0,0
NIFTY,W_0930_1000,R1000,18,191.8,2096,1144,77.8,-17200,0.9,0.9,5.6,0.001379,pooled(n=1115),58.1,mon,353,548,39,10000,934,9990,9990,4.77,4.77,24.1,4.2,22.0,3,4,1,0,1,1,0,0
NIFTY,W_0930_1000,R1500,18,191.8,2096,1570,77.8,-9536,1.67,1.67,0.0,0.001379,pooled(n=1115),58.1,mon,353,548,39,14000,1074,9990,9990,4.77,4.77,24.1,1.7,22.0,3,4,1,0,1,1,0,0
NIFTY,W_0930_1000,R2500,18,191.8,2096,1570,77.8,-9536,1.67,1.67,0.0,0.001379,pooled(n=1115),58.1,mon,353,548,39,22000,1156,9990,9990,4.77,4.77,24.1,0.6,22.0,3,4,1,0,1,1,0,0
NIFTY,W_0930_1000,R500,18,191.8,2096,514,77.8,-11552,0.37,0.37,16.7,0.001379,pooled(n=1115),58.1,mon,353,548,39,6000,771,6000,9990,2.86,4.77,42.5,32.0,16.2,3,4,1,1,0,1,0,0
NIFTY,W_0930_1000,SLP10,18,191.8,2096,1144,77.8,-17200,0.9,0.9,5.6,0.001379,pooled(n=1115),58.1,mon,353,548,39,11975,988,9990,9990,4.77,4.77,24.1,2.5,22.0,3,4,1,0,1,1,0,0
NIFTY,W_0930_1000,SLP15,18,191.8,2096,1570,77.8,-9536,1.67,1.67,0.0,0.001379,pooled(n=1115),58.1,mon,353,548,39,16962,1135,9990,9990,4.77,4.77,24.1,1.1,22.0,3,4,1,0,1,1,0,0
NIFTY,W_0930_1000,SLP20,18,191.8,2096,1570,77.8,-9536,1.67,1.67,0.0,0.001379,pooled(n=1115),58.1,mon,353,548,39,21950,978,9990,9990,4.77,4.77,24.1,0.6,22.0,3,4,1,0,1,1,0,0
NIFTY,W_0930_1000,SLP25,18,191.8,2096,1570,77.8,-9536,1.67,1.67,0.0,0.001379,pooled(n=1115),58.1,mon,353,548,39,26937,823,9990,9990,4.77,4.77,24.1,0.6,22.0,3,4,1,0,1,1,0,0
NIFTY,W_0930_1000,SLP30,18,191.8,2096,1570,77.8,-9536,1.67,1.67,0.0,0.001379,pooled(n=1115),58.1,mon,353,548,39,31925,919,9990,9990,4.77,4.77,24.1,0.3,22.0,3,4,1,0,1,1,0,0
NIFTY,W_0930_1000,SLP40,18,191.8,2096,1570,77.8,-9536,1.67,1.67,0.0,0.001379,pooled(n=1115),58.1,mon,353,548,39,41900,829,9990,9990,4.77,4.77,24.1,0.0,22.0,3,4,1,0,1,1,0,0
NIFTY,W_0930_1015,NOSTOP,18,191.8,4192,3140,83.3,-4624,4.36,4.36,0.0,0.001379,pooled(n=1115),72.0,mon,353,548,39,,,11902,11902,2.84,2.84,23.8,0.0,26.6,3,6,1,1,1,1,1,0
NIFTY,W_0930_1015,R1000,18,191.8,4192,2442,83.3,-17200,1.9,1.9,5.6,0.001379,pooled(n=1115),72.0,mon,353,548,39,10000,934,10000,11902,2.39,2.84,27.8,7.4,24.4,3,6,1,1,1,1,0,0
NIFTY,W_0930_1015,R1500,18,191.8,4192,3140,83.3,-4624,4.36,4.36,0.0,0.001379,pooled(n=1115),72.0,mon,353,548,39,14000,1074,11902,11902,2.84,2.84,23.8,2.0,26.6,3,6,1,1,1,1,1,0
NIFTY,W_0930_1015,R2500,18,191.8,4192,3140,83.3,-4624,4.36,4.36,0.0,0.001379,pooled(n=1115),72.0,mon,353,548,39,22000,1156,11902,11902,2.84,2.84,23.8,1.1,26.6,3,6,1,1,1,1,1,0
NIFTY,W_0930_1015,R500,18,191.8,4192,1390,77.8,-11552,0.95,0.95,16.7,0.001379,pooled(n=1115),72.0,mon,353,548,39,6000,771,6000,11902,1.43,2.84,46.2,41.9,21.1,4,6,1,1,0,1,0,0
NIFTY,W_0930_1015,SLP10,18,191.8,4192,2442,83.3,-17200,1.9,1.9,5.6,0.001379,pooled(n=1115),72.0,mon,353,548,39,11975,988,11902,11902,2.84,2.84,27.2,2.8,24.4,3,6,1,1,1,1,0,0
NIFTY,W_0930_1015,SLP15,18,191.8,4192,3140,83.3,-4624,4.36,4.36,0.0,0.001379,pooled(n=1115),72.0,mon,353,548,39,16962,1135,11902,11902,2.84,2.84,23.8,1.4,26.6,3,6,1,1,1,1,1,0
NIFTY,W_0930_1015,SLP20,18,191.8,4192,3140,83.3,-4624,4.36,4.36,0.0,0.001379,pooled(n=1115),72.0,mon,353,548,39,21950,978,11902,11902,2.84,2.84,23.8,1.1,26.6,3,6,1,1,1,1,1,0
NIFTY,W_0930_1015,SLP25,18,191.8,4192,3140,83.3,-4624,4.36,4.36,0.0,0.001379,pooled(n=1115),72.0,mon,353,548,39,26937,823,11902,11902,2.84,2.84,23.8,0.6,26.6,3,6,1,1,1,1,1,0
NIFTY,W_0930_1015,SLP30,18,191.8,4192,3140,83.3,-4624,4.36,4.36,0.0,0.001379,pooled(n=1115),72.0,mon,353,548,39,31925,919,11902,11902,2.84,2.84,23.8,0.3,26.6,3,6,1,1,1,1,1,0
NIFTY,W_0930_1015,SLP40,18,191.8,4192,3140,83.3,-4624,4.36,4.36,0.0,0.001379,pooled(n=1115),72.0,mon,353,548,39,41900,829,11902,11902,2.84,2.84,23.8,0.0,26.6,3,6,1,1,1,1,1,0
NIFTY,W_0930_1030,NOSTOP,18,191.8,2644,2377,77.8,-12528,1.95,1.95,0.0,0.000677,cell(n=10),79.5,mon,353,548,39,,,7370,7370,2.79,2.79,29.5,0.0,25.9,3,7,1,1,1,1,0,0
NIFTY,W_0930_1030,R1000,18,191.8,2644,2117,77.8,-17200,1.5,1.5,5.6,0.000677,cell(n=10),79.5,mon,353,548,39,10000,934,7370,7370,2.79,2.79,29.7,1.7,25.9,3,7,1,1,1,1,0,0
NIFTY,W_0930_1030,R1500,18,191.8,2644,1919,77.8,-20768,1.22,1.22,5.6,0.000677,cell(n=10),79.5,mon,353,548,39,14000,1074,7370,7370,2.79,2.79,29.7,0.8,25.9,3,7,1,1,1,1,0,0
NIFTY,W_0930_1030,R2500,18,191.8,2644,2377,77.8,-12528,1.95,1.95,0.0,0.000677,cell(n=10),79.5,mon,353,548,39,22000,1156,7370,7370,2.79,2.79,29.5,0.3,25.9,3,7,1,1,1,1,0,0
NIFTY,W_0930_1030,R500,18,191.8,2644,567,66.7,-11760,0.33,0.33,22.2,0.000677,cell(n=10),79.5,mon,353,548,39,6000,771,6000,7370,2.27,2.79,47.3,10.8,19.7,4,7,1,1,0,1,0,0
NIFTY,W_0930_1030,SLP10,18,191.8,2644,2117,77.8,-17200,1.5,1.5,5.6,0.000677,cell(n=10),79.5,mon,353,548,39,11975,988,7370,7370,2.79,2.79,29.7,1.1,25.9,3,7,1,1,1,1,0,0
NIFTY,W_0930_1030,SLP15,18,191.8,2644,2377,77.8,-12528,1.95,1.95,0.0,0.000677,cell(n=10),79.5,mon,353,548,39,16962,1135,7370,7370,2.79,2.79,29.5,0.3,25.9,3,7,1,1,1,1,0,0
NIFTY,W_0930_1030,SLP20,18,191.8,2644,2377,77.8,-12528,1.95,1.95,0.0,0.000677,cell(n=10),79.5,mon,353,548,39,21950,978,7370,7370,2.79,2.79,29.5,0.3,25.9,3,7,1,1,1,1,0,0
NIFTY,W_0930_1030,SLP25,18,191.8,2644,2377,77.8,-12528,1.95,1.95,0.0,0.000677,cell(n=10),79.5,mon,353,548,39,26937,823,7370,7370,2.79,2.79,29.5,0.3,25.9,3,7,1,1,1,1,0,0
NIFTY,W_0930_1030,SLP30,18,191.8,2644,2377,77.8,-12528,1.95,1.95,0.0,0.000677,cell(n=10),79.5,mon,353,548,39,31925,919,7370,7370,2.79,2.79,29.5,0.0,25.9,3,7,1,1,1,1,0,0
NIFTY,W_0930_1030,SLP40,18,191.8,2644,2377,77.8,-12528,1.95,1.95,0.0,0.000677,cell(n=10),79.5,mon,353,548,39,41900,829,7370,7370,2.79,2.79,29.5,0.0,25.9,3,7,1,1,1,1,0,0
NIFTY,W_0930_1045,NOSTOP,18,191.8,2916,2696,72.2,-12400,2.01,2.01,0.0,0.000831,cell(n=12),84.6,mon,353,548,39,,,9012,9012,3.09,3.09,41.4,0.0,22.1,4,7,1,0,0,1,0,0
NIFTY,W_0930_1045,R1000,18,191.8,2916,2429,72.2,-17200,1.59,1.59,5.6,0.000831,cell(n=12),84.6,mon,353,548,39,10000,934,9012,9012,3.09,3.09,41.6,3.4,21.8,4,7,1,0,0,1,0,0
NIFTY,W_0930_1045,R1500,18,191.8,2916,2231,72.2,-20768,1.32,1.32,5.6,0.000831,cell(n=12),84.6,mon,353,548,39,14000,1074,9012,9012,3.09,3.09,41.6,1.1,21.8,4,7,1,0,0,1,0,0
NIFTY,W_0930_1045,R2500,18,191.8,2916,2696,72.2,-12400,2.01,2.01,0.0,0.000831,cell(n=12),84.6,mon,353,548,39,22000,1156,9012,9012,3.09,3.09,41.4,0.3,22.1,4,7,1,0,0,1,0,0
NIFTY,W_0930_1045,R500,18,191.8,2176,840,61.1,-11760,0.46,0.46,22.2,0.000831,cell(n=12),84.6,mon,353,548,39,6000,771,6000,9012,2.76,4.14,51.3,22.9,18.9,3,7,1,1,0,1,0,0
NIFTY,W_0930_1045,SLP10,18,191.8,2916,2429,72.2,-17200,1.59,1.59,5.6,0.000831,cell(n=12),84.6,mon,353,548,39,11975,988,9012,9012,3.09,3.09,41.6,2.0,21.8,4,7,1,0,0,1,0,0
NIFTY,W_0930_1045,SLP15,18,191.8,2916,2148,72.2,-22272,1.23,1.23,5.6,0.000831,cell(n=12),84.6,mon,353,548,39,16962,1135,9012,9012,3.09,3.09,41.6,0.8,21.8,4,7,1,0,0,1,0,0
NIFTY,W_0930_1045,SLP20,18,191.8,2916,2696,72.2,-12400,2.01,2.01,0.0,0.000831,cell(n=12),84.6,mon,353,548,39,21950,978,9012,9012,3.09,3.09,41.4,0.3,22.1,4,7,1,0,0,1,0,0
NIFTY,W_0930_1045,SLP25,18,191.8,2916,2696,72.2,-12400,2.01,2.01,0.0,0.000831,cell(n=12),84.6,mon,353,548,39,26937,823,9012,9012,3.09,3.09,41.4,0.3,22.1,4,7,1,0,0,1,0,0
NIFTY,W_0930_1045,SLP30,18,191.8,2916,2696,72.2,-12400,2.01,2.01,0.0,0.000831,cell(n=12),84.6,mon,353,548,39,31925,919,9012,9012,3.09,3.09,41.4,0.3,22.1,4,7,1,0,0,1,0,0
NIFTY,W_0930_1045,SLP40,18,191.8,2916,2696,72.2,-12400,2.01,2.01,0.0,0.000831,cell(n=12),84.6,mon,353,548,39,41900,829,9012,9012,3.09,3.09,41.4,0.0,22.1,4,7,1,0,0,1,0,0
NIFTY,W_0930_1100,NOSTOP,18,191.8,4428,2820,66.7,-7480,2.02,2.02,0.0,0.000831,cell(n=14),91.2,mon,353,548,39,,,9559,9559,2.16,2.16,39.9,0.0,25.5,3,7,1,1,1,1,0,0
NIFTY,W_0930_1100,R1000,18,191.8,4428,2280,66.7,-17200,1.34,1.34,5.6,0.000831,cell(n=14),91.2,mon,353,548,39,10000,934,9559,9559,2.16,2.16,49.9,4.0,20.9,3,7,1,1,0,1,0,0
NIFTY,W_0930_1100,R1500,18,191.8,4428,2082,66.7,-20768,1.13,1.13,5.6,0.000831,cell(n=14),91.2,mon,353,548,39,14000,1074,9559,9559,2.16,2.16,50.1,1.4,20.6,3,7,1,1,0,1,0,0
NIFTY,W_0930_1100,R2500,18,191.8,4428,2820,66.7,-7480,2.02,2.02,0.0,0.000831,cell(n=14),91.2,mon,353,548,39,22000,1156,9559,9559,2.16,2.16,39.9,0.3,25.5,3,7,1,1,1,1,0,0
NIFTY,W_0930_1100,R500,18,191.8,3840,-618,55.6,-12968,-0.28,-0.28,38.9,0.000831,cell(n=14),91.2,mon,353,548,39,6000,771,6000,9559,1.56,2.49,64.6,26.3,14.6,3,7,0,1,0,1,0,0
NIFTY,W_0930_1100,SLP10,18,191.8,4428,2280,66.7,-17200,1.34,1.34,5.6,0.000831,cell(n=14),91.2,mon,353,548,39,11975,988,9559,9559,2.16,2.16,49.9,2.0,20.9,3,7,1,1,0,1,0,0
NIFTY,W_0930_1100,SLP15,18,191.8,4428,1998,66.7,-22272,1.05,1.05,5.6,0.000831,cell(n=14),91.2,mon,353,548,39,16962,1135,9559,9559,2.16,2.16,50.1,1.1,20.6,3,7,1,1,0,1,0,0
NIFTY,W_0930_1100,SLP20,18,191.8,4428,2820,66.7,-7480,2.02,2.02,0.0,0.000831,cell(n=14),91.2,mon,353,548,39,21950,978,9559,9559,2.16,2.16,39.9,0.3,25.5,3,7,1,1,1,1,0,0
NIFTY,W_0930_1100,SLP25,18,191.8,4428,2820,66.7,-7480,2.02,2.02,0.0,0.000831,cell(n=14),91.2,mon,353,548,39,26937,823,9559,9559,2.16,2.16,39.9,0.3,25.5,3,7,1,1,1,1,0,0
NIFTY,W_0930_1100,SLP30,18,191.8,4428,2820,66.7,-7480,2.02,2.02,0.0,0.000831,cell(n=14),91.2,mon,353,548,39,31925,919,9559,9559,2.16,2.16,39.9,0.3,25.5,3,7,1,1,1,1,0,0
NIFTY,W_0930_1100,SLP40,18,191.8,4428,2820,66.7,-7480,2.02,2.02,0.0,0.000831,cell(n=14),91.2,mon,353,548,39,41900,829,9559,9559,2.16,2.16,39.9,0.0,25.5,3,7,1,1,1,1,0,0
NIFTY,W_0930_1115,NOSTOP,18,191.8,4988,3247,72.2,-14192,1.84,1.84,0.0,0.000969,cell(n=16),100.3,mon,353,548,39,,,11692,11692,2.34,2.34,48.4,0.0,21.1,4,7,1,1,0,1,0,0
NIFTY,W_0930_1115,R1000,18,191.8,4988,2751,72.2,-17200,1.35,1.35,11.1,0.000969,cell(n=16),100.3,mon,353,548,39,10000,934,10000,11692,2.0,2.34,49.0,7.4,20.6,4,7,1,1,0,1,0,0
NIFTY,W_0930_1115,R1500,18,191.8,4988,2882,72.2,-20768,1.44,1.44,5.6,0.000969,cell(n=16),100.3,mon,353,548,39,14000,1074,11692,11692,2.34,2.34,48.7,2.5,20.7,4,7,1,1,0,1,0,0
NIFTY,W_0930_1115,R2500,18,191.8,4988,3247,72.2,-14192,1.84,1.84,0.0,0.000969,cell(n=16),100.3,mon,353,548,39,22000,1156,11692,11692,2.34,2.34,48.4,0.6,21.1,4,7,1,1,0,1,0,0
NIFTY,W_0930_1115,R500,18,191.8,2712,-314,55.6,-12968,-0.13,-0.13,38.9,0.000969,cell(n=16),100.3,mon,353,548,39,6000,771,6000,11692,2.21,4.31,70.0,36.0,12.2,2,7,0,1,0,0,0,0
NIFTY,W_0930_1115,SLP10,18,191.8,4988,2957,72.2,-17200,1.53,1.53,11.1,0.000969,cell(n=16),100.3,mon,353,548,39,11975,988,11692,11692,2.34,2.34,49.0,4.2,20.6,4,7,1,1,0,1,0,0
NIFTY,W_0930_1115,SLP15,18,191.8,4988,2469,72.2,-22272,1.12,1.12,11.1,0.000969,cell(n=16),100.3,mon,353,548,39,16962,1135,11692,11692,2.34,2.34,48.7,1.7,20.7,4,7,1,1,0,1,0,0
NIFTY,W_0930_1115,SLP20,18,191.8,4988,3247,72.2,-14192,1.84,1.84,0.0,0.000969,cell(n=16),100.3,mon,353,548,39,21950,978,11692,11692,2.34,2.34,48.4,0.6,21.1,4,7,1,1,0,1,0,0
NIFTY,W_0930_1115,SLP25,18,191.8,4988,3247,72.2,-14192,1.84,1.84,0.0,0.000969,cell(n=16),100.3,mon,353,548,39,26937,823,11692,11692,2.34,2.34,48.4,0.3,21.1,4,7,1,1,0,1,0,0
NIFTY,W_0930_1115,SLP30,18,191.8,4988,3247,72.2,-14192,1.84,1.84,0.0,0.000969,cell(n=16),100.3,mon,353,548,39,31925,919,11692,11692,2.34,2.34,48.4,0.3,21.1,4,7,1,1,0,1,0,0
NIFTY,W_0930_1115,SLP40,18,191.8,4988,3247,72.2,-14192,1.84,1.84,0.0,0.000969,cell(n=16),100.3,mon,353,548,39,41900,829,11692,11692,2.34,2.34,48.4,0.0,21.1,4,7,1,1,0,1,0,0
NIFTY,W_0930_1130,NOSTOP,18,191.8,5836,3590,72.2,-11640,1.99,1.99,0.0,0.001098,cell(n=16),101.2,mon,353,548,39,,,13081,13081,2.24,2.24,46.7,0.0,23.5,2,5,1,1,0,0,0,0
NIFTY,W_0930_1130,R1000,18,191.8,5836,2020,72.2,-20544,0.81,0.81,16.7,0.001098,cell(n=16),101.2,mon,353,548,39,10000,934,10000,13081,1.71,2.24,49.6,10.8,21.9,2,5,1,1,0,0,0,0
NIFTY,W_0930_1130,R1500,18,191.8,5836,1706,72.2,-20768,0.65,0.65,16.7,0.001098,cell(n=16),101.2,mon,353,548,39,14000,1074,13081,13081,2.24,2.24,49.0,3.4,21.8,2,5,1,1,0,0,0,0
NIFTY,W_0930_1130,R2500,18,191.8,5836,3590,72.2,-11640,1.99,1.99,0.0,0.001098,cell(n=16),101.2,mon,353,548,39,22000,1156,13081,13081,2.24,2.24,46.7,1.7,23.5,2,5,1,1,0,0,0,0
NIFTY,W_0930_1130,R500,18,191.8,12,-806,50.0,-12968,-0.32,-0.32,44.4,0.001098,cell(n=16),101.2,mon,353,548,39,6000,771,6000,12166,500.0,1013.83,61.8,49.9,20.8,1,5,0,0,0,0,0,0
NIFTY,W_0930_1130,SLP10,18,191.8,5836,3153,72.2,-17200,1.55,1.55,11.1,0.001098,cell(n=16),101.2,mon,353,548,39,11975,988,11975,13081,2.05,2.24,47.9,5.4,22.3,2,5,1,1,0,0,0,0
NIFTY,W_0930_1130,SLP15,18,191.8,5836,2665,72.2,-22272,1.15,1.15,11.1,0.001098,cell(n=16),101.2,mon,353,548,39,16962,1135,13081,13081,2.24,2.24,48.7,2.0,21.9,2,5,1,1,0,0,0,0
NIFTY,W_0930_1130,SLP20,18,191.8,5836,3590,72.2,-11640,1.99,1.99,0.0,0.001098,cell(n=16),101.2,mon,353,548,39,21950,978,13081,13081,2.24,2.24,46.7,1.7,23.5,2,5,1,1,0,0,0,0
NIFTY,W_0930_1130,SLP25,18,191.8,5836,3590,72.2,-11640,1.99,1.99,0.0,0.001098,cell(n=16),101.2,mon,353,548,39,26937,823,13081,13081,2.24,2.24,46.7,0.3,23.5,2,5,1,1,0,0,0,0
NIFTY,W_0930_1130,SLP30,18,191.8,5836,3590,72.2,-11640,1.99,1.99,0.0,0.001098,cell(n=16),101.2,mon,353,548,39,31925,919,13081,13081,2.24,2.24,46.7,0.3,23.5,2,5,1,1,0,0,0,0
NIFTY,W_0930_1130,SLP40,18,191.8,5836,3590,72.2,-11640,1.99,1.99,0.0,0.001098,cell(n=16),101.2,mon,353,548,39,41900,829,13081,13081,2.24,2.24,46.7,0.3,23.5,2,5,1,1,0,0,0,0
NIFTY,W_0945_1015,NOSTOP,18,187.9,600,84,61.1,-16408,0.08,0.08,0.0,0.001379,pooled(n=1115),53.3,mon,353,548,39,,,9181,9181,15.3,15.3,44.5,0.0,13.6,2,5,1,0,0,0,0,0
NIFTY,W_0945_1015,R1000,18,187.9,600,125,61.1,-15672,0.12,0.12,5.6,0.001379,pooled(n=1115),53.3,mon,353,548,39,10000,934,9181,9181,15.3,15.3,44.5,3.4,13.6,2,5,1,0,0,0,0,0
NIFTY,W_0945_1015,R1500,18,187.9,600,-73,61.1,-19232,-0.06,-0.06,5.6,0.001379,pooled(n=1115),53.3,mon,353,548,39,14000,1074,9181,9181,15.3,15.3,44.5,0.8,13.6,2,5,1,0,0,0,0,0
NIFTY,W_0945_1015,R2500,18,187.9,600,84,61.1,-16408,0.08,0.08,0.0,0.001379,pooled(n=1115),53.3,mon,353,548,39,22000,1156,9181,9181,15.3,15.3,44.5,0.0,13.6,2,5,1,0,0,0,0,0
NIFTY,W_0945_1015,R500,18,187.9,600,-176,61.1,-11352,-0.17,-0.17,11.1,0.001379,pooled(n=1115),53.3,mon,353,548,39,6000,771,6000,9181,10.0,15.3,47.0,22.1,13.6,3,5,1,0,0,1,0,0
NIFTY,W_0945_1015,SLP10,18,187.9,600,-73,61.1,-19232,-0.06,-0.06,5.6,0.001379,pooled(n=1115),53.3,mon,353,548,39,11772,988,9181,9181,15.3,15.3,44.5,1.7,13.6,2,5,1,0,0,0,0,0
NIFTY,W_0945_1015,SLP15,18,187.9,600,84,61.1,-16408,0.08,0.08,0.0,0.001379,pooled(n=1115),53.3,mon,353,548,39,16658,1135,9181,9181,15.3,15.3,44.5,0.6,13.6,2,5,1,0,0,0,0,0
NIFTY,W_0945_1015,SLP20,18,187.9,600,84,61.1,-16408,0.08,0.08,0.0,0.001379,pooled(n=1115),53.3,mon,353,548,39,21544,978,9181,9181,15.3,15.3,44.5,0.0,13.6,2,5,1,0,0,0,0,0
NIFTY,W_0945_1015,SLP25,18,187.9,600,84,61.1,-16408,0.08,0.08,0.0,0.001379,pooled(n=1115),53.3,mon,353,548,39,26430,823,9181,9181,15.3,15.3,44.5,0.0,13.6,2,5,1,0,0,0,0,0
NIFTY,W_0945_1015,SLP30,18,187.9,600,84,61.1,-16408,0.08,0.08,0.0,0.001379,pooled(n=1115),53.3,mon,353,548,39,31316,919,9181,9181,15.3,15.3,44.5,0.0,13.6,2,5,1,0,0,0,0,0
NIFTY,W_0945_1015,SLP40,18,187.9,600,84,61.1,-16408,0.08,0.08,0.0,0.001379,pooled(n=1115),53.3,mon,353,548,39,41088,829,9181,9181,15.3,15.3,44.5,0.0,13.6,2,5,1,0,0,0,0,0
NIFTY,W_0945_1030,NOSTOP,18,187.9,188,-176,50.0,-9120,-0.16,-0.16,0.0,0.001303,cell(n=8),66.1,dte,353,548,39,,,10418,10418,55.41,55.41,52.4,0.0,12.6,2,7,0,0,0,0,0,0
NIFTY,W_0945_1030,R1000,18,187.9,188,-540,50.0,-15672,-0.41,-0.41,5.6,0.001303,cell(n=8),66.1,dte,353,548,39,10000,934,10000,10418,53.19,55.41,54.7,5.9,11.8,2,7,0,0,0,0,0,0
NIFTY,W_0945_1030,R1500,18,187.9,188,-737,50.0,-19232,-0.51,-0.51,5.6,0.001303,cell(n=8),66.1,dte,353,548,39,14000,1074,10418,10418,55.41,55.41,54.7,1.4,11.7,2,7,0,0,0,0,0,0
NIFTY,W_0945_1030,R2500,18,187.9,188,-1260,50.0,-28648,-0.67,-0.67,5.6,0.001303,cell(n=8),66.1,dte,353,548,39,22000,1156,10418,10418,55.41,55.41,54.7,0.6,11.7,2,7,0,0,0,0,0,0
NIFTY,W_0945_1030,R500,18,187.9,188,-1185,50.0,-11352,-0.81,-0.81,22.2,0.001303,cell(n=8),66.1,dte,353,548,39,6000,771,6000,10418,31.91,55.41,59.8,29.7,11.2,3,7,0,0,0,1,0,0
NIFTY,W_0945_1030,SLP10,18,187.9,188,-737,50.0,-19232,-0.51,-0.51,5.6,0.001303,cell(n=8),66.1,dte,353,548,39,11772,988,10418,10418,55.41,55.41,54.7,3.1,11.7,2,7,0,0,0,0,0,0
NIFTY,W_0945_1030,SLP15,18,187.9,188,-1260,50.0,-28648,-0.67,-0.67,5.6,0.001303,cell(n=8),66.1,dte,353,548,39,16658,1135,10418,10418,55.41,55.41,54.7,1.1,11.7,2,7,0,0,0,0,0,0
NIFTY,W_0945_1030,SLP20,18,187.9,188,-176,50.0,-9120,-0.16,-0.16,0.0,0.001303,cell(n=8),66.1,dte,353,548,39,21544,978,10418,10418,55.41,55.41,52.4,0.6,12.6,2,7,0,0,0,0,0,0
NIFTY,W_0945_1030,SLP25,18,187.9,188,-176,50.0,-9120,-0.16,-0.16,0.0,0.001303,cell(n=8),66.1,dte,353,548,39,26430,823,10418,10418,55.41,55.41,52.4,0.6,12.6,2,7,0,0,0,0,0,0
NIFTY,W_0945_1030,SLP30,18,187.9,188,-176,50.0,-9120,-0.16,-0.16,0.0,0.001303,cell(n=8),66.1,dte,353,548,39,31316,919,10418,10418,55.41,55.41,52.4,0.0,12.6,2,7,0,0,0,0,0,0
NIFTY,W_0945_1030,SLP40,18,187.9,188,-176,50.0,-9120,-0.16,-0.16,0.0,0.001303,cell(n=8),66.1,dte,353,548,39,41088,829,10418,10418,55.41,55.41,52.4,0.0,12.6,2,7,0,0,0,0,0,0
NIFTY,W_0945_1045,NOSTOP,18,187.9,848,441,66.7,-6904,0.41,0.41,0.0,0.000498,cell(n=11),76.8,dte,353,548,39,,,5735,5735,6.76,6.76,50.1,0.0,16.5,2,8,1,0,0,0,0,0
NIFTY,W_0945_1045,R1000,18,187.9,848,-791,66.7,-15672,-0.5,-0.5,11.1,0.000498,cell(n=11),76.8,dte,353,548,39,10000,934,5735,5735,6.76,6.76,54.1,0.6,14.6,2,8,1,0,0,0,0,0
NIFTY,W_0945_1045,R1500,18,187.9,848,-486,66.7,-19232,-0.32,-0.32,5.6,0.000498,cell(n=11),76.8,dte,353,548,39,14000,1074,5735,5735,6.76,6.76,55.2,0.0,14.0,2,8,1,0,0,0,0,0
NIFTY,W_0945_1045,R2500,18,187.9,848,-1009,66.7,-28648,-0.52,-0.52,5.6,0.000498,cell(n=11),76.8,dte,353,548,39,22000,1156,5735,5735,6.76,6.76,55.2,0.0,14.0,2,8,1,0,0,0,0,0
NIFTY,W_0945_1045,R500,18,187.9,848,-1210,66.7,-11584,-0.74,-0.74,27.8,0.000498,cell(n=11),76.8,dte,353,548,39,6000,771,5735,5735,6.76,6.76,62.3,4.5,11.2,2,8,1,0,0,0,0,0
NIFTY,W_0945_1045,SLP10,18,187.9,848,-486,66.7,-19232,-0.32,-0.32,5.6,0.000498,cell(n=11),76.8,dte,353,548,39,11772,988,5735,5735,6.76,6.76,55.2,0.3,14.0,2,8,1,0,0,0,0,0
NIFTY,W_0945_1045,SLP15,18,187.9,848,-1009,66.7,-28648,-0.52,-0.52,5.6,0.000498,cell(n=11),76.8,dte,353,548,39,16658,1135,5735,5735,6.76,6.76,55.2,0.0,14.0,2,8,1,0,0,0,0,0
NIFTY,W_0945_1045,SLP20,18,187.9,848,441,66.7,-6904,0.41,0.41,0.0,0.000498,cell(n=11),76.8,dte,353,548,39,21544,978,5735,5735,6.76,6.76,50.1,0.0,16.5,2,8,1,0,0,0,0,0
NIFTY,W_0945_1045,SLP25,18,187.9,848,441,66.7,-6904,0.41,0.41,0.0,0.000498,cell(n=11),76.8,dte,353,548,39,26430,823,5735,5735,6.76,6.76,50.1,0.0,16.5,2,8,1,0,0,0,0,0
NIFTY,W_0945_1045,SLP30,18,187.9,848,441,66.7,-6904,0.41,0.41,0.0,0.000498,cell(n=11),76.8,dte,353,548,39,31316,919,5735,5735,6.76,6.76,50.1,0.0,16.5,2,8,1,0,0,0,0,0
NIFTY,W_0945_1045,SLP40,18,187.9,848,441,66.7,-6904,0.41,0.41,0.0,0.000498,cell(n=11),76.8,dte,353,548,39,41088,829,5735,5735,6.76,6.76,50.1,0.0,16.5,2,8,1,0,0,0,0,0
NIFTY,W_0945_1100,NOSTOP,18,187.9,224,-418,50.0,-10008,-0.32,-0.32,0.0,0.000785,cell(n=12),82.7,dte,353,548,39,,,8346,8346,37.26,37.26,51.0,0.0,15.4,2,8,0,0,0,0,0,0
NIFTY,W_0945_1100,R1000,18,187.9,224,-2605,50.0,-15904,-1.3,-1.3,22.2,0.000785,cell(n=12),82.7,dte,353,548,39,10000,934,8346,8346,37.26,37.26,60.3,2.5,12.0,2,8,0,0,0,0,0,0
NIFTY,W_0945_1100,R1500,18,187.9,224,-930,50.0,-19232,-0.58,-0.58,5.6,0.000785,cell(n=12),82.7,dte,353,548,39,14000,1074,8346,8346,37.26,37.26,50.7,1.1,15.5,2,8,0,0,0,0,0,0
NIFTY,W_0945_1100,R2500,18,187.9,224,-1453,50.0,-28648,-0.73,-0.73,5.6,0.000785,cell(n=12),82.7,dte,353,548,39,22000,1156,8346,8346,37.26,37.26,50.7,0.0,15.6,2,8,0,0,0,0,0,0
NIFTY,W_0945_1100,R500,18,187.9,224,-3064,50.0,-12800,-1.57,-1.57,44.4,0.000785,cell(n=12),82.7,dte,353,548,39,6000,771,6000,8346,26.79,37.26,48.2,15.9,16.6,1,8,0,0,0,0,0,0
NIFTY,W_0945_1100,SLP10,18,187.9,224,-1502,50.0,-19232,-0.84,-0.84,11.1,0.000785,cell(n=12),82.7,dte,353,548,39,11772,988,8346,8346,37.26,37.26,50.1,1.7,15.7,2,8,0,0,0,0,0,0
NIFTY,W_0945_1100,SLP15,18,187.9,224,-1453,50.0,-28648,-0.73,-0.73,5.6,0.000785,cell(n=12),82.7,dte,353,548,39,16658,1135,8346,8346,37.26,37.26,50.7,0.6,15.6,2,8,0,0,0,0,0,0
NIFTY,W_0945_1100,SLP20,18,187.9,224,-418,50.0,-10008,-0.32,-0.32,0.0,0.000785,cell(n=12),82.7,dte,353,548,39,21544,978,8346,8346,37.26,37.26,51.0,0.0,15.4,2,8,0,0,0,0,0,0
NIFTY,W_0945_1100,SLP25,18,187.9,224,-418,50.0,-10008,-0.32,-0.32,0.0,0.000785,cell(n=12),82.7,dte,353,548,39,26430,823,8346,8346,37.26,37.26,51.0,0.0,15.4,2,8,0,0,0,0,0,0
NIFTY,W_0945_1100,SLP30,18,187.9,224,-418,50.0,-10008,-0.32,-0.32,0.0,0.000785,cell(n=12),82.7,dte,353,548,39,31316,919,8346,8346,37.26,37.26,51.0,0.0,15.4,2,8,0,0,0,0,0,0
NIFTY,W_0945_1100,SLP40,18,187.9,224,-418,50.0,-10008,-0.32,-0.32,0.0,0.000785,cell(n=12),82.7,dte,353,548,39,41088,829,8346,8346,37.26,37.26,51.0,0.0,15.4,2,8,0,0,0,0,0,0
NIFTY,W_0945_1115,NOSTOP,18,187.9,1504,362,55.6,-12104,0.24,0.24,0.0,0.000785,cell(n=14),87.8,dte,353,548,39,,,8737,8737,5.81,5.81,45.6,0.0,18.8,3,8,0,0,0,1,0,0
NIFTY,W_0945_1115,R1000,18,187.9,1504,-2150,55.6,-15904,-0.96,-0.96,27.8,0.000785,cell(n=14),87.8,dte,353,548,39,10000,934,8737,8737,5.81,5.81,50.7,2.8,15.9,3,8,0,0,0,1,0,0
NIFTY,W_0945_1115,R1500,18,187.9,1504,-640,55.6,-19232,-0.35,-0.35,5.6,0.000785,cell(n=14),87.8,dte,353,548,39,14000,1074,8737,8737,5.81,5.81,45.6,1.4,18.8,3,8,0,0,0,1,0,0
NIFTY,W_0945_1115,R2500,18,187.9,1504,-1164,55.6,-28648,-0.53,-0.53,5.6,0.000785,cell(n=14),87.8,dte,353,548,39,22000,1156,8737,8737,5.81,5.81,45.6,0.0,18.8,3,8,0,0,0,1,0,0
NIFTY,W_0945_1115,R500,18,187.9,496,-2570,50.0,-12800,-1.23,-1.23,44.4,0.000785,cell(n=14),87.8,dte,353,548,39,6000,771,6000,8737,12.1,17.61,45.3,17.3,19.2,0,8,0,0,0,0,0,0
NIFTY,W_0945_1115,SLP10,18,187.9,1504,-1351,55.6,-19232,-0.66,-0.66,16.7,0.000785,cell(n=14),87.8,dte,353,548,39,11772,988,8737,8737,5.81,5.81,45.0,2.0,19.2,3,8,0,0,0,1,0,0
NIFTY,W_0945_1115,SLP15,18,187.9,1504,-1493,55.6,-28648,-0.65,-0.65,11.1,0.000785,cell(n=14),87.8,dte,353,548,39,16658,1135,8737,8737,5.81,5.81,45.0,0.8,18.9,3,8,0,0,0,1,0,0
NIFTY,W_0945_1115,SLP20,18,187.9,1504,362,55.6,-12104,0.24,0.24,0.0,0.000785,cell(n=14),87.8,dte,353,548,39,21544,978,8737,8737,5.81,5.81,45.6,0.0,18.8,3,8,0,0,0,1,0,0
NIFTY,W_0945_1115,SLP25,18,187.9,1504,362,55.6,-12104,0.24,0.24,0.0,0.000785,cell(n=14),87.8,dte,353,548,39,26430,823,8737,8737,5.81,5.81,45.6,0.0,18.8,3,8,0,0,0,1,0,0
NIFTY,W_0945_1115,SLP30,18,187.9,1504,362,55.6,-12104,0.24,0.24,0.0,0.000785,cell(n=14),87.8,dte,353,548,39,31316,919,8737,8737,5.81,5.81,45.6,0.0,18.8,3,8,0,0,0,1,0,0
NIFTY,W_0945_1115,SLP40,18,187.9,1504,362,55.6,-12104,0.24,0.24,0.0,0.000785,cell(n=14),87.8,dte,353,548,39,41088,829,8737,8737,5.81,5.81,45.6,0.0,18.8,3,8,0,0,0,1,0,0
NIFTY,W_0945_1130,NOSTOP,18,187.9,2056,567,55.6,-12680,0.36,0.36,0.0,0.001597,cell(n=14),90.6,mon,353,548,39,,,16135,16135,7.85,7.85,44.8,0.0,20.5,2,7,0,0,0,0,0,0
NIFTY,W_0945_1130,R1000,18,187.9,812,-2780,50.0,-16560,-1.15,-1.15,33.3,0.001597,cell(n=14),90.6,mon,353,548,39,10000,934,10000,16135,12.32,19.87,54.7,20.4,16.1,2,7,0,0,0,0,0,0
NIFTY,W_0945_1130,R1500,18,187.9,812,-1844,50.0,-25272,-0.75,-0.75,16.7,0.001597,cell(n=14),90.6,mon,353,548,39,14000,1074,14000,16135,17.24,19.87,48.4,7.9,18.8,2,7,0,0,0,0,0,0
NIFTY,W_0945_1130,R2500,18,187.9,812,-1084,50.0,-28648,-0.48,-0.48,5.6,0.001597,cell(n=14),90.6,mon,353,548,39,22000,1156,16135,16135,19.87,19.87,44.8,2.0,20.5,2,7,0,0,0,0,0,0
NIFTY,W_0945_1130,R500,18,187.9,-4012,-2865,50.0,-12800,-1.29,-1.29,50.0,0.001597,cell(n=14),90.6,mon,353,548,39,6000,771,6000,12166,,,67.4,65.2,20.0,0,7,0,0,0,0,0,0
NIFTY,W_0945_1130,SLP10,18,187.9,812,-2329,50.0,-25272,-0.94,-0.94,22.2,0.001597,cell(n=14),90.6,mon,353,548,39,11772,988,11772,16135,14.5,19.87,48.2,13.9,18.8,2,7,0,0,0,0,0,0
NIFTY,W_0945_1130,SLP15,18,187.9,812,-1382,50.0,-28648,-0.59,-0.59,11.1,0.001597,cell(n=14),90.6,mon,353,548,39,16658,1135,16135,16135,19.87,19.87,45.0,4.5,20.5,2,7,0,0,0,0,0,0
NIFTY,W_0945_1130,SLP20,18,187.9,2056,174,55.6,-19744,0.1,0.1,5.6,0.001597,cell(n=14),90.6,mon,353,548,39,21544,978,16135,16135,7.85,7.85,44.8,2.3,20.5,2,7,0,0,0,0,0,0
NIFTY,W_0945_1130,SLP25,18,187.9,2056,567,55.6,-12680,0.36,0.36,0.0,0.001597,cell(n=14),90.6,mon,353,548,39,26430,823,16135,16135,7.85,7.85,44.8,1.4,20.5,2,7,0,0,0,0,0,0
NIFTY,W_0945_1130,SLP30,18,187.9,2056,567,55.6,-12680,0.36,0.36,0.0,0.001597,cell(n=14),90.6,mon,353,548,39,31316,919,16135,16135,7.85,7.85,44.8,1.1,20.5,2,7,0,0,0,0,0,0
NIFTY,W_0945_1130,SLP40,18,187.9,2056,567,55.6,-12680,0.36,0.36,0.0,0.001597,cell(n=14),90.6,mon,353,548,39,41088,829,16135,16135,7.85,7.85,44.8,0.0,20.5,2,7,0,0,0,0,0,0
NIFTY,W_0945_1145,NOSTOP,18,187.9,1612,-315,55.6,-24240,-0.15,-0.15,0.0,0.001073,cell(n=15),91.6,mon,353,548,39,,,11602,11602,7.2,7.2,39.9,0.0,24.2,1,5,0,0,1,0,0,0
NIFTY,W_0945_1145,R1000,18,187.9,-40,-3024,50.0,-16560,-1.3,-1.3,33.3,0.001073,cell(n=15),91.6,mon,353,548,39,10000,934,10000,11602,,,44.5,9.6,21.1,1,5,0,0,0,0,0,0
NIFTY,W_0945_1145,R1500,18,187.9,-28,-1650,50.0,-25272,-0.7,-0.7,16.7,0.001073,cell(n=15),91.6,mon,353,548,39,14000,1074,11602,11602,,,42.8,2.8,21.5,1,5,0,0,0,0,0,0
NIFTY,W_0945_1145,R2500,18,187.9,-28,-2728,50.0,-28648,-0.95,-0.95,16.7,0.001073,cell(n=15),91.6,mon,353,548,39,22000,1156,11602,11602,,,42.8,1.4,21.4,1,5,0,0,0,0,0,0
NIFTY,W_0945_1145,R500,18,187.9,-6084,-3337,44.4,-12800,-1.58,-1.58,50.0,0.001073,cell(n=15),91.6,mon,353,548,39,6000,771,6000,11602,,,49.6,41.9,23.8,0,5,0,0,0,0,0,0
NIFTY,W_0945_1145,SLP10,18,187.9,-40,-2209,50.0,-25272,-0.93,-0.93,22.2,0.001073,cell(n=15),91.6,mon,353,548,39,11772,988,11602,11602,,,42.8,4.8,21.5,1,5,0,0,0,0,0,0
NIFTY,W_0945_1145,SLP15,18,187.9,-28,-2311,50.0,-28784,-0.86,-0.86,16.7,0.001073,cell(n=15),91.6,mon,353,548,39,16658,1135,11602,11602,,,43.3,2.0,21.4,1,5,0,0,0,0,0,0
NIFTY,W_0945_1145,SLP20,18,187.9,1612,-1105,55.6,-37728,-0.42,-0.42,11.1,0.001073,cell(n=15),91.6,mon,353,548,39,21544,978,11602,11602,7.2,7.2,42.8,1.4,21.4,1,5,0,0,0,0,0,0
NIFTY,W_0945_1145,SLP25,18,187.9,1612,-566,55.6,-24240,-0.26,-0.26,5.6,0.001073,cell(n=15),91.6,mon,353,548,39,26430,823,11602,11602,7.2,7.2,39.9,0.3,24.2,1,5,0,0,1,0,0,0
NIFTY,W_0945_1145,SLP30,18,187.9,1612,-762,55.6,-27056,-0.33,-0.33,5.6,0.001073,cell(n=15),91.6,mon,353,548,39,31316,919,11602,11602,7.2,7.2,39.9,0.0,24.2,1,5,0,0,1,0,0,0
NIFTY,W_0945_1145,SLP40,18,187.9,1612,-315,55.6,-24240,-0.15,-0.15,0.0,0.001073,cell(n=15),91.6,mon,353,548,39,41088,829,11602,11602,7.2,7.2,39.9,0.0,24.2,1,5,0,0,1,0,0,0
NIFTY,W_1000_1030,NOSTOP,18,187.1,-96,166,50.0,-3952,0.29,0.29,0.0,0.001379,pooled(n=1115),56.3,dte,353,548,39,,,9552,9552,,,45.9,0.0,10.5,0,5,0,0,0,0,0,0
NIFTY,W_1000_1030,R1000,18,187.1,-96,-477,50.0,-15520,-0.46,-0.46,5.6,0.001379,pooled(n=1115),56.3,dte,353,548,39,10000,934,9552,9552,,,43.1,3.7,11.4,0,5,0,0,0,0,0,0
NIFTY,W_1000_1030,R1500,18,187.1,-96,-747,50.0,-20384,-0.59,-0.59,5.6,0.001379,pooled(n=1115),56.3,dte,353,548,39,14000,1074,9552,9552,,,43.1,0.8,11.4,0,5,0,0,0,0,0,0
NIFTY,W_1000_1030,R2500,18,187.1,-96,166,50.0,-3952,0.29,0.29,0.0,0.001379,pooled(n=1115),56.3,dte,353,548,39,22000,1156,9552,9552,,,45.9,0.3,10.5,0,5,0,0,0,0,0,0
NIFTY,W_1000_1030,R500,18,187.1,-96,-302,50.0,-12368,-0.34,-0.34,5.6,0.001379,pooled(n=1115),56.3,dte,353,548,39,6000,771,6000,9552,,,45.9,22.7,11.4,0,5,0,0,0,0,0,0
NIFTY,W_1000_1030,SLP10,18,187.1,-96,-747,50.0,-20384,-0.59,-0.59,5.6,0.001379,pooled(n=1115),56.3,dte,353,548,39,11729,988,9552,9552,,,43.1,2.0,11.4,0,5,0,0,0,0,0,0
NIFTY,W_1000_1030,SLP15,18,187.1,-96,166,50.0,-3952,0.29,0.29,0.0,0.001379,pooled(n=1115),56.3,dte,353,548,39,16594,1135,9552,9552,,,45.9,0.6,10.5,0,5,0,0,0,0,0,0
NIFTY,W_1000_1030,SLP20,18,187.1,-96,166,50.0,-3952,0.29,0.29,0.0,0.001379,pooled(n=1115),56.3,dte,353,548,39,21458,978,9552,9552,,,45.9,0.3,10.5,0,5,0,0,0,0,0,0
NIFTY,W_1000_1030,SLP25,18,187.1,-96,166,50.0,-3952,0.29,0.29,0.0,0.001379,pooled(n=1115),56.3,dte,353,548,39,26323,823,9552,9552,,,45.9,0.3,10.5,0,5,0,0,0,0,0,0
NIFTY,W_1000_1030,SLP30,18,187.1,-96,166,50.0,-3952,0.29,0.29,0.0,0.001379,pooled(n=1115),56.3,dte,353,548,39,31188,919,9552,9552,,,45.9,0.0,10.5,0,5,0,0,0,0,0,0
NIFTY,W_1000_1030,SLP40,18,187.1,-96,166,50.0,-3952,0.29,0.29,0.0,0.001379,pooled(n=1115),56.3,dte,353,548,39,40917,829,9552,9552,,,45.9,0.0,10.5,0,5,0,0,0,0,0,0
NIFTY,W_1000_1045,NOSTOP,18,187.1,1036,533,55.6,-7352,0.8,0.8,0.0,0.001379,pooled(n=1115),68.9,dte,353,548,39,,,11242,11242,10.85,10.85,9.3,0.0,38.6,0,7,0,0,1,0,0,0
NIFTY,W_1000_1045,R1000,18,187.1,420,-392,50.0,-15520,-0.35,-0.35,5.6,0.001379,pooled(n=1115),68.9,dte,353,548,39,10000,934,10000,11242,23.81,26.77,15.0,6.5,30.6,0,7,0,0,1,0,0,0
NIFTY,W_1000_1045,R1500,18,187.1,420,-662,50.0,-20384,-0.49,-0.49,5.6,0.001379,pooled(n=1115),68.9,dte,353,548,39,14000,1074,11242,11242,26.77,26.77,14.4,2.3,30.6,0,7,0,0,1,0,0,0
NIFTY,W_1000_1045,R2500,18,187.1,1036,533,55.6,-7352,0.8,0.8,0.0,0.001379,pooled(n=1115),68.9,dte,353,548,39,22000,1156,11242,11242,10.85,10.85,9.3,0.3,38.6,0,7,0,0,1,0,0,0
NIFTY,W_1000_1045,R500,18,187.1,420,-505,50.0,-12544,-0.45,-0.45,11.1,0.001379,pooled(n=1115),68.9,dte,353,548,39,6000,771,6000,11242,14.29,26.77,30.6,29.5,25.4,0,7,0,0,1,0,0,0
NIFTY,W_1000_1045,SLP10,18,187.1,420,-1030,50.0,-20384,-0.69,-0.69,11.1,0.001379,pooled(n=1115),68.9,dte,353,548,39,11729,988,11242,11242,26.77,26.77,21.8,4.5,25.4,0,7,0,0,1,0,0,0
NIFTY,W_1000_1045,SLP15,18,187.1,1036,533,55.6,-7352,0.8,0.8,0.0,0.001379,pooled(n=1115),68.9,dte,353,548,39,16594,1135,11242,11242,10.85,10.85,9.6,1.1,38.6,0,7,0,0,1,0,0,0
NIFTY,W_1000_1045,SLP20,18,187.1,1036,533,55.6,-7352,0.8,0.8,0.0,0.001379,pooled(n=1115),68.9,dte,353,548,39,21458,978,11242,11242,10.85,10.85,9.3,0.3,38.6,0,7,0,0,1,0,0,0
NIFTY,W_1000_1045,SLP25,18,187.1,1036,533,55.6,-7352,0.8,0.8,0.0,0.001379,pooled(n=1115),68.9,dte,353,548,39,26323,823,11242,11242,10.85,10.85,9.3,0.3,38.6,0,7,0,0,1,0,0,0
NIFTY,W_1000_1045,SLP30,18,187.1,1036,533,55.6,-7352,0.8,0.8,0.0,0.001379,pooled(n=1115),68.9,dte,353,548,39,31188,919,11242,11242,10.85,10.85,9.3,0.0,38.6,0,7,0,0,1,0,0,0
NIFTY,W_1000_1045,SLP40,18,187.1,1036,533,55.6,-7352,0.8,0.8,0.0,0.001379,pooled(n=1115),68.9,dte,353,548,39,40917,829,11242,11242,10.85,10.85,9.3,0.0,38.6,0,7,0,0,1,0,0,0
NIFTY,W_1000_1100,NOSTOP,18,187.1,624,532,50.0,-6568,0.56,0.56,0.0,0.001379,pooled(n=1115),75.6,dte,353,548,39,,,12141,12141,19.46,19.46,33.4,0.0,18.5,0,8,0,0,1,0,0,0
NIFTY,W_1000_1100,R1000,18,187.1,624,-726,50.0,-16864,-0.46,-0.46,11.1,0.001379,pooled(n=1115),75.6,dte,353,548,39,10000,934,10000,12141,16.03,19.46,39.9,8.5,16.4,0,8,0,0,1,0,0,0
NIFTY,W_1000_1100,R1500,18,187.1,624,-424,50.0,-20384,-0.28,-0.28,5.6,0.001379,pooled(n=1115),75.6,dte,353,548,39,14000,1074,12141,12141,19.46,19.46,44.2,3.1,15.4,0,8,0,0,0,0,0,0
NIFTY,W_1000_1100,R2500,18,187.1,624,532,50.0,-6568,0.56,0.56,0.0,0.001379,pooled(n=1115),75.6,dte,353,548,39,22000,1156,12141,12141,19.46,19.46,33.4,0.3,18.5,0,8,0,0,1,0,0,0
NIFTY,W_1000_1100,R500,18,187.1,624,-1078,50.0,-12832,-0.69,-0.69,22.2,0.001379,pooled(n=1115),75.6,dte,353,548,39,6000,771,6000,12141,9.62,19.46,52.4,34.8,14.2,0,8,0,0,0,0,0,0
NIFTY,W_1000_1100,SLP10,18,187.1,624,-836,50.0,-20384,-0.51,-0.51,11.1,0.001379,pooled(n=1115),75.6,dte,353,548,39,11729,988,11729,12141,18.8,19.46,39.7,5.9,16.4,0,8,0,0,1,0,0,0
NIFTY,W_1000_1100,SLP15,18,187.1,624,-40,50.0,-16864,-0.03,-0.03,5.6,0.001379,pooled(n=1115),75.6,dte,353,548,39,16594,1135,12141,12141,19.46,19.46,33.4,2.0,18.5,0,8,0,0,1,0,0,0
NIFTY,W_1000_1100,SLP20,18,187.1,624,532,50.0,-6568,0.56,0.56,0.0,0.001379,pooled(n=1115),75.6,dte,353,548,39,21458,978,12141,12141,19.46,19.46,33.4,0.6,18.5,0,8,0,0,1,0,0,0
NIFTY,W_1000_1100,SLP25,18,187.1,624,532,50.0,-6568,0.56,0.56,0.0,0.001379,pooled(n=1115),75.6,dte,353,548,39,26323,823,12141,12141,19.46,19.46,33.4,0.3,18.5,0,8,0,0,1,0,0,0
NIFTY,W_1000_1100,SLP30,18,187.1,624,532,50.0,-6568,0.56,0.56,0.0,0.001379,pooled(n=1115),75.6,dte,353,548,39,31188,919,12141,12141,19.46,19.46,33.4,0.0,18.5,0,8,0,0,1,0,0,0
NIFTY,W_1000_1100,SLP40,18,187.1,624,532,50.0,-6568,0.56,0.56,0.0,0.001379,pooled(n=1115),75.6,dte,353,548,39,40917,829,12141,12141,19.46,19.46,33.4,0.0,18.5,0,8,0,0,1,0,0,0
NIFTY,W_1000_1115,NOSTOP,18,187.1,1464,1111,66.7,-6288,1.14,1.14,0.0,0.00097,cell(n=9),83.2,dte,353,548,39,,,9853,9853,6.73,6.73,23.8,0.0,26.0,0,8,1,0,1,0,0,0
NIFTY,W_1000_1115,R1000,18,187.1,956,-441,61.1,-16864,-0.27,-0.27,11.1,0.00097,cell(n=9),83.2,dte,353,548,39,10000,934,9853,9853,10.31,10.31,23.5,4.8,26.4,0,8,1,0,1,0,0,0
NIFTY,W_1000_1115,R1500,18,187.1,956,-124,61.1,-20384,-0.08,-0.08,5.6,0.00097,cell(n=9),83.2,dte,353,548,39,14000,1074,9853,9853,10.31,10.31,23.5,1.4,26.3,0,8,1,0,1,0,0,0
NIFTY,W_1000_1115,R2500,18,187.1,1464,1111,66.7,-6288,1.14,1.14,0.0,0.00097,cell(n=9),83.2,dte,353,548,39,22000,1156,9853,9853,6.73,6.73,23.8,0.0,26.0,0,8,1,0,1,0,0,0
NIFTY,W_1000_1115,R500,18,187.1,956,-1527,55.6,-12832,-0.88,-0.88,27.8,0.00097,cell(n=9),83.2,dte,353,548,39,6000,771,6000,9853,6.28,10.31,35.7,19.0,20.5,0,8,0,0,1,0,0,0
NIFTY,W_1000_1115,SLP10,18,187.1,956,-551,61.1,-20384,-0.33,-0.33,11.1,0.00097,cell(n=9),83.2,dte,353,548,39,11729,988,9853,9853,10.31,10.31,23.5,2.8,26.4,0,8,1,0,1,0,0,0
NIFTY,W_1000_1115,SLP15,18,187.1,1464,524,66.7,-16864,0.39,0.39,5.6,0.00097,cell(n=9),83.2,dte,353,548,39,16594,1135,9853,9853,6.73,6.73,23.8,0.8,26.0,0,8,1,0,1,0,0,0
NIFTY,W_1000_1115,SLP20,18,187.1,1464,1111,66.7,-6288,1.14,1.14,0.0,0.00097,cell(n=9),83.2,dte,353,548,39,21458,978,9853,9853,6.73,6.73,23.8,0.0,26.0,0,8,1,0,1,0,0,0
NIFTY,W_1000_1115,SLP25,18,187.1,1464,1111,66.7,-6288,1.14,1.14,0.0,0.00097,cell(n=9),83.2,dte,353,548,39,26323,823,9853,9853,6.73,6.73,23.8,0.0,26.0,0,8,1,0,1,0,0,0
NIFTY,W_1000_1115,SLP30,18,187.1,1464,1111,66.7,-6288,1.14,1.14,0.0,0.00097,cell(n=9),83.2,dte,353,548,39,31188,919,9853,9853,6.73,6.73,23.8,0.0,26.0,0,8,1,0,1,0,0,0
NIFTY,W_1000_1115,SLP40,18,187.1,1464,1111,66.7,-6288,1.14,1.14,0.0,0.00097,cell(n=9),83.2,dte,353,548,39,40917,829,9853,9853,6.73,6.73,23.8,0.0,26.0,0,8,1,0,1,0,0,0
NIFTY,W_1000_1130,NOSTOP,18,187.1,2848,1384,72.2,-12424,1.25,1.25,0.0,0.001581,cell(n=10),84.9,mon,353,548,39,,,15058,15058,5.29,5.29,22.4,0.0,28.4,0,8,1,0,1,0,0,0
NIFTY,W_1000_1130,R1000,18,187.1,1912,-611,66.7,-16864,-0.33,-0.33,16.7,0.001581,cell(n=10),84.9,mon,353,548,39,10000,934,10000,15058,5.23,7.88,21.5,16.1,33.5,0,8,1,0,1,0,0,0
NIFTY,W_1000_1130,R1500,18,187.1,1912,-356,66.7,-20400,-0.19,-0.19,11.1,0.001581,cell(n=10),84.9,mon,353,548,39,14000,1074,14000,15058,7.32,7.88,17.3,5.9,33.6,0,8,1,0,1,0,0,0
NIFTY,W_1000_1130,R2500,18,187.1,2848,456,72.2,-29112,0.24,0.24,5.6,0.001581,cell(n=10),84.9,mon,353,548,39,22000,1156,15058,15058,5.29,5.29,27.5,1.4,25.2,0,8,1,0,1,0,0,0
NIFTY,W_1000_1130,R500,18,187.1,1012,-1900,61.1,-13152,-1.02,-1.02,33.3,0.001581,cell(n=10),84.9,mon,353,548,39,6000,771,6000,12166,5.93,12.02,51.8,51.8,45.3,0,8,1,0,0,0,0,0
NIFTY,W_1000_1130,SLP10,18,187.1,1912,-1429,66.7,-29112,-0.61,-0.61,16.7,0.001581,cell(n=10),84.9,mon,353,548,39,11729,988,11729,15058,6.13,7.88,19.3,9.9,33.5,0,8,1,0,1,0,0,0
NIFTY,W_1000_1130,SLP15,18,187.1,2848,-293,72.2,-29112,-0.14,-0.14,11.1,0.001581,cell(n=10),84.9,mon,353,548,39,16594,1135,15058,15058,5.29,5.29,27.8,3.4,25.2,0,8,1,0,1,0,0,0
NIFTY,W_1000_1130,SLP20,18,187.1,2848,1384,72.2,-12424,1.25,1.25,0.0,0.001581,cell(n=10),84.9,mon,353,548,39,21458,978,15058,15058,5.29,5.29,22.4,1.4,28.4,0,8,1,0,1,0,0,0
NIFTY,W_1000_1130,SLP25,18,187.1,2848,1384,72.2,-12424,1.25,1.25,0.0,0.001581,cell(n=10),84.9,mon,353,548,39,26323,823,15058,15058,5.29,5.29,22.4,1.1,28.4,0,8,1,0,1,0,0,0
NIFTY,W_1000_1130,SLP30,18,187.1,2848,1384,72.2,-12424,1.25,1.25,0.0,0.001581,cell(n=10),84.9,mon,353,548,39,31188,919,15058,15058,5.29,5.29,22.4,0.6,28.4,0,8,1,0,1,0,0,0
NIFTY,W_1000_1130,SLP40,18,187.1,2848,1384,72.2,-12424,1.25,1.25,0.0,0.001581,cell(n=10),84.9,mon,353,548,39,40917,829,15058,15058,5.29,5.29,22.4,0.0,28.4,0,8,1,0,1,0,0,0
NIFTY,W_1000_1145,NOSTOP,18,187.1,1632,410,66.7,-28080,0.22,0.22,0.0,0.002239,cell(n=11),86.3,dte,353,548,39,,,20797,20797,12.74,12.74,36.8,0.0,21.2,0,7,1,0,1,0,0,0
NIFTY,W_1000_1145,R1000,18,187.1,1096,-1703,61.1,-16864,-0.84,-0.84,22.2,0.002239,cell(n=11),86.3,dte,353,548,39,10000,934,10000,17470,9.12,15.94,45.6,36.8,22.1,0,7,1,0,0,0,0,0
NIFTY,W_1000_1145,R1500,18,187.1,1096,-649,61.1,-20400,-0.35,-0.35,11.1,0.002239,cell(n=11),86.3,dte,353,548,39,14000,1074,14000,20797,12.77,18.98,36.3,16.4,23.3,0,7,1,0,1,0,0,0
NIFTY,W_1000_1145,R2500,18,187.1,1632,352,66.7,-29112,0.18,0.18,5.6,0.002239,cell(n=11),86.3,dte,353,548,39,22000,1156,20797,20797,12.74,12.74,37.1,4.0,21.2,0,7,1,0,1,0,0,0
NIFTY,W_1000_1145,R500,18,187.1,-376,-3760,50.0,-16408,-1.84,-1.84,44.4,0.002239,cell(n=11),86.3,dte,353,548,39,6000,771,6000,12166,,,83.9,83.9,20.8,0,7,0,0,0,0,0,0
NIFTY,W_1000_1145,SLP10,18,187.1,1096,-1796,61.1,-29112,-0.77,-0.77,16.7,0.002239,cell(n=11),86.3,dte,353,548,39,11729,988,11729,19631,10.7,17.91,40.2,23.8,22.1,0,7,1,0,0,0,0,0
NIFTY,W_1000_1145,SLP15,18,187.1,1632,-471,66.7,-29112,-0.22,-0.22,11.1,0.002239,cell(n=11),86.3,dte,353,548,39,16594,1135,16594,20797,10.17,12.74,37.7,10.5,21.6,0,7,1,0,1,0,0,0
NIFTY,W_1000_1145,SLP20,18,187.1,1632,-84,66.7,-36968,-0.04,-0.04,5.6,0.002239,cell(n=11),86.3,dte,353,548,39,21458,978,20797,20797,12.74,12.74,37.1,4.0,21.2,0,7,1,0,1,0,0,0
NIFTY,W_1000_1145,SLP25,18,187.1,1632,-340,66.7,-41576,-0.13,-0.13,5.6,0.002239,cell(n=11),86.3,dte,353,548,39,26323,823,20797,20797,12.74,12.74,36.8,2.0,21.2,0,7,1,0,1,0,0,0
NIFTY,W_1000_1145,SLP30,18,187.1,1632,410,66.7,-28080,0.22,0.22,0.0,0.002239,cell(n=11),86.3,dte,353,548,39,31188,919,20797,20797,12.74,12.74,36.8,1.7,21.2,0,7,1,0,1,0,0,0
NIFTY,W_1000_1145,SLP40,18,187.1,1632,410,66.7,-28080,0.22,0.22,0.0,0.002239,cell(n=11),86.3,dte,353,548,39,40917,829,20797,20797,12.74,12.74,36.8,0.8,21.2,0,7,1,0,1,0,0,0
NIFTY,W_1000_1200,NOSTOP,18,187.1,2836,2321,77.8,-5872,2.34,2.34,0.0,0.002239,cell(n=11),88.8,mon,353,548,39,,,21342,21342,7.53,7.53,17.8,0.0,39.0,0,5,1,0,1,0,0,0
NIFTY,W_1000_1200,R1000,18,187.1,1656,-2228,61.1,-16864,-1.02,-1.02,27.8,0.002239,cell(n=11),88.8,mon,353,548,39,10000,934,10000,17470,6.04,10.55,50.4,41.1,21.2,0,5,1,0,0,0,0,0
NIFTY,W_1000_1200,R1500,18,187.1,2368,7,72.2,-20400,0.0,0.0,11.1,0.002239,cell(n=11),88.8,mon,353,548,39,14000,1074,14000,21342,5.91,9.01,35.4,19.5,27.4,0,5,1,0,1,0,0,0
NIFTY,W_1000_1200,R2500,18,187.1,2836,1030,77.8,-29112,0.52,0.52,5.6,0.002239,cell(n=11),88.8,mon,353,548,39,22000,1156,21342,21342,7.53,7.53,26.3,4.8,30.9,0,5,1,0,1,0,0,0
NIFTY,W_1000_1200,R500,18,187.1,-5004,-4033,50.0,-16408,-1.89,-1.89,50.0,0.002239,cell(n=11),88.8,mon,353,548,39,6000,771,6000,12166,,,87.0,87.0,18.1,0,5,0,0,0,0,0,0
NIFTY,W_1000_1200,SLP10,18,187.1,2368,-1257,66.7,-29112,-0.53,-0.53,16.7,0.002239,cell(n=11),88.8,mon,353,548,39,11729,988,11729,19631,4.95,8.29,32.0,28.3,33.6,0,5,1,0,1,0,0,0
NIFTY,W_1000_1200,SLP15,18,187.1,2836,90,72.2,-29112,0.04,0.04,11.1,0.002239,cell(n=11),88.8,mon,353,548,39,16594,1135,16594,21342,5.85,7.53,25.5,12.5,34.3,0,5,1,0,1,0,0,0
NIFTY,W_1000_1200,SLP20,18,187.1,2836,594,77.8,-36968,0.25,0.25,5.6,0.002239,cell(n=11),88.8,mon,353,548,39,21458,978,21342,21342,7.53,7.53,26.3,4.8,30.9,0,5,1,0,1,0,0,0
NIFTY,W_1000_1200,SLP25,18,187.1,2836,338,77.8,-41576,0.13,0.13,5.6,0.002239,cell(n=11),88.8,mon,353,548,39,26323,823,21342,21342,7.53,7.53,26.1,3.1,30.9,0,5,1,0,1,0,0,0
NIFTY,W_1000_1200,SLP30,18,187.1,2836,2321,77.8,-5872,2.34,2.34,0.0,0.002239,cell(n=11),88.8,mon,353,548,39,31188,919,21342,21342,7.53,7.53,17.8,1.7,39.0,0,5,1,0,1,0,0,0
NIFTY,W_1000_1200,SLP40,18,187.1,2836,2321,77.8,-5872,2.34,2.34,0.0,0.002239,cell(n=11),88.8,mon,353,548,39,40917,829,21342,21342,7.53,7.53,17.8,1.1,39.0,0,5,1,0,1,0,0,0
NIFTY,W_1015_1045,NOSTOP,18,182.0,-172,-744,44.4,-7848,-0.93,-0.93,0.0,0.001379,pooled(n=1115),52.0,dte,353,548,39,,,8785,8785,,,61.5,0.0,6.9,0,5,0,0,0,0,0,0
NIFTY,W_1015_1045,R1000,18,182.0,-172,-744,44.4,-7848,-0.93,-0.93,0.0,0.001379,pooled(n=1115),52.0,dte,353,548,39,10000,934,8785,8785,,,61.8,3.4,6.9,0,5,0,0,0,0,0,0
NIFTY,W_1015_1045,R1500,18,182.0,-172,-744,44.4,-7848,-0.93,-0.93,0.0,0.001379,pooled(n=1115),52.0,dte,353,548,39,14000,1074,8785,8785,,,61.8,1.1,6.9,0,5,0,0,0,0,0,0
NIFTY,W_1015_1045,R2500,18,182.0,-172,-744,44.4,-7848,-0.93,-0.93,0.0,0.001379,pooled(n=1115),52.0,dte,353,548,39,22000,1156,8785,8785,,,61.5,0.0,6.9,0,5,0,0,0,0,0,0
NIFTY,W_1015_1045,R500,18,182.0,-748,-4171,33.3,-13112,-2.85,-2.85,38.9,0.001379,pooled(n=1115),52.0,dte,353,548,39,6000,771,6000,8785,,,100.0,16.7,-2.8,0,5,0,0,0,0,0,0
NIFTY,W_1015_1045,SLP10,18,182.0,-172,-1112,44.4,-14472,-1.07,-1.07,5.6,0.001379,pooled(n=1115),52.0,dte,353,548,39,11464,988,8785,8785,,,61.8,2.8,6.9,0,5,0,0,0,0,0,0
NIFTY,W_1015_1045,SLP15,18,182.0,-172,-744,44.4,-7848,-0.93,-0.93,0.0,0.001379,pooled(n=1115),52.0,dte,353,548,39,16196,1135,8785,8785,,,61.5,0.6,6.9,0,5,0,0,0,0,0,0
NIFTY,W_1015_1045,SLP20,18,182.0,-172,-744,44.4,-7848,-0.93,-0.93,0.0,0.001379,pooled(n=1115),52.0,dte,353,548,39,20928,978,8785,8785,,,61.5,0.0,6.9,0,5,0,0,0,0,0,0
NIFTY,W_1015_1045,SLP25,18,182.0,-172,-744,44.4,-7848,-0.93,-0.93,0.0,0.001379,pooled(n=1115),52.0,dte,353,548,39,25660,823,8785,8785,,,61.5,0.0,6.9,0,5,0,0,0,0,0,0
NIFTY,W_1015_1045,SLP30,18,182.0,-172,-744,44.4,-7848,-0.93,-0.93,0.0,0.001379,pooled(n=1115),52.0,dte,353,548,39,30392,919,8785,8785,,,61.5,0.0,6.9,0,5,0,0,0,0,0,0
NIFTY,W_1015_1045,SLP40,18,182.0,-172,-744,44.4,-7848,-0.93,-0.93,0.0,0.001379,pooled(n=1115),52.0,dte,353,548,39,39856,829,8785,8785,,,61.5,0.0,6.9,0,5,0,0,0,0,0,0
NIFTY,W_1015_1100,NOSTOP,18,182.0,-584,-507,44.4,-7064,-0.55,-0.55,0.0,0.001379,pooled(n=1115),57.9,dte,353,548,39,,,9555,9555,,,51.8,0.0,10.5,0,7,0,0,0,0,0,0
NIFTY,W_1015_1100,R1000,18,182.0,-584,-1079,44.4,-17360,-0.85,-0.85,5.6,0.001379,pooled(n=1115),57.9,dte,353,548,39,10000,934,9555,9555,,,51.8,5.1,10.5,0,7,0,0,0,0,0,0
NIFTY,W_1015_1100,R1500,18,182.0,-584,-507,44.4,-7064,-0.55,-0.55,0.0,0.001379,pooled(n=1115),57.9,dte,353,548,39,14000,1074,9555,9555,,,51.8,1.7,10.5,0,7,0,0,0,0,0,0
NIFTY,W_1015_1100,R2500,18,182.0,-584,-507,44.4,-7064,-0.55,-0.55,0.0,0.001379,pooled(n=1115),57.9,dte,353,548,39,22000,1156,9555,9555,,,51.8,0.0,10.5,0,7,0,0,0,0,0,0
NIFTY,W_1015_1100,R500,18,182.0,-11064,-5539,27.8,-13112,-3.31,-3.31,55.6,0.001379,pooled(n=1115),57.9,dte,353,548,39,6000,771,6000,9555,,,100.0,25.2,-30.9,0,7,0,0,0,0,0,0
NIFTY,W_1015_1100,SLP10,18,182.0,-584,-918,44.4,-14472,-0.8,-0.8,5.6,0.001379,pooled(n=1115),57.9,dte,353,548,39,11464,988,9555,9555,,,51.8,4.0,10.5,0,7,0,0,0,0,0,0
NIFTY,W_1015_1100,SLP15,18,182.0,-584,-1079,44.4,-17360,-0.85,-0.85,5.6,0.001379,pooled(n=1115),57.9,dte,353,548,39,16196,1135,9555,9555,,,51.8,1.4,10.5,0,7,0,0,0,0,0,0
NIFTY,W_1015_1100,SLP20,18,182.0,-584,-507,44.4,-7064,-0.55,-0.55,0.0,0.001379,pooled(n=1115),57.9,dte,353,548,39,20928,978,9555,9555,,,51.8,0.0,10.5,0,7,0,0,0,0,0,0
NIFTY,W_1015_1100,SLP25,18,182.0,-584,-507,44.4,-7064,-0.55,-0.55,0.0,0.001379,pooled(n=1115),57.9,dte,353,548,39,25660,823,9555,9555,,,51.8,0.0,10.5,0,7,0,0,0,0,0,0
NIFTY,W_1015_1100,SLP30,18,182.0,-584,-507,44.4,-7064,-0.55,-0.55,0.0,0.001379,pooled(n=1115),57.9,dte,353,548,39,30392,919,9555,9555,,,51.8,0.0,10.5,0,7,0,0,0,0,0,0
NIFTY,W_1015_1100,SLP40,18,182.0,-584,-507,44.4,-7064,-0.55,-0.55,0.0,0.001379,pooled(n=1115),57.9,dte,353,548,39,39856,829,9555,9555,,,51.8,0.0,10.5,0,7,0,0,0,0,0,0
NIFTY,W_1015_1115,NOSTOP,18,182.0,376,197,50.0,-6776,0.19,0.19,0.0,0.0017,cell(n=9),64.0,mon,353,548,39,,,12295,12295,32.7,32.7,42.8,0.0,13.9,0,8,0,0,0,0,0,0
NIFTY,W_1015_1115,R1000,18,182.0,376,-391,50.0,-17360,-0.28,-0.28,5.6,0.0017,cell(n=9),64.0,mon,353,548,39,10000,934,10000,12295,26.6,32.7,43.1,9.1,13.9,0,8,0,0,0,0,0,0
NIFTY,W_1015_1115,R1500,18,182.0,376,197,50.0,-6776,0.19,0.19,0.0,0.0017,cell(n=9),64.0,mon,353,548,39,14000,1074,12295,12295,32.7,32.7,43.1,4.2,13.9,0,8,0,0,0,0,0,0
NIFTY,W_1015_1115,R2500,18,182.0,376,197,50.0,-6776,0.19,0.19,0.0,0.0017,cell(n=9),64.0,mon,353,548,39,22000,1156,12295,12295,32.7,32.7,42.8,0.8,13.9,0,8,0,0,0,0,0,0
NIFTY,W_1015_1115,R500,18,182.0,-11064,-5296,33.3,-13112,-2.95,-2.95,55.6,0.0017,cell(n=9),64.0,mon,353,548,39,6000,771,6000,12166,,,100.0,45.0,-25.1,0,8,0,0,0,0,0,0
NIFTY,W_1015_1115,SLP10,18,182.0,376,-230,50.0,-14472,-0.18,-0.18,5.6,0.0017,cell(n=9),64.0,mon,353,548,39,11464,988,11464,12295,30.49,32.7,43.1,6.5,13.9,0,8,0,0,0,0,0,0
NIFTY,W_1015_1115,SLP15,18,182.0,376,-391,50.0,-17360,-0.28,-0.28,5.6,0.0017,cell(n=9),64.0,mon,353,548,39,16196,1135,12295,12295,32.7,32.7,43.1,2.5,13.9,0,8,0,0,0,0,0,0
NIFTY,W_1015_1115,SLP20,18,182.0,376,197,50.0,-6776,0.19,0.19,0.0,0.0017,cell(n=9),64.0,mon,353,548,39,20928,978,12295,12295,32.7,32.7,42.8,0.8,13.9,0,8,0,0,0,0,0,0
NIFTY,W_1015_1115,SLP25,18,182.0,376,197,50.0,-6776,0.19,0.19,0.0,0.0017,cell(n=9),64.0,mon,353,548,39,25660,823,12295,12295,32.7,32.7,42.8,0.8,13.9,0,8,0,0,0,0,0,0
NIFTY,W_1015_1115,SLP30,18,182.0,376,197,50.0,-6776,0.19,0.19,0.0,0.0017,cell(n=9),64.0,mon,353,548,39,30392,919,12295,12295,32.7,32.7,42.8,0.0,13.9,0,8,0,0,0,0,0,0
NIFTY,W_1015_1115,SLP40,18,182.0,376,197,50.0,-6776,0.19,0.19,0.0,0.0017,cell(n=9),64.0,mon,353,548,39,39856,829,12295,12295,32.7,32.7,42.8,0.0,13.9,0,8,0,0,0,0,0,0
NIFTY,W_1015_1130,NOSTOP,18,182.0,1628,746,61.1,-12504,0.62,0.62,0.0,0.002508,cell(n=9),71.4,mon,353,548,39,,,18944,18944,11.64,11.64,32.3,0.0,19.8,0,8,1,0,1,0,0,0
NIFTY,W_1015_1130,R1000,18,182.0,1628,-223,61.1,-17360,-0.13,-0.13,11.1,0.002508,cell(n=9),71.4,mon,353,548,39,10000,934,10000,17470,6.14,10.73,47.3,30.6,15.3,0,8,1,0,0,0,0,0
NIFTY,W_1015_1130,R1500,18,182.0,1628,303,61.1,-20480,0.2,0.2,5.6,0.002508,cell(n=9),71.4,mon,353,548,39,14000,1074,14000,18944,8.6,11.64,46.7,12.7,14.2,0,8,1,0,0,0,0,0
NIFTY,W_1015_1130,R2500,18,182.0,1628,-181,61.1,-29192,-0.09,-0.09,5.6,0.002508,cell(n=9),71.4,mon,353,548,39,22000,1156,18944,18944,11.64,11.64,46.2,3.4,14.2,0,8,1,0,0,0,0,0
NIFTY,W_1015_1130,R500,18,182.0,-11128,-5556,33.3,-13112,-2.91,-2.91,61.1,0.002508,cell(n=9),71.4,mon,353,548,39,6000,771,6000,12166,,,100.0,76.8,-17.1,0,8,0,0,0,0,0,0
NIFTY,W_1015_1130,SLP10,18,182.0,1628,-286,61.1,-20480,-0.17,-0.17,11.1,0.002508,cell(n=9),71.4,mon,353,548,39,11464,988,11464,18944,7.04,11.64,48.2,20.1,14.3,0,8,1,0,0,0,0,0
NIFTY,W_1015_1130,SLP15,18,182.0,1628,-931,61.1,-29192,-0.43,-0.43,11.1,0.002508,cell(n=9),71.4,mon,353,548,39,16196,1135,16196,18944,9.95,11.64,46.2,8.5,14.3,0,8,1,0,0,0,0,0
NIFTY,W_1015_1130,SLP20,18,182.0,1628,746,61.1,-12504,0.62,0.62,0.0,0.002508,cell(n=9),71.4,mon,353,548,39,20928,978,18944,18944,11.64,11.64,32.3,3.7,19.8,0,8,1,0,1,0,0,0
NIFTY,W_1015_1130,SLP25,18,182.0,1628,746,61.1,-12504,0.62,0.62,0.0,0.002508,cell(n=9),71.4,mon,353,548,39,25660,823,18944,18944,11.64,11.64,32.3,2.0,19.8,0,8,1,0,1,0,0,0
NIFTY,W_1015_1130,SLP30,18,182.0,1628,746,61.1,-12504,0.62,0.62,0.0,0.002508,cell(n=9),71.4,mon,353,548,39,30392,919,18944,18944,11.64,11.64,32.3,1.1,19.8,0,8,1,0,1,0,0,0
NIFTY,W_1015_1130,SLP40,18,182.0,1628,746,61.1,-12504,0.62,0.62,0.0,0.002508,cell(n=9),71.4,mon,353,548,39,39856,829,18944,18944,11.64,11.64,32.3,0.3,19.8,0,8,1,0,1,0,0,0
NIFTY,W_1015_1145,NOSTOP,18,182.0,1460,266,66.7,-28160,0.14,0.14,0.0,0.002146,cell(n=11),76.1,dte,353,548,39,,,17454,17454,11.95,11.95,32.6,0.0,23.3,0,8,1,0,1,0,0,0
NIFTY,W_1015_1145,R1000,18,182.0,1460,93,66.7,-17360,0.06,0.06,11.1,0.002146,cell(n=11),76.1,dte,353,548,39,10000,934,10000,17454,6.85,11.95,34.6,25.8,24.8,0,8,1,0,1,0,0,0
NIFTY,W_1015_1145,R1500,18,182.0,1460,693,66.7,-20480,0.46,0.46,5.6,0.002146,cell(n=11),76.1,dte,353,548,39,14000,1074,14000,17454,9.59,11.95,32.6,11.3,23.3,0,8,1,0,1,0,0,0
NIFTY,W_1015_1145,R2500,18,182.0,1460,209,66.7,-29192,0.11,0.11,5.6,0.002146,cell(n=11),76.1,dte,353,548,39,22000,1156,17454,17454,11.95,11.95,32.6,2.3,23.3,0,8,1,0,1,0,0,0
NIFTY,W_1015_1145,R500,18,182.0,-11164,-6521,33.3,-13112,-3.62,-3.62,66.7,0.002146,cell(n=11),76.1,dte,353,548,39,6000,771,6000,12166,,,100.0,68.3,-20.2,0,8,0,0,0,0,0,0
NIFTY,W_1015_1145,SLP10,18,182.0,1460,30,66.7,-20480,0.02,0.02,11.1,0.002146,cell(n=11),76.1,dte,353,548,39,11464,988,11464,17454,7.85,11.95,33.1,18.7,24.6,0,8,1,0,1,0,0,0
NIFTY,W_1015_1145,SLP15,18,182.0,1460,-615,66.7,-29192,-0.29,-0.29,11.1,0.002146,cell(n=11),76.1,dte,353,548,39,16196,1135,16196,17454,11.09,11.95,31.7,6.2,24.6,0,8,1,0,1,0,0,0
NIFTY,W_1015_1145,SLP20,18,182.0,1460,-228,66.7,-37048,-0.1,-0.1,5.6,0.002146,cell(n=11),76.1,dte,353,548,39,20928,978,17454,17454,11.95,11.95,32.6,3.1,23.3,0,8,1,0,1,0,0,0
NIFTY,W_1015_1145,SLP25,18,182.0,1460,-484,66.7,-41656,-0.19,-0.19,5.6,0.002146,cell(n=11),76.1,dte,353,548,39,25660,823,17454,17454,11.95,11.95,32.6,1.7,23.3,0,8,1,0,1,0,0,0
NIFTY,W_1015_1145,SLP30,18,182.0,1460,266,66.7,-28160,0.14,0.14,0.0,0.002146,cell(n=11),76.1,dte,353,548,39,30392,919,17454,17454,11.95,11.95,32.6,1.4,23.3,0,8,1,0,1,0,0,0
NIFTY,W_1015_1145,SLP40,18,182.0,1460,266,66.7,-28160,0.14,0.14,0.0,0.002146,cell(n=11),76.1,dte,353,548,39,39856,829,17454,17454,11.95,11.95,32.6,0.6,23.3,0,8,1,0,1,0,0,0
NIFTY,W_1015_1200,NOSTOP,18,182.0,1132,1954,66.7,-5944,1.84,1.84,0.0,0.002103,cell(n=11),84.4,dte,353,548,39,,,18799,18799,16.61,16.61,34.6,0.0,23.4,0,7,1,0,1,0,0,0
NIFTY,W_1015_1200,R1000,18,182.0,1132,430,66.7,-17360,0.24,0.24,11.1,0.002103,cell(n=11),84.4,dte,353,548,39,10000,934,10000,17470,8.83,15.43,41.1,29.7,22.2,0,7,1,0,0,0,0,0
NIFTY,W_1015_1200,R1500,18,182.0,1132,1146,66.7,-20480,0.72,0.72,5.6,0.002103,cell(n=11),84.4,dte,353,548,39,14000,1074,14000,18799,12.37,16.61,36.8,12.7,22.2,0,7,1,0,1,0,0,0
NIFTY,W_1015_1200,R2500,18,182.0,1132,662,66.7,-29192,0.33,0.33,5.6,0.002103,cell(n=11),84.4,dte,353,548,39,22000,1156,18799,18799,16.61,16.61,36.0,3.4,22.2,0,7,1,0,1,0,0,0
NIFTY,W_1015_1200,R500,18,182.0,-11164,-6024,33.3,-13112,-3.03,-3.03,66.7,0.002103,cell(n=11),84.4,dte,353,548,39,6000,771,6000,12166,,,100.0,70.5,-20.6,0,7,0,0,0,0,0,0
NIFTY,W_1015_1200,SLP10,18,182.0,1132,366,66.7,-20480,0.2,0.2,11.1,0.002103,cell(n=11),84.4,dte,353,548,39,11464,988,11464,18799,10.13,16.61,39.1,21.8,22.2,0,7,1,0,1,0,0,0
NIFTY,W_1015_1200,SLP15,18,182.0,1132,-278,66.7,-29192,-0.12,-0.12,11.1,0.002103,cell(n=11),84.4,dte,353,548,39,16196,1135,16196,18799,14.31,16.61,36.3,6.8,22.2,0,7,1,0,1,0,0,0
NIFTY,W_1015_1200,SLP20,18,182.0,1132,226,66.7,-37048,0.09,0.09,5.6,0.002103,cell(n=11),84.4,dte,353,548,39,20928,978,18799,18799,16.61,16.61,36.0,4.0,22.2,0,7,1,0,1,0,0,0
NIFTY,W_1015_1200,SLP25,18,182.0,1132,-30,66.7,-41656,-0.01,-0.01,5.6,0.002103,cell(n=11),84.4,dte,353,548,39,25660,823,18799,18799,16.61,16.61,36.0,2.3,22.2,0,7,1,0,1,0,0,0
NIFTY,W_1015_1200,SLP30,18,182.0,1132,1954,66.7,-5944,1.84,1.84,0.0,0.002103,cell(n=11),84.4,dte,353,548,39,30392,919,18799,18799,16.61,16.61,34.6,1.7,23.4,0,7,1,0,1,0,0,0
NIFTY,W_1015_1200,SLP40,18,182.0,1132,1954,66.7,-5944,1.84,1.84,0.0,0.002103,cell(n=11),84.4,dte,353,548,39,39856,829,18799,18799,16.61,16.61,34.6,0.6,23.4,0,7,1,0,1,0,0,0
NIFTY,W_1015_1215,NOSTOP,18,182.0,192,-62,50.0,-22232,-0.03,-0.03,0.0,0.002103,cell(n=13),85.3,dte,353,548,39,,,18978,18978,98.85,98.85,36.0,0.0,22.4,0,5,0,0,1,0,0,0
NIFTY,W_1015_1215,R1000,18,182.0,192,-1426,50.0,-19856,-0.65,-0.65,22.2,0.002103,cell(n=13),85.3,dte,353,548,39,10000,934,10000,17470,52.08,90.99,41.1,33.1,24.0,0,5,0,0,0,0,0,0
NIFTY,W_1015_1215,R1500,18,182.0,192,-499,50.0,-20480,-0.25,-0.25,11.1,0.002103,cell(n=13),85.3,dte,353,548,39,14000,1074,14000,18978,72.92,98.85,36.0,15.6,22.9,0,5,0,0,1,0,0,0
NIFTY,W_1015_1215,R2500,18,182.0,192,-449,50.0,-29192,-0.21,-0.21,5.6,0.002103,cell(n=13),85.3,dte,353,548,39,22000,1156,18978,18978,98.85,98.85,38.2,3.4,21.4,0,5,0,0,1,0,0,0
NIFTY,W_1015_1215,R500,18,182.0,-11164,-5719,33.3,-13112,-2.73,-2.73,66.7,0.002103,cell(n=13),85.3,dte,353,548,39,6000,771,6000,12166,,,100.0,73.7,-20.6,0,5,0,0,0,0,0,0
NIFTY,W_1015_1215,SLP10,18,182.0,192,-1490,50.0,-20480,-0.66,-0.66,22.2,0.002103,cell(n=13),85.3,dte,353,548,39,11464,988,11464,18978,59.71,98.85,39.1,25.2,23.2,0,5,0,0,1,0,0,0
NIFTY,W_1015_1215,SLP15,18,182.0,192,-1376,50.0,-29192,-0.59,-0.59,11.1,0.002103,cell(n=13),85.3,dte,353,548,39,16196,1135,16196,18978,84.35,98.85,38.5,8.2,21.5,0,5,0,0,1,0,0,0
NIFTY,W_1015_1215,SLP20,18,182.0,192,-885,50.0,-37048,-0.35,-0.35,5.6,0.002103,cell(n=13),85.3,dte,353,548,39,20928,978,18978,18978,98.85,98.85,38.5,4.0,21.1,0,5,0,0,1,0,0,0
NIFTY,W_1015_1215,SLP25,18,182.0,192,-1141,50.0,-41656,-0.42,-0.42,5.6,0.002103,cell(n=13),85.3,dte,353,548,39,25660,823,18978,18978,98.85,98.85,38.8,2.3,20.6,0,5,0,0,1,0,0,0
NIFTY,W_1015_1215,SLP30,18,182.0,192,-62,50.0,-22232,-0.03,-0.03,0.0,0.002103,cell(n=13),85.3,dte,353,548,39,30392,919,18978,18978,98.85,98.85,36.0,2.0,22.4,0,5,0,0,1,0,0,0
NIFTY,W_1015_1215,SLP40,18,182.0,192,-62,50.0,-22232,-0.03,-0.03,0.0,0.002103,cell(n=13),85.3,dte,353,548,39,39856,829,18978,18978,98.85,98.85,36.0,1.1,22.4,0,5,0,0,1,0,0,0
NIFTY,W_1030_1100,NOSTOP,18,184.3,752,-452,61.1,-7088,-0.68,-0.68,0.0,0.001379,pooled(n=1115),45.8,dte,353,548,39,,,8052,8052,10.71,10.71,51.3,0.0,8.4,0,5,1,0,0,0,0,0
NIFTY,W_1030_1100,R1000,18,184.3,752,-452,61.1,-7088,-0.68,-0.68,0.0,0.001379,pooled(n=1115),45.8,dte,353,548,39,10000,934,8052,8052,10.71,10.71,51.3,2.5,8.4,0,5,1,0,0,0,0,0
NIFTY,W_1030_1100,R1500,18,184.3,752,-452,61.1,-7088,-0.68,-0.68,0.0,0.001379,pooled(n=1115),45.8,dte,353,548,39,14000,1074,8052,8052,10.71,10.71,51.3,1.1,8.4,0,5,1,0,0,0,0,0
NIFTY,W_1030_1100,R2500,18,184.3,752,-452,61.1,-7088,-0.68,-0.68,0.0,0.001379,pooled(n=1115),45.8,dte,353,548,39,22000,1156,8052,8052,10.71,10.71,51.3,0.0,8.4,0,5,1,0,0,0,0,0
NIFTY,W_1030_1100,R500,18,184.3,752,-2131,61.1,-13712,-1.57,-1.57,22.2,0.001379,pooled(n=1115),45.8,dte,353,548,39,6000,771,6000,8052,7.98,10.71,52.7,10.8,7.7,0,5,1,0,0,0,0,0
NIFTY,W_1030_1100,SLP10,18,184.3,752,-820,61.1,-13712,-0.88,-0.88,5.6,0.001379,pooled(n=1115),45.8,dte,353,548,39,11585,988,8052,8052,10.71,10.71,51.3,2.3,8.4,0,5,1,0,0,0,0,0
NIFTY,W_1030_1100,SLP15,18,184.3,752,-452,61.1,-7088,-0.68,-0.68,0.0,0.001379,pooled(n=1115),45.8,dte,353,548,39,16377,1135,8052,8052,10.71,10.71,51.3,0.6,8.4,0,5,1,0,0,0,0,0
NIFTY,W_1030_1100,SLP20,18,184.3,752,-452,61.1,-7088,-0.68,-0.68,0.0,0.001379,pooled(n=1115),45.8,dte,353,548,39,21170,978,8052,8052,10.71,10.71,51.3,0.0,8.4,0,5,1,0,0,0,0,0
NIFTY,W_1030_1100,SLP25,18,184.3,752,-452,61.1,-7088,-0.68,-0.68,0.0,0.001379,pooled(n=1115),45.8,dte,353,548,39,25962,823,8052,8052,10.71,10.71,51.3,0.0,8.4,0,5,1,0,0,0,0,0
NIFTY,W_1030_1100,SLP30,18,184.3,752,-452,61.1,-7088,-0.68,-0.68,0.0,0.001379,pooled(n=1115),45.8,dte,353,548,39,30755,919,8052,8052,10.71,10.71,51.3,0.0,8.4,0,5,1,0,0,0,0,0
NIFTY,W_1030_1100,SLP40,18,184.3,752,-452,61.1,-7088,-0.68,-0.68,0.0,0.001379,pooled(n=1115),45.8,dte,353,548,39,40340,829,8052,8052,10.71,10.71,51.3,0.0,8.4,0,5,1,0,0,0,0,0
NIFTY,W_1030_1115,NOSTOP,18,184.3,512,-106,55.6,-13016,-0.11,-0.11,0.0,0.001379,pooled(n=1115),55.4,dte,353,548,39,,,9321,9321,18.21,18.21,44.5,0.0,12.1,0,7,0,0,0,0,0,0
NIFTY,W_1030_1115,R1000,18,184.3,512,-228,55.6,-15216,-0.22,-0.22,5.6,0.001379,pooled(n=1115),55.4,dte,353,548,39,10000,934,9321,9321,18.21,18.21,44.5,3.7,12.1,0,7,0,0,0,0,0,0
NIFTY,W_1030_1115,R1500,18,184.3,512,-474,55.6,-19640,-0.38,-0.38,5.6,0.001379,pooled(n=1115),55.4,dte,353,548,39,14000,1074,9321,9321,18.21,18.21,44.5,2.0,12.1,0,7,0,0,0,0,0,0
NIFTY,W_1030_1115,R2500,18,184.3,512,-106,55.6,-13016,-0.11,-0.11,0.0,0.001379,pooled(n=1115),55.4,dte,353,548,39,22000,1156,9321,9321,18.21,18.21,44.5,0.3,12.1,0,7,0,0,0,0,0,0
NIFTY,W_1030_1115,R500,18,184.3,512,-2350,55.6,-13712,-1.52,-1.52,27.8,0.001379,pooled(n=1115),55.4,dte,353,548,39,6000,771,6000,9321,11.72,18.21,47.6,17.0,11.8,0,7,0,0,0,0,0,0
NIFTY,W_1030_1115,SLP10,18,184.3,512,-144,55.6,-13712,-0.15,-0.15,5.6,0.001379,pooled(n=1115),55.4,dte,353,548,39,11585,988,9321,9321,18.21,18.21,44.5,2.5,12.1,0,7,0,0,0,0,0,0
NIFTY,W_1030_1115,SLP15,18,184.3,512,-435,55.6,-18936,-0.36,-0.36,5.6,0.001379,pooled(n=1115),55.4,dte,353,548,39,16377,1135,9321,9321,18.21,18.21,44.5,1.7,12.1,0,7,0,0,0,0,0,0
NIFTY,W_1030_1115,SLP20,18,184.3,512,-474,55.6,-19640,-0.38,-0.38,5.6,0.001379,pooled(n=1115),55.4,dte,353,548,39,21170,978,9321,9321,18.21,18.21,44.5,0.3,12.1,0,7,0,0,0,0,0,0
NIFTY,W_1030_1115,SLP25,18,184.3,512,-106,55.6,-13016,-0.11,-0.11,0.0,0.001379,pooled(n=1115),55.4,dte,353,548,39,25962,823,9321,9321,18.21,18.21,44.5,0.0,12.1,0,7,0,0,0,0,0,0
NIFTY,W_1030_1115,SLP30,18,184.3,512,-106,55.6,-13016,-0.11,-0.11,0.0,0.001379,pooled(n=1115),55.4,dte,353,548,39,30755,919,9321,9321,18.21,18.21,44.5,0.0,12.1,0,7,0,0,0,0,0,0
NIFTY,W_1030_1115,SLP40,18,184.3,512,-106,55.6,-13016,-0.11,-0.11,0.0,0.001379,pooled(n=1115),55.4,dte,353,548,39,40340,829,9321,9321,18.21,18.21,44.5,0.0,12.1,0,7,0,0,0,0,0,0
NIFTY,W_1030_1130,NOSTOP,18,184.3,1356,-21,61.1,-13584,-0.02,-0.02,0.0,0.001379,pooled(n=1115),61.1,mon,353,548,39,,,10074,10074,7.43,7.43,31.4,0.0,16.8,0,8,1,0,1,0,0,0
NIFTY,W_1030_1130,R1000,18,184.3,1356,-938,61.1,-20896,-0.6,-0.6,11.1,0.001379,pooled(n=1115),61.1,mon,353,548,39,10000,934,10000,10074,7.37,7.43,49.0,4.5,11.6,0,8,1,0,0,0,0,0
NIFTY,W_1030_1130,R1500,18,184.3,1356,-1184,61.1,-20896,-0.69,-0.69,11.1,0.001379,pooled(n=1115),61.1,mon,353,548,39,14000,1074,10074,10074,7.43,7.43,49.0,2.0,11.6,0,8,1,0,0,0,0,0
NIFTY,W_1030_1130,R2500,18,184.3,1356,-21,61.1,-13584,-0.02,-0.02,0.0,0.001379,pooled(n=1115),61.1,mon,353,548,39,22000,1156,10074,10074,7.43,7.43,31.4,0.3,16.8,0,8,1,0,1,0,0,0
NIFTY,W_1030_1130,R500,18,184.3,320,-3120,50.0,-13712,-1.87,-1.87,33.3,0.001379,pooled(n=1115),61.1,mon,353,548,39,6000,771,6000,10074,18.75,31.48,58.9,26.6,9.2,0,8,0,0,0,0,0,0
NIFTY,W_1030_1130,SLP10,18,184.3,1356,-855,61.1,-20896,-0.56,-0.56,11.1,0.001379,pooled(n=1115),61.1,mon,353,548,39,11585,988,10074,10074,7.43,7.43,49.0,3.4,11.6,0,8,1,0,0,0,0,0
NIFTY,W_1030_1130,SLP15,18,184.3,1356,-319,61.1,-18936,-0.25,-0.25,5.6,0.001379,pooled(n=1115),61.1,mon,353,548,39,16377,1135,10074,10074,7.43,7.43,31.4,1.7,16.8,0,8,1,0,1,0,0,0
NIFTY,W_1030_1130,SLP20,18,184.3,1356,-358,61.1,-19640,-0.27,-0.27,5.6,0.001379,pooled(n=1115),61.1,mon,353,548,39,21170,978,10074,10074,7.43,7.43,31.4,0.3,16.8,0,8,1,0,1,0,0,0
NIFTY,W_1030_1130,SLP25,18,184.3,1356,-21,61.1,-13584,-0.02,-0.02,0.0,0.001379,pooled(n=1115),61.1,mon,353,548,39,25962,823,10074,10074,7.43,7.43,31.4,0.3,16.8,0,8,1,0,1,0,0,0
NIFTY,W_1030_1130,SLP30,18,184.3,1356,-21,61.1,-13584,-0.02,-0.02,0.0,0.001379,pooled(n=1115),61.1,mon,353,548,39,30755,919,10074,10074,7.43,7.43,31.4,0.0,16.8,0,8,1,0,1,0,0,0
NIFTY,W_1030_1130,SLP40,18,184.3,1356,-21,61.1,-13584,-0.02,-0.02,0.0,0.001379,pooled(n=1115),61.1,mon,353,548,39,40340,829,10074,10074,7.43,7.43,31.4,0.0,16.8,0,8,1,0,1,0,0,0
NIFTY,W_1030_1145,NOSTOP,18,184.3,464,-1075,61.1,-19912,-0.64,-0.64,0.0,0.00202,cell(n=8),67.1,mon,353,548,39,,,14989,14989,32.3,32.3,39.9,0.0,16.8,0,8,1,0,1,0,0,0
NIFTY,W_1030_1145,R1000,18,184.3,464,-922,61.1,-20896,-0.57,-0.57,11.1,0.00202,cell(n=8),67.1,mon,353,548,39,10000,934,10000,14989,21.55,32.3,42.2,19.8,16.8,0,8,1,0,0,0,0,0
NIFTY,W_1030_1145,R1500,18,184.3,464,-1168,61.1,-20896,-0.67,-0.67,11.1,0.00202,cell(n=8),67.1,mon,353,548,39,14000,1074,14000,14989,30.17,32.3,40.2,6.2,16.8,0,8,1,0,0,0,0,0
NIFTY,W_1030_1145,R2500,18,184.3,464,-2213,61.1,-31400,-0.91,-0.91,11.1,0.00202,cell(n=8),67.1,mon,353,548,39,22000,1156,14989,14989,32.3,32.3,40.2,1.7,16.8,0,8,1,0,0,0,0,0
NIFTY,W_1030_1145,R500,18,184.3,-5928,-4983,44.4,-13712,-2.68,-2.68,50.0,0.00202,cell(n=8),67.1,mon,353,548,39,6000,771,6000,12166,,,68.8,60.3,10.8,0,8,0,0,0,0,0,0
NIFTY,W_1030_1145,SLP10,18,184.3,464,-838,61.1,-20896,-0.54,-0.54,11.1,0.00202,cell(n=8),67.1,mon,353,548,39,11585,988,11585,14989,24.97,32.3,40.5,12.5,16.8,0,8,1,0,0,0,0,0
NIFTY,W_1030_1145,SLP15,18,184.3,464,-1712,61.1,-31400,-0.79,-0.79,11.1,0.00202,cell(n=8),67.1,mon,353,548,39,16377,1135,14989,14989,32.3,32.3,40.2,4.2,16.8,0,8,1,0,0,0,0,0
NIFTY,W_1030_1145,SLP20,18,184.3,464,-1060,61.1,-19640,-0.63,-0.63,5.6,0.00202,cell(n=8),67.1,mon,353,548,39,21170,978,14989,14989,32.3,32.3,39.9,1.7,16.8,0,8,1,0,1,0,0,0
NIFTY,W_1030_1145,SLP25,18,184.3,464,-1325,61.1,-24424,-0.71,-0.71,5.6,0.00202,cell(n=8),67.1,mon,353,548,39,25962,823,14989,14989,32.3,32.3,39.9,1.1,16.8,0,8,1,0,1,0,0,0
NIFTY,W_1030_1145,SLP30,18,184.3,464,-1522,61.1,-27960,-0.76,-0.76,5.6,0.00202,cell(n=8),67.1,mon,353,548,39,30755,919,14989,14989,32.3,32.3,39.9,0.8,16.8,0,8,1,0,1,0,0,0
NIFTY,W_1030_1145,SLP40,18,184.3,464,-1075,61.1,-19912,-0.64,-0.64,0.0,0.00202,cell(n=8),67.1,mon,353,548,39,40340,829,14989,14989,32.3,32.3,39.9,0.3,16.8,0,8,1,0,1,0,0,0
NIFTY,W_1030_1200,NOSTOP,18,184.3,924,271,61.1,-20640,0.2,0.2,0.0,0.00199,cell(n=9),75.1,dte,353,548,39,,,16325,16325,17.67,17.67,37.4,0.0,20.1,0,8,1,0,1,0,0,0
NIFTY,W_1030_1200,R1000,18,184.3,924,-532,61.1,-20896,-0.32,-0.32,11.1,0.00199,cell(n=9),75.1,dte,353,548,39,10000,934,10000,16325,10.82,17.67,46.5,23.8,16.8,0,8,1,0,0,0,0,0
NIFTY,W_1030_1200,R1500,18,184.3,924,-778,61.1,-20896,-0.44,-0.44,11.1,0.00199,cell(n=9),75.1,dte,353,548,39,14000,1074,14000,16325,15.15,17.67,44.8,8.2,16.8,0,8,1,0,0,0,0,0
NIFTY,W_1030_1200,R2500,18,184.3,924,-1824,61.1,-31400,-0.74,-0.74,11.1,0.00199,cell(n=9),75.1,dte,353,548,39,22000,1156,16325,16325,17.67,17.67,44.8,2.5,16.8,0,8,1,0,0,0,0,0
NIFTY,W_1030_1200,R500,18,184.3,-11364,-5628,44.4,-13920,-2.91,-2.91,55.6,0.00199,cell(n=9),75.1,dte,353,548,39,6000,771,6000,12166,,,84.4,63.5,5.4,0,8,0,0,0,0,0,0
NIFTY,W_1030_1200,SLP10,18,184.3,924,-448,61.1,-20896,-0.28,-0.28,11.1,0.00199,cell(n=9),75.1,dte,353,548,39,11585,988,11585,16325,12.54,17.67,45.0,16.4,16.8,0,8,1,0,0,0,0,0
NIFTY,W_1030_1200,SLP15,18,184.3,924,-1322,61.1,-31400,-0.6,-0.6,11.1,0.00199,cell(n=9),75.1,dte,353,548,39,16377,1135,16325,16325,17.67,17.67,44.8,4.8,16.8,0,8,1,0,0,0,0,0
NIFTY,W_1030_1200,SLP20,18,184.3,924,326,61.1,-19640,0.24,0.24,5.6,0.00199,cell(n=9),75.1,dte,353,548,39,21170,978,16325,16325,17.67,17.67,37.4,2.5,20.1,0,8,1,0,1,0,0,0
NIFTY,W_1030_1200,SLP25,18,184.3,924,60,61.1,-24424,0.04,0.04,5.6,0.00199,cell(n=9),75.1,dte,353,548,39,25962,823,16325,16325,17.67,17.67,37.4,1.4,20.1,0,8,1,0,1,0,0,0
NIFTY,W_1030_1200,SLP30,18,184.3,924,-136,61.1,-27960,-0.08,-0.08,5.6,0.00199,cell(n=9),75.1,dte,353,548,39,30755,919,16325,16325,17.67,17.67,37.4,0.8,20.1,0,8,1,0,1,0,0,0
NIFTY,W_1030_1200,SLP40,18,184.3,924,271,61.1,-20640,0.2,0.2,0.0,0.00199,cell(n=9),75.1,dte,353,548,39,40340,829,16325,16325,17.67,17.67,37.4,0.6,20.1,0,8,1,0,1,0,0,0
NIFTY,W_1030_1215,NOSTOP,18,184.3,100,-1100,50.0,-16816,-0.76,-0.76,0.0,0.001874,cell(n=10),83.2,mon,353,548,39,,,16944,16944,169.44,169.44,45.3,0.0,18.3,0,7,0,0,0,0,0,0
NIFTY,W_1030_1215,R1000,18,184.3,100,-1423,50.0,-20896,-0.86,-0.86,11.1,0.001874,cell(n=10),83.2,mon,353,548,39,10000,934,10000,16944,100.0,169.44,48.4,24.4,17.7,0,7,0,0,0,0,0,0
NIFTY,W_1030_1215,R1500,18,184.3,100,-1669,50.0,-20896,-0.94,-0.94,11.1,0.001874,cell(n=10),83.2,mon,353,548,39,14000,1074,14000,16944,140.0,169.44,46.2,8.2,17.7,0,7,0,0,0,0,0,0
NIFTY,W_1030_1215,R2500,18,184.3,100,-2715,50.0,-31400,-1.11,-1.11,11.1,0.001874,cell(n=10),83.2,mon,353,548,39,22000,1156,16944,16944,169.44,169.44,47.0,2.3,17.4,0,7,0,0,0,0,0,0
NIFTY,W_1030_1215,R500,18,184.3,-11364,-6489,27.8,-13920,-3.71,-3.71,55.6,0.001874,cell(n=10),83.2,mon,353,548,39,6000,771,6000,12166,,,100.0,65.2,-23.6,0,7,0,0,0,0,0,0
NIFTY,W_1030_1215,SLP10,18,184.3,100,-1340,50.0,-20896,-0.83,-0.83,11.1,0.001874,cell(n=10),83.2,mon,353,548,39,11585,988,11585,16944,115.85,169.44,46.7,16.1,17.7,0,7,0,0,0,0,0,0
NIFTY,W_1030_1215,SLP15,18,184.3,100,-2213,50.0,-31400,-1.01,-1.01,11.1,0.001874,cell(n=10),83.2,mon,353,548,39,16377,1135,16377,16944,163.77,169.44,47.0,5.4,17.4,0,7,0,0,0,0,0,0
NIFTY,W_1030_1215,SLP20,18,184.3,100,-1257,50.0,-19640,-0.81,-0.81,5.6,0.001874,cell(n=10),83.2,mon,353,548,39,21170,978,16944,16944,169.44,169.44,45.3,2.5,18.3,0,7,0,0,0,0,0,0
NIFTY,W_1030_1215,SLP25,18,184.3,100,-1523,50.0,-24424,-0.87,-0.87,5.6,0.001874,cell(n=10),83.2,mon,353,548,39,25962,823,16944,16944,169.44,169.44,45.3,1.7,18.3,0,7,0,0,0,0,0,0
NIFTY,W_1030_1215,SLP30,18,184.3,100,-1720,50.0,-27960,-0.9,-0.9,5.6,0.001874,cell(n=10),83.2,mon,353,548,39,30755,919,16944,16944,169.44,169.44,45.3,0.8,18.3,0,7,0,0,0,0,0,0
NIFTY,W_1030_1215,SLP40,18,184.3,100,-1100,50.0,-16816,-0.76,-0.76,0.0,0.001874,cell(n=10),83.2,mon,353,548,39,40340,829,16944,16944,169.44,169.44,45.3,0.6,18.3,0,7,0,0,0,0,0,0
NIFTY,W_1030_1230,NOSTOP,18,184.3,220,-1662,55.6,-21288,-0.88,-0.88,0.0,0.001951,cell(n=12),88.0,mon,353,548,39,,,18453,18453,83.88,83.88,51.8,0.0,17.3,0,5,0,0,0,0,0,0
NIFTY,W_1030_1230,R1000,18,184.3,220,-1600,55.6,-20896,-0.87,-0.87,16.7,0.001951,cell(n=12),88.0,mon,353,548,39,10000,934,10000,17470,45.45,79.41,54.4,28.0,17.3,0,5,0,0,0,0,0,0
NIFTY,W_1030_1230,R1500,18,184.3,220,-2050,55.6,-20896,-0.99,-0.99,16.7,0.001951,cell(n=12),88.0,mon,353,548,39,14000,1074,14000,18453,63.64,83.88,51.8,11.3,17.3,0,5,0,0,0,0,0,0
NIFTY,W_1030_1230,R2500,18,184.3,220,-2784,55.6,-31400,-1.09,-1.09,11.1,0.001951,cell(n=12),88.0,mon,353,548,39,22000,1156,18453,18453,83.88,83.88,52.1,2.8,16.6,0,5,0,0,0,0,0,0
NIFTY,W_1030_1230,R500,18,184.3,-11364,-6167,27.8,-13920,-3.4,-3.4,55.6,0.001951,cell(n=12),88.0,mon,353,548,39,6000,771,6000,12166,,,98.0,73.1,1.1,0,5,0,0,0,0,0,0
NIFTY,W_1030_1230,SLP10,18,184.3,220,-1647,55.6,-20896,-0.88,-0.88,16.7,0.001951,cell(n=12),88.0,mon,353,548,39,11585,988,11585,18453,52.66,83.88,52.7,22.4,17.3,0,5,0,0,0,0,0,0
NIFTY,W_1030_1230,SLP15,18,184.3,220,-2283,55.6,-31400,-0.99,-0.99,11.1,0.001951,cell(n=12),88.0,mon,353,548,39,16377,1135,16377,18453,74.44,83.88,52.1,7.1,16.6,0,5,0,0,0,0,0,0
NIFTY,W_1030_1230,SLP20,18,184.3,220,-1760,55.6,-21288,-0.91,-0.91,5.6,0.001951,cell(n=12),88.0,mon,353,548,39,21170,978,18453,18453,83.88,83.88,51.8,2.8,17.3,0,5,0,0,0,0,0,0
NIFTY,W_1030_1230,SLP25,18,184.3,220,-2026,55.6,-24424,-0.97,-0.97,5.6,0.001951,cell(n=12),88.0,mon,353,548,39,25962,823,18453,18453,83.88,83.88,51.8,1.7,17.3,0,5,0,0,0,0,0,0
NIFTY,W_1030_1230,SLP30,18,184.3,220,-2222,55.6,-27960,-1.0,-1.0,5.6,0.001951,cell(n=12),88.0,mon,353,548,39,30755,919,18453,18453,83.88,83.88,51.8,1.4,17.3,0,5,0,0,0,0,0,0
NIFTY,W_1030_1230,SLP40,18,184.3,220,-1662,55.6,-21288,-0.88,-0.88,0.0,0.001951,cell(n=12),88.0,mon,353,548,39,40340,829,18453,18453,83.88,83.88,51.8,0.6,17.3,0,5,0,0,0,0,0,0
NIFTY,W_1045_1115,NOSTOP,18,183.8,332,-472,66.7,-13120,-0.52,-0.52,0.0,0.001379,pooled(n=1115),50.3,cur,353,548,39,,,8630,8630,25.99,25.99,61.8,0.0,6.1,0,5,1,0,0,0,0,0
NIFTY,W_1045_1115,R1000,18,183.8,332,-594,66.7,-15320,-0.59,-0.59,5.6,0.001379,pooled(n=1115),50.3,cur,353,548,39,10000,934,8630,8630,25.99,25.99,61.8,2.3,6.1,0,5,1,0,0,0,0,0
NIFTY,W_1045_1115,R1500,18,183.8,332,-800,66.7,-19040,-0.67,-0.67,5.6,0.001379,pooled(n=1115),50.3,cur,353,548,39,14000,1074,8630,8630,25.99,25.99,61.8,0.8,6.1,0,5,1,0,0,0,0,0
NIFTY,W_1045_1115,R2500,18,183.8,332,-472,66.7,-13120,-0.52,-0.52,0.0,0.001379,pooled(n=1115),50.3,cur,353,548,39,22000,1156,8630,8630,25.99,25.99,61.8,0.0,6.1,0,5,1,0,0,0,0,0
NIFTY,W_1045_1115,R500,18,183.8,332,-1900,66.7,-13816,-1.39,-1.39,22.2,0.001379,pooled(n=1115),50.3,cur,353,548,39,6000,771,6000,8630,18.07,25.99,78.2,13.3,3.4,0,5,1,0,0,0,0,0
NIFTY,W_1045_1115,SLP10,18,183.8,332,-510,66.7,-13816,-0.54,-0.54,5.6,0.001379,pooled(n=1115),50.3,cur,353,548,39,11560,988,8630,8630,25.99,25.99,61.8,1.4,6.1,0,5,1,0,0,0,0,0
NIFTY,W_1045_1115,SLP15,18,183.8,332,-634,66.7,-16048,-0.61,-0.61,5.6,0.001379,pooled(n=1115),50.3,cur,353,548,39,16340,1135,8630,8630,25.99,25.99,61.8,0.3,6.1,0,5,1,0,0,0,0,0
NIFTY,W_1045_1115,SLP20,18,183.8,332,-800,66.7,-19040,-0.67,-0.67,5.6,0.001379,pooled(n=1115),50.3,cur,353,548,39,21120,978,8630,8630,25.99,25.99,61.8,0.0,6.1,0,5,1,0,0,0,0,0
NIFTY,W_1045_1115,SLP25,18,183.8,332,-472,66.7,-13120,-0.52,-0.52,0.0,0.001379,pooled(n=1115),50.3,cur,353,548,39,25900,823,8630,8630,25.99,25.99,61.8,0.0,6.1,0,5,1,0,0,0,0,0
NIFTY,W_1045_1115,SLP30,18,183.8,332,-472,66.7,-13120,-0.52,-0.52,0.0,0.001379,pooled(n=1115),50.3,cur,353,548,39,30681,919,8630,8630,25.99,25.99,61.8,0.0,6.1,0,5,1,0,0,0,0,0
NIFTY,W_1045_1115,SLP40,18,183.8,332,-472,66.7,-13120,-0.52,-0.52,0.0,0.001379,pooled(n=1115),50.3,cur,353,548,39,40241,829,8630,8630,25.99,25.99,61.8,0.0,6.1,0,5,1,0,0,0,0,0
NIFTY,W_1045_1130,NOSTOP,18,183.8,872,-183,72.2,-13688,-0.17,-0.17,0.0,0.001379,pooled(n=1115),53.0,cur,353,548,39,,,8986,8986,10.3,10.3,37.7,0.0,13.1,0,7,1,0,1,0,0,0
NIFTY,W_1045_1130,R1000,18,183.8,872,-690,72.2,-17552,-0.49,-0.49,11.1,0.001379,pooled(n=1115),53.0,cur,353,548,39,10000,934,8986,8986,10.3,10.3,37.7,2.8,13.1,0,7,1,0,1,0,0,0
NIFTY,W_1045_1130,R1500,18,183.8,872,-1306,72.2,-24920,-0.72,-0.72,11.1,0.001379,pooled(n=1115),53.0,cur,353,548,39,14000,1074,8986,8986,10.3,10.3,37.7,1.1,13.1,0,7,1,0,1,0,0,0
NIFTY,W_1045_1130,R2500,18,183.8,872,-183,72.2,-13688,-0.17,-0.17,0.0,0.001379,pooled(n=1115),53.0,cur,353,548,39,22000,1156,8986,8986,10.3,10.3,37.7,0.3,13.1,0,7,1,0,1,0,0,0
NIFTY,W_1045_1130,R500,18,183.8,712,-1638,66.7,-13816,-1.17,-1.17,22.2,0.001379,pooled(n=1115),53.0,cur,353,548,39,6000,771,6000,8986,8.43,12.62,47.3,22.9,10.8,0,7,1,0,0,0,0,0
NIFTY,W_1045_1130,SLP10,18,183.8,872,-1016,72.2,-24920,-0.61,-0.61,11.1,0.001379,pooled(n=1115),53.0,cur,353,548,39,11560,988,8986,8986,10.3,10.3,37.7,2.0,13.1,0,7,1,0,1,0,0,0
NIFTY,W_1045_1130,SLP15,18,183.8,872,-314,72.2,-16048,-0.27,-0.27,5.6,0.001379,pooled(n=1115),53.0,cur,353,548,39,16340,1135,8986,8986,10.3,10.3,37.7,0.6,13.1,0,7,1,0,1,0,0,0
NIFTY,W_1045_1130,SLP20,18,183.8,872,-480,72.2,-19040,-0.37,-0.37,5.6,0.001379,pooled(n=1115),53.0,cur,353,548,39,21120,978,8986,8986,10.3,10.3,37.7,0.6,13.1,0,7,1,0,1,0,0,0
NIFTY,W_1045_1130,SLP25,18,183.8,872,-183,72.2,-13688,-0.17,-0.17,0.0,0.001379,pooled(n=1115),53.0,cur,353,548,39,25900,823,8986,8986,10.3,10.3,37.7,0.0,13.1,0,7,1,0,1,0,0,0
NIFTY,W_1045_1130,SLP30,18,183.8,872,-183,72.2,-13688,-0.17,-0.17,0.0,0.001379,pooled(n=1115),53.0,cur,353,548,39,30681,919,8986,8986,10.3,10.3,37.7,0.0,13.1,0,7,1,0,1,0,0,0
NIFTY,W_1045_1130,SLP40,18,183.8,872,-183,72.2,-13688,-0.17,-0.17,0.0,0.001379,pooled(n=1115),53.0,cur,353,548,39,40241,829,8986,8986,10.3,10.3,37.7,0.0,13.1,0,7,1,0,1,0,0,0
NIFTY,W_1045_1145,NOSTOP,18,183.8,1584,-1157,66.7,-22976,-0.63,-0.63,0.0,0.001379,pooled(n=1115),65.8,cur,353,548,39,,,10673,10673,6.74,6.74,38.2,0.0,16.7,0,8,1,0,1,0,0,0
NIFTY,W_1045_1145,R1000,18,183.8,1584,-596,66.7,-17552,-0.41,-0.41,11.1,0.001379,pooled(n=1115),65.8,cur,353,548,39,10000,934,10000,10673,6.31,6.74,38.2,5.9,16.7,0,8,1,0,1,0,0,0
NIFTY,W_1045_1145,R1500,18,183.8,1584,-1212,66.7,-24920,-0.65,-0.65,11.1,0.001379,pooled(n=1115),65.8,cur,353,548,39,14000,1074,10673,10673,6.74,6.74,38.2,1.4,16.7,0,8,1,0,1,0,0,0
NIFTY,W_1045_1145,R2500,18,183.8,1584,-1875,66.7,-28064,-0.82,-0.82,11.1,0.001379,pooled(n=1115),65.8,cur,353,548,39,22000,1156,10673,10673,6.74,6.74,38.2,0.8,16.7,0,8,1,0,1,0,0,0
NIFTY,W_1045_1145,R500,18,183.8,1264,-2706,61.1,-13816,-1.63,-1.63,33.3,0.001379,pooled(n=1115),65.8,cur,353,548,39,6000,771,6000,10673,4.75,8.44,51.3,29.5,12.4,0,8,1,0,0,0,0,0
NIFTY,W_1045_1145,SLP10,18,183.8,1584,-921,66.7,-24920,-0.53,-0.53,11.1,0.001379,pooled(n=1115),65.8,cur,353,548,39,11560,988,10673,10673,6.74,6.74,38.2,3.4,16.7,0,8,1,0,1,0,0,0
NIFTY,W_1045_1145,SLP15,18,183.8,1584,-1124,66.7,-26344,-0.61,-0.61,11.1,0.001379,pooled(n=1115),65.8,cur,353,548,39,16340,1135,10673,10673,6.74,6.74,38.2,1.1,16.7,0,8,1,0,1,0,0,0
NIFTY,W_1045_1145,SLP20,18,183.8,1584,-1795,66.7,-35424,-0.77,-0.77,11.1,0.001379,pooled(n=1115),65.8,cur,353,548,39,21120,978,10673,10673,6.74,6.74,38.2,1.1,16.7,0,8,1,0,1,0,0,0
NIFTY,W_1045_1145,SLP25,18,183.8,1584,-1408,66.7,-24528,-0.71,-0.71,5.6,0.001379,pooled(n=1115),65.8,cur,353,548,39,25900,823,10673,10673,6.74,6.74,38.2,0.3,16.7,0,8,1,0,1,0,0,0
NIFTY,W_1045_1145,SLP30,18,183.8,1584,-1605,66.7,-28064,-0.75,-0.75,5.6,0.001379,pooled(n=1115),65.8,cur,353,548,39,30681,919,10673,10673,6.74,6.74,38.2,0.0,16.7,0,8,1,0,1,0,0,0
NIFTY,W_1045_1145,SLP40,18,183.8,1584,-1157,66.7,-22976,-0.63,-0.63,0.0,0.001379,pooled(n=1115),65.8,cur,353,548,39,40241,829,10673,10673,6.74,6.74,38.2,0.0,16.7,0,8,1,0,1,0,0,0
NIFTY,W_1045_1200,NOSTOP,18,183.8,2556,292,72.2,-20744,0.21,0.21,0.0,0.001379,pooled(n=1115),70.4,dte,353,548,39,,,11279,11279,4.41,4.41,38.0,0.0,17.9,0,8,1,0,1,0,0,0
NIFTY,W_1045_1200,R1000,18,183.8,2556,-647,72.2,-17552,-0.37,-0.37,16.7,0.001379,pooled(n=1115),70.4,dte,353,548,39,10000,934,10000,11279,3.91,4.41,41.4,7.9,16.2,0,8,1,0,0,0,0,0
NIFTY,W_1045_1200,R1500,18,183.8,2556,-717,72.2,-24920,-0.37,-0.37,11.1,0.001379,pooled(n=1115),70.4,dte,353,548,39,14000,1074,11279,11279,4.41,4.41,38.2,2.5,17.8,0,8,1,0,1,0,0,0
NIFTY,W_1045_1200,R2500,18,183.8,2556,-1380,72.2,-28064,-0.59,-0.59,11.1,0.001379,pooled(n=1115),70.4,dte,353,548,39,22000,1156,11279,11279,4.41,4.41,38.2,0.8,17.8,0,8,1,0,1,0,0,0
NIFTY,W_1045_1200,R500,18,183.8,1236,-3011,61.1,-13816,-1.7,-1.7,38.9,0.001379,pooled(n=1115),70.4,dte,353,548,39,6000,771,6000,11279,4.85,9.13,66.0,36.8,9.3,0,8,1,0,0,0,0,0
NIFTY,W_1045_1200,SLP10,18,183.8,2556,-972,72.2,-24920,-0.5,-0.5,16.7,0.001379,pooled(n=1115),70.4,dte,353,548,39,11560,988,11279,11279,4.41,4.41,38.5,5.1,17.7,0,8,1,0,1,0,0,0
NIFTY,W_1045_1200,SLP15,18,183.8,2556,-630,72.2,-26344,-0.33,-0.33,11.1,0.001379,pooled(n=1115),70.4,dte,353,548,39,16340,1135,11279,11279,4.41,4.41,38.2,1.7,17.8,0,8,1,0,1,0,0,0
NIFTY,W_1045_1200,SLP20,18,183.8,2556,-1300,72.2,-35424,-0.54,-0.54,11.1,0.001379,pooled(n=1115),70.4,dte,353,548,39,21120,978,11279,11279,4.41,4.41,38.2,1.1,17.8,0,8,1,0,1,0,0,0
NIFTY,W_1045_1200,SLP25,18,183.8,2556,82,72.2,-24528,0.05,0.05,5.6,0.001379,pooled(n=1115),70.4,dte,353,548,39,25900,823,11279,11279,4.41,4.41,38.0,0.8,17.9,0,8,1,0,1,0,0,0
NIFTY,W_1045_1200,SLP30,18,183.8,2556,-114,72.2,-28064,-0.06,-0.06,5.6,0.001379,pooled(n=1115),70.4,dte,353,548,39,30681,919,11279,11279,4.41,4.41,38.0,0.3,17.9,0,8,1,0,1,0,0,0
NIFTY,W_1045_1200,SLP40,18,183.8,2556,292,72.2,-20744,0.21,0.21,0.0,0.001379,pooled(n=1115),70.4,dte,353,548,39,40241,829,11279,11279,4.41,4.41,38.0,0.0,17.9,0,8,1,0,1,0,0,0
NIFTY,W_1045_1215,NOSTOP,18,183.8,1620,-1275,55.6,-17512,-0.76,-0.76,0.0,0.001379,pooled(n=1115),77.0,dte,353,548,39,,,12149,12149,7.5,7.5,47.3,0.0,15.6,0,8,0,0,0,0,0,0
NIFTY,W_1045_1215,R1000,18,183.8,1620,-1522,55.6,-17552,-0.86,-0.86,16.7,0.001379,pooled(n=1115),77.0,dte,353,548,39,10000,934,10000,12149,6.17,7.5,52.7,9.1,13.9,0,8,0,0,0,0,0,0
NIFTY,W_1045_1215,R1500,18,183.8,1620,-1804,55.6,-24920,-0.9,-0.9,11.1,0.001379,pooled(n=1115),77.0,dte,353,548,39,14000,1074,12149,12149,7.5,7.5,47.0,2.8,15.7,0,8,0,0,0,0,0,0
NIFTY,W_1045_1215,R2500,18,183.8,1620,-2468,55.6,-28064,-1.03,-1.03,11.1,0.001379,pooled(n=1115),77.0,dte,353,548,39,22000,1156,12149,12149,7.5,7.5,47.0,1.1,15.7,0,8,0,0,0,0,0,0
NIFTY,W_1045_1215,R500,18,183.8,-1828,-4263,44.4,-13816,-2.39,-2.39,44.4,0.001379,pooled(n=1115),77.0,dte,353,548,39,6000,771,6000,12149,,,59.2,41.1,13.5,0,8,0,0,0,0,0,0
NIFTY,W_1045_1215,SLP10,18,183.8,1620,-1848,55.6,-24920,-0.93,-0.93,16.7,0.001379,pooled(n=1115),77.0,dte,353,548,39,11560,988,11560,12149,7.14,7.5,53.0,6.8,13.7,0,8,0,0,0,0,0,0
NIFTY,W_1045_1215,SLP15,18,183.8,1620,-1717,55.6,-26344,-0.87,-0.87,11.1,0.001379,pooled(n=1115),77.0,dte,353,548,39,16340,1135,12149,12149,7.5,7.5,47.0,1.7,15.7,0,8,0,0,0,0,0,0
NIFTY,W_1045_1215,SLP20,18,183.8,1620,-2388,55.6,-35424,-0.98,-0.98,11.1,0.001379,pooled(n=1115),77.0,dte,353,548,39,21120,978,12149,12149,7.5,7.5,47.0,1.4,15.7,0,8,0,0,0,0,0,0
NIFTY,W_1045_1215,SLP25,18,183.8,1620,-1698,55.6,-24528,-0.87,-0.87,5.6,0.001379,pooled(n=1115),77.0,dte,353,548,39,25900,823,12149,12149,7.5,7.5,47.3,0.8,15.6,0,8,0,0,0,0,0,0
NIFTY,W_1045_1215,SLP30,18,183.8,1620,-1894,55.6,-28064,-0.91,-0.91,5.6,0.001379,pooled(n=1115),77.0,dte,353,548,39,30681,919,12149,12149,7.5,7.5,47.3,0.8,15.6,0,8,0,0,0,0,0,0
NIFTY,W_1045_1215,SLP40,18,183.8,1620,-1275,55.6,-17512,-0.76,-0.76,0.0,0.001379,pooled(n=1115),77.0,dte,353,548,39,40241,829,12149,12149,7.5,7.5,47.3,0.0,15.6,0,8,0,0,0,0,0,0
NIFTY,W_1045_1230,NOSTOP,18,183.8,1668,-2016,61.1,-25312,-0.94,-0.94,0.0,0.002018,cell(n=10),82.9,mon,353,548,39,,,17992,17992,10.79,10.79,46.2,0.0,17.2,0,7,1,0,0,0,0,0
NIFTY,W_1045_1230,R1000,18,183.8,1668,-1785,61.1,-17552,-0.91,-0.91,22.2,0.002018,cell(n=10),82.9,mon,353,548,39,10000,934,10000,17470,6.0,10.47,45.9,27.2,19.3,0,7,1,0,0,0,0,0
NIFTY,W_1045_1230,R1500,18,183.8,1668,-2292,61.1,-24920,-1.01,-1.01,16.7,0.002018,cell(n=10),82.9,mon,353,548,39,14000,1074,14000,17992,8.39,10.79,49.9,10.8,16.4,0,7,1,0,0,0,0,0
NIFTY,W_1045_1230,R2500,18,183.8,1668,-2716,61.1,-28064,-1.08,-1.08,11.1,0.002018,cell(n=10),82.9,mon,353,548,39,22000,1156,17992,17992,10.79,10.79,45.3,2.3,17.9,0,7,1,0,0,0,0,0
NIFTY,W_1045_1230,R500,18,183.8,-864,-4139,44.4,-13816,-2.3,-2.3,44.4,0.002018,cell(n=10),82.9,mon,353,548,39,6000,771,6000,12166,,,71.1,69.7,15.7,0,7,0,0,0,0,0,0
NIFTY,W_1045_1230,SLP10,18,183.8,1668,-1764,61.1,-24920,-0.86,-0.86,16.7,0.002018,cell(n=10),82.9,mon,353,548,39,11560,988,11560,17992,6.93,10.79,47.9,19.5,17.0,0,7,1,0,0,0,0,0
NIFTY,W_1045_1230,SLP15,18,183.8,1668,-2278,61.1,-26344,-1.0,-1.0,16.7,0.002018,cell(n=10),82.9,mon,353,548,39,16340,1135,16340,17992,9.8,10.79,50.1,7.4,16.3,0,7,1,0,0,0,0,0
NIFTY,W_1045_1230,SLP20,18,183.8,1668,-2637,61.1,-35424,-1.03,-1.03,11.1,0.002018,cell(n=10),82.9,mon,353,548,39,21120,978,17992,17992,10.79,10.79,45.3,2.5,17.9,0,7,1,0,0,0,0,0
NIFTY,W_1045_1230,SLP25,18,183.8,1668,-2380,61.1,-25312,-1.02,-1.02,5.6,0.002018,cell(n=10),82.9,mon,353,548,39,25900,823,17992,17992,10.79,10.79,46.2,1.4,17.2,0,7,1,0,0,0,0,0
NIFTY,W_1045_1230,SLP30,18,183.8,1668,-2576,61.1,-28064,-1.05,-1.05,5.6,0.002018,cell(n=10),82.9,mon,353,548,39,30681,919,17992,17992,10.79,10.79,46.2,1.1,17.2,0,7,1,0,0,0,0,0
NIFTY,W_1045_1230,SLP40,18,183.8,1668,-2016,61.1,-25312,-0.94,-0.94,0.0,0.002018,cell(n=10),82.9,mon,353,548,39,40241,829,17992,17992,10.79,10.79,46.2,0.8,17.2,0,7,1,0,0,0,0,0
NIFTY,W_1045_1245,NOSTOP,18,183.8,716,-2860,55.6,-27656,-1.2,-1.2,0.0,0.001642,cell(n=12),89.7,mon,353,548,39,,,16082,16082,22.46,22.46,45.9,0.0,20.4,0,5,0,0,0,0,0,0
NIFTY,W_1045_1245,R1000,18,183.8,716,-2393,55.6,-17552,-1.21,-1.21,22.2,0.001642,cell(n=12),89.7,mon,353,548,39,10000,934,10000,16082,13.97,22.46,44.2,21.2,21.8,0,5,0,0,0,0,0,0
NIFTY,W_1045_1245,R1500,18,183.8,716,-2601,55.6,-24920,-1.17,-1.17,16.7,0.001642,cell(n=12),89.7,mon,353,548,39,14000,1074,14000,16082,19.55,22.46,45.3,7.1,21.0,0,5,0,0,0,0,0,0
NIFTY,W_1045_1245,R2500,18,183.8,716,-3794,55.6,-29784,-1.34,-1.34,16.7,0.001642,cell(n=12),89.7,mon,353,548,39,22000,1156,16082,16082,22.46,22.46,45.9,1.4,20.4,0,5,0,0,0,0,0,0
NIFTY,W_1045_1245,R500,18,183.8,-6192,-4779,38.9,-13816,-2.59,-2.59,50.0,0.001642,cell(n=12),89.7,mon,353,548,39,6000,771,6000,12166,,,66.9,61.8,18.1,0,5,0,0,0,0,0,0
NIFTY,W_1045_1245,SLP10,18,183.8,716,-2074,55.6,-24920,-1.03,-1.03,16.7,0.001642,cell(n=12),89.7,mon,353,548,39,11560,988,11560,16082,16.15,22.46,45.0,13.0,21.3,0,5,0,0,0,0,0,0
NIFTY,W_1045_1245,SLP15,18,183.8,716,-2588,55.6,-26344,-1.15,-1.15,16.7,0.001642,cell(n=12),89.7,mon,353,548,39,16340,1135,16082,16082,22.46,22.46,45.9,4.0,20.6,0,5,0,0,0,0,0,0
NIFTY,W_1045_1245,SLP20,18,183.8,716,-3715,55.6,-35424,-1.3,-1.3,16.7,0.001642,cell(n=12),89.7,mon,353,548,39,21120,978,16082,16082,22.46,22.46,46.2,1.4,20.2,0,5,0,0,0,0,0,0
NIFTY,W_1045_1245,SLP25,18,183.8,716,-4319,55.6,-40808,-1.36,-1.36,16.7,0.001642,cell(n=12),89.7,mon,353,548,39,25900,823,16082,16082,22.46,22.46,46.2,1.1,20.2,0,5,0,0,0,0,0,0
NIFTY,W_1045_1245,SLP30,18,183.8,716,-4073,55.6,-34984,-1.36,-1.36,11.1,0.001642,cell(n=12),89.7,mon,353,548,39,30681,919,16082,16082,22.46,22.46,45.9,0.8,20.4,0,5,0,0,0,0,0,0
NIFTY,W_1045_1245,SLP40,18,183.8,716,-2860,55.6,-27656,-1.2,-1.2,0.0,0.001642,cell(n=12),89.7,mon,353,548,39,40241,829,16082,16082,22.46,22.46,45.9,0.6,20.4,0,5,0,0,0,0,0,0
NIFTY,W_1100_1130,NOSTOP,18,181.5,1008,651,77.8,-5960,1.45,1.45,0.0,0.001379,pooled(n=1115),41.4,dte,353,548,39,,,7386,7386,7.33,7.33,36.0,0.0,11.4,0,5,1,0,1,0,0,0
NIFTY,W_1100_1130,R1000,18,181.5,1008,-76,77.8,-19040,-0.07,-0.07,5.6,0.001379,pooled(n=1115),41.4,dte,353,548,39,10000,934,7386,7386,7.33,7.33,36.0,1.7,11.4,0,5,1,0,1,0,0,0
NIFTY,W_1100_1130,R1500,18,181.5,1008,651,77.8,-5960,1.45,1.45,0.0,0.001379,pooled(n=1115),41.4,dte,353,548,39,14000,1074,7386,7386,7.33,7.33,36.0,0.3,11.4,0,5,1,0,1,0,0,0
NIFTY,W_1100_1130,R2500,18,181.5,1008,651,77.8,-5960,1.45,1.45,0.0,0.001379,pooled(n=1115),41.4,dte,353,548,39,22000,1156,7386,7386,7.33,7.33,36.0,0.0,11.4,0,5,1,0,1,0,0,0
NIFTY,W_1100_1130,R500,18,181.5,856,-634,72.2,-13072,-0.59,-0.59,11.1,0.001379,pooled(n=1115),41.4,dte,353,548,39,6000,771,6000,7386,7.01,8.63,40.2,10.5,10.2,0,5,1,0,0,0,0,0
NIFTY,W_1100_1130,SLP10,18,181.5,1008,651,77.8,-5960,1.45,1.45,0.0,0.001379,pooled(n=1115),41.4,dte,353,548,39,11437,988,7386,7386,7.33,7.33,36.0,1.4,11.4,0,5,1,0,1,0,0,0
NIFTY,W_1100_1130,SLP15,18,181.5,1008,651,77.8,-5960,1.45,1.45,0.0,0.001379,pooled(n=1115),41.4,dte,353,548,39,16155,1135,7386,7386,7.33,7.33,36.0,0.3,11.4,0,5,1,0,1,0,0,0
NIFTY,W_1100_1130,SLP20,18,181.5,1008,651,77.8,-5960,1.45,1.45,0.0,0.001379,pooled(n=1115),41.4,dte,353,548,39,20873,978,7386,7386,7.33,7.33,36.0,0.0,11.4,0,5,1,0,1,0,0,0
NIFTY,W_1100_1130,SLP25,18,181.5,1008,651,77.8,-5960,1.45,1.45,0.0,0.001379,pooled(n=1115),41.4,dte,353,548,39,25592,823,7386,7386,7.33,7.33,36.0,0.0,11.4,0,5,1,0,1,0,0,0
NIFTY,W_1100_1130,SLP30,18,181.5,1008,651,77.8,-5960,1.45,1.45,0.0,0.001379,pooled(n=1115),41.4,dte,353,548,39,30310,919,7386,7386,7.33,7.33,36.0,0.0,11.4,0,5,1,0,1,0,0,0
NIFTY,W_1100_1130,SLP40,18,181.5,1008,651,77.8,-5960,1.45,1.45,0.0,0.001379,pooled(n=1115),41.4,dte,353,548,39,39747,829,7386,7386,7.33,7.33,36.0,0.0,11.4,0,5,1,0,1,0,0,0
NIFTY,W_1100_1145,NOSTOP,18,181.5,1232,151,77.8,-16184,0.14,0.14,0.0,0.001379,pooled(n=1115),51.4,dte,353,548,39,,,8687,8687,7.05,7.05,34.0,0.0,15.3,0,7,1,0,1,0,0,0
NIFTY,W_1100_1145,R1000,18,181.5,1232,-685,77.8,-19040,-0.46,-0.46,11.1,0.001379,pooled(n=1115),51.4,dte,353,548,39,10000,934,8687,8687,7.05,7.05,40.2,3.1,13.4,0,7,1,0,0,0,0,0
NIFTY,W_1100_1145,R1500,18,181.5,1232,-42,77.8,-19664,-0.03,-0.03,5.6,0.001379,pooled(n=1115),51.4,dte,353,548,39,14000,1074,8687,8687,7.05,7.05,34.0,0.8,15.3,0,7,1,0,1,0,0,0
NIFTY,W_1100_1145,R2500,18,181.5,1232,-479,77.8,-27520,-0.29,-0.29,5.6,0.001379,pooled(n=1115),51.4,dte,353,548,39,22000,1156,8687,8687,7.05,7.05,34.0,0.3,15.3,0,7,1,0,1,0,0,0
NIFTY,W_1100_1145,R500,18,181.5,1036,-1822,72.2,-15360,-1.19,-1.19,22.2,0.001379,pooled(n=1115),51.4,dte,353,548,39,6000,771,6000,8687,5.79,8.39,51.0,19.5,10.1,0,7,1,0,0,0,0,0
NIFTY,W_1100_1145,SLP10,18,181.5,1232,-119,77.8,-21040,-0.09,-0.09,5.6,0.001379,pooled(n=1115),51.4,dte,353,548,39,11437,988,8687,8687,7.05,7.05,34.3,2.3,15.3,0,7,1,0,1,0,0,0
NIFTY,W_1100_1145,SLP15,18,181.5,1232,-479,77.8,-27520,-0.29,-0.29,5.6,0.001379,pooled(n=1115),51.4,dte,353,548,39,16155,1135,8687,8687,7.05,7.05,34.0,0.8,15.3,0,7,1,0,1,0,0,0
NIFTY,W_1100_1145,SLP20,18,181.5,1232,151,77.8,-16184,0.14,0.14,0.0,0.001379,pooled(n=1115),51.4,dte,353,548,39,20873,978,8687,8687,7.05,7.05,34.0,0.3,15.3,0,7,1,0,1,0,0,0
NIFTY,W_1100_1145,SLP25,18,181.5,1232,151,77.8,-16184,0.14,0.14,0.0,0.001379,pooled(n=1115),51.4,dte,353,548,39,25592,823,8687,8687,7.05,7.05,34.0,0.3,15.3,0,7,1,0,1,0,0,0
NIFTY,W_1100_1145,SLP30,18,181.5,1232,151,77.8,-16184,0.14,0.14,0.0,0.001379,pooled(n=1115),51.4,dte,353,548,39,30310,919,8687,8687,7.05,7.05,34.0,0.0,15.3,0,7,1,0,1,0,0,0
NIFTY,W_1100_1145,SLP40,18,181.5,1232,151,77.8,-16184,0.14,0.14,0.0,0.001379,pooled(n=1115),51.4,dte,353,548,39,39747,829,8687,8687,7.05,7.05,34.0,0.0,15.3,0,7,1,0,1,0,0,0
NIFTY,W_1100_1200,NOSTOP,18,181.5,1848,1464,77.8,-2344,2.86,2.86,0.0,0.001691,cell(n=9),61.3,dte,353,548,39,,,11782,11782,6.38,6.38,42.2,0.0,14.2,0,8,1,0,0,0,0,0
NIFTY,W_1100_1200,R1000,18,181.5,1692,-477,72.2,-19040,-0.32,-0.32,11.1,0.001691,cell(n=9),61.3,dte,353,548,39,10000,934,10000,11782,5.91,6.96,45.3,9.3,13.5,0,8,1,0,0,0,0,0
NIFTY,W_1100_1200,R1500,18,181.5,1848,502,77.8,-19664,0.39,0.39,5.6,0.001691,cell(n=9),61.3,dte,353,548,39,14000,1074,11782,11782,6.38,6.38,42.2,3.1,14.2,0,8,1,0,0,0,0,0
NIFTY,W_1100_1200,R2500,18,181.5,1848,66,77.8,-27520,0.04,0.04,5.6,0.001691,cell(n=9),61.3,dte,353,548,39,22000,1156,11782,11782,6.38,6.38,42.2,1.1,14.2,0,8,1,0,0,0,0,0
NIFTY,W_1100_1200,R500,18,181.5,1516,-2119,66.7,-15360,-1.26,-1.26,27.8,0.001691,cell(n=9),61.3,dte,353,548,39,6000,771,6000,11782,3.96,7.77,58.9,40.2,10.3,0,8,1,0,0,0,0,0
NIFTY,W_1100_1200,SLP10,18,181.5,1848,426,77.8,-21040,0.32,0.32,5.6,0.001691,cell(n=9),61.3,dte,353,548,39,11437,988,11437,11782,6.19,6.38,42.2,5.7,14.2,0,8,1,0,0,0,0,0
NIFTY,W_1100_1200,SLP15,18,181.5,1848,66,77.8,-27520,0.04,0.04,5.6,0.001691,cell(n=9),61.3,dte,353,548,39,16155,1135,11782,11782,6.38,6.38,42.2,1.7,14.2,0,8,1,0,0,0,0,0
NIFTY,W_1100_1200,SLP20,18,181.5,1848,1464,77.8,-2344,2.86,2.86,0.0,0.001691,cell(n=9),61.3,dte,353,548,39,20873,978,11782,11782,6.38,6.38,42.2,1.1,14.2,0,8,1,0,0,0,0,0
NIFTY,W_1100_1200,SLP25,18,181.5,1848,1464,77.8,-2344,2.86,2.86,0.0,0.001691,cell(n=9),61.3,dte,353,548,39,25592,823,11782,11782,6.38,6.38,42.2,0.6,14.2,0,8,1,0,0,0,0,0
NIFTY,W_1100_1200,SLP30,18,181.5,1848,1464,77.8,-2344,2.86,2.86,0.0,0.001691,cell(n=9),61.3,dte,353,548,39,30310,919,11782,11782,6.38,6.38,42.2,0.3,14.2,0,8,1,0,0,0,0,0
NIFTY,W_1100_1200,SLP40,18,181.5,1848,1464,77.8,-2344,2.86,2.86,0.0,0.001691,cell(n=9),61.3,dte,353,548,39,39747,829,11782,11782,6.38,6.38,42.2,0.0,14.2,0,8,1,0,0,0,0,0
NIFTY,W_1100_1215,NOSTOP,18,181.5,1460,164,66.7,-11032,0.17,0.17,0.0,0.001638,cell(n=10),70.9,mon,353,548,39,,,12960,12960,8.88,8.88,33.1,0.0,19.6,0,8,1,0,1,0,0,0
NIFTY,W_1100_1215,R1000,18,181.5,1240,-1341,61.1,-19040,-0.88,-0.88,11.1,0.001638,cell(n=10),70.9,mon,353,548,39,10000,934,10000,12960,8.06,10.45,39.7,11.9,17.1,0,8,1,0,1,0,0,0
NIFTY,W_1100_1215,R1500,18,181.5,1460,-316,66.7,-19664,-0.24,-0.24,5.6,0.001638,cell(n=10),70.9,mon,353,548,39,14000,1074,12960,12960,8.88,8.88,33.1,4.0,19.6,0,8,1,0,1,0,0,0
NIFTY,W_1100_1215,R2500,18,181.5,1460,-752,66.7,-27520,-0.44,-0.44,5.6,0.001638,cell(n=10),70.9,mon,353,548,39,22000,1156,12960,12960,8.88,8.88,33.1,1.1,19.6,0,8,1,0,1,0,0,0
NIFTY,W_1100_1215,R500,18,181.5,-336,-3652,50.0,-15360,-2.18,-2.18,33.3,0.001638,cell(n=10),70.9,mon,353,548,39,6000,771,6000,12166,,,55.5,43.1,13.0,0,8,0,0,0,0,0,0
NIFTY,W_1100_1215,SLP10,18,181.5,1460,-392,66.7,-21040,-0.28,-0.28,5.6,0.001638,cell(n=10),70.9,mon,353,548,39,11437,988,11437,12960,7.83,8.88,33.1,6.8,19.6,0,8,1,0,1,0,0,0
NIFTY,W_1100_1215,SLP15,18,181.5,1460,-752,66.7,-27520,-0.44,-0.44,5.6,0.001638,cell(n=10),70.9,mon,353,548,39,16155,1135,12960,12960,8.88,8.88,33.1,1.4,19.6,0,8,1,0,1,0,0,0
NIFTY,W_1100_1215,SLP20,18,181.5,1460,164,66.7,-11032,0.17,0.17,0.0,0.001638,cell(n=10),70.9,mon,353,548,39,20873,978,12960,12960,8.88,8.88,33.1,1.1,19.6,0,8,1,0,1,0,0,0
NIFTY,W_1100_1215,SLP25,18,181.5,1460,164,66.7,-11032,0.17,0.17,0.0,0.001638,cell(n=10),70.9,mon,353,548,39,25592,823,12960,12960,8.88,8.88,33.1,1.1,19.6,0,8,1,0,1,0,0,0
NIFTY,W_1100_1215,SLP30,18,181.5,1460,164,66.7,-11032,0.17,0.17,0.0,0.001638,cell(n=10),70.9,mon,353,548,39,30310,919,12960,12960,8.88,8.88,33.1,0.8,19.6,0,8,1,0,1,0,0,0
NIFTY,W_1100_1215,SLP40,18,181.5,1460,164,66.7,-11032,0.17,0.17,0.0,0.001638,cell(n=10),70.9,mon,353,548,39,39747,829,12960,12960,8.88,8.88,33.1,0.0,19.6,0,8,1,0,1,0,0,0
NIFTY,W_1100_1230,NOSTOP,18,181.5,928,-403,55.6,-15664,-0.32,-0.32,0.0,0.001683,cell(n=11),76.0,dte,353,548,39,,,14072,14072,15.16,15.16,38.0,0.0,19.0,0,8,0,0,1,0,0,0
NIFTY,W_1100_1230,R1000,18,181.5,104,-1700,50.0,-19040,-1.08,-1.08,11.1,0.001683,cell(n=11),76.0,dte,353,548,39,10000,934,10000,14072,96.15,135.31,41.9,14.7,16.8,0,8,0,0,0,0,0,0
NIFTY,W_1100_1230,R1500,18,181.5,928,-625,55.6,-19664,-0.44,-0.44,5.6,0.001683,cell(n=11),76.0,dte,353,548,39,14000,1074,14000,14072,15.09,15.16,38.0,5.4,19.0,0,8,0,0,1,0,0,0
NIFTY,W_1100_1230,R2500,18,181.5,928,-1061,55.6,-27520,-0.6,-0.6,5.6,0.001683,cell(n=11),76.0,dte,353,548,39,22000,1156,14072,14072,15.16,15.16,38.0,1.1,19.0,0,8,0,0,1,0,0,0
NIFTY,W_1100_1230,R500,18,181.5,-1580,-4664,44.4,-15360,-2.54,-2.54,44.4,0.001683,cell(n=11),76.0,dte,353,548,39,6000,771,6000,12166,,,62.3,49.9,12.1,0,8,0,0,0,0,0,0
NIFTY,W_1100_1230,SLP10,18,181.5,928,-701,55.6,-21040,-0.48,-0.48,5.6,0.001683,cell(n=11),76.0,dte,353,548,39,11437,988,11437,14072,12.32,15.16,38.0,9.6,19.0,0,8,0,0,1,0,0,0
NIFTY,W_1100_1230,SLP15,18,181.5,928,-1061,55.6,-27520,-0.6,-0.6,5.6,0.001683,cell(n=11),76.0,dte,353,548,39,16155,1135,14072,14072,15.16,15.16,38.0,2.5,19.0,0,8,0,0,1,0,0,0
NIFTY,W_1100_1230,SLP20,18,181.5,928,-403,55.6,-15664,-0.32,-0.32,0.0,0.001683,cell(n=11),76.0,dte,353,548,39,20873,978,14072,14072,15.16,15.16,38.0,1.1,19.0,0,8,0,0,1,0,0,0
NIFTY,W_1100_1230,SLP25,18,181.5,928,-403,55.6,-15664,-0.32,-0.32,0.0,0.001683,cell(n=11),76.0,dte,353,548,39,25592,823,14072,14072,15.16,15.16,38.0,1.1,19.0,0,8,0,0,1,0,0,0
NIFTY,W_1100_1230,SLP30,18,181.5,928,-403,55.6,-15664,-0.32,-0.32,0.0,0.001683,cell(n=11),76.0,dte,353,548,39,30310,919,14072,14072,15.16,15.16,38.0,0.8,19.0,0,8,0,0,1,0,0,0
NIFTY,W_1100_1230,SLP40,18,181.5,928,-403,55.6,-15664,-0.32,-0.32,0.0,0.001683,cell(n=11),76.0,dte,353,548,39,39747,829,14072,14072,15.16,15.16,38.0,0.0,19.0,0,8,0,0,1,0,0,0
NIFTY,W_1100_1245,NOSTOP,18,181.5,820,-1116,55.6,-18032,-0.71,-0.71,0.0,0.001714,cell(n=12),81.1,mon,353,548,39,,,15115,15115,18.43,18.43,44.5,0.0,17.8,0,7,0,0,0,0,0,0
NIFTY,W_1100_1245,R1000,18,181.5,-296,-2456,50.0,-19480,-1.29,-1.29,16.7,0.001714,cell(n=12),81.1,mon,353,548,39,10000,934,10000,15115,,,45.9,17.3,17.8,0,7,0,0,0,0,0,0
NIFTY,W_1100_1245,R1500,18,181.5,820,-1495,55.6,-19664,-0.84,-0.84,11.1,0.001714,cell(n=12),81.1,mon,353,548,39,14000,1074,14000,15115,17.07,18.43,44.8,6.8,17.8,0,7,0,0,0,0,0,0
NIFTY,W_1100_1245,R2500,18,181.5,820,-1643,55.6,-27520,-0.84,-0.84,5.6,0.001714,cell(n=12),81.1,mon,353,548,39,22000,1156,15115,15115,18.43,18.43,44.5,1.1,17.8,0,7,0,0,0,0,0,0
NIFTY,W_1100_1245,R500,18,181.5,-6748,-5123,38.9,-15360,-2.68,-2.68,50.0,0.001714,cell(n=12),81.1,mon,353,548,39,6000,771,6000,12166,,,76.2,57.5,8.5,0,7,0,0,0,0,0,0
NIFTY,W_1100_1245,SLP10,18,181.5,820,-1572,55.6,-21040,-0.86,-0.86,11.1,0.001714,cell(n=12),81.1,mon,353,548,39,11437,988,11437,15115,13.95,18.43,44.8,12.2,17.8,0,7,0,0,0,0,0,0
NIFTY,W_1100_1245,SLP15,18,181.5,820,-2190,55.6,-27520,-0.99,-0.99,11.1,0.001714,cell(n=12),81.1,mon,353,548,39,16155,1135,15115,15115,18.43,18.43,44.5,3.4,17.8,0,7,0,0,0,0,0,0
NIFTY,W_1100_1245,SLP20,18,181.5,820,-1701,55.6,-24816,-0.88,-0.88,5.6,0.001714,cell(n=12),81.1,mon,353,548,39,20873,978,15115,15115,18.43,18.43,44.5,1.4,17.8,0,7,0,0,0,0,0,0
NIFTY,W_1100_1245,SLP25,18,181.5,820,-1116,55.6,-18032,-0.71,-0.71,0.0,0.001714,cell(n=12),81.1,mon,353,548,39,25592,823,15115,15115,18.43,18.43,44.5,1.1,17.8,0,7,0,0,0,0,0,0
NIFTY,W_1100_1245,SLP30,18,181.5,820,-1116,55.6,-18032,-0.71,-0.71,0.0,0.001714,cell(n=12),81.1,mon,353,548,39,30310,919,15115,15115,18.43,18.43,44.5,0.8,17.8,0,7,0,0,0,0,0,0
NIFTY,W_1100_1245,SLP40,18,181.5,820,-1116,55.6,-18032,-0.71,-0.71,0.0,0.001714,cell(n=12),81.1,mon,353,548,39,39747,829,15115,15115,18.43,18.43,44.5,0.8,17.8,0,7,0,0,0,0,0,0
NIFTY,W_1100_1300,NOSTOP,18,181.5,988,-1701,66.7,-34056,-0.7,-0.7,0.0,0.002388,cell(n=12),88.0,dte,353,548,39,,,21833,21833,22.1,22.1,41.9,0.0,19.9,0,5,1,0,0,0,0,0
NIFTY,W_1100_1300,R1000,18,181.5,196,-4731,55.6,-23872,-1.8,-1.8,33.3,0.002388,cell(n=12),88.0,dte,353,548,39,10000,934,10000,17470,51.02,89.13,48.2,39.4,20.7,0,5,0,0,0,0,0,0
NIFTY,W_1100_1300,R1500,18,181.5,988,-2572,66.7,-23872,-1.04,-1.04,22.2,0.002388,cell(n=12),88.0,dte,353,548,39,14000,1074,14000,21833,14.17,22.1,40.5,17.0,21.7,0,5,1,0,0,0,0,0
NIFTY,W_1100_1300,R2500,18,181.5,988,-1338,66.7,-27520,-0.62,-0.62,5.6,0.002388,cell(n=12),88.0,dte,353,548,39,22000,1156,21833,21833,22.1,22.1,41.9,4.8,19.9,0,5,1,0,0,0,0,0
NIFTY,W_1100_1300,R500,18,181.5,-11476,-5247,44.4,-15360,-2.55,-2.55,55.6,0.002388,cell(n=12),88.0,dte,353,548,39,6000,771,6000,12166,,,88.7,80.5,6.9,0,5,0,0,0,0,0,0
NIFTY,W_1100_1300,SLP10,18,181.5,348,-3750,61.1,-23872,-1.42,-1.42,27.8,0.002388,cell(n=12),88.0,dte,353,548,39,11437,988,11437,19338,32.86,55.57,45.9,30.3,20.2,0,5,1,0,0,0,0,0
NIFTY,W_1100_1300,SLP15,18,181.5,988,-3478,66.7,-27520,-1.21,-1.21,22.2,0.002388,cell(n=12),88.0,dte,353,548,39,16155,1135,16155,21833,16.35,22.1,45.0,12.5,18.7,0,5,1,0,0,0,0,0
NIFTY,W_1100_1300,SLP20,18,181.5,988,-3000,66.7,-36256,-1.02,-1.02,16.7,0.002388,cell(n=12),88.0,dte,353,548,39,20873,978,20873,21833,21.13,22.1,41.9,5.9,19.9,0,5,1,0,0,0,0,0
NIFTY,W_1100_1300,SLP25,18,181.5,988,-2469,66.7,-40680,-0.85,-0.85,11.1,0.002388,cell(n=12),88.0,dte,353,548,39,25592,823,21833,21833,22.1,22.1,41.9,1.7,19.9,0,5,1,0,0,0,0,0
NIFTY,W_1100_1300,SLP30,18,181.5,988,-1701,66.7,-34056,-0.7,-0.7,0.0,0.002388,cell(n=12),88.0,dte,353,548,39,30310,919,21833,21833,22.1,22.1,41.9,1.1,19.9,0,5,1,0,0,0,0,0
NIFTY,W_1100_1300,SLP40,18,181.5,988,-1701,66.7,-34056,-0.7,-0.7,0.0,0.002388,cell(n=12),88.0,dte,353,548,39,39747,829,21833,21833,22.1,22.1,41.9,0.8,19.9,0,5,1,0,0,0,0,0
NIFTY,W_1115_1145,NOSTOP,18,182.5,524,-464,66.7,-14288,-0.47,-0.47,0.0,0.001379,pooled(n=1115),42.4,dte,353,548,39,,,7548,7548,14.4,14.4,41.9,0.0,10.3,0,5,1,0,0,0,0,0
NIFTY,W_1115_1145,R1000,18,182.5,524,-1300,66.7,-18784,-0.88,-0.88,11.1,0.001379,pooled(n=1115),42.4,dte,353,548,39,10000,934,7548,7548,14.4,14.4,43.6,2.0,9.8,0,5,1,0,0,0,0,0
NIFTY,W_1115_1145,R1500,18,182.5,524,-734,66.7,-19144,-0.6,-0.6,5.6,0.001379,pooled(n=1115),42.4,dte,353,548,39,14000,1074,7548,7548,14.4,14.4,41.9,0.8,10.3,0,5,1,0,0,0,0,0
NIFTY,W_1115_1145,R2500,18,182.5,524,-464,66.7,-14288,-0.47,-0.47,0.0,0.001379,pooled(n=1115),42.4,dte,353,548,39,22000,1156,7548,7548,14.4,14.4,41.9,0.3,10.3,0,5,1,0,0,0,0,0
NIFTY,W_1115_1145,R500,18,182.5,524,-1300,66.7,-17144,-0.96,-0.96,16.7,0.001379,pooled(n=1115),42.4,dte,353,548,39,6000,771,6000,7548,11.45,14.4,41.4,15.0,10.8,0,5,1,0,0,0,0,0
NIFTY,W_1115_1145,SLP10,18,182.5,524,-1535,66.7,-21384,-0.94,-0.94,11.1,0.001379,pooled(n=1115),42.4,dte,353,548,39,11490,988,7548,7548,14.4,14.4,43.6,0.8,9.8,0,5,1,0,0,0,0,0
NIFTY,W_1115_1145,SLP15,18,182.5,524,-464,66.7,-14288,-0.47,-0.47,0.0,0.001379,pooled(n=1115),42.4,dte,353,548,39,16235,1135,7548,7548,14.4,14.4,41.9,0.6,10.3,0,5,1,0,0,0,0,0
NIFTY,W_1115_1145,SLP20,18,182.5,524,-464,66.7,-14288,-0.47,-0.47,0.0,0.001379,pooled(n=1115),42.4,dte,353,548,39,20980,978,7548,7548,14.4,14.4,41.9,0.3,10.3,0,5,1,0,0,0,0,0
NIFTY,W_1115_1145,SLP25,18,182.5,524,-464,66.7,-14288,-0.47,-0.47,0.0,0.001379,pooled(n=1115),42.4,dte,353,548,39,25725,823,7548,7548,14.4,14.4,41.9,0.3,10.3,0,5,1,0,0,0,0,0
NIFTY,W_1115_1145,SLP30,18,182.5,524,-464,66.7,-14288,-0.47,-0.47,0.0,0.001379,pooled(n=1115),42.4,dte,353,548,39,30470,919,7548,7548,14.4,14.4,41.9,0.0,10.3,0,5,1,0,0,0,0,0
NIFTY,W_1115_1145,SLP40,18,182.5,524,-464,66.7,-14288,-0.47,-0.47,0.0,0.001379,pooled(n=1115),42.4,dte,353,548,39,39960,829,7548,7548,14.4,14.4,41.9,0.0,10.3,0,5,1,0,0,0,0,0
NIFTY,W_1115_1200,NOSTOP,18,182.5,1052,564,66.7,-4440,1.06,1.06,0.0,0.001379,pooled(n=1115),58.5,dte,353,548,39,,,9654,9654,9.18,9.18,35.7,0.0,14.2,0,7,1,0,1,0,0,0
NIFTY,W_1115_1200,R1000,18,182.5,1052,-1377,66.7,-18784,-0.91,-0.91,11.1,0.001379,pooled(n=1115),58.5,dte,353,548,39,10000,934,9654,9654,9.18,9.18,38.5,4.2,13.2,0,7,1,0,1,0,0,0
NIFTY,W_1115_1200,R1500,18,182.5,1052,-475,66.7,-19144,-0.39,-0.39,5.6,0.001379,pooled(n=1115),58.5,dte,353,548,39,14000,1074,9654,9654,9.18,9.18,38.2,1.4,13.5,0,7,1,0,1,0,0,0
NIFTY,W_1115_1200,R2500,18,182.5,1052,564,66.7,-4440,1.06,1.06,0.0,0.001379,pooled(n=1115),58.5,dte,353,548,39,22000,1156,9654,9654,9.18,9.18,35.7,0.3,14.2,0,7,1,0,1,0,0,0
NIFTY,W_1115_1200,R500,18,182.5,1052,-1406,66.7,-17144,-1.01,-1.01,16.7,0.001379,pooled(n=1115),58.5,dte,353,548,39,6000,771,6000,9654,5.7,9.18,40.8,23.5,13.2,0,7,1,0,0,0,0,0
NIFTY,W_1115_1200,SLP10,18,182.5,1052,-1613,66.7,-21384,-0.97,-0.97,11.1,0.001379,pooled(n=1115),58.5,dte,353,548,39,11490,988,9654,9654,9.18,9.18,38.5,2.5,13.2,0,7,1,0,1,0,0,0
NIFTY,W_1115_1200,SLP15,18,182.5,1052,564,66.7,-4440,1.06,1.06,0.0,0.001379,pooled(n=1115),58.5,dte,353,548,39,16235,1135,9654,9654,9.18,9.18,35.7,0.8,14.2,0,7,1,0,1,0,0,0
NIFTY,W_1115_1200,SLP20,18,182.5,1052,564,66.7,-4440,1.06,1.06,0.0,0.001379,pooled(n=1115),58.5,dte,353,548,39,20980,978,9654,9654,9.18,9.18,35.7,0.3,14.2,0,7,1,0,1,0,0,0
NIFTY,W_1115_1200,SLP25,18,182.5,1052,564,66.7,-4440,1.06,1.06,0.0,0.001379,pooled(n=1115),58.5,dte,353,548,39,25725,823,9654,9654,9.18,9.18,35.7,0.3,14.2,0,7,1,0,1,0,0,0
NIFTY,W_1115_1200,SLP30,18,182.5,1052,564,66.7,-4440,1.06,1.06,0.0,0.001379,pooled(n=1115),58.5,dte,353,548,39,30470,919,9654,9654,9.18,9.18,35.7,0.3,14.2,0,7,1,0,1,0,0,0
NIFTY,W_1115_1200,SLP40,18,182.5,1052,564,66.7,-4440,1.06,1.06,0.0,0.001379,pooled(n=1115),58.5,dte,353,548,39,39960,829,9654,9654,9.18,9.18,35.7,0.0,14.2,0,7,1,0,1,0,0,0
NIFTY,W_1115_1215,NOSTOP,18,182.5,1052,-1098,61.1,-17216,-0.92,-0.92,0.0,0.001379,pooled(n=1115),62.1,dte,353,548,39,,,10125,10125,9.62,9.62,45.9,0.0,13.2,0,8,1,0,0,0,0,0
NIFTY,W_1115_1215,R1000,18,182.5,1052,-2676,55.6,-18784,-1.53,-1.53,16.7,0.001379,pooled(n=1115),62.1,dte,353,548,39,10000,934,10000,10125,9.51,9.62,43.1,5.4,14.1,0,8,0,0,0,0,0,0
NIFTY,W_1115_1215,R1500,18,182.5,1052,-1840,61.1,-20560,-1.13,-1.13,11.1,0.001379,pooled(n=1115),62.1,dte,353,548,39,14000,1074,10125,10125,9.62,9.62,45.3,1.4,13.3,0,8,1,0,0,0,0,0
NIFTY,W_1115_1215,R2500,18,182.5,1052,-1098,61.1,-17216,-0.92,-0.92,0.0,0.001379,pooled(n=1115),62.1,dte,353,548,39,22000,1156,10125,10125,9.62,9.62,45.9,0.8,13.2,0,8,1,0,0,0,0,0
NIFTY,W_1115_1215,R500,18,182.5,1052,-3615,55.6,-17144,-2.13,-2.13,33.3,0.001379,pooled(n=1115),62.1,dte,353,548,39,6000,771,6000,10125,5.7,9.62,55.5,28.3,11.3,0,8,0,0,0,0,0,0
NIFTY,W_1115_1215,SLP10,18,182.5,1052,-3024,55.6,-21384,-1.56,-1.56,16.7,0.001379,pooled(n=1115),62.1,dte,353,548,39,11490,988,10125,10125,9.62,9.62,43.1,3.4,14.1,0,8,0,0,0,0,0,0
NIFTY,W_1115_1215,SLP15,18,182.5,1052,-1098,61.1,-17216,-0.92,-0.92,0.0,0.001379,pooled(n=1115),62.1,dte,353,548,39,16235,1135,10125,10125,9.62,9.62,45.9,1.1,13.2,0,8,1,0,0,0,0,0
NIFTY,W_1115_1215,SLP20,18,182.5,1052,-1098,61.1,-17216,-0.92,-0.92,0.0,0.001379,pooled(n=1115),62.1,dte,353,548,39,20980,978,10125,10125,9.62,9.62,45.9,0.8,13.2,0,8,1,0,0,0,0,0
NIFTY,W_1115_1215,SLP25,18,182.5,1052,-1098,61.1,-17216,-0.92,-0.92,0.0,0.001379,pooled(n=1115),62.1,dte,353,548,39,25725,823,10125,10125,9.62,9.62,45.9,0.6,13.2,0,8,1,0,0,0,0,0
NIFTY,W_1115_1215,SLP30,18,182.5,1052,-1098,61.1,-17216,-0.92,-0.92,0.0,0.001379,pooled(n=1115),62.1,dte,353,548,39,30470,919,10125,10125,9.62,9.62,45.9,0.3,13.2,0,8,1,0,0,0,0,0
NIFTY,W_1115_1215,SLP40,18,182.5,1052,-1098,61.1,-17216,-0.92,-0.92,0.0,0.001379,pooled(n=1115),62.1,dte,353,548,39,39960,829,10125,10125,9.62,9.62,45.9,0.0,13.2,0,8,1,0,0,0,0,0
NIFTY,W_1115_1230,NOSTOP,18,182.5,856,-1204,61.1,-13768,-1.02,-1.02,0.0,0.001779,cell(n=8),68.2,dte,353,548,39,,,13514,13514,15.79,15.79,42.8,0.0,15.3,0,8,1,0,0,0,0,0
NIFTY,W_1115_1230,R1000,18,182.5,420,-2918,55.6,-18784,-1.64,-1.64,16.7,0.001779,cell(n=8),68.2,dte,353,548,39,10000,934,10000,13514,23.81,32.18,43.6,15.6,15.2,0,8,0,0,0,0,0,0
NIFTY,W_1115_1230,R1500,18,182.5,856,-2033,61.1,-20560,-1.22,-1.22,11.1,0.001779,cell(n=8),68.2,dte,353,548,39,14000,1074,13514,13514,15.79,15.79,43.1,4.8,15.2,0,8,1,0,0,0,0,0
NIFTY,W_1115_1230,R2500,18,182.5,856,-1204,61.1,-13768,-1.02,-1.02,0.0,0.001779,cell(n=8),68.2,dte,353,548,39,22000,1156,13514,13514,15.79,15.79,42.8,1.1,15.3,0,8,1,0,0,0,0,0
NIFTY,W_1115_1230,R500,18,182.5,-324,-4210,50.0,-17144,-2.42,-2.42,38.9,0.001779,cell(n=8),68.2,dte,353,548,39,6000,771,6000,12166,,,59.2,48.2,12.6,0,8,0,0,0,0,0,0
NIFTY,W_1115_1230,SLP10,18,182.5,420,-3267,55.6,-21384,-1.66,-1.66,16.7,0.001779,cell(n=8),68.2,dte,353,548,39,11490,988,11490,13514,27.36,32.18,43.1,9.3,15.2,0,8,0,0,0,0,0,0
NIFTY,W_1115_1230,SLP15,18,182.5,856,-1204,61.1,-13768,-1.02,-1.02,0.0,0.001779,cell(n=8),68.2,dte,353,548,39,16235,1135,13514,13514,15.79,15.79,42.8,2.8,15.3,0,8,1,0,0,0,0,0
NIFTY,W_1115_1230,SLP20,18,182.5,856,-1204,61.1,-13768,-1.02,-1.02,0.0,0.001779,cell(n=8),68.2,dte,353,548,39,20980,978,13514,13514,15.79,15.79,42.8,1.1,15.3,0,8,1,0,0,0,0,0
NIFTY,W_1115_1230,SLP25,18,182.5,856,-1204,61.1,-13768,-1.02,-1.02,0.0,0.001779,cell(n=8),68.2,dte,353,548,39,25725,823,13514,13514,15.79,15.79,42.8,0.8,15.3,0,8,1,0,0,0,0,0
NIFTY,W_1115_1230,SLP30,18,182.5,856,-1204,61.1,-13768,-1.02,-1.02,0.0,0.001779,cell(n=8),68.2,dte,353,548,39,30470,919,13514,13514,15.79,15.79,42.8,0.8,15.3,0,8,1,0,0,0,0,0
NIFTY,W_1115_1230,SLP40,18,182.5,856,-1204,61.1,-13768,-1.02,-1.02,0.0,0.001779,cell(n=8),68.2,dte,353,548,39,39960,829,13514,13514,15.79,15.79,42.8,0.6,15.3,0,8,1,0,0,0,0,0
NIFTY,W_1115_1245,NOSTOP,18,182.5,-240,-2101,44.4,-17368,-1.28,-1.28,0.0,0.001801,cell(n=9),77.8,mon,353,548,39,,,15295,15295,,,45.6,0.0,16.8,0,8,0,0,0,0,0,0
NIFTY,W_1115_1245,R1000,18,182.5,-240,-3505,44.4,-20000,-1.71,-1.71,22.2,0.001801,cell(n=9),77.8,mon,353,548,39,10000,934,10000,15295,,,48.2,19.3,16.3,0,8,0,0,0,0,0,0
NIFTY,W_1115_1245,R1500,18,182.5,-240,-2734,44.4,-20560,-1.4,-1.4,16.7,0.001801,cell(n=9),77.8,mon,353,548,39,14000,1074,14000,15295,,,47.0,5.9,16.1,0,8,0,0,0,0,0,0
NIFTY,W_1115_1245,R2500,18,182.5,-240,-2760,44.4,-27992,-1.35,-1.35,5.6,0.001801,cell(n=9),77.8,mon,353,548,39,22000,1156,15295,15295,,,46.7,1.1,16.3,0,8,0,0,0,0,0,0
NIFTY,W_1115_1245,R500,18,182.5,-1136,-4607,38.9,-17144,-2.51,-2.51,44.4,0.001801,cell(n=9),77.8,mon,353,548,39,6000,771,6000,12166,,,59.2,56.7,16.8,0,8,0,0,0,0,0,0
NIFTY,W_1115_1245,SLP10,18,182.5,-240,-3854,44.4,-21384,-1.75,-1.75,22.2,0.001801,cell(n=9),77.8,mon,353,548,39,11490,988,11490,15295,,,47.0,11.6,16.2,0,8,0,0,0,0,0,0
NIFTY,W_1115_1245,SLP15,18,182.5,-240,-3307,44.4,-27992,-1.44,-1.44,11.1,0.001801,cell(n=9),77.8,mon,353,548,39,16235,1135,15295,15295,,,47.0,4.0,16.2,0,8,0,0,0,0,0,0
NIFTY,W_1115_1245,SLP20,18,182.5,-240,-2648,44.4,-24656,-1.36,-1.36,5.6,0.001801,cell(n=9),77.8,mon,353,548,39,20980,978,15295,15295,,,45.9,1.4,16.6,0,8,0,0,0,0,0,0
NIFTY,W_1115_1245,SLP25,18,182.5,-240,-2101,44.4,-17368,-1.28,-1.28,0.0,0.001801,cell(n=9),77.8,mon,353,548,39,25725,823,15295,15295,,,45.6,0.8,16.8,0,8,0,0,0,0,0,0
NIFTY,W_1115_1245,SLP30,18,182.5,-240,-2101,44.4,-17368,-1.28,-1.28,0.0,0.001801,cell(n=9),77.8,mon,353,548,39,30470,919,15295,15295,,,45.6,0.8,16.8,0,8,0,0,0,0,0,0
NIFTY,W_1115_1245,SLP40,18,182.5,-240,-2101,44.4,-17368,-1.28,-1.28,0.0,0.001801,cell(n=9),77.8,mon,353,548,39,39960,829,15295,15295,,,45.6,0.8,16.8,0,8,0,0,0,0,0,0
NIFTY,W_1115_1300,NOSTOP,18,182.5,532,-2748,55.6,-32160,-1.15,-1.15,0.0,0.002936,cell(n=11),83.9,mon,353,548,39,,,25375,25375,47.7,47.7,38.8,0.0,20.1,0,7,0,0,1,0,0,0
NIFTY,W_1115_1300,R1000,18,182.5,-188,-4847,50.0,-23944,-1.87,-1.87,33.3,0.002936,cell(n=11),83.9,mon,353,548,39,10000,934,10000,17470,,,52.7,49.0,19.9,0,7,0,0,0,0,0,0
NIFTY,W_1115_1300,R1500,18,182.5,532,-4190,55.6,-23944,-1.59,-1.59,27.8,0.002936,cell(n=11),83.9,mon,353,548,39,14000,1074,14000,22592,26.32,42.47,43.3,28.9,19.5,0,7,0,0,0,0,0,0
NIFTY,W_1115_1300,R2500,18,182.5,532,-3189,55.6,-27992,-1.26,-1.26,11.1,0.002936,cell(n=11),83.9,mon,353,548,39,22000,1156,22000,25375,41.35,47.7,38.8,7.6,20.2,0,7,0,0,1,0,0,0
NIFTY,W_1115_1300,R500,18,182.5,-6136,-4700,38.9,-17144,-2.35,-2.35,50.0,0.002936,cell(n=11),83.9,mon,353,548,39,6000,771,6000,12166,,,85.3,85.3,16.4,0,7,0,0,0,0,0,0
NIFTY,W_1115_1300,SLP10,18,182.5,-188,-5195,50.0,-23944,-1.92,-1.92,33.3,0.002936,cell(n=11),83.9,mon,353,548,39,11490,988,11490,19391,,,48.7,40.2,19.7,0,7,0,0,0,0,0,0
NIFTY,W_1115_1300,SLP15,18,182.5,532,-5329,55.6,-27992,-1.73,-1.73,27.8,0.002936,cell(n=11),83.9,mon,353,548,39,16235,1135,16235,25312,30.52,47.58,42.8,18.1,19.2,0,7,0,0,0,0,0,0
NIFTY,W_1115_1300,SLP20,18,182.5,532,-4008,55.6,-34360,-1.4,-1.4,16.7,0.002936,cell(n=11),83.9,mon,353,548,39,20980,978,20980,25375,39.44,47.7,38.8,9.1,20.2,0,7,0,0,1,0,0,0
NIFTY,W_1115_1300,SLP25,18,182.5,532,-3147,55.6,-32160,-1.22,-1.22,5.6,0.002936,cell(n=11),83.9,mon,353,548,39,25725,823,25375,25375,47.7,47.7,38.8,5.1,20.1,0,7,0,0,1,0,0,0
NIFTY,W_1115_1300,SLP30,18,182.5,532,-2748,55.6,-32160,-1.15,-1.15,0.0,0.002936,cell(n=11),83.9,mon,353,548,39,30470,919,25375,25375,47.7,47.7,38.8,2.3,20.1,0,7,0,0,1,0,0,0
NIFTY,W_1115_1300,SLP40,18,182.5,532,-2748,55.6,-32160,-1.15,-1.15,0.0,0.002936,cell(n=11),83.9,mon,353,548,39,39960,829,25375,25375,47.7,47.7,38.8,0.8,20.1,0,7,0,0,1,0,0,0
NIFTY,W_1115_1315,NOSTOP,18,182.5,-220,-2806,50.0,-24320,-1.21,-1.21,0.0,0.001264,cell(n=13),90.9,dte,353,548,39,,,12902,12902,,,43.3,0.0,19.4,0,5,0,0,0,0,0,0
NIFTY,W_1115_1315,R1000,18,182.5,-572,-5363,50.0,-23944,-1.96,-1.96,38.9,0.001264,cell(n=13),90.9,dte,353,548,39,10000,934,10000,12902,,,47.0,11.0,17.4,0,5,0,0,0,0,0,0
NIFTY,W_1115_1315,R1500,18,182.5,-220,-4430,50.0,-23944,-1.64,-1.64,27.8,0.001264,cell(n=13),90.9,dte,353,548,39,14000,1074,12902,12902,,,46.5,4.0,17.6,0,5,0,0,0,0,0,0
NIFTY,W_1115_1315,R2500,18,182.5,-220,-4044,50.0,-28136,-1.42,-1.42,16.7,0.001264,cell(n=13),90.9,dte,353,548,39,22000,1156,12902,12902,,,44.5,0.8,18.7,0,5,0,0,0,0,0,0
NIFTY,W_1115_1315,R500,18,182.5,-5448,-4092,50.0,-17144,-1.92,-1.92,50.0,0.001264,cell(n=13),90.9,dte,353,548,39,6000,771,6000,12166,,,53.8,46.7,19.3,0,5,0,0,0,0,0,0
NIFTY,W_1115_1315,SLP10,18,182.5,-572,-5355,50.0,-23944,-1.93,-1.93,33.3,0.001264,cell(n=13),90.9,dte,353,548,39,11490,988,11490,12902,,,48.2,7.4,16.9,0,5,0,0,0,0,0,0
NIFTY,W_1115_1315,SLP15,18,182.5,-220,-5569,50.0,-27992,-1.78,-1.78,27.8,0.001264,cell(n=13),90.9,dte,353,548,39,16235,1135,12902,12902,,,49.3,2.3,16.5,0,5,0,0,0,0,0,0
NIFTY,W_1115_1315,SLP20,18,182.5,-220,-4168,50.0,-34360,-1.44,-1.44,16.7,0.001264,cell(n=13),90.9,dte,353,548,39,20980,978,12902,12902,,,45.0,0.8,18.7,0,5,0,0,0,0,0,0
NIFTY,W_1115_1315,SLP25,18,182.5,-220,-3768,50.0,-40424,-1.28,-1.28,11.1,0.001264,cell(n=13),90.9,dte,353,548,39,25725,823,12902,12902,,,42.8,0.8,19.9,0,5,0,0,0,0,0,0
NIFTY,W_1115_1315,SLP30,18,182.5,-220,-3018,50.0,-28136,-1.24,-1.24,5.6,0.001264,cell(n=13),90.9,dte,353,548,39,30470,919,12902,12902,,,43.3,0.8,19.4,0,5,0,0,0,0,0,0
NIFTY,W_1115_1315,SLP40,18,182.5,-220,-2806,50.0,-24320,-1.21,-1.21,0.0,0.001264,cell(n=13),90.9,dte,353,548,39,39960,829,12902,12902,,,43.3,0.6,19.4,0,5,0,0,0,0,0,0
NIFTY,W_1130_1200,NOSTOP,18,181.6,476,541,66.7,-3520,1.53,1.53,0.0,0.001379,pooled(n=1115),44.2,dte,353,548,39,,,7753,7753,16.29,16.29,34.3,0.0,12.2,0,5,1,0,1,0,0,0
NIFTY,W_1130_1200,R1000,18,181.6,196,-1484,55.6,-18112,-1.03,-1.03,11.1,0.001379,pooled(n=1115),44.2,dte,353,548,39,10000,934,7753,7753,39.56,39.56,36.5,2.8,11.4,0,5,0,0,1,0,0,0
NIFTY,W_1130_1200,R1500,18,181.6,476,541,66.7,-3520,1.53,1.53,0.0,0.001379,pooled(n=1115),44.2,dte,353,548,39,14000,1074,7753,7753,16.29,16.29,34.3,0.6,12.2,0,5,1,0,1,0,0,0
NIFTY,W_1130_1200,R2500,18,181.6,476,541,66.7,-3520,1.53,1.53,0.0,0.001379,pooled(n=1115),44.2,dte,353,548,39,22000,1156,7753,7753,16.29,16.29,34.3,0.3,12.2,0,5,1,0,1,0,0,0
NIFTY,W_1130_1200,R500,18,181.6,196,-1278,55.6,-12120,-1.09,-1.09,16.7,0.001379,pooled(n=1115),44.2,dte,353,548,39,6000,771,6000,7753,30.61,39.56,39.4,15.0,10.9,0,5,0,0,1,0,0,0
NIFTY,W_1130_1200,SLP10,18,181.6,476,-472,61.1,-18112,-0.43,-0.43,5.6,0.001379,pooled(n=1115),44.2,dte,353,548,39,11441,988,7753,7753,16.29,16.29,32.0,1.1,12.7,0,5,1,0,1,0,0,0
NIFTY,W_1130_1200,SLP15,18,181.6,476,541,66.7,-3520,1.53,1.53,0.0,0.001379,pooled(n=1115),44.2,dte,353,548,39,16161,1135,7753,7753,16.29,16.29,34.3,0.3,12.2,0,5,1,0,1,0,0,0
NIFTY,W_1130_1200,SLP20,18,181.6,476,541,66.7,-3520,1.53,1.53,0.0,0.001379,pooled(n=1115),44.2,dte,353,548,39,20881,978,7753,7753,16.29,16.29,34.3,0.3,12.2,0,5,1,0,1,0,0,0
NIFTY,W_1130_1200,SLP25,18,181.6,476,541,66.7,-3520,1.53,1.53,0.0,0.001379,pooled(n=1115),44.2,dte,353,548,39,25602,823,7753,7753,16.29,16.29,34.3,0.3,12.2,0,5,1,0,1,0,0,0
NIFTY,W_1130_1200,SLP30,18,181.6,476,541,66.7,-3520,1.53,1.53,0.0,0.001379,pooled(n=1115),44.2,dte,353,548,39,30322,919,7753,7753,16.29,16.29,34.3,0.3,12.2,0,5,1,0,1,0,0,0
NIFTY,W_1130_1200,SLP40,18,181.6,476,541,66.7,-3520,1.53,1.53,0.0,0.001379,pooled(n=1115),44.2,dte,353,548,39,39762,829,7753,7753,16.29,16.29,34.3,0.0,12.2,0,5,1,0,1,0,0,0
NIFTY,W_1130_1215,NOSTOP,18,181.6,916,-1092,61.1,-18304,-0.96,-0.96,0.0,0.001379,pooled(n=1115),53.5,dte,353,548,39,,,8964,8964,9.79,9.79,47.3,0.0,10.7,0,7,1,0,0,0,0,0
NIFTY,W_1130_1215,R1000,18,181.6,644,-2828,55.6,-18112,-1.73,-1.73,16.7,0.001379,pooled(n=1115),53.5,dte,353,548,39,10000,934,8964,8964,13.92,13.92,48.4,3.4,10.4,0,7,0,0,0,0,0,0
NIFTY,W_1130_1215,R1500,18,181.6,916,-1166,61.1,-19624,-0.97,-0.97,5.6,0.001379,pooled(n=1115),53.5,dte,353,548,39,14000,1074,8964,8964,9.79,9.79,47.3,0.8,10.7,0,7,1,0,0,0,0,0
NIFTY,W_1130_1215,R2500,18,181.6,916,-1092,61.1,-18304,-0.96,-0.96,0.0,0.001379,pooled(n=1115),53.5,dte,353,548,39,22000,1156,8964,8964,9.79,9.79,47.3,0.6,10.7,0,7,1,0,0,0,0,0
NIFTY,W_1130_1215,R500,18,181.6,644,-2906,55.6,-15976,-1.96,-1.96,27.8,0.001379,pooled(n=1115),53.5,dte,353,548,39,6000,771,6000,8964,9.32,13.92,49.6,22.1,10.6,0,7,0,0,0,0,0,0
NIFTY,W_1130_1215,SLP10,18,181.6,644,-2226,55.6,-19624,-1.46,-1.46,11.1,0.001379,pooled(n=1115),53.5,dte,353,548,39,11441,988,8964,8964,13.92,13.92,46.5,1.7,10.7,0,7,0,0,0,0,0,0
NIFTY,W_1130_1215,SLP15,18,181.6,916,-1092,61.1,-18304,-0.96,-0.96,0.0,0.001379,pooled(n=1115),53.5,dte,353,548,39,16161,1135,8964,8964,9.79,9.79,47.3,0.6,10.7,0,7,1,0,0,0,0,0
NIFTY,W_1130_1215,SLP20,18,181.6,916,-1092,61.1,-18304,-0.96,-0.96,0.0,0.001379,pooled(n=1115),53.5,dte,353,548,39,20881,978,8964,8964,9.79,9.79,47.3,0.6,10.7,0,7,1,0,0,0,0,0
NIFTY,W_1130_1215,SLP25,18,181.6,916,-1092,61.1,-18304,-0.96,-0.96,0.0,0.001379,pooled(n=1115),53.5,dte,353,548,39,25602,823,8964,8964,9.79,9.79,47.3,0.3,10.7,0,7,1,0,0,0,0,0
NIFTY,W_1130_1215,SLP30,18,181.6,916,-1092,61.1,-18304,-0.96,-0.96,0.0,0.001379,pooled(n=1115),53.5,dte,353,548,39,30322,919,8964,8964,9.79,9.79,47.3,0.3,10.7,0,7,1,0,0,0,0,0
NIFTY,W_1130_1215,SLP40,18,181.6,916,-1092,61.1,-18304,-0.96,-0.96,0.0,0.001379,pooled(n=1115),53.5,dte,353,548,39,39762,829,8964,8964,9.79,9.79,47.3,0.0,10.7,0,7,1,0,0,0,0,0
NIFTY,W_1130_1230,NOSTOP,18,181.6,476,-1420,61.1,-12112,-1.3,-1.3,0.0,0.002544,cell(n=8),65.5,dte,353,548,39,,,17734,17734,37.26,37.26,49.9,0.0,12.3,0,8,1,0,0,0,0,0
NIFTY,W_1130_1230,R1000,18,181.6,156,-4076,55.6,-18112,-2.13,-2.13,27.8,0.002544,cell(n=8),65.5,dte,353,548,39,10000,934,10000,17470,64.1,111.99,57.5,22.9,10.2,0,8,0,0,0,0,0,0
NIFTY,W_1130_1230,R1500,18,181.6,476,-1838,61.1,-19624,-1.33,-1.33,5.6,0.002544,cell(n=8),65.5,dte,353,548,39,14000,1074,14000,17734,29.41,37.26,52.7,9.9,11.2,0,8,1,0,0,0,0,0
NIFTY,W_1130_1230,R2500,18,181.6,476,-1420,61.1,-12112,-1.3,-1.3,0.0,0.002544,cell(n=8),65.5,dte,353,548,39,22000,1156,17734,17734,37.26,37.26,49.9,2.0,12.3,0,8,1,0,0,0,0,0
NIFTY,W_1130_1230,R500,18,181.6,156,-3461,55.6,-15976,-2.21,-2.21,33.3,0.002544,cell(n=8),65.5,dte,353,548,39,6000,771,6000,12166,38.46,77.99,67.7,63.5,10.3,0,8,0,0,0,0,0,0
NIFTY,W_1130_1230,SLP10,18,181.6,156,-2947,55.6,-19624,-1.81,-1.81,11.1,0.002544,cell(n=8),65.5,dte,353,548,39,11441,988,11441,17734,73.34,113.68,54.7,17.0,10.8,0,8,0,0,0,0,0,0
NIFTY,W_1130_1230,SLP15,18,181.6,476,-1420,61.1,-12112,-1.3,-1.3,0.0,0.002544,cell(n=8),65.5,dte,353,548,39,16161,1135,16161,17734,33.95,37.26,49.9,6.2,12.3,0,8,1,0,0,0,0,0
NIFTY,W_1130_1230,SLP20,18,181.6,476,-1420,61.1,-12112,-1.3,-1.3,0.0,0.002544,cell(n=8),65.5,dte,353,548,39,20881,978,17734,17734,37.26,37.26,49.9,2.8,12.3,0,8,1,0,0,0,0,0
NIFTY,W_1130_1230,SLP25,18,181.6,476,-1420,61.1,-12112,-1.3,-1.3,0.0,0.002544,cell(n=8),65.5,dte,353,548,39,25602,823,17734,17734,37.26,37.26,49.9,0.8,12.3,0,8,1,0,0,0,0,0
NIFTY,W_1130_1230,SLP30,18,181.6,476,-1420,61.1,-12112,-1.3,-1.3,0.0,0.002544,cell(n=8),65.5,dte,353,548,39,30322,919,17734,17734,37.26,37.26,49.9,0.6,12.3,0,8,1,0,0,0,0,0
NIFTY,W_1130_1230,SLP40,18,181.6,476,-1420,61.1,-12112,-1.3,-1.3,0.0,0.002544,cell(n=8),65.5,dte,353,548,39,39762,829,17734,17734,37.26,37.26,49.9,0.6,12.3,0,8,1,0,0,0,0,0
NIFTY,W_1130_1245,NOSTOP,18,181.6,-424,-1982,44.4,-18456,-1.28,-1.28,0.0,0.002147,cell(n=10),71.2,dte,353,548,39,,,16430,16430,,,44.2,0.0,16.8,0,8,0,0,0,0,0,0
NIFTY,W_1130_1245,R1000,18,181.6,-836,-4054,44.4,-18112,-2.03,-2.03,27.8,0.002147,cell(n=10),71.2,dte,353,548,39,10000,934,10000,16430,,,50.7,22.7,14.5,0,8,0,0,0,0,0,0
NIFTY,W_1130_1245,R1500,18,181.6,-424,-2336,44.4,-21096,-1.33,-1.33,11.1,0.002147,cell(n=10),71.2,dte,353,548,39,14000,1074,14000,16430,,,44.5,7.9,16.7,0,8,0,0,0,0,0,0
NIFTY,W_1130_1245,R2500,18,181.6,-424,-1982,44.4,-18456,-1.28,-1.28,0.0,0.002147,cell(n=10),71.2,dte,353,548,39,22000,1156,16430,16430,,,44.2,1.7,16.8,0,8,0,0,0,0,0,0
NIFTY,W_1130_1245,R500,18,181.6,-836,-4164,44.4,-15976,-2.34,-2.34,44.4,0.002147,cell(n=10),71.2,dte,353,548,39,6000,771,6000,12166,,,65.2,63.2,14.8,0,8,0,0,0,0,0,0
NIFTY,W_1130_1245,SLP10,18,181.6,-836,-3331,44.4,-21096,-1.7,-1.7,16.7,0.002147,cell(n=10),71.2,dte,353,548,39,11441,988,11441,16430,,,47.6,15.6,15.9,0,8,0,0,0,0,0,0
NIFTY,W_1130_1245,SLP15,18,181.6,-424,-2649,44.4,-25264,-1.36,-1.36,11.1,0.002147,cell(n=10),71.2,dte,353,548,39,16161,1135,16161,16430,,,44.5,5.7,16.7,0,8,0,0,0,0,0,0
NIFTY,W_1130_1245,SLP20,18,181.6,-424,-2530,44.4,-25752,-1.33,-1.33,5.6,0.002147,cell(n=10),71.2,dte,353,548,39,20881,978,16430,16430,,,44.2,1.7,16.8,0,8,0,0,0,0,0,0
NIFTY,W_1130_1245,SLP25,18,181.6,-424,-1982,44.4,-18456,-1.28,-1.28,0.0,0.002147,cell(n=10),71.2,dte,353,548,39,25602,823,16430,16430,,,44.2,0.8,16.8,0,8,0,0,0,0,0,0
NIFTY,W_1130_1245,SLP30,18,181.6,-424,-1982,44.4,-18456,-1.28,-1.28,0.0,0.002147,cell(n=10),71.2,dte,353,548,39,30322,919,16430,16430,,,44.2,0.8,16.8,0,8,0,0,0,0,0,0
NIFTY,W_1130_1245,SLP40,18,181.6,-424,-1982,44.4,-18456,-1.28,-1.28,0.0,0.002147,cell(n=10),71.2,dte,353,548,39,39762,829,16430,16430,,,44.2,0.8,16.8,0,8,0,0,0,0,0,0
NIFTY,W_1130_1300,NOSTOP,18,181.6,1628,-2504,55.6,-19968,-1.24,-1.24,0.0,0.002679,cell(n=10),79.0,mon,353,548,39,,,21981,21981,13.5,13.5,39.7,0.0,19.7,0,8,0,0,1,0,0,0
NIFTY,W_1130_1300,R1000,18,181.6,552,-5409,50.0,-25816,-2.09,-2.09,38.9,0.002679,cell(n=10),79.0,mon,353,548,39,10000,934,10000,17470,18.12,31.65,53.0,38.5,16.4,0,8,0,0,0,0,0,0
NIFTY,W_1130_1300,R1500,18,181.6,1628,-4523,55.6,-25816,-1.69,-1.69,27.8,0.002679,cell(n=10),79.0,mon,353,548,39,14000,1074,14000,21981,8.6,13.5,43.6,18.1,18.7,0,8,0,0,0,0,0,0
NIFTY,W_1130_1300,R2500,18,181.6,1628,-3577,55.6,-28648,-1.39,-1.39,11.1,0.002679,cell(n=10),79.0,mon,353,548,39,22000,1156,21981,21981,13.5,13.5,40.2,4.5,19.1,0,8,0,0,0,0,0,0
NIFTY,W_1130_1300,R500,18,181.6,-6044,-4452,44.4,-15976,-2.34,-2.34,50.0,0.002679,cell(n=10),79.0,mon,353,548,39,6000,771,6000,12166,,,78.5,78.2,15.1,0,8,0,0,0,0,0,0
NIFTY,W_1130_1300,SLP10,18,181.6,552,-5615,50.0,-25816,-2.04,-2.04,33.3,0.002679,cell(n=10),79.0,mon,353,548,39,11441,988,11441,19342,20.73,35.04,48.4,31.4,17.6,0,8,0,0,0,0,0,0
NIFTY,W_1130_1300,SLP15,18,181.6,1628,-4872,55.6,-25816,-1.73,-1.73,22.2,0.002679,cell(n=10),79.0,mon,353,548,39,16161,1135,16161,21981,9.93,13.5,44.8,13.6,17.6,0,8,0,0,0,0,0,0
NIFTY,W_1130_1300,SLP20,18,181.6,1628,-3644,55.6,-25816,-1.45,-1.45,11.1,0.002679,cell(n=10),79.0,mon,353,548,39,20881,978,20881,21981,12.83,13.5,39.4,6.2,19.8,0,8,0,0,1,0,0,0
NIFTY,W_1130_1300,SLP25,18,181.6,1628,-2829,55.6,-25816,-1.28,-1.28,5.6,0.002679,cell(n=10),79.0,mon,353,548,39,25602,823,21981,21981,13.5,13.5,39.7,3.1,19.7,0,8,0,0,1,0,0,0
NIFTY,W_1130_1300,SLP30,18,181.6,1628,-2904,55.6,-27168,-1.29,-1.29,5.6,0.002679,cell(n=10),79.0,mon,353,548,39,30322,919,21981,21981,13.5,13.5,39.7,1.1,19.7,0,8,0,0,1,0,0,0
NIFTY,W_1130_1300,SLP40,18,181.6,1628,-2504,55.6,-19968,-1.24,-1.24,0.0,0.002679,cell(n=10),79.0,mon,353,548,39,39762,829,21981,21981,13.5,13.5,39.7,0.8,19.7,0,8,0,0,1,0,0,0
NIFTY,W_1130_1315,NOSTOP,18,181.6,880,-2149,55.6,-26184,-1.02,-1.02,0.0,0.002443,cell(n=11),86.6,dte,353,548,39,,,21977,21977,24.97,24.97,39.9,0.0,20.8,0,7,0,0,1,0,0,0
NIFTY,W_1130_1315,R1000,18,181.6,84,-5174,50.0,-25816,-1.95,-1.95,38.9,0.002443,cell(n=11),86.6,dte,353,548,39,10000,934,10000,17470,119.05,207.98,56.9,40.8,16.4,0,7,0,0,0,0,0,0
NIFTY,W_1130_1315,R1500,18,181.6,880,-4250,55.6,-25816,-1.56,-1.56,27.8,0.002443,cell(n=11),86.6,dte,353,548,39,14000,1074,14000,21977,15.91,24.97,46.7,18.1,18.4,0,7,0,0,0,0,0,0
NIFTY,W_1130_1315,R2500,18,181.6,880,-3855,55.6,-28648,-1.36,-1.36,16.7,0.002443,cell(n=11),86.6,dte,353,548,39,22000,1156,21977,21977,24.97,24.97,45.3,5.1,18.4,0,7,0,0,0,0,0,0
NIFTY,W_1130_1315,R500,18,181.6,-6304,-4248,44.4,-15976,-2.16,-2.16,50.0,0.002443,cell(n=11),86.6,dte,353,548,39,6000,771,6000,12166,,,78.8,78.8,17.1,0,7,0,0,0,0,0,0
NIFTY,W_1130_1315,SLP10,18,181.6,84,-5261,50.0,-25816,-1.87,-1.87,33.3,0.002443,cell(n=11),86.6,dte,353,548,39,11441,988,11441,19342,136.2,230.26,49.6,29.2,17.7,0,7,0,0,0,0,0,0
NIFTY,W_1130_1315,SLP15,18,181.6,880,-5044,55.6,-26824,-1.67,-1.67,27.8,0.002443,cell(n=11),86.6,dte,353,548,39,16161,1135,16161,21977,18.36,24.97,53.8,13.0,15.4,0,7,0,0,0,0,0,0
NIFTY,W_1130_1315,SLP20,18,181.6,880,-2940,55.6,-25816,-1.21,-1.21,11.1,0.002443,cell(n=11),86.6,dte,353,548,39,20881,978,20881,21977,23.73,24.97,40.2,6.2,20.8,0,7,0,0,0,0,0,0
NIFTY,W_1130_1315,SLP25,18,181.6,880,-2128,55.6,-25816,-1.02,-1.02,5.6,0.002443,cell(n=11),86.6,dte,353,548,39,25602,823,21977,21977,24.97,24.97,39.9,4.0,20.8,0,7,0,0,1,0,0,0
NIFTY,W_1130_1315,SLP30,18,181.6,880,-2204,55.6,-27168,-1.03,-1.03,5.6,0.002443,cell(n=11),86.6,dte,353,548,39,30322,919,21977,21977,24.97,24.97,39.9,0.8,20.8,0,7,0,0,1,0,0,0
NIFTY,W_1130_1315,SLP40,18,181.6,880,-2149,55.6,-26184,-1.02,-1.02,0.0,0.002443,cell(n=11),86.6,dte,353,548,39,39762,829,21977,21977,24.97,24.97,39.9,0.8,20.8,0,7,0,0,1,0,0,0
NIFTY,W_1130_1330,NOSTOP,18,181.6,2164,-2229,66.7,-39712,-0.74,-0.74,0.0,0.002443,cell(n=11),92.3,dte,353,548,39,,,23292,23292,10.76,10.76,39.7,0.0,21.4,0,5,1,0,1,0,0,0
NIFTY,W_1130_1330,R1000,18,181.6,1276,-4375,55.6,-25816,-1.56,-1.56,38.9,0.002443,cell(n=11),92.3,dte,353,548,39,10000,934,10000,17470,7.84,13.69,56.7,45.3,18.1,0,5,0,0,0,0,0,0
NIFTY,W_1130_1330,R1500,18,181.6,1660,-3434,61.1,-25816,-1.21,-1.21,27.8,0.002443,cell(n=11),92.3,dte,353,548,39,14000,1074,14000,22592,8.43,13.61,41.6,21.0,21.5,0,5,1,0,0,0,0,0
NIFTY,W_1130_1330,R2500,18,181.6,2164,-2477,66.7,-28648,-0.85,-0.85,16.7,0.002443,cell(n=11),92.3,dte,353,548,39,22000,1156,22000,23292,10.17,10.76,39.9,6.5,21.4,0,5,1,0,1,0,0,0
NIFTY,W_1130_1330,R500,18,181.6,-4300,-3270,50.0,-15976,-1.51,-1.51,50.0,0.002443,cell(n=11),92.3,dte,353,548,39,6000,771,6000,12166,,,83.9,83.9,24.3,0,5,0,0,0,0,0,0
NIFTY,W_1130_1330,SLP10,18,181.6,1276,-4485,55.6,-25816,-1.52,-1.52,33.3,0.002443,cell(n=11),92.3,dte,353,548,39,11441,988,11441,19342,8.97,15.16,49.3,34.3,19.2,0,5,0,0,0,0,0,0
NIFTY,W_1130_1330,SLP15,18,181.6,1660,-4227,61.1,-26824,-1.34,-1.34,27.8,0.002443,cell(n=11),92.3,dte,353,548,39,16161,1135,16161,23292,9.74,14.03,40.8,15.0,21.4,0,5,1,0,0,0,0,0
NIFTY,W_1130_1330,SLP20,18,181.6,2164,-2872,66.7,-35824,-0.93,-0.93,16.7,0.002443,cell(n=11),92.3,dte,353,548,39,20881,978,20881,23292,9.65,10.76,39.7,8.2,21.4,0,5,1,0,1,0,0,0
NIFTY,W_1130_1330,SLP25,18,181.6,2164,-2552,66.7,-46336,-0.78,-0.78,11.1,0.002443,cell(n=11),92.3,dte,353,548,39,25602,823,23292,23292,10.76,10.76,39.9,4.5,21.3,0,5,1,0,1,0,0,0
NIFTY,W_1130_1330,SLP30,18,181.6,2164,-2627,66.7,-46336,-0.8,-0.8,11.1,0.002443,cell(n=11),92.3,dte,353,548,39,30322,919,23292,23292,10.76,10.76,39.7,1.7,21.3,0,5,1,0,1,0,0,0
NIFTY,W_1130_1330,SLP40,18,181.6,2164,-2229,66.7,-39712,-0.74,-0.74,0.0,0.002443,cell(n=11),92.3,dte,353,548,39,39762,829,23292,23292,10.76,10.76,39.7,0.8,21.4,0,5,1,0,1,0,0,0
NIFTY,W_1145_1215,NOSTOP,18,178.4,128,-1196,55.6,-21704,-0.92,-0.92,0.0,0.001379,pooled(n=1115),43.7,dte,353,548,39,,,7591,7591,59.3,59.3,38.0,0.0,10.2,0,5,0,0,1,0,0,0
NIFTY,W_1145_1215,R1000,18,178.4,128,-1067,55.6,-19384,-0.9,-0.9,5.6,0.001379,pooled(n=1115),43.7,dte,353,548,39,10000,934,7591,7591,59.3,59.3,38.0,2.0,10.2,0,5,0,0,1,0,0,0
NIFTY,W_1145_1215,R1500,18,178.4,128,-1067,55.6,-19384,-0.9,-0.9,5.6,0.001379,pooled(n=1115),43.7,dte,353,548,39,14000,1074,7591,7591,59.3,59.3,38.0,0.8,10.2,0,5,0,0,1,0,0,0
NIFTY,W_1145_1215,R2500,18,178.4,128,-1564,55.6,-28328,-0.95,-0.95,5.6,0.001379,pooled(n=1115),43.7,dte,353,548,39,22000,1156,7591,7591,59.3,59.3,38.0,0.0,10.2,0,5,0,0,1,0,0,0
NIFTY,W_1145_1215,R500,18,178.4,128,-1597,55.6,-13264,-1.33,-1.33,16.7,0.001379,pooled(n=1115),43.7,dte,353,548,39,6000,771,6000,7591,46.88,59.3,41.9,12.5,9.5,0,5,0,0,0,0,0,0
NIFTY,W_1145_1215,SLP10,18,178.4,128,-1067,55.6,-19384,-0.9,-0.9,5.6,0.001379,pooled(n=1115),43.7,dte,353,548,39,11279,988,7591,7591,59.3,59.3,38.0,1.7,10.2,0,5,0,0,1,0,0,0
NIFTY,W_1145_1215,SLP15,18,178.4,128,-1381,55.6,-25048,-0.94,-0.94,5.6,0.001379,pooled(n=1115),43.7,dte,353,548,39,15919,1135,7591,7591,59.3,59.3,38.0,0.3,10.2,0,5,0,0,1,0,0,0
NIFTY,W_1145_1215,SLP20,18,178.4,128,-1196,55.6,-21704,-0.92,-0.92,0.0,0.001379,pooled(n=1115),43.7,dte,353,548,39,20559,978,7591,7591,59.3,59.3,38.0,0.0,10.2,0,5,0,0,1,0,0,0
NIFTY,W_1145_1215,SLP25,18,178.4,128,-1196,55.6,-21704,-0.92,-0.92,0.0,0.001379,pooled(n=1115),43.7,dte,353,548,39,25198,823,7591,7591,59.3,59.3,38.0,0.0,10.2,0,5,0,0,1,0,0,0
NIFTY,W_1145_1215,SLP30,18,178.4,128,-1196,55.6,-21704,-0.92,-0.92,0.0,0.001379,pooled(n=1115),43.7,dte,353,548,39,29838,919,7591,7591,59.3,59.3,38.0,0.0,10.2,0,5,0,0,1,0,0,0
NIFTY,W_1145_1215,SLP40,18,178.4,128,-1196,55.6,-21704,-0.92,-0.92,0.0,0.001379,pooled(n=1115),43.7,dte,353,548,39,39118,829,7591,7591,59.3,59.3,38.0,0.0,10.2,0,5,0,0,1,0,0,0
NIFTY,W_1145_1230,NOSTOP,18,178.4,232,-1322,50.0,-15512,-1.27,-1.27,0.0,0.001379,pooled(n=1115),55.5,mon,353,548,39,,,9101,9101,39.23,39.23,43.9,0.0,11.3,0,7,0,0,0,0,0,0
NIFTY,W_1145_1230,R1000,18,178.4,232,-1537,50.0,-19384,-1.26,-1.26,5.6,0.001379,pooled(n=1115),55.5,mon,353,548,39,10000,934,9101,9101,39.23,39.23,43.9,3.4,11.3,0,7,0,0,0,0,0,0
NIFTY,W_1145_1230,R1500,18,178.4,232,-1537,50.0,-19384,-1.26,-1.26,5.6,0.001379,pooled(n=1115),55.5,mon,353,548,39,14000,1074,9101,9101,39.23,39.23,43.9,1.1,11.3,0,7,0,0,0,0,0,0
NIFTY,W_1145_1230,R2500,18,178.4,232,-2034,50.0,-28328,-1.22,-1.22,5.6,0.001379,pooled(n=1115),55.5,mon,353,548,39,22000,1156,9101,9101,39.23,39.23,43.9,0.0,11.3,0,7,0,0,0,0,0,0
NIFTY,W_1145_1230,R500,18,178.4,232,-2362,50.0,-13264,-1.82,-1.82,22.2,0.001379,pooled(n=1115),55.5,mon,353,548,39,6000,771,6000,9101,25.86,39.23,47.9,18.1,10.4,0,7,0,0,0,0,0,0
NIFTY,W_1145_1230,SLP10,18,178.4,232,-1537,50.0,-19384,-1.26,-1.26,5.6,0.001379,pooled(n=1115),55.5,mon,353,548,39,11279,988,9101,9101,39.23,39.23,43.9,2.5,11.3,0,7,0,0,0,0,0,0
NIFTY,W_1145_1230,SLP15,18,178.4,232,-1852,50.0,-25048,-1.23,-1.23,5.6,0.001379,pooled(n=1115),55.5,mon,353,548,39,15919,1135,9101,9101,39.23,39.23,43.9,0.6,11.3,0,7,0,0,0,0,0,0
NIFTY,W_1145_1230,SLP20,18,178.4,232,-1322,50.0,-15512,-1.27,-1.27,0.0,0.001379,pooled(n=1115),55.5,mon,353,548,39,20559,978,9101,9101,39.23,39.23,43.9,0.0,11.3,0,7,0,0,0,0,0,0
NIFTY,W_1145_1230,SLP25,18,178.4,232,-1322,50.0,-15512,-1.27,-1.27,0.0,0.001379,pooled(n=1115),55.5,mon,353,548,39,25198,823,9101,9101,39.23,39.23,43.9,0.0,11.3,0,7,0,0,0,0,0,0
NIFTY,W_1145_1230,SLP30,18,178.4,232,-1322,50.0,-15512,-1.27,-1.27,0.0,0.001379,pooled(n=1115),55.5,mon,353,548,39,29838,919,9101,9101,39.23,39.23,43.9,0.0,11.3,0,7,0,0,0,0,0,0
NIFTY,W_1145_1230,SLP40,18,178.4,232,-1322,50.0,-15512,-1.27,-1.27,0.0,0.001379,pooled(n=1115),55.5,mon,353,548,39,39118,829,9101,9101,39.23,39.23,43.9,0.0,11.3,0,7,0,0,0,0,0,0
NIFTY,W_1145_1245,NOSTOP,18,178.4,-164,-1994,38.9,-21856,-1.26,-1.26,0.0,0.001811,cell(n=8),61.2,dte,353,548,39,,,12286,12286,,,40.2,0.0,14.1,0,8,0,0,0,0,0,0
NIFTY,W_1145_1245,R1000,18,178.4,-164,-2145,38.9,-19792,-1.3,-1.3,11.1,0.001811,cell(n=8),61.2,dte,353,548,39,10000,934,10000,12286,,,41.1,9.9,14.1,0,8,0,0,0,0,0,0
NIFTY,W_1145_1245,R1500,18,178.4,-164,-2145,38.9,-19792,-1.3,-1.3,11.1,0.001811,cell(n=8),61.2,dte,353,548,39,14000,1074,12286,12286,,,40.2,3.4,14.1,0,8,0,0,0,0,0,0
NIFTY,W_1145_1245,R2500,18,178.4,-164,-2354,38.9,-28328,-1.26,-1.26,5.6,0.001811,cell(n=8),61.2,dte,353,548,39,22000,1156,12286,12286,,,40.5,0.8,14.0,0,8,0,0,0,0,0,0
NIFTY,W_1145_1245,R500,18,178.4,-164,-3094,38.9,-13936,-1.93,-1.93,33.3,0.001811,cell(n=8),61.2,dte,353,548,39,6000,771,6000,12166,,,56.7,41.6,11.7,0,8,0,0,0,0,0,0
NIFTY,W_1145_1245,SLP10,18,178.4,-164,-2145,38.9,-19792,-1.3,-1.3,11.1,0.001811,cell(n=8),61.2,dte,353,548,39,11279,988,11279,12286,,,40.5,6.8,14.1,0,8,0,0,0,0,0,0
NIFTY,W_1145_1245,SLP15,18,178.4,-164,-2719,38.9,-25048,-1.35,-1.35,11.1,0.001811,cell(n=8),61.2,dte,353,548,39,15919,1135,12286,12286,,,40.2,2.3,14.1,0,8,0,0,0,0,0,0
NIFTY,W_1145_1245,SLP20,18,178.4,-164,-2555,38.9,-24688,-1.33,-1.33,5.6,0.001811,cell(n=8),61.2,dte,353,548,39,20559,978,12286,12286,,,40.2,1.1,14.1,0,8,0,0,0,0,0,0
NIFTY,W_1145_1245,SLP25,18,178.4,-164,-1994,38.9,-21856,-1.26,-1.26,0.0,0.001811,cell(n=8),61.2,dte,353,548,39,25198,823,12286,12286,,,40.2,0.6,14.1,0,8,0,0,0,0,0,0
NIFTY,W_1145_1245,SLP30,18,178.4,-164,-1994,38.9,-21856,-1.26,-1.26,0.0,0.001811,cell(n=8),61.2,dte,353,548,39,29838,919,12286,12286,,,40.2,0.3,14.1,0,8,0,0,0,0,0,0
NIFTY,W_1145_1245,SLP40,18,178.4,-164,-1994,38.9,-21856,-1.26,-1.26,0.0,0.001811,cell(n=8),61.2,dte,353,548,39,39118,829,12286,12286,,,40.2,0.3,14.1,0,8,0,0,0,0,0,0
NIFTY,W_1145_1300,NOSTOP,18,178.4,-160,-2227,50.0,-20568,-1.23,-1.23,0.0,0.001831,cell(n=10),69.5,dte,353,548,39,,,13812,13812,,,40.8,0.0,14.9,0,8,0,0,0,0,0,0
NIFTY,W_1145_1300,R1000,18,178.4,-160,-3866,50.0,-26416,-1.61,-1.61,22.2,0.001831,cell(n=10),69.5,dte,353,548,39,10000,934,10000,13812,,,47.3,14.2,13.4,0,8,0,0,0,0,0,0
NIFTY,W_1145_1300,R1500,18,178.4,-160,-3866,50.0,-26416,-1.61,-1.61,22.2,0.001831,cell(n=10),69.5,dte,353,548,39,14000,1074,13812,13812,,,46.7,4.8,13.4,0,8,0,0,0,0,0,0
NIFTY,W_1145_1300,R2500,18,178.4,-160,-3093,50.0,-28328,-1.32,-1.32,11.1,0.001831,cell(n=10),69.5,dte,353,548,39,22000,1156,13812,13812,,,41.9,1.1,14.6,0,8,0,0,0,0,0,0
NIFTY,W_1145_1300,R500,18,178.4,-1812,-3866,44.4,-13936,-2.31,-2.31,38.9,0.001831,cell(n=10),69.5,dte,353,548,39,6000,771,6000,12166,,,58.1,49.3,13.2,0,8,0,0,0,0,0,0
NIFTY,W_1145_1300,SLP10,18,178.4,-160,-3174,50.0,-20720,-1.51,-1.51,22.2,0.001831,cell(n=10),69.5,dte,353,548,39,11279,988,11279,13812,,,47.9,11.0,13.0,0,8,0,0,0,0,0,0
NIFTY,W_1145_1300,SLP15,18,178.4,-160,-4651,50.0,-26416,-1.71,-1.71,22.2,0.001831,cell(n=10),69.5,dte,353,548,39,15919,1135,13812,13812,,,50.4,3.1,12.1,0,8,0,0,0,0,0,0
NIFTY,W_1145_1300,SLP20,18,178.4,-160,-4052,50.0,-32048,-1.51,-1.51,16.7,0.001831,cell(n=10),69.5,dte,353,548,39,20559,978,13812,13812,,,40.8,1.1,14.9,0,8,0,0,0,0,0,0
NIFTY,W_1145_1300,SLP25,18,178.4,-160,-2552,50.0,-26416,-1.26,-1.26,5.6,0.001831,cell(n=10),69.5,dte,353,548,39,25198,823,13812,13812,,,40.8,0.6,14.9,0,8,0,0,0,0,0,0
NIFTY,W_1145_1300,SLP30,18,178.4,-160,-2627,50.0,-27768,-1.27,-1.27,5.6,0.001831,cell(n=10),69.5,dte,353,548,39,29838,919,13812,13812,,,40.8,0.6,14.9,0,8,0,0,0,0,0,0
NIFTY,W_1145_1300,SLP40,18,178.4,-160,-2227,50.0,-20568,-1.23,-1.23,0.0,0.001831,cell(n=10),69.5,dte,353,548,39,39118,829,13812,13812,,,40.8,0.3,14.9,0,8,0,0,0,0,0,0
NIFTY,W_1145_1315,NOSTOP,18,178.4,164,-2178,50.0,-26784,-1.07,-1.07,0.0,0.001765,cell(n=10),82.3,dte,353,548,39,,,15476,15476,94.37,94.37,43.1,0.0,16.2,0,8,0,0,0,0,0,0
NIFTY,W_1145_1315,R1000,18,178.4,164,-3551,50.0,-26416,-1.44,-1.44,22.2,0.001765,cell(n=10),82.3,dte,353,548,39,10000,934,10000,15476,60.98,94.37,52.1,16.1,13.9,0,8,0,0,0,0,0,0
NIFTY,W_1145_1315,R1500,18,178.4,164,-3551,50.0,-26416,-1.44,-1.44,22.2,0.001765,cell(n=10),82.3,dte,353,548,39,14000,1074,14000,15476,85.37,94.37,51.3,6.8,13.9,0,8,0,0,0,0,0,0
NIFTY,W_1145_1315,R2500,18,178.4,164,-2835,50.0,-28328,-1.18,-1.18,11.1,0.001765,cell(n=10),82.3,dte,353,548,39,22000,1156,15476,15476,94.37,94.37,43.3,0.8,16.1,0,8,0,0,0,0,0,0
NIFTY,W_1145_1315,R500,18,178.4,-1548,-4016,44.4,-13936,-2.23,-2.23,44.4,0.001765,cell(n=10),82.3,dte,353,548,39,6000,771,6000,12166,,,68.3,55.8,12.3,0,8,0,0,0,0,0,0
NIFTY,W_1145_1315,SLP10,18,178.4,164,-2858,50.0,-20720,-1.32,-1.32,22.2,0.001765,cell(n=10),82.3,dte,353,548,39,11279,988,11279,15476,68.78,94.37,50.1,12.7,14.2,0,8,0,0,0,0,0,0
NIFTY,W_1145_1315,SLP15,18,178.4,164,-4335,50.0,-26416,-1.56,-1.56,22.2,0.001765,cell(n=10),82.3,dte,353,548,39,15919,1135,15476,15476,94.37,94.37,54.7,4.5,12.7,0,8,0,0,0,0,0,0
NIFTY,W_1145_1315,SLP20,18,178.4,164,-3791,50.0,-32048,-1.38,-1.38,16.7,0.001765,cell(n=10),82.3,dte,353,548,39,20559,978,15476,15476,94.37,94.37,43.3,1.1,16.2,0,8,0,0,0,0,0,0
NIFTY,W_1145_1315,SLP25,18,178.4,164,-2157,50.0,-26416,-1.07,-1.07,5.6,0.001765,cell(n=10),82.3,dte,353,548,39,25198,823,15476,15476,94.37,94.37,43.1,0.6,16.2,0,8,0,0,0,0,0,0
NIFTY,W_1145_1315,SLP30,18,178.4,164,-2232,50.0,-27768,-1.07,-1.07,5.6,0.001765,cell(n=10),82.3,dte,353,548,39,29838,919,15476,15476,94.37,94.37,43.1,0.6,16.2,0,8,0,0,0,0,0,0
NIFTY,W_1145_1315,SLP40,18,178.4,164,-2546,50.0,-33408,-1.1,-1.1,5.6,0.001765,cell(n=10),82.3,dte,353,548,39,39118,829,15476,15476,94.37,94.37,43.1,0.3,16.2,0,8,0,0,0,0,0,0
NIFTY,W_1145_1330,NOSTOP,18,178.4,1136,-2153,66.7,-43112,-0.71,-0.71,0.0,0.001765,cell(n=10),84.4,dte,353,548,39,,,15820,15820,13.93,13.93,36.0,0.0,19.9,0,7,1,0,1,0,0,0
NIFTY,W_1145_1330,R1000,18,178.4,1052,-3293,61.1,-26416,-1.24,-1.24,27.8,0.001765,cell(n=10),84.4,dte,353,548,39,10000,934,10000,15820,9.51,15.04,41.9,18.7,18.7,0,7,1,0,0,0,0,0
NIFTY,W_1145_1330,R1500,18,178.4,1052,-2639,61.1,-26416,-1.03,-1.03,22.2,0.001765,cell(n=10),84.4,dte,353,548,39,14000,1074,14000,15820,13.31,15.04,34.0,7.9,22.1,0,7,1,0,1,0,0,0
NIFTY,W_1145_1330,R2500,18,178.4,1136,-1362,66.7,-28328,-0.56,-0.56,11.1,0.001765,cell(n=10),84.4,dte,353,548,39,22000,1156,15820,15820,13.93,13.93,35.7,0.8,20.0,0,7,1,0,1,0,0,0
NIFTY,W_1145_1330,R500,18,178.4,572,-3024,50.0,-13936,-1.52,-1.52,44.4,0.001765,cell(n=10),84.4,dte,353,548,39,6000,771,6000,12166,10.49,21.27,70.0,61.5,14.1,0,7,0,0,0,0,0,0
NIFTY,W_1145_1330,SLP10,18,178.4,1052,-1946,61.1,-20720,-0.86,-0.86,22.2,0.001765,cell(n=10),84.4,dte,353,548,39,11279,988,11279,15820,10.72,15.04,35.1,15.3,22.1,0,7,1,0,1,0,0,0
NIFTY,W_1145_1330,SLP15,18,178.4,1052,-3423,61.1,-26416,-1.19,-1.19,22.2,0.001765,cell(n=10),84.4,dte,353,548,39,15919,1135,15820,15820,15.04,15.04,38.2,5.1,19.4,0,7,1,0,1,0,0,0
NIFTY,W_1145_1330,SLP20,18,178.4,1136,-2411,66.7,-32048,-0.85,-0.85,16.7,0.001765,cell(n=10),84.4,dte,353,548,39,20559,978,15820,15820,13.93,13.93,35.7,1.7,19.9,0,7,1,0,1,0,0,0
NIFTY,W_1145_1330,SLP25,18,178.4,1136,-1892,66.7,-39224,-0.67,-0.67,11.1,0.001765,cell(n=10),84.4,dte,353,548,39,25198,823,15820,15820,13.93,13.93,36.0,0.6,19.9,0,7,1,0,1,0,0,0
NIFTY,W_1145_1330,SLP30,18,178.4,1136,-2552,66.7,-49736,-0.76,-0.76,11.1,0.001765,cell(n=10),84.4,dte,353,548,39,29838,919,15820,15820,13.93,13.93,36.0,0.6,19.9,0,7,1,0,1,0,0,0
NIFTY,W_1145_1330,SLP40,18,178.4,1136,-2497,66.7,-43112,-0.78,-0.78,5.6,0.001765,cell(n=10),84.4,dte,353,548,39,39118,829,15820,15820,13.93,13.93,36.0,0.3,19.9,0,7,1,0,1,0,0,0
NIFTY,W_1145_1345,NOSTOP,18,178.4,2388,-722,72.2,-26136,-0.31,-0.31,0.0,0.001725,cell(n=10),97.4,dte,353,548,39,,,17594,17594,7.37,7.37,34.8,0.0,24.4,0,5,1,0,1,0,0,0
NIFTY,W_1145_1345,R1000,18,178.4,2388,-2666,72.2,-26416,-0.97,-0.97,27.8,0.001725,cell(n=10),97.4,dte,353,548,39,10000,934,10000,17470,4.19,7.32,45.6,22.1,20.9,1,5,1,0,0,0,0,0
NIFTY,W_1145_1345,R1500,18,178.4,2388,-2102,72.2,-26416,-0.79,-0.79,22.2,0.001725,cell(n=10),97.4,dte,353,548,39,14000,1074,14000,17594,5.86,7.37,35.4,9.1,24.5,0,5,1,0,1,0,0,0
NIFTY,W_1145_1345,R2500,18,178.4,2388,-1159,72.2,-28328,-0.45,-0.45,11.1,0.001725,cell(n=10),97.4,dte,353,548,39,22000,1156,17594,17594,7.37,7.37,34.8,2.3,24.3,0,5,1,0,1,0,0,0
NIFTY,W_1145_1345,R500,18,178.4,1104,-2676,55.6,-13936,-1.29,-1.29,44.4,0.001725,cell(n=10),97.4,dte,353,548,39,6000,771,6000,12166,5.43,11.02,65.2,64.3,21.7,0,5,0,0,0,0,0,0
NIFTY,W_1145_1345,SLP10,18,178.4,2388,-1409,72.2,-20720,-0.6,-0.6,22.2,0.001725,cell(n=10),97.4,dte,353,548,39,11279,988,11279,17594,4.72,7.37,32.3,16.4,26.3,1,5,1,0,1,0,0,0
NIFTY,W_1145_1345,SLP15,18,178.4,2388,-2886,72.2,-26416,-0.97,-0.97,22.2,0.001725,cell(n=10),97.4,dte,353,548,39,15919,1135,15919,17594,6.67,7.37,35.1,5.9,24.4,0,5,1,0,1,0,0,0
NIFTY,W_1145_1345,SLP20,18,178.4,2388,-1996,72.2,-32048,-0.69,-0.69,16.7,0.001725,cell(n=10),97.4,dte,353,548,39,20559,978,17594,17594,7.37,7.37,34.8,2.3,24.4,0,5,1,0,1,0,0,0
NIFTY,W_1145_1345,SLP25,18,178.4,2388,-1689,72.2,-39224,-0.57,-0.57,11.1,0.001725,cell(n=10),97.4,dte,353,548,39,25198,823,17594,17594,7.37,7.37,34.8,1.4,24.3,0,5,1,0,1,0,0,0
NIFTY,W_1145_1345,SLP30,18,178.4,2388,-2348,72.2,-49736,-0.68,-0.68,11.1,0.001725,cell(n=10),97.4,dte,353,548,39,29838,919,17594,17594,7.37,7.37,34.8,0.6,24.3,0,5,1,0,1,0,0,0
NIFTY,W_1145_1345,SLP40,18,178.4,2388,-1126,72.2,-33408,-0.43,-0.43,5.6,0.001725,cell(n=10),97.4,dte,353,548,39,39118,829,17594,17594,7.37,7.37,34.8,0.3,24.4,0,5,1,0,1,0,0,0
NIFTY,W_1200_1230,NOSTOP,18,177.2,-284,-1808,38.9,-13816,-2.0,-2.0,0.0,0.001379,pooled(n=1115),42.7,mon,353,548,39,,,7426,7426,,,55.5,0.0,6.2,0,5,0,0,0,0,0,0
NIFTY,W_1200_1230,R1000,18,177.2,-284,-2409,38.9,-16528,-1.93,-1.93,11.1,0.001379,pooled(n=1115),42.7,mon,353,548,39,10000,934,7426,7426,,,55.5,1.7,6.2,0,5,0,0,0,0,0,0
NIFTY,W_1200_1230,R1500,18,177.2,-284,-2113,38.9,-19304,-1.82,-1.82,5.6,0.001379,pooled(n=1115),42.7,mon,353,548,39,14000,1074,7426,7426,,,55.5,0.3,6.2,0,5,0,0,0,0,0,0
NIFTY,W_1200_1230,R2500,18,177.2,-284,-1808,38.9,-13816,-2.0,-2.0,0.0,0.001379,pooled(n=1115),42.7,mon,353,548,39,22000,1156,7426,7426,,,55.5,0.0,6.2,0,5,0,0,0,0,0,0
NIFTY,W_1200_1230,R500,18,177.2,-284,-3431,38.9,-13472,-2.49,-2.49,27.8,0.001379,pooled(n=1115),42.7,mon,353,548,39,6000,771,6000,7426,,,58.1,11.3,6.0,0,5,0,0,0,0,0,0
NIFTY,W_1200_1230,SLP10,18,177.2,-284,-2194,38.9,-20760,-1.78,-1.78,5.6,0.001379,pooled(n=1115),42.7,mon,353,548,39,11217,988,7426,7426,,,55.5,1.4,6.2,0,5,0,0,0,0,0,0
NIFTY,W_1200_1230,SLP15,18,177.2,-284,-1808,38.9,-13816,-2.0,-2.0,0.0,0.001379,pooled(n=1115),42.7,mon,353,548,39,15826,1135,7426,7426,,,55.5,0.0,6.2,0,5,0,0,0,0,0,0
NIFTY,W_1200_1230,SLP20,18,177.2,-284,-1808,38.9,-13816,-2.0,-2.0,0.0,0.001379,pooled(n=1115),42.7,mon,353,548,39,20434,978,7426,7426,,,55.5,0.0,6.2,0,5,0,0,0,0,0,0
NIFTY,W_1200_1230,SLP25,18,177.2,-284,-1808,38.9,-13816,-2.0,-2.0,0.0,0.001379,pooled(n=1115),42.7,mon,353,548,39,25042,823,7426,7426,,,55.5,0.0,6.2,0,5,0,0,0,0,0,0
NIFTY,W_1200_1230,SLP30,18,177.2,-284,-1808,38.9,-13816,-2.0,-2.0,0.0,0.001379,pooled(n=1115),42.7,mon,353,548,39,29651,919,7426,7426,,,55.5,0.0,6.2,0,5,0,0,0,0,0,0
NIFTY,W_1200_1230,SLP40,18,177.2,-284,-1808,38.9,-13816,-2.0,-2.0,0.0,0.001379,pooled(n=1115),42.7,mon,353,548,39,38868,829,7426,7426,,,55.5,0.0,6.2,0,5,0,0,0,0,0,0
NIFTY,W_1200_1245,NOSTOP,18,177.2,-1000,-2321,38.9,-16184,-1.89,-1.89,0.0,0.001379,pooled(n=1115),53.8,dte,353,548,39,,,8837,8837,,,49.3,0.0,9.3,0,7,0,0,0,0,0,0
NIFTY,W_1200_1245,R1000,18,177.2,-1000,-3464,38.9,-16528,-2.12,-2.12,22.2,0.001379,pooled(n=1115),53.8,dte,353,548,39,10000,934,8837,8837,,,47.3,2.8,10.2,0,7,0,0,0,0,0,0
NIFTY,W_1200_1245,R1500,18,177.2,-1000,-2494,38.9,-19304,-1.85,-1.85,5.6,0.001379,pooled(n=1115),53.8,dte,353,548,39,14000,1074,8837,8837,,,48.7,0.8,9.5,0,7,0,0,0,0,0,0
NIFTY,W_1200_1245,R2500,18,177.2,-1000,-2980,38.9,-28040,-1.72,-1.72,5.6,0.001379,pooled(n=1115),53.8,dte,353,548,39,22000,1156,8837,8837,,,48.7,0.3,9.6,0,7,0,0,0,0,0,0
NIFTY,W_1200_1245,R500,18,177.2,-1340,-4838,38.9,-13472,-3.06,-3.06,44.4,0.001379,pooled(n=1115),53.8,dte,353,548,39,6000,771,6000,8837,,,54.7,16.1,8.4,0,7,0,0,0,0,0,0
NIFTY,W_1200_1245,SLP10,18,177.2,-1000,-2575,38.9,-20760,-1.83,-1.83,5.6,0.001379,pooled(n=1115),53.8,dte,353,548,39,11217,988,8837,8837,,,48.7,2.3,9.5,0,7,0,0,0,0,0,0
NIFTY,W_1200_1245,SLP15,18,177.2,-1000,-2980,38.9,-28040,-1.72,-1.72,5.6,0.001379,pooled(n=1115),53.8,dte,353,548,39,15826,1135,8837,8837,,,48.7,0.8,9.6,0,7,0,0,0,0,0,0
NIFTY,W_1200_1245,SLP20,18,177.2,-1000,-2321,38.9,-16184,-1.89,-1.89,0.0,0.001379,pooled(n=1115),53.8,dte,353,548,39,20434,978,8837,8837,,,49.3,0.6,9.3,0,7,0,0,0,0,0,0
NIFTY,W_1200_1245,SLP25,18,177.2,-1000,-2321,38.9,-16184,-1.89,-1.89,0.0,0.001379,pooled(n=1115),53.8,dte,353,548,39,25042,823,8837,8837,,,49.3,0.3,9.3,0,7,0,0,0,0,0,0
NIFTY,W_1200_1245,SLP30,18,177.2,-1000,-2321,38.9,-16184,-1.89,-1.89,0.0,0.001379,pooled(n=1115),53.8,dte,353,548,39,29651,919,8837,8837,,,49.3,0.3,9.3,0,7,0,0,0,0,0,0
NIFTY,W_1200_1245,SLP40,18,177.2,-1000,-2321,38.9,-16184,-1.89,-1.89,0.0,0.001379,pooled(n=1115),53.8,dte,353,548,39,38868,829,8837,8837,,,49.3,0.0,9.3,0,7,0,0,0,0,0,0
NIFTY,W_1200_1300,NOSTOP,18,177.2,892,-3100,55.6,-32208,-1.39,-1.39,0.0,0.002345,cell(n=10),65.6,dte,353,548,39,,,16176,16176,18.13,18.13,44.5,0.0,12.5,0,8,0,0,0,0,0,0
NIFTY,W_1200_1300,R1000,18,177.2,892,-3986,55.6,-26128,-1.83,-1.83,27.8,0.002345,cell(n=10),65.6,dte,353,548,39,10000,934,10000,16176,11.21,18.13,46.7,15.6,11.7,0,8,0,0,0,0,0,0
NIFTY,W_1200_1300,R1500,18,177.2,892,-4060,55.6,-26128,-1.7,-1.7,22.2,0.002345,cell(n=10),65.6,dte,353,548,39,14000,1074,14000,16176,15.7,18.13,44.2,6.8,12.5,0,8,0,0,0,0,0,0
NIFTY,W_1200_1300,R2500,18,177.2,892,-3269,55.6,-28040,-1.43,-1.43,11.1,0.002345,cell(n=10),65.6,dte,353,548,39,22000,1156,16176,16176,18.13,18.13,44.5,1.7,12.5,0,8,0,0,0,0,0,0
NIFTY,W_1200_1300,R500,18,177.2,-6468,-5108,44.4,-13472,-3.0,-3.0,50.0,0.002345,cell(n=10),65.6,dte,353,548,39,6000,771,6000,12166,,,65.4,57.8,9.8,0,8,0,0,0,0,0,0
NIFTY,W_1200_1300,SLP10,18,177.2,892,-3448,55.6,-22120,-1.62,-1.62,22.2,0.002345,cell(n=10),65.6,dte,353,548,39,11217,988,11217,16176,12.58,18.13,44.5,11.3,12.5,0,8,0,0,0,0,0,0
NIFTY,W_1200_1300,SLP15,18,177.2,892,-3984,55.6,-28040,-1.62,-1.62,16.7,0.002345,cell(n=10),65.6,dte,353,548,39,15826,1135,15826,16176,17.74,18.13,44.5,5.9,12.5,0,8,0,0,0,0,0,0
NIFTY,W_1200_1300,SLP20,18,177.2,892,-3548,55.6,-34416,-1.43,-1.43,11.1,0.002345,cell(n=10),65.6,dte,353,548,39,20434,978,16176,16176,18.13,18.13,44.5,1.7,12.5,0,8,0,0,0,0,0,0
NIFTY,W_1200_1300,SLP25,18,177.2,892,-3425,55.6,-32208,-1.43,-1.43,5.6,0.002345,cell(n=10),65.6,dte,353,548,39,25042,823,16176,16176,18.13,18.13,44.5,0.8,12.5,0,8,0,0,0,0,0,0
NIFTY,W_1200_1300,SLP30,18,177.2,892,-3500,55.6,-32208,-1.44,-1.44,5.6,0.002345,cell(n=10),65.6,dte,353,548,39,29651,919,16176,16176,18.13,18.13,44.5,0.8,12.5,0,8,0,0,0,0,0,0
NIFTY,W_1200_1300,SLP40,18,177.2,892,-3100,55.6,-32208,-1.39,-1.39,0.0,0.002345,cell(n=10),65.6,dte,353,548,39,38868,829,16176,16176,18.13,18.13,44.5,0.6,12.5,0,8,0,0,0,0,0,0
NIFTY,W_1200_1315,NOSTOP,18,177.2,440,-2347,55.6,-26496,-1.08,-1.08,0.0,0.002345,cell(n=10),78.3,cur,353,548,39,,,18921,18921,43.0,43.0,45.9,0.0,15.2,0,8,0,0,0,0,0,0
NIFTY,W_1200_1315,R1000,18,177.2,440,-3433,55.6,-26128,-1.51,-1.51,27.8,0.002345,cell(n=10),78.3,cur,353,548,39,10000,934,10000,17470,22.73,39.7,51.0,21.8,12.8,0,8,0,0,0,0,0,0
NIFTY,W_1200_1315,R1500,18,177.2,440,-3504,55.6,-26128,-1.42,-1.42,22.2,0.002345,cell(n=10),78.3,cur,353,548,39,14000,1074,14000,18921,31.82,43.0,47.9,9.9,14.3,0,8,0,0,0,0,0,0
NIFTY,W_1200_1315,R2500,18,177.2,440,-2619,55.6,-28040,-1.12,-1.12,11.1,0.002345,cell(n=10),78.3,cur,353,548,39,22000,1156,18921,18921,43.0,43.0,46.2,2.5,14.5,0,8,0,0,0,0,0,0
NIFTY,W_1200_1315,R500,18,177.2,-5396,-4582,50.0,-13472,-2.51,-2.51,50.0,0.002345,cell(n=10),78.3,cur,353,548,39,6000,771,6000,12166,,,69.4,65.7,11.8,0,8,0,0,0,0,0,0
NIFTY,W_1200_1315,SLP10,18,177.2,440,-2893,55.6,-22120,-1.31,-1.31,22.2,0.002345,cell(n=10),78.3,cur,353,548,39,11217,988,11217,18921,25.49,43.0,47.9,14.7,14.1,0,8,0,0,0,0,0,0
NIFTY,W_1200_1315,SLP15,18,177.2,440,-3279,55.6,-28040,-1.3,-1.3,16.7,0.002345,cell(n=10),78.3,cur,353,548,39,15826,1135,15826,18921,35.97,43.0,47.6,8.2,14.4,0,8,0,0,0,0,0,0
NIFTY,W_1200_1315,SLP20,18,177.2,440,-2898,55.6,-34416,-1.14,-1.14,11.1,0.002345,cell(n=10),78.3,cur,353,548,39,20434,978,18921,18921,43.0,43.0,46.5,3.4,14.4,0,8,0,0,0,0,0,0
NIFTY,W_1200_1315,SLP25,18,177.2,440,-3235,55.6,-40472,-1.16,-1.16,11.1,0.002345,cell(n=10),78.3,cur,353,548,39,25042,823,18921,18921,43.0,43.0,46.5,1.4,14.4,0,8,0,0,0,0,0,0
NIFTY,W_1200_1315,SLP30,18,177.2,440,-2401,55.6,-27480,-1.09,-1.09,5.6,0.002345,cell(n=10),78.3,cur,353,548,39,29651,919,18921,18921,43.0,43.0,45.9,0.8,15.2,0,8,0,0,0,0,0,0
NIFTY,W_1200_1315,SLP40,18,177.2,440,-2347,55.6,-26496,-1.08,-1.08,0.0,0.002345,cell(n=10),78.3,cur,353,548,39,38868,829,18921,18921,43.0,43.0,45.9,0.6,15.2,0,8,0,0,0,0,0,0
NIFTY,W_1200_1330,NOSTOP,18,177.2,1012,-2213,55.6,-27040,-0.83,-0.83,0.0,0.002625,cell(n=10),81.5,dte,353,548,39,,,21719,21719,21.46,21.46,39.4,0.0,17.2,0,8,0,0,1,0,0,0
NIFTY,W_1200_1330,R1000,18,177.2,1012,-2705,55.6,-26128,-1.14,-1.14,27.8,0.002625,cell(n=10),81.5,dte,353,548,39,10000,934,10000,17470,9.88,17.26,44.8,35.1,19.7,0,8,0,0,0,0,0,0
NIFTY,W_1200_1330,R1500,18,177.2,1012,-2706,55.6,-26128,-1.05,-1.05,22.2,0.002625,cell(n=10),81.5,dte,353,548,39,14000,1074,14000,21719,13.83,21.46,39.9,13.3,18.9,0,8,0,0,1,0,0,0
NIFTY,W_1200_1330,R2500,18,177.2,1012,-2796,55.6,-33664,-0.94,-0.94,16.7,0.002625,cell(n=10),81.5,dte,353,548,39,22000,1156,21719,21719,21.46,21.46,45.0,4.5,15.3,0,8,0,0,0,0,0,0
NIFTY,W_1200_1330,R500,18,177.2,-4668,-3728,50.0,-13472,-1.84,-1.84,50.0,0.002625,cell(n=10),81.5,dte,353,548,39,6000,771,6000,12166,,,77.3,75.6,11.7,0,8,0,0,0,0,0,0
NIFTY,W_1200_1330,SLP10,18,177.2,1012,-2094,55.6,-22120,-0.9,-0.9,22.2,0.002625,cell(n=10),81.5,dte,353,548,39,11217,988,11217,19118,11.08,18.89,41.9,26.3,19.0,0,8,0,0,0,0,0,0
NIFTY,W_1200_1330,SLP15,18,177.2,1012,-3924,55.6,-33664,-1.25,-1.25,22.2,0.002625,cell(n=10),81.5,dte,353,548,39,15826,1135,15826,21719,15.64,21.46,45.3,11.0,15.4,0,8,0,0,0,0,0,0
NIFTY,W_1200_1330,SLP20,18,177.2,1012,-3075,55.6,-34416,-0.98,-0.98,16.7,0.002625,cell(n=10),81.5,dte,353,548,39,20434,978,20434,21719,20.19,21.46,45.3,6.8,15.3,0,8,0,0,0,0,0,0
NIFTY,W_1200_1330,SLP25,18,177.2,1012,-3043,55.6,-40472,-0.96,-0.96,11.1,0.002625,cell(n=10),81.5,dte,353,548,39,25042,823,21719,21719,21.46,21.46,39.7,3.4,17.4,0,8,0,0,1,0,0,0
NIFTY,W_1200_1330,SLP30,18,177.2,1012,-2243,55.6,-27480,-0.84,-0.84,5.6,0.002625,cell(n=10),81.5,dte,353,548,39,29651,919,21719,21719,21.46,21.46,39.4,1.7,17.2,0,8,0,0,1,0,0,0
NIFTY,W_1200_1330,SLP40,18,177.2,1012,-2581,55.6,-33568,-0.89,-0.89,5.6,0.002625,cell(n=10),81.5,dte,353,548,39,38868,829,21719,21719,21.46,21.46,39.4,0.8,17.2,0,8,0,0,1,0,0,0
NIFTY,W_1200_1345,NOSTOP,18,177.2,2876,-835,66.7,-25848,-0.36,-0.36,0.0,0.002614,cell(n=10),85.4,dte,353,548,39,,,22572,22572,7.85,7.85,35.4,0.0,22.5,0,7,1,0,1,0,0,0
NIFTY,W_1200_1345,R1000,18,177.2,2876,-2132,66.7,-26128,-0.87,-0.87,27.8,0.002614,cell(n=10),85.4,dte,353,548,39,10000,934,10000,17470,3.48,6.07,48.2,40.5,21.5,2,7,1,0,0,0,0,0
NIFTY,W_1200_1345,R1500,18,177.2,2876,-2244,66.7,-26128,-0.85,-0.85,22.2,0.002614,cell(n=10),85.4,dte,353,548,39,14000,1074,14000,22572,4.87,7.85,41.9,17.8,21.3,0,7,1,0,0,0,0,0
NIFTY,W_1200_1345,R2500,18,177.2,2876,-2455,66.7,-33664,-0.8,-0.8,16.7,0.002614,cell(n=10),85.4,dte,353,548,39,22000,1156,22000,22572,7.65,7.85,42.8,5.4,19.3,0,7,1,0,0,0,0,0
NIFTY,W_1200_1345,R500,18,177.2,-4356,-3431,50.0,-13472,-1.63,-1.63,50.0,0.002614,cell(n=10),85.4,dte,353,548,39,6000,771,6000,12166,,,80.2,80.2,17.9,0,7,0,0,0,0,0,0
NIFTY,W_1200_1345,SLP10,18,177.2,2876,-1632,66.7,-22120,-0.68,-0.68,22.2,0.002614,cell(n=10),85.4,dte,353,548,39,11217,988,11217,19118,3.9,6.65,45.9,32.6,21.2,2,7,1,0,0,0,0,0
NIFTY,W_1200_1345,SLP15,18,177.2,2876,-3461,66.7,-33664,-1.08,-1.08,22.2,0.002614,cell(n=10),85.4,dte,353,548,39,15826,1135,15826,22572,5.5,7.85,43.3,13.6,19.6,0,7,1,0,0,0,0,0
NIFTY,W_1200_1345,SLP20,18,177.2,2876,-2734,66.7,-34416,-0.85,-0.85,16.7,0.002614,cell(n=10),85.4,dte,353,548,39,20434,978,20434,22572,7.11,7.85,43.6,7.6,19.2,0,7,1,0,0,0,0,0
NIFTY,W_1200_1345,SLP25,18,177.2,2876,-1773,66.7,-40472,-0.6,-0.6,11.1,0.002614,cell(n=10),85.4,dte,353,548,39,25042,823,22572,22572,7.85,7.85,35.7,4.2,22.5,0,7,1,0,1,0,0,0
NIFTY,W_1200_1345,SLP30,18,177.2,2876,-926,66.7,-27480,-0.39,-0.39,5.6,0.002614,cell(n=10),85.4,dte,353,548,39,29651,919,22572,22572,7.85,7.85,35.4,2.3,22.5,0,7,1,0,1,0,0,0
NIFTY,W_1200_1345,SLP40,18,177.2,2876,-1264,66.7,-33568,-0.49,-0.49,5.6,0.002614,cell(n=10),85.4,dte,353,548,39,38868,829,22572,22572,7.85,7.85,35.4,1.1,22.5,0,7,1,0,1,0,0,0
NIFTY,W_1200_1400,NOSTOP,18,177.2,4056,60,72.2,-28152,0.03,0.03,0.0,0.002106,cell(n=11),97.0,dte,353,548,39,,,20831,20831,5.14,5.14,31.4,0.0,28.7,0,5,1,0,1,0,0,0
NIFTY,W_1200_1400,R1000,18,177.2,4056,-1471,66.7,-26128,-0.58,-0.58,27.8,0.002106,cell(n=11),97.0,dte,353,548,39,10000,934,10000,17470,2.47,4.31,39.7,32.3,27.5,2,5,1,1,1,0,0,0
NIFTY,W_1200_1400,R1500,18,177.2,4056,-1427,72.2,-26128,-0.52,-0.52,22.2,0.002106,cell(n=11),97.0,dte,353,548,39,14000,1074,14000,20831,3.45,5.14,36.0,14.7,27.2,0,5,1,0,1,0,0,0
NIFTY,W_1200_1400,R2500,18,177.2,4056,-1546,72.2,-33664,-0.49,-0.49,16.7,0.002106,cell(n=11),97.0,dte,353,548,39,22000,1156,20831,20831,5.14,5.14,38.8,4.0,24.6,0,5,1,0,1,0,0,0
NIFTY,W_1200_1400,R500,18,177.2,-3552,-3048,50.0,-13472,-1.39,-1.39,50.0,0.002106,cell(n=11),97.0,dte,353,548,39,6000,771,6000,12166,,,75.1,75.1,20.7,0,5,0,0,0,0,0,0
NIFTY,W_1200_1400,SLP10,18,177.2,4056,-816,72.2,-22120,-0.33,-0.33,22.2,0.002106,cell(n=11),97.0,dte,353,548,39,11217,988,11217,19118,2.77,4.71,38.5,25.5,26.6,2,5,1,1,1,0,0,0
NIFTY,W_1200_1400,SLP15,18,177.2,4056,-2645,72.2,-33664,-0.8,-0.8,22.2,0.002106,cell(n=11),97.0,dte,353,548,39,15826,1135,15826,20831,3.9,5.14,40.2,10.2,23.8,0,5,1,0,0,0,0,0
NIFTY,W_1200_1400,SLP20,18,177.2,4056,-1825,72.2,-34416,-0.55,-0.55,16.7,0.002106,cell(n=11),97.0,dte,353,548,39,20434,978,20434,20831,5.04,5.14,38.8,5.7,24.6,0,5,1,0,1,0,0,0
NIFTY,W_1200_1400,SLP25,18,177.2,4056,-912,72.2,-40472,-0.3,-0.3,11.1,0.002106,cell(n=11),97.0,dte,353,548,39,25042,823,20831,20831,5.14,5.14,31.4,2.5,28.7,0,5,1,0,1,0,0,0
NIFTY,W_1200_1400,SLP30,18,177.2,4056,-303,72.2,-28152,-0.12,-0.12,5.6,0.002106,cell(n=11),97.0,dte,353,548,39,29651,919,20831,20831,5.14,5.14,31.4,2.0,28.7,0,5,1,0,1,0,0,0
NIFTY,W_1200_1400,SLP40,18,177.2,4056,-641,72.2,-33568,-0.23,-0.23,5.6,0.002106,cell(n=11),97.0,dte,353,548,39,38868,829,20831,20831,5.14,5.14,31.4,1.1,28.7,0,5,1,0,1,0,0,0
NIFTY,W_1215_1245,NOSTOP,18,179.4,124,-549,50.0,-6488,-0.9,-0.9,0.0,0.001379,pooled(n=1115),41.9,mon,353,548,39,,,7390,7390,59.6,59.6,61.2,0.0,6.1,0,5,0,0,0,0,0,0
NIFTY,W_1215_1245,R1000,18,179.4,124,-1059,50.0,-15664,-1.06,-1.06,5.6,0.001379,pooled(n=1115),41.9,mon,353,548,39,10000,934,7390,7390,59.6,59.6,61.2,1.7,6.1,0,5,0,0,0,0,0,0
NIFTY,W_1215_1245,R1500,18,179.4,124,-549,50.0,-6488,-0.9,-0.9,0.0,0.001379,pooled(n=1115),41.9,mon,353,548,39,14000,1074,7390,7390,59.6,59.6,61.2,0.8,6.1,0,5,0,0,0,0,0,0
NIFTY,W_1215_1245,R2500,18,179.4,124,-549,50.0,-6488,-0.9,-0.9,0.0,0.001379,pooled(n=1115),41.9,mon,353,548,39,22000,1156,7390,7390,59.6,59.6,61.2,0.3,6.1,0,5,0,0,0,0,0,0
NIFTY,W_1215_1245,R500,18,179.4,124,-2830,50.0,-12648,-2.03,-2.03,27.8,0.001379,pooled(n=1115),41.9,mon,353,548,39,6000,771,6000,7390,48.39,59.6,61.8,10.8,5.9,0,5,0,0,0,0,0,0
NIFTY,W_1215_1245,SLP10,18,179.4,124,-1085,50.0,-16128,-1.07,-1.07,5.6,0.001379,pooled(n=1115),41.9,mon,353,548,39,11330,988,7390,7390,59.6,59.6,61.2,1.4,6.1,0,5,0,0,0,0,0,0
NIFTY,W_1215_1245,SLP15,18,179.4,124,-549,50.0,-6488,-0.9,-0.9,0.0,0.001379,pooled(n=1115),41.9,mon,353,548,39,15995,1135,7390,7390,59.6,59.6,61.2,0.8,6.1,0,5,0,0,0,0,0,0
NIFTY,W_1215_1245,SLP20,18,179.4,124,-549,50.0,-6488,-0.9,-0.9,0.0,0.001379,pooled(n=1115),41.9,mon,353,548,39,20660,978,7390,7390,59.6,59.6,61.2,0.3,6.1,0,5,0,0,0,0,0,0
NIFTY,W_1215_1245,SLP25,18,179.4,124,-549,50.0,-6488,-0.9,-0.9,0.0,0.001379,pooled(n=1115),41.9,mon,353,548,39,25325,823,7390,7390,59.6,59.6,61.2,0.3,6.1,0,5,0,0,0,0,0,0
NIFTY,W_1215_1245,SLP30,18,179.4,124,-549,50.0,-6488,-0.9,-0.9,0.0,0.001379,pooled(n=1115),41.9,mon,353,548,39,29990,919,7390,7390,59.6,59.6,61.2,0.0,6.1,0,5,0,0,0,0,0,0
NIFTY,W_1215_1245,SLP40,18,179.4,124,-549,50.0,-6488,-0.9,-0.9,0.0,0.001379,pooled(n=1115),41.9,mon,353,548,39,39320,829,7390,7390,59.6,59.6,61.2,0.0,6.1,0,5,0,0,0,0,0,0
NIFTY,W_1215_1300,NOSTOP,18,179.4,1088,-1060,72.2,-19968,-0.69,-0.69,0.0,0.001379,pooled(n=1115),53.4,cur,353,548,39,,,8869,8869,8.15,8.15,50.1,0.0,9.9,0,7,1,0,0,0,0,0
NIFTY,W_1215_1300,R1000,18,179.4,1088,-3136,66.7,-25816,-1.45,-1.45,22.2,0.001379,pooled(n=1115),53.4,cur,353,548,39,10000,934,8869,8869,8.15,8.15,53.8,3.1,8.9,0,7,1,0,0,0,0,0
NIFTY,W_1215_1300,R1500,18,179.4,1088,-1561,72.2,-25816,-0.83,-0.83,11.1,0.001379,pooled(n=1115),53.4,cur,353,548,39,14000,1074,8869,8869,8.15,8.15,52.1,1.4,9.7,0,7,1,0,0,0,0,0
NIFTY,W_1215_1300,R2500,18,179.4,1088,-1460,72.2,-27168,-0.79,-0.79,5.6,0.001379,pooled(n=1115),53.4,cur,353,548,39,22000,1156,8869,8869,8.15,8.15,50.1,0.6,9.9,0,7,1,0,0,0,0,0
NIFTY,W_1215_1300,R500,18,179.4,856,-4040,55.6,-13368,-2.33,-2.33,44.4,0.001379,pooled(n=1115),53.4,cur,353,548,39,6000,771,6000,8869,7.01,10.36,64.3,17.0,6.3,0,7,0,0,0,0,0,0
NIFTY,W_1215_1300,SLP10,18,179.4,1088,-2510,72.2,-25816,-1.16,-1.16,16.7,0.001379,pooled(n=1115),53.4,cur,353,548,39,11330,988,8869,8869,8.15,8.15,53.5,2.3,9.2,0,7,1,0,0,0,0,0
NIFTY,W_1215_1300,SLP15,18,179.4,1088,-1385,72.2,-25816,-0.77,-0.77,5.6,0.001379,pooled(n=1115),53.4,cur,353,548,39,15995,1135,8869,8869,8.15,8.15,50.1,0.8,9.9,0,7,1,0,0,0,0,0
NIFTY,W_1215_1300,SLP20,18,179.4,1088,-1385,72.2,-25816,-0.77,-0.77,5.6,0.001379,pooled(n=1115),53.4,cur,353,548,39,20660,978,8869,8869,8.15,8.15,50.1,0.8,9.9,0,7,1,0,0,0,0,0
NIFTY,W_1215_1300,SLP25,18,179.4,1088,-1385,72.2,-25816,-0.77,-0.77,5.6,0.001379,pooled(n=1115),53.4,cur,353,548,39,25325,823,8869,8869,8.15,8.15,50.1,0.6,9.9,0,7,1,0,0,0,0,0
NIFTY,W_1215_1300,SLP30,18,179.4,1088,-1460,72.2,-27168,-0.79,-0.79,5.6,0.001379,pooled(n=1115),53.4,cur,353,548,39,29990,919,8869,8869,8.15,8.15,50.1,0.3,9.9,0,7,1,0,0,0,0,0
NIFTY,W_1215_1300,SLP40,18,179.4,1088,-1060,72.2,-19968,-0.69,-0.69,0.0,0.001379,pooled(n=1115),53.4,cur,353,548,39,39320,829,8869,8869,8.15,8.15,50.1,0.0,9.9,0,7,1,0,0,0,0,0
NIFTY,W_1215_1315,NOSTOP,18,179.4,1276,-869,61.1,-26184,-0.51,-0.51,0.0,0.001379,pooled(n=1115),69.6,dte,353,548,39,,,10953,10953,8.58,8.58,43.9,0.0,13.6,0,8,1,0,0,0,0,0
NIFTY,W_1215_1315,R1000,18,179.4,1276,-2881,61.1,-25816,-1.31,-1.31,22.2,0.001379,pooled(n=1115),69.6,dte,353,548,39,10000,934,10000,10953,7.84,8.58,53.3,5.7,10.5,0,8,1,0,0,0,0,0
NIFTY,W_1215_1315,R1500,18,179.4,1276,-1374,61.1,-25816,-0.71,-0.71,11.1,0.001379,pooled(n=1115),69.6,dte,353,548,39,14000,1074,10953,10953,8.58,8.58,46.5,2.5,12.9,0,8,1,0,0,0,0,0
NIFTY,W_1215_1315,R2500,18,179.4,1276,-924,61.1,-27168,-0.53,-0.53,5.6,0.001379,pooled(n=1115),69.6,dte,353,548,39,22000,1156,10953,10953,8.58,8.58,43.9,0.6,13.6,0,8,1,0,0,0,0,0
NIFTY,W_1215_1315,R500,18,179.4,-1316,-4135,50.0,-13368,-2.37,-2.37,44.4,0.001379,pooled(n=1115),69.6,dte,353,548,39,6000,771,6000,10953,,,53.8,24.6,11.1,1,8,0,0,0,0,0,0
NIFTY,W_1215_1315,SLP10,18,179.4,1276,-2326,61.1,-25816,-1.06,-1.06,16.7,0.001379,pooled(n=1115),69.6,dte,353,548,39,11330,988,10953,10953,8.58,8.58,46.5,4.2,12.9,0,8,1,0,0,0,0,0
NIFTY,W_1215_1315,SLP15,18,179.4,1276,-849,61.1,-25816,-0.5,-0.5,5.6,0.001379,pooled(n=1115),69.6,dte,353,548,39,15995,1135,10953,10953,8.58,8.58,43.9,1.4,13.6,0,8,1,0,0,0,0,0
NIFTY,W_1215_1315,SLP20,18,179.4,1276,-849,61.1,-25816,-0.5,-0.5,5.6,0.001379,pooled(n=1115),69.6,dte,353,548,39,20660,978,10953,10953,8.58,8.58,43.9,0.8,13.6,0,8,1,0,0,0,0,0
NIFTY,W_1215_1315,SLP25,18,179.4,1276,-849,61.1,-25816,-0.5,-0.5,5.6,0.001379,pooled(n=1115),69.6,dte,353,548,39,25325,823,10953,10953,8.58,8.58,43.9,0.6,13.6,0,8,1,0,0,0,0,0
NIFTY,W_1215_1315,SLP30,18,179.4,1276,-924,61.1,-27168,-0.53,-0.53,5.6,0.001379,pooled(n=1115),69.6,dte,353,548,39,29990,919,10953,10953,8.58,8.58,43.9,0.3,13.6,0,8,1,0,0,0,0,0
NIFTY,W_1215_1315,SLP40,18,179.4,1276,-869,61.1,-26184,-0.51,-0.51,0.0,0.001379,pooled(n=1115),69.6,dte,353,548,39,39320,829,10953,10953,8.58,8.58,43.9,0.3,13.6,0,8,1,0,0,0,0,0
NIFTY,W_1215_1330,NOSTOP,18,179.4,2920,-143,61.1,-26632,-0.08,-0.08,0.0,0.002598,cell(n=8),81.2,dte,353,548,39,,,21682,21682,7.43,7.43,35.1,0.0,18.2,0,8,1,0,1,0,0,0
NIFTY,W_1215_1330,R1000,18,179.4,1792,-2444,55.6,-25816,-1.08,-1.08,22.2,0.002598,cell(n=8),81.2,dte,353,548,39,10000,934,10000,17470,5.58,9.75,40.5,29.5,18.9,0,8,0,0,0,0,0,0
NIFTY,W_1215_1330,R1500,18,179.4,2920,-614,61.1,-25816,-0.31,-0.31,11.1,0.002598,cell(n=8),81.2,dte,353,548,39,14000,1074,14000,21682,4.79,7.43,37.7,11.3,17.6,0,8,1,0,1,0,0,0
NIFTY,W_1215_1330,R2500,18,179.4,2920,-172,61.1,-27168,-0.1,-0.1,5.6,0.002598,cell(n=8),81.2,dte,353,548,39,22000,1156,21682,21682,7.43,7.43,35.4,4.5,18.2,0,8,1,0,1,0,0,0
NIFTY,W_1215_1330,R500,18,179.4,-52,-3616,50.0,-13368,-1.97,-1.97,44.4,0.002598,cell(n=8),81.2,dte,353,548,39,6000,771,6000,12166,,,75.6,75.6,15.4,2,8,0,0,0,0,0,0
NIFTY,W_1215_1330,SLP10,18,179.4,2920,-1637,61.1,-25816,-0.72,-0.72,16.7,0.002598,cell(n=8),81.2,dte,353,548,39,11330,988,11330,19231,3.88,6.59,39.9,21.2,17.8,0,8,1,0,1,0,0,0
NIFTY,W_1215_1330,SLP15,18,179.4,2920,-97,61.1,-25816,-0.06,-0.06,5.6,0.002598,cell(n=8),81.2,dte,353,548,39,15995,1135,15995,21682,5.48,7.43,35.4,7.9,18.2,0,8,1,0,1,0,0,0
NIFTY,W_1215_1330,SLP20,18,179.4,2920,-97,61.1,-25816,-0.06,-0.06,5.6,0.002598,cell(n=8),81.2,dte,353,548,39,20660,978,20660,21682,7.08,7.43,35.4,5.7,18.2,0,8,1,0,1,0,0,0
NIFTY,W_1215_1330,SLP25,18,179.4,2920,-97,61.1,-25816,-0.06,-0.06,5.6,0.002598,cell(n=8),81.2,dte,353,548,39,25325,823,21682,21682,7.43,7.43,35.4,3.1,18.2,0,8,1,0,1,0,0,0
NIFTY,W_1215_1330,SLP30,18,179.4,2920,-172,61.1,-27168,-0.1,-0.1,5.6,0.002598,cell(n=8),81.2,dte,353,548,39,29990,919,21682,21682,7.43,7.43,35.1,1.7,18.2,0,8,1,0,1,0,0,0
NIFTY,W_1215_1330,SLP40,18,179.4,2920,-143,61.1,-26632,-0.08,-0.08,0.0,0.002598,cell(n=8),81.2,dte,353,548,39,39320,829,21682,21682,7.43,7.43,35.1,0.6,18.2,0,8,1,0,1,0,0,0
NIFTY,W_1215_1345,NOSTOP,18,179.4,3556,948,72.2,-25536,0.52,0.52,0.0,0.002598,cell(n=8),83.2,dte,353,548,39,,,22167,22167,6.23,6.23,30.9,0.0,23.2,0,8,1,0,1,0,0,0
NIFTY,W_1215_1345,R1000,18,179.4,3312,-1342,66.7,-25816,-0.56,-0.56,22.2,0.002598,cell(n=8),83.2,dte,353,548,39,10000,934,10000,17470,3.02,5.27,42.5,37.7,23.5,2,8,1,0,0,0,0,0
NIFTY,W_1215_1345,R1500,18,179.4,3556,387,72.2,-25816,0.18,0.18,11.1,0.002598,cell(n=8),83.2,dte,353,548,39,14000,1074,14000,22167,3.94,6.23,33.4,15.9,22.9,0,8,1,0,1,0,0,0
NIFTY,W_1215_1345,R2500,18,179.4,3556,858,72.2,-27168,0.45,0.45,5.6,0.002598,cell(n=8),83.2,dte,353,548,39,22000,1156,22000,22167,6.19,6.23,31.2,5.4,23.2,0,8,1,0,1,0,0,0
NIFTY,W_1215_1345,R500,18,179.4,2196,-2862,55.6,-13368,-1.43,-1.43,44.4,0.002598,cell(n=8),83.2,dte,353,548,39,6000,771,6000,12166,2.73,5.54,81.3,80.5,12.7,3,8,0,1,0,1,0,0
NIFTY,W_1215_1345,SLP10,18,179.4,3556,-524,72.2,-25816,-0.22,-0.22,16.7,0.002598,cell(n=8),83.2,dte,353,548,39,11330,988,11330,19231,3.19,5.41,36.8,27.5,23.0,2,8,1,0,1,0,0,0
NIFTY,W_1215_1345,SLP15,18,179.4,3556,933,72.2,-25816,0.5,0.5,5.6,0.002598,cell(n=8),83.2,dte,353,548,39,15995,1135,15995,22167,4.5,6.23,31.7,10.5,23.2,0,8,1,0,1,0,0,0
NIFTY,W_1215_1345,SLP20,18,179.4,3556,933,72.2,-25816,0.5,0.5,5.6,0.002598,cell(n=8),83.2,dte,353,548,39,20660,978,20660,22167,5.81,6.23,31.2,5.9,23.2,0,8,1,0,1,0,0,0
NIFTY,W_1215_1345,SLP25,18,179.4,3556,933,72.2,-25816,0.5,0.5,5.6,0.002598,cell(n=8),83.2,dte,353,548,39,25325,823,22167,22167,6.23,6.23,31.2,4.2,23.2,0,8,1,0,1,0,0,0
NIFTY,W_1215_1345,SLP30,18,179.4,3556,858,72.2,-27168,0.45,0.45,5.6,0.002598,cell(n=8),83.2,dte,353,548,39,29990,919,22167,22167,6.23,6.23,30.9,2.5,23.2,0,8,1,0,1,0,0,0
NIFTY,W_1215_1345,SLP40,18,179.4,3556,948,72.2,-25536,0.52,0.52,0.0,0.002598,cell(n=8),83.2,dte,353,548,39,39320,829,22167,22167,6.23,6.23,30.9,1.1,23.2,0,8,1,0,1,0,0,0
NIFTY,W_1215_1400,NOSTOP,18,179.4,4084,1702,72.2,-20648,0.98,0.98,0.0,0.001881,cell(n=11),87.7,dte,353,548,39,,,17392,17392,4.26,4.26,28.3,0.0,26.8,0,7,1,0,1,0,0,0
NIFTY,W_1215_1400,R1000,18,179.4,3980,-941,66.7,-25816,-0.38,-0.38,22.2,0.001881,cell(n=11),87.7,dte,353,548,39,10000,934,10000,17392,2.51,4.37,33.1,23.8,27.6,3,7,1,1,1,1,0,0
NIFTY,W_1215_1400,R1500,18,179.4,4084,1019,72.2,-25816,0.47,0.47,11.1,0.001881,cell(n=11),87.7,dte,353,548,39,14000,1074,14000,17392,3.43,4.26,32.0,10.2,25.3,0,7,1,0,1,0,0,0
NIFTY,W_1215_1400,R2500,18,179.4,4084,1340,72.2,-27168,0.66,0.66,5.6,0.001881,cell(n=11),87.7,dte,353,548,39,22000,1156,17392,17392,4.26,4.26,28.3,3.4,26.8,0,7,1,0,1,0,0,0
NIFTY,W_1215_1400,R500,18,179.4,2296,-2602,55.6,-13368,-1.26,-1.26,44.4,0.001881,cell(n=11),87.7,dte,353,548,39,6000,771,6000,12166,2.61,5.3,68.3,68.3,21.7,2,7,0,1,0,0,0,0
NIFTY,W_1215_1400,SLP10,18,179.4,4084,-48,72.2,-25816,-0.02,-0.02,16.7,0.001881,cell(n=11),87.7,dte,353,548,39,11330,988,11330,17392,2.77,4.26,29.7,16.4,27.4,2,7,1,1,1,0,0,0
NIFTY,W_1215_1400,SLP15,18,179.4,4084,1415,72.2,-25816,0.72,0.72,5.6,0.001881,cell(n=11),87.7,dte,353,548,39,15995,1135,15995,17392,3.92,4.26,28.9,6.8,26.8,0,7,1,0,1,0,0,0
NIFTY,W_1215_1400,SLP20,18,179.4,4084,1415,72.2,-25816,0.72,0.72,5.6,0.001881,cell(n=11),87.7,dte,353,548,39,20660,978,17392,17392,4.26,4.26,28.6,4.0,26.8,0,7,1,0,1,0,0,0
NIFTY,W_1215_1400,SLP25,18,179.4,4084,1415,72.2,-25816,0.72,0.72,5.6,0.001881,cell(n=11),87.7,dte,353,548,39,25325,823,17392,17392,4.26,4.26,28.3,2.5,26.8,0,7,1,0,1,0,0,0
NIFTY,W_1215_1400,SLP30,18,179.4,4084,1340,72.2,-27168,0.66,0.66,5.6,0.001881,cell(n=11),87.7,dte,353,548,39,29990,919,17392,17392,4.26,4.26,28.3,1.4,26.8,0,7,1,0,1,0,0,0
NIFTY,W_1215_1400,SLP40,18,179.4,4084,1702,72.2,-20648,0.98,0.98,0.0,0.001881,cell(n=11),87.7,dte,353,548,39,39320,829,17392,17392,4.26,4.26,28.3,0.6,26.8,0,7,1,0,1,0,0,0
NIFTY,W_1215_1415,NOSTOP,18,179.4,3920,2467,72.2,-15968,1.66,1.66,0.0,0.001881,cell(n=11),95.2,dte,353,548,39,,,18709,18709,4.77,4.77,26.9,0.0,33.9,0,5,1,0,1,0,0,0
NIFTY,W_1215_1415,R1000,18,179.4,3736,-1290,61.1,-25816,-0.51,-0.51,22.2,0.001881,cell(n=11),95.2,dte,353,548,39,10000,934,10000,17470,2.68,4.68,38.2,30.0,28.1,3,5,1,1,1,0,0,0
NIFTY,W_1215_1415,R1500,18,179.4,3920,997,72.2,-25816,0.44,0.44,11.1,0.001881,cell(n=11),95.2,dte,353,548,39,14000,1074,14000,18709,3.57,4.77,29.7,12.5,31.4,0,5,1,0,1,0,0,0
NIFTY,W_1215_1415,R2500,18,179.4,3920,1844,72.2,-27168,0.93,0.93,5.6,0.001881,cell(n=11),95.2,dte,353,548,39,22000,1156,18709,18709,4.77,4.77,26.9,4.0,33.9,0,5,1,0,1,0,0,0
NIFTY,W_1215_1415,R500,18,179.4,-6356,-3393,44.4,-13368,-1.59,-1.59,50.0,0.001881,cell(n=11),95.2,dte,353,548,39,6000,771,6000,12166,,,77.6,70.8,13.0,1,5,0,0,0,0,0,0
NIFTY,W_1215_1415,SLP10,18,179.4,3920,-224,66.7,-25816,-0.09,-0.09,16.7,0.001881,cell(n=11),95.2,dte,353,548,39,11330,988,11330,18709,2.89,4.77,30.6,21.8,31.4,3,5,1,1,1,1,0,0
NIFTY,W_1215_1415,SLP15,18,179.4,3920,1920,72.2,-25816,1.0,1.0,5.6,0.001881,cell(n=11),95.2,dte,353,548,39,15995,1135,15995,18709,4.08,4.77,27.5,7.9,33.9,0,5,1,0,1,0,0,0
NIFTY,W_1215_1415,SLP20,18,179.4,3920,1920,72.2,-25816,1.0,1.0,5.6,0.001881,cell(n=11),95.2,dte,353,548,39,20660,978,18709,18709,4.77,4.77,27.2,4.5,33.9,0,5,1,0,1,0,0,0
NIFTY,W_1215_1415,SLP25,18,179.4,3920,1920,72.2,-25816,1.0,1.0,5.6,0.001881,cell(n=11),95.2,dte,353,548,39,25325,823,18709,18709,4.77,4.77,26.9,2.5,33.9,0,5,1,0,1,0,0,0
NIFTY,W_1215_1415,SLP30,18,179.4,3920,1844,72.2,-27168,0.93,0.93,5.6,0.001881,cell(n=11),95.2,dte,353,548,39,29990,919,18709,18709,4.77,4.77,26.9,1.7,33.9,0,5,1,0,1,0,0,0
NIFTY,W_1215_1415,SLP40,18,179.4,3920,2467,72.2,-15968,1.66,1.66,0.0,0.001881,cell(n=11),95.2,dte,353,548,39,39320,829,18709,18709,4.77,4.77,26.9,1.4,33.9,0,5,1,0,1,0,0,0
NIFTY,W_1230_1300,NOSTOP,18,180.9,956,-339,61.1,-10704,-0.4,-0.4,0.0,0.001379,pooled(n=1115),42.3,dte,353,548,39,,,7485,7485,7.83,7.83,45.9,0.0,9.0,0,5,1,0,0,0,0,0
NIFTY,W_1230_1300,R1000,18,180.9,956,-1617,61.1,-18496,-1.1,-1.1,11.1,0.001379,pooled(n=1115),42.3,dte,353,548,39,10000,934,7485,7485,7.83,7.83,50.4,2.0,7.8,0,5,1,0,0,0,0,0
NIFTY,W_1230_1300,R1500,18,180.9,956,-339,61.1,-10704,-0.4,-0.4,0.0,0.001379,pooled(n=1115),42.3,dte,353,548,39,14000,1074,7485,7485,7.83,7.83,45.9,0.8,9.0,0,5,1,0,0,0,0,0
NIFTY,W_1230_1300,R2500,18,180.9,956,-339,61.1,-10704,-0.4,-0.4,0.0,0.001379,pooled(n=1115),42.3,dte,353,548,39,22000,1156,7485,7485,7.83,7.83,45.9,0.3,9.0,0,5,1,0,0,0,0,0
NIFTY,W_1230_1300,R500,18,180.9,656,-3663,55.6,-18496,-2.09,-2.09,33.3,0.001379,pooled(n=1115),42.3,dte,353,548,39,6000,771,6000,7485,9.15,11.41,58.9,11.3,6.3,0,5,0,0,0,0,0,0
NIFTY,W_1230_1300,SLP10,18,180.9,956,-772,61.1,-18496,-0.64,-0.64,5.6,0.001379,pooled(n=1115),42.3,dte,353,548,39,11404,988,7485,7485,7.83,7.83,45.9,0.8,9.0,0,5,1,0,0,0,0,0
NIFTY,W_1230_1300,SLP15,18,180.9,956,-772,61.1,-18496,-0.64,-0.64,5.6,0.001379,pooled(n=1115),42.3,dte,353,548,39,16106,1135,7485,7485,7.83,7.83,45.9,0.6,9.0,0,5,1,0,0,0,0,0
NIFTY,W_1230_1300,SLP20,18,180.9,956,-339,61.1,-10704,-0.4,-0.4,0.0,0.001379,pooled(n=1115),42.3,dte,353,548,39,20808,978,7485,7485,7.83,7.83,45.9,0.3,9.0,0,5,1,0,0,0,0,0
NIFTY,W_1230_1300,SLP25,18,180.9,956,-339,61.1,-10704,-0.4,-0.4,0.0,0.001379,pooled(n=1115),42.3,dte,353,548,39,25511,823,7485,7485,7.83,7.83,45.9,0.3,9.0,0,5,1,0,0,0,0,0
NIFTY,W_1230_1300,SLP30,18,180.9,956,-339,61.1,-10704,-0.4,-0.4,0.0,0.001379,pooled(n=1115),42.3,dte,353,548,39,30213,919,7485,7485,7.83,7.83,45.9,0.3,9.0,0,5,1,0,0,0,0,0
NIFTY,W_1230_1300,SLP40,18,180.9,956,-339,61.1,-10704,-0.4,-0.4,0.0,0.001379,pooled(n=1115),42.3,dte,353,548,39,39617,829,7485,7485,7.83,7.83,45.9,0.0,9.0,0,5,1,0,0,0,0,0
NIFTY,W_1230_1315,NOSTOP,18,180.9,1104,207,77.8,-15384,0.2,0.2,0.0,0.001379,pooled(n=1115),51.1,dte,353,548,39,,,8626,8626,7.81,7.81,38.5,0.0,13.1,0,7,1,0,1,0,0,0
NIFTY,W_1230_1315,R1000,18,180.9,1104,-1397,77.8,-18496,-0.82,-0.82,16.7,0.001379,pooled(n=1115),51.1,dte,353,548,39,10000,934,8626,8626,7.81,7.81,47.6,3.1,10.6,0,7,1,0,0,0,0,0
NIFTY,W_1230_1315,R1500,18,180.9,1104,-45,77.8,-19928,-0.04,-0.04,5.6,0.001379,pooled(n=1115),51.1,dte,353,548,39,14000,1074,8626,8626,7.81,7.81,38.5,2.0,13.1,0,7,1,0,1,0,0,0
NIFTY,W_1230_1315,R2500,18,180.9,1104,207,77.8,-15384,0.2,0.2,0.0,0.001379,pooled(n=1115),51.1,dte,353,548,39,22000,1156,8626,8626,7.81,7.81,38.5,0.3,13.1,0,7,1,0,1,0,0,0
NIFTY,W_1230_1315,R500,18,180.9,808,-3287,66.7,-18496,-1.81,-1.81,33.3,0.001379,pooled(n=1115),51.1,dte,353,548,39,6000,771,6000,8626,7.43,10.68,45.0,19.3,11.4,2,7,1,0,0,0,0,0
NIFTY,W_1230_1315,SLP10,18,180.9,1104,34,77.8,-18496,0.03,0.03,5.6,0.001379,pooled(n=1115),51.1,dte,353,548,39,11404,988,8626,8626,7.81,7.81,38.5,2.5,13.1,0,7,1,0,1,0,0,0
NIFTY,W_1230_1315,SLP15,18,180.9,1104,34,77.8,-18496,0.03,0.03,5.6,0.001379,pooled(n=1115),51.1,dte,353,548,39,16106,1135,8626,8626,7.81,7.81,38.5,1.1,13.1,0,7,1,0,1,0,0,0
NIFTY,W_1230_1315,SLP20,18,180.9,1104,-45,77.8,-19928,-0.04,-0.04,5.6,0.001379,pooled(n=1115),51.1,dte,353,548,39,20808,978,8626,8626,7.81,7.81,38.5,0.3,13.1,0,7,1,0,1,0,0,0
NIFTY,W_1230_1315,SLP25,18,180.9,1104,207,77.8,-15384,0.2,0.2,0.0,0.001379,pooled(n=1115),51.1,dte,353,548,39,25511,823,8626,8626,7.81,7.81,38.5,0.3,13.1,0,7,1,0,1,0,0,0
NIFTY,W_1230_1315,SLP30,18,180.9,1104,207,77.8,-15384,0.2,0.2,0.0,0.001379,pooled(n=1115),51.1,dte,353,548,39,30213,919,8626,8626,7.81,7.81,38.5,0.3,13.1,0,7,1,0,1,0,0,0
NIFTY,W_1230_1315,SLP40,18,180.9,1104,207,77.8,-15384,0.2,0.2,0.0,0.001379,pooled(n=1115),51.1,dte,353,548,39,39617,829,8626,8626,7.81,7.81,38.5,0.3,13.1,0,7,1,0,1,0,0,0
NIFTY,W_1230_1330,NOSTOP,18,180.9,2448,471,72.2,-15152,0.36,0.36,0.0,0.001379,pooled(n=1115),69.7,dte,353,548,39,,,11037,11037,4.51,4.51,31.2,0.0,17.6,0,8,1,0,1,0,0,0
NIFTY,W_1230_1330,R1000,18,180.9,2448,-1808,66.7,-18496,-0.89,-0.89,22.2,0.001379,pooled(n=1115),69.7,dte,353,548,39,10000,934,10000,11037,4.08,4.51,39.1,5.7,14.9,0,8,1,0,1,0,0,0
NIFTY,W_1230_1330,R1500,18,180.9,2448,205,72.2,-19928,0.14,0.14,5.6,0.001379,pooled(n=1115),69.7,dte,353,548,39,14000,1074,11037,11037,4.51,4.51,31.4,2.5,17.6,0,8,1,0,1,0,0,0
NIFTY,W_1230_1330,R2500,18,180.9,2448,471,72.2,-15152,0.36,0.36,0.0,0.001379,pooled(n=1115),69.7,dte,353,548,39,22000,1156,11037,11037,4.51,4.51,31.2,0.3,17.6,0,8,1,0,1,0,0,0
NIFTY,W_1230_1330,R500,18,180.9,2120,-3602,61.1,-18496,-1.7,-1.7,38.9,0.001379,pooled(n=1115),69.7,dte,353,548,39,6000,771,6000,11037,2.83,5.21,62.0,27.5,8.9,3,8,1,1,0,1,0,0
NIFTY,W_1230_1330,SLP10,18,180.9,2448,285,72.2,-18496,0.2,0.2,5.6,0.001379,pooled(n=1115),69.7,dte,353,548,39,11404,988,11037,11037,4.51,4.51,31.4,3.7,17.6,0,8,1,0,1,0,0,0
NIFTY,W_1230_1330,SLP15,18,180.9,2448,285,72.2,-18496,0.2,0.2,5.6,0.001379,pooled(n=1115),69.7,dte,353,548,39,16106,1135,11037,11037,4.51,4.51,31.2,2.3,17.6,0,8,1,0,1,0,0,0
NIFTY,W_1230_1330,SLP20,18,180.9,2448,205,72.2,-19928,0.14,0.14,5.6,0.001379,pooled(n=1115),69.7,dte,353,548,39,20808,978,11037,11037,4.51,4.51,31.2,0.3,17.6,0,8,1,0,1,0,0,0
NIFTY,W_1230_1330,SLP25,18,180.9,2448,471,72.2,-15152,0.36,0.36,0.0,0.001379,pooled(n=1115),69.7,dte,353,548,39,25511,823,11037,11037,4.51,4.51,31.2,0.3,17.6,0,8,1,0,1,0,0,0
NIFTY,W_1230_1330,SLP30,18,180.9,2448,471,72.2,-15152,0.36,0.36,0.0,0.001379,pooled(n=1115),69.7,dte,353,548,39,30213,919,11037,11037,4.51,4.51,31.2,0.3,17.6,0,8,1,0,1,0,0,0
NIFTY,W_1230_1330,SLP40,18,180.9,2448,471,72.2,-15152,0.36,0.36,0.0,0.001379,pooled(n=1115),69.7,dte,353,548,39,39617,829,11037,11037,4.51,4.51,31.2,0.3,17.6,0,8,1,0,1,0,0,0
NIFTY,W_1230_1345,NOSTOP,18,180.9,3096,1925,83.3,-14552,1.7,1.7,0.0,0.002058,cell(n=8),85.6,dte,353,548,39,,,18570,18570,6.0,6.0,27.2,0.0,23.7,0,8,1,0,1,0,0,0
NIFTY,W_1230_1345,R1000,18,180.9,3096,-1095,72.2,-18496,-0.51,-0.51,22.2,0.002058,cell(n=8),85.6,dte,353,548,39,10000,934,10000,17470,3.23,5.64,36.3,21.8,19.6,1,8,1,0,1,0,0,0
NIFTY,W_1230_1345,R1500,18,180.9,3096,440,77.8,-20544,0.24,0.24,11.1,0.002058,cell(n=8),85.6,dte,353,548,39,14000,1074,14000,18570,4.52,6.0,31.2,7.6,21.4,0,8,1,0,1,0,0,0
NIFTY,W_1230_1345,R2500,18,180.9,3096,1925,83.3,-14552,1.7,1.7,0.0,0.002058,cell(n=8),85.6,dte,353,548,39,22000,1156,18570,18570,6.0,6.0,27.2,3.1,23.7,0,8,1,0,1,0,0,0
NIFTY,W_1230_1345,R500,18,180.9,2832,-3198,61.1,-18496,-1.46,-1.46,38.9,0.002058,cell(n=8),85.6,dte,353,548,39,6000,771,6000,12166,2.12,4.3,76.8,61.5,7.9,5,8,1,1,0,1,0,0
NIFTY,W_1230_1345,SLP10,18,180.9,3096,520,77.8,-20544,0.29,0.29,11.1,0.002058,cell(n=8),85.6,dte,353,548,39,11404,988,11404,18570,3.68,6.0,32.9,14.2,21.4,1,8,1,0,1,0,0,0
NIFTY,W_1230_1345,SLP15,18,180.9,3096,1706,83.3,-18496,1.29,1.29,5.6,0.002058,cell(n=8),85.6,dte,353,548,39,16106,1135,16106,18570,5.2,6.0,27.5,6.5,23.7,0,8,1,0,1,0,0,0
NIFTY,W_1230_1345,SLP20,18,180.9,3096,1626,83.3,-19928,1.16,1.16,5.6,0.002058,cell(n=8),85.6,dte,353,548,39,20808,978,18570,18570,6.0,6.0,27.2,3.4,23.7,0,8,1,0,1,0,0,0
NIFTY,W_1230_1345,SLP25,18,180.9,3096,1925,83.3,-14552,1.7,1.7,0.0,0.002058,cell(n=8),85.6,dte,353,548,39,25511,823,18570,18570,6.0,6.0,27.2,1.7,23.7,0,8,1,0,1,0,0,0
NIFTY,W_1230_1345,SLP30,18,180.9,3096,1925,83.3,-14552,1.7,1.7,0.0,0.002058,cell(n=8),85.6,dte,353,548,39,30213,919,18570,18570,6.0,6.0,27.2,0.8,23.7,0,8,1,0,1,0,0,0
NIFTY,W_1230_1345,SLP40,18,180.9,3096,1925,83.3,-14552,1.7,1.7,0.0,0.002058,cell(n=8),85.6,dte,353,548,39,39617,829,18570,18570,6.0,6.0,27.2,0.3,23.7,0,8,1,0,1,0,0,0
NIFTY,W_1230_1400,NOSTOP,18,180.9,3216,2576,77.8,-10472,2.41,2.41,0.0,0.002004,cell(n=9),86.3,dte,353,548,39,,,18261,18261,5.68,5.68,26.1,0.0,27.2,0,8,1,0,1,0,0,0
NIFTY,W_1230_1400,R1000,18,180.9,3188,-682,66.7,-18496,-0.31,-0.31,22.2,0.002004,cell(n=9),86.3,dte,353,548,39,10000,934,10000,17470,3.14,5.48,33.1,25.2,25.6,3,8,1,0,1,1,0,0
NIFTY,W_1230_1400,R1500,18,180.9,3216,870,72.2,-20544,0.45,0.45,11.1,0.002004,cell(n=9),86.3,dte,353,548,39,14000,1074,14000,18261,4.35,5.68,26.9,9.1,26.8,0,8,1,0,1,0,0,0
NIFTY,W_1230_1400,R2500,18,180.9,3216,2576,77.8,-10472,2.41,2.41,0.0,0.002004,cell(n=9),86.3,dte,353,548,39,22000,1156,18261,18261,5.68,5.68,26.1,4.0,27.2,0,8,1,0,1,0,0,0
NIFTY,W_1230_1400,R500,18,180.9,3096,-2676,61.1,-18496,-1.16,-1.16,38.9,0.002004,cell(n=9),86.3,dte,353,548,39,6000,771,6000,12166,1.94,3.93,68.8,66.6,15.9,4,8,1,1,0,1,0,0
NIFTY,W_1230_1400,SLP10,18,180.9,3216,950,72.2,-20544,0.5,0.5,11.1,0.002004,cell(n=9),86.3,dte,353,548,39,11404,988,11404,18261,3.55,5.68,29.5,17.8,26.8,2,8,1,0,1,0,0,0
NIFTY,W_1230_1400,SLP15,18,180.9,3216,2130,77.8,-18496,1.5,1.5,5.6,0.002004,cell(n=9),86.3,dte,353,548,39,16106,1135,16106,18261,5.01,5.68,26.1,7.9,27.2,0,8,1,0,1,0,0,0
NIFTY,W_1230_1400,SLP20,18,180.9,3216,2051,77.8,-19928,1.37,1.37,5.6,0.002004,cell(n=9),86.3,dte,353,548,39,20808,978,18261,18261,5.68,5.68,26.1,4.2,27.2,0,8,1,0,1,0,0,0
NIFTY,W_1230_1400,SLP25,18,180.9,3216,2576,77.8,-10472,2.41,2.41,0.0,0.002004,cell(n=9),86.3,dte,353,548,39,25511,823,18261,18261,5.68,5.68,26.1,2.3,27.2,0,8,1,0,1,0,0,0
NIFTY,W_1230_1400,SLP30,18,180.9,3216,2576,77.8,-10472,2.41,2.41,0.0,0.002004,cell(n=9),86.3,dte,353,548,39,30213,919,18261,18261,5.68,5.68,26.1,2.0,27.2,0,8,1,0,1,0,0,0
NIFTY,W_1230_1400,SLP40,18,180.9,3216,2576,77.8,-10472,2.41,2.41,0.0,0.002004,cell(n=9),86.3,dte,353,548,39,39617,829,18261,18261,5.68,5.68,26.1,0.6,27.2,0,8,1,0,1,0,0,0
NIFTY,W_1230_1415,NOSTOP,18,180.9,3784,3602,83.3,-6592,3.61,3.61,0.0,0.002004,cell(n=9),94.1,dte,353,548,39,,,19731,19731,5.21,5.21,7.4,0.0,59.8,1,7,1,0,1,0,0,0
NIFTY,W_1230_1415,R1000,18,180.9,3552,-583,66.7,-18496,-0.26,-0.26,22.2,0.002004,cell(n=9),94.1,dte,353,548,39,10000,934,10000,17470,2.82,4.92,31.4,31.4,46.9,3,7,1,1,1,1,0,0
NIFTY,W_1230_1415,R1500,18,180.9,3784,1539,77.8,-20544,0.76,0.76,11.1,0.002004,cell(n=9),94.1,dte,353,548,39,14000,1074,14000,19731,3.7,5.21,11.6,11.6,62.7,1,7,1,0,1,0,0,0
NIFTY,W_1230_1415,R2500,18,180.9,3784,3602,83.3,-6592,3.61,3.61,0.0,0.002004,cell(n=9),94.1,dte,353,548,39,22000,1156,19731,19731,5.21,5.21,8.2,4.5,59.8,1,7,1,0,1,0,0,0
NIFTY,W_1230_1415,R500,18,180.9,3380,-2665,55.6,-18496,-1.13,-1.13,38.9,0.002004,cell(n=9),94.1,dte,353,548,39,6000,771,6000,12166,1.78,3.6,79.3,73.9,13.0,4,7,0,1,0,1,0,0
NIFTY,W_1230_1415,SLP10,18,180.9,3784,1619,77.8,-20544,0.82,0.82,11.1,0.002004,cell(n=9),94.1,dte,353,548,39,11404,988,11404,19306,3.01,5.1,22.4,22.4,62.7,4,7,1,0,1,1,0,0
NIFTY,W_1230_1415,SLP15,18,180.9,3784,2940,83.3,-18496,1.97,1.97,5.6,0.002004,cell(n=9),94.1,dte,353,548,39,16106,1135,16106,19731,4.26,5.21,10.2,9.3,59.8,1,7,1,0,1,0,0,0
NIFTY,W_1230_1415,SLP20,18,180.9,3784,2861,83.3,-19928,1.83,1.83,5.6,0.002004,cell(n=9),94.1,dte,353,548,39,20808,978,19731,19731,5.21,5.21,8.2,4.8,59.8,1,7,1,0,1,0,0,0
NIFTY,W_1230_1415,SLP25,18,180.9,3784,3602,83.3,-6592,3.61,3.61,0.0,0.002004,cell(n=9),94.1,dte,353,548,39,25511,823,19731,19731,5.21,5.21,7.6,2.5,59.8,1,7,1,0,1,0,0,0
NIFTY,W_1230_1415,SLP30,18,180.9,3784,3602,83.3,-6592,3.61,3.61,0.0,0.002004,cell(n=9),94.1,dte,353,548,39,30213,919,19731,19731,5.21,5.21,7.4,2.0,59.8,1,7,1,0,1,0,0,0
NIFTY,W_1230_1415,SLP40,18,180.9,3784,3602,83.3,-6592,3.61,3.61,0.0,0.002004,cell(n=9),94.1,dte,353,548,39,39617,829,19731,19731,5.21,5.21,7.4,1.1,59.8,1,7,1,0,1,0,0,0
NIFTY,W_1230_1430,NOSTOP,18,180.9,4080,4036,83.3,-6616,3.79,3.79,0.0,0.002044,cell(n=10),102.6,dte,353,548,39,,,21719,21719,5.32,5.32,11.3,0.0,59.8,2,5,1,0,1,0,0,0
NIFTY,W_1230_1430,R1000,18,180.9,2996,-415,66.7,-18496,-0.18,-0.18,22.2,0.002044,cell(n=10),102.6,dte,353,548,39,10000,934,10000,17470,3.34,5.83,37.4,37.4,39.4,4,5,1,0,1,1,0,0
NIFTY,W_1230_1430,R1500,18,180.9,3860,1804,77.8,-20544,0.87,0.87,11.1,0.002044,cell(n=10),102.6,dte,353,548,39,14000,1074,14000,21719,3.63,5.63,17.3,17.3,66.8,2,5,1,0,1,0,0,0
NIFTY,W_1230_1430,R2500,18,180.9,4080,4036,83.3,-6616,3.79,3.79,0.0,0.002044,cell(n=10),102.6,dte,353,548,39,22000,1156,21719,21719,5.32,5.32,12.2,5.1,59.8,2,5,1,0,1,0,0,0
NIFTY,W_1230_1430,R500,18,180.9,2676,-3220,55.6,-18496,-1.32,-1.32,44.4,0.002044,cell(n=10),102.6,dte,353,548,39,6000,771,6000,12166,2.24,4.55,83.6,81.0,12.4,3,5,0,1,0,1,0,0
NIFTY,W_1230_1430,SLP10,18,180.9,3860,1883,77.8,-20544,0.93,0.93,11.1,0.002044,cell(n=10),102.6,dte,353,548,39,11404,988,11404,19306,2.95,5.0,29.2,29.2,66.8,3,5,1,1,1,1,0,0
NIFTY,W_1230_1430,SLP15,18,180.9,4080,3376,83.3,-18496,2.18,2.18,5.6,0.002044,cell(n=10),102.6,dte,353,548,39,16106,1135,16106,21719,3.95,5.32,15.0,12.5,59.8,2,5,1,0,1,0,0,0
NIFTY,W_1230_1430,SLP20,18,180.9,4080,3296,83.3,-19928,2.04,2.04,5.6,0.002044,cell(n=10),102.6,dte,353,548,39,20808,978,20808,21719,5.1,5.32,12.5,5.9,59.8,2,5,1,0,1,0,0,0
NIFTY,W_1230_1430,SLP25,18,180.9,4080,4036,83.3,-6616,3.79,3.79,0.0,0.002044,cell(n=10),102.6,dte,353,548,39,25511,823,21719,21719,5.32,5.32,11.6,3.4,59.8,2,5,1,0,1,0,0,0
NIFTY,W_1230_1430,SLP30,18,180.9,4080,4036,83.3,-6616,3.79,3.79,0.0,0.002044,cell(n=10),102.6,dte,353,548,39,30213,919,21719,21719,5.32,5.32,11.3,2.0,59.8,2,5,1,0,1,0,0,0
NIFTY,W_1230_1430,SLP40,18,180.9,4080,4036,83.3,-6616,3.79,3.79,0.0,0.002044,cell(n=10),102.6,dte,353,548,39,39617,829,21719,21719,5.32,5.32,11.3,1.4,59.8,2,5,1,0,1,0,0,0
NIFTY,W_1245_1315,NOSTOP,18,184.1,592,39,66.7,-14712,0.04,0.04,0.0,0.001379,pooled(n=1115),46.0,dte,353,548,39,,,8071,8071,13.63,13.63,54.7,0.0,8.0,0,5,1,0,0,0,0,0
NIFTY,W_1245_1315,R1000,18,184.1,592,-134,66.7,-17824,-0.12,-0.12,5.6,0.001379,pooled(n=1115),46.0,dte,353,548,39,10000,934,8071,8071,13.63,13.63,54.7,2.8,8.0,0,5,1,0,0,0,0,0
NIFTY,W_1245_1315,R1500,18,184.1,592,-214,66.7,-19256,-0.18,-0.18,5.6,0.001379,pooled(n=1115),46.0,dte,353,548,39,14000,1074,8071,8071,13.63,13.63,54.7,1.4,8.0,0,5,1,0,0,0,0,0
NIFTY,W_1245_1315,R2500,18,184.1,592,39,66.7,-14712,0.04,0.04,0.0,0.001379,pooled(n=1115),46.0,dte,353,548,39,22000,1156,8071,8071,13.63,13.63,54.7,0.3,8.0,0,5,1,0,0,0,0,0
NIFTY,W_1245_1315,R500,18,184.1,592,-1249,66.7,-17824,-0.9,-0.9,16.7,0.001379,pooled(n=1115),46.0,dte,353,548,39,6000,771,6000,8071,10.14,13.63,55.2,16.7,8.0,2,5,1,0,0,0,0,0
NIFTY,W_1245_1315,SLP10,18,184.1,592,-134,66.7,-17824,-0.12,-0.12,5.6,0.001379,pooled(n=1115),46.0,dte,353,548,39,11572,988,8071,8071,13.63,13.63,54.7,2.5,8.0,0,5,1,0,0,0,0,0
NIFTY,W_1245_1315,SLP15,18,184.1,592,-134,66.7,-17824,-0.12,-0.12,5.6,0.001379,pooled(n=1115),46.0,dte,353,548,39,16358,1135,8071,8071,13.63,13.63,54.7,1.1,8.0,0,5,1,0,0,0,0,0
NIFTY,W_1245_1315,SLP20,18,184.1,592,-289,66.7,-20608,-0.23,-0.23,5.6,0.001379,pooled(n=1115),46.0,dte,353,548,39,21144,978,8071,8071,13.63,13.63,54.7,0.3,8.0,0,5,1,0,0,0,0,0
NIFTY,W_1245_1315,SLP25,18,184.1,592,39,66.7,-14712,0.04,0.04,0.0,0.001379,pooled(n=1115),46.0,dte,353,548,39,25930,823,8071,8071,13.63,13.63,54.7,0.3,8.0,0,5,1,0,0,0,0,0
NIFTY,W_1245_1315,SLP30,18,184.1,592,39,66.7,-14712,0.04,0.04,0.0,0.001379,pooled(n=1115),46.0,dte,353,548,39,30716,919,8071,8071,13.63,13.63,54.7,0.0,8.0,0,5,1,0,0,0,0,0
NIFTY,W_1245_1315,SLP40,18,184.1,592,39,66.7,-14712,0.04,0.04,0.0,0.001379,pooled(n=1115),46.0,dte,353,548,39,40288,829,8071,8071,13.63,13.63,54.7,0.0,8.0,0,5,1,0,0,0,0,0
NIFTY,W_1245_1330,NOSTOP,18,184.1,2364,300,77.8,-14472,0.24,0.24,0.0,0.001379,pooled(n=1115),59.1,dte,353,548,39,,,9799,9799,4.15,4.15,9.6,0.0,33.6,0,7,1,0,1,0,0,0
NIFTY,W_1245_1330,R1000,18,184.1,2364,-215,77.8,-17824,-0.14,-0.14,11.1,0.001379,pooled(n=1115),59.1,dte,353,548,39,10000,934,9799,9799,4.15,4.15,10.5,5.1,33.6,0,7,1,0,1,0,0,0
NIFTY,W_1245_1330,R1500,18,184.1,2364,35,77.8,-19256,0.02,0.02,5.6,0.001379,pooled(n=1115),59.1,dte,353,548,39,14000,1074,9799,9799,4.15,4.15,9.9,2.0,33.6,0,7,1,0,1,0,0,0
NIFTY,W_1245_1330,R2500,18,184.1,2364,300,77.8,-14472,0.24,0.24,0.0,0.001379,pooled(n=1115),59.1,dte,353,548,39,22000,1156,9799,9799,4.15,4.15,9.6,0.3,33.6,0,7,1,0,1,0,0,0
NIFTY,W_1245_1330,R500,18,184.1,2108,-1435,72.2,-17824,-0.87,-0.87,22.2,0.001379,pooled(n=1115),59.1,dte,353,548,39,6000,771,6000,9799,2.85,4.65,44.2,25.8,14.5,3,7,1,1,0,1,0,0
NIFTY,W_1245_1330,SLP10,18,184.1,2364,-215,77.8,-17824,-0.14,-0.14,11.1,0.001379,pooled(n=1115),59.1,dte,353,548,39,11572,988,9799,9799,4.15,4.15,10.2,4.2,33.6,0,7,1,0,1,0,0,0
NIFTY,W_1245_1330,SLP15,18,184.1,2364,114,77.8,-17824,0.08,0.08,5.6,0.001379,pooled(n=1115),59.1,dte,353,548,39,16358,1135,9799,9799,4.15,4.15,9.9,1.7,33.6,0,7,1,0,1,0,0,0
NIFTY,W_1245_1330,SLP20,18,184.1,2364,-40,77.8,-20608,-0.03,-0.03,5.6,0.001379,pooled(n=1115),59.1,dte,353,548,39,21144,978,9799,9799,4.15,4.15,9.6,0.3,33.6,0,7,1,0,1,0,0,0
NIFTY,W_1245_1330,SLP25,18,184.1,2364,300,77.8,-14472,0.24,0.24,0.0,0.001379,pooled(n=1115),59.1,dte,353,548,39,25930,823,9799,9799,4.15,4.15,9.6,0.3,33.6,0,7,1,0,1,0,0,0
NIFTY,W_1245_1330,SLP30,18,184.1,2364,300,77.8,-14472,0.24,0.24,0.0,0.001379,pooled(n=1115),59.1,dte,353,548,39,30716,919,9799,9799,4.15,4.15,9.6,0.3,33.6,0,7,1,0,1,0,0,0
NIFTY,W_1245_1330,SLP40,18,184.1,2364,300,77.8,-14472,0.24,0.24,0.0,0.001379,pooled(n=1115),59.1,dte,353,548,39,40288,829,9799,9799,4.15,4.15,9.6,0.0,33.6,0,7,1,0,1,0,0,0
NIFTY,W_1245_1345,NOSTOP,18,184.1,2496,1333,83.3,-13880,1.21,1.21,0.0,0.001379,pooled(n=1115),74.9,dte,353,548,39,,,11885,11885,4.76,4.76,30.3,0.0,21.1,0,8,1,0,1,0,0,0
NIFTY,W_1245_1345,R1000,18,184.1,2496,547,83.3,-17824,0.34,0.34,11.1,0.001379,pooled(n=1115),74.9,dte,353,548,39,10000,934,10000,11885,4.01,4.76,30.3,7.1,21.1,0,8,1,0,1,0,0,0
NIFTY,W_1245_1345,R1500,18,184.1,2496,1035,83.3,-19256,0.76,0.76,5.6,0.001379,pooled(n=1115),74.9,dte,353,548,39,14000,1074,11885,11885,4.76,4.76,30.3,3.7,21.1,0,8,1,0,1,0,0,0
NIFTY,W_1245_1345,R2500,18,184.1,2496,1333,83.3,-13880,1.21,1.21,0.0,0.001379,pooled(n=1115),74.9,dte,353,548,39,22000,1156,11885,11885,4.76,4.76,30.3,0.6,21.1,0,8,1,0,1,0,0,0
NIFTY,W_1245_1345,R500,18,184.1,2176,-1520,72.2,-17824,-0.85,-0.85,27.8,0.001379,pooled(n=1115),74.9,dte,353,548,39,6000,771,6000,11885,2.76,5.46,52.4,36.3,13.3,5,8,1,1,0,1,0,0
NIFTY,W_1245_1345,SLP10,18,184.1,2496,547,83.3,-17824,0.34,0.34,11.1,0.001379,pooled(n=1115),74.9,dte,353,548,39,11572,988,11572,11885,4.64,4.76,30.3,5.7,21.1,0,8,1,0,1,0,0,0
NIFTY,W_1245_1345,SLP15,18,184.1,2496,1114,83.3,-17824,0.87,0.87,5.6,0.001379,pooled(n=1115),74.9,dte,353,548,39,16358,1135,11885,11885,4.76,4.76,30.3,2.8,21.1,0,8,1,0,1,0,0,0
NIFTY,W_1245_1345,SLP20,18,184.1,2496,960,83.3,-20608,0.67,0.67,5.6,0.001379,pooled(n=1115),74.9,dte,353,548,39,21144,978,11885,11885,4.76,4.76,30.3,1.1,21.1,0,8,1,0,1,0,0,0
NIFTY,W_1245_1345,SLP25,18,184.1,2496,1333,83.3,-13880,1.21,1.21,0.0,0.001379,pooled(n=1115),74.9,dte,353,548,39,25930,823,11885,11885,4.76,4.76,30.3,0.3,21.1,0,8,1,0,1,0,0,0
NIFTY,W_1245_1345,SLP30,18,184.1,2496,1333,83.3,-13880,1.21,1.21,0.0,0.001379,pooled(n=1115),74.9,dte,353,548,39,30716,919,11885,11885,4.76,4.76,30.3,0.3,21.1,0,8,1,0,1,0,0,0
NIFTY,W_1245_1345,SLP40,18,184.1,2496,1333,83.3,-13880,1.21,1.21,0.0,0.001379,pooled(n=1115),74.9,dte,353,548,39,40288,829,11885,11885,4.76,4.76,30.3,0.0,21.1,0,8,1,0,1,0,0,0
NIFTY,W_1245_1400,NOSTOP,18,184.1,2800,1977,88.9,-12696,1.63,1.63,0.0,0.001379,pooled(n=1115),79.6,dte,353,548,39,,,12505,12505,4.47,4.47,20.1,0.0,33.5,0,8,1,0,1,0,0,0
NIFTY,W_1245_1400,R1000,18,184.1,2800,1267,88.9,-17824,0.76,0.76,11.1,0.001379,pooled(n=1115),79.6,dte,353,548,39,10000,934,10000,12505,3.57,4.47,20.4,9.9,33.5,1,8,1,0,1,0,0,0
NIFTY,W_1245_1400,R1500,18,184.1,2800,1073,88.9,-19504,0.6,0.6,11.1,0.001379,pooled(n=1115),79.6,dte,353,548,39,14000,1074,12505,12505,4.47,4.47,20.1,4.2,33.5,0,8,1,0,1,0,0,0
NIFTY,W_1245_1400,R2500,18,184.1,2800,1977,88.9,-12696,1.63,1.63,0.0,0.001379,pooled(n=1115),79.6,dte,353,548,39,22000,1156,12505,12505,4.47,4.47,20.1,1.4,33.5,0,8,1,0,1,0,0,0
NIFTY,W_1245_1400,R500,18,184.1,2432,-993,72.2,-17824,-0.53,-0.53,27.8,0.001379,pooled(n=1115),79.6,dte,353,548,39,6000,771,6000,12166,2.47,5.0,42.8,42.5,26.2,5,8,1,1,0,1,0,0
NIFTY,W_1245_1400,SLP10,18,184.1,2800,1267,88.9,-17824,0.76,0.76,11.1,0.001379,pooled(n=1115),79.6,dte,353,548,39,11572,988,11572,12505,4.13,4.47,20.1,6.5,33.5,0,8,1,0,1,0,0,0
NIFTY,W_1245_1400,SLP15,18,184.1,2800,1137,88.9,-19784,0.65,0.65,11.1,0.001379,pooled(n=1115),79.6,dte,353,548,39,16358,1135,12505,12505,4.47,4.47,20.1,4.0,33.5,0,8,1,0,1,0,0,0
NIFTY,W_1245_1400,SLP20,18,184.1,2800,1376,88.9,-20608,0.84,0.84,5.6,0.001379,pooled(n=1115),79.6,dte,353,548,39,21144,978,12505,12505,4.47,4.47,20.1,1.7,33.5,0,8,1,0,1,0,0,0
NIFTY,W_1245_1400,SLP25,18,184.1,2800,1977,88.9,-12696,1.63,1.63,0.0,0.001379,pooled(n=1115),79.6,dte,353,548,39,25930,823,12505,12505,4.47,4.47,20.1,0.3,33.5,0,8,1,0,1,0,0,0
NIFTY,W_1245_1400,SLP30,18,184.1,2800,1977,88.9,-12696,1.63,1.63,0.0,0.001379,pooled(n=1115),79.6,dte,353,548,39,30716,919,12505,12505,4.47,4.47,20.1,0.3,33.5,0,8,1,0,1,0,0,0
NIFTY,W_1245_1400,SLP40,18,184.1,2800,1977,88.9,-12696,1.63,1.63,0.0,0.001379,pooled(n=1115),79.6,dte,353,548,39,40288,829,12505,12505,4.47,4.47,20.1,0.3,33.5,0,8,1,0,1,0,0,0
NIFTY,W_1245_1415,NOSTOP,18,184.1,3152,2656,83.3,-7312,2.58,2.58,0.0,0.001379,pooled(n=1115),80.8,dte,353,548,39,,,12663,12663,4.02,4.02,22.7,0.0,34.7,1,8,1,0,1,0,0,0
NIFTY,W_1245_1415,R1000,18,184.1,3152,1432,83.3,-17824,0.81,0.81,11.1,0.001379,pooled(n=1115),80.8,dte,353,548,39,10000,934,10000,12663,3.17,4.02,24.4,13.0,34.7,3,8,1,0,1,1,0,0
NIFTY,W_1245_1415,R1500,18,184.1,3152,1238,83.3,-19504,0.66,0.66,11.1,0.001379,pooled(n=1115),80.8,dte,353,548,39,14000,1074,12663,12663,4.02,4.02,23.2,5.1,34.7,1,8,1,0,1,0,0,0
NIFTY,W_1245_1415,R2500,18,184.1,3152,2656,83.3,-7312,2.58,2.58,0.0,0.001379,pooled(n=1115),80.8,dte,353,548,39,22000,1156,12663,12663,4.02,4.02,22.7,1.7,34.7,1,8,1,0,1,0,0,0
NIFTY,W_1245_1415,R500,18,184.1,2620,-1184,66.7,-17824,-0.62,-0.62,27.8,0.001379,pooled(n=1115),80.8,dte,353,548,39,6000,771,6000,12166,2.29,4.64,49.3,49.3,37.2,5,8,1,1,0,1,0,0
NIFTY,W_1245_1415,SLP10,18,184.1,3152,1432,83.3,-17824,0.81,0.81,11.1,0.001379,pooled(n=1115),80.8,dte,353,548,39,11572,988,11572,12663,3.67,4.02,23.5,8.2,34.7,2,8,1,0,1,0,0,0
NIFTY,W_1245_1415,SLP15,18,184.1,3152,1302,83.3,-19784,0.71,0.71,11.1,0.001379,pooled(n=1115),80.8,dte,353,548,39,16358,1135,12663,12663,4.02,4.02,22.9,4.5,34.7,1,8,1,0,1,0,0,0
NIFTY,W_1245_1415,SLP20,18,184.1,3152,1840,83.3,-20608,1.15,1.15,5.6,0.001379,pooled(n=1115),80.8,dte,353,548,39,21144,978,12663,12663,4.02,4.02,22.7,2.0,34.7,1,8,1,0,1,0,0,0
NIFTY,W_1245_1415,SLP25,18,184.1,3152,2656,83.3,-7312,2.58,2.58,0.0,0.001379,pooled(n=1115),80.8,dte,353,548,39,25930,823,12663,12663,4.02,4.02,22.7,0.8,34.7,1,8,1,0,1,0,0,0
NIFTY,W_1245_1415,SLP30,18,184.1,3152,2656,83.3,-7312,2.58,2.58,0.0,0.001379,pooled(n=1115),80.8,dte,353,548,39,30716,919,12663,12663,4.02,4.02,22.7,0.6,34.7,1,8,1,0,1,0,0,0
NIFTY,W_1245_1415,SLP40,18,184.1,3152,2656,83.3,-7312,2.58,2.58,0.0,0.001379,pooled(n=1115),80.8,dte,353,548,39,40288,829,12663,12663,4.02,4.02,22.7,0.6,34.7,1,8,1,0,1,0,0,0
NIFTY,W_1245_1430,NOSTOP,18,184.1,4100,2768,83.3,-9576,2.34,2.34,0.0,0.000958,cell(n=8),109.0,dte,353,548,39,,,11994,11994,2.93,2.93,24.4,0.0,35.7,1,7,1,1,1,0,0,0
NIFTY,W_1245_1430,R1000,18,184.1,4100,1671,83.3,-17824,0.92,0.92,11.1,0.000958,cell(n=8),109.0,dte,353,548,39,10000,934,10000,11994,2.44,2.93,24.9,6.5,35.7,3,7,1,1,1,1,0,0
NIFTY,W_1245_1430,R1500,18,184.1,4100,1477,83.3,-19504,0.76,0.76,11.1,0.000958,cell(n=8),109.0,dte,353,548,39,14000,1074,11994,11994,2.93,2.93,24.4,3.1,35.7,1,7,1,1,1,0,0,0
NIFTY,W_1245_1430,R2500,18,184.1,4100,2768,83.3,-9576,2.34,2.34,0.0,0.000958,cell(n=8),109.0,dte,353,548,39,22000,1156,11994,11994,2.93,2.93,24.4,0.6,35.7,1,7,1,1,1,0,0,0
NIFTY,W_1245_1430,R500,18,184.1,2480,-1500,66.7,-17824,-0.73,-0.73,33.3,0.000958,cell(n=8),109.0,dte,353,548,39,6000,771,6000,11994,2.42,4.84,34.6,34.3,42.2,5,7,1,1,1,1,0,0
NIFTY,W_1245_1430,SLP10,18,184.1,4100,1185,83.3,-17824,0.6,0.6,16.7,0.000958,cell(n=8),109.0,dte,353,548,39,11572,988,11572,11994,2.82,2.93,23.5,5.4,37.8,2,7,1,1,1,0,0,0
NIFTY,W_1245_1430,SLP15,18,184.1,4100,1541,83.3,-19784,0.81,0.81,11.1,0.000958,cell(n=8),109.0,dte,353,548,39,16358,1135,11994,11994,2.93,2.93,24.4,1.7,35.7,1,7,1,1,1,0,0,0
NIFTY,W_1245_1430,SLP20,18,184.1,4100,1953,83.3,-20608,1.15,1.15,5.6,0.000958,cell(n=8),109.0,dte,353,548,39,21144,978,11994,11994,2.93,2.93,24.4,0.6,35.7,1,7,1,1,1,0,0,0
NIFTY,W_1245_1430,SLP25,18,184.1,4100,2768,83.3,-9576,2.34,2.34,0.0,0.000958,cell(n=8),109.0,dte,353,548,39,25930,823,11994,11994,2.93,2.93,24.4,0.6,35.7,1,7,1,1,1,0,0,0
NIFTY,W_1245_1430,SLP30,18,184.1,4100,2768,83.3,-9576,2.34,2.34,0.0,0.000958,cell(n=8),109.0,dte,353,548,39,30716,919,11994,11994,2.93,2.93,24.4,0.6,35.7,1,7,1,1,1,0,0,0
NIFTY,W_1245_1430,SLP40,18,184.1,4100,2768,83.3,-9576,2.34,2.34,0.0,0.000958,cell(n=8),109.0,dte,353,548,39,40288,829,11994,11994,2.93,2.93,24.4,0.0,35.7,1,7,1,1,1,0,0,0
NIFTY,W_1245_1445,NOSTOP,18,184.1,4376,3364,83.3,-8000,2.96,2.96,0.0,0.000903,cell(n=9),116.7,dte,353,548,39,,,12083,12083,2.76,2.76,5.4,0.0,90.9,2,5,1,1,1,0,0,0
NIFTY,W_1245_1445,R1000,18,184.1,4376,2112,83.3,-17824,1.14,1.14,11.1,0.000903,cell(n=9),116.7,dte,353,548,39,10000,934,10000,12083,2.29,2.76,8.5,8.5,90.9,3,5,1,1,1,1,0,0
NIFTY,W_1245_1445,R1500,18,184.1,4376,1918,83.3,-19504,0.97,0.97,11.1,0.000903,cell(n=9),116.7,dte,353,548,39,14000,1074,12083,12083,2.76,2.76,5.4,3.1,90.9,2,5,1,1,1,0,0,0
NIFTY,W_1245_1445,R2500,18,184.1,4376,3364,83.3,-8000,2.96,2.96,0.0,0.000903,cell(n=9),116.7,dte,353,548,39,22000,1156,12083,12083,2.76,2.76,5.4,0.8,90.9,2,5,1,1,1,0,0,0
NIFTY,W_1245_1445,R500,18,184.1,2364,-1366,66.7,-17824,-0.65,-0.65,33.3,0.000903,cell(n=9),116.7,dte,353,548,39,6000,771,6000,12083,2.54,5.11,40.2,35.1,31.9,4,5,1,1,0,1,0,0
NIFTY,W_1245_1445,SLP10,18,184.1,4376,1476,83.3,-17824,0.72,0.72,16.7,0.000903,cell(n=9),116.7,dte,353,548,39,11572,988,11572,12083,2.64,2.76,5.9,5.7,100.5,3,5,1,1,1,1,0,0
NIFTY,W_1245_1445,SLP15,18,184.1,4376,1982,83.3,-19784,1.02,1.02,11.1,0.000903,cell(n=9),116.7,dte,353,548,39,16358,1135,12083,12083,2.76,2.76,5.4,2.0,90.9,2,5,1,1,1,0,0,0
NIFTY,W_1245_1445,SLP20,18,184.1,4376,2664,83.3,-20608,1.62,1.62,5.6,0.000903,cell(n=9),116.7,dte,353,548,39,21144,978,12083,12083,2.76,2.76,5.4,0.8,90.9,2,5,1,1,1,0,0,0
NIFTY,W_1245_1445,SLP25,18,184.1,4376,3364,83.3,-8000,2.96,2.96,0.0,0.000903,cell(n=9),116.7,dte,353,548,39,25930,823,12083,12083,2.76,2.76,5.4,0.8,90.9,2,5,1,1,1,0,0,0
NIFTY,W_1245_1445,SLP30,18,184.1,4376,3364,83.3,-8000,2.96,2.96,0.0,0.000903,cell(n=9),116.7,dte,353,548,39,30716,919,12083,12083,2.76,2.76,5.4,0.6,90.9,2,5,1,1,1,0,0,0
NIFTY,W_1245_1445,SLP40,18,184.1,4376,3364,83.3,-8000,2.96,2.96,0.0,0.000903,cell(n=9),116.7,dte,353,548,39,40288,829,12083,12083,2.76,2.76,5.4,0.0,90.9,2,5,1,1,1,0,0,0
NIFTY,W_1300_1330,NOSTOP,18,180.1,884,553,72.2,-5280,1.04,1.04,0.0,0.001379,pooled(n=1115),50.2,dte,353,548,39,,,8482,8482,9.59,9.59,40.2,0.0,11.6,0,5,1,0,0,0,0,0
NIFTY,W_1300_1330,R1000,18,180.1,884,553,72.2,-5280,1.04,1.04,0.0,0.001379,pooled(n=1115),50.2,dte,353,548,39,10000,934,8482,8482,9.59,9.59,40.5,3.1,11.6,0,5,1,0,0,0,0,0
NIFTY,W_1300_1330,R1500,18,180.1,884,553,72.2,-5280,1.04,1.04,0.0,0.001379,pooled(n=1115),50.2,dte,353,548,39,14000,1074,8482,8482,9.59,9.59,40.2,1.1,11.6,0,5,1,0,0,0,0,0
NIFTY,W_1300_1330,R2500,18,180.1,884,553,72.2,-5280,1.04,1.04,0.0,0.001379,pooled(n=1115),50.2,dte,353,548,39,22000,1156,8482,8482,9.59,9.59,40.2,0.0,11.6,0,5,1,0,0,0,0,0
NIFTY,W_1300_1330,R500,18,180.1,884,185,72.2,-11904,0.23,0.23,5.6,0.001379,pooled(n=1115),50.2,dte,353,548,39,6000,771,6000,8482,6.79,9.59,41.9,13.6,11.4,2,5,1,0,0,0,0,0
NIFTY,W_1300_1330,SLP10,18,180.1,884,553,72.2,-5280,1.04,1.04,0.0,0.001379,pooled(n=1115),50.2,dte,353,548,39,11365,988,8482,8482,9.59,9.59,40.2,2.8,11.6,0,5,1,0,0,0,0,0
NIFTY,W_1300_1330,SLP15,18,180.1,884,553,72.2,-5280,1.04,1.04,0.0,0.001379,pooled(n=1115),50.2,dte,353,548,39,16048,1135,8482,8482,9.59,9.59,40.2,0.6,11.6,0,5,1,0,0,0,0,0
NIFTY,W_1300_1330,SLP20,18,180.1,884,553,72.2,-5280,1.04,1.04,0.0,0.001379,pooled(n=1115),50.2,dte,353,548,39,20730,978,8482,8482,9.59,9.59,40.2,0.0,11.6,0,5,1,0,0,0,0,0
NIFTY,W_1300_1330,SLP25,18,180.1,884,553,72.2,-5280,1.04,1.04,0.0,0.001379,pooled(n=1115),50.2,dte,353,548,39,25413,823,8482,8482,9.59,9.59,40.2,0.0,11.6,0,5,1,0,0,0,0,0
NIFTY,W_1300_1330,SLP30,18,180.1,884,553,72.2,-5280,1.04,1.04,0.0,0.001379,pooled(n=1115),50.2,dte,353,548,39,30096,919,8482,8482,9.59,9.59,40.2,0.0,11.6,0,5,1,0,0,0,0,0
NIFTY,W_1300_1330,SLP40,18,180.1,884,553,72.2,-5280,1.04,1.04,0.0,0.001379,pooled(n=1115),50.2,dte,353,548,39,39461,829,8482,8482,9.59,9.59,40.2,0.0,11.6,0,5,1,0,0,0,0,0
NIFTY,W_1300_1345,NOSTOP,18,180.1,1512,1479,88.9,-1936,4.15,4.15,0.0,0.001379,pooled(n=1115),60.6,dte,353,548,39,,,9825,9825,6.5,6.5,16.1,0.0,26.7,0,7,1,0,1,0,0,0
NIFTY,W_1300_1345,R1000,18,180.1,1512,1479,88.9,-1936,4.15,4.15,0.0,0.001379,pooled(n=1115),60.6,dte,353,548,39,10000,934,9825,9825,6.5,6.5,16.1,4.8,26.7,0,7,1,0,1,0,0,0
NIFTY,W_1300_1345,R1500,18,180.1,1512,1479,88.9,-1936,4.15,4.15,0.0,0.001379,pooled(n=1115),60.6,dte,353,548,39,14000,1074,9825,9825,6.5,6.5,16.1,2.8,26.7,0,7,1,0,1,0,0,0
NIFTY,W_1300_1345,R2500,18,180.1,1512,1479,88.9,-1936,4.15,4.15,0.0,0.001379,pooled(n=1115),60.6,dte,353,548,39,22000,1156,9825,9825,6.5,6.5,16.1,0.0,26.7,0,7,1,0,1,0,0,0
NIFTY,W_1300_1345,R500,18,180.1,1476,692,83.3,-11904,0.84,0.84,5.6,0.001379,pooled(n=1115),60.6,dte,353,548,39,6000,771,6000,9825,4.07,6.66,25.8,23.8,25.5,3,7,1,0,1,1,0,0
NIFTY,W_1300_1345,SLP10,18,180.1,1512,1479,88.9,-1936,4.15,4.15,0.0,0.001379,pooled(n=1115),60.6,dte,353,548,39,11365,988,9825,9825,6.5,6.5,16.1,4.0,26.7,0,7,1,0,1,0,0,0
NIFTY,W_1300_1345,SLP15,18,180.1,1512,1479,88.9,-1936,4.15,4.15,0.0,0.001379,pooled(n=1115),60.6,dte,353,548,39,16048,1135,9825,9825,6.5,6.5,16.1,2.0,26.7,0,7,1,0,1,0,0,0
NIFTY,W_1300_1345,SLP20,18,180.1,1512,1479,88.9,-1936,4.15,4.15,0.0,0.001379,pooled(n=1115),60.6,dte,353,548,39,20730,978,9825,9825,6.5,6.5,16.1,0.3,26.7,0,7,1,0,1,0,0,0
NIFTY,W_1300_1345,SLP25,18,180.1,1512,1479,88.9,-1936,4.15,4.15,0.0,0.001379,pooled(n=1115),60.6,dte,353,548,39,25413,823,9825,9825,6.5,6.5,16.1,0.0,26.7,0,7,1,0,1,0,0,0
NIFTY,W_1300_1345,SLP30,18,180.1,1512,1479,88.9,-1936,4.15,4.15,0.0,0.001379,pooled(n=1115),60.6,dte,353,548,39,30096,919,9825,9825,6.5,6.5,16.1,0.0,26.7,0,7,1,0,1,0,0,0
NIFTY,W_1300_1345,SLP40,18,180.1,1512,1479,88.9,-1936,4.15,4.15,0.0,0.001379,pooled(n=1115),60.6,dte,353,548,39,39461,829,9825,9825,6.5,6.5,16.1,0.0,26.7,0,7,1,0,1,0,0,0
NIFTY,W_1300_1400,NOSTOP,18,180.1,2296,2331,88.9,-2288,4.85,4.85,0.0,0.001379,pooled(n=1115),77.7,dte,353,548,39,,,12033,12033,5.24,5.24,18.4,0.0,29.4,0,8,1,0,1,0,1,0
NIFTY,W_1300_1400,R1000,18,180.1,2296,2331,88.9,-2288,4.85,4.85,0.0,0.001379,pooled(n=1115),77.7,dte,353,548,39,10000,934,10000,12033,4.36,5.24,19.0,8.5,29.4,0,8,1,0,1,0,1,0
NIFTY,W_1300_1400,R1500,18,180.1,2296,2331,88.9,-2288,4.85,4.85,0.0,0.001379,pooled(n=1115),77.7,dte,353,548,39,14000,1074,12033,12033,5.24,5.24,18.7,3.4,29.4,0,8,1,0,1,0,1,0
NIFTY,W_1300_1400,R2500,18,180.1,2296,2331,88.9,-2288,4.85,4.85,0.0,0.001379,pooled(n=1115),77.7,dte,353,548,39,22000,1156,12033,12033,5.24,5.24,18.4,0.6,29.4,0,8,1,0,1,0,1,0
NIFTY,W_1300_1400,R500,18,180.1,1916,1468,83.3,-11904,1.6,1.6,5.6,0.001379,pooled(n=1115),77.7,dte,353,548,39,6000,771,6000,12033,3.13,6.28,36.5,30.6,21.0,5,8,1,0,1,1,0,0
NIFTY,W_1300_1400,SLP10,18,180.1,2296,2331,88.9,-2288,4.85,4.85,0.0,0.001379,pooled(n=1115),77.7,dte,353,548,39,11365,988,11365,12033,4.95,5.24,19.0,6.2,29.4,0,8,1,0,1,0,1,0
NIFTY,W_1300_1400,SLP15,18,180.1,2296,2331,88.9,-2288,4.85,4.85,0.0,0.001379,pooled(n=1115),77.7,dte,353,548,39,16048,1135,12033,12033,5.24,5.24,18.7,2.5,29.4,0,8,1,0,1,0,1,0
NIFTY,W_1300_1400,SLP20,18,180.1,2296,2331,88.9,-2288,4.85,4.85,0.0,0.001379,pooled(n=1115),77.7,dte,353,548,39,20730,978,12033,12033,5.24,5.24,18.4,1.1,29.4,0,8,1,0,1,0,1,0
NIFTY,W_1300_1400,SLP25,18,180.1,2296,2331,88.9,-2288,4.85,4.85,0.0,0.001379,pooled(n=1115),77.7,dte,353,548,39,25413,823,12033,12033,5.24,5.24,18.4,0.3,29.4,0,8,1,0,1,0,1,0
NIFTY,W_1300_1400,SLP30,18,180.1,2296,2331,88.9,-2288,4.85,4.85,0.0,0.001379,pooled(n=1115),77.7,dte,353,548,39,30096,919,12033,12033,5.24,5.24,18.4,0.0,29.4,0,8,1,0,1,0,1,0
NIFTY,W_1300_1400,SLP40,18,180.1,2296,2331,88.9,-2288,4.85,4.85,0.0,0.001379,pooled(n=1115),77.7,dte,353,548,39,39461,829,12033,12033,5.24,5.24,18.4,0.0,29.4,0,8,1,0,1,0,1,0
NIFTY,W_1300_1415,NOSTOP,18,180.1,2636,2642,88.9,-4496,3.56,3.56,0.0,0.001379,pooled(n=1115),80.5,dte,353,548,39,,,12394,12394,4.7,4.7,11.9,0.0,41.7,1,8,1,0,1,0,0,0
NIFTY,W_1300_1415,R1000,18,180.1,2636,2642,88.9,-4496,3.56,3.56,0.0,0.001379,pooled(n=1115),80.5,dte,353,548,39,10000,934,10000,12394,3.79,4.7,14.7,11.6,41.7,2,8,1,0,1,0,0,0
NIFTY,W_1300_1415,R1500,18,180.1,2636,2642,88.9,-4496,3.56,3.56,0.0,0.001379,pooled(n=1115),80.5,dte,353,548,39,14000,1074,12394,12394,4.7,4.7,12.5,4.2,41.7,1,8,1,0,1,0,0,0
NIFTY,W_1300_1415,R2500,18,180.1,2636,2642,88.9,-4496,3.56,3.56,0.0,0.001379,pooled(n=1115),80.5,dte,353,548,39,22000,1156,12394,12394,4.7,4.7,11.9,1.4,41.7,1,8,1,0,1,0,0,0
NIFTY,W_1300_1415,R500,18,180.1,2508,1432,83.3,-11904,1.13,1.13,11.1,0.001379,pooled(n=1115),80.5,dte,353,548,39,6000,771,6000,12166,2.39,4.85,39.1,39.1,42.1,6,8,1,1,1,1,0,0
NIFTY,W_1300_1415,SLP10,18,180.1,2636,2642,88.9,-4496,3.56,3.56,0.0,0.001379,pooled(n=1115),80.5,dte,353,548,39,11365,988,11365,12394,4.31,4.7,13.9,7.9,41.7,1,8,1,0,1,0,0,0
NIFTY,W_1300_1415,SLP15,18,180.1,2636,2642,88.9,-4496,3.56,3.56,0.0,0.001379,pooled(n=1115),80.5,dte,353,548,39,16048,1135,12394,12394,4.7,4.7,12.5,3.4,41.7,1,8,1,0,1,0,0,0
NIFTY,W_1300_1415,SLP20,18,180.1,2636,2642,88.9,-4496,3.56,3.56,0.0,0.001379,pooled(n=1115),80.5,dte,353,548,39,20730,978,12394,12394,4.7,4.7,11.9,1.4,41.7,1,8,1,0,1,0,0,0
NIFTY,W_1300_1415,SLP25,18,180.1,2636,2642,88.9,-4496,3.56,3.56,0.0,0.001379,pooled(n=1115),80.5,dte,353,548,39,25413,823,12394,12394,4.7,4.7,11.9,1.1,41.7,1,8,1,0,1,0,0,0
NIFTY,W_1300_1415,SLP30,18,180.1,2636,2642,88.9,-4496,3.56,3.56,0.0,0.001379,pooled(n=1115),80.5,dte,353,548,39,30096,919,12394,12394,4.7,4.7,11.9,0.3,41.7,1,8,1,0,1,0,0,0
NIFTY,W_1300_1415,SLP40,18,180.1,2636,2642,88.9,-4496,3.56,3.56,0.0,0.001379,pooled(n=1115),80.5,dte,353,548,39,39461,829,12394,12394,4.7,4.7,11.9,0.3,41.7,1,8,1,0,1,0,0,0
NIFTY,W_1300_1430,NOSTOP,18,180.1,3372,2895,94.4,-7208,3.68,3.68,0.0,0.00117,cell(n=9),92.2,dte,353,548,39,,,12103,12103,3.59,3.59,22.7,0.0,34.0,2,8,1,0,1,0,0,0
NIFTY,W_1300_1430,R1000,18,180.1,3372,2456,94.4,-15104,2.13,2.13,5.6,0.00117,cell(n=9),92.2,dte,353,548,39,10000,934,10000,12103,2.97,3.59,24.4,10.2,34.0,3,8,1,1,1,1,0,0
NIFTY,W_1300_1430,R1500,18,180.1,3372,2895,94.4,-7208,3.68,3.68,0.0,0.00117,cell(n=9),92.2,dte,353,548,39,14000,1074,12103,12103,3.59,3.59,22.9,4.0,34.0,2,8,1,0,1,0,0,0
NIFTY,W_1300_1430,R2500,18,180.1,3372,2895,94.4,-7208,3.68,3.68,0.0,0.00117,cell(n=9),92.2,dte,353,548,39,22000,1156,12103,12103,3.59,3.59,22.7,1.1,34.0,2,8,1,0,1,0,0,0
NIFTY,W_1300_1430,R500,18,180.1,2932,1805,88.9,-11904,1.44,1.44,11.1,0.00117,cell(n=9),92.2,dte,353,548,39,6000,771,6000,12103,2.05,4.13,37.1,37.1,34.0,8,8,1,1,1,1,0,0
NIFTY,W_1300_1430,SLP10,18,180.1,3372,2456,94.4,-15104,2.13,2.13,5.6,0.00117,cell(n=9),92.2,dte,353,548,39,11365,988,11365,12103,3.37,3.59,23.5,5.9,34.0,3,8,1,0,1,1,0,0
NIFTY,W_1300_1430,SLP15,18,180.1,3372,2895,94.4,-7208,3.68,3.68,0.0,0.00117,cell(n=9),92.2,dte,353,548,39,16048,1135,12103,12103,3.59,3.59,22.9,2.0,34.0,2,8,1,0,1,0,0,0
NIFTY,W_1300_1430,SLP20,18,180.1,3372,2895,94.4,-7208,3.68,3.68,0.0,0.00117,cell(n=9),92.2,dte,353,548,39,20730,978,12103,12103,3.59,3.59,22.7,1.4,34.0,2,8,1,0,1,0,0,0
NIFTY,W_1300_1430,SLP25,18,180.1,3372,2895,94.4,-7208,3.68,3.68,0.0,0.00117,cell(n=9),92.2,dte,353,548,39,25413,823,12103,12103,3.59,3.59,22.7,0.6,34.0,2,8,1,0,1,0,0,0
NIFTY,W_1300_1430,SLP30,18,180.1,3372,2895,94.4,-7208,3.68,3.68,0.0,0.00117,cell(n=9),92.2,dte,353,548,39,30096,919,12103,12103,3.59,3.59,22.7,0.6,34.0,2,8,1,0,1,0,0,0
NIFTY,W_1300_1430,SLP40,18,180.1,3372,2895,94.4,-7208,3.68,3.68,0.0,0.00117,cell(n=9),92.2,dte,353,548,39,39461,829,12103,12103,3.59,3.59,22.7,0.0,34.0,2,8,1,0,1,0,0,0
NIFTY,W_1300_1445,NOSTOP,18,180.1,3244,3371,83.3,-4496,3.99,3.99,0.0,0.000994,cell(n=10),111.0,dte,353,548,39,,,12334,12334,3.8,3.8,2.3,0.0,113.2,3,7,1,0,1,1,0,0
NIFTY,W_1300_1445,R1000,18,180.1,3244,2781,83.3,-15104,2.2,2.2,5.6,0.000994,cell(n=10),111.0,dte,353,548,39,10000,934,10000,12334,3.08,3.8,9.3,9.3,113.2,6,7,1,0,1,1,0,0
NIFTY,W_1300_1445,R1500,18,180.1,3244,3371,83.3,-4496,3.99,3.99,0.0,0.000994,cell(n=10),111.0,dte,353,548,39,14000,1074,12334,12334,3.8,3.8,3.4,3.4,113.2,4,7,1,0,1,1,0,0
NIFTY,W_1300_1445,R2500,18,180.1,3244,3371,83.3,-4496,3.99,3.99,0.0,0.000994,cell(n=10),111.0,dte,353,548,39,22000,1156,12334,12334,3.8,3.8,2.3,0.8,113.2,3,7,1,0,1,1,0,0
NIFTY,W_1300_1445,R500,18,180.1,2940,2120,77.8,-11904,1.56,1.56,11.1,0.000994,cell(n=10),111.0,dte,353,548,39,6000,771,6000,12166,2.04,4.14,31.7,31.7,144.3,7,7,1,1,1,1,0,0
NIFTY,W_1300_1445,SLP10,18,180.1,3244,2781,83.3,-15104,2.2,2.2,5.6,0.000994,cell(n=10),111.0,dte,353,548,39,11365,988,11365,12334,3.5,3.8,5.9,5.9,113.2,5,7,1,0,1,1,0,0
NIFTY,W_1300_1445,SLP15,18,180.1,3244,3371,83.3,-4496,3.99,3.99,0.0,0.000994,cell(n=10),111.0,dte,353,548,39,16048,1135,12334,12334,3.8,3.8,2.5,1.7,113.2,3,7,1,0,1,1,0,0
NIFTY,W_1300_1445,SLP20,18,180.1,3244,3371,83.3,-4496,3.99,3.99,0.0,0.000994,cell(n=10),111.0,dte,353,548,39,20730,978,12334,12334,3.8,3.8,2.3,0.8,113.2,3,7,1,0,1,1,0,0
NIFTY,W_1300_1445,SLP25,18,180.1,3244,3371,83.3,-4496,3.99,3.99,0.0,0.000994,cell(n=10),111.0,dte,353,548,39,25413,823,12334,12334,3.8,3.8,2.3,0.8,113.2,3,7,1,0,1,1,0,0
NIFTY,W_1300_1445,SLP30,18,180.1,3244,3371,83.3,-4496,3.99,3.99,0.0,0.000994,cell(n=10),111.0,dte,353,548,39,30096,919,12334,12334,3.8,3.8,2.3,0.6,113.2,3,7,1,0,1,1,0,0
NIFTY,W_1300_1445,SLP40,18,180.1,3244,3371,83.3,-4496,3.99,3.99,0.0,0.000994,cell(n=10),111.0,dte,353,548,39,39461,829,12334,12334,3.8,3.8,2.3,0.0,113.2,3,7,1,0,1,1,0,0
NIFTY,W_1300_1500,NOSTOP,18,180.1,4692,4951,94.4,-2728,5.14,5.14,0.0,0.000975,cell(n=11),112.3,dte,353,548,39,,,12256,12256,2.61,2.61,7.1,0.0,74.6,2,5,1,1,1,0,1,0
NIFTY,W_1300_1500,R1000,18,180.1,4692,4264,94.4,-15104,3.0,3.0,5.6,0.000975,cell(n=11),112.3,dte,353,548,39,10000,934,10000,12256,2.13,2.61,11.3,10.5,74.6,4,5,1,1,1,1,0,0
NIFTY,W_1300_1500,R1500,18,180.1,4692,4951,94.4,-2728,5.14,5.14,0.0,0.000975,cell(n=11),112.3,dte,353,548,39,14000,1074,12256,12256,2.61,2.61,7.4,3.1,74.6,3,5,1,1,1,1,1,0
NIFTY,W_1300_1500,R2500,18,180.1,4692,4951,94.4,-2728,5.14,5.14,0.0,0.000975,cell(n=11),112.3,dte,353,548,39,22000,1156,12256,12256,2.61,2.61,7.1,0.8,74.6,2,5,1,1,1,0,1,0
NIFTY,W_1300_1500,R500,18,180.1,3960,2789,83.3,-12712,1.57,1.57,16.7,0.000975,cell(n=11),112.3,dte,353,548,39,6000,771,6000,12166,1.52,3.07,38.5,38.5,75.7,5,5,1,1,1,1,0,0
NIFTY,W_1300_1500,SLP10,18,180.1,4692,4264,94.4,-15104,3.0,3.0,5.6,0.000975,cell(n=11),112.3,dte,353,548,39,11365,988,11365,12256,2.42,2.61,8.8,6.5,74.6,4,5,1,1,1,1,0,0
NIFTY,W_1300_1500,SLP15,18,180.1,4692,4951,94.4,-2728,5.14,5.14,0.0,0.000975,cell(n=11),112.3,dte,353,548,39,16048,1135,12256,12256,2.61,2.61,7.4,2.5,74.6,2,5,1,1,1,0,1,0
NIFTY,W_1300_1500,SLP20,18,180.1,4692,4951,94.4,-2728,5.14,5.14,0.0,0.000975,cell(n=11),112.3,dte,353,548,39,20730,978,12256,12256,2.61,2.61,7.1,0.8,74.6,2,5,1,1,1,0,1,0
NIFTY,W_1300_1500,SLP25,18,180.1,4692,4951,94.4,-2728,5.14,5.14,0.0,0.000975,cell(n=11),112.3,dte,353,548,39,25413,823,12256,12256,2.61,2.61,7.1,0.8,74.6,2,5,1,1,1,0,1,0
NIFTY,W_1300_1500,SLP30,18,180.1,4692,4951,94.4,-2728,5.14,5.14,0.0,0.000975,cell(n=11),112.3,dte,353,548,39,30096,919,12256,12256,2.61,2.61,7.1,0.6,74.6,2,5,1,1,1,0,1,0
NIFTY,W_1300_1500,SLP40,18,180.1,4692,4951,94.4,-2728,5.14,5.14,0.0,0.000975,cell(n=11),112.3,dte,353,548,39,39461,829,12256,12256,2.61,2.61,7.1,0.0,74.6,2,5,1,1,1,0,1,0
NIFTY,W_1315_1345,NOSTOP,18,177.0,1200,1273,77.8,-2376,3.11,3.11,0.0,0.001379,pooled(n=1115),54.8,dte,353,548,39,,,8953,8953,7.46,7.46,9.1,0.0,32.2,0,5,1,0,1,0,0,0
NIFTY,W_1315_1345,R1000,18,177.0,1200,1273,77.8,-2376,3.11,3.11,0.0,0.001379,pooled(n=1115),54.8,dte,353,548,39,10000,934,8953,8953,7.46,7.46,9.3,3.7,32.2,0,5,1,0,1,0,0,0
NIFTY,W_1315_1345,R1500,18,177.0,1200,1273,77.8,-2376,3.11,3.11,0.0,0.001379,pooled(n=1115),54.8,dte,353,548,39,14000,1074,8953,8953,7.46,7.46,9.1,0.8,32.2,0,5,1,0,1,0,0,0
NIFTY,W_1315_1345,R2500,18,177.0,1200,1273,77.8,-2376,3.11,3.11,0.0,0.001379,pooled(n=1115),54.8,dte,353,548,39,22000,1156,8953,8953,7.46,7.46,9.1,0.0,32.2,0,5,1,0,1,0,0,0
NIFTY,W_1315_1345,R500,18,177.0,1196,486,72.2,-12584,0.56,0.56,5.6,0.001379,pooled(n=1115),54.8,dte,353,548,39,6000,771,6000,8953,5.02,7.49,16.4,16.1,28.9,0,5,1,0,1,0,0,0
NIFTY,W_1315_1345,SLP10,18,177.0,1200,1273,77.8,-2376,3.11,3.11,0.0,0.001379,pooled(n=1115),54.8,dte,353,548,39,11203,988,8953,8953,7.46,7.46,9.3,2.5,32.2,0,5,1,0,1,0,0,0
NIFTY,W_1315_1345,SLP15,18,177.0,1200,1273,77.8,-2376,3.11,3.11,0.0,0.001379,pooled(n=1115),54.8,dte,353,548,39,15804,1135,8953,8953,7.46,7.46,9.1,0.3,32.2,0,5,1,0,1,0,0,0
NIFTY,W_1315_1345,SLP20,18,177.0,1200,1273,77.8,-2376,3.11,3.11,0.0,0.001379,pooled(n=1115),54.8,dte,353,548,39,20405,978,8953,8953,7.46,7.46,9.1,0.0,32.2,0,5,1,0,1,0,0,0
NIFTY,W_1315_1345,SLP25,18,177.0,1200,1273,77.8,-2376,3.11,3.11,0.0,0.001379,pooled(n=1115),54.8,dte,353,548,39,25007,823,8953,8953,7.46,7.46,9.1,0.0,32.2,0,5,1,0,1,0,0,0
NIFTY,W_1315_1345,SLP30,18,177.0,1200,1273,77.8,-2376,3.11,3.11,0.0,0.001379,pooled(n=1115),54.8,dte,353,548,39,29608,919,8953,8953,7.46,7.46,9.1,0.0,32.2,0,5,1,0,1,0,0,0
NIFTY,W_1315_1345,SLP40,18,177.0,1200,1273,77.8,-2376,3.11,3.11,0.0,0.001379,pooled(n=1115),54.8,dte,353,548,39,38811,829,8953,8953,7.46,7.46,9.1,0.0,32.2,0,5,1,0,1,0,0,0
NIFTY,W_1315_1400,NOSTOP,18,177.0,2020,2180,83.3,-1456,5.01,5.01,0.0,0.001379,pooled(n=1115),67.9,dte,353,548,39,,,10615,10615,5.26,5.26,17.3,0.0,28.5,0,7,1,0,1,0,1,0
NIFTY,W_1315_1400,R1000,18,177.0,2020,2180,83.3,-1456,5.01,5.01,0.0,0.001379,pooled(n=1115),67.9,dte,353,548,39,10000,934,10000,10615,4.95,5.26,17.6,6.5,28.5,0,7,1,0,1,0,1,0
NIFTY,W_1315_1400,R1500,18,177.0,2020,2180,83.3,-1456,5.01,5.01,0.0,0.001379,pooled(n=1115),67.9,dte,353,548,39,14000,1074,10615,10615,5.26,5.26,17.6,2.8,28.5,0,7,1,0,1,0,1,0
NIFTY,W_1315_1400,R2500,18,177.0,2020,2180,83.3,-1456,5.01,5.01,0.0,0.001379,pooled(n=1115),67.9,dte,353,548,39,22000,1156,10615,10615,5.26,5.26,17.3,0.0,28.5,0,7,1,0,1,0,1,0
NIFTY,W_1315_1400,R500,18,177.0,1692,1317,77.8,-12584,1.42,1.42,5.6,0.001379,pooled(n=1115),67.9,dte,353,548,39,6000,771,6000,10615,3.55,6.27,35.7,25.2,16.9,2,7,1,0,1,0,0,0
NIFTY,W_1315_1400,SLP10,18,177.0,2020,2180,83.3,-1456,5.01,5.01,0.0,0.001379,pooled(n=1115),67.9,dte,353,548,39,11203,988,10615,10615,5.26,5.26,17.6,4.8,28.5,0,7,1,0,1,0,1,0
NIFTY,W_1315_1400,SLP15,18,177.0,2020,2180,83.3,-1456,5.01,5.01,0.0,0.001379,pooled(n=1115),67.9,dte,353,548,39,15804,1135,10615,10615,5.26,5.26,17.6,1.7,28.5,0,7,1,0,1,0,1,0
NIFTY,W_1315_1400,SLP20,18,177.0,2020,2180,83.3,-1456,5.01,5.01,0.0,0.001379,pooled(n=1115),67.9,dte,353,548,39,20405,978,10615,10615,5.26,5.26,17.3,0.0,28.5,0,7,1,0,1,0,1,0
NIFTY,W_1315_1400,SLP25,18,177.0,2020,2180,83.3,-1456,5.01,5.01,0.0,0.001379,pooled(n=1115),67.9,dte,353,548,39,25007,823,10615,10615,5.26,5.26,17.3,0.0,28.5,0,7,1,0,1,0,1,0
NIFTY,W_1315_1400,SLP30,18,177.0,2020,2180,83.3,-1456,5.01,5.01,0.0,0.001379,pooled(n=1115),67.9,dte,353,548,39,29608,919,10615,10615,5.26,5.26,17.3,0.0,28.5,0,7,1,0,1,0,1,0
NIFTY,W_1315_1400,SLP40,18,177.0,2020,2180,83.3,-1456,5.01,5.01,0.0,0.001379,pooled(n=1115),67.9,dte,353,548,39,38811,829,10615,10615,5.26,5.26,17.3,0.0,28.5,0,7,1,0,1,0,1,0
NIFTY,W_1315_1415,NOSTOP,18,177.0,3088,3154,88.9,-3384,4.77,4.77,0.0,0.001379,pooled(n=1115),78.2,dte,353,548,39,,,11922,11922,3.86,3.86,0.0,0.0,6318.4,0,8,1,0,1,0,1,0
NIFTY,W_1315_1415,R1000,18,177.0,3088,3154,88.9,-3384,4.77,4.77,0.0,0.001379,pooled(n=1115),78.2,dte,353,548,39,10000,934,10000,11922,3.24,3.86,9.1,9.1,6318.4,1,8,1,0,1,0,1,0
NIFTY,W_1315_1415,R1500,18,177.0,3088,3154,88.9,-3384,4.77,4.77,0.0,0.001379,pooled(n=1115),78.2,dte,353,548,39,14000,1074,11922,11922,3.86,3.86,3.7,3.7,6318.4,0,8,1,0,1,0,1,0
NIFTY,W_1315_1415,R2500,18,177.0,3088,3154,88.9,-3384,4.77,4.77,0.0,0.001379,pooled(n=1115),78.2,dte,353,548,39,22000,1156,11922,11922,3.86,3.86,0.6,0.6,6318.4,0,8,1,0,1,0,1,0
NIFTY,W_1315_1415,R500,18,177.0,3088,2306,83.3,-12584,2.1,2.1,5.6,0.001379,pooled(n=1115),78.2,dte,353,548,39,6000,771,6000,11922,1.94,3.86,34.6,33.4,27.6,4,8,1,1,1,1,0,0
NIFTY,W_1315_1415,SLP10,18,177.0,3088,3154,88.9,-3384,4.77,4.77,0.0,0.001379,pooled(n=1115),78.2,dte,353,548,39,11203,988,11203,11922,3.63,3.86,6.5,6.5,6318.4,0,8,1,0,1,0,1,0
NIFTY,W_1315_1415,SLP15,18,177.0,3088,3154,88.9,-3384,4.77,4.77,0.0,0.001379,pooled(n=1115),78.2,dte,353,548,39,15804,1135,11922,11922,3.86,3.86,2.3,2.3,6318.4,0,8,1,0,1,0,1,0
NIFTY,W_1315_1415,SLP20,18,177.0,3088,3154,88.9,-3384,4.77,4.77,0.0,0.001379,pooled(n=1115),78.2,dte,353,548,39,20405,978,11922,11922,3.86,3.86,1.1,1.1,6318.4,0,8,1,0,1,0,1,0
NIFTY,W_1315_1415,SLP25,18,177.0,3088,3154,88.9,-3384,4.77,4.77,0.0,0.001379,pooled(n=1115),78.2,dte,353,548,39,25007,823,11922,11922,3.86,3.86,0.3,0.3,6318.4,0,8,1,0,1,0,1,0
NIFTY,W_1315_1415,SLP30,18,177.0,3088,3154,88.9,-3384,4.77,4.77,0.0,0.001379,pooled(n=1115),78.2,dte,353,548,39,29608,919,11922,11922,3.86,3.86,0.3,0.3,6318.4,0,8,1,0,1,0,1,0
NIFTY,W_1315_1415,SLP40,18,177.0,3088,3154,88.9,-3384,4.77,4.77,0.0,0.001379,pooled(n=1115),78.2,dte,353,548,39,38811,829,11922,11922,3.86,3.86,0.0,0.0,6318.4,0,8,1,0,1,0,1,0
NIFTY,W_1315_1430,NOSTOP,18,177.0,3192,3372,94.4,-6088,4.24,4.24,0.0,0.001379,pooled(n=1115),87.1,dte,353,548,39,,,13051,13051,4.09,4.09,6.2,0.0,64.8,0,8,1,0,1,0,0,0
NIFTY,W_1315_1430,R1000,18,177.0,3192,3372,94.4,-6088,4.24,4.24,0.0,0.001379,pooled(n=1115),87.1,dte,353,548,39,10000,934,10000,13051,3.13,4.09,12.5,12.5,64.8,2,8,1,0,1,0,0,0
NIFTY,W_1315_1430,R1500,18,177.0,3192,3372,94.4,-6088,4.24,4.24,0.0,0.001379,pooled(n=1115),87.1,dte,353,548,39,14000,1074,13051,13051,4.09,4.09,7.1,4.2,64.8,0,8,1,0,1,0,0,0
NIFTY,W_1315_1430,R2500,18,177.0,3192,3372,94.4,-6088,4.24,4.24,0.0,0.001379,pooled(n=1115),87.1,dte,353,548,39,22000,1156,13051,13051,4.09,4.09,6.5,1.1,64.8,0,8,1,0,1,0,0,0
NIFTY,W_1315_1430,R500,18,177.0,3088,2055,88.9,-13984,1.43,1.43,11.1,0.001379,pooled(n=1115),87.1,dte,353,548,39,6000,771,6000,12166,1.94,3.94,40.8,40.8,93.4,6,8,1,1,0,1,0,0
NIFTY,W_1315_1430,SLP10,18,177.0,3192,2886,94.4,-14824,2.43,2.43,5.6,0.001379,pooled(n=1115),87.1,dte,353,548,39,11203,988,11203,13051,3.51,4.09,9.3,8.2,64.8,1,8,1,0,1,0,0,0
NIFTY,W_1315_1430,SLP15,18,177.0,3192,3372,94.4,-6088,4.24,4.24,0.0,0.001379,pooled(n=1115),87.1,dte,353,548,39,15804,1135,13051,13051,4.09,4.09,6.8,2.8,64.8,0,8,1,0,1,0,0,0
NIFTY,W_1315_1430,SLP20,18,177.0,3192,3372,94.4,-6088,4.24,4.24,0.0,0.001379,pooled(n=1115),87.1,dte,353,548,39,20405,978,13051,13051,4.09,4.09,6.5,1.7,64.8,0,8,1,0,1,0,0,0
NIFTY,W_1315_1430,SLP25,18,177.0,3192,3372,94.4,-6088,4.24,4.24,0.0,0.001379,pooled(n=1115),87.1,dte,353,548,39,25007,823,13051,13051,4.09,4.09,6.2,0.3,64.8,0,8,1,0,1,0,0,0
NIFTY,W_1315_1430,SLP30,18,177.0,3192,3372,94.4,-6088,4.24,4.24,0.0,0.001379,pooled(n=1115),87.1,dte,353,548,39,29608,919,13051,13051,4.09,4.09,6.2,0.3,64.8,0,8,1,0,1,0,0,0
NIFTY,W_1315_1430,SLP40,18,177.0,3192,3372,94.4,-6088,4.24,4.24,0.0,0.001379,pooled(n=1115),87.1,dte,353,548,39,38811,829,13051,13051,4.09,4.09,6.2,0.0,64.8,0,8,1,0,1,0,0,0
NIFTY,W_1315_1445,NOSTOP,18,177.0,3768,3832,88.9,-3384,4.24,4.24,0.0,0.001379,pooled(n=1115),105.9,dte,353,548,39,,,15437,15437,4.1,4.1,25.5,0.0,33.3,2,8,1,0,1,0,0,0
NIFTY,W_1315_1445,R1000,18,177.0,3768,3832,88.9,-3384,4.24,4.24,0.0,0.001379,pooled(n=1115),105.9,dte,353,548,39,10000,934,10000,15437,2.65,4.1,27.8,15.6,33.3,4,8,1,1,1,1,0,0
NIFTY,W_1315_1445,R1500,18,177.0,3768,3832,88.9,-3384,4.24,4.24,0.0,0.001379,pooled(n=1115),105.9,dte,353,548,39,14000,1074,14000,15437,3.72,4.1,25.8,7.4,33.3,3,8,1,0,1,1,0,0
NIFTY,W_1315_1445,R2500,18,177.0,3768,3832,88.9,-3384,4.24,4.24,0.0,0.001379,pooled(n=1115),105.9,dte,353,548,39,22000,1156,15437,15437,4.1,4.1,25.5,1.1,33.3,2,8,1,0,1,0,0,0
NIFTY,W_1315_1445,R500,18,177.0,3324,2355,83.3,-13984,1.51,1.51,11.1,0.001379,pooled(n=1115),105.9,dte,353,548,39,6000,771,6000,12166,1.81,3.66,48.7,48.4,29.4,7,8,1,1,0,1,0,0
NIFTY,W_1315_1445,SLP10,18,177.0,3768,3196,88.9,-14824,2.41,2.41,5.6,0.001379,pooled(n=1115),105.9,dte,353,548,39,11203,988,11203,15437,2.97,4.1,26.6,11.3,33.3,3,8,1,1,1,1,0,0
NIFTY,W_1315_1445,SLP15,18,177.0,3768,3832,88.9,-3384,4.24,4.24,0.0,0.001379,pooled(n=1115),105.9,dte,353,548,39,15804,1135,15437,15437,4.1,4.1,25.8,5.1,33.3,2,8,1,0,1,0,0,0
NIFTY,W_1315_1445,SLP20,18,177.0,3768,3832,88.9,-3384,4.24,4.24,0.0,0.001379,pooled(n=1115),105.9,dte,353,548,39,20405,978,15437,15437,4.1,4.1,25.5,2.0,33.3,2,8,1,0,1,0,0,0
NIFTY,W_1315_1445,SLP25,18,177.0,3768,3832,88.9,-3384,4.24,4.24,0.0,0.001379,pooled(n=1115),105.9,dte,353,548,39,25007,823,15437,15437,4.1,4.1,25.5,0.6,33.3,2,8,1,0,1,0,0,0
NIFTY,W_1315_1445,SLP30,18,177.0,3768,3832,88.9,-3384,4.24,4.24,0.0,0.001379,pooled(n=1115),105.9,dte,353,548,39,29608,919,15437,15437,4.1,4.1,25.5,0.6,33.3,2,8,1,0,1,0,0,0
NIFTY,W_1315_1445,SLP40,18,177.0,3768,3832,88.9,-3384,4.24,4.24,0.0,0.001379,pooled(n=1115),105.9,dte,353,548,39,38811,829,15437,15437,4.1,4.1,25.5,0.0,33.3,2,8,1,0,1,0,0,0
NIFTY,W_1315_1500,NOSTOP,18,177.0,5012,5884,88.9,-1616,5.46,5.46,0.0,0.001379,pooled(n=1115),116.4,dte,353,548,39,,,16769,16769,3.35,3.35,19.0,0.0,43.1,4,7,1,0,1,1,1,0
NIFTY,W_1315_1500,R1000,18,177.0,5012,5884,88.9,-1616,5.46,5.46,0.0,0.001379,pooled(n=1115),116.4,dte,353,548,39,10000,934,10000,16769,2.0,3.35,24.1,20.1,43.1,5,7,1,1,1,1,1,0
NIFTY,W_1315_1500,R1500,18,177.0,5012,5884,88.9,-1616,5.46,5.46,0.0,0.001379,pooled(n=1115),116.4,dte,353,548,39,14000,1074,14000,16769,2.79,3.35,19.5,7.9,43.1,4,7,1,1,1,1,1,0
NIFTY,W_1315_1500,R2500,18,177.0,5012,5884,88.9,-1616,5.46,5.46,0.0,0.001379,pooled(n=1115),116.4,dte,353,548,39,22000,1156,16769,16769,3.35,3.35,19.0,1.7,43.1,4,7,1,0,1,1,1,0
NIFTY,W_1315_1500,R500,18,177.0,4644,4219,83.3,-13984,2.35,2.35,11.1,0.001379,pooled(n=1115),116.4,dte,353,548,39,6000,771,6000,12166,1.29,2.62,56.9,56.9,39.9,6,7,1,1,0,1,0,0
NIFTY,W_1315_1500,SLP10,18,177.0,5012,5150,88.9,-14824,3.36,3.36,5.6,0.001379,pooled(n=1115),116.4,dte,353,548,39,11203,988,11203,16769,2.24,3.35,21.8,14.7,43.1,5,7,1,1,1,1,0,0
NIFTY,W_1315_1500,SLP15,18,177.0,5012,5884,88.9,-1616,5.46,5.46,0.0,0.001379,pooled(n=1115),116.4,dte,353,548,39,15804,1135,15804,16769,3.15,3.35,19.3,6.2,43.1,4,7,1,0,1,1,1,0
NIFTY,W_1315_1500,SLP20,18,177.0,5012,5884,88.9,-1616,5.46,5.46,0.0,0.001379,pooled(n=1115),116.4,dte,353,548,39,20405,978,16769,16769,3.35,3.35,19.3,2.5,43.1,4,7,1,0,1,1,1,0
NIFTY,W_1315_1500,SLP25,18,177.0,5012,5884,88.9,-1616,5.46,5.46,0.0,0.001379,pooled(n=1115),116.4,dte,353,548,39,25007,823,16769,16769,3.35,3.35,19.0,0.6,43.1,4,7,1,0,1,1,1,0
NIFTY,W_1315_1500,SLP30,18,177.0,5012,5884,88.9,-1616,5.46,5.46,0.0,0.001379,pooled(n=1115),116.4,dte,353,548,39,29608,919,16769,16769,3.35,3.35,19.0,0.6,43.1,4,7,1,0,1,1,1,0
NIFTY,W_1315_1500,SLP40,18,177.0,5012,5884,88.9,-1616,5.46,5.46,0.0,0.001379,pooled(n=1115),116.4,dte,353,548,39,38811,829,16769,16769,3.35,3.35,19.0,0.3,43.1,4,7,1,0,1,1,1,0
NIFTY,W_1315_1515,NOSTOP,18,177.0,5376,5904,88.9,-3048,4.67,4.67,0.0,0.000361,cell(n=9),121.0,dte,353,548,39,,,6020,6020,1.12,1.12,0.6,0.0,174.1,4,5,1,1,1,1,1,0
NIFTY,W_1315_1515,R1000,18,177.0,5376,5904,88.9,-3048,4.67,4.67,0.0,0.000361,cell(n=9),121.0,dte,353,548,39,10000,934,6020,6020,1.12,1.12,0.8,0.6,174.1,5,5,1,1,1,1,1,0
NIFTY,W_1315_1515,R1500,18,177.0,5376,5904,88.9,-3048,4.67,4.67,0.0,0.000361,cell(n=9),121.0,dte,353,548,39,14000,1074,6020,6020,1.12,1.12,0.6,0.0,174.1,5,5,1,1,1,1,1,0
NIFTY,W_1315_1515,R2500,18,177.0,5376,5904,88.9,-3048,4.67,4.67,0.0,0.000361,cell(n=9),121.0,dte,353,548,39,22000,1156,6020,6020,1.12,1.12,0.6,0.0,174.1,4,5,1,1,1,1,1,0
NIFTY,W_1315_1515,R500,18,177.0,4368,4239,83.3,-13984,2.24,2.24,11.1,0.000361,cell(n=9),121.0,dte,353,548,39,6000,771,6000,6020,1.37,1.38,5.7,5.7,143.6,5,5,1,1,1,1,0,0
NIFTY,W_1315_1515,SLP10,18,177.0,5376,5250,88.9,-14824,3.19,3.19,5.6,0.000361,cell(n=9),121.0,dte,353,548,39,11203,988,6020,6020,1.12,1.12,0.8,0.6,174.1,5,5,1,1,1,1,0,0
NIFTY,W_1315_1515,SLP15,18,177.0,5376,5904,88.9,-3048,4.67,4.67,0.0,0.000361,cell(n=9),121.0,dte,353,548,39,15804,1135,6020,6020,1.12,1.12,0.6,0.0,174.1,4,5,1,1,1,1,1,0
NIFTY,W_1315_1515,SLP20,18,177.0,5376,5904,88.9,-3048,4.67,4.67,0.0,0.000361,cell(n=9),121.0,dte,353,548,39,20405,978,6020,6020,1.12,1.12,0.6,0.0,174.1,4,5,1,1,1,1,1,0
NIFTY,W_1315_1515,SLP25,18,177.0,5376,5904,88.9,-3048,4.67,4.67,0.0,0.000361,cell(n=9),121.0,dte,353,548,39,25007,823,6020,6020,1.12,1.12,0.6,0.0,174.1,4,5,1,1,1,1,1,0
NIFTY,W_1315_1515,SLP30,18,177.0,5376,5904,88.9,-3048,4.67,4.67,0.0,0.000361,cell(n=9),121.0,dte,353,548,39,29608,919,6020,6020,1.12,1.12,0.6,0.0,174.1,4,5,1,1,1,1,1,0
NIFTY,W_1315_1515,SLP40,18,177.0,5376,5904,88.9,-3048,4.67,4.67,0.0,0.000361,cell(n=9),121.0,dte,353,548,39,38811,829,6020,6020,1.12,1.12,0.6,0.0,174.1,4,5,1,1,1,1,1,0
NIFTY,W_1330_1400,NOSTOP,18,175.9,1096,1160,72.2,-960,3.33,3.33,0.0,0.001379,pooled(n=1115),57.9,dte,353,548,39,,,9301,9301,8.49,8.49,35.7,0.0,12.1,0,5,1,0,1,0,0,0
NIFTY,W_1330_1400,R1000,18,175.9,1096,1160,72.2,-960,3.33,3.33,0.0,0.001379,pooled(n=1115),57.9,dte,353,548,39,10000,934,9301,9301,8.49,8.49,35.7,2.8,12.1,0,5,1,0,1,0,0,0
NIFTY,W_1330_1400,R1500,18,175.9,1096,1160,72.2,-960,3.33,3.33,0.0,0.001379,pooled(n=1115),57.9,dte,353,548,39,14000,1074,9301,9301,8.49,8.49,35.7,0.8,12.1,0,5,1,0,1,0,0,0
NIFTY,W_1330_1400,R2500,18,175.9,1096,1160,72.2,-960,3.33,3.33,0.0,0.001379,pooled(n=1115),57.9,dte,353,548,39,22000,1156,9301,9301,8.49,8.49,35.7,0.0,12.1,0,5,1,0,1,0,0,0
NIFTY,W_1330_1400,R500,18,175.9,1096,1160,72.2,-960,3.33,3.33,0.0,0.001379,pooled(n=1115),57.9,dte,353,548,39,6000,771,6000,9301,5.47,8.49,37.1,16.1,12.1,1,5,1,0,1,0,0,0
NIFTY,W_1330_1400,SLP10,18,175.9,1096,1160,72.2,-960,3.33,3.33,0.0,0.001379,pooled(n=1115),57.9,dte,353,548,39,11146,988,9301,9301,8.49,8.49,35.7,2.5,12.1,0,5,1,0,1,0,0,0
NIFTY,W_1330_1400,SLP15,18,175.9,1096,1160,72.2,-960,3.33,3.33,0.0,0.001379,pooled(n=1115),57.9,dte,353,548,39,15718,1135,9301,9301,8.49,8.49,35.7,0.8,12.1,0,5,1,0,1,0,0,0
NIFTY,W_1330_1400,SLP20,18,175.9,1096,1160,72.2,-960,3.33,3.33,0.0,0.001379,pooled(n=1115),57.9,dte,353,548,39,20291,978,9301,9301,8.49,8.49,35.7,0.3,12.1,0,5,1,0,1,0,0,0
NIFTY,W_1330_1400,SLP25,18,175.9,1096,1160,72.2,-960,3.33,3.33,0.0,0.001379,pooled(n=1115),57.9,dte,353,548,39,24864,823,9301,9301,8.49,8.49,35.7,0.0,12.1,0,5,1,0,1,0,0,0
NIFTY,W_1330_1400,SLP30,18,175.9,1096,1160,72.2,-960,3.33,3.33,0.0,0.001379,pooled(n=1115),57.9,dte,353,548,39,29436,919,9301,9301,8.49,8.49,35.7,0.0,12.1,0,5,1,0,1,0,0,0
NIFTY,W_1330_1400,SLP40,18,175.9,1096,1160,72.2,-960,3.33,3.33,0.0,0.001379,pooled(n=1115),57.9,dte,353,548,39,38582,829,9301,9301,8.49,8.49,35.7,0.0,12.1,0,5,1,0,1,0,0,0
NIFTY,W_1330_1415,NOSTOP,18,175.9,1332,1458,66.7,-5928,2.13,2.13,0.0,0.001379,pooled(n=1115),66.5,dte,353,548,39,,,10385,10385,7.8,7.8,12.7,0.0,31.5,0,7,1,0,1,0,0,0
NIFTY,W_1330_1415,R1000,18,175.9,1332,1458,66.7,-5928,2.13,2.13,0.0,0.001379,pooled(n=1115),66.5,dte,353,548,39,10000,934,10000,10385,7.51,7.8,13.3,6.2,31.5,0,7,1,0,1,0,0,0
NIFTY,W_1330_1415,R1500,18,175.9,1332,1458,66.7,-5928,2.13,2.13,0.0,0.001379,pooled(n=1115),66.5,dte,353,548,39,14000,1074,10385,10385,7.8,7.8,12.7,2.0,31.5,0,7,1,0,1,0,0,0
NIFTY,W_1330_1415,R2500,18,175.9,1332,1458,66.7,-5928,2.13,2.13,0.0,0.001379,pooled(n=1115),66.5,dte,353,548,39,22000,1156,10385,10385,7.8,7.8,12.7,0.6,31.5,0,7,1,0,1,0,0,0
NIFTY,W_1330_1415,R500,18,175.9,1332,1158,66.7,-11328,1.28,1.28,5.6,0.001379,pooled(n=1115),66.5,dte,353,548,39,6000,771,6000,10385,4.5,7.8,25.8,25.8,31.5,3,7,1,0,1,1,0,0
NIFTY,W_1330_1415,SLP10,18,175.9,1332,1458,66.7,-5928,2.13,2.13,0.0,0.001379,pooled(n=1115),66.5,dte,353,548,39,11146,988,10385,10385,7.8,7.8,13.0,4.2,31.5,0,7,1,0,1,0,0,0
NIFTY,W_1330_1415,SLP15,18,175.9,1332,1458,66.7,-5928,2.13,2.13,0.0,0.001379,pooled(n=1115),66.5,dte,353,548,39,15718,1135,10385,10385,7.8,7.8,12.7,1.7,31.5,0,7,1,0,1,0,0,0
NIFTY,W_1330_1415,SLP20,18,175.9,1332,1458,66.7,-5928,2.13,2.13,0.0,0.001379,pooled(n=1115),66.5,dte,353,548,39,20291,978,10385,10385,7.8,7.8,12.7,0.6,31.5,0,7,1,0,1,0,0,0
NIFTY,W_1330_1415,SLP25,18,175.9,1332,1458,66.7,-5928,2.13,2.13,0.0,0.001379,pooled(n=1115),66.5,dte,353,548,39,24864,823,10385,10385,7.8,7.8,12.7,0.3,31.5,0,7,1,0,1,0,0,0
NIFTY,W_1330_1415,SLP30,18,175.9,1332,1458,66.7,-5928,2.13,2.13,0.0,0.001379,pooled(n=1115),66.5,dte,353,548,39,29436,919,10385,10385,7.8,7.8,12.7,0.3,31.5,0,7,1,0,1,0,0,0
NIFTY,W_1330_1415,SLP40,18,175.9,1332,1458,66.7,-5928,2.13,2.13,0.0,0.001379,pooled(n=1115),66.5,dte,353,548,39,38582,829,10385,10385,7.8,7.8,12.7,0.0,31.5,0,7,1,0,1,0,0,0
NIFTY,W_1330_1430,NOSTOP,18,175.9,2072,1582,72.2,-8632,1.82,1.82,0.0,0.001379,pooled(n=1115),76.9,dte,353,548,39,,,11696,11696,5.64,5.64,21.2,0.0,30.4,0,8,1,0,1,0,0,0
NIFTY,W_1330_1430,R1000,18,175.9,2072,1143,72.2,-16536,0.94,0.94,5.6,0.001379,pooled(n=1115),76.9,dte,353,548,39,10000,934,10000,11696,4.83,5.64,22.1,9.6,30.4,1,8,1,0,1,0,0,0
NIFTY,W_1330_1430,R1500,18,175.9,2072,1582,72.2,-8632,1.82,1.82,0.0,0.001379,pooled(n=1115),76.9,dte,353,548,39,14000,1074,11696,11696,5.64,5.64,21.2,3.1,30.4,0,8,1,0,1,0,0,0
NIFTY,W_1330_1430,R2500,18,175.9,2072,1582,72.2,-8632,1.82,1.82,0.0,0.001379,pooled(n=1115),76.9,dte,353,548,39,22000,1156,11696,11696,5.64,5.64,21.2,0.8,30.4,0,8,1,0,1,0,0,0
NIFTY,W_1330_1430,R500,18,175.9,2072,1432,72.2,-11328,1.47,1.47,5.6,0.001379,pooled(n=1115),76.9,dte,353,548,39,6000,771,6000,11696,2.9,5.64,31.4,31.4,30.4,3,8,1,1,1,1,0,0
NIFTY,W_1330_1430,SLP10,18,175.9,2072,1143,72.2,-16536,0.94,0.94,5.6,0.001379,pooled(n=1115),76.9,dte,353,548,39,11146,988,11146,11696,5.38,5.64,21.8,6.8,30.4,1,8,1,0,1,0,0,0
NIFTY,W_1330_1430,SLP15,18,175.9,2072,1097,72.2,-17368,0.88,0.88,5.6,0.001379,pooled(n=1115),76.9,dte,353,548,39,15718,1135,11696,11696,5.64,5.64,21.2,2.5,30.4,0,8,1,0,1,0,0,0
NIFTY,W_1330_1430,SLP20,18,175.9,2072,1582,72.2,-8632,1.82,1.82,0.0,0.001379,pooled(n=1115),76.9,dte,353,548,39,20291,978,11696,11696,5.64,5.64,21.2,0.8,30.4,0,8,1,0,1,0,0,0
NIFTY,W_1330_1430,SLP25,18,175.9,2072,1582,72.2,-8632,1.82,1.82,0.0,0.001379,pooled(n=1115),76.9,dte,353,548,39,24864,823,11696,11696,5.64,5.64,21.2,0.6,30.4,0,8,1,0,1,0,0,0
NIFTY,W_1330_1430,SLP30,18,175.9,2072,1582,72.2,-8632,1.82,1.82,0.0,0.001379,pooled(n=1115),76.9,dte,353,548,39,29436,919,11696,11696,5.64,5.64,21.2,0.6,30.4,0,8,1,0,1,0,0,0
NIFTY,W_1330_1430,SLP40,18,175.9,2072,1582,72.2,-8632,1.82,1.82,0.0,0.001379,pooled(n=1115),76.9,dte,353,548,39,38582,829,11696,11696,5.64,5.64,21.2,0.3,30.4,0,8,1,0,1,0,0,0
NIFTY,W_1330_1445,NOSTOP,18,175.9,956,2126,72.2,-5928,2.44,2.44,0.0,0.001379,pooled(n=1115),93.9,dte,353,548,39,,,13840,13840,14.48,14.48,19.5,0.0,35.2,2,8,1,0,1,0,0,0
NIFTY,W_1330_1445,R1000,18,175.9,956,1537,72.2,-16536,1.19,1.19,5.6,0.001379,pooled(n=1115),93.9,dte,353,548,39,10000,934,10000,13840,10.46,14.48,21.2,12.7,35.2,4,8,1,0,1,1,0,0
NIFTY,W_1330_1445,R1500,18,175.9,956,2126,72.2,-5928,2.44,2.44,0.0,0.001379,pooled(n=1115),93.9,dte,353,548,39,14000,1074,13840,13840,14.48,14.48,20.4,5.1,35.2,3,8,1,0,1,1,0,0
NIFTY,W_1330_1445,R2500,18,175.9,956,2126,72.2,-5928,2.44,2.44,0.0,0.001379,pooled(n=1115),93.9,dte,353,548,39,22000,1156,13840,13840,14.48,14.48,19.5,1.1,35.2,2,8,1,0,1,0,0,0
NIFTY,W_1330_1445,R500,18,175.9,956,1208,72.2,-11328,0.94,0.94,11.1,0.001379,pooled(n=1115),93.9,dte,353,548,39,6000,771,6000,12166,6.28,12.73,43.1,39.4,24.7,6,8,1,0,0,1,0,0
NIFTY,W_1330_1445,SLP10,18,175.9,956,1537,72.2,-16536,1.19,1.19,5.6,0.001379,pooled(n=1115),93.9,dte,353,548,39,11146,988,11146,13840,11.66,14.48,21.2,10.8,35.2,4,8,1,0,1,1,0,0
NIFTY,W_1330_1445,SLP15,18,175.9,956,1491,72.2,-17368,1.12,1.12,5.6,0.001379,pooled(n=1115),93.9,dte,353,548,39,15718,1135,13840,13840,14.48,14.48,20.1,3.1,35.2,2,8,1,0,1,0,0,0
NIFTY,W_1330_1445,SLP20,18,175.9,956,2126,72.2,-5928,2.44,2.44,0.0,0.001379,pooled(n=1115),93.9,dte,353,548,39,20291,978,13840,13840,14.48,14.48,19.5,1.4,35.2,2,8,1,0,1,0,0,0
NIFTY,W_1330_1445,SLP25,18,175.9,956,2126,72.2,-5928,2.44,2.44,0.0,0.001379,pooled(n=1115),93.9,dte,353,548,39,24864,823,13840,13840,14.48,14.48,19.5,0.8,35.2,2,8,1,0,1,0,0,0
NIFTY,W_1330_1445,SLP30,18,175.9,956,2126,72.2,-5928,2.44,2.44,0.0,0.001379,pooled(n=1115),93.9,dte,353,548,39,29436,919,13840,13840,14.48,14.48,19.5,0.8,35.2,2,8,1,0,1,0,0,0
NIFTY,W_1330_1445,SLP40,18,175.9,956,2126,72.2,-5928,2.44,2.44,0.0,0.001379,pooled(n=1115),93.9,dte,353,548,39,38582,829,13840,13840,14.48,14.48,19.5,0.3,35.2,2,8,1,0,1,0,0,0
NIFTY,W_1330_1500,NOSTOP,18,175.9,3724,3936,77.8,-4160,3.77,3.77,0.0,0.000859,cell(n=8),100.6,dte,353,548,39,,,9901,9901,2.66,2.66,17.8,0.0,45.7,4,8,1,1,1,1,0,0
NIFTY,W_1330_1500,R1000,18,175.9,3724,3249,77.8,-16536,2.18,2.18,5.6,0.000859,cell(n=8),100.6,dte,353,548,39,10000,934,9901,9901,2.66,2.66,18.1,5.1,45.7,6,8,1,1,1,1,0,0
NIFTY,W_1330_1500,R1500,18,175.9,3724,3936,77.8,-4160,3.77,3.77,0.0,0.000859,cell(n=8),100.6,dte,353,548,39,14000,1074,9901,9901,2.66,2.66,17.8,2.0,45.7,5,8,1,1,1,1,0,0
NIFTY,W_1330_1500,R2500,18,175.9,3724,3936,77.8,-4160,3.77,3.77,0.0,0.000859,cell(n=8),100.6,dte,353,548,39,22000,1156,9901,9901,2.66,2.66,17.8,0.3,45.7,4,8,1,1,1,1,0,0
NIFTY,W_1330_1500,R500,18,175.9,3724,3046,77.8,-11328,2.05,2.05,11.1,0.000859,cell(n=8),100.6,dte,353,548,39,6000,771,6000,9901,1.61,2.66,27.2,26.1,42.5,6,8,1,1,1,1,0,0
NIFTY,W_1330_1500,SLP10,18,175.9,3724,3249,77.8,-16536,2.18,2.18,5.6,0.000859,cell(n=8),100.6,dte,353,548,39,11146,988,9901,9901,2.66,2.66,17.8,3.4,45.7,6,8,1,1,1,1,0,0
NIFTY,W_1330_1500,SLP15,18,175.9,3724,3203,77.8,-17368,2.1,2.1,5.6,0.000859,cell(n=8),100.6,dte,353,548,39,15718,1135,9901,9901,2.66,2.66,17.8,1.1,45.7,4,8,1,1,1,1,0,0
NIFTY,W_1330_1500,SLP20,18,175.9,3724,3936,77.8,-4160,3.77,3.77,0.0,0.000859,cell(n=8),100.6,dte,353,548,39,20291,978,9901,9901,2.66,2.66,17.8,0.6,45.7,4,8,1,1,1,1,0,0
NIFTY,W_1330_1500,SLP25,18,175.9,3724,3936,77.8,-4160,3.77,3.77,0.0,0.000859,cell(n=8),100.6,dte,353,548,39,24864,823,9901,9901,2.66,2.66,17.8,0.3,45.7,4,8,1,1,1,1,0,0
NIFTY,W_1330_1500,SLP30,18,175.9,3724,3936,77.8,-4160,3.77,3.77,0.0,0.000859,cell(n=8),100.6,dte,353,548,39,29436,919,9901,9901,2.66,2.66,17.8,0.0,45.7,4,8,1,1,1,1,0,0
NIFTY,W_1330_1500,SLP40,18,175.9,3724,3936,77.8,-4160,3.77,3.77,0.0,0.000859,cell(n=8),100.6,dte,353,548,39,38582,829,9901,9901,2.66,2.66,17.8,0.0,45.7,4,8,1,1,1,1,0,0
NIFTY,W_1330_1515,NOSTOP,18,175.9,3160,4128,83.3,-5592,3.43,3.43,0.0,0.000552,cell(n=10),105.2,dte,353,548,39,,,7311,7311,2.31,2.31,9.1,0.0,73.0,6,7,1,1,1,1,0,0
NIFTY,W_1330_1515,R1000,18,175.9,3160,3520,83.3,-16536,2.22,2.22,5.6,0.000552,cell(n=10),105.2,dte,353,548,39,10000,934,7311,7311,2.31,2.31,9.1,2.0,73.0,7,7,1,1,1,1,0,0
NIFTY,W_1330_1515,R1500,18,175.9,3160,4128,83.3,-5592,3.43,3.43,0.0,0.000552,cell(n=10),105.2,dte,353,548,39,14000,1074,7311,7311,2.31,2.31,9.1,0.8,73.0,7,7,1,1,1,1,0,0
NIFTY,W_1330_1515,R2500,18,175.9,3160,4128,83.3,-5592,3.43,3.43,0.0,0.000552,cell(n=10),105.2,dte,353,548,39,22000,1156,7311,7311,2.31,2.31,9.1,0.0,73.0,6,7,1,1,1,1,0,0
NIFTY,W_1330_1515,R500,18,175.9,3160,3134,77.8,-11328,1.94,1.94,11.1,0.000552,cell(n=10),105.2,dte,353,548,39,6000,771,6000,7311,1.9,2.31,21.2,13.9,55.5,7,7,1,1,1,1,0,0
NIFTY,W_1330_1515,SLP10,18,175.9,3160,3520,83.3,-16536,2.22,2.22,5.6,0.000552,cell(n=10),105.2,dte,353,548,39,11146,988,7311,7311,2.31,2.31,9.1,1.4,73.0,7,7,1,1,1,1,0,0
NIFTY,W_1330_1515,SLP15,18,175.9,3160,3474,83.3,-17368,2.14,2.14,5.6,0.000552,cell(n=10),105.2,dte,353,548,39,15718,1135,7311,7311,2.31,2.31,9.1,0.3,73.0,6,7,1,1,1,1,0,0
NIFTY,W_1330_1515,SLP20,18,175.9,3160,4128,83.3,-5592,3.43,3.43,0.0,0.000552,cell(n=10),105.2,dte,353,548,39,20291,978,7311,7311,2.31,2.31,9.1,0.0,73.0,6,7,1,1,1,1,0,0
NIFTY,W_1330_1515,SLP25,18,175.9,3160,4128,83.3,-5592,3.43,3.43,0.0,0.000552,cell(n=10),105.2,dte,353,548,39,24864,823,7311,7311,2.31,2.31,9.1,0.0,73.0,6,7,1,1,1,1,0,0
NIFTY,W_1330_1515,SLP30,18,175.9,3160,4128,83.3,-5592,3.43,3.43,0.0,0.000552,cell(n=10),105.2,dte,353,548,39,29436,919,7311,7311,2.31,2.31,9.1,0.0,73.0,6,7,1,1,1,1,0,0
NIFTY,W_1330_1515,SLP40,18,175.9,3160,4128,83.3,-5592,3.43,3.43,0.0,0.000552,cell(n=10),105.2,dte,353,548,39,38582,829,7311,7311,2.31,2.31,9.1,0.0,73.0,6,7,1,1,1,1,0,0
NIFTY,W_1330_1520,NOSTOP,18,175.9,4568,4773,83.3,-5616,3.75,3.75,0.0,0.00055,cell(n=10),108.4,dte,353,548,39,,,7449,7449,1.63,1.63,18.4,0.0,59.1,4,4,1,1,1,1,0,0
NIFTY,W_1330_1520,R1000,18,175.9,4568,4167,83.3,-16536,2.52,2.52,5.6,0.00055,cell(n=10),108.4,dte,353,548,39,10000,934,7449,7449,1.63,1.63,18.4,2.0,59.1,4,4,1,1,1,1,0,0
NIFTY,W_1330_1520,R1500,18,175.9,4568,4773,83.3,-5616,3.75,3.75,0.0,0.00055,cell(n=10),108.4,dte,353,548,39,14000,1074,7449,7449,1.63,1.63,18.4,0.8,59.1,4,4,1,1,1,1,0,0
NIFTY,W_1330_1520,R2500,18,175.9,4568,4773,83.3,-5616,3.75,3.75,0.0,0.00055,cell(n=10),108.4,dte,353,548,39,22000,1156,7449,7449,1.63,1.63,18.4,0.0,59.1,4,4,1,1,1,1,0,0
NIFTY,W_1330_1520,R500,18,175.9,4568,3733,77.8,-11328,2.21,2.21,11.1,0.00055,cell(n=10),108.4,dte,353,548,39,6000,771,6000,7449,1.31,1.63,28.0,14.4,42.8,4,4,1,1,1,1,0,0
NIFTY,W_1330_1520,SLP10,18,175.9,4568,4167,83.3,-16536,2.52,2.52,5.6,0.00055,cell(n=10),108.4,dte,353,548,39,11146,988,7449,7449,1.63,1.63,18.4,1.4,59.1,4,4,1,1,1,1,0,0
NIFTY,W_1330_1520,SLP15,18,175.9,4568,4120,83.3,-17368,2.44,2.44,5.6,0.00055,cell(n=10),108.4,dte,353,548,39,15718,1135,7449,7449,1.63,1.63,18.4,0.3,59.1,4,4,1,1,1,1,0,0
NIFTY,W_1330_1520,SLP20,18,175.9,4568,4773,83.3,-5616,3.75,3.75,0.0,0.00055,cell(n=10),108.4,dte,353,548,39,20291,978,7449,7449,1.63,1.63,18.4,0.0,59.1,4,4,1,1,1,1,0,0
NIFTY,W_1330_1520,SLP25,18,175.9,4568,4773,83.3,-5616,3.75,3.75,0.0,0.00055,cell(n=10),108.4,dte,353,548,39,24864,823,7449,7449,1.63,1.63,18.4,0.0,59.1,4,4,1,1,1,1,0,0
NIFTY,W_1330_1520,SLP30,18,175.9,4568,4773,83.3,-5616,3.75,3.75,0.0,0.00055,cell(n=10),108.4,dte,353,548,39,29436,919,7449,7449,1.63,1.63,18.4,0.0,59.1,4,4,1,1,1,1,0,0
NIFTY,W_1330_1520,SLP40,18,175.9,4568,4773,83.3,-5616,3.75,3.75,0.0,0.00055,cell(n=10),108.4,dte,353,548,39,38582,829,7449,7449,1.63,1.63,18.4,0.0,59.1,4,4,1,1,1,1,0,0
NIFTY,W_1345_1415,NOSTOP,18,174.1,1688,1302,72.2,-7144,1.93,1.93,0.0,0.001379,pooled(n=1115),56.7,dte,353,548,39,,,9077,9077,5.38,5.38,8.5,0.0,33.2,0,5,1,0,1,0,0,0
NIFTY,W_1345_1415,R1000,18,174.1,1688,1302,72.2,-7144,1.93,1.93,0.0,0.001379,pooled(n=1115),56.7,dte,353,548,39,10000,934,9077,9077,5.38,5.38,8.8,2.5,33.2,0,5,1,0,1,0,0,0
NIFTY,W_1345_1415,R1500,18,174.1,1688,1302,72.2,-7144,1.93,1.93,0.0,0.001379,pooled(n=1115),56.7,dte,353,548,39,14000,1074,9077,9077,5.38,5.38,8.5,1.1,33.2,0,5,1,0,1,0,0,0
NIFTY,W_1345_1415,R2500,18,174.1,1688,1302,72.2,-7144,1.93,1.93,0.0,0.001379,pooled(n=1115),56.7,dte,353,548,39,22000,1156,9077,9077,5.38,5.38,8.5,0.3,33.2,0,5,1,0,1,0,0,0
NIFTY,W_1345_1415,R500,18,174.1,1688,1038,72.2,-11896,1.17,1.17,5.6,0.001379,pooled(n=1115),56.7,dte,353,548,39,6000,771,6000,9077,3.55,5.38,17.3,17.3,33.2,1,5,1,0,1,0,0,0
NIFTY,W_1345_1415,SLP10,18,174.1,1688,940,72.2,-13672,0.97,0.97,5.6,0.001379,pooled(n=1115),56.7,dte,353,548,39,11053,988,9077,9077,5.38,5.38,8.8,2.3,33.2,0,5,1,0,1,0,0,0
NIFTY,W_1345_1415,SLP15,18,174.1,1688,1302,72.2,-7144,1.93,1.93,0.0,0.001379,pooled(n=1115),56.7,dte,353,548,39,15580,1135,9077,9077,5.38,5.38,8.5,0.6,33.2,0,5,1,0,1,0,0,0
NIFTY,W_1345_1415,SLP20,18,174.1,1688,1302,72.2,-7144,1.93,1.93,0.0,0.001379,pooled(n=1115),56.7,dte,353,548,39,20106,978,9077,9077,5.38,5.38,8.5,0.3,33.2,0,5,1,0,1,0,0,0
NIFTY,W_1345_1415,SLP25,18,174.1,1688,1302,72.2,-7144,1.93,1.93,0.0,0.001379,pooled(n=1115),56.7,dte,353,548,39,24633,823,9077,9077,5.38,5.38,8.5,0.3,33.2,0,5,1,0,1,0,0,0
NIFTY,W_1345_1415,SLP30,18,174.1,1688,1302,72.2,-7144,1.93,1.93,0.0,0.001379,pooled(n=1115),56.7,dte,353,548,39,29160,919,9077,9077,5.38,5.38,8.5,0.0,33.2,0,5,1,0,1,0,0,0
NIFTY,W_1345_1415,SLP40,18,174.1,1688,1302,72.2,-7144,1.93,1.93,0.0,0.001379,pooled(n=1115),56.7,dte,353,548,39,38213,829,9077,9077,5.38,5.38,8.5,0.0,33.2,0,5,1,0,1,0,0,0
NIFTY,W_1345_1430,NOSTOP,18,174.1,1728,1430,72.2,-9856,1.66,1.66,0.0,0.001379,pooled(n=1115),65.1,dte,353,548,39,,,10126,10126,5.86,5.86,34.8,0.0,17.3,0,7,1,0,1,0,0,0
NIFTY,W_1345_1430,R1000,18,174.1,1728,992,72.2,-17752,0.8,0.8,5.6,0.001379,pooled(n=1115),65.1,dte,353,548,39,10000,934,10000,10126,5.79,5.86,35.1,5.4,17.3,0,7,1,0,1,0,0,0
NIFTY,W_1345_1430,R1500,18,174.1,1728,1430,72.2,-9856,1.66,1.66,0.0,0.001379,pooled(n=1115),65.1,dte,353,548,39,14000,1074,10126,10126,5.86,5.86,34.8,2.3,17.3,0,7,1,0,1,0,0,0
NIFTY,W_1345_1430,R2500,18,174.1,1728,1430,72.2,-9856,1.66,1.66,0.0,0.001379,pooled(n=1115),65.1,dte,353,548,39,22000,1156,10126,10126,5.86,5.86,34.8,0.6,17.3,0,7,1,0,1,0,0,0
NIFTY,W_1345_1430,R500,18,174.1,1728,1317,72.2,-11896,1.38,1.38,5.6,0.001379,pooled(n=1115),65.1,dte,353,548,39,6000,771,6000,10126,3.47,5.86,39.4,27.8,17.3,1,7,1,0,1,0,0,0
NIFTY,W_1345_1430,SLP10,18,174.1,1728,1218,72.2,-13672,1.18,1.18,5.6,0.001379,pooled(n=1115),65.1,dte,353,548,39,11053,988,10126,10126,5.86,5.86,35.1,3.7,17.3,0,7,1,0,1,0,0,0
NIFTY,W_1345_1430,SLP15,18,174.1,1728,992,72.2,-17752,0.8,0.8,5.6,0.001379,pooled(n=1115),65.1,dte,353,548,39,15580,1135,10126,10126,5.86,5.86,34.8,1.7,17.3,0,7,1,0,1,0,0,0
NIFTY,W_1345_1430,SLP20,18,174.1,1728,1430,72.2,-9856,1.66,1.66,0.0,0.001379,pooled(n=1115),65.1,dte,353,548,39,20106,978,10126,10126,5.86,5.86,34.8,0.6,17.3,0,7,1,0,1,0,0,0
NIFTY,W_1345_1430,SLP25,18,174.1,1728,1430,72.2,-9856,1.66,1.66,0.0,0.001379,pooled(n=1115),65.1,dte,353,548,39,24633,823,10126,10126,5.86,5.86,34.8,0.3,17.3,0,7,1,0,1,0,0,0
NIFTY,W_1345_1430,SLP30,18,174.1,1728,1430,72.2,-9856,1.66,1.66,0.0,0.001379,pooled(n=1115),65.1,dte,353,548,39,29160,919,10126,10126,5.86,5.86,34.8,0.0,17.3,0,7,1,0,1,0,0,0
NIFTY,W_1345_1430,SLP40,18,174.1,1728,1430,72.2,-9856,1.66,1.66,0.0,0.001379,pooled(n=1115),65.1,dte,353,548,39,38213,829,10126,10126,5.86,5.86,34.8,0.0,17.3,0,7,1,0,1,0,0,0
NIFTY,W_1345_1445,NOSTOP,18,174.1,1080,1412,66.7,-7144,1.53,1.53,0.0,0.001379,pooled(n=1115),85.7,dte,353,548,39,,,12697,12697,11.76,11.76,11.9,0.0,45.1,2,8,1,0,1,0,0,0
NIFTY,W_1345_1445,R1000,18,174.1,1080,823,66.7,-17752,0.62,0.62,5.6,0.001379,pooled(n=1115),85.7,dte,353,548,39,10000,934,10000,12697,9.26,11.76,13.6,10.5,45.1,2,8,1,0,1,0,0,0
NIFTY,W_1345_1445,R1500,18,174.1,1080,1412,66.7,-7144,1.53,1.53,0.0,0.001379,pooled(n=1115),85.7,dte,353,548,39,14000,1074,12697,12697,11.76,11.76,12.2,3.7,45.1,2,8,1,0,1,0,0,0
NIFTY,W_1345_1445,R2500,18,174.1,1080,1412,66.7,-7144,1.53,1.53,0.0,0.001379,pooled(n=1115),85.7,dte,353,548,39,22000,1156,12697,12697,11.76,11.76,11.9,0.8,45.1,2,8,1,0,1,0,0,0
NIFTY,W_1345_1445,R500,18,174.1,1080,178,66.7,-11896,0.12,0.12,16.7,0.001379,pooled(n=1115),85.7,dte,353,548,39,6000,771,6000,12166,5.56,11.26,38.2,36.5,23.6,4,8,1,0,1,1,0,0
NIFTY,W_1345_1445,SLP10,18,174.1,1080,1050,66.7,-13672,0.91,0.91,5.6,0.001379,pooled(n=1115),85.7,dte,353,548,39,11053,988,11053,12697,10.23,11.76,12.7,7.9,45.1,2,8,1,0,1,0,0,0
NIFTY,W_1345_1445,SLP15,18,174.1,1080,823,66.7,-17752,0.62,0.62,5.6,0.001379,pooled(n=1115),85.7,dte,353,548,39,15580,1135,12697,12697,11.76,11.76,11.9,2.5,45.1,2,8,1,0,1,0,0,0
NIFTY,W_1345_1445,SLP20,18,174.1,1080,1412,66.7,-7144,1.53,1.53,0.0,0.001379,pooled(n=1115),85.7,dte,353,548,39,20106,978,12697,12697,11.76,11.76,11.9,1.1,45.1,2,8,1,0,1,0,0,0
NIFTY,W_1345_1445,SLP25,18,174.1,1080,1412,66.7,-7144,1.53,1.53,0.0,0.001379,pooled(n=1115),85.7,dte,353,548,39,24633,823,12697,12697,11.76,11.76,11.9,0.6,45.1,2,8,1,0,1,0,0,0
NIFTY,W_1345_1445,SLP30,18,174.1,1080,1412,66.7,-7144,1.53,1.53,0.0,0.001379,pooled(n=1115),85.7,dte,353,548,39,29160,919,12697,12697,11.76,11.76,11.9,0.0,45.1,2,8,1,0,1,0,0,0
NIFTY,W_1345_1445,SLP40,18,174.1,1080,1412,66.7,-7144,1.53,1.53,0.0,0.001379,pooled(n=1115),85.7,dte,353,548,39,38213,829,12697,12697,11.76,11.76,11.9,0.0,45.1,2,8,1,0,1,0,0,0
NIFTY,W_1345_1500,NOSTOP,18,174.1,3600,3119,72.2,-5376,2.69,2.69,0.0,0.000652,cell(n=8),98.0,dte,353,548,39,,,7787,7787,2.16,2.16,1.1,0.0,124.8,4,8,1,1,1,1,0,0
NIFTY,W_1345_1500,R1000,18,174.1,3600,1708,72.2,-17752,0.9,0.9,11.1,0.000652,cell(n=8),98.0,dte,353,548,39,10000,934,7787,7787,2.16,2.16,6.5,2.3,74.9,4,8,1,1,1,1,0,0
NIFTY,W_1345_1500,R1500,18,174.1,3600,3119,72.2,-5376,2.69,2.69,0.0,0.000652,cell(n=8),98.0,dte,353,548,39,14000,1074,7787,7787,2.16,2.16,1.4,0.8,124.8,4,8,1,1,1,1,0,0
NIFTY,W_1345_1500,R2500,18,174.1,3600,3119,72.2,-5376,2.69,2.69,0.0,0.000652,cell(n=8),98.0,dte,353,548,39,22000,1156,7787,7787,2.16,2.16,1.1,0.0,124.8,4,8,1,1,1,1,0,0
NIFTY,W_1345_1500,R500,18,174.1,3600,1864,72.2,-11896,1.1,1.1,16.7,0.000652,cell(n=8),98.0,dte,353,548,39,6000,771,6000,7787,1.67,2.16,15.9,12.2,53.6,5,8,1,1,1,1,0,0
NIFTY,W_1345_1500,SLP10,18,174.1,3600,1935,72.2,-17304,1.09,1.09,11.1,0.000652,cell(n=8),98.0,dte,353,548,39,11053,988,7787,7787,2.16,2.16,6.2,1.7,74.9,4,8,1,1,1,1,0,0
NIFTY,W_1345_1500,SLP15,18,174.1,3600,2432,72.2,-17752,1.54,1.54,5.6,0.000652,cell(n=8),98.0,dte,353,548,39,15580,1135,7787,7787,2.16,2.16,1.4,0.3,124.8,4,8,1,1,1,1,0,0
NIFTY,W_1345_1500,SLP20,18,174.1,3600,3119,72.2,-5376,2.69,2.69,0.0,0.000652,cell(n=8),98.0,dte,353,548,39,20106,978,7787,7787,2.16,2.16,1.1,0.0,124.8,4,8,1,1,1,1,0,0
NIFTY,W_1345_1500,SLP25,18,174.1,3600,3119,72.2,-5376,2.69,2.69,0.0,0.000652,cell(n=8),98.0,dte,353,548,39,24633,823,7787,7787,2.16,2.16,1.1,0.0,124.8,4,8,1,1,1,1,0,0
NIFTY,W_1345_1500,SLP30,18,174.1,3600,3119,72.2,-5376,2.69,2.69,0.0,0.000652,cell(n=8),98.0,dte,353,548,39,29160,919,7787,7787,2.16,2.16,1.1,0.0,124.8,4,8,1,1,1,1,0,0
NIFTY,W_1345_1500,SLP40,18,174.1,3600,3119,72.2,-5376,2.69,2.69,0.0,0.000652,cell(n=8),98.0,dte,353,548,39,38213,829,7787,7787,2.16,2.16,1.1,0.0,124.8,4,8,1,1,1,1,0,0
NIFTY,W_1345_1515,NOSTOP,18,174.1,3692,3546,77.8,-6984,2.51,2.51,0.0,0.000452,cell(n=11),104.4,dte,353,548,39,,,6277,6277,1.7,1.7,24.4,0.0,43.5,7,8,1,1,1,1,0,0
NIFTY,W_1345_1515,R1000,18,174.1,3692,2365,77.8,-17752,1.17,1.17,11.1,0.000452,cell(n=11),104.4,dte,353,548,39,10000,934,6277,6277,1.7,1.7,25.2,1.1,42.5,7,8,1,1,1,1,0,0
NIFTY,W_1345_1515,R1500,18,174.1,3692,3546,77.8,-6984,2.51,2.51,0.0,0.000452,cell(n=11),104.4,dte,353,548,39,14000,1074,6277,6277,1.7,1.7,24.4,0.0,43.5,7,8,1,1,1,1,0,0
NIFTY,W_1345_1515,R2500,18,174.1,3692,3546,77.8,-6984,2.51,2.51,0.0,0.000452,cell(n=11),104.4,dte,353,548,39,22000,1156,6277,6277,1.7,1.7,24.4,0.0,43.5,7,8,1,1,1,1,0,0
NIFTY,W_1345_1515,R500,18,174.1,3692,2338,72.2,-11896,1.26,1.26,16.7,0.000452,cell(n=11),104.4,dte,353,548,39,6000,771,6000,6277,1.63,1.7,35.4,6.5,31.0,8,8,1,1,1,1,0,0
NIFTY,W_1345_1515,SLP10,18,174.1,3692,2592,77.8,-17304,1.36,1.36,11.1,0.000452,cell(n=11),104.4,dte,353,548,39,11053,988,6277,6277,1.7,1.7,25.2,0.6,42.5,7,8,1,1,1,1,0,0
NIFTY,W_1345_1515,SLP15,18,174.1,3692,2938,77.8,-17752,1.67,1.67,5.6,0.000452,cell(n=11),104.4,dte,353,548,39,15580,1135,6277,6277,1.7,1.7,24.4,0.0,43.5,7,8,1,1,1,1,0,0
NIFTY,W_1345_1515,SLP20,18,174.1,3692,3546,77.8,-6984,2.51,2.51,0.0,0.000452,cell(n=11),104.4,dte,353,548,39,20106,978,6277,6277,1.7,1.7,24.4,0.0,43.5,7,8,1,1,1,1,0,0
NIFTY,W_1345_1515,SLP25,18,174.1,3692,3546,77.8,-6984,2.51,2.51,0.0,0.000452,cell(n=11),104.4,dte,353,548,39,24633,823,6277,6277,1.7,1.7,24.4,0.0,43.5,7,8,1,1,1,1,0,0
NIFTY,W_1345_1515,SLP30,18,174.1,3692,3546,77.8,-6984,2.51,2.51,0.0,0.000452,cell(n=11),104.4,dte,353,548,39,29160,919,6277,6277,1.7,1.7,24.4,0.0,43.5,7,8,1,1,1,1,0,0
NIFTY,W_1345_1515,SLP40,18,174.1,3692,3546,77.8,-6984,2.51,2.51,0.0,0.000452,cell(n=11),104.4,dte,353,548,39,38213,829,6277,6277,1.7,1.7,24.4,0.0,43.5,7,8,1,1,1,1,0,0
NIFTY,W_1345_1520,NOSTOP,18,174.1,4084,4239,77.8,-6832,2.83,2.83,0.0,0.000452,cell(n=11),104.8,dte,353,548,39,,,6293,6293,1.54,1.54,21.2,0.0,48.8,5,5,1,1,1,1,0,0
NIFTY,W_1345_1520,R1000,18,174.1,4084,3004,77.8,-17752,1.41,1.41,11.1,0.000452,cell(n=11),104.8,dte,353,548,39,10000,934,6293,6293,1.54,1.54,21.2,1.1,48.8,5,5,1,1,1,1,0,0
NIFTY,W_1345_1520,R1500,18,174.1,4084,4239,77.8,-6832,2.83,2.83,0.0,0.000452,cell(n=11),104.8,dte,353,548,39,14000,1074,6293,6293,1.54,1.54,21.2,0.0,48.8,5,5,1,1,1,1,0,0
NIFTY,W_1345_1520,R2500,18,174.1,4084,4239,77.8,-6832,2.83,2.83,0.0,0.000452,cell(n=11),104.8,dte,353,548,39,22000,1156,6293,6293,1.54,1.54,21.2,0.0,48.8,5,5,1,1,1,1,0,0
NIFTY,W_1345_1520,R500,18,174.1,4084,2930,72.2,-11896,1.49,1.49,16.7,0.000452,cell(n=11),104.8,dte,353,548,39,6000,771,6000,6293,1.47,1.54,34.6,6.8,32.9,5,5,1,1,1,1,0,0
NIFTY,W_1345_1520,SLP10,18,174.1,4084,3231,77.8,-17304,1.61,1.61,11.1,0.000452,cell(n=11),104.8,dte,353,548,39,11053,988,6293,6293,1.54,1.54,21.2,0.6,48.8,5,5,1,1,1,1,0,0
NIFTY,W_1345_1520,SLP15,18,174.1,4084,3632,77.8,-17752,1.97,1.97,5.6,0.000452,cell(n=11),104.8,dte,353,548,39,15580,1135,6293,6293,1.54,1.54,21.2,0.0,48.8,5,5,1,1,1,1,0,0
NIFTY,W_1345_1520,SLP20,18,174.1,4084,4239,77.8,-6832,2.83,2.83,0.0,0.000452,cell(n=11),104.8,dte,353,548,39,20106,978,6293,6293,1.54,1.54,21.2,0.0,48.8,5,5,1,1,1,1,0,0
NIFTY,W_1345_1520,SLP25,18,174.1,4084,4239,77.8,-6832,2.83,2.83,0.0,0.000452,cell(n=11),104.8,dte,353,548,39,24633,823,6293,6293,1.54,1.54,21.2,0.0,48.8,5,5,1,1,1,1,0,0
NIFTY,W_1345_1520,SLP30,18,174.1,4084,4239,77.8,-6832,2.83,2.83,0.0,0.000452,cell(n=11),104.8,dte,353,548,39,29160,919,6293,6293,1.54,1.54,21.2,0.0,48.8,5,5,1,1,1,1,0,0
NIFTY,W_1345_1520,SLP40,18,174.1,4084,4239,77.8,-6832,2.83,2.83,0.0,0.000452,cell(n=11),104.8,dte,353,548,39,38213,829,6293,6293,1.54,1.54,21.2,0.0,48.8,5,5,1,1,1,1,0,0
NIFTY,W_1400_1430,NOSTOP,18,171.1,904,483,77.8,-8712,0.65,0.65,0.0,0.001379,pooled(n=1115),57.3,dte,353,548,39,,,9028,9028,9.99,9.99,10.5,0.0,32.6,0,4,1,0,1,0,0,0
NIFTY,W_1400_1430,R1000,18,171.1,904,44,77.8,-16608,0.04,0.04,5.6,0.001379,pooled(n=1115),57.3,dte,353,548,39,10000,934,9028,9028,9.99,9.99,11.3,4.0,32.6,0,4,1,0,1,0,0,0
NIFTY,W_1400_1430,R1500,18,171.1,904,483,77.8,-8712,0.65,0.65,0.0,0.001379,pooled(n=1115),57.3,dte,353,548,39,14000,1074,9028,9028,9.99,9.99,10.8,1.4,32.6,0,4,1,0,1,0,0,0
NIFTY,W_1400_1430,R2500,18,171.1,904,483,77.8,-8712,0.65,0.65,0.0,0.001379,pooled(n=1115),57.3,dte,353,548,39,22000,1156,9028,9028,9.99,9.99,10.5,0.3,32.6,0,4,1,0,1,0,0,0
NIFTY,W_1400_1430,R500,18,171.1,904,-56,77.8,-12088,-0.05,-0.05,11.1,0.001379,pooled(n=1115),57.3,dte,353,548,39,6000,771,6000,9028,6.64,9.99,21.2,21.2,32.6,0,4,1,0,1,0,0,0
NIFTY,W_1400_1430,SLP10,18,171.1,904,44,77.8,-16608,0.04,0.04,5.6,0.001379,pooled(n=1115),57.3,dte,353,548,39,10896,988,9028,9028,9.99,9.99,11.0,2.5,32.6,0,4,1,0,1,0,0,0
NIFTY,W_1400_1430,SLP15,18,171.1,904,-2,77.8,-17440,-0.0,-0.0,5.6,0.001379,pooled(n=1115),57.3,dte,353,548,39,15344,1135,9028,9028,9.99,9.99,10.8,1.4,32.6,0,4,1,0,1,0,0,0
NIFTY,W_1400_1430,SLP20,18,171.1,904,483,77.8,-8712,0.65,0.65,0.0,0.001379,pooled(n=1115),57.3,dte,353,548,39,19792,978,9028,9028,9.99,9.99,10.5,0.3,32.6,0,4,1,0,1,0,0,0
NIFTY,W_1400_1430,SLP25,18,171.1,904,483,77.8,-8712,0.65,0.65,0.0,0.001379,pooled(n=1115),57.3,dte,353,548,39,24240,823,9028,9028,9.99,9.99,10.5,0.3,32.6,0,4,1,0,1,0,0,0
NIFTY,W_1400_1430,SLP30,18,171.1,904,483,77.8,-8712,0.65,0.65,0.0,0.001379,pooled(n=1115),57.3,dte,353,548,39,28688,919,9028,9028,9.99,9.99,10.5,0.0,32.6,0,4,1,0,1,0,0,0
NIFTY,W_1400_1430,SLP40,18,171.1,904,483,77.8,-8712,0.65,0.65,0.0,0.001379,pooled(n=1115),57.3,dte,353,548,39,37584,829,9028,9028,9.99,9.99,10.5,0.0,32.6,0,4,1,0,1,0,0,0
NIFTY,W_1400_1445,NOSTOP,18,171.1,1384,554,66.7,-6696,0.67,0.67,0.0,0.001379,pooled(n=1115),74.1,dte,353,548,39,,,11088,11088,8.01,8.01,0.8,0.0,107.1,1,5,1,0,1,0,0,0
NIFTY,W_1400_1445,R1000,18,171.1,1384,-35,66.7,-16608,-0.03,-0.03,5.6,0.001379,pooled(n=1115),74.1,dte,353,548,39,10000,934,10000,11088,7.23,8.01,7.6,7.6,107.1,1,5,1,0,1,0,0,0
NIFTY,W_1400_1445,R1500,18,171.1,1384,554,66.7,-6696,0.67,0.67,0.0,0.001379,pooled(n=1115),74.1,dte,353,548,39,14000,1074,11088,11088,8.01,8.01,2.8,2.8,107.1,1,5,1,0,1,0,0,0
NIFTY,W_1400_1445,R2500,18,171.1,1384,554,66.7,-6696,0.67,0.67,0.0,0.001379,pooled(n=1115),74.1,dte,353,548,39,22000,1156,11088,11088,8.01,8.01,1.1,0.6,107.1,1,5,1,0,1,0,0,0
NIFTY,W_1400_1445,R500,18,171.1,1384,-536,66.7,-12088,-0.41,-0.41,16.7,0.001379,pooled(n=1115),74.1,dte,353,548,39,6000,771,6000,11088,4.34,8.01,30.3,30.3,66.7,2,5,1,0,1,0,0,0
NIFTY,W_1400_1445,SLP10,18,171.1,1384,-35,66.7,-16608,-0.03,-0.03,5.6,0.001379,pooled(n=1115),74.1,dte,353,548,39,10896,988,10896,11088,7.87,8.01,5.9,5.9,107.1,1,5,1,0,1,0,0,0
NIFTY,W_1400_1445,SLP15,18,171.1,1384,-81,66.7,-17440,-0.06,-0.06,5.6,0.001379,pooled(n=1115),74.1,dte,353,548,39,15344,1135,11088,11088,8.01,8.01,2.5,2.5,107.1,1,5,1,0,1,0,0,0
NIFTY,W_1400_1445,SLP20,18,171.1,1384,554,66.7,-6696,0.67,0.67,0.0,0.001379,pooled(n=1115),74.1,dte,353,548,39,19792,978,11088,11088,8.01,8.01,1.1,0.8,107.1,1,5,1,0,1,0,0,0
NIFTY,W_1400_1445,SLP25,18,171.1,1384,554,66.7,-6696,0.67,0.67,0.0,0.001379,pooled(n=1115),74.1,dte,353,548,39,24240,823,11088,11088,8.01,8.01,1.1,0.3,107.1,1,5,1,0,1,0,0,0
NIFTY,W_1400_1445,SLP30,18,171.1,1384,554,66.7,-6696,0.67,0.67,0.0,0.001379,pooled(n=1115),74.1,dte,353,548,39,28688,919,11088,11088,8.01,8.01,0.8,0.0,107.1,1,5,1,0,1,0,0,0
NIFTY,W_1400_1445,SLP40,18,171.1,1384,554,66.7,-6696,0.67,0.67,0.0,0.001379,pooled(n=1115),74.1,dte,353,548,39,37584,829,11088,11088,8.01,8.01,0.8,0.0,107.1,1,5,1,0,1,0,0,0
NIFTY,W_1400_1500,NOSTOP,18,171.1,3052,2492,72.2,-5840,2.47,2.47,0.0,0.001379,pooled(n=1115),91.4,dte,353,548,39,,,13210,13210,4.33,4.33,0.0,0.0,366.4,3,5,1,0,1,1,0,0
NIFTY,W_1400_1500,R1000,18,171.1,3052,1208,72.2,-16608,0.71,0.71,11.1,0.001379,pooled(n=1115),91.4,dte,353,548,39,10000,934,10000,13210,3.28,4.33,12.2,12.2,691.4,3,5,1,0,1,1,0,0
NIFTY,W_1400_1500,R1500,18,171.1,3052,2492,72.2,-5840,2.47,2.47,0.0,0.001379,pooled(n=1115),91.4,dte,353,548,39,14000,1074,13210,13210,4.33,4.33,4.2,4.2,366.4,3,5,1,0,1,1,0,0
NIFTY,W_1400_1500,R2500,18,171.1,3052,2492,72.2,-5840,2.47,2.47,0.0,0.001379,pooled(n=1115),91.4,dte,353,548,39,22000,1156,13210,13210,4.33,4.33,1.1,1.1,366.4,3,5,1,0,1,1,0,0
NIFTY,W_1400_1500,R500,18,171.1,3052,1176,72.2,-12088,0.75,0.75,16.7,0.001379,pooled(n=1115),91.4,dte,353,548,39,6000,771,6000,12166,1.97,3.99,39.9,39.9,691.4,3,5,1,1,1,1,0,0
NIFTY,W_1400_1500,SLP10,18,171.1,3052,1208,72.2,-16608,0.71,0.71,11.1,0.001379,pooled(n=1115),91.4,dte,353,548,39,10896,988,10896,13210,3.57,4.33,9.9,9.9,691.4,3,5,1,0,1,1,0,0
NIFTY,W_1400_1500,SLP15,18,171.1,3052,1759,72.2,-17440,1.2,1.2,5.6,0.001379,pooled(n=1115),91.4,dte,353,548,39,15344,1135,13210,13210,4.33,4.33,2.8,2.8,691.4,3,5,1,0,1,1,0,0
NIFTY,W_1400_1500,SLP20,18,171.1,3052,2492,72.2,-5840,2.47,2.47,0.0,0.001379,pooled(n=1115),91.4,dte,353,548,39,19792,978,13210,13210,4.33,4.33,1.4,1.4,366.4,3,5,1,0,1,1,0,0
NIFTY,W_1400_1500,SLP25,18,171.1,3052,2492,72.2,-5840,2.47,2.47,0.0,0.001379,pooled(n=1115),91.4,dte,353,548,39,24240,823,13210,13210,4.33,4.33,0.6,0.6,366.4,3,5,1,0,1,1,0,0
NIFTY,W_1400_1500,SLP30,18,171.1,3052,2492,72.2,-5840,2.47,2.47,0.0,0.001379,pooled(n=1115),91.4,dte,353,548,39,28688,919,13210,13210,4.33,4.33,0.0,0.0,366.4,3,5,1,0,1,1,0,0
NIFTY,W_1400_1500,SLP40,18,171.1,3052,2492,72.2,-5840,2.47,2.47,0.0,0.001379,pooled(n=1115),91.4,dte,353,548,39,37584,829,13210,13210,4.33,4.33,0.0,0.0,366.4,3,5,1,0,1,1,0,0
NIFTY,W_1400_1515,NOSTOP,18,171.1,2972,2510,61.1,-8544,1.82,1.82,0.0,0.000354,cell(n=8),99.1,dte,353,548,39,,,5117,5117,1.72,1.72,7.6,0.0,72.6,4,5,1,1,1,1,0,0
NIFTY,W_1400_1515,R1000,18,171.1,2972,1454,61.1,-16608,0.77,0.77,11.1,0.000354,cell(n=8),99.1,dte,353,548,39,10000,934,5117,5117,1.72,1.72,7.6,0.0,72.6,4,5,1,1,1,1,0,0
NIFTY,W_1400_1515,R1500,18,171.1,2972,2510,61.1,-8544,1.82,1.82,0.0,0.000354,cell(n=8),99.1,dte,353,548,39,14000,1074,5117,5117,1.72,1.72,7.6,0.0,72.6,4,5,1,1,1,1,0,0
NIFTY,W_1400_1515,R2500,18,171.1,2972,2510,61.1,-8544,1.82,1.82,0.0,0.000354,cell(n=8),99.1,dte,353,548,39,22000,1156,5117,5117,1.72,1.72,7.6,0.0,72.6,4,5,1,1,1,1,0,0
NIFTY,W_1400_1515,R500,18,171.1,2972,832,61.1,-12088,0.44,0.44,22.2,0.000354,cell(n=8),99.1,dte,353,548,39,6000,771,5117,5117,1.72,1.72,32.9,2.3,31.6,5,5,1,1,1,1,0,0
NIFTY,W_1400_1515,SLP10,18,171.1,2972,1454,61.1,-16608,0.77,0.77,11.1,0.000354,cell(n=8),99.1,dte,353,548,39,10896,988,5117,5117,1.72,1.72,7.6,0.0,72.6,4,5,1,1,1,1,0,0
NIFTY,W_1400_1515,SLP15,18,171.1,2972,1856,61.1,-17440,1.08,1.08,5.6,0.000354,cell(n=8),99.1,dte,353,548,39,15344,1135,5117,5117,1.72,1.72,7.6,0.0,72.6,4,5,1,1,1,1,0,0
NIFTY,W_1400_1515,SLP20,18,171.1,2972,2510,61.1,-8544,1.82,1.82,0.0,0.000354,cell(n=8),99.1,dte,353,548,39,19792,978,5117,5117,1.72,1.72,7.6,0.0,72.6,4,5,1,1,1,1,0,0
NIFTY,W_1400_1515,SLP25,18,171.1,2972,2510,61.1,-8544,1.82,1.82,0.0,0.000354,cell(n=8),99.1,dte,353,548,39,24240,823,5117,5117,1.72,1.72,7.6,0.0,72.6,4,5,1,1,1,1,0,0
NIFTY,W_1400_1515,SLP30,18,171.1,2972,2510,61.1,-8544,1.82,1.82,0.0,0.000354,cell(n=8),99.1,dte,353,548,39,28688,919,5117,5117,1.72,1.72,7.6,0.0,72.6,4,5,1,1,1,1,0,0
NIFTY,W_1400_1515,SLP40,18,171.1,2972,2510,61.1,-8544,1.82,1.82,0.0,0.000354,cell(n=8),99.1,dte,353,548,39,37584,829,5117,5117,1.72,1.72,7.6,0.0,72.6,4,5,1,1,1,1,0,0
NIFTY,W_1400_1520,NOSTOP,18,171.1,2708,3184,77.8,-7552,2.23,2.23,0.0,0.000351,cell(n=8),99.1,dte,353,548,39,,,5092,5092,1.88,1.88,23.2,0.0,42.5,3,3,1,1,1,1,0,0
NIFTY,W_1400_1520,R1000,18,171.1,2708,2075,77.8,-16608,1.05,1.05,11.1,0.000351,cell(n=8),99.1,dte,353,548,39,10000,934,5092,5092,1.88,1.88,23.2,0.0,42.5,3,3,1,1,1,1,0,0
NIFTY,W_1400_1520,R1500,18,171.1,2708,3184,77.8,-7552,2.23,2.23,0.0,0.000351,cell(n=8),99.1,dte,353,548,39,14000,1074,5092,5092,1.88,1.88,23.2,0.0,42.5,3,3,1,1,1,1,0,0
NIFTY,W_1400_1520,R2500,18,171.1,2708,3184,77.8,-7552,2.23,2.23,0.0,0.000351,cell(n=8),99.1,dte,353,548,39,22000,1156,5092,5092,1.88,1.88,23.2,0.0,42.5,3,3,1,1,1,1,0,0
NIFTY,W_1400_1520,R500,18,171.1,2708,1544,72.2,-12088,0.78,0.78,22.2,0.000351,cell(n=8),99.1,dte,353,548,39,6000,771,5092,5092,1.88,1.88,38.8,2.3,28.2,3,3,1,1,1,1,0,0
NIFTY,W_1400_1520,SLP10,18,171.1,2708,2075,77.8,-16608,1.05,1.05,11.1,0.000351,cell(n=8),99.1,dte,353,548,39,10896,988,5092,5092,1.88,1.88,23.2,0.0,42.5,3,3,1,1,1,1,0,0
NIFTY,W_1400_1520,SLP15,18,171.1,2708,2532,77.8,-17440,1.43,1.43,5.6,0.000351,cell(n=8),99.1,dte,353,548,39,15344,1135,5092,5092,1.88,1.88,23.2,0.0,42.5,3,3,1,1,1,1,0,0
NIFTY,W_1400_1520,SLP20,18,171.1,2708,3184,77.8,-7552,2.23,2.23,0.0,0.000351,cell(n=8),99.1,dte,353,548,39,19792,978,5092,5092,1.88,1.88,23.2,0.0,42.5,3,3,1,1,1,1,0,0
NIFTY,W_1400_1520,SLP25,18,171.1,2708,3184,77.8,-7552,2.23,2.23,0.0,0.000351,cell(n=8),99.1,dte,353,548,39,24240,823,5092,5092,1.88,1.88,23.2,0.0,42.5,3,3,1,1,1,1,0,0
NIFTY,W_1400_1520,SLP30,18,171.1,2708,3184,77.8,-7552,2.23,2.23,0.0,0.000351,cell(n=8),99.1,dte,353,548,39,28688,919,5092,5092,1.88,1.88,23.2,0.0,42.5,3,3,1,1,1,1,0,0
NIFTY,W_1400_1520,SLP40,18,171.1,2708,3184,77.8,-7552,2.23,2.23,0.0,0.000351,cell(n=8),99.1,dte,353,548,39,37584,829,5092,5092,1.88,1.88,23.2,0.0,42.5,3,3,1,1,1,1,0,0
SENSEX,W_0916_0946,NOSTOP,18,936.4,1812,1219,72.2,-5616,1.32,1.32,0.0,0.00083,cell(n=9),79.2,mon,132,280,50,,,11454,11454,6.32,6.32,1.5,0.0,76.4,0,2,1,0,1,0,0,0
SENSEX,W_0916_0946,R1000,18,936.4,1812,1219,72.2,-5616,1.32,1.32,0.0,0.00083,cell(n=9),79.2,mon,132,280,50,9600,1168,9600,11454,5.3,6.32,3.0,3.0,76.4,0,2,1,0,1,0,0,0
SENSEX,W_0916_0946,R1500,18,936.4,1812,1219,72.2,-5616,1.32,1.32,0.0,0.00083,cell(n=9),79.2,mon,132,280,50,13600,1246,11454,11454,6.32,6.32,1.5,1.5,76.4,0,2,1,0,1,0,0,0
SENSEX,W_0916_0946,R2500,18,936.4,1812,1219,72.2,-5616,1.32,1.32,0.0,0.00083,cell(n=9),79.2,mon,132,280,50,21600,1522,11454,11454,6.32,6.32,1.5,0.8,76.4,0,2,1,0,1,0,0,0
SENSEX,W_0916_0946,R500,18,936.4,-3300,-1980,44.4,-10024,-1.6,-1.6,38.9,0.00083,cell(n=9),79.2,mon,132,280,50,5600,657,5600,10856,,,100.0,28.0,-22.5,0,2,0,0,0,0,0,0
SENSEX,W_0916_0946,SLP10,18,936.4,1812,1219,72.2,-5616,1.32,1.32,0.0,0.00083,cell(n=9),79.2,mon,132,280,50,16582,1208,11454,11454,6.32,6.32,1.5,0.8,76.4,0,2,1,0,1,0,0,0
SENSEX,W_0916_0946,SLP15,18,936.4,1812,1219,72.2,-5616,1.32,1.32,0.0,0.00083,cell(n=9),79.2,mon,132,280,50,24074,1457,11454,11454,6.32,6.32,1.5,0.8,76.4,0,2,1,0,1,0,0,0
SENSEX,W_0916_0946,SLP20,18,936.4,1812,1219,72.2,-5616,1.32,1.32,0.0,0.00083,cell(n=9),79.2,mon,132,280,50,31565,1469,11454,11454,6.32,6.32,1.5,0.0,76.4,0,2,1,0,1,0,0,0
SENSEX,W_0916_0946,SLP25,18,936.4,1812,1219,72.2,-5616,1.32,1.32,0.0,0.00083,cell(n=9),79.2,mon,132,280,50,39056,1356,11454,11454,6.32,6.32,1.5,0.0,76.4,0,2,1,0,1,0,0,0
SENSEX,W_0916_0946,SLP30,18,936.4,1812,1219,72.2,-5616,1.32,1.32,0.0,0.00083,cell(n=9),79.2,mon,132,280,50,46547,1546,11454,11454,6.32,6.32,1.5,0.0,76.4,0,2,1,0,1,0,0,0
SENSEX,W_0916_0946,SLP40,18,936.4,1812,1219,72.2,-5616,1.32,1.32,0.0,0.00083,cell(n=9),79.2,mon,132,280,50,61530,1346,11454,11454,6.32,6.32,1.5,0.0,76.4,0,2,1,0,1,0,0,0
SENSEX,W_0916_1001,NOSTOP,18,936.4,2528,1805,61.1,-18080,1.18,1.18,0.0,0.000619,cell(n=12),90.0,mon,132,280,50,,,9941,9941,3.93,3.93,6.1,0.0,50.5,0,4,1,0,1,0,0,0
SENSEX,W_0916_1001,R1000,18,936.4,2528,2157,61.1,-11752,1.67,1.67,5.6,0.000619,cell(n=12),90.0,mon,132,280,50,9600,1168,9600,9941,3.8,3.93,6.1,2.3,50.5,0,4,1,0,1,0,0,0
SENSEX,W_0916_1001,R1500,18,936.4,2528,1920,61.1,-16008,1.32,1.32,5.6,0.000619,cell(n=12),90.0,mon,132,280,50,13600,1246,9941,9941,3.93,3.93,6.1,0.8,50.5,0,4,1,0,1,0,0,0
SENSEX,W_0916_1001,R2500,18,936.4,2528,1805,61.1,-18080,1.18,1.18,0.0,0.000619,cell(n=12),90.0,mon,132,280,50,21600,1522,9941,9941,3.93,3.93,6.1,0.8,50.5,0,4,1,0,1,0,0,0
SENSEX,W_0916_1001,R500,18,936.4,-1184,-1184,44.4,-10024,-0.78,-0.78,44.4,0.000619,cell(n=12),90.0,mon,132,280,50,5600,657,5600,9941,,,100.0,22.0,-8.5,1,4,0,0,0,0,0,0
SENSEX,W_0916_1001,SLP10,18,936.4,2528,1816,61.1,-17888,1.19,1.19,5.6,0.000619,cell(n=12),90.0,mon,132,280,50,16582,1208,9941,9941,3.93,3.93,6.1,0.8,50.5,0,4,1,0,1,0,0,0
SENSEX,W_0916_1001,SLP15,18,936.4,2528,1805,61.1,-18080,1.18,1.18,0.0,0.000619,cell(n=12),90.0,mon,132,280,50,24074,1457,9941,9941,3.93,3.93,6.1,0.0,50.5,0,4,1,0,1,0,0,0
SENSEX,W_0916_1001,SLP20,18,936.4,2528,1805,61.1,-18080,1.18,1.18,0.0,0.000619,cell(n=12),90.0,mon,132,280,50,31565,1469,9941,9941,3.93,3.93,6.1,0.0,50.5,0,4,1,0,1,0,0,0
SENSEX,W_0916_1001,SLP25,18,936.4,2528,1805,61.1,-18080,1.18,1.18,0.0,0.000619,cell(n=12),90.0,mon,132,280,50,39056,1356,9941,9941,3.93,3.93,6.1,0.0,50.5,0,4,1,0,1,0,0,0
SENSEX,W_0916_1001,SLP30,18,936.4,2528,1805,61.1,-18080,1.18,1.18,0.0,0.000619,cell(n=12),90.0,mon,132,280,50,46547,1546,9941,9941,3.93,3.93,6.1,0.0,50.5,0,4,1,0,1,0,0,0
SENSEX,W_0916_1001,SLP40,18,936.4,2528,1805,61.1,-18080,1.18,1.18,0.0,0.000619,cell(n=12),90.0,mon,132,280,50,61530,1346,9941,9941,3.93,3.93,6.1,0.0,50.5,0,4,1,0,1,0,0,0
SENSEX,W_0916_1016,NOSTOP,18,936.4,2636,2707,72.2,-11816,2.05,2.05,0.0,0.000607,cell(n=13),96.5,mon,132,280,50,,,10372,10372,3.93,3.93,34.8,0.0,25.8,0,4,1,0,1,0,0,0
SENSEX,W_0916_1016,R1000,18,936.4,2636,2710,72.2,-11752,2.06,2.06,5.6,0.000607,cell(n=13),96.5,mon,132,280,50,9600,1168,9600,10372,3.64,3.93,34.8,2.3,25.8,0,4,1,0,1,0,0,0
SENSEX,W_0916_1016,R1500,18,936.4,2636,2474,72.2,-16008,1.67,1.67,5.6,0.000607,cell(n=13),96.5,mon,132,280,50,13600,1246,10372,10372,3.93,3.93,34.8,0.8,25.8,0,4,1,0,1,0,0,0
SENSEX,W_0916_1016,R2500,18,936.4,2636,2707,72.2,-11816,2.05,2.05,0.0,0.000607,cell(n=13),96.5,mon,132,280,50,21600,1522,10372,10372,3.93,3.93,34.8,0.8,25.8,0,4,1,0,1,0,0,0
SENSEX,W_0916_1016,R500,18,936.4,136,-732,50.0,-10024,-0.47,-0.47,44.4,0.000607,cell(n=13),96.5,mon,132,280,50,5600,657,5600,10372,41.18,76.26,68.2,25.8,11.6,1,4,0,0,0,0,0,0
SENSEX,W_0916_1016,SLP10,18,936.4,2636,2369,72.2,-17888,1.52,1.52,5.6,0.000607,cell(n=13),96.5,mon,132,280,50,16582,1208,10372,10372,3.93,3.93,34.8,0.8,25.8,0,4,1,0,1,0,0,0
SENSEX,W_0916_1016,SLP15,18,936.4,2636,2707,72.2,-11816,2.05,2.05,0.0,0.000607,cell(n=13),96.5,mon,132,280,50,24074,1457,10372,10372,3.93,3.93,34.8,0.0,25.8,0,4,1,0,1,0,0,0
SENSEX,W_0916_1016,SLP20,18,936.4,2636,2707,72.2,-11816,2.05,2.05,0.0,0.000607,cell(n=13),96.5,mon,132,280,50,31565,1469,10372,10372,3.93,3.93,34.8,0.0,25.8,0,4,1,0,1,0,0,0
SENSEX,W_0916_1016,SLP25,18,936.4,2636,2707,72.2,-11816,2.05,2.05,0.0,0.000607,cell(n=13),96.5,mon,132,280,50,39056,1356,10372,10372,3.93,3.93,34.8,0.0,25.8,0,4,1,0,1,0,0,0
SENSEX,W_0916_1016,SLP30,18,936.4,2636,2707,72.2,-11816,2.05,2.05,0.0,0.000607,cell(n=13),96.5,mon,132,280,50,46547,1546,10372,10372,3.93,3.93,34.8,0.0,25.8,0,4,1,0,1,0,0,0
SENSEX,W_0916_1016,SLP40,18,936.4,2636,2707,72.2,-11816,2.05,2.05,0.0,0.000607,cell(n=13),96.5,mon,132,280,50,61530,1346,10372,10372,3.93,3.93,34.8,0.0,25.8,0,4,1,0,1,0,0,0
SENSEX,W_0916_1031,NOSTOP,18,936.4,2848,2556,72.2,-21464,1.37,1.37,0.0,0.000498,cell(n=14),96.5,mon,132,280,50,,,8806,8806,3.09,3.09,37.9,0.0,25.4,0,4,1,0,1,0,0,0
SENSEX,W_0916_1031,R1000,18,936.4,2848,3096,72.2,-11752,2.07,2.07,5.6,0.000498,cell(n=14),96.5,mon,132,280,50,9600,1168,8806,8806,3.09,3.09,37.1,0.8,26.6,0,4,1,0,1,0,0,0
SENSEX,W_0916_1031,R1500,18,936.4,2848,2859,72.2,-16008,1.74,1.74,5.6,0.000498,cell(n=14),96.5,mon,132,280,50,13600,1246,8806,8806,3.09,3.09,37.9,0.8,25.3,0,4,1,0,1,0,0,0
SENSEX,W_0916_1031,R2500,18,936.4,2848,2472,72.2,-22984,1.28,1.28,5.6,0.000498,cell(n=14),96.5,mon,132,280,50,21600,1522,8806,8806,3.09,3.09,37.9,0.0,25.4,0,4,1,0,1,0,0,0
SENSEX,W_0916_1031,R500,18,936.4,204,-244,50.0,-10024,-0.14,-0.14,44.4,0.000498,cell(n=14),96.5,mon,132,280,50,5600,657,5600,8806,27.45,43.17,57.6,19.7,18.6,0,4,0,0,0,0,0,0
SENSEX,W_0916_1031,SLP10,18,936.4,2848,2755,72.2,-17888,1.6,1.6,5.6,0.000498,cell(n=14),96.5,mon,132,280,50,16582,1208,8806,8806,3.09,3.09,37.9,0.8,25.3,0,4,1,0,1,0,0,0
SENSEX,W_0916_1031,SLP15,18,936.4,2848,2253,72.2,-26912,1.07,1.07,5.6,0.000498,cell(n=14),96.5,mon,132,280,50,24074,1457,8806,8806,3.09,3.09,37.9,0.0,25.4,0,4,1,0,1,0,0,0
SENSEX,W_0916_1031,SLP20,18,936.4,2848,2556,72.2,-21464,1.37,1.37,0.0,0.000498,cell(n=14),96.5,mon,132,280,50,31565,1469,8806,8806,3.09,3.09,37.9,0.0,25.4,0,4,1,0,1,0,0,0
SENSEX,W_0916_1031,SLP25,18,936.4,2848,2556,72.2,-21464,1.37,1.37,0.0,0.000498,cell(n=14),96.5,mon,132,280,50,39056,1356,8806,8806,3.09,3.09,37.9,0.0,25.4,0,4,1,0,1,0,0,0
SENSEX,W_0916_1031,SLP30,18,936.4,2848,2556,72.2,-21464,1.37,1.37,0.0,0.000498,cell(n=14),96.5,mon,132,280,50,46547,1546,8806,8806,3.09,3.09,37.9,0.0,25.4,0,4,1,0,1,0,0,0
SENSEX,W_0916_1031,SLP40,18,936.4,2848,2556,72.2,-21464,1.37,1.37,0.0,0.000498,cell(n=14),96.5,mon,132,280,50,61530,1346,8806,8806,3.09,3.09,37.9,0.0,25.4,0,4,1,0,1,0,0,0
SENSEX,W_0916_1046,NOSTOP,18,936.4,2220,2230,66.7,-24672,1.1,1.1,0.0,0.000498,cell(n=14),99.0,mon,132,280,50,,,8993,8993,4.05,4.05,37.1,0.0,27.1,0,4,1,0,1,0,0,0
SENSEX,W_0916_1046,R1000,18,936.4,2220,2547,66.7,-11752,1.51,1.51,11.1,0.000498,cell(n=14),99.0,mon,132,280,50,9600,1168,8993,8993,4.05,4.05,34.8,0.8,27.6,0,4,1,0,1,0,0,0
SENSEX,W_0916_1046,R1500,18,936.4,2220,2712,66.7,-16008,1.62,1.62,5.6,0.000498,cell(n=14),99.0,mon,132,280,50,13600,1246,8993,8993,4.05,4.05,34.8,0.8,27.6,0,4,1,0,1,0,0,0
SENSEX,W_0916_1046,R2500,18,936.4,2220,2324,66.7,-22984,1.19,1.19,5.6,0.000498,cell(n=14),99.0,mon,132,280,50,21600,1522,8993,8993,4.05,4.05,37.1,0.0,27.1,0,4,1,0,1,0,0,0
SENSEX,W_0916_1046,R500,18,936.4,-1708,-542,44.4,-10024,-0.31,-0.31,44.4,0.000498,cell(n=14),99.0,mon,132,280,50,5600,657,5600,8993,,,42.4,22.7,25.3,0,4,0,0,0,0,0,0
SENSEX,W_0916_1046,SLP10,18,936.4,2220,2607,66.7,-17888,1.49,1.49,5.6,0.000498,cell(n=14),99.0,mon,132,280,50,16582,1208,8993,8993,4.05,4.05,35.6,0.8,27.3,0,4,1,0,1,0,0,0
SENSEX,W_0916_1046,SLP15,18,936.4,2220,2106,66.7,-26912,0.99,0.99,5.6,0.000498,cell(n=14),99.0,mon,132,280,50,24074,1457,8993,8993,4.05,4.05,37.1,0.0,27.1,0,4,1,0,1,0,0,0
SENSEX,W_0916_1046,SLP20,18,936.4,2220,2230,66.7,-24672,1.1,1.1,0.0,0.000498,cell(n=14),99.0,mon,132,280,50,31565,1469,8993,8993,4.05,4.05,37.1,0.0,27.1,0,4,1,0,1,0,0,0
SENSEX,W_0916_1046,SLP25,18,936.4,2220,2230,66.7,-24672,1.1,1.1,0.0,0.000498,cell(n=14),99.0,mon,132,280,50,39056,1356,8993,8993,4.05,4.05,37.1,0.0,27.1,0,4,1,0,1,0,0,0
SENSEX,W_0916_1046,SLP30,18,936.4,2220,2230,66.7,-24672,1.1,1.1,0.0,0.000498,cell(n=14),99.0,mon,132,280,50,46547,1546,8993,8993,4.05,4.05,37.1,0.0,27.1,0,4,1,0,1,0,0,0
SENSEX,W_0916_1046,SLP40,18,936.4,2220,2230,66.7,-24672,1.1,1.1,0.0,0.000498,cell(n=14),99.0,mon,132,280,50,61530,1346,8993,8993,4.05,4.05,37.1,0.0,27.1,0,4,1,0,1,0,0,0
SENSEX,W_0916_1101,NOSTOP,18,936.4,2172,2612,72.2,-20536,1.37,1.37,0.0,0.000557,cell(n=15),102.7,mon,132,280,50,,,10178,10178,4.69,4.69,33.3,0.0,29.4,0,4,1,0,1,0,0,0
SENSEX,W_0916_1101,R1000,18,936.4,2172,2508,72.2,-11752,1.41,1.41,11.1,0.000557,cell(n=15),102.7,mon,132,280,50,9600,1168,9600,10178,4.42,4.69,34.1,2.3,29.3,0,4,1,0,1,0,0,0
SENSEX,W_0916_1101,R1500,18,936.4,2172,2864,72.2,-16008,1.65,1.65,5.6,0.000557,cell(n=15),102.7,mon,132,280,50,13600,1246,10178,10178,4.69,4.69,33.3,0.8,29.5,0,4,1,0,1,0,0,0
SENSEX,W_0916_1101,R2500,18,936.4,2172,2476,72.2,-22984,1.24,1.24,5.6,0.000557,cell(n=15),102.7,mon,132,280,50,21600,1522,10178,10178,4.69,4.69,33.3,0.8,29.4,0,4,1,0,1,0,0,0
SENSEX,W_0916_1101,R500,18,936.4,-3256,-834,50.0,-10024,-0.45,-0.45,50.0,0.000557,cell(n=15),102.7,mon,132,280,50,5600,657,5600,10178,,,62.1,31.8,16.7,0,4,0,0,0,0,0,0
SENSEX,W_0916_1101,SLP10,18,936.4,2172,2759,72.2,-17888,1.53,1.53,5.6,0.000557,cell(n=15),102.7,mon,132,280,50,16582,1208,10178,10178,4.69,4.69,33.3,0.8,29.4,0,4,1,0,1,0,0,0
SENSEX,W_0916_1101,SLP15,18,936.4,2172,2258,72.2,-26912,1.04,1.04,5.6,0.000557,cell(n=15),102.7,mon,132,280,50,24074,1457,10178,10178,4.69,4.69,33.3,0.8,29.4,0,4,1,0,1,0,0,0
SENSEX,W_0916_1101,SLP20,18,936.4,2172,2612,72.2,-20536,1.37,1.37,0.0,0.000557,cell(n=15),102.7,mon,132,280,50,31565,1469,10178,10178,4.69,4.69,33.3,0.0,29.4,0,4,1,0,1,0,0,0
SENSEX,W_0916_1101,SLP25,18,936.4,2172,2612,72.2,-20536,1.37,1.37,0.0,0.000557,cell(n=15),102.7,mon,132,280,50,39056,1356,10178,10178,4.69,4.69,33.3,0.0,29.4,0,4,1,0,1,0,0,0
SENSEX,W_0916_1101,SLP30,18,936.4,2172,2612,72.2,-20536,1.37,1.37,0.0,0.000557,cell(n=15),102.7,mon,132,280,50,46547,1546,10178,10178,4.69,4.69,33.3,0.0,29.4,0,4,1,0,1,0,0,0
SENSEX,W_0916_1101,SLP40,18,936.4,2172,2612,72.2,-20536,1.37,1.37,0.0,0.000557,cell(n=15),102.7,mon,132,280,50,61530,1346,10178,10178,4.69,4.69,33.3,0.0,29.4,0,4,1,0,1,0,0,0
SENSEX,W_0916_1116,NOSTOP,18,936.4,2184,2702,72.2,-27024,1.2,1.2,0.0,0.000542,cell(n=15),110.3,mon,132,280,50,,,10561,10561,4.84,4.84,34.8,0.0,29.2,1,3,1,0,1,0,0,0
SENSEX,W_0916_1116,R1000,18,936.4,2184,2911,66.7,-11752,1.55,1.55,11.1,0.000542,cell(n=15),110.3,mon,132,280,50,9600,1168,9600,10561,4.4,4.84,30.3,2.3,31.8,0,3,1,0,1,0,0,0
SENSEX,W_0916_1116,R1500,18,936.4,2184,3314,72.2,-16008,1.82,1.82,5.6,0.000542,cell(n=15),110.3,mon,132,280,50,13600,1246,10561,10561,4.84,4.84,31.1,0.8,31.0,0,3,1,0,1,0,0,0
SENSEX,W_0916_1116,R2500,18,936.4,2184,2926,72.2,-22984,1.4,1.4,5.6,0.000542,cell(n=15),110.3,mon,132,280,50,21600,1522,10561,10561,4.84,4.84,34.1,0.8,29.7,1,3,1,0,1,0,0,0
SENSEX,W_0916_1116,R500,18,936.4,-6560,-585,44.4,-10024,-0.29,-0.29,55.6,0.000542,cell(n=15),110.3,mon,132,280,50,5600,657,5600,10561,,,100.0,31.1,-50.2,0,3,0,0,0,0,0,0
SENSEX,W_0916_1116,SLP10,18,936.4,2184,3209,72.2,-17888,1.7,1.7,5.6,0.000542,cell(n=15),110.3,mon,132,280,50,16582,1208,10561,10561,4.84,4.84,31.1,0.8,31.0,1,3,1,0,1,0,0,0
SENSEX,W_0916_1116,SLP15,18,936.4,2184,2708,72.2,-26912,1.2,1.2,5.6,0.000542,cell(n=15),110.3,mon,132,280,50,24074,1457,10561,10561,4.84,4.84,34.8,0.8,29.2,1,3,1,0,1,0,0,0
SENSEX,W_0916_1116,SLP20,18,936.4,2184,2437,72.2,-31792,0.99,0.99,5.6,0.000542,cell(n=15),110.3,mon,132,280,50,31565,1469,10561,10561,4.84,4.84,34.8,0.8,29.2,1,3,1,0,1,0,0,0
SENSEX,W_0916_1116,SLP25,18,936.4,2184,2702,72.2,-27024,1.2,1.2,0.0,0.000542,cell(n=15),110.3,mon,132,280,50,39056,1356,10561,10561,4.84,4.84,34.8,0.0,29.2,1,3,1,0,1,0,0,0
SENSEX,W_0916_1116,SLP30,18,936.4,2184,2702,72.2,-27024,1.2,1.2,0.0,0.000542,cell(n=15),110.3,mon,132,280,50,46547,1546,10561,10561,4.84,4.84,34.8,0.0,29.2,1,3,1,0,1,0,0,0
SENSEX,W_0916_1116,SLP40,18,936.4,2184,2702,72.2,-27024,1.2,1.2,0.0,0.000542,cell(n=15),110.3,mon,132,280,50,61530,1346,10561,10561,4.84,4.84,34.8,0.0,29.2,1,3,1,0,1,0,0,0
SENSEX,W_0930_1000,NOSTOP,18,929.6,1032,286,55.6,-19640,0.18,0.18,0.0,0.000865,pooled(n=1202),57.3,mon,132,280,50,,,8975,8975,8.7,8.7,47.0,0.0,13.4,0,4,0,0,0,0,0,0
SENSEX,W_0930_1000,R1000,18,929.6,1032,553,55.6,-11632,0.39,0.39,11.1,0.000865,pooled(n=1202),57.3,mon,132,280,50,9600,1168,8975,8975,8.7,8.7,48.5,0.8,12.7,0,4,0,0,0,0,0,0
SENSEX,W_0930_1000,R1500,18,929.6,1032,528,55.6,-15296,0.36,0.36,5.6,0.000865,pooled(n=1202),57.3,mon,132,280,50,13600,1246,8975,8975,8.7,8.7,47.0,0.8,13.4,0,4,0,0,0,0,0,0
SENSEX,W_0930_1000,R2500,18,929.6,1032,89,55.6,-23184,0.05,0.05,5.6,0.000865,pooled(n=1202),57.3,mon,132,280,50,21600,1522,8975,8975,8.7,8.7,47.0,0.8,13.4,0,4,0,0,0,0,0,0
SENSEX,W_0930_1000,R500,18,929.6,1032,663,55.6,-7864,0.51,0.51,16.7,0.000865,pooled(n=1202),57.3,mon,132,280,50,5600,657,5600,8975,5.43,8.7,50.8,22.0,12.7,1,4,0,0,0,0,0,0
SENSEX,W_0930_1000,SLP10,18,929.6,1032,399,55.6,-17608,0.26,0.26,5.6,0.000865,pooled(n=1202),57.3,mon,132,280,50,16474,1208,8975,8975,8.7,8.7,47.0,0.8,13.4,0,4,0,0,0,0,0,0
SENSEX,W_0930_1000,SLP15,18,929.6,1032,286,55.6,-19640,0.18,0.18,0.0,0.000865,pooled(n=1202),57.3,mon,132,280,50,23910,1457,8975,8975,8.7,8.7,47.0,0.8,13.4,0,4,0,0,0,0,0,0
SENSEX,W_0930_1000,SLP20,18,929.6,1032,286,55.6,-19640,0.18,0.18,0.0,0.000865,pooled(n=1202),57.3,mon,132,280,50,31347,1469,8975,8975,8.7,8.7,47.0,0.0,13.4,0,4,0,0,0,0,0,0
SENSEX,W_0930_1000,SLP25,18,929.6,1032,286,55.6,-19640,0.18,0.18,0.0,0.000865,pooled(n=1202),57.3,mon,132,280,50,38784,1356,8975,8975,8.7,8.7,47.0,0.0,13.4,0,4,0,0,0,0,0,0
SENSEX,W_0930_1000,SLP30,18,929.6,1032,286,55.6,-19640,0.18,0.18,0.0,0.000865,pooled(n=1202),57.3,mon,132,280,50,46221,1546,8975,8975,8.7,8.7,47.0,0.0,13.4,0,4,0,0,0,0,0,0
SENSEX,W_0930_1000,SLP40,18,929.6,1032,286,55.6,-19640,0.18,0.18,0.0,0.000865,pooled(n=1202),57.3,mon,132,280,50,61094,1346,8975,8975,8.7,8.7,47.0,0.0,13.4,0,4,0,0,0,0,0,0
SENSEX,W_0930_1015,NOSTOP,18,929.6,1876,1296,72.2,-14600,0.9,0.9,0.0,0.000578,cell(n=8),73.8,mon,132,280,50,,,7942,7942,4.23,4.23,52.3,0.0,12.4,0,6,1,0,0,0,0,0
SENSEX,W_0930_1015,R1000,18,929.6,1876,1012,72.2,-11632,0.68,0.68,11.1,0.000578,cell(n=8),73.8,mon,132,280,50,9600,1168,7942,7942,4.23,4.23,55.3,0.8,11.3,0,6,1,0,0,0,0,0
SENSEX,W_0930_1015,R1500,18,929.6,1876,1257,72.2,-15296,0.86,0.86,5.6,0.000578,cell(n=8),73.8,mon,132,280,50,13600,1246,7942,7942,4.23,4.23,52.3,0.8,12.4,0,6,1,0,0,0,0,0
SENSEX,W_0930_1015,R2500,18,929.6,1876,819,72.2,-23184,0.46,0.46,5.6,0.000578,cell(n=8),73.8,mon,132,280,50,21600,1522,7942,7942,4.23,4.23,52.3,0.0,12.4,0,6,1,0,0,0,0,0
SENSEX,W_0930_1015,R500,18,929.6,1876,1418,72.2,-7864,1.08,1.08,16.7,0.000578,cell(n=8),73.8,mon,132,280,50,5600,657,5600,7942,2.99,4.23,52.3,9.1,12.9,0,6,1,1,0,0,0,0
SENSEX,W_0930_1015,SLP10,18,929.6,1876,1129,72.2,-17608,0.73,0.73,5.6,0.000578,cell(n=8),73.8,mon,132,280,50,16474,1208,7942,7942,4.23,4.23,52.3,0.8,12.4,0,6,1,0,0,0,0,0
SENSEX,W_0930_1015,SLP15,18,929.6,1876,1296,72.2,-14600,0.9,0.9,0.0,0.000578,cell(n=8),73.8,mon,132,280,50,23910,1457,7942,7942,4.23,4.23,52.3,0.0,12.4,0,6,1,0,0,0,0,0
SENSEX,W_0930_1015,SLP20,18,929.6,1876,1296,72.2,-14600,0.9,0.9,0.0,0.000578,cell(n=8),73.8,mon,132,280,50,31347,1469,7942,7942,4.23,4.23,52.3,0.0,12.4,0,6,1,0,0,0,0,0
SENSEX,W_0930_1015,SLP25,18,929.6,1876,1296,72.2,-14600,0.9,0.9,0.0,0.000578,cell(n=8),73.8,mon,132,280,50,38784,1356,7942,7942,4.23,4.23,52.3,0.0,12.4,0,6,1,0,0,0,0,0
SENSEX,W_0930_1015,SLP30,18,929.6,1876,1296,72.2,-14600,0.9,0.9,0.0,0.000578,cell(n=8),73.8,mon,132,280,50,46221,1546,7942,7942,4.23,4.23,52.3,0.0,12.4,0,6,1,0,0,0,0,0
SENSEX,W_0930_1015,SLP40,18,929.6,1876,1296,72.2,-14600,0.9,0.9,0.0,0.000578,cell(n=8),73.8,mon,132,280,50,61094,1346,7942,7942,4.23,4.23,52.3,0.0,12.4,0,6,1,0,0,0,0,0
SENSEX,W_0930_1030,NOSTOP,18,929.6,608,566,55.6,-23728,0.31,0.31,0.0,0.000492,cell(n=11),77.7,mon,132,280,50,,,7288,7288,11.99,11.99,33.3,0.0,23.9,0,7,0,0,1,0,0,0
SENSEX,W_0930_1030,R1000,18,929.6,608,312,55.6,-13752,0.19,0.19,16.7,0.000492,cell(n=11),77.7,mon,132,280,50,9600,1168,7288,7288,11.99,11.99,46.2,0.8,17.2,0,7,0,0,0,0,0,0
SENSEX,W_0930_1030,R1500,18,929.6,608,466,55.6,-15296,0.27,0.27,11.1,0.000492,cell(n=11),77.7,mon,132,280,50,13600,1246,7288,7288,11.99,11.99,33.3,0.8,24.1,0,7,0,0,1,0,0,0
SENSEX,W_0930_1030,R2500,18,929.6,608,596,55.6,-23184,0.33,0.33,5.6,0.000492,cell(n=11),77.7,mon,132,280,50,21600,1522,7288,7288,11.99,11.99,33.3,0.0,23.9,0,7,0,0,1,0,0,0
SENSEX,W_0930_1030,R500,18,929.6,608,1107,55.6,-7864,0.82,0.82,16.7,0.000492,cell(n=11),77.7,mon,132,280,50,5600,657,5600,7288,9.21,11.99,38.6,12.1,22.1,1,7,0,0,1,0,0,0
SENSEX,W_0930_1030,SLP10,18,929.6,608,906,55.6,-17608,0.58,0.58,5.6,0.000492,cell(n=11),77.7,mon,132,280,50,16474,1208,7288,7288,11.99,11.99,33.3,0.8,23.9,0,7,0,0,1,0,0,0
SENSEX,W_0930_1030,SLP15,18,929.6,608,518,55.6,-24592,0.28,0.28,5.6,0.000492,cell(n=11),77.7,mon,132,280,50,23910,1457,7288,7288,11.99,11.99,33.3,0.0,23.9,0,7,0,0,1,0,0,0
SENSEX,W_0930_1030,SLP20,18,929.6,608,566,55.6,-23728,0.31,0.31,0.0,0.000492,cell(n=11),77.7,mon,132,280,50,31347,1469,7288,7288,11.99,11.99,33.3,0.0,23.9,0,7,0,0,1,0,0,0
SENSEX,W_0930_1030,SLP25,18,929.6,608,566,55.6,-23728,0.31,0.31,0.0,0.000492,cell(n=11),77.7,mon,132,280,50,38784,1356,7288,7288,11.99,11.99,33.3,0.0,23.9,0,7,0,0,1,0,0,0
SENSEX,W_0930_1030,SLP30,18,929.6,608,566,55.6,-23728,0.31,0.31,0.0,0.000492,cell(n=11),77.7,mon,132,280,50,46221,1546,7288,7288,11.99,11.99,33.3,0.0,23.9,0,7,0,0,1,0,0,0
SENSEX,W_0930_1030,SLP40,18,929.6,608,566,55.6,-23728,0.31,0.31,0.0,0.000492,cell(n=11),77.7,mon,132,280,50,61094,1346,7288,7288,11.99,11.99,33.3,0.0,23.9,0,7,0,0,1,0,0,0
SENSEX,W_0930_1045,NOSTOP,18,929.6,280,666,55.6,-26344,0.33,0.33,0.0,0.000493,cell(n=13),79.4,mon,132,280,50,,,7420,7420,26.5,26.5,36.4,0.0,21.7,0,7,0,0,1,0,0,0
SENSEX,W_0930_1045,R1000,18,929.6,280,391,55.6,-13752,0.22,0.22,16.7,0.000493,cell(n=13),79.4,mon,132,280,50,9600,1168,7420,7420,26.5,26.5,48.5,0.8,16.8,0,7,0,0,0,0,0,0
SENSEX,W_0930_1045,R1500,18,929.6,280,480,55.6,-15296,0.27,0.27,11.1,0.000493,cell(n=13),79.4,mon,132,280,50,13600,1246,7420,7420,26.5,26.5,34.8,0.8,22.0,0,7,0,0,1,0,0,0
SENSEX,W_0930_1045,R2500,18,929.6,280,841,55.6,-23184,0.45,0.45,5.6,0.000493,cell(n=13),79.4,mon,132,280,50,21600,1522,7420,7420,26.5,26.5,36.4,0.0,21.7,0,7,0,0,1,0,0,0
SENSEX,W_0930_1045,R500,18,929.6,280,1186,55.6,-7864,0.81,0.81,16.7,0.000493,cell(n=13),79.4,mon,132,280,50,5600,657,5600,7420,20.0,26.5,41.7,14.4,20.8,0,7,0,0,0,0,0,0
SENSEX,W_0930_1045,SLP10,18,929.6,280,1151,55.6,-17608,0.7,0.7,5.6,0.000493,cell(n=13),79.4,mon,132,280,50,16474,1208,7420,7420,26.5,26.5,36.4,0.8,21.7,0,7,0,0,1,0,0,0
SENSEX,W_0930_1045,SLP15,18,929.6,280,763,55.6,-24592,0.4,0.4,5.6,0.000493,cell(n=13),79.4,mon,132,280,50,23910,1457,7420,7420,26.5,26.5,36.4,0.0,21.7,0,7,0,0,1,0,0,0
SENSEX,W_0930_1045,SLP20,18,929.6,280,363,55.6,-31792,0.16,0.16,5.6,0.000493,cell(n=13),79.4,mon,132,280,50,31347,1469,7420,7420,26.5,26.5,36.4,0.0,21.7,0,7,0,0,1,0,0,0
SENSEX,W_0930_1045,SLP25,18,929.6,280,666,55.6,-26344,0.33,0.33,0.0,0.000493,cell(n=13),79.4,mon,132,280,50,38784,1356,7420,7420,26.5,26.5,36.4,0.0,21.7,0,7,0,0,1,0,0,0
SENSEX,W_0930_1045,SLP30,18,929.6,280,666,55.6,-26344,0.33,0.33,0.0,0.000493,cell(n=13),79.4,mon,132,280,50,46221,1546,7420,7420,26.5,26.5,36.4,0.0,21.7,0,7,0,0,1,0,0,0
SENSEX,W_0930_1045,SLP40,18,929.6,280,666,55.6,-26344,0.33,0.33,0.0,0.000493,cell(n=13),79.4,mon,132,280,50,61094,1346,7420,7420,26.5,26.5,36.4,0.0,21.7,0,7,0,0,1,0,0,0
SENSEX,W_0930_1100,NOSTOP,18,929.6,2052,1002,55.6,-21240,0.53,0.53,0.0,0.000635,cell(n=15),87.5,mon,132,280,50,,,9870,9870,4.81,4.81,42.4,0.0,21.6,0,7,0,0,0,0,0,0
SENSEX,W_0930_1100,R1000,18,929.6,2052,231,55.6,-13752,0.12,0.12,22.2,0.000635,cell(n=15),87.5,mon,132,280,50,9600,1168,9600,9870,4.68,4.81,43.2,3.0,21.3,0,7,0,0,0,0,0,0
SENSEX,W_0930_1100,R1500,18,929.6,2052,739,55.6,-15296,0.39,0.39,11.1,0.000635,cell(n=15),87.5,mon,132,280,50,13600,1246,9870,9870,4.81,4.81,42.4,0.8,21.8,0,7,0,0,0,0,0,0
SENSEX,W_0930_1100,R2500,18,929.6,2052,894,55.6,-23184,0.45,0.45,5.6,0.000635,cell(n=15),87.5,mon,132,280,50,21600,1522,9870,9870,4.81,4.81,42.4,0.0,21.6,0,7,0,0,0,0,0,0
SENSEX,W_0930_1100,R500,18,929.6,2052,1223,55.6,-7864,0.76,0.76,22.2,0.000635,cell(n=15),87.5,mon,132,280,50,5600,657,5600,9870,2.73,4.81,43.2,25.8,22.5,0,7,0,1,0,0,0,0
SENSEX,W_0930_1100,SLP10,18,929.6,2052,1204,55.6,-17608,0.68,0.68,5.6,0.000635,cell(n=15),87.5,mon,132,280,50,16474,1208,9870,9870,4.81,4.81,42.4,0.8,21.6,0,7,0,0,0,0,0,0
SENSEX,W_0930_1100,SLP15,18,929.6,2052,816,55.6,-24592,0.4,0.4,5.6,0.000635,cell(n=15),87.5,mon,132,280,50,23910,1457,9870,9870,4.81,4.81,42.4,0.0,21.6,0,7,0,0,0,0,0,0
SENSEX,W_0930_1100,SLP20,18,929.6,2052,416,55.6,-31792,0.18,0.18,5.6,0.000635,cell(n=15),87.5,mon,132,280,50,31347,1469,9870,9870,4.81,4.81,42.4,0.0,21.6,0,7,0,0,0,0,0,0
SENSEX,W_0930_1100,SLP25,18,929.6,2052,1002,55.6,-21240,0.53,0.53,0.0,0.000635,cell(n=15),87.5,mon,132,280,50,38784,1356,9870,9870,4.81,4.81,42.4,0.0,21.6,0,7,0,0,0,0,0,0
SENSEX,W_0930_1100,SLP30,18,929.6,2052,1002,55.6,-21240,0.53,0.53,0.0,0.000635,cell(n=15),87.5,mon,132,280,50,46221,1546,9870,9870,4.81,4.81,42.4,0.0,21.6,0,7,0,0,0,0,0,0
SENSEX,W_0930_1100,SLP40,18,929.6,2052,1002,55.6,-21240,0.53,0.53,0.0,0.000635,cell(n=15),87.5,mon,132,280,50,61094,1346,9870,9870,4.81,4.81,42.4,0.0,21.6,0,7,0,0,0,0,0,0
SENSEX,W_0930_1115,NOSTOP,18,929.6,2672,1435,66.7,-29224,0.64,0.64,0.0,0.000635,cell(n=15),96.6,mon,132,280,50,,,10730,10730,4.02,4.02,37.9,0.0,24.5,1,7,1,0,1,0,0,0
SENSEX,W_0930_1115,R1000,18,929.6,2480,272,55.6,-13752,0.13,0.13,22.2,0.000635,cell(n=15),96.6,mon,132,280,50,9600,1168,9600,10730,3.87,4.33,45.5,3.8,21.1,0,7,0,0,0,0,0,0
SENSEX,W_0930_1115,R1500,18,929.6,2672,1291,61.1,-15296,0.67,0.67,11.1,0.000635,cell(n=15),96.6,mon,132,280,50,13600,1246,10730,10730,4.02,4.02,37.9,0.8,24.4,0,7,1,0,1,0,0,0
SENSEX,W_0930_1115,R2500,18,929.6,2672,1770,66.7,-23184,0.89,0.89,5.6,0.000635,cell(n=15),96.6,mon,132,280,50,21600,1522,10730,10730,4.02,4.02,37.9,0.0,24.5,1,7,1,0,1,0,0,0
SENSEX,W_0930_1115,R500,18,929.6,2480,1241,55.6,-7864,0.73,0.73,27.8,0.000635,cell(n=15),96.6,mon,132,280,50,5600,657,5600,10730,2.26,4.33,41.7,28.8,23.2,0,7,0,1,0,0,0,0
SENSEX,W_0930_1115,SLP10,18,929.6,2672,2080,66.7,-17608,1.18,1.18,5.6,0.000635,cell(n=15),96.6,mon,132,280,50,16474,1208,10730,10730,4.02,4.02,37.9,0.8,24.5,1,7,1,0,1,0,0,0
SENSEX,W_0930_1115,SLP15,18,929.6,2672,1692,66.7,-24592,0.83,0.83,5.6,0.000635,cell(n=15),96.6,mon,132,280,50,23910,1457,10730,10730,4.02,4.02,37.9,0.0,24.5,1,7,1,0,1,0,0,0
SENSEX,W_0930_1115,SLP20,18,929.6,2672,1292,66.7,-31792,0.55,0.55,5.6,0.000635,cell(n=15),96.6,mon,132,280,50,31347,1469,10730,10730,4.02,4.02,37.9,0.0,24.5,1,7,1,0,1,0,0,0
SENSEX,W_0930_1115,SLP25,18,929.6,2672,1435,66.7,-29224,0.64,0.64,0.0,0.000635,cell(n=15),96.6,mon,132,280,50,38784,1356,10730,10730,4.02,4.02,37.9,0.0,24.5,1,7,1,0,1,0,0,0
SENSEX,W_0930_1115,SLP30,18,929.6,2672,1435,66.7,-29224,0.64,0.64,0.0,0.000635,cell(n=15),96.6,mon,132,280,50,46221,1546,10730,10730,4.02,4.02,37.9,0.0,24.5,1,7,1,0,1,0,0,0
SENSEX,W_0930_1115,SLP40,18,929.6,2672,1435,66.7,-29224,0.64,0.64,0.0,0.000635,cell(n=15),96.6,mon,132,280,50,61094,1346,10730,10730,4.02,4.02,37.9,0.0,24.5,1,7,1,0,1,0,0,0
SENSEX,W_0930_1130,NOSTOP,18,929.6,3712,2064,61.1,-24960,0.96,0.96,0.0,0.000635,cell(n=15),99.1,mon,132,280,50,,,10967,10967,2.95,2.95,40.9,0.0,23.7,0,5,1,1,0,0,0,0
SENSEX,W_0930_1130,R1000,18,929.6,1356,458,50.0,-13752,0.22,0.22,22.2,0.000635,cell(n=15),99.1,mon,132,280,50,9600,1168,9600,10967,7.08,8.09,36.4,5.3,25.7,0,5,0,0,1,0,0,0
SENSEX,W_0930_1130,R1500,18,929.6,3712,1608,55.6,-15296,0.79,0.79,11.1,0.000635,cell(n=15),99.1,mon,132,280,50,13600,1246,10967,10967,2.95,2.95,34.8,0.8,25.8,0,5,0,1,1,0,0,0
SENSEX,W_0930_1130,R2500,18,929.6,3712,2163,61.1,-23184,1.04,1.04,5.6,0.000635,cell(n=15),99.1,mon,132,280,50,21600,1522,10967,10967,2.95,2.95,40.9,0.0,23.7,0,5,1,1,0,0,0,0
SENSEX,W_0930_1130,R500,18,929.6,1356,1176,50.0,-8488,0.63,0.63,33.3,0.000635,cell(n=15),99.1,mon,132,280,50,5600,657,5600,10856,4.13,8.01,39.4,30.3,28.1,0,5,0,0,1,0,0,0
SENSEX,W_0930_1130,SLP10,18,929.6,3712,2473,61.1,-17608,1.32,1.32,5.6,0.000635,cell(n=15),99.1,mon,132,280,50,16474,1208,10967,10967,2.95,2.95,40.2,0.8,23.8,0,5,1,1,0,0,0,0
SENSEX,W_0930_1130,SLP15,18,929.6,3712,2085,61.1,-24592,0.98,0.98,5.6,0.000635,cell(n=15),99.1,mon,132,280,50,23910,1457,10967,10967,2.95,2.95,40.9,0.0,23.7,0,5,1,1,0,0,0,0
SENSEX,W_0930_1130,SLP20,18,929.6,3712,1685,61.1,-31792,0.69,0.69,5.6,0.000635,cell(n=15),99.1,mon,132,280,50,31347,1469,10967,10967,2.95,2.95,40.9,0.0,23.7,0,5,1,1,0,0,0,0
SENSEX,W_0930_1130,SLP25,18,929.6,3712,2064,61.1,-24960,0.96,0.96,0.0,0.000635,cell(n=15),99.1,mon,132,280,50,38784,1356,10967,10967,2.95,2.95,40.9,0.0,23.7,0,5,1,1,0,0,0,0
SENSEX,W_0930_1130,SLP30,18,929.6,3712,2064,61.1,-24960,0.96,0.96,0.0,0.000635,cell(n=15),99.1,mon,132,280,50,46221,1546,10967,10967,2.95,2.95,40.9,0.0,23.7,0,5,1,1,0,0,0,0
SENSEX,W_0930_1130,SLP40,18,929.6,3712,2064,61.1,-24960,0.96,0.96,0.0,0.000635,cell(n=15),99.1,mon,132,280,50,61094,1346,10967,10967,2.95,2.95,40.9,0.0,23.7,0,5,1,1,0,0,0,0
SENSEX,W_0945_1015,NOSTOP,18,916.9,864,444,72.2,-10136,0.49,0.49,0.0,0.000865,pooled(n=1202),52.3,mon,132,280,50,,,8239,8239,9.54,9.54,34.8,0.0,15.3,0,5,1,0,1,0,0,0
SENSEX,W_0945_1015,R1000,18,916.9,864,-22,72.2,-13504,-0.02,-0.02,11.1,0.000865,pooled(n=1202),52.3,mon,132,280,50,9600,1168,8239,8239,9.54,9.54,44.7,0.8,13.4,0,5,1,0,0,0,0,0
SENSEX,W_0945_1015,R1500,18,916.9,864,444,72.2,-10136,0.49,0.49,0.0,0.000865,pooled(n=1202),52.3,mon,132,280,50,13600,1246,8239,8239,9.54,9.54,34.8,0.8,15.3,0,5,1,0,1,0,0,0
SENSEX,W_0945_1015,R2500,18,916.9,864,444,72.2,-10136,0.49,0.49,0.0,0.000865,pooled(n=1202),52.3,mon,132,280,50,21600,1522,8239,8239,9.54,9.54,34.8,0.0,15.3,0,5,1,0,1,0,0,0
SENSEX,W_0945_1015,R500,18,916.9,864,453,72.2,-8616,0.52,0.52,11.1,0.000865,pooled(n=1202),52.3,mon,132,280,50,5600,657,5600,8239,6.48,9.54,33.3,15.2,16.2,1,5,1,0,1,0,0,0
SENSEX,W_0945_1015,SLP10,18,916.9,864,444,72.2,-10136,0.49,0.49,0.0,0.000865,pooled(n=1202),52.3,mon,132,280,50,16270,1208,8239,8239,9.54,9.54,34.8,0.0,15.3,0,5,1,0,1,0,0,0
SENSEX,W_0945_1015,SLP15,18,916.9,864,444,72.2,-10136,0.49,0.49,0.0,0.000865,pooled(n=1202),52.3,mon,132,280,50,23605,1457,8239,8239,9.54,9.54,34.8,0.0,15.3,0,5,1,0,1,0,0,0
SENSEX,W_0945_1015,SLP20,18,916.9,864,444,72.2,-10136,0.49,0.49,0.0,0.000865,pooled(n=1202),52.3,mon,132,280,50,30940,1469,8239,8239,9.54,9.54,34.8,0.0,15.3,0,5,1,0,1,0,0,0
SENSEX,W_0945_1015,SLP25,18,916.9,864,444,72.2,-10136,0.49,0.49,0.0,0.000865,pooled(n=1202),52.3,mon,132,280,50,38275,1356,8239,8239,9.54,9.54,34.8,0.0,15.3,0,5,1,0,1,0,0,0
SENSEX,W_0945_1015,SLP30,18,916.9,864,444,72.2,-10136,0.49,0.49,0.0,0.000865,pooled(n=1202),52.3,mon,132,280,50,45610,1546,8239,8239,9.54,9.54,34.8,0.0,15.3,0,5,1,0,1,0,0,0
SENSEX,W_0945_1015,SLP40,18,916.9,864,444,72.2,-10136,0.49,0.49,0.0,0.000865,pooled(n=1202),52.3,mon,132,280,50,60280,1346,8239,8239,9.54,9.54,34.8,0.0,15.3,0,5,1,0,1,0,0,0
SENSEX,W_0945_1030,NOSTOP,18,916.9,148,-120,55.6,-12816,-0.1,-0.1,0.0,0.000865,pooled(n=1202),60.4,mon,132,280,50,,,9268,9268,62.62,62.62,53.0,0.0,13.0,0,7,0,0,0,0,0,0
SENSEX,W_0945_1030,R1000,18,916.9,148,-372,55.6,-13504,-0.29,-0.29,11.1,0.000865,pooled(n=1202),60.4,mon,132,280,50,9600,1168,9268,9268,62.62,62.62,54.5,3.8,12.5,0,7,0,0,0,0,0,0
SENSEX,W_0945_1030,R1500,18,916.9,148,-826,55.6,-17112,-0.54,-0.54,11.1,0.000865,pooled(n=1202),60.4,mon,132,280,50,13600,1246,9268,9268,62.62,62.62,54.5,1.5,12.6,0,7,0,0,0,0,0,0
SENSEX,W_0945_1030,R2500,18,916.9,148,-120,55.6,-12816,-0.1,-0.1,0.0,0.000865,pooled(n=1202),60.4,mon,132,280,50,21600,1522,9268,9268,62.62,62.62,53.0,0.0,13.0,0,7,0,0,0,0,0,0
SENSEX,W_0945_1030,R500,18,916.9,148,103,55.6,-8616,0.1,0.1,11.1,0.000865,pooled(n=1202),60.4,mon,132,280,50,5600,657,5600,9268,37.84,62.62,53.0,25.8,13.0,1,7,0,0,0,0,0,0
SENSEX,W_0945_1030,SLP10,18,916.9,148,-358,55.6,-17112,-0.27,-0.27,5.6,0.000865,pooled(n=1202),60.4,mon,132,280,50,16270,1208,9268,9268,62.62,62.62,53.0,0.0,13.0,0,7,0,0,0,0,0,0
SENSEX,W_0945_1030,SLP15,18,916.9,148,-120,55.6,-12816,-0.1,-0.1,0.0,0.000865,pooled(n=1202),60.4,mon,132,280,50,23605,1457,9268,9268,62.62,62.62,53.0,0.0,13.0,0,7,0,0,0,0,0,0
SENSEX,W_0945_1030,SLP20,18,916.9,148,-120,55.6,-12816,-0.1,-0.1,0.0,0.000865,pooled(n=1202),60.4,mon,132,280,50,30940,1469,9268,9268,62.62,62.62,53.0,0.0,13.0,0,7,0,0,0,0,0,0
SENSEX,W_0945_1030,SLP25,18,916.9,148,-120,55.6,-12816,-0.1,-0.1,0.0,0.000865,pooled(n=1202),60.4,mon,132,280,50,38275,1356,9268,9268,62.62,62.62,53.0,0.0,13.0,0,7,0,0,0,0,0,0
SENSEX,W_0945_1030,SLP30,18,916.9,148,-120,55.6,-12816,-0.1,-0.1,0.0,0.000865,pooled(n=1202),60.4,mon,132,280,50,45610,1546,9268,9268,62.62,62.62,53.0,0.0,13.0,0,7,0,0,0,0,0,0
SENSEX,W_0945_1030,SLP40,18,916.9,148,-120,55.6,-12816,-0.1,-0.1,0.0,0.000865,pooled(n=1202),60.4,mon,132,280,50,60280,1346,9268,9268,62.62,62.62,53.0,0.0,13.0,0,7,0,0,0,0,0,0
SENSEX,W_0945_1045,NOSTOP,18,916.9,528,128,61.1,-15120,0.11,0.11,0.0,0.000514,cell(n=10),68.2,dte,132,280,50,,,6745,6745,12.77,12.77,31.1,0.0,23.6,0,8,1,0,1,0,0,0
SENSEX,W_0945_1045,R1000,18,916.9,528,-300,61.1,-13504,-0.23,-0.23,11.1,0.000514,cell(n=10),68.2,dte,132,280,50,9600,1168,6745,6745,12.77,12.77,50.0,1.5,15.1,0,8,1,0,0,0,0,0
SENSEX,W_0945_1045,R1500,18,916.9,528,-753,61.1,-17112,-0.49,-0.49,11.1,0.000514,cell(n=10),68.2,dte,132,280,50,13600,1246,6745,6745,12.77,12.77,50.0,0.0,15.1,0,8,1,0,0,0,0,0
SENSEX,W_0945_1045,R2500,18,916.9,528,128,61.1,-15120,0.11,0.11,0.0,0.000514,cell(n=10),68.2,dte,132,280,50,21600,1522,6745,6745,12.77,12.77,31.1,0.0,23.6,0,8,1,0,1,0,0,0
SENSEX,W_0945_1045,R500,18,916.9,528,62,61.1,-8616,0.06,0.06,16.7,0.000514,cell(n=10),68.2,dte,132,280,50,5600,657,5600,6745,10.61,12.77,49.2,11.4,15.4,0,8,1,0,0,0,0,0
SENSEX,W_0945_1045,SLP10,18,916.9,528,17,61.1,-17112,0.01,0.01,5.6,0.000514,cell(n=10),68.2,dte,132,280,50,16270,1208,6745,6745,12.77,12.77,31.1,0.0,23.6,0,8,1,0,1,0,0,0
SENSEX,W_0945_1045,SLP15,18,916.9,528,128,61.1,-15120,0.11,0.11,0.0,0.000514,cell(n=10),68.2,dte,132,280,50,23605,1457,6745,6745,12.77,12.77,31.1,0.0,23.6,0,8,1,0,1,0,0,0
SENSEX,W_0945_1045,SLP20,18,916.9,528,128,61.1,-15120,0.11,0.11,0.0,0.000514,cell(n=10),68.2,dte,132,280,50,30940,1469,6745,6745,12.77,12.77,31.1,0.0,23.6,0,8,1,0,1,0,0,0
SENSEX,W_0945_1045,SLP25,18,916.9,528,128,61.1,-15120,0.11,0.11,0.0,0.000514,cell(n=10),68.2,dte,132,280,50,38275,1356,6745,6745,12.77,12.77,31.1,0.0,23.6,0,8,1,0,1,0,0,0
SENSEX,W_0945_1045,SLP30,18,916.9,528,128,61.1,-15120,0.11,0.11,0.0,0.000514,cell(n=10),68.2,dte,132,280,50,45610,1546,6745,6745,12.77,12.77,31.1,0.0,23.6,0,8,1,0,1,0,0,0
SENSEX,W_0945_1045,SLP40,18,916.9,528,128,61.1,-15120,0.11,0.11,0.0,0.000514,cell(n=10),68.2,dte,132,280,50,60280,1346,6745,6745,12.77,12.77,31.1,0.0,23.6,0,8,1,0,1,0,0,0
SENSEX,W_0945_1100,NOSTOP,18,916.9,-128,-80,50.0,-11552,-0.06,-0.06,0.0,0.000621,cell(n=13),83.0,cur,132,280,50,,,9160,9160,,,27.3,0.0,26.6,0,8,0,0,1,0,0,0
SENSEX,W_0945_1100,R1000,18,916.9,-128,-350,50.0,-13504,-0.25,-0.25,11.1,0.000621,cell(n=13),83.0,cur,132,280,50,9600,1168,9160,9160,,,28.0,3.0,26.1,0,8,0,0,1,0,0,0
SENSEX,W_0945_1100,R1500,18,916.9,-128,-804,50.0,-17112,-0.49,-0.49,11.1,0.000621,cell(n=13),83.0,cur,132,280,50,13600,1246,9160,9160,,,28.0,0.8,26.0,0,8,0,0,1,0,0,0
SENSEX,W_0945_1100,R2500,18,916.9,-128,-80,50.0,-11552,-0.06,-0.06,0.0,0.000621,cell(n=13),83.0,cur,132,280,50,21600,1522,9160,9160,,,27.3,0.0,26.6,0,8,0,0,1,0,0,0
SENSEX,W_0945_1100,R500,18,916.9,-128,-323,50.0,-8616,-0.25,-0.25,27.8,0.000621,cell(n=13),83.0,cur,132,280,50,5600,657,5600,9160,,,29.5,20.5,26.1,0,8,0,0,1,0,0,0
SENSEX,W_0945_1100,SLP10,18,916.9,-128,-388,50.0,-17112,-0.27,-0.27,5.6,0.000621,cell(n=13),83.0,cur,132,280,50,16270,1208,9160,9160,,,27.3,0.0,26.6,0,8,0,0,1,0,0,0
SENSEX,W_0945_1100,SLP15,18,916.9,-128,-80,50.0,-11552,-0.06,-0.06,0.0,0.000621,cell(n=13),83.0,cur,132,280,50,23605,1457,9160,9160,,,27.3,0.0,26.6,0,8,0,0,1,0,0,0
SENSEX,W_0945_1100,SLP20,18,916.9,-128,-80,50.0,-11552,-0.06,-0.06,0.0,0.000621,cell(n=13),83.0,cur,132,280,50,30940,1469,9160,9160,,,27.3,0.0,26.6,0,8,0,0,1,0,0,0
SENSEX,W_0945_1100,SLP25,18,916.9,-128,-80,50.0,-11552,-0.06,-0.06,0.0,0.000621,cell(n=13),83.0,cur,132,280,50,38275,1356,9160,9160,,,27.3,0.0,26.6,0,8,0,0,1,0,0,0
SENSEX,W_0945_1100,SLP30,18,916.9,-128,-80,50.0,-11552,-0.06,-0.06,0.0,0.000621,cell(n=13),83.0,cur,132,280,50,45610,1546,9160,9160,,,27.3,0.0,26.6,0,8,0,0,1,0,0,0
SENSEX,W_0945_1100,SLP40,18,916.9,-128,-80,50.0,-11552,-0.06,-0.06,0.0,0.000621,cell(n=13),83.0,cur,132,280,50,60280,1346,9160,9160,,,27.3,0.0,26.6,0,8,0,0,1,0,0,0
SENSEX,W_0945_1115,NOSTOP,18,916.9,776,260,61.1,-17176,0.17,0.17,0.0,0.000621,cell(n=15),84.7,mon,132,280,50,,,9315,9315,12.0,12.0,34.1,0.0,24.7,1,8,1,0,1,0,0,0
SENSEX,W_0945_1115,R1000,18,916.9,644,-161,55.6,-13504,-0.11,-0.11,11.1,0.000621,cell(n=15),84.7,mon,132,280,50,9600,1168,9315,9315,14.46,14.46,37.9,3.8,22.2,0,8,0,0,1,0,0,0
SENSEX,W_0945_1115,R1500,18,916.9,644,-615,55.6,-17112,-0.35,-0.35,11.1,0.000621,cell(n=15),84.7,mon,132,280,50,13600,1246,9315,9315,14.46,14.46,38.6,0.8,21.6,0,8,0,0,1,0,0,0
SENSEX,W_0945_1115,R2500,18,916.9,776,260,61.1,-17176,0.17,0.17,0.0,0.000621,cell(n=15),84.7,mon,132,280,50,21600,1522,9315,9315,12.0,12.0,34.1,0.8,24.7,1,8,1,0,1,0,0,0
SENSEX,W_0945_1115,R500,18,916.9,-384,-288,50.0,-8616,-0.2,-0.2,27.8,0.000621,cell(n=15),84.7,mon,132,280,50,5600,657,5600,9315,,,38.6,22.7,22.4,0,8,0,0,1,0,0,0
SENSEX,W_0945_1115,SLP10,18,916.9,776,263,61.1,-17112,0.17,0.17,5.6,0.000621,cell(n=15),84.7,mon,132,280,50,16270,1208,9315,9315,12.0,12.0,34.1,0.8,24.7,1,8,1,0,1,0,0,0
SENSEX,W_0945_1115,SLP15,18,916.9,776,260,61.1,-17176,0.17,0.17,0.0,0.000621,cell(n=15),84.7,mon,132,280,50,23605,1457,9315,9315,12.0,12.0,34.1,0.8,24.7,1,8,1,0,1,0,0,0
SENSEX,W_0945_1115,SLP20,18,916.9,776,260,61.1,-17176,0.17,0.17,0.0,0.000621,cell(n=15),84.7,mon,132,280,50,30940,1469,9315,9315,12.0,12.0,34.1,0.0,24.7,1,8,1,0,1,0,0,0
SENSEX,W_0945_1115,SLP25,18,916.9,776,260,61.1,-17176,0.17,0.17,0.0,0.000621,cell(n=15),84.7,mon,132,280,50,38275,1356,9315,9315,12.0,12.0,34.1,0.0,24.7,1,8,1,0,1,0,0,0
SENSEX,W_0945_1115,SLP30,18,916.9,776,260,61.1,-17176,0.17,0.17,0.0,0.000621,cell(n=15),84.7,mon,132,280,50,45610,1546,9315,9315,12.0,12.0,34.1,0.0,24.7,1,8,1,0,1,0,0,0
SENSEX,W_0945_1115,SLP40,18,916.9,776,260,61.1,-17176,0.17,0.17,0.0,0.000621,cell(n=15),84.7,mon,132,280,50,60280,1346,9315,9315,12.0,12.0,34.1,0.0,24.7,1,8,1,0,1,0,0,0
SENSEX,W_0945_1130,NOSTOP,18,916.9,1792,1021,61.1,-13568,0.64,0.64,0.0,0.000768,cell(n=15),88.5,mon,132,280,50,,,11567,11567,6.45,6.45,36.4,0.0,24.2,1,7,1,0,1,0,0,0
SENSEX,W_0945_1130,R1000,18,916.9,632,169,55.6,-13504,0.1,0.1,16.7,0.000768,cell(n=15),88.5,mon,132,280,50,9600,1168,9600,11567,15.19,18.3,43.2,9.1,21.6,0,7,0,0,0,0,0,0
SENSEX,W_0945_1130,R1500,18,916.9,632,-201,55.6,-17112,-0.1,-0.1,11.1,0.000768,cell(n=15),88.5,mon,132,280,50,13600,1246,11567,11567,18.3,18.3,42.4,2.3,21.6,0,7,0,0,0,0,0,0
SENSEX,W_0945_1130,R2500,18,916.9,1792,1021,61.1,-13568,0.64,0.64,0.0,0.000768,cell(n=15),88.5,mon,132,280,50,21600,1522,11567,11567,6.45,6.45,36.4,0.8,24.2,1,7,1,0,1,0,0,0
SENSEX,W_0945_1130,R500,18,916.9,632,253,55.6,-8616,0.16,0.16,33.3,0.000768,cell(n=15),88.5,mon,132,280,50,5600,657,5600,10856,8.86,17.18,45.5,37.9,24.0,0,7,0,0,0,0,0,0
SENSEX,W_0945_1130,SLP10,18,916.9,1792,824,61.1,-17112,0.48,0.48,5.6,0.000768,cell(n=15),88.5,mon,132,280,50,16270,1208,11567,11567,6.45,6.45,36.4,1.5,24.2,1,7,1,0,1,0,0,0
SENSEX,W_0945_1130,SLP15,18,916.9,1792,1021,61.1,-13568,0.64,0.64,0.0,0.000768,cell(n=15),88.5,mon,132,280,50,23605,1457,11567,11567,6.45,6.45,36.4,0.8,24.2,1,7,1,0,1,0,0,0
SENSEX,W_0945_1130,SLP20,18,916.9,1792,1021,61.1,-13568,0.64,0.64,0.0,0.000768,cell(n=15),88.5,mon,132,280,50,30940,1469,11567,11567,6.45,6.45,36.4,0.8,24.2,1,7,1,0,1,0,0,0
SENSEX,W_0945_1130,SLP25,18,916.9,1792,1021,61.1,-13568,0.64,0.64,0.0,0.000768,cell(n=15),88.5,mon,132,280,50,38275,1356,11567,11567,6.45,6.45,36.4,0.0,24.2,1,7,1,0,1,0,0,0
SENSEX,W_0945_1130,SLP30,18,916.9,1792,1021,61.1,-13568,0.64,0.64,0.0,0.000768,cell(n=15),88.5,mon,132,280,50,45610,1546,11567,11567,6.45,6.45,36.4,0.0,24.2,1,7,1,0,1,0,0,0
SENSEX,W_0945_1130,SLP40,18,916.9,1792,1021,61.1,-13568,0.64,0.64,0.0,0.000768,cell(n=15),88.5,mon,132,280,50,60280,1346,11567,11567,6.45,6.45,36.4,0.0,24.2,1,7,1,0,1,0,0,0
SENSEX,W_0945_1145,NOSTOP,18,916.9,2216,349,72.2,-20928,0.19,0.19,0.0,0.000694,cell(n=16),93.9,mon,132,280,50,,,11164,11164,5.04,5.04,28.0,0.0,30.7,1,5,1,0,1,0,0,0
SENSEX,W_0945_1145,R1000,18,916.9,1188,0,66.7,-13504,0.0,0.0,22.2,0.000694,cell(n=16),93.9,mon,132,280,50,9600,1168,9600,11164,8.08,9.4,25.8,7.6,31.3,0,5,1,0,1,0,0,0
SENSEX,W_0945_1145,R1500,18,916.9,1188,-1047,66.7,-18448,-0.49,-0.49,22.2,0.000694,cell(n=16),93.9,mon,132,280,50,13600,1246,11164,11164,9.4,9.4,30.3,2.3,27.5,0,5,1,0,1,0,0,0
SENSEX,W_0945_1145,R2500,18,916.9,2216,10,72.2,-27040,0.0,0.0,5.6,0.000694,cell(n=16),93.9,mon,132,280,50,21600,1522,11164,11164,5.04,5.04,28.8,0.8,29.7,1,5,1,0,1,0,0,0
SENSEX,W_0945_1145,R500,18,916.9,876,199,61.1,-8616,0.14,0.14,33.3,0.000694,cell(n=16),93.9,mon,132,280,50,5600,657,5600,10856,6.39,12.39,34.8,34.1,35.8,0,5,1,0,1,0,0,0
SENSEX,W_0945_1145,SLP10,18,916.9,2216,-436,72.2,-27040,-0.19,-0.19,16.7,0.000694,cell(n=16),93.9,mon,132,280,50,16270,1208,11164,11164,5.04,5.04,28.8,0.8,29.7,1,5,1,0,1,0,0,0
SENSEX,W_0945_1145,SLP15,18,916.9,2216,349,72.2,-20928,0.19,0.19,0.0,0.000694,cell(n=16),93.9,mon,132,280,50,23605,1457,11164,11164,5.04,5.04,28.0,0.8,30.7,1,5,1,0,1,0,0,0
SENSEX,W_0945_1145,SLP20,18,916.9,2216,349,72.2,-20928,0.19,0.19,0.0,0.000694,cell(n=16),93.9,mon,132,280,50,30940,1469,11164,11164,5.04,5.04,28.0,0.0,30.7,1,5,1,0,1,0,0,0
SENSEX,W_0945_1145,SLP25,18,916.9,2216,349,72.2,-20928,0.19,0.19,0.0,0.000694,cell(n=16),93.9,mon,132,280,50,38275,1356,11164,11164,5.04,5.04,28.0,0.0,30.7,1,5,1,0,1,0,0,0
SENSEX,W_0945_1145,SLP30,18,916.9,2216,349,72.2,-20928,0.19,0.19,0.0,0.000694,cell(n=16),93.9,mon,132,280,50,45610,1546,11164,11164,5.04,5.04,28.0,0.0,30.7,1,5,1,0,1,0,0,0
SENSEX,W_0945_1145,SLP40,18,916.9,2216,349,72.2,-20928,0.19,0.19,0.0,0.000694,cell(n=16),93.9,mon,132,280,50,60280,1346,11164,11164,5.04,5.04,28.0,0.0,30.7,1,5,1,0,1,0,0,0
SENSEX,W_1000_1030,NOSTOP,18,916.3,-932,-382,33.3,-5184,-0.63,-0.63,0.0,0.000865,pooled(n=1202),47.3,mon,132,280,50,,,7601,7601,,,86.4,0.0,3.0,0,5,0,0,0,0,0,0
SENSEX,W_1000_1030,R1000,18,916.3,-932,-708,33.3,-11056,-0.88,-0.88,5.6,0.000865,pooled(n=1202),47.3,mon,132,280,50,9600,1168,7601,7601,,,78.8,1.5,4.4,0,5,0,0,0,0,0,0
SENSEX,W_1000_1030,R1500,18,916.3,-932,-988,33.3,-16088,-0.95,-0.95,5.6,0.000865,pooled(n=1202),47.3,mon,132,280,50,13600,1246,7601,7601,,,78.8,0.0,4.4,0,5,0,0,0,0,0,0
SENSEX,W_1000_1030,R2500,18,916.3,-932,-382,33.3,-5184,-0.63,-0.63,0.0,0.000865,pooled(n=1202),47.3,mon,132,280,50,21600,1522,7601,7601,,,86.4,0.0,3.0,0,5,0,0,0,0,0,0
SENSEX,W_1000_1030,R500,18,916.3,-932,-612,33.3,-6632,-0.87,-0.87,11.1,0.000865,pooled(n=1202),47.3,mon,132,280,50,5600,657,5600,7601,,,75.0,9.8,5.0,0,5,0,0,0,0,0,0
SENSEX,W_1000_1030,SLP10,18,916.3,-932,-382,33.3,-5184,-0.63,-0.63,0.0,0.000865,pooled(n=1202),47.3,mon,132,280,50,16260,1208,7601,7601,,,86.4,0.0,3.0,0,5,0,0,0,0,0,0
SENSEX,W_1000_1030,SLP15,18,916.3,-932,-382,33.3,-5184,-0.63,-0.63,0.0,0.000865,pooled(n=1202),47.3,mon,132,280,50,23591,1457,7601,7601,,,86.4,0.0,3.0,0,5,0,0,0,0,0,0
SENSEX,W_1000_1030,SLP20,18,916.3,-932,-382,33.3,-5184,-0.63,-0.63,0.0,0.000865,pooled(n=1202),47.3,mon,132,280,50,30921,1469,7601,7601,,,86.4,0.0,3.0,0,5,0,0,0,0,0,0
SENSEX,W_1000_1030,SLP25,18,916.3,-932,-382,33.3,-5184,-0.63,-0.63,0.0,0.000865,pooled(n=1202),47.3,mon,132,280,50,38251,1356,7601,7601,,,86.4,0.0,3.0,0,5,0,0,0,0,0,0
SENSEX,W_1000_1030,SLP30,18,916.3,-932,-382,33.3,-5184,-0.63,-0.63,0.0,0.000865,pooled(n=1202),47.3,mon,132,280,50,45581,1546,7601,7601,,,86.4,0.0,3.0,0,5,0,0,0,0,0,0
SENSEX,W_1000_1030,SLP40,18,916.3,-932,-382,33.3,-5184,-0.63,-0.63,0.0,0.000865,pooled(n=1202),47.3,mon,132,280,50,60242,1346,7601,7601,,,86.4,0.0,3.0,0,5,0,0,0,0,0,0
SENSEX,W_1000_1045,NOSTOP,18,916.3,-120,-323,50.0,-5600,-0.57,-0.57,0.0,0.000865,pooled(n=1202),58.7,mon,132,280,50,,,9047,9047,,,43.9,0.0,12.0,0,7,0,0,0,0,0,0
SENSEX,W_1000_1045,R1000,18,916.3,-284,-1240,50.0,-11304,-1.27,-1.27,11.1,0.000865,pooled(n=1202),58.7,mon,132,280,50,9600,1168,9047,9047,,,49.2,3.8,10.8,0,7,0,0,0,0,0,0
SENSEX,W_1000_1045,R1500,18,916.3,-284,-1202,50.0,-16088,-1.15,-1.15,5.6,0.000865,pooled(n=1202),58.7,mon,132,280,50,13600,1246,9047,9047,,,49.2,1.5,10.7,0,7,0,0,0,0,0,0
SENSEX,W_1000_1045,R2500,18,916.3,-120,-323,50.0,-5600,-0.57,-0.57,0.0,0.000865,pooled(n=1202),58.7,mon,132,280,50,21600,1522,9047,9047,,,43.9,0.0,12.0,0,7,0,0,0,0,0,0
SENSEX,W_1000_1045,R500,18,916.3,-284,-1039,50.0,-7120,-1.3,-1.3,22.2,0.000865,pooled(n=1202),58.7,mon,132,280,50,5600,657,5600,9047,,,49.2,18.9,10.7,0,7,0,0,0,0,0,0
SENSEX,W_1000_1045,SLP10,18,916.3,-120,-323,50.0,-5600,-0.57,-0.57,0.0,0.000865,pooled(n=1202),58.7,mon,132,280,50,16260,1208,9047,9047,,,43.9,0.0,12.0,0,7,0,0,0,0,0,0
SENSEX,W_1000_1045,SLP15,18,916.3,-120,-323,50.0,-5600,-0.57,-0.57,0.0,0.000865,pooled(n=1202),58.7,mon,132,280,50,23591,1457,9047,9047,,,43.9,0.0,12.0,0,7,0,0,0,0,0,0
SENSEX,W_1000_1045,SLP20,18,916.3,-120,-323,50.0,-5600,-0.57,-0.57,0.0,0.000865,pooled(n=1202),58.7,mon,132,280,50,30921,1469,9047,9047,,,43.9,0.0,12.0,0,7,0,0,0,0,0,0
SENSEX,W_1000_1045,SLP25,18,916.3,-120,-323,50.0,-5600,-0.57,-0.57,0.0,0.000865,pooled(n=1202),58.7,mon,132,280,50,38251,1356,9047,9047,,,43.9,0.0,12.0,0,7,0,0,0,0,0,0
SENSEX,W_1000_1045,SLP30,18,916.3,-120,-323,50.0,-5600,-0.57,-0.57,0.0,0.000865,pooled(n=1202),58.7,mon,132,280,50,45581,1546,9047,9047,,,43.9,0.0,12.0,0,7,0,0,0,0,0,0
SENSEX,W_1000_1045,SLP40,18,916.3,-120,-323,50.0,-5600,-0.57,-0.57,0.0,0.000865,pooled(n=1202),58.7,mon,132,280,50,60242,1346,9047,9047,,,43.9,0.0,12.0,0,7,0,0,0,0,0,0
SENSEX,W_1000_1100,NOSTOP,18,916.3,668,-347,55.6,-9552,-0.35,-0.35,0.0,0.001001,cell(n=8),70.8,mon,132,280,50,,,11993,11993,17.95,17.95,43.2,0.0,13.9,0,8,0,0,0,0,0,0
SENSEX,W_1000_1100,R1000,18,916.3,668,-696,55.6,-11304,-0.6,-0.6,11.1,0.001001,cell(n=8),70.8,mon,132,280,50,9600,1168,9600,11993,14.37,17.95,44.7,6.8,13.6,0,8,0,0,0,0,0,0
SENSEX,W_1000_1100,R1500,18,916.3,668,-878,55.6,-16088,-0.69,-0.69,5.6,0.001001,cell(n=8),70.8,mon,132,280,50,13600,1246,11993,11993,17.95,17.95,38.6,3.8,16.0,0,8,0,0,1,0,0,0
SENSEX,W_1000_1100,R2500,18,916.3,668,-347,55.6,-9552,-0.35,-0.35,0.0,0.001001,cell(n=8),70.8,mon,132,280,50,21600,1522,11993,11993,17.95,17.95,43.2,0.8,13.9,0,8,0,0,0,0,0,0
SENSEX,W_1000_1100,R500,18,916.3,668,-813,55.6,-9616,-0.75,-0.75,27.8,0.001001,cell(n=8),70.8,mon,132,280,50,5600,657,5600,10856,8.38,16.25,37.1,32.6,19.2,0,8,0,0,1,0,0,0
SENSEX,W_1000_1100,SLP10,18,916.3,668,-347,55.6,-9552,-0.35,-0.35,0.0,0.001001,cell(n=8),70.8,mon,132,280,50,16260,1208,11993,11993,17.95,17.95,43.2,0.8,13.9,0,8,0,0,0,0,0,0
SENSEX,W_1000_1100,SLP15,18,916.3,668,-347,55.6,-9552,-0.35,-0.35,0.0,0.001001,cell(n=8),70.8,mon,132,280,50,23591,1457,11993,11993,17.95,17.95,43.2,0.8,13.9,0,8,0,0,0,0,0,0
SENSEX,W_1000_1100,SLP20,18,916.3,668,-347,55.6,-9552,-0.35,-0.35,0.0,0.001001,cell(n=8),70.8,mon,132,280,50,30921,1469,11993,11993,17.95,17.95,43.2,0.0,13.9,0,8,0,0,0,0,0,0
SENSEX,W_1000_1100,SLP25,18,916.3,668,-347,55.6,-9552,-0.35,-0.35,0.0,0.001001,cell(n=8),70.8,mon,132,280,50,38251,1356,11993,11993,17.95,17.95,43.2,0.0,13.9,0,8,0,0,0,0,0,0
SENSEX,W_1000_1100,SLP30,18,916.3,668,-347,55.6,-9552,-0.35,-0.35,0.0,0.001001,cell(n=8),70.8,mon,132,280,50,45581,1546,11993,11993,17.95,17.95,43.2,0.0,13.9,0,8,0,0,0,0,0,0
SENSEX,W_1000_1100,SLP40,18,916.3,668,-347,55.6,-9552,-0.35,-0.35,0.0,0.001001,cell(n=8),70.8,mon,132,280,50,60242,1346,11993,11993,17.95,17.95,43.2,0.0,13.9,0,8,0,0,0,0,0,0
SENSEX,W_1000_1115,NOSTOP,18,916.3,632,354,61.1,-10328,0.37,0.37,0.0,0.001097,cell(n=10),73.9,mon,132,280,50,,,13484,13484,21.33,21.33,42.4,0.0,15.7,0,8,1,0,0,0,0,0
SENSEX,W_1000_1115,R1000,18,916.3,632,-336,55.6,-11304,-0.28,-0.28,11.1,0.001097,cell(n=10),73.9,mon,132,280,50,9600,1168,9600,13484,15.19,21.33,43.2,10.6,15.1,0,8,0,0,0,0,0,0
SENSEX,W_1000_1115,R1500,18,916.3,632,-799,55.6,-16088,-0.55,-0.55,11.1,0.001097,cell(n=10),73.9,mon,132,280,50,13600,1246,13484,13484,21.33,21.33,46.2,4.5,13.7,0,8,0,0,0,0,0,0
SENSEX,W_1000_1115,R2500,18,916.3,632,354,61.1,-10328,0.37,0.37,0.0,0.001097,cell(n=10),73.9,mon,132,280,50,21600,1522,13484,13484,21.33,21.33,42.4,0.8,15.7,0,8,1,0,0,0,0,0
SENSEX,W_1000_1115,R500,18,916.3,632,-678,55.6,-9616,-0.58,-0.58,27.8,0.001097,cell(n=10),73.9,mon,132,280,50,5600,657,5600,10856,8.86,17.18,42.4,40.9,21.9,0,8,0,0,0,0,0,0
SENSEX,W_1000_1115,SLP10,18,916.3,632,354,61.1,-10328,0.37,0.37,0.0,0.001097,cell(n=10),73.9,mon,132,280,50,16260,1208,13484,13484,21.33,21.33,42.4,3.0,15.7,0,8,1,0,0,0,0,0
SENSEX,W_1000_1115,SLP15,18,916.3,632,354,61.1,-10328,0.37,0.37,0.0,0.001097,cell(n=10),73.9,mon,132,280,50,23591,1457,13484,13484,21.33,21.33,42.4,0.8,15.7,0,8,1,0,0,0,0,0
SENSEX,W_1000_1115,SLP20,18,916.3,632,354,61.1,-10328,0.37,0.37,0.0,0.001097,cell(n=10),73.9,mon,132,280,50,30921,1469,13484,13484,21.33,21.33,42.4,0.8,15.7,0,8,1,0,0,0,0,0
SENSEX,W_1000_1115,SLP25,18,916.3,632,354,61.1,-10328,0.37,0.37,0.0,0.001097,cell(n=10),73.9,mon,132,280,50,38251,1356,13484,13484,21.33,21.33,42.4,0.8,15.7,0,8,1,0,0,0,0,0
SENSEX,W_1000_1115,SLP30,18,916.3,632,354,61.1,-10328,0.37,0.37,0.0,0.001097,cell(n=10),73.9,mon,132,280,50,45581,1546,13484,13484,21.33,21.33,42.4,0.8,15.7,0,8,1,0,0,0,0,0
SENSEX,W_1000_1115,SLP40,18,916.3,632,354,61.1,-10328,0.37,0.37,0.0,0.001097,cell(n=10),73.9,mon,132,280,50,60242,1346,13484,13484,21.33,21.33,42.4,0.0,15.7,0,8,1,0,0,0,0,0
SENSEX,W_1000_1130,NOSTOP,18,916.3,1492,768,66.7,-19328,0.54,0.54,0.0,0.001184,cell(n=11),78.0,mon,132,280,50,,,15145,15145,10.15,10.15,23.5,0.0,26.2,0,8,1,0,1,0,0,0
SENSEX,W_1000_1130,R1000,18,916.3,604,388,61.1,-11304,0.31,0.31,11.1,0.001184,cell(n=11),78.0,mon,132,280,50,9600,1168,9600,15145,15.89,25.07,25.8,15.2,26.5,0,8,1,0,1,0,0,0
SENSEX,W_1000_1130,R1500,18,916.3,604,-75,61.1,-16088,-0.05,-0.05,11.1,0.001184,cell(n=11),78.0,mon,132,280,50,13600,1246,13600,15145,22.52,25.07,24.2,6.1,26.5,0,8,1,0,1,0,0,0
SENSEX,W_1000_1130,R2500,18,916.3,1492,512,66.7,-23936,0.31,0.31,5.6,0.001184,cell(n=11),78.0,mon,132,280,50,21600,1522,15145,15145,10.15,10.15,23.5,0.8,26.2,0,8,1,0,1,0,0,0
SENSEX,W_1000_1130,R500,18,916.3,604,-31,61.1,-9616,-0.02,-0.02,27.8,0.001184,cell(n=11),78.0,mon,132,280,50,5600,657,5600,10856,9.27,17.97,78.0,54.5,5.8,0,8,1,0,0,0,0,0
SENSEX,W_1000_1130,SLP10,18,916.3,1492,512,66.7,-23936,0.31,0.31,5.6,0.001184,cell(n=11),78.0,mon,132,280,50,16260,1208,15145,15145,10.15,10.15,24.2,3.8,26.2,0,8,1,0,1,0,0,0
SENSEX,W_1000_1130,SLP15,18,916.3,1492,768,66.7,-19328,0.54,0.54,0.0,0.001184,cell(n=11),78.0,mon,132,280,50,23591,1457,15145,15145,10.15,10.15,23.5,0.8,26.2,0,8,1,0,1,0,0,0
SENSEX,W_1000_1130,SLP20,18,916.3,1492,768,66.7,-19328,0.54,0.54,0.0,0.001184,cell(n=11),78.0,mon,132,280,50,30921,1469,15145,15145,10.15,10.15,23.5,0.8,26.2,0,8,1,0,1,0,0,0
SENSEX,W_1000_1130,SLP25,18,916.3,1492,768,66.7,-19328,0.54,0.54,0.0,0.001184,cell(n=11),78.0,mon,132,280,50,38251,1356,15145,15145,10.15,10.15,23.5,0.8,26.2,0,8,1,0,1,0,0,0
SENSEX,W_1000_1130,SLP30,18,916.3,1492,768,66.7,-19328,0.54,0.54,0.0,0.001184,cell(n=11),78.0,mon,132,280,50,45581,1546,15145,15145,10.15,10.15,23.5,0.8,26.2,0,8,1,0,1,0,0,0
SENSEX,W_1000_1130,SLP40,18,916.3,1492,768,66.7,-19328,0.54,0.54,0.0,0.001184,cell(n=11),78.0,mon,132,280,50,60242,1346,15145,15145,10.15,10.15,23.5,0.0,26.2,0,8,1,0,1,0,0,0
SENSEX,W_1000_1145,NOSTOP,18,916.3,2124,22,66.7,-31248,0.01,0.01,0.0,0.001626,cell(n=11),85.1,mon,132,280,50,,,21881,21881,10.3,10.3,20.5,0.0,33.0,0,7,1,0,1,0,0,0
SENSEX,W_1000_1145,R1000,18,916.3,1060,-16,61.1,-11304,-0.01,-0.01,16.7,0.001626,cell(n=11),85.1,mon,132,280,50,9600,1168,9600,18944,9.06,17.87,36.4,36.4,32.3,0,7,1,0,1,0,0,0
SENSEX,W_1000_1145,R1500,18,916.3,1060,-230,61.1,-16088,-0.15,-0.15,11.1,0.001626,cell(n=11),85.1,mon,132,280,50,13600,1246,13600,21881,12.83,20.64,24.2,15.2,32.3,0,7,1,0,1,0,0,0
SENSEX,W_1000_1145,R2500,18,916.3,2124,428,66.7,-23936,0.26,0.26,5.6,0.001626,cell(n=11),85.1,mon,132,280,50,21600,1522,21600,21881,10.17,10.3,22.0,5.3,33.0,0,7,1,0,1,0,0,0
SENSEX,W_1000_1145,R500,18,916.3,1012,-951,55.6,-9616,-0.67,-0.67,38.9,0.001626,cell(n=11),85.1,mon,132,280,50,5600,657,5600,10856,5.53,10.73,82.6,82.6,47.0,0,7,0,0,0,0,0,0
SENSEX,W_1000_1145,SLP10,18,916.3,2124,428,66.7,-23936,0.26,0.26,5.6,0.001626,cell(n=11),85.1,mon,132,280,50,16260,1208,16260,21881,7.66,10.3,22.7,8.3,33.0,0,7,1,0,1,0,0,0
SENSEX,W_1000_1145,SLP15,18,916.3,2124,-312,66.7,-37248,-0.13,-0.13,5.6,0.001626,cell(n=11),85.1,mon,132,280,50,23591,1457,21881,21881,10.3,10.3,22.0,4.5,33.0,0,7,1,0,1,0,0,0
SENSEX,W_1000_1145,SLP20,18,916.3,2124,22,66.7,-31248,0.01,0.01,0.0,0.001626,cell(n=11),85.1,mon,132,280,50,30921,1469,21881,21881,10.3,10.3,20.5,0.8,33.0,0,7,1,0,1,0,0,0
SENSEX,W_1000_1145,SLP25,18,916.3,2124,22,66.7,-31248,0.01,0.01,0.0,0.001626,cell(n=11),85.1,mon,132,280,50,38251,1356,21881,21881,10.3,10.3,20.5,0.8,33.0,0,7,1,0,1,0,0,0
SENSEX,W_1000_1145,SLP30,18,916.3,2124,22,66.7,-31248,0.01,0.01,0.0,0.001626,cell(n=11),85.1,mon,132,280,50,45581,1546,21881,21881,10.3,10.3,20.5,0.8,33.0,0,7,1,0,1,0,0,0
SENSEX,W_1000_1145,SLP40,18,916.3,2124,22,66.7,-31248,0.01,0.01,0.0,0.001626,cell(n=11),85.1,mon,132,280,50,60242,1346,21881,21881,10.3,10.3,20.5,0.8,33.0,0,7,1,0,1,0,0,0
SENSEX,W_1000_1200,NOSTOP,18,916.3,3180,1490,61.1,-12784,1.15,1.15,0.0,0.001265,cell(n=12),89.1,mon,132,280,50,,,18129,18129,5.7,5.7,12.9,0.0,45.4,0,5,1,0,1,0,0,0
SENSEX,W_1000_1200,R1000,18,916.3,1952,436,55.6,-11304,0.29,0.29,16.7,0.001265,cell(n=12),89.1,mon,132,280,50,9600,1168,9600,18129,4.92,9.29,25.8,22.0,31.4,0,5,0,0,1,0,0,0
SENSEX,W_1000_1200,R1500,18,916.3,1952,197,55.6,-16088,0.12,0.12,11.1,0.001265,cell(n=12),89.1,mon,132,280,50,13600,1246,13600,18129,6.97,9.29,21.2,8.3,32.4,0,5,0,0,1,0,0,0
SENSEX,W_1000_1200,R2500,18,916.3,3180,870,61.1,-23936,0.5,0.5,5.6,0.001265,cell(n=12),89.1,mon,132,280,50,21600,1522,18129,18129,5.7,5.7,12.9,0.8,45.3,0,5,1,0,1,0,0,0
SENSEX,W_1000_1200,R500,18,916.3,-368,-1192,44.4,-9616,-0.77,-0.77,44.4,0.001265,cell(n=12),89.1,mon,132,280,50,5600,657,5600,10856,,,68.9,66.7,14.1,0,5,0,0,0,0,0,0
SENSEX,W_1000_1200,SLP10,18,916.3,3180,870,61.1,-23936,0.5,0.5,5.6,0.001265,cell(n=12),89.1,mon,132,280,50,16260,1208,16260,18129,5.11,5.7,15.2,6.1,45.3,0,5,1,0,1,0,0,0
SENSEX,W_1000_1200,SLP15,18,916.3,3180,131,61.1,-37248,0.05,0.05,5.6,0.001265,cell(n=12),89.1,mon,132,280,50,23591,1457,18129,18129,5.7,5.7,12.9,0.8,45.3,0,5,1,0,1,0,0,0
SENSEX,W_1000_1200,SLP20,18,916.3,3180,1490,61.1,-12784,1.15,1.15,0.0,0.001265,cell(n=12),89.1,mon,132,280,50,30921,1469,18129,18129,5.7,5.7,12.9,0.8,45.4,0,5,1,0,1,0,0,0
SENSEX,W_1000_1200,SLP25,18,916.3,3180,1490,61.1,-12784,1.15,1.15,0.0,0.001265,cell(n=12),89.1,mon,132,280,50,38251,1356,18129,18129,5.7,5.7,12.9,0.8,45.4,0,5,1,0,1,0,0,0
SENSEX,W_1000_1200,SLP30,18,916.3,3180,1490,61.1,-12784,1.15,1.15,0.0,0.001265,cell(n=12),89.1,mon,132,280,50,45581,1546,18129,18129,5.7,5.7,12.9,0.8,45.4,0,5,1,0,1,0,0,0
SENSEX,W_1000_1200,SLP40,18,916.3,3180,1490,61.1,-12784,1.15,1.15,0.0,0.001265,cell(n=12),89.1,mon,132,280,50,60242,1346,18129,18129,5.7,5.7,12.9,0.8,45.4,0,5,1,0,1,0,0,0
SENSEX,W_1015_1045,NOSTOP,18,913.7,-848,-1153,27.8,-6856,-1.77,-1.77,0.0,0.000865,pooled(n=1202),47.1,dte,132,280,50,,,7559,7559,,,91.7,0.0,2.1,0,5,0,0,0,0,0,0
SENSEX,W_1015_1045,R1000,18,913.7,-848,-1470,27.8,-11288,-1.77,-1.77,5.6,0.000865,pooled(n=1202),47.1,dte,132,280,50,9600,1168,7559,7559,,,82.6,2.3,3.2,0,5,0,0,0,0,0,0
SENSEX,W_1015_1045,R1500,18,913.7,-848,-1153,27.8,-6856,-1.77,-1.77,0.0,0.000865,pooled(n=1202),47.1,dte,132,280,50,13600,1246,7559,7559,,,91.7,0.8,2.1,0,5,0,0,0,0,0,0
SENSEX,W_1015_1045,R2500,18,913.7,-848,-1153,27.8,-6856,-1.77,-1.77,0.0,0.000865,pooled(n=1202),47.1,dte,132,280,50,21600,1522,7559,7559,,,91.7,0.0,2.1,0,5,0,0,0,0,0,0
SENSEX,W_1015_1045,R500,18,913.7,-848,-1801,27.8,-7864,-2.18,-2.18,22.2,0.000865,pooled(n=1202),47.1,dte,132,280,50,5600,657,5600,7559,,,95.5,13.6,1.2,0,5,0,0,0,0,0,0
SENSEX,W_1015_1045,SLP10,18,913.7,-848,-1153,27.8,-6856,-1.77,-1.77,0.0,0.000865,pooled(n=1202),47.1,dte,132,280,50,16220,1208,7559,7559,,,91.7,0.8,2.1,0,5,0,0,0,0,0,0
SENSEX,W_1015_1045,SLP15,18,913.7,-848,-1153,27.8,-6856,-1.77,-1.77,0.0,0.000865,pooled(n=1202),47.1,dte,132,280,50,23529,1457,7559,7559,,,91.7,0.0,2.1,0,5,0,0,0,0,0,0
SENSEX,W_1015_1045,SLP20,18,913.7,-848,-1153,27.8,-6856,-1.77,-1.77,0.0,0.000865,pooled(n=1202),47.1,dte,132,280,50,30839,1469,7559,7559,,,91.7,0.0,2.1,0,5,0,0,0,0,0,0
SENSEX,W_1015_1045,SLP25,18,913.7,-848,-1153,27.8,-6856,-1.77,-1.77,0.0,0.000865,pooled(n=1202),47.1,dte,132,280,50,38149,1356,7559,7559,,,91.7,0.0,2.1,0,5,0,0,0,0,0,0
SENSEX,W_1015_1045,SLP30,18,913.7,-848,-1153,27.8,-6856,-1.77,-1.77,0.0,0.000865,pooled(n=1202),47.1,dte,132,280,50,45459,1546,7559,7559,,,91.7,0.0,2.1,0,5,0,0,0,0,0,0
SENSEX,W_1015_1045,SLP40,18,913.7,-848,-1153,27.8,-6856,-1.77,-1.77,0.0,0.000865,pooled(n=1202),47.1,dte,132,280,50,60078,1346,7559,7559,,,91.7,0.0,2.1,0,5,0,0,0,0,0,0
SENSEX,W_1015_1100,NOSTOP,18,913.7,300,-928,55.6,-9536,-1.04,-1.04,0.0,0.001054,cell(n=9),58.2,mon,132,280,50,,,10565,10565,35.22,35.22,45.5,0.0,10.3,0,7,0,0,0,0,0,0
SENSEX,W_1015_1100,R1000,18,913.7,300,-1181,55.6,-11328,-1.14,-1.14,11.1,0.001054,cell(n=9),58.2,mon,132,280,50,9600,1168,9600,10565,32.0,35.22,43.9,6.1,10.7,0,7,0,0,0,0,0,0
SENSEX,W_1015_1100,R1500,18,913.7,300,-928,55.6,-9536,-1.04,-1.04,0.0,0.001054,cell(n=9),58.2,mon,132,280,50,13600,1246,10565,10565,35.22,35.22,45.5,2.3,10.3,0,7,0,0,0,0,0,0
SENSEX,W_1015_1100,R2500,18,913.7,300,-928,55.6,-9536,-1.04,-1.04,0.0,0.001054,cell(n=9),58.2,mon,132,280,50,21600,1522,10565,10565,35.22,35.22,45.5,0.8,10.3,0,7,0,0,0,0,0,0
SENSEX,W_1015_1100,R500,18,913.7,-616,-1688,50.0,-7864,-1.78,-1.78,27.8,0.001054,cell(n=9),58.2,mon,132,280,50,5600,657,5600,10565,,,65.9,29.5,7.3,0,7,0,0,0,0,0,0
SENSEX,W_1015_1100,SLP10,18,913.7,300,-928,55.6,-9536,-1.04,-1.04,0.0,0.001054,cell(n=9),58.2,mon,132,280,50,16220,1208,10565,10565,35.22,35.22,45.5,0.8,10.3,0,7,0,0,0,0,0,0
SENSEX,W_1015_1100,SLP15,18,913.7,300,-928,55.6,-9536,-1.04,-1.04,0.0,0.001054,cell(n=9),58.2,mon,132,280,50,23529,1457,10565,10565,35.22,35.22,45.5,0.8,10.3,0,7,0,0,0,0,0,0
SENSEX,W_1015_1100,SLP20,18,913.7,300,-928,55.6,-9536,-1.04,-1.04,0.0,0.001054,cell(n=9),58.2,mon,132,280,50,30839,1469,10565,10565,35.22,35.22,45.5,0.8,10.3,0,7,0,0,0,0,0,0
SENSEX,W_1015_1100,SLP25,18,913.7,300,-928,55.6,-9536,-1.04,-1.04,0.0,0.001054,cell(n=9),58.2,mon,132,280,50,38149,1356,10565,10565,35.22,35.22,45.5,0.0,10.3,0,7,0,0,0,0,0,0
SENSEX,W_1015_1100,SLP30,18,913.7,300,-928,55.6,-9536,-1.04,-1.04,0.0,0.001054,cell(n=9),58.2,mon,132,280,50,45459,1546,10565,10565,35.22,35.22,45.5,0.0,10.3,0,7,0,0,0,0,0,0
SENSEX,W_1015_1100,SLP40,18,913.7,300,-928,55.6,-9536,-1.04,-1.04,0.0,0.001054,cell(n=9),58.2,mon,132,280,50,60078,1346,10565,10565,35.22,35.22,45.5,0.0,10.3,0,7,0,0,0,0,0,0
SENSEX,W_1015_1115,NOSTOP,18,913.7,-388,-515,44.4,-10312,-0.54,-0.54,0.0,0.001042,cell(n=12),60.2,mon,132,280,50,,,10774,10774,,,54.5,0.0,9.7,0,8,0,0,0,0,0,0
SENSEX,W_1015_1115,R1000,18,913.7,-388,-1260,44.4,-11328,-1.03,-1.03,16.7,0.001042,cell(n=12),60.2,mon,132,280,50,9600,1168,9600,10774,,,55.3,8.3,9.7,0,8,0,0,0,0,0,0
SENSEX,W_1015_1115,R1500,18,913.7,-388,-752,44.4,-14584,-0.68,-0.68,5.6,0.001042,cell(n=12),60.2,mon,132,280,50,13600,1246,10774,10774,,,54.5,2.3,9.8,0,8,0,0,0,0,0,0
SENSEX,W_1015_1115,R2500,18,913.7,-388,-515,44.4,-10312,-0.54,-0.54,0.0,0.001042,cell(n=12),60.2,mon,132,280,50,21600,1522,10774,10774,,,54.5,0.8,9.7,0,8,0,0,0,0,0,0
SENSEX,W_1015_1115,R500,18,913.7,-1548,-1486,38.9,-7864,-1.43,-1.43,27.8,0.001042,cell(n=12),60.2,mon,132,280,50,5600,657,5600,10774,,,60.6,35.6,8.6,0,8,0,0,0,0,0,0
SENSEX,W_1015_1115,SLP10,18,913.7,-388,-515,44.4,-10312,-0.54,-0.54,0.0,0.001042,cell(n=12),60.2,mon,132,280,50,16220,1208,10774,10774,,,54.5,0.8,9.7,0,8,0,0,0,0,0,0
SENSEX,W_1015_1115,SLP15,18,913.7,-388,-515,44.4,-10312,-0.54,-0.54,0.0,0.001042,cell(n=12),60.2,mon,132,280,50,23529,1457,10774,10774,,,54.5,0.8,9.7,0,8,0,0,0,0,0,0
SENSEX,W_1015_1115,SLP20,18,913.7,-388,-515,44.4,-10312,-0.54,-0.54,0.0,0.001042,cell(n=12),60.2,mon,132,280,50,30839,1469,10774,10774,,,54.5,0.8,9.7,0,8,0,0,0,0,0,0
SENSEX,W_1015_1115,SLP25,18,913.7,-388,-515,44.4,-10312,-0.54,-0.54,0.0,0.001042,cell(n=12),60.2,mon,132,280,50,38149,1356,10774,10774,,,54.5,0.8,9.7,0,8,0,0,0,0,0,0
SENSEX,W_1015_1115,SLP30,18,913.7,-388,-515,44.4,-10312,-0.54,-0.54,0.0,0.001042,cell(n=12),60.2,mon,132,280,50,45459,1546,10774,10774,,,54.5,0.8,9.7,0,8,0,0,0,0,0,0
SENSEX,W_1015_1115,SLP40,18,913.7,-388,-515,44.4,-10312,-0.54,-0.54,0.0,0.001042,cell(n=12),60.2,mon,132,280,50,60078,1346,10774,10774,,,54.5,0.0,9.7,0,8,0,0,0,0,0,0
SENSEX,W_1015_1130,NOSTOP,18,913.7,1044,26,55.6,-19312,0.02,0.02,0.0,0.001,cell(n=13),70.7,mon,132,280,50,,,11936,11936,11.43,11.43,40.9,0.0,15.9,0,8,0,0,0,0,0,0
SENSEX,W_1015_1130,R1000,18,913.7,1044,-241,55.6,-11328,-0.18,-0.18,16.7,0.001,cell(n=13),70.7,mon,132,280,50,9600,1168,9600,11936,9.2,11.43,36.4,7.6,17.9,0,8,0,0,1,0,0,0
SENSEX,W_1015_1130,R1500,18,913.7,1044,289,55.6,-14584,0.24,0.24,5.6,0.001,cell(n=13),70.7,mon,132,280,50,13600,1246,11936,11936,11.43,11.43,39.4,2.3,16.4,0,8,0,0,1,0,0,0
SENSEX,W_1015_1130,R2500,18,913.7,1044,-230,55.6,-23920,-0.14,-0.14,5.6,0.001,cell(n=13),70.7,mon,132,280,50,21600,1522,11936,11936,11.43,11.43,44.7,0.8,14.7,0,8,0,0,0,0,0,0
SENSEX,W_1015_1130,R500,18,913.7,-1388,-1091,38.9,-7864,-0.89,-0.89,33.3,0.001,cell(n=13),70.7,mon,132,280,50,5600,657,5600,10856,,,100.0,34.8,-7.1,0,8,0,0,0,0,0,0
SENSEX,W_1015_1130,SLP10,18,913.7,1044,-230,55.6,-23920,-0.14,-0.14,5.6,0.001,cell(n=13),70.7,mon,132,280,50,16220,1208,11936,11936,11.43,11.43,44.7,0.8,14.7,0,8,0,0,0,0,0,0
SENSEX,W_1015_1130,SLP15,18,913.7,1044,26,55.6,-19312,0.02,0.02,0.0,0.001,cell(n=13),70.7,mon,132,280,50,23529,1457,11936,11936,11.43,11.43,40.9,0.8,15.9,0,8,0,0,0,0,0,0
SENSEX,W_1015_1130,SLP20,18,913.7,1044,26,55.6,-19312,0.02,0.02,0.0,0.001,cell(n=13),70.7,mon,132,280,50,30839,1469,11936,11936,11.43,11.43,40.9,0.8,15.9,0,8,0,0,0,0,0,0
SENSEX,W_1015_1130,SLP25,18,913.7,1044,26,55.6,-19312,0.02,0.02,0.0,0.001,cell(n=13),70.7,mon,132,280,50,38149,1356,11936,11936,11.43,11.43,40.9,0.8,15.9,0,8,0,0,0,0,0,0
SENSEX,W_1015_1130,SLP30,18,913.7,1044,26,55.6,-19312,0.02,0.02,0.0,0.001,cell(n=13),70.7,mon,132,280,50,45459,1546,11936,11936,11.43,11.43,40.9,0.8,15.9,0,8,0,0,0,0,0,0
SENSEX,W_1015_1130,SLP40,18,913.7,1044,26,55.6,-19312,0.02,0.02,0.0,0.001,cell(n=13),70.7,mon,132,280,50,60078,1346,11936,11936,11.43,11.43,40.9,0.0,15.9,0,8,0,0,0,0,0,0
SENSEX,W_1015_1145,NOSTOP,18,913.7,1432,-646,61.1,-31232,-0.33,-0.33,0.0,0.001027,cell(n=14),72.1,mon,132,280,50,,,12424,12424,8.68,8.68,23.5,0.0,24.8,0,8,1,0,1,0,0,0
SENSEX,W_1015_1145,R1000,18,913.7,1432,-425,61.1,-11328,-0.32,-0.32,16.7,0.001027,cell(n=14),72.1,mon,132,280,50,9600,1168,9600,12424,6.7,8.68,15.9,11.4,41.3,0,8,1,0,1,0,0,0
SENSEX,W_1015_1145,R1500,18,913.7,1432,279,61.1,-14584,0.24,0.24,5.6,0.001027,cell(n=14),72.1,mon,132,280,50,13600,1246,12424,12424,8.68,8.68,19.7,3.8,30.1,0,8,1,0,1,0,0,0
SENSEX,W_1015_1145,R2500,18,913.7,1432,-240,61.1,-23920,-0.15,-0.15,5.6,0.001027,cell(n=14),72.1,mon,132,280,50,21600,1522,12424,12424,8.68,8.68,23.5,0.8,24.8,0,8,1,0,1,0,0,0
SENSEX,W_1015_1145,R500,18,913.7,-1072,-1552,44.4,-8872,-1.26,-1.26,38.9,0.001027,cell(n=14),72.1,mon,132,280,50,5600,657,5600,10856,,,100.0,40.9,-4.8,0,8,0,0,0,0,0,0
SENSEX,W_1015_1145,SLP10,18,913.7,1432,-240,61.1,-23920,-0.15,-0.15,5.6,0.001027,cell(n=14),72.1,mon,132,280,50,16220,1208,12424,12424,8.68,8.68,23.5,1.5,24.8,0,8,1,0,1,0,0,0
SENSEX,W_1015_1145,SLP15,18,913.7,1432,-979,61.1,-37232,-0.43,-0.43,5.6,0.001027,cell(n=14),72.1,mon,132,280,50,23529,1457,12424,12424,8.68,8.68,23.5,0.8,24.8,0,8,1,0,1,0,0,0
SENSEX,W_1015_1145,SLP20,18,913.7,1432,-646,61.1,-31232,-0.33,-0.33,0.0,0.001027,cell(n=14),72.1,mon,132,280,50,30839,1469,12424,12424,8.68,8.68,23.5,0.8,24.8,0,8,1,0,1,0,0,0
SENSEX,W_1015_1145,SLP25,18,913.7,1432,-646,61.1,-31232,-0.33,-0.33,0.0,0.001027,cell(n=14),72.1,mon,132,280,50,38149,1356,12424,12424,8.68,8.68,23.5,0.8,24.8,0,8,1,0,1,0,0,0
SENSEX,W_1015_1145,SLP30,18,913.7,1432,-646,61.1,-31232,-0.33,-0.33,0.0,0.001027,cell(n=14),72.1,mon,132,280,50,45459,1546,12424,12424,8.68,8.68,23.5,0.8,24.8,0,8,1,0,1,0,0,0
SENSEX,W_1015_1145,SLP40,18,913.7,1432,-646,61.1,-31232,-0.33,-0.33,0.0,0.001027,cell(n=14),72.1,mon,132,280,50,60078,1346,12424,12424,8.68,8.68,23.5,0.0,24.8,0,8,1,0,1,0,0,0
SENSEX,W_1015_1200,NOSTOP,18,913.7,1348,924,61.1,-12768,0.75,0.75,0.0,0.001025,cell(n=14),74.0,mon,132,280,50,,,12686,12686,9.41,9.41,25.0,0.0,23.2,0,7,1,0,1,0,0,0
SENSEX,W_1015_1200,R1000,18,913.7,1348,64,61.1,-11328,0.04,0.04,16.7,0.001025,cell(n=14),74.0,mon,132,280,50,9600,1168,9600,12686,7.12,9.41,26.5,14.4,25.0,0,7,1,0,1,0,0,0
SENSEX,W_1015_1200,R1500,18,913.7,1348,823,61.1,-14584,0.63,0.63,5.6,0.001025,cell(n=14),74.0,mon,132,280,50,13600,1246,12686,12686,9.41,9.41,25.8,3.8,23.2,0,7,1,0,1,0,0,0
SENSEX,W_1015_1200,R2500,18,913.7,1348,304,61.1,-23920,0.18,0.18,5.6,0.001025,cell(n=14),74.0,mon,132,280,50,21600,1522,12686,12686,9.41,9.41,28.0,0.8,21.0,0,7,1,0,1,0,0,0
SENSEX,W_1015_1200,R500,18,913.7,-648,-792,44.4,-8872,-0.55,-0.55,38.9,0.001025,cell(n=14),74.0,mon,132,280,50,5600,657,5600,10856,,,47.0,42.4,17.2,0,7,0,0,0,0,0,0
SENSEX,W_1015_1200,SLP10,18,913.7,1348,304,61.1,-23920,0.18,0.18,5.6,0.001025,cell(n=14),74.0,mon,132,280,50,16220,1208,12686,12686,9.41,9.41,28.0,1.5,21.0,0,7,1,0,1,0,0,0
SENSEX,W_1015_1200,SLP15,18,913.7,1348,-436,61.1,-37232,-0.18,-0.18,5.6,0.001025,cell(n=14),74.0,mon,132,280,50,23529,1457,12686,12686,9.41,9.41,28.0,0.8,21.0,0,7,1,0,1,0,0,0
SENSEX,W_1015_1200,SLP20,18,913.7,1348,924,61.1,-12768,0.75,0.75,0.0,0.001025,cell(n=14),74.0,mon,132,280,50,30839,1469,12686,12686,9.41,9.41,25.0,0.8,23.2,0,7,1,0,1,0,0,0
SENSEX,W_1015_1200,SLP25,18,913.7,1348,924,61.1,-12768,0.75,0.75,0.0,0.001025,cell(n=14),74.0,mon,132,280,50,38149,1356,12686,12686,9.41,9.41,25.0,0.8,23.2,0,7,1,0,1,0,0,0
SENSEX,W_1015_1200,SLP30,18,913.7,1348,924,61.1,-12768,0.75,0.75,0.0,0.001025,cell(n=14),74.0,mon,132,280,50,45459,1546,12686,12686,9.41,9.41,25.0,0.8,23.2,0,7,1,0,1,0,0,0
SENSEX,W_1015_1200,SLP40,18,913.7,1348,924,61.1,-12768,0.75,0.75,0.0,0.001025,cell(n=14),74.0,mon,132,280,50,60078,1346,12686,12686,9.41,9.41,25.0,0.8,23.2,0,7,1,0,1,0,0,0
SENSEX,W_1015_1215,NOSTOP,18,913.7,692,-668,55.6,-25920,-0.36,-0.36,0.0,0.001122,cell(n=14),86.8,mon,132,280,50,,,15838,15838,22.89,22.89,37.9,0.0,19.2,0,5,0,0,1,0,0,0
SENSEX,W_1015_1215,R1000,18,913.7,692,-548,55.6,-11328,-0.37,-0.37,16.7,0.001122,cell(n=14),86.8,mon,132,280,50,9600,1168,9600,15838,13.87,22.89,34.8,19.7,22.5,0,5,0,0,1,0,0,0
SENSEX,W_1015_1215,R1500,18,913.7,692,-424,55.6,-16416,-0.27,-0.27,11.1,0.001122,cell(n=14),86.8,mon,132,280,50,13600,1246,13600,15838,19.65,22.89,34.1,4.5,22.3,0,5,0,0,1,0,0,0
SENSEX,W_1015_1215,R2500,18,913.7,692,-557,55.6,-23920,-0.32,-0.32,5.6,0.001122,cell(n=14),86.8,mon,132,280,50,21600,1522,15838,15838,22.89,22.89,37.1,1.5,19.7,0,5,0,0,1,0,0,0
SENSEX,W_1015_1215,R500,18,913.7,-1292,-1450,44.4,-8872,-1.02,-1.02,44.4,0.001122,cell(n=14),86.8,mon,132,280,50,5600,657,5600,10856,,,68.2,53.8,11.5,0,5,0,0,0,0,0,0
SENSEX,W_1015_1215,SLP10,18,913.7,692,-557,55.6,-23920,-0.32,-0.32,5.6,0.001122,cell(n=14),86.8,mon,132,280,50,16220,1208,15838,15838,22.89,22.89,37.1,3.0,19.7,0,5,0,0,1,0,0,0
SENSEX,W_1015_1215,SLP15,18,913.7,692,-1296,55.6,-37232,-0.54,-0.54,5.6,0.001122,cell(n=14),86.8,mon,132,280,50,23529,1457,15838,15838,22.89,22.89,38.6,1.5,19.2,0,5,0,0,1,0,0,0
SENSEX,W_1015_1215,SLP20,18,913.7,692,-668,55.6,-25920,-0.36,-0.36,0.0,0.001122,cell(n=14),86.8,mon,132,280,50,30839,1469,15838,15838,22.89,22.89,37.9,0.8,19.2,0,5,0,0,1,0,0,0
SENSEX,W_1015_1215,SLP25,18,913.7,692,-668,55.6,-25920,-0.36,-0.36,0.0,0.001122,cell(n=14),86.8,mon,132,280,50,38149,1356,15838,15838,22.89,22.89,37.9,0.8,19.2,0,5,0,0,1,0,0,0
SENSEX,W_1015_1215,SLP30,18,913.7,692,-668,55.6,-25920,-0.36,-0.36,0.0,0.001122,cell(n=14),86.8,mon,132,280,50,45459,1546,15838,15838,22.89,22.89,37.9,0.8,19.2,0,5,0,0,1,0,0,0
SENSEX,W_1015_1215,SLP40,18,913.7,692,-668,55.6,-25920,-0.36,-0.36,0.0,0.001122,cell(n=14),86.8,mon,132,280,50,60078,1346,15838,15838,22.89,22.89,37.9,0.8,19.2,0,5,0,0,1,0,0,0
SENSEX,W_1030_1100,NOSTOP,18,900.5,-216,-456,44.4,-5216,-0.94,-0.94,0.0,0.000865,pooled(n=1202),47.8,mon,132,280,50,,,7559,7559,,,45.5,0.0,9.4,0,5,0,0,0,0,0,0
SENSEX,W_1030_1100,R1000,18,900.5,-216,-456,44.4,-5216,-0.94,-0.94,0.0,0.000865,pooled(n=1202),47.8,mon,132,280,50,9600,1168,7559,7559,,,45.5,2.3,9.4,0,5,0,0,0,0,0,0
SENSEX,W_1030_1100,R1500,18,900.5,-216,-456,44.4,-5216,-0.94,-0.94,0.0,0.000865,pooled(n=1202),47.8,mon,132,280,50,13600,1246,7559,7559,,,45.5,0.8,9.4,0,5,0,0,0,0,0,0
SENSEX,W_1030_1100,R2500,18,900.5,-216,-456,44.4,-5216,-0.94,-0.94,0.0,0.000865,pooled(n=1202),47.8,mon,132,280,50,21600,1522,7559,7559,,,45.5,0.8,9.4,0,5,0,0,0,0,0,0
SENSEX,W_1030_1100,R500,18,900.5,-424,-1183,38.9,-7576,-1.62,-1.62,16.7,0.000865,pooled(n=1202),47.8,mon,132,280,50,5600,657,5600,7559,,,58.3,9.1,6.4,0,5,0,0,0,0,0,0
SENSEX,W_1030_1100,SLP10,18,900.5,-216,-456,44.4,-5216,-0.94,-0.94,0.0,0.000865,pooled(n=1202),47.8,mon,132,280,50,16007,1208,7559,7559,,,45.5,0.8,9.4,0,5,0,0,0,0,0,0
SENSEX,W_1030_1100,SLP15,18,900.5,-216,-456,44.4,-5216,-0.94,-0.94,0.0,0.000865,pooled(n=1202),47.8,mon,132,280,50,23211,1457,7559,7559,,,45.5,0.8,9.4,0,5,0,0,0,0,0,0
SENSEX,W_1030_1100,SLP20,18,900.5,-216,-456,44.4,-5216,-0.94,-0.94,0.0,0.000865,pooled(n=1202),47.8,mon,132,280,50,30414,1469,7559,7559,,,45.5,0.0,9.4,0,5,0,0,0,0,0,0
SENSEX,W_1030_1100,SLP25,18,900.5,-216,-456,44.4,-5216,-0.94,-0.94,0.0,0.000865,pooled(n=1202),47.8,mon,132,280,50,37618,1356,7559,7559,,,45.5,0.0,9.4,0,5,0,0,0,0,0,0
SENSEX,W_1030_1100,SLP30,18,900.5,-216,-456,44.4,-5216,-0.94,-0.94,0.0,0.000865,pooled(n=1202),47.8,mon,132,280,50,44822,1546,7559,7559,,,45.5,0.0,9.4,0,5,0,0,0,0,0,0
SENSEX,W_1030_1100,SLP40,18,900.5,-216,-456,44.4,-5216,-0.94,-0.94,0.0,0.000865,pooled(n=1202),47.8,mon,132,280,50,59229,1346,7559,7559,,,45.5,0.0,9.4,0,5,0,0,0,0,0,0
SENSEX,W_1030_1115,NOSTOP,18,900.5,456,176,61.1,-5152,0.32,0.32,0.0,0.000865,pooled(n=1202),54.8,mon,132,280,50,,,8432,8432,18.49,18.49,31.8,0.0,14.5,0,7,1,0,1,0,0,0
SENSEX,W_1030_1115,R1000,18,900.5,456,176,61.1,-5152,0.32,0.32,0.0,0.000865,pooled(n=1202),54.8,mon,132,280,50,9600,1168,8432,8432,18.49,18.49,31.8,2.3,14.5,0,7,1,0,1,0,0,0
SENSEX,W_1030_1115,R1500,18,900.5,456,176,61.1,-5152,0.32,0.32,0.0,0.000865,pooled(n=1202),54.8,mon,132,280,50,13600,1246,8432,8432,18.49,18.49,31.8,0.8,14.5,0,7,1,0,1,0,0,0
SENSEX,W_1030_1115,R2500,18,900.5,456,176,61.1,-5152,0.32,0.32,0.0,0.000865,pooled(n=1202),54.8,mon,132,280,50,21600,1522,8432,8432,18.49,18.49,31.8,0.8,14.5,0,7,1,0,1,0,0,0
SENSEX,W_1030_1115,R500,18,900.5,212,-875,55.6,-7576,-1.08,-1.08,16.7,0.000865,pooled(n=1202),54.8,mon,132,280,50,5600,657,5600,8432,26.42,39.77,34.1,15.2,14.2,0,7,0,0,1,0,0,0
SENSEX,W_1030_1115,SLP10,18,900.5,456,176,61.1,-5152,0.32,0.32,0.0,0.000865,pooled(n=1202),54.8,mon,132,280,50,16007,1208,8432,8432,18.49,18.49,31.8,0.8,14.5,0,7,1,0,1,0,0,0
SENSEX,W_1030_1115,SLP15,18,900.5,456,176,61.1,-5152,0.32,0.32,0.0,0.000865,pooled(n=1202),54.8,mon,132,280,50,23211,1457,8432,8432,18.49,18.49,31.8,0.8,14.5,0,7,1,0,1,0,0,0
SENSEX,W_1030_1115,SLP20,18,900.5,456,176,61.1,-5152,0.32,0.32,0.0,0.000865,pooled(n=1202),54.8,mon,132,280,50,30414,1469,8432,8432,18.49,18.49,31.8,0.8,14.5,0,7,1,0,1,0,0,0
SENSEX,W_1030_1115,SLP25,18,900.5,456,176,61.1,-5152,0.32,0.32,0.0,0.000865,pooled(n=1202),54.8,mon,132,280,50,37618,1356,8432,8432,18.49,18.49,31.8,0.8,14.5,0,7,1,0,1,0,0,0
SENSEX,W_1030_1115,SLP30,18,900.5,456,176,61.1,-5152,0.32,0.32,0.0,0.000865,pooled(n=1202),54.8,mon,132,280,50,44822,1546,8432,8432,18.49,18.49,31.8,0.0,14.5,0,7,1,0,1,0,0,0
SENSEX,W_1030_1115,SLP40,18,900.5,456,176,61.1,-5152,0.32,0.32,0.0,0.000865,pooled(n=1202),54.8,mon,132,280,50,59229,1346,8432,8432,18.49,18.49,31.8,0.0,14.5,0,7,1,0,1,0,0,0
SENSEX,W_1030_1130,NOSTOP,18,900.5,1836,637,61.1,-11872,0.72,0.72,0.0,0.000865,pooled(n=1202),62.8,mon,132,280,50,,,9430,9430,5.14,5.14,8.3,0.0,31.4,0,8,1,0,1,0,0,0
SENSEX,W_1030_1130,R1000,18,900.5,1836,553,61.1,-13384,0.58,0.58,5.6,0.000865,pooled(n=1202),62.8,mon,132,280,50,9600,1168,9430,9430,5.14,5.14,9.8,2.3,31.4,0,8,1,0,1,0,0,0
SENSEX,W_1030_1130,R1500,18,900.5,1836,388,61.1,-16344,0.35,0.35,5.6,0.000865,pooled(n=1202),62.8,mon,132,280,50,13600,1246,9430,9430,5.14,5.14,8.3,0.8,31.4,0,8,1,0,1,0,0,0
SENSEX,W_1030_1130,R2500,18,900.5,1836,637,61.1,-11872,0.72,0.72,0.0,0.000865,pooled(n=1202),62.8,mon,132,280,50,21600,1522,9430,9430,5.14,5.14,8.3,0.8,31.4,0,8,1,0,1,0,0,0
SENSEX,W_1030_1130,R500,18,900.5,208,-513,50.0,-7576,-0.53,-0.53,22.2,0.000865,pooled(n=1202),62.8,mon,132,280,50,5600,657,5600,9430,26.92,45.33,46.2,18.2,13.5,0,8,0,0,0,0,0,0
SENSEX,W_1030_1130,SLP10,18,900.5,1836,637,61.1,-11872,0.72,0.72,0.0,0.000865,pooled(n=1202),62.8,mon,132,280,50,16007,1208,9430,9430,5.14,5.14,8.3,0.8,31.4,0,8,1,0,1,0,0,0
SENSEX,W_1030_1130,SLP15,18,900.5,1836,637,61.1,-11872,0.72,0.72,0.0,0.000865,pooled(n=1202),62.8,mon,132,280,50,23211,1457,9430,9430,5.14,5.14,8.3,0.8,31.4,0,8,1,0,1,0,0,0
SENSEX,W_1030_1130,SLP20,18,900.5,1836,637,61.1,-11872,0.72,0.72,0.0,0.000865,pooled(n=1202),62.8,mon,132,280,50,30414,1469,9430,9430,5.14,5.14,8.3,0.8,31.4,0,8,1,0,1,0,0,0
SENSEX,W_1030_1130,SLP25,18,900.5,1836,637,61.1,-11872,0.72,0.72,0.0,0.000865,pooled(n=1202),62.8,mon,132,280,50,37618,1356,9430,9430,5.14,5.14,8.3,0.8,31.4,0,8,1,0,1,0,0,0
SENSEX,W_1030_1130,SLP30,18,900.5,1836,637,61.1,-11872,0.72,0.72,0.0,0.000865,pooled(n=1202),62.8,mon,132,280,50,44822,1546,9430,9430,5.14,5.14,8.3,0.0,31.4,0,8,1,0,1,0,0,0
SENSEX,W_1030_1130,SLP40,18,900.5,1836,637,61.1,-11872,0.72,0.72,0.0,0.000865,pooled(n=1202),62.8,mon,132,280,50,59229,1346,9430,9430,5.14,5.14,8.3,0.0,31.4,0,8,1,0,1,0,0,0
SENSEX,W_1030_1145,NOSTOP,18,900.5,964,-432,72.2,-23368,-0.29,-0.29,0.0,0.000838,cell(n=8),73.9,mon,132,280,50,,,10522,10522,10.91,10.91,21.2,0.0,23.0,0,8,1,0,1,0,0,0
SENSEX,W_1030_1145,R1000,18,900.5,964,122,72.2,-13384,0.12,0.12,5.6,0.000838,cell(n=8),73.9,mon,132,280,50,9600,1168,9600,10522,9.96,10.91,21.2,5.3,23.3,0,8,1,0,1,0,0,0
SENSEX,W_1030_1145,R1500,18,900.5,964,-42,72.2,-16344,-0.04,-0.04,5.6,0.000838,cell(n=8),73.9,mon,132,280,50,13600,1246,10522,10522,10.91,10.91,21.2,0.8,23.1,0,8,1,0,1,0,0,0
SENSEX,W_1030_1145,R2500,18,900.5,964,-461,72.2,-23880,-0.3,-0.3,5.6,0.000838,cell(n=8),73.9,mon,132,280,50,21600,1522,10522,10522,10.91,10.91,21.2,0.8,23.0,0,8,1,0,1,0,0,0
SENSEX,W_1030_1145,R500,18,900.5,536,-843,61.1,-8496,-0.78,-0.78,27.8,0.000838,cell(n=8),73.9,mon,132,280,50,5600,657,5600,10522,10.45,19.63,31.1,20.5,19.3,0,8,1,0,1,0,0,0
SENSEX,W_1030_1145,SLP10,18,900.5,964,-461,72.2,-23880,-0.3,-0.3,5.6,0.000838,cell(n=8),73.9,mon,132,280,50,16007,1208,10522,10522,10.91,10.91,21.2,0.8,23.0,0,8,1,0,1,0,0,0
SENSEX,W_1030_1145,SLP15,18,900.5,964,-432,72.2,-23368,-0.29,-0.29,0.0,0.000838,cell(n=8),73.9,mon,132,280,50,23211,1457,10522,10522,10.91,10.91,21.2,0.8,23.0,0,8,1,0,1,0,0,0
SENSEX,W_1030_1145,SLP20,18,900.5,964,-432,72.2,-23368,-0.29,-0.29,0.0,0.000838,cell(n=8),73.9,mon,132,280,50,30414,1469,10522,10522,10.91,10.91,21.2,0.8,23.0,0,8,1,0,1,0,0,0
SENSEX,W_1030_1145,SLP25,18,900.5,964,-432,72.2,-23368,-0.29,-0.29,0.0,0.000838,cell(n=8),73.9,mon,132,280,50,37618,1356,10522,10522,10.91,10.91,21.2,0.8,23.0,0,8,1,0,1,0,0,0
SENSEX,W_1030_1145,SLP30,18,900.5,964,-432,72.2,-23368,-0.29,-0.29,0.0,0.000838,cell(n=8),73.9,mon,132,280,50,44822,1546,10522,10522,10.91,10.91,21.2,0.0,23.0,0,8,1,0,1,0,0,0
SENSEX,W_1030_1145,SLP40,18,900.5,964,-432,72.2,-23368,-0.29,-0.29,0.0,0.000838,cell(n=8),73.9,mon,132,280,50,59229,1346,10522,10522,10.91,10.91,21.2,0.0,23.0,0,8,1,0,1,0,0,0
SENSEX,W_1030_1200,NOSTOP,18,900.5,1036,1141,77.8,-5864,1.37,1.37,0.0,0.000814,cell(n=10),78.1,mon,132,280,50,,,10761,10761,10.39,10.39,22.7,0.0,22.5,0,8,1,0,1,0,0,0
SENSEX,W_1030_1200,R1000,18,900.5,1036,704,77.8,-13384,0.64,0.64,5.6,0.000814,cell(n=10),78.1,mon,132,280,50,9600,1168,9600,10761,9.27,10.39,25.0,4.5,21.4,0,8,1,0,1,0,0,0
SENSEX,W_1030_1200,R1500,18,900.5,1036,540,77.8,-16344,0.44,0.44,5.6,0.000814,cell(n=10),78.1,mon,132,280,50,13600,1246,10761,10761,10.39,10.39,24.2,0.8,21.4,0,8,1,0,1,0,0,0
SENSEX,W_1030_1200,R2500,18,900.5,1036,121,77.8,-23880,0.08,0.08,5.6,0.000814,cell(n=10),78.1,mon,132,280,50,21600,1522,10761,10761,10.39,10.39,24.2,0.8,21.4,0,8,1,0,1,0,0,0
SENSEX,W_1030_1200,R500,18,900.5,624,-770,61.1,-8496,-0.62,-0.62,33.3,0.000814,cell(n=10),78.1,mon,132,280,50,5600,657,5600,10761,8.97,17.24,62.1,24.2,9.4,0,8,1,0,0,0,0,0
SENSEX,W_1030_1200,SLP10,18,900.5,1036,121,77.8,-23880,0.08,0.08,5.6,0.000814,cell(n=10),78.1,mon,132,280,50,16007,1208,10761,10761,10.39,10.39,24.2,0.8,21.4,0,8,1,0,1,0,0,0
SENSEX,W_1030_1200,SLP15,18,900.5,1036,1141,77.8,-5864,1.37,1.37,0.0,0.000814,cell(n=10),78.1,mon,132,280,50,23211,1457,10761,10761,10.39,10.39,22.7,0.8,22.5,0,8,1,0,1,0,0,0
SENSEX,W_1030_1200,SLP20,18,900.5,1036,1141,77.8,-5864,1.37,1.37,0.0,0.000814,cell(n=10),78.1,mon,132,280,50,30414,1469,10761,10761,10.39,10.39,22.7,0.8,22.5,0,8,1,0,1,0,0,0
SENSEX,W_1030_1200,SLP25,18,900.5,1036,1141,77.8,-5864,1.37,1.37,0.0,0.000814,cell(n=10),78.1,mon,132,280,50,37618,1356,10761,10761,10.39,10.39,22.7,0.8,22.5,0,8,1,0,1,0,0,0
SENSEX,W_1030_1200,SLP30,18,900.5,1036,1141,77.8,-5864,1.37,1.37,0.0,0.000814,cell(n=10),78.1,mon,132,280,50,44822,1546,10761,10761,10.39,10.39,22.7,0.0,22.5,0,8,1,0,1,0,0,0
SENSEX,W_1030_1200,SLP40,18,900.5,1036,1141,77.8,-5864,1.37,1.37,0.0,0.000814,cell(n=10),78.1,mon,132,280,50,59229,1346,10761,10761,10.39,10.39,22.7,0.0,22.5,0,8,1,0,1,0,0,0
SENSEX,W_1030_1215,NOSTOP,18,900.5,896,-551,55.6,-18080,-0.42,-0.42,0.0,0.000802,cell(n=12),84.8,mon,132,280,50,,,11403,11403,12.73,12.73,39.4,0.0,17.3,0,7,0,0,1,0,0,0
SENSEX,W_1030_1215,R1000,18,900.5,896,-290,55.6,-13384,-0.26,-0.26,5.6,0.000802,cell(n=12),84.8,mon,132,280,50,9600,1168,9600,11403,10.71,12.73,44.7,3.8,15.6,0,7,0,0,0,0,0,0
SENSEX,W_1030_1215,R1500,18,900.5,896,-455,55.6,-16344,-0.37,-0.37,5.6,0.000802,cell(n=12),84.8,mon,132,280,50,13600,1246,11403,11403,12.73,12.73,39.4,1.5,17.2,0,7,0,0,1,0,0,0
SENSEX,W_1030_1215,R2500,18,900.5,896,-873,55.6,-23880,-0.56,-0.56,5.6,0.000802,cell(n=12),84.8,mon,132,280,50,21600,1522,11403,11403,12.73,12.73,34.1,0.8,19.1,0,7,0,0,1,0,0,0
SENSEX,W_1030_1215,R500,18,900.5,-2488,-2402,38.9,-9872,-1.87,-1.87,44.4,0.000802,cell(n=12),84.8,mon,132,280,50,5600,657,5600,10856,,,74.2,25.0,7.6,0,7,0,0,0,0,0,0
SENSEX,W_1030_1215,SLP10,18,900.5,896,-873,55.6,-23880,-0.56,-0.56,5.6,0.000802,cell(n=12),84.8,mon,132,280,50,16007,1208,11403,11403,12.73,12.73,34.1,0.8,19.1,0,7,0,0,1,0,0,0
SENSEX,W_1030_1215,SLP15,18,900.5,896,-551,55.6,-18080,-0.42,-0.42,0.0,0.000802,cell(n=12),84.8,mon,132,280,50,23211,1457,11403,11403,12.73,12.73,39.4,0.8,17.3,0,7,0,0,1,0,0,0
SENSEX,W_1030_1215,SLP20,18,900.5,896,-551,55.6,-18080,-0.42,-0.42,0.0,0.000802,cell(n=12),84.8,mon,132,280,50,30414,1469,11403,11403,12.73,12.73,39.4,0.8,17.3,0,7,0,0,1,0,0,0
SENSEX,W_1030_1215,SLP25,18,900.5,896,-551,55.6,-18080,-0.42,-0.42,0.0,0.000802,cell(n=12),84.8,mon,132,280,50,37618,1356,11403,11403,12.73,12.73,39.4,0.8,17.3,0,7,0,0,1,0,0,0
SENSEX,W_1030_1215,SLP30,18,900.5,896,-551,55.6,-18080,-0.42,-0.42,0.0,0.000802,cell(n=12),84.8,mon,132,280,50,44822,1546,11403,11403,12.73,12.73,39.4,0.8,17.3,0,7,0,0,1,0,0,0
SENSEX,W_1030_1215,SLP40,18,900.5,896,-551,55.6,-18080,-0.42,-0.42,0.0,0.000802,cell(n=12),84.8,mon,132,280,50,59229,1346,11403,11403,12.73,12.73,39.4,0.8,17.3,0,7,0,0,1,0,0,0
SENSEX,W_1030_1230,NOSTOP,18,900.5,248,-917,55.6,-21800,-0.57,-0.57,0.0,0.000817,cell(n=13),91.8,mon,132,280,50,,,12410,12410,50.04,50.04,43.9,0.0,17.3,0,5,0,0,0,0,0,0
SENSEX,W_1030_1230,R1000,18,900.5,248,-609,55.6,-13384,-0.45,-0.45,11.1,0.000817,cell(n=13),91.8,mon,132,280,50,9600,1168,9600,12410,38.71,50.04,40.9,6.1,18.3,0,5,0,0,0,0,0,0
SENSEX,W_1030_1230,R1500,18,900.5,248,-614,55.6,-16344,-0.44,-0.44,5.6,0.000817,cell(n=13),91.8,mon,132,280,50,13600,1246,12410,12410,50.04,50.04,39.4,2.3,18.5,0,5,0,0,1,0,0,0
SENSEX,W_1030_1230,R2500,18,900.5,248,-1033,55.6,-23880,-0.61,-0.61,5.6,0.000817,cell(n=13),91.8,mon,132,280,50,21600,1522,12410,12410,50.04,50.04,43.9,0.8,17.5,0,5,0,0,0,0,0,0
SENSEX,W_1030_1230,R500,18,900.5,-4088,-2353,44.4,-9872,-1.72,-1.72,50.0,0.000817,cell(n=13),91.8,mon,132,280,50,5600,657,5600,10856,,,93.2,28.8,1.9,0,5,0,0,0,0,0,0
SENSEX,W_1030_1230,SLP10,18,900.5,248,-1033,55.6,-23880,-0.61,-0.61,5.6,0.000817,cell(n=13),91.8,mon,132,280,50,16007,1208,12410,12410,50.04,50.04,43.9,1.5,17.5,0,5,0,0,0,0,0,0
SENSEX,W_1030_1230,SLP15,18,900.5,248,-917,55.6,-21800,-0.57,-0.57,0.0,0.000817,cell(n=13),91.8,mon,132,280,50,23211,1457,12410,12410,50.04,50.04,43.9,0.8,17.3,0,5,0,0,0,0,0,0
SENSEX,W_1030_1230,SLP20,18,900.5,248,-917,55.6,-21800,-0.57,-0.57,0.0,0.000817,cell(n=13),91.8,mon,132,280,50,30414,1469,12410,12410,50.04,50.04,43.9,0.8,17.3,0,5,0,0,0,0,0,0
SENSEX,W_1030_1230,SLP25,18,900.5,248,-917,55.6,-21800,-0.57,-0.57,0.0,0.000817,cell(n=13),91.8,mon,132,280,50,37618,1356,12410,12410,50.04,50.04,43.9,0.8,17.3,0,5,0,0,0,0,0,0
SENSEX,W_1030_1230,SLP30,18,900.5,248,-917,55.6,-21800,-0.57,-0.57,0.0,0.000817,cell(n=13),91.8,mon,132,280,50,44822,1546,12410,12410,50.04,50.04,43.9,0.8,17.3,0,5,0,0,0,0,0,0
SENSEX,W_1030_1230,SLP40,18,900.5,248,-917,55.6,-21800,-0.57,-0.57,0.0,0.000817,cell(n=13),91.8,mon,132,280,50,59229,1346,12410,12410,50.04,50.04,43.9,0.8,17.3,0,5,0,0,0,0,0,0
SENSEX,W_1045_1115,NOSTOP,18,890.9,364,57,66.7,-3248,0.14,0.14,0.0,0.000865,pooled(n=1202),44.3,mon,132,280,50,,,7065,7065,19.41,19.41,50.0,0.0,6.2,0,5,1,0,0,0,0,0
SENSEX,W_1045_1115,R1000,18,890.9,364,57,66.7,-3248,0.14,0.14,0.0,0.000865,pooled(n=1202),44.3,mon,132,280,50,9600,1168,7065,7065,19.41,19.41,50.0,0.8,6.2,0,5,1,0,0,0,0,0
SENSEX,W_1045_1115,R1500,18,890.9,364,57,66.7,-3248,0.14,0.14,0.0,0.000865,pooled(n=1202),44.3,mon,132,280,50,13600,1246,7065,7065,19.41,19.41,50.0,0.8,6.2,0,5,1,0,0,0,0,0
SENSEX,W_1045_1115,R2500,18,890.9,364,57,66.7,-3248,0.14,0.14,0.0,0.000865,pooled(n=1202),44.3,mon,132,280,50,21600,1522,7065,7065,19.41,19.41,50.0,0.8,6.2,0,5,1,0,0,0,0,0
SENSEX,W_1045_1115,R500,18,890.9,364,-521,66.7,-7152,-0.8,-0.8,11.1,0.000865,pooled(n=1202),44.3,mon,132,280,50,5600,657,5600,7065,15.38,19.41,50.8,6.8,6.1,0,5,1,0,0,0,0,0
SENSEX,W_1045_1115,SLP10,18,890.9,364,57,66.7,-3248,0.14,0.14,0.0,0.000865,pooled(n=1202),44.3,mon,132,280,50,15855,1208,7065,7065,19.41,19.41,50.0,0.8,6.2,0,5,1,0,0,0,0,0
SENSEX,W_1045_1115,SLP15,18,890.9,364,57,66.7,-3248,0.14,0.14,0.0,0.000865,pooled(n=1202),44.3,mon,132,280,50,22982,1457,7065,7065,19.41,19.41,50.0,0.8,6.2,0,5,1,0,0,0,0,0
SENSEX,W_1045_1115,SLP20,18,890.9,364,57,66.7,-3248,0.14,0.14,0.0,0.000865,pooled(n=1202),44.3,mon,132,280,50,30110,1469,7065,7065,19.41,19.41,50.0,0.8,6.2,0,5,1,0,0,0,0,0
SENSEX,W_1045_1115,SLP25,18,890.9,364,57,66.7,-3248,0.14,0.14,0.0,0.000865,pooled(n=1202),44.3,mon,132,280,50,37237,1356,7065,7065,19.41,19.41,50.0,0.0,6.2,0,5,1,0,0,0,0,0
SENSEX,W_1045_1115,SLP30,18,890.9,364,57,66.7,-3248,0.14,0.14,0.0,0.000865,pooled(n=1202),44.3,mon,132,280,50,44364,1546,7065,7065,19.41,19.41,50.0,0.0,6.2,0,5,1,0,0,0,0,0
SENSEX,W_1045_1115,SLP40,18,890.9,364,57,66.7,-3248,0.14,0.14,0.0,0.000865,pooled(n=1202),44.3,mon,132,280,50,58619,1346,7065,7065,19.41,19.41,50.0,0.0,6.2,0,5,1,0,0,0,0,0
SENSEX,W_1045_1130,NOSTOP,18,890.9,1188,578,72.2,-9136,0.82,0.82,0.0,0.000865,pooled(n=1202),52.9,mon,132,280,50,,,8126,8126,6.84,6.84,28.0,0.0,15.0,0,7,1,0,1,0,0,0
SENSEX,W_1045_1130,R1000,18,890.9,1188,351,72.2,-13216,0.39,0.39,5.6,0.000865,pooled(n=1202),52.9,mon,132,280,50,9600,1168,8126,8126,6.84,6.84,28.0,0.8,15.0,0,7,1,0,1,0,0,0
SENSEX,W_1045_1130,R1500,18,890.9,1188,578,72.2,-9136,0.82,0.82,0.0,0.000865,pooled(n=1202),52.9,mon,132,280,50,13600,1246,8126,8126,6.84,6.84,28.0,0.8,15.0,0,7,1,0,1,0,0,0
SENSEX,W_1045_1130,R2500,18,890.9,1188,578,72.2,-9136,0.82,0.82,0.0,0.000865,pooled(n=1202),52.9,mon,132,280,50,21600,1522,8126,8126,6.84,6.84,28.0,0.8,15.0,0,7,1,0,1,0,0,0
SENSEX,W_1045_1130,R500,18,890.9,1188,-103,66.7,-8024,-0.12,-0.12,16.7,0.000865,pooled(n=1202),52.9,mon,132,280,50,5600,657,5600,8126,4.71,6.84,34.1,9.8,12.5,0,7,1,0,1,0,0,0
SENSEX,W_1045_1130,SLP10,18,890.9,1188,578,72.2,-9136,0.82,0.82,0.0,0.000865,pooled(n=1202),52.9,mon,132,280,50,15855,1208,8126,8126,6.84,6.84,28.0,0.8,15.0,0,7,1,0,1,0,0,0
SENSEX,W_1045_1130,SLP15,18,890.9,1188,578,72.2,-9136,0.82,0.82,0.0,0.000865,pooled(n=1202),52.9,mon,132,280,50,22982,1457,8126,8126,6.84,6.84,28.0,0.8,15.0,0,7,1,0,1,0,0,0
SENSEX,W_1045_1130,SLP20,18,890.9,1188,578,72.2,-9136,0.82,0.82,0.0,0.000865,pooled(n=1202),52.9,mon,132,280,50,30110,1469,8126,8126,6.84,6.84,28.0,0.8,15.0,0,7,1,0,1,0,0,0
SENSEX,W_1045_1130,SLP25,18,890.9,1188,578,72.2,-9136,0.82,0.82,0.0,0.000865,pooled(n=1202),52.9,mon,132,280,50,37237,1356,8126,8126,6.84,6.84,28.0,0.0,15.0,0,7,1,0,1,0,0,0
SENSEX,W_1045_1130,SLP30,18,890.9,1188,578,72.2,-9136,0.82,0.82,0.0,0.000865,pooled(n=1202),52.9,mon,132,280,50,44364,1546,8126,8126,6.84,6.84,28.0,0.0,15.0,0,7,1,0,1,0,0,0
SENSEX,W_1045_1130,SLP40,18,890.9,1188,578,72.2,-9136,0.82,0.82,0.0,0.000865,pooled(n=1202),52.9,mon,132,280,50,58619,1346,8126,8126,6.84,6.84,28.0,0.0,15.0,0,7,1,0,1,0,0,0
SENSEX,W_1045_1145,NOSTOP,18,890.9,960,-283,72.2,-18888,-0.24,-0.24,0.0,0.000865,pooled(n=1202),64.9,cur,132,280,50,,,9606,9606,10.01,10.01,33.3,0.0,14.4,0,8,1,0,1,0,0,0
SENSEX,W_1045_1145,R1000,18,890.9,960,32,72.2,-13216,0.04,0.04,5.6,0.000865,pooled(n=1202),64.9,cur,132,280,50,9600,1168,9600,9606,10.0,10.01,33.3,3.0,14.5,0,8,1,0,1,0,0,0
SENSEX,W_1045_1145,R1500,18,890.9,960,-207,72.2,-17520,-0.18,-0.18,5.6,0.000865,pooled(n=1202),64.9,cur,132,280,50,13600,1246,9606,9606,10.01,10.01,33.3,0.8,14.4,0,8,1,0,1,0,0,0
SENSEX,W_1045_1145,R2500,18,890.9,960,-634,72.2,-25208,-0.42,-0.42,5.6,0.000865,pooled(n=1202),64.9,cur,132,280,50,21600,1522,9606,9606,10.01,10.01,33.3,0.8,14.4,0,8,1,0,1,0,0,0
SENSEX,W_1045_1145,R500,18,890.9,740,-1066,61.1,-8760,-1.05,-1.05,27.8,0.000865,pooled(n=1202),64.9,cur,132,280,50,5600,657,5600,9606,7.57,12.98,37.1,18.2,14.0,0,8,1,0,1,0,0,0
SENSEX,W_1045_1145,SLP10,18,890.9,960,-634,72.2,-25208,-0.42,-0.42,5.6,0.000865,pooled(n=1202),64.9,cur,132,280,50,15855,1208,9606,9606,10.01,10.01,33.3,0.8,14.4,0,8,1,0,1,0,0,0
SENSEX,W_1045_1145,SLP15,18,890.9,960,-283,72.2,-18888,-0.24,-0.24,0.0,0.000865,pooled(n=1202),64.9,cur,132,280,50,22982,1457,9606,9606,10.01,10.01,33.3,0.8,14.4,0,8,1,0,1,0,0,0
SENSEX,W_1045_1145,SLP20,18,890.9,960,-283,72.2,-18888,-0.24,-0.24,0.0,0.000865,pooled(n=1202),64.9,cur,132,280,50,30110,1469,9606,9606,10.01,10.01,33.3,0.8,14.4,0,8,1,0,1,0,0,0
SENSEX,W_1045_1145,SLP25,18,890.9,960,-283,72.2,-18888,-0.24,-0.24,0.0,0.000865,pooled(n=1202),64.9,cur,132,280,50,37237,1356,9606,9606,10.01,10.01,33.3,0.0,14.4,0,8,1,0,1,0,0,0
SENSEX,W_1045_1145,SLP30,18,890.9,960,-283,72.2,-18888,-0.24,-0.24,0.0,0.000865,pooled(n=1202),64.9,cur,132,280,50,44364,1546,9606,9606,10.01,10.01,33.3,0.0,14.4,0,8,1,0,1,0,0,0
SENSEX,W_1045_1145,SLP40,18,890.9,960,-283,72.2,-18888,-0.24,-0.24,0.0,0.000865,pooled(n=1202),64.9,cur,132,280,50,58619,1346,9606,9606,10.01,10.01,33.3,0.0,14.4,0,8,1,0,1,0,0,0
SENSEX,W_1045_1200,NOSTOP,18,890.9,1092,1021,77.8,-6128,1.37,1.37,0.0,0.000865,pooled(n=1202),64.9,cur,132,280,50,,,9606,9606,8.8,8.8,28.0,0.0,16.4,0,8,1,0,1,0,0,0
SENSEX,W_1045_1200,R1000,18,890.9,1092,476,77.8,-13216,0.45,0.45,5.6,0.000865,pooled(n=1202),64.9,cur,132,280,50,9600,1168,9600,9606,8.79,8.8,30.3,3.0,15.6,0,8,1,0,1,0,0,0
SENSEX,W_1045_1200,R1500,18,890.9,1092,237,77.8,-17520,0.19,0.19,5.6,0.000865,pooled(n=1202),64.9,cur,132,280,50,13600,1246,9606,9606,8.8,8.8,30.3,0.8,15.6,0,8,1,0,1,0,0,0
SENSEX,W_1045_1200,R2500,18,890.9,1092,-190,77.8,-25208,-0.12,-0.12,5.6,0.000865,pooled(n=1202),64.9,cur,132,280,50,21600,1522,9606,9606,8.8,8.8,30.3,0.8,15.6,0,8,1,0,1,0,0,0
SENSEX,W_1045_1200,R500,18,890.9,636,-923,66.7,-8760,-0.78,-0.78,33.3,0.000865,pooled(n=1202),64.9,cur,132,280,50,5600,657,5600,9606,8.81,15.1,38.6,20.5,13.1,0,8,1,0,1,0,0,0
SENSEX,W_1045_1200,SLP10,18,890.9,1092,-190,77.8,-25208,-0.12,-0.12,5.6,0.000865,pooled(n=1202),64.9,cur,132,280,50,15855,1208,9606,9606,8.8,8.8,30.3,0.8,15.6,0,8,1,0,1,0,0,0
SENSEX,W_1045_1200,SLP15,18,890.9,1092,1021,77.8,-6128,1.37,1.37,0.0,0.000865,pooled(n=1202),64.9,cur,132,280,50,22982,1457,9606,9606,8.8,8.8,28.0,0.8,16.4,0,8,1,0,1,0,0,0
SENSEX,W_1045_1200,SLP20,18,890.9,1092,1021,77.8,-6128,1.37,1.37,0.0,0.000865,pooled(n=1202),64.9,cur,132,280,50,30110,1469,9606,9606,8.8,8.8,28.0,0.8,16.4,0,8,1,0,1,0,0,0
SENSEX,W_1045_1200,SLP25,18,890.9,1092,1021,77.8,-6128,1.37,1.37,0.0,0.000865,pooled(n=1202),64.9,cur,132,280,50,37237,1356,9606,9606,8.8,8.8,28.0,0.0,16.4,0,8,1,0,1,0,0,0
SENSEX,W_1045_1200,SLP30,18,890.9,1092,1021,77.8,-6128,1.37,1.37,0.0,0.000865,pooled(n=1202),64.9,cur,132,280,50,44364,1546,9606,9606,8.8,8.8,28.0,0.0,16.4,0,8,1,0,1,0,0,0
SENSEX,W_1045_1200,SLP40,18,890.9,1092,1021,77.8,-6128,1.37,1.37,0.0,0.000865,pooled(n=1202),64.9,cur,132,280,50,58619,1346,9606,9606,8.8,8.8,28.0,0.0,16.4,0,8,1,0,1,0,0,0
SENSEX,W_1045_1215,NOSTOP,18,890.9,432,-561,61.1,-13704,-0.49,-0.49,0.0,0.00105,cell(n=9),77.0,mon,132,280,50,,,13122,13122,30.37,30.37,37.1,0.0,17.4,0,8,1,0,1,0,0,0
SENSEX,W_1045_1215,R1000,18,890.9,432,-534,61.1,-13216,-0.47,-0.47,5.6,0.00105,cell(n=9),77.0,mon,132,280,50,9600,1168,9600,13122,22.22,30.37,37.1,6.8,17.4,0,8,1,0,1,0,0,0
SENSEX,W_1045_1215,R1500,18,890.9,432,-773,61.1,-17520,-0.59,-0.59,5.6,0.00105,cell(n=9),77.0,mon,132,280,50,13600,1246,13122,13122,30.37,30.37,37.1,1.5,17.4,0,8,1,0,1,0,0,0
SENSEX,W_1045_1215,R2500,18,890.9,432,-1200,61.1,-25208,-0.73,-0.73,5.6,0.00105,cell(n=9),77.0,mon,132,280,50,21600,1522,13122,13122,30.37,30.37,37.1,0.8,17.4,0,8,1,0,1,0,0,0
SENSEX,W_1045_1215,R500,18,890.9,-3564,-2570,44.4,-8760,-2.09,-2.09,50.0,0.00105,cell(n=9),77.0,mon,132,280,50,5600,657,5600,10856,,,59.8,37.9,11.6,0,8,0,0,0,0,0,0
SENSEX,W_1045_1215,SLP10,18,890.9,432,-1200,61.1,-25208,-0.73,-0.73,5.6,0.00105,cell(n=9),77.0,mon,132,280,50,15855,1208,13122,13122,30.37,30.37,37.1,0.8,17.4,0,8,1,0,1,0,0,0
SENSEX,W_1045_1215,SLP15,18,890.9,432,-561,61.1,-13704,-0.49,-0.49,0.0,0.00105,cell(n=9),77.0,mon,132,280,50,22982,1457,13122,13122,30.37,30.37,37.1,0.8,17.4,0,8,1,0,1,0,0,0
SENSEX,W_1045_1215,SLP20,18,890.9,432,-561,61.1,-13704,-0.49,-0.49,0.0,0.00105,cell(n=9),77.0,mon,132,280,50,30110,1469,13122,13122,30.37,30.37,37.1,0.8,17.4,0,8,1,0,1,0,0,0
SENSEX,W_1045_1215,SLP25,18,890.9,432,-561,61.1,-13704,-0.49,-0.49,0.0,0.00105,cell(n=9),77.0,mon,132,280,50,37237,1356,13122,13122,30.37,30.37,37.1,0.8,17.4,0,8,1,0,1,0,0,0
SENSEX,W_1045_1215,SLP30,18,890.9,432,-561,61.1,-13704,-0.49,-0.49,0.0,0.00105,cell(n=9),77.0,mon,132,280,50,44364,1546,13122,13122,30.37,30.37,37.1,0.8,17.4,0,8,1,0,1,0,0,0
SENSEX,W_1045_1215,SLP40,18,890.9,432,-561,61.1,-13704,-0.49,-0.49,0.0,0.00105,cell(n=9),77.0,mon,132,280,50,58619,1346,13122,13122,30.37,30.37,37.1,0.8,17.4,0,8,1,0,1,0,0,0
SENSEX,W_1045_1230,NOSTOP,18,890.9,-496,-1068,44.4,-17568,-0.76,-0.76,0.0,0.001019,cell(n=11),85.3,mon,132,280,50,,,13991,13991,,,39.4,0.0,18.7,0,7,0,0,1,0,0,0
SENSEX,W_1045_1230,R1000,18,890.9,-496,-986,44.4,-13216,-0.74,-0.74,11.1,0.001019,cell(n=11),85.3,mon,132,280,50,9600,1168,9600,13991,,,36.4,9.8,21.0,0,7,0,0,1,0,0,0
SENSEX,W_1045_1230,R1500,18,890.9,-496,-1066,44.4,-17520,-0.76,-0.76,5.6,0.001019,cell(n=11),85.3,mon,132,280,50,13600,1246,13600,13991,,,39.4,1.5,18.7,0,7,0,0,1,0,0,0
SENSEX,W_1045_1230,R2500,18,890.9,-496,-1493,44.4,-25208,-0.87,-0.87,5.6,0.001019,cell(n=11),85.3,mon,132,280,50,21600,1522,13991,13991,,,37.9,0.8,19.1,0,7,0,0,1,0,0,0
SENSEX,W_1045_1230,R500,18,890.9,-3976,-2444,33.3,-8760,-1.9,-1.9,50.0,0.001019,cell(n=11),85.3,mon,132,280,50,5600,657,5600,10856,,,60.6,37.1,12.2,0,7,0,0,0,0,0,0
SENSEX,W_1045_1230,SLP10,18,890.9,-496,-1493,44.4,-25208,-0.87,-0.87,5.6,0.001019,cell(n=11),85.3,mon,132,280,50,15855,1208,13991,13991,,,37.9,1.5,19.1,0,7,0,0,1,0,0,0
SENSEX,W_1045_1230,SLP15,18,890.9,-496,-1068,44.4,-17568,-0.76,-0.76,0.0,0.001019,cell(n=11),85.3,mon,132,280,50,22982,1457,13991,13991,,,39.4,0.8,18.7,0,7,0,0,1,0,0,0
SENSEX,W_1045_1230,SLP20,18,890.9,-496,-1068,44.4,-17568,-0.76,-0.76,0.0,0.001019,cell(n=11),85.3,mon,132,280,50,30110,1469,13991,13991,,,39.4,0.8,18.7,0,7,0,0,1,0,0,0
SENSEX,W_1045_1230,SLP25,18,890.9,-496,-1068,44.4,-17568,-0.76,-0.76,0.0,0.001019,cell(n=11),85.3,mon,132,280,50,37237,1356,13991,13991,,,39.4,0.8,18.7,0,7,0,0,1,0,0,0
SENSEX,W_1045_1230,SLP30,18,890.9,-496,-1068,44.4,-17568,-0.76,-0.76,0.0,0.001019,cell(n=11),85.3,mon,132,280,50,44364,1546,13991,13991,,,39.4,0.8,18.7,0,7,0,0,1,0,0,0
SENSEX,W_1045_1230,SLP40,18,890.9,-496,-1068,44.4,-17568,-0.76,-0.76,0.0,0.001019,cell(n=11),85.3,mon,132,280,50,58619,1346,13991,13991,,,39.4,0.8,18.7,0,7,0,0,1,0,0,0
SENSEX,W_1045_1245,NOSTOP,18,890.9,144,-2632,50.0,-23712,-1.37,-1.37,0.0,0.00105,cell(n=13),94.9,mon,132,280,50,,,15800,15800,109.72,109.72,37.1,0.0,20.8,0,5,0,0,1,0,0,0
SENSEX,W_1045_1245,R1000,18,890.9,144,-2062,50.0,-13216,-1.3,-1.3,22.2,0.00105,cell(n=13),94.9,mon,132,280,50,9600,1168,9600,15800,66.67,109.72,35.6,12.1,21.7,0,5,0,0,1,0,0,0
SENSEX,W_1045_1245,R1500,18,890.9,144,-2500,50.0,-19992,-1.37,-1.37,11.1,0.00105,cell(n=13),94.9,mon,132,280,50,13600,1246,13600,15800,94.44,109.72,34.8,3.0,21.9,0,5,0,0,1,0,0,0
SENSEX,W_1045_1245,R2500,18,890.9,144,-3221,50.0,-25272,-1.45,-1.45,11.1,0.00105,cell(n=13),94.9,mon,132,280,50,21600,1522,15800,15800,109.72,109.72,37.1,1.5,20.8,0,5,0,0,1,0,0,0
SENSEX,W_1045_1245,R500,18,890.9,-6572,-2706,38.9,-8760,-2.01,-2.01,55.6,0.00105,cell(n=13),94.9,mon,132,280,50,5600,657,5600,10856,,,62.1,50.0,14.8,0,5,0,0,0,0,0,0
SENSEX,W_1045_1245,SLP10,18,890.9,144,-2928,50.0,-25208,-1.41,-1.41,11.1,0.00105,cell(n=13),94.9,mon,132,280,50,15855,1208,15800,15800,109.72,109.72,37.1,1.5,20.8,0,5,0,0,1,0,0,0
SENSEX,W_1045_1245,SLP15,18,890.9,144,-3138,50.0,-25272,-1.44,-1.44,5.6,0.00105,cell(n=13),94.9,mon,132,280,50,22982,1457,15800,15800,109.72,109.72,37.1,1.5,20.8,0,5,0,0,1,0,0,0
SENSEX,W_1045_1245,SLP20,18,890.9,144,-2632,50.0,-23712,-1.37,-1.37,0.0,0.00105,cell(n=13),94.9,mon,132,280,50,30110,1469,15800,15800,109.72,109.72,37.1,0.8,20.8,0,5,0,0,1,0,0,0
SENSEX,W_1045_1245,SLP25,18,890.9,144,-2632,50.0,-23712,-1.37,-1.37,0.0,0.00105,cell(n=13),94.9,mon,132,280,50,37237,1356,15800,15800,109.72,109.72,37.1,0.8,20.8,0,5,0,0,1,0,0,0
SENSEX,W_1045_1245,SLP30,18,890.9,144,-2632,50.0,-23712,-1.37,-1.37,0.0,0.00105,cell(n=13),94.9,mon,132,280,50,44364,1546,15800,15800,109.72,109.72,37.1,0.8,20.8,0,5,0,0,1,0,0,0
SENSEX,W_1045_1245,SLP40,18,890.9,144,-2632,50.0,-23712,-1.37,-1.37,0.0,0.00105,cell(n=13),94.9,mon,132,280,50,58619,1346,15800,15800,109.72,109.72,37.1,0.8,20.8,0,5,0,0,1,0,0,0
SENSEX,W_1100_1130,NOSTOP,18,884.6,656,752,61.1,-5696,1.45,1.45,0.0,0.000865,pooled(n=1202),39.9,mon,132,280,50,,,6487,6487,9.89,9.89,40.9,0.0,8.7,0,5,1,0,0,0,0,0
SENSEX,W_1100_1130,R1000,18,884.6,656,752,61.1,-5696,1.45,1.45,0.0,0.000865,pooled(n=1202),39.9,mon,132,280,50,9600,1168,6487,6487,9.89,9.89,40.9,1.5,8.7,0,5,1,0,0,0,0,0
SENSEX,W_1100_1130,R1500,18,884.6,656,752,61.1,-5696,1.45,1.45,0.0,0.000865,pooled(n=1202),39.9,mon,132,280,50,13600,1246,6487,6487,9.89,9.89,40.9,0.8,8.7,0,5,1,0,0,0,0,0
SENSEX,W_1100_1130,R2500,18,884.6,656,752,61.1,-5696,1.45,1.45,0.0,0.000865,pooled(n=1202),39.9,mon,132,280,50,21600,1522,6487,6487,9.89,9.89,40.9,0.0,8.7,0,5,1,0,0,0,0,0
SENSEX,W_1100_1130,R500,18,884.6,656,682,61.1,-6968,1.19,1.19,5.6,0.000865,pooled(n=1202),39.9,mon,132,280,50,5600,657,5600,6487,8.54,9.89,43.2,5.3,8.7,0,5,1,0,0,0,0,0
SENSEX,W_1100_1130,SLP10,18,884.6,656,752,61.1,-5696,1.45,1.45,0.0,0.000865,pooled(n=1202),39.9,mon,132,280,50,15754,1208,6487,6487,9.89,9.89,40.9,0.8,8.7,0,5,1,0,0,0,0,0
SENSEX,W_1100_1130,SLP15,18,884.6,656,752,61.1,-5696,1.45,1.45,0.0,0.000865,pooled(n=1202),39.9,mon,132,280,50,22832,1457,6487,6487,9.89,9.89,40.9,0.0,8.7,0,5,1,0,0,0,0,0
SENSEX,W_1100_1130,SLP20,18,884.6,656,752,61.1,-5696,1.45,1.45,0.0,0.000865,pooled(n=1202),39.9,mon,132,280,50,29909,1469,6487,6487,9.89,9.89,40.9,0.0,8.7,0,5,1,0,0,0,0,0
SENSEX,W_1100_1130,SLP25,18,884.6,656,752,61.1,-5696,1.45,1.45,0.0,0.000865,pooled(n=1202),39.9,mon,132,280,50,36986,1356,6487,6487,9.89,9.89,40.9,0.0,8.7,0,5,1,0,0,0,0,0
SENSEX,W_1100_1130,SLP30,18,884.6,656,752,61.1,-5696,1.45,1.45,0.0,0.000865,pooled(n=1202),39.9,mon,132,280,50,44063,1546,6487,6487,9.89,9.89,40.9,0.0,8.7,0,5,1,0,0,0,0,0
SENSEX,W_1100_1130,SLP40,18,884.6,656,752,61.1,-5696,1.45,1.45,0.0,0.000865,pooled(n=1202),39.9,mon,132,280,50,58218,1346,6487,6487,9.89,9.89,40.9,0.0,8.7,0,5,1,0,0,0,0,0
SENSEX,W_1100_1145,NOSTOP,18,884.6,472,54,66.7,-13088,0.06,0.06,0.0,0.000865,pooled(n=1202),46.4,dte,132,280,50,,,7283,7283,15.43,15.43,12.1,0.0,24.0,0,7,1,0,1,0,0,0
SENSEX,W_1100_1145,R1000,18,884.6,472,-331,66.7,-13472,-0.3,-0.3,11.1,0.000865,pooled(n=1202),46.4,dte,132,280,50,9600,1168,7283,7283,15.43,15.43,12.1,1.5,24.0,0,7,1,0,1,0,0,0
SENSEX,W_1100_1145,R1500,18,884.6,472,-30,66.7,-14608,-0.03,-0.03,5.6,0.000865,pooled(n=1202),46.4,dte,132,280,50,13600,1246,7283,7283,15.43,15.43,12.1,0.8,24.0,0,7,1,0,1,0,0,0
SENSEX,W_1100_1145,R2500,18,884.6,472,54,66.7,-13088,0.06,0.06,0.0,0.000865,pooled(n=1202),46.4,dte,132,280,50,21600,1522,7283,7283,15.43,15.43,12.1,0.0,24.0,0,7,1,0,1,0,0,0
SENSEX,W_1100_1145,R500,18,884.6,472,238,66.7,-7512,0.33,0.33,11.1,0.000865,pooled(n=1202),46.4,dte,132,280,50,5600,657,5600,7283,11.86,15.43,15.9,13.6,24.0,0,7,1,0,1,0,0,0
SENSEX,W_1100_1145,SLP10,18,884.6,472,54,66.7,-13088,0.06,0.06,0.0,0.000865,pooled(n=1202),46.4,dte,132,280,50,15754,1208,7283,7283,15.43,15.43,12.1,0.8,24.0,0,7,1,0,1,0,0,0
SENSEX,W_1100_1145,SLP15,18,884.6,472,54,66.7,-13088,0.06,0.06,0.0,0.000865,pooled(n=1202),46.4,dte,132,280,50,22832,1457,7283,7283,15.43,15.43,12.1,0.0,24.0,0,7,1,0,1,0,0,0
SENSEX,W_1100_1145,SLP20,18,884.6,472,54,66.7,-13088,0.06,0.06,0.0,0.000865,pooled(n=1202),46.4,dte,132,280,50,29909,1469,7283,7283,15.43,15.43,12.1,0.0,24.0,0,7,1,0,1,0,0,0
SENSEX,W_1100_1145,SLP25,18,884.6,472,54,66.7,-13088,0.06,0.06,0.0,0.000865,pooled(n=1202),46.4,dte,132,280,50,36986,1356,7283,7283,15.43,15.43,12.1,0.0,24.0,0,7,1,0,1,0,0,0
SENSEX,W_1100_1145,SLP30,18,884.6,472,54,66.7,-13088,0.06,0.06,0.0,0.000865,pooled(n=1202),46.4,dte,132,280,50,44063,1546,7283,7283,15.43,15.43,12.1,0.0,24.0,0,7,1,0,1,0,0,0
SENSEX,W_1100_1145,SLP40,18,884.6,472,54,66.7,-13088,0.06,0.06,0.0,0.000865,pooled(n=1202),46.4,dte,132,280,50,58218,1346,7283,7283,15.43,15.43,12.1,0.0,24.0,0,7,1,0,1,0,0,0
SENSEX,W_1100_1200,NOSTOP,18,884.6,756,1189,83.3,-4432,1.8,1.8,0.0,0.000606,cell(n=8),53.2,mon,132,280,50,,,6166,6166,8.16,8.16,0.8,0.0,98.4,0,8,1,0,1,0,0,0
SENSEX,W_1100_1200,R1000,18,884.6,588,-233,77.8,-13472,-0.19,-0.19,11.1,0.000606,cell(n=8),53.2,mon,132,280,50,9600,1168,6166,6166,10.49,10.49,0.8,0.8,89.2,0,8,1,0,1,0,0,0
SENSEX,W_1100_1200,R1500,18,884.6,756,437,83.3,-14608,0.4,0.4,5.6,0.000606,cell(n=8),53.2,mon,132,280,50,13600,1246,6166,6166,8.16,8.16,0.8,0.8,228.8,0,8,1,0,1,0,0,0
SENSEX,W_1100_1200,R2500,18,884.6,756,1189,83.3,-4432,1.8,1.8,0.0,0.000606,cell(n=8),53.2,mon,132,280,50,21600,1522,6166,6166,8.16,8.16,0.8,0.0,98.4,0,8,1,0,1,0,0,0
SENSEX,W_1100_1200,R500,18,884.6,588,26,77.8,-7512,0.03,0.03,22.2,0.000606,cell(n=8),53.2,mon,132,280,50,5600,657,5600,6166,9.52,10.49,9.1,5.3,29.2,0,8,1,0,1,0,0,0
SENSEX,W_1100_1200,SLP10,18,884.6,756,1189,83.3,-4432,1.8,1.8,0.0,0.000606,cell(n=8),53.2,mon,132,280,50,15754,1208,6166,6166,8.16,8.16,0.8,0.8,98.4,0,8,1,0,1,0,0,0
SENSEX,W_1100_1200,SLP15,18,884.6,756,1189,83.3,-4432,1.8,1.8,0.0,0.000606,cell(n=8),53.2,mon,132,280,50,22832,1457,6166,6166,8.16,8.16,0.8,0.0,98.4,0,8,1,0,1,0,0,0
SENSEX,W_1100_1200,SLP20,18,884.6,756,1189,83.3,-4432,1.8,1.8,0.0,0.000606,cell(n=8),53.2,mon,132,280,50,29909,1469,6166,6166,8.16,8.16,0.8,0.0,98.4,0,8,1,0,1,0,0,0
SENSEX,W_1100_1200,SLP25,18,884.6,756,1189,83.3,-4432,1.8,1.8,0.0,0.000606,cell(n=8),53.2,mon,132,280,50,36986,1356,6166,6166,8.16,8.16,0.8,0.0,98.4,0,8,1,0,1,0,0,0
SENSEX,W_1100_1200,SLP30,18,884.6,756,1189,83.3,-4432,1.8,1.8,0.0,0.000606,cell(n=8),53.2,mon,132,280,50,44063,1546,6166,6166,8.16,8.16,0.8,0.0,98.4,0,8,1,0,1,0,0,0
SENSEX,W_1100_1200,SLP40,18,884.6,756,1189,83.3,-4432,1.8,1.8,0.0,0.000606,cell(n=8),53.2,mon,132,280,50,58218,1346,6166,6166,8.16,8.16,0.8,0.0,98.4,0,8,1,0,1,0,0,0
SENSEX,W_1100_1215,NOSTOP,18,884.6,716,-20,55.6,-8552,-0.02,-0.02,0.0,0.000928,cell(n=9),64.8,mon,132,280,50,,,10107,10107,14.12,14.12,28.8,0.0,18.1,0,8,0,0,1,0,0,0
SENSEX,W_1100_1215,R1000,18,884.6,160,-1420,50.0,-13472,-1.03,-1.03,16.7,0.000928,cell(n=9),64.8,mon,132,280,50,9600,1168,9600,10107,60.0,63.17,42.4,3.8,14.1,0,8,0,0,0,0,0,0
SENSEX,W_1100_1215,R1500,18,884.6,716,-356,55.6,-14608,-0.31,-0.31,5.6,0.000928,cell(n=9),64.8,mon,132,280,50,13600,1246,10107,10107,14.12,14.12,30.3,0.8,17.8,0,8,0,0,1,0,0,0
SENSEX,W_1100_1215,R2500,18,884.6,716,-20,55.6,-8552,-0.02,-0.02,0.0,0.000928,cell(n=9),64.8,mon,132,280,50,21600,1522,10107,10107,14.12,14.12,28.8,0.8,18.1,0,8,0,0,1,0,0,0
SENSEX,W_1100_1215,R500,18,884.6,160,-1169,50.0,-12104,-0.97,-0.97,27.8,0.000928,cell(n=9),64.8,mon,132,280,50,5600,657,5600,10107,35.0,63.17,42.4,24.2,15.2,0,8,0,0,0,0,0,0
SENSEX,W_1100_1215,SLP10,18,884.6,716,-20,55.6,-8552,-0.02,-0.02,0.0,0.000928,cell(n=9),64.8,mon,132,280,50,15754,1208,10107,10107,14.12,14.12,28.8,0.8,18.1,0,8,0,0,1,0,0,0
SENSEX,W_1100_1215,SLP15,18,884.6,716,-20,55.6,-8552,-0.02,-0.02,0.0,0.000928,cell(n=9),64.8,mon,132,280,50,22832,1457,10107,10107,14.12,14.12,28.8,0.8,18.1,0,8,0,0,1,0,0,0
SENSEX,W_1100_1215,SLP20,18,884.6,716,-20,55.6,-8552,-0.02,-0.02,0.0,0.000928,cell(n=9),64.8,mon,132,280,50,29909,1469,10107,10107,14.12,14.12,28.8,0.8,18.1,0,8,0,0,1,0,0,0
SENSEX,W_1100_1215,SLP25,18,884.6,716,-20,55.6,-8552,-0.02,-0.02,0.0,0.000928,cell(n=9),64.8,mon,132,280,50,36986,1356,10107,10107,14.12,14.12,28.8,0.8,18.1,0,8,0,0,1,0,0,0
SENSEX,W_1100_1215,SLP30,18,884.6,716,-20,55.6,-8552,-0.02,-0.02,0.0,0.000928,cell(n=9),64.8,mon,132,280,50,44063,1546,10107,10107,14.12,14.12,28.8,0.8,18.1,0,8,0,0,1,0,0,0
SENSEX,W_1100_1215,SLP40,18,884.6,716,-20,55.6,-8552,-0.02,-0.02,0.0,0.000928,cell(n=9),64.8,mon,132,280,50,58218,1346,10107,10107,14.12,14.12,28.8,0.0,18.1,0,8,0,0,1,0,0,0
SENSEX,W_1100_1230,NOSTOP,18,884.6,652,-372,55.6,-11120,-0.33,-0.33,0.0,0.000708,cell(n=11),71.8,mon,132,280,50,,,8799,8799,13.49,13.49,37.1,0.0,18.7,0,8,0,0,1,0,0,0
SENSEX,W_1100_1230,R1000,18,884.6,-328,-1817,50.0,-13472,-1.22,-1.22,22.2,0.000708,cell(n=11),71.8,mon,132,280,50,9600,1168,8799,8799,,,34.8,3.0,19.6,0,8,0,0,1,0,0,0
SENSEX,W_1100_1230,R1500,18,884.6,652,-566,55.6,-14608,-0.45,-0.45,5.6,0.000708,cell(n=11),71.8,mon,132,280,50,13600,1246,8799,8799,13.49,13.49,37.9,1.5,18.4,0,8,0,0,1,0,0,0
SENSEX,W_1100_1230,R2500,18,884.6,652,-372,55.6,-11120,-0.33,-0.33,0.0,0.000708,cell(n=11),71.8,mon,132,280,50,21600,1522,8799,8799,13.49,13.49,37.1,0.8,18.7,0,8,0,0,1,0,0,0
SENSEX,W_1100_1230,R500,18,884.6,-328,-1417,50.0,-12104,-1.13,-1.13,33.3,0.000708,cell(n=11),71.8,mon,132,280,50,5600,657,5600,8799,,,35.6,18.9,19.9,0,8,0,0,1,0,0,0
SENSEX,W_1100_1230,SLP10,18,884.6,652,-372,55.6,-11120,-0.33,-0.33,0.0,0.000708,cell(n=11),71.8,mon,132,280,50,15754,1208,8799,8799,13.49,13.49,37.1,1.5,18.7,0,8,0,0,1,0,0,0
SENSEX,W_1100_1230,SLP15,18,884.6,652,-372,55.6,-11120,-0.33,-0.33,0.0,0.000708,cell(n=11),71.8,mon,132,280,50,22832,1457,8799,8799,13.49,13.49,37.1,0.8,18.7,0,8,0,0,1,0,0,0
SENSEX,W_1100_1230,SLP20,18,884.6,652,-372,55.6,-11120,-0.33,-0.33,0.0,0.000708,cell(n=11),71.8,mon,132,280,50,29909,1469,8799,8799,13.49,13.49,37.1,0.8,18.7,0,8,0,0,1,0,0,0
SENSEX,W_1100_1230,SLP25,18,884.6,652,-372,55.6,-11120,-0.33,-0.33,0.0,0.000708,cell(n=11),71.8,mon,132,280,50,36986,1356,8799,8799,13.49,13.49,37.1,0.8,18.7,0,8,0,0,1,0,0,0
SENSEX,W_1100_1230,SLP30,18,884.6,652,-372,55.6,-11120,-0.33,-0.33,0.0,0.000708,cell(n=11),71.8,mon,132,280,50,44063,1546,8799,8799,13.49,13.49,37.1,0.8,18.7,0,8,0,0,1,0,0,0
SENSEX,W_1100_1230,SLP40,18,884.6,652,-372,55.6,-11120,-0.33,-0.33,0.0,0.000708,cell(n=11),71.8,mon,132,280,50,58218,1346,8799,8799,13.49,13.49,37.1,0.0,18.7,0,8,0,0,1,0,0,0
SENSEX,W_1100_1245,NOSTOP,18,884.6,1000,-1707,55.6,-15392,-1.01,-1.01,0.0,0.000928,cell(n=11),78.2,mon,132,280,50,,,11867,11867,11.87,11.87,43.2,0.0,17.9,0,7,0,0,0,0,0,0
SENSEX,W_1100_1245,R1000,18,884.6,-584,-1996,50.0,-13472,-1.27,-1.27,22.2,0.000928,cell(n=11),78.2,mon,132,280,50,9600,1168,9600,11867,,,41.7,8.3,18.3,0,7,0,0,0,0,0,0
SENSEX,W_1100_1245,R1500,18,884.6,1000,-1856,55.6,-17608,-1.05,-1.05,16.7,0.000928,cell(n=11),78.2,mon,132,280,50,13600,1246,11867,11867,11.87,11.87,42.4,1.5,18.1,0,7,0,0,0,0,0,0
SENSEX,W_1100_1245,R2500,18,884.6,1000,-2217,55.6,-23512,-1.13,-1.13,5.6,0.000928,cell(n=11),78.2,mon,132,280,50,21600,1522,11867,11867,11.87,11.87,41.7,1.5,18.2,0,7,0,0,0,0,0,0
SENSEX,W_1100_1245,R500,18,884.6,-1196,-1776,50.0,-12104,-1.27,-1.27,44.4,0.000928,cell(n=11),78.2,mon,132,280,50,5600,657,5600,10856,,,46.2,37.9,18.3,0,7,0,0,0,0,0,0
SENSEX,W_1100_1245,SLP10,18,884.6,1000,-1889,55.6,-17608,-1.06,-1.06,5.6,0.000928,cell(n=11),78.2,mon,132,280,50,15754,1208,11867,11867,11.87,11.87,41.7,1.5,18.2,0,7,0,0,0,0,0,0
SENSEX,W_1100_1245,SLP15,18,884.6,1000,-2217,55.6,-23512,-1.13,-1.13,5.6,0.000928,cell(n=11),78.2,mon,132,280,50,22832,1457,11867,11867,11.87,11.87,41.7,0.8,18.2,0,7,0,0,0,0,0,0
SENSEX,W_1100_1245,SLP20,18,884.6,1000,-1707,55.6,-15392,-1.01,-1.01,0.0,0.000928,cell(n=11),78.2,mon,132,280,50,29909,1469,11867,11867,11.87,11.87,43.2,0.8,17.9,0,7,0,0,0,0,0,0
SENSEX,W_1100_1245,SLP25,18,884.6,1000,-1707,55.6,-15392,-1.01,-1.01,0.0,0.000928,cell(n=11),78.2,mon,132,280,50,36986,1356,11867,11867,11.87,11.87,43.2,0.8,17.9,0,7,0,0,0,0,0,0
SENSEX,W_1100_1245,SLP30,18,884.6,1000,-1707,55.6,-15392,-1.01,-1.01,0.0,0.000928,cell(n=11),78.2,mon,132,280,50,44063,1546,11867,11867,11.87,11.87,43.2,0.8,17.9,0,7,0,0,0,0,0,0
SENSEX,W_1100_1245,SLP40,18,884.6,1000,-1707,55.6,-15392,-1.01,-1.01,0.0,0.000928,cell(n=11),78.2,mon,132,280,50,58218,1346,11867,11867,11.87,11.87,43.2,0.8,17.9,0,7,0,0,0,0,0,0
SENSEX,W_1100_1300,NOSTOP,18,884.6,1788,-1830,61.1,-24896,-0.86,-0.86,0.0,0.000928,cell(n=13),85.8,mon,132,280,50,,,12864,12864,7.19,7.19,36.4,0.0,21.8,0,5,1,0,1,0,0,0
SENSEX,W_1100_1300,R1000,18,884.6,-360,-2668,50.0,-17368,-1.39,-1.39,33.3,0.000928,cell(n=13),85.8,mon,132,280,50,9600,1168,9600,12864,,,34.1,9.8,26.1,0,5,0,0,1,0,0,0
SENSEX,W_1100_1300,R1500,18,884.6,1788,-1800,61.1,-17608,-0.89,-0.89,22.2,0.000928,cell(n=13),85.8,mon,132,280,50,13600,1246,12864,12864,7.19,7.19,34.1,1.5,25.7,0,5,1,0,1,0,0,0
SENSEX,W_1100_1300,R2500,18,884.6,1788,-3169,61.1,-27784,-1.19,-1.19,16.7,0.000928,cell(n=13),85.8,mon,132,280,50,21600,1522,12864,12864,7.19,7.19,37.1,1.5,20.8,0,5,1,0,1,0,0,0
SENSEX,W_1100_1300,R500,18,884.6,-3144,-2024,50.0,-12104,-1.27,-1.27,50.0,0.000928,cell(n=13),85.8,mon,132,280,50,5600,657,5600,10856,,,43.2,43.2,31.0,0,5,0,0,0,0,0,0
SENSEX,W_1100_1300,SLP10,18,884.6,1788,-2674,61.1,-27784,-1.09,-1.09,22.2,0.000928,cell(n=13),85.8,mon,132,280,50,15754,1208,12864,12864,7.19,7.19,37.1,1.5,20.8,0,5,1,0,1,0,0,0
SENSEX,W_1100_1300,SLP15,18,884.6,1788,-3202,61.1,-26144,-1.2,-1.2,11.1,0.000928,cell(n=13),85.8,mon,132,280,50,22832,1457,12864,12864,7.19,7.19,37.1,0.8,21.3,0,5,1,0,1,0,0,0
SENSEX,W_1100_1300,SLP20,18,884.6,1788,-1830,61.1,-24896,-0.86,-0.86,0.0,0.000928,cell(n=13),85.8,mon,132,280,50,29909,1469,12864,12864,7.19,7.19,36.4,0.8,21.8,0,5,1,0,1,0,0,0
SENSEX,W_1100_1300,SLP25,18,884.6,1788,-1830,61.1,-24896,-0.86,-0.86,0.0,0.000928,cell(n=13),85.8,mon,132,280,50,36986,1356,12864,12864,7.19,7.19,36.4,0.8,21.8,0,5,1,0,1,0,0,0
SENSEX,W_1100_1300,SLP30,18,884.6,1788,-1830,61.1,-24896,-0.86,-0.86,0.0,0.000928,cell(n=13),85.8,mon,132,280,50,44063,1546,12864,12864,7.19,7.19,36.4,0.8,21.8,0,5,1,0,1,0,0,0
SENSEX,W_1100_1300,SLP40,18,884.6,1788,-1830,61.1,-24896,-0.86,-0.86,0.0,0.000928,cell(n=13),85.8,mon,132,280,50,58218,1346,12864,12864,7.19,7.19,36.4,0.8,21.8,0,5,1,0,1,0,0,0
SENSEX,W_1115_1145,NOSTOP,18,885.2,160,-503,50.0,-11992,-0.61,-0.61,0.0,0.000865,pooled(n=1202),43.3,dte,132,280,50,,,6907,6907,43.17,43.17,39.4,0.0,9.1,0,5,0,0,1,0,0,0
SENSEX,W_1115_1145,R1000,18,885.2,160,-888,50.0,-13264,-0.84,-0.84,11.1,0.000865,pooled(n=1202),43.3,dte,132,280,50,9600,1168,6907,6907,43.17,43.17,37.9,0.8,9.1,0,5,0,0,1,0,0,0
SENSEX,W_1115_1145,R1500,18,885.2,160,-776,50.0,-16912,-0.73,-0.73,5.6,0.000865,pooled(n=1202),43.3,dte,132,280,50,13600,1246,6907,6907,43.17,43.17,39.4,0.8,9.1,0,5,0,0,1,0,0,0
SENSEX,W_1115_1145,R2500,18,885.2,160,-503,50.0,-11992,-0.61,-0.61,0.0,0.000865,pooled(n=1202),43.3,dte,132,280,50,21600,1522,6907,6907,43.17,43.17,39.4,0.0,9.1,0,5,0,0,1,0,0,0
SENSEX,W_1115_1145,R500,18,885.2,160,-256,50.0,-7616,-0.4,-0.4,11.1,0.000865,pooled(n=1202),43.3,dte,132,280,50,5600,657,5600,6907,35.0,43.17,37.9,11.4,9.1,0,5,0,0,1,0,0,0
SENSEX,W_1115_1145,SLP10,18,885.2,160,-503,50.0,-11992,-0.61,-0.61,0.0,0.000865,pooled(n=1202),43.3,dte,132,280,50,15763,1208,6907,6907,43.17,43.17,39.4,0.0,9.1,0,5,0,0,1,0,0,0
SENSEX,W_1115_1145,SLP15,18,885.2,160,-503,50.0,-11992,-0.61,-0.61,0.0,0.000865,pooled(n=1202),43.3,dte,132,280,50,22844,1457,6907,6907,43.17,43.17,39.4,0.0,9.1,0,5,0,0,1,0,0,0
SENSEX,W_1115_1145,SLP20,18,885.2,160,-503,50.0,-11992,-0.61,-0.61,0.0,0.000865,pooled(n=1202),43.3,dte,132,280,50,29926,1469,6907,6907,43.17,43.17,39.4,0.0,9.1,0,5,0,0,1,0,0,0
SENSEX,W_1115_1145,SLP25,18,885.2,160,-503,50.0,-11992,-0.61,-0.61,0.0,0.000865,pooled(n=1202),43.3,dte,132,280,50,37007,1356,6907,6907,43.17,43.17,39.4,0.0,9.1,0,5,0,0,1,0,0,0
SENSEX,W_1115_1145,SLP30,18,885.2,160,-503,50.0,-11992,-0.61,-0.61,0.0,0.000865,pooled(n=1202),43.3,dte,132,280,50,44088,1546,6907,6907,43.17,43.17,39.4,0.0,9.1,0,5,0,0,1,0,0,0
SENSEX,W_1115_1145,SLP40,18,885.2,160,-503,50.0,-11992,-0.61,-0.61,0.0,0.000865,pooled(n=1202),43.3,dte,132,280,50,58251,1346,6907,6907,43.17,43.17,39.4,0.0,9.1,0,5,0,0,1,0,0,0
SENSEX,W_1115_1200,NOSTOP,18,885.2,316,440,66.7,-5968,0.74,0.74,0.0,0.000865,pooled(n=1202),50.3,cur,132,280,50,,,7765,7765,24.57,24.57,29.5,0.0,12.4,0,7,1,0,1,0,0,0
SENSEX,W_1115_1200,R1000,18,885.2,316,-983,61.1,-13264,-0.84,-0.84,11.1,0.000865,pooled(n=1202),50.3,cur,132,280,50,9600,1168,7765,7765,24.57,24.57,28.8,1.5,12.5,0,7,1,0,1,0,0,0
SENSEX,W_1115_1200,R1500,18,885.2,316,-502,61.1,-16912,-0.44,-0.44,5.6,0.000865,pooled(n=1202),50.3,cur,132,280,50,13600,1246,7765,7765,24.57,24.57,29.5,0.8,12.5,0,7,1,0,1,0,0,0
SENSEX,W_1115_1200,R2500,18,885.2,316,440,66.7,-5968,0.74,0.74,0.0,0.000865,pooled(n=1202),50.3,cur,132,280,50,21600,1522,7765,7765,24.57,24.57,29.5,0.0,12.4,0,7,1,0,1,0,0,0
SENSEX,W_1115_1200,R500,18,885.2,316,-751,61.1,-8904,-0.76,-0.76,22.2,0.000865,pooled(n=1202),50.3,cur,132,280,50,5600,657,5600,7765,17.72,24.57,41.7,13.6,9.5,0,7,1,0,0,0,0,0
SENSEX,W_1115_1200,SLP10,18,885.2,316,440,66.7,-5968,0.74,0.74,0.0,0.000865,pooled(n=1202),50.3,cur,132,280,50,15763,1208,7765,7765,24.57,24.57,29.5,0.0,12.4,0,7,1,0,1,0,0,0
SENSEX,W_1115_1200,SLP15,18,885.2,316,440,66.7,-5968,0.74,0.74,0.0,0.000865,pooled(n=1202),50.3,cur,132,280,50,22844,1457,7765,7765,24.57,24.57,29.5,0.0,12.4,0,7,1,0,1,0,0,0
SENSEX,W_1115_1200,SLP20,18,885.2,316,440,66.7,-5968,0.74,0.74,0.0,0.000865,pooled(n=1202),50.3,cur,132,280,50,29926,1469,7765,7765,24.57,24.57,29.5,0.0,12.4,0,7,1,0,1,0,0,0
SENSEX,W_1115_1200,SLP25,18,885.2,316,440,66.7,-5968,0.74,0.74,0.0,0.000865,pooled(n=1202),50.3,cur,132,280,50,37007,1356,7765,7765,24.57,24.57,29.5,0.0,12.4,0,7,1,0,1,0,0,0
SENSEX,W_1115_1200,SLP30,18,885.2,316,440,66.7,-5968,0.74,0.74,0.0,0.000865,pooled(n=1202),50.3,cur,132,280,50,44088,1546,7765,7765,24.57,24.57,29.5,0.0,12.4,0,7,1,0,1,0,0,0
SENSEX,W_1115_1200,SLP40,18,885.2,316,440,66.7,-5968,0.74,0.74,0.0,0.000865,pooled(n=1202),50.3,cur,132,280,50,58251,1346,7765,7765,24.57,24.57,29.5,0.0,12.4,0,7,1,0,1,0,0,0
SENSEX,W_1115_1215,NOSTOP,18,885.2,264,-1116,61.1,-12048,-1.09,-1.09,0.0,0.000865,pooled(n=1202),57.8,mon,132,280,50,,,8684,8684,32.89,32.89,43.2,0.0,11.4,0,8,1,0,0,0,0,0
SENSEX,W_1115_1215,R1000,18,885.2,264,-2442,55.6,-13264,-1.77,-1.77,22.2,0.000865,pooled(n=1202),57.8,mon,132,280,50,9600,1168,8684,8684,32.89,32.89,42.4,3.8,11.6,0,8,0,0,0,0,0,0
SENSEX,W_1115_1215,R1500,18,885.2,264,-1641,61.1,-16912,-1.26,-1.26,5.6,0.000865,pooled(n=1202),57.8,mon,132,280,50,13600,1246,8684,8684,32.89,32.89,42.4,0.8,11.6,0,8,1,0,0,0,0,0
SENSEX,W_1115_1215,R2500,18,885.2,264,-1116,61.1,-12048,-1.09,-1.09,0.0,0.000865,pooled(n=1202),57.8,mon,132,280,50,21600,1522,8684,8684,32.89,32.89,43.2,0.8,11.4,0,8,1,0,0,0,0,0
SENSEX,W_1115_1215,R500,18,885.2,264,-2259,55.6,-8904,-1.92,-1.92,38.9,0.000865,pooled(n=1202),57.8,mon,132,280,50,5600,657,5600,8684,21.21,32.89,45.5,21.2,11.0,0,8,0,0,0,0,0,0
SENSEX,W_1115_1215,SLP10,18,885.2,264,-1116,61.1,-12048,-1.09,-1.09,0.0,0.000865,pooled(n=1202),57.8,mon,132,280,50,15763,1208,8684,8684,32.89,32.89,43.2,0.8,11.4,0,8,1,0,0,0,0,0
SENSEX,W_1115_1215,SLP15,18,885.2,264,-1116,61.1,-12048,-1.09,-1.09,0.0,0.000865,pooled(n=1202),57.8,mon,132,280,50,22844,1457,8684,8684,32.89,32.89,43.2,0.8,11.4,0,8,1,0,0,0,0,0
SENSEX,W_1115_1215,SLP20,18,885.2,264,-1116,61.1,-12048,-1.09,-1.09,0.0,0.000865,pooled(n=1202),57.8,mon,132,280,50,29926,1469,8684,8684,32.89,32.89,43.2,0.8,11.4,0,8,1,0,0,0,0,0
SENSEX,W_1115_1215,SLP25,18,885.2,264,-1116,61.1,-12048,-1.09,-1.09,0.0,0.000865,pooled(n=1202),57.8,mon,132,280,50,37007,1356,8684,8684,32.89,32.89,43.2,0.0,11.4,0,8,1,0,0,0,0,0
SENSEX,W_1115_1215,SLP30,18,885.2,264,-1116,61.1,-12048,-1.09,-1.09,0.0,0.000865,pooled(n=1202),57.8,mon,132,280,50,44088,1546,8684,8684,32.89,32.89,43.2,0.0,11.4,0,8,1,0,0,0,0,0
SENSEX,W_1115_1215,SLP40,18,885.2,264,-1116,61.1,-12048,-1.09,-1.09,0.0,0.000865,pooled(n=1202),57.8,mon,132,280,50,58251,1346,8684,8684,32.89,32.89,43.2,0.0,11.4,0,8,1,0,0,0,0,0
SENSEX,W_1115_1230,NOSTOP,18,885.2,-324,-1468,50.0,-10016,-1.36,-1.36,0.0,0.00138,cell(n=8),67.1,mon,132,280,50,,,14719,14719,,,44.7,0.0,14.1,0,8,0,0,0,0,0,0
SENSEX,W_1115_1230,R1000,18,885.2,-1520,-3125,44.4,-13264,-2.14,-2.14,27.8,0.00138,cell(n=8),67.1,mon,132,280,50,9600,1168,9600,14719,,,50.0,18.9,13.4,0,8,0,0,0,0,0,0
SENSEX,W_1115_1230,R1500,18,885.2,-324,-2249,50.0,-16912,-1.53,-1.53,11.1,0.00138,cell(n=8),67.1,mon,132,280,50,13600,1246,13600,14719,,,46.2,4.5,14.0,0,8,0,0,0,0,0,0
SENSEX,W_1115_1230,R2500,18,885.2,-324,-1468,50.0,-10016,-1.36,-1.36,0.0,0.00138,cell(n=8),67.1,mon,132,280,50,21600,1522,14719,14719,,,44.7,1.5,14.1,0,8,0,0,0,0,0,0
SENSEX,W_1115_1230,R500,18,885.2,-1520,-2459,44.4,-8904,-2.06,-2.06,38.9,0.00138,cell(n=8),67.1,mon,132,280,50,5600,657,5600,10856,,,52.3,47.0,15.1,0,8,0,0,0,0,0,0
SENSEX,W_1115_1230,SLP10,18,885.2,-324,-1468,50.0,-10016,-1.36,-1.36,0.0,0.00138,cell(n=8),67.1,mon,132,280,50,15763,1208,14719,14719,,,44.7,4.5,14.1,0,8,0,0,0,0,0,0
SENSEX,W_1115_1230,SLP15,18,885.2,-324,-1468,50.0,-10016,-1.36,-1.36,0.0,0.00138,cell(n=8),67.1,mon,132,280,50,22844,1457,14719,14719,,,44.7,1.5,14.1,0,8,0,0,0,0,0,0
SENSEX,W_1115_1230,SLP20,18,885.2,-324,-1468,50.0,-10016,-1.36,-1.36,0.0,0.00138,cell(n=8),67.1,mon,132,280,50,29926,1469,14719,14719,,,44.7,1.5,14.1,0,8,0,0,0,0,0,0
SENSEX,W_1115_1230,SLP25,18,885.2,-324,-1468,50.0,-10016,-1.36,-1.36,0.0,0.00138,cell(n=8),67.1,mon,132,280,50,37007,1356,14719,14719,,,44.7,0.8,14.1,0,8,0,0,0,0,0,0
SENSEX,W_1115_1230,SLP30,18,885.2,-324,-1468,50.0,-10016,-1.36,-1.36,0.0,0.00138,cell(n=8),67.1,mon,132,280,50,44088,1546,14719,14719,,,44.7,0.8,14.1,0,8,0,0,0,0,0,0
SENSEX,W_1115_1230,SLP40,18,885.2,-324,-1468,50.0,-10016,-1.36,-1.36,0.0,0.00138,cell(n=8),67.1,mon,132,280,50,58251,1346,14719,14719,,,44.7,0.8,14.1,0,8,0,0,0,0,0,0
SENSEX,W_1115_1245,NOSTOP,18,885.2,-396,-2843,50.0,-17088,-1.71,-1.71,0.0,0.001315,cell(n=10),74.8,mon,132,280,50,,,15526,15526,,,40.2,0.0,16.6,0,8,0,0,0,0,0,0
SENSEX,W_1115_1245,R1000,18,885.2,-1976,-3601,44.4,-13264,-2.2,-2.2,38.9,0.001315,cell(n=10),74.8,mon,132,280,50,9600,1168,9600,15526,,,38.6,19.7,17.9,0,8,0,0,1,0,0,0
SENSEX,W_1115_1245,R1500,18,885.2,-396,-3107,50.0,-17424,-1.75,-1.75,16.7,0.001315,cell(n=10),74.8,mon,132,280,50,13600,1246,13600,15526,,,40.2,6.1,16.0,0,8,0,0,0,0,0,0
SENSEX,W_1115_1245,R2500,18,885.2,-396,-3353,50.0,-23328,-1.74,-1.74,5.6,0.001315,cell(n=10),74.8,mon,132,280,50,21600,1522,15526,15526,,,40.2,1.5,16.6,0,8,0,0,0,0,0,0
SENSEX,W_1115_1245,R500,18,885.2,-1976,-2429,44.4,-8904,-1.87,-1.87,44.4,0.001315,cell(n=10),74.8,mon,132,280,50,5600,657,5600,10856,,,52.3,52.3,20.4,0,8,0,0,0,0,0,0
SENSEX,W_1115_1245,SLP10,18,885.2,-396,-3025,50.0,-17424,-1.73,-1.73,5.6,0.001315,cell(n=10),74.8,mon,132,280,50,15763,1208,15526,15526,,,40.2,3.8,16.6,0,8,0,0,0,0,0,0
SENSEX,W_1115_1245,SLP15,18,885.2,-396,-2843,50.0,-17088,-1.71,-1.71,0.0,0.001315,cell(n=10),74.8,mon,132,280,50,22844,1457,15526,15526,,,40.2,1.5,16.6,0,8,0,0,0,0,0,0
SENSEX,W_1115_1245,SLP20,18,885.2,-396,-2843,50.0,-17088,-1.71,-1.71,0.0,0.001315,cell(n=10),74.8,mon,132,280,50,29926,1469,15526,15526,,,40.2,1.5,16.6,0,8,0,0,0,0,0,0
SENSEX,W_1115_1245,SLP25,18,885.2,-396,-2843,50.0,-17088,-1.71,-1.71,0.0,0.001315,cell(n=10),74.8,mon,132,280,50,37007,1356,15526,15526,,,40.2,0.8,16.6,0,8,0,0,0,0,0,0
SENSEX,W_1115_1245,SLP30,18,885.2,-396,-2843,50.0,-17088,-1.71,-1.71,0.0,0.001315,cell(n=10),74.8,mon,132,280,50,44088,1546,15526,15526,,,40.2,0.8,16.6,0,8,0,0,0,0,0,0
SENSEX,W_1115_1245,SLP40,18,885.2,-396,-2843,50.0,-17088,-1.71,-1.71,0.0,0.001315,cell(n=10),74.8,mon,132,280,50,58251,1346,15526,15526,,,40.2,0.8,16.6,0,8,0,0,0,0,0,0
SENSEX,W_1115_1300,NOSTOP,18,885.2,-240,-2964,44.4,-23792,-1.46,-1.46,0.0,0.001593,cell(n=11),83.0,mon,132,280,50,,,20320,20320,,,37.1,0.0,19.6,0,7,0,0,1,0,0,0
SENSEX,W_1115_1300,R1000,18,885.2,-5700,-4553,38.9,-17680,-2.34,-2.34,50.0,0.001593,cell(n=11),83.0,mon,132,280,50,9600,1168,9600,18944,,,40.2,30.3,19.9,0,7,0,0,0,0,0,0
SENSEX,W_1115_1300,R1500,18,885.2,-240,-3603,44.4,-17680,-1.67,-1.67,27.8,0.001593,cell(n=11),83.0,mon,132,280,50,13600,1246,13600,20320,,,37.1,13.6,19.4,0,7,0,0,1,0,0,0
SENSEX,W_1115_1300,R2500,18,885.2,-240,-3777,44.4,-26680,-1.59,-1.59,11.1,0.001593,cell(n=11),83.0,mon,132,280,50,21600,1522,20320,20320,,,36.4,3.0,20.1,0,7,0,0,1,0,0,0
SENSEX,W_1115_1300,R500,18,885.2,-3744,-2647,38.9,-11528,-1.78,-1.78,50.0,0.001593,cell(n=11),83.0,mon,132,280,50,5600,657,5600,10856,,,66.7,66.7,21.2,0,7,0,0,0,0,0,0
SENSEX,W_1115_1300,SLP10,18,885.2,-240,-4195,44.4,-26680,-1.72,-1.72,22.2,0.001593,cell(n=11),83.0,mon,132,280,50,15763,1208,15763,20320,,,36.4,9.8,20.1,0,7,0,0,1,0,0,0
SENSEX,W_1115_1300,SLP15,18,885.2,-240,-2964,44.4,-23792,-1.46,-1.46,0.0,0.001593,cell(n=11),83.0,mon,132,280,50,22844,1457,20320,20320,,,37.1,2.3,19.6,0,7,0,0,1,0,0,0
SENSEX,W_1115_1300,SLP20,18,885.2,-240,-2964,44.4,-23792,-1.46,-1.46,0.0,0.001593,cell(n=11),83.0,mon,132,280,50,29926,1469,20320,20320,,,37.1,1.5,19.6,0,7,0,0,1,0,0,0
SENSEX,W_1115_1300,SLP25,18,885.2,-240,-2964,44.4,-23792,-1.46,-1.46,0.0,0.001593,cell(n=11),83.0,mon,132,280,50,37007,1356,20320,20320,,,37.1,1.5,19.6,0,7,0,0,1,0,0,0
SENSEX,W_1115_1300,SLP30,18,885.2,-240,-2964,44.4,-23792,-1.46,-1.46,0.0,0.001593,cell(n=11),83.0,mon,132,280,50,44088,1546,20320,20320,,,37.1,0.8,19.6,0,7,0,0,1,0,0,0
SENSEX,W_1115_1300,SLP40,18,885.2,-240,-2964,44.4,-23792,-1.46,-1.46,0.0,0.001593,cell(n=11),83.0,mon,132,280,50,58251,1346,20320,20320,,,37.1,0.8,19.6,0,7,0,0,1,0,0,0
SENSEX,W_1115_1315,NOSTOP,18,885.2,408,-3676,50.0,-21952,-1.61,-1.61,0.0,0.001403,cell(n=13),86.6,mon,132,280,50,,,18804,18804,46.09,46.09,40.2,0.0,21.0,0,5,0,0,0,0,0,0
SENSEX,W_1115_1315,R1000,18,885.2,-5940,-4420,38.9,-17680,-2.24,-2.24,50.0,0.001403,cell(n=13),86.6,mon,132,280,50,9600,1168,9600,18804,,,42.4,29.5,20.8,0,5,0,0,0,0,0,0
SENSEX,W_1115_1315,R1500,18,885.2,408,-3713,50.0,-17680,-1.65,-1.65,27.8,0.001403,cell(n=13),86.6,mon,132,280,50,13600,1246,13600,18804,33.33,46.09,40.9,12.9,20.3,0,5,0,0,0,0,0,0
SENSEX,W_1115_1315,R2500,18,885.2,408,-4487,50.0,-26680,-1.71,-1.71,16.7,0.001403,cell(n=13),86.6,mon,132,280,50,21600,1522,18804,18804,46.09,46.09,39.4,3.0,21.3,0,5,0,0,1,0,0,0
SENSEX,W_1115_1315,R500,18,885.2,-3984,-2514,38.9,-11528,-1.66,-1.66,50.0,0.001403,cell(n=13),86.6,mon,132,280,50,5600,657,5600,10856,,,62.1,62.1,21.7,0,5,0,0,0,0,0,0
SENSEX,W_1115_1315,SLP10,18,885.2,408,-4322,50.0,-26680,-1.72,-1.72,22.2,0.001403,cell(n=13),86.6,mon,132,280,50,15763,1208,15763,18804,38.63,46.09,38.6,7.6,21.5,0,5,0,0,1,0,0,0
SENSEX,W_1115_1315,SLP15,18,885.2,408,-3551,50.0,-20800,-1.59,-1.59,5.6,0.001403,cell(n=13),86.6,mon,132,280,50,22844,1457,18804,18804,46.09,46.09,40.2,3.0,21.0,0,5,0,0,0,0,0,0
SENSEX,W_1115_1315,SLP20,18,885.2,408,-3676,50.0,-21952,-1.61,-1.61,0.0,0.001403,cell(n=13),86.6,mon,132,280,50,29926,1469,18804,18804,46.09,46.09,40.2,1.5,21.0,0,5,0,0,0,0,0,0
SENSEX,W_1115_1315,SLP25,18,885.2,408,-3676,50.0,-21952,-1.61,-1.61,0.0,0.001403,cell(n=13),86.6,mon,132,280,50,37007,1356,18804,18804,46.09,46.09,40.2,0.8,21.0,0,5,0,0,0,0,0,0
SENSEX,W_1115_1315,SLP30,18,885.2,408,-3676,50.0,-21952,-1.61,-1.61,0.0,0.001403,cell(n=13),86.6,mon,132,280,50,44088,1546,18804,18804,46.09,46.09,40.2,0.8,21.0,0,5,0,0,0,0,0,0
SENSEX,W_1115_1315,SLP40,18,885.2,408,-3676,50.0,-21952,-1.61,-1.61,0.0,0.001403,cell(n=13),86.6,mon,132,280,50,58251,1346,18804,18804,46.09,46.09,40.2,0.8,21.0,0,5,0,0,0,0,0,0
SENSEX,W_1130_1200,NOSTOP,18,880.8,368,186,55.6,-4488,0.46,0.46,0.0,0.000865,pooled(n=1202),35.9,mon,132,280,50,,,5978,5978,16.24,16.24,25.0,0.0,11.5,0,5,0,0,1,0,0,0
SENSEX,W_1130_1200,R1000,18,880.8,20,-1284,50.0,-12088,-1.3,-1.3,11.1,0.000865,pooled(n=1202),35.9,mon,132,280,50,9600,1168,5978,5978,298.9,298.9,32.6,0.8,8.5,0,5,0,0,1,0,0,0
SENSEX,W_1130_1200,R1500,18,880.8,368,186,55.6,-4488,0.46,0.46,0.0,0.000865,pooled(n=1202),35.9,mon,132,280,50,13600,1246,5978,5978,16.24,16.24,25.0,0.8,11.5,0,5,0,0,1,0,0,0
SENSEX,W_1130_1200,R2500,18,880.8,368,186,55.6,-4488,0.46,0.46,0.0,0.000865,pooled(n=1202),35.9,mon,132,280,50,21600,1522,5978,5978,16.24,16.24,25.0,0.0,11.5,0,5,0,0,1,0,0,0
SENSEX,W_1130_1200,R500,18,880.8,20,-880,50.0,-7592,-1.23,-1.23,16.7,0.000865,pooled(n=1202),35.9,mon,132,280,50,5600,657,5600,5978,280.0,298.9,32.6,4.5,8.7,0,5,0,0,1,0,0,0
SENSEX,W_1130_1200,SLP10,18,880.8,368,186,55.6,-4488,0.46,0.46,0.0,0.000865,pooled(n=1202),35.9,mon,132,280,50,15692,1208,5978,5978,16.24,16.24,25.0,0.8,11.5,0,5,0,0,1,0,0,0
SENSEX,W_1130_1200,SLP15,18,880.8,368,186,55.6,-4488,0.46,0.46,0.0,0.000865,pooled(n=1202),35.9,mon,132,280,50,22739,1457,5978,5978,16.24,16.24,25.0,0.0,11.5,0,5,0,0,1,0,0,0
SENSEX,W_1130_1200,SLP20,18,880.8,368,186,55.6,-4488,0.46,0.46,0.0,0.000865,pooled(n=1202),35.9,mon,132,280,50,29785,1469,5978,5978,16.24,16.24,25.0,0.0,11.5,0,5,0,0,1,0,0,0
SENSEX,W_1130_1200,SLP25,18,880.8,368,186,55.6,-4488,0.46,0.46,0.0,0.000865,pooled(n=1202),35.9,mon,132,280,50,36831,1356,5978,5978,16.24,16.24,25.0,0.0,11.5,0,5,0,0,1,0,0,0
SENSEX,W_1130_1200,SLP30,18,880.8,368,186,55.6,-4488,0.46,0.46,0.0,0.000865,pooled(n=1202),35.9,mon,132,280,50,43877,1546,5978,5978,16.24,16.24,25.0,0.0,11.5,0,5,0,0,1,0,0,0
SENSEX,W_1130_1200,SLP40,18,880.8,368,186,55.6,-4488,0.46,0.46,0.0,0.000865,pooled(n=1202),35.9,mon,132,280,50,57970,1346,5978,5978,16.24,16.24,25.0,0.0,11.5,0,5,0,0,1,0,0,0
SENSEX,W_1130_1215,NOSTOP,18,880.8,-284,-1275,38.9,-13408,-1.45,-1.45,0.0,0.001532,cell(n=8),51.0,mon,132,280,50,,,12608,12608,,,57.6,0.0,6.9,0,7,0,0,0,0,0,0
SENSEX,W_1130_1215,R1000,18,880.8,-284,-2330,38.9,-12168,-2.01,-2.01,16.7,0.001532,cell(n=8),51.0,mon,132,280,50,9600,1168,9600,12608,,,60.6,7.6,6.4,0,7,0,0,0,0,0,0
SENSEX,W_1130_1215,R1500,18,880.8,-284,-1388,38.9,-15448,-1.43,-1.43,5.6,0.001532,cell(n=8),51.0,mon,132,280,50,13600,1246,12608,12608,,,57.6,3.0,6.9,0,7,0,0,0,0,0,0
SENSEX,W_1130_1215,R2500,18,880.8,-284,-1275,38.9,-13408,-1.45,-1.45,0.0,0.001532,cell(n=8),51.0,mon,132,280,50,21600,1522,12608,12608,,,57.6,0.8,6.9,0,7,0,0,0,0,0,0
SENSEX,W_1130_1215,R500,18,880.8,-284,-2114,38.9,-9424,-2.2,-2.2,27.8,0.001532,cell(n=8),51.0,mon,132,280,50,5600,657,5600,10856,,,64.4,38.6,5.8,0,7,0,0,0,0,0,0
SENSEX,W_1130_1215,SLP10,18,880.8,-284,-1275,38.9,-13408,-1.45,-1.45,0.0,0.001532,cell(n=8),51.0,mon,132,280,50,15692,1208,12608,12608,,,57.6,2.3,6.9,0,7,0,0,0,0,0,0
SENSEX,W_1130_1215,SLP15,18,880.8,-284,-1275,38.9,-13408,-1.45,-1.45,0.0,0.001532,cell(n=8),51.0,mon,132,280,50,22739,1457,12608,12608,,,57.6,0.8,6.9,0,7,0,0,0,0,0,0
SENSEX,W_1130_1215,SLP20,18,880.8,-284,-1275,38.9,-13408,-1.45,-1.45,0.0,0.001532,cell(n=8),51.0,mon,132,280,50,29785,1469,12608,12608,,,57.6,0.8,6.9,0,7,0,0,0,0,0,0
SENSEX,W_1130_1215,SLP25,18,880.8,-284,-1275,38.9,-13408,-1.45,-1.45,0.0,0.001532,cell(n=8),51.0,mon,132,280,50,36831,1356,12608,12608,,,57.6,0.8,6.9,0,7,0,0,0,0,0,0
SENSEX,W_1130_1215,SLP30,18,880.8,-284,-1275,38.9,-13408,-1.45,-1.45,0.0,0.001532,cell(n=8),51.0,mon,132,280,50,43877,1546,12608,12608,,,57.6,0.8,6.9,0,7,0,0,0,0,0,0
SENSEX,W_1130_1215,SLP40,18,880.8,-284,-1275,38.9,-13408,-1.45,-1.45,0.0,0.001532,cell(n=8),51.0,mon,132,280,50,57970,1346,12608,12608,,,57.6,0.8,6.9,0,7,0,0,0,0,0,0
SENSEX,W_1130_1230,NOSTOP,18,880.8,-268,-1492,33.3,-9808,-1.77,-1.77,0.0,0.001461,cell(n=10),60.2,mon,132,280,50,,,13996,13996,,,43.9,0.0,13.1,0,8,0,0,0,0,0,0
SENSEX,W_1130_1230,R1000,18,880.8,-456,-2900,33.3,-12168,-2.3,-2.3,22.2,0.001461,cell(n=10),60.2,mon,132,280,50,9600,1168,9600,13996,,,53.8,10.6,10.0,0,8,0,0,0,0,0,0
SENSEX,W_1130_1230,R1500,18,880.8,-268,-1806,33.3,-15448,-1.71,-1.71,5.6,0.001461,cell(n=10),60.2,mon,132,280,50,13600,1246,13600,13996,,,43.9,4.5,13.2,0,8,0,0,0,0,0,0
SENSEX,W_1130_1230,R2500,18,880.8,-268,-1492,33.3,-9808,-1.77,-1.77,0.0,0.001461,cell(n=10),60.2,mon,132,280,50,21600,1522,13996,13996,,,43.9,1.5,13.1,0,8,0,0,0,0,0,0
SENSEX,W_1130_1230,R500,18,880.8,-456,-2372,33.3,-9424,-2.35,-2.35,33.3,0.001461,cell(n=10),60.2,mon,132,280,50,5600,657,5600,10856,,,56.1,45.5,10.6,0,8,0,0,0,0,0,0
SENSEX,W_1130_1230,SLP10,18,880.8,-268,-1492,33.3,-9808,-1.77,-1.77,0.0,0.001461,cell(n=10),60.2,mon,132,280,50,15692,1208,13996,13996,,,43.9,3.8,13.1,0,8,0,0,0,0,0,0
SENSEX,W_1130_1230,SLP15,18,880.8,-268,-1492,33.3,-9808,-1.77,-1.77,0.0,0.001461,cell(n=10),60.2,mon,132,280,50,22739,1457,13996,13996,,,43.9,1.5,13.1,0,8,0,0,0,0,0,0
SENSEX,W_1130_1230,SLP20,18,880.8,-268,-1492,33.3,-9808,-1.77,-1.77,0.0,0.001461,cell(n=10),60.2,mon,132,280,50,29785,1469,13996,13996,,,43.9,1.5,13.1,0,8,0,0,0,0,0,0
SENSEX,W_1130_1230,SLP25,18,880.8,-268,-1492,33.3,-9808,-1.77,-1.77,0.0,0.001461,cell(n=10),60.2,mon,132,280,50,36831,1356,13996,13996,,,43.9,0.8,13.1,0,8,0,0,0,0,0,0
SENSEX,W_1130_1230,SLP30,18,880.8,-268,-1492,33.3,-9808,-1.77,-1.77,0.0,0.001461,cell(n=10),60.2,mon,132,280,50,43877,1546,13996,13996,,,43.9,0.8,13.1,0,8,0,0,0,0,0,0
SENSEX,W_1130_1230,SLP40,18,880.8,-268,-1492,33.3,-9808,-1.77,-1.77,0.0,0.001461,cell(n=10),60.2,mon,132,280,50,57970,1346,13996,13996,,,43.9,0.8,13.1,0,8,0,0,0,0,0,0
SENSEX,W_1130_1245,NOSTOP,18,880.8,-836,-2836,44.4,-18440,-1.86,-1.86,0.0,0.001589,cell(n=11),68.0,mon,132,280,50,,,16826,16826,,,34.8,0.0,16.8,0,8,0,0,1,0,0,0
SENSEX,W_1130_1245,R1000,18,880.8,-836,-3089,44.4,-12168,-2.15,-2.15,27.8,0.001589,cell(n=11),68.0,mon,132,280,50,9600,1168,9600,16826,,,36.4,20.5,18.3,0,8,0,0,1,0,0,0
SENSEX,W_1130_1245,R1500,18,880.8,-836,-2852,44.4,-17664,-1.87,-1.87,11.1,0.001589,cell(n=11),68.0,mon,132,280,50,13600,1246,13600,16826,,,34.1,6.8,17.4,0,8,0,0,1,0,0,0
SENSEX,W_1130_1245,R2500,18,880.8,-836,-3346,44.4,-23568,-1.85,-1.85,5.6,0.001589,cell(n=11),68.0,mon,132,280,50,21600,1522,16826,16826,,,34.8,2.3,16.7,0,8,0,0,1,0,0,0
SENSEX,W_1130_1245,R500,18,880.8,-836,-2202,44.4,-9424,-1.94,-1.94,38.9,0.001589,cell(n=11),68.0,mon,132,280,50,5600,657,5600,10856,,,56.1,56.1,18.4,0,8,0,0,0,0,0,0
SENSEX,W_1130_1245,SLP10,18,880.8,-836,-3018,44.4,-18440,-1.87,-1.87,5.6,0.001589,cell(n=11),68.0,mon,132,280,50,15692,1208,15692,16826,,,34.8,4.5,16.7,0,8,0,0,1,0,0,0
SENSEX,W_1130_1245,SLP15,18,880.8,-836,-3346,44.4,-23568,-1.85,-1.85,5.6,0.001589,cell(n=11),68.0,mon,132,280,50,22739,1457,16826,16826,,,34.8,1.5,16.7,0,8,0,0,1,0,0,0
SENSEX,W_1130_1245,SLP20,18,880.8,-836,-2836,44.4,-18440,-1.86,-1.86,0.0,0.001589,cell(n=11),68.0,mon,132,280,50,29785,1469,16826,16826,,,34.8,1.5,16.8,0,8,0,0,1,0,0,0
SENSEX,W_1130_1245,SLP25,18,880.8,-836,-2836,44.4,-18440,-1.86,-1.86,0.0,0.001589,cell(n=11),68.0,mon,132,280,50,36831,1356,16826,16826,,,34.8,1.5,16.8,0,8,0,0,1,0,0,0
SENSEX,W_1130_1245,SLP30,18,880.8,-836,-2836,44.4,-18440,-1.86,-1.86,0.0,0.001589,cell(n=11),68.0,mon,132,280,50,43877,1546,16826,16826,,,34.8,0.8,16.8,0,8,0,0,1,0,0,0
SENSEX,W_1130_1245,SLP40,18,880.8,-836,-2836,44.4,-18440,-1.86,-1.86,0.0,0.001589,cell(n=11),68.0,mon,132,280,50,57970,1346,16826,16826,,,34.8,0.8,16.8,0,8,0,0,1,0,0,0
SENSEX,W_1130_1300,NOSTOP,18,880.8,188,-2929,50.0,-16680,-1.64,-1.64,0.0,0.001411,cell(n=11),84.6,cur,132,280,50,,,18419,18419,97.97,97.97,35.6,0.0,19.8,0,8,0,0,1,0,0,0
SENSEX,W_1130_1300,R1000,18,880.8,188,-2796,50.0,-12168,-1.76,-1.76,33.3,0.001411,cell(n=11),84.6,cur,132,280,50,9600,1168,9600,18419,51.06,97.97,36.4,18.9,21.1,0,8,0,0,1,0,0,0
SENSEX,W_1130_1300,R1500,18,880.8,188,-4048,50.0,-19480,-1.87,-1.87,27.8,0.001411,cell(n=11),84.6,cur,132,280,50,13600,1246,13600,18419,72.34,97.97,35.6,8.3,19.9,0,8,0,0,1,0,0,0
SENSEX,W_1130_1300,R2500,18,880.8,188,-3581,50.0,-23568,-1.73,-1.73,5.6,0.001411,cell(n=11),84.6,cur,132,280,50,21600,1522,18419,18419,97.97,97.97,35.6,1.5,19.9,0,8,0,0,1,0,0,0
SENSEX,W_1130_1300,R500,18,880.8,-1080,-2332,44.4,-9424,-1.82,-1.82,44.4,0.001411,cell(n=11),84.6,cur,132,280,50,5600,657,5600,10856,,,55.3,55.3,21.5,0,8,0,0,0,0,0,0
SENSEX,W_1130_1300,SLP10,18,880.8,188,-4252,50.0,-22392,-1.89,-1.89,22.2,0.001411,cell(n=11),84.6,cur,132,280,50,15692,1208,15692,18419,83.47,97.97,40.9,4.5,17.2,0,8,0,0,0,0,0,0
SENSEX,W_1130_1300,SLP15,18,880.8,188,-3581,50.0,-23568,-1.73,-1.73,5.6,0.001411,cell(n=11),84.6,cur,132,280,50,22739,1457,18419,18419,97.97,97.97,35.6,1.5,19.9,0,8,0,0,1,0,0,0
SENSEX,W_1130_1300,SLP20,18,880.8,188,-2929,50.0,-16680,-1.64,-1.64,0.0,0.001411,cell(n=11),84.6,cur,132,280,50,29785,1469,18419,18419,97.97,97.97,35.6,1.5,19.8,0,8,0,0,1,0,0,0
SENSEX,W_1130_1300,SLP25,18,880.8,188,-2929,50.0,-16680,-1.64,-1.64,0.0,0.001411,cell(n=11),84.6,cur,132,280,50,36831,1356,18419,18419,97.97,97.97,35.6,0.8,19.8,0,8,0,0,1,0,0,0
SENSEX,W_1130_1300,SLP30,18,880.8,188,-2929,50.0,-16680,-1.64,-1.64,0.0,0.001411,cell(n=11),84.6,cur,132,280,50,43877,1546,18419,18419,97.97,97.97,35.6,0.8,19.8,0,8,0,0,1,0,0,0
SENSEX,W_1130_1300,SLP40,18,880.8,188,-2929,50.0,-16680,-1.64,-1.64,0.0,0.001411,cell(n=11),84.6,cur,132,280,50,57970,1346,18419,18419,97.97,97.97,35.6,0.8,19.8,0,8,0,0,1,0,0,0
SENSEX,W_1130_1315,NOSTOP,18,880.8,-376,-3484,44.4,-22800,-1.7,-1.7,0.0,0.001284,cell(n=13),88.0,cur,132,280,50,,,17523,17523,,,37.1,0.0,20.3,0,7,0,0,1,0,0,0
SENSEX,W_1130_1315,R1000,18,880.8,-376,-2745,44.4,-12168,-1.71,-1.71,33.3,0.001284,cell(n=13),88.0,cur,132,280,50,9600,1168,9600,17523,,,37.9,21.2,20.5,0,7,0,0,1,0,0,0
SENSEX,W_1130_1315,R1500,18,880.8,-376,-3976,44.4,-19480,-1.82,-1.82,27.8,0.001284,cell(n=13),88.0,cur,132,280,50,13600,1246,13600,17523,,,37.1,6.1,19.3,0,7,0,0,1,0,0,0
SENSEX,W_1130_1315,R2500,18,880.8,-376,-3968,44.4,-24472,-1.74,-1.74,11.1,0.001284,cell(n=13),88.0,cur,132,280,50,21600,1522,17523,17523,,,37.1,3.0,20.3,0,7,0,0,1,0,0,0
SENSEX,W_1130_1315,R500,18,880.8,-1384,-2327,38.9,-9424,-1.81,-1.81,44.4,0.001284,cell(n=13),88.0,cur,132,280,50,5600,657,5600,10856,,,56.1,53.8,20.0,0,7,0,0,0,0,0,0
SENSEX,W_1130_1315,SLP10,18,880.8,-376,-4038,44.4,-22392,-1.81,-1.81,22.2,0.001284,cell(n=13),88.0,cur,132,280,50,15692,1208,15692,17523,,,37.1,5.3,20.0,0,7,0,0,1,0,0,0
SENSEX,W_1130_1315,SLP15,18,880.8,-376,-3749,44.4,-23568,-1.73,-1.73,11.1,0.001284,cell(n=13),88.0,cur,132,280,50,22739,1457,17523,17523,,,37.1,1.5,20.3,0,7,0,0,1,0,0,0
SENSEX,W_1130_1315,SLP20,18,880.8,-376,-3598,44.4,-24840,-1.7,-1.7,5.6,0.001284,cell(n=13),88.0,cur,132,280,50,29785,1469,17523,17523,,,37.1,1.5,20.3,0,7,0,0,1,0,0,0
SENSEX,W_1130_1315,SLP25,18,880.8,-376,-3484,44.4,-22800,-1.7,-1.7,0.0,0.001284,cell(n=13),88.0,cur,132,280,50,36831,1356,17523,17523,,,37.1,0.8,20.3,0,7,0,0,1,0,0,0
SENSEX,W_1130_1315,SLP30,18,880.8,-376,-3484,44.4,-22800,-1.7,-1.7,0.0,0.001284,cell(n=13),88.0,cur,132,280,50,43877,1546,17523,17523,,,37.1,0.8,20.3,0,7,0,0,1,0,0,0
SENSEX,W_1130_1315,SLP40,18,880.8,-376,-3484,44.4,-22800,-1.7,-1.7,0.0,0.001284,cell(n=13),88.0,cur,132,280,50,57970,1346,17523,17523,,,37.1,0.8,20.3,0,7,0,0,1,0,0,0
SENSEX,W_1130_1330,NOSTOP,18,880.8,460,-3269,50.0,-32976,-1.28,-1.28,0.0,0.001284,cell(n=13),93.4,cur,132,280,50,,,18500,18500,40.22,40.22,35.6,0.0,20.5,0,5,0,0,1,0,0,0
SENSEX,W_1130_1330,R1000,18,880.8,460,-2074,50.0,-12168,-1.21,-1.21,33.3,0.001284,cell(n=13),93.4,cur,132,280,50,9600,1168,9600,18500,20.87,40.22,35.6,25.8,23.9,0,5,0,0,1,0,0,0
SENSEX,W_1130_1330,R1500,18,880.8,460,-3396,50.0,-19480,-1.49,-1.49,27.8,0.001284,cell(n=13),93.4,cur,132,280,50,13600,1246,13600,18500,29.57,40.22,34.1,8.3,21.4,0,5,0,0,1,0,0,0
SENSEX,W_1130_1330,R2500,18,880.8,460,-3345,50.0,-24472,-1.35,-1.35,16.7,0.001284,cell(n=13),93.4,cur,132,280,50,21600,1522,18500,18500,40.22,40.22,33.3,3.0,22.2,0,5,0,0,1,0,0,0
SENSEX,W_1130_1330,R500,18,880.8,460,-1519,50.0,-9424,-1.06,-1.06,44.4,0.001284,cell(n=13),93.4,cur,132,280,50,5600,657,5600,10856,12.17,23.6,56.8,56.8,29.6,0,5,0,0,0,0,0,0
SENSEX,W_1130_1330,SLP10,18,880.8,460,-3429,50.0,-22392,-1.48,-1.48,22.2,0.001284,cell(n=13),93.4,cur,132,280,50,15692,1208,15692,18500,34.11,40.22,33.3,6.8,22.3,0,5,0,0,1,0,0,0
SENSEX,W_1130_1330,SLP15,18,880.8,460,-3786,50.0,-35016,-1.37,-1.37,16.7,0.001284,cell(n=13),93.4,cur,132,280,50,22739,1457,18500,18500,40.22,40.22,35.6,3.0,20.2,0,5,0,0,1,0,0,0
SENSEX,W_1130_1330,SLP20,18,880.8,460,-3377,50.0,-32976,-1.3,-1.3,5.6,0.001284,cell(n=13),93.4,cur,132,280,50,29785,1469,18500,18500,40.22,40.22,35.6,1.5,20.5,0,5,0,0,1,0,0,0
SENSEX,W_1130_1330,SLP25,18,880.8,460,-3269,50.0,-32976,-1.28,-1.28,0.0,0.001284,cell(n=13),93.4,cur,132,280,50,36831,1356,18500,18500,40.22,40.22,35.6,0.8,20.5,0,5,0,0,1,0,0,0
SENSEX,W_1130_1330,SLP30,18,880.8,460,-3269,50.0,-32976,-1.28,-1.28,0.0,0.001284,cell(n=13),93.4,cur,132,280,50,43877,1546,18500,18500,40.22,40.22,35.6,0.8,20.5,0,5,0,0,1,0,0,0
SENSEX,W_1130_1330,SLP40,18,880.8,460,-3269,50.0,-32976,-1.28,-1.28,0.0,0.001284,cell(n=13),93.4,cur,132,280,50,57970,1346,18500,18500,40.22,40.22,35.6,0.8,20.5,0,5,0,0,1,0,0,0
SENSEX,W_1145_1215,NOSTOP,18,887.9,-240,-904,44.4,-14816,-0.95,-0.95,0.0,0.000865,pooled(n=1202),41.6,mon,132,280,50,,,6714,6714,,,50.0,0.0,6.1,0,5,0,0,0,0,0,0
SENSEX,W_1145_1215,R1000,18,887.9,-240,-681,44.4,-10792,-0.88,-0.88,5.6,0.000865,pooled(n=1202),41.6,mon,132,280,50,9600,1168,6714,6714,,,51.5,0.8,6.0,0,5,0,0,0,0,0,0
SENSEX,W_1145_1215,R1500,18,887.9,-240,-1018,44.4,-16856,-0.97,-0.97,5.6,0.000865,pooled(n=1202),41.6,mon,132,280,50,13600,1246,6714,6714,,,50.0,0.8,6.1,0,5,0,0,0,0,0,0
SENSEX,W_1145_1215,R2500,18,887.9,-240,-904,44.4,-14816,-0.95,-0.95,0.0,0.000865,pooled(n=1202),41.6,mon,132,280,50,21600,1522,6714,6714,,,50.0,0.8,6.1,0,5,0,0,0,0,0,0
SENSEX,W_1145_1215,R500,18,887.9,-240,-1232,44.4,-10792,-1.28,-1.28,16.7,0.000865,pooled(n=1202),41.6,mon,132,280,50,5600,657,5600,6714,,,53.0,6.1,5.7,0,5,0,0,0,0,0,0
SENSEX,W_1145_1215,SLP10,18,887.9,-240,-904,44.4,-14816,-0.95,-0.95,0.0,0.000865,pooled(n=1202),41.6,mon,132,280,50,15806,1208,6714,6714,,,50.0,0.8,6.1,0,5,0,0,0,0,0,0
SENSEX,W_1145_1215,SLP15,18,887.9,-240,-904,44.4,-14816,-0.95,-0.95,0.0,0.000865,pooled(n=1202),41.6,mon,132,280,50,22910,1457,6714,6714,,,50.0,0.8,6.1,0,5,0,0,0,0,0,0
SENSEX,W_1145_1215,SLP20,18,887.9,-240,-904,44.4,-14816,-0.95,-0.95,0.0,0.000865,pooled(n=1202),41.6,mon,132,280,50,30013,1469,6714,6714,,,50.0,0.8,6.1,0,5,0,0,0,0,0,0
SENSEX,W_1145_1215,SLP25,18,887.9,-240,-904,44.4,-14816,-0.95,-0.95,0.0,0.000865,pooled(n=1202),41.6,mon,132,280,50,37116,1356,6714,6714,,,50.0,0.0,6.1,0,5,0,0,0,0,0,0
SENSEX,W_1145_1215,SLP30,18,887.9,-240,-904,44.4,-14816,-0.95,-0.95,0.0,0.000865,pooled(n=1202),41.6,mon,132,280,50,44219,1546,6714,6714,,,50.0,0.0,6.1,0,5,0,0,0,0,0,0
SENSEX,W_1145_1215,SLP40,18,887.9,-240,-904,44.4,-14816,-0.95,-0.95,0.0,0.000865,pooled(n=1202),41.6,mon,132,280,50,58426,1346,6714,6714,,,50.0,0.0,6.1,0,5,0,0,0,0,0,0
SENSEX,W_1145_1230,NOSTOP,18,887.9,240,-970,50.0,-11216,-1.14,-1.14,0.0,0.000951,cell(n=8),48.5,mon,132,280,50,,,8155,8155,33.98,33.98,37.1,0.0,12.0,0,7,0,0,1,0,0,0
SENSEX,W_1145_1230,R1000,18,887.9,240,-947,50.0,-10792,-1.13,-1.13,5.6,0.000951,cell(n=8),48.5,mon,132,280,50,9600,1168,8155,8155,33.98,33.98,37.1,3.0,12.0,0,7,0,0,1,0,0,0
SENSEX,W_1145_1230,R1500,18,887.9,240,-1284,50.0,-16856,-1.17,-1.17,5.6,0.000951,cell(n=8),48.5,mon,132,280,50,13600,1246,8155,8155,33.98,33.98,37.1,1.5,12.0,0,7,0,0,1,0,0,0
SENSEX,W_1145_1230,R2500,18,887.9,240,-970,50.0,-11216,-1.14,-1.14,0.0,0.000951,cell(n=8),48.5,mon,132,280,50,21600,1522,8155,8155,33.98,33.98,37.1,0.8,12.0,0,7,0,0,1,0,0,0
SENSEX,W_1145_1230,R500,18,887.9,240,-1312,50.0,-10792,-1.34,-1.34,16.7,0.000951,cell(n=8),48.5,mon,132,280,50,5600,657,5600,8155,23.33,33.98,38.6,13.6,12.0,0,7,0,0,1,0,0,0
SENSEX,W_1145_1230,SLP10,18,887.9,240,-970,50.0,-11216,-1.14,-1.14,0.0,0.000951,cell(n=8),48.5,mon,132,280,50,15806,1208,8155,8155,33.98,33.98,37.1,1.5,12.0,0,7,0,0,1,0,0,0
SENSEX,W_1145_1230,SLP15,18,887.9,240,-970,50.0,-11216,-1.14,-1.14,0.0,0.000951,cell(n=8),48.5,mon,132,280,50,22910,1457,8155,8155,33.98,33.98,37.1,0.8,12.0,0,7,0,0,1,0,0,0
SENSEX,W_1145_1230,SLP20,18,887.9,240,-970,50.0,-11216,-1.14,-1.14,0.0,0.000951,cell(n=8),48.5,mon,132,280,50,30013,1469,8155,8155,33.98,33.98,37.1,0.8,12.0,0,7,0,0,1,0,0,0
SENSEX,W_1145_1230,SLP25,18,887.9,240,-970,50.0,-11216,-1.14,-1.14,0.0,0.000951,cell(n=8),48.5,mon,132,280,50,37116,1356,8155,8155,33.98,33.98,37.1,0.8,12.0,0,7,0,0,1,0,0,0
SENSEX,W_1145_1230,SLP30,18,887.9,240,-970,50.0,-11216,-1.14,-1.14,0.0,0.000951,cell(n=8),48.5,mon,132,280,50,44219,1546,8155,8155,33.98,33.98,37.1,0.8,12.0,0,7,0,0,1,0,0,0
SENSEX,W_1145_1230,SLP40,18,887.9,240,-970,50.0,-11216,-1.14,-1.14,0.0,0.000951,cell(n=8),48.5,mon,132,280,50,58426,1346,8155,8155,33.98,33.98,37.1,0.0,12.0,0,7,0,0,1,0,0,0
SENSEX,W_1145_1245,NOSTOP,18,887.9,236,-2139,55.6,-19848,-1.5,-1.5,0.0,0.000874,cell(n=9),56.5,mon,132,280,50,,,8616,8616,36.51,36.51,40.2,0.0,13.3,0,8,0,0,0,0,0,0
SENSEX,W_1145_1245,R1000,18,887.9,236,-2145,55.6,-13656,-1.63,-1.63,22.2,0.000874,cell(n=9),56.5,mon,132,280,50,9600,1168,8616,8616,36.51,36.51,33.3,3.0,17.3,0,8,0,0,1,0,0,0
SENSEX,W_1145_1245,R1500,18,887.9,236,-2392,55.6,-16856,-1.62,-1.62,11.1,0.000874,cell(n=9),56.5,mon,132,280,50,13600,1246,8616,8616,36.51,36.51,37.1,2.3,14.4,0,8,0,0,1,0,0,0
SENSEX,W_1145_1245,R2500,18,887.9,236,-2139,55.6,-19848,-1.5,-1.5,0.0,0.000874,cell(n=9),56.5,mon,132,280,50,21600,1522,8616,8616,36.51,36.51,40.2,0.8,13.3,0,8,0,0,0,0,0,0
SENSEX,W_1145_1245,R500,18,887.9,236,-1785,55.6,-10792,-1.55,-1.55,27.8,0.000874,cell(n=9),56.5,mon,132,280,50,5600,657,5600,8616,23.73,36.51,33.3,18.2,17.6,0,8,0,0,1,0,0,0
SENSEX,W_1145_1245,SLP10,18,887.9,236,-2276,55.6,-22328,-1.49,-1.49,5.6,0.000874,cell(n=9),56.5,mon,132,280,50,15806,1208,8616,8616,36.51,36.51,40.2,1.5,13.2,0,8,0,0,0,0,0,0
SENSEX,W_1145_1245,SLP15,18,887.9,236,-2139,55.6,-19848,-1.5,-1.5,0.0,0.000874,cell(n=9),56.5,mon,132,280,50,22910,1457,8616,8616,36.51,36.51,40.2,0.8,13.3,0,8,0,0,0,0,0,0
SENSEX,W_1145_1245,SLP20,18,887.9,236,-2139,55.6,-19848,-1.5,-1.5,0.0,0.000874,cell(n=9),56.5,mon,132,280,50,30013,1469,8616,8616,36.51,36.51,40.2,0.8,13.3,0,8,0,0,0,0,0,0
SENSEX,W_1145_1245,SLP25,18,887.9,236,-2139,55.6,-19848,-1.5,-1.5,0.0,0.000874,cell(n=9),56.5,mon,132,280,50,37116,1356,8616,8616,36.51,36.51,40.2,0.8,13.3,0,8,0,0,0,0,0,0
SENSEX,W_1145_1245,SLP30,18,887.9,236,-2139,55.6,-19848,-1.5,-1.5,0.0,0.000874,cell(n=9),56.5,mon,132,280,50,44219,1546,8616,8616,36.51,36.51,40.2,0.8,13.3,0,8,0,0,0,0,0,0
SENSEX,W_1145_1245,SLP40,18,887.9,236,-2139,55.6,-19848,-1.5,-1.5,0.0,0.000874,cell(n=9),56.5,mon,132,280,50,58426,1346,8616,8616,36.51,36.51,40.2,0.0,13.3,0,8,0,0,0,0,0,0
SENSEX,W_1145_1300,NOSTOP,18,887.9,148,-2245,55.6,-16840,-1.44,-1.44,0.0,0.000874,cell(n=11),69.0,mon,132,280,50,,,10168,10168,68.7,68.7,41.7,0.0,15.2,0,8,0,0,0,0,0,0
SENSEX,W_1145_1300,R1000,18,887.9,148,-2347,55.6,-13656,-1.59,-1.59,27.8,0.000874,cell(n=11),69.0,mon,132,280,50,9600,1168,9600,10168,64.86,68.7,32.6,3.8,18.6,0,8,0,0,1,0,0,0
SENSEX,W_1145_1300,R1500,18,887.9,148,-3346,55.6,-18552,-1.73,-1.73,22.2,0.000874,cell(n=11),69.0,mon,132,280,50,13600,1246,10168,10168,68.7,68.7,42.4,2.3,14.7,0,8,0,0,0,0,0,0
SENSEX,W_1145_1300,R2500,18,887.9,148,-2632,55.6,-23800,-1.46,-1.46,5.6,0.000874,cell(n=11),69.0,mon,132,280,50,21600,1522,10168,10168,68.7,68.7,47.7,0.8,14.0,0,8,0,0,0,0,0,0
SENSEX,W_1145_1300,R500,18,887.9,-236,-2540,50.0,-10792,-1.87,-1.87,38.9,0.000874,cell(n=11),69.0,mon,132,280,50,5600,657,5600,10168,,,35.6,24.2,18.4,0,8,0,0,1,0,0,0
SENSEX,W_1145_1300,SLP10,18,887.9,148,-3161,55.6,-22328,-1.6,-1.6,16.7,0.000874,cell(n=11),69.0,mon,132,280,50,15806,1208,10168,10168,68.7,68.7,49.2,1.5,13.6,0,8,0,0,0,0,0,0
SENSEX,W_1145_1300,SLP15,18,887.9,148,-2245,55.6,-16840,-1.44,-1.44,0.0,0.000874,cell(n=11),69.0,mon,132,280,50,22910,1457,10168,10168,68.7,68.7,41.7,0.8,15.2,0,8,0,0,0,0,0,0
SENSEX,W_1145_1300,SLP20,18,887.9,148,-2245,55.6,-16840,-1.44,-1.44,0.0,0.000874,cell(n=11),69.0,mon,132,280,50,30013,1469,10168,10168,68.7,68.7,41.7,0.8,15.2,0,8,0,0,0,0,0,0
SENSEX,W_1145_1300,SLP25,18,887.9,148,-2245,55.6,-16840,-1.44,-1.44,0.0,0.000874,cell(n=11),69.0,mon,132,280,50,37116,1356,10168,10168,68.7,68.7,41.7,0.8,15.2,0,8,0,0,0,0,0,0
SENSEX,W_1145_1300,SLP30,18,887.9,148,-2245,55.6,-16840,-1.44,-1.44,0.0,0.000874,cell(n=11),69.0,mon,132,280,50,44219,1546,10168,10168,68.7,68.7,41.7,0.8,15.2,0,8,0,0,0,0,0,0
SENSEX,W_1145_1300,SLP40,18,887.9,148,-2245,55.6,-16840,-1.44,-1.44,0.0,0.000874,cell(n=11),69.0,mon,132,280,50,58426,1346,10168,10168,68.7,68.7,41.7,0.0,15.2,0,8,0,0,0,0,0,0
SENSEX,W_1145_1315,NOSTOP,18,887.9,604,-2759,50.0,-22712,-1.48,-1.48,0.0,0.000795,cell(n=11),75.5,mon,132,280,50,,,10129,10129,16.77,16.77,37.9,0.0,18.5,0,8,0,0,1,0,0,0
SENSEX,W_1145_1315,R1000,18,887.9,604,-2136,50.0,-13656,-1.44,-1.44,27.8,0.000795,cell(n=11),75.5,mon,132,280,50,9600,1168,9600,10129,15.89,16.77,37.9,3.8,19.3,0,8,0,0,1,0,0,0
SENSEX,W_1145_1315,R1500,18,887.9,604,-3196,50.0,-18552,-1.63,-1.63,22.2,0.000795,cell(n=11),75.5,mon,132,280,50,13600,1246,10129,10129,16.77,16.77,37.9,2.3,17.9,0,8,0,0,1,0,0,0
SENSEX,W_1145_1315,R2500,18,887.9,604,-3221,50.0,-24384,-1.53,-1.53,11.1,0.000795,cell(n=11),75.5,mon,132,280,50,21600,1522,10129,10129,16.77,16.77,37.9,0.8,17.7,0,8,0,0,1,0,0,0
SENSEX,W_1145_1315,R500,18,887.9,-368,-2528,44.4,-10792,-1.85,-1.85,38.9,0.000795,cell(n=11),75.5,mon,132,280,50,5600,657,5600,10129,,,42.4,24.2,16.2,0,8,0,0,0,0,0,0
SENSEX,W_1145_1315,SLP10,18,887.9,604,-3168,50.0,-22328,-1.57,-1.57,16.7,0.000795,cell(n=11),75.5,mon,132,280,50,15806,1208,10129,10129,16.77,16.77,37.9,1.5,17.3,0,8,0,0,1,0,0,0
SENSEX,W_1145_1315,SLP15,18,887.9,604,-2633,50.0,-20440,-1.48,-1.48,5.6,0.000795,cell(n=11),75.5,mon,132,280,50,22910,1457,10129,10129,16.77,16.77,37.9,0.8,18.5,0,8,0,0,1,0,0,0
SENSEX,W_1145_1315,SLP20,18,887.9,604,-2872,50.0,-24752,-1.49,-1.49,5.6,0.000795,cell(n=11),75.5,mon,132,280,50,30013,1469,10129,10129,16.77,16.77,37.9,0.8,18.5,0,8,0,0,1,0,0,0
SENSEX,W_1145_1315,SLP25,18,887.9,604,-2759,50.0,-22712,-1.48,-1.48,0.0,0.000795,cell(n=11),75.5,mon,132,280,50,37116,1356,10129,10129,16.77,16.77,37.9,0.8,18.5,0,8,0,0,1,0,0,0
SENSEX,W_1145_1315,SLP30,18,887.9,604,-2759,50.0,-22712,-1.48,-1.48,0.0,0.000795,cell(n=11),75.5,mon,132,280,50,44219,1546,10129,10129,16.77,16.77,37.9,0.0,18.5,0,8,0,0,1,0,0,0
SENSEX,W_1145_1315,SLP40,18,887.9,604,-2759,50.0,-22712,-1.48,-1.48,0.0,0.000795,cell(n=11),75.5,mon,132,280,50,58426,1346,10129,10129,16.77,16.77,37.9,0.0,18.5,0,8,0,0,1,0,0,0
SENSEX,W_1145_1330,NOSTOP,18,887.9,304,-2592,55.6,-34384,-1.05,-1.05,0.0,0.000795,cell(n=11),95.9,cur,132,280,50,,,12433,12433,40.9,40.9,34.8,0.0,21.2,0,7,0,0,1,0,0,0
SENSEX,W_1145_1330,R1000,18,887.9,304,-1593,55.6,-13656,-1.0,-1.0,27.8,0.000795,cell(n=11),95.9,cur,132,280,50,9600,1168,9600,12433,31.58,40.9,25.0,6.8,26.3,0,7,0,0,1,0,0,0
SENSEX,W_1145_1330,R1500,18,887.9,304,-2560,55.6,-18552,-1.25,-1.25,22.2,0.000795,cell(n=11),95.9,cur,132,280,50,13600,1246,12433,12433,40.9,40.9,30.3,3.0,23.6,0,7,0,0,1,0,0,0
SENSEX,W_1145_1330,R2500,18,887.9,304,-2092,55.6,-24384,-0.99,-0.99,11.1,0.000795,cell(n=11),95.9,cur,132,280,50,21600,1522,12433,12433,40.9,40.9,33.3,0.8,22.0,0,7,0,0,1,0,0,0
SENSEX,W_1145_1330,R500,18,887.9,304,-1799,55.6,-10792,-1.19,-1.19,38.9,0.000795,cell(n=11),95.9,cur,132,280,50,5600,657,5600,10856,18.42,35.71,34.1,29.5,24.0,0,7,0,0,1,0,0,0
SENSEX,W_1145_1330,SLP10,18,887.9,304,-2463,55.6,-22328,-1.18,-1.18,16.7,0.000795,cell(n=11),95.9,cur,132,280,50,15806,1208,12433,12433,40.9,40.9,33.3,1.5,22.2,0,7,0,0,1,0,0,0
SENSEX,W_1145_1330,SLP15,18,887.9,304,-2321,55.6,-31872,-1.01,-1.01,11.1,0.000795,cell(n=11),95.9,cur,132,280,50,22910,1457,12433,12433,40.9,40.9,34.1,0.8,21.5,0,7,0,0,1,0,0,0
SENSEX,W_1145_1330,SLP20,18,887.9,304,-2700,55.6,-34384,-1.07,-1.07,5.6,0.000795,cell(n=11),95.9,cur,132,280,50,30013,1469,12433,12433,40.9,40.9,34.8,0.8,21.2,0,7,0,0,1,0,0,0
SENSEX,W_1145_1330,SLP25,18,887.9,304,-2592,55.6,-34384,-1.05,-1.05,0.0,0.000795,cell(n=11),95.9,cur,132,280,50,37116,1356,12433,12433,40.9,40.9,34.8,0.8,21.2,0,7,0,0,1,0,0,0
SENSEX,W_1145_1330,SLP30,18,887.9,304,-2592,55.6,-34384,-1.05,-1.05,0.0,0.000795,cell(n=11),95.9,cur,132,280,50,44219,1546,12433,12433,40.9,40.9,34.8,0.0,21.2,0,7,0,0,1,0,0,0
SENSEX,W_1145_1330,SLP40,18,887.9,304,-2592,55.6,-34384,-1.05,-1.05,0.0,0.000795,cell(n=11),95.9,cur,132,280,50,58426,1346,12433,12433,40.9,40.9,34.8,0.0,21.2,0,7,0,0,1,0,0,0
SENSEX,W_1145_1345,NOSTOP,18,887.9,1472,-1569,61.1,-22208,-0.77,-0.77,0.0,0.000795,cell(n=11),95.9,cur,132,280,50,,,12433,12433,8.45,8.45,33.3,0.0,25.8,0,5,1,0,1,0,0,0
SENSEX,W_1145_1345,R1000,18,887.9,1472,-1167,61.1,-13656,-0.7,-0.7,27.8,0.000795,cell(n=11),95.9,cur,132,280,50,9600,1168,9600,12433,6.52,8.45,27.3,6.8,28.3,1,5,1,0,1,0,0,0
SENSEX,W_1145_1345,R1500,18,887.9,1472,-2132,61.1,-18552,-1.01,-1.01,22.2,0.000795,cell(n=11),95.9,cur,132,280,50,13600,1246,12433,12433,8.45,8.45,33.3,3.8,25.2,0,5,1,0,1,0,0,0
SENSEX,W_1145_1345,R2500,18,887.9,1472,-1849,61.1,-24384,-0.84,-0.84,11.1,0.000795,cell(n=11),95.9,cur,132,280,50,21600,1522,12433,12433,8.45,8.45,33.3,0.8,24.9,0,5,1,0,1,0,0,0
SENSEX,W_1145_1345,R500,18,887.9,1080,-1559,55.6,-10792,-0.98,-0.98,38.9,0.000795,cell(n=11),95.9,cur,132,280,50,5600,657,5600,10856,5.19,10.05,37.1,31.8,25.1,0,5,0,0,1,0,0,0
SENSEX,W_1145_1345,SLP10,18,887.9,1472,-2054,61.1,-22328,-0.95,-0.95,16.7,0.000795,cell(n=11),95.9,cur,132,280,50,15806,1208,12433,12433,8.45,8.45,33.3,2.3,24.9,0,5,1,0,1,0,0,0
SENSEX,W_1145_1345,SLP15,18,887.9,1472,-2078,61.1,-31872,-0.87,-0.87,11.1,0.000795,cell(n=11),95.9,cur,132,280,50,22910,1457,12433,12433,8.45,8.45,34.8,0.8,23.9,0,5,1,0,1,0,0,0
SENSEX,W_1145_1345,SLP20,18,887.9,1472,-1710,61.1,-24752,-0.81,-0.81,5.6,0.000795,cell(n=11),95.9,cur,132,280,50,30013,1469,12433,12433,8.45,8.45,33.3,0.8,25.8,0,5,1,0,1,0,0,0
SENSEX,W_1145_1345,SLP25,18,887.9,1472,-1569,61.1,-22208,-0.77,-0.77,0.0,0.000795,cell(n=11),95.9,cur,132,280,50,37116,1356,12433,12433,8.45,8.45,33.3,0.8,25.8,0,5,1,0,1,0,0,0
SENSEX,W_1145_1345,SLP30,18,887.9,1472,-1569,61.1,-22208,-0.77,-0.77,0.0,0.000795,cell(n=11),95.9,cur,132,280,50,44219,1546,12433,12433,8.45,8.45,33.3,0.0,25.8,0,5,1,0,1,0,0,0
SENSEX,W_1145_1345,SLP40,18,887.9,1472,-1569,61.1,-22208,-0.77,-0.77,0.0,0.000795,cell(n=11),95.9,cur,132,280,50,58426,1346,12433,12433,8.45,8.45,33.3,0.0,25.8,0,5,1,0,1,0,0,0
SENSEX,W_1200_1230,NOSTOP,18,892.2,-652,-2003,38.9,-11840,-2.2,-2.2,0.0,0.000865,pooled(n=1202),43.5,cur,132,280,50,,,6973,6973,,,54.5,0.0,6.6,0,5,0,0,0,0,0,0
SENSEX,W_1200_1230,R1000,18,892.2,-652,-2296,38.9,-11416,-2.25,-2.25,16.7,0.000865,pooled(n=1202),43.5,cur,132,280,50,9600,1168,6973,6973,,,54.5,2.3,6.6,0,5,0,0,0,0,0,0
SENSEX,W_1200_1230,R1500,18,892.2,-652,-2316,38.9,-17480,-2.04,-2.04,5.6,0.000865,pooled(n=1202),43.5,cur,132,280,50,13600,1246,6973,6973,,,54.5,1.5,6.6,0,5,0,0,0,0,0,0
SENSEX,W_1200_1230,R2500,18,892.2,-652,-2003,38.9,-11840,-2.2,-2.2,0.0,0.000865,pooled(n=1202),43.5,cur,132,280,50,21600,1522,6973,6973,,,54.5,0.8,6.6,0,5,0,0,0,0,0,0
SENSEX,W_1200_1230,R500,18,892.2,-652,-2237,38.9,-11416,-2.29,-2.29,22.2,0.000865,pooled(n=1202),43.5,cur,132,280,50,5600,657,5600,6973,,,55.3,6.8,6.6,0,5,0,0,0,0,0,0
SENSEX,W_1200_1230,SLP10,18,892.2,-652,-2003,38.9,-11840,-2.2,-2.2,0.0,0.000865,pooled(n=1202),43.5,cur,132,280,50,15874,1208,6973,6973,,,54.5,1.5,6.6,0,5,0,0,0,0,0,0
SENSEX,W_1200_1230,SLP15,18,892.2,-652,-2003,38.9,-11840,-2.2,-2.2,0.0,0.000865,pooled(n=1202),43.5,cur,132,280,50,23012,1457,6973,6973,,,54.5,0.8,6.6,0,5,0,0,0,0,0,0
SENSEX,W_1200_1230,SLP20,18,892.2,-652,-2003,38.9,-11840,-2.2,-2.2,0.0,0.000865,pooled(n=1202),43.5,cur,132,280,50,30149,1469,6973,6973,,,54.5,0.8,6.6,0,5,0,0,0,0,0,0
SENSEX,W_1200_1230,SLP25,18,892.2,-652,-2003,38.9,-11840,-2.2,-2.2,0.0,0.000865,pooled(n=1202),43.5,cur,132,280,50,37286,1356,6973,6973,,,54.5,0.0,6.6,0,5,0,0,0,0,0,0
SENSEX,W_1200_1230,SLP30,18,892.2,-652,-2003,38.9,-11840,-2.2,-2.2,0.0,0.000865,pooled(n=1202),43.5,cur,132,280,50,44423,1546,6973,6973,,,54.5,0.0,6.6,0,5,0,0,0,0,0,0
SENSEX,W_1200_1230,SLP40,18,892.2,-652,-2003,38.9,-11840,-2.2,-2.2,0.0,0.000865,pooled(n=1202),43.5,cur,132,280,50,58698,1346,6973,6973,,,54.5,0.0,6.6,0,5,0,0,0,0,0,0
SENSEX,W_1200_1245,NOSTOP,18,892.2,-1308,-3226,44.4,-20472,-2.11,-2.11,0.0,0.000865,pooled(n=1202),52.1,mon,132,280,50,,,8036,8036,,,44.7,0.0,10.3,0,7,0,0,0,0,0,0
SENSEX,W_1200_1245,R1000,18,892.2,-1308,-2785,44.4,-12232,-2.27,-2.27,22.2,0.000865,pooled(n=1202),52.1,mon,132,280,50,9600,1168,8036,8036,,,41.7,2.3,11.5,0,7,0,0,0,0,0,0
SENSEX,W_1200_1245,R1500,18,892.2,-1308,-3098,44.4,-17480,-2.15,-2.15,11.1,0.000865,pooled(n=1202),52.1,mon,132,280,50,13600,1246,8036,8036,,,43.9,1.5,10.5,0,7,0,0,0,0,0,0
SENSEX,W_1200_1245,R2500,18,892.2,-1308,-3364,44.4,-22952,-2.08,-2.08,5.6,0.000865,pooled(n=1202),52.1,mon,132,280,50,21600,1522,8036,8036,,,45.5,0.8,10.0,0,7,0,0,0,0,0,0
SENSEX,W_1200_1245,R500,18,892.2,-1308,-2794,44.4,-11416,-2.46,-2.46,33.3,0.000865,pooled(n=1202),52.1,mon,132,280,50,5600,657,5600,8036,,,42.4,14.4,11.5,0,7,0,0,0,0,0,0
SENSEX,W_1200_1245,SLP10,18,892.2,-1308,-3364,44.4,-22952,-2.08,-2.08,5.6,0.000865,pooled(n=1202),52.1,mon,132,280,50,15874,1208,8036,8036,,,45.5,1.5,10.0,0,7,0,0,0,0,0,0
SENSEX,W_1200_1245,SLP15,18,892.2,-1308,-3226,44.4,-20472,-2.11,-2.11,0.0,0.000865,pooled(n=1202),52.1,mon,132,280,50,23012,1457,8036,8036,,,44.7,0.8,10.3,0,7,0,0,0,0,0,0
SENSEX,W_1200_1245,SLP20,18,892.2,-1308,-3226,44.4,-20472,-2.11,-2.11,0.0,0.000865,pooled(n=1202),52.1,mon,132,280,50,30149,1469,8036,8036,,,44.7,0.8,10.3,0,7,0,0,0,0,0,0
SENSEX,W_1200_1245,SLP25,18,892.2,-1308,-3226,44.4,-20472,-2.11,-2.11,0.0,0.000865,pooled(n=1202),52.1,mon,132,280,50,37286,1356,8036,8036,,,44.7,0.0,10.3,0,7,0,0,0,0,0,0
SENSEX,W_1200_1245,SLP30,18,892.2,-1308,-3226,44.4,-20472,-2.11,-2.11,0.0,0.000865,pooled(n=1202),52.1,mon,132,280,50,44423,1546,8036,8036,,,44.7,0.0,10.3,0,7,0,0,0,0,0,0
SENSEX,W_1200_1245,SLP40,18,892.2,-1308,-3226,44.4,-20472,-2.11,-2.11,0.0,0.000865,pooled(n=1202),52.1,mon,132,280,50,58698,1346,8036,8036,,,44.7,0.0,10.3,0,7,0,0,0,0,0,0
SENSEX,W_1200_1300,NOSTOP,18,892.2,516,-3265,50.0,-24336,-1.74,-1.74,0.0,0.001832,cell(n=9),59.6,mon,132,280,50,,,17186,17186,33.31,33.31,54.5,0.0,9.6,0,8,0,0,0,0,0,0
SENSEX,W_1200_1300,R1000,18,892.2,516,-2741,50.0,-14888,-1.83,-1.83,27.8,0.001832,cell(n=9),59.6,mon,132,280,50,9600,1168,9600,17186,18.6,33.31,49.2,23.5,10.9,0,8,0,0,0,0,0,0
SENSEX,W_1200_1300,R1500,18,892.2,516,-3404,50.0,-19856,-1.84,-1.84,22.2,0.001832,cell(n=9),59.6,mon,132,280,50,13600,1246,13600,17186,26.36,33.31,54.5,7.6,9.6,0,8,0,0,0,0,0,0
SENSEX,W_1200_1300,R2500,18,892.2,516,-3731,50.0,-27224,-1.75,-1.75,11.1,0.001832,cell(n=9),59.6,mon,132,280,50,21600,1522,17186,17186,33.31,33.31,54.5,3.0,9.8,0,8,0,0,0,0,0,0
SENSEX,W_1200_1300,R500,18,892.2,-3488,-3274,44.4,-11416,-2.46,-2.46,50.0,0.001832,cell(n=9),59.6,mon,132,280,50,5600,657,5600,10856,,,59.8,59.1,11.1,0,8,0,0,0,0,0,0
SENSEX,W_1200_1300,SLP10,18,892.2,516,-4376,50.0,-27224,-1.89,-1.89,22.2,0.001832,cell(n=9),59.6,mon,132,280,50,15874,1208,15874,17186,30.76,33.31,54.5,6.1,9.8,0,8,0,0,0,0,0,0
SENSEX,W_1200_1300,SLP15,18,892.2,516,-3265,50.0,-24336,-1.74,-1.74,0.0,0.001832,cell(n=9),59.6,mon,132,280,50,23012,1457,17186,17186,33.31,33.31,54.5,2.3,9.6,0,8,0,0,0,0,0,0
SENSEX,W_1200_1300,SLP20,18,892.2,516,-3265,50.0,-24336,-1.74,-1.74,0.0,0.001832,cell(n=9),59.6,mon,132,280,50,30149,1469,17186,17186,33.31,33.31,54.5,1.5,9.6,0,8,0,0,0,0,0,0
SENSEX,W_1200_1300,SLP25,18,892.2,516,-3265,50.0,-24336,-1.74,-1.74,0.0,0.001832,cell(n=9),59.6,mon,132,280,50,37286,1356,17186,17186,33.31,33.31,54.5,0.8,9.6,0,8,0,0,0,0,0,0
SENSEX,W_1200_1300,SLP30,18,892.2,516,-3265,50.0,-24336,-1.74,-1.74,0.0,0.001832,cell(n=9),59.6,mon,132,280,50,44423,1546,17186,17186,33.31,33.31,54.5,0.8,9.6,0,8,0,0,0,0,0,0
SENSEX,W_1200_1300,SLP40,18,892.2,516,-3265,50.0,-24336,-1.74,-1.74,0.0,0.001832,cell(n=9),59.6,mon,132,280,50,58698,1346,17186,17186,33.31,33.31,54.5,0.8,9.6,0,8,0,0,0,0,0,0
SENSEX,W_1200_1315,NOSTOP,18,892.2,1008,-3416,55.6,-21344,-1.7,-1.7,0.0,0.001832,cell(n=9),83.1,cur,132,280,50,,,23332,23332,23.15,23.15,47.0,0.0,13.0,0,8,0,0,0,0,0,0
SENSEX,W_1200_1315,R1000,18,892.2,1008,-2409,55.6,-14888,-1.56,-1.56,27.8,0.001832,cell(n=9),83.1,cur,132,280,50,9600,1168,9600,18944,9.52,18.79,38.6,30.3,17.1,0,8,0,0,1,0,0,0
SENSEX,W_1200_1315,R1500,18,892.2,1008,-3230,55.6,-19856,-1.69,-1.69,22.2,0.001832,cell(n=9),83.1,cur,132,280,50,13600,1246,13600,23332,13.49,23.15,40.2,9.8,14.1,0,8,0,0,0,0,0,0
SENSEX,W_1200_1315,R2500,18,892.2,1008,-4030,55.6,-27224,-1.74,-1.74,11.1,0.001832,cell(n=9),83.1,cur,132,280,50,21600,1522,21600,23332,21.43,23.15,52.3,4.5,11.9,0,8,0,0,0,0,0,0
SENSEX,W_1200_1315,R500,18,892.2,-3724,-3228,44.4,-11416,-2.4,-2.4,50.0,0.001832,cell(n=9),83.1,cur,132,280,50,5600,657,5600,10856,,,65.9,65.2,13.2,0,8,0,0,0,0,0,0
SENSEX,W_1200_1315,SLP10,18,892.2,1008,-4202,55.6,-27224,-1.77,-1.77,22.2,0.001832,cell(n=9),83.1,cur,132,280,50,15874,1208,15874,23332,15.75,23.15,53.8,6.8,11.7,0,8,0,0,0,0,0,0
SENSEX,W_1200_1315,SLP15,18,892.2,1008,-3492,55.6,-21344,-1.71,-1.71,5.6,0.001832,cell(n=9),83.1,cur,132,280,50,23012,1457,23012,23332,22.83,23.15,47.0,4.5,13.0,0,8,0,0,0,0,0,0
SENSEX,W_1200_1315,SLP20,18,892.2,1008,-3416,55.6,-21344,-1.7,-1.7,0.0,0.001832,cell(n=9),83.1,cur,132,280,50,30149,1469,23332,23332,23.15,23.15,47.0,2.3,13.0,0,8,0,0,0,0,0,0
SENSEX,W_1200_1315,SLP25,18,892.2,1008,-3416,55.6,-21344,-1.7,-1.7,0.0,0.001832,cell(n=9),83.1,cur,132,280,50,37286,1356,23332,23332,23.15,23.15,47.0,0.8,13.0,0,8,0,0,0,0,0,0
SENSEX,W_1200_1315,SLP30,18,892.2,1008,-3416,55.6,-21344,-1.7,-1.7,0.0,0.001832,cell(n=9),83.1,cur,132,280,50,44423,1546,23332,23332,23.15,23.15,47.0,0.8,13.0,0,8,0,0,0,0,0,0
SENSEX,W_1200_1315,SLP40,18,892.2,1008,-3416,55.6,-21344,-1.7,-1.7,0.0,0.001832,cell(n=9),83.1,cur,132,280,50,58698,1346,23332,23332,23.15,23.15,47.0,0.8,13.0,0,8,0,0,0,0,0,0
SENSEX,W_1200_1330,NOSTOP,18,892.2,1040,-3386,50.0,-35008,-1.32,-1.32,0.0,0.001832,cell(n=9),90.4,cur,132,280,50,,,25241,25241,24.27,24.27,39.4,0.0,15.9,0,8,0,0,1,0,0,0
SENSEX,W_1200_1330,R1000,18,892.2,1040,-1943,50.0,-14888,-1.18,-1.18,27.8,0.001832,cell(n=9),90.4,cur,132,280,50,9600,1168,9600,18944,9.23,18.22,37.1,34.1,21.0,0,8,0,0,1,0,0,0
SENSEX,W_1200_1330,R1500,18,892.2,1040,-2695,50.0,-19856,-1.35,-1.35,22.2,0.001832,cell(n=9),90.4,cur,132,280,50,13600,1246,13600,23568,13.08,22.66,33.3,12.9,19.7,0,8,0,0,1,0,0,0
SENSEX,W_1200_1330,R2500,18,892.2,1040,-3047,50.0,-27224,-1.31,-1.31,11.1,0.001832,cell(n=9),90.4,cur,132,280,50,21600,1522,21600,25241,20.77,24.27,37.1,6.8,17.9,0,8,0,0,1,0,0,0
SENSEX,W_1200_1330,R500,18,892.2,-3476,-2609,44.4,-11416,-1.75,-1.75,50.0,0.001832,cell(n=9),90.4,cur,132,280,50,5600,657,5600,10856,,,68.9,68.9,24.0,0,8,0,0,0,0,0,0
SENSEX,W_1200_1330,SLP10,18,892.2,1040,-3667,50.0,-27224,-1.5,-1.5,22.2,0.001832,cell(n=9),90.4,cur,132,280,50,15874,1208,15874,25241,15.26,24.27,37.9,9.1,18.0,0,8,0,0,1,0,0,0
SENSEX,W_1200_1330,SLP15,18,892.2,1040,-3346,50.0,-32496,-1.34,-1.34,11.1,0.001832,cell(n=9),90.4,cur,132,280,50,23012,1457,23012,25241,22.13,24.27,40.2,6.1,15.7,0,8,0,0,0,0,0,0
SENSEX,W_1200_1330,SLP20,18,892.2,1040,-3386,50.0,-35008,-1.32,-1.32,0.0,0.001832,cell(n=9),90.4,cur,132,280,50,30149,1469,25241,25241,24.27,24.27,40.2,2.3,15.9,0,8,0,0,0,0,0,0
SENSEX,W_1200_1330,SLP25,18,892.2,1040,-3386,50.0,-35008,-1.32,-1.32,0.0,0.001832,cell(n=9),90.4,cur,132,280,50,37286,1356,25241,25241,24.27,24.27,40.2,0.8,15.9,0,8,0,0,0,0,0,0
SENSEX,W_1200_1330,SLP30,18,892.2,1040,-3386,50.0,-35008,-1.32,-1.32,0.0,0.001832,cell(n=9),90.4,cur,132,280,50,44423,1546,25241,25241,24.27,24.27,40.2,0.8,15.9,0,8,0,0,0,0,0,0
SENSEX,W_1200_1330,SLP40,18,892.2,1040,-3386,50.0,-35008,-1.32,-1.32,0.0,0.001832,cell(n=9),90.4,cur,132,280,50,58698,1346,25241,25241,24.27,24.27,40.2,0.8,15.9,0,8,0,0,0,0,0,0
SENSEX,W_1200_1345,NOSTOP,18,892.2,2288,-2360,61.1,-21560,-1.09,-1.09,0.0,0.001832,cell(n=9),90.4,cur,132,280,50,,,25241,25241,11.03,11.03,45.5,0.0,18.4,0,7,1,0,0,0,0,0
SENSEX,W_1200_1345,R1000,18,892.2,2288,-1532,61.1,-14888,-0.89,-0.89,27.8,0.001832,cell(n=9),90.4,cur,132,280,50,9600,1168,9600,18944,4.2,8.28,41.7,37.9,22.2,1,7,1,0,0,0,0,0
SENSEX,W_1200_1345,R1500,18,892.2,2288,-2302,61.1,-19856,-1.11,-1.11,22.2,0.001832,cell(n=9),90.4,cur,132,280,50,13600,1246,13600,23568,5.94,10.3,38.6,16.7,20.3,0,7,1,0,1,0,0,0
SENSEX,W_1200_1345,R2500,18,892.2,2288,-2776,61.1,-27224,-1.16,-1.16,11.1,0.001832,cell(n=9),90.4,cur,132,280,50,21600,1522,21600,25241,9.44,11.03,47.0,6.8,15.5,0,7,1,0,0,0,0,0
SENSEX,W_1200_1345,R500,18,892.2,-3088,-2632,50.0,-11416,-1.76,-1.76,50.0,0.001832,cell(n=9),90.4,cur,132,280,50,5600,657,5600,10856,,,75.8,75.8,20.5,1,7,0,0,0,0,0,0
SENSEX,W_1200_1345,SLP10,18,892.2,2288,-3274,61.1,-27224,-1.3,-1.3,22.2,0.001832,cell(n=9),90.4,cur,132,280,50,15874,1208,15874,25241,6.94,11.03,47.7,11.4,15.5,0,7,1,0,0,0,0,0
SENSEX,W_1200_1345,SLP15,18,892.2,2288,-3112,61.1,-32496,-1.2,-1.2,11.1,0.001832,cell(n=9),90.4,cur,132,280,50,23012,1457,23012,25241,10.06,11.03,45.5,6.8,18.3,0,7,1,0,0,0,0,0
SENSEX,W_1200_1345,SLP20,18,892.2,2288,-2360,61.1,-21560,-1.09,-1.09,0.0,0.001832,cell(n=9),90.4,cur,132,280,50,30149,1469,25241,25241,11.03,11.03,45.5,2.3,18.4,0,7,1,0,0,0,0,0
SENSEX,W_1200_1345,SLP25,18,892.2,2288,-2360,61.1,-21560,-1.09,-1.09,0.0,0.001832,cell(n=9),90.4,cur,132,280,50,37286,1356,25241,25241,11.03,11.03,45.5,1.5,18.4,0,7,1,0,0,0,0,0
SENSEX,W_1200_1345,SLP30,18,892.2,2288,-2360,61.1,-21560,-1.09,-1.09,0.0,0.001832,cell(n=9),90.4,cur,132,280,50,44423,1546,25241,25241,11.03,11.03,45.5,1.5,18.4,0,7,1,0,0,0,0,0
SENSEX,W_1200_1345,SLP40,18,892.2,2288,-2360,61.1,-21560,-1.09,-1.09,0.0,0.001832,cell(n=9),90.4,cur,132,280,50,58698,1346,25241,25241,11.03,11.03,45.5,0.8,18.4,0,7,1,0,0,0,0,0
SENSEX,W_1200_1400,NOSTOP,18,892.2,3264,-1107,66.7,-22648,-0.51,-0.51,0.0,0.00172,cell(n=10),90.4,cur,132,280,50,,,23794,23794,7.29,7.29,40.2,0.0,19.3,0,5,1,0,0,0,0,0
SENSEX,W_1200_1400,R1000,18,892.2,3264,-730,66.7,-14888,-0.4,-0.4,27.8,0.00172,cell(n=10),90.4,cur,132,280,50,9600,1168,9600,18944,2.94,5.8,43.2,40.9,24.3,0,5,1,1,0,0,0,0
SENSEX,W_1200_1400,R1500,18,892.2,3264,-1372,66.7,-19856,-0.64,-0.64,22.2,0.00172,cell(n=10),90.4,cur,132,280,50,13600,1246,13600,23568,4.17,7.22,40.2,18.2,20.5,0,5,1,0,0,0,0,0
SENSEX,W_1200_1400,R2500,18,892.2,3264,-1447,66.7,-27224,-0.61,-0.61,11.1,0.00172,cell(n=10),90.4,cur,132,280,50,21600,1522,21600,23794,6.62,7.29,47.0,6.8,16.0,0,5,1,0,0,0,0,0
SENSEX,W_1200_1400,R500,18,892.2,-1820,-1947,50.0,-11416,-1.18,-1.18,50.0,0.00172,cell(n=10),90.4,cur,132,280,50,5600,657,5600,10856,,,74.2,74.2,22.9,1,5,0,0,0,0,0,0
SENSEX,W_1200_1400,SLP10,18,892.2,3264,-2344,66.7,-27224,-0.9,-0.9,22.2,0.00172,cell(n=10),90.4,cur,132,280,50,15874,1208,15874,23794,4.86,7.29,48.5,12.9,15.8,0,5,1,0,0,0,0,0
SENSEX,W_1200_1400,SLP15,18,892.2,3264,-2190,66.7,-32496,-0.81,-0.81,11.1,0.00172,cell(n=10),90.4,cur,132,280,50,23012,1457,23012,23794,7.05,7.29,43.9,6.1,18.1,0,5,1,0,0,0,0,0
SENSEX,W_1200_1400,SLP20,18,892.2,3264,-1107,66.7,-22648,-0.51,-0.51,0.0,0.00172,cell(n=10),90.4,cur,132,280,50,30149,1469,23794,23794,7.29,7.29,40.9,2.3,19.3,0,5,1,0,0,0,0,0
SENSEX,W_1200_1400,SLP25,18,892.2,3264,-1107,66.7,-22648,-0.51,-0.51,0.0,0.00172,cell(n=10),90.4,cur,132,280,50,37286,1356,23794,23794,7.29,7.29,40.2,1.5,19.3,0,5,1,0,0,0,0,0
SENSEX,W_1200_1400,SLP30,18,892.2,3264,-1107,66.7,-22648,-0.51,-0.51,0.0,0.00172,cell(n=10),90.4,cur,132,280,50,44423,1546,23794,23794,7.29,7.29,40.2,1.5,19.3,0,5,1,0,0,0,0,0
SENSEX,W_1200_1400,SLP40,18,892.2,3264,-1107,66.7,-22648,-0.51,-0.51,0.0,0.00172,cell(n=10),90.4,cur,132,280,50,58698,1346,23794,23794,7.29,7.29,40.2,0.8,19.3,0,5,1,0,0,0,0,0
SENSEX,W_1215_1245,NOSTOP,18,896.1,-560,-1172,33.3,-7320,-2.04,-2.04,0.0,0.000865,pooled(n=1202),38.4,mon,132,280,50,,,6365,6365,,,50.8,0.0,6.7,0,5,0,0,0,0,0,0
SENSEX,W_1215_1245,R1000,18,896.1,-560,-1172,33.3,-7320,-2.04,-2.04,0.0,0.000865,pooled(n=1202),38.4,mon,132,280,50,9600,1168,6365,6365,,,50.8,1.5,6.7,0,5,0,0,0,0,0,0
SENSEX,W_1215_1245,R1500,18,896.1,-560,-1172,33.3,-7320,-2.04,-2.04,0.0,0.000865,pooled(n=1202),38.4,mon,132,280,50,13600,1246,6365,6365,,,50.8,1.5,6.7,0,5,0,0,0,0,0,0
SENSEX,W_1215_1245,R2500,18,896.1,-560,-1172,33.3,-7320,-2.04,-2.04,0.0,0.000865,pooled(n=1202),38.4,mon,132,280,50,21600,1522,6365,6365,,,50.8,0.8,6.7,0,5,0,0,0,0,0,0
SENSEX,W_1215_1245,R500,18,896.1,-560,-1794,33.3,-8032,-2.34,-2.34,22.2,0.000865,pooled(n=1202),38.4,mon,132,280,50,5600,657,5600,6365,,,53.8,6.1,6.1,0,5,0,0,0,0,0,0
SENSEX,W_1215_1245,SLP10,18,896.1,-560,-1172,33.3,-7320,-2.04,-2.04,0.0,0.000865,pooled(n=1202),38.4,mon,132,280,50,15938,1208,6365,6365,,,50.8,1.5,6.7,0,5,0,0,0,0,0,0
SENSEX,W_1215_1245,SLP15,18,896.1,-560,-1172,33.3,-7320,-2.04,-2.04,0.0,0.000865,pooled(n=1202),38.4,mon,132,280,50,23108,1457,6365,6365,,,50.8,0.8,6.7,0,5,0,0,0,0,0,0
SENSEX,W_1215_1245,SLP20,18,896.1,-560,-1172,33.3,-7320,-2.04,-2.04,0.0,0.000865,pooled(n=1202),38.4,mon,132,280,50,30277,1469,6365,6365,,,50.8,0.0,6.7,0,5,0,0,0,0,0,0
SENSEX,W_1215_1245,SLP25,18,896.1,-560,-1172,33.3,-7320,-2.04,-2.04,0.0,0.000865,pooled(n=1202),38.4,mon,132,280,50,37446,1356,6365,6365,,,50.8,0.0,6.7,0,5,0,0,0,0,0,0
SENSEX,W_1215_1245,SLP30,18,896.1,-560,-1172,33.3,-7320,-2.04,-2.04,0.0,0.000865,pooled(n=1202),38.4,mon,132,280,50,44615,1546,6365,6365,,,50.8,0.0,6.7,0,5,0,0,0,0,0,0
SENSEX,W_1215_1245,SLP40,18,896.1,-560,-1172,33.3,-7320,-2.04,-2.04,0.0,0.000865,pooled(n=1202),38.4,mon,132,280,50,58954,1346,6365,6365,,,50.8,0.0,6.7,0,5,0,0,0,0,0,0
SENSEX,W_1215_1300,NOSTOP,18,896.1,340,-1069,55.6,-11832,-1.08,-1.08,0.0,0.000865,pooled(n=1202),53.2,cur,132,280,50,,,8201,8201,24.12,24.12,49.2,0.0,9.1,0,7,0,0,0,0,0,0
SENSEX,W_1215_1300,R1000,18,896.1,340,-1909,55.6,-14312,-1.38,-1.38,16.7,0.000865,pooled(n=1202),53.2,cur,132,280,50,9600,1168,8201,8201,24.12,24.12,49.2,2.3,9.1,0,7,0,0,0,0,0,0
SENSEX,W_1215_1300,R1500,18,896.1,340,-1620,55.6,-15632,-1.29,-1.29,5.6,0.000865,pooled(n=1202),53.2,cur,132,280,50,13600,1246,8201,8201,24.12,24.12,49.2,1.5,9.1,0,7,0,0,0,0,0,0
SENSEX,W_1215_1300,R2500,18,896.1,340,-1069,55.6,-11832,-1.08,-1.08,0.0,0.000865,pooled(n=1202),53.2,cur,132,280,50,21600,1522,8201,8201,24.12,24.12,49.2,0.8,9.1,0,7,0,0,0,0,0,0
SENSEX,W_1215_1300,R500,18,896.1,8,-1823,50.0,-9400,-1.81,-1.81,33.3,0.000865,pooled(n=1202),53.2,cur,132,280,50,5600,657,5600,8201,700.0,1025.13,60.6,11.4,7.1,0,7,0,0,0,0,0,0
SENSEX,W_1215_1300,SLP10,18,896.1,340,-1207,55.6,-14312,-1.12,-1.12,5.6,0.000865,pooled(n=1202),53.2,cur,132,280,50,15938,1208,8201,8201,24.12,24.12,49.2,1.5,9.1,0,7,0,0,0,0,0,0
SENSEX,W_1215_1300,SLP15,18,896.1,340,-1069,55.6,-11832,-1.08,-1.08,0.0,0.000865,pooled(n=1202),53.2,cur,132,280,50,23108,1457,8201,8201,24.12,24.12,49.2,0.8,9.1,0,7,0,0,0,0,0,0
SENSEX,W_1215_1300,SLP20,18,896.1,340,-1069,55.6,-11832,-1.08,-1.08,0.0,0.000865,pooled(n=1202),53.2,cur,132,280,50,30277,1469,8201,8201,24.12,24.12,49.2,0.0,9.1,0,7,0,0,0,0,0,0
SENSEX,W_1215_1300,SLP25,18,896.1,340,-1069,55.6,-11832,-1.08,-1.08,0.0,0.000865,pooled(n=1202),53.2,cur,132,280,50,37446,1356,8201,8201,24.12,24.12,49.2,0.0,9.1,0,7,0,0,0,0,0,0
SENSEX,W_1215_1300,SLP30,18,896.1,340,-1069,55.6,-11832,-1.08,-1.08,0.0,0.000865,pooled(n=1202),53.2,cur,132,280,50,44615,1546,8201,8201,24.12,24.12,49.2,0.0,9.1,0,7,0,0,0,0,0,0
SENSEX,W_1215_1300,SLP40,18,896.1,340,-1069,55.6,-11832,-1.08,-1.08,0.0,0.000865,pooled(n=1202),53.2,cur,132,280,50,58954,1346,8201,8201,24.12,24.12,49.2,0.0,9.1,0,7,0,0,0,0,0,0
SENSEX,W_1215_1315,NOSTOP,18,896.1,196,-1566,50.0,-17664,-1.23,-1.23,0.0,0.001567,cell(n=8),56.8,dte,132,280,50,,,14363,14363,73.28,73.28,56.1,0.0,8.8,0,8,0,0,0,0,0,0
SENSEX,W_1215_1315,R1000,18,896.1,196,-2022,50.0,-14312,-1.43,-1.43,16.7,0.001567,cell(n=8),56.8,dte,132,280,50,9600,1168,9600,14363,48.98,73.28,62.9,10.6,7.5,0,8,0,0,0,0,0,0
SENSEX,W_1215_1315,R1500,18,896.1,196,-1834,50.0,-15632,-1.33,-1.33,11.1,0.001567,cell(n=8),56.8,dte,132,280,50,13600,1246,13600,14363,69.39,73.28,56.1,6.1,8.8,0,8,0,0,0,0,0,0
SENSEX,W_1215_1315,R2500,18,896.1,196,-1566,50.0,-17664,-1.23,-1.23,0.0,0.001567,cell(n=8),56.8,dte,132,280,50,21600,1522,14363,14363,73.28,73.28,56.1,3.0,8.8,0,8,0,0,0,0,0,0
SENSEX,W_1215_1315,R500,18,896.1,-328,-1880,44.4,-9400,-1.87,-1.87,33.3,0.001567,cell(n=8),56.8,dte,132,280,50,5600,657,5600,10856,,,69.7,51.5,7.0,0,8,0,0,0,0,0,0
SENSEX,W_1215_1315,SLP10,18,896.1,196,-1380,50.0,-14312,-1.21,-1.21,5.6,0.001567,cell(n=8),56.8,dte,132,280,50,15938,1208,14363,14363,73.28,73.28,56.1,3.0,8.8,0,8,0,0,0,0,0,0
SENSEX,W_1215_1315,SLP15,18,896.1,196,-1643,50.0,-19040,-1.24,-1.24,5.6,0.001567,cell(n=8),56.8,dte,132,280,50,23108,1457,14363,14363,73.28,73.28,56.1,1.5,8.8,0,8,0,0,0,0,0,0
SENSEX,W_1215_1315,SLP20,18,896.1,196,-1566,50.0,-17664,-1.23,-1.23,0.0,0.001567,cell(n=8),56.8,dte,132,280,50,30277,1469,14363,14363,73.28,73.28,56.1,1.5,8.8,0,8,0,0,0,0,0,0
SENSEX,W_1215_1315,SLP25,18,896.1,196,-1566,50.0,-17664,-1.23,-1.23,0.0,0.001567,cell(n=8),56.8,dte,132,280,50,37446,1356,14363,14363,73.28,73.28,56.1,0.8,8.8,0,8,0,0,0,0,0,0
SENSEX,W_1215_1315,SLP30,18,896.1,196,-1566,50.0,-17664,-1.23,-1.23,0.0,0.001567,cell(n=8),56.8,dte,132,280,50,44615,1546,14363,14363,73.28,73.28,56.1,0.0,8.8,0,8,0,0,0,0,0,0
SENSEX,W_1215_1315,SLP40,18,896.1,196,-1566,50.0,-17664,-1.23,-1.23,0.0,0.001567,cell(n=8),56.8,dte,132,280,50,58954,1346,14363,14363,73.28,73.28,56.1,0.0,8.8,0,8,0,0,0,0,0,0
SENSEX,W_1215_1330,NOSTOP,18,896.1,724,-878,55.6,-17248,-0.67,-0.67,0.0,0.000947,cell(n=9),62.5,dte,132,280,50,,,10088,10088,13.93,13.93,33.3,0.0,16.6,0,8,0,0,1,0,0,0
SENSEX,W_1215_1330,R1000,18,896.1,724,-1740,55.6,-14312,-1.13,-1.13,16.7,0.000947,cell(n=9),62.5,dte,132,280,50,9600,1168,9600,10088,13.26,13.93,33.3,6.1,16.3,0,8,0,0,1,0,0,0
SENSEX,W_1215_1330,R1500,18,896.1,724,-1540,55.6,-15632,-1.03,-1.03,11.1,0.000947,cell(n=9),62.5,dte,132,280,50,13600,1246,10088,10088,13.93,13.93,34.1,3.8,15.6,0,8,0,0,1,0,0,0
SENSEX,W_1215_1330,R2500,18,896.1,724,-878,55.6,-17248,-0.67,-0.67,0.0,0.000947,cell(n=9),62.5,dte,132,280,50,21600,1522,10088,10088,13.93,13.93,33.3,0.8,16.6,0,8,0,0,1,0,0,0
SENSEX,W_1215_1330,R500,18,896.1,724,-1483,55.6,-9400,-1.19,-1.19,38.9,0.000947,cell(n=9),62.5,dte,132,280,50,5600,657,5600,10088,7.73,13.93,42.4,24.2,12.4,0,8,0,0,0,0,0,0
SENSEX,W_1215_1330,SLP10,18,896.1,724,-715,55.6,-14312,-0.6,-0.6,5.6,0.000947,cell(n=9),62.5,dte,132,280,50,15938,1208,10088,10088,13.93,13.93,33.3,2.3,16.6,0,8,0,0,1,0,0,0
SENSEX,W_1215_1330,SLP15,18,896.1,724,-978,55.6,-19040,-0.71,-0.71,5.6,0.000947,cell(n=9),62.5,dte,132,280,50,23108,1457,10088,10088,13.93,13.93,33.3,0.8,16.6,0,8,0,0,1,0,0,0
SENSEX,W_1215_1330,SLP20,18,896.1,724,-878,55.6,-17248,-0.67,-0.67,0.0,0.000947,cell(n=9),62.5,dte,132,280,50,30277,1469,10088,10088,13.93,13.93,33.3,0.0,16.6,0,8,0,0,1,0,0,0
SENSEX,W_1215_1330,SLP25,18,896.1,724,-878,55.6,-17248,-0.67,-0.67,0.0,0.000947,cell(n=9),62.5,dte,132,280,50,37446,1356,10088,10088,13.93,13.93,33.3,0.0,16.6,0,8,0,0,1,0,0,0
SENSEX,W_1215_1330,SLP30,18,896.1,724,-878,55.6,-17248,-0.67,-0.67,0.0,0.000947,cell(n=9),62.5,dte,132,280,50,44615,1546,10088,10088,13.93,13.93,33.3,0.0,16.6,0,8,0,0,1,0,0,0
SENSEX,W_1215_1330,SLP40,18,896.1,724,-878,55.6,-17248,-0.67,-0.67,0.0,0.000947,cell(n=9),62.5,dte,132,280,50,58954,1346,10088,10088,13.93,13.93,33.3,0.0,16.6,0,8,0,0,1,0,0,0
SENSEX,W_1215_1345,NOSTOP,18,896.1,1064,-301,66.7,-16456,-0.23,-0.23,0.0,0.000947,cell(n=9),68.7,dte,132,280,50,,,10930,10930,10.27,10.27,35.6,0.0,19.4,0,8,1,0,1,0,0,0
SENSEX,W_1215_1345,R1000,18,896.1,1064,-1106,66.7,-14312,-0.71,-0.71,16.7,0.000947,cell(n=9),68.7,dte,132,280,50,9600,1168,9600,10930,9.02,10.27,43.2,7.6,16.6,1,8,1,0,0,0,0,0
SENSEX,W_1215_1345,R1500,18,896.1,1064,-870,66.7,-15632,-0.58,-0.58,11.1,0.000947,cell(n=9),68.7,dte,132,280,50,13600,1246,10930,10930,10.27,10.27,35.6,3.8,19.3,0,8,1,0,1,0,0,0
SENSEX,W_1215_1345,R2500,18,896.1,1064,-301,66.7,-16456,-0.23,-0.23,0.0,0.000947,cell(n=9),68.7,dte,132,280,50,21600,1522,10930,10930,10.27,10.27,35.6,0.8,19.4,0,8,1,0,1,0,0,0
SENSEX,W_1215_1345,R500,18,896.1,596,-1302,61.1,-9400,-1.0,-1.0,38.9,0.000947,cell(n=9),68.7,dte,132,280,50,5600,657,5600,10856,9.4,18.21,51.5,31.8,13.9,1,8,1,0,0,0,0,0
SENSEX,W_1215_1345,SLP10,18,896.1,1064,-182,66.7,-14312,-0.15,-0.15,5.6,0.000947,cell(n=9),68.7,dte,132,280,50,15938,1208,10930,10930,10.27,10.27,35.6,3.0,19.4,0,8,1,0,1,0,0,0
SENSEX,W_1215_1345,SLP15,18,896.1,1064,-445,66.7,-19040,-0.32,-0.32,5.6,0.000947,cell(n=9),68.7,dte,132,280,50,23108,1457,10930,10930,10.27,10.27,35.6,0.8,19.4,0,8,1,0,1,0,0,0
SENSEX,W_1215_1345,SLP20,18,896.1,1064,-301,66.7,-16456,-0.23,-0.23,0.0,0.000947,cell(n=9),68.7,dte,132,280,50,30277,1469,10930,10930,10.27,10.27,35.6,0.0,19.4,0,8,1,0,1,0,0,0
SENSEX,W_1215_1345,SLP25,18,896.1,1064,-301,66.7,-16456,-0.23,-0.23,0.0,0.000947,cell(n=9),68.7,dte,132,280,50,37446,1356,10930,10930,10.27,10.27,35.6,0.0,19.4,0,8,1,0,1,0,0,0
SENSEX,W_1215_1345,SLP30,18,896.1,1064,-301,66.7,-16456,-0.23,-0.23,0.0,0.000947,cell(n=9),68.7,dte,132,280,50,44615,1546,10930,10930,10.27,10.27,35.6,0.0,19.4,0,8,1,0,1,0,0,0
SENSEX,W_1215_1345,SLP40,18,896.1,1064,-301,66.7,-16456,-0.23,-0.23,0.0,0.000947,cell(n=9),68.7,dte,132,280,50,58954,1346,10930,10930,10.27,10.27,35.6,0.0,19.4,0,8,1,0,1,0,0,0
SENSEX,W_1215_1400,NOSTOP,18,896.1,2464,952,66.7,-10632,0.82,0.82,0.0,0.000865,cell(n=11),78.1,dte,132,280,50,,,11292,11292,4.58,4.58,28.8,0.0,26.0,0,7,1,0,1,0,0,0
SENSEX,W_1215_1400,R1000,18,896.1,2464,-199,66.7,-14312,-0.12,-0.12,16.7,0.000865,cell(n=11),78.1,dte,132,280,50,9600,1168,9600,11292,3.9,4.58,31.8,7.6,21.3,1,7,1,0,1,0,0,0
SENSEX,W_1215_1400,R1500,18,896.1,2464,-12,66.7,-15632,-0.01,-0.01,11.1,0.000865,cell(n=11),78.1,dte,132,280,50,13600,1246,11292,11292,4.58,4.58,29.5,3.8,26.0,0,7,1,0,1,0,0,0
SENSEX,W_1215_1400,R2500,18,896.1,2464,952,66.7,-10632,0.82,0.82,0.0,0.000865,cell(n=11),78.1,dte,132,280,50,21600,1522,11292,11292,4.58,4.58,28.8,1.5,26.0,0,7,1,0,1,0,0,0
SENSEX,W_1215_1400,R500,18,896.1,2464,-475,61.1,-9400,-0.33,-0.33,38.9,0.000865,cell(n=11),78.1,dte,132,280,50,5600,657,5600,10856,2.27,4.41,42.4,33.3,20.3,0,7,1,1,0,0,0,0
SENSEX,W_1215_1400,SLP10,18,896.1,2464,747,66.7,-14312,0.58,0.58,5.6,0.000865,cell(n=11),78.1,dte,132,280,50,15938,1208,11292,11292,4.58,4.58,29.5,2.3,26.0,0,7,1,0,1,0,0,0
SENSEX,W_1215_1400,SLP15,18,896.1,2464,484,66.7,-19040,0.33,0.33,5.6,0.000865,cell(n=11),78.1,dte,132,280,50,23108,1457,11292,11292,4.58,4.58,28.8,0.8,26.0,0,7,1,0,1,0,0,0
SENSEX,W_1215_1400,SLP20,18,896.1,2464,952,66.7,-10632,0.82,0.82,0.0,0.000865,cell(n=11),78.1,dte,132,280,50,30277,1469,11292,11292,4.58,4.58,28.8,0.8,26.0,0,7,1,0,1,0,0,0
SENSEX,W_1215_1400,SLP25,18,896.1,2464,952,66.7,-10632,0.82,0.82,0.0,0.000865,cell(n=11),78.1,dte,132,280,50,37446,1356,11292,11292,4.58,4.58,28.8,0.0,26.0,0,7,1,0,1,0,0,0
SENSEX,W_1215_1400,SLP30,18,896.1,2464,952,66.7,-10632,0.82,0.82,0.0,0.000865,cell(n=11),78.1,dte,132,280,50,44615,1546,11292,11292,4.58,4.58,28.8,0.0,26.0,0,7,1,0,1,0,0,0
SENSEX,W_1215_1400,SLP40,18,896.1,2464,952,66.7,-10632,0.82,0.82,0.0,0.000865,cell(n=11),78.1,dte,132,280,50,58954,1346,11292,11292,4.58,4.58,28.8,0.0,26.0,0,7,1,0,1,0,0,0
SENSEX,W_1215_1415,NOSTOP,18,896.1,1400,1174,66.7,-8048,1.11,1.11,0.0,0.00094,cell(n=11),82.6,dte,132,280,50,,,12739,12739,9.1,9.1,26.5,0.0,27.1,0,5,1,0,1,0,0,0
SENSEX,W_1215_1415,R1000,18,896.1,1400,-536,66.7,-14312,-0.31,-0.31,16.7,0.00094,cell(n=11),82.6,dte,132,280,50,9600,1168,9600,12739,6.86,9.1,36.4,11.4,19.2,1,5,1,0,1,0,0,0
SENSEX,W_1215_1415,R1500,18,896.1,1400,-33,66.7,-15632,-0.02,-0.02,11.1,0.00094,cell(n=11),82.6,dte,132,280,50,13600,1246,12739,12739,9.1,9.1,27.3,4.5,27.1,0,5,1,0,1,0,0,0
SENSEX,W_1215_1415,R2500,18,896.1,1400,1174,66.7,-8048,1.11,1.11,0.0,0.00094,cell(n=11),82.6,dte,132,280,50,21600,1522,12739,12739,9.1,9.1,26.5,1.5,27.1,0,5,1,0,1,0,0,0
SENSEX,W_1215_1415,R500,18,896.1,356,-766,55.6,-9400,-0.53,-0.53,38.9,0.00094,cell(n=11),82.6,dte,132,280,50,5600,657,5600,10856,15.73,30.49,44.7,41.7,19.3,1,5,0,0,0,0,0,0
SENSEX,W_1215_1415,SLP10,18,896.1,1400,826,66.7,-14312,0.65,0.65,5.6,0.00094,cell(n=11),82.6,dte,132,280,50,15938,1208,12739,12739,9.1,9.1,27.3,3.8,27.1,0,5,1,0,1,0,0,0
SENSEX,W_1215_1415,SLP15,18,896.1,1400,563,66.7,-19040,0.38,0.38,5.6,0.00094,cell(n=11),82.6,dte,132,280,50,23108,1457,12739,12739,9.1,9.1,26.5,1.5,27.1,0,5,1,0,1,0,0,0
SENSEX,W_1215_1415,SLP20,18,896.1,1400,1174,66.7,-8048,1.11,1.11,0.0,0.00094,cell(n=11),82.6,dte,132,280,50,30277,1469,12739,12739,9.1,9.1,26.5,0.8,27.1,0,5,1,0,1,0,0,0
SENSEX,W_1215_1415,SLP25,18,896.1,1400,1174,66.7,-8048,1.11,1.11,0.0,0.00094,cell(n=11),82.6,dte,132,280,50,37446,1356,12739,12739,9.1,9.1,26.5,0.0,27.1,0,5,1,0,1,0,0,0
SENSEX,W_1215_1415,SLP30,18,896.1,1400,1174,66.7,-8048,1.11,1.11,0.0,0.00094,cell(n=11),82.6,dte,132,280,50,44615,1546,12739,12739,9.1,9.1,26.5,0.0,27.1,0,5,1,0,1,0,0,0
SENSEX,W_1215_1415,SLP40,18,896.1,1400,1174,66.7,-8048,1.11,1.11,0.0,0.00094,cell(n=11),82.6,dte,132,280,50,58954,1346,12739,12739,9.1,9.1,26.5,0.0,27.1,0,5,1,0,1,0,0,0
SENSEX,W_1230_1300,NOSTOP,18,898.5,244,-985,55.6,-8168,-1.4,-1.4,0.0,0.000865,pooled(n=1202),38.5,mon,132,280,50,,,6390,6390,26.19,26.19,50.8,0.0,7.1,0,5,0,0,0,0,0,0
SENSEX,W_1230_1300,R1000,18,898.5,244,-1860,55.6,-12472,-1.67,-1.67,16.7,0.000865,pooled(n=1202),38.5,mon,132,280,50,9600,1168,6390,6390,26.19,26.19,60.6,1.5,5.3,0,5,0,0,0,0,0,0
SENSEX,W_1230_1300,R1500,18,898.5,244,-985,55.6,-8168,-1.4,-1.4,0.0,0.000865,pooled(n=1202),38.5,mon,132,280,50,13600,1246,6390,6390,26.19,26.19,50.8,1.5,7.1,0,5,0,0,0,0,0,0
SENSEX,W_1230_1300,R2500,18,898.5,244,-985,55.6,-8168,-1.4,-1.4,0.0,0.000865,pooled(n=1202),38.5,mon,132,280,50,21600,1522,6390,6390,26.19,26.19,50.8,0.8,7.1,0,5,0,0,0,0,0,0
SENSEX,W_1230_1300,R500,18,898.5,-60,-3257,50.0,-11288,-2.74,-2.74,44.4,0.000865,pooled(n=1202),38.5,mon,132,280,50,5600,657,5600,6390,,,64.4,9.1,4.3,0,5,0,0,0,0,0,0
SENSEX,W_1230_1300,SLP10,18,898.5,244,-985,55.6,-8168,-1.4,-1.4,0.0,0.000865,pooled(n=1202),38.5,mon,132,280,50,15977,1208,6390,6390,26.19,26.19,50.8,0.8,7.1,0,5,0,0,0,0,0,0
SENSEX,W_1230_1300,SLP15,18,898.5,244,-985,55.6,-8168,-1.4,-1.4,0.0,0.000865,pooled(n=1202),38.5,mon,132,280,50,23165,1457,6390,6390,26.19,26.19,50.8,0.8,7.1,0,5,0,0,0,0,0,0
SENSEX,W_1230_1300,SLP20,18,898.5,244,-985,55.6,-8168,-1.4,-1.4,0.0,0.000865,pooled(n=1202),38.5,mon,132,280,50,30354,1469,6390,6390,26.19,26.19,50.8,0.8,7.1,0,5,0,0,0,0,0,0
SENSEX,W_1230_1300,SLP25,18,898.5,244,-985,55.6,-8168,-1.4,-1.4,0.0,0.000865,pooled(n=1202),38.5,mon,132,280,50,37542,1356,6390,6390,26.19,26.19,50.8,0.0,7.1,0,5,0,0,0,0,0,0
SENSEX,W_1230_1300,SLP30,18,898.5,244,-985,55.6,-8168,-1.4,-1.4,0.0,0.000865,pooled(n=1202),38.5,mon,132,280,50,44730,1546,6390,6390,26.19,26.19,50.8,0.0,7.1,0,5,0,0,0,0,0,0
SENSEX,W_1230_1300,SLP40,18,898.5,244,-985,55.6,-8168,-1.4,-1.4,0.0,0.000865,pooled(n=1202),38.5,mon,132,280,50,59107,1346,6390,6390,26.19,26.19,50.8,0.0,7.1,0,5,0,0,0,0,0,0
SENSEX,W_1230_1315,NOSTOP,18,898.5,224,-1477,55.6,-13440,-1.51,-1.51,0.0,0.000865,pooled(n=1202),45.8,mon,132,280,50,,,7298,7298,32.58,32.58,46.2,0.0,9.0,0,7,0,0,0,0,0,0
SENSEX,W_1230_1315,R1000,18,898.5,224,-1912,55.6,-12472,-1.68,-1.68,16.7,0.000865,pooled(n=1202),45.8,mon,132,280,50,9600,1168,7298,7298,32.58,32.58,56.1,3.0,7.8,0,7,0,0,0,0,0,0
SENSEX,W_1230_1315,R1500,18,898.5,224,-1554,55.6,-14824,-1.5,-1.5,5.6,0.000865,pooled(n=1202),45.8,mon,132,280,50,13600,1246,7298,7298,32.58,32.58,46.2,2.3,9.0,0,7,0,0,0,0,0,0
SENSEX,W_1230_1315,R2500,18,898.5,224,-1477,55.6,-13440,-1.51,-1.51,0.0,0.000865,pooled(n=1202),45.8,mon,132,280,50,21600,1522,7298,7298,32.58,32.58,46.2,0.8,9.0,0,7,0,0,0,0,0,0
SENSEX,W_1230_1315,R500,18,898.5,-228,-3371,44.4,-11288,-2.89,-2.89,44.4,0.000865,pooled(n=1202),45.8,mon,132,280,50,5600,657,5600,7298,,,82.6,9.8,3.5,0,7,0,0,0,0,0,0
SENSEX,W_1230_1315,SLP10,18,898.5,224,-1554,55.6,-14824,-1.5,-1.5,5.6,0.000865,pooled(n=1202),45.8,mon,132,280,50,15977,1208,7298,7298,32.58,32.58,46.2,0.8,9.0,0,7,0,0,0,0,0,0
SENSEX,W_1230_1315,SLP15,18,898.5,224,-1477,55.6,-13440,-1.51,-1.51,0.0,0.000865,pooled(n=1202),45.8,mon,132,280,50,23165,1457,7298,7298,32.58,32.58,46.2,0.8,9.0,0,7,0,0,0,0,0,0
SENSEX,W_1230_1315,SLP20,18,898.5,224,-1477,55.6,-13440,-1.51,-1.51,0.0,0.000865,pooled(n=1202),45.8,mon,132,280,50,30354,1469,7298,7298,32.58,32.58,46.2,0.8,9.0,0,7,0,0,0,0,0,0
SENSEX,W_1230_1315,SLP25,18,898.5,224,-1477,55.6,-13440,-1.51,-1.51,0.0,0.000865,pooled(n=1202),45.8,mon,132,280,50,37542,1356,7298,7298,32.58,32.58,46.2,0.0,9.0,0,7,0,0,0,0,0,0
SENSEX,W_1230_1315,SLP30,18,898.5,224,-1477,55.6,-13440,-1.51,-1.51,0.0,0.000865,pooled(n=1202),45.8,mon,132,280,50,44730,1546,7298,7298,32.58,32.58,46.2,0.0,9.0,0,7,0,0,0,0,0,0
SENSEX,W_1230_1315,SLP40,18,898.5,224,-1477,55.6,-13440,-1.51,-1.51,0.0,0.000865,pooled(n=1202),45.8,mon,132,280,50,59107,1346,7298,7298,32.58,32.58,46.2,0.0,9.0,0,7,0,0,0,0,0,0
SENSEX,W_1230_1330,NOSTOP,18,898.5,868,-972,61.1,-13512,-0.82,-0.82,0.0,0.00134,cell(n=8),48.8,mon,132,280,50,,,10999,10999,12.67,12.67,45.5,0.0,10.6,0,8,1,0,0,0,0,0
SENSEX,W_1230_1330,R1000,18,898.5,868,-1835,61.1,-12472,-1.35,-1.35,22.2,0.00134,cell(n=8),48.8,mon,132,280,50,9600,1168,9600,10999,11.06,12.67,53.8,8.3,8.3,0,8,1,0,0,0,0,0
SENSEX,W_1230_1330,R1500,18,898.5,868,-1226,61.1,-15552,-0.92,-0.92,11.1,0.00134,cell(n=8),48.8,mon,132,280,50,13600,1246,10999,10999,12.67,12.67,45.5,4.5,10.6,0,8,1,0,0,0,0,0
SENSEX,W_1230_1330,R2500,18,898.5,868,-972,61.1,-13512,-0.82,-0.82,0.0,0.00134,cell(n=8),48.8,mon,132,280,50,21600,1522,10999,10999,12.67,12.67,45.5,1.5,10.6,0,8,1,0,0,0,0,0
SENSEX,W_1230_1330,R500,18,898.5,576,-2606,55.6,-11288,-1.96,-1.96,44.4,0.00134,cell(n=8),48.8,mon,132,280,50,5600,657,5600,10856,9.72,18.85,61.4,42.4,7.5,0,8,0,0,0,0,0,0
SENSEX,W_1230_1330,SLP10,18,898.5,868,-1112,61.1,-14824,-0.88,-0.88,5.6,0.00134,cell(n=8),48.8,mon,132,280,50,15977,1208,10999,10999,12.67,12.67,45.5,3.8,10.6,0,8,1,0,0,0,0,0
SENSEX,W_1230_1330,SLP15,18,898.5,868,-972,61.1,-13512,-0.82,-0.82,0.0,0.00134,cell(n=8),48.8,mon,132,280,50,23165,1457,10999,10999,12.67,12.67,45.5,1.5,10.6,0,8,1,0,0,0,0,0
SENSEX,W_1230_1330,SLP20,18,898.5,868,-972,61.1,-13512,-0.82,-0.82,0.0,0.00134,cell(n=8),48.8,mon,132,280,50,30354,1469,10999,10999,12.67,12.67,45.5,0.8,10.6,0,8,1,0,0,0,0,0
SENSEX,W_1230_1330,SLP25,18,898.5,868,-972,61.1,-13512,-0.82,-0.82,0.0,0.00134,cell(n=8),48.8,mon,132,280,50,37542,1356,10999,10999,12.67,12.67,45.5,0.8,10.6,0,8,1,0,0,0,0,0
SENSEX,W_1230_1330,SLP30,18,898.5,868,-972,61.1,-13512,-0.82,-0.82,0.0,0.00134,cell(n=8),48.8,mon,132,280,50,44730,1546,10999,10999,12.67,12.67,45.5,0.8,10.6,0,8,1,0,0,0,0,0
SENSEX,W_1230_1330,SLP40,18,898.5,868,-972,61.1,-13512,-0.82,-0.82,0.0,0.00134,cell(n=8),48.8,mon,132,280,50,59107,1346,10999,10999,12.67,12.67,45.5,0.0,10.6,0,8,1,0,0,0,0,0
SENSEX,W_1230_1345,NOSTOP,18,898.5,1372,-250,61.1,-11768,-0.25,-0.25,0.0,0.001095,cell(n=10),58.8,mon,132,280,50,,,10857,10857,7.91,7.91,43.2,0.0,13.7,0,8,1,0,0,0,0,0
SENSEX,W_1230_1345,R1000,18,898.5,1372,-1421,61.1,-12472,-1.01,-1.01,22.2,0.001095,cell(n=10),58.8,mon,132,280,50,9600,1168,9600,10857,7.0,7.91,44.7,6.1,13.0,0,8,1,0,0,0,0,0
SENSEX,W_1230_1345,R1500,18,898.5,1372,-986,61.1,-15552,-0.71,-0.71,11.1,0.001095,cell(n=10),58.8,mon,132,280,50,13600,1246,10857,10857,7.91,7.91,43.2,4.5,13.8,0,8,1,0,0,0,0,0
SENSEX,W_1230_1345,R2500,18,898.5,1372,-250,61.1,-11768,-0.25,-0.25,0.0,0.001095,cell(n=10),58.8,mon,132,280,50,21600,1522,10857,10857,7.91,7.91,43.2,1.5,13.7,0,8,1,0,0,0,0,0
SENSEX,W_1230_1345,R500,18,898.5,892,-2531,55.6,-11288,-1.88,-1.88,44.4,0.001095,cell(n=10),58.8,mon,132,280,50,5600,657,5600,10856,6.28,12.17,69.7,39.4,6.9,2,8,0,0,0,0,0,0
SENSEX,W_1230_1345,SLP10,18,898.5,1372,-420,61.1,-14824,-0.37,-0.37,5.6,0.001095,cell(n=10),58.8,mon,132,280,50,15977,1208,10857,10857,7.91,7.91,43.2,2.3,13.7,0,8,1,0,0,0,0,0
SENSEX,W_1230_1345,SLP15,18,898.5,1372,-250,61.1,-11768,-0.25,-0.25,0.0,0.001095,cell(n=10),58.8,mon,132,280,50,23165,1457,10857,10857,7.91,7.91,43.2,1.5,13.7,0,8,1,0,0,0,0,0
SENSEX,W_1230_1345,SLP20,18,898.5,1372,-250,61.1,-11768,-0.25,-0.25,0.0,0.001095,cell(n=10),58.8,mon,132,280,50,30354,1469,10857,10857,7.91,7.91,43.2,0.8,13.7,0,8,1,0,0,0,0,0
SENSEX,W_1230_1345,SLP25,18,898.5,1372,-250,61.1,-11768,-0.25,-0.25,0.0,0.001095,cell(n=10),58.8,mon,132,280,50,37542,1356,10857,10857,7.91,7.91,43.2,0.8,13.7,0,8,1,0,0,0,0,0
SENSEX,W_1230_1345,SLP30,18,898.5,1372,-250,61.1,-11768,-0.25,-0.25,0.0,0.001095,cell(n=10),58.8,mon,132,280,50,44730,1546,10857,10857,7.91,7.91,43.2,0.8,13.7,0,8,1,0,0,0,0,0
SENSEX,W_1230_1345,SLP40,18,898.5,1372,-250,61.1,-11768,-0.25,-0.25,0.0,0.001095,cell(n=10),58.8,mon,132,280,50,59107,1346,10857,10857,7.91,7.91,43.2,0.0,13.7,0,8,1,0,0,0,0,0
SENSEX,W_1230_1400,NOSTOP,18,898.5,2352,837,61.1,-6752,0.85,0.85,0.0,0.001091,cell(n=10),66.5,mon,132,280,50,,,12032,12032,5.12,5.12,32.6,0.0,21.6,0,8,1,0,1,0,0,0
SENSEX,W_1230_1400,R1000,18,898.5,2352,-676,61.1,-12472,-0.44,-0.44,22.2,0.001091,cell(n=10),66.5,mon,132,280,50,9600,1168,9600,12032,4.08,5.12,32.6,9.1,20.8,0,8,1,0,1,0,0,0
SENSEX,W_1230_1400,R1500,18,898.5,2352,-199,61.1,-15552,-0.13,-0.13,11.1,0.001091,cell(n=10),66.5,mon,132,280,50,13600,1246,12032,12032,5.12,5.12,32.6,4.5,21.2,0,8,1,0,1,0,0,0
SENSEX,W_1230_1400,R2500,18,898.5,2352,837,61.1,-6752,0.85,0.85,0.0,0.001091,cell(n=10),66.5,mon,132,280,50,21600,1522,12032,12032,5.12,5.12,32.6,1.5,21.6,0,8,1,0,1,0,0,0
SENSEX,W_1230_1400,R500,18,898.5,1952,-1754,55.6,-11288,-1.15,-1.15,44.4,0.001091,cell(n=10),66.5,mon,132,280,50,5600,657,5600,10856,2.87,5.56,52.3,47.0,15.5,2,8,0,1,0,0,0,0
SENSEX,W_1230_1400,SLP10,18,898.5,2352,389,61.1,-14824,0.31,0.31,5.6,0.001091,cell(n=10),66.5,mon,132,280,50,15977,1208,12032,12032,5.12,5.12,32.6,3.0,21.6,0,8,1,0,1,0,0,0
SENSEX,W_1230_1400,SLP15,18,898.5,2352,837,61.1,-6752,0.85,0.85,0.0,0.001091,cell(n=10),66.5,mon,132,280,50,23165,1457,12032,12032,5.12,5.12,32.6,1.5,21.6,0,8,1,0,1,0,0,0
SENSEX,W_1230_1400,SLP20,18,898.5,2352,837,61.1,-6752,0.85,0.85,0.0,0.001091,cell(n=10),66.5,mon,132,280,50,30354,1469,12032,12032,5.12,5.12,32.6,1.5,21.6,0,8,1,0,1,0,0,0
SENSEX,W_1230_1400,SLP25,18,898.5,2352,837,61.1,-6752,0.85,0.85,0.0,0.001091,cell(n=10),66.5,mon,132,280,50,37542,1356,12032,12032,5.12,5.12,32.6,0.8,21.6,0,8,1,0,1,0,0,0
SENSEX,W_1230_1400,SLP30,18,898.5,2352,837,61.1,-6752,0.85,0.85,0.0,0.001091,cell(n=10),66.5,mon,132,280,50,44730,1546,12032,12032,5.12,5.12,32.6,0.8,21.6,0,8,1,0,1,0,0,0
SENSEX,W_1230_1400,SLP40,18,898.5,2352,837,61.1,-6752,0.85,0.85,0.0,0.001091,cell(n=10),66.5,mon,132,280,50,59107,1346,12032,12032,5.12,5.12,32.6,0.0,21.6,0,8,1,0,1,0,0,0
SENSEX,W_1230_1415,NOSTOP,18,898.5,1028,1176,61.1,-6296,1.29,1.29,0.0,0.001101,cell(n=10),73.0,dte,132,280,50,,,13152,13152,12.79,12.79,26.5,0.0,27.4,0,7,1,0,1,0,0,0
SENSEX,W_1230_1415,R1000,18,898.5,960,-963,55.6,-12472,-0.61,-0.61,22.2,0.001101,cell(n=10),73.0,dte,132,280,50,9600,1168,9600,13152,10.0,13.7,31.8,11.4,23.9,0,7,0,0,1,0,0,0
SENSEX,W_1230_1415,R1500,18,898.5,1028,-115,61.1,-15552,-0.08,-0.08,11.1,0.001101,cell(n=10),73.0,dte,132,280,50,13600,1246,13152,13152,12.79,12.79,26.5,4.5,27.4,0,7,1,0,1,0,0,0
SENSEX,W_1230_1415,R2500,18,898.5,1028,1176,61.1,-6296,1.29,1.29,0.0,0.001101,cell(n=10),73.0,dte,132,280,50,21600,1522,13152,13152,12.79,12.79,26.5,2.3,27.4,0,7,1,0,1,0,0,0
SENSEX,W_1230_1415,R500,18,898.5,-796,-1908,44.4,-11288,-1.23,-1.23,44.4,0.001101,cell(n=10),73.0,dte,132,280,50,5600,657,5600,10856,,,65.9,50.0,10.8,2,7,0,0,0,0,0,0
SENSEX,W_1230_1415,SLP10,18,898.5,1028,611,61.1,-14824,0.49,0.49,5.6,0.001101,cell(n=10),73.0,dte,132,280,50,15977,1208,13152,13152,12.79,12.79,26.5,3.8,27.4,0,7,1,0,1,0,0,0
SENSEX,W_1230_1415,SLP15,18,898.5,1028,1176,61.1,-6296,1.29,1.29,0.0,0.001101,cell(n=10),73.0,dte,132,280,50,23165,1457,13152,13152,12.79,12.79,26.5,2.3,27.4,0,7,1,0,1,0,0,0
SENSEX,W_1230_1415,SLP20,18,898.5,1028,1176,61.1,-6296,1.29,1.29,0.0,0.001101,cell(n=10),73.0,dte,132,280,50,30354,1469,13152,13152,12.79,12.79,26.5,1.5,27.4,0,7,1,0,1,0,0,0
SENSEX,W_1230_1415,SLP25,18,898.5,1028,1176,61.1,-6296,1.29,1.29,0.0,0.001101,cell(n=10),73.0,dte,132,280,50,37542,1356,13152,13152,12.79,12.79,26.5,0.8,27.4,0,7,1,0,1,0,0,0
SENSEX,W_1230_1415,SLP30,18,898.5,1028,1176,61.1,-6296,1.29,1.29,0.0,0.001101,cell(n=10),73.0,dte,132,280,50,44730,1546,13152,13152,12.79,12.79,26.5,0.8,27.4,0,7,1,0,1,0,0,0
SENSEX,W_1230_1415,SLP40,18,898.5,1028,1176,61.1,-6296,1.29,1.29,0.0,0.001101,cell(n=10),73.0,dte,132,280,50,59107,1346,13152,13152,12.79,12.79,26.5,0.0,27.4,0,7,1,0,1,0,0,0
SENSEX,W_1230_1430,NOSTOP,18,898.5,1752,1794,61.1,-5704,1.91,1.91,0.0,0.001106,cell(n=11),82.4,mon,132,280,50,,,14705,14705,8.39,8.39,28.8,0.0,27.1,0,5,1,0,1,0,0,0
SENSEX,W_1230_1430,R1000,18,898.5,384,-538,50.0,-12472,-0.33,-0.33,22.2,0.001106,cell(n=11),82.4,mon,132,280,50,9600,1168,9600,14705,25.0,38.3,31.8,15.9,24.0,0,5,0,0,1,0,0,0
SENSEX,W_1230_1430,R1500,18,898.5,1752,403,55.6,-15552,0.26,0.26,11.1,0.001106,cell(n=11),82.4,mon,132,280,50,13600,1246,13600,14705,7.76,8.39,28.0,6.1,27.4,0,5,0,0,1,0,0,0
SENSEX,W_1230_1430,R2500,18,898.5,1752,1794,61.1,-5704,1.91,1.91,0.0,0.001106,cell(n=11),82.4,mon,132,280,50,21600,1522,14705,14705,8.39,8.39,28.8,3.0,27.1,0,5,1,0,1,0,0,0
SENSEX,W_1230_1430,R500,18,898.5,-2372,-1811,44.4,-11288,-1.11,-1.11,44.4,0.001106,cell(n=11),82.4,mon,132,280,50,5600,657,5600,10856,,,64.4,52.3,13.6,0,5,0,0,0,0,0,0
SENSEX,W_1230_1430,SLP10,18,898.5,1752,1288,61.1,-14824,1.02,1.02,5.6,0.001106,cell(n=11),82.4,mon,132,280,50,15977,1208,14705,14705,8.39,8.39,28.8,3.8,27.1,0,5,1,0,1,0,0,0
SENSEX,W_1230_1430,SLP15,18,898.5,1752,1794,61.1,-5704,1.91,1.91,0.0,0.001106,cell(n=11),82.4,mon,132,280,50,23165,1457,14705,14705,8.39,8.39,28.8,2.3,27.1,0,5,1,0,1,0,0,0
SENSEX,W_1230_1430,SLP20,18,898.5,1752,1794,61.1,-5704,1.91,1.91,0.0,0.001106,cell(n=11),82.4,mon,132,280,50,30354,1469,14705,14705,8.39,8.39,28.8,1.5,27.1,0,5,1,0,1,0,0,0
SENSEX,W_1230_1430,SLP25,18,898.5,1752,1794,61.1,-5704,1.91,1.91,0.0,0.001106,cell(n=11),82.4,mon,132,280,50,37542,1356,14705,14705,8.39,8.39,28.8,0.8,27.1,0,5,1,0,1,0,0,0
SENSEX,W_1230_1430,SLP30,18,898.5,1752,1794,61.1,-5704,1.91,1.91,0.0,0.001106,cell(n=11),82.4,mon,132,280,50,44730,1546,14705,14705,8.39,8.39,28.8,0.8,27.1,0,5,1,0,1,0,0,0
SENSEX,W_1230_1430,SLP40,18,898.5,1752,1794,61.1,-5704,1.91,1.91,0.0,0.001106,cell(n=11),82.4,mon,132,280,50,59107,1346,14705,14705,8.39,8.39,28.8,0.0,27.1,0,5,1,0,1,0,0,0
SENSEX,W_1245_1315,NOSTOP,18,912.0,492,-644,61.1,-12520,-0.84,-0.84,0.0,0.000865,pooled(n=1202),38.9,mon,132,280,50,,,6512,6512,13.24,13.24,0.0,0.0,116.9,0,5,1,0,1,0,0,0
SENSEX,W_1245_1315,R1000,18,912.0,492,-555,61.1,-10912,-0.81,-0.81,5.6,0.000865,pooled(n=1202),38.9,mon,132,280,50,9600,1168,6512,6512,13.24,13.24,2.3,2.3,116.9,0,5,1,0,1,0,0,0
SENSEX,W_1245_1315,R1500,18,912.0,492,-757,61.1,-14552,-0.87,-0.87,5.6,0.000865,pooled(n=1202),38.9,mon,132,280,50,13600,1246,6512,6512,13.24,13.24,1.5,1.5,116.9,0,5,1,0,1,0,0,0
SENSEX,W_1245_1315,R2500,18,912.0,492,-644,61.1,-12520,-0.84,-0.84,0.0,0.000865,pooled(n=1202),38.9,mon,132,280,50,21600,1522,6512,6512,13.24,13.24,0.0,0.0,116.9,0,5,1,0,1,0,0,0
SENSEX,W_1245_1315,R500,18,912.0,492,-1051,61.1,-9760,-1.3,-1.3,16.7,0.000865,pooled(n=1202),38.9,mon,132,280,50,5600,657,5600,6512,11.38,13.24,6.8,6.8,29.6,0,5,1,0,1,0,0,0
SENSEX,W_1245_1315,SLP10,18,912.0,492,-720,61.1,-13896,-0.86,-0.86,5.6,0.000865,pooled(n=1202),38.9,mon,132,280,50,16191,1208,6512,6512,13.24,13.24,0.8,0.8,116.9,0,5,1,0,1,0,0,0
SENSEX,W_1245_1315,SLP15,18,912.0,492,-644,61.1,-12520,-0.84,-0.84,0.0,0.000865,pooled(n=1202),38.9,mon,132,280,50,23487,1457,6512,6512,13.24,13.24,0.0,0.0,116.9,0,5,1,0,1,0,0,0
SENSEX,W_1245_1315,SLP20,18,912.0,492,-644,61.1,-12520,-0.84,-0.84,0.0,0.000865,pooled(n=1202),38.9,mon,132,280,50,30782,1469,6512,6512,13.24,13.24,0.0,0.0,116.9,0,5,1,0,1,0,0,0
SENSEX,W_1245_1315,SLP25,18,912.0,492,-644,61.1,-12520,-0.84,-0.84,0.0,0.000865,pooled(n=1202),38.9,mon,132,280,50,38078,1356,6512,6512,13.24,13.24,0.0,0.0,116.9,0,5,1,0,1,0,0,0
SENSEX,W_1245_1315,SLP30,18,912.0,492,-644,61.1,-12520,-0.84,-0.84,0.0,0.000865,pooled(n=1202),38.9,mon,132,280,50,45374,1546,6512,6512,13.24,13.24,0.0,0.0,116.9,0,5,1,0,1,0,0,0
SENSEX,W_1245_1315,SLP40,18,912.0,492,-644,61.1,-12520,-0.84,-0.84,0.0,0.000865,pooled(n=1202),38.9,mon,132,280,50,59965,1346,6512,6512,13.24,13.24,0.0,0.0,116.9,0,5,1,0,1,0,0,0
SENSEX,W_1245_1330,NOSTOP,18,912.0,1248,-102,66.7,-11376,-0.12,-0.12,0.0,0.000865,pooled(n=1202),47.6,mon,132,280,50,,,7610,7610,6.1,6.1,24.2,0.0,17.2,0,7,1,0,1,0,0,0
SENSEX,W_1245_1330,R1000,18,912.0,1248,-76,66.7,-10912,-0.09,-0.09,5.6,0.000865,pooled(n=1202),47.6,mon,132,280,50,9600,1168,7610,7610,6.1,6.1,24.2,3.0,17.2,0,7,1,0,1,0,0,0
SENSEX,W_1245_1330,R1500,18,912.0,1248,-279,66.7,-14552,-0.28,-0.28,5.6,0.000865,pooled(n=1202),47.6,mon,132,280,50,13600,1246,7610,7610,6.1,6.1,24.2,2.3,17.2,0,7,1,0,1,0,0,0
SENSEX,W_1245_1330,R2500,18,912.0,1248,-102,66.7,-11376,-0.12,-0.12,0.0,0.000865,pooled(n=1202),47.6,mon,132,280,50,21600,1522,7610,7610,6.1,6.1,24.2,0.8,17.2,0,7,1,0,1,0,0,0
SENSEX,W_1245_1330,R500,18,912.0,956,-930,61.1,-9760,-0.96,-0.96,22.2,0.000865,pooled(n=1202),47.6,mon,132,280,50,5600,657,5600,7610,5.86,7.96,44.7,12.1,9.5,0,7,1,0,0,0,0,0
SENSEX,W_1245_1330,SLP10,18,912.0,1248,-242,66.7,-13896,-0.25,-0.25,5.6,0.000865,pooled(n=1202),47.6,mon,132,280,50,16191,1208,7610,7610,6.1,6.1,24.2,1.5,17.2,0,7,1,0,1,0,0,0
SENSEX,W_1245_1330,SLP15,18,912.0,1248,-102,66.7,-11376,-0.12,-0.12,0.0,0.000865,pooled(n=1202),47.6,mon,132,280,50,23487,1457,7610,7610,6.1,6.1,24.2,0.0,17.2,0,7,1,0,1,0,0,0
SENSEX,W_1245_1330,SLP20,18,912.0,1248,-102,66.7,-11376,-0.12,-0.12,0.0,0.000865,pooled(n=1202),47.6,mon,132,280,50,30782,1469,7610,7610,6.1,6.1,24.2,0.0,17.2,0,7,1,0,1,0,0,0
SENSEX,W_1245_1330,SLP25,18,912.0,1248,-102,66.7,-11376,-0.12,-0.12,0.0,0.000865,pooled(n=1202),47.6,mon,132,280,50,38078,1356,7610,7610,6.1,6.1,24.2,0.0,17.2,0,7,1,0,1,0,0,0
SENSEX,W_1245_1330,SLP30,18,912.0,1248,-102,66.7,-11376,-0.12,-0.12,0.0,0.000865,pooled(n=1202),47.6,mon,132,280,50,45374,1546,7610,7610,6.1,6.1,24.2,0.0,17.2,0,7,1,0,1,0,0,0
SENSEX,W_1245_1330,SLP40,18,912.0,1248,-102,66.7,-11376,-0.12,-0.12,0.0,0.000865,pooled(n=1202),47.6,mon,132,280,50,59965,1346,7610,7610,6.1,6.1,24.2,0.0,17.2,0,7,1,0,1,0,0,0
SENSEX,W_1245_1345,NOSTOP,18,912.0,1008,389,72.2,-10840,0.46,0.46,0.0,0.000865,pooled(n=1202),54.3,mon,132,280,50,,,8456,8456,8.39,8.39,42.4,0.0,12.7,0,8,1,0,0,0,0,0
SENSEX,W_1245_1345,R1000,18,912.0,1008,385,72.2,-10912,0.45,0.45,5.6,0.000865,pooled(n=1202),54.3,mon,132,280,50,9600,1168,8456,8456,8.39,8.39,42.4,3.0,12.7,0,8,1,0,0,0,0,0
SENSEX,W_1245_1345,R1500,18,912.0,1008,183,72.2,-14552,0.18,0.18,5.6,0.000865,pooled(n=1202),54.3,mon,132,280,50,13600,1246,8456,8456,8.39,8.39,42.4,2.3,12.7,0,8,1,0,0,0,0,0
SENSEX,W_1245_1345,R2500,18,912.0,1008,389,72.2,-10840,0.46,0.46,0.0,0.000865,pooled(n=1202),54.3,mon,132,280,50,21600,1522,8456,8456,8.39,8.39,42.4,0.8,12.7,0,8,1,0,0,0,0,0
SENSEX,W_1245_1345,R500,18,912.0,1008,-442,66.7,-9760,-0.42,-0.42,22.2,0.000865,pooled(n=1202),54.3,mon,132,280,50,5600,657,5600,8456,5.56,8.39,50.8,18.2,10.1,1,8,1,0,0,0,0,0
SENSEX,W_1245_1345,SLP10,18,912.0,1008,220,72.2,-13896,0.22,0.22,5.6,0.000865,pooled(n=1202),54.3,mon,132,280,50,16191,1208,8456,8456,8.39,8.39,42.4,1.5,12.7,0,8,1,0,0,0,0,0
SENSEX,W_1245_1345,SLP15,18,912.0,1008,389,72.2,-10840,0.46,0.46,0.0,0.000865,pooled(n=1202),54.3,mon,132,280,50,23487,1457,8456,8456,8.39,8.39,42.4,0.0,12.7,0,8,1,0,0,0,0,0
SENSEX,W_1245_1345,SLP20,18,912.0,1008,389,72.2,-10840,0.46,0.46,0.0,0.000865,pooled(n=1202),54.3,mon,132,280,50,30782,1469,8456,8456,8.39,8.39,42.4,0.0,12.7,0,8,1,0,0,0,0,0
SENSEX,W_1245_1345,SLP25,18,912.0,1008,389,72.2,-10840,0.46,0.46,0.0,0.000865,pooled(n=1202),54.3,mon,132,280,50,38078,1356,8456,8456,8.39,8.39,42.4,0.0,12.7,0,8,1,0,0,0,0,0
SENSEX,W_1245_1345,SLP30,18,912.0,1008,389,72.2,-10840,0.46,0.46,0.0,0.000865,pooled(n=1202),54.3,mon,132,280,50,45374,1546,8456,8456,8.39,8.39,42.4,0.0,12.7,0,8,1,0,0,0,0,0
SENSEX,W_1245_1345,SLP40,18,912.0,1008,389,72.2,-10840,0.46,0.46,0.0,0.000865,pooled(n=1202),54.3,mon,132,280,50,59965,1346,8456,8456,8.39,8.39,42.4,0.0,12.7,0,8,1,0,0,0,0,0
SENSEX,W_1245_1400,NOSTOP,18,912.0,1920,1268,72.2,-7176,1.54,1.54,0.0,0.000865,pooled(n=1202),63.9,mon,132,280,50,,,9669,9669,5.04,5.04,30.3,0.0,20.1,0,8,1,0,1,0,0,0
SENSEX,W_1245_1400,R1000,18,912.0,1920,776,72.2,-10936,0.7,0.7,11.1,0.000865,pooled(n=1202),63.9,mon,132,280,50,9600,1168,9600,9669,5.0,5.04,30.3,3.0,20.1,0,8,1,0,1,0,0,0
SENSEX,W_1245_1400,R1500,18,912.0,1920,783,72.2,-14552,0.68,0.68,5.6,0.000865,pooled(n=1202),63.9,mon,132,280,50,13600,1246,9669,9669,5.04,5.04,30.3,2.3,20.1,0,8,1,0,1,0,0,0
SENSEX,W_1245_1400,R2500,18,912.0,1920,1268,72.2,-7176,1.54,1.54,0.0,0.000865,pooled(n=1202),63.9,mon,132,280,50,21600,1522,9669,9669,5.04,5.04,30.3,1.5,20.1,0,8,1,0,1,0,0,0
SENSEX,W_1245_1400,R500,18,912.0,1920,238,66.7,-9760,0.21,0.21,22.2,0.000865,pooled(n=1202),63.9,mon,132,280,50,5600,657,5600,9669,2.92,5.04,41.7,25.0,15.5,0,8,1,1,0,0,0,0
SENSEX,W_1245_1400,SLP10,18,912.0,1920,819,72.2,-13896,0.73,0.73,5.6,0.000865,pooled(n=1202),63.9,mon,132,280,50,16191,1208,9669,9669,5.04,5.04,30.3,1.5,20.1,0,8,1,0,1,0,0,0
SENSEX,W_1245_1400,SLP15,18,912.0,1920,1268,72.2,-7176,1.54,1.54,0.0,0.000865,pooled(n=1202),63.9,mon,132,280,50,23487,1457,9669,9669,5.04,5.04,30.3,1.5,20.1,0,8,1,0,1,0,0,0
SENSEX,W_1245_1400,SLP20,18,912.0,1920,1268,72.2,-7176,1.54,1.54,0.0,0.000865,pooled(n=1202),63.9,mon,132,280,50,30782,1469,9669,9669,5.04,5.04,30.3,0.0,20.1,0,8,1,0,1,0,0,0
SENSEX,W_1245_1400,SLP25,18,912.0,1920,1268,72.2,-7176,1.54,1.54,0.0,0.000865,pooled(n=1202),63.9,mon,132,280,50,38078,1356,9669,9669,5.04,5.04,30.3,0.0,20.1,0,8,1,0,1,0,0,0
SENSEX,W_1245_1400,SLP30,18,912.0,1920,1268,72.2,-7176,1.54,1.54,0.0,0.000865,pooled(n=1202),63.9,mon,132,280,50,45374,1546,9669,9669,5.04,5.04,30.3,0.0,20.1,0,8,1,0,1,0,0,0
SENSEX,W_1245_1400,SLP40,18,912.0,1920,1268,72.2,-7176,1.54,1.54,0.0,0.000865,pooled(n=1202),63.9,mon,132,280,50,59965,1346,9669,9669,5.04,5.04,30.3,0.0,20.1,0,8,1,0,1,0,0,0
SENSEX,W_1245_1415,NOSTOP,18,912.0,2524,1641,72.2,-4832,2.07,2.07,0.0,0.000667,cell(n=8),69.1,mon,132,280,50,,,8322,8322,3.3,3.3,23.5,0.0,29.0,0,8,1,0,1,0,0,0
SENSEX,W_1245_1415,R1000,18,912.0,2524,851,72.2,-10936,0.71,0.71,11.1,0.000667,cell(n=8),69.1,mon,132,280,50,9600,1168,8322,8322,3.3,3.3,26.5,3.0,26.2,0,8,1,0,1,0,0,0
SENSEX,W_1245_1415,R1500,18,912.0,2524,1039,72.2,-14552,0.89,0.89,5.6,0.000667,cell(n=8),69.1,mon,132,280,50,13600,1246,8322,8322,3.3,3.3,23.5,1.5,29.0,0,8,1,0,1,0,0,0
SENSEX,W_1245_1415,R2500,18,912.0,2524,1641,72.2,-4832,2.07,2.07,0.0,0.000667,cell(n=8),69.1,mon,132,280,50,21600,1522,8322,8322,3.3,3.3,23.5,0.8,29.0,0,8,1,0,1,0,0,0
SENSEX,W_1245_1415,R500,18,912.0,1548,-228,61.1,-9760,-0.19,-0.19,27.8,0.000667,cell(n=8),69.1,mon,132,280,50,5600,657,5600,8322,3.62,5.38,29.5,20.5,22.1,1,8,1,0,1,0,0,0
SENSEX,W_1245_1415,SLP10,18,912.0,2524,1076,72.2,-13896,0.94,0.94,5.6,0.000667,cell(n=8),69.1,mon,132,280,50,16191,1208,8322,8322,3.3,3.3,23.5,1.5,29.0,0,8,1,0,1,0,0,0
SENSEX,W_1245_1415,SLP15,18,912.0,2524,1641,72.2,-4832,2.07,2.07,0.0,0.000667,cell(n=8),69.1,mon,132,280,50,23487,1457,8322,8322,3.3,3.3,23.5,0.8,29.0,0,8,1,0,1,0,0,0
SENSEX,W_1245_1415,SLP20,18,912.0,2524,1641,72.2,-4832,2.07,2.07,0.0,0.000667,cell(n=8),69.1,mon,132,280,50,30782,1469,8322,8322,3.3,3.3,23.5,0.0,29.0,0,8,1,0,1,0,0,0
SENSEX,W_1245_1415,SLP25,18,912.0,2524,1641,72.2,-4832,2.07,2.07,0.0,0.000667,cell(n=8),69.1,mon,132,280,50,38078,1356,8322,8322,3.3,3.3,23.5,0.0,29.0,0,8,1,0,1,0,0,0
SENSEX,W_1245_1415,SLP30,18,912.0,2524,1641,72.2,-4832,2.07,2.07,0.0,0.000667,cell(n=8),69.1,mon,132,280,50,45374,1546,8322,8322,3.3,3.3,23.5,0.0,29.0,0,8,1,0,1,0,0,0
SENSEX,W_1245_1415,SLP40,18,912.0,2524,1641,72.2,-4832,2.07,2.07,0.0,0.000667,cell(n=8),69.1,mon,132,280,50,59965,1346,8322,8322,3.3,3.3,23.5,0.0,29.0,0,8,1,0,1,0,0,0
SENSEX,W_1245_1430,NOSTOP,18,912.0,2748,2244,77.8,-6040,2.37,2.37,0.0,0.000626,cell(n=10),83.1,cur,132,280,50,,,9187,9187,3.34,3.34,24.2,0.0,27.6,0,7,1,0,1,0,0,0
SENSEX,W_1245_1430,R1000,18,912.0,2748,1631,77.8,-10936,1.28,1.28,11.1,0.000626,cell(n=10),83.1,cur,132,280,50,9600,1168,9187,9187,3.34,3.34,25.8,3.8,26.5,0,7,1,0,1,0,0,0
SENSEX,W_1245_1430,R1500,18,912.0,2748,1700,77.8,-14552,1.33,1.33,5.6,0.000626,cell(n=10),83.1,cur,132,280,50,13600,1246,9187,9187,3.34,3.34,24.2,1.5,27.6,0,7,1,0,1,0,0,0
SENSEX,W_1245_1430,R2500,18,912.0,2748,2244,77.8,-6040,2.37,2.37,0.0,0.000626,cell(n=10),83.1,cur,132,280,50,21600,1522,9187,9187,3.34,3.34,24.2,0.8,27.6,0,7,1,0,1,0,0,0
SENSEX,W_1245_1430,R500,18,912.0,1580,-90,61.1,-9760,-0.07,-0.07,33.3,0.000626,cell(n=10),83.1,cur,132,280,50,5600,657,5600,9187,3.54,5.81,25.8,22.0,28.4,0,7,1,0,1,0,0,0
SENSEX,W_1245_1430,SLP10,18,912.0,2748,1737,77.8,-13896,1.38,1.38,5.6,0.000626,cell(n=10),83.1,cur,132,280,50,16191,1208,9187,9187,3.34,3.34,24.2,1.5,27.6,0,7,1,0,1,0,0,0
SENSEX,W_1245_1430,SLP15,18,912.0,2748,2244,77.8,-6040,2.37,2.37,0.0,0.000626,cell(n=10),83.1,cur,132,280,50,23487,1457,9187,9187,3.34,3.34,24.2,0.0,27.6,0,7,1,0,1,0,0,0
SENSEX,W_1245_1430,SLP20,18,912.0,2748,2244,77.8,-6040,2.37,2.37,0.0,0.000626,cell(n=10),83.1,cur,132,280,50,30782,1469,9187,9187,3.34,3.34,24.2,0.0,27.6,0,7,1,0,1,0,0,0
SENSEX,W_1245_1430,SLP25,18,912.0,2748,2244,77.8,-6040,2.37,2.37,0.0,0.000626,cell(n=10),83.1,cur,132,280,50,38078,1356,9187,9187,3.34,3.34,24.2,0.0,27.6,0,7,1,0,1,0,0,0
SENSEX,W_1245_1430,SLP30,18,912.0,2748,2244,77.8,-6040,2.37,2.37,0.0,0.000626,cell(n=10),83.1,cur,132,280,50,45374,1546,9187,9187,3.34,3.34,24.2,0.0,27.6,0,7,1,0,1,0,0,0
SENSEX,W_1245_1430,SLP40,18,912.0,2748,2244,77.8,-6040,2.37,2.37,0.0,0.000626,cell(n=10),83.1,cur,132,280,50,59965,1346,9187,9187,3.34,3.34,24.2,0.0,27.6,0,7,1,0,1,0,0,0
SENSEX,W_1245_1445,NOSTOP,18,912.0,1492,1224,66.7,-7232,1.31,1.31,0.0,0.000656,cell(n=10),92.2,cur,132,280,50,,,10430,10430,6.99,6.99,31.8,0.0,24.9,0,5,1,0,1,0,0,0
SENSEX,W_1245_1445,R1000,18,912.0,1492,687,66.7,-10936,0.57,0.57,11.1,0.000656,cell(n=10),92.2,cur,132,280,50,9600,1168,9600,10430,6.43,6.99,31.8,5.3,24.9,0,5,1,0,1,0,0,0
SENSEX,W_1245_1445,R1500,18,912.0,1492,818,66.7,-14552,0.68,0.68,5.6,0.000656,cell(n=10),92.2,cur,132,280,50,13600,1246,10430,10430,6.99,6.99,31.8,3.0,24.9,0,5,1,0,1,0,0,0
SENSEX,W_1245_1445,R2500,18,912.0,1492,1224,66.7,-7232,1.31,1.31,0.0,0.000656,cell(n=10),92.2,cur,132,280,50,21600,1522,10430,10430,6.99,6.99,31.8,0.8,24.9,0,5,1,0,1,0,0,0
SENSEX,W_1245_1445,R500,18,912.0,488,-1232,55.6,-9760,-0.94,-0.94,38.9,0.000656,cell(n=10),92.2,cur,132,280,50,5600,657,5600,10430,11.48,21.37,65.2,27.3,9.6,0,5,0,0,0,0,0,0
SENSEX,W_1245_1445,SLP10,18,912.0,1492,854,66.7,-13896,0.73,0.73,5.6,0.000656,cell(n=10),92.2,cur,132,280,50,16191,1208,10430,10430,6.99,6.99,31.8,1.5,24.9,0,5,1,0,1,0,0,0
SENSEX,W_1245_1445,SLP15,18,912.0,1492,1224,66.7,-7232,1.31,1.31,0.0,0.000656,cell(n=10),92.2,cur,132,280,50,23487,1457,10430,10430,6.99,6.99,31.8,0.8,24.9,0,5,1,0,1,0,0,0
SENSEX,W_1245_1445,SLP20,18,912.0,1492,1224,66.7,-7232,1.31,1.31,0.0,0.000656,cell(n=10),92.2,cur,132,280,50,30782,1469,10430,10430,6.99,6.99,31.8,0.0,24.9,0,5,1,0,1,0,0,0
SENSEX,W_1245_1445,SLP25,18,912.0,1492,1224,66.7,-7232,1.31,1.31,0.0,0.000656,cell(n=10),92.2,cur,132,280,50,38078,1356,10430,10430,6.99,6.99,31.8,0.0,24.9,0,5,1,0,1,0,0,0
SENSEX,W_1245_1445,SLP30,18,912.0,1492,1224,66.7,-7232,1.31,1.31,0.0,0.000656,cell(n=10),92.2,cur,132,280,50,45374,1546,10430,10430,6.99,6.99,31.8,0.0,24.9,0,5,1,0,1,0,0,0
SENSEX,W_1245_1445,SLP40,18,912.0,1492,1224,66.7,-7232,1.31,1.31,0.0,0.000656,cell(n=10),92.2,cur,132,280,50,59965,1346,10430,10430,6.99,6.99,31.8,0.0,24.9,0,5,1,0,1,0,0,0
SENSEX,W_1300_1330,NOSTOP,18,900.6,120,-443,55.6,-8368,-0.68,-0.68,0.0,0.000865,pooled(n=1202),37.6,mon,132,280,50,,,6289,6289,52.41,52.41,44.7,0.0,7.7,0,5,0,0,0,0,0,0
SENSEX,W_1300_1330,R1000,18,900.6,120,-443,55.6,-8368,-0.68,-0.68,0.0,0.000865,pooled(n=1202),37.6,mon,132,280,50,9600,1168,6289,6289,52.41,52.41,44.7,2.3,7.7,0,5,0,0,0,0,0,0
SENSEX,W_1300_1330,R1500,18,900.6,120,-443,55.6,-8368,-0.68,-0.68,0.0,0.000865,pooled(n=1202),37.6,mon,132,280,50,13600,1246,6289,6289,52.41,52.41,44.7,0.8,7.7,0,5,0,0,0,0,0,0
SENSEX,W_1300_1330,R2500,18,900.6,120,-443,55.6,-8368,-0.68,-0.68,0.0,0.000865,pooled(n=1202),37.6,mon,132,280,50,21600,1522,6289,6289,52.41,52.41,44.7,0.0,7.7,0,5,0,0,0,0,0,0
SENSEX,W_1300_1330,R500,18,900.6,120,-666,55.6,-7280,-0.91,-0.91,16.7,0.000865,pooled(n=1202),37.6,mon,132,280,50,5600,657,5600,6289,46.67,52.41,41.7,8.3,8.6,0,5,0,0,0,0,0,0
SENSEX,W_1300_1330,SLP10,18,900.6,120,-443,55.6,-8368,-0.68,-0.68,0.0,0.000865,pooled(n=1202),37.6,mon,132,280,50,16010,1208,6289,6289,52.41,52.41,44.7,0.8,7.7,0,5,0,0,0,0,0,0
SENSEX,W_1300_1330,SLP15,18,900.6,120,-443,55.6,-8368,-0.68,-0.68,0.0,0.000865,pooled(n=1202),37.6,mon,132,280,50,23216,1457,6289,6289,52.41,52.41,44.7,0.0,7.7,0,5,0,0,0,0,0,0
SENSEX,W_1300_1330,SLP20,18,900.6,120,-443,55.6,-8368,-0.68,-0.68,0.0,0.000865,pooled(n=1202),37.6,mon,132,280,50,30421,1469,6289,6289,52.41,52.41,44.7,0.0,7.7,0,5,0,0,0,0,0,0
SENSEX,W_1300_1330,SLP25,18,900.6,120,-443,55.6,-8368,-0.68,-0.68,0.0,0.000865,pooled(n=1202),37.6,mon,132,280,50,37626,1356,6289,6289,52.41,52.41,44.7,0.0,7.7,0,5,0,0,0,0,0,0
SENSEX,W_1300_1330,SLP30,18,900.6,120,-443,55.6,-8368,-0.68,-0.68,0.0,0.000865,pooled(n=1202),37.6,mon,132,280,50,44831,1546,6289,6289,52.41,52.41,44.7,0.0,7.7,0,5,0,0,0,0,0,0
SENSEX,W_1300_1330,SLP40,18,900.6,120,-443,55.6,-8368,-0.68,-0.68,0.0,0.000865,pooled(n=1202),37.6,mon,132,280,50,59242,1346,6289,6289,52.41,52.41,44.7,0.0,7.7,0,5,0,0,0,0,0,0
SENSEX,W_1300_1345,NOSTOP,18,900.6,32,38,50.0,-3096,0.09,0.09,0.0,0.000865,pooled(n=1202),46.5,mon,132,280,50,,,7399,7399,231.21,231.21,54.5,0.0,8.2,0,7,0,0,0,0,0,0
SENSEX,W_1300_1345,R1000,18,900.6,32,-467,50.0,-11632,-0.6,-0.6,5.6,0.000865,pooled(n=1202),46.5,mon,132,280,50,9600,1168,7399,7399,231.21,231.21,54.5,2.3,8.2,0,7,0,0,0,0,0,0
SENSEX,W_1300_1345,R1500,18,900.6,32,38,50.0,-3096,0.09,0.09,0.0,0.000865,pooled(n=1202),46.5,mon,132,280,50,13600,1246,7399,7399,231.21,231.21,54.5,1.5,8.2,0,7,0,0,0,0,0,0
SENSEX,W_1300_1345,R2500,18,900.6,32,38,50.0,-3096,0.09,0.09,0.0,0.000865,pooled(n=1202),46.5,mon,132,280,50,21600,1522,7399,7399,231.21,231.21,54.5,0.0,8.2,0,7,0,0,0,0,0,0
SENSEX,W_1300_1345,R500,18,900.6,32,-676,50.0,-7280,-0.89,-0.89,16.7,0.000865,pooled(n=1202),46.5,mon,132,280,50,5600,657,5600,7399,175.0,231.21,55.3,15.2,8.3,1,7,0,0,0,0,0,0
SENSEX,W_1300_1345,SLP10,18,900.6,32,38,50.0,-3096,0.09,0.09,0.0,0.000865,pooled(n=1202),46.5,mon,132,280,50,16010,1208,7399,7399,231.21,231.21,54.5,1.5,8.2,0,7,0,0,0,0,0,0
SENSEX,W_1300_1345,SLP15,18,900.6,32,38,50.0,-3096,0.09,0.09,0.0,0.000865,pooled(n=1202),46.5,mon,132,280,50,23216,1457,7399,7399,231.21,231.21,54.5,0.0,8.2,0,7,0,0,0,0,0,0
SENSEX,W_1300_1345,SLP20,18,900.6,32,38,50.0,-3096,0.09,0.09,0.0,0.000865,pooled(n=1202),46.5,mon,132,280,50,30421,1469,7399,7399,231.21,231.21,54.5,0.0,8.2,0,7,0,0,0,0,0,0
SENSEX,W_1300_1345,SLP25,18,900.6,32,38,50.0,-3096,0.09,0.09,0.0,0.000865,pooled(n=1202),46.5,mon,132,280,50,37626,1356,7399,7399,231.21,231.21,54.5,0.0,8.2,0,7,0,0,0,0,0,0
SENSEX,W_1300_1345,SLP30,18,900.6,32,38,50.0,-3096,0.09,0.09,0.0,0.000865,pooled(n=1202),46.5,mon,132,280,50,44831,1546,7399,7399,231.21,231.21,54.5,0.0,8.2,0,7,0,0,0,0,0,0
SENSEX,W_1300_1345,SLP40,18,900.6,32,38,50.0,-3096,0.09,0.09,0.0,0.000865,pooled(n=1202),46.5,mon,132,280,50,59242,1346,7399,7399,231.21,231.21,54.5,0.0,8.2,0,7,0,0,0,0,0,0
SENSEX,W_1300_1400,NOSTOP,18,900.6,1016,1060,72.2,-4240,2.0,2.0,0.0,0.000865,pooled(n=1202),55.6,mon,132,280,50,,,8534,8534,8.4,8.4,31.8,0.0,16.7,0,8,1,0,1,0,0,0
SENSEX,W_1300_1400,R1000,18,900.6,1016,503,72.2,-11632,0.57,0.57,5.6,0.000865,pooled(n=1202),55.6,mon,132,280,50,9600,1168,8534,8534,8.4,8.4,31.8,2.3,16.7,0,8,1,0,1,0,0,0
SENSEX,W_1300_1400,R1500,18,900.6,1016,1060,72.2,-4240,2.0,2.0,0.0,0.000865,pooled(n=1202),55.6,mon,132,280,50,13600,1246,8534,8534,8.4,8.4,31.8,1.5,16.7,0,8,1,0,1,0,0,0
SENSEX,W_1300_1400,R2500,18,900.6,1016,1060,72.2,-4240,2.0,2.0,0.0,0.000865,pooled(n=1202),55.6,mon,132,280,50,21600,1522,8534,8534,8.4,8.4,31.8,0.8,16.7,0,8,1,0,1,0,0,0
SENSEX,W_1300_1400,R500,18,900.6,940,180,66.7,-7280,0.21,0.21,16.7,0.000865,pooled(n=1202),55.6,mon,132,280,50,5600,657,5600,8534,5.96,9.08,31.8,21.2,19.2,1,8,1,0,1,0,0,0
SENSEX,W_1300_1400,SLP10,18,900.6,1016,1060,72.2,-4240,2.0,2.0,0.0,0.000865,pooled(n=1202),55.6,mon,132,280,50,16010,1208,8534,8534,8.4,8.4,31.8,1.5,16.7,0,8,1,0,1,0,0,0
SENSEX,W_1300_1400,SLP15,18,900.6,1016,1060,72.2,-4240,2.0,2.0,0.0,0.000865,pooled(n=1202),55.6,mon,132,280,50,23216,1457,8534,8534,8.4,8.4,31.8,0.8,16.7,0,8,1,0,1,0,0,0
SENSEX,W_1300_1400,SLP20,18,900.6,1016,1060,72.2,-4240,2.0,2.0,0.0,0.000865,pooled(n=1202),55.6,mon,132,280,50,30421,1469,8534,8534,8.4,8.4,31.8,0.0,16.7,0,8,1,0,1,0,0,0
SENSEX,W_1300_1400,SLP25,18,900.6,1016,1060,72.2,-4240,2.0,2.0,0.0,0.000865,pooled(n=1202),55.6,mon,132,280,50,37626,1356,8534,8534,8.4,8.4,31.8,0.0,16.7,0,8,1,0,1,0,0,0
SENSEX,W_1300_1400,SLP30,18,900.6,1016,1060,72.2,-4240,2.0,2.0,0.0,0.000865,pooled(n=1202),55.6,mon,132,280,50,44831,1546,8534,8534,8.4,8.4,31.8,0.0,16.7,0,8,1,0,1,0,0,0
SENSEX,W_1300_1400,SLP40,18,900.6,1016,1060,72.2,-4240,2.0,2.0,0.0,0.000865,pooled(n=1202),55.6,mon,132,280,50,59242,1346,8534,8534,8.4,8.4,31.8,0.0,16.7,0,8,1,0,1,0,0,0
SENSEX,W_1300_1415,NOSTOP,18,900.6,1532,1250,66.7,-4552,1.9,1.9,0.0,0.000865,pooled(n=1202),63.7,mon,132,280,50,,,9544,9544,6.23,6.23,25.0,0.0,23.4,1,8,1,0,1,0,0,0
SENSEX,W_1300_1415,R1000,18,900.6,1532,634,66.7,-11632,0.65,0.65,5.6,0.000865,pooled(n=1202),63.7,mon,132,280,50,9600,1168,9544,9544,6.23,6.23,23.5,4.5,24.3,1,8,1,0,1,0,0,0
SENSEX,W_1300_1415,R1500,18,900.6,1532,1250,66.7,-4552,1.9,1.9,0.0,0.000865,pooled(n=1202),63.7,mon,132,280,50,13600,1246,9544,9544,6.23,6.23,25.0,2.3,23.4,1,8,1,0,1,0,0,0
SENSEX,W_1300_1415,R2500,18,900.6,1532,1250,66.7,-4552,1.9,1.9,0.0,0.000865,pooled(n=1202),63.7,mon,132,280,50,21600,1522,9544,9544,6.23,6.23,25.0,0.8,23.4,1,8,1,0,1,0,0,0
SENSEX,W_1300_1415,R500,18,900.6,1132,-324,61.1,-7280,-0.3,-0.3,27.8,0.000865,pooled(n=1202),63.7,mon,132,280,50,5600,657,5600,9544,4.95,8.43,46.2,26.5,13.0,2,8,1,0,0,0,0,0
SENSEX,W_1300_1415,SLP10,18,900.6,1532,1250,66.7,-4552,1.9,1.9,0.0,0.000865,pooled(n=1202),63.7,mon,132,280,50,16010,1208,9544,9544,6.23,6.23,25.0,1.5,23.4,1,8,1,0,1,0,0,0
SENSEX,W_1300_1415,SLP15,18,900.6,1532,1250,66.7,-4552,1.9,1.9,0.0,0.000865,pooled(n=1202),63.7,mon,132,280,50,23216,1457,9544,9544,6.23,6.23,25.0,0.8,23.4,1,8,1,0,1,0,0,0
SENSEX,W_1300_1415,SLP20,18,900.6,1532,1250,66.7,-4552,1.9,1.9,0.0,0.000865,pooled(n=1202),63.7,mon,132,280,50,30421,1469,9544,9544,6.23,6.23,25.0,0.0,23.4,1,8,1,0,1,0,0,0
SENSEX,W_1300_1415,SLP25,18,900.6,1532,1250,66.7,-4552,1.9,1.9,0.0,0.000865,pooled(n=1202),63.7,mon,132,280,50,37626,1356,9544,9544,6.23,6.23,25.0,0.0,23.4,1,8,1,0,1,0,0,0
SENSEX,W_1300_1415,SLP30,18,900.6,1532,1250,66.7,-4552,1.9,1.9,0.0,0.000865,pooled(n=1202),63.7,mon,132,280,50,44831,1546,9544,9544,6.23,6.23,25.0,0.0,23.4,1,8,1,0,1,0,0,0
SENSEX,W_1300_1415,SLP40,18,900.6,1532,1250,66.7,-4552,1.9,1.9,0.0,0.000865,pooled(n=1202),63.7,mon,132,280,50,59242,1346,9544,9544,6.23,6.23,25.0,0.0,23.4,1,8,1,0,1,0,0,0
SENSEX,W_1300_1430,NOSTOP,18,900.6,2196,1968,72.2,-4096,2.55,2.55,0.0,0.000939,cell(n=9),70.5,dte,132,280,50,,,11142,11142,5.07,5.07,32.6,0.0,22.9,1,8,1,0,1,0,0,0
SENSEX,W_1300_1430,R1000,18,900.6,1996,1198,66.7,-11632,1.11,1.11,5.6,0.000939,cell(n=9),70.5,dte,132,280,50,9600,1168,9600,11142,4.81,5.58,31.1,7.6,24.3,1,8,1,0,1,0,0,0
SENSEX,W_1300_1430,R1500,18,900.6,2196,1968,72.2,-4096,2.55,2.55,0.0,0.000939,cell(n=9),70.5,dte,132,280,50,13600,1246,11142,11142,5.07,5.07,32.6,3.0,22.9,1,8,1,0,1,0,0,0
SENSEX,W_1300_1430,R2500,18,900.6,2196,1968,72.2,-4096,2.55,2.55,0.0,0.000939,cell(n=9),70.5,dte,132,280,50,21600,1522,11142,11142,5.07,5.07,32.6,1.5,22.9,1,8,1,0,1,0,0,0
SENSEX,W_1300_1430,R500,18,900.6,1628,-60,55.6,-8064,-0.05,-0.05,33.3,0.000939,cell(n=9),70.5,dte,132,280,50,5600,657,5600,10856,3.44,6.67,43.9,34.1,18.8,1,8,0,0,0,0,0,0
SENSEX,W_1300_1430,SLP10,18,900.6,2196,1968,72.2,-4096,2.55,2.55,0.0,0.000939,cell(n=9),70.5,dte,132,280,50,16010,1208,11142,11142,5.07,5.07,32.6,2.3,22.9,1,8,1,0,1,0,0,0
SENSEX,W_1300_1430,SLP15,18,900.6,2196,1968,72.2,-4096,2.55,2.55,0.0,0.000939,cell(n=9),70.5,dte,132,280,50,23216,1457,11142,11142,5.07,5.07,32.6,0.8,22.9,1,8,1,0,1,0,0,0
SENSEX,W_1300_1430,SLP20,18,900.6,2196,1968,72.2,-4096,2.55,2.55,0.0,0.000939,cell(n=9),70.5,dte,132,280,50,30421,1469,11142,11142,5.07,5.07,32.6,0.0,22.9,1,8,1,0,1,0,0,0
SENSEX,W_1300_1430,SLP25,18,900.6,2196,1968,72.2,-4096,2.55,2.55,0.0,0.000939,cell(n=9),70.5,dte,132,280,50,37626,1356,11142,11142,5.07,5.07,32.6,0.0,22.9,1,8,1,0,1,0,0,0
SENSEX,W_1300_1430,SLP30,18,900.6,2196,1968,72.2,-4096,2.55,2.55,0.0,0.000939,cell(n=9),70.5,dte,132,280,50,44831,1546,11142,11142,5.07,5.07,32.6,0.0,22.9,1,8,1,0,1,0,0,0
SENSEX,W_1300_1430,SLP40,18,900.6,2196,1968,72.2,-4096,2.55,2.55,0.0,0.000939,cell(n=9),70.5,dte,132,280,50,59242,1346,11142,11142,5.07,5.07,32.6,0.0,22.9,1,8,1,0,1,0,0,0
SENSEX,W_1300_1445,NOSTOP,18,900.6,-88,651,50.0,-4408,0.8,0.8,0.0,0.000939,cell(n=9),80.8,dte,132,280,50,,,12536,12536,,,58.3,0.0,10.2,2,7,0,0,0,0,0,0
SENSEX,W_1300_1445,R1000,18,900.6,-88,223,50.0,-11632,0.21,0.21,5.6,0.000939,cell(n=9),80.8,dte,132,280,50,9600,1168,9600,12536,,,59.1,9.8,10.1,2,7,0,0,0,0,0,0
SENSEX,W_1300_1445,R1500,18,900.6,-88,651,50.0,-4408,0.8,0.8,0.0,0.000939,cell(n=9),80.8,dte,132,280,50,13600,1246,12536,12536,,,58.3,3.0,10.2,2,7,0,0,0,0,0,0
SENSEX,W_1300_1445,R2500,18,900.6,-88,651,50.0,-4408,0.8,0.8,0.0,0.000939,cell(n=9),80.8,dte,132,280,50,21600,1522,12536,12536,,,58.3,1.5,10.2,2,7,0,0,0,0,0,0
SENSEX,W_1300_1445,R500,18,900.6,-212,-752,50.0,-8064,-0.63,-0.63,33.3,0.000939,cell(n=9),80.8,dte,132,280,50,5600,657,5600,10856,,,68.2,38.6,8.5,2,7,0,0,0,0,0,0
SENSEX,W_1300_1445,SLP10,18,900.6,-88,651,50.0,-4408,0.8,0.8,0.0,0.000939,cell(n=9),80.8,dte,132,280,50,16010,1208,12536,12536,,,58.3,3.0,10.2,2,7,0,0,0,0,0,0
SENSEX,W_1300_1445,SLP15,18,900.6,-88,651,50.0,-4408,0.8,0.8,0.0,0.000939,cell(n=9),80.8,dte,132,280,50,23216,1457,12536,12536,,,58.3,0.8,10.2,2,7,0,0,0,0,0,0
SENSEX,W_1300_1445,SLP20,18,900.6,-88,651,50.0,-4408,0.8,0.8,0.0,0.000939,cell(n=9),80.8,dte,132,280,50,30421,1469,12536,12536,,,58.3,0.0,10.2,2,7,0,0,0,0,0,0
SENSEX,W_1300_1445,SLP25,18,900.6,-88,651,50.0,-4408,0.8,0.8,0.0,0.000939,cell(n=9),80.8,dte,132,280,50,37626,1356,12536,12536,,,58.3,0.0,10.2,2,7,0,0,0,0,0,0
SENSEX,W_1300_1445,SLP30,18,900.6,-88,651,50.0,-4408,0.8,0.8,0.0,0.000939,cell(n=9),80.8,dte,132,280,50,44831,1546,12536,12536,,,58.3,0.0,10.2,2,7,0,0,0,0,0,0
SENSEX,W_1300_1445,SLP40,18,900.6,-88,651,50.0,-4408,0.8,0.8,0.0,0.000939,cell(n=9),80.8,dte,132,280,50,59242,1346,12536,12536,,,58.3,0.0,10.2,2,7,0,0,0,0,0,0
SENSEX,W_1300_1500,NOSTOP,18,900.6,1836,2574,72.2,-6576,2.36,2.36,0.0,0.00068,cell(n=10),88.4,mon,132,280,50,,,10257,10257,5.59,5.59,30.3,0.0,29.6,2,5,1,0,1,0,0,0
SENSEX,W_1300_1500,R1000,18,900.6,1836,2041,72.2,-11632,1.54,1.54,5.6,0.00068,cell(n=10),88.4,mon,132,280,50,9600,1168,9600,10257,5.23,5.59,31.1,6.8,29.3,2,5,1,0,1,0,0,0
SENSEX,W_1300_1500,R1500,18,900.6,1836,2574,72.2,-6576,2.36,2.36,0.0,0.00068,cell(n=10),88.4,mon,132,280,50,13600,1246,10257,10257,5.59,5.59,31.1,3.0,29.6,2,5,1,0,1,0,0,0
SENSEX,W_1300_1500,R2500,18,900.6,1836,2574,72.2,-6576,2.36,2.36,0.0,0.00068,cell(n=10),88.4,mon,132,280,50,21600,1522,10257,10257,5.59,5.59,30.3,0.0,29.6,2,5,1,0,1,0,0,0
SENSEX,W_1300_1500,R500,18,900.6,1064,452,55.6,-8064,0.29,0.29,38.9,0.00068,cell(n=10),88.4,mon,132,280,50,5600,657,5600,10257,5.26,9.64,36.4,28.0,29.9,2,5,0,0,1,0,0,0
SENSEX,W_1300_1500,SLP10,18,900.6,1836,2574,72.2,-6576,2.36,2.36,0.0,0.00068,cell(n=10),88.4,mon,132,280,50,16010,1208,10257,10257,5.59,5.59,31.1,2.3,29.6,2,5,1,0,1,0,0,0
SENSEX,W_1300_1500,SLP15,18,900.6,1836,2574,72.2,-6576,2.36,2.36,0.0,0.00068,cell(n=10),88.4,mon,132,280,50,23216,1457,10257,10257,5.59,5.59,30.3,0.0,29.6,2,5,1,0,1,0,0,0
SENSEX,W_1300_1500,SLP20,18,900.6,1836,2574,72.2,-6576,2.36,2.36,0.0,0.00068,cell(n=10),88.4,mon,132,280,50,30421,1469,10257,10257,5.59,5.59,30.3,0.0,29.6,2,5,1,0,1,0,0,0
SENSEX,W_1300_1500,SLP25,18,900.6,1836,2574,72.2,-6576,2.36,2.36,0.0,0.00068,cell(n=10),88.4,mon,132,280,50,37626,1356,10257,10257,5.59,5.59,30.3,0.0,29.6,2,5,1,0,1,0,0,0
SENSEX,W_1300_1500,SLP30,18,900.6,1836,2574,72.2,-6576,2.36,2.36,0.0,0.00068,cell(n=10),88.4,mon,132,280,50,44831,1546,10257,10257,5.59,5.59,30.3,0.0,29.6,2,5,1,0,1,0,0,0
SENSEX,W_1300_1500,SLP40,18,900.6,1836,2574,72.2,-6576,2.36,2.36,0.0,0.00068,cell(n=10),88.4,mon,132,280,50,59242,1346,10257,10257,5.59,5.59,30.3,0.0,29.6,2,5,1,0,1,0,0,0
SENSEX,W_1315_1345,NOSTOP,18,908.0,640,698,61.1,-1848,1.84,1.84,0.0,0.000865,pooled(n=1202),45.6,mon,132,280,50,,,7333,7333,11.46,11.46,12.9,0.0,19.2,0,5,1,0,1,0,0,0
SENSEX,W_1315_1345,R1000,18,908.0,640,193,61.1,-10576,0.27,0.27,5.6,0.000865,pooled(n=1202),45.6,mon,132,280,50,9600,1168,7333,7333,11.46,11.46,20.5,1.5,14.2,0,5,1,0,1,0,0,0
SENSEX,W_1315_1345,R1500,18,908.0,640,698,61.1,-1848,1.84,1.84,0.0,0.000865,pooled(n=1202),45.6,mon,132,280,50,13600,1246,7333,7333,11.46,11.46,12.9,0.8,19.2,0,5,1,0,1,0,0,0
SENSEX,W_1315_1345,R2500,18,908.0,640,698,61.1,-1848,1.84,1.84,0.0,0.000865,pooled(n=1202),45.6,mon,132,280,50,21600,1522,7333,7333,11.46,11.46,12.9,0.0,19.2,0,5,1,0,1,0,0,0
SENSEX,W_1315_1345,R500,18,908.0,640,261,61.1,-9352,0.39,0.39,5.6,0.000865,pooled(n=1202),45.6,mon,132,280,50,5600,657,5600,7333,8.75,11.46,21.2,6.1,14.2,0,5,1,0,1,0,0,0
SENSEX,W_1315_1345,SLP10,18,908.0,640,698,61.1,-1848,1.84,1.84,0.0,0.000865,pooled(n=1202),45.6,mon,132,280,50,16128,1208,7333,7333,11.46,11.46,12.9,0.0,19.2,0,5,1,0,1,0,0,0
SENSEX,W_1315_1345,SLP15,18,908.0,640,698,61.1,-1848,1.84,1.84,0.0,0.000865,pooled(n=1202),45.6,mon,132,280,50,23391,1457,7333,7333,11.46,11.46,12.9,0.0,19.2,0,5,1,0,1,0,0,0
SENSEX,W_1315_1345,SLP20,18,908.0,640,698,61.1,-1848,1.84,1.84,0.0,0.000865,pooled(n=1202),45.6,mon,132,280,50,30655,1469,7333,7333,11.46,11.46,12.9,0.0,19.2,0,5,1,0,1,0,0,0
SENSEX,W_1315_1345,SLP25,18,908.0,640,698,61.1,-1848,1.84,1.84,0.0,0.000865,pooled(n=1202),45.6,mon,132,280,50,37919,1356,7333,7333,11.46,11.46,12.9,0.0,19.2,0,5,1,0,1,0,0,0
SENSEX,W_1315_1345,SLP30,18,908.0,640,698,61.1,-1848,1.84,1.84,0.0,0.000865,pooled(n=1202),45.6,mon,132,280,50,45183,1546,7333,7333,11.46,11.46,12.9,0.0,19.2,0,5,1,0,1,0,0,0
SENSEX,W_1315_1345,SLP40,18,908.0,640,698,61.1,-1848,1.84,1.84,0.0,0.000865,pooled(n=1202),45.6,mon,132,280,50,59710,1346,7333,7333,11.46,11.46,12.9,0.0,19.2,0,5,1,0,1,0,0,0
SENSEX,W_1315_1400,NOSTOP,18,908.0,1600,1720,83.3,-1960,3.85,3.85,0.0,0.000865,pooled(n=1202),49.3,mon,132,280,50,,,7798,7798,4.87,4.87,22.7,0.0,17.2,0,7,1,0,1,0,0,0
SENSEX,W_1315_1400,R1000,18,908.0,1600,1162,83.3,-10576,1.43,1.43,5.6,0.000865,pooled(n=1202),49.3,mon,132,280,50,9600,1168,7798,7798,4.87,4.87,30.3,2.3,14.6,0,7,1,0,1,0,0,0
SENSEX,W_1315_1400,R1500,18,908.0,1600,1720,83.3,-1960,3.85,3.85,0.0,0.000865,pooled(n=1202),49.3,mon,132,280,50,13600,1246,7798,7798,4.87,4.87,22.7,0.8,17.2,0,7,1,0,1,0,0,0
SENSEX,W_1315_1400,R2500,18,908.0,1600,1720,83.3,-1960,3.85,3.85,0.0,0.000865,pooled(n=1202),49.3,mon,132,280,50,21600,1522,7798,7798,4.87,4.87,22.7,0.8,17.2,0,7,1,0,1,0,0,0
SENSEX,W_1315_1400,R500,18,908.0,1600,1230,83.3,-9352,1.63,1.63,5.6,0.000865,pooled(n=1202),49.3,mon,132,280,50,5600,657,5600,7798,3.5,4.87,31.1,12.9,14.6,0,7,1,0,1,0,0,0
SENSEX,W_1315_1400,SLP10,18,908.0,1600,1720,83.3,-1960,3.85,3.85,0.0,0.000865,pooled(n=1202),49.3,mon,132,280,50,16128,1208,7798,7798,4.87,4.87,22.7,0.8,17.2,0,7,1,0,1,0,0,0
SENSEX,W_1315_1400,SLP15,18,908.0,1600,1720,83.3,-1960,3.85,3.85,0.0,0.000865,pooled(n=1202),49.3,mon,132,280,50,23391,1457,7798,7798,4.87,4.87,22.7,0.0,17.2,0,7,1,0,1,0,0,0
SENSEX,W_1315_1400,SLP20,18,908.0,1600,1720,83.3,-1960,3.85,3.85,0.0,0.000865,pooled(n=1202),49.3,mon,132,280,50,30655,1469,7798,7798,4.87,4.87,22.7,0.0,17.2,0,7,1,0,1,0,0,0
SENSEX,W_1315_1400,SLP25,18,908.0,1600,1720,83.3,-1960,3.85,3.85,0.0,0.000865,pooled(n=1202),49.3,mon,132,280,50,37919,1356,7798,7798,4.87,4.87,22.7,0.0,17.2,0,7,1,0,1,0,0,0
SENSEX,W_1315_1400,SLP30,18,908.0,1600,1720,83.3,-1960,3.85,3.85,0.0,0.000865,pooled(n=1202),49.3,mon,132,280,50,45183,1546,7798,7798,4.87,4.87,22.7,0.0,17.2,0,7,1,0,1,0,0,0
SENSEX,W_1315_1400,SLP40,18,908.0,1600,1720,83.3,-1960,3.85,3.85,0.0,0.000865,pooled(n=1202),49.3,mon,132,280,50,59710,1346,7798,7798,4.87,4.87,22.7,0.0,17.2,0,7,1,0,1,0,0,0
SENSEX,W_1315_1415,NOSTOP,18,908.0,1844,2148,88.9,-4704,3.26,3.26,0.0,0.000865,pooled(n=1202),60.4,mon,132,280,50,,,9193,9193,4.99,4.99,12.1,0.0,30.4,1,8,1,0,1,0,0,0
SENSEX,W_1315_1415,R1000,18,908.0,1844,1532,83.3,-10576,1.59,1.59,5.6,0.000865,pooled(n=1202),60.4,mon,132,280,50,9600,1168,9193,9193,4.99,4.99,5.3,3.8,44.1,1,8,1,0,1,0,0,0
SENSEX,W_1315_1415,R1500,18,908.0,1844,2148,88.9,-4704,3.26,3.26,0.0,0.000865,pooled(n=1202),60.4,mon,132,280,50,13600,1246,9193,9193,4.99,4.99,12.1,1.5,30.4,1,8,1,0,1,0,0,0
SENSEX,W_1315_1415,R2500,18,908.0,1844,2148,88.9,-4704,3.26,3.26,0.0,0.000865,pooled(n=1202),60.4,mon,132,280,50,21600,1522,9193,9193,4.99,4.99,12.1,0.8,30.4,1,8,1,0,1,0,0,0
SENSEX,W_1315_1415,R500,18,908.0,1844,1487,83.3,-9352,1.54,1.54,11.1,0.000865,pooled(n=1202),60.4,mon,132,280,50,5600,657,5600,9193,3.04,4.99,17.4,17.4,44.1,1,8,1,0,1,0,0,0
SENSEX,W_1315_1415,SLP10,18,908.0,1844,2148,88.9,-4704,3.26,3.26,0.0,0.000865,pooled(n=1202),60.4,mon,132,280,50,16128,1208,9193,9193,4.99,4.99,12.1,0.8,30.4,1,8,1,0,1,0,0,0
SENSEX,W_1315_1415,SLP15,18,908.0,1844,2148,88.9,-4704,3.26,3.26,0.0,0.000865,pooled(n=1202),60.4,mon,132,280,50,23391,1457,9193,9193,4.99,4.99,12.1,0.0,30.4,1,8,1,0,1,0,0,0
SENSEX,W_1315_1415,SLP20,18,908.0,1844,2148,88.9,-4704,3.26,3.26,0.0,0.000865,pooled(n=1202),60.4,mon,132,280,50,30655,1469,9193,9193,4.99,4.99,12.1,0.0,30.4,1,8,1,0,1,0,0,0
SENSEX,W_1315_1415,SLP25,18,908.0,1844,2148,88.9,-4704,3.26,3.26,0.0,0.000865,pooled(n=1202),60.4,mon,132,280,50,37919,1356,9193,9193,4.99,4.99,12.1,0.0,30.4,1,8,1,0,1,0,0,0
SENSEX,W_1315_1415,SLP30,18,908.0,1844,2148,88.9,-4704,3.26,3.26,0.0,0.000865,pooled(n=1202),60.4,mon,132,280,50,45183,1546,9193,9193,4.99,4.99,12.1,0.0,30.4,1,8,1,0,1,0,0,0
SENSEX,W_1315_1415,SLP40,18,908.0,1844,2148,88.9,-4704,3.26,3.26,0.0,0.000865,pooled(n=1202),60.4,mon,132,280,50,59710,1346,9193,9193,4.99,4.99,12.1,0.0,30.4,1,8,1,0,1,0,0,0
SENSEX,W_1315_1430,NOSTOP,18,908.0,3620,2919,77.8,-2664,4.05,4.05,0.0,0.000865,pooled(n=1202),66.6,mon,132,280,50,,,9973,9973,2.75,2.75,26.5,0.0,22.9,0,8,1,1,1,0,0,0
SENSEX,W_1315_1430,R1000,18,908.0,3436,2149,72.2,-10576,2.07,2.07,5.6,0.000865,pooled(n=1202),66.6,mon,132,280,50,9600,1168,9600,9973,2.79,2.9,22.7,6.1,25.3,0,8,1,1,1,0,0,0
SENSEX,W_1315_1430,R1500,18,908.0,3620,2919,77.8,-2664,4.05,4.05,0.0,0.000865,pooled(n=1202),66.6,mon,132,280,50,13600,1246,9973,9973,2.75,2.75,26.5,2.3,22.9,0,8,1,1,1,0,0,0
SENSEX,W_1315_1430,R2500,18,908.0,3620,2919,77.8,-2664,4.05,4.05,0.0,0.000865,pooled(n=1202),66.6,mon,132,280,50,21600,1522,9973,9973,2.75,2.75,26.5,0.8,22.9,0,8,1,1,1,0,0,0
SENSEX,W_1315_1430,R500,18,908.0,3436,1621,66.7,-9352,1.38,1.38,16.7,0.000865,pooled(n=1202),66.6,mon,132,280,50,5600,657,5600,9973,1.63,2.9,27.3,24.2,25.8,0,8,1,1,1,0,0,0
SENSEX,W_1315_1430,SLP10,18,908.0,3620,2919,77.8,-2664,4.05,4.05,0.0,0.000865,pooled(n=1202),66.6,mon,132,280,50,16128,1208,9973,9973,2.75,2.75,26.5,1.5,22.9,0,8,1,1,1,0,0,0
SENSEX,W_1315_1430,SLP15,18,908.0,3620,2919,77.8,-2664,4.05,4.05,0.0,0.000865,pooled(n=1202),66.6,mon,132,280,50,23391,1457,9973,9973,2.75,2.75,26.5,0.0,22.9,0,8,1,1,1,0,0,0
SENSEX,W_1315_1430,SLP20,18,908.0,3620,2919,77.8,-2664,4.05,4.05,0.0,0.000865,pooled(n=1202),66.6,mon,132,280,50,30655,1469,9973,9973,2.75,2.75,26.5,0.0,22.9,0,8,1,1,1,0,0,0
SENSEX,W_1315_1430,SLP25,18,908.0,3620,2919,77.8,-2664,4.05,4.05,0.0,0.000865,pooled(n=1202),66.6,mon,132,280,50,37919,1356,9973,9973,2.75,2.75,26.5,0.0,22.9,0,8,1,1,1,0,0,0
SENSEX,W_1315_1430,SLP30,18,908.0,3620,2919,77.8,-2664,4.05,4.05,0.0,0.000865,pooled(n=1202),66.6,mon,132,280,50,45183,1546,9973,9973,2.75,2.75,26.5,0.0,22.9,0,8,1,1,1,0,0,0
SENSEX,W_1315_1430,SLP40,18,908.0,3620,2919,77.8,-2664,4.05,4.05,0.0,0.000865,pooled(n=1202),66.6,mon,132,280,50,59710,1346,9973,9973,2.75,2.75,26.5,0.0,22.9,0,8,1,1,1,0,0,0
SENSEX,W_1315_1445,NOSTOP,18,908.0,1180,1700,61.1,-2864,2.2,2.2,0.0,0.000865,pooled(n=1202),77.5,mon,132,280,50,,,11343,11343,9.61,9.61,34.8,0.0,18.6,3,8,1,0,1,1,0,0
SENSEX,W_1315_1445,R1000,18,908.0,1180,1272,61.1,-10576,1.26,1.26,5.6,0.000865,pooled(n=1202),77.5,mon,132,280,50,9600,1168,9600,11343,8.14,9.61,34.8,7.6,18.4,3,8,1,0,1,1,0,0
SENSEX,W_1315_1445,R1500,18,908.0,1180,1700,61.1,-2864,2.2,2.2,0.0,0.000865,pooled(n=1202),77.5,mon,132,280,50,13600,1246,11343,11343,9.61,9.61,34.8,3.0,18.6,3,8,1,0,1,1,0,0
SENSEX,W_1315_1445,R2500,18,908.0,1180,1700,61.1,-2864,2.2,2.2,0.0,0.000865,pooled(n=1202),77.5,mon,132,280,50,21600,1522,11343,11343,9.61,9.61,34.8,0.8,18.6,3,8,1,0,1,1,0,0
SENSEX,W_1315_1445,R500,18,908.0,1180,859,61.1,-9352,0.77,0.77,16.7,0.000865,pooled(n=1202),77.5,mon,132,280,50,5600,657,5600,10856,4.75,9.2,40.2,29.5,17.9,3,8,1,0,0,1,0,0
SENSEX,W_1315_1445,SLP10,18,908.0,1180,1700,61.1,-2864,2.2,2.2,0.0,0.000865,pooled(n=1202),77.5,mon,132,280,50,16128,1208,11343,11343,9.61,9.61,34.8,2.3,18.6,3,8,1,0,1,1,0,0
SENSEX,W_1315_1445,SLP15,18,908.0,1180,1700,61.1,-2864,2.2,2.2,0.0,0.000865,pooled(n=1202),77.5,mon,132,280,50,23391,1457,11343,11343,9.61,9.61,34.8,0.0,18.6,3,8,1,0,1,1,0,0
SENSEX,W_1315_1445,SLP20,18,908.0,1180,1700,61.1,-2864,2.2,2.2,0.0,0.000865,pooled(n=1202),77.5,mon,132,280,50,30655,1469,11343,11343,9.61,9.61,34.8,0.0,18.6,3,8,1,0,1,1,0,0
SENSEX,W_1315_1445,SLP25,18,908.0,1180,1700,61.1,-2864,2.2,2.2,0.0,0.000865,pooled(n=1202),77.5,mon,132,280,50,37919,1356,11343,11343,9.61,9.61,34.8,0.0,18.6,3,8,1,0,1,1,0,0
SENSEX,W_1315_1445,SLP30,18,908.0,1180,1700,61.1,-2864,2.2,2.2,0.0,0.000865,pooled(n=1202),77.5,mon,132,280,50,45183,1546,11343,11343,9.61,9.61,34.8,0.0,18.6,3,8,1,0,1,1,0,0
SENSEX,W_1315_1445,SLP40,18,908.0,1180,1700,61.1,-2864,2.2,2.2,0.0,0.000865,pooled(n=1202),77.5,mon,132,280,50,59710,1346,11343,11343,9.61,9.61,34.8,0.0,18.6,3,8,1,0,1,1,0,0
SENSEX,W_1315_1500,NOSTOP,18,908.0,3204,3963,72.2,-984,4.07,4.07,0.0,0.000261,cell(n=8),89.6,mon,132,280,50,,,4994,4994,1.56,1.56,18.2,0.0,37.3,3,7,1,1,1,1,0,0
SENSEX,W_1315_1500,R1000,18,908.0,3204,3430,72.2,-10576,2.76,2.76,5.6,0.000261,cell(n=8),89.6,mon,132,280,50,9600,1168,4994,4994,1.56,1.56,22.0,0.0,34.2,3,7,1,1,1,1,0,0
SENSEX,W_1315_1500,R1500,18,908.0,3204,3963,72.2,-984,4.07,4.07,0.0,0.000261,cell(n=8),89.6,mon,132,280,50,13600,1246,4994,4994,1.56,1.56,18.2,0.0,37.3,3,7,1,1,1,1,0,0
SENSEX,W_1315_1500,R2500,18,908.0,3204,3963,72.2,-984,4.07,4.07,0.0,0.000261,cell(n=8),89.6,mon,132,280,50,21600,1522,4994,4994,1.56,1.56,18.2,0.0,37.3,3,7,1,1,1,1,0,0
SENSEX,W_1315_1500,R500,18,908.0,3204,2785,72.2,-9352,1.97,1.97,16.7,0.000261,cell(n=8),89.6,mon,132,280,50,5600,657,4994,4994,1.56,1.56,22.0,2.3,34.2,2,7,1,1,1,0,0,0
SENSEX,W_1315_1500,SLP10,18,908.0,3204,3963,72.2,-984,4.07,4.07,0.0,0.000261,cell(n=8),89.6,mon,132,280,50,16128,1208,4994,4994,1.56,1.56,18.2,0.0,37.3,3,7,1,1,1,1,0,0
SENSEX,W_1315_1500,SLP15,18,908.0,3204,3963,72.2,-984,4.07,4.07,0.0,0.000261,cell(n=8),89.6,mon,132,280,50,23391,1457,4994,4994,1.56,1.56,18.2,0.0,37.3,3,7,1,1,1,1,0,0
SENSEX,W_1315_1500,SLP20,18,908.0,3204,3963,72.2,-984,4.07,4.07,0.0,0.000261,cell(n=8),89.6,mon,132,280,50,30655,1469,4994,4994,1.56,1.56,18.2,0.0,37.3,3,7,1,1,1,1,0,0
SENSEX,W_1315_1500,SLP25,18,908.0,3204,3963,72.2,-984,4.07,4.07,0.0,0.000261,cell(n=8),89.6,mon,132,280,50,37919,1356,4994,4994,1.56,1.56,18.2,0.0,37.3,3,7,1,1,1,1,0,0
SENSEX,W_1315_1500,SLP30,18,908.0,3204,3963,72.2,-984,4.07,4.07,0.0,0.000261,cell(n=8),89.6,mon,132,280,50,45183,1546,4994,4994,1.56,1.56,18.2,0.0,37.3,3,7,1,1,1,1,0,0
SENSEX,W_1315_1500,SLP40,18,908.0,3204,3963,72.2,-984,4.07,4.07,0.0,0.000261,cell(n=8),89.6,mon,132,280,50,59710,1346,4994,4994,1.56,1.56,18.2,0.0,37.3,3,7,1,1,1,1,0,0
SENSEX,W_1315_1515,NOSTOP,18,908.0,4104,3674,83.3,-4592,3.18,3.18,0.0,0.000244,cell(n=10),93.8,mon,132,280,50,,,4921,4921,1.2,1.2,0.8,0.0,131.4,4,5,1,1,1,1,0,0
SENSEX,W_1315_1515,R1000,18,908.0,3392,2348,77.8,-11904,1.48,1.48,11.1,0.000244,cell(n=10),93.8,mon,132,280,50,9600,1168,4921,4921,1.45,1.45,0.0,0.0,146.4,4,5,1,1,1,1,0,0
SENSEX,W_1315_1515,R1500,18,908.0,4104,3674,83.3,-4592,3.18,3.18,0.0,0.000244,cell(n=10),93.8,mon,132,280,50,13600,1246,4921,4921,1.2,1.2,0.8,0.0,131.4,4,5,1,1,1,1,0,0
SENSEX,W_1315_1515,R2500,18,908.0,4104,3674,83.3,-4592,3.18,3.18,0.0,0.000244,cell(n=10),93.8,mon,132,280,50,21600,1522,4921,4921,1.2,1.2,0.8,0.0,131.4,4,5,1,1,1,1,0,0
SENSEX,W_1315_1515,R500,18,908.0,3392,1845,72.2,-9656,1.12,1.12,27.8,0.000244,cell(n=10),93.8,mon,132,280,50,5600,657,4921,4921,1.45,1.45,3.0,3.0,198.5,3,5,1,1,1,1,0,0
SENSEX,W_1315_1515,SLP10,18,908.0,4104,3674,83.3,-4592,3.18,3.18,0.0,0.000244,cell(n=10),93.8,mon,132,280,50,16128,1208,4921,4921,1.2,1.2,0.8,0.0,131.4,4,5,1,1,1,1,0,0
SENSEX,W_1315_1515,SLP15,18,908.0,4104,3674,83.3,-4592,3.18,3.18,0.0,0.000244,cell(n=10),93.8,mon,132,280,50,23391,1457,4921,4921,1.2,1.2,0.8,0.0,131.4,4,5,1,1,1,1,0,0
SENSEX,W_1315_1515,SLP20,18,908.0,4104,3674,83.3,-4592,3.18,3.18,0.0,0.000244,cell(n=10),93.8,mon,132,280,50,30655,1469,4921,4921,1.2,1.2,0.8,0.0,131.4,4,5,1,1,1,1,0,0
SENSEX,W_1315_1515,SLP25,18,908.0,4104,3674,83.3,-4592,3.18,3.18,0.0,0.000244,cell(n=10),93.8,mon,132,280,50,37919,1356,4921,4921,1.2,1.2,0.8,0.0,131.4,4,5,1,1,1,1,0,0
SENSEX,W_1315_1515,SLP30,18,908.0,4104,3674,83.3,-4592,3.18,3.18,0.0,0.000244,cell(n=10),93.8,mon,132,280,50,45183,1546,4921,4921,1.2,1.2,0.8,0.0,131.4,4,5,1,1,1,1,0,0
SENSEX,W_1315_1515,SLP40,18,908.0,4104,3674,83.3,-4592,3.18,3.18,0.0,0.000244,cell(n=10),93.8,mon,132,280,50,59710,1346,4921,4921,1.2,1.2,0.8,0.0,131.4,4,5,1,1,1,1,0,0
SENSEX,W_1330_1400,NOSTOP,18,898.8,540,871,72.2,-1600,2.12,2.12,0.0,0.000865,pooled(n=1202),41.5,mon,132,280,50,,,6764,6764,12.53,12.53,43.2,0.0,8.0,0,5,1,0,0,0,0,0
SENSEX,W_1330_1400,R1000,18,898.8,540,871,72.2,-1600,2.12,2.12,0.0,0.000865,pooled(n=1202),41.5,mon,132,280,50,9600,1168,6764,6764,12.53,12.53,43.2,0.8,8.0,0,5,1,0,0,0,0,0
SENSEX,W_1330_1400,R1500,18,898.8,540,871,72.2,-1600,2.12,2.12,0.0,0.000865,pooled(n=1202),41.5,mon,132,280,50,13600,1246,6764,6764,12.53,12.53,43.2,0.8,8.0,0,5,1,0,0,0,0,0
SENSEX,W_1330_1400,R2500,18,898.8,540,871,72.2,-1600,2.12,2.12,0.0,0.000865,pooled(n=1202),41.5,mon,132,280,50,21600,1522,6764,6764,12.53,12.53,43.2,0.0,8.0,0,5,1,0,0,0,0,0
SENSEX,W_1330_1400,R500,18,898.8,540,582,72.2,-6728,1.01,1.01,5.6,0.000865,pooled(n=1202),41.5,mon,132,280,50,5600,657,5600,6764,10.37,12.53,43.2,8.3,8.0,0,5,1,0,0,0,0,0
SENSEX,W_1330_1400,SLP10,18,898.8,540,871,72.2,-1600,2.12,2.12,0.0,0.000865,pooled(n=1202),41.5,mon,132,280,50,15980,1208,6764,6764,12.53,12.53,43.2,0.8,8.0,0,5,1,0,0,0,0,0
SENSEX,W_1330_1400,SLP15,18,898.8,540,871,72.2,-1600,2.12,2.12,0.0,0.000865,pooled(n=1202),41.5,mon,132,280,50,23170,1457,6764,6764,12.53,12.53,43.2,0.0,8.0,0,5,1,0,0,0,0,0
SENSEX,W_1330_1400,SLP20,18,898.8,540,871,72.2,-1600,2.12,2.12,0.0,0.000865,pooled(n=1202),41.5,mon,132,280,50,30360,1469,6764,6764,12.53,12.53,43.2,0.0,8.0,0,5,1,0,0,0,0,0
SENSEX,W_1330_1400,SLP25,18,898.8,540,871,72.2,-1600,2.12,2.12,0.0,0.000865,pooled(n=1202),41.5,mon,132,280,50,37550,1356,6764,6764,12.53,12.53,43.2,0.0,8.0,0,5,1,0,0,0,0,0
SENSEX,W_1330_1400,SLP30,18,898.8,540,871,72.2,-1600,2.12,2.12,0.0,0.000865,pooled(n=1202),41.5,mon,132,280,50,44740,1546,6764,6764,12.53,12.53,43.2,0.0,8.0,0,5,1,0,0,0,0,0
SENSEX,W_1330_1400,SLP40,18,898.8,540,871,72.2,-1600,2.12,2.12,0.0,0.000865,pooled(n=1202),41.5,mon,132,280,50,59120,1346,6764,6764,12.53,12.53,43.2,0.0,8.0,0,5,1,0,0,0,0,0
SENSEX,W_1330_1415,NOSTOP,18,898.8,1076,984,66.7,-4416,1.59,1.59,0.0,0.000865,pooled(n=1202),49.0,mon,132,280,50,,,7698,7698,7.15,7.15,20.5,0.0,20.2,1,7,1,0,1,0,0,0
SENSEX,W_1330_1415,R1000,18,898.8,1076,984,66.7,-4416,1.59,1.59,0.0,0.000865,pooled(n=1202),49.0,mon,132,280,50,9600,1168,7698,7698,7.15,7.15,20.5,3.0,20.2,1,7,1,0,1,0,0,0
SENSEX,W_1330_1415,R1500,18,898.8,1076,984,66.7,-4416,1.59,1.59,0.0,0.000865,pooled(n=1202),49.0,mon,132,280,50,13600,1246,7698,7698,7.15,7.15,20.5,0.8,20.2,1,7,1,0,1,0,0,0
SENSEX,W_1330_1415,R2500,18,898.8,1076,984,66.7,-4416,1.59,1.59,0.0,0.000865,pooled(n=1202),49.0,mon,132,280,50,21600,1522,7698,7698,7.15,7.15,20.5,0.0,20.2,1,7,1,0,1,0,0,0
SENSEX,W_1330_1415,R500,18,898.8,952,380,61.1,-6728,0.47,0.47,11.1,0.000865,pooled(n=1202),49.0,mon,132,280,50,5600,657,5600,7698,5.88,8.09,21.2,13.6,20.3,1,7,1,0,1,0,0,0
SENSEX,W_1330_1415,SLP10,18,898.8,1076,984,66.7,-4416,1.59,1.59,0.0,0.000865,pooled(n=1202),49.0,mon,132,280,50,15980,1208,7698,7698,7.15,7.15,20.5,0.8,20.2,1,7,1,0,1,0,0,0
SENSEX,W_1330_1415,SLP15,18,898.8,1076,984,66.7,-4416,1.59,1.59,0.0,0.000865,pooled(n=1202),49.0,mon,132,280,50,23170,1457,7698,7698,7.15,7.15,20.5,0.0,20.2,1,7,1,0,1,0,0,0
SENSEX,W_1330_1415,SLP20,18,898.8,1076,984,66.7,-4416,1.59,1.59,0.0,0.000865,pooled(n=1202),49.0,mon,132,280,50,30360,1469,7698,7698,7.15,7.15,20.5,0.0,20.2,1,7,1,0,1,0,0,0
SENSEX,W_1330_1415,SLP25,18,898.8,1076,984,66.7,-4416,1.59,1.59,0.0,0.000865,pooled(n=1202),49.0,mon,132,280,50,37550,1356,7698,7698,7.15,7.15,20.5,0.0,20.2,1,7,1,0,1,0,0,0
SENSEX,W_1330_1415,SLP30,18,898.8,1076,984,66.7,-4416,1.59,1.59,0.0,0.000865,pooled(n=1202),49.0,mon,132,280,50,44740,1546,7698,7698,7.15,7.15,20.5,0.0,20.2,1,7,1,0,1,0,0,0
SENSEX,W_1330_1415,SLP40,18,898.8,1076,984,66.7,-4416,1.59,1.59,0.0,0.000865,pooled(n=1202),49.0,mon,132,280,50,59120,1346,7698,7698,7.15,7.15,20.5,0.0,20.2,1,7,1,0,1,0,0,0
SENSEX,W_1330_1430,NOSTOP,18,898.8,1516,1412,72.2,-5584,2.05,2.05,0.0,0.000865,pooled(n=1202),62.3,mon,132,280,50,,,9353,9353,6.17,6.17,11.4,0.0,32.6,1,8,1,0,1,0,0,0
SENSEX,W_1330_1430,R1000,18,898.8,1516,1412,72.2,-5584,2.05,2.05,0.0,0.000865,pooled(n=1202),62.3,mon,132,280,50,9600,1168,9353,9353,6.17,6.17,12.1,5.3,32.6,1,8,1,0,1,0,0,0
SENSEX,W_1330_1430,R1500,18,898.8,1516,1412,72.2,-5584,2.05,2.05,0.0,0.000865,pooled(n=1202),62.3,mon,132,280,50,13600,1246,9353,9353,6.17,6.17,12.1,1.5,32.6,1,8,1,0,1,0,0,0
SENSEX,W_1330_1430,R2500,18,898.8,1516,1412,72.2,-5584,2.05,2.05,0.0,0.000865,pooled(n=1202),62.3,mon,132,280,50,21600,1522,9353,9353,6.17,6.17,11.4,0.0,32.6,1,8,1,0,1,0,0,0
SENSEX,W_1330_1430,R500,18,898.8,1344,712,66.7,-6728,0.77,0.77,16.7,0.000865,pooled(n=1202),62.3,mon,132,280,50,5600,657,5600,9353,4.17,6.96,18.2,18.2,32.6,1,8,1,0,1,0,0,0
SENSEX,W_1330_1430,SLP10,18,898.8,1516,1412,72.2,-5584,2.05,2.05,0.0,0.000865,pooled(n=1202),62.3,mon,132,280,50,15980,1208,9353,9353,6.17,6.17,12.1,0.8,32.6,1,8,1,0,1,0,0,0
SENSEX,W_1330_1430,SLP15,18,898.8,1516,1412,72.2,-5584,2.05,2.05,0.0,0.000865,pooled(n=1202),62.3,mon,132,280,50,23170,1457,9353,9353,6.17,6.17,11.4,0.0,32.6,1,8,1,0,1,0,0,0
SENSEX,W_1330_1430,SLP20,18,898.8,1516,1412,72.2,-5584,2.05,2.05,0.0,0.000865,pooled(n=1202),62.3,mon,132,280,50,30360,1469,9353,9353,6.17,6.17,11.4,0.0,32.6,1,8,1,0,1,0,0,0
SENSEX,W_1330_1430,SLP25,18,898.8,1516,1412,72.2,-5584,2.05,2.05,0.0,0.000865,pooled(n=1202),62.3,mon,132,280,50,37550,1356,9353,9353,6.17,6.17,11.4,0.0,32.6,1,8,1,0,1,0,0,0
SENSEX,W_1330_1430,SLP30,18,898.8,1516,1412,72.2,-5584,2.05,2.05,0.0,0.000865,pooled(n=1202),62.3,mon,132,280,50,44740,1546,9353,9353,6.17,6.17,11.4,0.0,32.6,1,8,1,0,1,0,0,0
SENSEX,W_1330_1430,SLP40,18,898.8,1516,1412,72.2,-5584,2.05,2.05,0.0,0.000865,pooled(n=1202),62.3,mon,132,280,50,59120,1346,9353,9353,6.17,6.17,11.4,0.0,32.6,1,8,1,0,1,0,0,0
SENSEX,W_1330_1445,NOSTOP,18,898.8,592,521,61.1,-4816,0.79,0.79,0.0,0.000865,pooled(n=1202),75.7,mon,132,280,50,,,11020,11020,18.62,18.62,60.6,0.0,7.9,4,8,1,0,0,1,0,0
SENSEX,W_1330_1445,R1000,18,898.8,592,521,61.1,-4816,0.79,0.79,0.0,0.000865,pooled(n=1202),75.7,mon,132,280,50,9600,1168,9600,11020,16.22,18.62,60.6,6.1,7.9,4,8,1,0,0,1,0,0
SENSEX,W_1330_1445,R1500,18,898.8,592,521,61.1,-4816,0.79,0.79,0.0,0.000865,pooled(n=1202),75.7,mon,132,280,50,13600,1246,11020,11020,18.62,18.62,60.6,1.5,7.9,4,8,1,0,0,1,0,0
SENSEX,W_1330_1445,R2500,18,898.8,592,521,61.1,-4816,0.79,0.79,0.0,0.000865,pooled(n=1202),75.7,mon,132,280,50,21600,1522,11020,11020,18.62,18.62,60.6,0.0,7.9,4,8,1,0,0,1,0,0
SENSEX,W_1330_1445,R500,18,898.8,460,-204,55.6,-6728,-0.24,-0.24,16.7,0.000865,pooled(n=1202),75.7,mon,132,280,50,5600,657,5600,10856,12.17,23.6,65.9,23.5,6.8,4,8,0,0,0,1,0,0
SENSEX,W_1330_1445,SLP10,18,898.8,592,521,61.1,-4816,0.79,0.79,0.0,0.000865,pooled(n=1202),75.7,mon,132,280,50,15980,1208,11020,11020,18.62,18.62,60.6,1.5,7.9,4,8,1,0,0,1,0,0
SENSEX,W_1330_1445,SLP15,18,898.8,592,521,61.1,-4816,0.79,0.79,0.0,0.000865,pooled(n=1202),75.7,mon,132,280,50,23170,1457,11020,11020,18.62,18.62,60.6,0.0,7.9,4,8,1,0,0,1,0,0
SENSEX,W_1330_1445,SLP20,18,898.8,592,521,61.1,-4816,0.79,0.79,0.0,0.000865,pooled(n=1202),75.7,mon,132,280,50,30360,1469,11020,11020,18.62,18.62,60.6,0.0,7.9,4,8,1,0,0,1,0,0
SENSEX,W_1330_1445,SLP25,18,898.8,592,521,61.1,-4816,0.79,0.79,0.0,0.000865,pooled(n=1202),75.7,mon,132,280,50,37550,1356,11020,11020,18.62,18.62,60.6,0.0,7.9,4,8,1,0,0,1,0,0
SENSEX,W_1330_1445,SLP30,18,898.8,592,521,61.1,-4816,0.79,0.79,0.0,0.000865,pooled(n=1202),75.7,mon,132,280,50,44740,1546,11020,11020,18.62,18.62,60.6,0.0,7.9,4,8,1,0,0,1,0,0
SENSEX,W_1330_1445,SLP40,18,898.8,592,521,61.1,-4816,0.79,0.79,0.0,0.000865,pooled(n=1202),75.7,mon,132,280,50,59120,1346,11020,11020,18.62,18.62,60.6,0.0,7.9,4,8,1,0,0,1,0,0
SENSEX,W_1330_1500,NOSTOP,18,898.8,3296,2600,66.7,-5088,2.57,2.57,0.0,0.000423,cell(n=8),81.4,mon,132,280,50,,,6546,6546,1.99,1.99,14.4,0.0,41.6,4,8,1,1,1,1,0,0
SENSEX,W_1330_1500,R1000,18,898.8,3296,2600,66.7,-5088,2.57,2.57,0.0,0.000423,cell(n=8),81.4,mon,132,280,50,9600,1168,6546,6546,1.99,1.99,14.4,1.5,41.6,4,8,1,1,1,1,0,0
SENSEX,W_1330_1500,R1500,18,898.8,3296,2600,66.7,-5088,2.57,2.57,0.0,0.000423,cell(n=8),81.4,mon,132,280,50,13600,1246,6546,6546,1.99,1.99,14.4,0.0,41.6,4,8,1,1,1,1,0,0
SENSEX,W_1330_1500,R2500,18,898.8,3296,2600,66.7,-5088,2.57,2.57,0.0,0.000423,cell(n=8),81.4,mon,132,280,50,21600,1522,6546,6546,1.99,1.99,14.4,0.0,41.6,4,8,1,1,1,1,0,0
SENSEX,W_1330_1500,R500,18,898.8,2020,1603,61.1,-6728,1.34,1.34,16.7,0.000423,cell(n=8),81.4,mon,132,280,50,5600,657,5600,6546,2.77,3.24,24.2,8.3,29.2,4,8,1,1,1,1,0,0
SENSEX,W_1330_1500,SLP10,18,898.8,3296,2600,66.7,-5088,2.57,2.57,0.0,0.000423,cell(n=8),81.4,mon,132,280,50,15980,1208,6546,6546,1.99,1.99,14.4,0.0,41.6,4,8,1,1,1,1,0,0
SENSEX,W_1330_1500,SLP15,18,898.8,3296,2600,66.7,-5088,2.57,2.57,0.0,0.000423,cell(n=8),81.4,mon,132,280,50,23170,1457,6546,6546,1.99,1.99,14.4,0.0,41.6,4,8,1,1,1,1,0,0
SENSEX,W_1330_1500,SLP20,18,898.8,3296,2600,66.7,-5088,2.57,2.57,0.0,0.000423,cell(n=8),81.4,mon,132,280,50,30360,1469,6546,6546,1.99,1.99,14.4,0.0,41.6,4,8,1,1,1,1,0,0
SENSEX,W_1330_1500,SLP25,18,898.8,3296,2600,66.7,-5088,2.57,2.57,0.0,0.000423,cell(n=8),81.4,mon,132,280,50,37550,1356,6546,6546,1.99,1.99,14.4,0.0,41.6,4,8,1,1,1,1,0,0
SENSEX,W_1330_1500,SLP30,18,898.8,3296,2600,66.7,-5088,2.57,2.57,0.0,0.000423,cell(n=8),81.4,mon,132,280,50,44740,1546,6546,6546,1.99,1.99,14.4,0.0,41.6,4,8,1,1,1,1,0,0
SENSEX,W_1330_1500,SLP40,18,898.8,3296,2600,66.7,-5088,2.57,2.57,0.0,0.000423,cell(n=8),81.4,mon,132,280,50,59120,1346,6546,6546,1.99,1.99,14.4,0.0,41.6,4,8,1,1,1,1,0,0
SENSEX,W_1330_1515,NOSTOP,18,898.8,2684,2284,66.7,-5224,2.1,2.1,0.0,0.00051,cell(n=10),87.3,mon,132,280,50,,,8007,8007,2.98,2.98,15.9,0.0,46.4,6,7,1,1,1,1,0,0
SENSEX,W_1330_1515,R1000,18,898.8,2684,1808,66.7,-12608,1.36,1.36,5.6,0.00051,cell(n=10),87.3,mon,132,280,50,9600,1168,8007,8007,2.98,2.98,18.2,2.3,43.2,6,7,1,1,1,1,0,0
SENSEX,W_1330_1515,R1500,18,898.8,2684,2284,66.7,-5224,2.1,2.1,0.0,0.00051,cell(n=10),87.3,mon,132,280,50,13600,1246,8007,8007,2.98,2.98,15.9,0.8,46.4,6,7,1,1,1,1,0,0
SENSEX,W_1330_1515,R2500,18,898.8,2684,2284,66.7,-5224,2.1,2.1,0.0,0.00051,cell(n=10),87.3,mon,132,280,50,21600,1522,8007,8007,2.98,2.98,15.9,0.0,46.4,6,7,1,1,1,1,0,0
SENSEX,W_1330_1515,R500,18,898.8,2136,438,55.6,-10360,0.3,0.3,27.8,0.00051,cell(n=10),87.3,mon,132,280,50,5600,657,5600,8007,2.62,3.75,20.5,16.7,42.4,7,7,0,1,1,1,0,0
SENSEX,W_1330_1515,SLP10,18,898.8,2684,2284,66.7,-5224,2.1,2.1,0.0,0.00051,cell(n=10),87.3,mon,132,280,50,15980,1208,8007,8007,2.98,2.98,15.9,0.0,46.4,6,7,1,1,1,1,0,0
SENSEX,W_1330_1515,SLP15,18,898.8,2684,2284,66.7,-5224,2.1,2.1,0.0,0.00051,cell(n=10),87.3,mon,132,280,50,23170,1457,8007,8007,2.98,2.98,15.9,0.0,46.4,6,7,1,1,1,1,0,0
SENSEX,W_1330_1515,SLP20,18,898.8,2684,2284,66.7,-5224,2.1,2.1,0.0,0.00051,cell(n=10),87.3,mon,132,280,50,30360,1469,8007,8007,2.98,2.98,15.9,0.0,46.4,6,7,1,1,1,1,0,0
SENSEX,W_1330_1515,SLP25,18,898.8,2684,2284,66.7,-5224,2.1,2.1,0.0,0.00051,cell(n=10),87.3,mon,132,280,50,37550,1356,8007,8007,2.98,2.98,15.9,0.0,46.4,6,7,1,1,1,1,0,0
SENSEX,W_1330_1515,SLP30,18,898.8,2684,2284,66.7,-5224,2.1,2.1,0.0,0.00051,cell(n=10),87.3,mon,132,280,50,44740,1546,8007,8007,2.98,2.98,15.9,0.0,46.4,6,7,1,1,1,1,0,0
SENSEX,W_1330_1515,SLP40,18,898.8,2684,2284,66.7,-5224,2.1,2.1,0.0,0.00051,cell(n=10),87.3,mon,132,280,50,59120,1346,8007,8007,2.98,2.98,15.9,0.0,46.4,6,7,1,1,1,1,0,0
SENSEX,W_1330_1520,NOSTOP,18,898.8,3772,2480,72.2,-7920,2.03,2.03,0.0,0.00051,cell(n=10),87.3,mon,132,280,50,,,8007,8007,2.12,2.12,23.5,0.0,36.2,3,4,1,1,1,1,0,0
SENSEX,W_1330_1520,R1000,18,898.8,3772,2220,72.2,-12608,1.62,1.62,5.6,0.00051,cell(n=10),87.3,mon,132,280,50,9600,1168,8007,8007,2.12,2.12,25.0,2.3,34.9,3,4,1,1,1,1,0,0
SENSEX,W_1330_1520,R1500,18,898.8,3772,2480,72.2,-7920,2.03,2.03,0.0,0.00051,cell(n=10),87.3,mon,132,280,50,13600,1246,8007,8007,2.12,2.12,23.5,0.8,36.2,3,4,1,1,1,1,0,0
SENSEX,W_1330_1520,R2500,18,898.8,3772,2480,72.2,-7920,2.03,2.03,0.0,0.00051,cell(n=10),87.3,mon,132,280,50,21600,1522,8007,8007,2.12,2.12,23.5,0.0,36.2,3,4,1,1,1,1,0,0
SENSEX,W_1330_1520,R500,18,898.8,2584,768,66.7,-10360,0.5,0.5,33.3,0.00051,cell(n=10),87.3,mon,132,280,50,5600,657,5600,8007,2.17,3.1,31.1,16.7,29.6,3,4,1,1,1,1,0,0
SENSEX,W_1330_1520,SLP10,18,898.8,3772,2480,72.2,-7920,2.03,2.03,0.0,0.00051,cell(n=10),87.3,mon,132,280,50,15980,1208,8007,8007,2.12,2.12,23.5,0.0,36.2,3,4,1,1,1,1,0,0
SENSEX,W_1330_1520,SLP15,18,898.8,3772,2480,72.2,-7920,2.03,2.03,0.0,0.00051,cell(n=10),87.3,mon,132,280,50,23170,1457,8007,8007,2.12,2.12,23.5,0.0,36.2,3,4,1,1,1,1,0,0
SENSEX,W_1330_1520,SLP20,18,898.8,3772,2480,72.2,-7920,2.03,2.03,0.0,0.00051,cell(n=10),87.3,mon,132,280,50,30360,1469,8007,8007,2.12,2.12,23.5,0.0,36.2,3,4,1,1,1,1,0,0
SENSEX,W_1330_1520,SLP25,18,898.8,3772,2480,72.2,-7920,2.03,2.03,0.0,0.00051,cell(n=10),87.3,mon,132,280,50,37550,1356,8007,8007,2.12,2.12,23.5,0.0,36.2,3,4,1,1,1,1,0,0
SENSEX,W_1330_1520,SLP30,18,898.8,3772,2480,72.2,-7920,2.03,2.03,0.0,0.00051,cell(n=10),87.3,mon,132,280,50,44740,1546,8007,8007,2.12,2.12,23.5,0.0,36.2,3,4,1,1,1,1,0,0
SENSEX,W_1330_1520,SLP40,18,898.8,3772,2480,72.2,-7920,2.03,2.03,0.0,0.00051,cell(n=10),87.3,mon,132,280,50,59120,1346,8007,8007,2.12,2.12,23.5,0.0,36.2,3,4,1,1,1,1,0,0
SENSEX,W_1345_1415,NOSTOP,18,896.2,964,876,72.2,-5320,1.45,1.45,0.0,0.000865,pooled(n=1202),43.2,mon,132,280,50,,,6961,6961,7.22,7.22,1.5,0.0,40.9,0,5,1,0,1,0,0,0
SENSEX,W_1345_1415,R1000,18,896.2,964,876,72.2,-5320,1.45,1.45,0.0,0.000865,pooled(n=1202),43.2,mon,132,280,50,9600,1168,6961,6961,7.22,7.22,2.3,1.5,40.9,0,5,1,0,1,0,0,0
SENSEX,W_1345_1415,R1500,18,896.2,964,876,72.2,-5320,1.45,1.45,0.0,0.000865,pooled(n=1202),43.2,mon,132,280,50,13600,1246,6961,6961,7.22,7.22,1.5,0.0,40.9,0,5,1,0,1,0,0,0
SENSEX,W_1345_1415,R2500,18,896.2,964,876,72.2,-5320,1.45,1.45,0.0,0.000865,pooled(n=1202),43.2,mon,132,280,50,21600,1522,6961,6961,7.22,7.22,1.5,0.0,40.9,0,5,1,0,1,0,0,0
SENSEX,W_1345_1415,R500,18,896.2,964,779,72.2,-7072,1.17,1.17,5.6,0.000865,pooled(n=1202),43.2,mon,132,280,50,5600,657,5600,6961,5.81,7.22,7.6,7.6,40.9,0,5,1,0,1,0,0,0
SENSEX,W_1345_1415,SLP10,18,896.2,964,876,72.2,-5320,1.45,1.45,0.0,0.000865,pooled(n=1202),43.2,mon,132,280,50,15940,1208,6961,6961,7.22,7.22,1.5,0.0,40.9,0,5,1,0,1,0,0,0
SENSEX,W_1345_1415,SLP15,18,896.2,964,876,72.2,-5320,1.45,1.45,0.0,0.000865,pooled(n=1202),43.2,mon,132,280,50,23109,1457,6961,6961,7.22,7.22,1.5,0.0,40.9,0,5,1,0,1,0,0,0
SENSEX,W_1345_1415,SLP20,18,896.2,964,876,72.2,-5320,1.45,1.45,0.0,0.000865,pooled(n=1202),43.2,mon,132,280,50,30279,1469,6961,6961,7.22,7.22,1.5,0.0,40.9,0,5,1,0,1,0,0,0
SENSEX,W_1345_1415,SLP25,18,896.2,964,876,72.2,-5320,1.45,1.45,0.0,0.000865,pooled(n=1202),43.2,mon,132,280,50,37449,1356,6961,6961,7.22,7.22,1.5,0.0,40.9,0,5,1,0,1,0,0,0
SENSEX,W_1345_1415,SLP30,18,896.2,964,876,72.2,-5320,1.45,1.45,0.0,0.000865,pooled(n=1202),43.2,mon,132,280,50,44619,1546,6961,6961,7.22,7.22,1.5,0.0,40.9,0,5,1,0,1,0,0,0
SENSEX,W_1345_1415,SLP40,18,896.2,964,876,72.2,-5320,1.45,1.45,0.0,0.000865,pooled(n=1202),43.2,mon,132,280,50,58958,1346,6961,6961,7.22,7.22,1.5,0.0,40.9,0,5,1,0,1,0,0,0
SENSEX,W_1345_1430,NOSTOP,18,896.2,1312,1314,83.3,-6488,1.86,1.86,0.0,0.000865,pooled(n=1202),49.4,mon,132,280,50,,,7730,7730,5.89,5.89,34.8,0.0,13.9,0,7,1,0,1,0,0,0
SENSEX,W_1345_1430,R1000,18,896.2,1312,1094,83.3,-10456,1.26,1.26,5.6,0.000865,pooled(n=1202),49.4,mon,132,280,50,9600,1168,7730,7730,5.89,5.89,34.8,3.0,13.9,0,7,1,0,1,0,0,0
SENSEX,W_1345_1430,R1500,18,896.2,1312,1314,83.3,-6488,1.86,1.86,0.0,0.000865,pooled(n=1202),49.4,mon,132,280,50,13600,1246,7730,7730,5.89,5.89,34.8,0.8,13.9,0,7,1,0,1,0,0,0
SENSEX,W_1345_1430,R2500,18,896.2,1312,1314,83.3,-6488,1.86,1.86,0.0,0.000865,pooled(n=1202),49.4,mon,132,280,50,21600,1522,7730,7730,5.89,5.89,34.8,0.0,13.9,0,7,1,0,1,0,0,0
SENSEX,W_1345_1430,R500,18,896.2,1312,1096,83.3,-7288,1.33,1.33,11.1,0.000865,pooled(n=1202),49.4,mon,132,280,50,5600,657,5600,7730,4.27,5.89,35.6,13.6,13.9,0,7,1,0,1,0,0,0
SENSEX,W_1345_1430,SLP10,18,896.2,1312,1314,83.3,-6488,1.86,1.86,0.0,0.000865,pooled(n=1202),49.4,mon,132,280,50,15940,1208,7730,7730,5.89,5.89,34.8,0.8,13.9,0,7,1,0,1,0,0,0
SENSEX,W_1345_1430,SLP15,18,896.2,1312,1314,83.3,-6488,1.86,1.86,0.0,0.000865,pooled(n=1202),49.4,mon,132,280,50,23109,1457,7730,7730,5.89,5.89,34.8,0.0,13.9,0,7,1,0,1,0,0,0
SENSEX,W_1345_1430,SLP20,18,896.2,1312,1314,83.3,-6488,1.86,1.86,0.0,0.000865,pooled(n=1202),49.4,mon,132,280,50,30279,1469,7730,7730,5.89,5.89,34.8,0.0,13.9,0,7,1,0,1,0,0,0
SENSEX,W_1345_1430,SLP25,18,896.2,1312,1314,83.3,-6488,1.86,1.86,0.0,0.000865,pooled(n=1202),49.4,mon,132,280,50,37449,1356,7730,7730,5.89,5.89,34.8,0.0,13.9,0,7,1,0,1,0,0,0
SENSEX,W_1345_1430,SLP30,18,896.2,1312,1314,83.3,-6488,1.86,1.86,0.0,0.000865,pooled(n=1202),49.4,mon,132,280,50,44619,1546,7730,7730,5.89,5.89,34.8,0.0,13.9,0,7,1,0,1,0,0,0
SENSEX,W_1345_1430,SLP40,18,896.2,1312,1314,83.3,-6488,1.86,1.86,0.0,0.000865,pooled(n=1202),49.4,mon,132,280,50,58958,1346,7730,7730,5.89,5.89,34.8,0.0,13.9,0,7,1,0,1,0,0,0
SENSEX,W_1345_1445,NOSTOP,18,896.2,-512,61,38.9,-5720,0.08,0.08,0.0,0.000865,pooled(n=1202),60.4,mon,132,280,50,,,9095,9095,,,100.0,0.0,-1.1,2,8,0,0,0,0,0,0
SENSEX,W_1345_1445,R1000,18,896.2,-512,-202,38.9,-10456,-0.23,-0.23,5.6,0.000865,pooled(n=1202),60.4,mon,132,280,50,9600,1168,9095,9095,,,100.0,4.5,-1.1,2,8,0,0,0,0,0,0
SENSEX,W_1345_1445,R1500,18,896.2,-512,61,38.9,-5720,0.08,0.08,0.0,0.000865,pooled(n=1202),60.4,mon,132,280,50,13600,1246,9095,9095,,,100.0,0.8,-1.1,2,8,0,0,0,0,0,0
SENSEX,W_1345_1445,R2500,18,896.2,-512,61,38.9,-5720,0.08,0.08,0.0,0.000865,pooled(n=1202),60.4,mon,132,280,50,21600,1522,9095,9095,,,100.0,0.0,-1.1,2,8,0,0,0,0,0,0
SENSEX,W_1345_1445,R500,18,896.2,-512,-160,38.9,-7288,-0.19,-0.19,11.1,0.000865,pooled(n=1202),60.4,mon,132,280,50,5600,657,5600,9095,,,100.0,17.4,-1.1,2,8,0,0,0,0,0,0
SENSEX,W_1345_1445,SLP10,18,896.2,-512,61,38.9,-5720,0.08,0.08,0.0,0.000865,pooled(n=1202),60.4,mon,132,280,50,15940,1208,9095,9095,,,100.0,0.8,-1.1,2,8,0,0,0,0,0,0
SENSEX,W_1345_1445,SLP15,18,896.2,-512,61,38.9,-5720,0.08,0.08,0.0,0.000865,pooled(n=1202),60.4,mon,132,280,50,23109,1457,9095,9095,,,100.0,0.0,-1.1,2,8,0,0,0,0,0,0
SENSEX,W_1345_1445,SLP20,18,896.2,-512,61,38.9,-5720,0.08,0.08,0.0,0.000865,pooled(n=1202),60.4,mon,132,280,50,30279,1469,9095,9095,,,100.0,0.0,-1.1,2,8,0,0,0,0,0,0
SENSEX,W_1345_1445,SLP25,18,896.2,-512,61,38.9,-5720,0.08,0.08,0.0,0.000865,pooled(n=1202),60.4,mon,132,280,50,37449,1356,9095,9095,,,100.0,0.0,-1.1,2,8,0,0,0,0,0,0
SENSEX,W_1345_1445,SLP30,18,896.2,-512,61,38.9,-5720,0.08,0.08,0.0,0.000865,pooled(n=1202),60.4,mon,132,280,50,44619,1546,9095,9095,,,100.0,0.0,-1.1,2,8,0,0,0,0,0,0
SENSEX,W_1345_1445,SLP40,18,896.2,-512,61,38.9,-5720,0.08,0.08,0.0,0.000865,pooled(n=1202),60.4,mon,132,280,50,58958,1346,9095,9095,,,100.0,0.0,-1.1,2,8,0,0,0,0,0,0
SENSEX,W_1345_1500,NOSTOP,18,896.2,2316,2240,61.1,-5840,2.12,2.12,0.0,0.000319,cell(n=9),71.0,mon,132,280,50,,,4844,4844,2.09,2.09,22.0,0.0,27.5,2,8,1,1,1,0,0,0
SENSEX,W_1345_1500,R1000,18,896.2,2316,1892,61.1,-10456,1.55,1.55,5.6,0.000319,cell(n=9),71.0,mon,132,280,50,9600,1168,4844,4844,2.09,2.09,22.0,0.8,27.5,2,8,1,1,1,0,0,0
SENSEX,W_1345_1500,R1500,18,896.2,2316,2240,61.1,-5840,2.12,2.12,0.0,0.000319,cell(n=9),71.0,mon,132,280,50,13600,1246,4844,4844,2.09,2.09,22.0,0.0,27.5,2,8,1,1,1,0,0,0
SENSEX,W_1345_1500,R2500,18,896.2,2316,2240,61.1,-5840,2.12,2.12,0.0,0.000319,cell(n=9),71.0,mon,132,280,50,21600,1522,4844,4844,2.09,2.09,22.0,0.0,27.5,2,8,1,1,1,0,0,0
SENSEX,W_1345_1500,R500,18,896.2,2316,1750,61.1,-7288,1.41,1.41,16.7,0.000319,cell(n=9),71.0,mon,132,280,50,5600,657,4844,4844,2.09,2.09,22.7,2.3,26.5,2,8,1,1,1,0,0,0
SENSEX,W_1345_1500,SLP10,18,896.2,2316,2240,61.1,-5840,2.12,2.12,0.0,0.000319,cell(n=9),71.0,mon,132,280,50,15940,1208,4844,4844,2.09,2.09,22.0,0.0,27.5,2,8,1,1,1,0,0,0
SENSEX,W_1345_1500,SLP15,18,896.2,2316,2240,61.1,-5840,2.12,2.12,0.0,0.000319,cell(n=9),71.0,mon,132,280,50,23109,1457,4844,4844,2.09,2.09,22.0,0.0,27.5,2,8,1,1,1,0,0,0
SENSEX,W_1345_1500,SLP20,18,896.2,2316,2240,61.1,-5840,2.12,2.12,0.0,0.000319,cell(n=9),71.0,mon,132,280,50,30279,1469,4844,4844,2.09,2.09,22.0,0.0,27.5,2,8,1,1,1,0,0,0
SENSEX,W_1345_1500,SLP25,18,896.2,2316,2240,61.1,-5840,2.12,2.12,0.0,0.000319,cell(n=9),71.0,mon,132,280,50,37449,1356,4844,4844,2.09,2.09,22.0,0.0,27.5,2,8,1,1,1,0,0,0
SENSEX,W_1345_1500,SLP30,18,896.2,2316,2240,61.1,-5840,2.12,2.12,0.0,0.000319,cell(n=9),71.0,mon,132,280,50,44619,1546,4844,4844,2.09,2.09,22.0,0.0,27.5,2,8,1,1,1,0,0,0
SENSEX,W_1345_1500,SLP40,18,896.2,2316,2240,61.1,-5840,2.12,2.12,0.0,0.000319,cell(n=9),71.0,mon,132,280,50,58958,1346,4844,4844,2.09,2.09,22.0,0.0,27.5,2,8,1,1,1,0,0,0
SENSEX,W_1345_1515,NOSTOP,18,896.2,2704,2148,66.7,-9024,1.71,1.71,0.0,0.000569,cell(n=11),81.9,mon,132,280,50,,,8280,8280,3.06,3.06,22.0,0.0,30.7,5,8,1,0,1,1,0,0
SENSEX,W_1345_1515,R1000,18,896.2,2704,1580,66.7,-11456,1.06,1.06,11.1,0.000569,cell(n=11),81.9,mon,132,280,50,9600,1168,8280,8280,3.06,3.06,23.5,2.3,28.8,5,8,1,0,1,1,0,0
SENSEX,W_1345_1515,R1500,18,896.2,2704,1832,66.7,-14704,1.27,1.27,5.6,0.000569,cell(n=11),81.9,mon,132,280,50,13600,1246,8280,8280,3.06,3.06,27.3,1.5,25.0,5,8,1,0,1,1,0,0
SENSEX,W_1345_1515,R2500,18,896.2,2704,2148,66.7,-9024,1.71,1.71,0.0,0.000569,cell(n=11),81.9,mon,132,280,50,21600,1522,8280,8280,3.06,3.06,22.0,0.0,30.7,5,8,1,0,1,1,0,0
SENSEX,W_1345_1515,R500,18,896.2,2704,1558,66.7,-7408,1.11,1.11,22.2,0.000569,cell(n=11),81.9,mon,132,280,50,5600,657,5600,8280,2.07,3.06,31.1,16.7,22.2,5,8,1,1,1,1,0,0
SENSEX,W_1345_1515,SLP10,18,896.2,2704,2148,66.7,-9024,1.71,1.71,0.0,0.000569,cell(n=11),81.9,mon,132,280,50,15940,1208,8280,8280,3.06,3.06,22.0,0.8,30.7,5,8,1,0,1,1,0,0
SENSEX,W_1345_1515,SLP15,18,896.2,2704,2148,66.7,-9024,1.71,1.71,0.0,0.000569,cell(n=11),81.9,mon,132,280,50,23109,1457,8280,8280,3.06,3.06,22.0,0.0,30.7,5,8,1,0,1,1,0,0
SENSEX,W_1345_1515,SLP20,18,896.2,2704,2148,66.7,-9024,1.71,1.71,0.0,0.000569,cell(n=11),81.9,mon,132,280,50,30279,1469,8280,8280,3.06,3.06,22.0,0.0,30.7,5,8,1,0,1,1,0,0
SENSEX,W_1345_1515,SLP25,18,896.2,2704,2148,66.7,-9024,1.71,1.71,0.0,0.000569,cell(n=11),81.9,mon,132,280,50,37449,1356,8280,8280,3.06,3.06,22.0,0.0,30.7,5,8,1,0,1,1,0,0
SENSEX,W_1345_1515,SLP30,18,896.2,2704,2148,66.7,-9024,1.71,1.71,0.0,0.000569,cell(n=11),81.9,mon,132,280,50,44619,1546,8280,8280,3.06,3.06,22.0,0.0,30.7,5,8,1,0,1,1,0,0
SENSEX,W_1345_1515,SLP40,18,896.2,2704,2148,66.7,-9024,1.71,1.71,0.0,0.000569,cell(n=11),81.9,mon,132,280,50,58958,1346,8280,8280,3.06,3.06,22.0,0.0,30.7,5,8,1,0,1,1,0,0
SENSEX,W_1345_1520,NOSTOP,18,896.2,3376,2240,72.2,-12208,1.59,1.59,0.0,0.000569,cell(n=11),83.2,mon,132,280,50,,,8386,8386,2.48,2.48,27.3,0.0,25.9,2,5,1,1,1,0,0,0
SENSEX,W_1345_1520,R1000,18,896.2,3376,1871,72.2,-11456,1.22,1.22,11.1,0.000569,cell(n=11),83.2,mon,132,280,50,9600,1168,8386,8386,2.48,2.48,26.5,2.3,26.7,2,5,1,1,1,0,0,0
SENSEX,W_1345_1520,R1500,18,896.2,3376,2101,72.2,-14704,1.41,1.41,5.6,0.000569,cell(n=11),83.2,mon,132,280,50,13600,1246,8386,8386,2.48,2.48,27.3,1.5,25.4,2,5,1,1,1,0,0,0
SENSEX,W_1345_1520,R2500,18,896.2,3376,2240,72.2,-12208,1.59,1.59,0.0,0.000569,cell(n=11),83.2,mon,132,280,50,21600,1522,8386,8386,2.48,2.48,27.3,0.0,25.9,2,5,1,1,1,0,0,0
SENSEX,W_1345_1520,R500,18,896.2,3376,1794,72.2,-7408,1.22,1.22,27.8,0.000569,cell(n=11),83.2,mon,132,280,50,5600,657,5600,8386,1.66,2.48,34.1,16.7,22.4,3,5,1,1,1,1,0,0
SENSEX,W_1345_1520,SLP10,18,896.2,3376,2240,72.2,-12208,1.59,1.59,0.0,0.000569,cell(n=11),83.2,mon,132,280,50,15940,1208,8386,8386,2.48,2.48,27.3,0.8,25.9,2,5,1,1,1,0,0,0
SENSEX,W_1345_1520,SLP15,18,896.2,3376,2240,72.2,-12208,1.59,1.59,0.0,0.000569,cell(n=11),83.2,mon,132,280,50,23109,1457,8386,8386,2.48,2.48,27.3,0.0,25.9,2,5,1,1,1,0,0,0
SENSEX,W_1345_1520,SLP20,18,896.2,3376,2240,72.2,-12208,1.59,1.59,0.0,0.000569,cell(n=11),83.2,mon,132,280,50,30279,1469,8386,8386,2.48,2.48,27.3,0.0,25.9,2,5,1,1,1,0,0,0
SENSEX,W_1345_1520,SLP25,18,896.2,3376,2240,72.2,-12208,1.59,1.59,0.0,0.000569,cell(n=11),83.2,mon,132,280,50,37449,1356,8386,8386,2.48,2.48,27.3,0.0,25.9,2,5,1,1,1,0,0,0
SENSEX,W_1345_1520,SLP30,18,896.2,3376,2240,72.2,-12208,1.59,1.59,0.0,0.000569,cell(n=11),83.2,mon,132,280,50,44619,1546,8386,8386,2.48,2.48,27.3,0.0,25.9,2,5,1,1,1,0,0,0
SENSEX,W_1345_1520,SLP40,18,896.2,3376,2240,72.2,-12208,1.59,1.59,0.0,0.000569,cell(n=11),83.2,mon,132,280,50,58958,1346,8386,8386,2.48,2.48,27.3,0.0,25.9,2,5,1,1,1,0,0,0
SENSEX,W_1400_1430,NOSTOP,18,892.2,960,694,72.2,-3288,1.5,1.5,0.0,0.000865,pooled(n=1202),48.2,mon,132,280,50,,,7554,7554,7.87,7.87,3.0,0.0,44.2,0,4,1,0,1,0,0,0
SENSEX,W_1400_1430,R1000,18,892.2,960,694,72.2,-3288,1.5,1.5,0.0,0.000865,pooled(n=1202),48.2,mon,132,280,50,9600,1168,7554,7554,7.87,7.87,3.0,2.3,44.2,0,4,1,0,1,0,0,0
SENSEX,W_1400_1430,R1500,18,892.2,960,694,72.2,-3288,1.5,1.5,0.0,0.000865,pooled(n=1202),48.2,mon,132,280,50,13600,1246,7554,7554,7.87,7.87,3.0,1.5,44.2,0,4,1,0,1,0,0,0
SENSEX,W_1400_1430,R2500,18,892.2,960,694,72.2,-3288,1.5,1.5,0.0,0.000865,pooled(n=1202),48.2,mon,132,280,50,21600,1522,7554,7554,7.87,7.87,3.0,0.0,44.2,0,4,1,0,1,0,0,0
SENSEX,W_1400_1430,R500,18,892.2,960,477,72.2,-7192,0.79,0.79,5.6,0.000865,pooled(n=1202),48.2,mon,132,280,50,5600,657,5600,7554,5.83,7.87,6.1,6.1,44.2,0,4,1,0,1,0,0,0
SENSEX,W_1400_1430,SLP10,18,892.2,960,694,72.2,-3288,1.5,1.5,0.0,0.000865,pooled(n=1202),48.2,mon,132,280,50,15875,1208,7554,7554,7.87,7.87,3.0,0.8,44.2,0,4,1,0,1,0,0,0
SENSEX,W_1400_1430,SLP15,18,892.2,960,694,72.2,-3288,1.5,1.5,0.0,0.000865,pooled(n=1202),48.2,mon,132,280,50,23012,1457,7554,7554,7.87,7.87,3.0,0.0,44.2,0,4,1,0,1,0,0,0
SENSEX,W_1400_1430,SLP20,18,892.2,960,694,72.2,-3288,1.5,1.5,0.0,0.000865,pooled(n=1202),48.2,mon,132,280,50,30150,1469,7554,7554,7.87,7.87,3.0,0.0,44.2,0,4,1,0,1,0,0,0
SENSEX,W_1400_1430,SLP25,18,892.2,960,694,72.2,-3288,1.5,1.5,0.0,0.000865,pooled(n=1202),48.2,mon,132,280,50,37287,1356,7554,7554,7.87,7.87,3.0,0.0,44.2,0,4,1,0,1,0,0,0
SENSEX,W_1400_1430,SLP30,18,892.2,960,694,72.2,-3288,1.5,1.5,0.0,0.000865,pooled(n=1202),48.2,mon,132,280,50,44424,1546,7554,7554,7.87,7.87,3.0,0.0,44.2,0,4,1,0,1,0,0,0
SENSEX,W_1400_1430,SLP40,18,892.2,960,694,72.2,-3288,1.5,1.5,0.0,0.000865,pooled(n=1202),48.2,mon,132,280,50,58699,1346,7554,7554,7.87,7.87,3.0,0.0,44.2,0,4,1,0,1,0,0,0
SENSEX,W_1400_1445,NOSTOP,18,892.2,-1452,-684,22.2,-3072,-1.35,-1.35,0.0,0.000865,pooled(n=1202),58.7,mon,132,280,50,,,8851,8851,,,100.0,0.0,-8.3,1,5,0,0,0,0,0,0
SENSEX,W_1400_1445,R1000,18,892.2,-1452,-684,22.2,-3072,-1.35,-1.35,0.0,0.000865,pooled(n=1202),58.7,mon,132,280,50,9600,1168,8851,8851,,,100.0,2.3,-8.3,1,5,0,0,0,0,0,0
SENSEX,W_1400_1445,R1500,18,892.2,-1452,-684,22.2,-3072,-1.35,-1.35,0.0,0.000865,pooled(n=1202),58.7,mon,132,280,50,13600,1246,8851,8851,,,100.0,2.3,-8.3,1,5,0,0,0,0,0,0
SENSEX,W_1400_1445,R2500,18,892.2,-1452,-684,22.2,-3072,-1.35,-1.35,0.0,0.000865,pooled(n=1202),58.7,mon,132,280,50,21600,1522,8851,8851,,,100.0,0.0,-8.3,1,5,0,0,0,0,0,0
SENSEX,W_1400_1445,R500,18,892.2,-1452,-1124,22.2,-7192,-1.64,-1.64,11.1,0.000865,pooled(n=1202),58.7,mon,132,280,50,5600,657,5600,8851,,,100.0,14.4,-8.3,1,5,0,0,0,0,0,0
SENSEX,W_1400_1445,SLP10,18,892.2,-1452,-684,22.2,-3072,-1.35,-1.35,0.0,0.000865,pooled(n=1202),58.7,mon,132,280,50,15875,1208,8851,8851,,,100.0,1.5,-8.3,1,5,0,0,0,0,0,0
SENSEX,W_1400_1445,SLP15,18,892.2,-1452,-684,22.2,-3072,-1.35,-1.35,0.0,0.000865,pooled(n=1202),58.7,mon,132,280,50,23012,1457,8851,8851,,,100.0,0.0,-8.3,1,5,0,0,0,0,0,0
SENSEX,W_1400_1445,SLP20,18,892.2,-1452,-684,22.2,-3072,-1.35,-1.35,0.0,0.000865,pooled(n=1202),58.7,mon,132,280,50,30150,1469,8851,8851,,,100.0,0.0,-8.3,1,5,0,0,0,0,0,0
SENSEX,W_1400_1445,SLP25,18,892.2,-1452,-684,22.2,-3072,-1.35,-1.35,0.0,0.000865,pooled(n=1202),58.7,mon,132,280,50,37287,1356,8851,8851,,,100.0,0.0,-8.3,1,5,0,0,0,0,0,0
SENSEX,W_1400_1445,SLP30,18,892.2,-1452,-684,22.2,-3072,-1.35,-1.35,0.0,0.000865,pooled(n=1202),58.7,mon,132,280,50,44424,1546,8851,8851,,,100.0,0.0,-8.3,1,5,0,0,0,0,0,0
SENSEX,W_1400_1445,SLP40,18,892.2,-1452,-684,22.2,-3072,-1.35,-1.35,0.0,0.000865,pooled(n=1202),58.7,mon,132,280,50,58699,1346,8851,8851,,,100.0,0.0,-8.3,1,5,0,0,0,0,0,0
SENSEX,W_1400_1500,NOSTOP,18,892.2,1428,1488,61.1,-4448,1.85,1.85,0.0,0.000865,pooled(n=1202),63.7,mon,132,280,50,,,9469,9469,6.63,6.63,8.3,0.0,46.6,1,5,1,0,1,0,0,0
SENSEX,W_1400_1500,R1000,18,892.2,1428,1488,61.1,-4448,1.85,1.85,0.0,0.000865,pooled(n=1202),63.7,mon,132,280,50,9600,1168,9469,9469,6.63,6.63,8.3,3.0,46.6,1,5,1,0,1,0,0,0
SENSEX,W_1400_1500,R1500,18,892.2,1428,1488,61.1,-4448,1.85,1.85,0.0,0.000865,pooled(n=1202),63.7,mon,132,280,50,13600,1246,9469,9469,6.63,6.63,8.3,2.3,46.6,1,5,1,0,1,0,0,0
SENSEX,W_1400_1500,R2500,18,892.2,1428,1488,61.1,-4448,1.85,1.85,0.0,0.000865,pooled(n=1202),63.7,mon,132,280,50,21600,1522,9469,9469,6.63,6.63,8.3,1.5,46.6,1,5,1,0,1,0,0,0
SENSEX,W_1400_1500,R500,18,892.2,1428,656,61.1,-8936,0.59,0.59,16.7,0.000865,pooled(n=1202),63.7,mon,132,280,50,5600,657,5600,9469,3.92,6.63,22.7,22.7,33.4,2,5,1,0,1,0,0,0
SENSEX,W_1400_1500,SLP10,18,892.2,1428,1488,61.1,-4448,1.85,1.85,0.0,0.000865,pooled(n=1202),63.7,mon,132,280,50,15875,1208,9469,9469,6.63,6.63,8.3,1.5,46.6,1,5,1,0,1,0,0,0
SENSEX,W_1400_1500,SLP15,18,892.2,1428,1488,61.1,-4448,1.85,1.85,0.0,0.000865,pooled(n=1202),63.7,mon,132,280,50,23012,1457,9469,9469,6.63,6.63,8.3,0.0,46.6,1,5,1,0,1,0,0,0
SENSEX,W_1400_1500,SLP20,18,892.2,1428,1488,61.1,-4448,1.85,1.85,0.0,0.000865,pooled(n=1202),63.7,mon,132,280,50,30150,1469,9469,9469,6.63,6.63,8.3,0.0,46.6,1,5,1,0,1,0,0,0
SENSEX,W_1400_1500,SLP25,18,892.2,1428,1488,61.1,-4448,1.85,1.85,0.0,0.000865,pooled(n=1202),63.7,mon,132,280,50,37287,1356,9469,9469,6.63,6.63,8.3,0.0,46.6,1,5,1,0,1,0,0,0
SENSEX,W_1400_1500,SLP30,18,892.2,1428,1488,61.1,-4448,1.85,1.85,0.0,0.000865,pooled(n=1202),63.7,mon,132,280,50,44424,1546,9469,9469,6.63,6.63,8.3,0.0,46.6,1,5,1,0,1,0,0,0
SENSEX,W_1400_1500,SLP40,18,892.2,1428,1488,61.1,-4448,1.85,1.85,0.0,0.000865,pooled(n=1202),63.7,mon,132,280,50,58699,1346,9469,9469,6.63,6.63,8.3,0.0,46.6,1,5,1,0,1,0,0,0
SENSEX,W_1400_1515,NOSTOP,18,892.2,1768,1478,66.7,-8208,1.34,1.34,0.0,0.000512,cell(n=8),84.7,cur,132,280,50,,,7795,7795,4.41,4.41,22.0,0.0,30.1,2,5,1,0,1,0,0,0
SENSEX,W_1400_1515,R1000,18,892.2,1768,984,66.7,-11976,0.73,0.73,11.1,0.000512,cell(n=8),84.7,cur,132,280,50,9600,1168,7795,7795,4.41,4.41,25.8,3.0,25.6,2,5,1,0,1,0,0,0
SENSEX,W_1400_1515,R1500,18,892.2,1768,1478,66.7,-8208,1.34,1.34,0.0,0.000512,cell(n=8),84.7,cur,132,280,50,13600,1246,7795,7795,4.41,4.41,22.0,1.5,30.1,2,5,1,0,1,0,0,0
SENSEX,W_1400_1515,R2500,18,892.2,1768,1478,66.7,-8208,1.34,1.34,0.0,0.000512,cell(n=8),84.7,cur,132,280,50,21600,1522,7795,7795,4.41,4.41,22.0,0.0,30.1,2,5,1,0,1,0,0,0
SENSEX,W_1400_1515,R500,18,892.2,1140,441,55.6,-8936,0.33,0.33,22.2,0.000512,cell(n=8),84.7,cur,132,280,50,5600,657,5600,7795,4.91,6.84,28.0,11.4,24.4,4,5,0,0,1,1,0,0
SENSEX,W_1400_1515,SLP10,18,892.2,1768,1478,66.7,-8208,1.34,1.34,0.0,0.000512,cell(n=8),84.7,cur,132,280,50,15875,1208,7795,7795,4.41,4.41,22.0,0.8,30.1,2,5,1,0,1,0,0,0
SENSEX,W_1400_1515,SLP15,18,892.2,1768,1478,66.7,-8208,1.34,1.34,0.0,0.000512,cell(n=8),84.7,cur,132,280,50,23012,1457,7795,7795,4.41,4.41,22.0,0.0,30.1,2,5,1,0,1,0,0,0
SENSEX,W_1400_1515,SLP20,18,892.2,1768,1478,66.7,-8208,1.34,1.34,0.0,0.000512,cell(n=8),84.7,cur,132,280,50,30150,1469,7795,7795,4.41,4.41,22.0,0.0,30.1,2,5,1,0,1,0,0,0
SENSEX,W_1400_1515,SLP25,18,892.2,1768,1478,66.7,-8208,1.34,1.34,0.0,0.000512,cell(n=8),84.7,cur,132,280,50,37287,1356,7795,7795,4.41,4.41,22.0,0.0,30.1,2,5,1,0,1,0,0,0
SENSEX,W_1400_1515,SLP30,18,892.2,1768,1478,66.7,-8208,1.34,1.34,0.0,0.000512,cell(n=8),84.7,cur,132,280,50,44424,1546,7795,7795,4.41,4.41,22.0,0.0,30.1,2,5,1,0,1,0,0,0
SENSEX,W_1400_1515,SLP40,18,892.2,1768,1478,66.7,-8208,1.34,1.34,0.0,0.000512,cell(n=8),84.7,cur,132,280,50,58699,1346,7795,7795,4.41,4.41,22.0,0.0,30.1,2,5,1,0,1,0,0,0
SENSEX,W_1400_1520,NOSTOP,18,892.2,1952,1628,72.2,-9536,1.36,1.36,0.0,0.000512,cell(n=8),84.7,cur,132,280,50,,,7795,7795,3.99,3.99,25.8,0.0,26.9,1,3,1,0,1,0,0,0
SENSEX,W_1400_1520,R1000,18,892.2,1952,1362,72.2,-11976,1.02,1.02,11.1,0.000512,cell(n=8),84.7,cur,132,280,50,9600,1168,7795,7795,3.99,3.99,28.0,3.0,26.3,1,3,1,0,1,0,0,0
SENSEX,W_1400_1520,R1500,18,892.2,1952,1628,72.2,-9536,1.36,1.36,0.0,0.000512,cell(n=8),84.7,cur,132,280,50,13600,1246,7795,7795,3.99,3.99,25.8,1.5,26.9,1,3,1,0,1,0,0,0
SENSEX,W_1400_1520,R2500,18,892.2,1952,1628,72.2,-9536,1.36,1.36,0.0,0.000512,cell(n=8),84.7,cur,132,280,50,21600,1522,7795,7795,3.99,3.99,25.8,0.0,26.9,1,3,1,0,1,0,0,0
SENSEX,W_1400_1520,R500,18,892.2,1952,849,66.7,-8936,0.63,0.63,22.2,0.000512,cell(n=8),84.7,cur,132,280,50,5600,657,5600,7795,2.87,3.99,29.5,11.4,25.0,2,3,1,1,1,0,0,0
SENSEX,W_1400_1520,SLP10,18,892.2,1952,1628,72.2,-9536,1.36,1.36,0.0,0.000512,cell(n=8),84.7,cur,132,280,50,15875,1208,7795,7795,3.99,3.99,25.8,0.8,26.9,1,3,1,0,1,0,0,0
SENSEX,W_1400_1520,SLP15,18,892.2,1952,1628,72.2,-9536,1.36,1.36,0.0,0.000512,cell(n=8),84.7,cur,132,280,50,23012,1457,7795,7795,3.99,3.99,25.8,0.0,26.9,1,3,1,0,1,0,0,0
SENSEX,W_1400_1520,SLP20,18,892.2,1952,1628,72.2,-9536,1.36,1.36,0.0,0.000512,cell(n=8),84.7,cur,132,280,50,30150,1469,7795,7795,3.99,3.99,25.8,0.0,26.9,1,3,1,0,1,0,0,0
SENSEX,W_1400_1520,SLP25,18,892.2,1952,1628,72.2,-9536,1.36,1.36,0.0,0.000512,cell(n=8),84.7,cur,132,280,50,37287,1356,7795,7795,3.99,3.99,25.8,0.0,26.9,1,3,1,0,1,0,0,0
SENSEX,W_1400_1520,SLP30,18,892.2,1952,1628,72.2,-9536,1.36,1.36,0.0,0.000512,cell(n=8),84.7,cur,132,280,50,44424,1546,7795,7795,3.99,3.99,25.8,0.0,26.9,1,3,1,0,1,0,0,0
SENSEX,W_1400_1520,SLP40,18,892.2,1952,1628,72.2,-9536,1.36,1.36,0.0,0.000512,cell(n=8),84.7,cur,132,280,50,58699,1346,7795,7795,3.99,3.99,25.8,0.0,26.9,1,3,1,0,1,0,0,0
