window,signal,policy,fill,n_names,beat_rate20,beat_rate10,beat_rate40,med_cagr20,med_bh_cagr,med_excess,med_maxdd,med_calmar,med_bh_calmar,calmar_beat,med_switch_yr,med_trades,med_wr,med_exp,med_tim,pos_cagr_share
full,EMA_10_30,long_flat,next_open,146.0,0.2534246575342466,0.3767123287671233,0.13013698630136986,0.051009,0.1142875,-0.060753,-0.4702755,0.109,0.18730000000000002,0.4041095890410959,51.62,296.0,0.3121,0.0024085,0.5213,0.815068493150685
full,EMA_10_30,long_flat,signal_close,146.0,0.2534246575342466,0.363013698630137,0.13013698630136986,0.047448000000000004,0.1123555,-0.062348,-0.4913925,0.11274999999999999,0.18575,0.3698630136986301,51.62,296.0,0.30565,0.001991,0.5213,0.773972602739726
full,EMA_10_30,long_short,next_open,146.0,0.08904109589041095,0.15753424657534246,0.06164383561643835,-0.1103825,0.1142875,-0.22792050000000003,-0.85718,-0.1336,0.18730000000000002,0.0958904109589041,51.675,592.0,0.28715,-0.000822,0.9982,0.1917808219178082
full,EMA_10_30,long_short,signal_close,146.0,0.07534246575342465,0.1506849315068493,0.0547945205479452,-0.11139750000000001,0.1123555,-0.23319600000000001,-0.8640095,-0.13505,0.18575,0.0821917808219178,51.675,592.0,0.27945,-0.0011165,0.9983,0.18493150684931506
full,EMA_10_30,short_flat,next_open,146.0,0.07534246575342465,0.08904109589041095,0.0410958904109589,-0.11055899999999999,0.1142875,-0.2253485,-0.821353,-0.136,0.18730000000000002,0.0821917808219178,51.635,296.0,0.2602,-0.0043185,0.47695,0.07534246575342465
full,EMA_10_30,short_flat,signal_close,146.0,0.0684931506849315,0.07534246575342465,0.02054794520547945,-0.116715,0.1123555,-0.2319805,-0.8245425,-0.13824999999999998,0.18575,0.0821917808219178,51.635,296.0,0.252,-0.0045345,0.47695,0.0684931506849315
full,EMA_20_50,long_flat,next_open,146.0,0.2876712328767123,0.3561643835616438,0.2054794520547945,0.0640785,0.1142875,-0.0443325,-0.4689775,0.15095,0.18730000000000002,0.4315068493150685,28.3,162.0,0.3312,0.005017499999999999,0.52725,0.8698630136986302
full,EMA_20_50,long_flat,signal_close,146.0,0.2876712328767123,0.3424657534246575,0.2054794520547945,0.0628585,0.1123555,-0.044772000000000006,-0.464917,0.13695000000000002,0.18575,0.4452054794520548,28.3,162.0,0.32384999999999997,0.004775,0.5273,0.863013698630137
full,EMA_20_50,long_short,next_open,146.0,0.11643835616438356,0.14383561643835616,0.0547945205479452,-0.076232,0.1142875,-0.190672,-0.8138575,-0.10125,0.18730000000000002,0.1232876712328767,28.345,324.5,0.29455,-0.000954,0.9971,0.22602739726027396
full,EMA_20_50,long_short,signal_close,146.0,0.0958904109589041,0.14383561643835616,0.06164383561643835,-0.078204,0.1123555,-0.18512649999999997,-0.813607,-0.1005,0.18575,0.1095890410958904,28.345,324.5,0.28785,-0.001002,0.9971,0.2328767123287671
full,EMA_20_50,short_flat,next_open,146.0,0.0684931506849315,0.0821917808219178,0.04794520547945205,-0.095555,0.1142875,-0.212887,-0.7966605,-0.1247,0.18730000000000002,0.07534246575342465,28.310000000000002,162.5,0.25625,-0.0067410000000000005,0.4697,0.0684931506849315
full,EMA_20_50,short_flat,signal_close,146.0,0.0684931506849315,0.0821917808219178,0.04794520547945205,-0.0946795,0.1123555,-0.21786149999999999,-0.7932980000000001,-0.1207,0.18575,0.07534246575342465,28.310000000000002,162.5,0.2531,-0.006699,0.4697,0.0684931506849315
full,EMA_21_55,long_flat,next_open,146.0,0.3013698630136986,0.3287671232876712,0.1917808219178082,0.0659145,0.1142875,-0.04535149999999998,-0.472325,0.13185,0.18730000000000002,0.4246575342465753,26.64,152.0,0.32655,0.005552,0.528,0.8493150684931506
full,EMA_21_55,long_flat,signal_close,146.0,0.2808219178082192,0.3356164383561644,0.18493150684931506,0.0637415,0.1123555,-0.050051,-0.474912,0.13585,0.18575,0.4246575342465753,26.64,152.0,0.32084999999999997,0.005145,0.528,0.8493150684931506
full,EMA_21_55,long_short,next_open,146.0,0.11643835616438356,0.13013698630136986,0.0410958904109589,-0.0874055,0.1142875,-0.192284,-0.810678,-0.10935,0.18730000000000002,0.1095890410958904,26.71,304.0,0.28695000000000004,-0.001026,0.9968,0.23972602739726026
full,EMA_21_55,long_short,signal_close,146.0,0.10273972602739725,0.136986301369863,0.04794520547945205,-0.0924725,0.1123555,-0.19174950000000002,-0.823332,-0.11099999999999999,0.18575,0.10273972602739725,26.71,304.0,0.28454999999999997,-0.0012065,0.9968,0.2328767123287671
full,EMA_21_55,short_flat,next_open,146.0,0.0684931506849315,0.07534246575342465,0.04794520547945205,-0.09386549999999999,0.1142875,-0.21596749999999998,-0.8001425,-0.1222,0.18730000000000002,0.07534246575342465,26.64,152.0,0.25085,-0.0071505,0.4687,0.06164383561643835
full,EMA_21_55,short_flat,signal_close,146.0,0.06164383561643835,0.0821917808219178,0.04794520547945205,-0.0969945,0.1123555,-0.2139935,-0.792736,-0.1231,0.18575,0.06164383561643835,26.64,152.0,0.24755,-0.0073045,0.4687,0.06164383561643835
full,EMA_50_100,long_flat,next_open,146.0,0.3287671232876712,0.363013698630137,0.23972602739726026,0.076461,0.1142875,-0.034302,-0.467125,0.1805,0.18730000000000002,0.4794520547945205,12.745000000000001,73.0,0.3433,0.012455,0.539,0.8835616438356164
full,EMA_50_100,long_flat,signal_close,146.0,0.3424657534246575,0.3561643835616438,0.2602739726027397,0.07686599999999999,0.1123555,-0.0351765,-0.467564,0.18025,0.18575,0.4726027397260274,12.745000000000001,73.0,0.33555,0.012731,0.53905,0.8767123287671232
full,EMA_50_100,long_short,next_open,146.0,0.10273972602739725,0.11643835616438356,0.0821917808219178,-0.05437549999999999,0.1142875,-0.168605,-0.7643005,-0.0742,0.18730000000000002,0.11643835616438356,12.795,146.0,0.3,0.0008545,0.9942,0.2876712328767123
full,EMA_50_100,long_short,signal_close,146.0,0.08904109589041095,0.11643835616438356,0.07534246575342465,-0.0564985,0.1123555,-0.1721185,-0.7663925,-0.0712,0.18575,0.10273972602739725,12.795,146.0,0.29655,0.0006045,0.9942,0.273972602739726
full,EMA_50_100,short_flat,next_open,146.0,0.06164383561643835,0.0684931506849315,0.0410958904109589,-0.07938300000000001,0.1142875,-0.1979055,-0.7466845,-0.1114,0.18730000000000002,0.0684931506849315,12.75,73.0,0.25,-0.0121665,0.45430000000000004,0.0684931506849315
full,EMA_50_100,short_flat,signal_close,146.0,0.04794520547945205,0.04794520547945205,0.03424657534246575,-0.07931099999999999,0.1123555,-0.20192200000000002,-0.745247,-0.1127,0.18575,0.04794520547945205,12.75,73.0,0.2466,-0.012543499999999999,0.45430000000000004,0.06164383561643835
full,EMA_50_200,long_flat,next_open,146.0,0.3356164383561644,0.363013698630137,0.2671232876712329,0.079875,0.1142875,-0.027805999999999997,-0.46127450000000003,0.1773,0.18730000000000002,0.5547945205479452,8.82,51.0,0.3393,0.019189499999999998,0.54975,0.9041095890410958
full,EMA_50_200,long_flat,signal_close,146.0,0.3287671232876712,0.3356164383561644,0.2671232876712329,0.0763865,0.1123555,-0.0319045,-0.457473,0.1785,0.18575,0.5342465753424658,8.82,51.0,0.33615,0.0185875,0.5498000000000001,0.8972602739726028
full,EMA_50_200,long_short,next_open,146.0,0.0958904109589041,0.11643835616438356,0.0821917808219178,-0.045897,0.1142875,-0.1502715,-0.7632764999999999,-0.061399999999999996,0.18730000000000002,0.10273972602739725,8.91,101.0,0.28415,0.0015314999999999999,0.9884,0.3082191780821918
full,EMA_50_200,long_short,signal_close,146.0,0.0958904109589041,0.10273972602739725,0.07534246575342465,-0.0422045,0.1123555,-0.159528,-0.7672585000000001,-0.06230000000000001,0.18575,0.10273972602739725,8.91,101.0,0.28045,0.0013285,0.9885,0.3356164383561644
full,EMA_50_200,short_flat,next_open,146.0,0.0547945205479452,0.06164383561643835,0.0410958904109589,-0.07270499999999999,0.1142875,-0.199977,-0.7344065,-0.10275000000000001,0.18730000000000002,0.0547945205479452,8.844999999999999,51.0,0.2292,-0.016312,0.4386,0.0684931506849315
full,EMA_50_200,short_flat,signal_close,146.0,0.0410958904109589,0.04794520547945205,0.03424657534246575,-0.074403,0.1123555,-0.2013925,-0.738252,-0.10350000000000001,0.18575,0.06164383561643835,8.844999999999999,51.0,0.2292,-0.016825,0.4386,0.0547945205479452
full,EMA_5_20,long_flat,next_open,146.0,0.2602739726027397,0.3424657534246575,0.1095890410958904,0.036023,0.1142875,-0.08163900000000002,-0.5336265,0.06705,0.18730000000000002,0.3493150684931507,86.50999999999999,497.0,0.3013,0.0010275,0.51785,0.6575342465753424
full,EMA_5_20,long_flat,signal_close,146.0,0.22602739726027396,0.3424657534246575,0.0958904109589041,0.020858500000000002,0.1123555,-0.09411549999999999,-0.5587025,0.036500000000000005,0.18575,0.2876712328767123,86.50999999999999,497.0,0.28785,0.000748,0.51785,0.589041095890411
full,EMA_5_20,long_short,next_open,146.0,0.11643835616438356,0.19863013698630136,0.04794520547945205,-0.13829750000000002,0.1142875,-0.258289,-0.9022565,-0.1575,0.18730000000000002,0.13013698630136986,86.595,994.0,0.28105,-0.0010845,0.9988,0.2054794520547945
full,EMA_5_20,long_short,signal_close,146.0,0.0821917808219178,0.15753424657534246,0.03424657534246575,-0.161619,0.1123555,-0.29374300000000003,-0.9194895,-0.16745,0.18575,0.08904109589041095,86.595,994.0,0.27149999999999996,-0.0012955,0.9988,0.18493150684931506
full,EMA_5_20,short_flat,next_open,146.0,0.0684931506849315,0.0958904109589041,0.04794520547945205,-0.1254895,0.1142875,-0.23248249999999998,-0.8479675,-0.15200000000000002,0.18730000000000002,0.0684931506849315,86.595,497.0,0.26439999999999997,-0.0031315,0.48095,0.0821917808219178
full,EMA_5_20,short_flat,signal_close,146.0,0.04794520547945205,0.0684931506849315,0.03424657534246575,-0.137005,0.1123555,-0.248423,-0.8780455,-0.15325,0.18575,0.0547945205479452,86.595,497.0,0.25455,-0.0032675,0.481,0.0547945205479452
full,EMA_9_21,long_flat,next_open,146.0,0.2671232876712329,0.3424657534246575,0.136986301369863,0.047676,0.1142875,-0.064281,-0.500908,0.08805,0.18730000000000002,0.3767123287671233,64.715,370.0,0.31295,0.0017585,0.5191,0.7465753424657534
full,EMA_9_21,long_flat,signal_close,146.0,0.2191780821917808,0.3356164383561644,0.1232876712328767,0.0376345,0.1123555,-0.071106,-0.509363,0.06585,0.18575,0.3150684931506849,64.715,370.0,0.30820000000000003,0.0013695,0.5191,0.6986301369863014
full,EMA_9_21,long_short,next_open,146.0,0.1232876712328767,0.17123287671232876,0.07534246575342465,-0.10837849999999999,0.1142875,-0.232049,-0.866673,-0.1298,0.18730000000000002,0.13013698630136986,64.725,740.0,0.2926,-0.0009274999999999999,0.9987,0.19863013698630136
full,EMA_9_21,long_short,signal_close,146.0,0.0958904109589041,0.136986301369863,0.0547945205479452,-0.12361849999999999,0.1123555,-0.24648,-0.8767210000000001,-0.14275,0.18575,0.0958904109589041,64.725,740.0,0.2854,-0.0011365,0.9988,0.1643835616438356
full,EMA_9_21,short_flat,next_open,146.0,0.0821917808219178,0.10273972602739725,0.0410958904109589,-0.112257,0.1142875,-0.227802,-0.8336585000000001,-0.14005,0.18730000000000002,0.0958904109589041,64.685,370.0,0.2691,-0.0035789999999999997,0.4796,0.0821917808219178
full,EMA_9_21,short_flat,signal_close,146.0,0.06164383561643835,0.08904109589041095,0.03424657534246575,-0.11935100000000001,0.1123555,-0.24372,-0.8479315000000001,-0.1404,0.18575,0.07534246575342465,64.685,370.0,0.2612,-0.003823,0.47965,0.07534246575342465
full,MST_7_4.0_7_1.5,long_flat,next_open,146.0,0.22602739726027396,0.3013698630136986,0.1643835616438356,0.054321999999999995,0.1142875,-0.059959,-0.5054445000000001,0.1017,0.18730000000000002,0.3356164383561644,28.91,166.0,0.39405,0.0038945,0.5362,0.8287671232876712
full,MST_7_4.0_7_1.5,long_flat,signal_close,146.0,0.21232876712328766,0.2808219178082192,0.1643835616438356,0.0490325,0.1123555,-0.06388550000000001,-0.5079065,0.09615,0.18575,0.3082191780821918,28.91,166.0,0.38980000000000004,0.0036369999999999996,0.53625,0.7945205479452054
full,MST_7_4.0_7_1.5,long_short,next_open,146.0,0.1095890410958904,0.1232876712328767,0.07534246575342465,-0.09636149999999999,0.1142875,-0.2172635,-0.842784,-0.12245,0.18730000000000002,0.11643835616438356,28.955,332.0,0.3547,-0.001399,0.9995,0.19863013698630136
full,MST_7_4.0_7_1.5,long_short,signal_close,146.0,0.1095890410958904,0.1232876712328767,0.06164383561643835,-0.10621,0.1123555,-0.22559250000000003,-0.84468,-0.1335,0.18575,0.1095890410958904,28.955,332.0,0.3532,-0.001873,0.9996,0.1917808219178082
full,MST_7_4.0_7_1.5,short_flat,next_open,146.0,0.06164383561643835,0.0684931506849315,0.04794520547945205,-0.1001905,0.1142875,-0.2179355,-0.819542,-0.12915,0.18730000000000002,0.06164383561643835,28.82,166.0,0.31505,-0.007164,0.46325,0.07534246575342465
full,MST_7_4.0_7_1.5,short_flat,signal_close,146.0,0.06164383561643835,0.06164383561643835,0.0410958904109589,-0.1058795,0.1123555,-0.2229635,-0.822178,-0.13219999999999998,0.18575,0.07534246575342465,28.82,166.0,0.316,-0.0075320000000000005,0.46325,0.0684931506849315
full,MST_7_4.0_7_2.0,long_flat,next_open,146.0,0.22602739726027396,0.3013698630136986,0.1643835616438356,0.054013,0.1142875,-0.060406,-0.5054445000000001,0.10005,0.18730000000000002,0.3356164383561644,28.91,166.0,0.39375,0.0038945,0.5362,0.8287671232876712
full,MST_7_4.0_7_2.0,long_flat,signal_close,146.0,0.21232876712328766,0.2808219178082192,0.1643835616438356,0.0490325,0.1123555,-0.06388550000000001,-0.5079065,0.09235,0.18575,0.3082191780821918,28.91,166.0,0.38944999999999996,0.0036369999999999996,0.53625,0.7945205479452054
full,MST_7_4.0_7_2.0,long_short,next_open,146.0,0.1095890410958904,0.1232876712328767,0.07534246575342465,-0.0966725,0.1142875,-0.217307,-0.8434325,-0.12385,0.18730000000000002,0.11643835616438356,29.0,332.0,0.355,-0.001399,0.9995,0.19863013698630136
full,MST_7_4.0_7_2.0,long_short,signal_close,146.0,0.1095890410958904,0.1232876712328767,0.06164383561643835,-0.10677400000000001,0.1123555,-0.22369150000000002,-0.8438760000000001,-0.13419999999999999,0.18575,0.1095890410958904,29.0,332.0,0.3532,-0.0019055,0.9996,0.18493150684931506
full,MST_7_4.0_7_2.0,short_flat,next_open,146.0,0.06164383561643835,0.0684931506849315,0.04794520547945205,-0.1001905,0.1142875,-0.2179355,-0.819542,-0.12915,0.18730000000000002,0.06164383561643835,28.82,166.0,0.31505,-0.007196,0.46305,0.07534246575342465
full,MST_7_4.0_7_2.0,short_flat,signal_close,146.0,0.06164383561643835,0.06164383561643835,0.0410958904109589,-0.1058405,0.1123555,-0.2229635,-0.8231569999999999,-0.13219999999999998,0.18575,0.07534246575342465,28.82,166.0,0.316,-0.007528,0.46315,0.0684931506849315
full,MST_7_4.0_7_2.5,long_flat,next_open,146.0,0.22602739726027396,0.3013698630136986,0.1643835616438356,0.0536905,0.1142875,-0.060421,-0.5054445000000001,0.0995,0.18730000000000002,0.3356164383561644,28.91,166.0,0.39405,0.0038705,0.5362,0.8287671232876712
full,MST_7_4.0_7_2.5,long_flat,signal_close,146.0,0.21232876712328766,0.2808219178082192,0.1643835616438356,0.048730499999999996,0.1123555,-0.064147,-0.5079065,0.09235,0.18575,0.3082191780821918,28.91,166.0,0.38980000000000004,0.0036369999999999996,0.53625,0.7945205479452054
full,MST_7_4.0_7_2.5,long_short,next_open,146.0,0.1095890410958904,0.1232876712328767,0.07534246575342465,-0.096274,0.1142875,-0.2166745,-0.8434325,-0.12425,0.18730000000000002,0.11643835616438356,29.0,331.5,0.355,-0.001399,0.9995,0.19863013698630136
full,MST_7_4.0_7_2.5,long_short,signal_close,146.0,0.1095890410958904,0.1232876712328767,0.06164383561643835,-0.106311,0.1123555,-0.22353450000000002,-0.84468,-0.1336,0.18575,0.1095890410958904,29.0,331.5,0.35365,-0.0018484999999999999,0.9995,0.18493150684931506
full,MST_7_4.0_7_2.5,short_flat,next_open,146.0,0.06164383561643835,0.0684931506849315,0.04794520547945205,-0.09983249999999999,0.1142875,-0.2181515,-0.819542,-0.1288,0.18730000000000002,0.06164383561643835,28.82,165.5,0.31505,-0.007196,0.4625,0.07534246575342465
full,MST_7_4.0_7_2.5,short_flat,signal_close,146.0,0.06164383561643835,0.06164383561643835,0.0410958904109589,-0.10607849999999999,0.1123555,-0.22248650000000003,-0.822346,-0.13205,0.18575,0.07534246575342465,28.82,165.5,0.3155,-0.0074975,0.4625,0.0684931506849315
full,MST_7_5.0_7_1.5,long_flat,next_open,146.0,0.23972602739726026,0.273972602739726,0.19863013698630136,0.06263,0.1142875,-0.049925,-0.48929449999999997,0.14605,0.18730000000000002,0.3835616438356164,21.14,121.0,0.4027,0.0064849999999999994,0.5375,0.8493150684931506
full,MST_7_5.0_7_1.5,long_flat,signal_close,146.0,0.2328767123287671,0.2808219178082192,0.19863013698630136,0.0592055,0.1123555,-0.0559895,-0.49277800000000005,0.13705,0.18575,0.3767123287671233,21.14,121.0,0.40155,0.006428,0.5376,0.8424657534246576
full,MST_7_5.0_7_1.5,long_short,next_open,146.0,0.0958904109589041,0.1095890410958904,0.0684931506849315,-0.086691,0.1142875,-0.1920965,-0.817224,-0.11115,0.18730000000000002,0.0958904109589041,21.14,242.0,0.35929999999999995,-0.0012815,0.9995,0.2328767123287671
full,MST_7_5.0_7_1.5,long_short,signal_close,146.0,0.07534246575342465,0.08904109589041095,0.0547945205479452,-0.0900475,0.1123555,-0.20615650000000002,-0.8305665,-0.11175,0.18575,0.08904109589041095,21.14,242.0,0.3584,-0.0015795,0.9996,0.21232876712328766
full,MST_7_5.0_7_1.5,short_flat,next_open,146.0,0.06164383561643835,0.06164383561643835,0.0547945205479452,-0.0942425,0.1142875,-0.212298,-0.7857909999999999,-0.12179999999999999,0.18730000000000002,0.06164383561643835,21.05,121.0,0.30955,-0.009201,0.46194999999999997,0.06164383561643835
full,MST_7_5.0_7_1.5,short_flat,signal_close,146.0,0.04794520547945205,0.06164383561643835,0.04794520547945205,-0.096744,0.1123555,-0.22759000000000001,-0.7952735,-0.12575,0.18575,0.04794520547945205,21.05,121.0,0.30855,-0.0096065,0.46194999999999997,0.0547945205479452
full,MST_7_5.0_7_2.0,long_flat,next_open,146.0,0.23972602739726026,0.273972602739726,0.19863013698630136,0.06289800000000001,0.1142875,-0.049782,-0.48929449999999997,0.14634999999999998,0.18730000000000002,0.3835616438356164,21.14,121.0,0.4027,0.006465,0.5375,0.8493150684931506
full,MST_7_5.0_7_2.0,long_flat,signal_close,146.0,0.2328767123287671,0.2808219178082192,0.19863013698630136,0.060171,0.1123555,-0.0552575,-0.49277800000000005,0.1385,0.18575,0.3767123287671233,21.14,121.0,0.4017,0.006428,0.5376,0.8424657534246576
full,MST_7_5.0_7_2.0,long_short,next_open,146.0,0.0958904109589041,0.1095890410958904,0.0684931506849315,-0.0863795,0.1142875,-0.1916645,-0.8173045000000001,-0.1109,0.18730000000000002,0.0958904109589041,21.14,242.0,0.35929999999999995,-0.0012675,0.9995,0.2328767123287671
full,MST_7_5.0_7_2.0,long_short,signal_close,146.0,0.07534246575342465,0.08904109589041095,0.0547945205479452,-0.09,0.1123555,-0.2055965,-0.830444,-0.11185,0.18575,0.08904109589041095,21.14,242.0,0.35835,-0.0015485,0.9996,0.21232876712328766
full,MST_7_5.0_7_2.0,short_flat,next_open,146.0,0.06164383561643835,0.06164383561643835,0.0547945205479452,-0.0942425,0.1142875,-0.212362,-0.7857665,-0.1222,0.18730000000000002,0.06164383561643835,21.05,121.0,0.30885,-0.0091985,0.4618,0.06164383561643835
full,MST_7_5.0_7_2.0,short_flat,signal_close,146.0,0.04794520547945205,0.06164383561643835,0.04794520547945205,-0.0965335,0.1123555,-0.2274825,-0.7952735,-0.12585,0.18575,0.04794520547945205,21.05,121.0,0.3077,-0.009589,0.4618,0.0547945205479452
full,MST_7_5.0_7_2.5,long_flat,next_open,146.0,0.23972602739726026,0.2808219178082192,0.19863013698630136,0.06289800000000001,0.1142875,-0.049782,-0.48929449999999997,0.14584999999999998,0.18730000000000002,0.3835616438356164,21.095,121.0,0.4027,0.0064849999999999994,0.5375,0.8493150684931506
full,MST_7_5.0_7_2.5,long_flat,signal_close,146.0,0.2328767123287671,0.2876712328767123,0.19863013698630136,0.0595235,0.1123555,-0.0559895,-0.49277800000000005,0.1385,0.18575,0.3767123287671233,21.095,121.0,0.40155,0.006419,0.5376,0.8424657534246576
full,MST_7_5.0_7_2.5,long_short,next_open,146.0,0.0958904109589041,0.1095890410958904,0.0684931506849315,-0.0863795,0.1142875,-0.1931605,-0.8177325,-0.1109,0.18730000000000002,0.0958904109589041,21.14,241.0,0.35985,-0.0012915000000000001,0.9995,0.2328767123287671
full,MST_7_5.0_7_2.5,long_short,signal_close,146.0,0.07534246575342465,0.08904109589041095,0.0547945205479452,-0.090268,0.1123555,-0.207179,-0.83134,-0.11180000000000001,0.18575,0.0821917808219178,21.14,241.0,0.35835,-0.0015769999999999998,0.9996,0.21232876712328766
full,MST_7_5.0_7_2.5,short_flat,next_open,146.0,0.06164383561643835,0.06164383561643835,0.0547945205479452,-0.0932135,0.1142875,-0.212298,-0.7857665,-0.1221,0.18730000000000002,0.06164383561643835,21.005000000000003,120.5,0.30885,-0.0091985,0.46104999999999996,0.06164383561643835
full,MST_7_5.0_7_2.5,short_flat,signal_close,146.0,0.04794520547945205,0.06164383561643835,0.04794520547945205,-0.097,0.1123555,-0.2274825,-0.7952735,-0.126,0.18575,0.04794520547945205,21.005000000000003,120.5,0.30855,-0.009661,0.46104999999999996,0.0547945205479452
full,MST_7_6.0_7_1.5,long_flat,next_open,146.0,0.2671232876712329,0.3013698630136986,0.2054794520547945,0.060744000000000006,0.1142875,-0.043789499999999995,-0.480034,0.14105,0.18730000000000002,0.4383561643835616,16.33,94.0,0.4111,0.0078425,0.5463,0.8904109589041096
full,MST_7_6.0_7_1.5,long_flat,signal_close,146.0,0.273972602739726,0.3082191780821918,0.1917808219178082,0.058929499999999996,0.1123555,-0.04856099999999999,-0.4792795,0.13705,0.18575,0.4246575342465753,16.33,94.0,0.4111,0.0079595,0.54635,0.8767123287671232
full,MST_7_6.0_7_1.5,long_short,next_open,146.0,0.0958904109589041,0.0958904109589041,0.06164383561643835,-0.07632800000000001,0.1142875,-0.2037025,-0.8043134999999999,-0.08925,0.18730000000000002,0.0958904109589041,16.345,187.0,0.36315,-0.0006935,0.9995,0.2465753424657534
full,MST_7_6.0_7_1.5,long_short,signal_close,146.0,0.08904109589041095,0.10273972602739725,0.0684931506849315,-0.0751355,0.1123555,-0.199204,-0.8055705,-0.09709999999999999,0.18575,0.0958904109589041,16.345,187.0,0.35714999999999997,-0.0008235,0.9996,0.2534246575342466
full,MST_7_6.0_7_1.5,short_flat,next_open,146.0,0.0547945205479452,0.0547945205479452,0.04794520547945205,-0.0951225,0.1142875,-0.209842,-0.7903875,-0.11954999999999999,0.18730000000000002,0.0547945205479452,16.24,93.0,0.30725,-0.011859999999999999,0.45325000000000004,0.04794520547945205
full,MST_7_6.0_7_1.5,short_flat,signal_close,146.0,0.06164383561643835,0.06164383561643835,0.06164383561643835,-0.095033,0.1123555,-0.2116015,-0.7874909999999999,-0.12385,0.18575,0.06164383561643835,16.24,93.0,0.30685,-0.012241,0.45325000000000004,0.0684931506849315
full,MST_7_6.0_7_2.0,long_flat,next_open,146.0,0.2671232876712329,0.3013698630136986,0.2054794520547945,0.0603935,0.1142875,-0.043789499999999995,-0.47972400000000004,0.1402,0.18730000000000002,0.4315068493150685,16.33,94.0,0.4111,0.0078425,0.5463,0.8835616438356164
full,MST_7_6.0_7_2.0,long_flat,signal_close,146.0,0.273972602739726,0.3082191780821918,0.1917808219178082,0.057252,0.1123555,-0.04856099999999999,-0.4792795,0.13645,0.18575,0.4246575342465753,16.33,94.0,0.4111,0.0079595,0.54635,0.8767123287671232
full,MST_7_6.0_7_2.0,long_short,next_open,146.0,0.0958904109589041,0.0958904109589041,0.06164383561643835,-0.0765845,0.1142875,-0.2040015,-0.805384,-0.0895,0.18730000000000002,0.0958904109589041,16.33,187.0,0.36315,-0.00071,0.9995,0.2465753424657534
full,MST_7_6.0_7_2.0,long_short,signal_close,146.0,0.08904109589041095,0.10273972602739725,0.0684931506849315,-0.0751355,0.1123555,-0.1994485,-0.8058925,-0.0969,0.18575,0.0958904109589041,16.33,187.0,0.35714999999999997,-0.000826,0.9996,0.2534246575342466
full,MST_7_6.0_7_2.0,short_flat,next_open,146.0,0.0547945205479452,0.0547945205479452,0.04794520547945205,-0.0951225,0.1142875,-0.209842,-0.7903875,-0.11954999999999999,0.18730000000000002,0.0547945205479452,16.24,93.0,0.30725,-0.011866999999999999,0.4531,0.04794520547945205
full,MST_7_6.0_7_2.0,short_flat,signal_close,146.0,0.06164383561643835,0.06164383561643835,0.06164383561643835,-0.095033,0.1123555,-0.2131615,-0.7874909999999999,-0.12225,0.18575,0.06164383561643835,16.24,93.0,0.30685,-0.0122455,0.4531,0.0684931506849315
full,MST_7_6.0_7_2.5,long_flat,next_open,146.0,0.2671232876712329,0.3013698630136986,0.2054794520547945,0.060744000000000006,0.1142875,-0.043789499999999995,-0.47972400000000004,0.14105,0.18730000000000002,0.4315068493150685,16.33,94.0,0.4111,0.0078425,0.5463,0.8904109589041096
full,MST_7_6.0_7_2.5,long_flat,signal_close,146.0,0.273972602739726,0.3082191780821918,0.1917808219178082,0.058929499999999996,0.1123555,-0.04856099999999999,-0.4792795,0.13705,0.18575,0.4246575342465753,16.33,94.0,0.4108,0.0079595,0.54635,0.8767123287671232
full,MST_7_6.0_7_2.5,long_short,next_open,146.0,0.10273972602739725,0.10273972602739725,0.0684931506849315,-0.0718995,0.1142875,-0.19616,-0.8061535,-0.0885,0.18730000000000002,0.10273972602739725,16.33,187.0,0.36315,-0.0005775,0.9995,0.2534246575342466
full,MST_7_6.0_7_2.5,long_short,signal_close,146.0,0.08904109589041095,0.10273972602739725,0.0684931506849315,-0.0747665,0.1123555,-0.19974799999999998,-0.8071280000000001,-0.0964,0.18575,0.0958904109589041,16.33,187.0,0.35714999999999997,-0.000822,0.9996,0.2602739726027397
full,MST_7_6.0_7_2.5,short_flat,next_open,146.0,0.06164383561643835,0.06164383561643835,0.0547945205479452,-0.0932975,0.1142875,-0.2061885,-0.7903875,-0.1186,0.18730000000000002,0.06164383561643835,16.24,93.0,0.3077,-0.011866999999999999,0.45305,0.0547945205479452
full,MST_7_6.0_7_2.5,short_flat,signal_close,146.0,0.06164383561643835,0.06164383561643835,0.06164383561643835,-0.0952875,0.1123555,-0.2131615,-0.7874909999999999,-0.12285,0.18575,0.06164383561643835,16.24,93.0,0.30685,-0.0122455,0.4531,0.0684931506849315
full,ST_10_1.5,long_flat,next_open,146.0,0.2328767123287671,0.3561643835616438,0.0958904109589041,0.028033000000000002,0.1142875,-0.0947855,-0.5927485,0.04625,0.18730000000000002,0.2876712328767123,101.315,581.0,0.3673,0.0008179999999999999,0.5154,0.589041095890411
full,ST_10_1.5,long_flat,signal_close,146.0,0.2054794520547945,0.3219178082191781,0.0821917808219178,0.0009060000000000001,0.1123555,-0.10572100000000001,-0.6201135,0.0013,0.18575,0.2534246575342466,101.315,581.0,0.36005,0.000253,0.5154,0.5068493150684932
full,ST_10_1.5,long_short,next_open,146.0,0.1232876712328767,0.2191780821917808,0.04794520547945205,-0.1464805,0.1142875,-0.278841,-0.9326895,-0.16155,0.18730000000000002,0.1232876712328767,101.315,1161.0,0.3523,-0.000997,0.9994,0.19863013698630136
full,ST_10_1.5,long_short,signal_close,146.0,0.0821917808219178,0.17123287671232876,0.0136986301369863,-0.1885325,0.1123555,-0.3107945,-0.9512665,-0.19345,0.18575,0.0821917808219178,101.315,1161.5,0.3467,-0.001386,0.9994,0.17123287671232876
full,ST_10_1.5,short_flat,next_open,146.0,0.0821917808219178,0.08904109589041095,0.0410958904109589,-0.1347895,0.1142875,-0.2502755,-0.8837444999999999,-0.1528,0.18730000000000002,0.08904109589041095,101.23,580.0,0.3347,-0.002706,0.48395,0.07534246575342465
full,ST_10_1.5,short_flat,signal_close,146.0,0.0547945205479452,0.07534246575342465,0.02054794520547945,-0.1494375,0.1123555,-0.2673945,-0.8956155,-0.1637,0.18575,0.0684931506849315,101.23,580.5,0.33020000000000005,-0.003058,0.48405,0.06164383561643835
full,ST_10_2.0,long_flat,next_open,146.0,0.2602739726027397,0.3835616438356164,0.10273972602739725,0.0442535,0.1142875,-0.08057600000000001,-0.5639069999999999,0.0854,0.18730000000000002,0.3424657534246575,71.97,412.5,0.37734999999999996,0.0014675,0.5231,0.684931506849315
full,ST_10_2.0,long_flat,signal_close,146.0,0.2328767123287671,0.3356164383561644,0.0958904109589041,0.034210500000000005,0.1123555,-0.09050449999999999,-0.57315,0.06505,0.18575,0.2945205479452055,71.97,412.5,0.37424999999999997,0.001311,0.52315,0.6164383561643836
full,ST_10_2.0,long_short,next_open,146.0,0.10273972602739725,0.1917808219178082,0.07534246575342465,-0.1180215,0.1142875,-0.25608600000000004,-0.899151,-0.13845,0.18730000000000002,0.10273972602739725,71.97,824.5,0.35629999999999995,-0.0008525,0.9994,0.22602739726027396
full,ST_10_2.0,long_short,signal_close,146.0,0.0958904109589041,0.15753424657534246,0.04794520547945205,-0.1479905,0.1123555,-0.26984949999999996,-0.9181405,-0.15755000000000002,0.18575,0.08904109589041095,71.97,824.5,0.35325,-0.0011654999999999999,0.9994,0.19863013698630136
full,ST_10_2.0,short_flat,next_open,146.0,0.07534246575342465,0.08904109589041095,0.0410958904109589,-0.123529,0.1142875,-0.2218345,-0.854687,-0.1469,0.18730000000000002,0.07534246575342465,71.88,412.0,0.33375,-0.0035935,0.47625,0.08904109589041095
full,ST_10_2.0,short_flat,signal_close,146.0,0.04794520547945205,0.0684931506849315,0.0273972602739726,-0.13143749999999998,0.1123555,-0.2450805,-0.8689530000000001,-0.1507,0.18575,0.0547945205479452,71.88,412.0,0.3288,-0.003778,0.4763,0.0684931506849315
full,ST_10_2.5,long_flat,next_open,146.0,0.23972602739726026,0.363013698630137,0.1506849315068493,0.0472105,0.1142875,-0.06678999999999999,-0.5410045,0.0917,0.18730000000000002,0.3356164383561644,54.065,310.0,0.385,0.0019545,0.5307,0.7671232876712328
full,ST_10_2.5,long_flat,signal_close,146.0,0.2328767123287671,0.3082191780821918,0.1232876712328767,0.03884,0.1123555,-0.0725035,-0.5610999999999999,0.0707,0.18575,0.3150684931506849,54.065,310.0,0.37965,0.0016554999999999999,0.53075,0.726027397260274
full,ST_10_2.5,long_short,next_open,146.0,0.13013698630136986,0.1780821917808219,0.07534246575342465,-0.11905450000000001,0.1142875,-0.22839700000000002,-0.885229,-0.1341,0.18730000000000002,0.13013698630136986,54.065,620.0,0.36035,-0.0010495,0.9994,0.22602739726027396
full,ST_10_2.5,long_short,signal_close,146.0,0.08904109589041095,0.1506849315068493,0.0684931506849315,-0.139079,0.1123555,-0.2435835,-0.9001545,-0.1526,0.18575,0.0958904109589041,54.065,620.0,0.35465,-0.001395,0.9994,0.2054794520547945
full,ST_10_2.5,short_flat,next_open,146.0,0.0821917808219178,0.0958904109589041,0.0547945205479452,-0.1147425,0.1142875,-0.2170655,-0.8466374999999999,-0.13495000000000001,0.18730000000000002,0.0821917808219178,53.975,310.0,0.33065,-0.0043385,0.46865,0.10273972602739725
full,ST_10_2.5,short_flat,signal_close,146.0,0.06164383561643835,0.07534246575342465,0.0410958904109589,-0.12415100000000001,0.1123555,-0.2458015,-0.8558705,-0.14085,0.18575,0.0684931506849315,53.975,310.0,0.32965,-0.0045045,0.4687,0.08904109589041095
full,ST_10_3.0,long_flat,next_open,146.0,0.2328767123287671,0.3219178082191781,0.13013698630136986,0.051349,0.1142875,-0.0666365,-0.5179775,0.09534999999999999,0.18730000000000002,0.3424657534246575,42.62,244.0,0.38925,0.0024749999999999998,0.53365,0.7808219178082192
full,ST_10_3.0,long_flat,signal_close,146.0,0.21232876712328766,0.3013698630136986,0.1232876712328767,0.0404785,0.1123555,-0.07340250000000001,-0.5411509999999999,0.0847,0.18575,0.3219178082191781,42.62,244.0,0.38680000000000003,0.0022345,0.53365,0.7534246575342466
full,ST_10_3.0,long_short,next_open,146.0,0.11643835616438356,0.13013698630136986,0.06164383561643835,-0.1044185,0.1142875,-0.227328,-0.8521915,-0.1291,0.18730000000000002,0.11643835616438356,42.62,488.0,0.358,-0.0013210000000000001,0.9994,0.2191780821917808
full,ST_10_3.0,long_short,signal_close,146.0,0.10273972602739725,0.1232876712328767,0.04794520547945205,-0.122807,0.1123555,-0.241147,-0.8742354999999999,-0.13715,0.18575,0.10273972602739725,42.62,488.0,0.35650000000000004,-0.001717,0.9994,0.18493150684931506
full,ST_10_3.0,short_flat,next_open,146.0,0.0684931506849315,0.0684931506849315,0.0547945205479452,-0.11014499999999999,0.1142875,-0.219862,-0.825203,-0.13724999999999998,0.18730000000000002,0.0684931506849315,42.53,244.0,0.3258,-0.0053679999999999995,0.4657,0.1095890410958904
full,ST_10_3.0,short_flat,signal_close,146.0,0.0547945205479452,0.0547945205479452,0.0410958904109589,-0.1173215,0.1123555,-0.231512,-0.838308,-0.1403,0.18575,0.06164383561643835,42.53,244.0,0.32389999999999997,-0.005711,0.46575,0.07534246575342465
full,ST_10_4.0,long_flat,next_open,146.0,0.2465753424657534,0.2876712328767123,0.1643835616438356,0.05289,0.1142875,-0.058438000000000004,-0.51817,0.0995,0.18730000000000002,0.3356164383561644,28.47,163.0,0.3975,0.0039475,0.53765,0.8287671232876712
full,ST_10_4.0,long_flat,signal_close,146.0,0.23972602739726026,0.2808219178082192,0.1643835616438356,0.0456175,0.1123555,-0.06289700000000001,-0.5180505,0.09095,0.18575,0.3150684931506849,28.47,163.0,0.39295,0.0036075,0.5377,0.815068493150685
full,ST_10_4.0,long_short,next_open,146.0,0.08904109589041095,0.1232876712328767,0.0547945205479452,-0.1033805,0.1142875,-0.2131595,-0.8484505,-0.1274,0.18730000000000002,0.0958904109589041,28.47,325.0,0.35760000000000003,-0.0013405000000000001,0.9994,0.19863013698630136
full,ST_10_4.0,long_short,signal_close,146.0,0.0821917808219178,0.1232876712328767,0.0547945205479452,-0.107747,0.1123555,-0.22297650000000002,-0.8479525,-0.1296,0.18575,0.08904109589041095,28.47,325.0,0.35614999999999997,-0.0018384999999999999,0.9994,0.18493150684931506
full,ST_10_4.0,short_flat,next_open,146.0,0.04794520547945205,0.0684931506849315,0.0410958904109589,-0.103712,0.1142875,-0.21406950000000002,-0.8068329999999999,-0.13240000000000002,0.18730000000000002,0.0547945205479452,28.39,162.0,0.31465,-0.0074705,0.46165,0.0821917808219178
full,ST_10_4.0,short_flat,signal_close,146.0,0.04794520547945205,0.0684931506849315,0.04794520547945205,-0.10579,0.1123555,-0.2189795,-0.813274,-0.1346,0.18575,0.06164383561643835,28.39,162.0,0.31485,-0.00794,0.4617,0.07534246575342465
full,ST_10_5.0,long_flat,next_open,146.0,0.2328767123287671,0.2945205479452055,0.19863013698630136,0.0619525,0.1142875,-0.045292,-0.489029,0.14055,0.18730000000000002,0.410958904109589,20.48,117.5,0.40885,0.006925000000000001,0.5419,0.8561643835616438
full,ST_10_5.0,long_flat,signal_close,146.0,0.2191780821917808,0.2945205479452055,0.18493150684931506,0.059668,0.1123555,-0.046741500000000005,-0.49726750000000003,0.1306,0.18575,0.4041095890410959,20.48,117.5,0.4057,0.006608,0.5419,0.8424657534246576
full,ST_10_5.0,long_short,next_open,146.0,0.10273972602739725,0.11643835616438356,0.07534246575342465,-0.081733,0.1142875,-0.185989,-0.820369,-0.1033,0.18730000000000002,0.10273972602739725,20.48,234.5,0.3596,-0.001147,0.9994,0.2191780821917808
full,ST_10_5.0,long_short,signal_close,146.0,0.08904109589041095,0.1095890410958904,0.0684931506849315,-0.0836585,0.1123555,-0.1894695,-0.8146370000000001,-0.10769999999999999,0.18575,0.0958904109589041,20.48,234.5,0.3571,-0.001371,0.9994,0.1917808219178082
full,ST_10_5.0,short_flat,next_open,146.0,0.0547945205479452,0.06164383561643835,0.04794520547945205,-0.0928995,0.1142875,-0.2092505,-0.7912745,-0.12275,0.18730000000000002,0.0547945205479452,20.395000000000003,117.0,0.308,-0.009268499999999999,0.45745,0.0684931506849315
full,ST_10_5.0,short_flat,signal_close,146.0,0.04794520547945205,0.0547945205479452,0.04794520547945205,-0.096039,0.1123555,-0.21094600000000002,-0.7972170000000001,-0.12279999999999999,0.18575,0.04794520547945205,20.395000000000003,117.0,0.3109,-0.009433500000000001,0.45755,0.06164383561643835
full,ST_14_1.5,long_flat,next_open,146.0,0.2328767123287671,0.3835616438356164,0.11643835616438356,0.031233499999999997,0.1142875,-0.0862125,-0.581723,0.058550000000000005,0.18730000000000002,0.2808219178082192,100.96,579.0,0.3686,0.0007524999999999999,0.5121,0.5958904109589042
full,ST_14_1.5,long_flat,signal_close,146.0,0.2054794520547945,0.3356164383561644,0.0821917808219178,0.009609,0.1123555,-0.098941,-0.6023205,0.014950000000000001,0.18575,0.2534246575342466,100.96,579.0,0.36245,0.00042449999999999996,0.51215,0.5342465753424658
full,ST_14_1.5,long_short,next_open,146.0,0.1232876712328767,0.2054794520547945,0.04794520547945205,-0.143588,0.1142875,-0.2759625,-0.9225985,-0.15715,0.18730000000000002,0.136986301369863,100.96,1158.0,0.351,-0.0008985,0.9991,0.21232876712328766
full,ST_14_1.5,long_short,signal_close,146.0,0.1095890410958904,0.17123287671232876,0.03424657534246575,-0.178365,0.1123555,-0.296235,-0.944124,-0.1917,0.18575,0.1095890410958904,100.96,1158.0,0.3472,-0.0013679999999999999,0.9992,0.17123287671232876
full,ST_14_1.5,short_flat,next_open,146.0,0.0821917808219178,0.10273972602739725,0.03424657534246575,-0.1320985,0.1142875,-0.2467585,-0.8788185,-0.15305,0.18730000000000002,0.08904109589041095,100.88,579.0,0.33699999999999997,-0.002716,0.487,0.0958904109589041
full,ST_14_1.5,short_flat,signal_close,146.0,0.0684931506849315,0.08904109589041095,0.0273972602739726,-0.1478135,0.1123555,-0.2626085,-0.896933,-0.1618,0.18575,0.07534246575342465,100.88,579.0,0.33299999999999996,-0.002992,0.48705,0.07534246575342465
full,ST_14_2.0,long_flat,next_open,146.0,0.2671232876712329,0.3767123287671233,0.11643835616438356,0.044254,0.1142875,-0.07762300000000001,-0.54686,0.07975,0.18730000000000002,0.3219178082191781,72.14,413.5,0.38015,0.001419,0.5203,0.7191780821917808
full,ST_14_2.0,long_flat,signal_close,146.0,0.2534246575342466,0.3424657534246575,0.1232876712328767,0.0337035,0.1123555,-0.0940365,-0.563295,0.0639,0.18575,0.3150684931506849,72.14,413.5,0.3768,0.0012615,0.5203,0.6506849315068494
full,ST_14_2.0,long_short,next_open,146.0,0.1095890410958904,0.1917808219178082,0.06164383561643835,-0.114023,0.1142875,-0.2459645,-0.9035025000000001,-0.1362,0.18730000000000002,0.1095890410958904,72.14,826.5,0.35925,-0.0008485000000000001,0.9991,0.23972602739726026
full,ST_14_2.0,long_short,signal_close,146.0,0.10273972602739725,0.1780821917808219,0.04794520547945205,-0.14121699999999998,0.1123555,-0.273231,-0.916666,-0.15395,0.18575,0.10273972602739725,72.14,826.5,0.35424999999999995,-0.001277,0.9992,0.2054794520547945
full,ST_14_2.0,short_flat,next_open,146.0,0.07534246575342465,0.08904109589041095,0.04794520547945205,-0.1168025,0.1142875,-0.229024,-0.8620165,-0.1375,0.18730000000000002,0.07534246575342465,72.05,413.0,0.3358,-0.003463,0.47875,0.08904109589041095
full,ST_14_2.0,short_flat,signal_close,146.0,0.0547945205479452,0.0684931506849315,0.0273972602739726,-0.127996,0.1123555,-0.24202600000000002,-0.8749674999999999,-0.14945,0.18575,0.06164383561643835,72.05,413.0,0.3333,-0.003806,0.47885,0.07534246575342465
full,ST_14_2.5,long_flat,next_open,146.0,0.23972602739726026,0.3287671232876712,0.13013698630136986,0.048648,0.1142875,-0.07137450000000001,-0.5362505,0.0963,0.18730000000000002,0.3424657534246575,54.105000000000004,310.0,0.38725,0.0021725,0.52915,0.7876712328767124
full,ST_14_2.5,long_flat,signal_close,146.0,0.2191780821917808,0.3013698630136986,0.10273972602739725,0.038683499999999996,0.1123555,-0.07560249999999999,-0.569142,0.06645,0.18575,0.2945205479452055,54.105000000000004,310.0,0.38415,0.0017315,0.52915,0.7123287671232876
full,ST_14_2.5,long_short,next_open,146.0,0.11643835616438356,0.17123287671232876,0.0821917808219178,-0.1196455,0.1142875,-0.2327325,-0.881354,-0.1394,0.18730000000000002,0.13013698630136986,54.105000000000004,620.0,0.36114999999999997,-0.0010045,0.9991,0.21232876712328766
full,ST_14_2.5,long_short,signal_close,146.0,0.0958904109589041,0.136986301369863,0.0684931506849315,-0.13697900000000002,0.1123555,-0.2456785,-0.898225,-0.15494999999999998,0.18575,0.10273972602739725,54.105000000000004,620.0,0.35735,-0.001374,0.9992,0.1917808219178082
full,ST_14_2.5,short_flat,next_open,146.0,0.07534246575342465,0.08904109589041095,0.0547945205479452,-0.112594,0.1142875,-0.226149,-0.8470854999999999,-0.13785,0.18730000000000002,0.07534246575342465,54.019999999999996,310.0,0.3302,-0.004275,0.47,0.1095890410958904
full,ST_14_2.5,short_flat,signal_close,146.0,0.06164383561643835,0.0684931506849315,0.0410958904109589,-0.12334049999999999,0.1123555,-0.241398,-0.8531645000000001,-0.14235,0.18575,0.0684931506849315,54.019999999999996,310.0,0.32915,-0.0044925,0.47,0.08904109589041095
full,ST_14_3.0,long_flat,next_open,146.0,0.273972602739726,0.3150684931506849,0.136986301369863,0.0464435,0.1142875,-0.064321,-0.5330010000000001,0.10665,0.18730000000000002,0.363013698630137,42.614999999999995,244.0,0.39075000000000004,0.0024745,0.5327,0.7808219178082192
full,ST_14_3.0,long_flat,signal_close,146.0,0.2465753424657534,0.3082191780821918,0.13013698630136986,0.0387165,0.1123555,-0.07022149999999999,-0.534532,0.08585000000000001,0.18575,0.3082191780821918,42.614999999999995,244.0,0.3889,0.0022965,0.5327500000000001,0.7328767123287672
full,ST_14_3.0,long_short,next_open,146.0,0.11643835616438356,0.1506849315068493,0.0821917808219178,-0.110513,0.1142875,-0.2268945,-0.86419,-0.1323,0.18730000000000002,0.11643835616438356,42.614999999999995,488.0,0.362,-0.001169,0.9991,0.2054794520547945
full,ST_14_3.0,long_short,signal_close,146.0,0.1095890410958904,0.1232876712328767,0.06164383561643835,-0.1211885,0.1123555,-0.236736,-0.8781695,-0.14145,0.18575,0.1095890410958904,42.614999999999995,488.0,0.35960000000000003,-0.0017085,0.9992,0.18493150684931506
full,ST_14_3.0,short_flat,next_open,146.0,0.0684931506849315,0.07534246575342465,0.04794520547945205,-0.1094635,0.1142875,-0.21880349999999998,-0.8222575,-0.13655,0.18730000000000002,0.0684931506849315,42.525000000000006,244.0,0.32755,-0.0055130000000000005,0.46640000000000004,0.1095890410958904
full,ST_14_3.0,short_flat,signal_close,146.0,0.0547945205479452,0.06164383561643835,0.0273972602739726,-0.11528949999999999,0.1123555,-0.2256685,-0.832499,-0.14029999999999998,0.18575,0.06164383561643835,42.525000000000006,244.0,0.3246,-0.0056615,0.46640000000000004,0.0958904109589041
full,ST_14_4.0,long_flat,next_open,146.0,0.2671232876712329,0.2945205479452055,0.1780821917808219,0.0489625,0.1142875,-0.061492500000000005,-0.5123059999999999,0.1011,0.18730000000000002,0.3972602739726027,28.4,163.0,0.4047,0.0041405,0.5353000000000001,0.7876712328767124
full,ST_14_4.0,long_flat,signal_close,146.0,0.2465753424657534,0.2876712328767123,0.1643835616438356,0.0473265,0.1123555,-0.0667605,-0.5131414999999999,0.08795,0.18575,0.363013698630137,28.4,163.0,0.40115,0.0039575,0.5353000000000001,0.7808219178082192
full,ST_14_4.0,long_short,next_open,146.0,0.0958904109589041,0.136986301369863,0.0547945205479452,-0.1094775,0.1142875,-0.216338,-0.8414520000000001,-0.12614999999999998,0.18730000000000002,0.11643835616438356,28.4,325.0,0.36060000000000003,-0.0013095,0.9991,0.2191780821917808
full,ST_14_4.0,long_short,signal_close,146.0,0.08904109589041095,0.1232876712328767,0.04794520547945205,-0.113319,0.1123555,-0.219844,-0.845715,-0.1342,0.18575,0.10273972602739725,28.4,325.0,0.36060000000000003,-0.001889,0.9992,0.1917808219178082
full,ST_14_4.0,short_flat,next_open,146.0,0.04794520547945205,0.0684931506849315,0.03424657534246575,-0.1056865,0.1142875,-0.2209315,-0.80617,-0.1321,0.18730000000000002,0.04794520547945205,28.310000000000002,162.0,0.31695,-0.007549,0.4638,0.07534246575342465
full,ST_14_4.0,short_flat,signal_close,146.0,0.04794520547945205,0.0547945205479452,0.03424657534246575,-0.107794,0.1123555,-0.229279,-0.8104075,-0.13369999999999999,0.18575,0.0547945205479452,28.310000000000002,162.0,0.3186,-0.007977999999999999,0.46385,0.0821917808219178
full,ST_14_5.0,long_flat,next_open,146.0,0.2671232876712329,0.3219178082191781,0.19863013698630136,0.065208,0.1142875,-0.045405499999999994,-0.48612999999999995,0.14200000000000002,0.18730000000000002,0.3835616438356164,20.18,116.0,0.4132,0.0069445,0.53855,0.8904109589041096
full,ST_14_5.0,long_flat,signal_close,146.0,0.23972602739726026,0.3013698630136986,0.17123287671232876,0.0628415,0.1123555,-0.051235,-0.481309,0.1292,0.18575,0.363013698630137,20.18,116.0,0.41185000000000005,0.0066535,0.5386,0.8561643835616438
full,ST_14_5.0,long_short,next_open,146.0,0.10273972602739725,0.11643835616438356,0.07534246575342465,-0.0831125,0.1142875,-0.1927995,-0.8114954999999999,-0.10535,0.18730000000000002,0.10273972602739725,20.18,231.0,0.36435,-0.0016935000000000001,0.9991,0.23972602739726026
full,ST_14_5.0,long_short,signal_close,146.0,0.1095890410958904,0.1095890410958904,0.07534246575342465,-0.083272,0.1123555,-0.192032,-0.8158305,-0.1082,0.18575,0.1095890410958904,20.18,231.0,0.362,-0.0018225,0.9992,0.22602739726027396
full,ST_14_5.0,short_flat,next_open,146.0,0.06164383561643835,0.07534246575342465,0.0410958904109589,-0.089675,0.1142875,-0.20640750000000002,-0.796675,-0.11895,0.18730000000000002,0.06164383561643835,20.09,115.0,0.3133,-0.009218500000000001,0.46055,0.0821917808219178
full,ST_14_5.0,short_flat,signal_close,146.0,0.06164383561643835,0.0684931506849315,0.0410958904109589,-0.09453,0.1123555,-0.208843,-0.799123,-0.1236,0.18575,0.0547945205479452,20.09,115.0,0.31220000000000003,-0.009669,0.4606,0.07534246575342465
full,ST_21_1.5,long_flat,next_open,146.0,0.22602739726027396,0.3904109589041096,0.1095890410958904,0.037723,0.1142875,-0.08556,-0.5759575,0.0702,0.18730000000000002,0.2808219178082192,101.355,581.5,0.3706,0.0009220000000000001,0.50925,0.6027397260273972
full,ST_21_1.5,long_flat,signal_close,146.0,0.19863013698630136,0.3082191780821918,0.10273972602739725,0.014665000000000001,0.1123555,-0.1035625,-0.6084525000000001,0.025599999999999998,0.18575,0.2465753424657534,101.355,581.5,0.36324999999999996,0.00059,0.50925,0.5342465753424658
full,ST_21_1.5,long_short,next_open,146.0,0.1232876712328767,0.19863013698630136,0.04794520547945205,-0.1508515,0.1142875,-0.27513750000000003,-0.918193,-0.1632,0.18730000000000002,0.13013698630136986,101.355,1162.0,0.352,-0.0009880000000000002,0.9987,0.1917808219178082
full,ST_21_1.5,long_short,signal_close,146.0,0.1232876712328767,0.18493150684931506,0.0273972602739726,-0.171329,0.1123555,-0.2972825,-0.945639,-0.1855,0.18575,0.1232876712328767,101.355,1162.5,0.34835,-0.001371,0.9988,0.1643835616438356
full,ST_21_1.5,short_flat,next_open,146.0,0.07534246575342465,0.10273972602739725,0.03424657534246575,-0.1352845,0.1142875,-0.250728,-0.884212,-0.15265,0.18730000000000002,0.0821917808219178,101.27000000000001,580.5,0.3385,-0.002735,0.48945,0.10273972602739725
full,ST_21_1.5,short_flat,signal_close,146.0,0.0684931506849315,0.08904109589041095,0.0273972602739726,-0.1478195,0.1123555,-0.26297349999999997,-0.9011865,-0.1654,0.18575,0.07534246575342465,101.27000000000001,581.0,0.3344,-0.0030280000000000003,0.4895,0.08904109589041095
full,ST_21_2.0,long_flat,next_open,146.0,0.2808219178082192,0.3767123287671233,0.14383561643835616,0.04439,0.1142875,-0.07846149999999999,-0.5413110000000001,0.08310000000000001,0.18730000000000002,0.3356164383561644,72.275,414.0,0.38125,0.0014035,0.5190999999999999,0.6917808219178082
full,ST_21_2.0,long_flat,signal_close,146.0,0.23972602739726026,0.3493150684931507,0.1232876712328767,0.032159,0.1123555,-0.09401300000000001,-0.5647545,0.05745,0.18575,0.3082191780821918,72.275,414.0,0.3747,0.0010335000000000001,0.5192000000000001,0.6438356164383562
full,ST_21_2.0,long_short,next_open,146.0,0.14383561643835616,0.1917808219178082,0.0547945205479452,-0.1198845,0.1142875,-0.2547475,-0.8981355,-0.14375,0.18730000000000002,0.136986301369863,72.275,828.0,0.35860000000000003,-0.001111,0.9987,0.2534246575342466
full,ST_21_2.0,long_short,signal_close,146.0,0.1232876712328767,0.1643835616438356,0.0547945205479452,-0.1445635,0.1123555,-0.2723275,-0.9149695,-0.16265000000000002,0.18575,0.11643835616438356,72.275,828.0,0.35625,-0.001496,0.9988,0.2328767123287671
full,ST_21_2.0,short_flat,next_open,146.0,0.0821917808219178,0.10273972602739725,0.04794520547945205,-0.12284049999999999,0.1142875,-0.22693000000000002,-0.857273,-0.14334999999999998,0.18730000000000002,0.0821917808219178,72.185,414.0,0.33665,-0.003519,0.4796,0.0958904109589041
full,ST_21_2.0,short_flat,signal_close,146.0,0.0684931506849315,0.0821917808219178,0.0410958904109589,-0.12853799999999999,0.1123555,-0.238651,-0.868697,-0.14725,0.18575,0.07534246575342465,72.185,414.0,0.33415,-0.003754,0.4796,0.0958904109589041
full,ST_21_2.5,long_flat,next_open,146.0,0.2808219178082192,0.3424657534246575,0.14383561643835616,0.0541315,0.1142875,-0.068589,-0.521082,0.108,0.18730000000000002,0.3698630136986301,54.364999999999995,312.0,0.38955,0.00219,0.5242,0.7808219178082192
full,ST_21_2.5,long_flat,signal_close,146.0,0.2534246575342466,0.3219178082191781,0.11643835616438356,0.039556999999999995,0.1123555,-0.07262099999999999,-0.5420155,0.07675,0.18575,0.3150684931506849,54.364999999999995,312.0,0.38525,0.001729,0.5242,0.726027397260274
full,ST_21_2.5,long_short,next_open,146.0,0.1232876712328767,0.1780821917808219,0.0821917808219178,-0.11170949999999999,0.1142875,-0.22095350000000002,-0.87296,-0.1359,0.18730000000000002,0.14383561643835616,54.364999999999995,623.5,0.35895,-0.0010725,0.9987,0.23972602739726026
full,ST_21_2.5,long_short,signal_close,146.0,0.10273972602739725,0.1506849315068493,0.0684931506849315,-0.13245,0.1123555,-0.24285849999999998,-0.892028,-0.14684999999999998,0.18575,0.1232876712328767,54.364999999999995,623.5,0.35475,-0.001354,0.9988,0.19863013698630136
full,ST_21_2.5,short_flat,next_open,146.0,0.07534246575342465,0.0821917808219178,0.0547945205479452,-0.1102985,0.1142875,-0.224666,-0.837754,-0.1355,0.18730000000000002,0.07534246575342465,54.28,311.5,0.33025,-0.0042385,0.47445,0.1095890410958904
full,ST_21_2.5,short_flat,signal_close,146.0,0.0684931506849315,0.07534246575342465,0.04794520547945205,-0.1182205,0.1123555,-0.23573550000000001,-0.8552955,-0.14045000000000002,0.18575,0.07534246575342465,54.28,311.5,0.3271,-0.00455,0.47455,0.10273972602739725
full,ST_21_3.0,long_flat,next_open,146.0,0.2465753424657534,0.3219178082191781,0.1506849315068493,0.051339499999999996,0.1142875,-0.06328349999999999,-0.5117665,0.10925,0.18730000000000002,0.3424657534246575,42.745000000000005,245.5,0.39475,0.002683,0.5303,0.7876712328767124
full,ST_21_3.0,long_flat,signal_close,146.0,0.21232876712328766,0.3013698630136986,0.14383561643835616,0.0443235,0.1123555,-0.06256049999999999,-0.5241875,0.07985,0.18575,0.3150684931506849,42.745000000000005,245.5,0.39344999999999997,0.0023485,0.53035,0.7328767123287672
full,ST_21_3.0,long_short,next_open,146.0,0.13013698630136986,0.1643835616438356,0.0958904109589041,-0.1039705,0.1142875,-0.21884599999999998,-0.8568275000000001,-0.12645,0.18730000000000002,0.13013698630136986,42.745000000000005,490.5,0.36405,-0.0010409999999999998,0.9987,0.19863013698630136
full,ST_21_3.0,long_short,signal_close,146.0,0.1095890410958904,0.14383561643835616,0.0684931506849315,-0.117373,0.1123555,-0.22616750000000002,-0.872448,-0.13490000000000002,0.18575,0.11643835616438356,42.745000000000005,490.5,0.3614,-0.001299,0.9988,0.18493150684931506
full,ST_21_3.0,short_flat,next_open,146.0,0.07534246575342465,0.08904109589041095,0.04794520547945205,-0.10894200000000001,0.1142875,-0.2251365,-0.8245035000000001,-0.13585,0.18730000000000002,0.08904109589041095,42.66,245.0,0.3279,-0.0051735,0.4684,0.10273972602739725
full,ST_21_3.0,short_flat,signal_close,146.0,0.0547945205479452,0.07534246575342465,0.03424657534246575,-0.1140755,0.1123555,-0.2353185,-0.8380535,-0.1391,0.18575,0.0684931506849315,42.66,245.0,0.3285,-0.0054155,0.46845000000000003,0.08904109589041095
full,ST_21_4.0,long_flat,next_open,146.0,0.2534246575342466,0.2876712328767123,0.17123287671232876,0.0536735,0.1142875,-0.060395,-0.5153734999999999,0.10264999999999999,0.18730000000000002,0.3493150684931507,28.47,164.0,0.40465,0.0043835,0.5347999999999999,0.8082191780821918
full,ST_21_4.0,long_flat,signal_close,146.0,0.23972602739726026,0.2671232876712329,0.15753424657534246,0.0500915,0.1123555,-0.06367149999999999,-0.513973,0.08435,0.18575,0.3150684931506849,28.509999999999998,164.0,0.40264999999999995,0.0040225,0.5347999999999999,0.7945205479452054
full,ST_21_4.0,long_short,next_open,146.0,0.1095890410958904,0.11643835616438356,0.0821917808219178,-0.101256,0.1142875,-0.22120800000000002,-0.854147,-0.1232,0.18730000000000002,0.1095890410958904,28.47,327.0,0.36,-0.001421,0.9987,0.2191780821917808
full,ST_21_4.0,long_short,signal_close,146.0,0.0958904109589041,0.10273972602739725,0.0684931506849315,-0.112782,0.1123555,-0.228941,-0.858592,-0.1321,0.18575,0.0958904109589041,28.509999999999998,327.0,0.35875,-0.0017735,0.9988,0.18493150684931506
full,ST_21_4.0,short_flat,next_open,146.0,0.0547945205479452,0.0547945205479452,0.0410958904109589,-0.1053715,0.1142875,-0.2115465,-0.8244145,-0.13165,0.18730000000000002,0.0547945205479452,28.39,163.0,0.32305,-0.0076215,0.4639,0.08904109589041095
full,ST_21_4.0,short_flat,signal_close,146.0,0.0410958904109589,0.04794520547945205,0.0273972602739726,-0.1115505,0.1123555,-0.225924,-0.8263125,-0.13524999999999998,0.18575,0.04794520547945205,28.425,163.0,0.3214,-0.007997,0.46399999999999997,0.07534246575342465
full,ST_21_5.0,long_flat,next_open,146.0,0.2671232876712329,0.2945205479452055,0.2191780821917808,0.0536485,0.1142875,-0.054728,-0.5027440000000001,0.11785,0.18730000000000002,0.3835616438356164,20.375,117.0,0.4167,0.0066885,0.5371,0.8698630136986302
full,ST_21_5.0,long_flat,signal_close,146.0,0.2465753424657534,0.2808219178082192,0.21232876712328766,0.0530255,0.1123555,-0.059644499999999996,-0.5050520000000001,0.11495,0.18575,0.3493150684931507,20.375,117.0,0.41435,0.0062395,0.53715,0.8561643835616438
full,ST_21_5.0,long_short,next_open,146.0,0.0958904109589041,0.1095890410958904,0.0684931506849315,-0.08880350000000001,0.1142875,-0.20158749999999998,-0.831762,-0.11235,0.18730000000000002,0.0958904109589041,20.375,233.0,0.363,-0.0014759999999999999,0.9987,0.22602739726027396
full,ST_21_5.0,long_short,signal_close,146.0,0.10273972602739725,0.11643835616438356,0.07534246575342465,-0.0929995,0.1123555,-0.201438,-0.8353109999999999,-0.1201,0.18575,0.10273972602739725,20.375,233.0,0.36195,-0.0020165,0.9988,0.21232876712328766
full,ST_21_5.0,short_flat,next_open,146.0,0.0410958904109589,0.06164383561643835,0.03424657534246575,-0.09558900000000001,0.1142875,-0.222677,-0.804322,-0.12204999999999999,0.18730000000000002,0.0547945205479452,20.29,116.0,0.31295,-0.0099255,0.4616,0.07534246575342465
full,ST_21_5.0,short_flat,signal_close,146.0,0.0410958904109589,0.06164383561643835,0.0410958904109589,-0.09644549999999999,0.1123555,-0.22530499999999998,-0.8157220000000001,-0.12775,0.18575,0.04794520547945205,20.29,116.0,0.31415000000000004,-0.0100465,0.46165,0.0821917808219178
full,ST_7_1.5,long_flat,next_open,146.0,0.23972602739726026,0.3698630136986301,0.0821917808219178,0.021964499999999998,0.1142875,-0.097932,-0.5865195,0.0476,0.18730000000000002,0.2876712328767123,101.49,581.0,0.36575,0.000515,0.5162,0.5684931506849316
full,ST_7_1.5,long_flat,signal_close,146.0,0.18493150684931506,0.3219178082191781,0.06164383561643835,-0.001206,0.1123555,-0.1165005,-0.630686,-0.0021,0.18575,0.2465753424657534,101.49,581.0,0.3595,0.000184,0.5162,0.4863013698630137
full,ST_7_1.5,long_short,next_open,146.0,0.11643835616438356,0.2054794520547945,0.0273972602739726,-0.1627895,0.1142875,-0.288806,-0.9309259999999999,-0.18214999999999998,0.18730000000000002,0.11643835616438356,101.49,1162.0,0.35005,-0.0010445,0.9995,0.18493150684931506
full,ST_7_1.5,long_short,signal_close,146.0,0.07534246575342465,0.1506849315068493,0.0136986301369863,-0.196428,0.1123555,-0.31184100000000003,-0.953643,-0.20500000000000002,0.18575,0.0821917808219178,101.49,1162.0,0.34299999999999997,-0.0015115,0.9996,0.1506849315068493
full,ST_7_1.5,short_flat,next_open,146.0,0.07534246575342465,0.0821917808219178,0.0273972602739726,-0.142212,0.1142875,-0.25228300000000004,-0.889876,-0.16194999999999998,0.18730000000000002,0.07534246575342465,101.4,581.0,0.33135000000000003,-0.0029725000000000003,0.48329999999999995,0.0821917808219178
full,ST_7_1.5,short_flat,signal_close,146.0,0.04794520547945205,0.0684931506849315,0.0136986301369863,-0.1574885,0.1123555,-0.265009,-0.9045075,-0.1734,0.18575,0.06164383561643835,101.4,581.0,0.3265,-0.003205,0.4834,0.0547945205479452
full,ST_7_2.0,long_flat,next_open,146.0,0.23972602739726026,0.363013698630137,0.11643835616438356,0.0398465,0.1142875,-0.0860115,-0.5540915,0.07935,0.18730000000000002,0.3082191780821918,72.14,414.0,0.3762,0.0013335,0.526,0.6575342465753424
full,ST_7_2.0,long_flat,signal_close,146.0,0.2191780821917808,0.3287671232876712,0.10273972602739725,0.0251935,0.1123555,-0.09451499999999999,-0.5822579999999999,0.04075,0.18575,0.2945205479452055,72.14,414.0,0.37285,0.000974,0.526,0.5821917808219178
full,ST_7_2.0,long_short,next_open,146.0,0.1232876712328767,0.1643835616438356,0.0547945205479452,-0.1325465,0.1142875,-0.264659,-0.904507,-0.14855000000000002,0.18730000000000002,0.1232876712328767,72.14,827.5,0.35375,-0.0011405,0.9995,0.2054794520547945
full,ST_7_2.0,long_short,signal_close,146.0,0.1095890410958904,0.1506849315068493,0.0410958904109589,-0.1565935,0.1123555,-0.27213050000000005,-0.9294935,-0.1686,0.18575,0.1095890410958904,72.14,827.5,0.35005,-0.0014130000000000002,0.9996,0.18493150684931506
full,ST_7_2.0,short_flat,next_open,146.0,0.06164383561643835,0.0821917808219178,0.03424657534246575,-0.126663,0.1142875,-0.230867,-0.8678589999999999,-0.14745,0.18730000000000002,0.0684931506849315,72.05,413.5,0.33085,-0.003612,0.4736,0.0821917808219178
full,ST_7_2.0,short_flat,signal_close,146.0,0.0547945205479452,0.0684931506849315,0.03424657534246575,-0.1305055,0.1123555,-0.246407,-0.8761995,-0.15139999999999998,0.18575,0.06164383561643835,72.05,413.5,0.32735000000000003,-0.0038455,0.4736,0.08904109589041095
full,ST_7_2.5,long_flat,next_open,146.0,0.2465753424657534,0.3561643835616438,0.11643835616438356,0.045426,0.1142875,-0.0719365,-0.5406305,0.08605,0.18730000000000002,0.363013698630137,54.585,313.0,0.3833,0.001784,0.53215,0.7671232876712328
full,ST_7_2.5,long_flat,signal_close,146.0,0.2191780821917808,0.3082191780821918,0.1095890410958904,0.031013,0.1123555,-0.08028550000000001,-0.576314,0.06135,0.18575,0.3219178082191781,54.585,313.0,0.377,0.0015085,0.53225,0.726027397260274
full,ST_7_2.5,long_short,next_open,146.0,0.10273972602739725,0.15753424657534246,0.07534246575342465,-0.129811,0.1142875,-0.238528,-0.8762215,-0.14505,0.18730000000000002,0.1095890410958904,54.585,626.0,0.35605,-0.001377,0.9995,0.2191780821917808
full,ST_7_2.5,long_short,signal_close,146.0,0.08904109589041095,0.14383561643835616,0.07534246575342465,-0.1368835,0.1123555,-0.251755,-0.9029125,-0.15405,0.18575,0.0958904109589041,54.585,626.0,0.35275,-0.0014735,0.9996,0.19863013698630136
full,ST_7_2.5,short_flat,next_open,146.0,0.06164383561643835,0.07534246575342465,0.03424657534246575,-0.1168495,0.1142875,-0.22243449999999998,-0.8477805,-0.14065,0.18730000000000002,0.06164383561643835,54.5,313.0,0.33175,-0.004302,0.46735000000000004,0.0958904109589041
full,ST_7_2.5,short_flat,signal_close,146.0,0.06164383561643835,0.0684931506849315,0.03424657534246575,-0.1246255,0.1123555,-0.23553,-0.8593255,-0.14415,0.18575,0.0684931506849315,54.5,313.0,0.3284,-0.0045755,0.46735000000000004,0.08904109589041095
full,ST_7_3.0,long_flat,next_open,146.0,0.1917808219178082,0.3493150684931507,0.13013698630136986,0.043411000000000005,0.1142875,-0.066251,-0.5381065,0.0896,0.18730000000000002,0.3287671232876712,43.015,247.0,0.3843,0.00226,0.536,0.7465753424657534
full,ST_7_3.0,long_flat,signal_close,146.0,0.18493150684931506,0.3082191780821918,0.1232876712328767,0.037446,0.1123555,-0.06841349999999999,-0.5500075,0.07325000000000001,0.18575,0.2945205479452055,43.015,247.0,0.38365,0.002033,0.536,0.7054794520547946
full,ST_7_3.0,long_short,next_open,146.0,0.08904109589041095,0.13013698630136986,0.04794520547945205,-0.1083685,0.1142875,-0.2325935,-0.8572985,-0.12945,0.18730000000000002,0.08904109589041095,43.015,493.0,0.35524999999999995,-0.00133,0.9995,0.18493150684931506
full,ST_7_3.0,long_short,signal_close,146.0,0.0821917808219178,0.1232876712328767,0.04794520547945205,-0.119503,0.1123555,-0.23793550000000002,-0.8762985,-0.14024999999999999,0.18575,0.08904109589041095,43.015,493.0,0.3523,-0.0017079999999999999,0.9996,0.17123287671232876
full,ST_7_3.0,short_flat,next_open,146.0,0.06164383561643835,0.0684931506849315,0.03424657534246575,-0.11412649999999999,0.1142875,-0.2267365,-0.8250085,-0.13755,0.18730000000000002,0.06164383561643835,42.925,246.0,0.3264,-0.005274,0.4636,0.07534246575342465
full,ST_7_3.0,short_flat,signal_close,146.0,0.06164383561643835,0.06164383561643835,0.03424657534246575,-0.118396,0.1123555,-0.2285665,-0.843086,-0.1432,0.18575,0.0684931506849315,42.925,246.0,0.3246,-0.0054005,0.4636,0.07534246575342465
full,ST_7_4.0,long_flat,next_open,146.0,0.22602739726027396,0.3013698630136986,0.1643835616438356,0.054013,0.1142875,-0.059959,-0.5054445000000001,0.10005,0.18730000000000002,0.3356164383561644,28.91,166.0,0.39405,0.0038945,0.5362,0.8287671232876712
full,ST_7_4.0,long_flat,signal_close,146.0,0.21232876712328766,0.2808219178082192,0.1643835616438356,0.0490325,0.1123555,-0.06388550000000001,-0.5079065,0.09235,0.18575,0.3082191780821918,28.91,166.0,0.38980000000000004,0.0036369999999999996,0.53625,0.7945205479452054
full,ST_7_4.0,long_short,next_open,146.0,0.11643835616438356,0.13013698630136986,0.0821917808219178,-0.09539600000000001,0.1142875,-0.2154875,-0.8434325,-0.12245,0.18730000000000002,0.1232876712328767,28.91,332.0,0.355,-0.001399,0.9995,0.2054794520547945
full,ST_7_4.0,long_short,signal_close,146.0,0.1095890410958904,0.1232876712328767,0.06164383561643835,-0.10668649999999999,0.1123555,-0.22559250000000003,-0.84468,-0.13405,0.18575,0.1095890410958904,28.91,332.0,0.3532,-0.001886,0.9996,0.1917808219178082
full,ST_7_4.0,short_flat,next_open,146.0,0.0684931506849315,0.07534246575342465,0.0547945205479452,-0.09977,0.1142875,-0.21521050000000003,-0.819542,-0.12915,0.18730000000000002,0.0684931506849315,28.82,166.0,0.31505,-0.007174,0.4633,0.0821917808219178
full,ST_7_4.0,short_flat,signal_close,146.0,0.06164383561643835,0.06164383561643835,0.0410958904109589,-0.1058405,0.1123555,-0.2229635,-0.822599,-0.13219999999999998,0.18575,0.07534246575342465,28.82,166.0,0.316,-0.007528,0.46335000000000004,0.0684931506849315
full,ST_7_5.0,long_flat,next_open,146.0,0.23972602739726026,0.273972602739726,0.19863013698630136,0.06289800000000001,0.1142875,-0.049782,-0.48929449999999997,0.1466,0.18730000000000002,0.3835616438356164,21.14,121.0,0.4027,0.0064849999999999994,0.5375,0.8493150684931506
full,ST_7_5.0,long_flat,signal_close,146.0,0.2328767123287671,0.2808219178082192,0.19863013698630136,0.0595235,0.1123555,-0.0552575,-0.49277800000000005,0.1385,0.18575,0.3767123287671233,21.14,121.0,0.40155,0.006428,0.5376,0.8424657534246576
full,ST_7_5.0,long_short,next_open,146.0,0.0958904109589041,0.1095890410958904,0.0684931506849315,-0.0863795,0.1142875,-0.19285249999999998,-0.816586,-0.1109,0.18730000000000002,0.0958904109589041,21.14,242.0,0.35929999999999995,-0.0013035,0.9995,0.2328767123287671
full,ST_7_5.0,long_short,signal_close,146.0,0.07534246575342465,0.08904109589041095,0.0547945205479452,-0.09,0.1123555,-0.20546999999999999,-0.830444,-0.1131,0.18575,0.08904109589041095,21.14,242.0,0.3584,-0.0015769999999999998,0.9996,0.21232876712328766
full,ST_7_5.0,short_flat,next_open,146.0,0.06164383561643835,0.06164383561643835,0.0547945205479452,-0.0942885,0.1142875,-0.212298,-0.7857665,-0.12179999999999999,0.18730000000000002,0.06164383561643835,21.05,121.0,0.30955,-0.009231,0.46199999999999997,0.06164383561643835
full,ST_7_5.0,short_flat,signal_close,146.0,0.04794520547945205,0.06164383561643835,0.04794520547945205,-0.0965335,0.1123555,-0.2274825,-0.7952735,-0.12575,0.18575,0.04794520547945205,21.05,121.0,0.3077,-0.009691499999999999,0.46199999999999997,0.0547945205479452
h1,EMA_10_30,long_flat,next_open,146.0,0.3767123287671233,0.4452054794520548,0.2876712328767123,0.034782,0.06442700000000001,-0.033231,-0.4397645,0.06555,0.11325,0.4452054794520548,51.82,153.0,0.30745,0.0015985,0.51395,0.6438356164383562
h1,EMA_10_30,long_flat,signal_close,146.0,0.363013698630137,0.4315068493150685,0.2808219178082192,0.0264385,0.064659,-0.0427575,-0.45050650000000003,0.07045,0.11685000000000001,0.4315068493150685,51.82,153.0,0.2969,0.0013205,0.514,0.589041095890411
h1,EMA_10_30,long_short,next_open,146.0,0.2328767123287671,0.2945205479452055,0.14383561643835616,-0.1136245,0.06442700000000001,-0.1718205,-0.752751,-0.15515,0.11325,0.23972602739726026,51.99,307.0,0.2842,-0.0009335,0.9965,0.273972602739726
h1,EMA_10_30,long_short,signal_close,146.0,0.2191780821917808,0.2671232876712329,0.14383561643835616,-0.11835799999999999,0.064659,-0.2053865,-0.764497,-0.1557,0.11685000000000001,0.2328767123287671,51.99,307.0,0.27485,-0.0010739999999999999,0.9966,0.23972602739726026
h1,EMA_10_30,short_flat,next_open,146.0,0.2328767123287671,0.2534246575342466,0.18493150684931506,-0.10445650000000001,0.06442700000000001,-0.16765249999999998,-0.634414,-0.16795,0.11325,0.2328767123287671,51.99,153.0,0.25925,-0.003592,0.48255000000000003,0.2054794520547945
h1,EMA_10_30,short_flat,signal_close,146.0,0.2328767123287671,0.2534246575342466,0.17123287671232876,-0.1072575,0.064659,-0.1740605,-0.644468,-0.17709999999999998,0.11685000000000001,0.23972602739726026,51.99,153.0,0.2525,-0.0040160000000000005,0.48265,0.18493150684931506
h1,EMA_20_50,long_flat,next_open,146.0,0.4246575342465753,0.4931506849315068,0.3493150684931507,0.050627,0.06442700000000001,-0.014328500000000091,-0.43276000000000003,0.12290000000000001,0.11325,0.547945205479452,28.535,84.0,0.32515,0.0038669999999999998,0.52215,0.7397260273972602
h1,EMA_20_50,long_flat,signal_close,146.0,0.4315068493150685,0.4931506849315068,0.3287671232876712,0.0427785,0.064659,-0.01693199999999999,-0.4333415,0.1074,0.11685000000000001,0.547945205479452,28.535,84.0,0.31735,0.0039955,0.52225,0.6986301369863014
h1,EMA_20_50,long_short,next_open,146.0,0.2328767123287671,0.2876712328767123,0.1643835616438356,-0.07211000000000001,0.06442700000000001,-0.1528275,-0.6994485,-0.1177,0.11325,0.23972602739726026,28.62,168.0,0.2963,-9.6e-05,0.9943,0.2671232876712329
h1,EMA_20_50,long_short,signal_close,146.0,0.2465753424657534,0.273972602739726,0.17123287671232876,-0.0799145,0.064659,-0.1536465,-0.6962649999999999,-0.1229,0.11685000000000001,0.2534246575342466,28.62,168.0,0.2874,-0.000927,0.9944,0.2534246575342466
h1,EMA_20_50,short_flat,next_open,146.0,0.2602739726027397,0.2671232876712329,0.1917808219178082,-0.0755565,0.06442700000000001,-0.162133,-0.5813305,-0.1562,0.11325,0.22602739726027396,28.535,84.0,0.26115,-0.0053185,0.4718,0.1643835616438356
h1,EMA_20_50,short_flat,signal_close,146.0,0.2465753424657534,0.2671232876712329,0.18493150684931506,-0.07729749999999999,0.064659,-0.16891,-0.5851554999999999,-0.1572,0.11685000000000001,0.22602739726027396,28.535,84.0,0.25,-0.005634999999999999,0.47185,0.17123287671232876
h1,EMA_21_55,long_flat,next_open,146.0,0.4246575342465753,0.4794520547945205,0.3493150684931507,0.048394,0.06442700000000001,-0.0185585,-0.4336195,0.10865,0.11325,0.547945205479452,26.59,78.0,0.31855,0.004734,0.52225,0.726027397260274
h1,EMA_21_55,long_flat,signal_close,146.0,0.4041095890410959,0.4452054794520548,0.3424657534246575,0.04179,0.064659,-0.0215355,-0.4365405,0.10615,0.11685000000000001,0.5068493150684932,26.59,78.0,0.314,0.0045785,0.52235,0.7054794520547946
h1,EMA_21_55,long_short,next_open,146.0,0.23972602739726026,0.2671232876712329,0.1643835616438356,-0.08025399999999999,0.06442700000000001,-0.151869,-0.704622,-0.1174,0.11325,0.2534246575342466,26.75,156.0,0.29505,-0.000541,0.9937,0.273972602739726
h1,EMA_21_55,long_short,signal_close,146.0,0.22602739726027396,0.2671232876712329,0.17123287671232876,-0.0941925,0.064659,-0.1599285,-0.7038615,-0.13325,0.11685000000000001,0.2328767123287671,26.75,156.0,0.28915,-0.0008320000000000001,0.9938,0.22602739726027396
h1,EMA_21_55,short_flat,next_open,146.0,0.2328767123287671,0.2602739726027397,0.2054794520547945,-0.08007449999999999,0.06442700000000001,-0.1611035,-0.5826745,-0.14165,0.11325,0.2328767123287671,26.59,78.0,0.25465,-0.005568,0.4713,0.14383561643835616
h1,EMA_21_55,short_flat,signal_close,146.0,0.21232876712328766,0.2465753424657534,0.2054794520547945,-0.084452,0.064659,-0.169781,-0.592276,-0.1525,0.11685000000000001,0.21232876712328766,26.59,78.0,0.25485,-0.00596,0.47135,0.1506849315068493
h1,EMA_50_100,long_flat,next_open,146.0,0.4589041095890411,0.5136986301369864,0.3972602739726027,0.05451,0.06442700000000001,-0.005570499999999999,-0.4286715,0.12355,0.11325,0.5958904109589042,12.7,38.0,0.3333,0.0091765,0.5265,0.7123287671232876
h1,EMA_50_100,long_flat,signal_close,146.0,0.4589041095890411,0.5205479452054794,0.410958904109589,0.051253,0.064659,-0.0043270000000000045,-0.4251585,0.1139,0.11685000000000001,0.5958904109589042,12.7,38.0,0.32585,0.0087995,0.5266,0.7054794520547946
h1,EMA_50_100,long_short,next_open,146.0,0.2328767123287671,0.2671232876712329,0.18493150684931506,-0.07536699999999999,0.06442700000000001,-0.123685,-0.6864905,-0.11945,0.11325,0.23972602739726026,12.87,75.5,0.29495,0.0002725,0.9887,0.3219178082191781
h1,EMA_50_100,long_short,signal_close,146.0,0.21232876712328766,0.2671232876712329,0.17123287671232876,-0.0678635,0.064659,-0.1279825,-0.6733765,-0.11510000000000001,0.11685000000000001,0.19863013698630136,12.87,75.5,0.29395000000000004,-0.00018449999999999999,0.9888,0.3013698630136986
h1,EMA_50_100,short_flat,next_open,146.0,0.2328767123287671,0.23972602739726026,0.2328767123287671,-0.0648855,0.06442700000000001,-0.140405,-0.542461,-0.13615,0.11325,0.2191780821917808,12.864999999999998,38.0,0.26255,-0.009583999999999999,0.46045,0.13013698630136986
h1,EMA_50_100,short_flat,signal_close,146.0,0.22602739726027396,0.22602739726027396,0.2191780821917808,-0.06701,0.064659,-0.1443915,-0.5428740000000001,-0.1361,0.11685000000000001,0.2054794520547945,12.864999999999998,38.0,0.2571,-0.0099735,0.46045,0.15753424657534246
h1,EMA_50_200,long_flat,next_open,146.0,0.4794520547945205,0.4931506849315068,0.4315068493150685,0.040846,0.06442700000000001,-0.007636500000000001,-0.4140855,0.10955000000000001,0.11325,0.6164383561643836,8.89,26.0,0.3214,0.0110405,0.5251,0.7191780821917808
h1,EMA_50_200,long_flat,signal_close,146.0,0.4726027397260274,0.4931506849315068,0.4452054794520548,0.043824,0.064659,-0.007947500000000003,-0.4173405,0.11574999999999999,0.11685000000000001,0.589041095890411,8.89,26.0,0.32,0.010794,0.5252,0.7054794520547946
h1,EMA_50_200,long_short,next_open,146.0,0.2465753424657534,0.2465753424657534,0.22602739726027396,-0.056013,0.06442700000000001,-0.129681,-0.680194,-0.0879,0.11325,0.2328767123287671,8.89,51.0,0.2828,0.0013825,0.9775,0.3287671232876712
h1,EMA_50_200,long_short,signal_close,146.0,0.2465753424657534,0.2465753424657534,0.2191780821917808,-0.05536,0.064659,-0.1421805,-0.683909,-0.08940000000000001,0.11685000000000001,0.2328767123287671,8.89,51.0,0.2807,0.0014789999999999998,0.9776,0.3287671232876712
h1,EMA_50_200,short_flat,next_open,146.0,0.2328767123287671,0.2328767123287671,0.22602739726027396,-0.066188,0.06442700000000001,-0.142943,-0.5575675,-0.13090000000000002,0.11325,0.2328767123287671,8.81,25.5,0.24,-0.0138455,0.45185,0.1506849315068493
h1,EMA_50_200,short_flat,signal_close,146.0,0.22602739726027396,0.2328767123287671,0.2191780821917808,-0.0655255,0.064659,-0.144875,-0.558972,-0.1328,0.11685000000000001,0.22602739726027396,8.81,25.5,0.24,-0.0148165,0.45185,0.15753424657534246
h1,EMA_5_20,long_flat,next_open,146.0,0.3698630136986301,0.4520547945205479,0.2191780821917808,0.0041225,0.06442700000000001,-0.061768,-0.502894,0.00735,0.11325,0.410958904109589,87.63,257.0,0.29115,0.0003345,0.5059,0.5273972602739726
h1,EMA_5_20,long_flat,signal_close,146.0,0.3424657534246575,0.4246575342465753,0.19863013698630136,-0.0238235,0.064659,-0.0815845,-0.5286765,-0.043300000000000005,0.11685000000000001,0.363013698630137,87.63,257.0,0.27990000000000004,-0.0002235,0.506,0.4246575342465753
h1,EMA_5_20,long_short,next_open,146.0,0.23972602739726026,0.3150684931506849,0.14383561643835616,-0.1588755,0.06442700000000001,-0.22726000000000002,-0.801067,-0.20245,0.11325,0.2328767123287671,87.63,514.0,0.2773,-0.0011784999999999999,0.9976,0.2671232876712329
h1,EMA_5_20,long_short,signal_close,146.0,0.2191780821917808,0.2671232876712329,0.1095890410958904,-0.1890725,0.064659,-0.27054100000000003,-0.8342305,-0.2275,0.11685000000000001,0.22602739726027396,87.63,514.0,0.2666,-0.0016005,0.9978,0.21232876712328766
h1,EMA_5_20,short_flat,next_open,146.0,0.2465753424657534,0.2671232876712329,0.136986301369863,-0.116317,0.06442700000000001,-0.19087749999999998,-0.6872825,-0.18,0.11325,0.2328767123287671,87.46,257.0,0.26655,-0.0027805,0.49175,0.19863013698630136
h1,EMA_5_20,short_flat,signal_close,146.0,0.2054794520547945,0.23972602739726026,0.14383561643835616,-0.140142,0.064659,-0.20278050000000003,-0.7174485,-0.1921,0.11685000000000001,0.1917808219178082,87.46,257.0,0.2542,-0.0033255000000000003,0.49175,0.15753424657534246
h1,EMA_9_21,long_flat,next_open,146.0,0.3561643835616438,0.4794520547945205,0.23972602739726026,0.021665999999999998,0.06442700000000001,-0.040625499999999995,-0.46880900000000003,0.05245,0.11325,0.4383561643835616,65.53,192.5,0.30455,0.000841,0.5079,0.5753424657534246
h1,EMA_9_21,long_flat,signal_close,146.0,0.3356164383561644,0.4178082191780822,0.22602739726027396,0.005664499999999999,0.064659,-0.053755,-0.499356,0.012,0.11685000000000001,0.3835616438356164,65.53,192.5,0.29525,0.000256,0.50805,0.5136986301369864
h1,EMA_9_21,long_short,next_open,146.0,0.22602739726027396,0.2671232876712329,0.14383561643835616,-0.13349,0.06442700000000001,-0.197781,-0.778695,-0.18055,0.11325,0.2191780821917808,65.7,385.0,0.288,-0.000933,0.9975,0.2465753424657534
h1,EMA_9_21,long_short,signal_close,146.0,0.2191780821917808,0.2602739726027397,0.1232876712328767,-0.151566,0.064659,-0.229597,-0.7972414999999999,-0.19765,0.11685000000000001,0.2328767123287671,65.7,385.0,0.2788,-0.0015125,0.9976,0.21232876712328766
h1,EMA_9_21,short_flat,next_open,146.0,0.2328767123287671,0.2534246575342466,0.1780821917808219,-0.1107345,0.06442700000000001,-0.1842655,-0.663474,-0.16954999999999998,0.11325,0.22602739726027396,65.7,192.5,0.267,-0.003317,0.48965000000000003,0.18493150684931506
h1,EMA_9_21,short_flat,signal_close,146.0,0.22602739726027396,0.2328767123287671,0.1643835616438356,-0.12501600000000002,0.064659,-0.190316,-0.6886639999999999,-0.18409999999999999,0.11685000000000001,0.2191780821917808,65.7,192.5,0.259,-0.003863,0.48965000000000003,0.1917808219178082
h1,MST_7_4.0_7_1.5,long_flat,next_open,146.0,0.3561643835616438,0.4041095890410959,0.2876712328767123,0.0298665,0.06442700000000001,-0.0517475,-0.4861,0.0644,0.11325,0.4383561643835616,28.62,85.0,0.3882,0.003158,0.53735,0.6027397260273972
h1,MST_7_4.0_7_1.5,long_flat,signal_close,146.0,0.3424657534246575,0.3904109589041096,0.2602739726027397,0.0230775,0.064659,-0.059948,-0.4877115,0.04575,0.11685000000000001,0.4178082191780822,28.62,85.0,0.38015,0.002828,0.53735,0.589041095890411
h1,MST_7_4.0_7_1.5,long_short,next_open,146.0,0.21232876712328766,0.23972602739726026,0.15753424657534246,-0.1256205,0.06442700000000001,-0.20952250000000003,-0.729224,-0.177,0.11325,0.21232876712328766,28.62,169.0,0.34904999999999997,-0.0021455,0.9991,0.2191780821917808
h1,MST_7_4.0_7_1.5,long_short,signal_close,146.0,0.1917808219178082,0.2191780821917808,0.1506849315068493,-0.127336,0.064659,-0.218733,-0.7476404999999999,-0.17754999999999999,0.11685000000000001,0.19863013698630136,28.62,169.0,0.34755,-0.0024514999999999997,0.9992,0.22602739726027396
h1,MST_7_4.0_7_1.5,short_flat,next_open,146.0,0.22602739726027396,0.2465753424657534,0.19863013698630136,-0.1064395,0.06442700000000001,-0.1807855,-0.6132500000000001,-0.17855,0.11325,0.22602739726027396,28.45,84.0,0.30679999999999996,-0.007128,0.4613,0.17123287671232876
h1,MST_7_4.0_7_1.5,short_flat,signal_close,146.0,0.22602739726027396,0.2328767123287671,0.19863013698630136,-0.1119945,0.064659,-0.1820675,-0.614233,-0.1854,0.11685000000000001,0.2328767123287671,28.45,84.0,0.3063,-0.007789,0.46135,0.17123287671232876
h1,MST_7_4.0_7_2.0,long_flat,next_open,146.0,0.3561643835616438,0.4041095890410959,0.2876712328767123,0.0298665,0.06442700000000001,-0.0517475,-0.4861,0.0644,0.11325,0.4383561643835616,28.62,84.5,0.3882,0.003158,0.53735,0.5958904109589042
h1,MST_7_4.0_7_2.0,long_flat,signal_close,146.0,0.3424657534246575,0.3835616438356164,0.2602739726027397,0.0230775,0.064659,-0.058132,-0.4877115,0.04575,0.11685000000000001,0.4178082191780822,28.62,84.5,0.38185,0.002828,0.53735,0.589041095890411
h1,MST_7_4.0_7_2.0,long_short,next_open,146.0,0.2054794520547945,0.23972602739726026,0.15753424657534246,-0.122738,0.06442700000000001,-0.20952250000000003,-0.729224,-0.177,0.11325,0.2054794520547945,28.62,168.5,0.34855,-0.0021635,0.9991,0.2191780821917808
h1,MST_7_4.0_7_2.0,long_short,signal_close,146.0,0.1917808219178082,0.2191780821917808,0.1506849315068493,-0.1245765,0.064659,-0.2178325,-0.748524,-0.17754999999999999,0.11685000000000001,0.1917808219178082,28.62,168.5,0.34755,-0.0024514999999999997,0.9992,0.22602739726027396
h1,MST_7_4.0_7_2.0,short_flat,next_open,146.0,0.22602739726027396,0.2465753424657534,0.19863013698630136,-0.10494200000000001,0.06442700000000001,-0.1807855,-0.6118935,-0.17845,0.11325,0.22602739726027396,28.45,84.0,0.3077,-0.007128,0.4613,0.17123287671232876
h1,MST_7_4.0_7_2.0,short_flat,signal_close,146.0,0.22602739726027396,0.2328767123287671,0.19863013698630136,-0.1108265,0.064659,-0.1824655,-0.614233,-0.18514999999999998,0.11685000000000001,0.2328767123287671,28.45,84.0,0.30720000000000003,-0.007789,0.46135,0.17123287671232876
h1,MST_7_4.0_7_2.5,long_flat,next_open,146.0,0.3561643835616438,0.4041095890410959,0.2876712328767123,0.0298665,0.06442700000000001,-0.0517475,-0.4861,0.0644,0.11325,0.4383561643835616,28.62,85.0,0.3882,0.003158,0.53735,0.5958904109589042
h1,MST_7_4.0_7_2.5,long_flat,signal_close,146.0,0.3424657534246575,0.3835616438356164,0.2602739726027397,0.022738,0.064659,-0.059715500000000005,-0.4877115,0.04575,0.11685000000000001,0.4178082191780822,28.62,85.0,0.38015,0.002828,0.53735,0.589041095890411
h1,MST_7_4.0_7_2.5,long_short,next_open,146.0,0.2054794520547945,0.23972602739726026,0.15753424657534246,-0.1223465,0.06442700000000001,-0.20952250000000003,-0.729224,-0.177,0.11325,0.2054794520547945,28.62,169.0,0.34904999999999997,-0.0021739999999999997,0.9991,0.2191780821917808
h1,MST_7_4.0_7_2.5,long_short,signal_close,146.0,0.19863013698630136,0.2191780821917808,0.1506849315068493,-0.1245765,0.064659,-0.21998800000000002,-0.7476404999999999,-0.1779,0.11685000000000001,0.1917808219178082,28.62,169.0,0.34755,-0.0024514999999999997,0.9992,0.22602739726027396
h1,MST_7_4.0_7_2.5,short_flat,next_open,146.0,0.22602739726027396,0.2465753424657534,0.19863013698630136,-0.105281,0.06442700000000001,-0.1807855,-0.6132500000000001,-0.17845,0.11325,0.22602739726027396,28.45,84.0,0.3077,-0.007128,0.4613,0.17123287671232876
h1,MST_7_4.0_7_2.5,short_flat,signal_close,146.0,0.22602739726027396,0.2328767123287671,0.19863013698630136,-0.11174500000000001,0.064659,-0.1820675,-0.6150235,-0.18515,0.11685000000000001,0.2328767123287671,28.45,84.0,0.30720000000000003,-0.007789,0.46135,0.17123287671232876
h1,MST_7_5.0_7_1.5,long_flat,next_open,146.0,0.3835616438356164,0.4178082191780822,0.3219178082191781,0.0385005,0.06442700000000001,-0.029449000000000003,-0.4572585,0.0848,0.11325,0.4931506849315068,20.655,61.0,0.4031,0.0053395000000000005,0.5396000000000001,0.6986301369863014
h1,MST_7_5.0_7_1.5,long_flat,signal_close,146.0,0.3835616438356164,0.410958904109589,0.3082191780821918,0.032896,0.064659,-0.03522549999999999,-0.46230150000000003,0.0799,0.11685000000000001,0.4863013698630137,20.655,61.0,0.4035,0.0050125,0.5397000000000001,0.6712328767123288
h1,MST_7_5.0_7_1.5,long_short,next_open,146.0,0.2328767123287671,0.2465753424657534,0.19863013698630136,-0.084909,0.06442700000000001,-0.1606745,-0.6917525,-0.12865000000000001,0.11325,0.2465753424657534,20.655,121.0,0.3548,-0.0013345,0.9991,0.2602739726027397
h1,MST_7_5.0_7_1.5,long_short,signal_close,146.0,0.22602739726027396,0.2328767123287671,0.19863013698630136,-0.0924845,0.064659,-0.1778825,-0.6956070000000001,-0.13615,0.11685000000000001,0.23972602739726026,20.655,121.0,0.3527,-0.0014104999999999999,0.9992,0.2534246575342466
h1,MST_7_5.0_7_1.5,short_flat,next_open,146.0,0.2328767123287671,0.2465753424657534,0.2054794520547945,-0.08528250000000001,0.06442700000000001,-0.15566950000000002,-0.5853265000000001,-0.15955,0.11325,0.2054794520547945,20.405,60.0,0.30495,-0.008126999999999999,0.4589,0.1780821917808219
h1,MST_7_5.0_7_1.5,short_flat,signal_close,146.0,0.2054794520547945,0.23972602739726026,0.19863013698630136,-0.088164,0.064659,-0.1607515,-0.5769965,-0.1629,0.11685000000000001,0.2054794520547945,20.405,60.0,0.3033,-0.0086765,0.45894999999999997,0.1780821917808219
h1,MST_7_5.0_7_2.0,long_flat,next_open,146.0,0.3835616438356164,0.4178082191780822,0.3219178082191781,0.0385005,0.06442700000000001,-0.029449000000000003,-0.4572585,0.0848,0.11325,0.4931506849315068,20.655,61.0,0.4032,0.0053395000000000005,0.54015,0.6986301369863014
h1,MST_7_5.0_7_2.0,long_flat,signal_close,146.0,0.3835616438356164,0.410958904109589,0.3082191780821918,0.033024,0.064659,-0.03522549999999999,-0.46230150000000003,0.07935,0.11685000000000001,0.4931506849315068,20.655,61.0,0.4035,0.0049785,0.5402,0.6712328767123288
h1,MST_7_5.0_7_2.0,long_short,next_open,146.0,0.2328767123287671,0.2465753424657534,0.19863013698630136,-0.0877185,0.06442700000000001,-0.157974,-0.6917525,-0.12865000000000001,0.11325,0.2465753424657534,20.655,121.0,0.35519999999999996,-0.0015119999999999999,0.9991,0.2602739726027397
h1,MST_7_5.0_7_2.0,long_short,signal_close,146.0,0.22602739726027396,0.22602739726027396,0.19863013698630136,-0.0938225,0.064659,-0.1774235,-0.6956070000000001,-0.13645000000000002,0.11685000000000001,0.23972602739726026,20.655,121.0,0.3527,-0.0014824999999999999,0.9992,0.2534246575342466
h1,MST_7_5.0_7_2.0,short_flat,next_open,146.0,0.22602739726027396,0.2465753424657534,0.2054794520547945,-0.08291599999999999,0.06442700000000001,-0.15571849999999998,-0.577813,-0.15805,0.11325,0.2054794520547945,20.405,60.0,0.30605,-0.0081595,0.45894999999999997,0.1780821917808219
h1,MST_7_5.0_7_2.0,short_flat,signal_close,146.0,0.2054794520547945,0.23972602739726026,0.19863013698630136,-0.0872145,0.064659,-0.1603125,-0.5769965,-0.16255,0.11685000000000001,0.2054794520547945,20.405,60.0,0.3033,-0.0086765,0.45899999999999996,0.1780821917808219
h1,MST_7_5.0_7_2.5,long_flat,next_open,146.0,0.3835616438356164,0.4178082191780822,0.3219178082191781,0.041063,0.06442700000000001,-0.029449000000000003,-0.4572585,0.0895,0.11325,0.4931506849315068,20.655,61.0,0.4031,0.0053825,0.54005,0.6986301369863014
h1,MST_7_5.0_7_2.5,long_flat,signal_close,146.0,0.3835616438356164,0.410958904109589,0.3013698630136986,0.0357725,0.064659,-0.03522549999999999,-0.46230150000000003,0.0799,0.11685000000000001,0.4931506849315068,20.655,61.0,0.4035,0.005171500000000001,0.54015,0.6712328767123288
h1,MST_7_5.0_7_2.5,long_short,next_open,146.0,0.23972602739726026,0.2534246575342466,0.2054794520547945,-0.0877185,0.06442700000000001,-0.16045549999999997,-0.6936615,-0.12865000000000001,0.11325,0.2534246575342466,20.66,121.0,0.3548,-0.0015119999999999999,0.9991,0.2671232876712329
h1,MST_7_5.0_7_2.5,long_short,signal_close,146.0,0.22602739726027396,0.23972602739726026,0.19863013698630136,-0.0938225,0.064659,-0.1774235,-0.6956070000000001,-0.13645000000000002,0.11685000000000001,0.23972602739726026,20.66,121.0,0.3527,-0.001484,0.9992,0.2534246575342466
h1,MST_7_5.0_7_2.5,short_flat,next_open,146.0,0.2328767123287671,0.2465753424657534,0.2054794520547945,-0.085153,0.06442700000000001,-0.15571849999999998,-0.583034,-0.1568,0.11325,0.2054794520547945,20.405,60.0,0.30495,-0.008198,0.45894999999999997,0.1780821917808219
h1,MST_7_5.0_7_2.5,short_flat,signal_close,146.0,0.2054794520547945,0.23972602739726026,0.19863013698630136,-0.089202,0.064659,-0.1603125,-0.5756775000000001,-0.16135,0.11685000000000001,0.2054794520547945,20.405,60.0,0.3033,-0.0086765,0.45899999999999996,0.1780821917808219
h1,MST_7_6.0_7_1.5,long_flat,next_open,146.0,0.4383561643835616,0.4726027397260274,0.3767123287671233,0.0540425,0.06442700000000001,-0.020403499999999998,-0.42602700000000004,0.13595,0.11325,0.5205479452054794,15.835,47.0,0.41590000000000005,0.0081315,0.5424,0.7191780821917808
h1,MST_7_6.0_7_1.5,long_flat,signal_close,146.0,0.4315068493150685,0.4589041095890411,0.3698630136986301,0.0537605,0.064659,-0.021379499999999996,-0.42544099999999996,0.13855,0.11685000000000001,0.5342465753424658,15.835,47.0,0.413,0.007977999999999999,0.5424,0.7465753424657534
h1,MST_7_6.0_7_1.5,long_short,next_open,146.0,0.23972602739726026,0.2808219178082192,0.19863013698630136,-0.080805,0.06442700000000001,-0.1616545,-0.6768655,-0.1188,0.11325,0.2465753424657534,15.92,93.0,0.36755000000000004,-3.35e-05,0.9991,0.3150684931506849
h1,MST_7_6.0_7_1.5,long_short,signal_close,146.0,0.2465753424657534,0.2671232876712329,0.2054794520547945,-0.076383,0.064659,-0.15614250000000002,-0.6755285,-0.1232,0.11685000000000001,0.2534246575342466,15.92,93.0,0.3646,-0.000433,0.9992,0.3219178082191781
h1,MST_7_6.0_7_1.5,short_flat,next_open,146.0,0.2328767123287671,0.2534246575342466,0.21232876712328766,-0.0827365,0.06442700000000001,-0.155308,-0.5502465,-0.15265,0.11325,0.21232876712328766,15.665,46.0,0.3171,-0.010350999999999999,0.45530000000000004,0.18493150684931506
h1,MST_7_6.0_7_1.5,short_flat,signal_close,146.0,0.2534246575342466,0.2534246575342466,0.2191780821917808,-0.083737,0.064659,-0.15052549999999998,-0.551267,-0.15825,0.11685000000000001,0.22602739726027396,15.665,46.0,0.3103,-0.0102195,0.45535000000000003,0.1917808219178082
h1,MST_7_6.0_7_2.0,long_flat,next_open,146.0,0.4383561643835616,0.4726027397260274,0.3767123287671233,0.0540425,0.06442700000000001,-0.020559,-0.42602700000000004,0.13595,0.11325,0.5205479452054794,15.835,47.0,0.41590000000000005,0.0081315,0.5428999999999999,0.7191780821917808
h1,MST_7_6.0_7_2.0,long_flat,signal_close,146.0,0.4315068493150685,0.4589041095890411,0.3698630136986301,0.0537605,0.064659,-0.021483000000000006,-0.42544099999999996,0.13855,0.11685000000000001,0.5342465753424658,15.835,47.0,0.413,0.007977999999999999,0.54295,0.7465753424657534
h1,MST_7_6.0_7_2.0,long_short,next_open,146.0,0.2328767123287671,0.2808219178082192,0.19863013698630136,-0.080805,0.06442700000000001,-0.1616545,-0.6768655,-0.1188,0.11325,0.2465753424657534,15.92,93.0,0.36755000000000004,-3.35e-05,0.9991,0.3150684931506849
h1,MST_7_6.0_7_2.0,long_short,signal_close,146.0,0.2465753424657534,0.2671232876712329,0.2054794520547945,-0.076383,0.064659,-0.15614250000000002,-0.675317,-0.1232,0.11685000000000001,0.2534246575342466,15.92,93.0,0.3646,-0.000433,0.9992,0.3219178082191781
h1,MST_7_6.0_7_2.0,short_flat,next_open,146.0,0.23972602739726026,0.2534246575342466,0.21232876712328766,-0.0827365,0.06442700000000001,-0.155308,-0.547393,-0.15265,0.11325,0.21232876712328766,15.665,46.0,0.3171,-0.010350999999999999,0.45530000000000004,0.18493150684931506
h1,MST_7_6.0_7_2.0,short_flat,signal_close,146.0,0.2534246575342466,0.2534246575342466,0.2191780821917808,-0.083737,0.064659,-0.15052549999999998,-0.551267,-0.15825,0.11685000000000001,0.22602739726027396,15.665,46.0,0.3103,-0.0102195,0.45535000000000003,0.1917808219178082
h1,MST_7_6.0_7_2.5,long_flat,next_open,146.0,0.4383561643835616,0.4726027397260274,0.3767123287671233,0.0540425,0.06442700000000001,-0.020559,-0.42602700000000004,0.13595,0.11325,0.5205479452054794,15.835,47.0,0.41590000000000005,0.0081315,0.5428999999999999,0.7123287671232876
h1,MST_7_6.0_7_2.5,long_flat,signal_close,146.0,0.4315068493150685,0.4589041095890411,0.3698630136986301,0.0537605,0.064659,-0.021483000000000006,-0.42544099999999996,0.13855,0.11685000000000001,0.5342465753424658,15.835,47.0,0.413,0.007977999999999999,0.54295,0.7465753424657534
h1,MST_7_6.0_7_2.5,long_short,next_open,146.0,0.23972602739726026,0.2876712328767123,0.2054794520547945,-0.076376,0.06442700000000001,-0.16061999999999999,-0.6768655,-0.1188,0.11325,0.2534246575342466,15.92,93.0,0.36755000000000004,-3.35e-05,0.9991,0.3219178082191781
h1,MST_7_6.0_7_2.5,long_short,signal_close,146.0,0.2465753424657534,0.2671232876712329,0.2054794520547945,-0.076383,0.064659,-0.15614250000000002,-0.675317,-0.1232,0.11685000000000001,0.2534246575342466,15.92,93.0,0.3646,-0.000433,0.9992,0.3219178082191781
h1,MST_7_6.0_7_2.5,short_flat,next_open,146.0,0.2465753424657534,0.2602739726027397,0.2191780821917808,-0.080369,0.06442700000000001,-0.145677,-0.5544605,-0.15265,0.11325,0.2191780821917808,15.665,46.0,0.3171,-0.010350999999999999,0.45620000000000005,0.1917808219178082
h1,MST_7_6.0_7_2.5,short_flat,signal_close,146.0,0.2534246575342466,0.2534246575342466,0.2191780821917808,-0.083737,0.064659,-0.1479925,-0.553558,-0.15825,0.11685000000000001,0.22602739726027396,15.665,46.0,0.3103,-0.0102195,0.45625000000000004,0.1917808219178082
h1,ST_10_1.5,long_flat,next_open,146.0,0.3150684931506849,0.410958904109589,0.18493150684931506,-0.0182035,0.06442700000000001,-0.09226000000000001,-0.5599735,-0.03455,0.11325,0.3287671232876712,101.26,299.0,0.3621,-6.4e-05,0.50755,0.4589041095890411
h1,ST_10_1.5,long_flat,signal_close,146.0,0.2671232876712329,0.3493150684931507,0.17123287671232876,-0.0423625,0.064659,-0.109594,-0.593642,-0.0755,0.11685000000000001,0.2876712328767123,101.26,299.0,0.3568,-0.0004655,0.5076499999999999,0.3972602739726027
h1,ST_10_1.5,long_short,next_open,146.0,0.2191780821917808,0.2808219178082192,0.11643835616438356,-0.191035,0.06442700000000001,-0.27496149999999997,-0.8441445,-0.23299999999999998,0.11325,0.2191780821917808,101.26,597.5,0.3517,-0.0013525,0.9988,0.22602739726027396
h1,ST_10_1.5,long_short,signal_close,146.0,0.19863013698630136,0.2465753424657534,0.08904109589041095,-0.2381655,0.064659,-0.3079455,-0.8718305,-0.2736,0.11685000000000001,0.2054794520547945,101.26,597.5,0.3459,-0.0019004999999999998,0.9989,0.18493150684931506
h1,ST_10_1.5,short_flat,next_open,146.0,0.22602739726027396,0.2602739726027397,0.17123287671232876,-0.151774,0.06442700000000001,-0.220047,-0.7250350000000001,-0.21445,0.11325,0.22602739726027396,101.09,298.5,0.33385,-0.002938,0.49119999999999997,0.18493150684931506
h1,ST_10_1.5,short_flat,signal_close,146.0,0.19863013698630136,0.2465753424657534,0.1506849315068493,-0.171264,0.064659,-0.25036,-0.740525,-0.2268,0.11685000000000001,0.2054794520547945,101.09,298.5,0.3284,-0.003364,0.49119999999999997,0.15753424657534246
h1,ST_10_2.0,long_flat,next_open,146.0,0.3561643835616438,0.4246575342465753,0.2328767123287671,0.001432,0.06442700000000001,-0.0704235,-0.5409809999999999,0.00265,0.11325,0.3698630136986301,72.055,212.5,0.37265000000000004,0.0004115,0.5166,0.5
h1,ST_10_2.0,long_flat,signal_close,146.0,0.3356164383561644,0.410958904109589,0.22602739726027396,-0.018567,0.064659,-0.08808250000000001,-0.5619460000000001,-0.035250000000000004,0.11685000000000001,0.3424657534246575,72.055,212.5,0.36905,-6.549999999999999e-05,0.5167,0.4383561643835616
h1,ST_10_2.0,long_short,next_open,146.0,0.23972602739726026,0.2945205479452055,0.13013698630136986,-0.16651300000000002,0.06442700000000001,-0.2351265,-0.8242339999999999,-0.2084,0.11325,0.2465753424657534,72.055,424.5,0.3536,-0.0016235,0.9988,0.2465753424657534
h1,ST_10_2.0,long_short,signal_close,146.0,0.2054794520547945,0.2671232876712329,0.1095890410958904,-0.199433,0.064659,-0.269553,-0.8370489999999999,-0.24385,0.11685000000000001,0.2191780821917808,72.055,424.5,0.3492,-0.002112,0.9989,0.21232876712328766
h1,ST_10_2.0,short_flat,next_open,146.0,0.21232876712328766,0.2465753424657534,0.1643835616438356,-0.133158,0.06442700000000001,-0.196488,-0.693624,-0.19425,0.11325,0.2191780821917808,71.88499999999999,212.0,0.33035000000000003,-0.0034574999999999996,0.4822,0.2054794520547945
h1,ST_10_2.0,short_flat,signal_close,146.0,0.2054794520547945,0.22602739726027396,0.15753424657534246,-0.148735,0.064659,-0.20841500000000002,-0.7148975,-0.2123,0.11685000000000001,0.2191780821917808,71.88499999999999,212.0,0.32885,-0.004125,0.4822,0.18493150684931506
h1,ST_10_2.5,long_flat,next_open,146.0,0.363013698630137,0.4520547945205479,0.2465753424657534,0.0051684999999999995,0.06442700000000001,-0.058166999999999996,-0.5188195,0.01185,0.11325,0.4246575342465753,54.105000000000004,160.0,0.37734999999999996,0.0005455,0.52355,0.5068493150684932
h1,ST_10_2.5,long_flat,signal_close,146.0,0.3698630136986301,0.410958904109589,0.2465753424657534,-0.008642,0.064659,-0.06496299999999999,-0.543887,-0.0168,0.11685000000000001,0.3835616438356164,54.105000000000004,160.0,0.37315,0.0003625,0.52365,0.4794520547945205
h1,ST_10_2.5,long_short,next_open,146.0,0.22602739726027396,0.2876712328767123,0.13013698630136986,-0.1465245,0.06442700000000001,-0.21968300000000002,-0.804852,-0.2049,0.11325,0.23972602739726026,54.105000000000004,319.5,0.35235000000000005,-0.0015055,0.9988,0.2328767123287671
h1,ST_10_2.5,long_short,signal_close,146.0,0.1917808219178082,0.2671232876712329,0.11643835616438356,-0.17074250000000002,0.064659,-0.237147,-0.819591,-0.2172,0.11685000000000001,0.19863013698630136,54.105000000000004,319.5,0.34440000000000004,-0.002278,0.9989,0.1917808219178082
h1,ST_10_2.5,short_flat,next_open,146.0,0.2191780821917808,0.2534246575342466,0.1780821917808219,-0.120562,0.06442700000000001,-0.193153,-0.660142,-0.189,0.11325,0.21232876712328766,53.935,159.5,0.33025000000000004,-0.0043375,0.47525,0.17123287671232876
h1,ST_10_2.5,short_flat,signal_close,146.0,0.2054794520547945,0.2191780821917808,0.1643835616438356,-0.135637,0.064659,-0.1967255,-0.6808145,-0.1946,0.11685000000000001,0.2054794520547945,53.935,159.5,0.3291,-0.0046695,0.47525,0.1506849315068493
h1,ST_10_3.0,long_flat,next_open,146.0,0.3698630136986301,0.4178082191780822,0.2465753424657534,0.016686,0.06442700000000001,-0.0487125,-0.483109,0.0322,0.11325,0.4178082191780822,42.5,126.0,0.38215,0.00125,0.5298,0.5684931506849316
h1,ST_10_3.0,long_flat,signal_close,146.0,0.3424657534246575,0.4041095890410959,0.2191780821917808,0.0047735,0.064659,-0.0535085,-0.511873,0.010499999999999999,0.11685000000000001,0.3767123287671233,42.5,126.0,0.3798,0.0008185,0.5299,0.5342465753424658
h1,ST_10_3.0,long_short,next_open,146.0,0.19863013698630136,0.2602739726027397,0.1506849315068493,-0.12727549999999999,0.06442700000000001,-0.20960449999999997,-0.759355,-0.1789,0.11325,0.21232876712328766,42.5,251.0,0.35685,-0.001719,0.9988,0.2054794520547945
h1,ST_10_3.0,long_short,signal_close,146.0,0.18493150684931506,0.22602739726027396,0.13013698630136986,-0.156518,0.064659,-0.229354,-0.781192,-0.19815,0.11685000000000001,0.2054794520547945,42.5,251.0,0.35225,-0.0023315000000000002,0.9989,0.1917808219178082
h1,ST_10_3.0,short_flat,next_open,146.0,0.2191780821917808,0.2534246575342466,0.17123287671232876,-0.11147599999999999,0.06442700000000001,-0.1809785,-0.6462144999999999,-0.17785,0.11325,0.2191780821917808,42.33,125.0,0.32484999999999997,-0.005175,0.469,0.17123287671232876
h1,ST_10_3.0,short_flat,signal_close,146.0,0.2054794520547945,0.2328767123287671,0.1506849315068493,-0.12168999999999999,0.064659,-0.20021,-0.650434,-0.18345,0.11685000000000001,0.2054794520547945,42.33,125.0,0.3267,-0.0057,0.469,0.1506849315068493
h1,ST_10_4.0,long_flat,next_open,146.0,0.363013698630137,0.4246575342465753,0.273972602739726,0.019712,0.06442700000000001,-0.05357250000000001,-0.5079670000000001,0.0369,0.11325,0.4246575342465753,28.025,83.0,0.38285,0.0023085,0.5362,0.6027397260273972
h1,ST_10_4.0,long_flat,signal_close,146.0,0.3424657534246575,0.410958904109589,0.2671232876712329,0.012552500000000001,0.064659,-0.057036500000000004,-0.5081389999999999,0.024149999999999998,0.11685000000000001,0.4178082191780822,28.025,83.0,0.378,0.001361,0.53625,0.5684931506849316
h1,ST_10_4.0,long_short,next_open,146.0,0.1780821917808219,0.2054794520547945,0.15753424657534246,-0.1133645,0.06442700000000001,-0.20789600000000003,-0.7284605,-0.1619,0.11325,0.18493150684931506,28.025,165.0,0.35209999999999997,-0.0018874999999999999,0.9988,0.2191780821917808
h1,ST_10_4.0,long_short,signal_close,146.0,0.18493150684931506,0.19863013698630136,0.14383561643835616,-0.1216745,0.064659,-0.216476,-0.731614,-0.17225000000000001,0.11685000000000001,0.1780821917808219,28.025,165.0,0.35155000000000003,-0.002419,0.9989,0.21232876712328766
h1,ST_10_4.0,short_flat,next_open,146.0,0.21232876712328766,0.22602739726027396,0.1917808219178082,-0.10320499999999999,0.06442700000000001,-0.1900535,-0.6215735,-0.1759,0.11325,0.21232876712328766,27.855,82.0,0.3107,-0.00768,0.4626,0.1506849315068493
h1,ST_10_4.0,short_flat,signal_close,146.0,0.21232876712328766,0.22602739726027396,0.1917808219178082,-0.1081945,0.064659,-0.190832,-0.6321465,-0.18035,0.11685000000000001,0.2054794520547945,27.855,82.0,0.311,-0.008303999999999999,0.46265,0.1506849315068493
h1,ST_10_5.0,long_flat,next_open,146.0,0.3904109589041096,0.4383561643835616,0.3424657534246575,0.0483735,0.06442700000000001,-0.026505,-0.45991150000000003,0.1032,0.11325,0.5,19.98,59.0,0.4065,0.005978,0.54005,0.7054794520547946
h1,ST_10_5.0,long_flat,signal_close,146.0,0.3904109589041096,0.4315068493150685,0.3424657534246575,0.0435525,0.064659,-0.034936999999999996,-0.4634275,0.10314999999999999,0.11685000000000001,0.4863013698630137,19.98,59.0,0.4053,0.005341,0.54015,0.6917808219178082
h1,ST_10_5.0,long_short,next_open,146.0,0.2465753424657534,0.2671232876712329,0.2191780821917808,-0.0775405,0.06442700000000001,-0.17486449999999998,-0.6868145,-0.12175,0.11325,0.2465753424657534,19.98,118.0,0.3571,-0.00027749999999999997,0.9988,0.273972602739726
h1,ST_10_5.0,long_short,signal_close,146.0,0.23972602739726026,0.2465753424657534,0.2054794520547945,-0.0916965,0.064659,-0.185663,-0.6827540000000001,-0.13225,0.11685000000000001,0.23972602739726026,19.98,118.0,0.35565,-0.0008964999999999999,0.9989,0.2671232876712329
h1,ST_10_5.0,short_flat,next_open,146.0,0.2328767123287671,0.2534246575342466,0.22602739726027396,-0.08443149999999999,0.06442700000000001,-0.1641005,-0.556845,-0.1666,0.11325,0.2328767123287671,19.81,59.0,0.3077,-0.0081725,0.45875,0.2054794520547945
h1,ST_10_5.0,short_flat,signal_close,146.0,0.23972602739726026,0.23972602739726026,0.2191780821917808,-0.0911425,0.064659,-0.16169350000000002,-0.569725,-0.16945,0.11685000000000001,0.22602739726027396,19.81,59.0,0.3077,-0.0086365,0.45875,0.18493150684931506
h1,ST_14_1.5,long_flat,next_open,146.0,0.3082191780821918,0.4041095890410959,0.18493150684931506,-0.0136785,0.06442700000000001,-0.0872145,-0.5528755000000001,-0.020999999999999998,0.11325,0.3287671232876712,101.345,299.0,0.36455,3.6e-05,0.5047999999999999,0.4520547945205479
h1,ST_14_1.5,long_flat,signal_close,146.0,0.2876712328767123,0.3904109589041096,0.1780821917808219,-0.0331235,0.064659,-0.1034805,-0.5734005,-0.05685,0.11685000000000001,0.2945205479452055,101.345,299.0,0.35619999999999996,-0.00023700000000000001,0.50485,0.3972602739726027
h1,ST_14_1.5,long_short,next_open,146.0,0.21232876712328766,0.2876712328767123,0.1232876712328767,-0.1961135,0.06442700000000001,-0.2719815,-0.8383065000000001,-0.2334,0.11325,0.22602739726027396,101.345,597.5,0.34925,-0.0013830000000000001,0.9983,0.23972602739726026
h1,ST_14_1.5,long_short,signal_close,146.0,0.2054794520547945,0.2602739726027397,0.1095890410958904,-0.215392,0.064659,-0.29632749999999997,-0.8605535,-0.262,0.11685000000000001,0.2054794520547945,101.345,597.5,0.345,-0.0016749999999999998,0.9984,0.2054794520547945
h1,ST_14_1.5,short_flat,next_open,146.0,0.21232876712328766,0.2602739726027397,0.17123287671232876,-0.14022099999999998,0.06442700000000001,-0.21376199999999998,-0.7283919999999999,-0.2074,0.11325,0.2191780821917808,101.17500000000001,298.5,0.33765,-0.0026525000000000003,0.49360000000000004,0.1917808219178082
h1,ST_14_1.5,short_flat,signal_close,146.0,0.2054794520547945,0.2191780821917808,0.15753424657534246,-0.1582905,0.064659,-0.2215935,-0.7403854999999999,-0.21450000000000002,0.11685000000000001,0.2191780821917808,101.17500000000001,298.5,0.33165,-0.0031475,0.49365000000000003,0.17123287671232876
h1,ST_14_2.0,long_flat,next_open,146.0,0.3287671232876712,0.4246575342465753,0.2328767123287671,0.0043835,0.06442700000000001,-0.061796500000000004,-0.5283565,0.0071,0.11325,0.3698630136986301,72.14,213.0,0.37095,0.00046350000000000004,0.5152,0.5205479452054794
h1,ST_14_2.0,long_flat,signal_close,146.0,0.3219178082191781,0.3904109589041096,0.22602739726027396,-0.015843,0.064659,-0.06931300000000001,-0.54387,-0.025750000000000002,0.11685000000000001,0.3561643835616438,72.14,213.0,0.3668,0.000136,0.51525,0.4589041095890411
h1,ST_14_2.0,long_short,next_open,146.0,0.23972602739726026,0.3082191780821918,0.1506849315068493,-0.174352,0.06442700000000001,-0.2306605,-0.8143755,-0.21655,0.11325,0.2465753424657534,72.14,425.5,0.3533,-0.0016675000000000001,0.9983,0.2465753424657534
h1,ST_14_2.0,long_short,signal_close,146.0,0.21232876712328766,0.2671232876712329,0.13013698630136986,-0.1951835,0.064659,-0.25917,-0.8242825,-0.2441,0.11685000000000001,0.22602739726027396,72.14,425.5,0.35,-0.0020695,0.9984,0.2054794520547945
h1,ST_14_2.0,short_flat,next_open,146.0,0.23972602739726026,0.2465753424657534,0.15753424657534246,-0.1311485,0.06442700000000001,-0.1888795,-0.6903045,-0.19890000000000002,0.11325,0.22602739726027396,71.97,212.5,0.3355,-0.0035855,0.4831,0.21232876712328766
h1,ST_14_2.0,short_flat,signal_close,146.0,0.2054794520547945,0.2328767123287671,0.1506849315068493,-0.1453755,0.064659,-0.2131035,-0.706021,-0.2097,0.11685000000000001,0.2054794520547945,71.97,212.5,0.33105,-0.004091,0.48314999999999997,0.18493150684931506
h1,ST_14_2.5,long_flat,next_open,146.0,0.3561643835616438,0.4246575342465753,0.23972602739726026,0.0125375,0.06442700000000001,-0.051782,-0.5166090000000001,0.0209,0.11325,0.3835616438356164,54.36,161.0,0.3816,0.000673,0.52015,0.5136986301369864
h1,ST_14_2.5,long_flat,signal_close,146.0,0.3287671232876712,0.4246575342465753,0.21232876712328766,-0.0043675,0.064659,-0.066731,-0.540895,-0.0068000000000000005,0.11685000000000001,0.3698630136986301,54.36,161.0,0.37795,0.000268,0.5202500000000001,0.4931506849315068
h1,ST_14_2.5,long_short,next_open,146.0,0.22602739726027396,0.2602739726027397,0.136986301369863,-0.15959,0.06442700000000001,-0.2301955,-0.782204,-0.1997,0.11325,0.21232876712328766,54.36,321.0,0.35625,-0.0017014999999999999,0.9983,0.2328767123287671
h1,ST_14_2.5,long_short,signal_close,146.0,0.18493150684931506,0.2191780821917808,0.1232876712328767,-0.1800235,0.064659,-0.2437395,-0.8039675,-0.22135,0.11685000000000001,0.19863013698630136,54.36,321.0,0.34795,-0.002227,0.9984,0.1917808219178082
h1,ST_14_2.5,short_flat,next_open,146.0,0.1917808219178082,0.23972602739726026,0.1780821917808219,-0.124168,0.06442700000000001,-0.197187,-0.671585,-0.19745000000000001,0.11325,0.19863013698630136,54.19,160.0,0.33015,-0.004341,0.47815,0.18493150684931506
h1,ST_14_2.5,short_flat,signal_close,146.0,0.18493150684931506,0.2054794520547945,0.1643835616438356,-0.1332625,0.064659,-0.20745000000000002,-0.686752,-0.19879999999999998,0.11685000000000001,0.19863013698630136,54.19,160.0,0.32915,-0.005067,0.47815,0.15753424657534246
h1,ST_14_3.0,long_flat,next_open,146.0,0.3356164383561644,0.3904109589041096,0.273972602739726,0.0115625,0.06442700000000001,-0.04346749999999999,-0.4901065,0.02655,0.11325,0.3835616438356164,42.379999999999995,125.5,0.3789,0.001196,0.5266,0.5547945205479452
h1,ST_14_3.0,long_flat,signal_close,146.0,0.3219178082191781,0.363013698630137,0.2328767123287671,0.0031875000000000002,0.064659,-0.052143000000000016,-0.50816,0.0058,0.11685000000000001,0.3561643835616438,42.379999999999995,125.5,0.372,0.000758,0.5266500000000001,0.5342465753424658
h1,ST_14_3.0,long_short,next_open,146.0,0.21232876712328766,0.23972602739726026,0.14383561643835616,-0.1418105,0.06442700000000001,-0.215981,-0.761055,-0.18974999999999997,0.11325,0.2191780821917808,42.379999999999995,250.0,0.3569,-0.0019925,0.9983,0.21232876712328766
h1,ST_14_3.0,long_short,signal_close,146.0,0.1917808219178082,0.22602739726027396,0.13013698630136986,-0.158121,0.064659,-0.21548,-0.7915369999999999,-0.20625,0.11685000000000001,0.19863013698630136,42.379999999999995,250.0,0.35575,-0.002578,0.9984,0.18493150684931506
h1,ST_14_3.0,short_flat,next_open,146.0,0.2191780821917808,0.2328767123287671,0.1780821917808219,-0.10975099999999999,0.06442700000000001,-0.18122749999999999,-0.645525,-0.1834,0.11325,0.22602739726027396,42.195,124.5,0.3278,-0.0052155,0.4717,0.1643835616438356
h1,ST_14_3.0,short_flat,signal_close,146.0,0.2054794520547945,0.21232876712328766,0.1780821917808219,-0.1182835,0.064659,-0.190504,-0.665745,-0.18795,0.11685000000000001,0.2191780821917808,42.195,124.5,0.32565,-0.0054605,0.47175,0.14383561643835616
h1,ST_14_4.0,long_flat,next_open,146.0,0.3904109589041096,0.3972602739726027,0.273972602739726,0.031183,0.06442700000000001,-0.05287800000000001,-0.4929515,0.057300000000000004,0.11325,0.4178082191780822,28.189999999999998,83.0,0.3865,0.0025345000000000003,0.5345500000000001,0.589041095890411
h1,ST_14_4.0,long_flat,signal_close,146.0,0.3493150684931507,0.3972602739726027,0.2602739726027397,0.017857500000000002,0.064659,-0.058827500000000005,-0.49880599999999997,0.031,0.11685000000000001,0.3972602739726027,28.189999999999998,83.0,0.3873,0.0022435,0.5346,0.5616438356164384
h1,ST_14_4.0,long_short,next_open,146.0,0.1917808219178082,0.2054794520547945,0.1643835616438356,-0.12597799999999998,0.06442700000000001,-0.2126725,-0.7594920000000001,-0.1665,0.11325,0.1917808219178082,28.189999999999998,165.5,0.35585,-0.002012,0.9983,0.19863013698630136
h1,ST_14_4.0,long_short,signal_close,146.0,0.1917808219178082,0.2054794520547945,0.14383561643835616,-0.13235049999999998,0.064659,-0.213155,-0.7690655,-0.17659999999999998,0.11685000000000001,0.1917808219178082,28.189999999999998,165.5,0.35485,-0.002242,0.9984,0.18493150684931506
h1,ST_14_4.0,short_flat,next_open,146.0,0.2054794520547945,0.2328767123287671,0.2054794520547945,-0.103606,0.06442700000000001,-0.1858705,-0.6277775,-0.18425,0.11325,0.2054794520547945,28.020000000000003,82.5,0.3129,-0.007903,0.4638,0.17123287671232876
h1,ST_14_4.0,short_flat,signal_close,146.0,0.2054794520547945,0.22602739726027396,0.2054794520547945,-0.1117495,0.064659,-0.182359,-0.6315630000000001,-0.1884,0.11685000000000001,0.21232876712328766,28.020000000000003,82.5,0.31835,-0.008263,0.46385,0.1643835616438356
h1,ST_14_5.0,long_flat,next_open,146.0,0.3835616438356164,0.4041095890410959,0.3493150684931507,0.0488115,0.06442700000000001,-0.033232,-0.455254,0.1368,0.11325,0.4657534246575342,19.81,58.5,0.40485000000000004,0.0062635,0.53905,0.6917808219178082
h1,ST_14_5.0,long_flat,signal_close,146.0,0.3698630136986301,0.3835616438356164,0.3219178082191781,0.0465485,0.064659,-0.03456150000000001,-0.46010850000000003,0.10565,0.11685000000000001,0.4589041095890411,19.81,58.5,0.4062,0.0059025,0.53905,0.684931506849315
h1,ST_14_5.0,long_short,next_open,146.0,0.2465753424657534,0.2602739726027397,0.2191780821917808,-0.0732675,0.06442700000000001,-0.1713805,-0.7092075,-0.11985000000000001,0.11325,0.2602739726027397,19.81,116.5,0.36114999999999997,-0.001005,0.9983,0.273972602739726
h1,ST_14_5.0,long_short,signal_close,146.0,0.2534246575342466,0.2534246575342466,0.21232876712328766,-0.07893,0.064659,-0.1853375,-0.710827,-0.12945,0.11685000000000001,0.2602739726027397,19.81,116.5,0.35735,-0.0010595000000000001,0.9984,0.23972602739726026
h1,ST_14_5.0,short_flat,next_open,146.0,0.2328767123287671,0.23972602739726026,0.21232876712328766,-0.087311,0.06442700000000001,-0.1611535,-0.5712360000000001,-0.16655,0.11325,0.2191780821917808,19.64,58.0,0.3064,-0.009357,0.45930000000000004,0.2054794520547945
h1,ST_14_5.0,short_flat,signal_close,146.0,0.2328767123287671,0.23972602739726026,0.2054794520547945,-0.092144,0.064659,-0.1564505,-0.5723039999999999,-0.17425000000000002,0.11685000000000001,0.21232876712328766,19.64,58.0,0.31079999999999997,-0.009635000000000001,0.45940000000000003,0.1917808219178082
h1,ST_21_1.5,long_flat,next_open,146.0,0.3082191780821918,0.3972602739726027,0.1780821917808219,-0.018902000000000002,0.06442700000000001,-0.0946465,-0.5493115,-0.029249999999999998,0.11325,0.3150684931506849,101.685,300.0,0.36565000000000003,-0.00011650000000000001,0.5029,0.4315068493150685
h1,ST_21_1.5,long_flat,signal_close,146.0,0.273972602739726,0.363013698630137,0.17123287671232876,-0.0397065,0.064659,-0.11197399999999999,-0.586903,-0.06475,0.11685000000000001,0.2876712328767123,101.685,300.0,0.3575,-0.00033699999999999995,0.50305,0.3698630136986301
h1,ST_21_1.5,long_short,next_open,146.0,0.2054794520547945,0.2876712328767123,0.13013698630136986,-0.2036395,0.06442700000000001,-0.2902025,-0.847419,-0.23809999999999998,0.11325,0.21232876712328766,101.685,599.5,0.35025,-0.001418,0.9975,0.23972602739726026
h1,ST_21_1.5,long_short,signal_close,146.0,0.1917808219178082,0.2465753424657534,0.1095890410958904,-0.230467,0.064659,-0.304716,-0.871418,-0.26935,0.11685000000000001,0.2054794520547945,101.685,599.5,0.34414999999999996,-0.001757,0.9976,0.1917808219178082
h1,ST_21_1.5,short_flat,next_open,146.0,0.21232876712328766,0.23972602739726026,0.15753424657534246,-0.15424700000000002,0.06442700000000001,-0.21253,-0.7138375,-0.21839999999999998,0.11325,0.2054794520547945,101.515,299.5,0.33555,-0.0029490000000000002,0.49434999999999996,0.18493150684931506
h1,ST_21_1.5,short_flat,signal_close,146.0,0.19863013698630136,0.22602739726027396,0.15753424657534246,-0.166541,0.064659,-0.22006150000000002,-0.737617,-0.2256,0.11685000000000001,0.2054794520547945,101.515,299.5,0.3311,-0.003356,0.49434999999999996,0.15753424657534246
h1,ST_21_2.0,long_flat,next_open,146.0,0.3493150684931507,0.4315068493150685,0.2465753424657534,-0.0046745,0.06442700000000001,-0.062464000000000006,-0.5194380000000001,-0.01045,0.11325,0.3767123287671233,72.64,215.0,0.375,0.0002905,0.5105500000000001,0.4794520547945205
h1,ST_21_2.0,long_flat,signal_close,146.0,0.3082191780821918,0.3972602739726027,0.22602739726027396,-0.018611000000000003,0.064659,-0.0717425,-0.5492795,-0.034600000000000006,0.11685000000000001,0.3356164383561644,72.64,215.0,0.37015,-0.00017549999999999998,0.5106,0.4452054794520548
h1,ST_21_2.0,long_short,next_open,146.0,0.2465753424657534,0.273972602739726,0.1506849315068493,-0.16975600000000002,0.06442700000000001,-0.22147250000000002,-0.8129235,-0.20465,0.11325,0.2534246575342466,72.64,429.0,0.35550000000000004,-0.0013375000000000001,0.9975,0.2602739726027397
h1,ST_21_2.0,long_short,signal_close,146.0,0.23972602739726026,0.273972602739726,0.13013698630136986,-0.190188,0.064659,-0.24352449999999998,-0.835813,-0.23349999999999999,0.11685000000000001,0.2465753424657534,72.64,429.0,0.35025,-0.0020705000000000003,0.9976,0.2191780821917808
h1,ST_21_2.0,short_flat,next_open,146.0,0.2191780821917808,0.2534246575342466,0.1643835616438356,-0.12315699999999999,0.06442700000000001,-0.18690800000000002,-0.6926815,-0.1916,0.11325,0.2191780821917808,72.47,214.0,0.33815,-0.0033020000000000002,0.48695,0.21232876712328766
h1,ST_21_2.0,short_flat,signal_close,146.0,0.2054794520547945,0.22602739726027396,0.15753424657534246,-0.1342295,0.064659,-0.203426,-0.7084090000000001,-0.20065,0.11685000000000001,0.2054794520547945,72.47,214.0,0.33409999999999995,-0.0037029999999999997,0.487,0.19863013698630136
h1,ST_21_2.5,long_flat,next_open,146.0,0.3698630136986301,0.4452054794520548,0.2465753424657534,0.0116875,0.06442700000000001,-0.054771,-0.501617,0.01865,0.11325,0.4041095890410959,54.125,160.0,0.379,0.000912,0.51605,0.5273972602739726
h1,ST_21_2.5,long_flat,signal_close,146.0,0.363013698630137,0.410958904109589,0.22602739726027396,-0.0055315,0.064659,-0.073768,-0.5372165,-0.00935,0.11685000000000001,0.3698630136986301,54.125,160.0,0.37424999999999997,0.00041299999999999996,0.51615,0.4794520547945205
h1,ST_21_2.5,long_short,next_open,146.0,0.21232876712328766,0.2671232876712329,0.14383561643835616,-0.1537715,0.06442700000000001,-0.219192,-0.7961419999999999,-0.20825,0.11325,0.22602739726027396,54.125,319.5,0.35635,-0.0015135,0.9975,0.21232876712328766
h1,ST_21_2.5,long_short,signal_close,146.0,0.2054794520547945,0.23972602739726026,0.1232876712328767,-0.182451,0.064659,-0.245016,-0.8044035,-0.22044999999999998,0.11685000000000001,0.2191780821917808,54.125,319.5,0.35295,-0.002226,0.9976,0.2054794520547945
h1,ST_21_2.5,short_flat,next_open,146.0,0.2191780821917808,0.2465753424657534,0.17123287671232876,-0.121078,0.06442700000000001,-0.1878245,-0.6688375,-0.18764999999999998,0.11325,0.2054794520547945,53.95,159.5,0.33025000000000004,-0.0044545,0.48145,0.1917808219178082
h1,ST_21_2.5,short_flat,signal_close,146.0,0.2054794520547945,0.22602739726027396,0.1643835616438356,-0.130999,0.064659,-0.2010285,-0.6855475,-0.19975,0.11685000000000001,0.21232876712328766,53.95,159.5,0.3284,-0.0048024999999999995,0.48145,0.1780821917808219
h1,ST_21_3.0,long_flat,next_open,146.0,0.3424657534246575,0.4178082191780822,0.2602739726027397,0.0134535,0.06442700000000001,-0.043781999999999995,-0.492185,0.02525,0.11325,0.3972602739726027,42.585,126.0,0.381,0.0009404999999999999,0.5215,0.547945205479452
h1,ST_21_3.0,long_flat,signal_close,146.0,0.3150684931506849,0.3767123287671233,0.23972602739726026,0.0005240000000000002,0.064659,-0.0474395,-0.5078045,0.00085,0.11685000000000001,0.3767123287671233,42.585,126.0,0.376,0.0005155,0.5216000000000001,0.5
h1,ST_21_3.0,long_short,next_open,146.0,0.2191780821917808,0.2671232876712329,0.17123287671232876,-0.1327305,0.06442700000000001,-0.20390799999999998,-0.766425,-0.18565,0.11325,0.2191780821917808,42.585,251.5,0.35845,-0.00168,0.9975,0.22602739726027396
h1,ST_21_3.0,long_short,signal_close,146.0,0.2054794520547945,0.2465753424657534,0.13013698630136986,-0.150627,0.064659,-0.2199925,-0.773926,-0.1918,0.11685000000000001,0.21232876712328766,42.585,251.5,0.3563,-0.0022975,0.9976,0.2054794520547945
h1,ST_21_3.0,short_flat,next_open,146.0,0.2328767123287671,0.2465753424657534,0.19863013698630136,-0.106119,0.06442700000000001,-0.18731150000000002,-0.6408065000000001,-0.18195,0.11325,0.2328767123287671,42.415,125.5,0.33065,-0.004921999999999999,0.476,0.19863013698630136
h1,ST_21_3.0,short_flat,signal_close,146.0,0.2191780821917808,0.22602739726027396,0.18493150684931506,-0.11821300000000001,0.064659,-0.19377350000000002,-0.655353,-0.19025,0.11685000000000001,0.22602739726027396,42.415,125.5,0.3307,-0.0054985,0.476,0.15753424657534246
h1,ST_21_4.0,long_flat,next_open,146.0,0.3356164383561644,0.3835616438356164,0.2534246575342466,0.0174935,0.06442700000000001,-0.051240999999999995,-0.4974905,0.0419,0.11325,0.4178082191780822,28.28,84.0,0.39005,0.0025175,0.53055,0.589041095890411
h1,ST_21_4.0,long_flat,signal_close,146.0,0.3150684931506849,0.3493150684931507,0.2465753424657534,0.009291500000000001,0.064659,-0.05550150000000001,-0.49836400000000003,0.01925,0.11685000000000001,0.363013698630137,28.28,84.0,0.3841,0.0016229999999999999,0.53065,0.5684931506849316
h1,ST_21_4.0,long_short,next_open,146.0,0.1917808219178082,0.2191780821917808,0.14383561643835616,-0.1185745,0.06442700000000001,-0.218001,-0.772772,-0.16655,0.11325,0.19863013698630136,28.28,167.0,0.3601,-0.002007,0.9975,0.1917808219178082
h1,ST_21_4.0,long_short,signal_close,146.0,0.17123287671232876,0.19863013698630136,0.13013698630136986,-0.142615,0.064659,-0.2176575,-0.783415,-0.1825,0.11685000000000001,0.1780821917808219,28.28,167.0,0.3586,-0.0027685,0.9976,0.18493150684931506
h1,ST_21_4.0,short_flat,next_open,146.0,0.22602739726027396,0.2328767123287671,0.2054794520547945,-0.1069755,0.06442700000000001,-0.189405,-0.6451205,-0.1852,0.11325,0.22602739726027396,28.11,83.0,0.31905,-0.007701,0.46705,0.1643835616438356
h1,ST_21_4.0,short_flat,signal_close,146.0,0.21232876712328766,0.2191780821917808,0.1917808219178082,-0.11589550000000001,0.064659,-0.19855599999999998,-0.6416904999999999,-0.19075,0.11685000000000001,0.2191780821917808,28.11,83.0,0.31905,-0.007864,0.46705,0.14383561643835616
h1,ST_21_5.0,long_flat,next_open,146.0,0.363013698630137,0.3972602739726027,0.3082191780821918,0.040973499999999996,0.06442700000000001,-0.0486905,-0.478865,0.09045,0.11325,0.4520547945205479,19.98,59.0,0.4068,0.0049665,0.53585,0.6575342465753424
h1,ST_21_5.0,long_flat,signal_close,146.0,0.3561643835616438,0.3835616438356164,0.2945205479452055,0.0288625,0.064659,-0.0516515,-0.48525050000000003,0.06709999999999999,0.11685000000000001,0.4315068493150685,19.98,59.0,0.4071,0.0040905,0.53595,0.6095890410958904
h1,ST_21_5.0,long_short,next_open,146.0,0.2191780821917808,0.2191780821917808,0.1917808219178082,-0.097836,0.06442700000000001,-0.20252900000000001,-0.7236199999999999,-0.1432,0.11325,0.2191780821917808,19.98,117.0,0.36160000000000003,-0.001444,0.9975,0.2465753424657534
h1,ST_21_5.0,long_short,signal_close,146.0,0.22602739726027396,0.23972602739726026,0.19863013698630136,-0.103661,0.064659,-0.19641599999999998,-0.7279275000000001,-0.15705000000000002,0.11685000000000001,0.22602739726027396,19.98,117.0,0.36235,-0.0018605,0.9976,0.2465753424657534
h1,ST_21_5.0,short_flat,next_open,146.0,0.2191780821917808,0.2328767123287671,0.19863013698630136,-0.0994465,0.06442700000000001,-0.173979,-0.6042675,-0.1674,0.11325,0.2054794520547945,19.81,58.0,0.312,-0.0101265,0.4617,0.1780821917808219
h1,ST_21_5.0,short_flat,signal_close,146.0,0.2191780821917808,0.2328767123287671,0.2054794520547945,-0.099632,0.064659,-0.17128100000000002,-0.6003674999999999,-0.17504999999999998,0.11685000000000001,0.21232876712328766,19.81,58.0,0.3115,-0.0105955,0.46175,0.18493150684931506
h1,ST_7_1.5,long_flat,next_open,146.0,0.3150684931506849,0.4178082191780822,0.1780821917808219,-0.03184,0.06442700000000001,-0.088215,-0.5663009999999999,-0.06025,0.11325,0.3356164383561644,101.17500000000001,299.0,0.3615,-0.000288,0.51225,0.4315068493150685
h1,ST_7_1.5,long_flat,signal_close,146.0,0.273972602739726,0.3904109589041096,0.1506849315068493,-0.052070000000000005,0.064659,-0.11899149999999999,-0.6068100000000001,-0.08585,0.11685000000000001,0.2876712328767123,101.17500000000001,299.0,0.3523,-0.0004645,0.5123,0.3698630136986301
h1,ST_7_1.5,long_short,next_open,146.0,0.22602739726027396,0.2602739726027397,0.1232876712328767,-0.210663,0.06442700000000001,-0.2683855,-0.8451915,-0.24335,0.11325,0.22602739726027396,101.17500000000001,597.0,0.3466,-0.001457,0.9991,0.2054794520547945
h1,ST_7_1.5,long_short,signal_close,146.0,0.1780821917808219,0.2328767123287671,0.10273972602739725,-0.24664999999999998,0.064659,-0.325901,-0.8798980000000001,-0.2781,0.11685000000000001,0.1917808219178082,101.17500000000001,597.0,0.3422,-0.0018419999999999999,0.9992,0.1643835616438356
h1,ST_7_1.5,short_flat,next_open,146.0,0.2191780821917808,0.2465753424657534,0.15753424657534246,-0.1416755,0.06442700000000001,-0.22112500000000002,-0.717651,-0.2133,0.11325,0.21232876712328766,101.005,298.0,0.33440000000000003,-0.0028675,0.48685,0.1917808219178082
h1,ST_7_1.5,short_flat,signal_close,146.0,0.19863013698630136,0.22602739726027396,0.1232876712328767,-0.171239,0.064659,-0.253806,-0.74363,-0.2308,0.11685000000000001,0.2054794520547945,101.005,298.0,0.32895,-0.003549,0.4869,0.15753424657534246
h1,ST_7_2.0,long_flat,next_open,146.0,0.3493150684931507,0.4246575342465753,0.2191780821917808,-0.0006004999999999999,0.06442700000000001,-0.0659845,-0.5352385,-0.0009,0.11325,0.3698630136986301,72.555,214.0,0.3682,0.00031099999999999997,0.5177,0.4931506849315068
h1,ST_7_2.0,long_flat,signal_close,146.0,0.3356164383561644,0.3904109589041096,0.2054794520547945,-0.027267,0.064659,-0.081622,-0.5570275,-0.04635,0.11685000000000001,0.3493150684931507,72.555,214.0,0.36319999999999997,-0.0001165,0.5177,0.4178082191780822
h1,ST_7_2.0,long_short,next_open,146.0,0.23972602739726026,0.2808219178082192,0.11643835616438356,-0.176794,0.06442700000000001,-0.24158799999999997,-0.8142625,-0.21655,0.11325,0.2465753424657534,72.555,427.5,0.35085,-0.0014055,0.9991,0.2328767123287671
h1,ST_7_2.0,long_short,signal_close,146.0,0.2054794520547945,0.2671232876712329,0.1095890410958904,-0.20138099999999998,0.064659,-0.265818,-0.8370545,-0.2389,0.11685000000000001,0.2054794520547945,72.555,427.5,0.34719999999999995,-0.002047,0.9992,0.19863013698630136
h1,ST_7_2.0,short_flat,next_open,146.0,0.21232876712328766,0.2328767123287671,0.15753424657534246,-0.13403199999999998,0.06442700000000001,-0.19968000000000002,-0.7070415,-0.19675,0.11325,0.21232876712328766,72.38499999999999,213.5,0.33015,-0.003726,0.4814,0.1917808219178082
h1,ST_7_2.0,short_flat,signal_close,146.0,0.19863013698630136,0.2191780821917808,0.15753424657534246,-0.149959,0.064659,-0.2143115,-0.714218,-0.2039,0.11685000000000001,0.21232876712328766,72.38499999999999,213.5,0.3249,-0.004128,0.48155000000000003,0.17123287671232876
h1,ST_7_2.5,long_flat,next_open,146.0,0.3835616438356164,0.4520547945205479,0.22602739726027396,0.0077255,0.06442700000000001,-0.0563425,-0.5255194999999999,0.0162,0.11325,0.4178082191780822,54.36,161.0,0.37575000000000003,0.0005675,0.5269,0.5205479452054794
h1,ST_7_2.5,long_flat,signal_close,146.0,0.3356164383561644,0.410958904109589,0.2191780821917808,-0.006734,0.064659,-0.0682885,-0.5371825,-0.015349999999999999,0.11685000000000001,0.3698630136986301,54.36,161.0,0.37,2.7e-05,0.527,0.4794520547945205
h1,ST_7_2.5,long_short,next_open,146.0,0.2054794520547945,0.23972602739726026,0.136986301369863,-0.166023,0.06442700000000001,-0.23082999999999998,-0.7937865,-0.20665,0.11325,0.19863013698630136,54.36,321.0,0.3524,-0.0017980000000000001,0.9991,0.2054794520547945
h1,ST_7_2.5,long_short,signal_close,146.0,0.1917808219178082,0.2191780821917808,0.13013698630136986,-0.178276,0.064659,-0.239776,-0.8199460000000001,-0.22035,0.11685000000000001,0.19863013698630136,54.36,321.0,0.34625,-0.0022855,0.9992,0.19863013698630136
h1,ST_7_2.5,short_flat,next_open,146.0,0.21232876712328766,0.23972602739726026,0.1780821917808219,-0.11787,0.06442700000000001,-0.18800499999999998,-0.6602034999999999,-0.1819,0.11325,0.21232876712328766,54.19,160.0,0.3311,-0.004284,0.4722,0.1780821917808219
h1,ST_7_2.5,short_flat,signal_close,146.0,0.21232876712328766,0.23972602739726026,0.1780821917808219,-0.121893,0.064659,-0.196614,-0.690185,-0.18464999999999998,0.11685000000000001,0.2191780821917808,54.19,160.0,0.3292,-0.004711999999999999,0.4722,0.15753424657534246
h1,ST_7_3.0,long_flat,next_open,146.0,0.3424657534246575,0.3835616438356164,0.23972602739726026,0.005511,0.06442700000000001,-0.052712499999999995,-0.5045839999999999,0.0132,0.11325,0.3698630136986301,42.84,127.0,0.37735,0.0007750000000000001,0.5346500000000001,0.5205479452054794
h1,ST_7_3.0,long_flat,signal_close,146.0,0.3219178082191781,0.3698630136986301,0.23972602739726026,-0.0031365000000000004,0.064659,-0.063448,-0.5072425,-0.0048000000000000004,0.11685000000000001,0.3493150684931507,42.84,127.0,0.37205,0.0004345,0.5347,0.4931506849315068
h1,ST_7_3.0,long_short,next_open,146.0,0.2054794520547945,0.2328767123287671,0.1506849315068493,-0.14432099999999998,0.06442700000000001,-0.222366,-0.7781675,-0.1989,0.11325,0.19863013698630136,42.84,253.0,0.3519,-0.0020080000000000002,0.9991,0.1780821917808219
h1,ST_7_3.0,long_short,signal_close,146.0,0.18493150684931506,0.23972602739726026,0.136986301369863,-0.16632950000000002,0.064659,-0.230737,-0.8017745000000001,-0.2154,0.11685000000000001,0.18493150684931506,42.84,253.0,0.34704999999999997,-0.0025255,0.9992,0.1780821917808219
h1,ST_7_3.0,short_flat,next_open,146.0,0.2054794520547945,0.2191780821917808,0.15753424657534246,-0.1155505,0.06442700000000001,-0.190854,-0.6538605,-0.18295,0.11325,0.2191780821917808,42.67,126.0,0.31999999999999995,-0.0053265,0.46445000000000003,0.17123287671232876
h1,ST_7_3.0,short_flat,signal_close,146.0,0.2054794520547945,0.22602739726027396,0.1643835616438356,-0.12292349999999999,0.064659,-0.19446249999999998,-0.6636635,-0.1869,0.11685000000000001,0.2191780821917808,42.67,126.0,0.31999999999999995,-0.00577,0.4645,0.1643835616438356
h1,ST_7_4.0,long_flat,next_open,146.0,0.3561643835616438,0.4041095890410959,0.2876712328767123,0.0298665,0.06442700000000001,-0.0517475,-0.4861,0.0644,0.11325,0.4383561643835616,28.62,85.0,0.3882,0.003158,0.53735,0.6027397260273972
h1,ST_7_4.0,long_flat,signal_close,146.0,0.3424657534246575,0.3904109589041096,0.2602739726027397,0.0230775,0.064659,-0.059715500000000005,-0.4877115,0.04575,0.11685000000000001,0.4178082191780822,28.62,85.0,0.38015,0.002828,0.53735,0.589041095890411
h1,ST_7_4.0,long_short,next_open,146.0,0.2191780821917808,0.2465753424657534,0.1643835616438356,-0.1219875,0.06442700000000001,-0.20892650000000001,-0.729224,-0.177,0.11325,0.2191780821917808,28.62,169.0,0.34904999999999997,-0.0021455,0.9991,0.22602739726027396
h1,ST_7_4.0,long_short,signal_close,146.0,0.1917808219178082,0.2191780821917808,0.1506849315068493,-0.127196,0.064659,-0.21998800000000002,-0.7476404999999999,-0.17754999999999999,0.11685000000000001,0.19863013698630136,28.62,169.0,0.34755,-0.0024514999999999997,0.9992,0.22602739726027396
h1,ST_7_4.0,short_flat,next_open,146.0,0.2328767123287671,0.2534246575342466,0.2054794520547945,-0.105351,0.06442700000000001,-0.1790545,-0.613429,-0.17845,0.11325,0.2328767123287671,28.45,84.0,0.3077,-0.007128,0.46175,0.1780821917808219
h1,ST_7_4.0,short_flat,signal_close,146.0,0.22602739726027396,0.2328767123287671,0.19863013698630136,-0.1122625,0.064659,-0.1820675,-0.6150235,-0.1852,0.11685000000000001,0.2328767123287671,28.45,84.0,0.30720000000000003,-0.007789,0.46185,0.17123287671232876
h1,ST_7_5.0,long_flat,next_open,146.0,0.3835616438356164,0.4178082191780822,0.3219178082191781,0.0385005,0.06442700000000001,-0.029449000000000003,-0.4572585,0.0848,0.11325,0.4931506849315068,20.655,61.0,0.4031,0.0053395000000000005,0.54015,0.6986301369863014
h1,ST_7_5.0,long_flat,signal_close,146.0,0.3835616438356164,0.410958904109589,0.3082191780821918,0.033024,0.064659,-0.03522549999999999,-0.46230150000000003,0.0799,0.11685000000000001,0.4931506849315068,20.655,61.0,0.4035,0.0050125,0.5402,0.6712328767123288
h1,ST_7_5.0,long_short,next_open,146.0,0.2328767123287671,0.2465753424657534,0.19863013698630136,-0.0877185,0.06442700000000001,-0.16045549999999997,-0.6917525,-0.12865000000000001,0.11325,0.2465753424657534,20.655,121.0,0.3548,-0.0015119999999999999,0.9991,0.2602739726027397
h1,ST_7_5.0,long_short,signal_close,146.0,0.22602739726027396,0.2328767123287671,0.19863013698630136,-0.0938225,0.064659,-0.1774235,-0.6956070000000001,-0.13615,0.11685000000000001,0.23972602739726026,20.655,121.0,0.35245,-0.0014104999999999999,0.9992,0.2534246575342466
h1,ST_7_5.0,short_flat,next_open,146.0,0.22602739726027396,0.2465753424657534,0.2054794520547945,-0.085153,0.06442700000000001,-0.15571849999999998,-0.5853265000000001,-0.15805,0.11325,0.2054794520547945,20.405,60.0,0.30495,-0.008109,0.45894999999999997,0.1780821917808219
h1,ST_7_5.0,short_flat,signal_close,146.0,0.19863013698630136,0.23972602739726026,0.19863013698630136,-0.088164,0.064659,-0.1603125,-0.5769965,-0.16255,0.11685000000000001,0.2054794520547945,20.405,60.0,0.3033,-0.0086765,0.45899999999999996,0.1780821917808219
h2,EMA_10_30,long_flat,next_open,146.0,0.18493150684931506,0.2671232876712329,0.0821917808219178,0.069024,0.16836299999999998,-0.09627750000000002,-0.374837,0.2128,0.3897,0.2534246575342466,51.55,143.0,0.3141,0.002848,0.52845,0.7671232876712328
h2,EMA_10_30,long_flat,signal_close,146.0,0.1917808219178082,0.2602739726027397,0.06164383561643835,0.072823,0.1650505,-0.09832999999999997,-0.364738,0.1965,0.3905,0.273972602739726,51.55,143.0,0.3085,0.002853,0.5285500000000001,0.7671232876712328
h2,EMA_10_30,long_short,next_open,146.0,0.0684931506849315,0.11643835616438356,0.0136986301369863,-0.106459,0.16836299999999998,-0.2723645,-0.699471,-0.16360000000000002,0.3897,0.07534246575342465,51.605,286.5,0.28995,-0.001172,0.9999,0.19863013698630136
h2,EMA_10_30,long_short,signal_close,146.0,0.0547945205479452,0.1095890410958904,0.02054794520547945,-0.107197,0.1650505,-0.284238,-0.6925655,-0.16505,0.3905,0.0684931506849315,51.605,286.5,0.2852,-0.0013205,1.0,0.1917808219178082
h2,EMA_10_30,short_flat,next_open,146.0,0.06164383561643835,0.08904109589041095,0.03424657534246575,-0.12499950000000001,0.16836299999999998,-0.296517,-0.616712,-0.20379999999999998,0.3897,0.06164383561643835,51.43,143.0,0.2646,-0.0053235,0.47145000000000004,0.0547945205479452
h2,EMA_10_30,short_flat,signal_close,146.0,0.07534246575342465,0.0821917808219178,0.03424657534246575,-0.128769,0.1650505,-0.2998965,-0.6280475000000001,-0.2072,0.3905,0.07534246575342465,51.43,143.0,0.2565,-0.0053655000000000005,0.47145000000000004,0.0684931506849315
h2,EMA_20_50,long_flat,next_open,146.0,0.19863013698630136,0.23972602739726026,0.13013698630136986,0.0840795,0.16836299999999998,-0.0824665,-0.3680275,0.22065,0.3897,0.2945205479452055,28.72,80.0,0.3315,0.0060955,0.5373,0.815068493150685
h2,EMA_20_50,long_flat,signal_close,146.0,0.19863013698630136,0.22602739726027396,0.1232876712328767,0.08852199999999999,0.1650505,-0.0805685,-0.36907650000000003,0.23365,0.3905,0.2808219178082192,28.72,80.0,0.3315,0.006192,0.53735,0.8356164383561644
h2,EMA_20_50,long_short,next_open,146.0,0.08904109589041095,0.0958904109589041,0.04794520547945205,-0.09216350000000001,0.16836299999999998,-0.244297,-0.6450195000000001,-0.14515,0.3897,0.08904109589041095,28.72,159.5,0.29095,-0.0017705,0.9999,0.18493150684931506
h2,EMA_20_50,long_short,signal_close,146.0,0.08904109589041095,0.10273972602739725,0.0410958904109589,-0.09443850000000001,0.1650505,-0.246143,-0.6488075,-0.14100000000000001,0.3905,0.0958904109589041,28.72,159.5,0.28785,-0.001364,1.0,0.19863013698630136
h2,EMA_20_50,short_flat,next_open,146.0,0.08904109589041095,0.08904109589041095,0.0684931506849315,-0.10768449999999999,0.16836299999999998,-0.28734950000000004,-0.573138,-0.1913,0.3897,0.0958904109589041,28.63,80.0,0.25925,-0.008482,0.46255,0.0821917808219178
h2,EMA_20_50,short_flat,signal_close,146.0,0.08904109589041095,0.08904109589041095,0.0684931506849315,-0.106425,0.1650505,-0.281948,-0.5689825,-0.19095,0.3905,0.0958904109589041,28.63,80.0,0.2561,-0.0083855,0.46265,0.08904109589041095
h2,EMA_21_55,long_flat,next_open,146.0,0.18493150684931506,0.2054794520547945,0.1232876712328767,0.0841545,0.16836299999999998,-0.08321300000000002,-0.378774,0.2293,0.3897,0.2465753424657534,26.92,75.0,0.32465,0.0065190000000000005,0.5407500000000001,0.8287671232876712
h2,EMA_21_55,long_flat,signal_close,146.0,0.18493150684931506,0.21232876712328766,0.136986301369863,0.0890445,0.1650505,-0.081038,-0.364381,0.23255,0.3905,0.273972602739726,26.92,75.0,0.32115,0.006083,0.5408999999999999,0.8287671232876712
h2,EMA_21_55,long_short,next_open,146.0,0.0821917808219178,0.1095890410958904,0.0410958904109589,-0.0918605,0.16836299999999998,-0.24641,-0.6469104999999999,-0.1398,0.3897,0.0821917808219178,27.01,150.0,0.28900000000000003,-0.0017805,0.9999,0.1780821917808219
h2,EMA_21_55,long_short,signal_close,146.0,0.07534246575342465,0.11643835616438356,0.04794520547945205,-0.0900725,0.1650505,-0.25350550000000005,-0.6559295,-0.14055,0.3905,0.0821917808219178,27.01,150.0,0.28485,-0.0016125,1.0,0.18493150684931506
h2,EMA_21_55,short_flat,next_open,146.0,0.0821917808219178,0.0821917808219178,0.07534246575342465,-0.111923,0.16836299999999998,-0.28731850000000003,-0.5702404999999999,-0.1985,0.3897,0.08904109589041095,26.92,75.0,0.2533,-0.009038000000000001,0.45904999999999996,0.0958904109589041
h2,EMA_21_55,short_flat,signal_close,146.0,0.0821917808219178,0.0821917808219178,0.07534246575342465,-0.11109250000000001,0.1650505,-0.287863,-0.585275,-0.19840000000000002,0.3905,0.08904109589041095,26.92,75.0,0.25,-0.008997499999999999,0.4591,0.08904109589041095
h2,EMA_50_100,long_flat,next_open,146.0,0.21232876712328766,0.2191780821917808,0.1780821917808219,0.1017825,0.16836299999999998,-0.064023,-0.36241900000000005,0.27705,0.3897,0.3287671232876712,12.83,36.0,0.3611,0.0165005,0.55735,0.8561643835616438
h2,EMA_50_100,long_flat,signal_close,146.0,0.2054794520547945,0.2191780821917808,0.1780821917808219,0.101479,0.1650505,-0.066537,-0.358067,0.27749999999999997,0.3905,0.3356164383561644,12.83,36.0,0.3529,0.015302,0.55735,0.8698630136986302
h2,EMA_50_100,long_short,next_open,146.0,0.10273972602739725,0.10273972602739725,0.07534246575342465,-0.043789499999999995,0.16836299999999998,-0.208672,-0.588129,-0.07519999999999999,0.3897,0.10273972602739725,12.83,71.0,0.30345,0.0003885,0.9999,0.3150684931506849
h2,EMA_50_100,long_short,signal_close,146.0,0.10273972602739725,0.10273972602739725,0.0821917808219178,-0.0503595,0.1650505,-0.21209899999999998,-0.5936995,-0.0854,0.3905,0.1095890410958904,12.83,71.0,0.29935,-0.0005,1.0,0.3150684931506849
h2,EMA_50_100,short_flat,next_open,146.0,0.0821917808219178,0.08904109589041095,0.0684931506849315,-0.0904475,0.16836299999999998,-0.2711825,-0.5175865,-0.17635,0.3897,0.0958904109589041,12.8,36.0,0.24355,-0.0153825,0.4425,0.08904109589041095
h2,EMA_50_100,short_flat,signal_close,146.0,0.08904109589041095,0.0958904109589041,0.07534246575342465,-0.087619,0.1650505,-0.272934,-0.5228280000000001,-0.17585,0.3905,0.0958904109589041,12.8,36.0,0.24695,-0.015223500000000001,0.44265,0.08904109589041095
h2,EMA_50_200,long_flat,next_open,146.0,0.2328767123287671,0.273972602739726,0.1780821917808219,0.09978100000000001,0.16836299999999998,-0.058567,-0.35595350000000003,0.2862,0.3897,0.3698630136986301,8.85,25.0,0.3489,0.023622499999999998,0.5703,0.863013698630137
h2,EMA_50_200,long_flat,signal_close,146.0,0.23972602739726026,0.2671232876712329,0.1917808219178082,0.105817,0.1650505,-0.052766,-0.35257,0.29645,0.3905,0.3904109589041096,8.85,25.0,0.35,0.024139,0.5704,0.8561643835616438
h2,EMA_50_200,long_short,next_open,146.0,0.10273972602739725,0.10273972602739725,0.08904109589041095,-0.0371115,0.16836299999999998,-0.205566,-0.5739025,-0.0685,0.3897,0.1095890410958904,8.94,50.0,0.2899,0.0020965000000000003,0.9999,0.3767123287671233
h2,EMA_50_200,long_short,signal_close,146.0,0.0958904109589041,0.0958904109589041,0.0821917808219178,-0.0308045,0.1650505,-0.19328650000000003,-0.5585184999999999,-0.05585,0.3905,0.10273972602739725,8.94,50.0,0.2913,0.0020885,1.0,0.3904109589041096
h2,EMA_50_200,short_flat,next_open,146.0,0.0821917808219178,0.0821917808219178,0.07534246575342465,-0.08202699999999999,0.16836299999999998,-0.27367600000000003,-0.497846,-0.1681,0.3897,0.08904109589041095,8.76,25.0,0.2308,-0.020791499999999997,0.4296,0.08904109589041095
h2,EMA_50_200,short_flat,signal_close,146.0,0.0821917808219178,0.08904109589041095,0.07534246575342465,-0.07956949999999999,0.1650505,-0.27510100000000004,-0.4974415,-0.16670000000000001,0.3905,0.08904109589041095,8.76,25.0,0.23570000000000002,-0.019798,0.4296,0.10273972602739725
h2,EMA_5_20,long_flat,next_open,146.0,0.1506849315068493,0.3150684931506849,0.03424657534246575,0.065559,0.16836299999999998,-0.09761900000000001,-0.370655,0.17945,0.3897,0.2602739726027397,85.8,238.5,0.3033,0.001669,0.5260499999999999,0.7191780821917808
h2,EMA_5_20,long_flat,signal_close,146.0,0.136986301369863,0.2876712328767123,0.03424657534246575,0.0646365,0.1650505,-0.104913,-0.37531800000000004,0.1896,0.3905,0.22602739726027396,85.8,238.5,0.294,0.0016215000000000001,0.52615,0.6917808219178082
h2,EMA_5_20,long_short,next_open,146.0,0.0410958904109589,0.11643835616438356,0.00684931506849315,-0.1148465,0.16836299999999998,-0.27707550000000003,-0.6998025,-0.17465,0.3897,0.0547945205479452,85.8,476.5,0.28690000000000004,-0.000777,0.9999,0.2054794520547945
h2,EMA_5_20,long_short,signal_close,146.0,0.0410958904109589,0.10273972602739725,0.00684931506849315,-0.12416050000000001,0.1650505,-0.292178,-0.710466,-0.18330000000000002,0.3905,0.0547945205479452,85.8,477.0,0.27705,-0.0009135,1.0,0.18493150684931506
h2,EMA_5_20,short_flat,next_open,146.0,0.0410958904109589,0.0958904109589041,0.02054794520547945,-0.130743,0.16836299999999998,-0.301968,-0.6403220000000001,-0.20625,0.3897,0.04794520547945205,85.8,238.0,0.2657,-0.003116,0.4738,0.0410958904109589
h2,EMA_5_20,short_flat,signal_close,146.0,0.03424657534246575,0.08904109589041095,0.02054794520547945,-0.137554,0.1650505,-0.3088095,-0.6510855,-0.2123,0.3905,0.03424657534246575,85.8,238.5,0.26015,-0.0034054999999999997,0.47385,0.0273972602739726
h2,EMA_9_21,long_flat,next_open,146.0,0.21232876712328766,0.3013698630136986,0.0547945205479452,0.07330149999999999,0.16836299999999998,-0.08602599999999999,-0.3652375,0.2049,0.3897,0.3219178082191781,63.83,177.0,0.32230000000000003,0.0022909999999999996,0.5255000000000001,0.7534246575342466
h2,EMA_9_21,long_flat,signal_close,146.0,0.21232876712328766,0.2876712328767123,0.0410958904109589,0.071337,0.1650505,-0.092358,-0.360549,0.197,0.3905,0.3013698630136986,63.89,177.0,0.3134,0.002243,0.5256000000000001,0.7465753424657534
h2,EMA_9_21,long_short,next_open,146.0,0.03424657534246575,0.13013698630136986,0.0136986301369863,-0.0960525,0.16836299999999998,-0.2675985,-0.6650834999999999,-0.1548,0.3897,0.04794520547945205,63.95,355.0,0.2945,-0.0008680000000000001,0.9999,0.2054794520547945
h2,EMA_9_21,long_short,signal_close,146.0,0.03424657534246575,0.1232876712328767,0.0136986301369863,-0.1013555,0.1650505,-0.2704875,-0.6695285,-0.16015000000000001,0.3905,0.03424657534246575,63.95,355.0,0.2915,-0.0008424999999999999,1.0,0.1917808219178082
h2,EMA_9_21,short_flat,next_open,146.0,0.06164383561643835,0.08904109589041095,0.0273972602739726,-0.11966199999999999,0.16836299999999998,-0.2866655,-0.6220114999999999,-0.19905,0.3897,0.0547945205479452,63.77,177.0,0.27244999999999997,-0.003922500000000001,0.4744,0.0410958904109589
h2,EMA_9_21,short_flat,signal_close,146.0,0.0684931506849315,0.0821917808219178,0.0273972602739726,-0.1215695,0.1650505,-0.2850505,-0.6209685,-0.1974,0.3905,0.06164383561643835,63.77,177.0,0.2691,-0.004056000000000001,0.4744,0.03424657534246575
h2,MST_7_4.0_7_1.5,long_flat,next_open,146.0,0.21232876712328766,0.2534246575342466,0.136986301369863,0.084067,0.16836299999999998,-0.07225249999999998,-0.351719,0.26225,0.3897,0.273972602739726,29.81,83.0,0.40745,0.005434,0.5407500000000001,0.8082191780821918
h2,MST_7_4.0_7_1.5,long_flat,signal_close,146.0,0.2054794520547945,0.2534246575342466,0.14383561643835616,0.081366,0.1650505,-0.0699505,-0.345409,0.24980000000000002,0.3905,0.2671232876712329,29.81,83.0,0.4086,0.0051365000000000004,0.5408999999999999,0.8082191780821918
h2,MST_7_4.0_7_1.5,long_short,next_open,146.0,0.08904109589041095,0.13013698630136986,0.04794520547945205,-0.085315,0.16836299999999998,-0.23246250000000002,-0.6614964999999999,-0.13075,0.3897,0.08904109589041095,29.99,166.0,0.36245,-0.0013614999999999999,0.9999,0.273972602739726
h2,MST_7_4.0_7_1.5,long_short,signal_close,146.0,0.0958904109589041,0.1232876712328767,0.0410958904109589,-0.082837,0.1650505,-0.228761,-0.66354,-0.1311,0.3905,0.10273972602739725,29.99,166.0,0.3618,-0.0013045,1.0,0.2876712328767123
h2,MST_7_4.0_7_1.5,short_flat,next_open,146.0,0.0958904109589041,0.0958904109589041,0.0547945205479452,-0.10167200000000001,0.16836299999999998,-0.2674225,-0.574458,-0.1794,0.3897,0.0958904109589041,29.81,83.0,0.322,-0.007662,0.4583,0.0821917808219178
h2,MST_7_4.0_7_1.5,short_flat,signal_close,146.0,0.0958904109589041,0.10273972602739725,0.0547945205479452,-0.10055249999999999,0.1650505,-0.267762,-0.5677125000000001,-0.175,0.3905,0.0958904109589041,29.81,83.0,0.32389999999999997,-0.007496,0.45835000000000004,0.10273972602739725
h2,MST_7_4.0_7_2.0,long_flat,next_open,146.0,0.21232876712328766,0.2534246575342466,0.136986301369863,0.084037,0.16836299999999998,-0.07245599999999999,-0.3515815,0.26244999999999996,0.3897,0.273972602739726,29.81,83.0,0.40745,0.0053974999999999995,0.5407500000000001,0.8082191780821918
h2,MST_7_4.0_7_2.0,long_flat,signal_close,146.0,0.2054794520547945,0.2534246575342466,0.14383561643835616,0.0817345,0.1650505,-0.0699505,-0.345409,0.2512,0.3905,0.2671232876712329,29.81,83.0,0.4086,0.005107,0.5408999999999999,0.8013698630136986
h2,MST_7_4.0_7_2.0,long_short,next_open,146.0,0.08904109589041095,0.13013698630136986,0.04794520547945205,-0.086827,0.16836299999999998,-0.23298999999999997,-0.6633045,-0.1346,0.3897,0.08904109589041095,29.99,166.0,0.36245,-0.0014115,0.9999,0.273972602739726
h2,MST_7_4.0_7_2.0,long_short,signal_close,146.0,0.0958904109589041,0.1232876712328767,0.0410958904109589,-0.0835745,0.1650505,-0.227031,-0.6655715,-0.13325,0.3905,0.10273972602739725,29.99,166.0,0.3615,-0.0012515,1.0,0.2945205479452055
h2,MST_7_4.0_7_2.0,short_flat,next_open,146.0,0.0958904109589041,0.10273972602739725,0.0547945205479452,-0.101208,0.16836299999999998,-0.2674225,-0.574458,-0.17885,0.3897,0.0958904109589041,29.81,83.0,0.322,-0.007662,0.45905,0.0821917808219178
h2,MST_7_4.0_7_2.0,short_flat,signal_close,146.0,0.10273972602739725,0.10273972602739725,0.0547945205479452,-0.10055249999999999,0.1650505,-0.267762,-0.5677125000000001,-0.175,0.3905,0.10273972602739725,29.81,83.0,0.32389999999999997,-0.0074789999999999995,0.45905,0.0958904109589041
h2,MST_7_4.0_7_2.5,long_flat,next_open,146.0,0.21232876712328766,0.2534246575342466,0.136986301369863,0.08441950000000001,0.16836299999999998,-0.07269049999999999,-0.351719,0.26244999999999996,0.3897,0.273972602739726,29.81,83.0,0.40745,0.005434,0.5407500000000001,0.815068493150685
h2,MST_7_4.0_7_2.5,long_flat,signal_close,146.0,0.2054794520547945,0.2534246575342466,0.14383561643835616,0.0817345,0.1650505,-0.069578,-0.345409,0.2512,0.3905,0.2671232876712329,29.81,83.0,0.4086,0.0051365000000000004,0.5408999999999999,0.815068493150685
h2,MST_7_4.0_7_2.5,long_short,next_open,146.0,0.0821917808219178,0.13013698630136986,0.04794520547945205,-0.085041,0.16836299999999998,-0.2319585,-0.66264,-0.12965,0.3897,0.08904109589041095,29.99,166.0,0.36185,-0.0013219999999999998,0.9999,0.273972602739726
h2,MST_7_4.0_7_2.5,long_short,signal_close,146.0,0.0958904109589041,0.1232876712328767,0.0410958904109589,-0.08354800000000001,0.1650505,-0.227031,-0.6655715,-0.13325,0.3905,0.10273972602739725,29.99,166.0,0.3618,-0.0012595,1.0,0.2945205479452055
h2,MST_7_4.0_7_2.5,short_flat,next_open,146.0,0.0958904109589041,0.0958904109589041,0.0547945205479452,-0.1011375,0.16836299999999998,-0.26753150000000003,-0.574458,-0.17875000000000002,0.3897,0.0958904109589041,29.81,83.0,0.322,-0.0076385,0.4583,0.0821917808219178
h2,MST_7_4.0_7_2.5,short_flat,signal_close,146.0,0.0958904109589041,0.10273972602739725,0.0547945205479452,-0.1011515,0.1650505,-0.267762,-0.5677125000000001,-0.175,0.3905,0.0958904109589041,29.81,83.0,0.32305,-0.007578,0.45835000000000004,0.0958904109589041
h2,MST_7_5.0_7_1.5,long_flat,next_open,146.0,0.22602739726027396,0.2534246575342466,0.14383561643835616,0.0706415,0.16836299999999998,-0.08871,-0.372221,0.22055000000000002,0.3897,0.273972602739726,22.04,62.0,0.41585,0.007235,0.5413,0.821917808219178
h2,MST_7_5.0_7_1.5,long_flat,signal_close,146.0,0.22602739726027396,0.2465753424657534,0.14383561643835616,0.0714475,0.1650505,-0.08665550000000001,-0.3637105,0.2122,0.3905,0.2945205479452055,22.04,62.0,0.4138,0.007019,0.54135,0.8082191780821918
h2,MST_7_5.0_7_1.5,long_short,next_open,146.0,0.0684931506849315,0.10273972602739725,0.0410958904109589,-0.083959,0.16836299999999998,-0.26189450000000003,-0.6577580000000001,-0.1444,0.3897,0.06164383561643835,22.155,123.0,0.3651,-0.0021964999999999997,0.9999,0.2328767123287671
h2,MST_7_5.0_7_1.5,long_short,signal_close,146.0,0.0684931506849315,0.1095890410958904,0.0410958904109589,-0.0821635,0.1650505,-0.262228,-0.659886,-0.14429999999999998,0.3905,0.0684931506849315,22.155,123.0,0.36515,-0.0022395,1.0,0.2328767123287671
h2,MST_7_5.0_7_1.5,short_flat,next_open,146.0,0.0958904109589041,0.0958904109589041,0.07534246575342465,-0.119122,0.16836299999999998,-0.285212,-0.6007755,-0.19725,0.3897,0.0958904109589041,21.92,61.0,0.31625000000000003,-0.011446999999999999,0.4582,0.07534246575342465
h2,MST_7_5.0_7_1.5,short_flat,signal_close,146.0,0.0958904109589041,0.0958904109589041,0.07534246575342465,-0.1127755,0.1650505,-0.2844395,-0.598789,-0.19595,0.3905,0.0958904109589041,21.92,61.0,0.3167,-0.011467,0.45825,0.0821917808219178
h2,MST_7_5.0_7_2.0,long_flat,next_open,146.0,0.22602739726027396,0.2534246575342466,0.136986301369863,0.0705905,0.16836299999999998,-0.089333,-0.372221,0.2238,0.3897,0.273972602739726,22.04,62.0,0.41585,0.007235,0.54165,0.821917808219178
h2,MST_7_5.0_7_2.0,long_flat,signal_close,146.0,0.22602739726027396,0.2465753424657534,0.14383561643835616,0.0714475,0.1650505,-0.08665550000000001,-0.36293949999999997,0.2122,0.3905,0.2945205479452055,22.04,62.0,0.4138,0.0069225,0.54175,0.8082191780821918
h2,MST_7_5.0_7_2.0,long_short,next_open,146.0,0.0684931506849315,0.1095890410958904,0.0410958904109589,-0.083959,0.16836299999999998,-0.26189450000000003,-0.6586350000000001,-0.14445,0.3897,0.0684931506849315,22.155,123.0,0.3651,-0.0021964999999999997,0.9999,0.2328767123287671
h2,MST_7_5.0_7_2.0,long_short,signal_close,146.0,0.0684931506849315,0.1095890410958904,0.0410958904109589,-0.0821635,0.1650505,-0.262228,-0.66062,-0.14434999999999998,0.3905,0.0684931506849315,22.155,123.0,0.36515,-0.0022395,1.0,0.2328767123287671
h2,MST_7_5.0_7_2.0,short_flat,next_open,146.0,0.0958904109589041,0.0958904109589041,0.07534246575342465,-0.119122,0.16836299999999998,-0.285212,-0.6007755,-0.19725,0.3897,0.0958904109589041,21.98,61.0,0.31625000000000003,-0.011446999999999999,0.4582,0.07534246575342465
h2,MST_7_5.0_7_2.0,short_flat,signal_close,146.0,0.0958904109589041,0.0958904109589041,0.07534246575342465,-0.112267,0.1650505,-0.2844395,-0.598789,-0.19595,0.3905,0.0958904109589041,21.98,61.0,0.3167,-0.011467,0.45825,0.0821917808219178
h2,MST_7_5.0_7_2.5,long_flat,next_open,146.0,0.22602739726027396,0.2534246575342466,0.136986301369863,0.0705905,0.16836299999999998,-0.089333,-0.372221,0.22305,0.3897,0.273972602739726,22.04,62.0,0.41585,0.007235,0.54165,0.821917808219178
h2,MST_7_5.0_7_2.5,long_flat,signal_close,146.0,0.22602739726027396,0.2465753424657534,0.14383561643835616,0.0714475,0.1650505,-0.08665550000000001,-0.36293949999999997,0.2122,0.3905,0.2945205479452055,22.04,62.0,0.4138,0.006697,0.54175,0.8082191780821918
h2,MST_7_5.0_7_2.5,long_short,next_open,146.0,0.06164383561643835,0.1095890410958904,0.0410958904109589,-0.083959,0.16836299999999998,-0.26189450000000003,-0.6586350000000001,-0.1444,0.3897,0.0684931506849315,22.155,123.0,0.3651,-0.0021964999999999997,0.9999,0.2328767123287671
h2,MST_7_5.0_7_2.5,long_short,signal_close,146.0,0.0684931506849315,0.1095890410958904,0.0410958904109589,-0.0821635,0.1650505,-0.2629315,-0.659886,-0.14429999999999998,0.3905,0.07534246575342465,22.155,123.0,0.36515,-0.00226,1.0,0.2328767123287671
h2,MST_7_5.0_7_2.5,short_flat,next_open,146.0,0.0958904109589041,0.0958904109589041,0.07534246575342465,-0.1193505,0.16836299999999998,-0.285212,-0.6007755,-0.19725,0.3897,0.0958904109589041,21.92,61.0,0.31625000000000003,-0.011446999999999999,0.4582,0.0821917808219178
h2,MST_7_5.0_7_2.5,short_flat,signal_close,146.0,0.0958904109589041,0.0958904109589041,0.07534246575342465,-0.112623,0.1650505,-0.2844395,-0.5994075000000001,-0.19595,0.3905,0.0958904109589041,21.92,61.0,0.3167,-0.011467,0.45825,0.08904109589041095
h2,MST_7_6.0_7_1.5,long_flat,next_open,146.0,0.17123287671232876,0.19863013698630136,0.13013698630136986,0.08499799999999999,0.16836299999999998,-0.08105300000000001,-0.374359,0.24364999999999998,0.3897,0.2808219178082192,17.16,48.0,0.4082,0.009562000000000001,0.5443,0.8013698630136986
h2,MST_7_6.0_7_1.5,long_flat,signal_close,146.0,0.17123287671232876,0.19863013698630136,0.13013698630136986,0.082346,0.1650505,-0.0885745,-0.379919,0.2417,0.3905,0.2671232876712329,17.16,48.0,0.40585,0.009357,0.54435,0.8013698630136986
h2,MST_7_6.0_7_1.5,long_short,next_open,146.0,0.08904109589041095,0.0958904109589041,0.04794520547945205,-0.0984305,0.16836299999999998,-0.261159,-0.6746920000000001,-0.14175,0.3897,0.08904109589041095,17.16,95.0,0.35495,-0.002765,0.9999,0.22602739726027396
h2,MST_7_6.0_7_1.5,long_short,signal_close,146.0,0.07534246575342465,0.0958904109589041,0.04794520547945205,-0.09632399999999999,0.1650505,-0.2635745,-0.6757489999999999,-0.1486,0.3905,0.0821917808219178,17.16,95.0,0.3579,-0.003006,1.0,0.23972602739726026
h2,MST_7_6.0_7_1.5,short_flat,next_open,146.0,0.07534246575342465,0.08904109589041095,0.07534246575342465,-0.112497,0.16836299999999998,-0.290486,-0.589654,-0.19765,0.3897,0.07534246575342465,17.07,48.0,0.29710000000000003,-0.014258,0.4556,0.08904109589041095
h2,MST_7_6.0_7_1.5,short_flat,signal_close,146.0,0.07534246575342465,0.0821917808219178,0.07534246575342465,-0.11547450000000001,0.1650505,-0.2876215,-0.5927975000000001,-0.19465,0.3905,0.07534246575342465,17.07,48.0,0.29710000000000003,-0.014409,0.45565,0.0821917808219178
h2,MST_7_6.0_7_2.0,long_flat,next_open,146.0,0.17123287671232876,0.1917808219178082,0.13013698630136986,0.08499799999999999,0.16836299999999998,-0.08203250000000001,-0.374359,0.24364999999999998,0.3897,0.2808219178082192,17.16,48.0,0.4082,0.009562000000000001,0.5443,0.8013698630136986
h2,MST_7_6.0_7_2.0,long_flat,signal_close,146.0,0.17123287671232876,0.19863013698630136,0.13013698630136986,0.082346,0.1650505,-0.0885745,-0.379919,0.24045,0.3905,0.2671232876712329,17.16,48.0,0.40585,0.009357,0.54435,0.8013698630136986
h2,MST_7_6.0_7_2.0,long_short,next_open,146.0,0.08904109589041095,0.0958904109589041,0.04794520547945205,-0.0984305,0.16836299999999998,-0.261159,-0.6746920000000001,-0.1422,0.3897,0.08904109589041095,17.25,95.0,0.35495,-0.002792,0.9999,0.22602739726027396
h2,MST_7_6.0_7_2.0,long_short,signal_close,146.0,0.07534246575342465,0.0958904109589041,0.04794520547945205,-0.096922,0.1650505,-0.2635745,-0.6757489999999999,-0.1486,0.3905,0.0821917808219178,17.25,95.0,0.3579,-0.003011,1.0,0.23972602739726026
h2,MST_7_6.0_7_2.0,short_flat,next_open,146.0,0.07534246575342465,0.08904109589041095,0.07534246575342465,-0.112497,0.16836299999999998,-0.290486,-0.591554,-0.19765,0.3897,0.07534246575342465,17.07,48.0,0.29710000000000003,-0.014136,0.4556,0.08904109589041095
h2,MST_7_6.0_7_2.0,short_flat,signal_close,146.0,0.07534246575342465,0.0821917808219178,0.07534246575342465,-0.11547450000000001,0.1650505,-0.2876215,-0.59388,-0.19465,0.3905,0.07534246575342465,17.07,48.0,0.29710000000000003,-0.014409,0.45565,0.0821917808219178
h2,MST_7_6.0_7_2.5,long_flat,next_open,146.0,0.17123287671232876,0.19863013698630136,0.13013698630136986,0.08499799999999999,0.16836299999999998,-0.08240349999999999,-0.374359,0.24364999999999998,0.3897,0.2808219178082192,17.16,48.0,0.4082,0.009562000000000001,0.5443,0.8013698630136986
h2,MST_7_6.0_7_2.5,long_flat,signal_close,146.0,0.17123287671232876,0.19863013698630136,0.13013698630136986,0.082346,0.1650505,-0.0885745,-0.379919,0.243,0.3905,0.2671232876712329,17.16,48.0,0.40585,0.009357,0.54435,0.8013698630136986
h2,MST_7_6.0_7_2.5,long_short,next_open,146.0,0.08904109589041095,0.0958904109589041,0.04794520547945205,-0.0984305,0.16836299999999998,-0.261159,-0.6746920000000001,-0.14175,0.3897,0.08904109589041095,17.16,95.0,0.35495,-0.002765,0.9999,0.22602739726027396
h2,MST_7_6.0_7_2.5,long_short,signal_close,146.0,0.07534246575342465,0.0958904109589041,0.04794520547945205,-0.0956645,0.1650505,-0.2643235,-0.6757489999999999,-0.1486,0.3905,0.0821917808219178,17.16,95.0,0.3579,-0.0030305,1.0,0.23972602739726026
h2,MST_7_6.0_7_2.5,short_flat,next_open,146.0,0.07534246575342465,0.08904109589041095,0.07534246575342465,-0.112497,0.16836299999999998,-0.290486,-0.589654,-0.19785,0.3897,0.07534246575342465,17.07,48.0,0.29710000000000003,-0.014263,0.4556,0.08904109589041095
h2,MST_7_6.0_7_2.5,short_flat,signal_close,146.0,0.07534246575342465,0.0821917808219178,0.07534246575342465,-0.11547450000000001,0.1650505,-0.2876215,-0.5927975000000001,-0.19465,0.3905,0.07534246575342465,17.07,48.0,0.29710000000000003,-0.014423,0.45565,0.0821917808219178
h2,ST_10_1.5,long_flat,next_open,146.0,0.1780821917808219,0.3835616438356164,0.0273972602739726,0.051969,0.16836299999999998,-0.0966445,-0.3820715,0.136,0.3897,0.2945205479452055,101.43,282.0,0.3688,0.0010500000000000002,0.52475,0.6438356164383562
h2,ST_10_1.5,long_flat,signal_close,146.0,0.17123287671232876,0.3424657534246575,0.0136986301369863,0.0317225,0.1650505,-0.11183750000000002,-0.381815,0.0912,0.3905,0.2671232876712329,101.435,282.0,0.3653,0.000732,0.52475,0.6232876712328768
h2,ST_10_1.5,long_short,next_open,146.0,0.0547945205479452,0.2054794520547945,0.00684931506849315,-0.12457950000000001,0.16836299999999998,-0.29848700000000006,-0.684192,-0.1874,0.3897,0.06164383561643835,101.435,563.0,0.35455000000000003,-0.0007925,0.9999,0.23972602739726026
h2,ST_10_1.5,long_short,signal_close,146.0,0.04794520547945205,0.1780821917808219,0.00684931506849315,-0.13046950000000002,0.1650505,-0.310376,-0.712717,-0.19765,0.3905,0.04794520547945205,101.52,563.0,0.35085,-0.0009165,1.0,0.2328767123287671
h2,ST_10_1.5,short_flat,next_open,146.0,0.04794520547945205,0.11643835616438356,0.02054794520547945,-0.131197,0.16836299999999998,-0.30968399999999996,-0.6364045,-0.20505,0.3897,0.04794520547945205,101.34,281.0,0.3333,-0.0028205,0.47515,0.0410958904109589
h2,ST_10_1.5,short_flat,signal_close,146.0,0.0547945205479452,0.1095890410958904,0.02054794520547945,-0.1430435,0.1650505,-0.3133985,-0.6553435000000001,-0.21635,0.3905,0.0410958904109589,101.34,281.0,0.32789999999999997,-0.0030064999999999996,0.47525,0.0273972602739726
h2,ST_10_2.0,long_flat,next_open,146.0,0.19863013698630136,0.4178082191780822,0.04794520547945205,0.078712,0.16836299999999998,-0.06332449999999999,-0.3392575,0.2645,0.3897,0.3561643835616438,72.07,200.0,0.3817,0.0023334999999999996,0.52905,0.7465753424657534
h2,ST_10_2.0,long_flat,signal_close,146.0,0.1780821917808219,0.3835616438356164,0.0410958904109589,0.072775,0.1650505,-0.071131,-0.345793,0.22785,0.3905,0.3082191780821918,72.07,200.0,0.3811,0.0019215,0.5291,0.7123287671232876
h2,ST_10_2.0,long_short,next_open,146.0,0.06164383561643835,0.136986301369863,0.0273972602739726,-0.0826045,0.16836299999999998,-0.234746,-0.6274405000000001,-0.14725,0.3897,0.0821917808219178,72.07,400.0,0.36165,-0.0005579999999999999,0.9999,0.273972602739726
h2,ST_10_2.0,long_short,signal_close,146.0,0.04794520547945205,0.14383561643835616,0.0136986301369863,-0.0921775,0.1650505,-0.24637949999999997,-0.6393685,-0.16,0.3905,0.06164383561643835,72.07,400.0,0.3612,-0.000786,1.0,0.2602739726027397
h2,ST_10_2.0,short_flat,next_open,146.0,0.0958904109589041,0.1095890410958904,0.02054794520547945,-0.10523099999999999,0.16836299999999998,-0.27086200000000005,-0.583885,-0.18109999999999998,0.3897,0.08904109589041095,72.07,200.0,0.3385,-0.003075,0.47085,0.06164383561643835
h2,ST_10_2.0,short_flat,signal_close,146.0,0.0821917808219178,0.1095890410958904,0.0136986301369863,-0.11101549999999999,0.1650505,-0.27790899999999996,-0.5886534999999999,-0.19045,0.3905,0.07534246575342465,72.07,200.0,0.3342,-0.0031685000000000003,0.4709,0.06164383561643835
h2,ST_10_2.5,long_flat,next_open,146.0,0.22602739726027396,0.3424657534246575,0.0958904109589041,0.09173100000000001,0.16836299999999998,-0.058679000000000016,-0.347132,0.2631,0.3897,0.363013698630137,54.73,152.0,0.39225,0.003223,0.5361,0.8082191780821918
h2,ST_10_2.5,long_flat,signal_close,146.0,0.2191780821917808,0.3356164383561644,0.0958904109589041,0.0839735,0.1650505,-0.06693099999999999,-0.343956,0.25334999999999996,0.3905,0.3424657534246575,54.73,152.0,0.39225,0.0030435,0.5361,0.8013698630136986
h2,ST_10_2.5,long_short,next_open,146.0,0.10273972602739725,0.15753424657534246,0.03424657534246575,-0.059843,0.16836299999999998,-0.21830049999999998,-0.6407945,-0.10585,0.3897,0.0958904109589041,54.81999999999999,304.0,0.36585,-0.000243,0.9999,0.273972602739726
h2,ST_10_2.5,long_short,signal_close,146.0,0.0958904109589041,0.1643835616438356,0.03424657534246575,-0.063619,0.1650505,-0.225528,-0.6444105,-0.12010000000000001,0.3905,0.0958904109589041,54.81999999999999,304.0,0.36135,-0.00039,1.0,0.2534246575342466
h2,ST_10_2.5,short_flat,next_open,146.0,0.0958904109589041,0.11643835616438356,0.0273972602739726,-0.10447899999999999,0.16836299999999998,-0.27827,-0.5822585,-0.17775000000000002,0.3897,0.10273972602739725,54.64,152.0,0.3408,-0.004018,0.4638,0.1095890410958904
h2,ST_10_2.5,short_flat,signal_close,146.0,0.0958904109589041,0.1095890410958904,0.0273972602739726,-0.108324,0.1650505,-0.27364350000000004,-0.583533,-0.1812,0.3905,0.0958904109589041,54.64,152.0,0.33565,-0.0040715000000000005,0.4639,0.10273972602739725
h2,ST_10_3.0,long_flat,next_open,146.0,0.1917808219178082,0.2808219178082192,0.10273972602739725,0.085146,0.16836299999999998,-0.0693965,-0.3389225,0.2669,0.3897,0.3356164383561644,43.065,120.0,0.3963,0.0039045,0.5367,0.8082191780821918
h2,ST_10_3.0,long_flat,signal_close,146.0,0.21232876712328766,0.2808219178082192,0.08904109589041095,0.0827345,0.1650505,-0.07263700000000001,-0.3405765,0.2667,0.3905,0.3082191780821918,43.065,120.0,0.39305,0.003845,0.5368,0.8013698630136986
h2,ST_10_3.0,long_short,next_open,146.0,0.0821917808219178,0.1095890410958904,0.04794520547945205,-0.08226049999999999,0.16836299999999998,-0.2309095,-0.6237475,-0.13119999999999998,0.3897,0.0821917808219178,43.155,239.0,0.36305,-0.0008110000000000001,0.9999,0.2808219178082192
h2,ST_10_3.0,long_short,signal_close,146.0,0.0821917808219178,0.10273972602739725,0.04794520547945205,-0.075975,0.1650505,-0.24031550000000002,-0.625051,-0.14255,0.3905,0.0821917808219178,43.155,239.0,0.3614,-0.0008525,1.0,0.2465753424657534
h2,ST_10_3.0,short_flat,next_open,146.0,0.07534246575342465,0.0821917808219178,0.0410958904109589,-0.10598450000000001,0.16836299999999998,-0.26815049999999996,-0.578392,-0.17845,0.3897,0.0821917808219178,42.975,119.0,0.3308,-0.0051675,0.4632,0.0821917808219178
h2,ST_10_3.0,short_flat,signal_close,146.0,0.0684931506849315,0.07534246575342465,0.0410958904109589,-0.1038775,0.1650505,-0.268146,-0.578272,-0.181,0.3905,0.0821917808219178,42.975,119.0,0.33030000000000004,-0.0051175,0.4632,0.07534246575342465
h2,ST_10_4.0,long_flat,next_open,146.0,0.2328767123287671,0.2671232876712329,0.1506849315068493,0.0849715,0.16836299999999998,-0.0715915,-0.34931100000000004,0.26215,0.3897,0.3424657534246575,29.11,81.0,0.4085,0.005817,0.5406,0.8082191780821918
h2,ST_10_4.0,long_flat,signal_close,146.0,0.2191780821917808,0.2671232876712329,0.136986301369863,0.0809955,0.1650505,-0.0733805,-0.351638,0.25375000000000003,0.3905,0.3561643835616438,29.11,81.0,0.40265,0.0057835000000000004,0.5407500000000001,0.7876712328767124
h2,ST_10_4.0,long_short,next_open,146.0,0.07534246575342465,0.11643835616438356,0.0547945205479452,-0.08195,0.16836299999999998,-0.2293415,-0.657861,-0.1408,0.3897,0.0821917808219178,29.26,162.0,0.3627,-0.0015635,0.9999,0.2945205479452055
h2,ST_10_4.0,long_short,signal_close,146.0,0.0684931506849315,0.1095890410958904,0.0547945205479452,-0.08088000000000001,0.1650505,-0.2266285,-0.6603475,-0.14015,0.3905,0.0821917808219178,29.26,162.0,0.36014999999999997,-0.001657,1.0,0.3082191780821918
h2,ST_10_4.0,short_flat,next_open,146.0,0.08904109589041095,0.0958904109589041,0.07534246575342465,-0.1035005,0.16836299999999998,-0.278,-0.57202,-0.18055,0.3897,0.0958904109589041,29.08,81.0,0.3222,-0.007686500000000001,0.45925,0.0821917808219178
h2,ST_10_4.0,short_flat,signal_close,146.0,0.08904109589041095,0.0958904109589041,0.0821917808219178,-0.1032975,0.1650505,-0.28000499999999995,-0.566447,-0.17959999999999998,0.3905,0.0958904109589041,29.08,81.0,0.32375,-0.0077280000000000005,0.45925,0.0821917808219178
h2,ST_10_5.0,long_flat,next_open,146.0,0.19863013698630136,0.22602739726027396,0.14383561643835616,0.0735655,0.16836299999999998,-0.083264,-0.36810200000000004,0.21265,0.3897,0.2876712328767123,21.32,59.0,0.4173,0.0067504999999999996,0.5393,0.815068493150685
h2,ST_10_5.0,long_flat,signal_close,146.0,0.2054794520547945,0.22602739726027396,0.136986301369863,0.0749915,0.1650505,-0.08373149999999999,-0.36852700000000005,0.20725,0.3905,0.3013698630136986,21.32,59.0,0.4173,0.0066365,0.53955,0.815068493150685
h2,ST_10_5.0,long_short,next_open,146.0,0.08904109589041095,0.10273972602739725,0.03424657534246575,-0.0957045,0.16836299999999998,-0.2537355,-0.6570205,-0.1524,0.3897,0.0958904109589041,21.39,119.0,0.36285,-0.0023495,0.9999,0.22602739726027396
h2,ST_10_5.0,long_short,signal_close,146.0,0.0958904109589041,0.10273972602739725,0.03424657534246575,-0.09025,0.1650505,-0.2512785,-0.648729,-0.1516,0.3905,0.10273972602739725,21.39,119.0,0.3614,-0.0024295000000000002,1.0,0.23972602739726026
h2,ST_10_5.0,short_flat,next_open,146.0,0.08904109589041095,0.08904109589041095,0.07534246575342465,-0.1184215,0.16836299999999998,-0.27828600000000003,-0.5991949999999999,-0.19775,0.3897,0.08904109589041095,21.32,59.0,0.3084,-0.011813,0.46045,0.0821917808219178
h2,ST_10_5.0,short_flat,signal_close,146.0,0.08904109589041095,0.0958904109589041,0.0821917808219178,-0.1179825,0.1650505,-0.27868000000000004,-0.5973145,-0.19729999999999998,0.3905,0.0958904109589041,21.32,59.0,0.3084,-0.011888,0.46045,0.0821917808219178
h2,ST_14_1.5,long_flat,next_open,146.0,0.2054794520547945,0.410958904109589,0.03424657534246575,0.059618,0.16836299999999998,-0.091692,-0.364186,0.17265,0.3897,0.3424657534246575,101.43,282.0,0.3721,0.0011635,0.522,0.6643835616438356
h2,ST_14_1.5,long_flat,signal_close,146.0,0.18493150684931506,0.3561643835616438,0.0136986301369863,0.041575,0.1650505,-0.0986995,-0.36936,0.1159,0.3905,0.3013698630136986,101.43,282.0,0.3694,0.000806,0.5221,0.636986301369863
h2,ST_14_1.5,long_short,next_open,146.0,0.0821917808219178,0.1780821917808219,0.00684931506849315,-0.110558,0.16836299999999998,-0.275076,-0.68237,-0.1644,0.3897,0.10273972602739725,101.52,564.5,0.3565,-0.0006505,0.9999,0.2191780821917808
h2,ST_14_1.5,long_short,signal_close,146.0,0.0547945205479452,0.1780821917808219,0.00684931506849315,-0.113087,0.1650505,-0.3015935,-0.6997415,-0.17175,0.3905,0.0684931506849315,101.52,565.0,0.3537,-0.0007535,1.0,0.18493150684931506
h2,ST_14_1.5,short_flat,next_open,146.0,0.0547945205479452,0.10273972602739725,0.02054794520547945,-0.12008150000000001,0.16836299999999998,-0.30738699999999997,-0.630108,-0.1929,0.3897,0.04794520547945205,101.52,282.0,0.3333,-0.002607,0.4779,0.0547945205479452
h2,ST_14_1.5,short_flat,signal_close,146.0,0.0547945205479452,0.0958904109589041,0.02054794520547945,-0.13287549999999998,0.1650505,-0.31383,-0.6458965,-0.2082,0.3905,0.0547945205479452,101.52,282.5,0.32995,-0.002751,0.4779,0.0410958904109589
h2,ST_14_2.0,long_flat,next_open,146.0,0.2534246575342466,0.4178082191780822,0.04794520547945205,0.091036,0.16836299999999998,-0.05530850000000001,-0.33918000000000004,0.2617,0.3897,0.3767123287671233,72.26,200.0,0.38595,0.0024025,0.5298,0.7945205479452054
h2,ST_14_2.0,long_flat,signal_close,146.0,0.2328767123287671,0.3767123287671233,0.0547945205479452,0.079887,0.1650505,-0.0634285,-0.3453125,0.24659999999999999,0.3905,0.3561643835616438,72.26,200.0,0.3863,0.0021795,0.5298,0.7602739726027398
h2,ST_14_2.0,long_short,next_open,146.0,0.07534246575342465,0.1506849315068493,0.0136986301369863,-0.0802725,0.16836299999999998,-0.22686299999999998,-0.6363645,-0.13515,0.3897,0.07534246575342465,72.26,400.5,0.36575,-0.0003635,0.9999,0.2808219178082192
h2,ST_14_2.0,long_short,signal_close,146.0,0.08904109589041095,0.14383561643835616,0.00684931506849315,-0.08982799999999999,0.1650505,-0.22490949999999998,-0.647813,-0.14625,0.3905,0.08904109589041095,72.26,400.5,0.362,-0.0006195,1.0,0.2671232876712329
h2,ST_14_2.0,short_flat,next_open,146.0,0.07534246575342465,0.1095890410958904,0.0136986301369863,-0.099741,0.16836299999999998,-0.2695705,-0.5912869999999999,-0.172,0.3897,0.07534246575342465,72.16499999999999,200.0,0.34135000000000004,-0.0027619999999999997,0.47009999999999996,0.08904109589041095
h2,ST_14_2.0,short_flat,signal_close,146.0,0.0684931506849315,0.1095890410958904,0.0136986301369863,-0.1028325,0.1650505,-0.27812200000000004,-0.5897825000000001,-0.1754,0.3905,0.07534246575342465,72.16499999999999,200.0,0.3368,-0.002959,0.4702,0.0821917808219178
h2,ST_14_2.5,long_flat,next_open,146.0,0.2328767123287671,0.3698630136986301,0.10273972602739725,0.09574099999999999,0.16836299999999998,-0.0627635,-0.3446595,0.26205,0.3897,0.363013698630137,54.91,152.5,0.3961,0.003362,0.5339,0.8013698630136986
h2,ST_14_2.5,long_flat,signal_close,146.0,0.23972602739726026,0.3493150684931507,0.08904109589041095,0.0883905,0.1650505,-0.06373700000000002,-0.343068,0.257,0.3905,0.3356164383561644,54.91,152.5,0.39385000000000003,0.0031365000000000004,0.53395,0.8013698630136986
h2,ST_14_2.5,long_short,next_open,146.0,0.08904109589041095,0.15753424657534246,0.0273972602739726,-0.062142,0.16836299999999998,-0.2183225,-0.653985,-0.1053,0.3897,0.0958904109589041,54.985,305.0,0.36875,-0.00017099999999999998,0.9999,0.2945205479452055
h2,ST_14_2.5,long_short,signal_close,146.0,0.0958904109589041,0.1506849315068493,0.02054794520547945,-0.06928100000000001,0.1650505,-0.22427750000000002,-0.652188,-0.11815,0.3905,0.0958904109589041,54.985,305.0,0.3644,-0.0003465,1.0,0.2808219178082192
h2,ST_14_2.5,short_flat,next_open,146.0,0.0958904109589041,0.1095890410958904,0.03424657534246575,-0.101178,0.16836299999999998,-0.267874,-0.574206,-0.172,0.3897,0.1095890410958904,54.894999999999996,152.0,0.3401,-0.0038095000000000004,0.46599999999999997,0.11643835616438356
h2,ST_14_2.5,short_flat,signal_close,146.0,0.0958904109589041,0.1095890410958904,0.03424657534246575,-0.1063915,0.1650505,-0.2698895,-0.57821,-0.1762,0.3905,0.10273972602739725,54.894999999999996,152.0,0.33795,-0.0039435,0.46604999999999996,0.0958904109589041
h2,ST_14_3.0,long_flat,next_open,146.0,0.2191780821917808,0.3219178082191781,0.1095890410958904,0.09227250000000001,0.16836299999999998,-0.068513,-0.33325099999999996,0.30135,0.3897,0.363013698630137,43.17,120.0,0.4,0.0042474999999999995,0.5377000000000001,0.8013698630136986
h2,ST_14_3.0,long_flat,signal_close,146.0,0.2054794520547945,0.3082191780821918,0.10273972602739725,0.0896485,0.1650505,-0.069067,-0.3349655,0.26475000000000004,0.3905,0.3287671232876712,43.17,120.0,0.3966,0.0040085,0.5377000000000001,0.7945205479452054
h2,ST_14_3.0,long_short,next_open,146.0,0.0821917808219178,0.13013698630136986,0.0684931506849315,-0.0691055,0.16836299999999998,-0.2256105,-0.6285715000000001,-0.1215,0.3897,0.0821917808219178,43.17,239.0,0.365,-0.000772,0.9999,0.2876712328767123
h2,ST_14_3.0,long_short,signal_close,146.0,0.0821917808219178,0.1232876712328767,0.06164383561643835,-0.069909,0.1650505,-0.22605799999999998,-0.6346695,-0.12035,0.3905,0.0821917808219178,43.17,239.0,0.3648,-0.000766,1.0,0.273972602739726
h2,ST_14_3.0,short_flat,next_open,146.0,0.0821917808219178,0.0958904109589041,0.0410958904109589,-0.1000375,0.16836299999999998,-0.27167549999999996,-0.5785575000000001,-0.17725,0.3897,0.0958904109589041,42.99,119.0,0.33194999999999997,-0.005022,0.46215,0.10273972602739725
h2,ST_14_3.0,short_flat,signal_close,146.0,0.07534246575342465,0.0958904109589041,0.0410958904109589,-0.10222,0.1650505,-0.2653125,-0.5773705,-0.17825000000000002,0.3905,0.08904109589041095,42.99,119.5,0.33035000000000003,-0.0050415,0.46230000000000004,0.10273972602739725
h2,ST_14_4.0,long_flat,next_open,146.0,0.2191780821917808,0.2671232876712329,0.15753424657534246,0.0754215,0.16836299999999998,-0.06978350000000001,-0.34380350000000004,0.23070000000000002,0.3897,0.3561643835616438,29.26,81.0,0.4146,0.0052935,0.53825,0.821917808219178
h2,ST_14_4.0,long_flat,signal_close,146.0,0.21232876712328766,0.273972602739726,0.14383561643835616,0.0738965,0.1650505,-0.07055099999999999,-0.3467795,0.2314,0.3905,0.3561643835616438,29.26,81.0,0.41315,0.0050279999999999995,0.53835,0.815068493150685
h2,ST_14_4.0,long_short,next_open,146.0,0.08904109589041095,0.13013698630136986,0.0273972602739726,-0.0811105,0.16836299999999998,-0.234399,-0.647231,-0.12695,0.3897,0.08904109589041095,29.26,162.0,0.36560000000000004,-0.0013904999999999998,0.9999,0.3287671232876712
h2,ST_14_4.0,long_short,signal_close,146.0,0.0821917808219178,0.1232876712328767,0.03424657534246575,-0.0848005,0.1650505,-0.22525499999999998,-0.644657,-0.13290000000000002,0.3905,0.08904109589041095,29.26,162.0,0.35955000000000004,-0.001628,1.0,0.3219178082191781
h2,ST_14_4.0,short_flat,next_open,146.0,0.0821917808219178,0.08904109589041095,0.0684931506849315,-0.10630999999999999,0.16836299999999998,-0.264513,-0.5717460000000001,-0.1832,0.3897,0.08904109589041095,29.08,81.0,0.3253,-0.0077245000000000005,0.46165,0.08904109589041095
h2,ST_14_4.0,short_flat,signal_close,146.0,0.07534246575342465,0.08904109589041095,0.0684931506849315,-0.1028785,0.1650505,-0.266264,-0.5616345,-0.18130000000000002,0.3905,0.0821917808219178,29.08,81.0,0.3247,-0.0076165,0.46165,0.0958904109589041
h2,ST_14_5.0,long_flat,next_open,146.0,0.21232876712328766,0.2602739726027397,0.15753424657534246,0.071641,0.16836299999999998,-0.07607649999999999,-0.36647850000000004,0.22585,0.3897,0.3150684931506849,21.095,59.0,0.4154,0.007164,0.53715,0.821917808219178
h2,ST_14_5.0,long_flat,signal_close,146.0,0.2191780821917808,0.2602739726027397,0.14383561643835616,0.0704205,0.1650505,-0.07587100000000001,-0.3601265,0.22325,0.3905,0.3219178082191781,21.095,59.0,0.41525,0.0069375,0.53715,0.815068493150685
h2,ST_14_5.0,long_short,next_open,146.0,0.10273972602739725,0.1095890410958904,0.06164383561643835,-0.0869525,0.16836299999999998,-0.258887,-0.657924,-0.1376,0.3897,0.10273972602739725,21.13,117.0,0.36685,-0.002574,0.9999,0.2328767123287671
h2,ST_14_5.0,long_short,signal_close,146.0,0.10273972602739725,0.1095890410958904,0.0684931506849315,-0.0906805,0.1650505,-0.2532055,-0.6570210000000001,-0.14450000000000002,0.3905,0.10273972602739725,21.13,117.0,0.3661,-0.0026905,1.0,0.2328767123287671
h2,ST_14_5.0,short_flat,next_open,146.0,0.08904109589041095,0.0958904109589041,0.07534246575342465,-0.1166895,0.16836299999999998,-0.2898205,-0.6079675,-0.1918,0.3897,0.08904109589041095,21.04,59.0,0.3109,-0.011518500000000001,0.46275,0.0958904109589041
h2,ST_14_5.0,short_flat,signal_close,146.0,0.08904109589041095,0.0958904109589041,0.0821917808219178,-0.116231,0.1650505,-0.284877,-0.598096,-0.19145,0.3905,0.0958904109589041,21.04,59.0,0.312,-0.011529000000000001,0.46285,0.08904109589041095
h2,ST_21_1.5,long_flat,next_open,146.0,0.19863013698630136,0.3904109589041096,0.03424657534246575,0.0633165,0.16836299999999998,-0.08979299999999998,-0.3616045,0.1897,0.3897,0.3287671232876712,102.06,283.0,0.3723,0.0011935000000000001,0.52105,0.6712328767123288
h2,ST_21_1.5,long_flat,signal_close,146.0,0.1780821917808219,0.3561643835616438,0.03424657534246575,0.045264,0.1650505,-0.1039495,-0.37623799999999996,0.14495,0.3905,0.2671232876712329,102.06,283.0,0.36824999999999997,0.0009239999999999999,0.5211,0.6438356164383562
h2,ST_21_1.5,long_short,next_open,146.0,0.0684931506849315,0.2054794520547945,0.0136986301369863,-0.107654,0.16836299999999998,-0.285097,-0.6788895,-0.16085,0.3897,0.07534246575342465,102.06,565.0,0.35835,-0.0006455,0.9999,0.2602739726027397
h2,ST_21_1.5,long_short,signal_close,146.0,0.0684931506849315,0.15753424657534246,0.00684931506849315,-0.1118645,0.1650505,-0.292904,-0.6900555,-0.1703,0.3905,0.0684931506849315,102.06,565.0,0.35350000000000004,-0.0007149999999999999,1.0,0.1917808219178082
h2,ST_21_1.5,short_flat,next_open,146.0,0.0547945205479452,0.11643835616438356,0.02054794520547945,-0.124768,0.16836299999999998,-0.3046955,-0.617363,-0.197,0.3897,0.06164383561643835,101.88,282.5,0.3351,-0.002694,0.47885,0.07534246575342465
h2,ST_21_1.5,short_flat,signal_close,146.0,0.0547945205479452,0.0958904109589041,0.02054794520547945,-0.12994650000000002,0.1650505,-0.310548,-0.6337495,-0.20825,0.3905,0.0547945205479452,101.88,282.5,0.32920000000000005,-0.0027345,0.4789,0.04794520547945205
h2,ST_21_2.0,long_flat,next_open,146.0,0.2602739726027397,0.4246575342465753,0.03424657534246575,0.08255000000000001,0.16836299999999998,-0.05606900000000002,-0.33178450000000004,0.26545,0.3897,0.4589041095890411,72.605,201.0,0.3893,0.002295,0.5286,0.7945205479452054
h2,ST_21_2.0,long_flat,signal_close,146.0,0.2465753424657534,0.3972602739726027,0.0410958904109589,0.0744735,0.1650505,-0.064318,-0.3430085,0.25305,0.3905,0.3904109589041096,72.605,201.0,0.38675000000000004,0.001966,0.52875,0.7808219178082192
h2,ST_21_2.0,long_short,next_open,146.0,0.06164383561643835,0.2054794520547945,0.02054794520547945,-0.0754315,0.16836299999999998,-0.233999,-0.614614,-0.12685000000000002,0.3897,0.06164383561643835,72.62,402.0,0.3652,-0.0004735,0.9999,0.3013698630136986
h2,ST_21_2.0,long_short,signal_close,146.0,0.06164383561643835,0.1780821917808219,0.02054794520547945,-0.086805,0.1650505,-0.233892,-0.637491,-0.14334999999999998,0.3905,0.0684931506849315,72.62,402.0,0.36160000000000003,-0.000641,1.0,0.2945205479452055
h2,ST_21_2.0,short_flat,next_open,146.0,0.0821917808219178,0.1232876712328767,0.0273972602739726,-0.09827,0.16836299999999998,-0.278189,-0.5755615000000001,-0.17454999999999998,0.3897,0.08904109589041095,72.44,201.0,0.3468,-0.002775,0.47125,0.0547945205479452
h2,ST_21_2.0,short_flat,signal_close,146.0,0.0821917808219178,0.11643835616438356,0.02054794520547945,-0.099674,0.1650505,-0.27778400000000003,-0.5845405,-0.17715,0.3905,0.08904109589041095,72.44,201.0,0.3391,-0.0030035,0.47125,0.06164383561643835
h2,ST_21_2.5,long_flat,next_open,146.0,0.2534246575342466,0.3972602739726027,0.10273972602739725,0.097746,0.16836299999999998,-0.06107299999999999,-0.340167,0.27225,0.3897,0.3835616438356164,55.185,153.0,0.394,0.0034454999999999998,0.5325500000000001,0.8493150684931506
h2,ST_21_2.5,long_flat,signal_close,146.0,0.23972602739726026,0.3767123287671233,0.08904109589041095,0.08895900000000001,0.1650505,-0.06555449999999999,-0.335911,0.2541,0.3905,0.3561643835616438,55.185,153.0,0.392,0.0030995,0.5327,0.8356164383561644
h2,ST_21_2.5,long_short,next_open,146.0,0.08904109589041095,0.17123287671232876,0.03424657534246575,-0.0700095,0.16836299999999998,-0.219417,-0.636887,-0.11965,0.3897,0.0958904109589041,55.185,306.0,0.3649,-0.000447,0.9999,0.3493150684931507
h2,ST_21_2.5,long_short,signal_close,146.0,0.08904109589041095,0.1643835616438356,0.0273972602739726,-0.0808615,0.1650505,-0.2205125,-0.6452610000000001,-0.13174999999999998,0.3905,0.0958904109589041,55.185,306.0,0.363,-0.0006655,1.0,0.3356164383561644
h2,ST_21_2.5,short_flat,next_open,146.0,0.0958904109589041,0.10273972602739725,0.0410958904109589,-0.1032645,0.16836299999999998,-0.26450699999999994,-0.583815,-0.17415,0.3897,0.0958904109589041,55.09,153.0,0.3378,-0.0039545,0.4673,0.08904109589041095
h2,ST_21_2.5,short_flat,signal_close,146.0,0.0958904109589041,0.10273972602739725,0.0410958904109589,-0.10510649999999999,0.1650505,-0.2610025,-0.577969,-0.17545,0.3905,0.08904109589041095,55.09,153.0,0.3355,-0.0040254999999999996,0.4673,0.08904109589041095
h2,ST_21_3.0,long_flat,next_open,146.0,0.1917808219178082,0.3082191780821918,0.1095890410958904,0.089073,0.16836299999999998,-0.0623375,-0.3382245,0.2797,0.3897,0.363013698630137,43.08,119.5,0.40335,0.0040605,0.5365500000000001,0.8356164383561644
h2,ST_21_3.0,long_flat,signal_close,146.0,0.2054794520547945,0.2945205479452055,0.1232876712328767,0.086762,0.1650505,-0.066566,-0.3398315,0.29325,0.3905,0.3698630136986301,43.08,119.5,0.40315,0.0039675,0.5366,0.821917808219178
h2,ST_21_3.0,long_short,next_open,146.0,0.10273972602739725,0.13013698630136986,0.04794520547945205,-0.0624785,0.16836299999999998,-0.20584100000000002,-0.616395,-0.10445,0.3897,0.0958904109589041,43.17,239.0,0.3715,-0.000285,0.9999,0.3150684931506849
h2,ST_21_3.0,long_short,signal_close,146.0,0.10273972602739725,0.13013698630136986,0.04794520547945205,-0.0597535,0.1650505,-0.21239600000000003,-0.6257895,-0.0996,0.3905,0.0958904109589041,43.17,239.0,0.3688,-0.0002365,1.0,0.3082191780821918
h2,ST_21_3.0,short_flat,next_open,146.0,0.07534246575342465,0.10273972602739725,0.04794520547945205,-0.0982735,0.16836299999999998,-0.268141,-0.5646405,-0.17695,0.3897,0.0821917808219178,42.99,119.0,0.3321,-0.004952,0.46335000000000004,0.10273972602739725
h2,ST_21_3.0,short_flat,signal_close,146.0,0.08904109589041095,0.10273972602739725,0.04794520547945205,-0.0992865,0.1650505,-0.2696275,-0.558067,-0.17635,0.3905,0.0821917808219178,42.99,119.0,0.3362,-0.004843500000000001,0.46340000000000003,0.1095890410958904
h2,ST_21_4.0,long_flat,next_open,146.0,0.2465753424657534,0.2945205479452055,0.15753424657534246,0.0756865,0.16836299999999998,-0.060732499999999995,-0.349254,0.2051,0.3897,0.3767123287671233,29.185000000000002,81.0,0.4143,0.0053170000000000005,0.5406,0.821917808219178
h2,ST_21_4.0,long_flat,signal_close,146.0,0.23972602739726026,0.2945205479452055,0.17123287671232876,0.073599,0.1650505,-0.0609445,-0.3470605,0.21165,0.3905,0.3698630136986301,29.185000000000002,81.0,0.41875,0.005039,0.5406500000000001,0.821917808219178
h2,ST_21_4.0,long_short,next_open,146.0,0.10273972602739725,0.136986301369863,0.0410958904109589,-0.075753,0.16836299999999998,-0.21927850000000002,-0.6308655,-0.12205,0.3897,0.10273972602739725,29.270000000000003,163.0,0.3684,-0.001001,0.9999,0.3424657534246575
h2,ST_21_4.0,long_short,signal_close,146.0,0.1095890410958904,0.1506849315068493,0.04794520547945205,-0.0731595,0.1650505,-0.2241185,-0.6367974999999999,-0.12569999999999998,0.3905,0.0958904109589041,29.270000000000003,163.0,0.3678,-0.0010505,1.0,0.3424657534246575
h2,ST_21_4.0,short_flat,next_open,146.0,0.08904109589041095,0.08904109589041095,0.06164383561643835,-0.0989205,0.16836299999999998,-0.2645375,-0.5700864999999999,-0.17704999999999999,0.3897,0.08904109589041095,29.095,81.0,0.32865,-0.007306,0.45925,0.11643835616438356
h2,ST_21_4.0,short_flat,signal_close,146.0,0.08904109589041095,0.08904109589041095,0.0547945205479452,-0.0988555,0.1650505,-0.2660275,-0.5615935,-0.17695,0.3905,0.0958904109589041,29.17,81.0,0.32484999999999997,-0.0073565,0.45935000000000004,0.1095890410958904
h2,ST_21_5.0,long_flat,next_open,146.0,0.2191780821917808,0.2465753424657534,0.15753424657534246,0.077076,0.16836299999999998,-0.074307,-0.3584615,0.2207,0.3897,0.3424657534246575,21.13,59.0,0.4188,0.007483,0.53525,0.8493150684931506
h2,ST_21_5.0,long_flat,signal_close,146.0,0.2191780821917808,0.2465753424657534,0.14383561643835616,0.0752315,0.1650505,-0.07360249999999999,-0.354807,0.2185,0.3905,0.3219178082191781,21.13,59.0,0.42025,0.0069745,0.53535,0.8424657534246576
h2,ST_21_5.0,long_short,next_open,146.0,0.0958904109589041,0.1095890410958904,0.0684931506849315,-0.0899625,0.16836299999999998,-0.244893,-0.663187,-0.13269999999999998,0.3897,0.0958904109589041,21.13,117.0,0.3658,-0.0019795,0.9999,0.2328767123287671
h2,ST_21_5.0,long_short,signal_close,146.0,0.10273972602739725,0.11643835616438356,0.06164383561643835,-0.0875085,0.1650505,-0.2419485,-0.6617014999999999,-0.13815,0.3905,0.0958904109589041,21.13,117.0,0.36605,-0.00206,1.0,0.2328767123287671
h2,ST_21_5.0,short_flat,next_open,146.0,0.08904109589041095,0.08904109589041095,0.0684931506849315,-0.1091085,0.16836299999999998,-0.2742475,-0.5869635,-0.187,0.3897,0.08904109589041095,20.95,58.0,0.31594999999999995,-0.011184,0.46465,0.0958904109589041
h2,ST_21_5.0,short_flat,signal_close,146.0,0.08904109589041095,0.08904109589041095,0.07534246575342465,-0.10921800000000001,0.1650505,-0.27374899999999996,-0.582989,-0.1908,0.3905,0.08904109589041095,20.95,58.0,0.312,-0.011375,0.46465,0.0958904109589041
h2,ST_7_1.5,long_flat,next_open,146.0,0.1643835616438356,0.363013698630137,0.02054794520547945,0.0466955,0.16836299999999998,-0.0967655,-0.3840575,0.12135,0.3897,0.2808219178082192,101.61,282.0,0.36745,0.000957,0.5231,0.6643835616438356
h2,ST_7_1.5,long_flat,signal_close,146.0,0.14383561643835616,0.3424657534246575,0.0136986301369863,0.032157500000000006,0.1650505,-0.11278350000000001,-0.385168,0.08235,0.3905,0.2534246575342466,101.61,282.0,0.36319999999999997,0.000515,0.5232,0.6232876712328768
h2,ST_7_1.5,long_short,next_open,146.0,0.06164383561643835,0.1643835616438356,0.00684931506849315,-0.13415700000000003,0.16836299999999998,-0.297771,-0.6796089999999999,-0.18895,0.3897,0.0547945205479452,101.7,563.5,0.3503,-0.0008995,0.9999,0.22602739726027396
h2,ST_7_1.5,long_short,signal_close,146.0,0.0547945205479452,0.13013698630136986,0.00684931506849315,-0.134215,0.1650505,-0.307298,-0.7200855,-0.19055,0.3905,0.04794520547945205,101.7,563.5,0.3483,-0.000936,1.0,0.1917808219178082
h2,ST_7_1.5,short_flat,next_open,146.0,0.0547945205479452,0.1095890410958904,0.0136986301369863,-0.1363925,0.16836299999999998,-0.309759,-0.6597415,-0.2075,0.3897,0.04794520547945205,101.52,282.0,0.3304,-0.002711,0.4768,0.04794520547945205
h2,ST_7_1.5,short_flat,signal_close,146.0,0.04794520547945205,0.11643835616438356,0.0136986301369863,-0.1374735,0.1650505,-0.313465,-0.6729164999999999,-0.216,0.3905,0.04794520547945205,101.52,282.0,0.32735000000000003,-0.0030395,0.4768,0.04794520547945205
h2,ST_7_2.0,long_flat,next_open,146.0,0.19863013698630136,0.3561643835616438,0.0410958904109589,0.0777685,0.16836299999999998,-0.07173399999999999,-0.3568,0.2135,0.3897,0.3082191780821918,72.62,201.5,0.38095,0.0020955,0.5333,0.7534246575342466
h2,ST_7_2.0,long_flat,signal_close,146.0,0.1780821917808219,0.3424657534246575,0.0410958904109589,0.06360199999999999,0.1650505,-0.077122,-0.364001,0.1805,0.3905,0.2876712328767123,72.62,201.5,0.37929999999999997,0.001802,0.5333,0.7397260273972602
h2,ST_7_2.0,long_short,next_open,146.0,0.0547945205479452,0.136986301369863,0.0136986301369863,-0.093474,0.16836299999999998,-0.25183,-0.6571105,-0.16065000000000002,0.3897,0.06164383561643835,72.62,403.0,0.35795,-0.000736,0.9999,0.2328767123287671
h2,ST_7_2.0,long_short,signal_close,146.0,0.04794520547945205,0.1232876712328767,0.00684931506849315,-0.10242000000000001,0.1650505,-0.256088,-0.6488594999999999,-0.17504999999999998,0.3905,0.0547945205479452,72.62,403.5,0.35575,-0.0009445,1.0,0.2191780821917808
h2,ST_7_2.0,short_flat,next_open,146.0,0.0821917808219178,0.10273972602739725,0.02054794520547945,-0.1146585,0.16836299999999998,-0.2820785,-0.605428,-0.18835000000000002,0.3897,0.07534246575342465,72.53,201.5,0.33665,-0.003253,0.46655,0.06164383561643835
h2,ST_7_2.0,short_flat,signal_close,146.0,0.07534246575342465,0.10273972602739725,0.0136986301369863,-0.1214635,0.1650505,-0.28831850000000003,-0.6276919999999999,-0.19090000000000001,0.3905,0.0684931506849315,72.53,202.0,0.3333,-0.0034425000000000002,0.4667,0.06164383561643835
h2,ST_7_2.5,long_flat,next_open,146.0,0.2534246575342466,0.363013698630137,0.10273972602739725,0.092797,0.16836299999999998,-0.07393449999999999,-0.34006000000000003,0.25715,0.3897,0.363013698630137,55.445,154.0,0.3879,0.003308,0.5378499999999999,0.815068493150685
h2,ST_7_2.5,long_flat,signal_close,146.0,0.2328767123287671,0.3356164383561644,0.10273972602739725,0.083984,0.1650505,-0.07623900000000002,-0.341453,0.242,0.3905,0.3287671232876712,55.445,154.0,0.38754999999999995,0.002961,0.538,0.815068493150685
h2,ST_7_2.5,long_short,next_open,146.0,0.08904109589041095,0.1643835616438356,0.03424657534246575,-0.0701335,0.16836299999999998,-0.24512850000000003,-0.6470775,-0.11585,0.3897,0.0821917808219178,55.445,308.0,0.362,-0.0002325,0.9999,0.273972602739726
h2,ST_7_2.5,long_short,signal_close,146.0,0.0958904109589041,0.15753424657534246,0.0273972602739726,-0.073656,0.1650505,-0.2356705,-0.659068,-0.11415,0.3905,0.08904109589041095,55.445,308.0,0.3618,-0.000383,1.0,0.2602739726027397
h2,ST_7_2.5,short_flat,next_open,146.0,0.0958904109589041,0.10273972602739725,0.02054794520547945,-0.10270599999999999,0.16836299999999998,-0.2609865,-0.593523,-0.187,0.3897,0.0958904109589041,55.254999999999995,154.0,0.3356,-0.0040820000000000006,0.46199999999999997,0.11643835616438356
h2,ST_7_2.5,short_flat,signal_close,146.0,0.0958904109589041,0.0958904109589041,0.02054794520547945,-0.10521900000000001,0.1650505,-0.259602,-0.5880685,-0.18785,0.3905,0.0958904109589041,55.254999999999995,154.0,0.3367,-0.0042214999999999996,0.46199999999999997,0.11643835616438356
h2,ST_7_3.0,long_flat,next_open,146.0,0.19863013698630136,0.3013698630136986,0.0958904109589041,0.0886575,0.16836299999999998,-0.06952650000000002,-0.348688,0.2947,0.3897,0.3356164383561644,43.53,121.0,0.39535,0.0038905,0.53935,0.7945205479452054
h2,ST_7_3.0,long_flat,signal_close,146.0,0.18493150684931506,0.3013698630136986,0.07534246575342465,0.083178,0.1650505,-0.07428950000000001,-0.3429085,0.26549999999999996,0.3905,0.3356164383561644,43.53,121.0,0.3903,0.0037335,0.53945,0.7945205479452054
h2,ST_7_3.0,long_short,next_open,146.0,0.07534246575342465,0.1232876712328767,0.04794520547945205,-0.06928100000000001,0.16836299999999998,-0.23107,-0.6312905,-0.13145,0.3897,0.07534246575342465,43.53,241.5,0.3624,-0.0007355,0.9999,0.273972602739726
h2,ST_7_3.0,long_short,signal_close,146.0,0.07534246575342465,0.11643835616438356,0.0410958904109589,-0.073013,0.1650505,-0.23488900000000001,-0.631102,-0.1306,0.3905,0.0684931506849315,43.53,241.5,0.3611,-0.0007214999999999999,1.0,0.2602739726027397
h2,ST_7_3.0,short_flat,next_open,146.0,0.07534246575342465,0.08904109589041095,0.0410958904109589,-0.1036295,0.16836299999999998,-0.2701555,-0.577434,-0.1807,0.3897,0.0821917808219178,43.44,121.0,0.32694999999999996,-0.005116000000000001,0.46055,0.0821917808219178
h2,ST_7_3.0,short_flat,signal_close,146.0,0.07534246575342465,0.08904109589041095,0.0410958904109589,-0.1048685,0.1650505,-0.268523,-0.5767355000000001,-0.18175000000000002,0.3905,0.0821917808219178,43.44,121.0,0.3248,-0.0053005,0.46055,0.07534246575342465
h2,ST_7_4.0,long_flat,next_open,146.0,0.21232876712328766,0.2534246575342466,0.136986301369863,0.08441950000000001,0.16836299999999998,-0.07225249999999998,-0.351719,0.26244999999999996,0.3897,0.273972602739726,29.81,83.0,0.40745,0.005434,0.5407500000000001,0.8082191780821918
h2,ST_7_4.0,long_flat,signal_close,146.0,0.2054794520547945,0.2534246575342466,0.14383561643835616,0.0817345,0.1650505,-0.0699505,-0.345409,0.2512,0.3905,0.2671232876712329,29.81,83.0,0.4086,0.0051365000000000004,0.5408999999999999,0.8082191780821918
h2,ST_7_4.0,long_short,next_open,146.0,0.08904109589041095,0.13013698630136986,0.04794520547945205,-0.0864815,0.16836299999999998,-0.23246250000000002,-0.66264,-0.1346,0.3897,0.08904109589041095,29.99,166.0,0.36245,-0.0013614999999999999,0.9999,0.273972602739726
h2,ST_7_4.0,long_short,signal_close,146.0,0.0958904109589041,0.1232876712328767,0.0410958904109589,-0.082837,0.1650505,-0.227031,-0.6655715,-0.13325,0.3905,0.10273972602739725,29.99,166.0,0.3615,-0.0012515,1.0,0.2945205479452055
h2,ST_7_4.0,short_flat,next_open,146.0,0.0958904109589041,0.0958904109589041,0.0547945205479452,-0.10167200000000001,0.16836299999999998,-0.2674225,-0.574458,-0.17875000000000002,0.3897,0.0958904109589041,29.81,83.0,0.322,-0.0076385,0.4591,0.0821917808219178
h2,ST_7_4.0,short_flat,signal_close,146.0,0.0958904109589041,0.10273972602739725,0.0547945205479452,-0.10055249999999999,0.1650505,-0.267762,-0.5677125000000001,-0.175,0.3905,0.0958904109589041,29.81,83.0,0.32389999999999997,-0.00744,0.4591,0.10273972602739725
h2,ST_7_5.0,long_flat,next_open,146.0,0.22602739726027396,0.2534246575342466,0.14383561643835616,0.0706415,0.16836299999999998,-0.08871,-0.372221,0.22205,0.3897,0.273972602739726,22.04,62.0,0.41585,0.007235,0.54165,0.821917808219178
h2,ST_7_5.0,long_flat,signal_close,146.0,0.22602739726027396,0.2465753424657534,0.14383561643835616,0.0714475,0.1650505,-0.08665550000000001,-0.36293949999999997,0.2104,0.3905,0.2945205479452055,22.04,62.0,0.4138,0.007019,0.54175,0.8082191780821918
h2,ST_7_5.0,long_short,next_open,146.0,0.0684931506849315,0.1095890410958904,0.0410958904109589,-0.083959,0.16836299999999998,-0.26189450000000003,-0.6577580000000001,-0.1444,0.3897,0.0684931506849315,22.155,123.0,0.3651,-0.0021964999999999997,0.9999,0.2328767123287671
h2,ST_7_5.0,long_short,signal_close,146.0,0.0684931506849315,0.1095890410958904,0.0410958904109589,-0.0821635,0.1650505,-0.262228,-0.659886,-0.14429999999999998,0.3905,0.0684931506849315,22.155,123.0,0.36515,-0.0022395,1.0,0.2328767123287671
h2,ST_7_5.0,short_flat,next_open,146.0,0.0958904109589041,0.0958904109589041,0.07534246575342465,-0.119122,0.16836299999999998,-0.285212,-0.6007755,-0.19725,0.3897,0.0958904109589041,21.98,61.0,0.31625000000000003,-0.011446999999999999,0.4582,0.07534246575342465
h2,ST_7_5.0,short_flat,signal_close,146.0,0.0958904109589041,0.0958904109589041,0.07534246575342465,-0.112267,0.1650505,-0.2844395,-0.598789,-0.19595,0.3905,0.0958904109589041,21.98,61.0,0.3167,-0.011467,0.45825,0.08904109589041095
