symbol,first_row,junk_rows,list_date,last_row,n_rows,bulk_n,vol_ratio,day1_range_pct,accepted
20MICRONS,2008-10-06,0,2008-10-06,2026-09-04,4424,1,83.64885017992077,143.87633769322235,True
21STCENMGM,2018-01-11,60,2018-04-19,2026-09-04,2117,0,6.383638053920049,0.0,True
360ONE,2025-05-26,0,2025-05-26,2026-09-04,320,15,0.5034327299567376,2.7784607819031226,False
3BBLACKBIO,2026-04-20,56,2026-07-10,2026-09-04,97,1,1.3560710924090582,6.433919554239953,False
3IINFOLTD-BE,2021-10-22,10,2021-11-08,2026-09-04,1209,1,0.033952086677460996,0.0,False
3MINDIA,2005-01-03,60,2005-03-31,2026-09-04,5358,0,0.5656970912738215,2.3121387283236996,False
3PLAND,2005-01-03,60,2005-03-31,2026-09-04,5115,0,1.5690737833594977,3.4562211981566904,False
5PAISA,2017-11-16,28,2017-12-27,2026-09-04,2181,0,5.517889823091001,10.346339324857517,True
63MOONS,2007-01-02,54,2007-03-22,2026-09-04,4862,0,0.9942427446833509,1.8815105919086994,False
A2ZINFRA,2010-12-23,0,2010-12-23,2026-09-04,3881,1,45.55600977435359,55.21229645411656,True
AAATECH,2020-10-13,60,2021-01-18,2026-09-04,1321,0,1.5,0.0,True
AADHARHFC,2024-05-15,0,2024-05-15,2026-09-04,575,2,36.16724124830943,15.692821368948245,True
AAKASH,2018-05-15,60,2018-08-07,2026-09-04,2052,0,0.0,0.0,False
AAREYDRUGS,2021-08-06,0,2021-08-06,2026-09-04,1256,1,4.233019326876299,4.267589388696658,True
AARNAV-BE,2026-02-25,52,2026-05-18,2026-09-04,130,0,0.2128618319475737,5.5456171735241595,False
AARON,2018-09-18,59,2018-12-17,2026-09-04,1965,1,1.0,5.631067961165049,False
AARTECH,2023-07-10,0,2023-07-10,2026-05-15,702,3,18.524073306452625,19.149484536082475,True
AARTECH-BE,2023-07-10,0,2023-07-10,2026-09-04,785,3,18.524150867555438,19.161982626469086,True
AARTIDRUGS,2005-01-03,0,2005-01-03,2026-09-04,5358,451,1.0139817424781588,2.5882352941176503,False
AARTIIND,2005-01-03,0,2005-01-03,2026-09-04,5358,451,3.2317041471095003,3.278688524590164,False
AARTIPHARM,2023-01-30,0,2023-01-30,2026-09-04,888,1,1.3416120449749742,9.974325607568675,True
AARTISURF,2020-07-14,29,2020-08-24,2026-05-15,1445,0,0.22714864753081312,0.0,False
AARTISURF-BE,2020-07-14,29,2020-08-24,2026-09-04,1528,0,0.22714238447115914,0.0,False
AARVI,2017-10-06,59,2018-01-01,2026-09-04,2201,0,3.6666666666666665,6.920718353044233,True
AASTHA,2026-07-06,0,2026-07-06,2026-09-04,45,1,7.490400116123799,4.762253644955674,True
AAVAS,2018-10-08,0,2018-10-08,2026-09-04,1961,2,53.64446063476162,9.937366823787698,True
ABAN-BE,2005-01-03,0,2005-01-03,2026-09-04,5308,451,0.1812544223478856,2.1004647836968258,False
ABANSENT,2026-04-20,60,2026-07-16,2026-09-04,97,2,0.12472610820832632,5.377906976744188,False
ABB,2025-05-26,0,2025-05-26,2026-09-04,320,15,1.19425089236031,1.3841407487701158,False
ABBOTINDIA,2005-01-03,60,2005-03-31,2026-09-04,5358,0,0.0,2.911181160763962,False
ABCAPITAL,2017-09-01,0,2017-09-01,2026-09-04,2232,1,0.9713758758989898,7.368421052631579,False
ABCOTS,2022-01-25,59,2022-04-25,2026-09-04,1138,0,1.25,3.044496487119431,False
ABDL,2024-07-02,0,2024-07-02,2026-09-04,541,1,28.118755650141527,5.693532527674688,True
ABFRL,2013-07-17,51,2013-10-01,2026-09-04,3245,0,2.4221662789586054,10.18633540372671,True
ABGSEC,2024-07-10,60,2024-10-09,2026-09-04,501,2,8.629032258064516,0.601066408143471,True
ABINFRA,2019-07-30,55,2019-10-24,2026-05-15,1677,0,2.0,7.189542483660137,True
ABINFRA-BE,2019-07-12,165,2021-05-28,2026-09-04,1054,0,0.4000305308552456,0.0,False
ABLBL,2025-06-23,0,2025-06-23,2026-09-04,298,1,2.3381436549720287,10.305704380712257,True
ABMINTLLTD,2016-06-29,60,2016-09-27,2026-02-17,2380,0,0.0,0.0,False
ABMINTLLTD-BE,2021-09-13,59,2021-12-08,2026-09-04,1195,0,2.650040883074407,10.308788598574818,True
ABMKNO,2026-04-20,59,2026-07-15,2026-09-04,97,1,4.280197206244864,2.857142857142857,True
ABREL,2005-01-03,0,2005-01-03,2026-09-04,5358,451,1.6230499920716315,5.786230913474408,False
ABSL10BANK,2026-03-04,60,2026-06-04,2026-09-04,126,0,0.5228519195612431,1.2126515814476797,False
ABSLAMC,2021-10-11,0,2021-10-11,2026-09-04,1217,1,20.63317101537349,3.9388090642647726,True
ABSLBANETF,2019-10-30,60,2020-02-01,2026-09-04,1688,0,7.555555555555555,3.672787979966616,True
ABSLLIQUID,2017-02-16,67,2023-03-16,2026-09-04,908,0,0.025296442687747035,0.001999980000198179,False
ABSLMSCIN,2026-02-20,60,2026-05-25,2026-09-04,132,1,1.0224719101123596,0.5136986301369815,False
ABSLNN50ET,2018-12-27,60,2019-05-07,2026-09-04,1847,0,1.6962962962962962,8.306709265175712,True
ABSLPSE,2024-05-23,0,2024-05-23,2026-09-04,565,2,0.71164315513357,7.875457875457871,False
ACC,2005-01-03,0,2005-01-03,2026-09-04,5358,451,0.4081667310927314,1.2152269399707107,False
ACCELYA,2005-01-03,0,2005-01-03,2026-09-04,5358,451,0.9907285652304509,6.128550074738428,False
ACCURACY,2018-07-06,57,2018-10-01,2026-02-17,1878,0,2.0,0.0,True
ACCURACY-BE,2020-12-11,5,2020-12-18,2026-09-04,1422,2,3.6636636636636637,6.666666666666667,True
ACE,2006-09-26,0,2006-09-26,2026-09-04,4927,1,4.786182966163869,15.956622773044153,True
ACEINTEG,2017-07-13,59,2017-10-09,2026-09-04,2258,1,9000.0,3.0454545454545534,True
ACI,2022-11-21,0,2022-11-21,2026-09-04,937,2,46.21955556018477,7.814437555358728,True
ACL,2023-05-10,16,2023-06-01,2026-09-04,827,0,1.8835047872744373,4.760250173731754,True
ACMESOLAR,2024-11-13,0,2024-11-13,2026-09-04,448,3,8.575418189321965,10.90268708694447,True
ACSTECH-BE,2026-04-20,5,2026-04-27,2026-09-04,97,0,0.6077399724251596,1.6169154228855684,False
ACUTAAS,2025-05-26,0,2025-05-26,2026-09-04,320,15,1.3372739846682988,3.2824042981867136,False
ADANIENSOL,2015-07-31,0,2015-07-31,2026-09-04,2746,1,1.2676417373123803,5.797101449275367,False
ADANIENT,2005-01-03,0,2005-01-03,2026-09-04,5373,451,1.1766511216809987,1.8018018018018114,False
ADANIGREEN,2018-06-18,0,2018-06-18,2026-09-04,2036,2,9.547820671459954,9.523809523809524,True
ADANIPORTS,2007-11-27,0,2007-11-27,2026-09-04,4636,1,16.971223609818058,29.078824384671304,True
ADANIPOWER,2009-08-20,0,2009-08-20,2026-09-04,4213,1,36.889602209673136,11.750000000000007,True
ADFFOODS,2010-09-15,0,2010-09-15,2026-09-04,3941,1,9.480488610102345,19.953952417498076,True
ADL,2020-10-01,59,2020-12-28,2026-09-04,1465,0,0.9962462462462462,6.873977086743048,False
ADOR,2005-01-03,0,2005-01-03,2026-09-04,5358,451,1.958394749283867,7.9447322970639105,False
ADROITINFO,2015-10-13,47,2015-12-23,2026-09-04,2690,2,0.8067416247039617,8.079498811838414,True
ADSL,2015-01-01,0,2015-01-01,2026-09-04,2890,99,0.19350216713830282,3.5320088300220784,False
ADVAIT,2026-01-20,0,2026-01-20,2026-09-04,156,1,1.5018234639634072,12.365282368156356,True
ADVANCE,2025-10-08,0,2025-10-08,2026-09-04,225,2,18.638072481412504,5.724838411819023,True
ADVANIHOTR,2007-06-25,56,2007-09-12,2026-09-04,4730,0,25.790094590285896,11.016949152542374,True
ADVENTHTL,2025-11-13,0,2025-11-13,2026-09-04,201,3,1.6111831633555385,8.717480602464622,True
ADVENZYMES,2016-08-01,0,2016-08-01,2026-09-04,2500,1,21.146223169696444,6.377986348122862,True
AEGISLOG,2005-01-03,0,2005-01-03,2026-09-04,5358,451,0.969684086211987,4.093567251461992,False
AEGISVOPAK,2025-06-02,0,2025-06-02,2026-09-04,315,2,18.027216613431655,9.090909090909092,True
AEPL,2026-03-12,44,2026-05-20,2026-09-04,120,0,3.2619737809890537,5.811863391252239,True
AEQUS,2025-12-10,0,2025-12-10,2026-09-04,182,3,30.82956298478124,14.277215942891134,True
AEROENTER,2025-06-16,0,2025-06-16,2026-09-04,304,1,0.9619092806984247,3.738214087631714,False
AEROFLEX,2023-08-31,0,2023-08-31,2026-09-04,743,3,34.120772362372854,20.85407066052227,True
AERONEU,2023-01-12,0,2023-01-12,2026-09-04,899,1,14.11425736927975,4.764050005631269,True
AEROPLANE,2026-04-02,0,2026-04-02,2026-09-04,107,3,9.859456205073124,11.11111111111111,True
AETHER,2022-06-03,0,2022-06-03,2026-09-04,1057,1,21.778022069309262,9.478305785123965,True
AFCONS,2024-11-04,0,2024-11-04,2026-09-04,455,1,14.937951356037633,12.483292669990446,True
AFFLE,2019-08-08,0,2019-08-08,2026-09-04,1755,1,146.61129131235205,23.891273247496425,True
AFFORDABLE,2024-10-23,46,2025-01-02,2026-09-04,461,0,3.3662222650045726,2.8232250209268632,True
AFIL,2024-06-26,0,2024-06-26,2026-09-04,544,3,8.22726390455201,4.7976011994003045,True
AFSL,2022-12-23,0,2022-12-23,2026-09-04,913,2,6.868173314645605,24.999999999999996,True
AGARIND,2014-05-26,60,2014-08-20,2026-09-04,3030,0,0.27251732101616627,1.9377080361388606,False
AGARWALEYE,2025-02-04,29,2025-03-19,2026-09-04,391,3,1.107960635685943,9.914980241887195,True
AGI,2005-01-03,0,2005-01-03,2026-09-04,5358,451,2.1862301642205644,4.240766073871421,False
AGIIL,2024-07-15,45,2024-09-18,2026-09-04,532,1,0.8657513348588863,13.324591486786371,True
AGL,2026-07-03,0,2026-07-03,2026-09-04,46,1,0.1477987775240292,5.26315789473685,False
AGRITECH,2014-01-28,60,2014-04-30,2026-09-04,2958,0,0.6988171064604186,8.27067669172932,True
AGROPHOS,2017-03-15,58,2017-06-08,2026-09-04,2342,0,6.0,10.019267822736023,True
AHCL,2025-09-03,0,2025-09-03,2026-09-04,250,2,9.379294399101406,1.8538713195201737,True
AHLADA,2018-10-12,60,2019-01-10,2026-09-04,1949,0,4000.0,0.0,True
AHLEAST,2010-08-11,59,2010-11-03,2026-09-04,3965,0,6.268981954375213,4.267757965507168,True
AHLUCONT,2009-12-14,0,2009-12-14,2026-09-04,4137,2,1.0718295065137524,6.174571989896155,False
AHLWEST-BE,2010-08-05,60,2010-10-29,2026-09-04,2921,2,1.1217168481742472,5.921619293712317,False
AIAENG,2005-12-14,0,2005-12-14,2026-09-04,5122,1,14.199568455553914,23.34122003909063,False
AIIL,2024-04-23,0,2024-04-23,2026-09-04,590,1,15.522099346691485,19.222462203023756,True
AIRAN,2017-07-25,28,2017-09-05,2026-09-04,2252,1,0.3333333333333333,0.0,False
AIROLAM,2017-10-06,43,2017-12-07,2026-09-04,2201,0,0.6875,4.099244875943902,False
AJANTPHARM,2005-01-03,0,2005-01-03,2026-09-04,5358,451,2.4955110572565786,2.3622047244094544,False
AJAXENGG,2025-02-17,20,2025-03-19,2026-09-04,382,3,6.575197694012894,6.476323119777161,True
AJMERA,2005-01-03,60,2005-03-31,2026-09-04,5357,0,0.0,0.0,False
AJOONI,2018-01-02,54,2018-03-22,2026-09-04,2138,1,1.3333333333333333,10.084033613445387,True
AKASH,2017-03-15,60,2017-06-12,2026-09-04,2341,0,69.33333333333333,8.731130150958794,True
AKCAPIT,2026-04-20,57,2026-07-13,2026-09-04,97,0,1.4897286330205428,3.226904100266538,False
AKG,2018-10-10,56,2019-01-02,2026-09-04,1951,0,0.7692283125924821,0.0,False
AKI,2023-04-06,0,2023-04-06,2026-09-04,843,2,0.12611311240809112,33.99258343634115,True
AKSHAR,2022-05-23,0,2022-05-23,2026-09-04,1061,2,9.816784836586537,0.0,True
AKSHARCHEM,2017-03-29,59,2017-06-23,2026-05-15,2254,0,0.577591263932133,3.436714165968142,False
AKSHARCHEM-BE,2017-03-28,60,2017-06-23,2026-09-04,2339,0,0.577591263932133,3.436207445116131,False
AKSHOPTFBR-BE,2005-01-03,60,2005-03-31,2026-09-04,5358,0,0.32574743418116914,3.90625,False
AKUMS,2024-08-06,0,2024-08-06,2026-09-04,513,1,36.56989272442564,9.105180533751962,True
AKZOINDIA,2005-01-03,36,2005-02-24,2026-09-04,5358,1,0.8628083028083028,2.6953320303622594,False
ALANKIT,2015-06-30,0,2015-06-30,2026-09-04,2762,1,1.4468428752560227,2.578796561604597,False
ALBERTDAVD,2016-06-14,60,2016-09-09,2026-09-04,2527,0,0.6283137962128044,1.612608329981339,False
ALEMBICLTD,2005-01-03,0,2005-01-03,2026-09-04,5358,451,2.5131042195527646,6.941266209000764,False
ALGOQUANT,2026-01-06,0,2026-01-06,2026-09-04,165,1,2.7893682377570386,7.24511930585684,True
ALICON,2006-10-03,60,2006-12-29,2026-09-04,4923,0,0.05722460658082976,0.37150552614470667,False
ALIVUS,2025-01-13,0,2025-01-13,2026-09-04,408,2,1.3086689896751773,4.0495338410077615,False
ALKALI,2008-11-06,0,2008-11-06,2026-09-04,4403,2,7.9091196138628685,46.1361014994233,True
ALKALI-BE,2008-11-06,0,2008-11-06,2026-08-28,4398,2,7.9091196138628685,46.1361014994233,True
ALKEM,2015-12-23,0,2015-12-23,2026-09-04,2649,2,22.508019154991917,4.161540131721792,True
ALKYLAMINE,2007-11-28,59,2008-02-21,2026-09-04,4633,0,9.133567662565905,10.714285714285701,True
ALLCARGO,2006-06-23,0,2006-06-23,2026-09-04,4993,1,64.64309735273554,16.700610997963334,True
ALLDIGI,2024-09-18,0,2024-09-18,2026-09-04,485,1,0.6396969856383818,3.040433136482302,False
ALLTIME,2025-08-14,0,2025-08-14,2026-09-04,261,3,17.862775053105672,15.65478291563714,True
ALMONDZ,2008-06-16,58,2008-09-08,2026-09-04,4478,0,3.5684394071490844,14.60176991150443,True
ALOKINDS,2020-02-19,0,2020-02-19,2026-09-04,1624,1,7.356673697155769,5.044510385756664,True
ALPA,2015-01-01,60,2015-04-13,2026-09-04,2882,0,5.370571337376316,0.0,True
ALPHA,2024-03-12,0,2024-03-12,2026-09-04,611,4,1.2934407194418065,3.3333333333333424,False
ALPHAETF,2023-10-27,0,2023-10-27,2026-09-04,710,2,1.8507787767506647,17.115499700777974,True
ALPHAGEO-BE,2007-05-11,60,2007-08-03,2026-09-04,4776,0,0.6946835443037974,5.179701018353046,False
ALPINETEX,2026-07-21,0,2026-07-21,2026-09-04,34,3,2.3968308909794436,5.2631578947368425,True
ALPL30IETF,2020-08-18,51,2020-10-29,2026-09-04,1503,0,9.89837236998809,3.2467532467532494,True
AMAGI,2026-01-21,0,2026-01-21,2026-09-04,155,1,41.962931133578195,11.184493898061735,True
AMANTA,2025-09-11,0,2025-09-11,2026-05-08,160,2,5.104549050102565,5.410709279506587,True
AMANTA-BE,2025-09-09,0,2025-09-09,2026-09-04,246,2,17.359495126147372,6.878306878306878,True
AMBALALSA-BE,2026-04-20,0,2026-04-20,2026-09-04,97,79,1.015332940388047,17.103235747303557,False
AMBER,2018-01-30,0,2018-01-30,2026-09-04,2130,1,112.18471474483634,12.366994579401727,True
AMBICAAGAR,2021-04-22,21,2021-05-24,2026-09-04,1330,0,3.8921464604158524,8.646616541353373,True
AMBIKCO,2008-01-29,59,2008-04-28,2026-09-04,4593,0,16.61166429587482,11.531986531986535,True
AMBUJACEM,2005-01-03,0,2005-01-03,2026-09-04,5358,451,0.30557820613306336,1.5625000000000027,False
AMDIND,2007-03-19,0,2007-03-19,2026-09-04,4811,1,46.71452517161632,16.238767650834408,True
AMJLAND,2005-01-03,60,2005-03-31,2026-09-04,5354,0,1.110720046927702,9.704641350210975,False
AMNPLST,2023-11-10,54,2024-02-01,2026-09-04,695,0,2.310016473140745,7.3390557939914105,True
AMRUTANJAN,2009-11-05,40,2010-01-05,2026-09-04,4164,1,0.2337551375160202,3.0075187969924784,False
ANANDRATHI,2021-12-14,0,2021-12-14,2026-09-04,1174,1,29.154097043247877,8.498971898560661,True
ANANTRAJ,2006-09-27,53,2006-12-14,2026-09-04,4926,0,0.9143076796353752,3.9184952978056424,False
ANDHRAPAP,2005-01-03,0,2005-01-03,2026-09-04,5357,451,6.693315266485998,4.488778054862854,False
ANDHRSUGAR,2005-01-03,0,2005-01-03,2026-09-04,5358,451,3.4789505561926504,7.730263157894742,False
ANDREWYU,2021-08-05,0,2021-08-05,2026-09-04,566,2,1.0853296684978497,5.9440559440559415,False
ANGELONE,2020-10-05,0,2020-10-05,2026-09-04,1470,4,17.13036837484516,14.492753623188404,True
ANIKINDS,2015-01-01,60,2015-04-08,2026-09-04,2851,0,0.5347593582887701,0.0,False
ANMOL,2021-06-04,0,2021-06-04,2026-09-04,1300,1,1.7375104272870516,5.460841768779961,True
ANNAPURNA,2022-09-27,0,2022-09-27,2026-09-04,978,1,11.186602870813397,9.523809523809524,True
ANTELOPUS,2025-09-11,0,2025-09-11,2026-09-04,242,2,0.7464698755369534,2.1713877222768256,False
ANTGRAPHIC,2015-01-01,60,2015-03-31,2026-09-04,2473,0,0.8854945749499631,0.0,False
ANTHEM,2025-07-21,0,2025-07-21,2026-09-04,279,1,32.90734749173688,3.279249674813452,True
ANUHPHR,2024-12-20,0,2024-12-20,2026-09-04,423,2,2.6261951415283646,11.494567698347488,True
ANUP,2019-03-01,0,2019-03-01,2026-09-04,1855,1,4.1605179126022485,4.761688812298762,True
ANURAS,2021-03-24,0,2021-03-24,2026-09-04,1348,2,23.61476583634997,8.864875203213161,True
AONEGOLD,2025-09-10,0,2025-09-10,2026-09-04,245,3,31.372938946656102,3.3980582524271807,True
AONELIQUID,2025-03-28,42,2025-06-03,2026-09-04,356,1,20.863642440176463,0.0019784742006946237,True
AONENIFTY,2025-05-28,0,2025-05-28,2026-09-04,318,3,1.2258640176075188,19.841269841269842,True
AONESILVER,2026-03-02,0,2026-03-02,2026-09-04,127,3,11.779369555401189,10.879419764279232,True
AONETMMQ50,2025-11-27,0,2025-11-27,2026-09-04,192,5,2.4764281181938226,1.4985014985015022,True
AONETOTAL,2025-03-05,0,2025-03-05,2026-09-04,371,1,11.408822520006863,10.284035259549468,True
APARINDS,2005-01-03,60,2005-03-31,2026-09-04,5357,0,3.429815367249859,7.614495331258332,False
APCL,2017-04-10,60,2017-07-06,2026-09-04,2325,0,0.8420439090732466,4.3705770955845615,False
APCOTEXIND,2005-01-03,0,2005-01-03,2026-09-04,5358,451,1.4233162023262105,4.201680672268908,False
APEX,2017-09-05,0,2017-09-05,2026-09-04,2224,1,0.27754977315072216,0.0,False
APLAPOLLO,2011-12-14,43,2012-02-14,2026-09-04,3641,0,0.2751005539955984,0.34129692832763775,False
APLLTD,2011-09-20,46,2011-11-30,2026-09-04,3696,1,0.40518266779949025,4.721549636803881,False
APOLLO,2018-01-22,0,2018-01-22,2026-09-04,2129,1,9.959985609785345,8.659603869184702,True
APOLLOHOSP,2003-01-27,0,2003-01-27,2026-09-04,5821,16,1.6308179781054195,3.5271687321258365,False
APOLLOPIPE,2019-11-11,18,2019-12-06,2026-09-04,1689,0,1.0642836552320554,6.405379102893034,False
APOLLOTYRE,2005-01-03,0,2005-01-03,2026-09-04,5358,451,0.8903429966925057,2.2603599832565893,False
APOLSINHOT,2015-02-16,60,2015-05-19,2026-09-04,2852,0,1.65,0.5399325084364499,True
APTECHT-BE,2005-01-03,0,2005-01-03,2026-09-04,5358,451,1.380792386072217,2.36686390532544,False
APTUS,2021-08-24,0,2021-08-24,2026-09-04,1246,2,31.686538409171366,6.284037274597615,True
AQYLON,2024-04-02,60,2024-07-02,2026-09-04,602,1,0.023809523809523808,0.0,False
ARCHIDPLY,2008-07-04,0,2008-07-04,2026-09-04,4487,1,66.55058865879943,47.44186046511628,True
ARCHIES,2005-01-03,0,2005-01-03,2026-09-04,5358,451,2.4669742872354865,4.547803617571054,False
ARE&M,2023-10-18,0,2023-10-18,2026-09-04,708,1,0.9573045499070894,1.372209946520629,False
ARENTERP,2017-11-07,60,2018-02-01,2026-09-04,2179,0,0.0,0.0,False
ARFIN,2025-07-22,0,2025-07-22,2026-09-04,278,2,14.17734235015317,12.731541873206373,True
ARIES,2008-01-11,60,2008-04-09,2026-09-04,4605,1,0.41090652983197506,2.320762536261912,False
ARIHANT,2015-01-02,60,2015-04-07,2026-09-04,1733,0,0.6799531066822978,4.851157662624042,False
ARIHANTCAP,2021-06-15,0,2021-06-15,2026-09-04,1293,2,3.996867185928204,11.672831894780108,True
ARIHANTSUP,2017-03-29,0,2017-03-29,2026-09-04,2332,3,0.3501071097730431,7.677772252610641,False
ARIS,2025-06-25,0,2025-06-25,2026-09-04,298,2,20.95121856378424,21.22376419314141,True
ARISINFRA,2025-06-25,0,2025-06-25,2026-09-04,297,2,20.95121856378424,21.22376419314141,True
ARKADE,2024-09-24,0,2024-09-24,2026-09-04,483,3,26.287433265717347,15.1948602945633,True
ARMANFIN,2016-06-14,59,2016-09-08,2026-09-04,2527,0,3.270797962648557,5.447594775406171,True
AROGRANITE,2007-04-24,60,2007-07-19,2026-09-04,4787,0,1.5274841437632136,6.170118995152059,True
ARROWGREEN,2015-05-21,60,2015-08-13,2026-05-15,2712,0,0.8602581654605906,6.808930553842364,False
ARROWGREEN-BE,2015-05-21,60,2015-08-13,2026-09-04,2765,0,0.8603006652349274,6.8075880758807665,False
ARSSBL,2025-09-30,0,2025-09-30,2026-09-04,231,4,23.48691988893902,6.217035125126246,True
ARTEMISMED,2020-01-24,47,2020-04-03,2026-09-04,1616,0,0.4041117892707999,6.666666666666666,False
ARTNIRMAN,2017-03-15,60,2017-06-12,2026-09-04,2334,0,0.0,0.0,False
ARVEE,2018-02-22,72,2021-03-22,2026-09-04,1418,0,0.01565217391304348,0.0,False
ARVIND,2005-01-03,0,2005-01-03,2026-09-04,5358,451,1.0178896814132408,2.2284122562674016,False
ARVINDFASN,2019-03-08,0,2019-03-08,2026-09-04,1851,1,0.33438994466561506,4.755443702812116,False
ARVSMART,2015-08-26,10,2015-09-09,2026-09-04,2721,1,0.03251134928518359,0.0,False
ASAHIINDIA,2005-01-03,0,2005-01-03,2026-09-04,5358,451,3.708069333533286,7.457162440027413,False
ASAHISONG,2011-08-29,60,2011-11-30,2026-05-15,3624,1,0.17425126409957215,6.431254695717497,False
ASAHISONG-BE,2011-08-29,60,2011-11-30,2026-09-04,3710,1,0.17425126409957215,6.433798149937886,False
ASAL,2005-01-03,57,2005-03-28,2026-09-04,5336,0,1.9068317449006857,6.613957731488523,False
ASALCBR,2020-02-12,0,2020-02-12,2026-09-04,1624,1,9.354549130610595,18.352683129750794,True
ASHAPURMIN,2005-01-03,0,2005-01-03,2026-09-04,5358,451,1.7377020624303232,3.8716814159292,False
ASHIANA,2011-06-29,56,2011-09-20,2026-09-04,3744,1,1.3626373626373627,5.099150141643064,False
ASHIKAG-BE,2026-04-20,0,2026-04-20,2026-09-04,97,79,1.3483373813975432,6.671026814911707,False
ASHIMASYN,2005-01-03,0,2005-01-03,2026-09-04,5325,451,2.243304016243786,11.83879093198993,False
ASHOKA,2010-10-14,59,2011-01-07,2026-09-04,3929,1,20.571805006587617,1.8924601982577427,True
ASHOKAMET,2023-06-27,0,2023-06-27,2026-09-04,788,1,0.20333944667054907,23.00884955752212,True
ASHOKLEY,2005-01-03,0,2005-01-03,2026-09-04,5358,451,0.808659246907616,4.054054054054052,False
ASIANENE,2021-12-09,0,2021-12-09,2026-09-04,1172,2,3.1004701312374072,7.900455660708032,True
ASIANHOTNR,2005-01-03,60,2005-03-31,2026-09-04,5355,0,1.5140517813675591,2.7875586854460095,False
ASIANPAINT,2003-01-27,0,2003-01-27,2026-09-04,5821,16,0.7737054621289435,2.352941176470586,False
ASIANTILES,2007-08-23,56,2007-11-12,2026-09-04,4703,0,4.17600641968704,7.333333333333331,True
ASKAUTOLTD,2023-11-15,0,2023-11-15,2026-09-04,689,1,31.557198373958904,4.321467937495942,True
ASMS-BE,2023-02-09,53,2023-05-03,2026-09-04,876,1,2.0812482269503545,0.0,True
ASPINWALL,2016-06-14,60,2016-09-09,2026-09-04,2527,0,0.2224608116813399,4.5435400652837865,False
ASTAR,2026-04-20,60,2026-07-30,2026-09-04,84,3,6.347305389221557,13.89722913270996,True
ASTEC,2009-11-25,0,2009-11-25,2026-09-04,4150,1,15.02420677767257,9.178164367126582,True
ASTERDM,2018-02-26,0,2018-02-26,2026-09-04,2112,2,29.728268563242146,6.444505645827589,True
ASTRAL,2007-03-20,0,2007-03-20,2026-09-04,4810,1,136.60941184189156,13.684210526315795,True
ASTRAMICRO,2005-01-03,5,2005-01-10,2026-09-04,5358,0,1.2299677346431288,4.743624897175753,False
ASTRAZEN,2005-01-03,60,2005-03-31,2026-09-04,5358,0,0.6757852077001013,1.69485780143046,False
ASTRON,2017-12-29,0,2017-12-29,2026-02-17,2009,1,8.611295820597862,6.832298136645963,True
ATALREAL,2020-11-19,60,2021-02-16,2026-09-04,1432,1,0.0,0.0,False
ATAM,2023-05-10,60,2023-08-03,2026-09-04,822,0,0.8328638064009606,4.630920894445792,False
ATGL,2018-11-05,0,2018-11-05,2026-09-04,1936,1,0.8914318673490063,4.763171899946778,False
ATHERENERG,2025-05-06,0,2025-05-06,2026-09-04,334,1,11.104009972190084,11.214025802183254,True
ATL,2023-08-10,0,2023-08-10,2026-09-04,753,3,0.2724047342118048,5.278396436525623,False
ATLANTAA,2006-09-25,102,2007-02-26,2026-09-04,4928,1,2.541081311196254,0.0,True
ATLANTAELE,2025-09-29,0,2025-09-29,2026-09-04,231,2,13.164613710895615,7.135483087386895,True
ATLASCYCLE,2015-01-01,0,2015-01-01,2026-09-04,1882,99,1.554293054046043,3.18858821061464,False
ATUL,2005-01-03,0,2005-01-03,2026-09-04,5358,451,0.938677765234985,6.193353474320243,False
ATULAUTO,2013-06-26,60,2013-09-23,2026-09-04,3254,0,0.4114695340501792,4.174250697730855,False
AUBANK,2017-07-10,0,2017-07-10,2026-09-04,2269,1,5.13223325266614,4.136389044158756,True
AURIONPRO,2005-10-25,0,2005-10-25,2026-09-04,5154,1,14.166923896242523,116.69793621013133,False
AUROPHARMA,2005-01-03,0,2005-01-03,2026-09-04,5358,451,1.2716843422742201,2.3605150214592374,False
AURUM,2015-08-19,5,2015-08-26,2026-09-04,2726,2,0.21283136267256786,0.0,False
AURUS,2013-11-05,0,2013-11-05,2026-09-04,3146,3,1.2666349461972037,0.9161381254404389,False
AUSOMENT,2005-01-03,60,2005-03-31,2026-09-04,5277,0,2.0432835820895523,3.9215686274509842,False
AUTOAXLES,2005-01-03,60,2005-03-31,2026-09-04,5358,0,0.6402342320361107,1.8493701420530626,False
AUTOBEES,2022-01-25,0,2022-01-25,2026-09-04,1144,2,1.6779151494622746,9.71754340502721,True
AUTOIETF,2022-01-18,0,2022-01-18,2026-09-04,1149,1,2.4207317073170733,6.303236797274279,True
AUTOIND,2007-01-31,0,2007-01-31,2026-09-04,4843,2,2.8577326069800506,22.438265603733228,True
AVADHSUGAR,2017-08-02,0,2017-08-02,2026-09-04,2246,1,0.35793453857969987,0.0,False
AVALON,2023-04-18,0,2023-04-18,2026-09-04,837,1,28.362476270514644,12.273869346733672,True
AVANTEL,2024-07-31,0,2024-07-31,2026-09-04,518,1,0.9128339138998287,3.6205967370535426,False
AVANTIFEED,2010-01-08,60,2010-04-08,2026-09-04,4114,0,9000.0,3.8759689922480653,True
AVG,2018-04-25,60,2018-07-19,2026-05-15,1987,0,0.5,0.0,False
AVG-BE,2018-04-11,246,2020-05-28,2026-09-04,1421,0,1.0,0.0,False
AVL,2024-11-06,0,2024-11-06,2026-09-04,453,1,0.6101528940187233,4.501120188282148,False
AVONMORE,2023-01-04,0,2023-01-04,2026-09-04,905,2,3.4641259113238836,16.48501362397819,True
AVROIND,2018-07-26,200,2021-11-04,2026-09-04,1329,0,0.6666666666666666,0.0,False
AVTNPL,2007-01-10,60,2007-04-11,2026-09-04,4856,1,0.8185526408326886,10.059171597633132,True
AWFIS,2024-05-30,0,2024-05-30,2026-09-04,564,2,22.279779913207737,8.595139300533491,True
AWHCL,2021-01-01,0,2021-01-01,2026-09-04,1403,2,52.911648042065366,23.16190008592119,True
AWL,2022-02-08,0,2022-02-08,2026-09-04,1131,1,10.23166902660419,16.495806150978567,True
AXISBANK,2003-01-01,0,2003-01-01,2026-09-04,5839,23,0.759767162647242,3.6697247706422047,False
AXISCADES,2005-01-03,0,2005-01-03,2026-09-04,5358,451,22.872466336492668,17.391304347826086,False
AXISVALUE,2025-03-20,51,2025-06-06,2026-09-04,361,0,0.3360509152114454,2.0176991150442363,False
AXITA,2022-06-21,0,2022-06-21,2026-09-04,1045,1,0.7350029321672139,9.55961331901182,True
AXSENSEX,2023-03-29,55,2023-06-23,2026-09-04,828,0,5.832731648616125,0.7615421227986623,True
AYE,2026-02-16,0,2026-02-16,2026-09-04,137,4,12.326287111877432,10.278488868202633,True
AYMSYNTEX,2015-08-14,8,2015-08-26,2026-09-04,2729,2,0.24695208116088918,0.0,False
AZAD,2023-12-28,13,2024-01-16,2026-09-04,664,1,0.6069495963741236,3.188470728793313,False
BAFNAPH-BE,2020-03-02,60,2020-09-28,2026-09-04,1449,0,7.174089068825911,0.0,True
BAGFILMS,2005-01-03,0,2005-01-03,2026-09-04,5358,451,7.95873498485529,8.609271523178801,False
BAIDFIN,2023-01-20,17,2023-02-15,2026-09-04,893,0,0.7527505045753221,3.4636161423577896,False
BAJAJ-AUTO,2008-05-26,0,2008-05-26,2026-09-04,4516,2,30.047122537507043,57.28813559322034,True
BAJAJCON,2010-08-18,0,2010-08-18,2026-09-04,3969,1,89.24748340278644,9.13344316309719,True
BAJAJELEC,2007-11-02,56,2008-01-23,2026-09-04,4653,0,3.2584339488636362,11.199364575059578,True
BAJAJFINSV,2008-05-26,0,2008-05-26,2026-09-04,4516,2,4.050502424351688,23.199999999999992,True
BAJAJHCARE,2021-11-25,0,2021-11-25,2026-09-04,1182,3,2.7085567183390227,8.142904915839937,True
BAJAJHFL,2024-09-16,0,2024-09-16,2026-09-04,490,5,19.285646170744457,11.515151515151516,True
BAJAJHIND,2005-01-03,0,2005-01-03,2026-09-04,5358,451,2.0046596389899456,14.817694833246925,False
BAJAJHLDNG,2005-01-03,0,2005-01-03,2026-09-04,5358,451,2.4367812493151026,3.0279319011713333,False
BAJAJINDEF,2025-02-21,9,2025-03-07,2026-09-04,377,0,0.2995719178082192,0.0,False
BAJAJST,2026-04-20,41,2026-06-18,2026-09-04,97,1,0.7622920517560073,3.605831814631612,False
BAJEL,2023-12-19,19,2024-01-16,2026-09-04,670,1,2.548462664064287,9.222256378727328,True
BAJFINANCE,2005-01-03,0,2005-01-03,2026-09-04,5358,451,1.654216497490756,0.0,False
BALAJEE,2024-09-12,0,2024-09-12,2026-09-04,488,1,5.423794564576587,4.761904761904762,True
BALAJITELE,2005-01-03,0,2005-01-03,2026-09-04,5358,451,4.64073217709866,3.128722306043038,False
BALAMINES,2007-04-05,60,2007-07-03,2026-09-04,4799,0,1.88315748339195,14.935064935064934,True
BALAXI,2015-12-01,60,2016-02-25,2026-09-04,2659,1,0.3475298126064736,8.223684210526315,True
BALKRISHNA,2015-07-28,45,2015-10-01,2026-09-04,2742,0,0.06823435022636536,6.967572304995618,False
BALKRISIND,2006-01-27,60,2006-04-28,2026-09-04,5092,1,0.6692357096981374,2.99987448223922,False
BALMLAWRIE,2005-01-03,0,2005-01-03,2026-09-04,5358,451,0.47622302342668693,3.5932203389830466,False
BALPHARMA,2006-05-08,38,2006-06-29,2026-09-04,5027,0,0.5866873714693415,8.749999999999996,True
BALRAMCHIN,2005-01-03,0,2005-01-03,2026-09-04,5358,451,1.901779685299062,8.509905254091297,False
BALUFORGE,2024-04-29,0,2024-04-29,2026-09-04,585,1,2.1254798035792324,14.04967681022587,True
BANARBEADS,2011-12-29,60,2012-03-27,2026-09-04,3622,0,0.0,0.0,False
BANARISUG,2005-01-03,60,2005-03-31,2026-09-04,5355,0,4.990202482037883,2.774951438349829,False
BANCOINDIA,2006-12-22,54,2007-03-15,2026-09-04,4867,0,0.7980739360049705,1.459854014598535,False
BANDHANBNK,2018-03-27,0,2018-03-27,2026-09-04,2092,1,48.906103953488056,9.22722029988466,True
BANG,2015-01-01,120,2015-10-15,2026-09-04,2799,0,0.24308720753570343,9.049773755656108,True
BANK10ADD,2026-03-12,9,2026-03-25,2026-09-04,120,0,0.4039133780367154,1.61691542288556,False
BANK10BETF,2026-07-21,29,2026-08-31,2026-09-04,34,1,0.3946719289590528,1.1057692307692328,False
BANKA,2018-02-27,60,2018-05-28,2026-09-04,2103,0,0.0,0.0,False
BANKADD,2023-01-09,60,2023-04-10,2026-09-04,883,2,0.8342511013215859,2.6980623007113107,False
BANKBARODA,2005-01-03,0,2005-01-03,2026-09-04,5358,451,0.7888231456142842,3.4817209649340923,False
BANKBEES,2005-01-03,59,2005-07-18,2026-09-04,5129,2,1.6490765171503958,0.28212362144139375,False
BANKBETA,2025-12-15,0,2025-12-15,2026-09-04,179,6,3.505887637565374,3.7121458808205814,True
BANKBETF,2024-01-29,59,2024-04-25,2026-09-04,647,0,0.21815466125577726,1.0526315789473641,False
BANKETF,2023-07-26,60,2023-10-23,2026-09-04,773,0,1.5765993265993266,6.368911390064025,True
BANKIETF,2019-07-15,42,2019-09-17,2026-09-04,1773,0,0.8232830820770519,3.1365313653136453,False
BANKINDIA,2005-01-03,0,2005-01-03,2026-09-04,5358,451,0.9407829127030288,3.589135589566715,False
BANKNIFTY,2011-01-03,60,2011-03-30,2026-08-21,3876,1,0.0,1.497212117091079,False
BANKNIFTY1,2015-01-01,57,2015-03-26,2026-09-04,2890,0,0.832,2.3463687150838086,False
BANKPSU,2024-10-08,59,2025-01-06,2026-09-04,472,1,7.68262957035578,4.514708195689787,True
BANSALWIRE,2024-07-10,0,2024-07-10,2026-09-04,531,3,48.0151394968861,10.275438846867418,True
BANSWRAS,2007-04-11,59,2007-07-05,2026-09-04,4793,1,1.158443229334191,13.230240549828181,True
BASF,2005-01-03,0,2005-01-03,2026-09-04,5358,451,5.416143444800913,7.942636514065088,False
BASML-BE,2005-11-14,0,2005-11-14,2026-09-04,5138,1,53.00378012671181,55.720907538424,False
BATAINDIA,2005-01-03,0,2005-01-03,2026-09-04,5358,451,0.9323990247201629,2.576832151300228,False
BATLIBOI,2026-04-20,60,2026-07-16,2026-09-04,97,2,0.44033417627666194,3.371601208459222,False
BAYERCROP,2010-01-08,59,2010-04-08,2026-09-04,4121,0,1.300672330223589,5.997479427681821,False
BBETF0432,2021-12-17,60,2022-03-15,2026-09-04,1171,1,0.3847358678627367,0.30723192019950535,False
BBL,2006-11-21,60,2007-02-20,2026-09-04,4890,0,1.839087741526766,5.849730304641799,True
BBNPNBETF,2024-06-24,60,2024-09-18,2026-09-04,548,1,7.835093696763202,3.598229747931494,True
BBNPPGOLD,2023-12-19,60,2024-03-14,2026-09-04,672,1,1.402909550917141,2.8963414634146214,False
BBOX,2005-01-03,0,2005-01-03,2026-09-04,5358,451,1.401345052129666,3.999999999999998,False
BBTC,2005-01-03,20,2005-02-02,2026-09-04,5358,0,1.1754102733283731,11.04681746449238,False
BBTCL,2018-10-31,59,2019-01-25,2026-09-04,1937,2,33000.0,5.644682115270353,True
BCG,2015-05-08,0,2015-05-08,2026-09-04,2799,2,0.015323316200550875,0.0,False
BCLIND,2021-03-04,0,2021-03-04,2026-09-04,1360,1,18.96190812801423,17.26973684210526,True
BCONCEPTS,2018-01-12,60,2018-04-13,2026-09-04,2132,2,2.0,0.0,True
BCPL,2026-03-27,0,2026-03-27,2026-09-04,110,4,6.100301523918181,19.36912008854455,True
BDL,2018-03-23,0,2018-03-23,2026-09-04,2094,2,33.63306057462874,10.44125192406362,True
BEARDSELL,2010-01-08,60,2010-04-09,2026-09-04,4112,0,409.0,7.6726342710997395,True
BECTORFOOD,2020-12-24,0,2020-12-24,2026-09-04,1408,3,25.623156988081817,16.82218766200104,True
BEDMUTHA,2010-10-14,31,2010-11-30,2026-09-04,3920,0,5.5790470094827445,8.132956152758133,True
BEEKAY,2026-04-20,60,2026-07-16,2026-09-04,97,2,1.1253293187805795,0.9814883836501401,False
BEL,2005-01-03,0,2005-01-03,2026-09-04,5358,451,4.21943152089965,3.0075187969924837,False
BELLACASA,2025-07-18,58,2025-10-13,2026-09-04,280,1,0.3429814083126589,4.75901420420055,False
BELRISE,2025-05-28,0,2025-05-28,2026-09-04,318,3,11.433906742539088,11.139736191261337,True
BEML,2005-01-03,0,2005-01-03,2026-09-04,5358,451,0.4897956928652722,3.4911242603550328,False
BENGALASM,2026-04-20,60,2026-07-16,2026-09-04,97,2,1.0787589498806682,2.2222222222222223,False
BEPL,2005-03-21,15,2005-04-12,2026-09-04,5303,0,0.037999098974351976,2.3041474654377883,False
BERGEPAINT,2005-01-03,0,2005-01-03,2026-09-04,5358,451,1.7890316989893154,4.195804195804193,False
BESTAGRO,2021-02-22,0,2021-02-22,2026-09-04,1198,2,1.5349819808624332,21.363636363636356,True
BETA,2017-10-13,56,2018-01-03,2026-09-04,2196,1,2.8333333333333335,2.1080368906455864,True
BFINVEST,2011-01-14,54,2011-04-04,2026-09-04,3857,0,0.2855393022872353,2.564102564102571,False
BFSI,2023-08-29,0,2023-08-29,2026-09-04,741,4,2.0992515461835684,0.49751243781095233,True
BFUTILITIE,2007-05-03,58,2007-07-24,2026-09-04,4782,0,1.8303284905770465,2.1268448610267088,True
BGRENERGY-BE,2008-01-03,0,2008-01-03,2026-09-04,4611,1,46.16908386025348,9.174108380941819,True
BHAGCHEM,2021-10-18,51,2021-12-30,2026-09-04,1208,2,0.32057631697433586,1.7069205759405466,False
BHAGERIA,2016-03-02,60,2016-06-02,2026-05-15,2517,0,0.051758575770733825,5.31279471864194,False
BHAGERIA-BE,2016-03-02,60,2016-06-02,2026-09-04,2601,0,0.051758575770733825,5.369127516778524,False
BHAGYANGR,2017-05-17,39,2017-07-12,2026-09-04,2306,0,14.508199783331465,16.111111111111104,True
BHANDARI,2017-01-30,0,2017-01-30,2026-09-04,2372,1,2.872648020727149,10.37037037037038,True
BHARATCOAL,2026-01-19,0,2026-01-19,2026-09-04,157,2,18.092873782352356,12.247412518482026,True
BHARATFORG,2005-01-03,0,2005-01-03,2026-09-04,5358,451,0.42515870520216814,2.6886704987947394,False
BHARATGEAR-BE,2005-01-03,16,2005-01-27,2026-09-04,5358,0,0.4518215959867321,8.333333333333337,False
BHARATRAS,2005-01-03,44,2005-03-08,2026-09-04,5358,0,0.8846614739364889,7.142857142857143,False
BHARATSE,2025-03-24,0,2025-03-24,2026-09-04,359,3,4.23359619552131,9.486780715396586,True
BHARATWIRE,2016-04-01,37,2016-05-27,2026-09-04,2576,0,0.7056164092605516,4.009433962264158,False
BHARTIARTL,2003-01-01,0,2003-01-01,2026-09-04,5839,23,0.2779805268917249,3.6036036036035908,False
BHARTIHEXA,2024-04-12,0,2024-04-12,2026-09-04,596,1,52.01766433960364,15.369482355834256,True
BHEL,2005-01-03,0,2005-01-03,2026-09-04,5358,451,0.7969025524033844,4.212315829240644,False
BI-BE,2026-04-20,60,2026-07-16,2026-09-04,97,2,2.438328442780532,6.10917169152649,True
BIGBLOC,2016-09-02,41,2016-11-07,2026-09-04,2471,1,14.877958103953672,7.446808510638309,True
BIKAJI,2022-11-16,0,2022-11-16,2026-09-04,940,1,21.59163191967474,6.456104816760547,True
BIL,2005-01-03,0,2005-01-03,2026-09-04,5357,451,1.707411519402096,5.705705705705702,False
BILVYAPAR-BE,2006-09-27,0,2006-09-27,2026-09-04,4102,2,0.7331948418453338,8.587825374052057,True
BIMETAL,2026-04-20,60,2026-07-16,2026-09-04,97,2,0.7857142857142857,1.6722898635763666,False
BIOCON,2005-01-03,0,2005-01-03,2026-09-04,5358,451,1.9838035447884685,1.6412661195779668,False
BIOFILCHEM,2017-07-27,60,2017-10-25,2026-09-04,2250,1,8.111567419575634,8.39160839160838,True
BIRLACABLE,2003-01-27,60,2003-04-28,2026-09-04,5820,0,0.1747131931166348,4.812834224598942,False
BIRLACABLE-BE,2005-01-03,0,2005-01-03,2026-08-28,5352,451,3.877175130614723,6.1682242990654155,False
BIRLACORPN,2005-01-03,0,2005-01-03,2026-09-04,5358,451,0.5575122347882047,2.4005261427162154,False
BIRLAMONEY,2015-01-01,52,2015-03-19,2026-09-04,2858,0,0.23821173912134327,3.9325842696629243,False
BIRLANU,2025-04-07,56,2025-06-30,2026-09-04,350,0,1.164453994321234,3.3444204513792015,False
BIRLAPREC,2026-04-20,11,2026-05-06,2026-09-04,97,0,0.11195043381634921,4.265674205553971,False
BLACKBUCK,2024-11-22,0,2024-11-22,2026-09-04,444,1,5.793497113678832,11.747740819073247,True
BLACKROSE-BE,2026-04-20,15,2026-05-12,2026-09-04,97,0,0.21427213786403665,4.595060310166571,False
BLAL,2023-04-19,0,2023-04-19,2026-09-04,836,1,2.314367423184694,9.994498441225014,True
BLBLIMITED,2015-01-01,59,2015-04-09,2026-09-04,2850,1,4.979297929792979,12.941176470588232,True
BLIL,2026-04-20,0,2026-04-20,2026-09-04,97,79,0.42370424927832356,4.306220095693788,False
BLISSGVS,2010-07-26,26,2010-08-31,2026-05-15,3899,0,0.3610550211330315,7.415384615384626,False
BLISSGVS-BE,2010-07-26,26,2010-08-31,2026-09-04,3985,0,0.3610550211330315,7.402422611036339,False
BLKASHYAP,2006-03-17,0,2006-03-17,2026-09-04,5059,3,23.694950725128734,24.290998766954377,True
BLS,2016-06-15,0,2016-06-15,2026-09-04,2527,1,0.7110800944814258,10.082006753497346,True
BLSE,2024-02-06,0,2024-02-06,2026-09-04,638,1,21.54372866374548,17.186165081989806,True
BLUECHIP-BE,2015-01-02,247,2017-04-10,2026-09-01,1190,2,8.901,16.666666666666664,True
BLUECOAST,2003-01-01,60,2003-03-31,2026-09-04,4220,0,0.0,0.0,False
BLUECOAST-BE,2005-01-03,60,2005-03-31,2026-08-28,3734,0,0.0,1.677419354838706,False
BLUEDART,2005-01-03,60,2005-03-31,2026-09-04,5358,0,0.7107569721115538,5.442664297383265,False
BLUEJET,2023-11-01,51,2024-01-16,2026-09-04,702,1,2.248159970267848,4.939843919358339,True
BLUESTARCO,2005-01-03,0,2005-01-03,2026-09-04,5358,451,0.7619886687088292,6.87022900763359,False
BLUESTONE,2025-08-19,0,2025-08-19,2026-09-04,259,1,17.805067441790555,10.238095238095235,True
BLUSPRING,2025-06-11,0,2025-06-11,2026-09-04,306,2,0.08850013876122638,5.263157894736846,False
BMWVENTLTD,2025-10-01,0,2025-10-01,2026-09-04,229,4,3.483720958134122,5.255151431337294,True
BNAGROCHEM,2026-04-20,60,2026-07-16,2026-09-04,97,2,0.5953216374269006,4.384574749075537,False
BNALTD-BE,2026-04-20,60,2026-07-30,2026-09-04,84,3,1.087378640776699,5.01338525188611,False
BNKETFAXIS,2020-11-09,60,2021-02-04,2026-09-04,1444,0,0.7767752059631228,4.84492253259907,False
BODALCHEM,2011-08-22,60,2011-11-23,2026-09-04,3707,0,2.412142440163456,4.538690476190472,True
BOHRAIND,2022-10-27,60,2023-01-23,2026-09-04,794,0,0.17708333333333334,2.223045572434235,False
BOMDYEING,2005-01-03,0,2005-01-03,2026-09-04,5358,451,1.8098957110585927,3.866203301476979,False
BONLON,2026-02-20,60,2026-05-25,2026-09-04,133,1,0.6784355240193414,5.257440799478604,False
BORANA,2025-05-27,0,2025-05-27,2026-09-04,319,1,8.341538724020483,4.761904761904764,True
BOROLTD,2020-07-22,6,2020-07-30,2026-09-04,1517,1,3.3091446415275123,8.148909263357584,True
BORORENEW,2018-05-25,0,2018-05-25,2026-09-04,2045,2,0.3270925645483949,5.3539559785841675,False
BOROSCI,2024-06-07,0,2024-06-07,2026-09-04,553,1,0.8249007492313662,10.497766432673911,True
BOSCH-HCIL,2025-12-15,28,2026-01-27,2026-09-04,179,0,2.4301089211618256,5.47360248447205,True
BOSCHLTD,2005-01-03,60,2005-03-31,2026-09-04,5358,0,2.025685525859077,4.980398925022806,False
BPCL,2003-01-27,0,2003-01-27,2026-09-04,5821,16,1.9912678389069196,43.75000000000001,False
BPL,2005-01-03,0,2005-01-03,2026-09-04,5358,451,1.524781269976041,2.9445073612683967,False
BRIGADE,2007-12-31,0,2007-12-31,2026-09-04,4614,2,18.37533072326396,35.478775913129326,True
BRIGHOTEL,2025-07-31,0,2025-07-31,2026-09-04,271,2,14.75554594497914,7.899671823722468,True
BRITANNIA,2003-01-27,45,2003-04-03,2026-09-04,5821,0,1.215615896795672,1.462632738930068,False
BRNL,2017-09-18,0,2017-09-18,2026-09-04,2215,2,115.53050955233297,11.298720256921804,True
BROOKS,2011-09-05,0,2011-09-05,2026-02-17,3564,2,139.35419856854278,119.4373401534527,True
BROOKS-BE,2011-09-05,0,2011-09-05,2026-08-28,3702,2,139.35417734335448,119.45812807881774,True
BSE,2017-02-03,0,2017-02-03,2026-09-04,2374,1,38.837800615255624,11.764705882352942,True
BSE500IETF,2018-05-16,60,2018-08-09,2026-09-04,2058,0,0.1888412017167382,0.0,False
BSHSL,2018-05-10,0,2018-05-10,2026-09-04,2055,1,0.5882345371958404,4.0733197556008,False
BSL,2005-01-03,60,2005-03-31,2026-09-04,5358,0,0.37474466109563603,4.245810055865919,False
BSLGOLDETF,2015-01-01,60,2015-04-01,2026-09-04,2860,0,2.323809523809524,1.4000000000000057,True
BSLNIFTY,2015-01-01,59,2015-04-13,2026-09-04,2795,0,12.545454545454545,10.937500000000007,True
BSLSENETFG,2021-10-06,60,2022-01-03,2026-09-04,1220,0,0.3301999205613663,2.3053732931370887,False
BSOFT,2005-01-03,0,2005-01-03,2026-09-04,5358,451,1.6782777374177664,7.692307692307705,False
BTML,2020-11-12,60,2021-02-10,2026-09-04,1436,0,0.0,0.0,False
BTTL-BE,2026-04-20,44,2026-06-23,2026-09-04,97,0,0.3534816591622877,4.963544587773425,False
BUILDPRO,2026-01-09,0,2026-01-09,2026-09-04,162,2,6.186022321846493,10.52242938896068,True
BUTTERFLY,2014-04-28,60,2014-07-22,2026-09-04,3049,0,1.2414691325866112,4.99471548873207,False
BVCL,2015-01-01,60,2015-03-31,2026-09-04,2813,0,1.8285714285714285,9.316770186335402,True
BYKE,2011-12-30,8,2012-01-11,2026-02-17,3486,0,0.08779050736497546,0.0,False
BYKE-BE,2015-04-15,0,2015-04-15,2026-09-04,2822,1,0.8403569990605287,1.338606632187398,False
CALSOFT,2005-01-03,50,2005-03-16,2026-08-14,4908,0,1.0410106358274116,8.643678160919535,False
CAMLINFINE,2015-01-20,0,2015-01-20,2026-09-04,2870,2,4.283153387556084,7.878433664523666,True
CAMPUS,2022-05-09,0,2022-05-09,2026-09-04,1076,1,42.24250792768613,21.37767220902613,True
CAMS,2020-10-05,0,2020-10-05,2026-09-04,1470,4,3.5942028169172753,8.419550481626835,True
CANBK,2005-01-03,0,2005-01-03,2026-09-04,5358,451,0.506643394929341,3.2658569500674597,False
CANFINHOME,2005-01-03,0,2005-01-03,2026-09-04,5358,451,3.622730070714494,4.945054945054937,False
CANHLIFE,2025-10-17,0,2025-10-17,2026-09-04,217,3,35.58632078275452,6.103033566684615,True
CANTABIL,2010-10-12,0,2010-10-12,2026-09-04,3922,1,70.10877735152494,23.615160349854225,True
CAPACITE,2017-09-25,0,2017-09-25,2026-09-04,2210,2,33.07495833077489,18.684876670395013,True
CAPILLARY,2025-11-21,0,2025-11-21,2026-09-04,195,2,4.768037213602043,10.52761747732894,True
CAPITALSFB,2024-02-14,0,2024-02-14,2026-09-04,632,4,16.21337415715954,9.632780907412165,True
CAPLIPOINT,2014-06-23,17,2014-07-16,2026-09-04,3017,0,0.2761945916441129,0.0,False
CAPTRUST,2017-01-16,59,2017-04-13,2026-02-17,2245,1,1.150129037999466,4.425721719737335,False
CAPTRUST-BE,2017-01-16,46,2017-03-24,2026-09-04,2341,0,0.8463011854842885,1.5347419320929239,False
CARBORUNIV,2005-01-03,0,2005-01-03,2026-09-04,5358,451,1.4176823067415554,6.590064210882053,False
CARERATING,2012-12-26,0,2012-12-26,2026-09-04,3385,1,54.13270885026752,9.756152706964974,True
CARRARO,2024-12-30,56,2025-03-19,2026-09-04,418,3,0.9134656090439857,9.00886637112096,True
CARTRADE,2021-08-20,0,2021-08-20,2026-09-04,1248,2,36.255006014736104,9.526664668065688,True
CARYSIL,2021-01-14,0,2021-01-14,2026-09-04,1394,1,0.7836364906723805,3.4930037789806985,False
CASHIETF,2025-03-19,29,2025-05-07,2026-09-04,362,1,0.4621674278961321,0.001981807011631405,False
CASTROLIND,2007-08-16,0,2007-08-16,2026-09-04,4708,1,7.792453894309402,15.38461538461539,True
CCAVENUE,2016-04-04,0,2016-04-04,2026-09-04,2581,2,11.675574741225116,5.900305188199391,True
CCCL,2015-01-01,0,2015-01-01,2026-09-04,2112,99,0.07489531438114888,3.9256198347107336,False
CCHHL,2015-02-03,0,2015-02-03,2026-09-04,2861,1,1.07114509126819,9.354838709677427,True
CCL,2005-01-03,0,2005-01-03,2026-09-04,5358,451,0.652531100611365,3.3522434244456014,False
CDSL,2017-06-30,0,2017-06-30,2026-09-04,2275,1,6.645806604583667,7.64525993883792,True
CEATLTD,2005-01-03,0,2005-01-03,2026-09-04,5358,451,1.1587406020659006,3.2300469483568186,False
CEIGALL,2024-08-08,0,2024-08-08,2026-09-04,511,3,17.823526203174083,10.742025683512844,True
CEINSYS,2026-02-19,0,2026-02-19,2026-09-04,134,2,0.528248234129918,3.8979026513652646,False
CELEBRITY,2006-01-12,0,2006-01-12,2026-09-04,5100,1,12.075487204720023,23.98911353032658,True
CELLO,2023-11-06,0,2023-11-06,2026-09-04,704,2,30.601825770854504,6.997600101048374,True
CEMNTGROWW,2026-07-28,0,2026-07-28,2026-09-04,29,2,1.8296320231334169,6.966145833333336,True
CEMPRO,2025-09-10,0,2025-09-10,2026-09-04,244,3,1.794962599426966,2.9653829239178267,True
CENTENKA,2005-01-03,0,2005-01-03,2026-09-04,5358,451,3.4405827821023522,4.23108735763823,False
CENTEXT,2015-01-01,58,2015-03-27,2026-09-04,2889,1,4.466032608695652,31.538461538461547,True
CENTRALBK,2007-08-21,0,2007-08-21,2026-09-04,4705,1,26.42453200152582,18.168841761827075,True
CENTRUM,2018-04-04,0,2018-04-04,2026-09-04,2081,2,3.2853635618166,8.25305073859986,True
CENTUM,2007-10-05,60,2008-01-01,2026-09-04,4673,0,1.2506861848124429,4.025641025641023,False
CENTURYPLY,2006-03-23,52,2006-06-09,2026-09-04,5055,0,0.5685764829055201,2.1292775665399324,False
CERA,2007-11-02,60,2008-01-30,2026-09-04,4582,0,1.12,9.363295880149812,True
CESC,2005-01-03,0,2005-01-03,2026-09-04,5358,451,0.9766353977638588,3.9886039886039923,False
CEWATER,2024-12-27,57,2025-03-19,2026-09-04,419,3,0.4901315268830819,4.059147579008408,False
CGCL,2010-10-29,31,2010-12-14,2026-09-04,3918,0,0.004876632116484874,0.0,False
CGPOWER,2025-05-26,0,2025-05-26,2026-09-04,320,15,0.7719775449054531,1.7341454675743493,False
CHALET,2019-02-07,60,2019-05-10,2026-09-04,1878,0,0.03382572211241721,5.097680097680094,False
CHAMBLFERT,2005-01-03,0,2005-01-03,2026-09-04,5358,451,0.6492055318145951,6.877323420074341,False
CHEMBOND,2019-11-20,60,2020-02-13,2026-09-04,1683,0,0.5585447091980528,3.669865251122906,False
CHEMBONDCH,2025-07-23,0,2025-07-23,2026-04-30,189,2,5.06096232996807,4.76190476190476,True
CHEMBONDCH-BE,2025-07-23,0,2025-07-23,2026-09-04,278,2,5.06096232996807,4.761904761904762,True
CHEMCON,2020-10-01,0,2020-10-01,2026-05-15,1388,4,18.909417087649267,25.04318087605361,True
CHEMCON-BE,2020-10-01,0,2020-10-01,2026-09-04,1471,4,18.906188930545422,25.04283922483085,True
CHEMFAB,2018-04-25,60,2018-07-19,2026-09-04,2066,0,2.5839217143564968,3.5197685631629723,True
CHEMICAL,2025-11-19,0,2025-11-19,2026-09-04,197,2,2.7899214698299004,1.6449623029472256,True
CHEMPLASTS,2021-08-24,0,2021-08-24,2026-09-04,1245,2,12.328554574720757,7.468259895444361,True
CHENNPETRO,2005-01-03,0,2005-01-03,2026-09-04,5358,451,0.6685568395592583,4.739336492890995,False
CHEVIOT,2022-06-20,60,2022-09-15,2026-09-04,1041,1,1.3469253535021375,1.0503536366515407,False
CHOICEGOLD,2025-11-10,0,2025-11-10,2026-09-04,205,2,1.580832105227274,1.2948696934928803,True
CHOICEIN,2022-04-08,0,2022-04-08,2026-09-04,1090,2,4.548071230131621,5.258265834550516,True
CHOLAFIN,2005-01-03,0,2005-01-03,2026-09-04,5358,451,1.2883847635151002,2.9520295202952056,False
CHOLAHLDNG,2017-09-25,7,2017-10-05,2026-09-04,2216,2,0.36506778384485034,4.777492701052818,False
CIEINDIA,2007-08-30,59,2007-11-22,2026-09-04,4698,0,3.2842105263157895,9.997500624843788,True
CIFL,2025-04-17,0,2025-04-17,2026-09-04,344,2,0.71483466333237,6.420233463035026,False
CIGNITITEC,2014-10-13,54,2015-01-02,2026-05-07,2852,6,0.8831393991931451,6.160673497356912,False
CINELINE,2007-02-14,0,2007-02-14,2026-09-04,4831,2,6.727989646677079,14.51083388049901,True
CINEVISTA,2015-01-01,60,2015-04-06,2026-09-04,2876,1,1.1980130955068864,4.999999999999997,False
CIPLA,2003-01-27,0,2003-01-27,2026-09-04,5821,16,1.1095750379481393,2.4103645676408685,False
CLEAN,2021-07-19,0,2021-07-19,2026-09-04,1269,2,31.824399571076057,13.60089757974035,True
CLEANMAX,2026-03-02,0,2026-03-02,2026-09-04,127,3,27.996915194512983,22.13256484149856,True
CLEDUCATE,2017-04-03,0,2017-04-03,2026-02-17,2194,1,4.928927116342236,7.601520304060821,True
CLEDUCATE-BE,2017-03-31,0,2017-03-31,2026-08-28,2331,2,3.633982803502406,4.739336492890995,True
CLSEL,2021-05-12,0,2021-05-12,2026-09-04,1316,1,3.1086494451471567,10.780550223928346,True
CMLL,2026-07-24,0,2026-07-24,2026-09-04,31,1,22.124522634094795,14.27489587277546,True
CMPDI,2026-03-30,0,2026-03-30,2026-09-04,109,1,3.4017168581818384,10.697130987926776,True
CMRGREEN,2026-06-10,0,2026-06-10,2026-09-04,62,1,11.709957815009227,11.509121061359863,True
CMSINFO,2021-12-31,0,2021-12-31,2026-09-04,1156,1,16.83412399520233,18.68452459885957,True
CNL,2025-12-01,60,2026-02-26,2026-09-04,189,0,0.5094972067039106,1.59677544376406,False
COALINDIA,2010-11-04,0,2010-11-04,2026-09-04,1574,1,35.793056658221346,15.7227904136773,True
COASTCORP,2021-10-08,0,2021-10-08,2026-09-04,1218,1,4.641423001949318,8.118212568986996,True
COCHINSHIP,2017-08-11,0,2017-08-11,2026-09-04,2245,1,18.13077816431451,17.644831503218484,True
COCKERILL,2026-04-20,60,2026-07-16,2026-09-04,97,2,1.271889400921659,4.658318039512037,False
COFFEEDAY,2015-11-02,0,2015-11-02,2026-05-15,2598,2,42.0364484204692,18.7465335551858,True
COFFEEDAY-BE,2015-11-02,0,2015-11-02,2026-08-28,2343,2,42.668734176920914,18.7465335551858,True
COFORGE,2005-01-03,0,2005-01-03,2026-09-04,5358,451,2.1490931889082763,2.4390243902439024,False
COHANCE,2015-01-01,20,2020-03-09,2026-09-04,1632,0,1.5198610311112408,4.761904761904765,True
COLPAL,2005-01-03,0,2005-01-03,2026-09-04,5358,451,0.5021283051195331,1.0602678571428603,False
COMFINTE,2026-04-20,0,2026-04-20,2026-09-04,97,79,1.110049337540147,13.422818791946309,False
COMMOIETF,2022-12-21,60,2023-03-20,2026-09-04,919,0,6.544186046511628,1.868474079501733,True
COMPUSOFT,2012-03-02,59,2012-05-30,2026-09-04,3578,1,1.0937469952886125,8.767471410419306,True
COMSYN,2024-01-23,57,2024-04-18,2026-09-04,649,0,2.0079418412853567,7.4825174825174745,True
CONCOR,2005-01-03,50,2005-03-16,2026-09-04,5358,0,0.22870119022760493,1.7391304347826086,False
CONCORDBIO,2023-08-18,0,2023-08-18,2026-09-04,752,1,78.6483592042189,9.296808750442784,True
CONFIPET,2020-10-23,0,2020-10-23,2026-09-04,1451,1,1.5676978552350735,3.6401820091004646,True
CONS,2022-08-04,58,2022-11-01,2026-09-04,999,0,36.19647355163728,3.7783375314861547,True
CONSOFINVT-BE,2005-01-03,58,2005-03-29,2026-09-04,5343,0,16.402747841722473,146.72216441207078,False
CONSUMAXIS,2021-09-23,59,2021-12-20,2026-09-04,1229,1,3.7207334273624824,5.36309610088419,True
CONSUMBEES,2015-01-01,60,2015-04-24,2026-09-04,2788,0,5.2076502732240435,1.410610242256979,True
CONSUMER,2025-01-01,24,2025-02-03,2026-09-04,416,1,4.486469303417795,12.333629103815445,True
CONSUMIETF,2021-11-02,60,2022-01-28,2026-09-04,1202,0,4.22251655629139,8.062151861624157,True
CONTROLPR,2016-06-24,48,2016-09-02,2026-09-04,2519,1,1.0901990307250742,3.889088944904567,False
CORALFINAC,2017-03-29,60,2017-06-27,2026-09-04,2332,1,0.0013413816230717639,0.0,False
CORDELIA,2026-07-01,0,2026-07-01,2026-09-04,48,3,7.160637796018492,14.895209580838328,True
CORDSCABLE,2008-02-13,48,2008-04-28,2026-09-04,4582,0,1.3748369183420868,6.106471816283935,False
COROMANDEL,2005-01-03,0,2005-01-03,2026-09-04,5358,451,5.360536749490578,3.7756202804746457,False
CORONA,2025-12-15,0,2025-12-15,2026-09-04,179,6,79.85511780777786,5.895439377085648,True
COSMOFIRST,2005-01-03,0,2005-01-03,2026-09-04,5358,451,1.636798113129474,1.820020222446913,False
COUNCODOS-BE,2005-01-03,0,2005-01-03,2026-09-04,5338,451,0.6785931532393973,0.0,False
CPCAP,2010-10-06,0,2010-10-06,2026-09-04,3935,1,63.65659786829758,36.28114303908302,True
CPEDU,2025-09-05,60,2025-12-03,2026-09-04,247,1,0.6895102339181286,5.254485536433528,False
CPL,2026-07-23,0,2026-07-23,2026-09-04,32,1,0.5331923890063425,2.3980815347721864,False
CPPLUS,2025-08-05,0,2025-08-05,2026-09-04,269,3,29.36615653172895,8.22056989793562,True
CPSEETF,2015-01-01,0,2015-01-01,2026-09-04,2890,99,0.18716437970806113,2.789956157831803,False
CRAFTSMAN,2021-03-25,0,2021-03-25,2026-09-04,1346,3,53.52594620786193,9.752330675053358,True
CRAMC,2025-10-16,0,2025-10-16,2026-09-04,219,4,29.841605644244154,12.563553652662565,True
CREATIVEYE,2005-01-03,0,2005-01-03,2026-09-04,4474,451,4.395192254187302,7.666666666666669,False
CREDITACC,2018-08-23,0,2018-08-23,2026-09-04,1990,1,71.99217421524942,9.927733680843497,True
CREST,2015-01-01,60,2015-04-10,2026-09-04,2857,0,3.0453955901426717,9.287257019438439,True
CRISIL,2005-01-03,58,2005-03-29,2026-09-04,5358,0,0.20796082279401076,1.3867488443759717,False
CRIZAC,2025-07-09,0,2025-07-09,2026-09-04,287,1,17.408921074835778,11.100292112950342,True
CROMPTON,2016-05-13,0,2016-05-13,2026-09-04,2555,1,4.12985740840605,5.426356589147283,True
CROWN,2017-03-16,59,2017-06-12,2026-09-04,2339,0,10000.0,0.0,True
CSBBANK,2019-12-04,0,2019-12-04,2026-09-04,1673,1,36.19163553996201,10.598233627728714,True
CSLFINANCE,2022-07-21,58,2022-10-17,2026-09-04,1018,3,0.6466757250620813,3.6352357320099222,False
CSM,2026-07-02,0,2026-07-02,2026-09-04,47,1,1.4139988213303651,5.263157894736848,False
CTE-BE,2007-02-07,0,2007-02-07,2026-09-04,4838,2,30.194888971464973,64.1228939544103,True
CUB,2005-01-03,0,2005-01-03,2026-09-04,5358,451,1.705051953822289,2.426343154246095,False
CUBEXTUB,2015-01-02,60,2015-05-25,2026-09-04,2653,0,3.6211699164345403,1.1111111111111094,True
CUMMINSIND,2005-01-03,0,2005-01-03,2026-09-04,5358,451,0.6405079351190541,4.066333484779659,False
CUPID,2016-09-16,0,2016-09-16,2026-09-04,2469,1,12.231682684837857,15.68627450980392,True
CURAA,2025-03-24,60,2025-06-26,2026-09-04,355,0,0.3333333333333333,0.0,False
CYBERMEDIA,2015-01-05,240,2017-07-11,2026-09-04,2114,1,0.17692307692307693,0.0,False
CYBERTECH-BE,2005-01-03,39,2005-03-01,2026-09-04,5358,0,1.2600675019649545,12.575574365175333,False
CYIENT,2005-01-03,0,2005-01-03,2026-09-04,5358,451,0.8035896440249131,2.3248407643312117,False
CYIENTDLM,2023-07-10,0,2023-07-10,2026-09-04,780,3,27.704306862026765,5.706134094151213,True
DABUR,2005-01-03,0,2005-01-03,2026-09-04,5358,451,0.7229428377736731,4.054937867887503,False
DAICHI,2026-04-20,60,2026-07-16,2026-08-26,90,2,0.2268041237113402,2.7844455112818016,False
DALBHARAT,2019-02-05,0,2019-02-05,2026-09-04,1880,1,0.8875058897439925,1.9098548510313216,False
DALMIASUG,2005-01-03,0,2005-01-03,2026-09-04,5358,451,1.7825610644274847,10.93984962406015,False
DAMCAPITAL,2024-12-27,57,2025-03-19,2026-09-04,419,3,1.4325847416036552,4.365114824412479,False
DAMODARIND,2016-07-04,57,2016-09-27,2026-05-15,2435,0,1.2441640378548895,1.8989109187377817,False
DAMODARIND-BE,2016-07-04,56,2016-09-27,2026-09-04,2517,0,1.2441640378548895,1.913265306122449,False
DANGEE,2018-09-18,59,2018-12-17,2026-09-04,1965,1,72000.0,0.0739098300073894,True
DATAMATICS,2005-01-03,0,2005-01-03,2026-09-04,5358,451,2.0052748025612095,4.535479151426474,False
DATAPATTNS,2021-12-24,0,2021-12-24,2026-09-04,1162,2,20.164646348407384,15.913442868811854,True
DAVANGERE,2024-01-25,0,2024-01-25,2026-09-04,645,1,0.24051021130360245,6.482465462274189,False
DBCORP,2010-01-06,0,2010-01-06,2026-09-04,4123,1,97.1556143831445,9.081927344581244,True
DBEIL,2024-10-28,0,2024-10-28,2026-05-15,379,3,25.027376461975134,24.38494035785288,True
DBEIL-BE,2024-10-28,0,2024-10-28,2026-08-28,456,3,25.027376461975134,24.382716049382715,True
DBL,2016-08-11,0,2016-08-11,2026-09-04,2492,1,67.52820480673996,5.804801259346714,True
DBOL,2022-09-08,0,2022-09-08,2026-09-04,986,2,2.7868741970134163,9.52082680864392,True
DBREALTY,2010-02-24,0,2010-02-24,2026-09-04,4081,3,97.64460038743708,11.957474791758003,True
DBSTOCKBRO,2012-02-29,0,2012-02-29,2026-05-15,3501,2,1.0347882442446956,5.70624874422342,False
DBSTOCKBRO-BE,2012-02-29,0,2012-02-29,2026-09-04,3213,2,1.0347882442446956,5.708562844266402,False
DCAL,2017-09-21,0,2017-09-21,2026-09-04,2218,3,7.5925351639807745,9.742934242295131,True
DCBBANK,2006-10-27,0,2006-10-27,2026-09-04,4907,2,10.932652507274176,28.872497365648055,True
DCI,2020-01-10,60,2020-04-09,2026-09-04,1646,0,0.0,0.0,False
DCM-BE,2005-01-03,0,2005-01-03,2026-09-04,5358,451,1.4672077049060108,3.2407407407407374,False
DCMFINSERV,2018-04-26,92,2019-09-11,2026-09-04,1636,0,4.4,4.545454545454529,True
DCMNVL,2019-07-16,60,2019-10-16,2026-09-04,1766,1,1.2872427983539094,8.438061041292643,True
DCMSHRIRAM,2005-01-03,0,2005-01-03,2026-09-04,5358,451,1.6627504142190088,5.341551104262983,False
DCMSIL,2026-02-17,0,2026-02-17,2026-09-04,136,2,0.543224488358167,5.190576517908449,False
DCMSRIND,2021-12-24,0,2021-12-24,2026-09-04,1166,2,0.5383944562151026,5.425055928411642,False
DCW,2005-01-03,0,2005-01-03,2026-09-04,5358,451,1.138129990088702,2.88461538461538,False
DCXINDIA,2022-11-11,0,2022-11-11,2026-09-04,943,1,69.17802105584376,10.666234397795423,True
DDEVPLSTIK,2025-01-15,44,2025-03-19,2026-09-04,406,3,1.0797873983249056,4.602671690357938,False
DECCANCE,2007-08-02,57,2007-10-24,2026-09-04,4717,0,0.5552525362714084,3.2083333333333286,False
DECNGOLD,2026-04-20,0,2026-04-20,2026-09-04,97,79,4.2030157166446385,7.737104825291179,False
DEEDEV,2024-06-26,0,2024-06-26,2026-09-04,545,3,31.160232398170205,16.610998449242512,True
DEEPAKFERT,2005-01-03,0,2005-01-03,2026-09-04,5358,451,0.5792681886431886,3.571428571428566,False
DEEPAKNTR,2010-09-29,57,2010-12-21,2026-09-04,3940,0,0.7716544725041303,2.501276161306781,False
DEEPINDS,2021-04-27,0,2021-04-27,2026-09-04,1327,1,0.6068803919480242,5.072886297376079,False
DEFENCE,2026-02-19,0,2026-02-19,2026-09-04,134,2,0.1137939387757704,3.538507285162072,False
DELHIVERY,2016-01-18,8,2022-05-24,2026-09-04,1073,2,15.381605751558146,18.905565395730395,True
DELPHIFX,2011-06-28,58,2011-09-21,2026-05-15,3667,0,4.835652946402132,4.9723756906077385,True
DELPHIFX-BE,2011-06-28,58,2011-09-21,2026-09-04,3750,0,4.829268292682927,5.144032921810699,True
DELTACORP,2007-11-02,51,2008-01-16,2026-09-04,4653,0,21.183572866763868,7.653815535084731,True
DELTAMAGNT,2005-01-03,60,2005-03-31,2015-10-09,2600,0,5.875949367088608,0.763358778625947,False
DEN,2009-11-24,58,2010-02-19,2026-09-04,4151,1,7.637541108019226,4.172099087353325,True
DENORA,2005-01-03,25,2005-02-09,2026-09-04,5358,0,0.2500890732110536,3.2690984170681348,False
DENTA,2025-01-29,34,2025-03-19,2026-09-04,396,3,1.3580146144278606,3.197763610950123,False
DEVIT,2017-07-27,60,2017-10-25,2026-09-04,2250,1,0.0,0.0,False
DEVX,2025-09-17,0,2025-09-17,2026-09-04,239,3,15.69999554568536,7.884465261514438,True
DEVYANI,2021-08-16,0,2021-08-16,2026-09-04,1251,4,21.219424660222963,16.275303643724705,True
DGCONTENT,2019-06-18,54,2019-09-05,2026-09-04,1786,0,43.93645257337303,9.448818897637791,True
DHAMPURSUG,2005-01-03,0,2005-01-03,2026-09-04,5358,451,0.8844014752657811,7.934131736526949,False
DHANBANK,2005-01-03,0,2005-01-03,2026-09-04,5332,451,3.625986173413741,5.8055152394775,False
DHANUKA,2011-06-29,0,2011-06-29,2026-09-04,3744,2,1.545048667886794,11.16440181188382,True
DHARMAJ,2022-12-08,0,2022-12-08,2026-09-04,924,1,25.964582977081932,5.520090123920386,True
DHRUV,2021-11-25,55,2022-02-11,2026-09-04,1181,0,1.265716870194482,5.435565154787623,False
DHUNINV,2011-03-18,60,2011-06-15,2026-09-04,3814,3,0.9513513513513514,0.3617826015457965,False
DIACABS,2010-09-29,58,2010-12-23,2026-05-15,3853,1,1.0609689285434765,4.813816845453817,False
DIACABS-BE,2023-09-18,60,2023-12-15,2026-09-04,735,0,1.3333333333333333,0.0,False
DIAMINESQ,2023-09-25,35,2023-11-16,2026-09-04,723,0,0.4112905716315123,3.3671880141268393,False
DIAMONDYD,2017-10-05,36,2017-11-27,2026-09-04,2203,0,0.45075515046514253,2.031600759799687,False
DICIND,2005-01-03,60,2005-03-31,2026-09-04,5358,0,3.782422093674193,12.595468431771888,False
DIFFNKG,2024-10-04,0,2024-10-04,2026-09-04,476,1,4.075479080456426,4.9802176063303625,True
DIGIDRIVE,2024-01-10,4,2024-01-16,2026-09-04,655,1,0.03115308248962111,0.0,False
DIGISPICE,2008-05-27,0,2008-05-27,2026-09-04,4515,1,2.2049416647388465,11.650485436893208,True
DIGITIDE,2025-06-11,0,2025-06-11,2026-09-04,306,2,2.5982486273299283,10.526315789473685,True
DIGJAMLMTD,2021-10-18,60,2022-01-12,2026-09-04,1085,0,6.712410281577817,10.52471018913972,True
DISAQ,2026-04-20,60,2026-07-16,2026-09-04,97,2,0.7069133398247323,4.964421644878372,False
DISHTV,2007-04-18,0,2007-04-18,2026-09-04,4791,1,10.141730309520565,16.585365853658537,True
DIVGIITTS,2023-03-14,0,2023-03-14,2026-09-04,858,1,26.602416772494603,9.914592769634481,True
DIVIDEND,2025-12-19,52,2026-03-06,2026-09-04,176,1,0.615414573353585,1.0053057805082364,False
DIVISLAB,2003-03-12,0,2003-03-12,2026-09-04,5790,1,1.9003638256160689,16.45856980703745,False
DIVOPPBEES,2015-01-01,60,2015-05-08,2026-09-04,2690,2,0.7923930269413629,6.716417910447768,False
DIXON,2017-09-18,0,2017-09-18,2026-09-04,2221,2,75.17985234044149,10.262591476538962,True
DJML,2022-12-05,53,2023-02-17,2026-09-04,927,0,0.39567363225874197,4.013519222644694,False
DLF,2007-07-05,0,2007-07-05,2026-09-04,4737,1,13.322866749206828,10.064935064935069,True
DLINKINDIA,2009-12-18,0,2009-12-18,2026-09-04,4133,1,37.577708894878704,97.74330042313116,True
DMART,2017-03-21,0,2017-03-21,2026-09-04,2344,3,25.390796597599504,13.723371410929298,True
DMCC,2021-12-01,22,2021-12-31,2026-09-04,1178,1,2.7899450193272672,13.193005970512978,True
DNAMEDIA,2017-12-11,0,2017-12-11,2026-09-04,2157,2,0.1870513970776724,5.2631578947368425,False
DODLA,2021-06-28,0,2021-06-28,2026-09-04,1284,2,58.526227038317174,16.72290901907849,True
DOLATALGO,2019-08-19,0,2019-08-19,2026-09-04,1744,4,3.268524419210938,7.366393837265292,True
DOLLAR,2017-04-21,55,2017-07-11,2026-09-04,2317,1,1.4165197979085888,3.0210755988203473,False
DOLPHIN,2023-08-21,60,2023-11-16,2026-09-04,755,0,0.05533596837944664,0.0,False
DOMS,2023-12-20,0,2023-12-20,2026-09-04,673,2,61.51339323307005,9.954375777685607,True
DONEAR,2006-12-20,59,2007-03-20,2026-09-04,4869,1,0.5683884503946448,4.322321704229701,False
DPABHUSHAN,2017-10-23,60,2018-01-16,2026-09-04,2190,0,2.6666666666666665,5.0255202198665145,True
DPSCLTD-BE,2008-04-21,60,2008-07-16,2015-08-11,1800,0,1.491891891891892,16.949152542372882,True
DPWIRES,2017-10-06,59,2018-01-01,2026-05-15,2123,0,7.8186247700492215,11.947560481146086,True
DPWIRES-BE,2017-10-05,162,2019-03-11,2026-09-04,1858,0,1.0,0.0,False
DRAGARWQ,2026-04-20,60,2026-07-16,2026-09-04,97,2,1.3940298507462687,3.614336193841494,False
DRCSYSTEMS,2021-03-10,21,2021-04-13,2026-09-04,1356,0,8.445912682990025,9.483568075117368,True
DREAMFOLKS,2022-09-06,0,2022-09-06,2026-09-04,993,1,57.348259264601396,21.84256055363322,True
DREDGECORP,2005-01-03,60,2005-03-31,2026-09-04,5358,0,3.99554718273677,4.704022136574752,False
DRREDDY,2003-01-01,0,2003-01-01,2026-09-04,5839,23,0.7731889237166805,2.3306233062330683,False
DSFCL-BE,2026-02-17,0,2026-02-17,2026-09-04,136,2,0.8229037073898979,10.526315789473685,True
DSSL,2005-01-03,60,2005-03-31,2026-09-04,4921,0,1.7488759911714216,10.0,False
DTIL,2015-01-20,60,2015-04-22,2026-08-14,2855,0,1.7943074003795065,7.429824561403508,True
DUCON,2012-10-09,58,2013-01-07,2026-09-04,3429,0,6.723747360337876,7.627118644067803,True
DVL,2008-01-11,60,2008-04-09,2026-09-04,4605,1,1.5192307692307692,0.0,True
DWARKESH,2005-01-03,0,2005-01-03,2026-09-04,5332,451,5.157377143883574,15.141318977119786,False
DYCL,2022-07-27,0,2022-07-27,2026-09-04,1014,1,0.4512470343151438,7.893961708394698,False
DYNAMATECH,2006-09-14,60,2006-12-12,2026-09-04,4935,0,11.033691756272402,13.369823679842074,True
DYNPRO,2017-07-19,53,2017-10-05,2026-09-04,2256,2,0.19222516179626167,3.790160642570282,False
E2E-BE,2018-05-15,119,2019-02-22,2026-09-04,1739,1,0.5714285714285714,0.0,False
EASEMYTRIP,2021-03-19,0,2021-03-19,2026-09-04,1350,2,20.133841092375757,22.42990654205608,True
EASTSILK-BE,2025-08-18,60,2026-03-16,2026-09-04,170,0,1.119493537325244,4.931794333683116,False
EBANKNIFTY,2024-09-16,60,2024-12-12,2026-09-04,490,1,1.8523489932885906,0.9934395501405698,True
EBBETF0430,2020-01-02,41,2020-02-28,2026-09-04,1659,0,0.3928696517779785,0.477421346038854,False
EBBETF0431,2020-07-29,55,2020-10-15,2026-09-04,1517,1,0.9284703027034316,0.3788143809533406,False
EBBETF0433,2022-12-16,54,2023-03-03,2026-09-04,923,0,0.4213408433075178,0.38341196920784837,False
EBGNG,2025-07-30,0,2025-07-30,2026-09-04,272,2,18.66235566729096,10.153273943429607,True
ECAPINSURE,2025-01-06,38,2025-02-27,2026-09-04,413,1,0.6229491200331769,1.7184035476718333,False
ECLERX,2007-12-31,0,2007-12-31,2026-09-04,4614,2,53.5724726154082,28.266666666666673,True
ECOSMOBLTY,2024-09-04,0,2024-09-04,2026-09-04,497,1,20.014929831806487,17.150527848562067,True
EDELWEISS,2007-12-12,0,2007-12-12,2026-09-04,4625,2,26.794633321900058,10.93673369298675,True
EFCIL,2025-08-20,0,2025-08-20,2026-09-04,258,3,1.9362568882236886,4.49470784399014,True
EGOLD,2023-11-10,57,2024-02-02,2026-09-04,700,1,34.431134418989785,1.5432098765432098,True
EICHERMOT,2003-01-27,57,2003-04-23,2026-09-04,5821,0,0.29028649437818776,6.666666666666675,False
EIDPARRY,2005-01-03,0,2005-01-03,2026-09-04,5358,451,2.6428479851278475,4.461141112937305,False
EIEL,2024-11-29,0,2024-11-29,2026-09-04,438,1,1.8761600653846917,13.835900903076244,True
EIFFL,2017-03-31,44,2017-06-06,2026-05-15,2251,0,0.5714285714285714,1.0101010101010102,False
EIHAHOTELS,2008-04-09,59,2008-07-07,2026-09-04,4543,0,3.036065573770492,25.98081952920662,True
EIHOTEL,2005-01-03,0,2005-01-03,2026-09-04,5358,451,1.5832545739618786,2.8994261552401115,False
EIMCOELECO,2015-01-01,60,2015-04-01,2026-09-04,2875,0,0.5139664804469274,2.5641025641025643,False
EKC,2005-12-15,0,2005-12-15,2026-09-04,5121,2,4.722046724322541,15.994057935132462,False
ELANTAS,2026-04-20,60,2026-07-16,2026-09-04,97,2,1.2253711201079622,5.422144952732805,False
ELCIDIN,2026-04-20,60,2026-07-16,2026-09-04,97,2,0.5,1.2817629862828874,False
ELDEHSG,2022-04-12,60,2022-07-08,2026-09-04,1087,1,0.20566801619433198,4.373526880915858,False
ELECON,2006-09-29,0,2006-09-29,2026-09-04,4924,2,0.4229722373434948,8.215297450424927,True
ELECTCAST,2005-01-03,0,2005-01-03,2026-09-04,5358,451,8.505107447935952,6.166219839142084,False
ELECTHERM,2007-08-20,57,2007-11-08,2026-09-04,4706,1,1.73954802259887,3.5714285714285716,True
ELGIEQUIP,2005-01-03,0,2005-01-03,2026-09-04,5358,451,1.8614656370157356,2.238805970149259,False
ELGIRUBCO,2005-01-03,0,2005-01-03,2026-09-04,5358,451,2.407937674555343,4.781123874573099,False
ELIN,2022-12-30,0,2022-12-30,2026-09-04,908,1,51.260342358927154,8.521170335012817,True
ELIQUID,2025-10-10,59,2026-01-30,2026-09-04,208,0,2.0719532868713504,0.0019665876753932497,True
ELITECON,2026-04-20,0,2026-04-20,2026-09-04,97,79,1.5557453634976428,9.100877192982454,False
ELLEN,2025-07-01,0,2025-07-01,2026-09-04,293,4,14.521653244392006,9.090909090909093,True
ELM250,2025-09-09,60,2025-12-05,2026-09-04,246,2,0.3122284163893423,0.7117437722419988,False
ELPROINTL,2026-04-20,0,2026-04-20,2026-09-04,97,79,0.24698165863268018,19.51219512195122,False
EMAMILTD,2006-08-03,54,2006-10-20,2026-09-04,4964,0,0.6304794319582184,21.303841676367867,True
EMAMIPAP,2019-05-31,60,2019-08-28,2026-05-15,1696,0,0.14375706670973995,8.686922768036402,True
EMAMIPAP-BE,2019-05-30,60,2019-08-27,2026-09-04,1804,0,1.849939975990396,9.788891681326975,True
EMAMIREAL,2015-01-01,10,2015-01-15,2026-09-04,2857,1,0.7617253491170286,10.383561643835613,True
EMBDL,2007-03-23,0,2007-03-23,2026-09-04,4795,1,3.332079253782587,28.685363387875846,True
EMCURE,2024-07-10,0,2024-07-10,2026-09-04,536,3,76.93565333926517,4.410845013427513,True
EMETAL,2026-07-28,24,2026-08-31,2026-09-04,29,1,1.8291762540266912,4.531722054380675,True
EMIL,2022-10-17,0,2022-10-17,2026-09-04,960,3,17.214844495978326,9.349112426035509,True
EMKAY,2006-04-28,52,2006-07-12,2026-09-04,5025,0,1.3343531171391665,16.63051337671728,True
EMMBI,2010-02-24,0,2010-02-24,2026-05-15,4003,3,72.94391220524989,76.79358717434872,True
EMMBI-BE,2010-02-24,0,2010-02-24,2026-09-04,4090,3,72.94137005868392,75.30434782608695,True
EMMVEE,2025-11-18,0,2025-11-18,2026-09-04,199,2,9.871183395462486,9.439380127620788,True
EMPOWER,2026-04-20,0,2026-04-20,2026-09-04,97,79,1.985771111476879,14.285714285714285,False
EMSLIMITED,2023-09-21,0,2023-09-21,2026-09-04,729,1,17.675763829880275,8.2162239873486,True
EMUDHRA,2022-06-01,0,2022-06-01,2026-09-04,1059,1,43.054814529742586,8.918185343156264,True
EMULTIMQ,2024-11-07,60,2025-02-03,2026-09-04,452,1,1.019252756697028,2.4610748367654365,False
ENDURANCE,2016-10-19,0,2016-10-19,2026-09-04,2448,2,83.51354486905922,12.59168704156479,True
ENERGY,2025-11-13,0,2025-11-13,2026-09-04,201,3,3.7205105633802815,11.06817554512834,True
ENERGYDEV,2007-11-02,56,2008-01-23,2026-09-04,4625,0,1.7521474092546412,3.5592776760010376,True
ENEXT50,2026-05-25,60,2026-08-19,2026-09-04,73,3,15.23945147679325,2.1333333333333258,True
ENGINERSIN,2005-01-03,0,2005-01-03,2026-09-04,5358,451,3.4624505928853755,1.4887436456063912,False
ENIFTY,2025-11-27,60,2026-02-23,2026-09-04,192,0,0.3707180665135324,0.4276827371695157,False
ENIL,2006-02-15,0,2006-02-15,2026-09-04,5080,1,62.5815144100713,18.0015111446921,True
ENRIN,2025-06-19,0,2025-06-19,2026-09-04,302,3,4.587891898698881,10.383836460252178,True
ENTERO,2024-02-16,0,2024-02-16,2026-09-04,630,2,8.848915987484077,10.177895698316734,True
EPACK,2024-01-30,0,2024-01-30,2026-09-04,643,1,16.670449580364146,8.81502890173411,True
EPACKPEB,2025-10-01,0,2025-10-01,2026-09-04,228,4,8.420410605963582,7.2642400083919,True
EPIGRAL,2023-08-31,0,2023-08-31,2026-09-04,739,3,3.5850600374102455,4.875998318621261,True
EPL,2005-01-03,0,2005-01-03,2026-09-04,5358,451,2.7484882032857425,5.27620396600566,False
EQUAL200,2025-03-17,52,2025-06-04,2026-09-04,365,1,1.0942980037498622,3.105590062111804,False
EQUAL50,2025-05-15,60,2025-08-11,2026-09-04,324,0,1.168091168091168,1.010783840334796,False
EQUAL50ADD,2021-11-12,60,2022-02-08,2026-09-04,1195,1,0.5517520761596111,1.7437685916504286,False
EQUIPPP-BE,2021-05-20,60,2021-08-13,2026-09-04,1203,0,0.43663003663003663,0.0,False
EQUITASBNK,2020-11-02,0,2020-11-02,2026-09-04,1445,1,11.731799713557272,9.451029320024945,True
ERIS,2017-06-29,0,2017-06-29,2026-09-04,2276,1,21.05989558305376,5.529608006672223,True
ESABINDIA,2005-01-03,0,2005-01-03,2026-09-04,5358,451,1.1032582978435748,2.7249910362136847,False
ESAFSFB,2023-11-10,44,2024-01-16,2026-05-15,617,1,0.8977617953548134,3.553886160069335,False
ESAFSFB-BE,2023-11-10,0,2023-11-10,2026-09-04,700,4,27.54620777819867,9.051412020275164,True
ESCORTS,2005-01-03,0,2005-01-03,2026-09-04,5358,451,5.063578919399168,3.727926749509476,False
ESENSEX,2025-11-27,60,2026-02-25,2026-09-04,190,2,3.426048565121413,0.848999393571848,True
ESG,2023-08-29,47,2023-11-07,2026-09-04,741,1,1.2133865969486164,0.7514088916718799,False
ESILVER,2023-11-24,59,2024-02-20,2026-09-04,690,1,1.7335766423357664,0.8201202843083769,True
ESSARSHPNG,2011-11-15,44,2012-01-17,2026-09-04,3653,0,1.8452496744094034,18.86446886446886,True
ESSENTIA,2013-08-20,57,2013-11-13,2026-09-04,3216,1,27.125293991875132,7.499999999999993,True
ESTER,2011-06-20,47,2011-08-25,2026-09-04,3751,0,2.866646834518755,2.946661693397983,True
ETERNAL,2021-07-23,0,2021-07-23,2026-09-04,1246,1,14.200855102150712,18.968253968253972,True
ETHOSLTD,2022-05-30,30,2022-07-11,2026-09-04,1056,0,1.550262426917841,12.244897959183673,True
EUREKAFORB,2024-09-11,0,2024-09-11,2026-09-04,490,3,1.401111301864592,4.890821065112143,False
EUROBOND,2022-01-07,37,2022-03-03,2026-09-04,1150,0,0.8,3.457738748627888,False
EUROPRATIK,2025-09-23,0,2025-09-23,2026-09-04,235,1,20.33726758510121,12.456719542636284,True
EUROTEXIND-BE,2005-01-03,0,2005-01-03,2026-09-04,4754,451,1.5453805133054876,3.162055335968382,False
EVEREADY,2005-01-03,60,2005-03-31,2026-09-04,5358,0,0.0,8.520998174071819,False
EVERESTIND-BE,2005-01-03,60,2005-03-31,2026-09-04,5357,0,0.1490834347078317,3.0481468652580572,False
EVIETF,2025-04-15,0,2025-04-15,2026-09-04,347,1,0.9593982118903971,3.638452700114896,False
EVINDIA,2024-07-16,0,2024-07-16,2026-09-04,528,1,2.0558768926996254,2.4368231046931474,True
EXCELINDUS,2005-01-03,60,2005-03-31,2026-09-04,5358,0,1.6797419623348246,4.941373534338363,False
EXCELSOFT,2025-11-26,0,2025-11-26,2026-09-04,192,1,7.728356734140781,13.860442962610152,True
EXICOM,2024-03-05,0,2024-03-05,2026-09-04,618,2,15.962900877621191,24.672149366525897,True
EXIDEIND,2005-01-03,0,2005-01-03,2026-09-04,5358,451,0.7529509263844337,2.3705552089831614,False
EXPLEOSOL,2009-10-26,0,2009-10-26,2026-09-04,4167,1,7.176261091087554,26.652821045344403,True
EXXARO,2021-08-16,0,2021-08-16,2026-09-04,1255,4,5.824277328760967,4.761904761904768,True
FABTECH,2025-10-07,0,2025-10-07,2026-09-04,226,3,8.244233602757328,5.537280701754383,True
FACT,2005-01-03,0,2005-01-03,2026-09-04,5358,451,4.248701602382652,11.7829457364341,False
FAIRCHEMOR,2020-12-24,0,2020-12-24,2026-05-15,1330,3,6.265455351207622,10.14469784617335,True
FAIRCHEMOR-BE,2020-12-24,0,2020-12-24,2026-09-04,1413,3,6.265455351207622,10.14370245139476,True
FAZE3Q,2022-11-18,60,2023-02-13,2026-09-04,943,0,1.0575129533678755,2.852558388304511,False
FCL,2015-01-15,0,2015-01-15,2026-09-04,2873,1,14.948626893939394,8.08510638297872,True
FCSSOFT,2015-01-01,0,2015-01-01,2026-09-04,2750,99,0.40538470959737155,16.666666666666664,False
FDC,2005-01-03,0,2005-01-03,2026-09-04,5358,451,2.4426596409175003,2.6785714285714377,False
FEDDERSHOL,2026-04-20,0,2026-04-20,2026-09-04,97,79,0.0465627973358706,7.9999999999999964,False
FEDERALBNK,2005-01-03,0,2005-01-03,2026-09-04,5377,451,1.0428375593302865,2.7450980392156836,False
FEDFINA,2023-11-30,32,2024-01-16,2026-09-04,683,1,4.336692579251152,2.4398995335486227,True
FERMENTA,2026-04-20,9,2026-05-04,2026-09-04,97,0,1.7840043754470107,22.20729044179405,True
FIBERWEB,2022-02-16,0,2022-02-16,2026-09-04,1124,3,9.18836987855941,15.39256198347108,True
FIEMIND,2006-10-19,0,2006-10-19,2026-09-04,4911,1,14.386857681114595,40.78947368421052,True
FILATEX,2011-08-29,57,2011-11-25,2026-09-04,3702,0,2.239441092410289,7.4935400516796,True
FILATFASH,2024-05-06,0,2024-05-06,2026-09-04,577,1,0.36836475177680594,8.494208494208502,True
FINCABLES,2005-01-03,0,2005-01-03,2026-09-04,5358,451,1.0026568601816785,1.7726161369193103,False
FINEORG,2018-07-02,0,2018-07-02,2026-09-04,2026,2,128.15370209203178,5.718279047156062,True
FINIETF,2022-11-30,57,2023-02-20,2026-09-04,935,1,0.2291476956114003,3.7897310513447278,False
FINKURVE,2025-10-01,24,2025-11-07,2026-09-04,229,2,0.5548995967239014,7.49696573615909,False
FINOPB,2021-11-12,0,2021-11-12,2026-09-04,1190,2,24.81717327129911,13.21934179077037,True
FINPIPE,2005-01-03,0,2005-01-03,2026-09-04,5358,451,1.2674903468284886,3.5714285714285716,False
FIRSTCRY,2024-08-13,0,2024-08-13,2026-09-04,513,2,46.60426494587069,9.969076719187166,True
FISCHER,2025-07-10,0,2025-07-10,2026-09-04,286,2,0.2874827518233787,8.997164217581838,True
FIVESTAR,2022-11-21,0,2022-11-21,2026-09-04,938,2,36.07237412716865,19.469189654113176,True
FLAIR,2023-12-01,0,2023-12-01,2026-09-04,686,1,15.893900300210335,14.082945220669773,True
FLEXIADD,2025-10-17,0,2025-10-17,2026-09-04,218,3,0.4124837062204842,1.032863849765253,False
FLEXITUFF,2011-10-19,0,2011-10-19,2026-05-15,3590,2,25.802526779804257,27.60105826616626,True
FLEXITUFF-BE,2011-10-19,0,2011-10-19,2026-09-04,3646,2,25.802526779804257,27.604953186348528,True
FLUOROCHEM,2019-10-16,58,2020-01-09,2026-09-04,1706,0,0.3136242682277807,1.586397520730384,False
FMCGADD,2026-05-22,59,2026-08-17,2026-09-04,74,125,0.43812602003264106,1.1323862466543075,False
FMCGIETF,2021-08-10,0,2021-08-10,2026-09-04,1259,2,1.6175089754211545,5.47945205479452,True
FMGOETZE,2005-01-03,0,2005-01-03,2026-09-04,5358,451,3.7309155341699722,8.45744680851064,False
FMNL,2010-12-31,53,2011-03-18,2026-09-04,3867,1,0.26420521783458045,3.89321468298109,False
FOCUS,2017-07-27,59,2017-10-24,2026-05-15,2170,0,2.0,0.0,True
FOCUS-BE,2017-04-13,224,2019-02-22,2026-09-04,1777,1,0.3333333333333333,0.0,False
FOODSIN,2021-11-16,0,2021-11-16,2026-09-04,1188,1,3.534309846417209,1.4464911289411246,True
FORCEMOT,2019-08-20,0,2019-08-20,2026-09-04,1673,4,3.5329176409457004,6.896825712129035,True
FORTIS,2007-05-09,0,2007-05-09,2026-09-04,4778,1,21.955537549571595,11.932101847229157,True
FOSECOIND,2005-01-03,60,2005-03-31,2026-09-04,5357,0,0.7995337995337995,8.593830955752843,False
FRACTAL,2026-02-16,0,2026-02-16,2026-09-04,137,4,9.527592073134521,7.790828070589624,True
FRONTSP,2026-04-20,9,2026-05-04,2026-09-04,97,0,0.3768350335904454,4.790546277950753,False
FSL,2007-02-22,0,2007-02-22,2026-09-04,4828,2,20.593972117772722,17.03331238214959,True
FUSION,2016-02-22,123,2022-11-15,2026-09-04,1069,0,21.37520236409515,13.453100158982512,True
GABRIEL,2005-04-20,9,2005-05-03,2026-09-04,5285,0,0.1600643109686138,4.981203007518808,False
GAEL,2005-01-03,0,2005-01-03,2026-09-04,5358,451,2.8089026264319643,4.761904761904766,False
GAIL,2005-01-03,0,2005-01-03,2026-09-04,5358,451,1.6506643963041188,10.615448161916563,False
GALAPREC,2024-09-09,0,2024-09-09,2026-09-04,494,1,7.0829641002159285,4.7612758370204,True
GALAXYSURF,2018-02-08,60,2018-05-10,2026-09-04,2123,1,7.4445899594636735,5.35475234270415,True
GALLANTT,2006-04-04,0,2006-04-04,2026-09-04,4952,1,33.64221272564169,33.10104529616725,True
GANDHAR,2023-11-30,32,2024-01-16,2026-09-04,683,1,0.8218603166722814,1.880214657840108,False
GANDHITUBE,2007-01-31,60,2007-04-30,2026-09-04,4841,1,0.0,0.0,False
GANECOS,2015-03-09,60,2015-06-05,2026-09-04,2839,0,0.2499850344208321,2.2131252398618266,False
GANESHBE,2021-09-16,0,2021-09-16,2026-05-15,1151,3,8.949575227606054,13.869772366331402,True
GANESHCP,2025-09-29,0,2025-09-29,2026-09-04,231,2,16.528183929624415,5.795263717056776,True
GANESHHOU,2025-09-10,0,2025-09-10,2026-09-04,244,3,0.7244401168451802,1.4778605127039164,False
GANGAFORGE,2018-07-25,52,2018-10-12,2026-09-04,2001,1,2.0000062500390627,0.0,True
GANGESSECU,2017-07-31,47,2017-10-09,2026-09-04,2248,1,0.5768475750577368,5.253164556962033,False
GARFIBRES,2007-04-03,0,2007-04-03,2026-09-04,4801,2,2.729283240074607,13.66459627329193,True
GARUDA,2024-10-15,0,2024-10-15,2026-09-04,469,1,71.87432276394176,19.39063381606168,True
GATECH,2016-07-25,0,2016-07-25,2026-07-15,1773,2,0.9740670421447983,10.490196078431376,True
GATECH-BE,2016-07-25,0,2016-07-25,2026-09-04,1810,2,0.9740670421447983,10.490196078431376,True
GATECHDVR,2023-07-07,34,2023-09-07,2026-05-15,690,1,1.1381991947077874,3.9024390243902474,False
GATECHDVR-BE,2017-10-10,58,2018-01-04,2026-09-04,2188,0,0.03757755341199821,0.0,False
GATEWAY,2022-03-22,0,2022-03-22,2026-09-04,1102,1,0.09176518871236507,4.7038599781215895,False
GAUDIUMIVF-BE,2026-02-27,0,2026-02-27,2026-09-04,128,1,17.49804634975876,9.531522551706958,True
GAYAHWS,2018-06-28,20,2018-07-26,2026-09-04,2021,2,0.23125258191463918,0.0,False
GAYAPROJ,2011-08-22,0,2011-08-22,2026-09-04,3408,2,0.432869043652116,14.567706277141735,True
GCSL,2025-09-04,58,2025-11-28,2026-09-04,248,1,5.9865702479338845,3.9810452654489317,True
GEECEE-BE,2006-10-04,0,2006-10-04,2026-09-04,4922,1,22.575681610319684,12.679808204581786,True
GEEKAYWIRE,2017-08-24,59,2017-11-20,2026-09-04,2230,0,40000.0,0.0,True
GEMAROMA,2025-08-26,0,2025-08-26,2026-09-04,255,5,13.76111263965504,10.954395862717456,True
GENCON,2021-02-16,60,2021-05-19,2026-09-04,1372,0,0.15886964217979516,6.313917296576264,False
GENESYS,2005-01-03,0,2005-01-03,2026-09-04,5356,451,10.383874011850065,11.510791366906473,False
GENUSPAPER,2015-02-16,27,2015-03-27,2026-09-04,2852,1,33.92387427084645,0.0,True
GENUSPOWER,2005-07-08,0,2005-07-08,2026-09-04,5228,1,4.973982397794734,5.680868838763573,False
GEOJITFSL,2005-07-01,0,2005-07-01,2026-09-04,5233,2,9.529750043675694,4.529201430274145,False
GESHIP,2005-01-03,0,2005-01-03,2026-09-04,5358,451,0.6971727896435563,1.4590932777488332,False
GFLLIMITED,2005-01-03,0,2005-01-03,2026-09-04,5358,451,1.6280983404662823,4.568527918781729,False
GHCL,2005-01-03,0,2005-01-03,2026-09-04,5358,451,0.9235515338913908,5.451936872309895,False
GHCLTEXTIL,2023-06-12,0,2023-06-12,2026-09-04,799,1,0.7860585462096598,7.450110864744999,False
GICHSGFIN,2005-01-03,0,2005-01-03,2026-09-04,5358,451,1.243873027379691,3.016393442622945,False
GICL,2016-10-19,235,2021-04-07,2026-09-04,1196,0,2.0000667735042734,0.0,True
GICRE,2017-10-25,0,2017-10-25,2026-09-04,2197,1,108.66189135475322,13.610719322990123,True
GILLANDERS,2009-12-14,8,2009-12-24,2026-09-04,4133,0,3.281064814201058,5.233818519665524,True
GILLETTE,2005-01-03,58,2005-03-29,2026-09-04,5358,0,5.241067761806981,1.9504876219054763,False
GILT10BETA,2024-02-05,60,2024-05-08,2026-09-04,638,0,0.557194362504097,1.868752716210342,False
GILT5BETA,2024-02-05,60,2024-05-07,2026-09-04,610,0,1.723756906077348,1.0989010989010979,True
GILT5YBEES,2015-01-01,127,2021-04-08,2026-09-04,1466,0,0.2608695652173913,4.863731656184487,False
GINNIFILA-BE,2005-01-03,0,2005-01-03,2026-09-04,5358,451,8.336807046303162,14.05109489051094,False
GIPCL,2005-01-03,0,2005-01-03,2026-09-04,5358,451,1.3895943698895556,2.0697167755991424,False
GKENERGY,2025-09-26,0,2025-09-26,2026-09-04,232,3,8.775377945952387,5.782759031834976,True
GKSL,2025-12-30,0,2025-12-30,2026-09-04,170,1,22.151207527412794,19.22709010904916,True
GKWLIMITED,2005-01-03,0,2005-01-03,2026-09-04,5343,451,1.6440783536081558,7.112970711297069,False
GLAND,2020-11-20,0,2020-11-20,2026-09-04,1436,1,15.822339697811998,8.243796543101316,True
GLAXO,2005-01-03,0,2005-01-03,2026-09-04,5358,451,0.8175372086492558,4.032467870336646,False
GLENMARK,2005-01-03,0,2005-01-03,2026-09-04,5358,451,2.022676494121992,7.979329736302151,False
GLFL,2015-01-02,131,2019-07-15,2026-09-04,1664,1,2.7777777777777777,0.0,True
GLOBAL,2020-12-07,0,2020-12-07,2026-09-04,1426,1,1.8000193186940563,0.0,True
GLOBALE,2024-08-27,60,2024-11-22,2026-09-04,503,1,0.050343507151706275,6.180665610142629,False
GLOBALVECT,2006-10-27,0,2006-10-27,2026-09-04,4907,2,31.194545809983058,42.63999999999999,True
GLOBE,2018-07-13,60,2018-10-12,2026-09-04,2008,1,0.0,0.0,False
GLOBECIVIL,2025-07-01,0,2025-07-01,2026-09-04,294,4,5.422324339044019,7.939868727503706,True
GLOBUSSPR,2009-09-23,0,2009-09-23,2026-09-04,4190,1,30.770286120989777,24.3956043956044,True
GLOSTERLTD,2024-04-26,60,2024-07-25,2026-09-04,585,0,0.4774561921638118,1.6960366435523795,False
GLOTTIS,2025-10-07,0,2025-10-07,2026-09-04,226,3,28.459257401896416,14.13381123058542,True
GMBREW,2005-01-03,4,2005-01-07,2026-09-04,5358,0,0.11254457203461182,8.620689655172415,False
GMDCLTD,2005-01-03,0,2005-01-03,2026-09-04,5358,451,0.39103870302212146,2.629107981220657,False
GMMPFAUDLR,2018-03-05,33,2018-04-23,2026-09-04,2101,0,1.4967091731797615,5.082390311693473,False
GMRAIRPORT,2025-05-26,0,2025-05-26,2026-09-04,320,15,1.0220460086397558,1.8379378106577313,False
GMRP&UI,2022-03-23,0,2022-03-23,2026-09-04,1101,1,0.6421554832438007,5.263157894736839,False
GNA,2016-09-26,0,2016-09-26,2026-09-04,2457,1,10.417187874636069,7.995534180693921,True
GNFC,2005-01-03,0,2005-01-03,2026-09-04,5358,451,1.0724557221079216,8.31168831168832,False
GNRL,2026-04-20,0,2026-04-20,2026-09-04,97,79,0.10760750039272811,4.321608040201002,False
GOACARBON,2007-06-05,60,2007-08-29,2026-09-04,4759,0,1.5182849936948297,7.048008171603683,True
GOCLCORP,2007-11-08,0,2007-11-08,2026-09-04,4649,1,2.738562532317169,17.744241461477365,True
GOCOLORS,2021-11-30,0,2021-11-30,2026-09-04,1179,1,47.52454914025875,15.69753529552526,True
GODAVARIB,2024-10-30,0,2024-10-30,2026-09-04,458,1,18.19512995611166,13.534382284382282,True
GODFRYPHLP,2005-01-03,25,2005-02-09,2026-09-04,5358,0,0.8421180471216906,2.5,False
GODIGIT,2024-05-23,0,2024-05-23,2026-09-04,569,2,47.79105073329204,11.11111111111111,True
GODREJAGRO,2017-10-16,0,2017-10-16,2026-09-04,2202,1,58.76819422848538,11.181062704608415,True
GODREJCP,2005-01-03,0,2005-01-03,2026-09-04,5358,451,3.0240074652188667,6.262230919765171,False
GODREJIND,2005-01-03,0,2005-01-03,2026-09-04,5358,451,1.2108590708285627,5.2816901408450745,False
GODREJPROP,2010-01-05,0,2010-01-05,2026-09-04,4124,1,107.34649758938757,15.75471320497939,True
GOKEX,2015-01-01,54,2015-03-23,2026-09-04,2890,0,0.36437419906023066,8.333333333333332,True
GOKUL,2008-06-04,0,2008-06-04,2026-09-04,4475,1,16.73045393918055,25.648332858364203,True
GOKULAGRO,2016-03-14,51,2016-05-31,2026-09-04,2588,0,2.186578815888084,16.31097560975609,True
GOLD1,2015-01-01,0,2015-01-01,2026-09-04,2889,99,0.22277322143810796,0.816326530612242,False
GOLD360,2025-03-17,59,2025-06-13,2026-09-04,365,1,44.05158324821246,1.6734279918864157,True
GOLDADD,2023-05-08,59,2023-07-31,2026-09-04,829,1,0.6823394495412844,2.711864406779648,False
GOLDAXIS,2015-01-01,60,2015-03-31,2026-09-04,2888,0,0.6780487804878049,1.4314928425357931,False
GOLDBEES,2015-01-01,0,2015-01-01,2026-09-04,2889,99,0.5640305098354075,0.6109979633401309,False
GOLDBETA,2015-01-01,0,2015-01-01,2026-09-04,2889,99,0.4874937468734367,1.0224948875255624,False
GOLDBND,2025-12-12,14,2026-01-02,2026-09-04,181,1,0.19893887146317546,1.5326240607097703,False
GOLDCASE,2024-03-01,0,2024-03-01,2026-09-04,623,1,0.9834026832587983,9.900990099009901,True
GOLDETF,2015-01-01,164,2015-12-31,2026-09-04,1388,4,29.048275862068966,9.891598915989157,True
GOLDIAM,2005-08-29,0,2005-08-29,2026-09-04,5193,1,2.260599205814983,15.763546798029553,False
GOLDIETF,2015-01-01,51,2015-03-18,2026-09-04,2889,0,0.354639175257732,1.1138613861386122,False
GOLDTECH-BE,2015-01-01,211,2016-04-11,2026-09-04,2769,0,0.16190820383086374,0.0,False
GOODLUCK,2016-09-07,0,2016-09-07,2026-09-04,2469,1,0.9368566685113447,3.716555565701769,False
GOODYEAR,2015-12-31,81,2020-10-05,2026-09-04,937,4,1.771538986133212,6.460657036630706,True
GOPAL,2024-03-14,0,2024-03-14,2026-09-04,612,1,38.15267337310917,11.855955678670362,True
GOYALALUM,2015-12-31,153,2023-03-10,2026-09-04,997,0,0.45424153166421205,0.6791171477079773,False
GPIL,2006-04-25,0,2006-04-25,2026-09-04,5035,1,70.23581677127314,39.80582524271844,True
GPPL,2010-09-09,0,2010-09-09,2026-09-04,3953,1,41.5553112602678,11.093688749510003,True
GPTHEALTH,2024-02-29,0,2024-02-29,2026-09-04,621,1,19.928060892170596,11.85713547319998,True
GPTINFRA,2016-07-11,0,2016-07-11,2026-09-04,2509,2,0.28419231160723374,4.585930543187879,False
GRADIENTE,2026-05-08,0,2026-05-08,2026-09-04,84,2,0.5837040900862202,5.26315789473685,False
GRANDOAK,2026-04-20,49,2026-07-01,2026-09-04,97,3,3.4313682836632586,9.50413223140496,True
GRANULES,2005-06-20,0,2005-06-20,2026-09-04,5242,1,1.3340997956950578,15.177713736791546,False
GRAPHITE,2005-01-03,0,2005-01-03,2026-09-04,5358,451,1.0455414803341223,1.624035728786042,False
GRASIM,2003-01-27,0,2003-01-27,2026-09-04,5821,16,2.0000279867976944,3.345388788426766,False
GRAUWEIL,2021-08-05,0,2021-08-05,2026-09-04,648,2,0.9006585130158435,5.50314465408805,False
GRAVISSHO,2026-04-20,60,2026-07-17,2026-09-04,96,0,0.10393258426966293,5.1584625758597475,False
GRAVITA,2010-11-16,0,2010-11-16,2026-09-04,3906,1,14.277935859555493,24.84501669051026,True
GREAVESCOT,2005-01-03,0,2005-01-03,2026-09-04,5358,451,1.0384267631103075,3.7522603978300264,False
GREENLAM,2015-03-02,57,2015-05-27,2026-09-04,2843,1,0.2833525567089581,4.8585023791635304,False
GREENPANEL,2019-10-23,4,2019-10-29,2026-09-04,1702,0,9.44053299865148,10.26977314530963,True
GREENPLY,2005-01-03,0,2005-01-03,2026-09-04,5358,451,1.3316868992544668,7.837837837837826,False
GREENPOWER,2010-10-08,0,2010-10-08,2026-09-04,3924,2,89.10137460804756,19.120505344995152,True
GRINDWELL,2006-09-11,52,2006-11-27,2026-09-04,4938,0,1.5248962655601659,7.3421926910299025,True
GRINFRA,2021-07-19,0,2021-07-19,2026-09-04,1269,2,86.76981762494779,16.484739572766,True
GRMOVER,2022-09-07,0,2022-09-07,2026-09-04,987,2,3.008137194855193,9.05987228930898,True
GROBTEA,2016-07-14,60,2016-10-13,2026-09-04,2506,0,9.23943661971831,5.474906677727078,True
GROWW,2025-11-12,0,2025-11-12,2026-09-04,203,2,7.0795437524553755,17.056270463717354,True
GROWWCAPM,2025-12-05,0,2025-12-05,2026-09-04,185,2,2.3302492932408123,19.78346456692913,True
GROWWCHEM,2026-01-16,0,2026-01-16,2026-09-04,158,1,1.4441287595577754,2.340202584701356,False
GROWWDEFNC,2024-10-11,0,2024-10-11,2026-09-04,469,1,21.87273274925025,4.463493940289678,True
GROWWEV,2024-08-12,0,2024-08-12,2026-09-04,510,1,3.1236429840958952,2.8928136419001085,True
GROWWGOLD,2024-10-24,0,2024-10-24,2026-09-04,463,1,0.7770091078350105,2.554278416347384,False
GROWWHOSPI,2026-03-05,0,2026-03-05,2026-09-04,125,2,23.86618290564461,11.61825726141079,True
GROWWLIQID,2024-09-26,0,2024-09-26,2026-09-04,479,1,6.501748711300016,4.994007191370355,True
GROWWLOVOL,2025-06-17,0,2025-06-17,2026-09-04,303,1,1.602110487340502,1.294820717131482,True
GROWWMC150,2025-11-17,59,2026-02-10,2026-09-04,200,0,2.2338058222831885,2.946823235254719,True
GROWWMETAL,2025-12-23,0,2025-12-23,2026-09-04,174,3,0.5913585225271142,11.827956989247319,True
GROWWMOM50,2025-04-24,0,2025-04-24,2026-09-04,341,1,25.637450622212377,2.949852507374638,True
GROWWN200,2025-02-28,0,2025-02-28,2026-09-04,375,1,36.283474194586894,6.326530612244889,True
GROWWNET,2025-07-03,0,2025-07-03,2026-09-04,291,3,25.29440626701405,1.7034068136272538,True
GROWWNIFTY,2025-07-22,0,2025-07-22,2026-09-04,279,2,2.248171201037582,2.49003984063745,True
GROWWNXT50,2025-08-26,60,2025-11-24,2026-09-04,255,1,1.528167494064321,2.2817025010969547,True
GROWWPOWER,2025-08-07,0,2025-08-07,2026-09-04,266,1,54.99545867393279,2.522704339051463,True
GROWWPSE,2026-02-11,60,2026-05-14,2026-09-04,140,0,1.052232336367577,2.288286598518239,False
GROWWPSUBK,2026-03-27,57,2026-06-23,2026-09-04,110,0,0.8194659776055125,3.5527082119976674,False
GROWWRAIL,2025-02-07,0,2025-02-07,2026-09-04,388,4,1.619436335998792,10.47409040793827,True
GROWWRLTY,2025-10-09,0,2025-10-09,2026-09-04,224,1,1.103382194042935,5.935613682092554,False
GROWWSC250,2025-10-30,0,2025-10-30,2026-09-04,211,2,1.1059490031533985,5.671641791044778,False
GROWWSLVR,2025-05-23,0,2025-05-23,2026-09-04,320,1,16.241687863646526,5.311542390194072,True
GRPLTD,2015-02-12,60,2015-05-15,2026-09-04,2854,0,0.17391304347826086,0.0,False
GRSE,2018-10-10,58,2019-01-07,2026-09-04,1959,1,6.586012861736334,9.219486642221055,True
GRWRHITECH,2022-02-03,0,2022-02-03,2026-09-04,1133,2,0.5884801722591064,5.655511429678424,False
GSEC10ABSL,2024-08-19,60,2025-01-06,2026-09-02,350,1,2.544,0.0,True
GSEC10IETF,2022-12-19,60,2023-04-18,2026-09-04,804,1,4.8059701492537314,0.22685382106904378,True
GSEC10YEAR,2023-04-10,60,2023-08-02,2026-09-04,808,0,0.13725490196078433,1.8329938900203637,False
GSEC5IETF,2022-03-10,60,2022-06-08,2026-09-04,1106,0,2.5815602836879434,1.9796040791841671,True
GSFC,2005-01-03,0,2005-01-03,2026-09-04,5358,451,1.4917821405024363,7.570509648688773,False
GSLSU,2023-03-23,0,2023-03-23,2026-09-04,856,1,11.683501056746392,9.412452499269216,True
GSPCROP,2026-03-24,0,2026-03-24,2026-09-04,112,1,21.001571802810194,10.105263157894736,True
GSPL,2006-02-16,0,2006-02-16,2026-05-07,4995,1,22.405300948630764,26.576019777503088,True
GSS,2008-03-07,0,2008-03-07,2026-09-04,4566,1,3.685991177752061,33.945686900958464,True
GTECJAINX,2023-09-04,60,2023-12-05,2026-05-15,647,0,0.1782762691853601,6.683544303797462,False
GTECJAINX-BE,2017-08-07,191,2019-02-26,2026-09-04,1548,0,0.18181818181818182,0.0,False
GTL,2005-01-03,0,2005-01-03,2026-09-04,5284,451,4.20428391031903,4.754601226993856,False
GTLINFRA,2006-11-09,0,2006-11-09,2026-09-04,4898,1,15.06435215528376,56.798756798756806,True
GTPL,2017-07-04,0,2017-07-04,2026-09-04,2267,1,47.07515249587129,7.5715859030837,True
GUFICBIO,2005-01-03,0,2005-01-03,2026-09-04,5358,451,1.3649390345669474,2.9005524861878373,False
GUJALKALI,2005-01-03,0,2005-01-03,2026-09-04,5358,451,1.0261760331042185,4.617205998421463,False
GUJAPOLLO,2007-06-04,58,2007-08-24,2026-09-04,4759,0,1.7428711096627016,3.9906306931551963,True
GUJENERGY,2005-01-03,0,2005-01-03,2026-09-04,5182,451,1.8143287599993883,6.122448979591836,False
GUJGASLTD,2005-01-03,0,2005-01-03,2026-09-04,5182,451,1.8143287599993883,6.122448979591836,False
GUJRAFFIA,2017-12-13,176,2019-02-21,2026-09-04,1917,0,46.03854389721627,0.0,True
GUJTHEM,2025-02-25,0,2025-02-25,2026-09-04,376,1,0.2688128546997593,12.203250360008226,True
GULFOILLUB,2014-07-31,0,2014-07-31,2026-09-04,2990,1,0.9778168721100241,8.35030549898167,True
GULFPETRO-BE,2005-01-03,0,2005-01-03,2026-09-04,5358,451,10.08104770323252,5.067567567567579,False
GULPOLY,2015-01-28,4,2015-02-03,2026-09-04,2865,1,0.5100593428860906,3.455168475157035,False
GVKPIL-BE,2006-02-27,0,2006-02-27,2026-09-04,4708,1,50.82961420678407,26.210826210826205,True
GVPIL,2003-01-27,0,2003-01-27,2026-09-04,5821,16,0.4879357521054689,7.190966719492874,False
GVPTECH,2022-09-08,60,2022-12-06,2026-08-14,976,2,0.29763715481321146,3.493449781659392,False
GVT&D,2025-05-26,0,2025-05-26,2026-09-04,320,15,1.4369878749715836,1.8711419753086398,False
GYFTR,2026-07-10,0,2026-07-10,2026-09-04,41,1,0.7749501063094322,5.253826605992562,False
HAL,2018-03-28,0,2018-03-28,2026-09-04,2091,1,31.228416934263464,5.649717514124294,True
HALDER,2026-01-19,60,2026-04-20,2026-09-04,156,79,4.867788461538462,9.642829591915453,False
HALDYNGL-BE,2026-04-20,0,2026-04-20,2026-09-04,97,79,0.11262592417634329,6.344750140370585,False
HALEOSLABS,2017-08-17,60,2017-11-15,2026-09-04,2241,0,1.727151136870263,9.513274336283192,True
HAPPSTMNDS,2020-09-17,0,2020-09-17,2026-09-04,1476,1,19.582753512067413,12.11605998104689,True
HAPPYFORGE,2023-12-27,14,2024-01-16,2026-09-04,665,1,0.7977617502709593,2.376446070091858,False
HARDWYN,2022-04-12,47,2022-06-21,2026-09-04,1092,1,0.48325947924645335,8.514190317195322,True
HARIOMPIPE,2022-04-13,0,2022-04-13,2026-09-04,1086,1,7.989212803212868,6.839868147120059,True
HARRMALAYA,2005-01-03,0,2005-01-03,2026-09-04,5358,451,1.246813071724296,6.909391808026472,False
HARSHA,2022-09-26,0,2022-09-26,2026-09-04,979,1,66.76920422312978,20.071942446043163,True
HATHWAY,2010-02-25,0,2010-02-25,2026-09-04,4080,1,96.04965193323828,21.563981042654028,True
HATSUN,2014-06-20,55,2014-09-10,2026-09-04,3018,0,0.39217525289743416,1.3990672884743656,False
HAVELLS,2005-01-03,0,2005-01-03,2026-09-04,5358,451,2.2009738318289247,6.222222222222221,False
HAVISHA,2018-04-13,60,2018-07-09,2026-09-04,2073,1,0.10049261083743842,0.0,False
HAWKINCOOK,2026-04-20,60,2026-07-16,2026-09-04,97,2,0.6244232543832667,1.4963707426018984,False
HBESD,2026-04-20,60,2026-07-16,2026-09-04,97,2,0.3116803903629155,3.4630872483221453,False
HBLENGINE,2007-01-04,60,2007-04-04,2026-09-04,4860,0,5.369698742322316,5.163897620116742,True
HBSL,2018-07-26,60,2018-10-26,2026-09-04,1879,3,0.2549605871160642,0.8928571428571556,False
HCC,2005-01-03,0,2005-01-03,2026-09-04,5358,451,1.628475318652968,8.530183727034125,False
HCG,2016-03-31,0,2016-03-31,2026-09-04,2577,2,19.043141056713523,8.485018202184264,True
HCL-INSYS,2003-01-27,0,2003-01-27,2026-09-04,5821,16,4.615591261078832,3.252944475602927,False
HCLTECH,2003-01-27,0,2003-01-27,2026-09-04,5821,16,2.4152912640038506,5.5702917771883325,False
HDBFS,2025-07-02,0,2025-07-02,2026-09-04,293,4,28.482617786183827,2.883067641202359,True
HDFCAMC,2018-08-06,0,2018-08-06,2026-09-04,2001,1,25.409298833154445,6.509539842873176,True
HDFCBANK,2003-01-01,0,2003-01-01,2026-09-04,5839,23,0.16719346126789134,1.8518518518518452,False
HDFCBSE500,2023-02-21,57,2023-05-19,2026-09-04,877,0,3.579370395177495,7.684210526315794,True
HDFCGOLD,2015-01-01,0,2015-01-01,2026-09-04,2889,99,1.0597402597402596,1.1834319526627106,False
HDFCGROWTH,2024-06-24,59,2024-09-18,2026-09-04,544,1,0.7706348141189102,2.276210913549969,False
HDFCLIFE,2017-11-17,0,2017-11-17,2026-09-04,2180,1,67.10774841234905,17.99187463726059,True
HDFCLIQUID,2023-08-31,60,2023-11-29,2026-09-04,744,1,1.6606026151222286,0.001999999999998181,True
HDFCLOWVOL,2022-10-17,57,2023-01-06,2026-09-04,946,1,13.900497512437811,16.216216216216218,True
HDFCMID150,2023-02-21,60,2023-05-24,2026-09-04,877,0,0.3536460116398494,0.48426150121065775,False
HDFCMOMENT,2022-10-17,57,2023-01-06,2026-09-04,954,1,20.82316442605998,2.855659397715476,True
HDFCNEXT50,2022-08-11,60,2022-11-10,2026-09-04,1008,3,0.8703703703703703,2.7986829727187317,False
HDFCNIF100,2022-08-11,50,2022-10-25,2026-09-04,1008,0,1.3591549295774648,2.8697571743929333,False
HDFCNIFBAN,2024-06-19,0,2024-06-19,2026-09-04,547,3,1.367120569934169,2.6567278287461784,False
HDFCNIFIT,2022-11-22,60,2023-02-15,2026-09-04,933,0,0.42464736451373425,1.679586563307492,False
HDFCNIFTY,2015-12-16,60,2016-03-15,2026-09-04,2653,0,0.19469026548672566,0.6662225183211192,False
HDFCNIMEG,2026-07-31,21,2026-08-31,2026-09-04,26,1,0.8627048811644267,1.7083679794391258,False
HDFCPSUBK,2024-02-07,51,2024-04-25,2026-09-04,634,0,1.1939965978714115,3.9854093488246463,False
HDFCPVTBAN,2022-11-22,60,2023-02-15,2026-09-04,931,0,0.281508739650414,0.7600950118764852,False
HDFCQUAL,2024-06-24,57,2024-09-16,2026-09-04,544,5,0.9309948754196855,1.0424893381772178,False
HDFCSENSEX,2018-05-08,60,2018-08-17,2026-09-04,2036,0,0.24324324324324326,0.6588950836289863,False
HDFCSILVER,2022-09-07,0,2022-09-07,2026-09-04,992,2,1.7909833597623397,6.617508035545471,True
HDFCSML250,2023-02-21,40,2023-04-25,2026-09-04,877,1,0.3646397307275835,0.7885924165496425,False
HDFCVALUE,2024-06-24,58,2024-09-17,2026-09-04,544,1,1.3205035682784059,2.027027027027027,False
HEADSUP,2016-12-14,0,2016-12-14,2026-09-04,2404,1,2.142651181417701,4.753403258201296,True
HEALTHADD,2024-02-07,60,2024-05-09,2026-09-04,633,0,0.9774127310061602,1.7925086666103023,False
HEALTHAXIS,2021-05-21,59,2021-08-13,2026-09-04,1315,0,1.3012223163499939,3.830985915492964,False
HEALTHCARE,2026-02-16,0,2026-02-16,2026-09-04,137,4,0.9957641852378695,0.8147745790331458,False
HEALTHIETF,2021-05-25,56,2021-08-12,2026-09-04,1313,0,0.5405114401076716,2.1658624172371304,False
HEALTHX,2010-10-05,0,2010-10-05,2026-09-04,3935,2,67.98488021351113,30.040413111809617,True
HEALTHY,2021-10-21,3,2021-10-28,2026-09-04,1202,1,2.41582453118684,4.297328687572602,True
HECPROJECT,2017-03-21,60,2017-06-16,2026-09-04,2336,0,0.0,0.0,False
HEG,2005-01-03,0,2005-01-03,2026-08-28,5353,451,2.0145726528162067,1.7587939698492534,False
HEIDELBERG,2005-01-03,0,2005-01-03,2026-09-04,5358,451,0.7767047217779476,3.0276046304541393,False
HEMIPROP,2020-10-22,0,2020-10-22,2026-09-04,1452,3,0.36704939996830566,5.263157894736835,False
HERANBA,2021-03-05,0,2021-03-05,2026-09-04,1359,1,28.047613268230748,18.269482666134408,True
HERITGFOOD,2005-01-03,0,2005-01-03,2026-09-04,5358,451,27.146456478696553,15.19607843137254,False
HEROMOTOCO,2003-01-27,0,2003-01-27,2026-09-04,5821,16,0.5000923839661565,7.000362713093926,False
HESTERBIO,2015-03-13,60,2015-06-11,2026-09-04,2835,0,3.089812148635678,5.177672573492255,True
HEXAGON-BE,2026-06-12,0,2026-06-12,2026-09-04,60,1,5.596537737554113,5.053296486379778,True
HEXATRADEX,2012-04-20,54,2012-07-06,2026-09-04,3546,0,0.5988250319284802,3.6163522012578686,False
HEXT,2025-02-19,0,2025-02-19,2026-09-04,381,1,14.975395540298447,10.491488339826029,True
HFCL,2005-01-03,0,2005-01-03,2026-08-14,5343,451,0.6445709048749451,7.160493827160491,False
HGINFRA,2018-03-09,0,2018-03-09,2026-09-04,2097,1,55.77027292153837,8.924995276780656,True
HGM,2025-08-25,60,2025-11-21,2026-09-04,255,2,0.8807907586042635,7.245567499650981,False
HGS,2007-06-19,0,2007-06-19,2026-09-04,4749,1,35.4842869449729,52.76967930029154,True
HIKAL,2005-01-03,60,2005-03-31,2026-09-04,5356,0,1.4144730451675571,4.239999999999995,False
HILINFRA,2025-08-12,0,2025-08-12,2026-09-04,264,1,3.9482935086036117,4.761904761904762,True
HILTON,2007-05-24,0,2007-05-24,2026-09-04,4632,1,36.869623604448265,17.319895483389327,True
HIMATSEIDE,2005-01-03,59,2005-03-30,2026-09-04,5358,0,1.120404153802975,1.2816569260740285,False
HINDALCO,2003-01-27,0,2003-01-27,2026-09-04,5821,16,3.021601818889522,1.9475510991129927,False
HINDCOMPOS,2005-01-03,60,2005-03-31,2026-09-04,5358,0,2.521823472356935,4.090909090909101,False
HINDCON,2018-03-12,59,2018-06-06,2026-09-04,2095,0,40000.0,1.9693654266958391,True
HINDCOPPER,2010-01-08,0,2010-01-08,2026-09-04,4121,12,0.41916574753736735,15.803814713896458,False
HINDOILEXP,2005-01-03,0,2005-01-03,2026-09-04,5358,451,2.4389241677098275,7.724317295188571,False
HINDPETRO,2005-01-03,0,2005-01-03,2026-09-04,5358,451,1.2438188183701977,3.2876712328767006,False
HINDUNILVR,2003-01-27,0,2003-01-27,2026-09-04,5821,16,1.2907903112693533,1.8440905280804758,False
HINDWAREAP,2019-12-26,2,2019-12-30,2026-09-04,1658,1,1.1465025210514193,4.185340963938491,False
HINDZINC,2006-11-21,0,2006-11-21,2026-09-04,4904,5,0.48206217391017564,4.190585533869107,False
HIRECT,2006-12-26,59,2007-03-23,2026-09-04,4866,1,5.55862977602108,3.5897435897435863,True
HISARMETAL,2017-01-05,60,2017-04-05,2026-09-04,2388,2,11.469096105752055,4.890310786106035,True
HITECH,2016-02-25,56,2016-05-23,2026-09-04,2599,0,2.5,3.977272727272743,True
HITECHCORP-BE,2007-12-20,60,2008-03-18,2026-09-04,4618,0,2.340495867768595,14.88721804511278,True
HITECHGEAR-BE,2005-01-03,52,2005-03-18,2026-09-04,5358,0,0.2523933855526545,0.0,False
HLEGLAS,2021-02-22,0,2021-02-22,2026-09-04,1368,2,0.24573741126517615,12.156095014356561,True
HLVLTD,2005-01-03,0,2005-01-03,2026-09-04,5358,451,2.0459114318589156,8.16714150047484,False
HMAAGRO,2023-07-04,0,2023-07-04,2026-09-04,789,1,31.41057193622743,16.5670367207515,True
HMVL,2010-07-21,50,2010-09-30,2026-05-15,3902,0,15.734211745329148,16.17440225035162,True
HMVL-BE,2010-07-21,50,2010-09-30,2026-09-04,3989,0,15.73760872921921,16.173776498298874,True
HNDFDS,2022-11-10,0,2022-11-10,2026-09-04,925,3,0.2952852967340196,1.8581759742868622,False
HNGSNGBEES,2015-01-01,60,2015-04-07,2026-09-04,2805,0,0.6777777777777778,8.687019111442046,True
HOMEFIRST,2018-03-21,90,2021-02-03,2026-09-04,1476,0,44.339165961046135,22.36754809970619,True
HONASA,2023-11-07,47,2024-01-16,2026-09-04,698,1,1.0150834301427185,5.340699815837932,False
HONAUT,2005-01-03,60,2005-03-31,2026-09-04,5358,0,2.3780544029506685,8.932921877537762,False
HONDAPOWER,2005-01-03,60,2005-03-31,2026-09-04,5358,0,0.0920462270564242,2.023988005996993,False
HPAL,2021-12-27,0,2021-12-27,2026-09-04,1160,1,4.409818074374235,4.754624675126127,True
HPIL,2020-02-11,60,2020-05-14,2026-09-04,1624,0,0.0,0.0,False
HPL,2016-10-04,0,2016-10-04,2026-09-04,2451,1,53.6429861899015,7.266799292661364,True
HSBCGOLD,2026-03-27,60,2026-06-29,2026-09-04,110,1,42.15422885572139,1.1401579933219363,True
HSCL,2007-03-02,33,2007-04-20,2026-09-04,4822,0,0.4785310355618141,6.81492109038737,False
HTMEDIA,2005-09-01,0,2005-09-01,2026-09-04,5191,1,44.141936220675134,37.49102011494253,False
HUBTOWN,2007-02-07,0,2007-02-07,2026-09-04,4838,2,8.705424109330044,31.724199130357615,True
HUDCO,2017-05-19,0,2017-05-19,2026-09-04,2304,1,76.73731643143047,9.009009009009008,True
HUHTAMAKI,2005-01-03,60,2005-03-31,2026-09-04,5358,0,1.486158384388473,2.1136683889149803,False
HYBRIDETF,2026-07-31,0,2026-07-31,2026-09-04,26,2,0.6478355785101965,0.29910269192423866,False
HYBRIDFIN,2022-12-06,60,2023-03-01,2026-05-15,848,0,0.7767797737857618,2.0408163265306047,False
HYBRIDFIN-BE,2022-12-06,60,2023-03-01,2026-09-04,930,0,0.7767797737857618,2.0408163265306047,False
HYUNDAI,2024-10-22,0,2024-10-22,2026-09-04,465,2,25.539129018656876,8.957633937241619,True
IBULLSLTD,2025-10-30,0,2025-10-30,2026-09-04,190,2,1.097352478849856,7.960433349034391,False
ICDSLTD,2021-07-06,60,2021-10-01,2026-09-04,1275,1,12.2858129099068,9.518072289156633,True
ICEMAKE,2017-12-08,24,2018-01-12,2026-09-04,2157,1,2.3529411764705883,4.430083356748141,True
ICICIAMC,2025-12-19,0,2025-12-19,2026-09-04,176,4,52.60647381986176,3.418314984138825,True
ICICIB22,2017-11-28,0,2017-11-28,2026-09-04,2173,1,59.721964252097294,3.4565916398713803,True
ICICIBANK,2003-01-01,0,2003-01-01,2026-09-04,5839,23,0.2189056867520091,1.4492753623188444,False
ICICIGI,2017-09-27,0,2017-09-27,2026-09-04,2214,2,62.12922317461742,8.125366999412803,True
ICICIPRULI,2016-09-29,0,2016-09-29,2026-09-04,2460,2,52.42177044176702,12.979550447862104,True
ICIL,2005-09-12,50,2005-11-25,2026-09-04,5185,0,1.106065790116819,8.794788273615636,False
ICRA,2007-04-13,0,2007-04-13,2026-09-04,4794,1,12.901064780025804,41.04193138500635,True
IDBI,2005-01-03,0,2005-01-03,2026-09-04,5358,451,1.2442771317917862,4.865103936311367,False
IDEA,2007-03-09,0,2007-03-09,2026-09-04,4817,1,27.032281881671942,8.79227053140096,True
IDEAFORGE,2023-07-07,0,2023-07-07,2026-09-04,786,2,43.45826062054215,6.482875786709914,True
IDFCFIRSTB,2015-11-06,0,2015-11-06,2026-09-04,2680,1,5.138818028697419,9.090909090909099,True
IDFNIFTYET,2016-10-18,60,2017-01-30,2026-09-04,2343,1,32.258620689655174,0.35929531757070265,True
IEX,2017-10-23,0,2017-10-23,2026-09-04,2199,2,111.46900767936566,9.852670349907921,True
IFBAGRO,2005-01-03,60,2005-03-31,2026-09-04,5358,0,1.0626232741617356,8.791208791208792,False
IFBIND,2005-01-03,0,2005-01-03,2026-09-04,5358,451,2.360988031576267,7.9734219269102935,False
IFCI,2005-01-03,0,2005-01-03,2026-09-04,5358,451,2.0900923315088185,6.603773584905665,False
IFGLEXPOR,2017-11-14,7,2017-11-23,2026-09-04,2183,0,0.5327293818704082,4.605263157894737,False
IGARASHI,2005-01-03,60,2005-03-31,2026-09-04,5358,0,0.31915191705973006,4.900423396581454,False
IGCL,2025-07-03,0,2025-07-03,2026-09-04,291,3,8.325588451863037,6.343452650657,True
IGIL,2024-12-20,0,2024-12-20,2026-09-04,422,2,16.0792014933463,14.008195477310684,True
IGL,2005-01-03,0,2005-01-03,2026-09-04,5358,451,6.7180948354734875,17.05069124423963,False
IGPL,2007-01-29,60,2007-04-27,2026-09-04,4844,0,0.49397252593215585,3.0402629416598215,False
IIFL,2005-05-17,0,2005-05-17,2026-09-04,5266,1,10.434715507985835,15.74074074074075,False
IIFLCAPS,2024-11-25,0,2024-11-25,2026-09-04,442,1,2.870315145475594,7.130080799358541,True
IITL,2010-08-17,60,2010-11-11,2026-09-04,3960,0,191.0,1.9800815558343723,True
IKIO,2023-06-16,0,2023-06-16,2026-09-04,795,1,22.918533144717216,8.790717320545628,True
IKS,2024-12-19,0,2024-12-19,2026-09-04,425,1,39.583356431402336,9.123594359588958,True
IMAGICAA,2015-04-06,0,2015-04-06,2026-09-04,2828,1,63.510540710833574,20.456786919283672,True
IMFA,2010-07-23,52,2010-10-06,2026-09-04,3978,1,1.0046995425778558,7.657845780022005,False
IMPAL,2005-10-07,60,2006-01-05,2026-09-04,5163,0,1.0972527472527474,1.9715224534501767,False
INA,2026-03-09,0,2026-03-09,2026-09-04,123,1,0.593092571879165,5.040801570085745,False
INCREDIBLE,2016-07-01,25,2016-08-08,2026-09-04,2514,0,2.2375726945444474,12.628624883068289,True
INDBANK,2008-10-08,60,2009-01-09,2026-09-04,4421,0,2.6047806155861166,6.626506024096393,True
INDGN,2024-05-13,0,2024-05-13,2026-09-04,575,1,30.37406379029073,23.279846745988493,True
INDHOTEL,2005-01-03,0,2005-01-03,2026-09-04,5358,451,0.40301840974565073,3.0371203599550087,False
INDIACEM,2005-01-03,0,2005-01-03,2026-09-04,5358,451,0.4249527199089564,2.716468590831921,False
INDIAGLYCO,2005-07-01,0,2005-07-01,2026-07-31,5208,2,0.4450786585498898,6.395348837209311,False
INDIAMART,2019-07-04,0,2019-07-04,2026-09-04,1780,1,150.31085446214703,12.135176651305683,True
INDIANB,2007-03-01,0,2007-03-01,2026-09-04,4823,1,109.67054962427832,25.651720542231484,True
INDIANCARD,2005-01-03,58,2005-03-29,2026-09-04,5347,0,3.8141507615191825,9.934889165264456,False
INDIANHUME,2005-01-03,0,2005-01-03,2026-09-04,5358,451,1.3023783023441609,3.961401726764843,False
INDIASHLTR,2023-12-20,18,2024-01-16,2026-09-04,669,1,1.5397797413607917,4.024336478264712,True
INDIAVIX,2015-01-01,60,2015-03-30,2026-08-21,3397,4,0.0,7.503506311360451,False
INDIGO,2015-11-10,0,2015-11-10,2026-09-04,2678,1,13.73028214758659,5.756625819321744,True
INDIGOPNTS,2021-02-02,0,2021-02-02,2026-09-04,1382,1,105.5382921397052,22.230174820418814,True
INDIQUBE,2025-07-30,0,2025-07-30,2026-09-04,272,2,16.490280091093528,9.804101481855303,True
INDNIPPON,2005-01-03,60,2005-03-31,2026-09-04,5358,0,2.45617342130066,5.202674467195992,False
INDOAMIN,2022-04-29,45,2022-07-04,2026-05-15,998,0,1.4515282078901306,5.937416421503072,False
INDOAMIN-BE,2022-04-29,45,2022-07-04,2026-09-04,1081,0,1.4515282078901306,5.9405940594059405,False
INDOBORAX,2022-03-29,0,2022-03-29,2026-09-04,1097,2,3.3559788793299647,11.76145394236748,True
INDOCO,2005-01-14,0,2005-01-14,2026-09-04,5349,1,40.71094415007731,28.91382918014077,False
INDOFARM,2025-01-07,50,2025-03-19,2026-09-04,412,3,1.524499706815414,3.7915262397689045,True
INDOMIM,2026-07-30,0,2026-07-30,2026-09-04,27,3,26.57256562306574,7.785642062689585,True
INDORAMA,2005-01-03,0,2005-01-03,2026-09-04,5326,451,1.9929616135380719,3.644501278772371,False
INDOSTAR,2018-05-21,0,2018-05-21,2026-09-04,2049,1,105.98993955439308,4.724898974199568,True
INDOTECH,2006-03-16,0,2006-03-16,2026-09-04,5041,1,82.66817817014446,47.260560434964454,True
INDOTHAI,2011-11-02,0,2011-11-02,2026-09-04,3660,1,236.0955055105767,345.02617801047126,True
INDOUS,2024-09-27,40,2024-11-29,2026-09-04,478,1,0.6538433809640535,2.661626292238865,False
INDOWIND,2007-09-14,0,2007-09-14,2026-09-04,4695,1,27.916536155049318,57.21732157177226,True
INDPRUD,2026-04-20,60,2026-07-23,2026-09-04,92,1,0.19230769230769232,0.0,False
INDRAMEDCO,2005-01-03,0,2005-01-03,2026-09-04,5358,451,2.391512517157984,3.6866359447004697,False
INDSWFTLAB,2005-01-03,0,2005-01-03,2026-09-04,5358,451,0.8335726387732246,7.06018518518519,False
INDTERRAIN,2011-03-11,55,2011-06-01,2026-09-04,3819,0,0.20471067170689153,3.297362110311755,False
INDUSINDBK,2003-01-27,0,2003-01-27,2026-09-04,5821,16,1.4209172090207356,6.410256410256411,False
INDUSTOWER,2012-12-28,0,2012-12-28,2026-09-04,3378,1,27.94182109627468,6.365795724465575,True
INFIBEAM,2016-04-04,0,2016-04-04,2026-09-04,2575,2,11.84801965318849,5.971769815418031,True
INFOBEAN,2017-05-02,0,2017-05-02,2026-09-04,2174,1,2.536312849162011,0.0,True
INFOMEDIA,2015-01-01,54,2015-03-23,2026-09-04,1917,0,0.21482377929808097,15.51724137931035,True
INFRA,2026-02-18,0,2026-02-18,2026-09-04,135,1,1.0282224173032743,0.948275862068976,False
INFRABEES,2015-01-01,60,2015-03-31,2026-09-04,2889,0,1.2428169014084507,2.1710914454277326,False
INFRAIETF,2022-08-23,60,2022-11-21,2026-09-04,1002,2,0.16897689768976898,0.8397089009143417,False
INFY,2003-01-01,0,2003-01-01,2026-09-04,5839,23,0.6686698611846463,1.0401386851580225,False
INGERRAND,2005-01-03,15,2005-01-25,2026-09-04,5358,0,0.3527313561001387,2.7673453251630757,False
INNOVACAP,2023-12-29,12,2024-01-16,2026-09-04,663,1,0.9853158878107251,2.946931514971829,False
INNOVANA,2017-12-12,56,2018-03-06,2026-09-04,2154,0,10.0,8.478802992518709,True
INNOVISION,2026-03-23,0,2026-03-23,2026-09-04,113,1,27.08655113678442,25.601282736504547,True
INOXGREEN,2022-11-23,0,2022-11-23,2026-09-04,935,1,31.388689079479008,9.560067681895092,True
INOXINDIA,2023-12-21,17,2024-01-16,2026-09-04,668,1,0.36227076721713836,1.9914051546274139,False
INOXWIND,2015-04-09,0,2015-04-09,2026-09-04,2825,1,38.25192804266843,11.13476490188819,True
INSECTICID,2007-05-30,0,2007-05-30,2026-09-04,4763,1,20.896525370717566,14.594039054470711,True
INSPIRISYS,2015-01-01,55,2015-03-24,2026-09-04,2694,0,0.5342884050112725,5.781250000000004,False
INTELLECT,2014-12-18,0,2014-12-18,2026-09-04,2899,1,0.36985871794951936,4.7455295735901,False
INTENTECH,2017-03-23,0,2017-03-23,2026-09-04,2336,2,1.204760497763363,6.52626423411289,False
INTERARCH,2024-08-26,0,2024-08-26,2026-09-04,504,1,13.601338107511614,11.353807320151455,True
INTERNET,2025-07-08,0,2025-07-08,2026-09-04,288,1,0.6403515462284464,10.334572490706313,True
INTLCONV,2021-09-16,0,2021-09-16,2026-09-04,1229,3,0.43322960357191176,3.8897660399024083,False
INVENTURE,2011-08-04,10,2011-08-19,2026-09-04,3718,0,14.18382710388966,28.535980148883358,True
IOB,2005-01-03,0,2005-01-03,2026-09-04,5358,451,1.3853077142539374,4.0272614622057,False
IOC,2005-01-03,0,2005-01-03,2026-09-04,5358,451,1.5023050469752444,4.429429429429428,False
IOLCP,2010-11-08,57,2011-01-31,2026-09-04,3904,0,0.5847071753807506,11.610486891385765,True
IONEXCHANG,2022-02-22,0,2022-02-22,2026-09-04,1120,1,0.46685354399504897,3.693659489070891,False
IPCALAB,2005-01-03,0,2005-01-03,2026-09-04,5358,451,1.1719214937752898,2.7233115468409586,False
IPL,2021-07-05,0,2021-07-05,2026-09-04,1279,1,26.977540770777395,8.145130339798651,True
IRB,2008-02-25,0,2008-02-25,2026-09-04,4574,1,21.057558648616936,16.877637130801684,True
IRCON,2018-09-28,0,2018-09-28,2026-09-04,1966,1,34.78634406460213,13.49397590361446,True
IRCTC,2019-10-14,0,2019-10-14,2026-09-04,1714,1,13.408529185225818,16.317416695293712,True
IREDA,2023-11-29,0,2023-11-29,2026-09-04,688,1,7.342297355994078,16.666666666666668,True
IRFC,2021-01-29,0,2021-01-29,2026-09-04,1385,1,13.410109534327168,5.848513902205172,True
IRIS,2021-11-08,0,2021-11-08,2026-09-04,1194,1,14.74007305600084,4.915953060577228,True
IRISDOREME,2018-10-23,66,2020-08-18,2026-09-04,1494,1,0.33333712634130247,0.0,False
IRMENERGY,2023-10-26,55,2024-01-16,2026-09-04,706,1,1.2374469566501658,4.862819652575865,False
ISFT,2010-04-12,0,2010-04-12,2026-09-04,4051,1,44.47779832975769,27.27476467951591,True
ISGEC,2021-05-05,0,2021-05-05,2026-09-04,1321,1,2.9894575032075337,8.805556542437923,True
ISHANCH,2025-03-24,60,2025-06-23,2026-09-04,359,1,11.61410262428994,17.135931381689346,True
IT,2024-03-12,0,2024-03-12,2026-09-04,611,4,0.36131125453468427,1.2751849018107626,False
ITADD,2023-07-19,54,2023-10-13,2026-09-04,764,0,5.372937625754528,0.8766437069505357,True
ITAXIS,2021-03-31,60,2021-06-29,2026-09-04,1348,0,2.7074030552291424,5.136045073519304,True
ITBEES,2020-07-01,10,2020-07-15,2026-09-04,1537,0,0.5049472830494728,3.5649546827794767,False
ITBETA,2024-02-02,57,2024-04-30,2026-09-04,636,1,3.1544620191368873,1.634762749045887,True
ITC,2003-01-01,0,2003-01-01,2026-09-04,5839,23,0.3921342369033475,1.5873015873015817,False
ITCHOTELS,2025-01-29,0,2025-01-29,2026-09-04,397,2,2.0471724101635513,5.237125400058191,True
ITDC,2016-12-30,10,2017-01-13,2026-09-04,2392,0,1.8448723793169073,13.887104544724588,True
ITETF,2023-10-27,19,2023-11-23,2026-09-04,710,0,1.3072072791124592,1.014448201660001,False
ITI,2005-01-03,0,2005-01-03,2026-09-04,5358,451,3.6173265394393983,8.263069139966271,False
ITIETF,2020-08-20,13,2020-09-08,2026-09-04,1501,0,20.435625941627833,5.962059620596195,True
IVALUE,2025-09-25,0,2025-09-25,2026-09-04,233,1,12.627686711211236,8.621607237892498,True
IVC,2005-01-03,0,2005-01-03,2026-09-04,5358,451,3.3874755782856907,7.692307692307699,False
IVZINGOLD,2015-01-01,60,2015-03-31,2026-09-04,2791,0,1.0841121495327102,2.2448979591836764,False
IVZINNIFTY,2011-06-17,60,2011-09-14,2026-09-04,2927,0,1.3829787234042554,9.983566146261298,True
IWP,2026-04-20,60,2026-07-16,2026-09-04,97,2,0.9525506072874494,4.826958105646641,False
IXIGO,2024-06-18,0,2024-06-18,2026-09-04,552,1,25.564600753896098,18.537291817523535,True
IZMO,2007-02-05,60,2007-05-07,2026-09-04,4840,0,0.037383177570093455,3.4208432776451807,False
J&KBANK,2005-01-03,0,2005-01-03,2026-09-04,5358,451,1.518609134783651,5.9127864005912745,False
JAGRAN,2006-02-22,0,2006-02-22,2026-09-04,5075,1,35.950206449299245,46.85119349923818,True
JAGSNPHARM,2005-01-03,0,2005-01-03,2026-09-04,5358,451,1.6209911534827794,3.4374999999999933,False
JAIBALAJI,2005-01-03,0,2005-01-03,2026-09-04,5332,451,1.0439120208834096,5.882352941176476,False
JAICORPLTD,2005-01-03,32,2005-02-18,2026-09-04,5358,1,0.629747490015752,1.4583333333333208,False
JAINREC,2025-10-01,0,2025-10-01,2026-09-04,230,4,10.163933642213406,22.162485065710875,True
JAIPURKURT,2016-10-10,59,2017-03-17,2026-09-04,1776,1,2.9997839239412274,19.76863753213369,True
JAMNAAUTO,2010-12-10,60,2011-03-09,2026-09-04,3889,0,0.4692041522491349,6.379707916986933,False
JARO,2025-09-30,0,2025-09-30,2026-09-04,230,4,21.73237259929824,23.170977494121605,True
JASH,2017-10-12,0,2017-10-12,2026-09-04,2197,2,25.072727272727274,27.123587313160765,True
JAYAGROGN,2005-01-03,14,2005-01-24,2026-09-04,5358,0,0.25620446968761573,2.614068441064642,False
JAYBARMARU,2005-01-03,0,2005-01-03,2026-09-04,5358,451,12.13572854291417,2.1276595744680904,False
JAYKAY,2025-12-03,0,2025-12-03,2026-09-04,187,1,0.9551141357575149,5.408597071327345,False
JAYNECOIND,2005-01-03,0,2005-01-03,2026-09-04,5314,451,0.9017784770895914,3.5714285714285716,False
JAYSREETEA,2005-01-03,0,2005-01-03,2026-09-04,5358,451,0.8791036254638881,3.100277955954678,False
JBCHEPHARM,2005-01-03,0,2005-01-03,2026-07-16,5322,451,1.5459676764395354,1.9061583577712566,False
JBMA,2005-01-03,60,2005-03-31,2026-09-04,5357,0,2.3407584942901454,2.1739130434782727,False
JETFREIGHT,2021-12-21,0,2021-12-21,2026-09-04,1169,2,1.173377381285536,4.589371980676325,False
JGCHEM,2024-03-13,0,2024-03-13,2026-09-04,613,1,17.08474998388825,17.557748617286627,True
JHS,2015-12-10,58,2016-03-03,2026-09-04,2658,0,2.73451975696988,7.029478458049889,True
JINDALPHOT,2015-01-01,60,2015-03-31,2026-09-04,2889,0,0.4525396120242855,7.763105242096841,False
JINDALPOLY,2005-01-03,2,2005-01-05,2026-09-04,5358,0,0.9039623291604456,1.1146356507181254,False
JINDALSAW,2005-01-03,0,2005-01-03,2026-09-04,5360,451,0.2456939568330909,1.7412935323383154,False
JINDALSTEL,2005-01-03,0,2005-01-03,2026-09-04,5358,451,3.6088854076211403,8.981851737926787,False
JINDRILL,2005-01-03,0,2005-01-03,2026-09-04,5358,451,2.0087207097899444,3.215561730845568,False
JINDWORLD,2010-11-25,17,2010-12-21,2026-09-04,3892,0,0.020513031889314814,5.813953488372094,False
JIOFIN,2023-08-21,0,2023-08-21,2026-09-04,748,4,1.9773533822886074,5.283489598004103,True
JISLDVREQS,2011-11-30,14,2011-12-21,2026-09-04,3642,0,1.2501942781857762,0.0,False
JISLJALEQS,2005-01-03,0,2005-01-03,2026-09-04,5358,451,3.6169776671183222,3.0449492508458142,False
JITFINFRA,2017-02-27,58,2017-05-24,2026-09-04,2353,0,1.687624466571835,5.936073059360731,True
JKCEMENT,2006-03-14,0,2006-03-14,2026-09-04,5061,1,15.771037368070743,22.44372990353698,True
JKIL,2008-02-12,0,2008-02-12,2026-09-04,4580,1,52.08486357981539,33.67524675827365,True
JKIPL,2025-10-03,0,2025-10-03,2026-09-04,229,3,21.14134151923957,6.7400953476902865,True
JKLAKSHMI,2005-01-03,60,2005-03-31,2026-09-04,5358,0,0.0,5.440900562851783,False
JKPAPER,2005-06-16,0,2005-06-16,2026-09-04,5244,1,3.522469103215528,19.571865443425082,False
JKTYRE,2005-01-03,0,2005-01-03,2026-09-04,5358,451,2.2736880207815804,2.6905829596412554,False
JLHL,2023-09-18,0,2023-09-18,2026-09-04,731,2,57.23508410205603,12.916348606430702,True
JMA,2015-03-16,60,2015-06-12,2026-09-04,2834,0,0.057290174735032943,0.4224757076468163,False
JMFINANCIL,2005-01-03,60,2005-03-31,2026-09-04,5358,0,0.0,0.0,False
JNKINDIA,2024-04-30,0,2024-04-30,2026-09-04,583,1,47.97632385207732,13.10177775855357,True
JOCIL,2008-10-08,60,2009-01-14,2026-09-04,4339,0,3.425531914893617,1.4639976097998266,True
JPOLYINVST,2013-11-11,60,2014-02-05,2026-09-04,3161,0,0.3751864002385923,4.771371769383696,False
JPPOWER,2005-04-18,0,2005-04-18,2026-09-04,5287,1,14.72185633904162,15.569823434991978,False
JSFB,2024-02-14,0,2024-02-14,2026-09-04,632,4,6.725533194618977,11.951650142604917,True
JSL,2005-01-03,0,2005-01-03,2026-09-04,5373,451,1.2772876464751175,3.9634146341463414,False
JSLL,2022-04-19,0,2022-04-19,2026-09-04,1076,2,20.09009009009009,6.2337662337662305,True
JSWCEMENT,2025-08-14,0,2025-08-14,2026-09-04,261,3,17.80230814895308,6.654343807763401,True
JSWDULUX,2003-01-27,60,2003-04-28,2026-09-04,5821,0,0.3354246585164737,3.7217265927728174,False
JSWENERGY,2010-01-04,0,2010-01-04,2026-09-04,4125,1,16.851828255793837,6.296479920674264,True
JSWHL,2005-06-21,56,2005-09-12,2026-09-04,5241,1,1.4174474286904017,0.9162636803257885,False
JSWINFRA,2023-10-03,0,2023-10-03,2026-09-04,719,2,22.018867220300823,9.601634320735439,True
JSWSTEEL,2005-03-23,0,2005-03-23,2026-09-04,5303,1,6.860484428019641,19.195284469502823,False
JTEKTINDIA,2005-01-03,0,2005-01-03,2026-09-04,5358,451,1.3064351319587413,3.759942154736078,False
JTLIND,2021-12-23,0,2021-12-23,2026-09-04,1162,2,2.422435146398746,5.834346240666781,True
JUBLCPL,2025-02-14,59,2025-05-19,2026-09-04,382,0,2.172471721357375,7.597257111820224,True
JUBLFOOD,2010-02-08,0,2010-02-08,2026-09-04,4101,1,28.56586295666756,35.37117903930132,True
JUBLINGREA,2021-03-19,0,2021-03-19,2026-09-04,1350,2,1.4411344492630906,9.492590581115671,True
JUBLPHARMA,2005-01-03,0,2005-01-03,2026-09-04,5358,451,0.8386242385258618,1.0003682337056556,False
JUNIORBEES,2015-01-01,53,2015-03-20,2026-09-04,2890,0,0.8300416074156002,1.6872324351548698,False
JUNIPER,2024-02-28,0,2024-02-28,2026-09-04,622,1,28.35141583768656,9.090909090909092,True
JUSTDIAL,2013-06-05,60,2013-08-30,2026-09-04,3275,0,0.6866151672728366,1.6952900420137096,False
JWL,2010-10-18,0,2010-10-18,2026-09-04,3919,1,69.41247441006783,32.063520385404594,True
JYOTHYLAB,2007-12-19,0,2007-12-19,2026-09-04,4620,1,70.60642703875935,19.36539914379249,True
JYOTICNC,2024-01-16,0,2024-01-16,2026-09-04,655,1,21.726707225562063,17.503454629203134,True
JYOTISTRUC,2005-01-03,0,2005-01-03,2026-09-04,5083,451,1.002705866734253,3.5671342685370764,False
KABRAEXTRU,2005-01-03,60,2005-03-31,2026-09-04,5358,0,0.6340956340956341,2.6203966005665666,False
KAJARIACER,2005-01-03,60,2005-03-31,2026-09-04,5358,0,2.2551706848284794,7.166337935568704,False
KAKATCEM,2005-01-03,0,2005-01-03,2026-09-04,5288,451,4.0122981352221805,8.300087574194805,False
KALAMANDIR,2023-09-27,0,2023-09-27,2026-09-04,725,2,20.15948410088325,6.551624489121911,True
KALPATARU,2025-07-01,0,2025-07-01,2026-09-04,293,4,19.232712227948724,8.961773876891098,True
KALYANIFRG,2015-01-01,60,2015-04-16,2026-08-14,2703,0,1.4880952380952381,4.201553896054909,False
KALYANKJIL,2021-03-26,0,2021-03-26,2026-09-04,1346,2,24.282981419138284,10.778924788845679,True
KAMAHOLD,2026-04-20,60,2026-07-16,2026-09-04,97,2,7.846303976579653,4.270204144047703,True
KAMATHOTEL,2005-01-03,0,2005-01-03,2026-09-04,5355,451,1.8882699762207238,4.849660523763337,False
KAMOPAINTS,2023-01-24,0,2023-01-24,2026-09-04,891,1,5.155359753751443,9.51877313590693,True
KANANIIND,2011-12-14,42,2012-02-13,2026-09-04,3632,0,0.9142393728458471,5.2193645990922795,False
KANCHI,2026-04-20,60,2026-07-16,2026-09-04,97,2,1.2447078746824725,3.1078107810780953,False
KANPRPLA,2021-01-04,21,2021-02-03,2026-09-04,1402,0,0.30056077247237617,3.5204933830142555,False
KANSAINER,2005-01-03,0,2005-01-03,2026-09-04,5357,451,1.277448707419709,2.5735294117647034,False
KAPSTON,2016-01-05,210,2019-02-21,2026-09-04,1843,0,1.0,0.0,False
KARMAENG,2011-06-28,59,2011-09-22,2026-09-04,3745,0,7.079396005845105,12.248803827751209,True
KARURVYSYA,2005-01-03,0,2005-01-03,2026-09-04,5358,451,0.5147332997164018,2.4999999999999973,False
KAVDEFENCE,2008-01-29,60,2008-04-29,2026-09-04,4233,0,0.335797601445704,8.467741935483867,True
KAYA,2015-08-14,0,2015-08-14,2026-05-15,2651,2,2.0632655915912315,5.828329212292476,True
KAYNES,2022-11-22,0,2022-11-22,2026-09-04,941,5,60.432269896207146,16.073628523806068,True
KCP,2005-01-03,0,2005-01-03,2026-09-04,5358,451,10.151768878332945,18.689581095596136,False
KDDL,2016-04-12,60,2016-07-11,2026-09-04,2569,2,0.5007632708315332,4.035247971629691,False
KEC,2006-03-10,0,2006-03-10,2026-09-04,5063,1,23.01646539461332,20.007111532535255,True
KECL,2010-03-09,44,2010-05-13,2026-09-04,4073,0,1.005471464515356,3.5119047619047654,False
KEEPLEARN,2021-03-25,46,2021-06-04,2026-09-04,1346,1,0.5249699942597714,9.090909090909086,True
KEI,2006-03-23,0,2006-03-23,2026-09-04,5055,2,5.97182817733823,20.053191489361698,True
KELLTONTEC,2016-03-02,0,2016-03-02,2026-09-04,2595,5,0.018304469604323644,0.0,False
KENNAMET,2019-08-20,54,2019-11-11,2026-09-04,1135,1,0.6979166666666666,3.9069767441860463,False
KERNEX,2015-01-01,0,2015-01-01,2026-09-04,2832,99,0.7276652347412722,4.13907284768212,False
KESORAMIND-BE,2005-01-03,0,2005-01-03,2026-09-04,5317,451,1.428273825767505,5.126582278481009,False
KEYFINSERV,2005-01-03,60,2005-03-31,2026-09-04,4551,0,8.557213930348258,0.0,False
KFINTECH,2022-12-29,0,2022-12-29,2026-09-04,910,1,44.90054264652799,6.046524570092943,True
KHADIM,2017-11-14,0,2017-11-14,2026-05-15,2098,2,70.40825113416606,8.65965834428383,True
KHAICHEM,2020-10-30,0,2020-10-30,2026-09-04,1446,1,0.43033242866022114,7.54475703324808,False
KHAITANLTD,2015-01-06,142,2018-01-08,2026-09-04,1875,0,0.4611740321267303,5.109489051094894,False
KHANDSE,2005-01-03,60,2005-03-31,2026-09-04,4737,0,2.2325581395348837,10.933940774487482,False
KICL,2011-01-14,60,2011-04-13,2026-09-04,3864,0,2.9166666666666665,5.807801871984193,True
KILITCH,2010-09-29,60,2010-12-27,2026-05-15,3853,1,4.636113657195234,5.270218474511307,True
KIMS,2021-06-28,0,2021-06-28,2026-09-04,1289,2,16.830900021501833,10.93279839518556,True
KINGFA,2010-01-08,60,2010-04-08,2026-09-04,4113,0,0.0,3.42857142857143,False
KIOCL,2016-11-30,60,2017-02-23,2026-09-04,2414,0,0.0,0.0,False
KIRANVYPAR,2026-04-20,60,2026-07-17,2026-09-04,96,0,1.6291465834987242,4.594061461794017,True
KIRIINDUS,2008-04-22,0,2008-04-22,2026-09-04,4538,1,33.05921508918702,45.643284051588545,True
KIRLFER,2015-01-01,0,2015-01-01,2026-09-04,1470,99,0.7248898221001869,2.7444490415115124,False
KIRLOSBROS,2006-04-07,60,2006-07-05,2026-09-04,5045,0,0.06268041237113402,2.4150862530804633,False
KIRLOSENG,2010-12-24,60,2011-03-22,2026-09-04,3880,0,0.837499232328195,4.799451491258142,False
KIRLOSIND,2005-01-03,59,2005-03-30,2026-09-04,5358,0,0.7172932330827068,7.770368222673246,False
KIRLPNU,2023-04-26,0,2023-04-26,2026-09-04,831,1,2.9697588126159555,3.000400053340446,True
KISSHT,2026-05-08,0,2026-05-08,2026-09-04,84,2,13.139021306790815,17.926472702871113,True
KITEX,2012-09-25,38,2012-11-23,2026-09-04,3438,0,0.29601487989235825,2.3130300693909076,False
KKCL,2006-04-13,0,2006-04-13,2026-09-04,5040,1,23.251616546399624,29.331941544885172,True
KLBRENG-B,2026-04-20,0,2026-04-20,2026-09-04,97,79,0.7825948898156184,6.329357445171216,False
KMEW,2024-11-14,53,2025-01-31,2026-09-04,447,0,0.7440926275992439,9.682937588087835,True
KMSUGAR,2007-05-31,48,2007-08-07,2026-09-04,4761,0,1.8046506728464962,11.055276381909547,True
KNACK,2026-07-08,0,2026-07-08,2026-09-04,43,1,18.917446023768345,6.3777462017706785,True
KNAGRI,2022-04-11,60,2022-07-07,2026-09-04,1087,0,0.2,0.0,False
KNRCON,2008-02-18,0,2008-02-18,2026-09-04,4579,1,57.64023885576152,37.74193548387097,True
KOHINOOR,2005-01-03,0,2005-01-03,2026-09-04,5021,451,0.7243835702604101,3.991811668372575,False
KOKUYOCMLN,2008-07-28,58,2008-10-22,2026-09-04,4471,0,0.9862962267692885,17.937219730941703,True
KOLTEPATIL,2007-12-13,0,2007-12-13,2026-09-04,4624,1,8.82933009799819,29.77667493796526,True
KOPRAN,2005-01-03,0,2005-01-03,2026-09-04,5358,451,2.2069391675490326,3.563791874554526,False
KOTAKBANK,2005-01-03,0,2005-01-03,2026-09-04,5358,451,3.067424334018458,3.5087719298245643,False
KOTHARIPET,2005-01-03,15,2005-01-25,2026-09-04,5358,0,3.280024671211138,9.523809523809522,False
KOTHARIPRO,2005-01-03,60,2005-03-31,2026-09-04,5358,0,10.023452413416962,10.259067357512956,False
KOTIC,2026-04-20,51,2026-07-03,2026-09-04,97,1,0.5251581933231507,3.688288403662688,False
KOVAI,2015-12-31,53,2016-05-05,2026-09-04,1083,0,0.7142857142857143,2.237851662404092,False
KPEL,2024-11-14,0,2024-11-14,2026-09-04,447,3,0.48237749683670933,4.303939962476536,False
KPIGREEN,2021-07-27,0,2021-07-27,2026-09-04,1265,1,2.915151674603383,4.535637149028084,True
KPIL,2005-01-03,0,2005-01-03,2026-09-04,5358,451,1.3184661449069133,4.076086956521749,False
KPITTECH,2019-04-22,0,2019-04-22,2026-09-04,1830,1,2.090810209093172,9.523809523809529,True
KPL,2026-04-20,0,2026-04-20,2026-09-04,97,79,0.7536676646706587,7.217610970768676,False
KPRMILL,2007-08-28,0,2007-08-28,2026-09-04,4700,1,115.76725090452152,17.816091954022998,True
KRBL,2005-01-03,0,2005-01-03,2026-09-04,5358,451,2.227944888262113,6.8226120857699915,False
KREBSBIO,2016-10-27,60,2017-01-23,2026-09-04,2436,0,11.04,7.390359289093468,True
KRIDHANINF,2015-12-11,50,2016-02-23,2026-05-15,2573,0,0.3639683505782106,5.948207621847779,False
KRISHANA,2017-02-27,39,2017-04-27,2026-09-04,2351,0,2.2857142857142856,3.2653061224489726,True
KRISHIVAL,2022-04-18,59,2022-07-11,2026-09-04,1084,0,4.0,0.3506779774230026,True
KRISHNADEF,2022-04-22,60,2022-07-18,2026-09-04,1080,1,0.75,0.8973438621679828,False
KRITI,2011-11-11,60,2012-02-07,2026-09-04,3653,0,0.0,0.0,False
KRITIKA,2018-10-26,60,2019-01-23,2026-09-04,1939,0,0.0,0.0,False
KRITINUT,2022-10-07,0,2022-10-07,2026-09-04,966,1,3.588872476612506,10.105496946141034,True
KRN,2024-10-03,0,2024-10-03,2026-09-04,477,2,38.375502510410065,13.26259946949602,True
KRONOX,2024-06-10,0,2024-06-10,2026-05-15,478,1,7.464972587588424,5.5832754373776305,True
KROSS,2024-09-16,0,2024-09-16,2026-09-04,489,5,39.33326464196208,14.984026788807196,True
KRSNAA,2021-08-16,0,2021-08-16,2026-09-04,1250,4,55.33229659574893,14.154146943815597,True
KRYSTAL,2024-03-21,0,2024-03-21,2026-09-04,607,3,7.950327532982008,12.730141289495556,True
KSB,2005-01-03,0,2005-01-03,2026-09-04,5358,451,1.7404895576016168,3.893442622950817,False
KSCL,2007-10-04,0,2007-10-04,2026-09-04,4674,1,100.53308611825435,25.54665512015589,True
KSHINTL,2025-12-23,0,2025-12-23,2026-09-04,174,3,10.684571769621009,5.704225352112676,True
KSHITIJPOL,2018-10-08,224,2021-04-06,2026-09-04,1377,0,3.0001428673476678,2.1428571428571392,True
KSL,2008-10-21,57,2009-01-16,2026-09-04,4414,0,8.687150837988828,14.556040756914118,True
KSOLVES,2020-08-07,56,2020-10-27,2026-09-04,1505,0,1.0,0.0,False
KSR,2025-11-27,9,2025-12-10,2026-09-04,192,3,1.7925662180797945,10.0952380952381,True
KTKBANK,2005-01-03,0,2005-01-03,2026-09-04,5358,451,0.5466576010695753,2.030567685589519,False
KUANTUM,2019-10-23,59,2020-01-16,2026-09-04,1702,0,0.06769230769230769,3.748910200523101,False
KUSUMGAR,2026-07-15,0,2026-07-15,2026-09-04,38,1,25.702516604190112,9.58029197080292,True
KWIL,2026-02-16,0,2026-02-16,2026-09-04,137,4,3.062863500736439,10.129163834126446,True
LAGNAM,2018-10-04,60,2019-01-02,2026-09-04,1955,0,0.5,0.0,False
LAHOTIOV,2026-04-20,60,2026-07-17,2026-09-04,95,0,0.20900755124056095,2.2426817752596855,False
LAL,2023-04-10,60,2023-07-06,2026-09-04,842,0,0.5759677215987895,3.129657228017883,False
LALPATHLAB,2015-12-23,0,2015-12-23,2026-09-04,2649,2,32.45948974478473,16.048484848484847,True
LAMBODHARA,2015-02-04,0,2015-02-04,2026-09-04,2860,1,4.003745183477979,15.446709536188248,True
LANCER,2022-05-10,242,2026-08-17,2026-09-04,257,125,0.41900692060549405,11.29177958446251,False
LANCORHOL,2024-03-12,0,2024-03-12,2026-09-04,616,4,1.1690937715241563,9.178743961352657,True
LANDMARK,2022-12-23,0,2022-12-23,2026-09-04,918,2,7.608947746124339,7.624345549738218,True
LANDSMILL,2009-08-03,0,2009-08-03,2026-09-04,4224,1,7.300465129709687,24.999999999999993,True
LAOPALA,2007-03-16,57,2007-06-11,2026-09-04,4813,0,1.727434802437912,6.109324758842441,True
LASA,2017-09-21,0,2017-09-21,2026-09-04,2212,3,8.088390684053268,7.608919382504292,True
LASERPOWER,2026-07-16,0,2026-07-16,2026-09-04,37,2,13.507249308963566,7.621370322383965,True
LATENTVIEW,2019-02-22,16,2021-11-23,2026-09-04,1205,2,18.814933689478636,17.780051150895137,True
LATTEYS,2018-06-05,123,2022-05-30,2026-09-04,1128,1,0.8,0.0,False
LAURUSLABS,2016-12-19,0,2016-12-19,2026-09-04,2407,1,62.18171852466781,4.531249999999994,True
LAXMICOT,2017-07-25,60,2017-10-23,2026-09-04,2250,2,0.0,0.0,False
LAXMIDENTL,2025-01-20,41,2025-03-19,2026-09-04,403,3,1.4613342350359784,8.534751937088002,True
LAXMIINDIA,2025-08-05,0,2025-08-05,2026-09-04,268,3,2.5448597009845657,10.215494743121331,True
LCCINFOTEC,2015-01-06,250,2016-12-13,2026-09-04,1842,0,0.04907553952421265,0.0,False
LCL,2026-07-30,0,2026-07-30,2026-09-04,27,3,24.355633327740932,9.634047715325512,True
LEMERITE,2022-05-23,39,2022-07-15,2026-09-04,1060,0,0.4666666666666667,4.311588395576221,False
LEMONTREE,2018-04-09,0,2018-04-09,2026-09-04,2085,1,17.309842216429487,23.237962316817868,True
LENSKART,2025-11-10,0,2025-11-10,2026-09-04,205,2,38.60034257867458,14.301662118580992,True
LEXUS,2017-08-23,60,2017-11-20,2026-09-04,2231,0,0.2222222222222222,1.3043478260869565,False
LFIC,2010-06-30,60,2010-09-23,2026-09-04,3994,0,0.05124450951683748,3.759136790810993,False
LGBBROSLTD,2005-01-03,0,2005-01-03,2026-09-04,5358,451,1.5129357654314535,2.046834345186482,False
LGEINDIA,2025-10-14,0,2025-10-14,2026-09-04,222,2,46.02486036575024,5.858334812710811,True
LGHL,2020-05-05,60,2020-07-29,2026-09-04,1571,1,153600.0,0.0,True
LIBAS,2017-03-15,60,2017-06-12,2026-09-04,2342,0,8.0,3.1787584143605008,True
LIBERTSHOE,2005-01-03,0,2005-01-03,2026-09-04,5358,451,0.9848367459878251,2.385946512847414,False
LICHSGFIN,2005-01-03,0,2005-01-03,2026-09-04,5358,451,0.38200774624327893,3.0721966205837177,False
LICI,2022-05-17,0,2022-05-17,2026-09-04,1070,1,12.531006762980313,6.746959775491118,True
LICMFGOLD,2015-01-01,60,2015-03-31,2026-09-04,2874,0,0.3088235294117647,0.0,False
LICNETFGSC,2015-01-01,60,2015-04-01,2026-09-04,2798,0,3.2678983833718247,0.8708272859216328,True
LICNETFN50,2015-12-07,60,2017-01-13,2026-09-04,2447,0,232.4,0.23405500292569084,True
LICNETFSEN,2016-08-03,60,2017-11-30,2026-09-04,1955,0,0.0024183796856106408,0.0,False
LICNFNHGP,2016-03-17,60,2016-06-16,2026-09-04,2581,0,0.0,0.0,False
LICNMID100,2024-02-19,58,2024-05-16,2026-09-04,632,0,0.4830727917905438,2.5275827482447446,False
LIKHITHA,2020-10-15,0,2020-10-15,2026-09-04,1457,1,6.761254407485871,8.421839940164542,True
LINC,2015-03-09,35,2015-04-30,2026-09-04,2839,1,0.6541422851863259,4.446308724832225,False
LINCOLN,2015-12-17,0,2015-12-17,2026-09-04,2647,1,1.4171399624797696,5.331148173141797,False
LINDEINDIA,2005-01-03,0,2005-01-03,2026-09-04,5358,451,1.0462198821921826,5.218726016884122,False
LIQGRWBEES,2025-07-25,30,2025-09-09,2026-09-04,276,2,1.0113324759154554,0.001986057873724634,False
LIQUID,2023-07-31,0,2023-07-31,2026-09-04,770,1,5.53392138530954,0.0010000100000990915,True
LIQUID1,2018-09-27,97,2023-02-01,2026-09-04,929,0,19.12452830188679,0.002000020000198183,True
LIQUIDADD,2024-04-03,31,2024-05-21,2026-09-04,602,0,1.6294896797560117,0.0019789831984308452,True
LIQUIDBEES,2015-01-01,0,2015-01-01,2026-09-04,2890,99,0.8359369422576437,0.0010000100000990915,False
LIQUIDBETF,2024-06-03,60,2024-08-29,2026-09-04,561,1,0.9300685602350637,0.0010000100000990915,False
LIQUIDCASE,2024-01-24,0,2024-01-24,2026-09-04,649,1,0.577085196739432,0.019956096587517694,False
LIQUIDETF,2018-03-20,60,2018-06-15,2026-09-04,2096,0,0.39080459770114945,0.001999980000198179,False
LIQUIDIETF,2016-01-12,60,2019-01-21,2026-09-04,1951,0,0.8080536912751678,0.0010000100000990915,False
LIQUIDPLUS,2024-11-13,60,2025-02-07,2026-09-04,449,4,0.492566291656693,0.001967167966646224,False
LIQUIDSBI,2023-11-02,58,2024-01-29,2026-09-04,704,2,4.097634545165899,0.001999999999998181,True
LIQUIDSHRI,2024-07-09,57,2024-09-30,2026-09-04,537,2,0.8466907868289296,1.94956161954488,False
LLOYDSENGG,2023-10-05,0,2023-10-05,2026-09-04,716,1,0.41521566407024546,1.7899761336515514,False
LLOYDSENT,2024-10-17,0,2024-10-17,2026-09-04,467,1,2.3284508469992193,6.942639688138115,True
LLOYDSME,2023-07-17,0,2023-07-17,2026-09-04,780,2,1.011664037883573,5.716314574826922,False
LMW,2005-01-03,60,2005-03-31,2026-09-04,5358,0,3.21681723419041,5.944232293392895,False
LODHA,2021-04-19,0,2021-04-19,2026-09-04,1333,1,13.07923498884556,11.910530414467424,True
LOKESHMACH,2006-05-05,60,2006-07-28,2026-09-04,5028,0,1.5439471117372927,5.111956062526403,True
LORDSCHLO,2023-08-28,56,2023-11-20,2026-09-04,742,0,0.9593672763222936,6.680230586639535,False
LOTUSDEV,2025-08-06,0,2025-08-06,2026-05-08,184,2,25.24199229705689,9.761332856339768,True
LOTUSEYE,2008-07-11,58,2008-10-06,2026-09-04,4458,1,0.48221031362558203,15.118397085610196,True
LOVABLE,2011-03-24,0,2011-03-24,2026-09-04,3810,1,19.550494834313266,15.586077461184095,True
LOWVOL,2023-09-01,60,2023-12-01,2026-09-04,737,1,0.518783542039356,0.8067018305926226,False
LOWVOL1,2022-03-29,56,2022-06-20,2026-09-04,1102,1,277.8663895486936,5.882352941176465,True
LOWVOLIETF,2017-07-11,60,2018-02-20,2026-09-04,2163,0,0.39603960396039606,0.49627791563274376,False
LOYALTEX,2022-08-11,60,2022-11-10,2026-09-04,997,3,1.999257333828444,5.580569471748367,True
LPDC,2008-08-12,0,2008-08-12,2026-09-04,4455,1,27.056228644646925,503.41997264021893,True
LT,2003-01-01,0,2003-01-01,2026-09-04,5839,23,1.2003373758561149,1.554404145077714,False
LTF,2011-08-12,0,2011-08-12,2026-09-04,3713,1,24.521974562500066,9.082007343941251,True
LTFOODS,2006-12-18,0,2006-12-18,2026-09-04,4871,1,12.382739929096397,20.30075187969925,True
LTGILTBEES,2016-07-14,60,2017-03-16,2026-09-04,2310,4,1.0,0.0,False
LTGILTCASE,2025-08-20,13,2025-09-09,2026-09-04,258,2,1.6518348530695965,0.2716468590831861,True
LTIM,2016-07-21,0,2016-07-21,2026-09-04,2502,1,48.98816729848984,6.3072696464704485,True
LTM,2025-05-26,0,2025-05-26,2026-09-04,320,15,1.0596731905338892,1.8526488770639293,False
LTTS,2016-09-23,0,2016-09-23,2026-09-04,2464,1,103.55206078658146,8.116901981291038,True
LUMAXIND,2005-01-03,53,2005-03-21,2026-09-04,5358,1,0.8194839332653827,4.7713717693836974,False
LUMAXTECH,2007-01-16,0,2007-01-16,2026-09-04,4852,2,26.57762478738025,61.42728093947607,True
LUPIN,2005-01-03,0,2005-01-03,2026-09-04,5358,451,0.6277463853099653,1.4558159848595138,False
LUXIND,2015-12-01,60,2016-02-25,2026-09-04,2665,1,0.15672178289000718,3.238873851479503,False
LXCHEM,2021-03-25,0,2021-03-25,2026-09-04,1346,3,23.289155693274168,19.062845898413478,True
LYPSAGEMS,2013-11-05,0,2013-11-05,2026-09-04,3166,3,1.266625187570911,0.908832717977848,False
M&M,2003-01-01,0,2003-01-01,2026-09-04,5839,23,0.808003630848482,1.4144271570014093,False
M&MFIN,2006-03-17,0,2006-03-17,2026-09-04,5059,3,79.26369657679923,21.479713603818617,True
MAANALU,2007-10-22,0,2007-10-22,2026-09-04,4649,1,33.510026763895894,39.99999999999999,True
MACPOWER,2018-03-22,60,2018-06-19,2026-09-04,2087,0,4.0,0.474976251187435,True
MADHAV,2007-12-20,60,2008-03-18,2026-09-04,4619,0,0.18126340095662213,9.928229665071784,True
MADHAVIPL,2026-04-20,0,2026-04-20,2026-09-04,97,79,1.0872321818976824,16.292134831460668,False
MADRASFERT,2015-01-01,0,2015-01-01,2026-09-04,2890,99,0.33045558560432703,6.549118387909322,False
MAFANG,2021-05-14,0,2021-05-14,2026-09-04,1320,1,8.503137120297273,21.732157177225332,True
MAFATIND,2026-04-20,0,2026-04-20,2026-09-04,97,79,0.32204105121810855,5.357826253348641,False
MAGADSUGAR,2017-07-28,3,2017-08-02,2026-09-04,2249,1,3.285674139086448,9.54271961492179,True
MAGNUM,2007-09-20,0,2007-09-20,2026-09-04,4627,1,50.9922447450586,63.16348195329087,True
MAHABANK,2005-01-03,0,2005-01-03,2026-09-04,5358,451,2.105422258313869,4.438964241676936,False
MAHAPEXLTD,2018-04-05,160,2019-02-21,2026-09-04,1984,0,0.8,5.970676558911845,False
MAHASTEEL-BE,2016-07-01,60,2016-09-29,2026-09-04,2520,2,0.029676170153913026,0.0,False
MAHEPC,2020-02-14,0,2020-02-14,2026-09-04,1622,3,1.0279518244183143,10.069756198632513,True
MAHESHWARI,2017-03-15,55,2017-06-05,2026-05-15,2264,0,0.24,2.5180598555211535,False
MAHKTECH,2021-12-10,0,2021-12-10,2026-09-04,1176,1,5.948734113879715,6.517311608961291,True
MAHLIFE,2005-01-03,0,2005-01-03,2026-09-04,5358,451,1.6670592125490924,3.59477124183007,False
MAHLOG,2017-11-10,0,2017-11-10,2026-09-04,2178,1,52.894231814862955,4.133526150879739,True
MAHSCOOTER,2005-01-03,60,2005-03-31,2026-09-04,5355,0,1.6064147866268008,4.334868599295584,False
MAHSEAMLES,2005-01-03,0,2005-01-03,2026-09-04,5358,451,0.9696125529435174,2.575376884422107,False
MAITHANALL,2011-07-05,60,2011-09-30,2026-09-04,3740,1,0.4434782608695652,1.877572016460897,False
MAKEINDIA,2023-08-29,59,2023-11-24,2026-09-04,741,1,0.46340333959848545,0.4605134234763853,False
MALLCOM,2022-02-02,60,2022-05-04,2026-09-04,1134,1,1.6116504854368932,6.677028606661616,True
MALUPAPER,2006-04-05,57,2006-06-29,2026-09-04,4991,0,0.5068218681423529,4.964539007092194,False
MAMATA,2024-12-27,57,2025-03-19,2026-09-04,419,3,1.1901989238642947,6.51609198545295,False
MANAKALUCO,2015-03-30,60,2015-06-29,2026-09-04,2826,0,0.4069994422755159,3.947368421052641,False
MANAKCOAT,2015-03-30,58,2015-06-24,2026-09-04,2823,1,0.9929366846961502,7.987220447284345,False
MANAKSIA,2008-01-08,0,2008-01-08,2026-09-04,4608,1,52.268245777944294,29.991701244813278,True
MANAKSTEEL,2015-03-30,57,2015-06-23,2026-08-28,2819,0,1.6665245202558636,6.87022900763359,True
MANALIPETC,2005-01-03,0,2005-01-03,2026-09-04,5358,451,1.039425587467363,4.782608695652175,False
MANAPPURAM,2010-06-30,1,2010-07-01,2026-09-04,4004,0,0.03039249239547983,1.5109890109890227,False
MANBA,2024-09-30,0,2024-09-30,2026-09-04,479,2,6.211463862129698,5.417966934466519,True
MANCREDIT,2024-08-16,0,2024-08-16,2026-09-04,510,1,11.570199331434939,14.464186563020546,True
MANGALAM,2005-05-23,0,2005-05-23,2026-09-04,5262,2,15.420680126704509,27.731092436974794,False
MANGLMCEM,2005-01-03,0,2005-01-03,2026-09-04,5358,451,0.4579267057571654,4.8720066061106575,False
MANINDS,2005-01-03,120,2005-06-24,2026-09-04,5358,0,14.266978922716628,22.32505643340858,False
MANINFRA,2010-03-11,0,2010-03-11,2026-09-04,4071,1,13.193438154381084,16.2751677852349,True
MANKIND,2023-05-09,0,2023-05-09,2026-09-04,828,2,58.19776913609252,9.140125149405891,True
MANOMAY,2023-01-18,56,2023-04-13,2026-09-04,893,0,1.4280777134317206,8.955223880597014,True
MANORAMA,2022-07-01,36,2022-08-24,2026-09-04,1032,1,2.631762247504063,7.050613619956679,True
MANORG,2021-11-02,38,2021-12-28,2026-09-04,1197,1,0.56548317381908,2.8103963534277243,False
MANUFGBEES,2025-08-29,60,2025-11-26,2026-09-04,253,1,0.2235144466654552,0.994048786868099,False
MANYAVAR,2022-02-16,0,2022-02-16,2026-09-04,1124,3,41.863642913754596,7.787395930969841,True
MAPMYINDIA,2021-12-21,0,2021-12-21,2026-09-04,1164,2,14.537128056161261,22.056847246506653,True
MARALOVER,2005-01-03,0,2005-01-03,2026-09-04,5357,451,6.736629872165228,12.900000000000004,False
MARATHON,2016-09-29,60,2016-12-28,2026-09-04,2454,0,6.3113636363636365,8.134920634920631,True
MARICO,2005-01-03,0,2005-01-03,2026-09-04,5358,451,0.9263407875926262,5.535924617196688,False
MARINE,2018-10-26,59,2019-01-22,2026-09-04,1941,0,2.0,0.16638935108153707,True
MARKOLINES,2025-10-14,0,2025-10-14,2026-09-04,221,2,1.649875982679615,4.3501903208265364,True
MARKSANS,2005-01-03,0,2005-01-03,2026-09-04,5358,451,0.46375256771703965,0.0,False
MARSONS,2026-03-13,0,2026-03-13,2026-09-04,119,1,0.9032347684081076,10.827197921178,True
MARUTI,2003-07-09,218,2004-06-23,2026-09-04,5710,0,1.275781065449517,6.004112405757362,False
MASFIN,2017-10-18,0,2017-10-18,2026-09-04,2200,1,128.52772166587872,8.617923447169384,True
MASKINVEST,2016-10-14,60,2017-01-10,2026-09-04,2436,0,0.0,0.0,False
MASPTOP50,2021-09-24,0,2021-09-24,2026-09-04,1228,2,4.370076794147648,2.389443651925826,True
MASTEK,2005-01-03,0,2005-01-03,2026-09-04,5358,451,0.5071551501163925,4.870017331022534,False
MASTERTR,2024-11-12,0,2024-11-12,2026-09-04,449,2,15.283026885043263,14.692456921145727,True
MATRIMONY,2017-09-21,60,2017-12-18,2026-09-04,2212,0,0.5836029001673173,2.6215968540837777,False
MAWANASUG,2006-08-22,0,2006-08-22,2026-09-04,4926,1,10.449129264035289,10.074723009533633,True
MAXESTATES,2023-10-30,0,2023-10-30,2026-09-04,700,1,2.5959178826107845,5.281752340575866,True
MAXHEALTH,2020-08-21,0,2020-08-21,2026-09-04,1500,1,1.008575909535892,4.742729306487694,False
MAXIND,2020-08-28,3,2020-09-02,2026-09-04,1490,0,0.012818222957305963,0.0,False
MAYURUNIQ,2012-09-25,55,2012-12-19,2026-09-04,3438,0,1.0470996529499257,3.8072018004501014,False
MAZDA,2016-11-02,58,2017-01-24,2026-05-15,2355,0,6.842437923250564,3.059636992221267,True
MAZDOCK,2017-12-04,8,2020-10-12,2026-09-04,1473,0,23.318706437154162,26.162790697674417,True
MBAPL,2016-09-12,0,2016-09-12,2026-09-04,2082,1,23.833333333333332,10.344827586206891,True
MBEL,2025-08-06,0,2025-08-06,2026-09-04,267,2,13.193473469759356,11.08528080264285,True
MBLINFRA,2010-01-11,0,2010-01-11,2026-09-04,4111,1,16.638564545736404,16.65762932436829,True
MCCHRLS-B,2026-04-20,60,2026-07-16,2026-09-04,97,2,0.6083916083916084,5.714285714285714,False
MCL,2017-02-06,60,2017-05-30,2026-09-04,2138,0,1.5,7.736943907156673,True
MCLEODRUSS,2005-07-29,0,2005-07-29,2026-09-04,5214,1,14.436545384535458,40.3960396039604,False
MCLOUD,2025-02-07,26,2025-03-19,2026-09-04,388,3,0.9885791563324533,7.567682796845017,False
MCX,2012-03-09,0,2012-03-09,2026-09-04,3582,1,38.39343572785682,11.583011583011583,True
MEDANTA,2022-11-18,0,2022-11-18,2026-09-04,938,3,4.933680428339149,3.900966183574874,True
MEDIASSIST,2024-01-23,0,2024-01-23,2026-09-04,647,2,20.030465859823565,15.729801209651194,True
MEDICAMEQ,2021-10-27,25,2021-12-03,2026-09-04,1201,0,1.190782488266523,17.089239369135544,True
MEDICO,2022-05-26,25,2022-06-30,2026-09-04,1058,0,1.2535644394744199,8.823529411764707,True
MEDPLUS,2021-12-23,0,2021-12-23,2026-09-04,1167,2,34.89497824230424,9.267270213619952,True
MEESHO,2025-12-10,0,2025-12-10,2026-09-04,183,3,8.657090096181008,9.106943382914933,True
MEGASTAR,2022-02-16,29,2022-03-31,2026-09-04,1129,0,1.1346774193548388,4.011010617381041,False
MEIL,2025-08-28,0,2025-08-28,2026-09-04,254,1,22.50287919722115,7.219575978331928,True
MENNPIS,2026-04-20,26,2026-05-27,2026-09-04,97,0,1.2759643916913948,8.00200467758102,True
MENONBE,2015-03-09,59,2015-06-04,2026-05-15,2761,0,0.5393958268452196,4.331210191082801,False
MERCANTILE,2026-04-20,60,2026-07-16,2026-09-04,96,2,0.6536041704116484,8.459958932238187,True
MERCURYEV,2026-06-02,0,2026-06-02,2026-09-04,68,1,2.96399118151384,2.0204815942430026,True
METAL,2024-10-09,0,2024-10-09,2026-09-04,471,2,1.266630906519725,30.06134969325153,True
METALIETF,2024-08-20,0,2024-08-20,2026-09-04,509,3,0.576630715432369,7.166123778501629,False
METROBRAND,2021-12-22,0,2021-12-22,2026-09-04,1168,1,40.880298729652566,16.60079051383399,True
METROGLOBL,2026-04-20,60,2026-07-16,2026-09-04,97,2,1.0098484848484848,3.5408381768124775,False
METROPOLIS,2019-04-15,0,2019-04-15,2026-09-04,1833,1,113.29173475263396,4.958333333333324,True
MFML,2024-08-27,60,2024-11-22,2026-09-04,503,1,0.015797519959232207,9.946290033817386,True
MFSL,2005-01-03,66,2005-07-08,2026-09-04,5308,1,1.5991797539261778,5.194333454413371,False
MGEL,2019-12-11,56,2020-03-02,2026-05-15,1590,1,1.0,0.0,False
MGL,2016-07-01,0,2016-07-01,2026-09-04,2520,4,30.091423206943396,5.948491255045176,True
MHLXMIRU,2022-01-27,35,2022-03-21,2026-05-15,1060,0,1.1100334228979618,9.286971830985914,True
MHRIL,2009-07-16,0,2009-07-16,2026-09-04,4238,1,43.64749793971253,19.879518072289144,True
MID150,2025-03-28,25,2025-05-09,2026-09-04,356,0,0.36146389118509054,2.16406643180676,False
MID150BEES,2019-02-04,36,2019-04-02,2026-09-04,1878,0,11.225127139889693,0.7649938800489596,True
MID150CASE,2024-06-19,0,2024-06-19,2026-09-04,551,3,3.3405760516589065,18.7192118226601,True
MIDCAP,2022-02-04,56,2022-04-29,2026-09-04,1137,2,0.3861671469740634,3.4653465346534573,False
MIDCAPADD,2025-12-18,53,2026-03-06,2026-09-04,177,1,50.60126812100221,1.323877068557925,True
MIDCAPBETA,2025-12-15,60,2026-03-13,2026-09-04,179,1,10.300920553879477,5.0722515133763,True
MIDCAPETF,2022-03-15,0,2022-03-15,2026-09-04,1111,1,7.799387547823962,4.584527220630377,True
MIDCAPIETF,2020-01-28,49,2020-04-09,2026-09-04,1641,0,2.5464718682001863,7.975460122699399,True
MIDHANI,2018-04-04,0,2018-04-04,2026-09-04,2088,2,7.839633771798406,5.105438401775799,True
MIDQ50ADD,2021-12-30,35,2022-02-18,2026-09-04,1162,0,1.81692713618835,1.3317191283293124,True
MIDSELIETF,2015-01-01,0,2015-01-01,2016-03-17,300,99,0.48416819869771255,2.263856362217025,False
MIDSMALL,2024-05-28,0,2024-05-28,2026-09-04,562,1,1.214740243824947,5.534312738981686,False
MIDWESTLTD,2025-10-24,0,2025-10-24,2026-09-04,214,1,41.43158208353597,5.33976326172732,True
MINDACORP,2012-03-19,60,2012-06-14,2026-09-04,3576,0,0.0,0.0,False
MINDTECK,2016-08-02,46,2016-10-10,2026-09-04,2493,1,0.24954872217120055,2.6824906519265137,False
MIRZAINT,2005-01-03,0,2005-01-03,2026-09-04,5358,451,0.7235826862103443,2.1912350597609587,False
MITCON,2017-03-15,60,2017-06-12,2026-05-15,2262,0,0.0,0.0,False
MITTAL,2018-04-16,51,2018-06-27,2026-09-04,2072,2,0.9230772223832656,1.8018018018018032,False
MKPL,2017-07-27,60,2017-10-25,2026-09-04,2248,1,0.0,0.0,False
MMFL,2005-01-03,60,2005-03-31,2026-09-04,5358,0,0.0,8.571428571428566,False
MMP,2018-04-26,59,2018-07-19,2026-09-04,2064,0,0.5714285714285714,1.0662038184974016,False
MMTC,2010-01-08,60,2010-04-08,2026-09-04,4113,0,0.5886075949367089,1.4885126726062243,False
MMWL,2026-04-20,54,2026-07-08,2026-09-04,97,1,3.716687543493389,4.483282674772036,True
MNC,2022-08-05,60,2022-11-09,2026-09-04,1004,0,3.094550535631113,3.828940825459968,True
MOALPHA50,2025-07-10,60,2025-10-07,2026-09-04,287,3,1.1899775617053103,0.5748265609514354,False
MOBANK10,2026-04-10,42,2026-06-12,2026-09-04,102,1,0.25393878575012546,1.7857142857142687,False
MOBIKWIK,2024-12-18,0,2024-12-18,2026-09-04,426,3,1.0850888541818278,16.666666666666668,True
MOCAPITAL,2025-03-13,0,2025-03-13,2026-09-04,365,1,0.08388365999200019,2.213142662580872,False
MODEFENCE,2024-08-28,0,2024-08-28,2026-09-04,500,2,0.22287684595844964,2.3679417122040167,False
MODINATUR,2025-12-11,60,2026-03-11,2026-09-04,181,1,0.2954116059379217,4.470377019748649,False
MODIRUBBER,2018-06-20,60,2018-09-17,2026-09-04,2026,0,9.0,0.0,True
MODIS,2025-11-14,60,2026-02-11,2026-09-04,200,1,1.5042008873784574,3.891632989073492,True
MODISONLTD,2021-05-03,0,2021-05-03,2026-09-04,1323,1,15.15049371151277,16.99913269731137,True
MODTHREAD,2024-02-16,60,2024-05-21,2026-09-04,628,0,5.08125,0.0,True
MOENERGY,2025-10-16,0,2025-10-16,2026-09-04,219,4,0.13641976843448786,0.900647340275824,False
MOGOLD,2025-07-31,19,2025-08-29,2026-09-04,272,1,0.00702760375621572,1.226692836113837,False
MOGSEC,2020-12-17,60,2021-03-16,2026-09-04,1392,0,0.11882453151618398,0.14884116521369398,False
MOHEALTH,2022-08-04,60,2022-11-03,2026-09-04,1006,0,0.49666059502125076,4.3388429752066,False
MOHITIND,2013-03-14,60,2013-06-13,2026-09-04,3322,0,1.0188879082082967,6.766086716376679,False
MOIL,2010-12-15,0,2010-12-15,2026-09-04,3886,1,38.27980700371176,28.671569259880442,True
MOINFRA,2025-05-21,60,2025-08-13,2026-09-04,322,1,3.5768733850129197,0.6311838962811284,True
MOIPO,2025-11-21,60,2026-02-18,2026-09-04,194,1,0.45794392523364486,0.7482993197278872,False
MOKSH,2018-01-03,59,2018-04-03,2026-09-04,2140,0,0.6666666666666666,0.0,False
MOL,2021-08-18,0,2021-08-18,2026-09-04,1248,1,0.17964255199269016,4.769123134328362,False
MOLDTECH,2016-07-07,48,2016-09-16,2026-05-15,2433,1,0.7826593956854272,3.1041069723018246,False
MOLDTKPAC,2015-02-23,0,2015-02-23,2026-09-04,2848,1,0.4316568678222195,6.100134279685402,False
MOLOWVOL,2017-04-11,126,2022-03-30,2026-09-04,1226,0,0.18381344307270234,2.672605790645886,False
MOM100,2015-01-01,26,2015-02-09,2026-09-04,2890,0,1.0411620840435782,5.271199388846443,False
MOM30IETF,2022-08-10,60,2022-11-09,2026-09-04,1010,0,0.8303060055637376,3.5121951219512137,False
MOM50,2015-01-01,59,2015-03-30,2026-09-04,2890,4,4.257620903048362,2.0643062679844935,True
MOMENTUM,2022-08-19,60,2022-11-18,2026-09-04,996,3,0.3261918548542752,2.7227722772277265,False
MOMENTUM30,2025-10-17,55,2026-01-07,2026-09-04,219,0,0.7732338071415337,3.1625553447185437,False
MOMENTUM50,2024-09-30,0,2024-09-30,2026-09-04,480,2,0.5903022095532122,5.825545171339556,False
MOMGF,2025-05-28,60,2025-08-25,2026-09-04,315,1,0.056818181818181816,0.550206327372753,False
MOMIDMTM,2025-07-03,1,2025-07-04,2026-09-04,291,0,0.7486836736676447,2.402728259184618,False
MOMMIDCAP,2026-07-22,0,2026-07-22,2026-09-04,33,2,0.3781316334854557,1.519999999999996,False
MOMNC,2025-12-04,53,2026-02-23,2026-09-04,185,0,1.3754639175257732,2.688860435339308,False
MOMOMENTUM,2022-02-17,19,2022-03-17,2026-09-04,1104,0,0.46449073314744954,3.3817635270541118,False
MON100,2015-01-01,51,2015-03-18,2026-09-04,2889,0,0.4057226705796038,1.9963702359346538,False
MON50EQUAL,2025-05-07,60,2025-07-31,2026-09-04,332,2,0.944110060189166,0.5128205128205133,False
MONARCH,2022-01-06,0,2022-01-06,2026-09-04,1152,2,7.370469391692621,13.525641025641022,True
MONEXT50,2025-05-14,60,2025-08-06,2026-09-04,328,2,1.7769869513641756,1.0780443364712933,True
MONEYBOXX,2025-10-15,0,2025-10-15,2026-09-04,220,1,1.4909622946322432,9.215834594049424,True
MONIFTY100,2025-10-16,57,2026-01-08,2026-09-04,220,0,0.5226025607525477,1.0542168674698837,False
MONIFTY500,2023-10-06,0,2023-10-06,2026-09-04,724,3,3.181634216574644,19.942693409742123,True
MONQ50,2021-12-29,36,2022-02-18,2026-09-04,1163,0,1.5670148921982663,6.159110350727107,True
MONTECARLO,2014-12-19,0,2014-12-19,2026-09-04,2891,1,22.961887345289213,17.98076701335239,True
MOPSE,2025-06-05,60,2025-09-04,2026-09-04,308,3,0.658554044380816,1.0541851149061776,False
MOQUALITY,2022-08-26,60,2022-11-25,2026-09-04,991,1,0.0,0.0,False
MOREALTY,2024-03-21,0,2024-03-21,2026-09-04,604,3,0.10648954019593673,1.1366272326606401,False
MOREPENLAB,2005-01-03,0,2005-01-03,2026-09-04,5358,451,7.722772282638844,14.230769230769228,False
MOSCHIP,2025-02-05,28,2025-03-19,2026-09-04,390,3,1.6762140916199493,8.71411369541796,True
MOSERVICE,2025-11-27,60,2026-02-24,2026-09-04,191,0,0.4623100303951368,1.373207201708867,False
MOSILVER,2025-08-14,9,2025-09-01,2026-09-04,261,0,0.12360303332357085,9.262713926514722,True
MOSMALL250,2024-03-21,0,2024-03-21,2026-09-04,609,3,0.22088111417032072,1.7081850533807843,False
MOTHERSON,2025-05-26,0,2025-05-26,2026-09-04,320,15,1.012675564832286,2.2302230223022343,False
MOTILALOFS,2007-09-11,0,2007-09-11,2026-09-04,4690,1,36.873752471950986,8.904810644831118,True
MOTISONS,2023-12-26,0,2023-12-26,2026-09-04,670,3,2.5753718040735416,6.280193236714979,True
MOTOGENFIN,2015-01-01,59,2015-04-09,2026-09-04,2746,1,28.28746928746929,2.8077753779697563,True
MOTOUR,2025-06-12,60,2025-09-08,2026-09-04,306,0,2.1180695454147322,1.1864955236759729,True
MOVALUE,2022-08-26,60,2022-11-25,2026-09-04,991,1,2.0091743119266057,4.619278633199743,True
MPHASIS,2005-01-03,0,2005-01-03,2026-09-04,5358,451,0.5575922330097087,2.3228803716608595,False
MPSLTD,2005-01-03,58,2005-03-29,2026-09-04,5358,0,1.2303727200634418,4.392499357821737,False
MRF,2005-01-03,60,2005-03-31,2026-09-04,5358,0,0.7076843198338525,1.8656399993215853,False
MRPL,2005-01-03,0,2005-01-03,2026-09-04,5358,451,3.7423087242426645,4.508566275924256,False
MSCI360,2026-05-29,59,2026-08-24,2026-09-04,69,2,5.201402805611222,17.601380500431414,True
MSCIADD,2025-12-01,60,2026-02-26,2026-09-04,187,0,0.03442879499217527,0.3631561571475716,False
MSCIINDIA,2025-02-27,39,2025-04-30,2026-09-04,375,0,0.4524860594795539,1.1883956658511006,False
MSPL,2005-07-18,0,2005-07-18,2026-09-04,5221,2,26.16980902472115,31.045751633986928,False
MSTCLTD,2019-04-01,0,2019-04-01,2026-09-04,1837,2,1.8043709535244232,4.424877396344181,True
MSUMI,2022-03-28,0,2022-03-28,2026-09-04,1103,1,3.5090438079370982,10.50847457627119,True
MTARTECH,2021-03-15,0,2021-03-15,2026-05-15,1276,1,44.940118412800345,10.6144888839443,True
MTEDUCARE-BE,2012-04-12,52,2012-06-26,2026-09-04,3471,0,2.7177268137891244,5.198434879821136,True
MTNL,2005-01-03,0,2005-01-03,2026-09-04,5358,451,1.8136582763624096,8.04321728691477,False
MUFIN,2023-11-06,48,2024-01-16,2026-09-04,699,1,0.4165045452937639,4.2375410325276,False
MUFTI,2023-12-27,14,2024-01-16,2026-09-04,665,1,1.0849226467690183,2.8595394235168525,False
MUKANDLTD,2005-01-03,0,2005-01-03,2026-09-04,5358,451,1.703597689181203,3.9936102236421727,False
MUKKA,2024-03-07,0,2024-03-07,2026-09-04,616,1,12.265460222878893,9.467455621301776,True
MULTICAP,2024-09-05,0,2024-09-05,2026-09-04,494,2,0.7285358846067729,2.754491017964056,False
MUNJALAU,2005-01-03,0,2005-01-03,2026-09-04,5358,451,2.9961682164898,3.9543057996484996,False
MUNJALSHOW,2005-01-03,39,2005-03-01,2026-09-04,5358,0,0.9621378058702047,2.1705426356589235,False
MURUDCERA,2015-01-01,40,2015-03-02,2026-09-04,2890,1,0.10888568870898688,2.5882352941176503,False
MUTHOOTCAP,2015-08-24,60,2015-11-24,2026-09-04,2723,0,1.1797160243407707,2.716547656007451,False
MUTHOOTFIN,2011-05-06,0,2011-05-06,2026-09-04,3790,1,54.55707088935953,21.31893121091529,True
MUTHOOTMF,2023-12-26,0,2023-12-26,2026-09-04,662,3,18.249007805656348,5.823783580687583,True
MVGJL,2023-10-03,0,2023-10-03,2026-09-04,722,2,11.162365259776893,5.522041763341069,True
MWL,2022-07-25,60,2022-10-21,2026-09-04,1015,0,1.0,2.4868873213962743,False
NACLIND,2017-04-10,4,2017-04-17,2026-09-04,2325,0,0.47602391507707326,8.976261127596432,True
NAGREEKCAP,2007-09-18,54,2007-12-04,2026-09-04,4433,0,13.555378627034678,17.278797996661105,True
NAGREEKEXP,2005-01-03,242,2005-12-22,2026-09-04,5344,1,3.8936094664783942,11.141304347826091,False
NAHARCAP,2008-03-11,60,2008-06-11,2026-09-04,4560,0,2.5633976200246202,17.699115044247787,True
NAHARINDUS,2005-01-03,237,2005-12-15,2026-09-04,5358,2,0.2511820713776799,11.214953271028037,False
NAHARPOLY,2005-01-03,0,2005-01-03,2026-09-04,5356,451,1.2642187057876064,3.163841807909601,False
NAHARSPING,2005-01-03,0,2005-01-03,2026-09-04,5358,451,1.0335494603932944,1.4087152516904584,False
NAM-INDIA,2017-11-06,0,2017-11-06,2026-09-04,2189,1,47.012208838939365,7.383966244725739,True
NARMADA,2018-05-04,58,2018-07-25,2026-09-04,2058,1,6.4,8.30961866818441,True
NATCAPSUQ,2025-02-14,58,2025-05-16,2026-08-14,368,0,0.9997030878859857,6.787835711021986,False
NATCOPHARM,2005-01-03,0,2005-01-03,2026-09-04,5358,451,5.867944590552225,8.376963350785337,False
NATHBIOGEN,2014-01-28,60,2014-04-29,2026-09-04,3108,0,2.0907929873447113,9.395721256099074,True
NATIONALUM,2005-01-03,0,2005-01-03,2026-09-04,5358,451,1.5149752986225995,3.3518445061483493,False
NATIONSTD,2026-04-20,60,2026-07-17,2026-09-04,96,0,0.4407830342577488,0.0,False
NAUKRI,2006-11-21,0,2006-11-21,2026-09-04,4890,5,14.395014644559174,28.8135593220339,True
NAVA,2005-01-03,0,2005-01-03,2026-09-04,5358,451,1.4609024508696091,4.444444444444429,False
NAVINFLUOR,2007-06-01,43,2007-08-01,2026-09-04,4761,0,1.2311767986614612,16.726646847128773,True
NAVKARCORP,2015-09-09,0,2015-09-09,2026-09-04,2718,1,146.29788106406008,10.389997022923483,True
NAVKARURB-BE,2025-01-17,0,2025-01-17,2026-09-04,405,1,2.2535770338427783,8.852459016393443,True
NAVNETEDUL,2005-01-03,0,2005-01-03,2026-09-04,5358,451,3.2170615975780157,8.095485210171246,False
NAZARA,2021-03-30,0,2021-03-30,2026-09-04,1345,1,21.099872979572524,27.190954773869358,True
NBCC,2012-04-12,0,2012-04-12,2026-09-04,3560,2,29.778776674770395,5.104408352668229,True
NBIFIN,2016-12-07,60,2017-03-22,2026-09-04,2393,0,0.8551236749116607,7.4936083928414,False
NCC,2005-01-03,0,2005-01-03,2026-09-04,5358,451,1.773360605239163,5.875531503672205,False
NCLIND,2007-04-03,7,2007-04-13,2026-09-04,4801,1,0.4169204072946338,7.539682539682543,False
NDGL,2016-08-30,60,2016-11-30,2026-09-04,2473,1,1.5285714285714285,4.450711791565939,True
NDL,2005-12-29,0,2005-12-29,2026-09-04,5111,1,2.5488544963558755,8.108108108108116,False
NDLVENTURE,2022-11-10,57,2023-01-31,2026-09-04,925,0,0.9995612460611862,5.048403148466478,False
NDRAUTO,2020-07-30,57,2020-10-20,2026-09-04,1511,0,0.2672164948453608,3.9840637450199297,False
NDTV,2005-01-03,0,2005-01-03,2026-09-04,5358,451,3.130471511942968,11.025499908273707,False
NEAGI,2026-04-22,60,2026-08-20,2026-09-04,70,3,1.0,3.9263766536493754,False
NECCLTD,2016-03-02,58,2016-05-31,2026-05-15,2517,0,2.999632488055862,4.278239458294862,True
NECLIFE,2005-07-18,0,2005-07-18,2026-09-04,5222,2,30.10292637746192,21.49173394848135,False
NELCAST,2007-06-27,0,2007-06-27,2026-09-04,4743,1,32.80259423886979,33.638775018085354,True
NELCO,2005-01-03,0,2005-01-03,2026-09-04,5358,451,1.9658622321368215,3.3613445378151208,False
NEOGEN,2019-05-08,0,2019-05-08,2026-09-04,1814,2,13.142700987647155,4.953393421154,True
NEPHROPLUS,2025-12-17,0,2025-12-17,2026-09-04,177,2,41.49740639926044,7.4694960212201575,True
NESCO,2008-04-08,59,2008-07-04,2026-09-04,4546,1,2.5972222222222223,9.30076199013895,True
NESTLEIND,2010-01-08,0,2010-01-08,2026-09-04,4121,12,0.6767624020887728,4.009623095429041,False
NETF,2019-01-07,60,2019-05-13,2026-09-04,1838,0,0.6981627296587927,1.6196868008948566,False
NETWEB,2023-07-27,0,2023-07-27,2026-09-04,772,1,51.705866383147814,8.342486818980673,True
NETWORK18,2007-02-02,0,2007-02-02,2026-09-04,4841,3,6.381929078261645,23.61895408789591,True
NEUEON-BE,2025-12-23,60,2026-08-11,2026-09-04,79,1,1.4820343836524998,9.391891891891895,True
NEULANDLAB,2005-01-03,60,2005-03-31,2026-09-04,5358,0,0.0,4.134366925064585,False
NEWGEN,2018-01-29,0,2018-01-29,2026-09-04,2125,1,89.78733727734799,8.101714961561209,True
NEXT30ADD,2025-02-05,60,2025-05-09,2026-09-04,391,0,4.502971866332056,2.0757363253856997,True
NEXT50,2020-01-31,60,2020-05-04,2026-09-04,1638,0,0.9680170575692963,9.147653895824364,True
NEXT50ADD,2026-01-09,49,2026-03-23,2026-09-04,162,1,1.0713278827177897,5.693430656934303,False
NEXT50BETA,2017-08-08,41,2017-10-09,2026-09-04,2246,1,0.37653784018889025,1.4184397163120517,False
NEXT50ETF,2026-01-14,30,2026-02-26,2026-09-04,159,0,0.34697246112414215,1.002541654899737,False
NEXT50IETF,2018-08-31,59,2018-12-06,2026-09-04,1981,0,12.072043852779952,1.2281354670636333,True
NEXTMEDIA,2015-01-01,0,2015-01-01,2026-09-04,2802,99,1.0198500607565395,5.186089078706527,False
NFL,2006-12-28,60,2007-03-29,2026-09-04,4864,0,0.9818794774546987,8.422939068100364,True
NGIL,2021-08-20,59,2021-11-16,2026-09-04,1247,1,0.14762606900619285,5.802012733620858,False
NGLFINE,2022-07-08,60,2022-10-06,2026-09-04,1027,1,0.9307711258930771,3.055504471553015,False
NH,2016-01-06,0,2016-01-06,2026-09-04,2640,1,86.44807780886818,16.20418459712124,True
NHPC,2009-09-01,0,2009-09-01,2026-09-04,4205,1,15.953659757458952,14.557823129251704,True
NIACL,2017-11-13,0,2017-11-13,2026-09-04,2184,1,22.470725653380054,4.483564846651083,True
NIBE,2025-02-07,26,2025-03-19,2026-09-04,388,3,0.5350139450414028,5.585683970166664,False
NIBL,2013-04-16,60,2013-07-12,2026-09-04,3302,1,0.8641975308641975,0.0,False
NIF100BEES,2015-01-01,60,2015-04-10,2026-09-04,2795,0,13.27659574468085,12.829094154395358,True
NIF100IETF,2013-08-27,60,2013-11-26,2026-09-04,3200,0,0.0,0.0,False
NIFTY1,2015-01-01,0,2015-01-01,2026-09-04,2890,99,0.193232276833563,0.6027000964320155,False
NIFTY100EW,2025-03-04,60,2025-06-04,2026-09-04,373,1,0.15298458639729934,0.5598755832037317,False
NIFTY50,2011-01-03,60,2011-03-30,2026-08-21,3876,1,0.0,0.8509498673900461,False
NIFTY500,2011-01-03,60,2011-03-30,2026-08-21,3875,1,0.0,1.0255629614326536,False
NIFTYADD,2021-12-30,60,2022-03-30,2026-09-04,1161,0,0.5070159027128157,0.7428571428571331,False
NIFTYAUTO,2015-01-01,60,2015-03-30,2026-08-21,2884,4,0.0,1.4944485911550807,False
NIFTYBEES,2005-01-03,37,2005-02-25,2026-09-04,5373,0,0.5729954211479076,2.1400778210116793,False
NIFTYBETA,2015-09-03,60,2015-12-08,2026-09-04,2687,0,1.0491803278688525,1.0325245224574047,False
NIFTYBETF,2024-01-29,60,2024-04-26,2026-09-04,647,1,4.210669384981312,1.0629781177726323,True
NIFTYCASE,2025-10-20,0,2025-10-20,2026-09-04,218,1,1.2601745376162268,2.818270165208933,False
NIFTYENERGY,2015-01-01,60,2015-03-30,2026-08-21,2883,4,0.0,1.7589843224947128,False
NIFTYETF,2018-11-28,60,2019-03-18,2026-09-04,1907,0,6.325,0.7423580786026152,True
NIFTYFINSRV,2015-01-01,60,2015-03-30,2026-08-21,2883,4,0.0,2.338306161868528,False
NIFTYFMCG,2015-01-01,60,2015-03-30,2026-08-21,2883,4,0.0,2.1241439669633455,False
NIFTYIETF,2015-01-01,60,2015-03-31,2026-09-04,2890,0,1.7291666666666667,2.2026431718061708,True
NIFTYIT,2015-01-01,60,2015-03-30,2026-08-21,2884,4,0.0,1.3118913134201315,False
NIFTYLARGEMID250,2011-01-03,60,2011-03-30,2026-07-31,3847,1,0.0,0.0,False
NIFTYMETAL,2015-01-01,60,2015-03-30,2026-08-21,2883,4,0.0,1.971395438732126,False
NIFTYMIDCAP150,2011-01-03,60,2011-03-30,2026-08-21,3876,1,0.0,0.0,False
NIFTYMIDSML400,2011-01-03,60,2011-03-30,2026-07-31,3861,1,0.0,0.0,False
NIFTYNEXT50,2015-01-01,60,2015-03-30,2026-08-21,2884,4,0.0,0.9276706470353383,False
NIFTYPHARMA,2015-01-01,60,2015-03-30,2026-08-21,2883,4,0.0,1.2807191548985402,False
NIFTYPSUBANK,2015-01-01,60,2015-03-30,2026-08-21,2883,4,0.0,2.3382708145388906,False
NIFTYQLITY,2022-08-22,52,2022-11-07,2026-09-04,1003,1,1.0598052372595574,3.568977350720656,False
NIFTYREALTY,2015-01-01,60,2015-03-30,2026-08-21,2883,4,0.0,2.221707937977312,False
NIFTYSMLCAP100,2011-01-03,60,2011-03-30,2026-07-31,3861,1,0.0,0.0,False
NIFTYSMLCAP250,2011-01-03,60,2011-03-30,2026-08-21,3876,1,0.0,0.0,False
NIITLTD,2005-01-03,0,2005-01-03,2026-09-04,5358,451,1.3478804867561263,2.4630541871921183,False
NIITMTS,2023-08-08,0,2023-08-08,2026-09-04,755,1,8.127945212665756,8.433767064846414,True
NILAINFRA,2015-05-21,28,2015-06-30,2026-09-04,2790,1,0.15578578724646142,8.173913043478256,True
NILASPACES,2018-12-28,3,2019-01-02,2026-09-04,1899,0,0.6399061525321049,9.230769230769225,True
NILE,2026-04-20,60,2026-07-16,2026-09-04,97,2,0.5025386996904024,2.220822176720741,False
NILKAMAL,2005-01-03,60,2005-03-31,2026-05-15,5280,0,1.006877990430622,3.6293436293436208,False
NIMBSPROJ,2026-04-06,60,2026-07-03,2026-09-04,106,1,3.251964863615349,5.644008478335874,True
NINSYS,2023-02-21,60,2023-05-24,2026-09-04,872,0,0.36283092500791053,4.7724599656201985,False
NIPPOBATRY,2005-01-03,60,2005-03-31,2026-09-04,5358,0,0.0,2.191780821917808,False
NIRAJ,2020-10-01,59,2020-12-28,2026-09-04,1466,0,44.72144144144144,8.469387755102053,True
NIRAJISPAT,2024-03-11,60,2024-06-12,2026-08-13,587,0,0.0,0.0,False
NIRLON,2026-04-20,57,2026-07-13,2026-09-04,97,0,1.7148542666510593,4.351716284366357,True
NITCO,2006-03-21,0,2006-03-21,2026-09-04,5057,1,38.18182832658317,15.634379263301502,True
NITINSPIN,2006-02-02,0,2006-02-02,2026-09-04,5088,1,31.633471440546042,26.538461538461533,True
NITIRAJ,2017-03-16,60,2017-06-13,2026-09-04,2340,0,0.0,0.0,False
NITTAGELA,2026-04-20,21,2026-05-20,2026-09-04,97,0,0.3167460646230323,2.4978205662737403,False
NIVABUPA,2024-11-14,0,2024-11-14,2026-09-04,447,3,6.6625897649428225,10.118886787354763,True
NKIND,2016-03-31,60,2016-06-28,2026-09-04,2572,1,0.0,0.0,False
NLCINDIA,2005-01-03,0,2005-01-03,2026-09-04,5358,451,0.8440821718411703,3.1929347826086882,False
NMDC,2008-03-03,0,2008-03-03,2026-09-04,4569,2,1.5527044593907195,4.492229082393016,True
NOCIL,2005-01-03,0,2005-01-03,2026-09-04,5358,451,3.5551738774868027,6.611570247933891,False
NOIDATOLL,2005-01-03,0,2005-01-03,2026-09-04,5358,451,0.8560491042380601,8.36236933797909,False
NORBTEAEXP,2003-01-01,60,2003-03-31,2026-09-04,4873,0,0.0,18.918918918918923,False
NORTHARC,2024-09-24,0,2024-09-24,2026-09-04,483,3,44.89767911563591,12.925170068027215,True
NOVAAGRI,2024-01-31,0,2024-01-31,2026-05-15,564,1,7.295739242236052,4.761904761904762,True
NOVARTIND,2020-10-05,34,2020-11-20,2026-09-04,856,1,0.38809005904121585,1.9794599966871036,False
NPBET,2019-09-04,60,2019-12-05,2026-09-04,1731,0,35.37735849056604,0.6210485089240672,True
NPST,2021-09-16,59,2021-12-13,2026-09-04,1228,1,8.0,21.069920225246356,True
NRAIL,2017-04-05,0,2017-04-05,2026-09-04,2328,2,2.070834982192323,4.26500111532456,True
NRBBEARING,2005-01-03,60,2005-03-31,2026-09-04,5358,0,1.569996503088938,5.200945626477532,False
NRL,2022-01-06,0,2022-01-06,2026-05-15,1074,2,8.862068965517242,6.0878243512973995,True
NSIL,2005-01-03,60,2005-03-31,2026-09-04,5343,0,16.65899454875833,11.660710927214593,False
NSLNISP,2023-02-20,0,2023-02-20,2026-09-04,873,1,1.151050068577649,4.724409448818897,False
NTPC,2004-11-05,0,2004-11-05,2026-09-04,5397,1,12.163012992678338,23.80787836903938,False
NTPCGREEN,2024-11-27,0,2024-11-27,2026-09-04,441,2,10.894101371702552,9.165639128647763,True
NUCLEUS,2005-01-03,0,2005-01-03,2026-09-04,5358,451,2.2664858857905372,7.616737416616132,False
NURECA,2021-02-25,48,2021-05-11,2026-05-15,1287,0,3.7096117770500143,9.520743432742488,True
NUVAMA,2023-09-26,0,2023-09-26,2026-09-04,731,1,2.278325848016071,6.794258373205742,True
NUVOCO,2021-08-23,0,2021-08-23,2026-09-04,1246,1,25.125858644364623,12.224938875305622,True
NV20,2015-12-09,60,2016-03-15,2026-09-04,2571,0,0.16666666666666666,0.0,False
NV20BEES,2015-06-24,60,2015-11-13,2026-09-04,2396,0,0.8,0.0,False
NV20IETF,2016-06-28,59,2017-02-06,2026-09-04,2389,1,7.042253521126761,0.0,True
NYKAA,2021-11-10,0,2021-11-10,2026-09-04,1197,1,16.690597488481785,11.233510131918933,True
OAL,2020-04-15,50,2020-06-26,2026-09-04,1585,0,0.10138139495465974,5.056211835872845,False
OBCL,2022-04-07,60,2022-07-05,2026-09-04,1090,0,0.39667128987517336,11.854360711261643,True
OBEROIRLTY,2010-10-20,55,2011-01-07,2026-09-04,3925,1,1.328134449501862,3.7322515212981697,False
OCCLLTD,2024-10-29,0,2024-10-29,2026-05-15,378,1,1.6517694730770938,9.844784543579733,True
ODIGMA,2024-12-12,56,2025-03-03,2026-09-04,429,0,0.5562207486554449,7.4972436604189605,False
OFSS,2005-01-03,0,2005-01-03,2026-09-04,5358,451,6.172679456120823,7.946026986506746,False
OIL,2009-09-30,0,2009-09-30,2026-09-04,4186,1,60.63029847028427,5.849490634242527,True
OILIETF,2024-07-24,0,2024-07-24,2026-09-04,527,1,0.21054996777933052,5.1683633516053265,False
OLAELEC,2024-08-09,0,2024-08-09,2026-09-04,515,1,5.76741393476302,16.666666666666668,True
OLECTRA,2015-01-01,60,2015-03-31,2026-09-04,2889,0,1.072965180749612,1.557632398753894,False
OMAXAUTO,2005-01-03,0,2005-01-03,2026-09-04,5358,451,1.0705854955937688,2.1419009370816524,False
OMAXE,2007-08-09,0,2007-08-09,2026-09-04,4712,1,18.552634832177723,30.512497752202833,True
OMFREIGHT,2025-10-08,0,2025-10-08,2026-05-08,142,2,18.287499453413854,5.2237933855323115,True
OMINFRAL,2011-06-17,60,2011-09-14,2026-09-04,3752,0,0.0,0.0,False
OMNI,2026-03-05,0,2026-03-05,2026-09-04,125,2,6.026123243239322,11.076953105938609,True
OMPOWER,2026-04-17,0,2026-04-17,2026-09-04,98,1,8.033417125088473,4.809183990071368,True
ONELIFECAP-BE,2015-01-01,24,2015-02-05,2026-09-04,2806,1,0.3231207487936748,2.7473883359381457,False
ONEPOINT,2017-12-26,0,2017-12-26,2026-09-04,2147,2,0.358695652173913,0.0,False
ONESOURCE,2025-01-24,37,2025-03-19,2026-09-04,400,3,2.0301541566079453,6.7620448924647025,True
ONGC,2003-01-01,0,2003-01-01,2026-09-04,3474,23,0.2540049281473529,1.0825439783491164,False
ONIDA,2003-01-01,0,2003-01-01,2026-09-04,5839,23,0.9592985120999759,1.1280690112806897,False
ONWARDTEC,2015-01-01,60,2015-04-01,2026-09-04,2887,0,0.11767925561029009,2.303664921465957,False
OPTIEMUS,2017-08-08,45,2017-10-13,2026-09-04,2242,1,0.19447883014804304,7.382212144116907,False
ORBTEXP,2013-11-05,4,2013-11-11,2026-05-15,3088,1,1.65786251530523,4.7962648556876175,True
ORCHASP,2025-02-07,26,2025-03-19,2026-09-04,388,3,0.4718580377213663,6.474820143884898,False
ORCHPHARMA,2020-11-03,60,2021-01-29,2026-09-04,1449,1,0.16417910447761194,0.030665440049071676,False
ORICONENT,2015-07-24,0,2015-07-24,2026-09-04,2751,1,0.4924451359420356,4.739336492890995,False
ORIENTALTL,2015-01-01,138,2016-07-11,2026-09-04,2653,2,1.5879979693803938,1.121304791029574,True
ORIENTBELL,2007-02-14,60,2007-05-16,2026-09-04,4833,0,0.37199124726477023,0.21551724137931852,False
ORIENTCEM,2013-07-12,2,2013-07-16,2026-09-04,3248,0,0.9486948471159881,8.649173955296394,True
ORIENTCER,2023-07-20,0,2023-07-20,2026-09-04,763,1,3.851830709335647,4.08446790775215,True
ORIENTELEC,2018-05-14,0,2018-05-14,2026-09-04,2061,1,21.533287593663957,9.107142857142858,True
ORIENTHOT,2005-01-03,25,2005-02-09,2026-09-04,5357,0,0.19781611556103237,4.577822990844346,False
ORIENTPPR,2005-01-03,0,2005-01-03,2026-09-04,5358,451,4.214915886756226,4.347826086956506,False
ORIENTTECH,2024-08-28,0,2024-08-28,2026-09-04,502,2,6.13389045326551,5.028483786152492,True
ORISSAMINE,2010-09-29,58,2010-12-23,2026-09-04,3931,1,3.5598631698973775,10.526405532782695,True
ORKLAINDIA,2025-11-06,0,2025-11-06,2026-09-04,206,1,53.603433506858465,9.451411756463258,True
ORTINGLOBE,2003-01-01,60,2003-03-31,2026-09-04,4535,0,0.9659913169319826,11.11111111111111,False
OSIAHYPER,2019-04-23,59,2019-07-18,2026-02-17,1686,0,3.0,1.9572953736654914,True
OSWALAGRO,2018-09-14,49,2018-11-29,2026-09-04,1968,0,0.9146959459459459,3.999999999999996,False
OSWALGREEN,2015-01-01,0,2015-01-01,2026-09-04,2890,99,2.1444937431511835,6.451612903225802,False
OSWALPUMPS,2025-06-20,0,2025-06-20,2026-09-04,301,1,8.89223708758484,4.757335891900536,True
OSWALSEEDS,2018-07-04,43,2018-09-05,2026-09-04,2016,0,1.3846153846153846,2.141327623126331,False
PACEDIGITK,2025-10-06,0,2025-10-06,2026-09-04,227,2,16.74111034465139,11.009679343089132,True
PAGEIND,2007-03-16,60,2007-06-14,2026-09-04,4812,0,1.2718081659105638,3.9781798829164416,False
PAISALO,2009-06-16,37,2009-08-06,2026-09-04,4256,0,0.2397588498995208,2.3809523809523725,False
PAKKA,2023-07-11,0,2023-07-11,2026-09-04,779,1,3.0591235403871213,14.033953112368645,True
PALASHSECU,2017-07-31,58,2017-10-25,2026-09-04,2248,1,9.551817362571343,3.3062330623306204,True
PALREDTEC,2016-05-09,60,2016-08-02,2026-09-04,2558,1,8.222096317280453,16.509090909090922,True
PANACEABIO,2005-01-03,0,2005-01-03,2026-09-04,5358,451,0.607205161998065,3.049907578558223,False
PANACHE,2017-04-28,0,2017-04-28,2026-02-17,2176,1,4.48,14.238773274917861,True
PANACHE-BE,2017-04-25,215,2019-04-26,2026-09-04,1949,0,2.3333333333333335,3.19693094629156,True
PANAMAPET,2011-09-30,60,2012-01-02,2026-09-04,3680,0,3.7825079640891976,5.230386052303872,True
PANSARI,2016-01-25,220,2021-10-19,2026-09-04,1416,0,0.02,0.0,False
PAR,2019-05-30,60,2019-08-27,2026-08-21,1788,0,0.0,0.0,False
PARACABLES,2015-01-01,60,2015-03-31,2026-09-04,2889,0,0.18291590645214795,0.0,False
PARADEEP,2022-05-27,0,2022-05-27,2026-09-04,1062,1,34.299588655493274,9.681093394077449,True
PARAGMILK,2016-05-19,0,2016-05-19,2026-09-04,2545,1,81.7958678282736,13.035892323030906,True
PARAS,2021-10-01,0,2021-10-01,2026-09-04,1223,1,8.598398109349604,6.580016246953692,True
PARASPETRO,2015-01-01,60,2015-04-01,2026-09-04,1426,0,3.4666424176290502,24.999999999999993,True
PARKHOSPS,2025-12-17,0,2025-12-17,2026-09-04,177,2,52.42811987346236,12.801622169651909,True
PARKHOTELS,2024-02-12,0,2024-02-12,2026-09-04,634,1,23.555262302533848,25.52363116652703,True
PASHUPATI,2017-09-08,224,2021-01-29,2026-09-04,1069,1,1.0,0.0,False
PASUPTAC,2021-10-12,0,2021-10-12,2026-05-15,1133,1,2.7575207047742776,12.855209742895804,True
PATANJALI,2025-05-26,0,2025-05-26,2026-09-04,320,15,1.0753227208266425,2.20689655172415,False
PATELENG,2005-02-24,52,2005-05-11,2026-09-04,5322,0,0.3053267435475014,0.0,False
PATELRMART,2025-08-26,0,2025-08-26,2026-09-04,254,5,9.906454167110478,6.760514424747997,True
PAUSHAKLTD,2025-12-01,37,2026-01-23,2026-09-04,189,0,0.8877183967112025,3.7040563702152056,False
PAVNAIND,2021-03-24,36,2021-05-20,2026-09-04,1347,1,4.0,4.121212121212119,True
PAYTM,2021-11-18,0,2021-11-18,2026-09-04,1191,2,10.591147764724711,25.307534597642235,True
PCBL,2005-01-03,0,2005-01-03,2026-09-04,5358,451,0.9482988943523861,2.1390374331550728,False
PCJEWELLER,2012-12-27,0,2012-12-27,2026-09-04,3379,1,16.09405775223791,11.840228245363766,True
PDMJEPAPER,2016-03-30,59,2016-06-24,2026-09-04,2578,1,0.7383701892641185,7.598784194528875,False
PDSL,2014-10-21,58,2015-01-16,2026-09-04,2930,0,0.4273474982864976,0.9908536585365868,False
PEARLPOLY,2015-01-01,60,2015-04-09,2026-09-04,2860,1,0.0006613756613756613,0.0,False
PENIND,2010-11-25,23,2010-12-29,2026-09-04,3892,0,0.2881684272085968,4.327666151468318,False
PENINLAND,2003-01-01,60,2003-03-31,2026-09-04,5837,0,1.188872348343878,7.692307692307699,False
PERSISTENT,2010-04-06,0,2010-04-06,2026-09-04,4064,1,41.665702990833466,21.09683794466404,True
PETRONET,2005-01-03,0,2005-01-03,2026-09-04,5358,451,3.0155253577113377,16.66666666666666,False
PFC,2007-02-23,0,2007-02-23,2026-09-04,4827,1,48.68183265779266,12.430011198208282,True
PFIZER,2005-01-03,25,2005-02-09,2026-09-04,5358,0,0.6665972294552651,3.2229867956109426,False
PFOCUS,2006-06-20,0,2006-06-20,2026-09-04,4996,1,28.754611481673532,25.597792765174745,True
PFS,2011-03-30,0,2011-03-30,2026-09-04,3806,1,44.81184220156627,14.04230317273796,True
PGEL,2011-09-26,0,2011-09-26,2026-09-04,3692,1,107.35829641773344,74.24789410348977,True
PGHH,2005-01-03,60,2005-03-31,2026-09-04,5358,0,2.0620458356623814,2.6522853859075237,False
PGHL,2005-01-03,53,2005-03-21,2026-09-04,5358,1,1.4700676005296536,3.460620525059666,False
PGIL,2007-02-15,0,2007-02-15,2026-09-04,4832,2,50.81997384040177,17.19148936170213,True
PHARMABEES,2021-07-07,0,2021-07-07,2026-09-04,1282,1,1.4039916089293027,28.08833678398897,True
PHOENIXLTD,2007-04-23,60,2007-07-18,2026-09-04,4788,1,0.01645872046721529,2.2069641981363413,False
PICCADIL,2025-07-02,0,2025-07-02,2026-09-04,292,4,1.4267415166772768,4.962717481358748,False
PIDILITIND,2005-01-03,0,2005-01-03,2026-09-04,5358,451,5.053275321399229,5.940594059405937,False
PIGL,2018-05-08,60,2018-07-31,2026-09-04,2056,0,0.0,0.0,False
PIIND,2011-06-15,23,2011-07-18,2026-09-04,3762,0,0.3692248139453574,1.3853904282115796,False
PILANIINVS,2011-10-25,60,2012-01-24,2026-09-04,3664,0,0.9368029739776952,4.688612891737892,False
PILITA,2015-01-01,0,2015-01-01,2026-09-04,2858,99,0.4631134729603001,3.8333333333333255,False
PINELABS,2025-11-14,0,2025-11-14,2026-09-04,201,2,40.49460365719941,19.861293794093033,True
PIONEEREMB,2006-05-16,59,2006-08-07,2026-09-04,5018,0,0.8513235061023934,2.9074889867841383,False
PIRAMALFIN,2025-11-07,0,2025-11-07,2026-09-04,206,2,3.2704867465112466,4.761904761904762,True
PITTIENG,2007-02-02,59,2007-05-03,2026-09-04,4841,1,4.093131548311991,5.945945945945954,True
PIXTRANS,2022-04-28,52,2022-07-12,2026-09-04,1077,0,1.702182821778038,5.5418292654767125,True
PKTEA,2010-06-30,60,2010-09-23,2026-09-04,3988,0,0.631578947368421,2.0589056393076612,False
PLASTIBLEN,2006-12-28,60,2007-03-29,2026-09-04,4864,0,0.5552238805970149,1.29366106080207,False
PLATIND,2024-03-05,0,2024-03-05,2026-09-04,618,2,13.139042383034623,6.894213381555154,True
PLAZACABLE,2023-10-12,0,2023-10-12,2026-09-04,715,2,6.349669339990208,5.610972568578553,True
PML,2026-04-20,60,2026-07-16,2026-09-04,97,2,1.5393258426966292,3.1357792411414236,True
PNB,2005-01-03,0,2005-01-03,2026-09-04,5358,451,0.5270783763904616,3.9779005524861812,False
PNBGILTS,2005-01-03,0,2005-01-03,2026-09-04,5358,451,3.3449033639488364,4.3377674956622325,False
PNBHOUSING,2016-11-07,0,2016-11-07,2026-09-04,2436,1,57.83939356570309,4.857065438287498,True
PNC,2005-01-03,54,2005-03-22,2026-09-04,5348,0,1.1911192492561227,12.564102564102566,False
PNCINFRA,2015-05-26,0,2015-05-26,2026-09-04,2794,1,74.85093523005688,11.234396671289888,True
PNGJL,2024-09-17,0,2024-09-17,2026-09-04,485,1,23.975504951189023,8.38270515567881,True
PNGSREVA,2026-03-04,0,2026-03-04,2026-09-04,126,2,31.048705762841273,17.731357784794753,True
POCL,2010-10-01,0,2010-10-01,2026-09-04,3927,1,1.06640625,9.471766848816022,True
PODDARMENT,2016-11-22,60,2017-02-15,2026-09-04,2420,0,1.431442182763101,5.527330063069378,False
POKARNA,2016-07-07,11,2016-07-22,2026-09-04,2511,0,0.5443425076452599,7.4416400047399,False
POLICYBZR,2021-11-15,0,2021-11-15,2026-09-04,1194,3,32.955424785326755,8.309074274307585,True
POLYCAB,2019-04-16,0,2019-04-16,2026-09-04,1832,1,34.74200479292986,5.772755039706774,True
POLYMED,2011-12-07,60,2012-03-02,2026-09-04,3646,1,6.073362875430822,5.7256582976117505,True
POLYPLEX,2005-01-03,0,2005-01-03,2026-09-04,5358,451,2.309606291248388,5.008676447389173,False
PONNIERODE,2005-01-03,0,2005-01-03,2026-09-04,5348,451,5.0321940565843,7.8195488721804445,False
POONAWALLA,2005-01-03,58,2005-03-29,2026-09-04,5358,0,12.08840811965812,7.515657620041754,False
POWERGRID,2007-10-05,0,2007-10-05,2026-09-04,4673,2,11.64760504872069,27.992459943449568,True
POWERICA,2026-04-02,0,2026-04-02,2026-09-04,107,3,9.333826494222288,8.179487179487174,True
POWERINDIA,2020-03-30,51,2020-06-17,2026-09-04,1598,0,0.4858394486453305,0.8950948800572861,False
POWERMECH,2015-08-26,0,2015-08-26,2026-09-04,2721,2,128.81739806832178,14.153284168447167,True
PPL,2019-06-17,16,2019-07-09,2026-05-15,1709,0,1.0542430086788814,6.561023074784561,False
PPLPHARMA,2022-10-19,0,2022-10-19,2026-09-04,963,1,0.8206549366095018,5.254648342764753,False
PRABHA,2025-03-19,3,2025-03-24,2026-09-04,361,3,3.8214460109505355,5.264030964888034,True
PRAENG,2007-01-02,54,2007-03-22,2026-09-04,4861,0,0.5261666351785377,3.0268287090116917,False
PRAJIND,2005-01-03,0,2005-01-03,2026-09-04,5358,451,1.007390657579827,3.934191702432038,False
PRAKASH,2005-01-03,0,2005-01-03,2026-09-04,5355,451,3.6719878750106236,6.052631578947361,False
PRAKASHSTL,2010-08-25,0,2010-08-25,2026-09-04,3717,1,15.549365619417971,44.768069039913705,True
PRAVEG,2026-04-20,0,2026-04-20,2026-09-04,97,79,0.19232373044219228,4.932483120780186,False
PRAXIS,2018-01-31,10,2018-02-15,2026-09-04,2122,1,18.521093742539843,16.346633416458854,True
PRECAM,2016-02-08,0,2016-02-08,2026-09-04,2612,1,92.65087110890926,17.187700192184508,True
PRECOT,2015-01-01,59,2015-03-30,2026-09-04,2842,4,5.649586776859504,1.8518518518518519,True
PRECWIRE,2005-01-03,0,2005-01-03,2026-09-04,5358,451,1.4273902299942978,4.0650406504065035,False
PREMCO,2026-04-20,60,2026-07-16,2026-09-04,97,2,0.02264808362369338,1.0636865490776863,False
PREMEXPLN,2016-06-17,41,2016-08-17,2026-09-04,2524,0,0.4581976112920738,1.7259651778955347,False
PREMIER-BE,2005-01-03,66,2005-04-08,2026-09-04,5114,0,1.1612119156633316,17.548076923076916,False
PREMIERENE,2024-09-03,0,2024-09-03,2026-09-04,499,1,15.283168089297014,22.913239396323586,True
PREMIERPOL,2012-08-16,60,2012-11-19,2026-09-04,3464,0,0.0,0.0,False
PRESTIGE,2010-10-27,0,2010-10-27,2026-09-04,3920,1,66.59604704589383,10.587626197256029,True
PRICOLLTD,2017-02-10,0,2017-02-10,2026-09-04,2369,1,0.41957016616178816,5.254942767950064,False
PRIMESECU,2005-01-03,0,2005-01-03,2026-09-04,5357,451,0.1037018589344481,4.089219330855011,False
PRIMO,2025-04-22,0,2025-04-22,2026-09-04,342,1,0.9001776411052561,6.008583690987123,False
PRINCEPIPE,2019-12-30,0,2019-12-30,2026-09-04,1656,1,31.500579099998212,15.21846153846155,True
PRITI,2018-07-05,53,2018-09-24,2026-02-17,1879,0,0.5,0.0,False
PRITIKAUTO,2021-08-10,0,2021-08-10,2026-05-15,1176,2,1.9636795035590435,11.29476584022039,True
PRIVISCL,2015-05-08,51,2015-07-20,2026-09-04,2799,0,2.167913898932145,4.195539194456475,True
PROSTARM,2025-06-03,0,2025-06-03,2026-09-04,313,1,4.575768013369,4.761904761904762,True
PROTEAN,2025-02-06,0,2025-02-06,2026-09-04,390,1,0.8389074534559783,5.30380349731238,False
PROZONER,2012-09-12,0,2012-09-12,2026-09-04,3454,1,1.4586039180364783,10.526315789473685,True
PRSMJOHNSN,2005-01-03,0,2005-01-03,2026-09-04,5358,451,1.4162582194473297,14.957264957264957,False
PRUDENT,2022-05-20,46,2022-07-25,2026-09-04,1062,1,0.40470262793914247,3.794293510975566,False
PRUDMOULI,2023-12-22,54,2024-03-13,2026-05-15,589,1,1.629669734704927,6.458797327394207,True
PSB,2010-12-30,0,2010-12-30,2026-09-04,3868,1,104.58296065906832,16.1150512214342,True
PSPPROJECT,2017-05-29,0,2017-05-29,2026-09-04,2292,1,3.070107930549038,4.762158135575177,True
PSUBANK,2015-01-01,48,2015-03-13,2026-09-04,2890,1,0.121998450813323,2.7196083763937993,False
PSUBANKADD,2023-08-04,60,2023-11-02,2026-09-04,757,1,2.313652073732719,1.5990405756546016,True
PSUBNKBEES,2015-01-01,60,2015-03-31,2026-09-04,2890,0,0.3043010752688172,2.4096385542168828,False
PSUBNKIETF,2023-03-21,56,2023-06-14,2026-09-04,858,0,0.22984092155787164,2.0547945205479534,False
PTC,2005-01-03,0,2005-01-03,2026-09-04,5358,451,5.276932833526675,8.098891730605287,False
PTCIL,2023-06-09,60,2023-09-05,2026-09-04,805,1,0.4769919913126103,3.402998791633334,False
PTL,2007-01-29,42,2007-04-02,2026-09-04,4844,1,2.951979708524999,3.6269430051813507,True
PUNJABCHEM,2005-01-03,60,2005-03-31,2026-09-04,5358,0,0.0,2.3255813953488373,False
PURVA,2007-08-30,0,2007-08-30,2026-09-04,4698,2,15.067765047063018,22.081148219707423,True
PVP,2015-01-01,0,2015-01-01,2026-09-04,2326,99,0.8134822575862409,5.960264900662254,False
PVRINOX,2006-01-04,0,2006-01-04,2026-09-04,5107,1,44.678934131872815,13.363259668508283,True
PVSL,2024-03-19,0,2024-03-19,2026-09-04,609,2,13.246594358942033,9.7049323122709,True
PVTBANIETF,2019-08-14,42,2019-10-18,2026-09-04,1752,0,0.364120308756987,0.9179926560587646,False
PVTBANK,2026-07-22,28,2026-08-31,2026-09-04,33,1,0.03555052700529983,0.9298998569384891,False
PVTBANKADD,2023-08-04,57,2023-10-30,2026-09-04,757,1,352.3418412251364,5.412599822537706,True
PVTBKGROWW,2026-05-26,59,2026-08-19,2026-09-04,72,3,3.5068205069910197,1.7837641062977867,True
PWL,2025-11-18,0,2025-11-18,2026-09-04,199,2,9.992273420053289,15.872197887142496,True
PYRAMID,2023-08-29,0,2023-08-29,2026-09-04,745,4,6.239700350006385,5.826229323096028,True
QGOLDHALF,2015-01-01,0,2015-01-01,2026-09-04,2889,99,1.2560483870967742,1.6096579476861108,False
QNIFTY,2015-01-01,60,2015-04-10,2026-09-04,2500,0,0.3829787234042553,0.3586956521739112,False
QPOWER,2025-02-24,15,2025-03-19,2026-09-04,377,3,1.696889733035291,6.724108802162527,True
QUADFUTURE,2025-01-14,45,2025-03-19,2026-09-04,407,3,1.469733803828035,5.372499758430779,False
QUAL30IETF,2023-08-10,59,2023-11-08,2026-09-04,761,0,1.0396196513470681,0.6082725060827336,False
QUALITY30,2025-07-18,60,2025-10-15,2026-09-04,281,1,1.5461597290505844,1.4312977099236674,True
QUESS,2016-07-12,0,2016-07-12,2026-09-04,2514,1,15.910386973638575,5.776561430945163,True
QUICKHEAL,2016-02-18,0,2016-02-18,2026-05-15,2526,1,12.534793787721108,33.24764353041988,True
QUINT,2026-04-20,60,2026-07-16,2026-09-04,97,2,0.8604651162790697,2.512562814070352,False
RACE,2023-05-09,48,2023-07-17,2026-09-04,823,2,1.133011122881356,8.900226757369618,True
RACLGEAR,2024-11-27,58,2025-02-17,2026-09-04,440,1,1.3190391459074733,4.454737415707384,False
RADAAN,2005-01-03,0,2005-01-03,2026-09-04,4255,451,5.015504857133816,6.198347107438017,False
RADHIKAJWE,2022-07-18,0,2022-07-18,2026-09-04,1021,1,1.4193714580113344,4.400749063670412,False
RADIANTCMS,2023-01-04,0,2023-01-04,2026-09-04,905,2,37.26887299082377,17.820215235281704,True
RADICO,2005-01-03,0,2005-01-03,2026-09-04,5358,451,1.1457774798927614,4.133668147575817,False
RADIOCITY,2017-03-17,0,2017-03-17,2026-09-04,2340,1,60.93338624746796,12.822661749916202,True
RAILTEL,2021-02-26,0,2021-02-26,2026-09-04,1365,1,25.37929292774233,22.124287749287745,True
RAIN,2008-03-03,0,2008-03-03,2026-09-04,4569,2,3.9171965440877177,18.684785246299448,True
RAINBOW,2019-04-01,39,2022-05-10,2026-09-04,1114,1,37.10406200138716,21.37938693913816,True
RAJMET,2018-10-23,60,2019-01-18,2026-09-04,1943,0,1.3333333333333333,1.7241379310344844,False
RAJOOENG,2025-05-29,0,2025-05-29,2026-05-08,233,1,1.0406837165929248,3.4235728828896916,False
RAJPALAYAM,2026-04-20,60,2026-07-16,2026-09-04,97,2,7.361018084393838,3.557218362135524,True
RAJRATAN,2020-05-22,19,2020-06-19,2026-09-04,1559,0,0.6870104770623537,3.967704728950401,False
RAJRILTD-BE,2022-03-16,60,2022-08-08,2026-09-04,1037,0,1.9393939393939394,0.0,True
RAJSREESUG,2005-01-03,0,2005-01-03,2026-09-04,5332,451,4.643056768558952,7.903494176372712,False
RAJTV,2007-03-16,0,2007-03-16,2026-09-04,4780,3,18.488531523009293,17.451327433628318,True
RALLIS,2005-01-03,0,2005-01-03,2026-09-04,5358,451,3.9286093669973634,8.545918367346939,False
RAMANEWS,2005-01-03,0,2005-01-03,2026-09-04,5332,451,8.679580605215046,8.781869688385273,False
RAMAPHO,2022-08-05,0,2022-08-05,2026-09-04,1007,2,1.0656299044086175,2.0987289388116874,False
RAMASTEEL,2015-08-24,0,2015-08-24,2026-05-15,2645,2,0.08316430020283976,0.0,False
RAMBHAJO,2026-07-01,0,2026-07-01,2026-09-04,48,3,10.58095779414433,6.987629555332659,True
RAMCOCEM,2005-01-03,0,2005-01-03,2026-09-04,5358,451,0.5762627864562684,4.448938321536912,False
RAMCOIND,2005-01-03,58,2005-03-29,2026-09-04,5358,0,5.519665352437735,5.242660275614139,False
RAMCOSYS,2005-01-03,58,2005-03-29,2026-09-04,5358,0,1.2892122072391767,6.186232329440688,False
RAMKY,2010-10-08,0,2010-10-08,2026-09-04,3924,2,57.036146456044264,31.016616511840894,True
RAMRAT,2022-07-29,0,2022-07-29,2026-09-04,1012,1,0.8803352475554865,8.968450903934778,True
RANASUG,2005-01-03,36,2005-02-24,2026-09-04,5332,1,0.5060066514540505,9.040590405904057,False
RANEHOLDIN,2005-01-03,60,2005-03-31,2026-09-04,5358,0,1.7020961775585697,3.8920831490490984,False
RATEGAIN,2021-12-17,0,2021-12-17,2026-09-04,1166,2,17.125904971164346,14.453756800470513,True
RATNAMANI,2006-05-09,59,2006-07-31,2026-09-04,5026,0,8.19305256686136,9.133489461358327,True
RATNAVEER,2023-09-11,0,2023-09-11,2026-09-04,741,2,10.509294042429786,4.905689668555466,True
RAYMOND,2005-01-03,0,2005-01-03,2026-09-04,5358,451,1.601096632775005,2.483186756337305,False
RAYMONDLSL,2024-09-05,0,2024-09-05,2026-09-04,493,2,1.2767839395746372,8.05158591843848,True
RAYMONDREL,2025-07-01,0,2025-07-01,2026-09-04,292,4,3.714819992193156,10.317787866281469,True
RBA,2020-12-14,0,2020-12-14,2026-09-04,1416,1,21.282052935554834,19.7037037037037,True
RBLBANK,2016-08-31,0,2016-08-31,2026-09-04,2479,1,62.68432507726462,10.368394732455418,True
RBZJEWEL,2023-12-27,14,2024-01-16,2026-09-04,665,1,8.85113986146681,10.553745928338767,True
RCF,2005-01-03,0,2005-01-03,2026-09-04,5358,451,1.1791467952958627,3.2059186189888957,False
RCOM-BE,2006-03-06,0,2006-03-06,2026-09-04,4772,1,4.269481332069472,10.583190394511156,True
RECLTD,2008-03-12,0,2008-03-12,2026-09-04,4563,1,37.46920447326912,9.120879120879133,True
REDINGTON,2007-02-15,0,2007-02-15,2026-09-04,4832,2,23.30030839428283,37.38317757009347,True
REDTAPE,2023-08-11,0,2023-08-11,2026-09-04,756,1,12.910863617426113,9.721539721539726,True
REFEX,2009-12-03,58,2010-03-03,2026-09-04,4116,0,0.5432294977749523,8.333333333333341,True
REGAAL,2025-08-20,0,2025-08-20,2026-09-04,258,3,27.117701399800442,11.741906064751472,True
REGENCERAM,2015-01-02,60,2015-05-19,2026-09-04,1979,0,0.36666666666666664,4.477611940298504,False
RELAXO,2011-06-17,59,2011-09-13,2026-09-04,3760,0,2.4820607763023492,5.7851239669421535,True
RELCHEMQ,2022-05-25,53,2022-08-08,2026-09-04,1059,0,0.3724252973600232,4.784642839917034,False
RELIABLE,2017-10-11,225,2019-02-21,2026-09-04,1305,0,0.07692307692307693,0.0,False
RELIANCE,2000-01-03,0,2000-01-03,2026-09-04,6634,2,0.34670059276914955,5.627705627705629,False
RELIGARE,2007-11-21,0,2007-11-21,2026-09-04,4640,1,38.06303561990606,52.7782698553292,True
RELINFRA-BE,2005-01-03,0,2005-01-03,2026-09-04,5279,451,4.638412569303808,7.474042248478338,False
RELTD,2024-07-30,0,2024-07-30,2026-09-04,518,1,1.0047694753577106,7.327236948720914,False
REMSONSIND,2005-01-03,58,2005-03-29,2026-09-04,5210,0,7.556731334509112,21.590909090909072,False
RENUKA,2005-10-31,0,2005-10-31,2026-09-04,5151,1,9.514431024566122,22.273425499231955,False
REPCOHOME,2013-04-01,48,2013-06-11,2026-09-04,3313,1,2.041960934020487,5.61326085786555,True
REPL,2018-07-27,53,2018-10-17,2026-02-17,1865,0,6.0,0.12525050100201468,True
REPRO,2005-12-22,0,2005-12-22,2026-09-04,5116,1,50.93466001079331,19.49458483754513,False
RESPONIND,2010-10-29,50,2011-01-12,2026-09-04,3909,1,0.4233208357143853,2.9746688356960287,False
RETAIL,2024-06-26,57,2024-09-17,2026-09-04,545,1,0.30195620359554787,6.285572878000493,False
RGL,2007-12-12,0,2007-12-12,2026-09-04,4625,2,36.66400649782175,16.36363636363636,True
RHETAN,2025-09-26,0,2025-09-26,2026-09-04,232,3,3.5682757967840346,9.722874589008926,True
RHIM,2012-03-12,21,2012-04-12,2026-09-04,3573,2,0.1887261245406077,2.05823293172689,False
RHL,2023-04-25,37,2023-06-16,2026-09-04,832,1,0.6165754628710766,3.51784790481118,False
RICOAUTO,2005-01-03,0,2005-01-03,2026-09-04,5358,451,1.3174086962177631,3.6175240865297256,False
RIIL,2005-01-03,16,2005-01-27,2026-09-04,5358,0,0.7827667932859322,3.6882393876130912,False
RIR,2026-07-16,0,2026-07-16,2026-09-04,37,2,2.0932012749589695,5.026229108210327,True
RISHABH,2023-09-11,0,2023-09-11,2026-09-04,736,2,14.518572236200193,8.495994584226555,True
RITCO,2022-04-12,0,2022-04-12,2026-09-04,1087,3,0.1973382846044378,0.0,False
RITES,2018-07-02,0,2018-07-02,2026-09-04,2026,2,45.737567154014364,16.178194607268463,True
RKDL,2010-12-27,0,2010-12-27,2026-09-04,3871,1,40.45841335217467,23.739734680985478,True
RKEC,2017-10-09,0,2017-10-09,2026-09-04,2200,1,0.7283950617283951,0.0,False
RKFORGE,2005-01-03,0,2005-01-03,2026-09-04,5358,451,1.593597083820354,3.7313432835820897,False
RKSWAMY,2024-03-12,0,2024-03-12,2026-09-04,614,4,21.082825278522474,15.956622773044149,True
RMC,2026-04-01,1,2026-04-02,2026-09-04,108,3,1.2529940740126808,4.730077120822616,False
RMDRIP,2017-10-04,56,2017-12-22,2026-05-15,2125,0,0.25,0.694444444444442,False
RML,2005-08-30,60,2005-11-29,2026-09-04,5193,0,1.4949258391881344,3.4519956850053966,False
RNBDENIMS,2025-09-04,0,2025-09-04,2026-02-17,113,3,4.709973197912259,27.64392839864537,True
ROHLTD,2006-02-06,0,2006-02-06,2026-09-04,5086,1,33.0688270457948,14.649956784788246,True
ROLEXRINGS,2021-08-09,0,2021-08-09,2026-09-04,1255,1,112.4256336325164,13.538988860325619,True
ROLLT-BE,2016-11-22,58,2017-02-13,2026-09-04,2413,0,0.752985884907709,2.339181286549699,False
ROML,2020-10-07,60,2021-01-06,2026-09-04,1456,0,2.122822556834957,0.0,True
ROSSARI,2020-07-23,0,2020-07-23,2026-09-04,1516,1,33.58974621343155,18.755324759625143,True
ROSSELLIND,2012-09-25,59,2012-12-21,2026-09-04,3445,0,2.5098437698463103,5.863539445628998,True
ROSSTECH,2024-12-09,38,2025-01-31,2026-09-04,431,0,0.7743077455189111,5.044375331866809,False
ROTO,2022-04-21,0,2022-04-21,2026-09-04,1082,1,2.363119744853581,6.414073071718531,True
ROUTE,2020-09-21,0,2020-09-21,2026-09-04,1479,2,17.41312722886449,16.889298326424075,True
RPEL,2024-08-08,0,2024-08-08,2026-09-04,515,3,0.3024967148488831,6.817486383386703,False
RPGLIFE,2008-06-10,38,2008-08-01,2026-09-04,4504,0,3.144900546794516,12.28590250329381,True
RPOWER,2008-02-11,0,2008-02-11,2026-09-04,4584,1,15.088163894730501,46.92509347200138,True
RPPINFRA,2010-12-06,0,2010-12-06,2026-09-04,3885,1,159.3344725803946,19.311898423100555,True
RPPL,2018-10-09,60,2019-01-07,2026-05-15,1874,1,92.0,0.0,True
RPSGVENT,2019-01-25,4,2019-01-31,2026-09-04,1879,0,3.7696391432386824,5.192375160799904,True
RPTECH,2024-02-14,0,2024-02-14,2026-09-04,632,4,11.25522289080501,7.683612271171547,True
RRIL,2026-04-20,59,2026-07-15,2026-09-04,97,1,0.47130151572090695,5.040556199304736,False
RRKABEL,2023-09-15,1,2023-09-20,2026-09-04,727,0,32.049573765455804,6.3347006156982015,True
RSL,2026-03-19,0,2026-03-19,2026-09-04,115,2,9.019852652009854,9.67884632398478,True
RSSOFTWARE,2005-01-03,0,2005-01-03,2026-09-04,5347,451,0.7081358791503719,4.768125408229905,False
RSYSTEMS,2006-04-26,0,2006-04-26,2026-09-04,5034,1,85.29585710293297,47.15517241379312,True
RTNINDIA,2012-07-30,0,2012-07-30,2026-09-04,3476,1,0.0643405107824614,9.523809523809533,True
RTNPOWER,2009-10-30,0,2009-10-30,2026-09-04,4167,1,31.492024076360245,24.556962025316444,True
RUBFILA,2024-08-08,0,2024-08-08,2026-09-04,512,3,2.0307748538011694,8.710272263803017,True
RUBICON,2025-10-16,0,2025-10-16,2026-09-04,219,4,35.306069886387604,8.221903852276341,True
RUBYMILLS,2003-01-01,60,2003-03-31,2026-09-04,5839,0,0.0,0.0,False
RUCHINFRA,2015-01-01,60,2015-04-01,2026-09-04,2790,0,0.07504127269998499,0.0,False
RUCHIRA,2006-12-20,0,2006-12-20,2026-09-04,4869,4,33.55666492052447,18.02044109736418,True
RUDRA,2025-12-19,0,2025-12-19,2026-09-04,176,4,4.171665161830856,10.120131052056793,True
RUPA,2011-12-07,60,2012-03-02,2026-09-04,3638,1,2.303728070175439,0.29200734189888916,True
RUSHIL,2011-07-07,30,2011-08-19,2026-09-04,3738,0,0.3511335628478076,9.02255639097744,True
RUSTOMJEE,2022-11-24,56,2023-02-13,2026-09-04,934,0,2.9277502477700694,1.8204946406973386,True
RVHL,2020-12-18,6,2020-12-29,2026-09-04,1412,0,1.4757810607895374,9.4017094017094,True
RVNL,2019-04-11,0,2019-04-11,2026-09-04,1835,1,10.306388308764634,6.036745406824158,True
RVTH,2024-09-11,60,2024-12-11,2026-09-04,489,0,0.6762656758012077,4.126557361307815,False
S&SPOWER,2020-03-30,60,2020-06-30,2026-09-04,1592,0,0.5946038838288366,2.8571428571428528,False
SAATVIKGL,2025-09-26,0,2025-09-26,2026-09-04,231,3,8.470839004145732,8.554572271386428,True
SADBHAV,2006-03-01,0,2006-03-01,2026-09-04,5070,1,28.745724657131465,42.51115360101976,True
SADBHIN,2015-09-16,60,2015-12-18,2026-05-15,2628,0,0.9636486237969717,2.5926314684580656,False
SADHNANIQ,2023-05-05,0,2023-05-05,2026-02-17,690,1,1.288380132637223,9.331733431788813,True
SAFARI,2019-09-12,43,2019-11-18,2026-09-04,1728,0,34.758837830297715,2.621762387387403,True
SAGARDEEP,2017-07-13,60,2017-10-10,2026-09-04,2260,1,0.0,0.0,False
SAGCEM,2005-01-03,60,2005-03-31,2026-09-04,5358,0,0.0,7.499999999999996,False
SAGILITY,2024-11-12,0,2024-11-12,2026-09-04,450,2,11.022999787323936,13.369713506139147,True
SAHLIBHFI,2026-04-10,60,2026-07-09,2026-09-04,102,0,3.8385347203698763,5.690440060698028,True
SAHYADRI,2023-04-06,58,2023-07-03,2026-09-04,843,0,1.288539253192521,4.047553976496311,False
SAIL,2005-01-03,0,2005-01-03,2026-09-04,5358,451,0.6931386012620431,3.418124006359298,False
SAILIFE,2024-12-18,0,2024-12-18,2026-09-04,426,3,21.469112637094653,17.001242398482965,True
SAIPARENT,2026-04-02,0,2026-04-02,2026-09-04,107,3,5.139771550292157,3.9438008380576783,True
SAKAR,2017-03-16,60,2017-06-13,2026-09-04,2339,0,0.0,0.0,False
SAKHTISUG,2005-01-03,0,2005-01-03,2026-09-04,5332,451,5.315269090841976,15.760869565217382,False
SAKSOFT,2005-05-09,0,2005-05-09,2026-09-04,5080,1,3.728828686106626,51.23456790123458,False
SAKUMA,2006-03-08,0,2006-03-08,2026-09-04,5062,1,47.97393561753712,37.23404255319149,True
SALASAR,2017-07-25,0,2017-07-25,2026-09-04,2252,3,5.726755203326991,4.780876494023891,True
SALONA,2010-08-09,60,2010-11-02,2026-09-04,3967,0,7.0,0.0,True
SALSTEEL,2015-01-01,51,2015-03-18,2026-09-04,2889,0,0.6750819998012126,7.352941176470583,False
SALZERELEC,2015-12-02,0,2015-12-02,2026-09-04,2658,1,2.4084452105640626,6.425290943951498,True
SAMBHAAV,2015-02-05,53,2015-08-07,2026-09-04,2785,0,0.6512014173402724,4.285714285714283,False
SAMBHV,2025-07-02,0,2025-07-02,2026-09-04,292,4,3.6366938574019527,15.1142535095809,True
SAMHI,2023-09-22,0,2023-09-22,2026-09-04,728,2,28.727702726584003,13.493723849372381,True
SAMMAANCAP,2013-07-23,0,2013-07-23,2026-09-04,3236,1,1.8428530035798072,5.081235031393613,True
SAMPANN,2012-07-27,60,2012-10-29,2026-09-04,3477,0,0.833976833976834,4.330708661417314,False
SANATHAN,2024-12-27,57,2025-03-19,2026-09-04,419,3,0.4098804933083416,5.1476154428463285,False
SANDESH,2005-01-03,60,2005-03-31,2026-09-04,5357,0,2.5418569254185694,5.688744412840309,False
SANDHAR,2018-04-02,0,2018-04-02,2026-09-04,2083,1,31.6490122062283,10.396932052836878,True
SANDUMA,2023-09-07,0,2023-09-07,2026-09-04,738,1,1.8827191604162343,4.818181818181828,True
SANGAMIND,2005-01-03,0,2005-01-03,2026-09-04,5358,451,5.525820055049115,8.290155440414514,False
SANGHVIMOV,2007-01-24,55,2007-04-18,2026-09-04,4846,1,2.280238183848158,4.694167852062585,True
SANGINITA,2017-03-16,57,2017-06-08,2026-02-17,2206,0,2.000150806816468,0.8000000000000093,True
SANGINITA-BE,2017-03-10,0,2017-03-10,2026-09-04,2158,1,11.714211856617647,4.086538461538451,True
SANOFI,2005-01-03,51,2005-03-17,2026-09-04,5358,0,0.9777515258909234,2.3781902552204057,False
SANOFICONR,2024-09-13,49,2024-11-28,2026-09-04,487,0,1.8240143661741899,1.9078854637598448,True
SANSERA,2021-09-24,0,2021-09-24,2026-09-04,1223,2,64.52616605679535,5.003082994203977,True
SANSTAR,2024-07-26,0,2024-07-26,2026-09-04,524,1,19.60400101777477,18.849396019814026,True
SAPPHIRE,2021-11-18,0,2021-11-18,2026-09-04,1191,2,19.66262486247115,18.159306644655384,True
SAPPL,2026-04-21,60,2026-07-17,2026-09-04,96,0,1.1169686985172982,4.916420845624385,False
SARDAEN,2009-12-03,0,2009-12-03,2026-09-04,4144,3,0.864023351982486,16.954022988505745,True
SAREGAMA,2005-01-03,0,2005-01-03,2026-09-04,5358,451,0.9549192869711576,4.545454545454549,False
SARLAPOLY,2007-01-19,60,2007-04-20,2026-09-04,4849,0,0.0,4.086956521739136,False
SARVESHWAR,2018-03-15,55,2018-06-05,2026-09-04,2091,1,2.2857142857142856,4.301075268817196,True
SASKEN,2005-09-09,0,2005-09-09,2026-09-04,5186,1,60.446675780854164,37.74123364697239,False
SASTASUNDR,2010-10-05,0,2010-10-05,2026-09-04,3927,2,67.98469471068745,30.273192393088134,True
SATIA,2019-07-17,33,2019-09-05,2026-09-04,1765,0,0.2809182917798074,4.214559386973191,False
SATIN,2015-08-27,58,2015-11-26,2026-09-04,2720,0,0.8432032138622009,2.0905923344947848,False
SAURASHCEM,2024-02-27,0,2024-02-27,2026-09-04,623,1,1.043229455656682,7.254733218588634,False
SAYAJIHOTL,2026-04-22,60,2026-08-10,2026-09-04,80,0,1.912280701754386,4.647435897435898,True
SBC,2021-11-23,0,2021-11-23,2026-09-04,1184,2,0.43399778368202513,23.809523809523807,True
SBCL,2021-06-24,0,2021-06-24,2026-09-04,1286,3,2.5061628844603154,14.158842933265664,True
SBFC,2023-08-16,0,2023-08-16,2026-09-04,759,1,89.3120267983574,14.587852494577008,True
SBGLP,2023-02-10,0,2023-02-10,2026-09-04,879,1,8.159078877713076,11.348161597821152,True
SBIBPB,2025-03-27,41,2025-05-30,2026-09-04,356,0,0.8680376321705103,5.408062930186831,False
SBICARD,2015-01-01,20,2020-03-16,2026-09-04,1628,0,11.598343027923429,14.528911065453478,True
SBIETFCON,2021-07-29,52,2021-10-13,2026-09-04,1267,0,1.9862329090051862,2.468641579930604,True
SBIETFIT,2020-10-22,58,2021-01-14,2026-09-04,1457,1,2.3606153846153846,3.3623635762319397,True
SBIETFPB,2020-10-22,60,2021-01-18,2026-09-04,1457,0,0.47090614303729056,11.84074457083765,True
SBIETFQLTY,2018-12-17,59,2019-03-12,2026-09-04,1915,0,4.2507288629737605,0.43998772127290164,True
SBIFUNDS,2026-07-21,0,2026-07-21,2026-09-04,34,3,32.0716935673779,4.3870438704387045,True
SBILIFE,2017-10-03,0,2017-10-03,2026-09-04,2211,1,46.42908702290878,5.046964811439787,True
SBILIQETF,2025-08-13,60,2025-11-14,2026-09-04,261,2,0.40085287846481876,0.04435857500542609,False
SBIMIDMOM,2026-03-06,59,2026-06-05,2026-09-04,124,0,0.3024622407848089,2.788461538461542,False
SBIN,2003-01-01,0,2003-01-01,2026-09-04,5839,23,0.7525053196893088,2.4590163934426235,False
SBINEQWETF,2024-07-23,0,2024-07-23,2026-09-04,528,1,1.2246128893281634,8.772473651580901,True
SBINMID150,2026-04-06,41,2026-06-05,2026-09-04,106,0,0.3464050225573398,1.9686800894854641,False
SBISILVER,2024-07-08,0,2024-07-08,2026-09-04,538,1,11.959611548635856,0.7646095030038261,True
SCHAEFFLER,2005-01-03,0,2005-01-03,2026-09-04,5358,451,2.056575547395621,1.2139605462822414,False
SCHAND,2017-05-09,0,2017-05-09,2026-09-04,2306,1,63.46736482291747,6.183995645073487,True
SCHNEIDER,2012-03-20,0,2012-03-20,2026-09-04,3567,1,2.89901998752514,5.256305939788452,True
SCI,2005-01-03,0,2005-01-03,2026-09-04,5358,451,0.7289033954504323,3.6549274933412237,False
SCILAL,2024-03-19,0,2024-03-19,2026-09-04,605,2,0.8287915254172946,5.184675384262441,False
SCODATUBES,2025-06-04,0,2025-06-04,2026-09-04,312,1,4.627890751768396,8.095238095238098,True
SCPL,2022-11-22,55,2023-02-08,2026-02-17,801,0,1.067652257753495,3.729256013425322,False
SCPL-BE,2022-11-22,55,2023-02-08,2026-09-04,941,0,1.067652257753495,3.729256013425322,False
SDBL,2014-04-01,60,2014-06-30,2026-09-04,3065,0,0.4796905222437137,1.4661391668605899,False
SEAMECLTD,2005-01-03,0,2005-01-03,2026-09-04,5358,451,3.2581883623275343,9.350804050029772,False
SECMARK,2023-10-16,60,2024-01-12,2026-09-04,712,0,1.333091962346126,8.923076923076929,True
SECURKLOUD,2014-01-29,54,2014-04-22,2026-09-04,2928,0,0.7026865314425896,1.1698113207547256,False
SEDEMAC,2026-03-11,0,2026-03-11,2026-09-04,121,1,34.3407181398028,13.334711598097995,True
SEIL,2026-04-20,0,2026-04-20,2026-09-04,97,79,0.13020319755043785,4.82603815937149,False
SEJALLTD,2015-12-31,60,2016-04-27,2026-09-04,1718,0,8.025974025974026,0.3449895065691665,True
SELECTIPO,2025-03-17,46,2025-05-27,2026-09-04,364,1,0.910717579782328,0.5474836807748957,False
SELMC,2021-10-28,60,2022-01-25,2026-09-04,1095,2,0.35,0.0,False
SEMAC,2005-08-11,60,2005-11-10,2026-09-04,5183,0,1.0469161834475487,5.143761540490636,False
SENCO,2023-07-14,0,2023-07-14,2026-09-04,781,1,23.11325840978593,10.560078953861339,True
SENORES,2024-12-30,56,2025-03-19,2026-09-04,418,3,4.438609418026227,8.73474630700064,True
SENSEX,2021-01-01,60,2021-03-31,2026-07-15,1371,2,0.0,1.2276922548660192,False
SENSEXADD,2023-08-04,60,2023-11-06,2026-09-04,754,2,3.013015184381779,0.6767148569670836,True
SENSEXBETA,2025-12-15,56,2026-03-09,2026-09-04,179,1,1.015186591351051,2.807132647561923,False
SENSEXETF,2023-10-06,55,2023-12-27,2026-09-04,724,3,1.1503362499096101,0.819899944413568,False
SENSEXIETF,2015-01-02,83,2016-04-20,2026-09-04,2566,0,0.09376465072667604,8.679245283018869,True
SEPC,2008-02-20,60,2008-05-23,2026-09-04,4577,0,0.5663994423143952,4.715532955962767,False
SERVOTECH,2021-09-02,0,2021-09-02,2026-09-04,1243,2,2.6556844769135273,9.615384615384615,True
SESHAPAPER,2005-01-03,32,2005-02-18,2026-09-04,5353,1,3.411981862686088,6.953642384105965,False
SETCO,2016-07-01,0,2016-07-01,2026-02-17,2379,4,2.7739744951526055,9.498564170532354,True
SETF10GILT,2016-06-23,60,2017-01-06,2026-09-04,2067,0,0.2,0.0,False
SETFGOLD,2015-01-01,0,2015-01-01,2026-09-04,2889,99,2.7167609618104667,0.8016032064128371,False
SETFNIF50,2015-07-27,59,2015-10-27,2026-09-04,2747,0,52.37308533916849,0.779563444471103,True
SETFNIFBK,2015-03-25,60,2015-06-30,2026-09-04,2813,1,0.4297520661157025,0.6873233191064847,False
SETFNN50,2015-03-27,60,2015-08-17,2026-09-04,2750,0,2.514851485148515,1.3688930847297645,True
SETL,2025-01-13,0,2025-01-13,2026-09-04,409,2,12.756916756190522,12.861342479176875,True
SEYAIND-BE,2019-07-11,0,2019-07-11,2026-09-04,1496,1,1.631236808780076,9.253474092427016,True
SFL,2016-12-09,0,2016-12-09,2026-09-04,2413,1,56.044658575002316,17.62596899224806,True
SGFIN,2025-08-05,0,2025-08-05,2026-09-04,268,3,1.2566656775889111,4.269747582569384,False
SGIL,2021-07-28,44,2021-09-30,2026-09-04,1263,0,0.6329173411310114,3.900198779902665,False
SGL,2006-04-10,0,2006-04-10,2026-09-04,4893,2,34.19049965726143,29.981829194427622,True
SGMART,2025-09-12,0,2025-09-12,2026-09-04,242,2,1.4223702388659374,5.166154705389555,False
SHADOWFAX,2026-01-28,0,2026-01-28,2026-09-04,151,1,12.081841982721985,9.701763957083108,True
SHAH,2023-06-26,0,2023-06-26,2026-09-04,772,1,0.09158514433114957,3.5087719298245643,False
SHAHALLOYS,2015-01-01,60,2015-04-15,2026-08-14,2705,1,2.129353233830846,14.285714285714286,True
SHAILY,2022-04-04,59,2022-06-29,2026-09-04,1094,0,1.2043010752688172,5.266351811297865,False
SHAKTIPUMP,2011-10-25,31,2011-12-14,2026-09-04,3665,2,1.3318981891857669,4.016064257028115,False
SHALBY,2017-12-15,0,2017-12-15,2026-09-04,2153,1,14.431289133719536,7.657053914998491,True
SHANKARA,2017-04-05,0,2017-04-05,2026-09-04,2334,2,56.65626554827079,12.720820189274463,True
SHANTI,2017-08-03,52,2017-10-19,2026-09-04,2243,0,0.631578947368421,2.2608695652173894,False
SHANTIGEAR,2005-01-03,0,2005-01-03,2026-09-04,5358,451,1.693894002323875,3.558282208588964,False
SHANTIGOLD,2025-08-01,0,2025-08-01,2026-09-04,271,1,13.170526665226244,4.9070923841926195,True
SHARDACROP,2014-09-23,14,2014-10-16,2026-09-04,2947,0,1.0580166163650095,9.898464943939171,True
SHARDAMOTR,2015-09-03,50,2015-11-30,2026-09-04,2714,0,1.2826411075612354,13.786213786213784,True
SHAREINDIA,2020-09-21,0,2020-09-21,2026-09-04,1479,2,5.838794186255159,11.415525114155251,True
SHARIABEES,2015-01-01,200,2016-04-11,2026-09-04,2673,0,0.09448818897637795,3.549173665673265,False
SHBAJRG,2026-04-20,60,2026-07-16,2026-09-04,97,2,1.4717333333333333,3.755894590846053,False
SHEKHAWATI,2011-01-12,1,2011-01-13,2026-02-17,3023,0,0.5898619830655611,0.0,False
SHEMAROO,2014-10-01,8,2014-10-16,2026-05-15,2863,0,0.7581683549032102,5.2761917864759,False
SHILCTECH,2025-11-24,28,2026-01-02,2026-09-04,194,1,0.17102390852390853,1.6599348534201908,False
SHILPAMED,2009-12-03,20,2010-01-05,2026-09-04,4144,1,0.1384192313259036,1.3677811550151846,False
SHINDL,2026-04-20,0,2026-04-20,2026-09-04,97,79,0.30236729310913285,2.5873655913978455,False
SHIVALIK,2021-12-09,60,2022-03-07,2026-05-15,1094,0,1.3445623750192277,5.249008919722497,False
SHIVAMAUTO,2006-11-21,46,2007-01-29,2026-09-04,4889,2,1.2356902356902357,5.144694533762062,False
SHIVAMILLS,2018-02-26,60,2018-05-25,2026-09-04,2103,2,0.26036036036036037,9.065934065934071,True
SHIVATEX,2017-12-26,60,2018-03-23,2026-09-04,2152,2,2.1938386985115956,9.487789064188455,True
SHIVAUM,2019-10-17,60,2020-01-15,2026-09-04,1694,0,0.0,0.0,False
SHK,2015-11-16,0,2015-11-16,2026-09-04,2675,1,47.885408185040845,12.028811524609848,True
SHOPERSTOP,2005-05-23,0,2005-05-23,2026-09-04,5262,2,20.99546032722153,17.680500284252414,False
SHRADHA,2017-12-11,59,2018-03-08,2026-09-04,2155,0,2.0,4.955401387512389,True
SHREDIGCEM,2019-08-19,0,2019-08-19,2026-09-04,1744,4,4.76302424431919,4.730713245997091,True
SHREECEM,2003-01-01,55,2003-03-24,2026-09-04,5839,0,1.168317807679038,5.2972472819801215,False
SHREEJISPG,2025-08-26,0,2025-08-26,2026-09-04,254,5,23.24107969366283,8.937671501372014,True
SHREEPUSHK,2015-09-10,0,2015-09-10,2026-09-04,2710,1,14.0059375,4.756262694651313,True
SHREERAMA,2005-01-03,0,2005-01-03,2026-09-04,5335,451,3.2179276969740576,8.196721311475411,False
SHREYANIND,2005-01-03,60,2005-03-31,2026-09-04,5303,0,0.0,12.22222222222222,False
SHRIKRISH,2026-04-20,60,2026-07-20,2026-09-04,92,0,0.8385714285714285,5.432344879142785,False
SHRINGARMS,2025-09-17,0,2025-09-17,2026-09-04,240,3,9.64079052221364,4.543487667676334,True
SHRIPISTON,2016-06-09,60,2016-09-06,2026-09-04,2530,0,0.5020026702269693,6.867217536007344,False
SHRIRAMFIN,2025-05-26,0,2025-05-26,2026-09-04,320,15,0.6390909342860264,2.3626787057938197,False
SHRIRAMPPS,2021-12-20,0,2021-12-20,2026-09-04,1165,1,10.749133642938801,16.465863453815267,True
SHYAMCENT-BE,2015-07-28,100,2016-04-11,2026-09-04,2676,0,0.7623850489469001,4.587155963302752,False
SHYAMMETL,2021-06-24,0,2021-06-24,2026-09-04,1291,3,12.241070229934264,7.70969028313173,True
SHYAMTEL,2005-01-03,0,2005-01-03,2026-09-04,4677,451,5.57946758554616,13.069908814589665,False
SICAGEN,2008-08-21,0,2008-08-21,2026-09-04,3279,1,26.461979734540503,727.3224043715846,True
SICALLOG-BE,2023-10-12,24,2023-11-16,2026-09-04,597,0,1.8278668431632104,0.0,True
SIEMENS,2005-01-03,0,2005-01-03,2026-09-04,5358,451,1.0293337826214186,1.5353121801432958,False
SIGACHI,2021-11-15,0,2021-11-15,2026-09-04,1189,3,2.9680031615511013,4.762709001857794,True
SIGIND,2013-06-11,0,2013-06-11,2026-05-15,3187,1,0.9642763788446458,5.614973262032076,False
SIGMA,2020-10-19,0,2020-10-19,2026-09-04,1272,1,12.0,2.7777777777777803,True
SIGNATURE,2023-09-27,0,2023-09-27,2026-09-04,730,2,25.650118207535787,6.542361792607131,True
SIGNPOST,2024-02-14,5,2024-02-21,2026-09-04,632,0,4.311414697568135,9.726737098740353,True
SIKA,2026-04-20,1,2026-04-21,2026-09-04,97,5,0.42265193370165743,4.280254777070064,False
SIKKO,2017-07-27,60,2017-10-25,2026-05-15,2170,1,0.0,0.0,False
SIL,2015-01-01,59,2015-03-30,2026-09-04,2819,4,0.671304347826087,0.0,False
SILGO,2018-10-29,59,2019-01-23,2026-09-04,1938,0,56875.0,2.716739912105472,True
SILINV,2005-01-03,60,2005-03-31,2026-09-04,5306,0,0.5077369439071566,1.9430950728660732,False
SILLYMONKS,2015-01-05,178,2019-02-21,2026-09-04,1825,0,9.5,2.247191011235953,True
SILVER,2022-02-03,0,2022-02-03,2026-09-04,1138,2,0.35929195214875903,8.830022075055178,True
SILVER1,2022-12-14,33,2023-01-31,2026-09-04,923,0,0.6300546448087432,1.4705882352941255,False
SILVER360,2025-04-04,60,2025-07-03,2026-09-04,352,3,2.7203558828041112,2.149532710280371,True
SILVERADD,2022-08-25,57,2022-11-18,2026-09-04,999,3,1.828060522696011,1.647446457990124,True
SILVERAG,2023-06-15,60,2023-09-11,2026-09-04,801,2,4.123882663980863,0.979020979020983,True
SILVERBEES,2022-02-07,0,2022-02-07,2026-09-04,1136,1,0.4345091397474723,7.932653391614061,False
SILVERBETA,2023-04-20,58,2023-07-13,2026-09-04,840,0,1.2366544566544566,1.5996718621821189,False
SILVERBND,2025-12-12,6,2025-12-22,2026-09-04,181,0,0.3900264254332636,7.35259900414166,False
SILVERCASE,2025-03-26,0,2025-03-26,2026-09-04,358,1,0.37405920061686265,8.751229105211412,True
SILVERIETF,2022-01-31,0,2022-01-31,2026-09-04,1141,1,0.7338581230090664,5.673198482932991,False
SILVERTUC,2017-12-01,224,2019-02-21,2026-09-04,1732,0,2.75,0.0,True
SIMPLEXINF,2005-01-03,6,2005-01-11,2026-09-04,5356,0,0.4347725311940664,8.960720130932888,False
SINCLAIR,2024-04-10,0,2024-04-10,2026-09-04,595,1,1.8549790959924475,3.6866010598031616,True
SINDHUTRAD,2023-06-20,0,2023-06-20,2026-09-04,793,1,1.8800312722836499,8.245243128964058,True
SINGERIND,2026-03-19,0,2026-03-19,2026-09-04,115,2,0.9576950959986904,9.62794660607782,True
SINTERCOM,2018-02-15,0,2018-02-15,2026-09-04,2111,1,0.631578947368421,0.0,False
SIRCA,2018-06-13,57,2018-09-04,2026-09-04,2032,0,0.4583333333333333,4.000575622391713,False
SIS,2017-08-10,48,2017-10-24,2026-09-04,2246,0,0.23534248128827398,0.9619134277914959,False
SIYSIL,2005-01-03,60,2005-03-31,2026-09-04,5358,0,0.0,5.925925925925931,False
SJS,2021-11-15,0,2021-11-15,2026-09-04,1189,3,23.33670860028594,8.898421819040502,True
SJVN,2010-05-20,0,2010-05-20,2026-09-04,4033,1,208.8893616266087,12.350597609561756,True
SKFINDIA,2005-01-03,0,2005-01-03,2026-09-04,5358,451,2.446031976744186,3.221476510067103,False
SKFINDUS,2025-12-05,0,2025-12-05,2026-09-04,185,2,1.353204489042578,8.290291189460289,True
SKIPPER,2015-05-27,60,2015-08-19,2026-09-04,2786,1,2.3314982304364924,8.499894803282121,True
SKMEGGPROD,2015-01-01,0,2015-01-01,2026-09-04,2890,99,0.4402003913459804,3.8310412573673926,False
SKYGOLD,2023-01-06,0,2023-01-06,2026-09-04,908,1,0.7297279713151789,21.11111111111111,True
SMALL250,2025-11-13,0,2025-11-13,2026-09-04,202,3,0.8648885247557533,2.693208430913354,False
SMALLADD,2025-12-18,49,2026-02-27,2026-09-04,177,1,0.3209012836225809,1.8250471994965334,False
SMALLCAP,2024-03-18,0,2024-03-18,2026-09-04,608,1,0.6397432587951642,2.509047044632102,False
SMALLGROWW,2026-06-18,51,2026-08-31,2026-09-04,56,1,2.2934344908082873,3.348305430788078,True
SMARTWORKS,2025-07-17,0,2025-07-17,2026-09-04,281,1,30.583910182417988,7.6957645208403545,True
SMCGLOBAL,2021-02-24,0,2021-02-24,2026-09-04,1366,1,1.1034463419421778,6.708742402992063,False
SML100CASE,2025-09-12,0,2025-09-12,2026-09-04,243,2,1.4234740738679061,8.554572271386423,True
SMLMAH,2025-05-26,0,2025-05-26,2026-09-04,320,15,0.7215842249733908,3.4030798166216107,False
SMLT,2021-11-25,45,2022-01-28,2026-09-04,1182,0,0.7401912759505481,5.389940009229353,False
SMSPHARMA,2007-02-28,0,2007-02-28,2026-09-04,4824,1,51.759964473061395,38.58574610244989,True
SNOWMAN,2014-09-12,21,2014-10-16,2026-09-04,2954,0,0.40628383826951153,10.177353342428368,True
SNXT30BEES,2025-06-13,55,2025-09-02,2026-09-04,306,0,2.2600464576074333,1.6614745586708217,True
SNXT50BETA,2019-03-13,59,2019-07-30,2026-09-04,1766,1,178.0,8.156606851549755,True
SOBHA,2006-12-20,0,2006-12-20,2026-09-04,4869,4,17.852755358453077,35.6061865957093,True
SOFTTECH,2018-05-25,60,2018-08-20,2026-09-04,2043,0,0.2857142857142857,0.0,False
SOLARA,2018-06-27,37,2018-08-20,2026-09-04,2022,0,3.4090242463853597,4.581142896156215,True
SOLARINDS,2006-04-03,0,2006-04-03,2026-09-04,5048,2,41.21707573129174,26.360544217687078,True
SOLARWORLD,2025-09-30,0,2025-09-30,2026-09-04,230,4,16.978991519579793,21.020092735703244,True
SOLEX,2018-02-05,168,2020-03-11,2026-09-04,1465,0,1.0,13.675958188153311,True
SOMANYCERA,2005-01-03,36,2005-02-24,2026-09-04,5355,1,5.410943945644261,2.5612472160356394,False
SOMATEX,2015-01-01,59,2015-04-08,2026-09-04,2748,0,29.878243512974052,27.027027027027025,True
SOMICONVEY,2016-07-18,58,2016-10-13,2026-09-04,2504,0,2.6679695133867503,12.34053631866702,True
SONACOMS,2021-06-24,0,2021-06-24,2026-09-04,1287,3,14.875229670209752,18.328611898016995,True
SONAL,2026-04-21,60,2026-08-24,2026-09-04,67,2,1.452991452991453,9.015659955257272,True
SONAMLTD,2018-06-28,59,2018-09-25,2026-08-14,2006,0,2.0,2.9189189189189144,True
SONATSOFTW,2005-01-03,0,2005-01-03,2026-09-04,5358,451,0.8006737919879524,3.012048192771084,False
SOTL,2005-01-03,0,2005-01-03,2026-09-04,5358,451,1.2904739869108217,2.163461538461552,False
SOUTHBANK,2005-01-03,0,2005-01-03,2026-09-04,5358,451,1.650770462748448,4.12371134020619,False
SOUTHWEST,2018-02-19,175,2019-02-21,2026-09-04,2031,0,0.2,0.0,False
SPAL,2016-08-12,0,2016-08-12,2026-09-04,2485,1,11.56169743699249,4.7622407224495555,True
SPANDANA,2019-08-19,0,2019-08-19,2026-09-04,1744,4,80.89104657457695,20.62986553432413,True
SPARC,2007-07-18,0,2007-07-18,2026-09-04,4728,1,1.4854099137964538,2.5234741784037626,False
SPCENET,2013-11-13,60,2014-02-07,2026-09-04,1971,0,0.38139457756404943,1.9607843137254835,False
SPECIALITY,2012-05-30,0,2012-05-30,2026-05-15,3441,1,0.6994183293400901,4.763469119579501,False
SPECTRUM,2018-10-16,60,2019-01-14,2026-05-15,1867,0,0.0,0.0,False
SPENCERS,2019-01-25,9,2019-02-07,2026-09-04,1879,1,0.13385550145705624,0.0,False
SPIC,2005-01-03,0,2005-01-03,2026-09-04,5358,451,1.1396229131665196,4.978354978354972,False
SPLIL,2005-07-26,0,2005-07-26,2026-09-04,5211,1,33.43175303794136,42.47701983551041,False
SPLPETRO,2022-05-24,3,2022-05-27,2026-09-04,1065,1,1.4238980900823641,5.1115428418302375,False
SPMLINFRA,2015-01-01,56,2015-03-25,2026-09-04,2871,1,4.821386282903726,12.0,True
SPORTKING,2022-08-24,0,2022-08-24,2026-09-04,996,1,1.7547091699441109,9.744597249508843,True
SRD,2024-10-09,58,2025-01-06,2026-09-04,471,1,0.50117960816494,0.0,False
SREEL,2014-01-01,52,2014-03-18,2026-09-04,3127,0,1.582082816202189,3.772439181752627,True
SRF,2005-01-03,0,2005-01-03,2026-09-04,5358,451,6.4832689371807675,9.657320872274147,False
SRGHFL,2023-08-21,60,2023-11-17,2026-09-04,746,0,0.9307088708604868,4.08427277767511,False
SRHHYPOLTD,2007-05-08,60,2007-07-31,2026-09-04,4779,0,0.24725322259711047,13.47305389221557,True
SRM,2024-04-03,0,2024-04-03,2026-09-04,600,3,8.709115974495951,4.756637168141593,True
SRTL,2026-03-02,0,2026-03-02,2026-09-04,127,3,29.18023253044758,7.563025210084041,True
SSDL,2024-08-20,0,2024-08-20,2026-09-04,508,3,5.970882495702664,8.691664968412473,True
SSWL,2005-06-06,55,2005-08-24,2026-09-04,5252,0,0.8010263587590389,2.4922118380062215,False
STALLION,2025-01-23,38,2025-03-19,2026-05-15,322,3,0.7223075001555432,3.7807930443946653,False
STANLEY,2024-06-28,0,2024-06-28,2026-09-04,543,1,29.266164749663307,8.256977356503421,True
STAR,2005-01-03,0,2005-01-03,2026-09-04,5358,451,1.785164080758784,3.3967391304347827,False
STARCEMENT,2017-06-19,0,2017-06-19,2026-09-04,2277,1,1.700293343983694,4.945941584637735,True
STARHEALTH,2016-01-04,61,2021-12-10,2026-09-04,1237,1,34.97439806956275,12.350443844075647,True
STARPAPER,2005-01-03,0,2005-01-03,2026-09-04,5358,451,7.363037146798835,7.165052092853229,False
STARTECK,2022-05-04,15,2022-05-25,2026-09-04,1074,1,0.8941669843690431,5.10877536054754,False
STCINDIA,2005-01-03,0,2005-01-03,2026-09-04,5358,451,7.461039820082021,4.389173372348208,False
STEELCAS,2021-11-23,58,2022-02-14,2026-09-04,1184,0,1.3643711606854187,12.699014404852166,True
STEELCITY,2016-03-28,58,2017-05-09,2026-09-04,2270,1,1.037037037037037,2.389843166542187,False
STEELXIND,2017-07-20,0,2017-07-20,2026-09-04,2255,1,0.31458260629515233,8.497409326424872,True
STEL,2011-02-09,28,2011-03-22,2026-09-04,3840,0,0.4976051291721667,9.395973154362418,True
STLNETWORK,2025-09-04,0,2025-09-04,2026-09-04,247,3,0.5496573535209957,5.747126436781609,False
STOVEKRAFT,2021-02-08,0,2021-02-08,2026-09-04,1378,1,4.884807285786159,11.273909461355185,True
STUDDS,2025-11-07,0,2025-11-07,2026-09-04,205,2,20.21010611866297,4.997322862752098,True
STYL,2025-09-30,0,2025-09-30,2026-09-04,230,4,31.210900295716474,7.643699112893423,True
STYLAMIND,2021-08-02,49,2021-10-12,2026-09-04,1260,1,0.7758311812196087,5.99301586713475,False
STYLEBAAZA,2024-09-06,0,2024-09-06,2026-09-04,495,1,25.398907621228528,13.1875,True
STYRENIX,2005-01-03,0,2005-01-03,2026-09-04,5358,451,12.03975918218918,9.096837300293439,False
SUBEXLTD,2005-01-03,0,2005-01-03,2026-09-04,5245,451,1.7881693299691617,5.8845557160434385,False
SUBROS,2005-01-03,133,2005-07-13,2026-09-04,5358,0,6.066769541219063,33.62421598036543,False
SUDARCOLOR,2005-01-03,60,2005-03-31,2026-09-04,5358,0,1.8145100972326103,1.2976516546181198,False
SUDARSCHEM,2005-01-03,60,2005-03-31,2026-09-04,5358,0,0.0,0.0,False
SUDEEPPHRM,2025-11-28,0,2025-11-28,2026-09-04,190,1,97.47865341562515,9.042175289026675,True
SUKHJITS,2022-11-07,60,2023-02-01,2026-09-04,946,0,0.6044257793571313,9.432954655791828,True
SULA,2022-12-22,0,2022-12-22,2026-09-04,914,1,19.76463747821148,10.56764992303584,True
SUMEETINDS,2025-06-19,0,2025-06-19,2026-09-04,302,3,10.246603335910748,4.766839378238351,True
SUMICHEM,2020-01-27,0,2020-01-27,2026-09-04,1642,1,0.7502070910675394,4.758345789735916,False
SUMIT,2018-09-26,56,2018-12-19,2026-09-04,1960,0,1.5,0.5305039787798452,True
SUMMITSEC,2005-01-03,0,2005-01-03,2026-09-04,5358,451,2.5315130578969187,4.5520231213872915,False
SUNCLAY,2023-12-29,47,2024-03-11,2026-09-04,659,1,0.7977702334548807,8.255648064976345,True
SUNDARAM,2010-06-02,0,2010-06-02,2026-09-04,4015,1,8.749653199237038,8.814589665653493,True
SUNDARMFIN,2005-01-03,39,2005-03-01,2026-09-04,5358,0,0.58491999831131,1.9215372297838202,False
SUNDRMFAST,2005-01-03,0,2005-01-03,2026-09-04,5358,451,2.2280353339743533,2.793017456359102,False
SUNDROP,2025-03-19,59,2025-06-17,2026-09-04,362,1,2.3218231359920734,3.9619925136769467,True
SUNFLAG,2005-01-03,186,2005-09-29,2026-09-04,5358,0,5.054037430805729,14.649681528662418,False
SUNPHARMA,2003-01-01,0,2003-01-01,2026-09-04,5839,23,0.11190733605753567,2.0209580838323324,False
SUNTECK,2009-11-13,0,2009-11-13,2026-09-04,4158,2,1.342478408268914,4.2799597180261655,False
SUNTV,2006-04-24,0,2006-04-24,2026-09-04,5036,1,40.24732680696732,34.3374481101158,True
SUPERHOUSE,2014-09-26,60,2014-12-31,2026-09-04,2944,0,0.5765631646108039,2.359062436855924,False
SUPRAJIT,2005-02-18,38,2005-04-15,2026-09-04,5326,0,0.33473727313941415,5.571030640668529,False
SUPREME,2025-02-03,45,2025-04-11,2026-09-04,392,0,0.26757384966037057,10.450643776824029,True
SUPREMEIND,2005-01-03,0,2005-01-03,2026-09-04,5358,451,3.2689132081002517,2.732240437158464,False
SUPREMEINF,2007-10-18,0,2007-10-18,2026-09-04,4477,1,61.0889364979594,31.324957167332947,True
SUPRIYA,2021-12-28,0,2021-12-28,2026-09-04,1164,1,7.1251367286240965,9.671229371881799,True
SURAJEST,2023-12-26,15,2024-01-16,2026-09-04,666,1,4.821277494528963,4.000564254478772,True
SURAJLTD,2024-08-29,60,2024-11-26,2026-09-04,501,0,0.42207112970711297,3.964066733209755,False
SURAKSHA,2024-12-06,0,2024-12-06,2026-09-04,433,1,12.057059227696357,8.160575194727384,True
SURANASOL,2011-01-07,60,2011-04-05,2026-09-04,3870,0,1.053732210281731,5.203996669442132,False
SURANAT&P,2005-01-03,0,2005-01-03,2026-09-04,5359,451,1.0169207666408886,6.481481481481492,False
SURYALA,2026-04-20,60,2026-07-16,2026-09-04,97,2,2.4837721984078382,6.914463811612603,True
SURYALAXMI,2005-01-03,0,2005-01-03,2026-09-04,5358,451,1.972496081702816,5.590622182146079,False
SURYAROSNI,2005-01-03,0,2005-01-03,2026-09-04,5358,451,4.218132779212056,8.000000000000007,False
SURYODAY,2021-03-26,0,2021-03-26,2026-09-04,1345,2,29.281167313536542,14.884809215262784,True
SUVEN,2005-01-03,0,2005-01-03,2026-09-04,5358,451,1.5566073891886243,4.910714285714277,False
SUVIDHAA,2021-03-31,16,2021-04-27,2026-09-04,1343,1,0.06664934715045849,0.0,False
SUYOG,2024-08-20,0,2024-08-20,2026-09-04,508,3,0.42424179947632107,5.947657354060222,False
SUZLON,2005-10-19,0,2005-10-19,2026-09-04,5159,1,15.509665636542296,17.092337917485278,False
SVLL,2018-06-18,60,2018-09-12,2026-05-15,1950,0,1.5,0.32917940277451346,True
SVPGLOB,2021-07-14,0,2021-07-14,2026-09-04,1276,1,3.5174421593229686,6.931608133086876,True
SWANCORP,2012-05-29,0,2012-05-29,2026-09-04,3521,1,2.343061311577379,5.292203197962373,True
SWANDEF-BE,2025-01-21,60,2025-10-20,2026-09-04,215,1,1.9867523865186052,0.0,True
SWARAJENG,2005-01-03,60,2005-03-31,2026-09-04,5358,0,0.5851172273190621,1.2149532710280346,False
SWELECTES,2006-05-09,60,2006-08-01,2026-09-04,5026,0,0.2939297124600639,1.9999999999999976,False
SWIGGY,2024-11-13,0,2024-11-13,2026-09-04,449,3,7.711609221112819,16.403508771929825,True
SWSOLAR,2019-08-20,0,2019-08-20,2026-09-04,1744,4,22.884400684590737,8.722772277227717,True
SYMPHONY,2011-06-15,59,2011-09-09,2026-09-04,3762,0,1.2534089042221126,1.7429738970894866,False
SYNCOMF,2022-11-18,0,2022-11-18,2026-09-04,938,3,1.7611464895034465,10.493827160493824,True
SYNGENE,2015-08-11,0,2015-08-11,2026-09-04,2739,1,33.53964402766006,7.568438003220612,True
SYRMA,2022-08-26,0,2022-08-26,2026-09-04,999,3,41.63990434745471,17.906602254428346,True
SYSTMTXC,2025-10-06,0,2025-10-06,2026-05-08,144,2,3.718917667754554,12.076983615940469,True
TAALTECH,2026-04-20,60,2026-07-16,2026-09-04,97,2,1.0486486486486486,5.7676808382027,False
TAINWALCHM,2005-01-03,60,2005-03-31,2026-09-04,5327,0,1.0437179992122882,0.0,False
TAJGVK,2005-01-03,58,2005-03-29,2026-09-04,5358,0,1.8283069154159068,1.9895440023235618,False
TAKE,2007-08-27,0,2007-08-27,2026-09-04,4701,1,15.723791381614003,12.35179995688727,True
TALBROAUTO,2006-09-29,16,2006-10-26,2026-09-04,4924,0,3.686345966958212,5.2631578947368425,True
TANLA,2007-01-05,39,2007-03-06,2026-09-04,4859,0,0.03220029695451609,0.0,False
TARACHAND,2018-03-23,45,2018-05-30,2026-09-04,2085,0,0.031746031746031744,0.0,False
TARAPUR,2010-05-18,0,2010-05-18,2026-09-04,4024,1,99.697310365373,78.16979051819185,True
TARC,2020-12-18,0,2020-12-18,2026-09-04,1412,2,2.5315014558573075,9.070294784580499,True
TARIL,2013-06-06,0,2013-06-06,2026-09-04,3267,1,0.8456194519490544,4.038004750593823,False
TARMAT,2015-01-01,60,2015-04-07,2026-09-04,2853,0,12.989399293286219,9.12162162162162,True
TARSONS,2021-11-26,0,2021-11-26,2026-09-04,1181,1,36.20036007050256,16.911069934103146,True
TASTYBITE,2017-03-23,60,2017-06-20,2026-09-04,2336,0,0.3593429158110883,1.4773252175095453,False
TATACAP,2025-10-13,0,2025-10-13,2026-09-04,223,1,21.266809744997744,2.042360060514372,True
TATACHEM,2005-01-03,0,2005-01-03,2026-09-04,5358,451,1.4744421510256032,3.9324116743471618,False
TATACOMM,2025-05-26,0,2025-05-26,2026-09-04,320,15,1.4866732014801822,1.8808777429467056,False
TATACONSUM,2003-01-01,0,2003-01-01,2026-09-04,5839,23,0.6883864158188595,0.8720930232558057,False
TATAELXSI,2005-01-03,0,2005-01-03,2026-09-04,5358,451,0.7897503555100056,3.109137055837567,False
TATAGOLD,2024-01-17,0,2024-01-17,2026-09-04,654,2,2.841577750375555,14.788732394366196,True
TATAINVEST,2025-05-26,0,2025-05-26,2026-09-04,320,15,0.46373366754541395,2.5518341307814993,False
TATAMOTORS,2000-01-03,0,2000-01-03,2025-10-17,6370,2,0.5800211376590043,4.498269896193778,False
TATAPOWER,2005-01-03,0,2005-01-03,2026-09-04,5358,451,0.725803167509113,2.440290758047761,False
TATASTEEL,2003-01-01,0,2003-01-01,2026-09-04,5839,23,1.0074544281049542,1.9305019305019409,False
TATATECH,2023-11-30,0,2023-11-30,2026-09-04,687,3,23.848589854653962,15.232292460015232,True
TATSILV,2024-01-17,0,2024-01-17,2026-09-04,647,2,2.4903904392968177,17.32673267326733,True
TATVA,2021-07-29,0,2021-07-29,2026-09-04,1262,2,37.36696621896235,18.266305009302258,True
TBOTEK,2024-05-15,0,2024-05-15,2026-09-04,573,2,61.01393287212358,12.867098058735692,True
TBZ,2012-05-09,55,2012-07-25,2026-09-04,3534,0,0.394783530803271,3.945071569882463,False
TCC,2026-02-25,123,2026-08-27,2026-09-04,130,0,2.9983519537479095,5.889967637540446,True
TCI,2005-01-03,60,2005-03-31,2026-09-04,5358,0,0.04346955382107721,7.489878542510124,False
TCIEXP,2016-12-15,0,2016-12-15,2026-09-04,2409,1,6.222657132103876,10.423728813559316,True
TCIFINANCE-BE,2005-01-03,26,2005-02-10,2026-09-04,4982,0,0.5102434023297333,12.087912087912086,False
TCPLPACK,2017-10-17,59,2018-01-10,2026-09-04,2195,0,1.498918217221982,5.087037881527845,False
TCS,2004-08-25,0,2004-08-25,2026-09-04,5447,1,9.600777648331764,22.23684210526315,False
TDPOWERSYS,2011-09-08,0,2011-09-08,2026-09-04,3704,1,63.35793831677993,24.72727272727273,True
TEAMGTY,2015-01-01,60,2015-04-16,2026-09-04,2739,0,0.017777777777777778,4.166666666666667,False
TEAMLEASE,2016-02-12,60,2016-05-16,2026-09-04,2608,0,15.608956854178045,12.928389411825883,True
TECH,2021-11-03,51,2022-01-17,2026-09-04,1175,0,1.1030559167750325,1.6848107827890062,False
TECHM,2006-08-28,0,2006-08-28,2026-09-04,4962,1,20.546333407618697,15.10128913443831,True
TECHNOE,2018-12-18,37,2019-02-08,2026-09-04,1914,0,0.23391249360113223,5.233685117381006,False
TECHNVISN,2026-04-21,60,2026-07-17,2026-09-04,96,0,0.3403693931398417,4.807634050287786,False
TECILCHEM,2023-04-20,60,2023-07-17,2026-09-04,835,2,1.7391304347826086,7.631578947368418,True
TEGA,2021-12-13,0,2021-12-13,2026-09-04,1170,1,33.03392169839684,7.638370259729486,True
TEJASNET,2017-06-27,0,2017-06-27,2026-09-04,2273,1,14.52416172927925,5.4668917363615535,True
TEMBO,2018-08-29,60,2018-11-29,2026-09-04,1978,0,0.0,0.0,False
TENNIND,2025-11-19,0,2025-11-19,2026-09-04,198,2,47.21778045954997,7.518337408312954,True
TERASOFT,2016-12-29,0,2016-12-29,2026-09-04,2393,1,1.3930858740754104,8.94761680037754,True
TEXINFRA,2005-01-03,0,2005-01-03,2026-09-04,5358,451,2.0132492281250416,2.542372881355921,False
TEXMOPIPES,2010-03-10,0,2010-03-10,2026-09-04,4072,1,10.603605917328993,33.88489208633094,True
TEXRAIL,2011-03-03,0,2011-03-03,2026-09-04,3833,1,4.549324857977524,38.950715421303656,True
TFCILTD,2005-01-03,0,2005-01-03,2026-09-04,5358,451,2.0485204755972783,4.285714285714283,False
TFL,2007-02-26,0,2007-02-26,2026-09-04,4658,1,60.755487879654986,32.369942196531795,True
TGBHOTELS,2007-05-17,0,2007-05-17,2026-09-04,4769,1,62.05506209381852,55.75942915392457,True
THACKER,2026-04-20,60,2026-07-20,2026-09-04,88,0,0.07142857142857142,0.0,False
THAKDEV,2026-04-21,60,2026-08-06,2026-09-04,80,4,0.5688888888888889,4.483430799220273,False
THANGAMAYL,2010-02-19,0,2010-02-19,2026-09-04,4084,1,46.45045582396248,16.888250089831104,True
THEINVEST,2017-08-03,59,2017-10-31,2026-09-04,2245,0,3.071315730083503,2.9889298892989014,True
THEJO,2016-07-13,60,2016-10-10,2026-09-04,2506,1,0.0,0.0,False
THELEELA,2025-06-02,0,2025-06-02,2026-09-04,313,2,29.75896925971837,7.783262541614046,True
THEMISMED,2007-04-02,58,2007-06-26,2026-09-04,4786,0,2.2885876694359424,15.989159891598913,True
THERMAX,2005-01-03,0,2005-01-03,2026-09-04,5358,451,0.6398632252371498,2.0408163265306074,False
THOMASCOOK,2005-01-03,0,2005-01-03,2026-09-04,5357,451,2.8809367520007427,4.465709728867619,False
THOMASCOTT,2012-01-30,60,2012-04-27,2026-09-04,3600,0,16.866666666666667,14.081145584725535,True
THYROCARE,2016-05-09,0,2016-05-09,2026-09-04,2559,2,59.34211443756681,9.549200193892384,True
TI,2010-07-16,0,2010-07-16,2026-09-04,3984,1,3.8936607386863975,6.380487804878055,True
TICL-BE,2023-10-16,48,2023-12-26,2026-09-04,718,3,0.3264069426001085,0.0,False
TIGERLOGS,2025-09-18,0,2025-09-18,2026-09-04,238,1,7.756184687264335,13.704496788008564,True
TIIL,2007-02-12,0,2007-02-12,2026-09-04,4835,1,21.787194086206295,42.978510744627684,True
TIINDIA,2017-11-02,0,2017-11-02,2026-09-04,2191,1,1.192800944968255,8.867180161563015,True
TIJARIA,2011-10-14,0,2011-10-14,2026-08-21,3661,1,139.30658712265088,275.5376344086021,True
TIMETECHNO,2007-06-13,0,2007-06-13,2026-09-04,4753,1,12.983570452352245,16.42411642411642,True
TIMEX,2026-04-20,0,2026-04-20,2026-09-04,97,79,0.7093003766448565,4.021114733736994,False
TIMKEN,2005-01-03,60,2005-03-31,2026-09-04,5358,0,0.0,1.610017889087654,False
TINNARUBR,2025-04-17,0,2025-04-17,2026-09-04,344,2,0.6351811706410654,3.3882792894749856,False
TIPSFILMS,2022-10-06,59,2022-12-30,2026-09-04,967,1,1.603453408752605,8.661087866108781,True
TIPSMUSIC,2005-01-03,0,2005-01-03,2026-09-04,5355,451,4.649821134518199,8.602150537634415,False
TIRUMALCHM,2005-01-03,0,2005-01-03,2026-09-04,5358,451,0.9742197190653391,4.80427046263346,False
TIRUPATIFL,2017-10-12,21,2017-11-13,2026-02-17,2063,1,1.5,4.347826086956519,True
TITAGARH,2008-04-21,0,2008-04-21,2026-09-04,4539,2,6.683255793921206,27.5447407512202,True
TITAN,2003-01-01,0,2003-01-01,2026-09-04,5839,23,0.7224267641115715,2.3255813953488333,False
TMB,2022-09-15,0,2022-09-15,2026-09-04,981,1,34.021962501884424,6.672253063789676,True
TMCV,2025-11-12,0,2025-11-12,2026-09-04,203,2,2.5095524324740737,7.588404917286387,True
TMPV,2025-05-26,0,2025-05-26,2026-09-04,320,15,1.147844889748912,2.3012552301255256,False
TNIDETF,2022-04-08,60,2022-07-06,2026-09-04,1094,0,0.3688035780842341,3.153988868274588,False
TNPETRO,2005-01-03,0,2005-01-03,2026-09-04,5358,451,3.6969281872054274,3.1481481481481532,False
TNPL,2005-01-03,0,2005-01-03,2026-09-04,5358,451,7.962025960458972,5.603448275862077,False
TNTELE,2015-01-01,60,2015-06-12,2026-09-04,2382,0,0.03445899379738112,0.0,False
TOKYOPLAST,2005-01-03,60,2005-03-31,2026-09-04,5356,0,0.0,17.894736842105257,False
TOLINS,2024-09-16,0,2024-09-16,2026-09-04,489,5,10.5721210999162,4.9707602339181305,True
TOP100CASE,2024-06-19,0,2024-06-19,2026-09-04,551,3,4.016447103552336,18.83629191321499,True
TOP10ADD,2024-09-11,0,2024-09-11,2026-09-04,493,3,0.20894628425274284,2.495102587895661,False
TOP15IETF,2025-07-02,0,2025-07-02,2026-09-04,293,4,7.181150320231069,5.66762728146015,True
TOP20,2025-12-19,0,2025-12-19,2026-09-04,176,4,1.1582939477956071,2.4870466321243545,False
TORNTPHARM,2005-01-03,0,2005-01-03,2026-09-04,5358,451,0.23749983651368708,2.0891364902506964,False
TORNTPOWER,2006-11-28,0,2006-11-28,2026-09-04,4885,1,12.616326608632294,44.929577464788736,True
TOTAL,2017-08-07,52,2017-10-24,2026-09-04,2241,0,1.0,2.7803099361896053,False
TOUCHWOOD,2017-12-21,57,2018-03-16,2026-09-04,2149,0,1.3333333333333333,2.6804123711340244,False
TPLPLASTEH,2015-05-20,14,2015-06-09,2026-09-04,2791,0,1.2887370718284468,15.515222482435613,True
TRACXN,2022-10-20,0,2022-10-20,2026-09-04,962,1,24.25548750430554,18.230563002680967,True
TRANSRAILL,2024-12-27,57,2025-03-19,2026-09-04,420,3,1.6203735814478044,4.567545142044321,True
TRANSWORLD,2024-10-14,0,2024-10-14,2026-05-15,390,1,0.7823589935459733,3.305007414166771,False
TRAVELFOOD,2025-07-14,0,2025-07-14,2026-09-04,284,1,12.234616917368607,5.95459620394492,True
TREEHOUSE,2011-08-26,0,2011-08-26,2026-09-04,3703,1,44.003103915957354,47.913956110677425,True
TREJHARA,2019-01-11,60,2019-04-09,2026-09-04,1896,0,23.308526740665993,5.671077504725898,True
TREL,2023-08-10,0,2023-08-10,2026-09-04,753,3,2.077139016020256,7.91165781381045,True
TRENT,2005-01-03,0,2005-01-03,2026-09-04,5358,451,3.140828050523166,2.7524608093328564,False
TRF,2010-01-08,60,2010-04-08,2026-09-04,4113,0,0.12975448416232033,3.0471754319449706,False
TRIDENT,2005-01-03,0,2005-01-03,2026-09-04,5358,451,1.9925020820111559,7.894736842105259,False
TRIGYN,2005-01-03,0,2005-01-03,2026-09-04,5358,451,0.7065412050387009,4.945054945054957,False
TRITURBINE,2011-10-28,46,2012-01-05,2026-09-04,3670,0,0.40710189331447877,1.4705882352941178,False
TRIVENI,2005-01-03,235,2005-12-13,2026-09-04,5358,0,8.710993056855068,23.68117058144013,False
TRU,2022-11-10,116,2023-06-20,2026-09-04,892,1,2.353402336087499,12.254475925604028,True
TRUALT,2025-10-03,0,2025-10-03,2026-09-04,227,3,25.718856960104517,6.817967793577558,True
TSFINV,2025-10-07,0,2025-10-07,2026-09-04,226,3,3.246863937397314,6.311923610544369,True
TTKHLTCARE,2010-01-08,60,2010-04-08,2026-09-04,4113,0,0.19411586290567182,6.511646207113634,False
TTKPRESTIG,2005-01-03,0,2005-01-03,2026-09-04,5358,451,3.11141060197664,6.060606060606053,False
TTL,2007-02-22,25,2007-03-30,2026-09-04,4828,0,2.5339874625238483,3.3898305084745797,True
TTML,2005-01-03,0,2005-01-03,2026-09-04,5358,451,1.0773287503582176,4.150943396226419,False
TURTLEMINT,2026-06-29,0,2026-06-29,2026-09-04,50,1,11.605521491391057,9.566373642609136,True
TVSELECT,2005-01-03,0,2005-01-03,2026-09-04,5358,451,6.254022898060353,7.702702702702706,False
TVSHLTD,2005-01-03,59,2005-03-30,2026-09-04,5355,0,2.4643781654473833,7.688311688311678,False
TVSMOTOR,2005-01-03,0,2005-01-03,2026-09-04,5358,451,2.0808434096132706,3.509603983874785,False
TVSSCS,2023-08-23,0,2023-08-23,2026-09-04,745,1,17.105061719294863,4.7761194029850715,True
TVSSRICHAK,2005-01-03,60,2005-03-31,2026-09-04,5358,0,0.0,4.761904761904758,False
TVTODAY,2005-01-03,0,2005-01-03,2026-09-04,5358,451,2.7507461750689743,4.375932371954257,False
TVVISION-BE,2016-09-15,0,2016-09-15,2026-09-04,2313,1,0.6686927847229058,5.26315789473684,False
TWCGOLDETF,2026-01-02,58,2026-03-30,2026-09-04,167,1,3.0489905407313285,3.7379310344827696,True
UBL,2008-07-28,59,2008-10-23,2026-09-04,4471,0,1.9667678081202138,11.463414634146348,True
UCAL,2023-07-17,53,2023-10-11,2026-05-15,687,0,0.8197999527447428,3.531179564237407,False
UCOBANK,2005-01-03,0,2005-01-03,2026-09-04,5358,451,3.0464593258488626,9.504685408299878,False
UDS,2023-10-04,0,2023-10-04,2026-09-04,721,1,11.621936664947254,5.86474110602324,True
UEL,2024-04-16,60,2024-12-16,2026-09-04,301,0,4.56752655538695,0.0,True
UFBL,2025-10-03,0,2025-10-03,2026-05-08,145,3,0.9824358765112805,2.719007562239785,False
UFLEX,2005-01-03,0,2005-01-03,2026-09-04,5358,451,4.551064131764451,8.348457350272234,False
UFO,2015-05-14,0,2015-05-14,2026-09-04,2795,1,60.78660315393947,6.1774822288465945,True
UGARSUGAR,2010-08-23,2,2010-08-25,2026-09-04,3957,1,0.9279254286189869,9.090909090909092,True
UGROCAP,2021-08-11,0,2021-08-11,2026-09-04,1258,1,0.7080230277321511,6.373117033603713,False
UJJIVANSFB,2019-12-12,0,2019-12-12,2026-09-04,1668,1,43.843978689639535,17.436489607390303,True
ULTRACEMCO,2004-08-24,0,2004-08-24,2026-09-04,5448,1,27.027233153191325,33.33973866256726,False
ULTRAMAR,2026-04-20,37,2026-06-12,2026-09-04,97,1,0.6738169855760808,3.4049939911870744,False
UMAEXPORTS,2022-04-07,0,2022-04-07,2026-02-17,955,2,2.7525996942297417,4.761904761904758,True
UMESLTD,2005-01-03,53,2005-03-21,2026-09-04,4362,1,1.7680272108843538,5.454545454545446,False
UMIYA-MRO,2025-04-07,3,2025-04-11,2026-09-04,350,0,0.6157663316582914,5.277777777777784,False
UNICHEMLAB,2005-01-03,0,2005-01-03,2026-09-04,5358,451,3.681382041825206,3.494623655913968,False
UNIDT,2020-09-25,24,2020-10-30,2026-05-15,1392,1,0.8158744808491002,6.29500869133349,False
UNIECOM,2024-08-13,0,2024-08-13,2026-09-04,512,2,10.92335197106785,23.79569687738005,True
UNIENTER,2005-01-03,0,2005-01-03,2026-09-04,5357,451,4.151413226548488,9.108341323106428,False
UNIINFO,2018-03-15,60,2018-06-12,2026-09-04,2093,0,2.0,0.23228803716608926,True
UNIMECH,2024-12-31,55,2025-03-19,2026-09-04,417,3,0.5105306356031114,2.661273153076432,False
UNIONBANK,2005-01-03,0,2005-01-03,2026-09-04,5358,451,0.9093891057475668,2.881422152764201,False
UNIONGOLD,2025-02-21,60,2025-05-27,2026-09-04,379,1,1.0727969348659003,1.3756613756613727,False
UNIPARTS,2022-12-12,0,2022-12-12,2026-09-04,922,1,16.854111180243773,7.5044695417084455,True
UNITDSPR,2024-05-30,0,2024-05-30,2026-09-04,561,2,0.6440480787480938,1.4512893111804024,False
UNITECH,2005-01-03,0,2005-01-03,2026-09-04,5301,451,1.0625499464140797,3.1372549019607874,False
UNITEDPOLY,2016-06-07,223,2020-06-08,2026-09-04,1524,0,0.6666666666666666,0.0,False
UNITEDTEA,2010-01-08,60,2010-04-09,2026-09-04,4112,0,1.0340501792114696,2.7013251783893923,False
UNIVASTU,2018-06-27,60,2018-09-25,2026-05-15,1943,0,0.0,0.0,False
UNIVCABLES,2005-01-03,56,2005-03-24,2026-09-04,5345,0,0.45860413468761224,5.943889681407513,False
UNIVPHOTO,2020-02-14,60,2020-05-19,2026-02-17,1487,0,1.1296912114014253,8.500400962309545,True
UNIVPHOTO-BE,2020-02-14,60,2020-05-19,2026-09-04,1627,0,1.1296912114014253,8.507042253521124,True
UNOMINDA,2007-02-02,60,2007-05-04,2026-09-04,4841,0,0.0,0.0,False
UPL,2004-01-23,80,2004-06-23,2026-09-04,5572,0,0.6028404197545764,2.644628099173556,False
URAVIDEF,2018-04-13,58,2018-07-05,2026-02-17,1938,1,36000.0,0.0,True
URBANCO,2025-09-17,0,2025-09-17,2026-09-04,240,3,15.907852466306577,10.567643709165015,True
URJA,2017-03-28,0,2017-03-28,2026-09-04,2333,2,0.6656216823580924,0.0,False
USHAMART,2005-01-03,0,2005-01-03,2026-09-04,5358,451,2.1535079194261795,6.354515050167227,False
USK,2023-04-03,0,2023-04-03,2026-09-04,845,1,4.728465082967077,7.460317460317465,True
UTIAMC,2020-10-13,0,2020-10-13,2026-09-04,1459,2,16.458305087893617,7.871874639935483,True
UTKARSHBNK,2023-07-21,0,2023-07-21,2026-09-04,776,1,41.897585041927485,22.503067484662584,True
UTLSOLAR,2025-11-20,0,2025-11-20,2026-09-04,196,1,23.134398137997334,12.348877374784115,True
UTTAMSUGAR,2006-04-10,0,2006-04-10,2026-09-04,5044,2,17.332619453988112,18.71253389050569,True
UYFINCORP-BE,2024-10-03,0,2024-10-03,2026-09-04,478,2,12.204618195537808,16.840277777777775,True
V2RETAIL,2007-07-04,0,2007-07-04,2026-09-04,4738,1,40.5030198172188,41.43426294820718,True
VADILALIND,2011-06-15,60,2011-09-12,2026-09-04,3754,0,0.07751196172248803,1.2697632505939194,False
VAIBHAVGBL,2015-01-01,0,2015-01-01,2026-09-04,2890,99,0.6252578501031401,3.2141422257934913,False
VAISHALI,2017-08-22,59,2017-11-16,2026-09-04,2232,1,2.0,2.7692307692307647,True
VAKRANGEE,2006-04-03,0,2006-04-03,2026-09-04,5047,2,0.4847963570737304,0.0,False
VAL30IETF,2024-10-22,0,2024-10-22,2026-09-04,465,2,1.9240123548124584,7.261724659606663,True
VALIANTLAB,2023-10-06,0,2023-10-06,2026-02-17,584,3,5.513531775238601,4.787077826725407,True
VALIANTORG,2020-10-05,0,2020-10-05,2026-05-15,1387,4,0.5219803933658055,7.49517830029957,False
VALUE,2026-03-27,0,2026-03-27,2026-09-04,110,4,0.27320204825108907,1.1881188118811863,False
VALUEAXIS,2025-03-20,51,2025-06-06,2026-09-04,362,0,0.3360509152114454,2.0176991150442363,False
VAML,2026-06-15,0,2026-06-15,2026-09-04,59,4,1.3767658926982438,8.28796128251664,True
VARDMNPOLY,2005-01-03,0,2005-01-03,2026-09-04,5339,451,1.2051486420575535,9.016393442622952,False
VARROC,2018-07-09,0,2018-07-09,2026-09-04,2014,1,15.350892952491034,2.5259840670203038,True
VASCONEQ,2010-02-15,60,2010-05-14,2026-09-04,4088,0,1.608294930875576,4.65230510139639,True
VASWANI,2011-10-24,0,2011-10-24,2026-09-04,3665,1,69.21699642200947,110.67415730337079,True
VBL,2016-11-08,0,2016-11-08,2026-09-04,2435,1,290.6796161513143,11.80811808118081,True
VCL-BE,2022-04-19,0,2022-04-19,2026-09-04,1025,2,1.2222192545793182,9.803921568627452,True
VEDL,2005-01-03,8,2005-01-13,2026-09-04,5358,0,0.38389353948471183,140.0,False
VEDPOWER,2026-06-15,0,2026-06-15,2026-09-04,59,4,1.8374395420024052,10.210063507572057,True
VEEDOL,2007-01-16,60,2007-04-17,2026-09-04,4852,0,0.27586206896551724,3.7280701754386025,False
VENKEYS,2005-01-03,56,2005-03-24,2026-09-04,5358,0,0.3828929413224166,3.1418851310786478,False
VENTIVE,2024-12-30,56,2025-03-19,2026-09-04,418,3,1.1963482464855393,3.258060127873765,False
VENUSPIPES,2022-05-24,0,2022-05-24,2026-09-04,1060,2,18.24853823144794,4.897993831527121,True
VENUSREM-BE,2006-12-20,60,2007-03-21,2026-09-04,4862,0,24.67111942292279,5.77124868835257,True
VERANDA,2022-04-11,0,2022-04-11,2026-09-04,1088,2,65.67473077670113,4.761904761904762,True
VERTOZ,2017-11-24,60,2018-02-21,2026-09-04,2168,0,0.4,0.0,False
VESUVIUS,2005-01-03,0,2005-01-03,2026-09-04,5358,451,1.8334761986399222,5.555555555555555,False
VETO,2015-04-29,58,2015-07-21,2026-05-15,2727,0,1.1227380470601838,16.396542409508374,True
VGL,2006-11-21,0,2006-11-21,2026-09-04,4886,5,1.375995524254591,9.220872051465326,True
VGUARD,2008-03-13,0,2008-03-13,2026-09-04,4562,1,26.613380435806004,34.622467771639045,True
VHL,2005-01-03,60,2005-03-31,2026-09-04,5307,0,4492.0,2.965311450951133,False
VHLTD-BE,2024-04-03,60,2024-09-19,2026-09-04,547,0,6.895589489186885,9.044237186617615,True
VIDHIING,2016-03-02,12,2016-03-21,2026-09-04,2595,0,1.1562457056479318,3.692307692307682,False
VIDYAWIRES,2025-12-10,0,2025-12-10,2026-09-04,182,3,21.982761928530746,15.892420537897314,True
VIJAYA,2021-09-14,37,2021-11-08,2026-09-04,1231,1,1.732519857441946,3.872246224158256,True
VIJIFIN,2016-07-11,0,2016-07-11,2026-02-17,2374,2,2.4016200789053976,3.3027522935779765,True
VIKASECO,2011-12-12,53,2012-02-27,2026-09-04,3635,0,0.14516044457539157,0.0,False
VIKASLIFE,2019-05-08,6,2019-05-16,2026-09-04,1814,0,0.003497064014029715,0.0,False
VIKRAMSOLR,2025-08-26,0,2025-08-26,2026-09-04,254,5,14.859810438882189,13.468013468013469,True
VIKRAN,2025-09-03,0,2025-09-03,2026-09-04,249,2,7.25312325396423,8.891442900428368,True
VIMTALABS,2005-12-15,38,2006-02-10,2026-09-04,5120,0,0.47175788622270154,3.088391906283286,False
VINATIORGA,2009-07-28,19,2009-08-24,2026-09-04,4230,0,0.11119936457505956,2.2435897435897414,False
VINCOFE,2024-10-18,0,2024-10-18,2026-09-04,466,1,3.994724811457533,6.492579908675795,True
VINDHYATEL,2005-01-03,60,2005-03-31,2026-09-04,5357,0,0.5722532230132769,11.223750905141202,False
VINEETLAB,2021-06-15,0,2021-06-15,2026-09-04,1293,2,0.30285038617323706,4.761904761904765,False
VINNY,2018-10-26,59,2019-01-22,2026-09-04,1939,0,151800.0,0.0,True
VINYLINDIA,2005-01-03,0,2005-01-03,2026-09-04,5358,451,2.722758475579285,3.363914373088689,False
VIPCLOTHNG,2007-08-06,57,2007-10-26,2026-09-04,4715,0,0.36589227896863846,5.664488017429196,False
VIPIND,2005-01-03,0,2005-01-03,2026-09-04,5358,451,2.7819163778189777,4.587155963302752,False
VIPULLTD-BE,2010-01-08,54,2010-03-31,2026-09-04,4040,0,0.9551936042002267,4.920405209840808,False
VIRINCHI,2023-05-03,0,2023-05-03,2026-09-04,827,1,1.9877273676103278,8.137931034482746,True
VISACHROME,2006-03-17,0,2006-03-17,2026-09-04,4791,3,107.11415699024617,18.485915492957748,True
VISAKAIND,2005-01-03,0,2005-01-03,2026-09-04,5358,451,0.632339602104372,3.558718861209964,False
VISHAL,2019-08-21,60,2019-12-03,2026-09-04,1071,0,4068.16,1.0015408320492933,True
VISHNU,2015-03-05,60,2015-06-04,2026-09-04,2840,0,0.07498108925869894,1.557632398753894,False
VISHWARAJ,2019-10-15,0,2019-10-15,2026-09-04,1707,1,7.22318064314622,2.060085836909858,True
VISL,2026-06-15,0,2026-06-15,2026-09-04,59,4,1.0677203898171053,9.49667616334283,True
VITAL,2022-11-14,52,2023-01-25,2026-09-04,930,0,0.64,2.3927392739273974,False
VIVIANA,2022-09-16,0,2022-09-16,2026-09-04,964,1,16.94736842105263,7.874682472480947,True
VIVIDHA,2013-05-21,0,2013-05-21,2026-09-04,3280,1,4.045248632261212,4.203152364273208,True
VIYASH,2016-03-10,15,2016-04-04,2026-09-04,2596,2,2.9156182425791233,14.151624548736459,True
VLEGOV,2023-08-14,0,2023-08-14,2026-02-17,616,1,4.113744328712604,5.254237288135595,True
VLSFINANCE,2005-01-03,0,2005-01-03,2026-09-04,5358,451,2.58747868453106,5.600000000000009,False
VMART,2013-02-20,55,2013-05-15,2026-09-04,3345,0,0.4203915487497577,1.7073170731707386,False
VMM,2024-12-18,0,2024-12-18,2026-09-04,426,3,19.41364956088116,9.291521486643441,True
VMSTMT,2025-09-24,0,2025-09-24,2026-09-04,235,1,12.43575871889097,5.368790767686898,True
VOEPL,2026-07-01,0,2026-07-01,2026-09-04,48,3,1.4823604688363436,9.11805236564079,True
VOGL,2026-06-15,0,2026-06-15,2026-09-04,59,4,0.3148266887127488,5.263157894736838,False
VOLTAMP,2006-09-20,0,2006-09-20,2026-09-04,4931,1,29.22038813670775,14.575579301236642,True
VOLTAS,2005-01-03,0,2005-01-03,2026-09-04,5358,451,2.51602720298751,2.4066797642436075,False
VPRPL,2023-09-05,0,2023-09-05,2026-09-04,740,1,12.698814645243715,14.41317776252574,True
VRAJ,2024-07-03,0,2024-07-03,2026-09-04,540,1,9.94298561151079,4.761904761904762,True
VRLLOG,2015-04-30,0,2015-04-30,2026-09-04,2811,1,31.070176892560188,7.820469228153689,True
VSSL,2012-05-17,60,2012-08-09,2026-09-04,3528,0,0.40610178182284323,2.7726432532347407,False
VSTIND,2005-01-03,60,2005-03-31,2026-09-04,5358,0,0.06071370902632004,9.178743961352668,False
VSTL,2024-02-20,0,2024-02-20,2026-09-04,628,1,9.733001672899897,5.882352941176471,True
VSTTILLERS,2011-06-20,60,2011-09-15,2026-09-04,3751,0,0.46405228758169936,2.9435088865046426,False
VTL,2005-01-03,0,2005-01-03,2026-09-04,5358,451,2.7123833340776136,4.45859872611465,False
WAAREEENER,2024-10-28,0,2024-10-28,2026-09-04,461,3,5.643946508831264,13.869840305613891,True
WAAREEINDO,2025-06-19,27,2025-10-07,2026-09-04,225,3,5.793335675364572,3.8904787686596163,True
WAAREERTL,2025-04-09,0,2025-04-09,2026-09-04,348,1,0.25916704005989416,5.115328467153293,False
WABAG,2010-10-13,59,2011-01-07,2026-09-04,3922,1,0.4879356568364611,3.336940836940837,False
WAKEFIT,2025-12-15,0,2025-12-15,2026-09-04,179,6,74.91951083673902,13.781267876644652,True
WALCHANNAG,2005-01-03,60,2005-03-31,2026-09-04,5348,0,0.27394246336502137,5.712080277884989,False
WANBURY,2015-01-01,45,2015-03-10,2026-09-04,2830,0,0.4212766731549362,0.0,False
WATERBASE,2019-08-20,0,2019-08-20,2026-09-04,1053,4,1.5210081306090655,6.886374815543531,True
WCIL,2024-09-24,0,2024-09-24,2026-09-04,483,3,32.07078127585339,11.596838936276976,True
WEALTH,2017-03-21,60,2017-06-16,2026-09-04,2336,0,0.0,0.0,False
WEBELSOLAR,2015-01-01,0,2015-01-01,2026-09-04,2890,99,0.7264688067837675,5.2631578947368345,False
WEIZMANIND,2005-01-03,60,2005-03-31,2026-09-04,5341,0,2.102820211515864,12.76041666666666,False
WEL,2019-08-22,59,2019-11-21,2026-09-04,1740,0,102400.0,4.905660377358487,True
WELCORP,2005-01-03,0,2005-01-03,2026-09-04,5358,451,6.939057050479871,7.0877944325481845,False
WELENT,2005-01-03,0,2005-01-03,2026-09-04,5358,451,3.151165349421451,6.004618937644345,False
WELSPLSOL,2026-04-20,0,2026-04-20,2026-09-04,97,79,0.25080554485027395,6.612685560053989,False
WELSPUNLIV,2005-01-03,0,2005-01-03,2026-09-04,5358,451,8.77624094132315,11.459968602825752,False
WENDT,2005-01-03,60,2005-03-31,2026-09-04,5358,0,0.0,8.011869436201781,False
WESTLIFE,2019-08-19,14,2019-09-09,2026-09-04,1744,0,0.30932632310504765,3.245154803591864,False
WEWIN,2018-07-06,59,2018-10-04,2026-09-04,2013,1,18000.0,1.7938931297710017,True
WEWORK,2025-10-10,0,2025-10-10,2026-09-04,223,2,19.701529212159034,5.710649805137991,True
WHEELS,2005-01-03,58,2005-03-29,2026-09-04,5358,0,1.5278301886792454,11.028744326777598,False
WHIRLPOOL,2010-01-08,33,2010-02-26,2026-09-04,4121,0,0.9048324682252724,6.15711252653929,False
WILLAMAGOR,2005-01-03,60,2005-03-31,2026-09-04,5328,0,0.0,0.8771929824561372,False
WINDLAS,2021-08-16,0,2021-08-16,2026-09-04,1250,4,14.908186638426649,11.54238498418851,True
WINDMACHIN,2005-01-03,46,2005-03-10,2026-09-04,5358,0,1.2576229984674734,13.442622950819663,False
WIPL,2017-04-18,60,2017-07-13,2026-09-04,2319,2,12.31400966183575,5.973242886753348,True
WIPRO,2003-01-01,0,2003-01-01,2026-09-04,5839,23,1.0128928662608672,2.044609665427512,False
WOCKPHARMA,2005-01-03,0,2005-01-03,2026-09-04,5358,451,0.9697331479100522,3.534209333937468,False
WONDERLA,2014-05-09,0,2014-05-09,2026-09-04,3041,1,7.378483502822687,10.009990009990009,True
WORTHPERI,2017-09-27,57,2017-12-19,2026-09-04,2207,0,0.9166666666666666,8.268924058397737,True
WPIL,2026-04-20,0,2026-04-20,2026-09-04,97,79,2.2654146189962914,8.403361344537815,False
WSI,2005-01-03,60,2005-03-31,2026-09-04,4929,0,0.0,0.0,False
WSTCSTPAPR,2005-01-03,21,2005-02-03,2026-09-04,5358,0,5.147624229234675,2.083333333333326,False
XCHANGING,2005-03-09,0,2005-03-09,2026-09-04,5313,1,24.630440245608213,18.816585805031764,False
XELPMOC,2019-02-04,60,2019-05-09,2026-09-04,1873,0,0.8968123976313469,4.944649446494478,False
XPROINDIA,2005-01-03,15,2005-01-25,2026-09-04,5358,0,0.8915098875036056,2.0533880903490758,False
XTGLOBAL,2024-09-16,0,2024-09-16,2026-09-04,487,5,8.022853324423656,17.11496314006775,True
XTRANET,2026-07-30,0,2026-07-30,2026-09-04,27,3,3.4219841090789536,5.959752321981438,True
YASHO,2023-08-21,59,2023-11-16,2026-09-04,747,0,1.100727079269374,4.1137934914423555,False
YATHARTH,2023-08-07,0,2023-08-07,2026-09-04,765,1,21.261806780888445,11.082821626478957,True
YATRA,2023-09-28,0,2023-09-28,2026-09-04,724,1,8.132186835363854,8.130978660779993,True
YESBANK,2005-07-12,0,2005-07-12,2026-09-04,5226,1,16.683551046061513,16.433853738701725,False
YUKEN,2021-09-02,60,2021-12-01,2026-09-04,1238,1,2.2705570291777186,3.410223795936614,True
ZAGGLE,2023-09-22,0,2023-09-22,2026-09-04,724,2,11.436690912658742,13.072308178086512,True
ZEEL,2005-01-03,0,2005-01-03,2026-09-04,5358,451,0.414084296257466,1.8613861386138568,False
ZEELEARN,2010-12-20,0,2010-12-20,2026-05-15,3798,1,5.3939669863881665,437.6476630713919,True
ZEEMEDIA,2007-01-10,0,2007-01-10,2026-09-04,4856,2,6.215459836523663,162.0214395099541,True
ZENITHEXPO,2005-01-03,60,2005-03-31,2026-09-03,4801,0,0.4465614766299494,5.913978494623648,False
ZENITHSTL,2007-04-30,32,2007-06-15,2026-09-04,4086,0,1.3586990084742856,3.8176638176638273,False
ZENSARTECH,2005-01-03,0,2005-01-03,2026-09-04,5358,451,0.8093035450102062,3.388856978747845,False
ZENTEC,2015-03-30,0,2015-03-30,2026-09-04,2831,4,0.41193817016357354,15.090909090909086,True
ZFCVINDIA,2008-10-01,60,2009-01-02,2026-09-04,4426,0,2.4587332053742803,7.600950118764852,True
ZFSTEERING,2026-04-21,57,2026-07-14,2026-09-04,96,0,2.102683007618417,4.936745673985739,True
ZIMLAB,2022-11-25,57,2023-02-15,2026-09-04,933,0,0.8623008483343679,6.989576946658478,False
ZODIAC,2017-12-05,58,2018-03-05,2026-09-04,1731,1,1.1428571428571428,8.5093896713615,True
ZODIACLOTH,2005-01-03,59,2005-03-30,2026-09-04,5345,0,33.064088793412104,7.05932839824053,False
ZOTA,2017-05-10,0,2017-05-10,2026-09-04,2304,1,30.568527918781726,15.00997535500529,True
ZSARACOM,2026-04-20,60,2026-07-16,2026-09-04,96,2,2.1219512195121952,5.546970957644914,True
ZUARI,2012-11-27,60,2013-02-21,2026-09-04,3398,0,0.7842405874810584,8.857469591433617,True
ZUARIIND,2005-01-03,0,2005-01-03,2026-09-04,5358,451,0.8464041205744609,3.8008361839604716,False
ZYDUSLIFE,2025-05-26,0,2025-05-26,2026-09-04,320,15,0.8342872048422763,1.4131565974694613,False
ZYDUSWELL,2009-11-13,0,2009-11-13,2026-09-04,4158,2,1.217362972616738,13.71571072319202,True
