symbol,n,d0,d1,list_year,days_stale,ends_early,ever_liq_young
20MICRONS,4424,2008-10-06,2026-09-04,2008,0,False,False
21STCENMGM,2117,2018-01-11,2026-09-04,2018,0,False,False
360ONE,320,2025-05-26,2026-09-04,2025,0,False,True
3BBLACKBIO,94,2026-04-20,2026-09-01,2026,3,False,False
3IINFOLTD-BE,1209,2021-10-22,2026-09-04,2021,0,False,True
3MINDIA,5358,2005-01-03,2026-09-04,2005,0,False,False
3PLAND,5115,2005-01-03,2026-09-04,2005,0,False,False
5PAISA,2181,2017-11-16,2026-09-04,2017,0,False,False
63MOONS,4862,2007-01-02,2026-09-04,2007,0,False,True
A2ZINFRA,3881,2010-12-23,2026-09-04,2010,0,False,True
AAATECH,1321,2020-10-13,2026-09-04,2020,0,False,False
AADHARHFC,575,2024-05-15,2026-09-04,2024,0,False,True
AAKASH,2052,2018-05-15,2026-09-04,2018,0,False,False
AAREYDRUGS,1256,2021-08-06,2026-09-04,2021,0,False,False
AARNAV-BE,127,2026-02-25,2026-09-01,2026,3,False,False
AARON,1965,2018-09-18,2026-09-04,2018,0,False,False
AARTECH,702,2023-07-10,2026-05-15,2023,112,True,False
AARTECH-BE,785,2023-07-10,2026-09-04,2023,0,False,False
AARTIDRUGS,5358,2005-01-03,2026-09-04,2005,0,False,False
AARTIIND,5358,2005-01-03,2026-09-04,2005,0,False,False
AARTIPHARM,888,2023-01-30,2026-09-04,2023,0,False,True
AARTISURF,1445,2020-07-14,2026-05-15,2020,112,True,True
AARTISURF-BE,1528,2020-07-14,2026-09-04,2020,0,False,True
AARVI,2201,2017-10-06,2026-09-04,2017,0,False,False
AASTHA,42,2026-07-06,2026-09-01,2026,3,False,True
AAVAS,1961,2018-10-08,2026-09-04,2018,0,False,True
ABAN-BE,5308,2005-01-03,2026-09-04,2005,0,False,True
ABANSENT,94,2026-04-20,2026-09-01,2026,3,False,False
ABB,320,2025-05-26,2026-09-04,2025,0,False,True
ABBOTINDIA,5358,2005-01-03,2026-09-04,2005,0,False,False
ABCAPITAL,2232,2017-09-01,2026-09-04,2017,0,False,True
ABCOTS,1138,2022-01-25,2026-09-04,2022,0,False,False
ABDL,541,2024-07-02,2026-09-04,2024,0,False,True
ABFRL,3245,2013-07-17,2026-09-04,2013,0,False,False
ABGSEC,501,2024-07-10,2026-09-04,2024,0,False,False
ABINFRA,1677,2019-07-30,2026-05-15,2019,112,True,False
ABINFRA-BE,1054,2019-07-12,2026-09-04,2019,0,False,False
ABLBL,220,2025-06-23,2026-05-15,2025,112,True,True
ABMINTLLTD,2380,2016-06-29,2026-02-17,2016,199,True,False
ABMINTLLTD-BE,1195,2021-09-13,2026-09-04,2021,0,False,False
ABMKNO,94,2026-04-20,2026-09-01,2026,3,False,False
ABREL,5358,2005-01-03,2026-09-04,2005,0,False,True
ABSL10BANK,123,2026-03-04,2026-09-01,2026,3,False,False
ABSLAMC,1217,2021-10-11,2026-09-04,2021,0,False,True
ABSLBANETF,1688,2019-10-30,2026-09-04,2019,0,False,False
ABSLLIQUID,908,2017-02-16,2026-09-04,2017,0,False,False
ABSLMSCIN,129,2026-02-20,2026-09-01,2026,3,False,False
ABSLNN50ET,1847,2018-12-27,2026-09-04,2018,0,False,False
ABSLPSE,565,2024-05-23,2026-09-04,2024,0,False,False
ACC,5358,2005-01-03,2026-09-04,2005,0,False,True
ACCELYA,5358,2005-01-03,2026-09-04,2005,0,False,False
ACCURACY,1878,2018-07-06,2026-02-17,2018,199,True,False
ACCURACY-BE,1422,2020-12-11,2026-09-04,2020,0,False,False
ACE,4927,2006-09-26,2026-09-04,2006,0,False,True
ACEINTEG,2258,2017-07-13,2026-09-04,2017,0,False,False
ACGL,12,2026-08-17,2026-09-01,2026,3,False,False
ACI,937,2022-11-21,2026-09-04,2022,0,False,True
ACL,827,2023-05-10,2026-09-04,2023,0,False,False
ACMESOLAR,448,2024-11-13,2026-09-04,2024,0,False,True
ACSTECH-BE,94,2026-04-20,2026-09-01,2026,3,False,False
ACUTAAS,320,2025-05-26,2026-09-04,2025,0,False,True
ADANIENSOL,2746,2015-07-31,2026-09-04,2015,0,False,True
ADANIENT,5373,2005-01-03,2026-09-04,2005,0,False,True
ADANIGREEN,2036,2018-06-18,2026-09-04,2018,0,False,True
ADANIPORTS,4636,2007-11-27,2026-09-04,2007,0,False,True
ADANIPOWER,4213,2009-08-20,2026-09-04,2009,0,False,True
ADDIND,11,2026-08-18,2026-09-01,2026,3,False,False
ADFFOODS,3941,2010-09-15,2026-09-04,2010,0,False,False
ADL,1465,2020-10-01,2026-09-04,2020,0,False,False
ADOR,5358,2005-01-03,2026-09-04,2005,0,False,True
ADROITINFO,2690,2015-10-13,2026-09-04,2015,0,False,False
ADSL,2890,2015-01-01,2026-09-04,2015,0,False,False
ADVAIT,153,2026-01-20,2026-09-01,2026,3,False,True
ADVANCE,147,2025-10-08,2026-05-15,2025,112,True,True
ADVANIHOTR,4730,2007-06-25,2026-09-04,2007,0,False,False
ADVENTHTL,123,2025-11-13,2026-05-15,2025,112,True,True
ADVENZYMES,2500,2016-08-01,2026-09-04,2016,0,False,True
ADVIKCA,12,2026-08-17,2026-09-01,2026,3,False,False
AEGISLOG,5358,2005-01-03,2026-09-04,2005,0,False,False
AEGISVOPAK,237,2025-06-02,2026-05-15,2025,112,True,True
AEPL,117,2026-03-12,2026-09-01,2026,3,False,False
AEQUS,104,2025-12-10,2026-05-15,2025,112,True,True
AEROENTER,226,2025-06-16,2026-05-15,2025,112,True,False
AEROFLEX,743,2023-08-31,2026-09-04,2023,0,False,True
AERONEU,899,2023-01-12,2026-09-04,2023,0,False,False
AEROPLANE,104,2026-04-02,2026-09-01,2026,3,False,True
AETHER,1057,2022-06-03,2026-09-04,2022,0,False,True
AFCONS,455,2024-11-04,2026-09-04,2024,0,False,True
AFFLE,1755,2019-08-08,2026-09-04,2019,0,False,True
AFFORDABLE,461,2024-10-23,2026-09-04,2024,0,False,False
AFIL,544,2024-06-26,2026-09-04,2024,0,False,False
AFSL,913,2022-12-23,2026-09-04,2022,0,False,True
AGARIND,3030,2014-05-26,2026-09-04,2014,0,False,False
AGARWALEYE,391,2025-02-04,2026-09-04,2025,0,False,True
AGI,5358,2005-01-03,2026-09-04,2005,0,False,False
AGIIL,532,2024-07-15,2026-09-04,2024,0,False,True
AGL,43,2026-07-03,2026-09-01,2026,3,False,False
AGRITECH,2958,2014-01-28,2026-09-04,2014,0,False,False
AGROPHOS,2342,2017-03-15,2026-09-04,2017,0,False,False
AHCL,247,2025-09-03,2026-09-01,2025,3,False,True
AHLADA,1949,2018-10-12,2026-09-04,2018,0,False,False
AHLEAST,3965,2010-08-11,2026-09-04,2010,0,False,False
AHLUCONT,4137,2009-12-14,2026-09-04,2009,0,False,False
AHLWEST-BE,2921,2010-08-05,2026-09-04,2010,0,False,False
AIAENG,5122,2005-12-14,2026-09-04,2005,0,False,True
AIIL,590,2024-04-23,2026-09-04,2024,0,False,True
AIRAN,2252,2017-07-25,2026-09-04,2017,0,False,False
AIROLAM,2201,2017-10-06,2026-09-04,2017,0,False,False
AJANTPHARM,5358,2005-01-03,2026-09-04,2005,0,False,False
AJAXENGG,382,2025-02-17,2026-09-04,2025,0,False,True
AJMERA,5357,2005-01-03,2026-09-04,2005,0,False,True
AJOONI,2138,2018-01-02,2026-09-04,2018,0,False,False
AKASH,2341,2017-03-15,2026-09-04,2017,0,False,False
AKCAPIT,94,2026-04-20,2026-09-01,2026,3,False,False
AKG,1951,2018-10-10,2026-09-04,2018,0,False,False
AKI,843,2023-04-06,2026-09-04,2023,0,False,False
AKSHAR,1061,2022-05-23,2026-09-04,2022,0,False,True
AKSHARCHEM,2254,2017-03-29,2026-05-15,2017,112,True,False
AKSHARCHEM-BE,2339,2017-03-28,2026-09-04,2017,0,False,False
AKSHOPTFBR-BE,5358,2005-01-03,2026-09-04,2005,0,False,False
AKUMS,513,2024-08-06,2026-09-04,2024,0,False,True
AKZOINDIA,5358,2005-01-03,2026-09-04,2005,0,False,False
ALANKIT,2762,2015-06-30,2026-09-04,2015,0,False,True
ALBERTDAVD,2527,2016-06-14,2026-09-04,2016,0,False,False
ALEMBICLTD,5358,2005-01-03,2026-09-04,2005,0,False,False
ALFREDHE,12,2026-08-17,2026-09-01,2026,3,False,False
ALGOQUANT,162,2026-01-06,2026-09-01,2026,3,False,True
ALICON,4923,2006-10-03,2026-09-04,2006,0,False,False
ALIVUS,408,2025-01-13,2026-09-04,2025,0,False,True
ALKALI-BE,4403,2008-11-06,2026-09-04,2008,0,False,True
ALKEM,2649,2015-12-23,2026-09-04,2015,0,False,True
ALKYLAMINE,4633,2007-11-28,2026-09-04,2007,0,False,False
ALLCARGO,4993,2006-06-23,2026-09-04,2006,0,False,True
ALLDIGI,485,2024-09-18,2026-09-04,2024,0,False,False
ALLTIME,183,2025-08-14,2026-05-15,2025,112,True,True
ALMONDZ,4478,2008-06-16,2026-09-04,2008,0,False,False
ALOKINDS,1624,2020-02-19,2026-09-04,2020,0,False,True
ALPA,2882,2015-01-01,2026-09-04,2015,0,False,False
ALPHA,611,2024-03-12,2026-09-04,2024,0,False,True
ALPHAETF,710,2023-10-27,2026-09-04,2023,0,False,False
ALPHAGEO-BE,4776,2007-05-11,2026-09-04,2007,0,False,False
ALPINETEX,31,2026-07-21,2026-09-01,2026,3,False,False
ALPL30IETF,1503,2020-08-18,2026-09-04,2020,0,False,False
ALUFLUOR,12,2026-08-17,2026-09-01,2026,3,False,False
AMAGI,155,2026-01-21,2026-09-04,2026,0,False,True
AMAL,12,2026-08-17,2026-09-01,2026,3,False,False
AMANTA,165,2025-09-11,2026-05-15,2025,112,True,False
AMANTA-BE,243,2025-09-09,2026-09-01,2025,3,False,False
AMARJOTHI,12,2026-08-17,2026-09-01,2026,3,False,False
AMBALALSA-BE,94,2026-04-20,2026-09-01,2026,3,False,False
AMBER,2130,2018-01-30,2026-09-04,2018,0,False,True
AMBICAAGAR,1330,2021-04-22,2026-09-04,2021,0,False,False
AMBIKCO,4593,2008-01-29,2026-09-04,2008,0,False,False
AMBUJACEM,5358,2005-01-03,2026-09-04,2005,0,False,True
AMDIND,4811,2007-03-19,2026-09-04,2007,0,False,False
AMJLAND,5354,2005-01-03,2026-09-04,2005,0,False,False
AMNPLST,695,2023-11-10,2026-09-04,2023,0,False,False
AMRUTANJAN,4164,2009-11-05,2026-09-04,2009,0,False,True
ANANDRATHI,1174,2021-12-14,2026-09-04,2021,0,False,True
ANANTRAJ,4926,2006-09-27,2026-09-04,2006,0,False,False
ANDHRAPAP,5357,2005-01-03,2026-09-04,2005,0,False,False
ANDHRSUGAR,5358,2005-01-03,2026-09-04,2005,0,False,True
ANDREWYU,566,2021-08-05,2026-09-04,2021,0,False,False
ANGELONE,1470,2020-10-05,2026-09-04,2020,0,False,True
ANIKINDS,2851,2015-01-01,2026-09-04,2015,0,False,False
ANMOL,1300,2021-06-04,2026-09-04,2021,0,False,False
ANNAPURNA,978,2022-09-27,2026-09-04,2022,0,False,True
ANSALBU,11,2026-08-17,2026-09-01,2026,3,False,False
ANTELOPUS,164,2025-09-11,2026-05-15,2025,112,True,True
ANTGRAPHIC,2473,2015-01-01,2026-09-04,2015,0,False,False
ANTHEM,201,2025-07-21,2026-05-15,2025,112,True,True
ANUHPHR,423,2024-12-20,2026-09-04,2024,0,False,False
ANUP,1855,2019-03-01,2026-09-04,2019,0,False,False
ANURAS,1348,2021-03-24,2026-09-04,2021,0,False,True
AONEGOLD,242,2025-09-10,2026-09-01,2025,3,False,False
AONELIQUID,356,2025-03-28,2026-09-04,2025,0,False,False
AONENIFTY,318,2025-05-28,2026-09-04,2025,0,False,False
AONESILVER,124,2026-03-02,2026-09-01,2026,3,False,False
AONETMMQ50,189,2025-11-27,2026-09-01,2025,3,False,False
AONETOTAL,371,2025-03-05,2026-09-04,2025,0,False,False
APARINDS,5357,2005-01-03,2026-09-04,2005,0,False,False
APCL,2325,2017-04-10,2026-09-04,2017,0,False,False
APCOTEXIND,5358,2005-01-03,2026-09-04,2005,0,False,False
APEX,2224,2017-09-05,2026-09-04,2017,0,False,True
APLAPOLLO,3641,2011-12-14,2026-09-04,2011,0,False,False
APLLTD,3696,2011-09-20,2026-09-04,2011,0,False,False
APOLLO,2129,2018-01-22,2026-09-04,2018,0,False,True
APOLLOHOSP,5821,2003-01-27,2026-09-04,2003,0,False,True
APOLLOPIPE,1689,2019-11-11,2026-09-04,2019,0,False,True
APOLLOTYRE,5358,2005-01-03,2026-09-04,2005,0,False,False
APOLSINHOT,2852,2015-02-16,2026-09-04,2015,0,False,False
APOORVA,3,2026-08-20,2026-08-31,2026,4,False,False
APTECHT-BE,5358,2005-01-03,2026-09-04,2005,0,False,True
APTUS,1246,2021-08-24,2026-09-04,2021,0,False,True
AQYLON,602,2024-04-02,2026-09-04,2024,0,False,True
ARCHIDPLY,4487,2008-07-04,2026-09-04,2008,0,False,False
ARCHIES,5358,2005-01-03,2026-09-04,2005,0,False,True
ARCL,12,2026-08-17,2026-09-01,2026,3,False,False
ARDEE,17,2026-08-12,2026-09-03,2026,1,False,False
ARE&M,708,2023-10-18,2026-09-04,2023,0,False,True
ARENTERP,2179,2017-11-07,2026-09-04,2017,0,False,False
ARFIN,200,2025-07-22,2026-05-15,2025,112,True,True
ARIES,4605,2008-01-11,2026-09-04,2008,0,False,False
ARIHANT,1733,2015-01-02,2026-09-04,2015,0,False,False
ARIHANTCAP,1293,2021-06-15,2026-09-04,2021,0,False,False
ARIHANTSUP,2332,2017-03-29,2026-09-04,2017,0,False,True
ARIS,298,2025-06-25,2026-09-04,2025,0,False,True
ARISINFRA,219,2025-06-25,2026-05-15,2025,112,True,True
ARKADE,483,2024-09-24,2026-09-04,2024,0,False,True
ARMANFIN,2527,2016-06-14,2026-09-04,2016,0,False,False
AROGRANITE,4787,2007-04-24,2026-09-04,2007,0,False,False
ARROWGREEN,2712,2015-05-21,2026-05-15,2015,112,True,False
ARROWGREEN-BE,2765,2015-05-21,2026-09-04,2015,0,False,False
ARSSBL,228,2025-09-30,2026-09-01,2025,3,False,True
ARTEMISMED,1616,2020-01-24,2026-09-04,2020,0,False,False
ARTNIRMAN,2334,2017-03-15,2026-09-04,2017,0,False,False
ARVEE,1418,2018-02-22,2026-09-04,2018,0,False,False
ARVIND,5358,2005-01-03,2026-09-04,2005,0,False,True
ARVINDFASN,1851,2019-03-08,2026-09-04,2019,0,False,True
ARVSMART,2721,2015-08-26,2026-09-04,2015,0,False,False
ARYAMAN,12,2026-08-17,2026-09-01,2026,3,False,False
ASAHIINDIA,5358,2005-01-03,2026-09-04,2005,0,False,False
ASAHISONG,3624,2011-08-29,2026-05-15,2011,112,True,False
ASAHISONG-BE,3710,2011-08-29,2026-09-04,2011,0,False,False
ASAL,5336,2005-01-03,2026-09-04,2005,0,False,False
ASALCBR,1624,2020-02-12,2026-09-04,2020,0,False,True
ASHAPURMIN,5358,2005-01-03,2026-09-04,2005,0,False,False
ASHIANA,3744,2011-06-29,2026-09-04,2011,0,False,False
ASHIKAG-BE,94,2026-04-20,2026-09-01,2026,3,False,True
ASHIMASYN,5325,2005-01-03,2026-09-04,2005,0,False,False
ASHOKA,3929,2010-10-14,2026-09-04,2010,0,False,False
ASHOKAMET,788,2023-06-27,2026-09-04,2023,0,False,False
ASHOKLEY,5358,2005-01-03,2026-09-04,2005,0,False,True
ASIANENE,1172,2021-12-09,2026-09-04,2021,0,False,False
ASIANHOTNR,5355,2005-01-03,2026-09-04,2005,0,False,False
ASIANPAINT,5821,2003-01-27,2026-09-04,2003,0,False,False
ASIANTILES,4703,2007-08-23,2026-09-04,2007,0,False,True
ASIANTNE,12,2026-08-17,2026-09-01,2026,3,False,False
ASKAUTOLTD,689,2023-11-15,2026-09-04,2023,0,False,True
ASMS-BE,876,2023-02-09,2026-09-04,2023,0,False,True
ASPINWALL,2527,2016-06-14,2026-09-04,2016,0,False,False
ASSAMENT,8,2026-08-17,2026-09-01,2026,3,False,False
ASTAR,81,2026-04-20,2026-08-28,2026,7,False,False
ASTEC,4150,2009-11-25,2026-09-04,2009,0,False,True
ASTERDM,2112,2018-02-26,2026-09-04,2018,0,False,True
ASTRAL,4810,2007-03-20,2026-09-04,2007,0,False,False
ASTRAMICRO,5358,2005-01-03,2026-09-04,2005,0,False,False
ASTRAZEN,5358,2005-01-03,2026-09-04,2005,0,False,False
ASTRON,2009,2017-12-29,2026-02-17,2017,199,True,True
ATALREAL,1432,2020-11-19,2026-09-04,2020,0,False,False
ATAM,822,2023-05-10,2026-09-04,2023,0,False,False
ATGL,1936,2018-11-05,2026-09-04,2018,0,False,True
ATHERENERG,334,2025-05-06,2026-09-04,2025,0,False,True
ATL,753,2023-08-10,2026-09-04,2023,0,False,True
ATLANTAA,4928,2006-09-25,2026-09-04,2006,0,False,True
ATLANTAELE,153,2025-09-29,2026-05-15,2025,112,True,True
ATLASCYCLE,1882,2015-01-01,2026-09-04,2015,0,False,True
ATUL,5358,2005-01-03,2026-09-04,2005,0,False,False
ATULAUTO,3254,2013-06-26,2026-09-04,2013,0,False,True
AUBANK,2269,2017-07-10,2026-09-04,2017,0,False,True
AUGMONT,4,2026-08-31,2026-09-03,2026,1,False,False
AURIONPRO,5154,2005-10-25,2026-09-04,2005,0,False,True
AUROPHARMA,5358,2005-01-03,2026-09-04,2005,0,False,True
AURUM,2726,2015-08-19,2026-09-04,2015,0,False,False
AURUS,3146,2013-11-05,2026-09-04,2013,0,False,False
AUSOMENT,5277,2005-01-03,2026-09-04,2005,0,False,False
AUSTENG,12,2026-08-17,2026-09-01,2026,3,False,False
AUTOAXLES,5358,2005-01-03,2026-09-04,2005,0,False,False
AUTOBEES,1144,2022-01-25,2026-09-04,2022,0,False,False
AUTOIETF,1149,2022-01-18,2026-09-04,2022,0,False,False
AUTOIND,4843,2007-01-31,2026-09-04,2007,0,False,True
AVADHSUGAR,2246,2017-08-02,2026-09-04,2017,0,False,True
AVALON,837,2023-04-18,2026-09-04,2023,0,False,True
AVANCE,12,2026-08-17,2026-09-01,2026,3,False,False
AVANTEL,518,2024-07-31,2026-09-04,2024,0,False,True
AVANTIFEED,4114,2010-01-08,2026-09-04,2010,0,False,False
AVG,1987,2018-04-25,2026-05-15,2018,112,True,False
AVG-BE,1421,2018-04-11,2026-09-04,2018,0,False,False
AVL,453,2024-11-06,2026-09-04,2024,0,False,True
AVONMORE,905,2023-01-04,2026-09-04,2023,0,False,False
AVROIND,1329,2018-07-26,2026-09-04,2018,0,False,False
AVTNPL,4856,2007-01-10,2026-09-04,2007,0,False,False
AWFIS,564,2024-05-30,2026-09-04,2024,0,False,True
AWHCL,1403,2021-01-01,2026-09-04,2021,0,False,True
AWL,1131,2022-02-08,2026-09-04,2022,0,False,True
AXISBANK,5839,2003-01-01,2026-09-04,2003,0,False,True
AXISCADES,5358,2005-01-03,2026-09-04,2005,0,False,False
AXISVALUE,361,2025-03-20,2026-09-04,2025,0,False,False
AXITA,1045,2022-06-21,2026-09-04,2022,0,False,True
AXSENSEX,828,2023-03-29,2026-09-04,2023,0,False,False
AXTEL,12,2026-08-17,2026-09-01,2026,3,False,False
AYE,134,2026-02-16,2026-09-01,2026,3,False,True
AYMSYNTEX,2729,2015-08-14,2026-09-04,2015,0,False,False
AZAD,664,2023-12-28,2026-09-04,2023,0,False,True
AZADIND,12,2026-08-17,2026-09-01,2026,3,False,False
BAFNAPH-BE,1449,2020-03-02,2026-09-04,2020,0,False,False
BAGFILMS,5358,2005-01-03,2026-09-04,2005,0,False,False
BAIDFIN,893,2023-01-20,2026-09-04,2023,0,False,True
BAJAJ-AUTO,4516,2008-05-26,2026-09-04,2008,0,False,True
BAJAJCON,3969,2010-08-18,2026-09-04,2010,0,False,True
BAJAJELEC,4653,2007-11-02,2026-09-04,2007,0,False,False
BAJAJFINSV,4516,2008-05-26,2026-09-04,2008,0,False,True
BAJAJHCARE,1182,2021-11-25,2026-09-04,2021,0,False,True
BAJAJHFL,490,2024-09-16,2026-09-04,2024,0,False,True
BAJAJHIND,5358,2005-01-03,2026-09-04,2005,0,False,True
BAJAJHLDNG,5358,2005-01-03,2026-09-04,2005,0,False,True
BAJAJINDEF,377,2025-02-21,2026-09-04,2025,0,False,True
BAJAJST,94,2026-04-20,2026-09-01,2026,3,False,False
BAJEL,670,2023-12-19,2026-09-04,2023,0,False,True
BAJFINANCE,5358,2005-01-03,2026-09-04,2005,0,False,False
BALAJEE,488,2024-09-12,2026-09-04,2024,0,False,True
BALAJITELE,5358,2005-01-03,2026-09-04,2005,0,False,False
BALAMINES,4799,2007-04-05,2026-09-04,2007,0,False,False
BALAXI,2659,2015-12-01,2026-09-04,2015,0,False,False
BALKRISHNA,2742,2015-07-28,2026-09-04,2015,0,False,False
BALKRISIND,5092,2006-01-27,2026-09-04,2006,0,False,False
BALMLAWRIE,5358,2005-01-03,2026-09-04,2005,0,False,False
BALPHARMA,5027,2006-05-08,2026-09-04,2006,0,False,False
BALRAMCHIN,5358,2005-01-03,2026-09-04,2005,0,False,True
BALUFORGE,585,2024-04-29,2026-09-04,2024,0,False,True
BANARBEADS,3622,2011-12-29,2026-09-04,2011,0,False,False
BANARISUG,5355,2005-01-03,2026-09-04,2005,0,False,False
BANCOINDIA,4867,2006-12-22,2026-09-04,2006,0,False,False
BANDHANBNK,2092,2018-03-27,2026-09-04,2018,0,False,True
BANG,2799,2015-01-01,2026-09-04,2015,0,False,False
BANK10ADD,117,2026-03-12,2026-09-01,2026,3,False,False
BANK10BETF,31,2026-07-21,2026-09-01,2026,3,False,False
BANKA,2103,2018-02-27,2026-09-04,2018,0,False,False
BANKADD,883,2023-01-09,2026-09-04,2023,0,False,False
BANKBARODA,5358,2005-01-03,2026-09-04,2005,0,False,True
BANKBEES,5129,2005-01-03,2026-09-04,2005,0,False,False
BANKBETA,101,2025-12-15,2026-05-15,2025,112,True,True
BANKBETF,647,2024-01-29,2026-09-04,2024,0,False,False
BANKETF,773,2023-07-26,2026-09-04,2023,0,False,False
BANKIETF,1773,2019-07-15,2026-09-04,2019,0,False,False
BANKINDIA,5358,2005-01-03,2026-09-04,2005,0,False,True
BANKNIFTY,3881,2011-01-03,2026-08-28,2011,7,False,False
BANKNIFTY1,2890,2015-01-01,2026-09-04,2015,0,False,False
BANKPSU,472,2024-10-08,2026-09-04,2024,0,False,False
BANSALWIRE,531,2024-07-10,2026-09-04,2024,0,False,True
BANSWRAS,4793,2007-04-11,2026-09-04,2007,0,False,False
BASF,5358,2005-01-03,2026-09-04,2005,0,False,False
BASML-BE,5138,2005-11-14,2026-09-04,2005,0,False,False
BATAINDIA,5358,2005-01-03,2026-09-04,2005,0,False,True
BATLIBOI,94,2026-04-20,2026-09-01,2026,3,False,False
BAYERCROP,4121,2010-01-08,2026-09-04,2010,0,False,True
BBETF0432,1171,2021-12-17,2026-09-04,2021,0,False,False
BBL,4890,2006-11-21,2026-09-04,2006,0,False,False
BBNPNBETF,548,2024-06-24,2026-09-04,2024,0,False,False
BBNPPGOLD,672,2023-12-19,2026-09-04,2023,0,False,False
BBOX,5358,2005-01-03,2026-09-04,2005,0,False,False
BBTC,5358,2005-01-03,2026-09-04,2005,0,False,False
BBTCL,1937,2018-10-31,2026-09-04,2018,0,False,False
BCG,2799,2015-05-08,2026-09-04,2015,0,False,False
BCLIND,1360,2021-03-04,2026-09-04,2021,0,False,True
BCONCEPTS,2132,2018-01-12,2026-09-04,2018,0,False,False
BCPL,107,2026-03-27,2026-09-01,2026,3,False,False
BDL,2094,2018-03-23,2026-09-04,2018,0,False,False
BEARDSELL,4112,2010-01-08,2026-09-04,2010,0,False,False
BECTORFOOD,1408,2020-12-24,2026-09-04,2020,0,False,True
BEDMUTHA,3920,2010-10-14,2026-09-04,2010,0,False,True
BEEKAY,94,2026-04-20,2026-09-01,2026,3,False,False
BEL,5358,2005-01-03,2026-09-04,2005,0,False,True
BELLACASA,202,2025-07-18,2026-05-15,2025,112,True,False
BELRISE,318,2025-05-28,2026-09-04,2025,0,False,True
BEML,5358,2005-01-03,2026-09-04,2005,0,False,True
BENARAS,12,2026-08-17,2026-09-01,2026,3,False,False
BENGALASM,94,2026-04-20,2026-09-01,2026,3,False,False
BEPL,5303,2005-03-21,2026-09-04,2005,0,False,False
BERGEPAINT,5358,2005-01-03,2026-09-04,2005,0,False,False
BESTAGRO,1198,2021-02-22,2026-09-04,2021,0,False,True
BETA,2196,2017-10-13,2026-09-04,2017,0,False,False
BFINVEST,3857,2011-01-14,2026-09-04,2011,0,False,False
BFSI,741,2023-08-29,2026-09-04,2023,0,False,False
BFUTILITIE,4782,2007-05-03,2026-09-04,2007,0,False,False
BGRENERGY-BE,4611,2008-01-03,2026-09-04,2008,0,False,True
BHAGCHEM,1208,2021-10-18,2026-09-04,2021,0,False,True
BHAGERIA,2517,2016-03-02,2026-05-15,2016,112,True,True
BHAGERIA-BE,2601,2016-03-02,2026-09-04,2016,0,False,False
BHAGYANGR,2306,2017-05-17,2026-09-04,2017,0,False,False
BHANDARI,2372,2017-01-30,2026-09-04,2017,0,False,False
BHARATCOAL,154,2026-01-19,2026-09-01,2026,3,False,True
BHARATFORG,5358,2005-01-03,2026-09-04,2005,0,False,True
BHARATGEAR-BE,5358,2005-01-03,2026-09-04,2005,0,False,False
BHARATRAS,5358,2005-01-03,2026-09-04,2005,0,False,False
BHARATSE,359,2025-03-24,2026-09-04,2025,0,False,True
BHARATWIRE,2576,2016-04-01,2026-09-04,2016,0,False,True
BHARTIARTL,5839,2003-01-01,2026-09-04,2003,0,False,True
BHARTIHEXA,596,2024-04-12,2026-09-04,2024,0,False,True
BHEL,5358,2005-01-03,2026-09-04,2005,0,False,True
BI-BE,94,2026-04-20,2026-09-01,2026,3,False,False
BIGBLOC,2471,2016-09-02,2026-09-04,2016,0,False,False
BIKAJI,940,2022-11-16,2026-09-04,2022,0,False,True
BIL,5357,2005-01-03,2026-09-04,2005,0,False,False
BILVYAPAR-BE,4102,2006-09-27,2026-09-04,2006,0,False,False
BIMETAL,94,2026-04-20,2026-09-01,2026,3,False,False
BIOCON,5358,2005-01-03,2026-09-04,2005,0,False,True
BIOFILCHEM,2250,2017-07-27,2026-09-04,2017,0,False,False
BIRLACABLE-BE,5357,2005-01-03,2026-09-04,2005,0,False,False
BIRLACORPN,5358,2005-01-03,2026-09-04,2005,0,False,True
BIRLAMONEY,2858,2015-01-01,2026-09-04,2015,0,False,False
BIRLANU,350,2025-04-07,2026-09-04,2025,0,False,False
BIRLAPREC,94,2026-04-20,2026-09-01,2026,3,False,False
BLACKBUCK,444,2024-11-22,2026-09-04,2024,0,False,True
BLACKROSE-BE,94,2026-04-20,2026-09-01,2026,3,False,False
BLAL,836,2023-04-19,2026-09-04,2023,0,False,True
BLBLIMITED,2850,2015-01-01,2026-09-04,2015,0,False,False
BLEL,12,2026-08-19,2026-09-03,2026,1,False,False
BLIL,94,2026-04-20,2026-09-01,2026,3,False,False
BLISSGVS,3899,2010-07-26,2026-05-15,2010,112,True,False
BLISSGVS-BE,3985,2010-07-26,2026-09-04,2010,0,False,False
BLKASHYAP,5059,2006-03-17,2026-09-04,2006,0,False,True
BLS,2527,2016-06-15,2026-09-04,2016,0,False,True
BLSE,638,2024-02-06,2026-09-04,2024,0,False,True
BLUECHIP-BE,1173,2015-01-02,2026-08-07,2015,28,False,False
BLUECLOUDS,12,2026-08-17,2026-09-01,2026,3,False,False
BLUECOAST-BE,3739,2005-01-03,2026-09-04,2005,0,False,False
BLUEDART,5358,2005-01-03,2026-09-04,2005,0,False,False
BLUEJET,702,2023-11-01,2026-09-04,2023,0,False,True
BLUESTARCO,5358,2005-01-03,2026-09-04,2005,0,False,False
BLUESTONE,181,2025-08-19,2026-05-15,2025,112,True,True
BLUSPRING,228,2025-06-11,2026-05-15,2025,112,True,True
BMWVENTLTD,151,2025-10-01,2026-05-15,2025,112,True,False
BNAGROCHEM,94,2026-04-20,2026-09-01,2026,3,False,False
BNALTD-BE,81,2026-04-20,2026-09-01,2026,3,False,False
BNKETFAXIS,1444,2020-11-09,2026-09-04,2020,0,False,False
BODALCHEM,3707,2011-08-22,2026-09-04,2011,0,False,False
BOHRAIND,794,2022-10-27,2026-09-04,2022,0,False,False
BOMDYEING,5358,2005-01-03,2026-09-04,2005,0,False,True
BONLON,130,2026-02-20,2026-09-01,2026,3,False,False
BORANA,319,2025-05-27,2026-09-04,2025,0,False,True
BOROLTD,1517,2020-07-22,2026-09-04,2020,0,False,True
BORORENEW,2045,2018-05-25,2026-09-04,2018,0,False,True
BOROSCI,553,2024-06-07,2026-09-04,2024,0,False,True
BOSCH-HCIL,101,2025-12-15,2026-05-15,2025,112,True,False
BOSCHLTD,5358,2005-01-03,2026-09-04,2005,0,False,False
BPCL,5821,2003-01-27,2026-09-04,2003,0,False,True
BPL,5358,2005-01-03,2026-09-04,2005,0,False,False
BPLPHARMA,12,2026-08-17,2026-09-01,2026,3,False,False
BRAHMINFRA,12,2026-08-17,2026-09-01,2026,3,False,False
BRIGADE,4614,2007-12-31,2026-09-04,2007,0,False,True
BRIGHOTEL,193,2025-07-31,2026-05-15,2025,112,True,True
BRIGHTBR,12,2026-08-17,2026-09-01,2026,3,False,False
BRITANNIA,5821,2003-01-27,2026-09-04,2003,0,False,False
BRNL,2215,2017-09-18,2026-09-04,2017,0,False,True
BROOKS,3564,2011-09-05,2026-02-17,2011,199,True,False
BROOKS-BE,3707,2011-09-05,2026-09-04,2011,0,False,False
BSE,2374,2017-02-03,2026-09-04,2017,0,False,True
BSE500IETF,2058,2018-05-16,2026-09-04,2018,0,False,False
BSHSL,2055,2018-05-10,2026-09-04,2018,0,False,False
BSL,5358,2005-01-03,2026-09-04,2005,0,False,False
BSLGOLDETF,2860,2015-01-01,2026-09-04,2015,0,False,False
BSLNIFTY,2795,2015-01-01,2026-09-04,2015,0,False,False
BSLSENETFG,1220,2021-10-06,2026-09-04,2021,0,False,False
BSOFT,5358,2005-01-03,2026-09-04,2005,0,False,False
BTML,1436,2020-11-12,2026-09-04,2020,0,False,False
BTTL-BE,94,2026-04-20,2026-09-01,2026,3,False,False
BUILDPRO,159,2026-01-09,2026-09-01,2026,3,False,True
BURNPUR,16,2026-08-11,2026-09-01,2026,3,False,False
BUTTERFLY,3049,2014-04-28,2026-09-04,2014,0,False,False
BVCL,2813,2015-01-01,2026-09-04,2015,0,False,False
BYKE,3486,2011-12-30,2026-02-17,2011,199,True,False
BYKE-BE,2822,2015-04-15,2026-09-04,2015,0,False,False
CALSOFT,4913,2005-01-03,2026-08-21,2005,14,False,False
CAMLINFINE,2870,2015-01-20,2026-09-04,2015,0,False,True
CAMPUS,1076,2022-05-09,2026-09-04,2022,0,False,True
CAMS,1470,2020-10-05,2026-09-04,2020,0,False,True
CANBK,5358,2005-01-03,2026-09-04,2005,0,False,True
CANFINHOME,5358,2005-01-03,2026-09-04,2005,0,False,False
CANHLIFE,139,2025-10-17,2026-05-15,2025,112,True,True
CANTABIL,3922,2010-10-12,2026-09-04,2010,0,False,False
CAPACITE,2210,2017-09-25,2026-09-04,2017,0,False,True
CAPILLARY,117,2025-11-21,2026-05-15,2025,112,True,True
CAPITALSFB,632,2024-02-14,2026-09-04,2024,0,False,True
CAPLIPOINT,3017,2014-06-23,2026-09-04,2014,0,False,True
CAPTRUST,2245,2017-01-16,2026-02-17,2017,199,True,False
CAPTRUST-BE,2341,2017-01-16,2026-09-04,2017,0,False,False
CARBORUNIV,5358,2005-01-03,2026-09-04,2005,0,False,False
CARERATING,3385,2012-12-26,2026-09-04,2012,0,False,True
CARRARO,418,2024-12-30,2026-09-04,2024,0,False,True
CARTRADE,1248,2021-08-20,2026-09-04,2021,0,False,True
CARYSIL,1394,2021-01-14,2026-09-04,2021,0,False,True
CASHIETF,362,2025-03-19,2026-09-04,2025,0,False,False
CASTROLIND,4708,2007-08-16,2026-09-04,2007,0,False,False
CCAVENUE,2581,2016-04-04,2026-09-04,2016,0,False,True
CCCL,2112,2015-01-01,2026-09-04,2015,0,False,False
CCHHL,2861,2015-02-03,2026-09-04,2015,0,False,False
CCL,5358,2005-01-03,2026-09-04,2005,0,False,False
CDSL,2275,2017-06-30,2026-09-04,2017,0,False,True
CEATLTD,5358,2005-01-03,2026-09-04,2005,0,False,True
CEIGALL,511,2024-08-08,2026-09-04,2024,0,False,True
CEINSYS,131,2026-02-19,2026-09-01,2026,3,False,True
CELEBRITY,5100,2006-01-12,2026-09-04,2006,0,False,True
CELLO,704,2023-11-06,2026-09-04,2023,0,False,True
CEMNTGROWW,26,2026-07-28,2026-09-01,2026,3,False,False
CEMPRO,166,2025-09-10,2026-05-15,2025,112,True,True
CENTENKA,5358,2005-01-03,2026-09-04,2005,0,False,False
CENTEXT,2889,2015-01-01,2026-09-04,2015,0,False,False
CENTRALBK,4705,2007-08-21,2026-09-04,2007,0,False,True
CENTRUM,2081,2018-04-04,2026-09-04,2018,0,False,False
CENTUM,4673,2007-10-05,2026-09-04,2007,0,False,False
CENTURYPLY,5055,2006-03-23,2026-09-04,2006,0,False,False
CERA,4582,2007-11-02,2026-09-04,2007,0,False,False
CESC,5358,2005-01-03,2026-09-04,2005,0,False,True
CEWATER,419,2024-12-27,2026-09-04,2024,0,False,True
CFEL,12,2026-08-17,2026-09-01,2026,3,False,False
CGCL,3918,2010-10-29,2026-09-04,2010,0,False,False
CGPOWER,320,2025-05-26,2026-09-04,2025,0,False,True
CGVAK,12,2026-08-17,2026-09-01,2026,3,False,False
CHALET,1878,2019-02-07,2026-09-04,2019,0,False,True
CHAMBLFERT,5358,2005-01-03,2026-09-04,2005,0,False,True
CHEMBOND,1683,2019-11-20,2026-09-04,2019,0,False,False
CHEMBONDCH,193,2025-07-23,2026-05-07,2025,120,True,False
CHEMBONDCH-BE,278,2025-07-23,2026-09-04,2025,0,False,False
CHEMCON,1388,2020-10-01,2026-05-15,2020,112,True,True
CHEMCON-BE,1471,2020-10-01,2026-09-04,2020,0,False,True
CHEMCRUX,12,2026-08-17,2026-09-01,2026,3,False,False
CHEMFAB,2066,2018-04-25,2026-09-04,2018,0,False,False
CHEMICAL,119,2025-11-19,2026-05-15,2025,112,True,False
CHEMPLASTS,1245,2021-08-24,2026-09-04,2021,0,False,True
CHENNPETRO,5358,2005-01-03,2026-09-04,2005,0,False,True
CHEVIOT,1041,2022-06-20,2026-09-04,2022,0,False,False
CHOICEGOLD,202,2025-11-10,2026-09-01,2025,3,False,False
CHOICEIN,1090,2022-04-08,2026-09-04,2022,0,False,True
CHOLAFIN,5358,2005-01-03,2026-09-04,2005,0,False,False
CHOLAHLDNG,2216,2017-09-25,2026-09-04,2017,0,False,True
CIEINDIA,4698,2007-08-30,2026-09-04,2007,0,False,False
CIFL,344,2025-04-17,2026-09-04,2025,0,False,False
CIGNITITEC,2852,2014-10-13,2026-05-07,2014,120,True,False
CINELINE,4831,2007-02-14,2026-09-04,2007,0,False,True
CINEVISTA,2876,2015-01-01,2026-09-04,2015,0,False,False
CIPLA,5821,2003-01-27,2026-09-04,2003,0,False,True
CLEAN,1269,2021-07-19,2026-09-04,2021,0,False,True
CLEANMAX,124,2026-03-02,2026-09-01,2026,3,False,True
CLEDUCATE,2194,2017-04-03,2026-02-17,2017,199,True,False
CLEDUCATE-BE,2336,2017-03-31,2026-09-04,2017,0,False,False
CLSEL,1316,2021-05-12,2026-09-04,2021,0,False,True
CMLL,30,2026-07-24,2026-09-03,2026,1,False,False
CMPDI,108,2026-03-30,2026-09-03,2026,1,False,True
CMRGREEN,59,2026-06-10,2026-09-01,2026,3,False,True
CMSINFO,1156,2021-12-31,2026-09-04,2021,0,False,True
CNL,111,2025-12-01,2026-05-15,2025,112,True,False
COALINDIA,1574,2010-11-04,2026-09-04,2010,0,False,True
COASTCORP,1218,2021-10-08,2026-09-04,2021,0,False,False
COCHINSHIP,2245,2017-08-11,2026-09-04,2017,0,False,True
COCKERILL,94,2026-04-20,2026-09-01,2026,3,False,True
COFFEEDAY,2598,2015-11-02,2026-05-15,2015,112,True,True
COFFEEDAY-BE,2348,2015-11-02,2026-09-04,2015,0,False,True
COFORGE,5358,2005-01-03,2026-09-04,2005,0,False,True
COHANCE,1632,2015-01-01,2026-09-04,2015,0,False,False
COLPAL,5358,2005-01-03,2026-09-04,2005,0,False,True
COMFINTE,94,2026-04-20,2026-09-01,2026,3,False,False
COMMOIETF,919,2022-12-21,2026-09-04,2022,0,False,False
COMPEAU,12,2026-08-17,2026-09-01,2026,3,False,False
COMPUSOFT,3578,2012-03-02,2026-09-04,2012,0,False,False
COMSYN,649,2024-01-23,2026-09-04,2024,0,False,False
CONCOR,5358,2005-01-03,2026-09-04,2005,0,False,True
CONCORDBIO,752,2023-08-18,2026-09-04,2023,0,False,True
CONFIPET,1451,2020-10-23,2026-09-04,2020,0,False,True
CONS,999,2022-08-04,2026-09-04,2022,0,False,False
CONSOFINVT-BE,5343,2005-01-03,2026-09-04,2005,0,False,False
CONSUMAXIS,1229,2021-09-23,2026-09-04,2021,0,False,False
CONSUMBEES,2788,2015-01-01,2026-09-04,2015,0,False,False
CONSUMER,416,2025-01-01,2026-09-04,2025,0,False,False
CONSUMIETF,1202,2021-11-02,2026-09-04,2021,0,False,False
CONTROLPR,2519,2016-06-24,2026-09-04,2016,0,False,False
CORALFINAC,2332,2017-03-29,2026-09-04,2017,0,False,False
CORDELIA,47,2026-07-01,2026-09-03,2026,1,False,True
CORDSCABLE,4582,2008-02-13,2026-09-04,2008,0,False,False
COROMANDEL,5358,2005-01-03,2026-09-04,2005,0,False,False
CORONA,101,2025-12-15,2026-05-15,2025,112,True,True
COSMOFIRST,5358,2005-01-03,2026-09-04,2005,0,False,False
COUNCODOS-BE,5338,2005-01-03,2026-09-04,2005,0,False,False
CPCAP,232,2025-03-11,2026-02-17,2025,199,True,False
CPEDU,169,2025-09-05,2026-05-15,2025,112,True,False
CPL,29,2026-07-23,2026-09-01,2026,3,False,False
CPPLUS,269,2025-08-05,2026-09-04,2025,0,False,True
CPSEETF,2890,2015-01-01,2026-09-04,2015,0,False,False
CRAFTSMAN,1346,2021-03-25,2026-09-04,2021,0,False,True
CRAMC,141,2025-10-16,2026-05-15,2025,112,True,True
CRAVATEX,12,2026-08-17,2026-09-01,2026,3,False,False
CREATIVEYE,4474,2005-01-03,2026-09-04,2005,0,False,False
CREDITACC,1990,2018-08-23,2026-09-04,2018,0,False,True
CREST,2857,2015-01-01,2026-09-04,2015,0,False,False
CRISIL,5358,2005-01-03,2026-09-04,2005,0,False,False
CRIZAC,209,2025-07-09,2026-05-15,2025,112,True,True
CROMPTON,2555,2016-05-13,2026-09-04,2016,0,False,True
CROWN,2339,2017-03-16,2026-09-04,2017,0,False,False
CRSL-BE,12,2026-08-17,2026-09-01,2026,3,False,False
CSBBANK,1673,2019-12-04,2026-09-04,2019,0,False,True
CSLFINANCE,1018,2022-07-21,2026-09-04,2022,0,False,True
CSM,44,2026-07-02,2026-09-01,2026,3,False,False
CTE-BE,4838,2007-02-07,2026-09-04,2007,0,False,True
CUB,5358,2005-01-03,2026-09-04,2005,0,False,False
CUBEXTUB,2653,2015-01-02,2026-09-04,2015,0,False,False
CUMMINSIND,5358,2005-01-03,2026-09-04,2005,0,False,True
CUPID,2469,2016-09-16,2026-09-04,2016,0,False,False
CURAA,355,2025-03-24,2026-09-04,2025,0,False,False
CYBERMEDIA,2114,2015-01-05,2026-09-04,2015,0,False,False
CYBERTECH-BE,5358,2005-01-03,2026-09-04,2005,0,False,False
CYIENT,5358,2005-01-03,2026-09-04,2005,0,False,True
CYIENTDLM,780,2023-07-10,2026-09-04,2023,0,False,True
DABUR,5358,2005-01-03,2026-09-04,2005,0,False,True
DAICHI,94,2026-04-20,2026-09-01,2026,3,False,False
DALBHARAT,1880,2019-02-05,2026-09-04,2019,0,False,True
DALMIASUG,5358,2005-01-03,2026-09-04,2005,0,False,False
DAMCAPITAL,419,2024-12-27,2026-09-04,2024,0,False,True
DAMODARIND,2435,2016-07-04,2026-05-15,2016,112,True,False
DAMODARIND-BE,2517,2016-07-04,2026-09-04,2016,0,False,False
DANGEE,1965,2018-09-18,2026-09-04,2018,0,False,False
DATAMATICS,5358,2005-01-03,2026-09-04,2005,0,False,False
DATAPATTNS,1162,2021-12-24,2026-09-04,2021,0,False,True
DAVANGERE,645,2024-01-25,2026-09-04,2024,0,False,True
DBCORP,4123,2010-01-06,2026-09-04,2010,0,False,True
DBEIL,379,2024-10-28,2026-05-15,2024,112,True,True
DBEIL-BE,461,2024-10-28,2026-09-04,2024,0,False,True
DBL,2492,2016-08-11,2026-09-04,2016,0,False,True
DBOL,986,2022-09-08,2026-09-04,2022,0,False,True
DBREALTY,4081,2010-02-24,2026-09-04,2010,0,False,True
DBSTOCKBRO,3501,2012-02-29,2026-05-15,2012,112,True,False
DBSTOCKBRO-BE,3213,2012-02-29,2026-09-04,2012,0,False,False
DCAL,2218,2017-09-21,2026-09-04,2017,0,False,True
DCBBANK,4907,2006-10-27,2026-09-04,2006,0,False,True
DCI,1646,2020-01-10,2026-09-04,2020,0,False,False
DCM-BE,5358,2005-01-03,2026-09-04,2005,0,False,False
DCMFINSERV,1636,2018-04-26,2026-09-04,2018,0,False,False
DCMNVL,1766,2019-07-16,2026-09-04,2019,0,False,False
DCMSHRIRAM,5358,2005-01-03,2026-09-04,2005,0,False,False
DCMSIL,133,2026-02-17,2026-09-01,2026,3,False,False
DCMSRIND,1166,2021-12-24,2026-09-04,2021,0,False,True
DCW,5358,2005-01-03,2026-09-04,2005,0,False,False
DCXINDIA,943,2022-11-11,2026-09-04,2022,0,False,True
DDEVPLSTIK,406,2025-01-15,2026-09-04,2025,0,False,True
DECCANCE,4717,2007-08-02,2026-09-04,2007,0,False,False
DECNGOLD,94,2026-04-20,2026-09-01,2026,3,False,True
DEEDEV,545,2024-06-26,2026-09-04,2024,0,False,True
DEEP,12,2026-08-17,2026-09-01,2026,3,False,False
DEEPAKFERT,5358,2005-01-03,2026-09-04,2005,0,False,True
DEEPAKNTR,3940,2010-09-29,2026-09-04,2010,0,False,False
DEEPINDS,1327,2021-04-27,2026-09-04,2021,0,False,True
DEFENCE,131,2026-02-19,2026-09-01,2026,3,False,False
DELHIVERY,1073,2016-01-18,2026-09-04,2016,0,False,False
DELPHIFX,3667,2011-06-28,2026-05-15,2011,112,True,False
DELPHIFX-BE,3750,2011-06-28,2026-09-04,2011,0,False,False
DELTACORP,4653,2007-11-02,2026-09-04,2007,0,False,False
DELTAMAGNT,2600,2005-01-03,2015-10-09,2005,3983,True,False
DEN,4151,2009-11-24,2026-09-04,2009,0,False,True
DENORA,5358,2005-01-03,2026-09-04,2005,0,False,False
DENTA,396,2025-01-29,2026-09-04,2025,0,False,True
DEVIT,2250,2017-07-27,2026-09-04,2017,0,False,False
DEVX,161,2025-09-17,2026-05-15,2025,112,True,False
DEVYANI,1251,2021-08-16,2026-09-04,2021,0,False,True
DGCONTENT,1786,2019-06-18,2026-09-04,2019,0,False,False
DHABRIYA-BE,12,2026-08-17,2026-09-01,2026,3,False,False
DHAMPURSUG,5358,2005-01-03,2026-09-04,2005,0,False,True
DHANBANK,5332,2005-01-03,2026-09-04,2005,0,False,False
DHANUKA,3744,2011-06-29,2026-09-04,2011,0,False,False
DHARMAJ,924,2022-12-08,2026-09-04,2022,0,False,True
DHATRE,12,2026-08-17,2026-09-01,2026,3,False,False
DHOOTTRANS,14,2026-08-17,2026-09-03,2026,1,False,False
DHRUV,1181,2021-11-25,2026-09-04,2021,0,False,False
DHUNINV,3814,2011-03-18,2026-09-04,2011,0,False,False
DIACABS,3853,2010-09-29,2026-05-15,2010,112,True,False
DIACABS-BE,735,2023-09-18,2026-09-04,2023,0,False,True
DIAMINESQ,723,2023-09-25,2026-09-04,2023,0,False,False
DIAMONDYD,2203,2017-10-05,2026-09-04,2017,0,False,True
DICIND,5358,2005-01-03,2026-09-04,2005,0,False,False
DIFFNKG,476,2024-10-04,2026-09-04,2024,0,False,True
DIGIDRIVE,655,2024-01-10,2026-09-04,2024,0,False,False
DIGISPICE,4515,2008-05-27,2026-09-04,2008,0,False,True
DIGITIDE,228,2025-06-11,2026-05-15,2025,112,True,True
DIGJAMLMTD,1085,2021-10-18,2026-09-04,2021,0,False,False
DISAQ,94,2026-04-20,2026-09-01,2026,3,False,False
DISHTV,4791,2007-04-18,2026-09-04,2007,0,False,True
DIVGIITTS,858,2023-03-14,2026-09-04,2023,0,False,True
DIVIDEND,173,2025-12-19,2026-09-01,2025,3,False,False
DIVISLAB,5790,2003-03-12,2026-09-04,2003,0,False,True
DIVOPPBEES,2690,2015-01-01,2026-09-04,2015,0,False,False
DIXON,2221,2017-09-18,2026-09-04,2017,0,False,True
DJML,927,2022-12-05,2026-09-04,2022,0,False,False
DLF,4737,2007-07-05,2026-09-04,2007,0,False,True
DLINKINDIA,4133,2009-12-18,2026-09-04,2009,0,False,False
DMART,2344,2017-03-21,2026-09-04,2017,0,False,True
DMCC,1178,2021-12-01,2026-09-04,2021,0,False,False
DNAMEDIA,2157,2017-12-11,2026-09-04,2017,0,False,False
DODLA,1284,2021-06-28,2026-09-04,2021,0,False,True
DOLATALGO,1744,2019-08-19,2026-09-04,2019,0,False,True
DOLLAR,2317,2017-04-21,2026-09-04,2017,0,False,True
DOLPHIN,755,2023-08-21,2026-09-04,2023,0,False,False
DOMS,673,2023-12-20,2026-09-04,2023,0,False,True
DONEAR,4869,2006-12-20,2026-09-04,2006,0,False,False
DPABHUSHAN,2190,2017-10-23,2026-09-04,2017,0,False,False
DPSCLTD-BE,1800,2008-04-21,2015-08-11,2008,4042,True,False
DPWIRES,2123,2017-10-06,2026-05-15,2017,112,True,False
DPWIRES-BE,1858,2017-10-05,2026-09-04,2017,0,False,False
DRAGARWQ,94,2026-04-20,2026-09-01,2026,3,False,False
DRCSYSTEMS,1356,2021-03-10,2026-09-04,2021,0,False,False
DREAMFOLKS,993,2022-09-06,2026-09-04,2022,0,False,True
DREDGECORP,5358,2005-01-03,2026-09-04,2005,0,False,False
DRREDDY,5839,2003-01-01,2026-09-04,2003,0,False,True
DSFCL-BE,133,2026-02-17,2026-09-01,2026,3,False,False
DSKULKARNI-BE,19,2026-08-03,2026-09-01,2026,3,False,False
DSSL,4921,2005-01-03,2026-09-04,2005,0,False,False
DTIL,2860,2015-01-20,2026-08-21,2015,14,False,False
DUCON,3429,2012-10-09,2026-09-04,2012,0,False,False
DVL,4605,2008-01-11,2026-09-04,2008,0,False,False
DWARKESH,5332,2005-01-03,2026-09-04,2005,0,False,True
DYCL,1014,2022-07-27,2026-09-04,2022,0,False,True
DYNAMATECH,4935,2006-09-14,2026-09-04,2006,0,False,False
DYNPRO,2256,2017-07-19,2026-09-04,2017,0,False,False
E2E-BE,1739,2018-05-15,2026-09-04,2018,0,False,False
EASEMYTRIP,1350,2021-03-19,2026-09-04,2021,0,False,True
EASTSILK-BE,167,2025-08-18,2026-09-01,2025,3,False,False
EASTWEST,12,2026-08-17,2026-09-01,2026,3,False,False
EBANK10,20,2026-08-05,2026-09-01,2026,3,False,False
EBANKNIFTY,490,2024-09-16,2026-09-04,2024,0,False,False
EBBETF0430,1659,2020-01-02,2026-09-04,2020,0,False,False
EBBETF0431,1517,2020-07-29,2026-09-04,2020,0,False,False
EBBETF0433,923,2022-12-16,2026-09-04,2022,0,False,False
EBGNG,194,2025-07-30,2026-05-15,2025,112,True,True
EBIX,12,2026-08-17,2026-09-01,2026,3,False,False
ECAPINSURE,413,2025-01-06,2026-09-04,2025,0,False,False
ECLERX,4614,2007-12-31,2026-09-04,2007,0,False,True
ECORECO,12,2026-08-17,2026-09-01,2026,3,False,False
ECOSMOBLTY,497,2024-09-04,2026-09-04,2024,0,False,True
EDELWEISS,4625,2007-12-12,2026-09-04,2007,0,False,True
EFCIL,180,2025-08-20,2026-05-15,2025,112,True,True
EGOLD,700,2023-11-10,2026-09-04,2023,0,False,True
EICHERMOT,5821,2003-01-27,2026-09-04,2003,0,False,False
EIDPARRY,5358,2005-01-03,2026-09-04,2005,0,False,False
EIEL,438,2024-11-29,2026-09-04,2024,0,False,True
EIFFL,2251,2017-03-31,2026-05-15,2017,112,True,False
EIHAHOTELS,4543,2008-04-09,2026-09-04,2008,0,False,False
EIHOTEL,5358,2005-01-03,2026-09-04,2005,0,False,False
EIMCOELECO,2875,2015-01-01,2026-09-04,2015,0,False,False
EKC,5121,2005-12-15,2026-09-04,2005,0,False,True
EKI,12,2026-08-17,2026-09-01,2026,3,False,False
ELANTAS,94,2026-04-20,2026-09-01,2026,3,False,False
ELCIDIN,94,2026-04-20,2026-09-01,2026,3,False,False
ELDEHSG,1087,2022-04-12,2026-09-04,2022,0,False,False
ELECON,4924,2006-09-29,2026-09-04,2006,0,False,True
ELECTCAST,5358,2005-01-03,2026-09-04,2005,0,False,True
ELECTHERM,4706,2007-08-20,2026-09-04,2007,0,False,False
ELGIEQUIP,5358,2005-01-03,2026-09-04,2005,0,False,False
ELGIRUBCO,5358,2005-01-03,2026-09-04,2005,0,False,False
ELIN,908,2022-12-30,2026-09-04,2022,0,False,True
ELIQUID,205,2025-10-10,2026-09-01,2025,3,False,False
ELITECON,94,2026-04-20,2026-09-01,2026,3,False,True
ELLEN,215,2025-07-01,2026-05-15,2025,112,True,True
ELM250,243,2025-09-09,2026-09-01,2025,3,False,False
ELMDIV,20,2026-08-05,2026-09-01,2026,3,False,False
ELPROINTL,94,2026-04-20,2026-09-01,2026,3,False,False
EMAMILTD,4964,2006-08-03,2026-09-04,2006,0,False,False
EMAMIPAP,1696,2019-05-31,2026-05-15,2019,112,True,False
EMAMIPAP-BE,1804,2019-05-30,2026-09-04,2019,0,False,False
EMAMIREAL,2857,2015-01-01,2026-09-04,2015,0,False,False
EMBDL,4795,2007-03-23,2026-09-04,2007,0,False,True
EMCURE,536,2024-07-10,2026-09-04,2024,0,False,True
EMETAL,26,2026-07-28,2026-09-01,2026,3,False,False
EMIL,960,2022-10-17,2026-09-04,2022,0,False,True
EMKAY,5025,2006-04-28,2026-09-04,2006,0,False,False
EMMBI,4003,2010-02-24,2026-05-15,2010,112,True,False
EMMBI-BE,4090,2010-02-24,2026-09-04,2010,0,False,False
EMMVEE,198,2025-11-18,2026-09-03,2025,1,False,True
EMPIND,12,2026-08-17,2026-09-01,2026,3,False,False
EMPOWER,94,2026-04-20,2026-09-01,2026,3,False,False
EMSLIMITED,729,2023-09-21,2026-09-04,2023,0,False,True
EMUDHRA,1059,2022-06-01,2026-09-04,2022,0,False,True
EMULTIMQ,452,2024-11-07,2026-09-04,2024,0,False,False
ENDURANCE,2448,2016-10-19,2026-09-04,2016,0,False,True
ENERGY,123,2025-11-13,2026-05-15,2025,112,True,True
ENERGYDEV,4625,2007-11-02,2026-09-04,2007,0,False,False
ENEXT50,70,2026-05-25,2026-09-01,2026,3,False,False
ENGINERSIN,5358,2005-01-03,2026-09-04,2005,0,False,False
ENIFTY,189,2025-11-27,2026-09-01,2025,3,False,False
ENIL,5080,2006-02-15,2026-09-04,2006,0,False,True
ENKEIWHEL,12,2026-08-17,2026-09-01,2026,3,False,False
ENRIN,302,2025-06-19,2026-09-04,2025,0,False,True
ENTERO,630,2024-02-16,2026-09-04,2024,0,False,True
EPACK,643,2024-01-30,2026-09-04,2024,0,False,True
EPACKPEB,150,2025-10-01,2026-05-15,2025,112,True,True
EPIGRAL,739,2023-08-31,2026-09-04,2023,0,False,True
EPL,5358,2005-01-03,2026-09-04,2005,0,False,False
EQUAL200,365,2025-03-17,2026-09-04,2025,0,False,False
EQUAL50,324,2025-05-15,2026-09-04,2025,0,False,False
EQUAL50ADD,1195,2021-11-12,2026-09-04,2021,0,False,False
EQUIPPP-BE,1203,2021-05-20,2026-09-04,2021,0,False,False
EQUITASBNK,1445,2020-11-02,2026-09-04,2020,0,False,True
ERIS,2276,2017-06-29,2026-09-04,2017,0,False,True
ESABINDIA,5358,2005-01-03,2026-09-04,2005,0,False,True
ESAFSFB,617,2023-11-10,2026-05-15,2023,112,True,True
ESAFSFB-BE,700,2023-11-10,2026-09-04,2023,0,False,True
ESCORTS,5358,2005-01-03,2026-09-04,2005,0,False,True
ESENSEX,112,2025-11-27,2026-05-15,2025,112,True,False
ESG,741,2023-08-29,2026-09-04,2023,0,False,False
ESILVER,690,2023-11-24,2026-09-04,2023,0,False,True
ESSARSHPNG,3653,2011-11-15,2026-09-04,2011,0,False,False
ESSENTIA,3216,2013-08-20,2026-09-04,2013,0,False,False
ESTER,3751,2011-06-20,2026-09-04,2011,0,False,False
ETERNAL,1246,2021-07-23,2026-09-04,2021,0,False,True
ETHOSLTD,1056,2022-05-30,2026-09-04,2022,0,False,True
EUREKAFORB,490,2024-09-11,2026-09-04,2024,0,False,True
EUROBOND,1150,2022-01-07,2026-09-04,2022,0,False,False
EUROPRATIK,157,2025-09-23,2026-05-15,2025,112,True,True
EUROTEXIND-BE,4754,2005-01-03,2026-09-04,2005,0,False,False
EVEREADY,5358,2005-01-03,2026-09-04,2005,0,False,True
EVERESTIND-BE,5357,2005-01-03,2026-09-04,2005,0,False,False
EVIETF,347,2025-04-15,2026-09-04,2025,0,False,False
EVINDIA,528,2024-07-16,2026-09-04,2024,0,False,False
EXCELINDUS,5358,2005-01-03,2026-09-04,2005,0,False,False
EXCELSOFT,114,2025-11-26,2026-05-15,2025,112,True,True
EXICOM,618,2024-03-05,2026-09-04,2024,0,False,True
EXIDEIND,5358,2005-01-03,2026-09-04,2005,0,False,True
EXPLEOSOL,4167,2009-10-26,2026-09-04,2009,0,False,True
EXXARO,1255,2021-08-16,2026-09-04,2021,0,False,True
FABTECH,148,2025-10-07,2026-05-15,2025,112,True,True
FACT,5358,2005-01-03,2026-09-04,2005,0,False,False
FAIRCHEMOR,1330,2020-12-24,2026-05-15,2020,112,True,True
FAIRCHEMOR-BE,1413,2020-12-24,2026-09-04,2020,0,False,True
FAZE3Q,943,2022-11-18,2026-09-04,2022,0,False,True
FCL,2873,2015-01-15,2026-09-04,2015,0,False,False
FCSSOFT,2750,2015-01-01,2026-09-04,2015,0,False,False
FDC,5358,2005-01-03,2026-09-04,2005,0,False,False
FEDDERSHOL,94,2026-04-20,2026-09-01,2026,3,False,True
FEDERALBNK,5377,2005-01-03,2026-09-04,2005,0,False,True
FEDFINA,683,2023-11-30,2026-09-04,2023,0,False,True
FERMENTA,94,2026-04-20,2026-09-01,2026,3,False,True
FIBERWEB,1124,2022-02-16,2026-09-04,2022,0,False,False
FIEMIND,4911,2006-10-19,2026-09-04,2006,0,False,False
FILATEX,3702,2011-08-29,2026-09-04,2011,0,False,False
FILATFASH,577,2024-05-06,2026-09-04,2024,0,False,True
FINCABLES,5358,2005-01-03,2026-09-04,2005,0,False,False
FINEORG,2026,2018-07-02,2026-09-04,2018,0,False,True
FINIETF,935,2022-11-30,2026-09-04,2022,0,False,False
FINKURVE,151,2025-10-01,2026-05-15,2025,112,True,False
FINOPB,1190,2021-11-12,2026-09-04,2021,0,False,True
FINPIPE,5358,2005-01-03,2026-09-04,2005,0,False,True
FIRSTCRY,513,2024-08-13,2026-09-04,2024,0,False,True
FISCHER,208,2025-07-10,2026-05-15,2025,112,True,True
FIVESTAR,938,2022-11-21,2026-09-04,2022,0,False,True
FLAIR,686,2023-12-01,2026-09-04,2023,0,False,True
FLEXIADD,140,2025-10-17,2026-05-15,2025,112,True,False
FLEXITUFF,3590,2011-10-19,2026-05-15,2011,112,True,True
FLEXITUFF-BE,3646,2011-10-19,2026-09-04,2011,0,False,True
FLUOROCHEM,1706,2019-10-16,2026-09-04,2019,0,False,True
FMCGADD,71,2026-05-22,2026-09-01,2026,3,False,False
FMCGIETF,1259,2021-08-10,2026-09-04,2021,0,False,False
FMGOETZE,5358,2005-01-03,2026-09-04,2005,0,False,False
FMNL,3867,2010-12-31,2026-09-04,2010,0,False,False
FOCUS,2170,2017-07-27,2026-05-15,2017,112,True,False
FOCUS-BE,1777,2017-04-13,2026-09-04,2017,0,False,False
FOODSIN,1188,2021-11-16,2026-09-04,2021,0,False,True
FORCEMOT,1673,2019-08-20,2026-09-04,2019,0,False,True
FORTIS,4778,2007-05-09,2026-09-04,2007,0,False,True
FOSECOIND,5357,2005-01-03,2026-09-04,2005,0,False,False
FRACTAL,136,2026-02-16,2026-09-03,2026,1,False,True
FREDUN,12,2026-08-17,2026-09-01,2026,3,False,False
FRONTSP,94,2026-04-20,2026-09-01,2026,3,False,False
FSL,4828,2007-02-22,2026-09-04,2007,0,False,True
FUSION,1069,2016-02-22,2026-09-04,2016,0,False,False
GABRIEL,5285,2005-04-20,2026-09-04,2005,0,False,False
GAEL,5358,2005-01-03,2026-09-04,2005,0,False,False
GAIL,5358,2005-01-03,2026-09-04,2005,0,False,True
GAJA,7,2026-08-26,2026-09-03,2026,1,False,False
GALAPREC,494,2024-09-09,2026-09-04,2024,0,False,True
GALAXYSURF,2123,2018-02-08,2026-09-04,2018,0,False,True
GALLANTT,4952,2006-04-04,2026-09-04,2006,0,False,False
GANDHAR,683,2023-11-30,2026-09-04,2023,0,False,True
GANDHITUBE,4841,2007-01-31,2026-09-04,2007,0,False,False
GANECOS,2839,2015-03-09,2026-09-04,2015,0,False,False
GANESHBE,1151,2021-09-16,2026-05-15,2021,112,True,True
GANESHCP,153,2025-09-29,2026-05-15,2025,112,True,True
GANESHHOU,166,2025-09-10,2026-05-15,2025,112,True,False
GANGAFORGE,2001,2018-07-25,2026-09-04,2018,0,False,False
GANGESSECU,2248,2017-07-31,2026-09-04,2017,0,False,False
GARFIBRES,4801,2007-04-03,2026-09-04,2007,0,False,False
GARUDA,469,2024-10-15,2026-09-04,2024,0,False,True
GATECH,1773,2016-07-25,2026-07-15,2016,51,False,True
GATECH-BE,1810,2016-07-25,2026-09-04,2016,0,False,True
GATECHDVR,690,2023-07-07,2026-05-15,2023,112,True,False
GATECHDVR-BE,2188,2017-10-10,2026-09-04,2017,0,False,False
GATEWAY,1102,2022-03-22,2026-09-04,2022,0,False,True
GAUDIUMIVF-BE,125,2026-02-27,2026-09-01,2026,3,False,True
GAYAHWS,2021,2018-06-28,2026-09-04,2018,0,False,False
GAYAPROJ,3408,2011-08-22,2026-09-04,2011,0,False,False
GCSL,247,2025-09-04,2026-09-03,2025,1,False,True
GEECEE-BE,4922,2006-10-04,2026-09-04,2006,0,False,True
GEEKAYWIRE,2230,2017-08-24,2026-09-04,2017,0,False,False
GEMAROMA,119,2025-08-26,2026-02-17,2025,199,True,True
GENCON,1372,2021-02-16,2026-09-04,2021,0,False,False
GENESYS,5356,2005-01-03,2026-09-04,2005,0,False,False
GENUSPAPER,2852,2015-02-16,2026-09-04,2015,0,False,False
GENUSPOWER,5228,2005-07-08,2026-09-04,2005,0,False,False
GEOJITFSL,5233,2005-07-01,2026-09-04,2005,0,False,False
GESHIP,5358,2005-01-03,2026-09-04,2005,0,False,True
GFLLIMITED,5358,2005-01-03,2026-09-04,2005,0,False,False
GHCL,5358,2005-01-03,2026-09-04,2005,0,False,True
GHCLTEXTIL,799,2023-06-12,2026-09-04,2023,0,False,True
GICHSGFIN,5358,2005-01-03,2026-09-04,2005,0,False,False
GICL,1196,2016-10-19,2026-09-04,2016,0,False,False
GICRE,2197,2017-10-25,2026-09-04,2017,0,False,True
GILLANDERS,4133,2009-12-14,2026-09-04,2009,0,False,False
GILLETTE,5358,2005-01-03,2026-09-04,2005,0,False,False
GILT10BETA,638,2024-02-05,2026-09-04,2024,0,False,False
GILT5BETA,610,2024-02-05,2026-09-04,2024,0,False,False
GILT5YBEES,1466,2015-01-01,2026-09-04,2015,0,False,False
GINNIFILA-BE,5358,2005-01-03,2026-09-04,2005,0,False,False
GIPCL,5358,2005-01-03,2026-09-04,2005,0,False,True
GKB,11,2026-08-17,2026-09-01,2026,3,False,False
GKENERGY,154,2025-09-26,2026-05-15,2025,112,True,True
GKSL,167,2025-12-30,2026-09-01,2025,3,False,True
GKWLIMITED,5343,2005-01-03,2026-09-04,2005,0,False,False
GLAND,1436,2020-11-20,2026-09-04,2020,0,False,True
GLAXO,5358,2005-01-03,2026-09-04,2005,0,False,True
GLENMARK,5358,2005-01-03,2026-09-04,2005,0,False,True
GLFL,1664,2015-01-02,2026-09-04,2015,0,False,False
GLOBAL,1426,2020-12-07,2026-09-04,2020,0,False,False
GLOBALE,503,2024-08-27,2026-09-04,2024,0,False,False
GLOBALVECT,4907,2006-10-27,2026-09-04,2006,0,False,True
GLOBE,2008,2018-07-13,2026-09-04,2018,0,False,False
GLOBECIVIL,158,2025-07-01,2026-02-17,2025,199,True,True
GLOBUSSPR,4190,2009-09-23,2026-09-04,2009,0,False,True
GLOSTERLTD,585,2024-04-26,2026-09-04,2024,0,False,False
GLOTTIS,148,2025-10-07,2026-05-15,2025,112,True,True
GMBREW,5358,2005-01-03,2026-09-04,2005,0,False,False
GMDCLTD,5358,2005-01-03,2026-09-04,2005,0,False,False
GMMPFAUDLR,2101,2018-03-05,2026-09-04,2018,0,False,True
GMRAIRPORT,320,2025-05-26,2026-09-04,2025,0,False,True
GMRP&UI,1101,2022-03-23,2026-09-04,2022,0,False,True
GNA,2457,2016-09-26,2026-09-04,2016,0,False,True
GNFC,5358,2005-01-03,2026-09-04,2005,0,False,True
GNRL,94,2026-04-20,2026-09-01,2026,3,False,False
GOACARBON,4759,2007-06-05,2026-09-04,2007,0,False,False
GOCLCORP,4649,2007-11-08,2026-09-04,2007,0,False,False
GOCOLORS,1179,2021-11-30,2026-09-04,2021,0,False,True
GODAVARIB,458,2024-10-30,2026-09-04,2024,0,False,True
GODFRYPHLP,5358,2005-01-03,2026-09-04,2005,0,False,False
GODIGIT,569,2024-05-23,2026-09-04,2024,0,False,True
GODREJAGRO,2202,2017-10-16,2026-09-04,2017,0,False,True
GODREJCP,5358,2005-01-03,2026-09-04,2005,0,False,False
GODREJIND,5358,2005-01-03,2026-09-04,2005,0,False,True
GODREJPROP,4124,2010-01-05,2026-09-04,2010,0,False,True
GOKEX,2890,2015-01-01,2026-09-04,2015,0,False,True
GOKUL,4475,2008-06-04,2026-09-04,2008,0,False,True
GOKULAGRO,2588,2016-03-14,2026-09-04,2016,0,False,False
GOLD1,2889,2015-01-01,2026-09-04,2015,0,False,False
GOLD360,365,2025-03-17,2026-09-04,2025,0,False,False
GOLDADD,829,2023-05-08,2026-09-04,2023,0,False,True
GOLDAXIS,2888,2015-01-01,2026-09-04,2015,0,False,False
GOLDBEES,2889,2015-01-01,2026-09-04,2015,0,False,False
GOLDBETA,2889,2015-01-01,2026-09-04,2015,0,False,False
GOLDBND,178,2025-12-12,2026-09-01,2025,3,False,False
GOLDCASE,623,2024-03-01,2026-09-04,2024,0,False,True
GOLDETF,1388,2015-01-01,2026-09-04,2015,0,False,False
GOLDIAM,5193,2005-08-29,2026-09-04,2005,0,False,False
GOLDIETF,2889,2015-01-01,2026-09-04,2015,0,False,False
GOLDTECH-BE,2769,2015-01-01,2026-09-04,2015,0,False,False
GOODLUCK,2469,2016-09-07,2026-09-04,2016,0,False,False
GOODYEAR,937,2015-12-31,2026-09-04,2015,0,False,False
GOPAL,612,2024-03-14,2026-09-04,2024,0,False,True
GOYALALUM,997,2015-12-31,2026-09-04,2015,0,False,False
GPIL,5035,2006-04-25,2026-09-04,2006,0,False,False
GPPL,3953,2010-09-09,2026-09-04,2010,0,False,True
GPTHEALTH,621,2024-02-29,2026-09-04,2024,0,False,True
GPTINFRA,2509,2016-07-11,2026-09-04,2016,0,False,False
GRADIENTE,81,2026-05-08,2026-09-01,2026,3,False,False
GRANDOAK,94,2026-04-20,2026-09-01,2026,3,False,False
GRANULES,5242,2005-06-20,2026-09-04,2005,0,False,False
GRAPHITE,5358,2005-01-03,2026-09-04,2005,0,False,False
GRASIM,5821,2003-01-27,2026-09-04,2003,0,False,True
GRAUWEIL,648,2021-08-05,2026-09-04,2021,0,False,True
GRAVISSHO,93,2026-04-20,2026-09-01,2026,3,False,False
GRAVITA,3906,2010-11-16,2026-09-04,2010,0,False,True
GREAVESCOT,5358,2005-01-03,2026-09-04,2005,0,False,True
GREENLAM,2843,2015-03-02,2026-09-04,2015,0,False,False
GREENPANEL,1702,2019-10-23,2026-09-04,2019,0,False,True
GREENPLY,5358,2005-01-03,2026-09-04,2005,0,False,False
GREENPOWER,3924,2010-10-08,2026-09-04,2010,0,False,False
GRINDWELL,4938,2006-09-11,2026-09-04,2006,0,False,False
GRINFRA,1269,2021-07-19,2026-09-04,2021,0,False,True
GRMOVER,987,2022-09-07,2026-09-04,2022,0,False,True
GROBTEA,2506,2016-07-14,2026-09-04,2016,0,False,False
GROWW,203,2025-11-12,2026-09-04,2025,0,False,True
GROWWCAPM,107,2025-12-05,2026-05-15,2025,112,True,False
GROWWCHEM,155,2026-01-16,2026-09-01,2026,3,False,False
GROWWDEFNC,469,2024-10-11,2026-09-04,2024,0,False,True
GROWWEV,510,2024-08-12,2026-09-04,2024,0,False,False
GROWWGOLD,463,2024-10-24,2026-09-04,2024,0,False,True
GROWWHOSPI,122,2026-03-05,2026-09-01,2026,3,False,False
GROWWLIQID,479,2024-09-26,2026-09-04,2024,0,False,False
GROWWLOVOL,225,2025-06-17,2026-05-15,2025,112,True,False
GROWWMC150,197,2025-11-17,2026-09-01,2025,3,False,False
GROWWMETAL,171,2025-12-23,2026-09-01,2025,3,False,False
GROWWMOM50,341,2025-04-24,2026-09-04,2025,0,False,False
GROWWN200,375,2025-02-28,2026-09-04,2025,0,False,False
GROWWNET,213,2025-07-03,2026-05-15,2025,112,True,False
GROWWNIFTY,279,2025-07-22,2026-09-04,2025,0,False,False
GROWWNXT50,252,2025-08-26,2026-09-01,2025,3,False,False
GROWWPOWER,188,2025-08-07,2026-05-15,2025,112,True,True
GROWWPSE,137,2026-02-11,2026-09-01,2026,3,False,False
GROWWPSUBK,107,2026-03-27,2026-09-01,2026,3,False,False
GROWWRAIL,388,2025-02-07,2026-09-04,2025,0,False,False
GROWWRLTY,146,2025-10-09,2026-05-15,2025,112,True,False
GROWWSC250,208,2025-10-30,2026-09-01,2025,3,False,False
GROWWSLVR,242,2025-05-23,2026-05-15,2025,112,True,True
GRPLTD,2854,2015-02-12,2026-09-04,2015,0,False,False
GRSE,1959,2018-10-10,2026-09-04,2018,0,False,True
GRWRHITECH,1133,2022-02-03,2026-09-04,2022,0,False,True
GSEC10ABSL,350,2024-08-19,2026-09-02,2024,2,False,False
GSEC10ADD,9,2026-08-20,2026-09-01,2026,3,False,False
GSEC10IETF,804,2022-12-19,2026-09-04,2022,0,False,False
GSEC10YEAR,808,2023-04-10,2026-09-04,2023,0,False,False
GSEC5IETF,1106,2022-03-10,2026-09-04,2022,0,False,False
GSFC,5358,2005-01-03,2026-09-04,2005,0,False,True
GSLSU,856,2023-03-23,2026-09-04,2023,0,False,True
GSPCROP,109,2026-03-24,2026-09-01,2026,3,False,True
GSPL,4995,2006-02-16,2026-05-07,2006,120,True,True
GSS,4566,2008-03-07,2026-09-04,2008,0,False,True
GTECJAINX,647,2023-09-04,2026-05-15,2023,112,True,False
GTECJAINX-BE,1548,2017-08-07,2026-09-04,2017,0,False,False
GTL,5284,2005-01-03,2026-09-04,2005,0,False,True
GTLINFRA,4898,2006-11-09,2026-09-04,2006,0,False,True
GTPL,2267,2017-07-04,2026-09-04,2017,0,False,False
GUFICBIO,5358,2005-01-03,2026-09-04,2005,0,False,False
GUJALKALI,5358,2005-01-03,2026-09-04,2005,0,False,True
GUJAPOLLO,4759,2007-06-04,2026-09-04,2007,0,False,False
GUJENERGY,5182,2005-01-03,2026-09-04,2005,0,False,False
GUJGASLTD,5182,2005-01-03,2026-09-04,2005,0,False,False
GUJRAFFIA,1917,2017-12-13,2026-09-04,2017,0,False,False
GUJTHEM,376,2025-02-25,2026-09-04,2025,0,False,True
GULFOILLUB,2990,2014-07-31,2026-09-04,2014,0,False,True
GULFPETRO-BE,5358,2005-01-03,2026-09-04,2005,0,False,False
GULPOLY,2865,2015-01-28,2026-09-04,2015,0,False,False
GVKPIL-BE,4708,2006-02-27,2026-09-04,2006,0,False,True
GVPIL,124,2025-08-19,2026-02-17,2025,199,True,True
GVPTECH,981,2022-09-08,2026-08-21,2022,14,False,False
GVT&D,320,2025-05-26,2026-09-04,2025,0,False,True
GYFTR,38,2026-07-10,2026-09-01,2026,3,False,False
HAL,2091,2018-03-28,2026-09-04,2018,0,False,True
HALDER,153,2026-01-19,2026-09-01,2026,3,False,False
HALDYNGL-BE,94,2026-04-20,2026-09-01,2026,3,False,False
HALEOSLABS,2241,2017-08-17,2026-09-04,2017,0,False,True
HAMPTON,12,2026-08-17,2026-09-01,2026,3,False,False
HAPPSTMNDS,1476,2020-09-17,2026-09-04,2020,0,False,True
HAPPYFORGE,665,2023-12-27,2026-09-04,2023,0,False,True
HARDWYN,1092,2022-04-12,2026-09-04,2022,0,False,True
HARIOMPIPE,1086,2022-04-13,2026-09-04,2022,0,False,True
HARRMALAYA,5358,2005-01-03,2026-09-04,2005,0,False,True
HARSHA,979,2022-09-26,2026-09-04,2022,0,False,True
HATHWAY,4080,2010-02-25,2026-09-04,2010,0,False,True
HATSUN,3018,2014-06-20,2026-09-04,2014,0,False,False
HAVELLS,5358,2005-01-03,2026-09-04,2005,0,False,True
HAVISHA,2073,2018-04-13,2026-09-04,2018,0,False,False
HAWKINCOOK,94,2026-04-20,2026-09-01,2026,3,False,False
HAZOOR,12,2026-08-17,2026-09-01,2026,3,False,False
HBESD,94,2026-04-20,2026-09-01,2026,3,False,False
HBLENGINE,4860,2007-01-04,2026-09-04,2007,0,False,False
HBPOR,12,2026-08-17,2026-09-01,2026,3,False,False
HBSL,1879,2018-07-26,2026-09-04,2018,0,False,False
HCC,5358,2005-01-03,2026-09-04,2005,0,False,True
HCG,2577,2016-03-31,2026-09-04,2016,0,False,False
HCLTECH,5821,2003-01-27,2026-09-04,2003,0,False,True
HDBFS,293,2025-07-02,2026-09-04,2025,0,False,True
HDFCAMC,2001,2018-08-06,2026-09-04,2018,0,False,True
HDFCBANK,5839,2003-01-01,2026-09-04,2003,0,False,True
HDFCBSE500,877,2023-02-21,2026-09-04,2023,0,False,False
HDFCGOLD,2889,2015-01-01,2026-09-04,2015,0,False,False
HDFCGROWTH,544,2024-06-24,2026-09-04,2024,0,False,False
HDFCLIFE,2180,2017-11-17,2026-09-04,2017,0,False,True
HDFCLIQUID,744,2023-08-31,2026-09-04,2023,0,False,False
HDFCLOWVOL,946,2022-10-17,2026-09-04,2022,0,False,False
HDFCMID150,877,2023-02-21,2026-09-04,2023,0,False,False
HDFCMOMENT,954,2022-10-17,2026-09-04,2022,0,False,False
HDFCNEXT50,1008,2022-08-11,2026-09-04,2022,0,False,False
HDFCNIF100,1008,2022-08-11,2026-09-04,2022,0,False,False
HDFCNIFBAN,547,2024-06-19,2026-09-04,2024,0,False,True
HDFCNIFIT,933,2022-11-22,2026-09-04,2022,0,False,False
HDFCNIFTY,2653,2015-12-16,2026-09-04,2015,0,False,False
HDFCNIMEG,23,2026-07-31,2026-09-01,2026,3,False,False
HDFCPSUBK,634,2024-02-07,2026-09-04,2024,0,False,False
HDFCPVTBAN,931,2022-11-22,2026-09-04,2022,0,False,False
HDFCQUAL,544,2024-06-24,2026-09-04,2024,0,False,False
HDFCSENSEX,2036,2018-05-08,2026-09-04,2018,0,False,False
HDFCSILVER,992,2022-09-07,2026-09-04,2022,0,False,False
HDFCSML250,877,2023-02-21,2026-09-04,2023,0,False,True
HDFCVALUE,544,2024-06-24,2026-09-04,2024,0,False,False
HEADSUP,2404,2016-12-14,2026-09-04,2016,0,False,False
HEALTHADD,633,2024-02-07,2026-09-04,2024,0,False,False
HEALTHAXIS,1315,2021-05-21,2026-09-04,2021,0,False,False
HEALTHCARE,134,2026-02-16,2026-09-01,2026,3,False,False
HEALTHIETF,1313,2021-05-25,2026-09-04,2021,0,False,False
HEALTHX,3935,2010-10-05,2026-09-04,2010,0,False,False
HEALTHY,1202,2021-10-21,2026-09-04,2021,0,False,False
HECPROJECT,2336,2017-03-21,2026-09-04,2017,0,False,False
HEG,5358,2005-01-03,2026-09-04,2005,0,False,True
HEIDELBERG,5358,2005-01-03,2026-09-04,2005,0,False,True
HEMIPROP,1452,2020-10-22,2026-09-04,2020,0,False,True
HERANBA,1359,2021-03-05,2026-09-04,2021,0,False,True
HERITGFOOD,5358,2005-01-03,2026-09-04,2005,0,False,False
HEROMOTOCO,5821,2003-01-27,2026-09-04,2003,0,False,True
HESTERBIO,2835,2015-03-13,2026-09-04,2015,0,False,False
HEXAGON-BE,57,2026-06-12,2026-09-01,2026,3,False,True
HEXATRADEX,3546,2012-04-20,2026-09-04,2012,0,False,False
HEXT,381,2025-02-19,2026-09-04,2025,0,False,True
HFCL,5348,2005-01-03,2026-08-21,2005,14,False,True
HGINFRA,2097,2018-03-09,2026-09-04,2018,0,False,True
HGM,177,2025-08-25,2026-05-15,2025,112,True,False
HGS,4749,2007-06-19,2026-09-04,2007,0,False,True
HIKAL,5356,2005-01-03,2026-09-04,2005,0,False,False
HILINFRA,127,2025-08-12,2026-02-17,2025,199,True,True
HILTON,4632,2007-05-24,2026-09-04,2007,0,False,False
HIMATSEIDE,5358,2005-01-03,2026-09-04,2005,0,False,False
HINDADH,12,2026-08-17,2026-09-01,2026,3,False,False
HINDALCO,5821,2003-01-27,2026-09-04,2003,0,False,True
HINDALUMI,12,2026-08-17,2026-09-01,2026,3,False,False
HINDCOMPOS,5358,2005-01-03,2026-09-04,2005,0,False,False
HINDCON,2095,2018-03-12,2026-09-04,2018,0,False,False
HINDCOPPER,4121,2010-01-08,2026-09-04,2010,0,False,True
HINDOILEXP,5358,2005-01-03,2026-09-04,2005,0,False,True
HINDPETRO,5358,2005-01-03,2026-09-04,2005,0,False,True
HINDUNILVR,5821,2003-01-27,2026-09-04,2003,0,False,True
HINDWAREAP,1658,2019-12-26,2026-09-04,2019,0,False,True
HINDZINC,4904,2006-11-21,2026-09-04,2006,0,False,False
HIRECT,4866,2006-12-26,2026-09-04,2006,0,False,False
HISARMETAL,2388,2017-01-05,2026-09-04,2017,0,False,False
HITECH,2599,2016-02-25,2026-09-04,2016,0,False,False
HITECHCORP-BE,4618,2007-12-20,2026-09-04,2007,0,False,False
HITECHGEAR-BE,5358,2005-01-03,2026-09-04,2005,0,False,False
HLEGLAS,1368,2021-02-22,2026-09-04,2021,0,False,True
HLVLTD,5358,2005-01-03,2026-09-04,2005,0,False,True
HMAAGRO,789,2023-07-04,2026-09-04,2023,0,False,True
HMVL,3902,2010-07-21,2026-05-15,2010,112,True,False
HMVL-BE,3989,2010-07-21,2026-09-04,2010,0,False,False
HNDFDS,925,2022-11-10,2026-09-04,2022,0,False,True
HNGSNGBEES,2805,2015-01-01,2026-09-04,2015,0,False,False
HOMEFIRST,1476,2018-03-21,2026-09-04,2018,0,False,True
HONASA,698,2023-11-07,2026-09-04,2023,0,False,True
HONAUT,5358,2005-01-03,2026-09-04,2005,0,False,False
HONDAPOWER,5358,2005-01-03,2026-09-04,2005,0,False,False
HORIZONIND,9,2026-08-24,2026-09-03,2026,1,False,False
HPAL,1160,2021-12-27,2026-09-04,2021,0,False,True
HPIL,1624,2020-02-11,2026-09-04,2020,0,False,False
HPL,2451,2016-10-04,2026-09-04,2016,0,False,True
HRYNSHP,12,2026-08-17,2026-09-01,2026,3,False,False
HSBCGOLD,107,2026-03-27,2026-09-01,2026,3,False,False
HSCL,4822,2007-03-02,2026-09-04,2007,0,False,False
HTEL-BE,3,2026-09-01,2026-09-03,2026,1,False,False
HTMEDIA,5191,2005-09-01,2026-09-04,2005,0,False,True
HUBTOWN,4838,2007-02-07,2026-09-04,2007,0,False,True
HUDCO,2304,2017-05-19,2026-09-04,2017,0,False,True
HUHTAMAKI,5358,2005-01-03,2026-09-04,2005,0,False,False
HYBRIDETF,23,2026-07-31,2026-09-01,2026,3,False,False
HYBRIDFIN,848,2022-12-06,2026-05-15,2022,112,True,False
HYBRIDFIN-BE,930,2022-12-06,2026-09-04,2022,0,False,False
HYUNDAI,465,2024-10-22,2026-09-04,2024,0,False,True
IBULLSLTD,112,2025-10-30,2026-05-15,2025,112,True,True
ICDSLTD,1275,2021-07-06,2026-09-04,2021,0,False,False
ICEMAKE,2157,2017-12-08,2026-09-04,2017,0,False,False
ICICIAMC,176,2025-12-19,2026-09-04,2025,0,False,True
ICICIB22,2173,2017-11-28,2026-09-04,2017,0,False,True
ICICIBANK,5839,2003-01-01,2026-09-04,2003,0,False,True
ICICIGI,2214,2017-09-27,2026-09-04,2017,0,False,True
ICICIPRULI,2460,2016-09-29,2026-09-04,2016,0,False,True
ICIL,5185,2005-09-12,2026-09-04,2005,0,False,False
ICRA,4794,2007-04-13,2026-09-04,2007,0,False,True
IDBI,5358,2005-01-03,2026-09-04,2005,0,False,True
IDEA,4817,2007-03-09,2026-09-04,2007,0,False,True
IDEAFORGE,786,2023-07-07,2026-09-04,2023,0,False,True
IDFCFIRSTB,2680,2015-11-06,2026-09-04,2015,0,False,True
IDFNIFTYET,2343,2016-10-18,2026-09-04,2016,0,False,False
IEX,2199,2017-10-23,2026-09-04,2017,0,False,True
IFBAGRO,5358,2005-01-03,2026-09-04,2005,0,False,False
IFBIND,5358,2005-01-03,2026-09-04,2005,0,False,False
IFCI,5358,2005-01-03,2026-09-04,2005,0,False,True
IFGLEXPOR,2183,2017-11-14,2026-09-04,2017,0,False,False
IGARASHI,5358,2005-01-03,2026-09-04,2005,0,False,False
IGCL,213,2025-07-03,2026-05-15,2025,112,True,True
IGIL,422,2024-12-20,2026-09-04,2024,0,False,True
IGL,5358,2005-01-03,2026-09-04,2005,0,False,True
IGPL,4844,2007-01-29,2026-09-04,2007,0,False,False
IIFL,5266,2005-05-17,2026-09-04,2005,0,False,True
IIFLCAPS,442,2024-11-25,2026-09-04,2024,0,False,True
IITL,3960,2010-08-17,2026-09-04,2010,0,False,False
IKIO,795,2023-06-16,2026-09-04,2023,0,False,True
IKS,425,2024-12-19,2026-09-04,2024,0,False,True
IMAGICAA,2828,2015-04-06,2026-09-04,2015,0,False,True
IMFA,3978,2010-07-23,2026-09-04,2010,0,False,False
IMPAL,5163,2005-10-07,2026-09-04,2005,0,False,True
INA,120,2026-03-09,2026-09-01,2026,3,False,True
INCREDIBLE,2514,2016-07-01,2026-09-04,2016,0,False,False
INDBANK,4421,2008-10-08,2026-09-04,2008,0,False,False
INDGN,575,2024-05-13,2026-09-04,2024,0,False,True
INDHOTEL,5358,2005-01-03,2026-09-04,2005,0,False,True
INDIACEM,5358,2005-01-03,2026-09-04,2005,0,False,True
INDIAGLYCO,5213,2005-07-01,2026-08-07,2005,28,False,True
INDIAMART,1780,2019-07-04,2026-09-04,2019,0,False,True
INDIANB,4823,2007-03-01,2026-09-04,2007,0,False,True
INDIANCARD,5347,2005-01-03,2026-09-04,2005,0,False,False
INDIANHUME,5358,2005-01-03,2026-09-04,2005,0,False,False
INDIASHLTR,669,2023-12-20,2026-09-04,2023,0,False,True
INDIAVIX,3402,2015-01-01,2026-08-28,2015,7,False,False
INDIGO,2678,2015-11-10,2026-09-04,2015,0,False,True
INDIGOPNTS,1382,2021-02-02,2026-09-04,2021,0,False,True
INDIQUBE,194,2025-07-30,2026-05-15,2025,112,True,True
INDNIPPON,5358,2005-01-03,2026-09-04,2005,0,False,False
INDOAMIN,998,2022-04-29,2026-05-15,2022,112,True,True
INDOAMIN-BE,1081,2022-04-29,2026-09-04,2022,0,False,True
INDOBORAX,1097,2022-03-29,2026-09-04,2022,0,False,True
INDOCO,5349,2005-01-14,2026-09-04,2005,0,False,False
INDOFARM,412,2025-01-07,2026-09-04,2025,0,False,True
INDOKEM,12,2026-08-17,2026-09-01,2026,3,False,False
INDOMIM,26,2026-07-30,2026-09-03,2026,1,False,False
INDORAMA,5326,2005-01-03,2026-09-04,2005,0,False,False
INDOSTAR,2049,2018-05-21,2026-09-04,2018,0,False,True
INDOTECH,5041,2006-03-16,2026-09-04,2006,0,False,True
INDOTHAI,3660,2011-11-02,2026-09-04,2011,0,False,False
INDOUS,478,2024-09-27,2026-09-04,2024,0,False,False
INDOWIND,4695,2007-09-14,2026-09-04,2007,0,False,True
INDRAMEDCO,5358,2005-01-03,2026-09-04,2005,0,False,False
INDSWFTLAB,5358,2005-01-03,2026-09-04,2005,0,False,False
INDTERRAIN,3819,2011-03-11,2026-09-04,2011,0,False,False
INDUSINDBK,5821,2003-01-27,2026-09-04,2003,0,False,True
INDUSTOWER,3378,2012-12-28,2026-09-04,2012,0,False,True
INFIBEAM,2575,2016-04-04,2026-09-04,2016,0,False,True
INFOBEAN,2174,2017-05-02,2026-09-04,2017,0,False,False
INFOMEDIA,1917,2015-01-01,2026-09-04,2015,0,False,False
INFRA,132,2026-02-18,2026-09-01,2026,3,False,False
INFRABEES,2889,2015-01-01,2026-09-04,2015,0,False,False
INFRAIETF,1002,2022-08-23,2026-09-04,2022,0,False,False
INFY,5839,2003-01-01,2026-09-04,2003,0,False,True
INGERRAND,5358,2005-01-03,2026-09-04,2005,0,False,False
INNOVACAP,663,2023-12-29,2026-09-04,2023,0,False,True
INNOVANA,2154,2017-12-12,2026-09-04,2017,0,False,False
INOXGREEN,935,2022-11-23,2026-09-04,2022,0,False,True
INOXINDIA,668,2023-12-21,2026-09-04,2023,0,False,True
INOXWIND,2825,2015-04-09,2026-09-04,2015,0,False,True
INSECTICID,4763,2007-05-30,2026-09-04,2007,0,False,False
INSPIRISYS,2694,2015-01-01,2026-09-04,2015,0,False,False
INTELLECT,2899,2014-12-18,2026-09-04,2014,0,False,True
INTENTECH,2336,2017-03-23,2026-09-04,2017,0,False,False
INTERARCH,504,2024-08-26,2026-09-04,2024,0,False,True
INTERNET,210,2025-07-08,2026-05-15,2025,112,True,False
INTLCONV,1229,2021-09-16,2026-09-04,2021,0,False,True
INVENTURE,3718,2011-08-04,2026-09-04,2011,0,False,True
IOB,5358,2005-01-03,2026-09-04,2005,0,False,True
IOC,5358,2005-01-03,2026-09-04,2005,0,False,True
IOLCP,3904,2010-11-08,2026-09-04,2010,0,False,False
IONEXCHANG,1120,2022-02-22,2026-09-04,2022,0,False,True
IPCALAB,5358,2005-01-03,2026-09-04,2005,0,False,False
IPL,1279,2021-07-05,2026-09-04,2021,0,False,True
IRB,4574,2008-02-25,2026-09-04,2008,0,False,True
IRCON,1966,2018-09-28,2026-09-04,2018,0,False,True
IRCTC,1714,2019-10-14,2026-09-04,2019,0,False,True
IREDA,688,2023-11-29,2026-09-04,2023,0,False,True
IRFC,1385,2021-01-29,2026-09-04,2021,0,False,True
IRIS,1194,2021-11-08,2026-09-04,2021,0,False,False
IRISDOREME,1494,2018-10-23,2026-09-04,2018,0,False,False
IRMENERGY,706,2023-10-26,2026-09-04,2023,0,False,True
ISFT,4051,2010-04-12,2026-09-04,2010,0,False,True
ISGEC,1321,2021-05-05,2026-09-04,2021,0,False,True
ISHANCH,359,2025-03-24,2026-09-04,2025,0,False,False
IT,611,2024-03-12,2026-09-04,2024,0,False,False
ITADD,764,2023-07-19,2026-09-04,2023,0,False,False
ITBEES,1537,2020-07-01,2026-09-04,2020,0,False,False
ITBETA,636,2024-02-02,2026-09-04,2024,0,False,False
ITC,5839,2003-01-01,2026-09-04,2003,0,False,True
ITCHOTELS,397,2025-01-29,2026-09-04,2025,0,False,True
ITDC,2392,2016-12-30,2026-09-04,2016,0,False,True
ITETF,710,2023-10-27,2026-09-04,2023,0,False,False
ITI,5358,2005-01-03,2026-09-04,2005,0,False,True
ITIETF,1501,2020-08-20,2026-09-04,2020,0,False,False
IVALUE,155,2025-09-25,2026-05-15,2025,112,True,True
IVC,5358,2005-01-03,2026-09-04,2005,0,False,False
IVZINGOLD,2791,2015-01-01,2026-09-04,2015,0,False,False
IVZINNIFTY,2927,2011-06-17,2026-09-04,2011,0,False,False
IXIGO,552,2024-06-18,2026-09-04,2024,0,False,True
IZMO,4840,2007-02-05,2026-09-04,2007,0,False,False
J&KBANK,5358,2005-01-03,2026-09-04,2005,0,False,True
JAGRAN,5075,2006-02-22,2026-09-04,2006,0,False,True
JAGSNPHARM,5358,2005-01-03,2026-09-04,2005,0,False,False
JAIBALAJI,5332,2005-01-03,2026-09-04,2005,0,False,False
JAICORPLTD,5358,2005-01-03,2026-09-04,2005,0,False,False
JAINREC,229,2025-10-01,2026-09-03,2025,1,False,True
JAIPURKURT,1776,2016-10-10,2026-09-04,2016,0,False,False
JAMNAAUTO,3889,2010-12-10,2026-09-04,2010,0,False,False
JARO,152,2025-09-30,2026-05-15,2025,112,True,True
JASH,2197,2017-10-12,2026-09-04,2017,0,False,False
JAYAGROGN,5358,2005-01-03,2026-09-04,2005,0,False,False
JAYBARMARU,5358,2005-01-03,2026-09-04,2005,0,False,False
JAYKAY,109,2025-12-03,2026-05-15,2025,112,True,False
JAYNECOIND,5314,2005-01-03,2026-09-04,2005,0,False,False
JAYSREETEA,5358,2005-01-03,2026-09-04,2005,0,False,True
JBCHEPHARM,5322,2005-01-03,2026-07-16,2005,50,False,False
JBMA,5357,2005-01-03,2026-09-04,2005,0,False,False
JETFREIGHT,1169,2021-12-21,2026-09-04,2021,0,False,False
JGCHEM,613,2024-03-13,2026-09-04,2024,0,False,True
JHS,2658,2015-12-10,2026-09-04,2015,0,False,False
JINDALPHOT,2889,2015-01-01,2026-09-04,2015,0,False,False
JINDALPOLY,5358,2005-01-03,2026-09-04,2005,0,False,False
JINDALSAW,5360,2005-01-03,2026-09-04,2005,0,False,True
JINDALSTEL,5358,2005-01-03,2026-09-04,2005,0,False,True
JINDRILL,5358,2005-01-03,2026-09-04,2005,0,False,True
JINDWORLD,3892,2010-11-25,2026-09-04,2010,0,False,False
JIOFIN,748,2023-08-21,2026-09-04,2023,0,False,True
JISLDVREQS,3642,2011-11-30,2026-09-04,2011,0,False,False
JISLJALEQS,5358,2005-01-03,2026-09-04,2005,0,False,True
JITFINFRA,2353,2017-02-27,2026-09-04,2017,0,False,False
JKCEMENT,5061,2006-03-14,2026-09-04,2006,0,False,False
JKIL,4580,2008-02-12,2026-09-04,2008,0,False,True
JKIPL,226,2025-10-03,2026-09-01,2025,3,False,True
JKLAKSHMI,5358,2005-01-03,2026-09-04,2005,0,False,False
JKPAPER,5244,2005-06-16,2026-09-04,2005,0,False,True
JKTYRE,5358,2005-01-03,2026-09-04,2005,0,False,False
JLHL,731,2023-09-18,2026-09-04,2023,0,False,True
JMA,2834,2015-03-16,2026-09-04,2015,0,False,False
JMFINANCIL,5358,2005-01-03,2026-09-04,2005,0,False,False
JNKINDIA,583,2024-04-30,2026-09-04,2024,0,False,True
JPOLYINVST,3161,2013-11-11,2026-09-04,2013,0,False,False
JPPOWER,5287,2005-04-18,2026-09-04,2005,0,False,True
JSFB,632,2024-02-14,2026-09-04,2024,0,False,True
JSL,5373,2005-01-03,2026-09-04,2005,0,False,True
JSLL,1076,2022-04-19,2026-09-04,2022,0,False,False
JSWCEMENT,183,2025-08-14,2026-05-15,2025,112,True,True
JSWENERGY,4125,2010-01-04,2026-09-04,2010,0,False,True
JSWHL,5241,2005-06-21,2026-09-04,2005,0,False,False
JSWINFRA,719,2023-10-03,2026-09-04,2023,0,False,True
JSWSTEEL,5303,2005-03-23,2026-09-04,2005,0,False,True
JTEKTINDIA,5358,2005-01-03,2026-09-04,2005,0,False,False
JTLIND,1162,2021-12-23,2026-09-04,2021,0,False,True
JUBLCPL,382,2025-02-14,2026-09-04,2025,0,False,True
JUBLFOOD,4101,2010-02-08,2026-09-04,2010,0,False,True
JUBLINGREA,1350,2021-03-19,2026-09-04,2021,0,False,True
JUBLPHARMA,5358,2005-01-03,2026-09-04,2005,0,False,False
JUNIORBEES,2890,2015-01-01,2026-09-04,2015,0,False,False
JUNIPER,622,2024-02-28,2026-09-04,2024,0,False,True
JUSTDIAL,3275,2013-06-05,2026-09-04,2013,0,False,True
JWL,3919,2010-10-18,2026-09-04,2010,0,False,False
JYOTHYLAB,4620,2007-12-19,2026-09-04,2007,0,False,True
JYOTICNC,655,2024-01-16,2026-09-04,2024,0,False,True
JYOTISTRUC,5083,2005-01-03,2026-09-04,2005,0,False,True
KABRAEXTRU,5358,2005-01-03,2026-09-04,2005,0,False,False
KAJARIACER,5358,2005-01-03,2026-09-04,2005,0,False,False
KAKATCEM,5288,2005-01-03,2026-09-04,2005,0,False,False
KALAMANDIR,725,2023-09-27,2026-09-04,2023,0,False,True
KALPATARU,215,2025-07-01,2026-05-15,2025,112,True,True
KALYANI-BE,5,2022-03-02,2026-08-28,2022,7,False,False
KALYANIFRG,2708,2015-01-01,2026-08-21,2015,14,False,False
KALYANKJIL,1346,2021-03-26,2026-09-04,2021,0,False,True
KAMATHOTEL,5355,2005-01-03,2026-09-04,2005,0,False,False
KAMOPAINTS,891,2023-01-24,2026-09-04,2023,0,False,True
KANANIIND,3632,2011-12-14,2026-09-04,2011,0,False,False
KANPRPLA,1402,2021-01-04,2026-09-04,2021,0,False,False
KANSAINER,5357,2005-01-03,2026-09-04,2005,0,False,False
KARMAENG,3745,2011-06-28,2026-09-04,2011,0,False,False
KARURVYSYA,5358,2005-01-03,2026-09-04,2005,0,False,True
KAVDEFENCE,171,2025-06-12,2026-02-17,2025,199,True,True
KAYA,2651,2015-08-14,2026-05-15,2015,112,True,False
KAYNES,941,2022-11-22,2026-09-04,2022,0,False,True
KCP,5358,2005-01-03,2026-09-04,2005,0,False,False
KDDL,2569,2016-04-12,2026-09-04,2016,0,False,False
KEC,5063,2006-03-10,2026-09-04,2006,0,False,True
KECL,4073,2010-03-09,2026-09-04,2010,0,False,False
KEEPLEARN,1346,2021-03-25,2026-09-04,2021,0,False,False
KEI,5055,2006-03-23,2026-09-04,2006,0,False,True
KELLTONTEC,2595,2016-03-02,2026-09-04,2016,0,False,False
KERNEX,2832,2015-01-01,2026-09-04,2015,0,False,False
KESORAMIND-BE,5317,2005-01-03,2026-09-04,2005,0,False,True
KEYFINSERV,4551,2005-01-03,2026-09-04,2005,0,False,False
KFINTECH,910,2022-12-29,2026-09-04,2022,0,False,True
KHADIM,2098,2017-11-14,2026-05-15,2017,112,True,False
KHAICHEM,1446,2020-10-30,2026-09-04,2020,0,False,True
KHAITANLTD,1875,2015-01-06,2026-09-04,2015,0,False,False
KHANDSE,4737,2005-01-03,2026-09-04,2005,0,False,False
KICL,3864,2011-01-14,2026-09-04,2011,0,False,False
KILITCH,3853,2010-09-29,2026-05-15,2010,112,True,False
KIMS,1289,2021-06-28,2026-09-04,2021,0,False,True
KINGFA,4113,2010-01-08,2026-09-04,2010,0,False,False
KIOCL,2414,2016-11-30,2026-09-04,2016,0,False,False
KIRIINDUS,4538,2008-04-22,2026-09-04,2008,0,False,True
KIRLOSBROS,5045,2006-04-07,2026-09-04,2006,0,False,False
KIRLOSENG,3880,2010-12-24,2026-09-04,2010,0,False,False
KIRLOSIND,5358,2005-01-03,2026-09-04,2005,0,False,False
KIRLPNU,831,2023-04-26,2026-09-04,2023,0,False,True
KITEX,3438,2012-09-25,2026-09-04,2012,0,False,False
KKCL,5040,2006-04-13,2026-09-04,2006,0,False,True
KLBRENG-B,94,2026-04-20,2026-09-01,2026,3,False,True
KMEW,447,2024-11-14,2026-09-04,2024,0,False,True
KMSUGAR,4761,2007-05-31,2026-09-04,2007,0,False,False
KNAGRI,1087,2022-04-11,2026-09-04,2022,0,False,False
KNRCON,4579,2008-02-18,2026-09-04,2008,0,False,False
KOHINOOR,5021,2005-01-03,2026-09-04,2005,0,False,True
KOKUYOCMLN,4471,2008-07-28,2026-09-04,2008,0,False,False
KOLTEPATIL,4624,2007-12-13,2026-09-04,2007,0,False,True
KOPRAN,5358,2005-01-03,2026-09-04,2005,0,False,True
KOTAKBANK,5358,2005-01-03,2026-09-04,2005,0,False,True
KOTHARIPET,5358,2005-01-03,2026-09-04,2005,0,False,False
KOTHARIPRO,5358,2005-01-03,2026-09-04,2005,0,False,False
KPEL,447,2024-11-14,2026-09-04,2024,0,False,True
KPIGREEN,1265,2021-07-27,2026-09-04,2021,0,False,True
KPIL,5358,2005-01-03,2026-09-04,2005,0,False,True
KPITTECH,1830,2019-04-22,2026-09-04,2019,0,False,True
KPRMILL,4700,2007-08-28,2026-09-04,2007,0,False,False
KRBL,5358,2005-01-03,2026-09-04,2005,0,False,True
KREBSBIO,2436,2016-10-27,2026-09-04,2016,0,False,False
KRIDHANINF,2573,2015-12-11,2026-05-15,2015,112,True,False
KRISHANA,2351,2017-02-27,2026-09-04,2017,0,False,False
KRISHIVAL,1084,2022-04-18,2026-09-04,2022,0,False,False
KRISHNADEF,1080,2022-04-22,2026-09-04,2022,0,False,False
KRITI,3653,2011-11-11,2026-09-04,2011,0,False,False
KRITIKA,1939,2018-10-26,2026-09-04,2018,0,False,False
KRITINUT,966,2022-10-07,2026-09-04,2022,0,False,False
KRN,477,2024-10-03,2026-09-04,2024,0,False,True
KRONOX,478,2024-06-10,2026-05-15,2024,112,True,True
KROSS,489,2024-09-16,2026-09-04,2024,0,False,True
KRSNAA,1250,2021-08-16,2026-09-04,2021,0,False,True
KRYSTAL,607,2024-03-21,2026-09-04,2024,0,False,True
KSB,5358,2005-01-03,2026-09-04,2005,0,False,False
KSCL,4674,2007-10-04,2026-09-04,2007,0,False,False
KSHINTL,171,2025-12-23,2026-09-01,2025,3,False,True
KSHITIJPOL,1377,2018-10-08,2026-09-04,2018,0,False,False
KSL,4414,2008-10-21,2026-09-04,2008,0,False,True
KSOLVES,1505,2020-08-07,2026-09-04,2020,0,False,False
KTKBANK,5358,2005-01-03,2026-09-04,2005,0,False,True
KUANTUM,1702,2019-10-23,2026-09-04,2019,0,False,False
KWIL,136,2026-02-16,2026-09-03,2026,1,False,True
LAGNAM,1955,2018-10-04,2026-09-04,2018,0,False,False
LAL,842,2023-04-10,2026-09-04,2023,0,False,False
LALPATHLAB,2649,2015-12-23,2026-09-04,2015,0,False,True
LAMBODHARA,2860,2015-02-04,2026-09-04,2015,0,False,True
LANDMARK,918,2022-12-23,2026-09-04,2022,0,False,True
LAOPALA,4813,2007-03-16,2026-09-04,2007,0,False,False
LASA,2212,2017-09-21,2026-09-04,2017,0,False,False
LATENTVIEW,1205,2019-02-22,2026-09-04,2019,0,False,False
LATTEYS,1128,2018-06-05,2026-09-04,2018,0,False,False
LAURUSLABS,2407,2016-12-19,2026-09-04,2016,0,False,True
LAXMICOT,2250,2017-07-25,2026-09-04,2017,0,False,False
LAXMIDENTL,403,2025-01-20,2026-09-04,2025,0,False,True
LAXMIINDIA,184,2025-08-05,2026-05-07,2025,120,True,True
LEMERITE,1060,2022-05-23,2026-09-04,2022,0,False,False
LEMONTREE,2085,2018-04-09,2026-09-04,2018,0,False,True
LENSKART,205,2025-11-10,2026-09-04,2025,0,False,True
LEXUS,2231,2017-08-23,2026-09-04,2017,0,False,False
LFIC,3994,2010-06-30,2026-09-04,2010,0,False,False
LGBBROSLTD,5358,2005-01-03,2026-09-04,2005,0,False,False
LGEINDIA,222,2025-10-14,2026-09-04,2025,0,False,True
LGHL,1571,2020-05-05,2026-09-04,2020,0,False,False
LIBAS,2342,2017-03-15,2026-09-04,2017,0,False,False
LIBERTSHOE,5358,2005-01-03,2026-09-04,2005,0,False,True
LICHSGFIN,5358,2005-01-03,2026-09-04,2005,0,False,True
LICI,1070,2022-05-17,2026-09-04,2022,0,False,True
LICMFGOLD,2874,2015-01-01,2026-09-04,2015,0,False,False
LICNETFGSC,2798,2015-01-01,2026-09-04,2015,0,False,False
LICNETFN50,2447,2015-12-07,2026-09-04,2015,0,False,False
LICNETFSEN,1955,2016-08-03,2026-09-04,2016,0,False,False
LICNFNHGP,2581,2016-03-17,2026-09-04,2016,0,False,False
LICNMID100,632,2024-02-19,2026-09-04,2024,0,False,False
LIKHITHA,1457,2020-10-15,2026-09-04,2020,0,False,True
LINC,2839,2015-03-09,2026-09-04,2015,0,False,False
LINCOLN,2647,2015-12-17,2026-09-04,2015,0,False,True
LINDEINDIA,5358,2005-01-03,2026-09-04,2005,0,False,True
LIQGRWBEES,276,2025-07-25,2026-09-04,2025,0,False,False
LIQUID,770,2023-07-31,2026-09-04,2023,0,False,False
LIQUID1,929,2018-09-27,2026-09-04,2018,0,False,False
LIQUIDADD,602,2024-04-03,2026-09-04,2024,0,False,False
LIQUIDBEES,2890,2015-01-01,2026-09-04,2015,0,False,False
LIQUIDBETF,561,2024-06-03,2026-09-04,2024,0,False,False
LIQUIDCASE,649,2024-01-24,2026-09-04,2024,0,False,False
LIQUIDETF,2096,2018-03-20,2026-09-04,2018,0,False,False
LIQUIDIETF,1951,2016-01-12,2026-09-04,2016,0,False,False
LIQUIDPLUS,449,2024-11-13,2026-09-04,2024,0,False,False
LIQUIDSBI,704,2023-11-02,2026-09-04,2023,0,False,False
LIQUIDSHRI,537,2024-07-09,2026-09-04,2024,0,False,False
LLOYDSENGG,716,2023-10-05,2026-09-04,2023,0,False,True
LLOYDSENT,467,2024-10-17,2026-09-04,2024,0,False,True
LLOYDSME,780,2023-07-17,2026-09-04,2023,0,False,True
LMW,5358,2005-01-03,2026-09-04,2005,0,False,False
LODHA,1333,2021-04-19,2026-09-04,2021,0,False,True
LOKESHMACH,5028,2006-05-05,2026-09-04,2006,0,False,False
LORDSCHLO,742,2023-08-28,2026-09-04,2023,0,False,False
LOTUSDEV,189,2025-08-06,2026-05-15,2025,112,True,True
LOTUSEYE,4458,2008-07-11,2026-09-04,2008,0,False,False
LOVABLE,3810,2011-03-24,2026-09-04,2011,0,False,True
LOWVOL,737,2023-09-01,2026-09-04,2023,0,False,False
LOWVOL1,1102,2022-03-29,2026-09-04,2022,0,False,False
LOWVOLIETF,2163,2017-07-11,2026-09-04,2017,0,False,False
LOYALTEX,997,2022-08-11,2026-09-04,2022,0,False,False
LPDC,4455,2008-08-12,2026-09-04,2008,0,False,False
LT,5839,2003-01-01,2026-09-04,2003,0,False,True
LTF,3713,2011-08-12,2026-09-04,2011,0,False,True
LTFOODS,4871,2006-12-18,2026-09-04,2006,0,False,False
LTGILTBEES,2310,2016-07-14,2026-09-04,2016,0,False,False
LTGILTCASE,180,2025-08-20,2026-05-15,2025,112,True,False
LTIM,2502,2016-07-21,2026-09-04,2016,0,False,True
LTM,320,2025-05-26,2026-09-04,2025,0,False,True
LTTS,2464,2016-09-23,2026-09-04,2016,0,False,True
LUMAXIND,5358,2005-01-03,2026-09-04,2005,0,False,False
LUMAXTECH,4852,2007-01-16,2026-09-04,2007,0,False,False
LUPIN,5358,2005-01-03,2026-09-04,2005,0,False,True
LUXIND,2665,2015-12-01,2026-09-04,2015,0,False,True
LXCHEM,1346,2021-03-25,2026-09-04,2021,0,False,True
LYPSAGEMS,3166,2013-11-05,2026-09-04,2013,0,False,False
M&M,5839,2003-01-01,2026-09-04,2003,0,False,True
M&MFIN,5059,2006-03-17,2026-09-04,2006,0,False,True
MACPOWER,2087,2018-03-22,2026-09-04,2018,0,False,False
MADHAV,4619,2007-12-20,2026-09-04,2007,0,False,False
MADRASFERT,2890,2015-01-01,2026-09-04,2015,0,False,False
MAFANG,1320,2021-05-14,2026-09-04,2021,0,False,True
MAGADSUGAR,2249,2017-07-28,2026-09-04,2017,0,False,False
MAGNUM,4627,2007-09-20,2026-09-04,2007,0,False,False
MAHABANK,5358,2005-01-03,2026-09-04,2005,0,False,True
MAHAPEXLTD,1984,2018-04-05,2026-09-04,2018,0,False,False
MAHASTEEL-BE,2520,2016-07-01,2026-09-04,2016,0,False,True
MAHEPC,1622,2020-02-14,2026-09-04,2020,0,False,True
MAHESHWARI,2264,2017-03-15,2026-05-15,2017,112,True,False
MAHKTECH,1176,2021-12-10,2026-09-04,2021,0,False,False
MAHLIFE,5358,2005-01-03,2026-09-04,2005,0,False,True
MAHLOG,2178,2017-11-10,2026-09-04,2017,0,False,True
MAHSCOOTER,5355,2005-01-03,2026-09-04,2005,0,False,False
MAHSEAMLES,5358,2005-01-03,2026-09-04,2005,0,False,True
MAITHANALL,3740,2011-07-05,2026-09-04,2011,0,False,False
MAKEINDIA,741,2023-08-29,2026-09-04,2023,0,False,False
MALLCOM,1134,2022-02-02,2026-09-04,2022,0,False,False
MALUPAPER,4991,2006-04-05,2026-09-04,2006,0,False,False
MAMATA,419,2024-12-27,2026-09-04,2024,0,False,True
MANAKCOAT,2823,2015-03-30,2026-09-04,2015,0,False,False
MANAKSIA,4608,2008-01-08,2026-09-04,2008,0,False,False
MANAKSTEEL,2824,2015-03-30,2026-09-04,2015,0,False,False
MANALIPETC,5358,2005-01-03,2026-09-04,2005,0,False,False
MANAPPURAM,4004,2010-06-30,2026-09-04,2010,0,False,True
MANBA,479,2024-09-30,2026-09-04,2024,0,False,True
MANCREDIT,510,2024-08-16,2026-09-04,2024,0,False,True
MANGLMCEM,5358,2005-01-03,2026-09-04,2005,0,False,True
MANINDS,5358,2005-01-03,2026-09-04,2005,0,False,False
MANINFRA,4071,2010-03-11,2026-09-04,2010,0,False,True
MANKIND,828,2023-05-09,2026-09-04,2023,0,False,True
MANOMAY,893,2023-01-18,2026-09-04,2023,0,False,False
MANORAMA,1032,2022-07-01,2026-09-04,2022,0,False,True
MANORG,1197,2021-11-02,2026-09-04,2021,0,False,False
MANUFGBEES,250,2025-08-29,2026-09-01,2025,3,False,False
MANYAVAR,1124,2022-02-16,2026-09-04,2022,0,False,True
MAPMYINDIA,1164,2021-12-21,2026-09-04,2021,0,False,True
MARALOVER,5357,2005-01-03,2026-09-04,2005,0,False,False
MARATHON,2454,2016-09-29,2026-09-04,2016,0,False,False
MARICO,5358,2005-01-03,2026-09-04,2005,0,False,False
MARINE,1941,2018-10-26,2026-09-04,2018,0,False,False
MARKOLINES,143,2025-10-14,2026-05-15,2025,112,True,True
MARKSANS,5358,2005-01-03,2026-09-04,2005,0,False,True
MARSONS,118,2026-03-13,2026-09-03,2026,1,False,True
MARUTI,5710,2003-07-09,2026-09-04,2003,0,False,True
MASFIN,2200,2017-10-18,2026-09-04,2017,0,False,True
MASKINVEST,2436,2016-10-14,2026-09-04,2016,0,False,False
MASPTOP50,1228,2021-09-24,2026-09-04,2021,0,False,False
MASTEK,5358,2005-01-03,2026-09-04,2005,0,False,False
MASTERTR,449,2024-11-12,2026-09-04,2024,0,False,True
MATRIMONY,2212,2017-09-21,2026-09-04,2017,0,False,False
MAWANASUG,4926,2006-08-22,2026-09-04,2006,0,False,False
MAXESTATES,700,2023-10-30,2026-09-04,2023,0,False,True
MAXHEALTH,1500,2020-08-21,2026-09-04,2020,0,False,True
MAXIND,1490,2020-08-28,2026-09-04,2020,0,False,False
MAYURUNIQ,3438,2012-09-25,2026-09-04,2012,0,False,False
MAZDA,2355,2016-11-02,2026-05-15,2016,112,True,False
MAZDOCK,1473,2017-12-04,2026-09-04,2017,0,False,False
MBAPL,2082,2016-09-12,2026-09-04,2016,0,False,False
MBEL,189,2025-08-06,2026-05-15,2025,112,True,True
MBLINFRA,4111,2010-01-11,2026-09-04,2010,0,False,True
MCLEODRUSS,5214,2005-07-29,2026-09-04,2005,0,False,True
MCLOUD,388,2025-02-07,2026-09-04,2025,0,False,True
MCX,3582,2012-03-09,2026-09-04,2012,0,False,True
MEDANTA,938,2022-11-18,2026-09-04,2022,0,False,True
MEDIASSIST,647,2024-01-23,2026-09-04,2024,0,False,True
MEDICAMEQ,1201,2021-10-27,2026-09-04,2021,0,False,True
MEDICO,1058,2022-05-26,2026-09-04,2022,0,False,True
MEDPLUS,1167,2021-12-23,2026-09-04,2021,0,False,True
MEESHO,182,2025-12-10,2026-09-03,2025,1,False,True
MEGASTAR,1129,2022-02-16,2026-09-04,2022,0,False,False
MEIL,118,2025-08-28,2026-02-17,2025,199,True,True
MENONBE,2761,2015-03-09,2026-05-15,2015,112,True,False
METAL,471,2024-10-09,2026-09-04,2024,0,False,True
METALIETF,509,2024-08-20,2026-09-04,2024,0,False,False
METROBRAND,1168,2021-12-22,2026-09-04,2021,0,False,True
METROPOLIS,1833,2019-04-15,2026-09-04,2019,0,False,True
MFML,503,2024-08-27,2026-09-04,2024,0,False,False
MFSL,5308,2005-01-03,2026-09-04,2005,0,False,True
MGEL,1590,2019-12-11,2026-05-15,2019,112,True,False
MGL,2520,2016-07-01,2026-09-04,2016,0,False,True
MHLXMIRU,1060,2022-01-27,2026-05-15,2022,112,True,True
MHRIL,4238,2009-07-16,2026-09-04,2009,0,False,True
MID150,356,2025-03-28,2026-09-04,2025,0,False,False
MID150BEES,1878,2019-02-04,2026-09-04,2019,0,False,False
MID150CASE,551,2024-06-19,2026-09-04,2024,0,False,False
MIDCAP,1137,2022-02-04,2026-09-04,2022,0,False,False
MIDCAPADD,174,2025-12-18,2026-09-01,2025,3,False,False
MIDCAPBETA,101,2025-12-15,2026-05-15,2025,112,True,False
MIDCAPETF,1111,2022-03-15,2026-09-04,2022,0,False,False
MIDCAPIETF,1641,2020-01-28,2026-09-04,2020,0,False,False
MIDHANI,2088,2018-04-04,2026-09-04,2018,0,False,True
MIDQ50ADD,1162,2021-12-30,2026-09-04,2021,0,False,False
MIDSELIETF,300,2015-01-01,2016-03-17,2015,3823,True,False
MIDSMALL,562,2024-05-28,2026-09-04,2024,0,False,False
MIDWESTLTD,136,2025-10-24,2026-05-15,2025,112,True,True
MINDACORP,3576,2012-03-19,2026-09-04,2012,0,False,False
MINDTECK,2493,2016-08-02,2026-09-04,2016,0,False,False
MIRZAINT,5358,2005-01-03,2026-09-04,2005,0,False,False
MITCON,2262,2017-03-15,2026-05-15,2017,112,True,False
MITTAL,2072,2018-04-16,2026-09-04,2018,0,False,False
MKPL,2248,2017-07-27,2026-09-04,2017,0,False,False
MMFL,5358,2005-01-03,2026-09-04,2005,0,False,False
MMP,2064,2018-04-26,2026-09-04,2018,0,False,False
MMTC,4113,2010-01-08,2026-09-04,2010,0,False,True
MNC,1004,2022-08-05,2026-09-04,2022,0,False,False
MOALPHA50,287,2025-07-10,2026-09-04,2025,0,False,False
MOBIKWIK,426,2024-12-18,2026-09-04,2024,0,False,True
MOCAPITAL,365,2025-03-13,2026-09-04,2025,0,False,True
MODEFENCE,500,2024-08-28,2026-09-04,2024,0,False,True
MODINATUR,103,2025-12-11,2026-05-15,2025,112,True,False
MODIRUBBER,2026,2018-06-20,2026-09-04,2018,0,False,False
MODIS,122,2025-11-14,2026-05-15,2025,112,True,False
MODISONLTD,1323,2021-05-03,2026-09-04,2021,0,False,False
MODTHREAD,628,2024-02-16,2026-09-04,2024,0,False,False
MOENERGY,141,2025-10-16,2026-05-15,2025,112,True,False
MOGOLD,272,2025-07-31,2026-09-04,2025,0,False,True
MOGSEC,1392,2020-12-17,2026-09-04,2020,0,False,False
MOHEALTH,1006,2022-08-04,2026-09-04,2022,0,False,False
MOHITIND,3322,2013-03-14,2026-09-04,2013,0,False,False
MOIL,3886,2010-12-15,2026-09-04,2010,0,False,True
MOINFRA,244,2025-05-21,2026-05-15,2025,112,True,False
MOIPO,116,2025-11-21,2026-05-15,2025,112,True,False
MOKSH,2140,2018-01-03,2026-09-04,2018,0,False,False
MOL,1248,2021-08-18,2026-09-04,2021,0,False,True
MOLDTECH,2433,2016-07-07,2026-05-15,2016,112,True,False
MOLDTKPAC,2848,2015-02-23,2026-09-04,2015,0,False,False
MOLOWVOL,1226,2017-04-11,2026-09-04,2017,0,False,False
MOM100,2890,2015-01-01,2026-09-04,2015,0,False,False
MOM30IETF,1010,2022-08-10,2026-09-04,2022,0,False,False
MOM50,2890,2015-01-01,2026-09-04,2015,0,False,False
MOMENTUM,996,2022-08-19,2026-09-04,2022,0,False,False
MOMENTUM30,216,2025-10-17,2026-09-01,2025,3,False,False
MOMENTUM50,480,2024-09-30,2026-09-04,2024,0,False,True
MOMGF,237,2025-05-28,2026-05-15,2025,112,True,False
MOMIDMTM,213,2025-07-03,2026-05-15,2025,112,True,False
MOMNC,107,2025-12-04,2026-05-15,2025,112,True,False
MOMOMENTUM,1104,2022-02-17,2026-09-04,2022,0,False,False
MON100,2889,2015-01-01,2026-09-04,2015,0,False,False
MON50EQUAL,332,2025-05-07,2026-09-04,2025,0,False,False
MONARCH,1152,2022-01-06,2026-09-04,2022,0,False,True
MONEXT50,328,2025-05-14,2026-09-04,2025,0,False,False
MONEYBOXX,142,2025-10-15,2026-05-15,2025,112,True,False
MONIFTY100,217,2025-10-16,2026-09-01,2025,3,False,False
MONIFTY500,724,2023-10-06,2026-09-04,2023,0,False,False
MONQ50,1163,2021-12-29,2026-09-04,2021,0,False,False
MONTECARLO,2891,2014-12-19,2026-09-04,2014,0,False,True
MOPSE,230,2025-06-05,2026-05-15,2025,112,True,False
MOQUALITY,991,2022-08-26,2026-09-04,2022,0,False,False
MOREALTY,604,2024-03-21,2026-09-04,2024,0,False,True
MOREPENLAB,5358,2005-01-03,2026-09-04,2005,0,False,False
MOSCHIP,390,2025-02-05,2026-09-04,2025,0,False,True
MOSERVICE,113,2025-11-27,2026-05-15,2025,112,True,False
MOSILVER,258,2025-08-14,2026-09-01,2025,3,False,True
MOSMALL250,609,2024-03-21,2026-09-04,2024,0,False,False
MOTHERSON,320,2025-05-26,2026-09-04,2025,0,False,True
MOTILALOFS,4690,2007-09-11,2026-09-04,2007,0,False,True
MOTISONS,670,2023-12-26,2026-09-04,2023,0,False,True
MOTOUR,228,2025-06-12,2026-05-15,2025,112,True,False
MOVALUE,991,2022-08-26,2026-09-04,2022,0,False,False
MPHASIS,5358,2005-01-03,2026-09-04,2005,0,False,True
MPSLTD,5358,2005-01-03,2026-09-04,2005,0,False,False
MRF,5358,2005-01-03,2026-09-04,2005,0,False,False
MRPL,5358,2005-01-03,2026-09-04,2005,0,False,True
MSCIADD,111,2025-12-01,2026-05-15,2025,112,True,False
MSCIINDIA,375,2025-02-27,2026-09-04,2025,0,False,False
MSPL,5221,2005-07-18,2026-09-04,2005,0,False,False
MSTCLTD,1837,2019-04-01,2026-09-04,2019,0,False,True
MSUMI,1103,2022-03-28,2026-09-04,2022,0,False,True
MTARTECH,1276,2021-03-15,2026-05-15,2021,112,True,True
MTEDUCARE-BE,3471,2012-04-12,2026-09-04,2012,0,False,True
MTNL,5358,2005-01-03,2026-09-04,2005,0,False,True
MUFIN,699,2023-11-06,2026-09-04,2023,0,False,True
MUFTI,665,2023-12-27,2026-09-04,2023,0,False,True
MUKANDLTD,5358,2005-01-03,2026-09-04,2005,0,False,True
MUKKA,616,2024-03-07,2026-09-04,2024,0,False,True
MULTICAP,494,2024-09-05,2026-09-04,2024,0,False,False
MUNJALAU,5358,2005-01-03,2026-09-04,2005,0,False,False
MUNJALSHOW,5358,2005-01-03,2026-09-04,2005,0,False,False
MURUDCERA,2890,2015-01-01,2026-09-04,2015,0,False,False
MUTHOOTCAP,2723,2015-08-24,2026-09-04,2015,0,False,False
MUTHOOTFIN,3790,2011-05-06,2026-09-04,2011,0,False,True
MUTHOOTMF,662,2023-12-26,2026-09-04,2023,0,False,True
MVGJL,722,2023-10-03,2026-09-04,2023,0,False,True
MWL,1015,2022-07-25,2026-09-04,2022,0,False,False
NACLIND,2325,2017-04-10,2026-09-04,2017,0,False,False
NAGREEKCAP,4433,2007-09-18,2026-09-04,2007,0,False,False
NAGREEKEXP,5344,2005-01-03,2026-09-04,2005,0,False,False
NAHARCAP,4560,2008-03-11,2026-09-04,2008,0,False,False
NAHARINDUS,5358,2005-01-03,2026-09-04,2005,0,False,False
NAHARPOLY,5356,2005-01-03,2026-09-04,2005,0,False,False
NAHARSPING,5358,2005-01-03,2026-09-04,2005,0,False,False
NAM-INDIA,2189,2017-11-06,2026-09-04,2017,0,False,True
NARMADA,2058,2018-05-04,2026-09-04,2018,0,False,False
NATCAPSUQ,373,2025-02-14,2026-08-21,2025,14,False,False
NATCOPHARM,5358,2005-01-03,2026-09-04,2005,0,False,False
NATHBIOGEN,3108,2014-01-28,2026-09-04,2014,0,False,False
NATIONALUM,5358,2005-01-03,2026-09-04,2005,0,False,True
NAUKRI,4890,2006-11-21,2026-09-04,2006,0,False,True
NAVA,5358,2005-01-03,2026-09-04,2005,0,False,False
NAVINFLUOR,4761,2007-06-01,2026-09-04,2007,0,False,False
NAVKARCORP,2718,2015-09-09,2026-09-04,2015,0,False,False
NAVKARURB-BE,405,2025-01-17,2026-09-04,2025,0,False,False
NAVNETEDUL,5358,2005-01-03,2026-09-04,2005,0,False,False
NAZARA,1345,2021-03-30,2026-09-04,2021,0,False,True
NBCC,3560,2012-04-12,2026-09-04,2012,0,False,False
NBIFIN,2393,2016-12-07,2026-09-04,2016,0,False,False
NCC,5358,2005-01-03,2026-09-04,2005,0,False,True
NCLIND,4801,2007-04-03,2026-09-04,2007,0,False,False
NDGL,2473,2016-08-30,2026-09-04,2016,0,False,False
NDL,5111,2005-12-29,2026-09-04,2005,0,False,False
NDLVENTURE,925,2022-11-10,2026-09-04,2022,0,False,False
NDRAUTO,1511,2020-07-30,2026-09-04,2020,0,False,False
NDTV,5358,2005-01-03,2026-09-04,2005,0,False,True
NECCLTD,2517,2016-03-02,2026-05-15,2016,112,True,True
NECLIFE,5222,2005-07-18,2026-09-04,2005,0,False,False
NELCAST,4743,2007-06-27,2026-09-04,2007,0,False,False
NELCO,5358,2005-01-03,2026-09-04,2005,0,False,False
NEOGEN,1814,2019-05-08,2026-09-04,2019,0,False,True
NEPHROPLUS,99,2025-12-17,2026-05-15,2025,112,True,True
NESCO,4546,2008-04-08,2026-09-04,2008,0,False,False
NESTLEIND,4121,2010-01-08,2026-09-04,2010,0,False,True
NETF,1838,2019-01-07,2026-09-04,2019,0,False,False
NETWEB,772,2023-07-27,2026-09-04,2023,0,False,True
NETWORK18,4841,2007-02-02,2026-09-04,2007,0,False,True
NEUEON-BE,76,2025-12-23,2026-09-01,2025,3,False,False
NEULANDLAB,5358,2005-01-03,2026-09-04,2005,0,False,False
NEWGEN,2125,2018-01-29,2026-09-04,2018,0,False,False
NEXT30ADD,391,2025-02-05,2026-09-04,2025,0,False,False
NEXT50,1638,2020-01-31,2026-09-04,2020,0,False,False
NEXT50ADD,159,2026-01-09,2026-09-01,2026,3,False,False
NEXT50BETA,2246,2017-08-08,2026-09-04,2017,0,False,False
NEXT50ETF,156,2026-01-14,2026-09-01,2026,3,False,False
NEXT50IETF,1981,2018-08-31,2026-09-04,2018,0,False,False
NEXTMEDIA,2802,2015-01-01,2026-09-04,2015,0,False,False
NFL,4864,2006-12-28,2026-09-04,2006,0,False,False
NGIL,1247,2021-08-20,2026-09-04,2021,0,False,False
NGLFINE,1027,2022-07-08,2026-09-04,2022,0,False,False
NH,2640,2016-01-06,2026-09-04,2016,0,False,True
NHPC,4205,2009-09-01,2026-09-04,2009,0,False,True
NIACL,2184,2017-11-13,2026-09-04,2017,0,False,True
NIBE,388,2025-02-07,2026-09-04,2025,0,False,True
NIBL,3302,2013-04-16,2026-09-04,2013,0,False,False
NIF100BEES,2795,2015-01-01,2026-09-04,2015,0,False,False
NIF100IETF,3200,2013-08-27,2026-09-04,2013,0,False,False
NIFTY1,2890,2015-01-01,2026-09-04,2015,0,False,False
NIFTY100EW,373,2025-03-04,2026-09-04,2025,0,False,False
NIFTY50,3881,2011-01-03,2026-08-28,2011,7,False,False
NIFTY500,3880,2011-01-03,2026-08-28,2011,7,False,False
NIFTYADD,1161,2021-12-30,2026-09-04,2021,0,False,False
NIFTYAUTO,2889,2015-01-01,2026-08-28,2015,7,False,False
NIFTYBEES,5373,2005-01-03,2026-09-04,2005,0,False,False
NIFTYBETA,2687,2015-09-03,2026-09-04,2015,0,False,False
NIFTYBETF,647,2024-01-29,2026-09-04,2024,0,False,False
NIFTYCASE,215,2025-10-20,2026-09-01,2025,3,False,False
NIFTYENERGY,2888,2015-01-01,2026-08-28,2015,7,False,False
NIFTYETF,1907,2018-11-28,2026-09-04,2018,0,False,False
NIFTYFINSRV,2888,2015-01-01,2026-08-28,2015,7,False,False
NIFTYFMCG,2888,2015-01-01,2026-08-28,2015,7,False,False
NIFTYIETF,2890,2015-01-01,2026-09-04,2015,0,False,False
NIFTYIT,2889,2015-01-01,2026-08-28,2015,7,False,False
NIFTYLARGEMID250,3847,2011-01-03,2026-07-31,2011,35,False,False
NIFTYMETAL,2888,2015-01-01,2026-08-28,2015,7,False,False
NIFTYMIDCAP150,3881,2011-01-03,2026-08-28,2011,7,False,False
NIFTYMIDSML400,3861,2011-01-03,2026-07-31,2011,35,False,False
NIFTYNEXT50,2889,2015-01-01,2026-08-28,2015,7,False,False
NIFTYPHARMA,2888,2015-01-01,2026-08-28,2015,7,False,False
NIFTYPSUBANK,2888,2015-01-01,2026-08-28,2015,7,False,False
NIFTYQLITY,1003,2022-08-22,2026-09-04,2022,0,False,False
NIFTYREALTY,2888,2015-01-01,2026-08-28,2015,7,False,False
NIFTYSMLCAP100,3861,2011-01-03,2026-07-31,2011,35,False,False
NIFTYSMLCAP250,3881,2011-01-03,2026-08-28,2011,7,False,False
NIITLTD,5358,2005-01-03,2026-09-04,2005,0,False,True
NIITMTS,755,2023-08-08,2026-09-04,2023,0,False,True
NILAINFRA,2790,2015-05-21,2026-09-04,2015,0,False,False
NILASPACES,1899,2018-12-28,2026-09-04,2018,0,False,False
NILKAMAL,5280,2005-01-03,2026-05-15,2005,112,True,False
NINSYS,872,2023-02-21,2026-09-04,2023,0,False,False
NIPPOBATRY,5358,2005-01-03,2026-09-04,2005,0,False,False
NIRAJ,1466,2020-10-01,2026-09-04,2020,0,False,False
NIRAJISPAT,590,2024-03-11,2026-08-20,2024,15,False,False
NITCO,5057,2006-03-21,2026-09-04,2006,0,False,True
NITINSPIN,5088,2006-02-02,2026-09-04,2006,0,False,False
NITIRAJ,2340,2017-03-16,2026-09-04,2017,0,False,False
NIVABUPA,447,2024-11-14,2026-09-04,2024,0,False,True
NKIND,2572,2016-03-31,2026-09-04,2016,0,False,False
NLCINDIA,5358,2005-01-03,2026-09-04,2005,0,False,True
NMDC,4569,2008-03-03,2026-09-04,2008,0,False,True
NOCIL,5358,2005-01-03,2026-09-04,2005,0,False,True
NOIDATOLL,5358,2005-01-03,2026-09-04,2005,0,False,True
NORTHARC,483,2024-09-24,2026-09-04,2024,0,False,True
NOVAAGRI,564,2024-01-31,2026-05-15,2024,112,True,True
NPBET,1731,2019-09-04,2026-09-04,2019,0,False,False
NPST,1228,2021-09-16,2026-09-04,2021,0,False,False
NRAIL,2328,2017-04-05,2026-09-04,2017,0,False,False
NRBBEARING,5358,2005-01-03,2026-09-04,2005,0,False,False
NRL,1074,2022-01-06,2026-05-15,2022,112,True,False
NSIL,5343,2005-01-03,2026-09-04,2005,0,False,False
NSLNISP,873,2023-02-20,2026-09-04,2023,0,False,True
NTPC,5397,2004-11-05,2026-09-04,2004,0,False,True
NTPCGREEN,441,2024-11-27,2026-09-04,2024,0,False,True
NUCLEUS,5358,2005-01-03,2026-09-04,2005,0,False,True
NURECA,1287,2021-02-25,2026-05-15,2021,112,True,True
NUVAMA,731,2023-09-26,2026-09-04,2023,0,False,True
NUVOCO,1246,2021-08-23,2026-09-04,2021,0,False,True
NV20,2571,2015-12-09,2026-09-04,2015,0,False,False
NV20BEES,2396,2015-06-24,2026-09-04,2015,0,False,False
NV20IETF,2389,2016-06-28,2026-09-04,2016,0,False,False
NYKAA,1197,2021-11-10,2026-09-04,2021,0,False,True
OAL,1585,2020-04-15,2026-09-04,2020,0,False,False
OBCL,1090,2022-04-07,2026-09-04,2022,0,False,False
OBEROIRLTY,3925,2010-10-20,2026-09-04,2010,0,False,True
OCCLLTD,378,2024-10-29,2026-05-15,2024,112,True,True
ODIGMA,429,2024-12-12,2026-09-04,2024,0,False,False
OFSS,5358,2005-01-03,2026-09-04,2005,0,False,True
OIL,4186,2009-09-30,2026-09-04,2009,0,False,True
OILIETF,527,2024-07-24,2026-09-04,2024,0,False,False
OLAELEC,515,2024-08-09,2026-09-04,2024,0,False,True
OLECTRA,2889,2015-01-01,2026-09-04,2015,0,False,False
OMAXAUTO,5358,2005-01-03,2026-09-04,2005,0,False,False
OMAXE,4712,2007-08-09,2026-09-04,2007,0,False,True
OMFREIGHT,147,2025-10-08,2026-05-15,2025,112,True,False
OMINFRAL,3752,2011-06-17,2026-09-04,2011,0,False,False
OMNI,124,2026-03-05,2026-09-03,2026,1,False,True
ONELIFECAP-BE,2806,2015-01-01,2026-09-04,2015,0,False,False
ONEPOINT,2147,2017-12-26,2026-09-04,2017,0,False,False
ONESOURCE,400,2025-01-24,2026-09-04,2025,0,False,True
ONGC,3474,2003-01-01,2026-09-04,2003,0,False,True
ONWARDTEC,2887,2015-01-01,2026-09-04,2015,0,False,False
OPTIEMUS,2242,2017-08-08,2026-09-04,2017,0,False,False
ORBTEXP,3088,2013-11-05,2026-05-15,2013,112,True,False
ORCHASP,388,2025-02-07,2026-09-04,2025,0,False,False
ORCHPHARMA,1449,2020-11-03,2026-09-04,2020,0,False,False
ORICONENT,2751,2015-07-24,2026-09-04,2015,0,False,True
ORIENTALTL,2653,2015-01-01,2026-09-04,2015,0,False,False
ORIENTBELL,4833,2007-02-14,2026-09-04,2007,0,False,False
ORIENTCEM,3248,2013-07-12,2026-09-04,2013,0,False,False
ORIENTCER,763,2023-07-20,2026-09-04,2023,0,False,False
ORIENTELEC,2061,2018-05-14,2026-09-04,2018,0,False,True
ORIENTHOT,5357,2005-01-03,2026-09-04,2005,0,False,False
ORIENTPPR,5358,2005-01-03,2026-09-04,2005,0,False,False
ORIENTTECH,502,2024-08-28,2026-09-04,2024,0,False,True
ORISSAMINE,3931,2010-09-29,2026-09-04,2010,0,False,True
ORKLAINDIA,128,2025-11-06,2026-05-15,2025,112,True,True
OSIAHYPER,1686,2019-04-23,2026-02-17,2019,199,True,False
OSWALAGRO,1968,2018-09-14,2026-09-04,2018,0,False,False
OSWALGREEN,2890,2015-01-01,2026-09-04,2015,0,False,True
OSWALPUMPS,301,2025-06-20,2026-09-04,2025,0,False,True
OSWALSEEDS,2016,2018-07-04,2026-09-04,2018,0,False,False
PACEDIGITK,149,2025-10-06,2026-05-15,2025,112,True,True
PAGEIND,4812,2007-03-16,2026-09-04,2007,0,False,True
PAISALO,4256,2009-06-16,2026-09-04,2009,0,False,False
PAKKA,779,2023-07-11,2026-09-04,2023,0,False,True
PALASHSECU,2248,2017-07-31,2026-09-04,2017,0,False,False
PANACEABIO,5358,2005-01-03,2026-09-04,2005,0,False,False
PANACHE,2176,2017-04-28,2026-02-17,2017,199,True,False
PANACHE-BE,1949,2017-04-25,2026-09-04,2017,0,False,False
PANAMAPET,3680,2011-09-30,2026-09-04,2011,0,False,False
PANSARI,1416,2016-01-25,2026-09-04,2016,0,False,False
PAR,1793,2019-05-30,2026-08-28,2019,7,False,False
PARACABLES,2889,2015-01-01,2026-09-04,2015,0,False,False
PARADEEP,1062,2022-05-27,2026-09-04,2022,0,False,True
PARAGMILK,2545,2016-05-19,2026-09-04,2016,0,False,True
PARAS,1223,2021-10-01,2026-09-04,2021,0,False,True
PARASPETRO,1426,2015-01-01,2026-09-04,2015,0,False,False
PARKHOSPS,99,2025-12-17,2026-05-15,2025,112,True,True
PARKHOTELS,634,2024-02-12,2026-09-04,2024,0,False,True
PASHUPATI,1069,2017-09-08,2026-09-04,2017,0,False,False
PASUPTAC,1133,2021-10-12,2026-05-15,2021,112,True,False
PATANJALI,320,2025-05-26,2026-09-04,2025,0,False,True
PATELENG,5322,2005-02-24,2026-09-04,2005,0,False,True
PATELRMART,176,2025-08-26,2026-05-15,2025,112,True,True
PAUSHAKLTD,111,2025-12-01,2026-05-15,2025,112,True,False
PAVNAIND,1347,2021-03-24,2026-09-04,2021,0,False,False
PAYTM,1191,2021-11-18,2026-09-04,2021,0,False,True
PCBL,5358,2005-01-03,2026-09-04,2005,0,False,False
PCJEWELLER,3379,2012-12-27,2026-09-04,2012,0,False,True
PDMJEPAPER,2578,2016-03-30,2026-09-04,2016,0,False,False
PDSL,2930,2014-10-21,2026-09-04,2014,0,False,False
PEARLPOLY,2860,2015-01-01,2026-09-04,2015,0,False,False
PENIND,3892,2010-11-25,2026-09-04,2010,0,False,False
PERSISTENT,4064,2010-04-06,2026-09-04,2010,0,False,True
PETRONET,5358,2005-01-03,2026-09-04,2005,0,False,True
PFC,4827,2007-02-23,2026-09-04,2007,0,False,True
PFIZER,5358,2005-01-03,2026-09-04,2005,0,False,False
PFOCUS,4996,2006-06-20,2026-09-04,2006,0,False,False
PFS,3806,2011-03-30,2026-09-04,2011,0,False,False
PGEL,3692,2011-09-26,2026-09-04,2011,0,False,True
PGHH,5358,2005-01-03,2026-09-04,2005,0,False,False
PGHL,5358,2005-01-03,2026-09-04,2005,0,False,False
PGIL,4832,2007-02-15,2026-09-04,2007,0,False,True
PHARMABEES,1282,2021-07-07,2026-09-04,2021,0,False,False
PHOENIXLTD,4788,2007-04-23,2026-09-04,2007,0,False,False
PICCADIL,214,2025-07-02,2026-05-15,2025,112,True,True
PIDILITIND,5358,2005-01-03,2026-09-04,2005,0,False,False
PIGL,2056,2018-05-08,2026-09-04,2018,0,False,False
PIIND,3762,2011-06-15,2026-09-04,2011,0,False,False
PILANIINVS,3664,2011-10-25,2026-09-04,2011,0,False,False
PILITA,2858,2015-01-01,2026-09-04,2015,0,False,False
PINELABS,200,2025-11-14,2026-09-03,2025,1,False,True
PIONEEREMB,5018,2006-05-16,2026-09-04,2006,0,False,True
PIRAMALFIN,205,2025-11-07,2026-09-03,2025,1,False,True
PITTIENG,4841,2007-02-02,2026-09-04,2007,0,False,False
PIXTRANS,1077,2022-04-28,2026-09-04,2022,0,False,True
PKTEA,3988,2010-06-30,2026-09-04,2010,0,False,False
PLASTIBLEN,4864,2006-12-28,2026-09-04,2006,0,False,False
PLATIND,618,2024-03-05,2026-09-04,2024,0,False,True
PLAZACABLE,715,2023-10-12,2026-09-04,2023,0,False,True
PNB,5358,2005-01-03,2026-09-04,2005,0,False,True
PNBGILTS,5358,2005-01-03,2026-09-04,2005,0,False,False
PNBHOUSING,2436,2016-11-07,2026-09-04,2016,0,False,True
PNC,5348,2005-01-03,2026-09-04,2005,0,False,False
PNCINFRA,2794,2015-05-26,2026-09-04,2015,0,False,True
PNGJL,485,2024-09-17,2026-09-04,2024,0,False,True
PNGSREVA,123,2026-03-04,2026-09-01,2026,3,False,True
POCL,3927,2010-10-01,2026-09-04,2010,0,False,False
PODDARMENT,2420,2016-11-22,2026-09-04,2016,0,False,False
POKARNA,2511,2016-07-07,2026-09-04,2016,0,False,True
POLICYBZR,1194,2021-11-15,2026-09-04,2021,0,False,True
POLYCAB,1832,2019-04-16,2026-09-04,2019,0,False,True
POLYMED,3646,2011-12-07,2026-09-04,2011,0,False,False
POLYPLEX,5358,2005-01-03,2026-09-04,2005,0,False,False
PONNIERODE,5348,2005-01-03,2026-09-04,2005,0,False,True
POONAWALLA,5358,2005-01-03,2026-09-04,2005,0,False,False
POWERGRID,4673,2007-10-05,2026-09-04,2007,0,False,True
POWERINDIA,1598,2020-03-30,2026-09-04,2020,0,False,True
POWERMECH,2721,2015-08-26,2026-09-04,2015,0,False,False
PPL,1709,2019-06-17,2026-05-15,2019,112,True,False
PPLPHARMA,963,2022-10-19,2026-09-04,2022,0,False,True
PRABHA,361,2025-03-19,2026-09-04,2025,0,False,False
PRAENG,4861,2007-01-02,2026-09-04,2007,0,False,False
PRAJIND,5358,2005-01-03,2026-09-04,2005,0,False,True
PRAKASH,5355,2005-01-03,2026-09-04,2005,0,False,False
PRAKASHSTL,3717,2010-08-25,2026-09-04,2010,0,False,True
PRAXIS,2122,2018-01-31,2026-09-04,2018,0,False,False
PRECAM,2612,2016-02-08,2026-09-04,2016,0,False,False
PRECOT,2842,2015-01-01,2026-09-04,2015,0,False,False
PRECWIRE,5358,2005-01-03,2026-09-04,2005,0,False,False
PREMEXPLN,2524,2016-06-17,2026-09-04,2016,0,False,False
PREMIER-BE,5114,2005-01-03,2026-09-04,2005,0,False,False
PREMIERENE,499,2024-09-03,2026-09-04,2024,0,False,True
PREMIERPOL,3464,2012-08-16,2026-09-04,2012,0,False,False
PRESTIGE,3920,2010-10-27,2026-09-04,2010,0,False,True
PRICOLLTD,2369,2017-02-10,2026-09-04,2017,0,False,True
PRIMESECU,5357,2005-01-03,2026-09-04,2005,0,False,True
PRIMO,342,2025-04-22,2026-09-04,2025,0,False,False
PRINCEPIPE,1656,2019-12-30,2026-09-04,2019,0,False,True
PRITI,1879,2018-07-05,2026-02-17,2018,199,True,False
PRITIKAUTO,1176,2021-08-10,2026-05-15,2021,112,True,False
PRIVISCL,2799,2015-05-08,2026-09-04,2015,0,False,False
PROSTARM,235,2025-06-03,2026-05-15,2025,112,True,True
PROTEAN,390,2025-02-06,2026-09-04,2025,0,False,True
PROZONER,3454,2012-09-12,2026-09-04,2012,0,False,False
PRSMJOHNSN,5358,2005-01-03,2026-09-04,2005,0,False,True
PRUDENT,1062,2022-05-20,2026-09-04,2022,0,False,True
PRUDMOULI,589,2023-12-22,2026-05-15,2023,112,True,False
PSB,3868,2010-12-30,2026-09-04,2010,0,False,True
PSPPROJECT,2292,2017-05-29,2026-09-04,2017,0,False,True
PSUBANK,2890,2015-01-01,2026-09-04,2015,0,False,False
PSUBANKADD,757,2023-08-04,2026-09-04,2023,0,False,False
PSUBNKBEES,2890,2015-01-01,2026-09-04,2015,0,False,False
PSUBNKIETF,858,2023-03-21,2026-09-04,2023,0,False,False
PTC,5358,2005-01-03,2026-09-04,2005,0,False,True
PTCIL,805,2023-06-09,2026-09-04,2023,0,False,True
PTL,4844,2007-01-29,2026-09-04,2007,0,False,False
PUNJABCHEM,5358,2005-01-03,2026-09-04,2005,0,False,False
PURVA,4698,2007-08-30,2026-09-04,2007,0,False,True
PVP,2326,2015-01-01,2026-09-04,2015,0,False,False
PVRINOX,5107,2006-01-04,2026-09-04,2006,0,False,True
PVSL,609,2024-03-19,2026-09-04,2024,0,False,True
PVTBANIETF,1752,2019-08-14,2026-09-04,2019,0,False,False
PVTBANKADD,757,2023-08-04,2026-09-04,2023,0,False,False
PWL,198,2025-11-18,2026-09-03,2025,1,False,True
PYRAMID,745,2023-08-29,2026-09-04,2023,0,False,True
QGOLDHALF,2889,2015-01-01,2026-09-04,2015,0,False,False
QNIFTY,2500,2015-01-01,2026-09-04,2015,0,False,False
QPOWER,377,2025-02-24,2026-09-04,2025,0,False,True
QUADFUTURE,407,2025-01-14,2026-09-04,2025,0,False,True
QUAL30IETF,761,2023-08-10,2026-09-04,2023,0,False,False
QUALITY30,281,2025-07-18,2026-09-04,2025,0,False,False
QUESS,2514,2016-07-12,2026-09-04,2016,0,False,True
QUICKHEAL,2526,2016-02-18,2026-05-15,2016,112,True,True
RACE,823,2023-05-09,2026-09-04,2023,0,False,False
RACLGEAR,440,2024-11-27,2026-09-04,2024,0,False,True
RADAAN,4255,2005-01-03,2026-09-04,2005,0,False,False
RADHIKAJWE,1021,2022-07-18,2026-09-04,2022,0,False,True
RADIANTCMS,905,2023-01-04,2026-09-04,2023,0,False,True
RADICO,5358,2005-01-03,2026-09-04,2005,0,False,False
RADIOCITY,2340,2017-03-17,2026-09-04,2017,0,False,True
RAILTEL,1365,2021-02-26,2026-09-04,2021,0,False,True
RAIN,4569,2008-03-03,2026-09-04,2008,0,False,True
RAINBOW,1114,2019-04-01,2026-09-04,2019,0,False,False
RAJMET,1943,2018-10-23,2026-09-04,2018,0,False,False
RAJOOENG,238,2025-05-29,2026-05-15,2025,112,True,True
RAJRATAN,1559,2020-05-22,2026-09-04,2020,0,False,False
RAJRILTD-BE,1037,2022-03-16,2026-09-04,2022,0,False,False
RAJSREESUG,5332,2005-01-03,2026-09-04,2005,0,False,True
RAJTV,4780,2007-03-16,2026-09-04,2007,0,False,True
RALLIS,5358,2005-01-03,2026-09-04,2005,0,False,False
RAMANEWS,5332,2005-01-03,2026-09-04,2005,0,False,False
RAMAPHO,1007,2022-08-05,2026-09-04,2022,0,False,False
RAMASTEEL,2645,2015-08-24,2026-05-15,2015,112,True,False
RAMCOCEM,5358,2005-01-03,2026-09-04,2005,0,False,True
RAMCOIND,5358,2005-01-03,2026-09-04,2005,0,False,False
RAMCOSYS,5358,2005-01-03,2026-09-04,2005,0,False,False
RAMKY,3924,2010-10-08,2026-09-04,2010,0,False,True
RAMRAT,1012,2022-07-29,2026-09-04,2022,0,False,True
RANASUG,5332,2005-01-03,2026-09-04,2005,0,False,True
RANEHOLDIN,5358,2005-01-03,2026-09-04,2005,0,False,False
RATEGAIN,1166,2021-12-17,2026-09-04,2021,0,False,True
RATNAMANI,5026,2006-05-09,2026-09-04,2006,0,False,False
RATNAVEER,741,2023-09-11,2026-09-04,2023,0,False,True
RAYMOND,5358,2005-01-03,2026-09-04,2005,0,False,True
RAYMONDLSL,493,2024-09-05,2026-09-04,2024,0,False,True
RAYMONDREL,214,2025-07-01,2026-05-15,2025,112,True,True
RBA,1416,2020-12-14,2026-09-04,2020,0,False,True
RBLBANK,2479,2016-08-31,2026-09-04,2016,0,False,True
RBZJEWEL,665,2023-12-27,2026-09-04,2023,0,False,True
RCF,5358,2005-01-03,2026-09-04,2005,0,False,True
RCOM-BE,4772,2006-03-06,2026-09-04,2006,0,False,True
RECLTD,4563,2008-03-12,2026-09-04,2008,0,False,True
REDINGTON,4832,2007-02-15,2026-09-04,2007,0,False,True
REDTAPE,756,2023-08-11,2026-09-04,2023,0,False,True
REFEX,4116,2009-12-03,2026-09-04,2009,0,False,False
REGAAL,174,2025-08-20,2026-05-07,2025,120,True,True
REGENCERAM,1979,2015-01-02,2026-09-04,2015,0,False,False
RELAXO,3760,2011-06-17,2026-09-04,2011,0,False,False
RELCHEMQ,1059,2022-05-25,2026-09-04,2022,0,False,False
RELIABLE,1305,2017-10-11,2026-09-04,2017,0,False,False
RELIANCE,6634,2000-01-03,2026-09-04,2000,0,False,True
RELIGARE,4640,2007-11-21,2026-09-04,2007,0,False,True
RELINFRA-BE,5279,2005-01-03,2026-09-04,2005,0,False,True
RELTD,518,2024-07-30,2026-09-04,2024,0,False,True
REMSONSIND,5210,2005-01-03,2026-09-04,2005,0,False,False
RENUKA,5151,2005-10-31,2026-09-04,2005,0,False,True
REPCOHOME,3313,2013-04-01,2026-09-04,2013,0,False,True
REPL,1865,2018-07-27,2026-02-17,2018,199,True,False
REPRO,5116,2005-12-22,2026-09-04,2005,0,False,True
RESPONIND,3909,2010-10-29,2026-09-04,2010,0,False,False
RETAIL,545,2024-06-26,2026-09-04,2024,0,False,False
RGL,4625,2007-12-12,2026-09-04,2007,0,False,False
RHETAN,154,2025-09-26,2026-05-15,2025,112,True,True
RHIM,3573,2012-03-12,2026-09-04,2012,0,False,False
RHL,832,2023-04-25,2026-09-04,2023,0,False,False
RICOAUTO,5358,2005-01-03,2026-09-04,2005,0,False,False
RIIL,5358,2005-01-03,2026-09-04,2005,0,False,True
RISHABH,736,2023-09-11,2026-09-04,2023,0,False,True
RITCO,1087,2022-04-12,2026-09-04,2022,0,False,False
RITES,2026,2018-07-02,2026-09-04,2018,0,False,True
RKDL,3871,2010-12-27,2026-09-04,2010,0,False,True
RKEC,2200,2017-10-09,2026-09-04,2017,0,False,False
RKFORGE,5358,2005-01-03,2026-09-04,2005,0,False,False
RKSWAMY,614,2024-03-12,2026-09-04,2024,0,False,True
RMDRIP,2125,2017-10-04,2026-05-15,2017,112,True,False
RML,5193,2005-08-30,2026-09-04,2005,0,False,False
RNBDENIMS,113,2025-09-04,2026-02-17,2025,199,True,True
ROHLTD,5086,2006-02-06,2026-09-04,2006,0,False,True
ROLEXRINGS,1255,2021-08-09,2026-09-04,2021,0,False,True
ROLLT-BE,2413,2016-11-22,2026-09-04,2016,0,False,False
ROML,1456,2020-10-07,2026-09-04,2020,0,False,False
ROSSARI,1516,2020-07-23,2026-09-04,2020,0,False,True
ROSSELLIND,3445,2012-09-25,2026-09-04,2012,0,False,False
ROSSTECH,431,2024-12-09,2026-09-04,2024,0,False,True
ROTO,1082,2022-04-21,2026-09-04,2022,0,False,True
ROUTE,1479,2020-09-21,2026-09-04,2020,0,False,True
RPEL,515,2024-08-08,2026-09-04,2024,0,False,True
RPGLIFE,4504,2008-06-10,2026-09-04,2008,0,False,False
RPOWER,4584,2008-02-11,2026-09-04,2008,0,False,True
RPPINFRA,3885,2010-12-06,2026-09-04,2010,0,False,False
RPPL,1874,2018-10-09,2026-05-15,2018,112,True,False
RPSGVENT,1879,2019-01-25,2026-09-04,2019,0,False,True
RPTECH,632,2024-02-14,2026-09-04,2024,0,False,True
RRKABEL,727,2023-09-15,2026-09-04,2023,0,False,True
RSSOFTWARE,5347,2005-01-03,2026-09-04,2005,0,False,False
RSYSTEMS,5034,2006-04-26,2026-09-04,2006,0,False,False
RTNINDIA,3476,2012-07-30,2026-09-04,2012,0,False,False
RTNPOWER,4167,2009-10-30,2026-09-04,2009,0,False,True
RUBFILA,512,2024-08-08,2026-09-04,2024,0,False,False
RUBICON,141,2025-10-16,2026-05-15,2025,112,True,True
RUCHINFRA,2790,2015-01-01,2026-09-04,2015,0,False,False
RUCHIRA,4869,2006-12-20,2026-09-04,2006,0,False,False
RUDRA,173,2025-12-19,2026-09-01,2025,3,False,False
RUPA,3638,2011-12-07,2026-09-04,2011,0,False,False
RUSHIL,3738,2011-07-07,2026-09-04,2011,0,False,True
RUSTOMJEE,934,2022-11-24,2026-09-04,2022,0,False,True
RVHL,1412,2020-12-18,2026-09-04,2020,0,False,False
RVNL,1835,2019-04-11,2026-09-04,2019,0,False,True
RVTH,489,2024-09-11,2026-09-04,2024,0,False,False
S&SPOWER,1592,2020-03-30,2026-09-04,2020,0,False,False
SAATVIKGL,153,2025-09-26,2026-05-15,2025,112,True,True
SADBHIN,2628,2015-09-16,2026-05-15,2015,112,True,False
SADHNANIQ,690,2023-05-05,2026-02-17,2023,199,True,True
SAFARI,1728,2019-09-12,2026-09-04,2019,0,False,False
SAGARDEEP,2260,2017-07-13,2026-09-04,2017,0,False,False
SAGCEM,5358,2005-01-03,2026-09-04,2005,0,False,False
SAGILITY,450,2024-11-12,2026-09-04,2024,0,False,True
SAHYADRI,843,2023-04-06,2026-09-04,2023,0,False,False
SAIL,5358,2005-01-03,2026-09-04,2005,0,False,True
SAILIFE,426,2024-12-18,2026-09-04,2024,0,False,True
SAKAR,2339,2017-03-16,2026-09-04,2017,0,False,False
SAKHTISUG,5332,2005-01-03,2026-09-04,2005,0,False,True
SAKSOFT,5080,2005-05-09,2026-09-04,2005,0,False,True
SAKUMA,5062,2006-03-08,2026-09-04,2006,0,False,False
SALASAR,2252,2017-07-25,2026-09-04,2017,0,False,True
SALONA,3967,2010-08-09,2026-09-04,2010,0,False,False
SALZERELEC,2658,2015-12-02,2026-09-04,2015,0,False,False
SAMBHAAV,2785,2015-02-05,2026-09-04,2015,0,False,False
SAMBHV,214,2025-07-02,2026-05-15,2025,112,True,True
SAMHI,728,2023-09-22,2026-09-04,2023,0,False,True
SAMMAANCAP,3236,2013-07-23,2026-09-04,2013,0,False,True
SAMPANN,3477,2012-07-27,2026-09-04,2012,0,False,False
SANATHAN,419,2024-12-27,2026-09-04,2024,0,False,True
SANDESH,5357,2005-01-03,2026-09-04,2005,0,False,False
SANDHAR,2083,2018-04-02,2026-09-04,2018,0,False,True
SANDUMA,738,2023-09-07,2026-09-04,2023,0,False,True
SANGAMIND,5358,2005-01-03,2026-09-04,2005,0,False,False
SANGHVIMOV,4846,2007-01-24,2026-09-04,2007,0,False,False
SANGINITA,2206,2017-03-16,2026-02-17,2017,199,True,False
SANGINITA-BE,2158,2017-03-10,2026-09-04,2017,0,False,False
SANOFI,5358,2005-01-03,2026-09-04,2005,0,False,False
SANOFICONR,487,2024-09-13,2026-09-04,2024,0,False,True
SANSERA,1223,2021-09-24,2026-09-04,2021,0,False,True
SANSTAR,524,2024-07-26,2026-09-04,2024,0,False,True
SAPPHIRE,1191,2021-11-18,2026-09-04,2021,0,False,True
SARDAEN,4144,2009-12-03,2026-09-04,2009,0,False,True
SAREGAMA,5358,2005-01-03,2026-09-04,2005,0,False,True
SARLAPOLY,4849,2007-01-19,2026-09-04,2007,0,False,False
SARVESHWAR,2091,2018-03-15,2026-09-04,2018,0,False,False
SASKEN,5186,2005-09-09,2026-09-04,2005,0,False,True
SASTASUNDR,3927,2010-10-05,2026-09-04,2010,0,False,False
SATIA,1765,2019-07-17,2026-09-04,2019,0,False,True
SATIN,2720,2015-08-27,2026-09-04,2015,0,False,True
SAURASHCEM,623,2024-02-27,2026-09-04,2024,0,False,True
SBC,1184,2021-11-23,2026-09-04,2021,0,False,True
SBCL,1286,2021-06-24,2026-09-04,2021,0,False,True
SBFC,759,2023-08-16,2026-09-04,2023,0,False,True
SBGLP,879,2023-02-10,2026-09-04,2023,0,False,True
SBIBPB,356,2025-03-27,2026-09-04,2025,0,False,False
SBICARD,1628,2015-01-01,2026-09-04,2015,0,False,False
SBIETFCON,1267,2021-07-29,2026-09-04,2021,0,False,False
SBIETFIT,1457,2020-10-22,2026-09-04,2020,0,False,False
SBIETFPB,1457,2020-10-22,2026-09-04,2020,0,False,False
SBIETFQLTY,1915,2018-12-17,2026-09-04,2018,0,False,False
SBILIFE,2211,2017-10-03,2026-09-04,2017,0,False,True
SBILIQETF,258,2025-08-13,2026-09-01,2025,3,False,False
SBIMIDMOM,121,2026-03-06,2026-09-01,2026,3,False,False
SBIN,5839,2003-01-01,2026-09-04,2003,0,False,True
SBINEQWETF,528,2024-07-23,2026-09-04,2024,0,False,False
SBISILVER,538,2024-07-08,2026-09-04,2024,0,False,True
SCHAEFFLER,5358,2005-01-03,2026-09-04,2005,0,False,False
SCHAND,2306,2017-05-09,2026-09-04,2017,0,False,True
SCHNEIDER,3567,2012-03-20,2026-09-04,2012,0,False,False
SCI,5358,2005-01-03,2026-09-04,2005,0,False,True
SCILAL,605,2024-03-19,2026-09-04,2024,0,False,True
SCODATUBES,234,2025-06-04,2026-05-15,2025,112,True,True
SCPL,801,2022-11-22,2026-02-17,2022,199,True,False
SCPL-BE,941,2022-11-22,2026-09-04,2022,0,False,False
SDBL,3065,2014-04-01,2026-09-04,2014,0,False,False
SEAMECLTD,5358,2005-01-03,2026-09-04,2005,0,False,False
SECMARK,712,2023-10-16,2026-09-04,2023,0,False,False
SECURKLOUD,2928,2014-01-29,2026-09-04,2014,0,False,True
SEDEMAC,120,2026-03-11,2026-09-03,2026,1,False,True
SEJALLTD,1718,2015-12-31,2026-09-04,2015,0,False,False
SELECTIPO,364,2025-03-17,2026-09-04,2025,0,False,False
SELMC,1095,2021-10-28,2026-09-04,2021,0,False,False
SEMAC,5183,2005-08-11,2026-09-04,2005,0,False,False
SENCO,781,2023-07-14,2026-09-04,2023,0,False,True
SENORES,418,2024-12-30,2026-09-04,2024,0,False,True
SENSEX,1371,2021-01-01,2026-07-15,2021,51,False,False
SENSEXADD,754,2023-08-04,2026-09-04,2023,0,False,False
SENSEXBETA,101,2025-12-15,2026-05-15,2025,112,True,False
SENSEXETF,724,2023-10-06,2026-09-04,2023,0,False,False
SENSEXIETF,2566,2015-01-02,2026-09-04,2015,0,False,False
SEPC,4577,2008-02-20,2026-09-04,2008,0,False,False
SERVOTECH,1243,2021-09-02,2026-09-04,2021,0,False,True
SESHAPAPER,5353,2005-01-03,2026-09-04,2005,0,False,False
SETCO,2379,2016-07-01,2026-02-17,2016,199,True,True
SETF10GILT,2067,2016-06-23,2026-09-04,2016,0,False,False
SETFGOLD,2889,2015-01-01,2026-09-04,2015,0,False,False
SETFNIF50,2747,2015-07-27,2026-09-04,2015,0,False,False
SETFNIFBK,2813,2015-03-25,2026-09-04,2015,0,False,False
SETFNN50,2750,2015-03-27,2026-09-04,2015,0,False,False
SETL,409,2025-01-13,2026-09-04,2025,0,False,True
SEYAIND-BE,1496,2019-07-11,2026-09-04,2019,0,False,False
SFL,2413,2016-12-09,2026-09-04,2016,0,False,True
SGFIN,190,2025-08-05,2026-05-15,2025,112,True,True
SGIL,1263,2021-07-28,2026-09-04,2021,0,False,False
SGL,4893,2006-04-10,2026-09-04,2006,0,False,False
SGMART,164,2025-09-12,2026-05-15,2025,112,True,True
SHADOWFAX,150,2026-01-28,2026-09-03,2026,1,False,True
SHAH,772,2023-06-26,2026-09-04,2023,0,False,False
SHAHALLOYS,2710,2015-01-01,2026-08-21,2015,14,False,False
SHAILY,1094,2022-04-04,2026-09-04,2022,0,False,True
SHAKTIPUMP,3665,2011-10-25,2026-09-04,2011,0,False,False
SHALBY,2153,2017-12-15,2026-09-04,2017,0,False,True
SHANKARA,2334,2017-04-05,2026-09-04,2017,0,False,True
SHANTI,2243,2017-08-03,2026-09-04,2017,0,False,False
SHANTIGEAR,5358,2005-01-03,2026-09-04,2005,0,False,False
SHANTIGOLD,271,2025-08-01,2026-09-04,2025,0,False,True
SHARDACROP,2947,2014-09-23,2026-09-04,2014,0,False,True
SHARDAMOTR,2714,2015-09-03,2026-09-04,2015,0,False,False
SHAREINDIA,1479,2020-09-21,2026-09-04,2020,0,False,True
SHARIABEES,200,2015-01-01,2015-12-04,2015,3927,True,False
SHEKHAWATI,3023,2011-01-12,2026-02-17,2011,199,True,False
SHEMAROO,2863,2014-10-01,2026-05-15,2014,112,True,False
SHILCTECH,116,2025-11-24,2026-05-15,2025,112,True,True
SHILPAMED,4144,2009-12-03,2026-09-04,2009,0,False,False
SHIVALIK,1094,2021-12-09,2026-05-15,2021,112,True,False
SHIVAMAUTO,4889,2006-11-21,2026-09-04,2006,0,False,False
SHIVAMILLS,2103,2018-02-26,2026-09-04,2018,0,False,False
SHIVATEX,2152,2017-12-26,2026-09-04,2017,0,False,False
SHIVAUM,1694,2019-10-17,2026-09-04,2019,0,False,False
SHK,2675,2015-11-16,2026-09-04,2015,0,False,True
SHOPERSTOP,5262,2005-05-23,2026-09-04,2005,0,False,True
SHRADHA,2155,2017-12-11,2026-09-04,2017,0,False,False
SHREDIGCEM,1744,2019-08-19,2026-09-04,2019,0,False,True
SHREECEM,5839,2003-01-01,2026-09-04,2003,0,False,False
SHREEJISPG,176,2025-08-26,2026-05-15,2025,112,True,True
SHREEPUSHK,2710,2015-09-10,2026-09-04,2015,0,False,True
SHREERAMA,5335,2005-01-03,2026-09-04,2005,0,False,False
SHREYANIND,5303,2005-01-03,2026-09-04,2005,0,False,False
SHRINGARMS,237,2025-09-17,2026-09-01,2025,3,False,True
SHRIPISTON,2530,2016-06-09,2026-09-04,2016,0,False,False
SHRIRAMFIN,320,2025-05-26,2026-09-04,2025,0,False,True
SHRIRAMPPS,1165,2021-12-20,2026-09-04,2021,0,False,True
SHYAMCENT-BE,100,2015-07-28,2015-12-22,2015,3909,True,False
SHYAMMETL,1291,2021-06-24,2026-09-04,2021,0,False,True
SHYAMTEL,4677,2005-01-03,2026-09-04,2005,0,False,True
SICALLOG-BE,597,2023-10-12,2026-09-04,2023,0,False,False
SIEMENS,5358,2005-01-03,2026-09-04,2005,0,False,True
SIGACHI,1189,2021-11-15,2026-09-04,2021,0,False,True
SIGIND,3187,2013-06-11,2026-05-15,2013,112,True,False
SIGMA,1272,2020-10-19,2026-09-04,2020,0,False,False
SIGNATURE,730,2023-09-27,2026-09-04,2023,0,False,True
SIGNPOST,632,2024-02-14,2026-09-04,2024,0,False,True
SIKKO,2170,2017-07-27,2026-05-15,2017,112,True,False
SIL,2819,2015-01-01,2026-09-04,2015,0,False,False
SILGO,1938,2018-10-29,2026-09-04,2018,0,False,False
SILINV,5306,2005-01-03,2026-09-04,2005,0,False,False
SILLYMONKS,1825,2015-01-05,2026-09-04,2015,0,False,False
SILVER,1138,2022-02-03,2026-09-04,2022,0,False,False
SILVER1,923,2022-12-14,2026-09-04,2022,0,False,False
SILVER360,352,2025-04-04,2026-09-04,2025,0,False,True
SILVERADD,999,2022-08-25,2026-09-04,2022,0,False,False
SILVERAG,801,2023-06-15,2026-09-04,2023,0,False,False
SILVERBEES,1136,2022-02-07,2026-09-04,2022,0,False,False
SILVERBETA,840,2023-04-20,2026-09-04,2023,0,False,False
SILVERBND,178,2025-12-12,2026-09-01,2025,3,False,True
SILVERCASE,358,2025-03-26,2026-09-04,2025,0,False,True
SILVERIETF,1141,2022-01-31,2026-09-04,2022,0,False,False
SILVERTUC,1732,2017-12-01,2026-09-04,2017,0,False,False
SIMPLEXINF,5356,2005-01-03,2026-09-04,2005,0,False,False
SINCLAIR,595,2024-04-10,2026-09-04,2024,0,False,False
SINDHUTRAD,793,2023-06-20,2026-09-04,2023,0,False,True
SINTERCOM,2111,2018-02-15,2026-09-04,2018,0,False,False
SIRCA,2032,2018-06-13,2026-09-04,2018,0,False,False
SIS,2246,2017-08-10,2026-09-04,2017,0,False,False
SIYSIL,5358,2005-01-03,2026-09-04,2005,0,False,False
SJS,1189,2021-11-15,2026-09-04,2021,0,False,True
SJVN,4033,2010-05-20,2026-09-04,2010,0,False,False
SKFINDIA,5358,2005-01-03,2026-09-04,2005,0,False,True
SKFINDUS,107,2025-12-05,2026-05-15,2025,112,True,True
SKIPPER,2786,2015-05-27,2026-09-04,2015,0,False,True
SKMEGGPROD,2890,2015-01-01,2026-09-04,2015,0,False,False
SKYGOLD,908,2023-01-06,2026-09-04,2023,0,False,True
SMALL250,199,2025-11-13,2026-09-01,2025,3,False,False
SMALLADD,174,2025-12-18,2026-09-01,2025,3,False,False
SMALLCAP,608,2024-03-18,2026-09-04,2024,0,False,True
SMARTWORKS,203,2025-07-17,2026-05-15,2025,112,True,True
SMCGLOBAL,1366,2021-02-24,2026-09-04,2021,0,False,True
SML100CASE,240,2025-09-12,2026-09-01,2025,3,False,False
SMLMAH,320,2025-05-26,2026-09-04,2025,0,False,True
SMLT,1182,2021-11-25,2026-09-04,2021,0,False,False
SMSPHARMA,4824,2007-02-28,2026-09-04,2007,0,False,False
SNOWMAN,2954,2014-09-12,2026-09-04,2014,0,False,True
SNXT30BEES,306,2025-06-13,2026-09-04,2025,0,False,False
SNXT50BETA,1766,2019-03-13,2026-09-04,2019,0,False,False
SOBHA,4869,2006-12-20,2026-09-04,2006,0,False,True
SOFTTECH,2043,2018-05-25,2026-09-04,2018,0,False,False
SOLARA,2022,2018-06-27,2026-09-04,2018,0,False,True
SOLARINDS,5048,2006-04-03,2026-09-04,2006,0,False,True
SOLARWORLD,152,2025-09-30,2026-05-15,2025,112,True,True
SOLEX,1465,2018-02-05,2026-09-04,2018,0,False,False
SOMANYCERA,5355,2005-01-03,2026-09-04,2005,0,False,False
SOMICONVEY,2504,2016-07-18,2026-09-04,2016,0,False,False
SONACOMS,1287,2021-06-24,2026-09-04,2021,0,False,True
SONAMLTD,2011,2018-06-28,2026-08-21,2018,14,False,False
SONATSOFTW,5358,2005-01-03,2026-09-04,2005,0,False,True
SOTL,5358,2005-01-03,2026-09-04,2005,0,False,False
SOUTHBANK,5358,2005-01-03,2026-09-04,2005,0,False,False
SOUTHWEST,2031,2018-02-19,2026-09-04,2018,0,False,False
SPAL,2485,2016-08-12,2026-09-04,2016,0,False,True
SPANDANA,1744,2019-08-19,2026-09-04,2019,0,False,True
SPARC,4728,2007-07-18,2026-09-04,2007,0,False,True
SPCENET,1971,2013-11-13,2026-09-04,2013,0,False,False
SPECIALITY,3441,2012-05-30,2026-05-15,2012,112,True,True
SPECTRUM,1867,2018-10-16,2026-05-15,2018,112,True,False
SPENCERS,1879,2019-01-25,2026-09-04,2019,0,False,True
SPIC,5358,2005-01-03,2026-09-04,2005,0,False,False
SPLIL,5211,2005-07-26,2026-09-04,2005,0,False,True
SPLPETRO,1065,2022-05-24,2026-09-04,2022,0,False,True
SPMLINFRA,2871,2015-01-01,2026-09-04,2015,0,False,False
SPORTKING,996,2022-08-24,2026-09-04,2022,0,False,True
SRD,471,2024-10-09,2026-09-04,2024,0,False,False
SREEL,3127,2014-01-01,2026-09-04,2014,0,False,False
SRF,5358,2005-01-03,2026-09-04,2005,0,False,True
SRGHFL,746,2023-08-21,2026-09-04,2023,0,False,False
SRHHYPOLTD,4779,2007-05-08,2026-09-04,2007,0,False,False
SRM,600,2024-04-03,2026-09-04,2024,0,False,True
SSDL,508,2024-08-20,2026-09-04,2024,0,False,True
SSWL,5252,2005-06-06,2026-09-04,2005,0,False,False
STALLION,322,2025-01-23,2026-05-15,2025,112,True,True
STANLEY,543,2024-06-28,2026-09-04,2024,0,False,True
STAR,5358,2005-01-03,2026-09-04,2005,0,False,True
STARCEMENT,2277,2017-06-19,2026-09-04,2017,0,False,False
STARHEALTH,1237,2016-01-04,2026-09-04,2016,0,False,False
STARPAPER,5358,2005-01-03,2026-09-04,2005,0,False,False
STARTECK,1074,2022-05-04,2026-09-04,2022,0,False,False
STCINDIA,5358,2005-01-03,2026-09-04,2005,0,False,False
STEELCAS,1184,2021-11-23,2026-09-04,2021,0,False,True
STEELCITY,2270,2016-03-28,2026-09-04,2016,0,False,False
STEELXIND,2255,2017-07-20,2026-09-04,2017,0,False,True
STEL,3840,2011-02-09,2026-09-04,2011,0,False,False
STLNETWORK,169,2025-09-04,2026-05-15,2025,112,True,True
STOVEKRAFT,1378,2021-02-08,2026-09-04,2021,0,False,True
STUDDS,127,2025-11-07,2026-05-15,2025,112,True,True
STYL,152,2025-09-30,2026-05-15,2025,112,True,True
STYLAMIND,1260,2021-08-02,2026-09-04,2021,0,False,True
STYLEBAAZA,495,2024-09-06,2026-09-04,2024,0,False,True
STYRENIX,5358,2005-01-03,2026-09-04,2005,0,False,False
SUBEXLTD,5245,2005-01-03,2026-09-04,2005,0,False,False
SUBROS,5358,2005-01-03,2026-09-04,2005,0,False,False
SUDARCOLOR,5358,2005-01-03,2026-09-04,2005,0,False,False
SUDARSCHEM,5358,2005-01-03,2026-09-04,2005,0,False,False
SUDEEPPHRM,112,2025-11-28,2026-05-15,2025,112,True,True
SUKHJITS,946,2022-11-07,2026-09-04,2022,0,False,False
SULA,914,2022-12-22,2026-09-04,2022,0,False,True
SUMEETINDS,302,2025-06-19,2026-09-04,2025,0,False,True
SUMICHEM,1642,2020-01-27,2026-09-04,2020,0,False,True
SUMIT,1960,2018-09-26,2026-09-04,2018,0,False,False
SUMMITSEC,5358,2005-01-03,2026-09-04,2005,0,False,True
SUNCLAY,659,2023-12-29,2026-09-04,2023,0,False,True
SUNDARAM,4015,2010-06-02,2026-09-04,2010,0,False,False
SUNDARMFIN,5358,2005-01-03,2026-09-04,2005,0,False,False
SUNDRMFAST,5358,2005-01-03,2026-09-04,2005,0,False,False
SUNDROP,362,2025-03-19,2026-09-04,2025,0,False,False
SUNFLAG,5358,2005-01-03,2026-09-04,2005,0,False,False
SUNPHARMA,5839,2003-01-01,2026-09-04,2003,0,False,True
SUNTECK,4158,2009-11-13,2026-09-04,2009,0,False,True
SUNTV,5036,2006-04-24,2026-09-04,2006,0,False,True
SUPERHOUSE,2944,2014-09-26,2026-09-04,2014,0,False,False
SUPRAJIT,5326,2005-02-18,2026-09-04,2005,0,False,False
SUPREME,392,2025-02-03,2026-09-04,2025,0,False,False
SUPREMEIND,5358,2005-01-03,2026-09-04,2005,0,False,False
SUPRIYA,1164,2021-12-28,2026-09-04,2021,0,False,True
SURAJEST,666,2023-12-26,2026-09-04,2023,0,False,True
SURAJLTD,501,2024-08-29,2026-09-04,2024,0,False,False
SURAKSHA,433,2024-12-06,2026-09-04,2024,0,False,True
SURANASOL,3870,2011-01-07,2026-09-04,2011,0,False,False
SURANAT&P,5359,2005-01-03,2026-09-04,2005,0,False,False
SURYALAXMI,5358,2005-01-03,2026-09-04,2005,0,False,False
SURYAROSNI,5358,2005-01-03,2026-09-04,2005,0,False,False
SURYODAY,1345,2021-03-26,2026-09-04,2021,0,False,True
SUVEN,5358,2005-01-03,2026-09-04,2005,0,False,False
SUVIDHAA,1343,2021-03-31,2026-09-04,2021,0,False,False
SUYOG,508,2024-08-20,2026-09-04,2024,0,False,True
SUZLON,5159,2005-10-19,2026-09-04,2005,0,False,True
SVLL,1950,2018-06-18,2026-05-15,2018,112,True,False
SWANCORP,3521,2012-05-29,2026-09-04,2012,0,False,False
SWANDEF-BE,212,2025-01-21,2026-09-01,2025,3,False,False
SWARAJENG,5358,2005-01-03,2026-09-04,2005,0,False,False
SWELECTES,5026,2006-05-09,2026-09-04,2006,0,False,False
SWIGGY,449,2024-11-13,2026-09-04,2024,0,False,True
SWSOLAR,1744,2019-08-20,2026-09-04,2019,0,False,True
SYMPHONY,3762,2011-06-15,2026-09-04,2011,0,False,False
SYNCOMF,938,2022-11-18,2026-09-04,2022,0,False,True
SYNGENE,2739,2015-08-11,2026-09-04,2015,0,False,True
SYRMA,999,2022-08-26,2026-09-04,2022,0,False,True
SYSTMTXC,149,2025-10-06,2026-05-15,2025,112,True,False
TAINWALCHM,5327,2005-01-03,2026-09-04,2005,0,False,False
TAJGVK,5358,2005-01-03,2026-09-04,2005,0,False,False
TALBROAUTO,4924,2006-09-29,2026-09-04,2006,0,False,False
TANLA,4859,2007-01-05,2026-09-04,2007,0,False,True
TARACHAND,2085,2018-03-23,2026-09-04,2018,0,False,False
TARAPUR,4024,2010-05-18,2026-09-04,2010,0,False,False
TARC,1412,2020-12-18,2026-09-04,2020,0,False,True
TARIL,3267,2013-06-06,2026-09-04,2013,0,False,False
TARMAT,2853,2015-01-01,2026-09-04,2015,0,False,False
TARSONS,1181,2021-11-26,2026-09-04,2021,0,False,True
TASTYBITE,2336,2017-03-23,2026-09-04,2017,0,False,False
TATACAP,223,2025-10-13,2026-09-04,2025,0,False,True
TATACHEM,5358,2005-01-03,2026-09-04,2005,0,False,True
TATACOMM,320,2025-05-26,2026-09-04,2025,0,False,True
TATACONSUM,5839,2003-01-01,2026-09-04,2003,0,False,True
TATAELXSI,5358,2005-01-03,2026-09-04,2005,0,False,False
TATAGOLD,654,2024-01-17,2026-09-04,2024,0,False,True
TATAINVEST,320,2025-05-26,2026-09-04,2025,0,False,True
TATAMOTORS,6370,2000-01-03,2025-10-17,2000,322,True,True
TATAPOWER,5358,2005-01-03,2026-09-04,2005,0,False,True
TATASTEEL,5839,2003-01-01,2026-09-04,2003,0,False,True
TATATECH,687,2023-11-30,2026-09-04,2023,0,False,True
TATSILV,647,2024-01-17,2026-09-04,2024,0,False,True
TATVA,1262,2021-07-29,2026-09-04,2021,0,False,True
TBOTEK,573,2024-05-15,2026-09-04,2024,0,False,True
TBZ,3534,2012-05-09,2026-09-04,2012,0,False,True
TCC,127,2026-02-25,2026-09-01,2026,3,False,False
TCI,5358,2005-01-03,2026-09-04,2005,0,False,False
TCIEXP,2409,2016-12-15,2026-09-04,2016,0,False,False
TCIFINANCE-BE,4982,2005-01-03,2026-09-04,2005,0,False,False
TCPLPACK,2195,2017-10-17,2026-09-04,2017,0,False,False
TCS,5447,2004-08-25,2026-09-04,2004,0,False,True
TDPOWERSYS,3704,2011-09-08,2026-09-04,2011,0,False,True
TEAMGTY,2739,2015-01-01,2026-09-04,2015,0,False,False
TEAMLEASE,2608,2016-02-12,2026-09-04,2016,0,False,True
TECH,1175,2021-11-03,2026-09-04,2021,0,False,False
TECHM,4962,2006-08-28,2026-09-04,2006,0,False,True
TECHNOE,1914,2018-12-18,2026-09-04,2018,0,False,False
TECILCHEM,835,2023-04-20,2026-09-04,2023,0,False,False
TEGA,1170,2021-12-13,2026-09-04,2021,0,False,True
TEJASNET,2273,2017-06-27,2026-09-04,2017,0,False,True
TEMBO,1978,2018-08-29,2026-09-04,2018,0,False,False
TENNIND,197,2025-11-19,2026-09-03,2025,1,False,True
TERASOFT,2393,2016-12-29,2026-09-04,2016,0,False,False
TEXINFRA,5358,2005-01-03,2026-09-04,2005,0,False,False
TEXMOPIPES,4072,2010-03-10,2026-09-04,2010,0,False,True
TEXRAIL,3833,2011-03-03,2026-09-04,2011,0,False,False
TFCILTD,5358,2005-01-03,2026-09-04,2005,0,False,False
TFL,4658,2007-02-26,2026-09-04,2007,0,False,False
TGBHOTELS,4769,2007-05-17,2026-09-04,2007,0,False,False
THANGAMAYL,4084,2010-02-19,2026-09-04,2010,0,False,False
THEINVEST,2245,2017-08-03,2026-09-04,2017,0,False,False
THEJO,2506,2016-07-13,2026-09-04,2016,0,False,False
THELEELA,235,2025-06-02,2026-05-15,2025,112,True,True
THEMISMED,4786,2007-04-02,2026-09-04,2007,0,False,False
THERMAX,5358,2005-01-03,2026-09-04,2005,0,False,True
THOMASCOOK,5357,2005-01-03,2026-09-04,2005,0,False,False
THOMASCOTT,3600,2012-01-30,2026-09-04,2012,0,False,False
THYROCARE,2559,2016-05-09,2026-09-04,2016,0,False,True
TI,3984,2010-07-16,2026-09-04,2010,0,False,True
TICL-BE,718,2023-10-16,2026-09-04,2023,0,False,False
TIGERLOGS,154,2025-09-18,2026-05-07,2025,120,True,False
TIIL,4835,2007-02-12,2026-09-04,2007,0,False,True
TIINDIA,2191,2017-11-02,2026-09-04,2017,0,False,True
TIJARIA,3666,2011-10-14,2026-08-28,2011,7,False,False
TIMETECHNO,4753,2007-06-13,2026-09-04,2007,0,False,True
TIMKEN,5358,2005-01-03,2026-09-04,2005,0,False,False
TINNARUBR,344,2025-04-17,2026-09-04,2025,0,False,True
TIPSFILMS,967,2022-10-06,2026-09-04,2022,0,False,False
TIPSMUSIC,5355,2005-01-03,2026-09-04,2005,0,False,False
TIRUMALCHM,5358,2005-01-03,2026-09-04,2005,0,False,False
TIRUPATIFL,2063,2017-10-12,2026-02-17,2017,199,True,False
TITAGARH,4539,2008-04-21,2026-09-04,2008,0,False,True
TITAN,5839,2003-01-01,2026-09-04,2003,0,False,True
TMB,981,2022-09-15,2026-09-04,2022,0,False,True
TMCV,203,2025-11-12,2026-09-04,2025,0,False,True
TMPV,320,2025-05-26,2026-09-04,2025,0,False,True
TNIDETF,1094,2022-04-08,2026-09-04,2022,0,False,False
TNPETRO,5358,2005-01-03,2026-09-04,2005,0,False,False
TNPL,5358,2005-01-03,2026-09-04,2005,0,False,True
TNTELE,2382,2015-01-01,2026-09-04,2015,0,False,False
TOKYOPLAST,5356,2005-01-03,2026-09-04,2005,0,False,False
TOLINS,489,2024-09-16,2026-09-04,2024,0,False,True
TOP100CASE,551,2024-06-19,2026-09-04,2024,0,False,False
TOP10ADD,493,2024-09-11,2026-09-04,2024,0,False,True
TOP15IETF,293,2025-07-02,2026-09-04,2025,0,False,False
TOP20,173,2025-12-19,2026-09-01,2025,3,False,False
TORNTPHARM,5358,2005-01-03,2026-09-04,2005,0,False,False
TORNTPOWER,4885,2006-11-28,2026-09-04,2006,0,False,True
TOTAL,2241,2017-08-07,2026-09-04,2017,0,False,False
TOUCHWOOD,2149,2017-12-21,2026-09-04,2017,0,False,False
TPLPLASTEH,2791,2015-05-20,2026-09-04,2015,0,False,False
TRACXN,962,2022-10-20,2026-09-04,2022,0,False,True
TRANSRAILL,420,2024-12-27,2026-09-04,2024,0,False,True
TRANSWORLD,390,2024-10-14,2026-05-15,2024,112,True,True
TRAVELFOOD,206,2025-07-14,2026-05-15,2025,112,True,True
TREEHOUSE,3703,2011-08-26,2026-09-04,2011,0,False,True
TREJHARA,1896,2019-01-11,2026-09-04,2019,0,False,False
TREL,753,2023-08-10,2026-09-04,2023,0,False,True
TRENT,5358,2005-01-03,2026-09-04,2005,0,False,False
TRF,4113,2010-01-08,2026-09-04,2010,0,False,False
TRIDENT,5358,2005-01-03,2026-09-04,2005,0,False,False
TRIGYN,5358,2005-01-03,2026-09-04,2005,0,False,False
TRITURBINE,3670,2011-10-28,2026-09-04,2011,0,False,False
TRIVENI,5358,2005-01-03,2026-09-04,2005,0,False,True
TRU,892,2022-11-10,2026-09-04,2022,0,False,True
TRUALT,149,2025-10-03,2026-05-15,2025,112,True,True
TSFINV,148,2025-10-07,2026-05-15,2025,112,True,True
TTKHLTCARE,4113,2010-01-08,2026-09-04,2010,0,False,True
TTKPRESTIG,5358,2005-01-03,2026-09-04,2005,0,False,False
TTL,4828,2007-02-22,2026-09-04,2007,0,False,False
TTML,5358,2005-01-03,2026-09-04,2005,0,False,True
TVSELECT,5358,2005-01-03,2026-09-04,2005,0,False,False
TVSHLTD,5355,2005-01-03,2026-09-04,2005,0,False,False
TVSMOTOR,5358,2005-01-03,2026-09-04,2005,0,False,True
TVSSCS,745,2023-08-23,2026-09-04,2023,0,False,True
TVSSRICHAK,5358,2005-01-03,2026-09-04,2005,0,False,False
TVTODAY,5358,2005-01-03,2026-09-04,2005,0,False,True
TVVISION-BE,2313,2016-09-15,2026-09-04,2016,0,False,False
TWCGOLDETF,164,2026-01-02,2026-09-01,2026,3,False,False
UBL,4471,2008-07-28,2026-09-04,2008,0,False,False
UCAL,687,2023-07-17,2026-05-15,2023,112,True,False
UCOBANK,5358,2005-01-03,2026-09-04,2005,0,False,True
UDS,721,2023-10-04,2026-09-04,2023,0,False,True
UEL,301,2024-04-16,2026-09-04,2024,0,False,False
UFBL,150,2025-10-03,2026-05-15,2025,112,True,False
UFLEX,5358,2005-01-03,2026-09-04,2005,0,False,True
UFO,2795,2015-05-14,2026-09-04,2015,0,False,False
UGARSUGAR,3957,2010-08-23,2026-09-04,2010,0,False,False
UGROCAP,1258,2021-08-11,2026-09-04,2021,0,False,True
UJJIVANSFB,1668,2019-12-12,2026-09-04,2019,0,False,True
ULTRACEMCO,5448,2004-08-24,2026-09-04,2004,0,False,True
UMAEXPORTS,955,2022-04-07,2026-02-17,2022,199,True,False
UMESLTD,4362,2005-01-03,2026-09-04,2005,0,False,False
UMIYA-MRO,350,2025-04-07,2026-09-04,2025,0,False,False
UNICHEMLAB,5358,2005-01-03,2026-09-04,2005,0,False,False
UNIDT,1392,2020-09-25,2026-05-15,2020,112,True,True
UNIECOM,512,2024-08-13,2026-09-04,2024,0,False,True
UNIENTER,5357,2005-01-03,2026-09-04,2005,0,False,False
UNIINFO,2093,2018-03-15,2026-09-04,2018,0,False,False
UNIMECH,417,2024-12-31,2026-09-04,2024,0,False,True
UNIONBANK,5358,2005-01-03,2026-09-04,2005,0,False,True
UNIONGOLD,379,2025-02-21,2026-09-04,2025,0,False,False
UNIPARTS,922,2022-12-12,2026-09-04,2022,0,False,True
UNITDSPR,561,2024-05-30,2026-09-04,2024,0,False,True
UNITECH,5301,2005-01-03,2026-09-04,2005,0,False,True
UNITEDPOLY,1524,2016-06-07,2026-09-04,2016,0,False,False
UNITEDTEA,4112,2010-01-08,2026-09-04,2010,0,False,False
UNIVASTU,1943,2018-06-27,2026-05-15,2018,112,True,False
UNIVCABLES,5345,2005-01-03,2026-09-04,2005,0,False,False
UNIVPHOTO,1487,2020-02-14,2026-02-17,2020,199,True,False
UNIVPHOTO-BE,1627,2020-02-14,2026-09-04,2020,0,False,False
UNOMINDA,4841,2007-02-02,2026-09-04,2007,0,False,False
UPL,5572,2004-01-23,2026-09-04,2004,0,False,False
URAVIDEF,1938,2018-04-13,2026-02-17,2018,199,True,False
URBANCO,239,2025-09-17,2026-09-03,2025,1,False,True
URJA,2333,2017-03-28,2026-09-04,2017,0,False,False
USHAMART,5358,2005-01-03,2026-09-04,2005,0,False,True
USK,845,2023-04-03,2026-09-04,2023,0,False,True
UTIAMC,1459,2020-10-13,2026-09-04,2020,0,False,True
UTKARSHBNK,776,2023-07-21,2026-09-04,2023,0,False,True
UTLSOLAR,118,2025-11-20,2026-05-15,2025,112,True,True
UTTAMSUGAR,5044,2006-04-10,2026-09-04,2006,0,False,True
UYFINCORP-BE,478,2024-10-03,2026-09-04,2024,0,False,False
V2RETAIL,4738,2007-07-04,2026-09-04,2007,0,False,True
VADILALIND,3754,2011-06-15,2026-09-04,2011,0,False,True
VAIBHAVGBL,2890,2015-01-01,2026-09-04,2015,0,False,False
VAISHALI,2232,2017-08-22,2026-09-04,2017,0,False,False
VAKRANGEE,5047,2006-04-03,2026-09-04,2006,0,False,True
VAL30IETF,465,2024-10-22,2026-09-04,2024,0,False,False
VALIANTLAB,584,2023-10-06,2026-02-17,2023,199,True,True
VALIANTORG,1387,2020-10-05,2026-05-15,2020,112,True,True
VARDMNPOLY,5339,2005-01-03,2026-09-04,2005,0,False,False
VARROC,2014,2018-07-09,2026-09-04,2018,0,False,True
VASCONEQ,4088,2010-02-15,2026-09-04,2010,0,False,False
VASWANI,3665,2011-10-24,2026-09-04,2011,0,False,False
VBL,2435,2016-11-08,2026-09-04,2016,0,False,True
VCL-BE,1025,2022-04-19,2026-09-04,2022,0,False,True
VEDL,5358,2005-01-03,2026-09-04,2005,0,False,True
VEEDOL,4852,2007-01-16,2026-09-04,2007,0,False,False
VENKEYS,5358,2005-01-03,2026-09-04,2005,0,False,False
VENTIVE,418,2024-12-30,2026-09-04,2024,0,False,True
VENUSPIPES,1060,2022-05-24,2026-09-04,2022,0,False,True
VENUSREM-BE,4862,2006-12-20,2026-09-04,2006,0,False,False
VERANDA,1088,2022-04-11,2026-09-04,2022,0,False,True
VERTOZ,2168,2017-11-24,2026-09-04,2017,0,False,False
VESUVIUS,5358,2005-01-03,2026-09-04,2005,0,False,False
VETO,2727,2015-04-29,2026-05-15,2015,112,True,False
VGL,4886,2006-11-21,2026-09-04,2006,0,False,False
VGUARD,4562,2008-03-13,2026-09-04,2008,0,False,True
VHL,5307,2005-01-03,2026-09-04,2005,0,False,False
VHLTD-BE,547,2024-04-03,2026-09-04,2024,0,False,False
VIDHIING,2595,2016-03-02,2026-09-04,2016,0,False,False
VIDYAWIRES,104,2025-12-10,2026-05-15,2025,112,True,True
VIJAYA,1231,2021-09-14,2026-09-04,2021,0,False,True
VIJIFIN,2374,2016-07-11,2026-02-17,2016,199,True,False
VIKASECO,3635,2011-12-12,2026-09-04,2011,0,False,False
VIKASLIFE,1814,2019-05-08,2026-09-04,2019,0,False,True
VIKRAMSOLR,176,2025-08-26,2026-05-15,2025,112,True,True
VIKRAN,171,2025-09-03,2026-05-15,2025,112,True,True
VIMTALABS,5120,2005-12-15,2026-09-04,2005,0,False,False
VINATIORGA,4230,2009-07-28,2026-09-04,2009,0,False,False
VINCOFE,466,2024-10-18,2026-09-04,2024,0,False,True
VINDHYATEL,5357,2005-01-03,2026-09-04,2005,0,False,False
VINEETLAB,1293,2021-06-15,2026-09-04,2021,0,False,False
VINNY,1939,2018-10-26,2026-09-04,2018,0,False,False
VINYLINDIA,5358,2005-01-03,2026-09-04,2005,0,False,False
VIPCLOTHNG,4715,2007-08-06,2026-09-04,2007,0,False,False
VIPIND,5358,2005-01-03,2026-09-04,2005,0,False,False
VIPULLTD-BE,4040,2010-01-08,2026-09-04,2010,0,False,False
VIRINCHI,827,2023-05-03,2026-09-04,2023,0,False,True
VISAKAIND,5358,2005-01-03,2026-09-04,2005,0,False,False
VISHNU,2840,2015-03-05,2026-09-04,2015,0,False,False
VISHWARAJ,1707,2019-10-15,2026-09-04,2019,0,False,True
VITAL,930,2022-11-14,2026-09-04,2022,0,False,False
VIVIDHA,3280,2013-05-21,2026-09-04,2013,0,False,False
VIYASH,2596,2016-03-10,2026-09-04,2016,0,False,False
VLEGOV,616,2023-08-14,2026-02-17,2023,199,True,True
VLSFINANCE,5358,2005-01-03,2026-09-04,2005,0,False,False
VMART,3345,2013-02-20,2026-09-04,2013,0,False,False
VMM,426,2024-12-18,2026-09-04,2024,0,False,True
VMSTMT,99,2025-09-24,2026-02-17,2025,199,True,False
VOLTAMP,4931,2006-09-20,2026-09-04,2006,0,False,True
VOLTAS,5358,2005-01-03,2026-09-04,2005,0,False,True
VPRPL,740,2023-09-05,2026-09-04,2023,0,False,True
VRAJ,540,2024-07-03,2026-09-04,2024,0,False,True
VRLLOG,2811,2015-04-30,2026-09-04,2015,0,False,True
VSSL,3528,2012-05-17,2026-09-04,2012,0,False,False
VSTIND,5358,2005-01-03,2026-09-04,2005,0,False,False
VSTL,628,2024-02-20,2026-09-04,2024,0,False,True
VSTTILLERS,3751,2011-06-20,2026-09-04,2011,0,False,False
VTL,5358,2005-01-03,2026-09-04,2005,0,False,False
WAAREEENER,461,2024-10-28,2026-09-04,2024,0,False,True
WAAREERTL,348,2025-04-09,2026-09-04,2025,0,False,True
WABAG,3922,2010-10-13,2026-09-04,2010,0,False,True
WAKEFIT,101,2025-12-15,2026-05-15,2025,112,True,True
WALCHANNAG,5348,2005-01-03,2026-09-04,2005,0,False,False
WANBURY,2830,2015-01-01,2026-09-04,2015,0,False,False
WCIL,483,2024-09-24,2026-09-04,2024,0,False,True
WEALTH,2336,2017-03-21,2026-09-04,2017,0,False,False
WEBELSOLAR,2890,2015-01-01,2026-09-04,2015,0,False,False
WEIZMANIND,5341,2005-01-03,2026-09-04,2005,0,False,False
WEL,1740,2019-08-22,2026-09-04,2019,0,False,False
WELCORP,5358,2005-01-03,2026-09-04,2005,0,False,True
WELENT,5358,2005-01-03,2026-09-04,2005,0,False,True
WELSPUNLIV,5358,2005-01-03,2026-09-04,2005,0,False,False
WENDT,5358,2005-01-03,2026-09-04,2005,0,False,False
WESTLIFE,1744,2019-08-19,2026-09-04,2019,0,False,True
WEWIN,2013,2018-07-06,2026-09-04,2018,0,False,False
WEWORK,145,2025-10-10,2026-05-15,2025,112,True,True
WHEELS,5358,2005-01-03,2026-09-04,2005,0,False,False
WHIRLPOOL,4121,2010-01-08,2026-09-04,2010,0,False,True
WILLAMAGOR,5328,2005-01-03,2026-09-04,2005,0,False,True
WINDLAS,1250,2021-08-16,2026-09-04,2021,0,False,True
WINDMACHIN,5358,2005-01-03,2026-09-04,2005,0,False,False
WIPL,2319,2017-04-18,2026-09-04,2017,0,False,False
WIPRO,5839,2003-01-01,2026-09-04,2003,0,False,True
WOCKPHARMA,5358,2005-01-03,2026-09-04,2005,0,False,True
WONDERLA,3041,2014-05-09,2026-09-04,2014,0,False,True
WORTHPERI,2207,2017-09-27,2026-09-04,2017,0,False,False
WSI,4929,2005-01-03,2026-09-04,2005,0,False,False
WSTCSTPAPR,5358,2005-01-03,2026-09-04,2005,0,False,False
XCHANGING,5313,2005-03-09,2026-09-04,2005,0,False,True
XELPMOC,1873,2019-02-04,2026-09-04,2019,0,False,False
XPROINDIA,5358,2005-01-03,2026-09-04,2005,0,False,False
XTGLOBAL,487,2024-09-16,2026-09-04,2024,0,False,False
YASHO,747,2023-08-21,2026-09-04,2023,0,False,True
YATHARTH,765,2023-08-07,2026-09-04,2023,0,False,True
YATRA,724,2023-09-28,2026-09-04,2023,0,False,True
YESBANK,5226,2005-07-12,2026-09-04,2005,0,False,True
YUKEN,1238,2021-09-02,2026-09-04,2021,0,False,False
ZAGGLE,724,2023-09-22,2026-09-04,2023,0,False,True
ZEEL,5358,2005-01-03,2026-09-04,2005,0,False,True
ZEELEARN,3798,2010-12-20,2026-05-15,2010,112,True,True
ZEEMEDIA,4856,2007-01-10,2026-09-04,2007,0,False,False
ZENITHEXPO,4801,2005-01-03,2026-09-03,2005,1,False,False
ZENITHSTL,4086,2007-04-30,2026-09-04,2007,0,False,False
ZENSARTECH,5358,2005-01-03,2026-09-04,2005,0,False,False
ZENTEC,2831,2015-03-30,2026-09-04,2015,0,False,False
ZFCVINDIA,4426,2008-10-01,2026-09-04,2008,0,False,False
ZIMLAB,933,2022-11-25,2026-09-04,2022,0,False,True
ZODIAC,1731,2017-12-05,2026-09-04,2017,0,False,False
ZODIACLOTH,5345,2005-01-03,2026-09-04,2005,0,False,False
ZOTA,2304,2017-05-10,2026-09-04,2017,0,False,False
ZUARI,3398,2012-11-27,2026-09-04,2012,0,False,False
ZUARIIND,5358,2005-01-03,2026-09-04,2005,0,False,False
ZYDUSLIFE,320,2025-05-26,2026-09-04,2025,0,False,True
ZYDUSWELL,4158,2009-11-13,2026-09-04,2009,0,False,False
