,nav
2005-01-03,1000193.630506544
2005-01-04,1000387.2985058611
2005-01-05,1000581.0040052109
2005-01-06,1000774.7470118548
2005-01-07,1000968.527533055
2005-01-10,1001162.3455760758
2005-01-11,1001356.2011481825
2005-01-12,1001550.0942566418
2005-01-13,1001744.0249087219
2005-01-14,1001937.9931116924
2005-01-17,1002131.9988728242
2005-01-18,1002326.0421993899
2005-01-19,1002520.1230986632
2005-01-20,1002714.2415779193
2005-01-24,1002908.3976444349
2005-01-25,1003102.591305488
2005-01-27,1003296.822568358
2005-01-28,1003491.091440326
2005-01-31,1003685.3979286739
2005-02-01,1003879.7420406856
2005-02-02,1004074.1237836462
2005-02-03,1004268.5431648421
2005-02-04,1004463.0001915613
2005-02-07,1004657.4948710931
2005-02-08,1004852.0272107281
2005-02-09,1005046.5972177587
2005-02-10,1005241.2048994782
2005-02-11,1005435.8502631818
2005-02-14,1005630.5333161658
2005-02-15,1005825.2540657279
2005-02-16,1006020.0125191674
2005-02-17,1006214.8086837848
2005-02-18,1006409.6425668823
2005-02-21,1006604.5141757632
2005-02-22,1006799.4235177325
2005-02-23,1006279.875
2005-02-24,1007738.5625
2005-02-25,1007385.6875
2005-02-28,1010285.9375
2005-03-01,1008715.625
2005-03-02,1009892.0625
2005-03-03,1011058.75
2005-03-04,1010910.5625
2005-03-07,1012301.3125
2005-03-08,1012250.625
2005-03-09,1012141.5
2005-03-10,1014272.625
2005-03-11,1013978.5625
2005-03-14,1013908.5
2005-03-15,1013867.75
2005-03-16,1013710.0625
2005-03-17,1013727.8125
2005-03-18,1014057.25
2005-03-21,1013773.0625
2005-03-22,1011248.75
2005-03-23,1008169.25
2005-03-24,1008602.0625
2005-03-28,1008797.3125
2005-03-29,1008992.625
2005-03-30,1009187.9375
2005-03-31,1009383.3125
2005-04-01,1009578.75
2005-04-04,1009774.1875
2005-04-05,1009969.6875
2005-04-06,1010165.1875
2005-04-07,1010360.75
2005-04-08,1010556.375
2005-04-11,1010752.0
2005-04-12,1010947.6875
2005-04-13,1011143.375
2005-04-15,1011339.125
2005-04-18,1011534.9375
2005-04-19,1011730.75
2005-04-20,1011926.625
2005-04-21,1012122.5
2005-04-22,1012318.4375
2005-04-25,1012514.4375
2005-04-26,1012710.4375
2005-04-27,1012906.5
2005-04-28,1013102.625
2005-04-29,1013298.75
2005-05-02,1013494.9375
2005-05-03,1013691.125
2005-05-04,1013887.375
2005-05-05,1014083.6875
2005-05-06,1014280.0
2005-05-09,1014476.375
2005-05-10,1014672.75
2005-05-11,1014869.1875
2005-05-12,1015065.6875
2005-05-13,1015262.1875
2005-05-16,1015458.75
2005-05-17,1015655.3125
2005-05-18,1015851.9375
2005-05-19,1016048.625
2005-05-20,1016245.3125
2005-05-23,1018986.625
2005-05-24,1021071.625
2005-05-25,1018993.6875
2005-05-26,1019087.75
2005-05-27,1021422.5625
2005-05-30,1017966.8125
2005-05-31,1019460.125
2005-06-01,1022016.75
2005-06-02,1023906.625
2005-06-03,1027336.5625
2005-06-04,1027509.0
2005-06-06,1025262.3125
2005-06-07,1031464.75
2005-06-08,1030840.5
2005-06-09,1025480.875
2005-06-10,1014477.0
2005-06-13,1018439.875
2005-06-14,1021709.3125
2005-06-15,1023209.0
2005-06-16,1007177.75
2005-06-17,999057.9375
2005-06-20,995356.5625
2005-06-21,1002851.4375
2005-06-22,1005214.0
2005-06-23,1004210.6875
2005-06-24,1005874.375
2005-06-27,1008897.75
2005-06-28,990909.625
2005-06-29,1002009.75
2005-06-30,998367.8125
2005-07-01,1016713.375
2005-07-04,1039204.5
2005-07-05,1023117.0
2005-07-06,1040545.0625
2005-07-07,1005398.6875
2005-07-08,1027408.3125
2005-07-11,1031965.8125
2005-07-12,1038621.0
2005-07-13,1035333.25
2005-07-14,1028429.5625
2005-07-15,1050768.625
2005-07-18,1064643.375
2005-07-19,1076774.25
2005-07-20,1083141.125
2005-07-21,1066973.625
2005-07-22,1080152.75
2005-07-25,1080573.125
2005-07-26,1074295.875
2005-07-27,1080918.0
2005-07-29,1069160.875
2005-08-01,1074625.75
2005-08-02,1105160.875
2005-08-03,1103072.0
2005-08-04,1100716.875
2005-08-05,1112951.25
2005-08-08,1094131.25
2005-08-09,1084514.125
2005-08-10,1118781.25
2005-08-11,1121700.25
2005-08-12,1118808.0
2005-08-16,1124773.25
2005-08-17,1131036.75
2005-08-18,1115128.5
2005-08-19,1127906.0
2005-08-22,1115847.25
2005-08-23,1091676.75
2005-08-24,1082799.25
2005-08-25,1089277.625
2005-08-26,1111234.25
2005-08-29,1110066.0
2005-08-30,1115378.25
2005-08-31,1122042.125
2005-09-01,1121228.0
2005-09-02,1130453.75
2005-09-05,1130152.875
2005-09-06,1134805.625
2005-09-08,1143844.625
2005-09-09,1136743.375
2005-09-12,1149031.625
2005-09-13,1156797.625
2005-09-14,1146323.75
2005-09-15,1164740.0
2005-09-16,1163846.125
2005-09-19,1166430.125
2005-09-20,1153846.875
2005-09-21,1128306.0
2005-09-22,1068859.375
2005-09-23,1070785.0
2005-09-26,1104252.0
2005-09-27,1110759.5
2005-09-28,1114259.5
2005-09-29,1110413.875
2005-09-30,1116571.5
2005-10-03,1134273.0
2005-10-04,1145999.375
2005-10-05,1141095.625
2005-10-06,1121617.125
2005-10-07,1119233.25
2005-10-10,1107263.5
2005-10-11,1108589.75
2005-10-13,1095974.625
2005-10-14,1075426.25
2005-10-17,1069282.75
2005-10-18,1065676.75
2005-10-19,1050212.5
2005-10-20,1045374.0
2005-10-21,1057202.375
2005-10-24,1038180.9375
2005-10-25,1039137.0625
2005-10-26,1037640.125
2005-10-27,1025993.375
2005-10-28,1022733.25
2005-10-31,1029056.25
2005-11-01,1031943.25
2005-11-02,1032104.6875
2005-11-07,1040751.375
2005-11-08,1044722.75
2005-11-09,1044764.8125
2005-11-10,1047550.0
2005-11-11,1059465.0
2005-11-14,1062124.25
2005-11-16,1068390.125
2005-11-17,1073670.75
2005-11-18,1064759.75
2005-11-21,1065449.75
2005-11-22,1063567.25
2005-11-23,1071699.875
2005-11-24,1078482.75
2005-11-25,1087041.625
2005-11-26,1087457.125
2005-11-28,1097975.0
2005-11-29,1097639.875
2005-11-30,1081597.125
2005-12-01,1101675.875
2005-12-02,1099147.875
2005-12-05,1090755.375
2005-12-06,1087992.5
2005-12-07,1093446.0
2005-12-08,1119307.25
2005-12-09,1119133.75
2005-12-12,1124056.75
2005-12-13,1126012.25
2005-12-14,1129115.875
2005-12-15,1111452.375
2005-12-16,1124007.0
2005-12-19,1136233.125
2005-12-20,1129912.5
2005-12-21,1130509.375
2005-12-22,1132900.625
2005-12-23,1123428.875
2005-12-26,1093688.875
2005-12-27,1117162.875
2005-12-28,1122495.25
2005-12-29,1127582.125
2005-12-30,1140257.25
2006-01-02,1143602.5
2006-01-03,1160155.5
2006-01-04,1174618.75
2006-01-05,1167102.625
2006-01-06,1166043.875
2006-01-09,1168209.375
2006-01-10,1155531.75
2006-01-12,1159642.875
2006-01-13,1166080.5
2006-01-16,1156256.125
2006-01-17,1155033.125
2006-01-18,1143452.25
2006-01-19,1162592.375
2006-01-20,1166095.875
2006-01-23,1152821.375
2006-01-24,1154331.0
2006-01-25,1148597.625
2006-01-27,1174664.875
2006-01-30,1169759.25
2006-01-31,1178657.875
2006-02-01,1173935.375
2006-02-02,1188698.25
2006-02-03,1183216.0
2006-02-06,1201410.125
2006-02-07,1212692.0
2006-02-08,1229151.875
2006-02-10,1238016.875
2006-02-13,1261843.375
2006-02-14,1255494.625
2006-02-15,1268474.25
2006-02-16,1283527.875
2006-02-17,1256155.0
2006-02-20,1272701.0
2006-02-21,1276483.5
2006-02-22,1281964.75
2006-02-23,1280825.125
2006-02-24,1271993.125
2006-02-27,1271777.375
2006-02-28,1272836.125
2006-03-01,1302598.375
2006-03-02,1309204.75
2006-03-03,1312089.75
2006-03-06,1352146.125
2006-03-07,1360074.875
2006-03-08,1323113.75
2006-03-09,1335036.0
2006-03-10,1354124.0
2006-03-13,1350839.625
2006-03-14,1343199.75
2006-03-16,1362131.125
2006-03-17,1373498.875
2006-03-20,1385488.0
2006-03-21,1369193.125
2006-03-22,1366780.5
2006-03-23,1384462.5
2006-03-24,1409903.875
2006-03-27,1420771.375
2006-03-28,1419518.625
2006-03-29,1427740.125
2006-03-30,1422482.5
2006-03-31,1440838.5
2006-04-03,1489381.25
2006-04-04,1498098.5
2006-04-05,1537037.5
2006-04-07,1517304.75
2006-04-10,1532574.0
2006-04-12,1490310.625
2006-04-13,1448425.875
2006-04-17,1495586.625
2006-04-18,1524147.0
2006-04-19,1545304.5
2006-04-20,1565443.0
2006-04-21,1561955.75
2006-04-24,1557587.25
2006-04-25,1523333.0
2006-04-26,1558762.75
2006-04-27,1547859.875
2006-04-28,1553086.0
2006-04-29,1554944.5
2006-05-02,1605187.875
2006-05-03,1610468.875
2006-05-04,1618836.0
2006-05-05,1631776.75
2006-05-08,1652073.625
2006-05-09,1679948.125
2006-05-10,1700876.75
2006-05-11,1665256.125
2006-05-12,1636325.0
2006-05-15,1568896.625
2006-05-16,1570161.875
2006-05-17,1629048.0
2006-05-18,1501346.625
2006-05-19,1462044.5
2006-05-22,1430737.375
2006-05-23,1427280.75
2006-05-24,1417494.75
2006-05-25,1413537.875
2006-05-26,1418682.375
2006-05-29,1419314.5
2006-05-30,1419961.125
2006-05-31,1409139.75
2006-06-01,1405915.875
2006-06-02,1404110.75
2006-06-05,1399953.0
2006-06-06,1394593.75
2006-06-07,1381988.75
2006-06-08,1377652.75
2006-06-09,1377919.5
2006-06-12,1378186.25
2006-06-13,1378453.0
2006-06-14,1378719.875
2006-06-15,1378986.75
2006-06-16,1379253.75
2006-06-19,1379520.75
2006-06-20,1379787.875
2006-06-21,1380055.0
2006-06-22,1380322.125
2006-06-23,1380589.375
2006-06-25,1380856.625
2006-06-26,1381124.0
2006-06-27,1381391.375
2006-06-28,1381658.75
2006-06-29,1381926.25
2006-06-30,1382193.75
2006-07-03,1382461.375
2006-07-04,1382729.0
2006-07-05,1382996.75
2006-07-06,1383264.5
2006-07-07,1383532.25
2006-07-10,1383800.125
2006-07-11,1384068.0
2006-07-12,1384336.0
2006-07-13,1381121.5
2006-07-14,1379737.75
2006-07-17,1377845.75
2006-07-18,1379295.0
2006-07-19,1378313.375
2006-07-20,1380696.375
2006-07-21,1378694.25
2006-07-24,1379399.0
2006-07-25,1379623.125
2006-07-26,1381632.125
2006-07-27,1382474.875
2006-07-28,1381339.875
2006-07-31,1382840.625
2006-08-01,1383210.75
2006-08-02,1383888.25
2006-08-03,1384451.5
2006-08-04,1385081.875
2006-08-07,1384987.25
2006-08-08,1385763.5
2006-08-09,1386894.25
2006-08-10,1387469.625
2006-08-11,1389376.875
2006-08-14,1390283.25
2006-08-16,1390378.0
2006-08-17,1385503.25
2006-08-18,1386459.875
2006-08-21,1389358.5
2006-08-22,1386557.5
2006-08-23,1383426.75
2006-08-24,1384278.625
2006-08-25,1384929.5
2006-08-28,1383347.0
2006-08-29,1384657.75
2006-08-30,1384175.125
2006-08-31,1370913.875
2006-09-01,1377807.5
2006-09-04,1385367.25
2006-09-05,1388421.875
2006-09-06,1386425.75
2006-09-07,1377951.125
2006-09-08,1374187.5
2006-09-11,1350383.0
2006-09-12,1364660.875
2006-09-13,1381749.25
2006-09-14,1381776.875
2006-09-15,1386910.75
2006-09-18,1384991.25
2006-09-19,1364761.0
2006-09-20,1375988.0
2006-09-21,1371919.375
2006-09-22,1375473.375
2006-09-25,1368761.625
2006-09-26,1383453.0
2006-09-27,1383403.75
2006-09-28,1381362.25
2006-09-29,1398527.375
2006-10-03,1390317.25
2006-10-04,1375992.875
2006-10-05,1396261.375
2006-10-06,1396992.875
2006-10-09,1403611.75
2006-10-10,1401608.25
2006-10-11,1394156.875
2006-10-12,1419071.625
2006-10-13,1425785.375
2006-10-16,1434857.0
2006-10-17,1434976.125
2006-10-18,1439136.5
2006-10-19,1427106.625
2006-10-20,1427591.125
2006-10-21,1357360.75
2006-10-23,1429231.25
2006-10-26,1450207.375
2006-10-27,1473271.5
2006-10-30,1477988.0
2006-10-31,1486037.5
2006-11-01,1498222.5
2006-11-02,1504687.0
2006-11-03,1506106.125
2006-11-06,1509617.375
2006-11-07,1505952.125
2006-11-08,1497559.375
2006-11-09,1500483.25
2006-11-10,1518004.0
2006-11-13,1537595.0
2006-11-14,1540305.5
2006-11-15,1551731.75
2006-11-16,1552152.0
2006-11-17,1542151.375
2006-11-20,1542138.625
2006-11-21,1571933.5
2006-11-22,1584292.5
2006-11-23,1585904.0
2006-11-24,1592291.375
2006-11-27,1583031.125
2006-11-28,1572336.75
2006-11-29,1586660.25
2006-11-30,1596711.625
2006-12-01,1635832.0
2006-12-04,1636339.125
2006-12-05,1632358.125
2006-12-06,1613173.0
2006-12-07,1611746.875
2006-12-08,1621062.25
2006-12-11,1563869.875
2006-12-12,1496226.875
2006-12-13,1509601.5
2006-12-14,1529346.75
2006-12-15,1545050.625
2006-12-18,1546021.875
2006-12-19,1530696.5
2006-12-20,1525937.5
2006-12-21,1523436.125
2006-12-22,1532292.25
2006-12-26,1544650.25
2006-12-27,1551941.5
2006-12-28,1566378.625
2006-12-29,1570654.375
2007-01-02,1592192.875
2007-01-03,1608999.0
2007-01-04,1603954.0
2007-01-05,1606923.0
2007-01-08,1620859.375
2007-01-09,1629149.125
2007-01-10,1627866.25
2007-01-11,1666932.75
2007-01-12,1721103.125
2007-01-15,1742655.25
2007-01-16,1750362.625
2007-01-17,1750708.75
2007-01-18,1739008.75
2007-01-19,1727590.375
2007-01-22,1749024.25
2007-01-23,1750034.25
2007-01-24,1758249.625
2007-01-25,1792179.875
2007-01-29,1798895.375
2007-01-31,1789335.625
2007-02-01,1812810.875
2007-02-02,1830892.625
2007-02-05,1872352.5
2007-02-06,1878587.5
2007-02-07,1875851.75
2007-02-08,1885153.625
2007-02-09,1850732.75
2007-02-12,1798600.375
2007-02-13,1806020.625
2007-02-14,1823825.25
2007-02-15,1876663.75
2007-02-19,1889241.25
2007-02-20,1873432.125
2007-02-21,1889219.125
2007-02-22,1877143.0
2007-02-23,1832571.75
2007-02-26,1825436.625
2007-02-27,1820088.5
2007-02-28,1771753.25
2007-03-01,1790562.0
2007-03-02,1789322.25
2007-03-05,1715304.75
2007-03-06,1738307.25
2007-03-07,1724512.0
2007-03-08,1768780.25
2007-03-09,1761274.5
2007-03-12,1773855.25
2007-03-13,1807614.125
2007-03-14,1781683.375
2007-03-15,1786402.0
2007-03-16,1781873.25
2007-03-19,1788714.375
2007-03-20,1788802.5
2007-03-21,1790543.25
2007-03-22,1805720.25
2007-03-23,1807482.125
2007-03-26,1805168.75
2007-03-28,1795268.875
2007-03-29,1808523.25
2007-03-30,1834870.0
2007-04-02,1706081.625
2007-04-03,1720341.75
2007-04-04,1746644.25
2007-04-05,1756486.0
2007-04-09,1781580.0
2007-04-10,1824891.625
2007-04-11,1819158.75
2007-04-12,1820275.75
2007-04-13,1833955.375
2007-04-16,1852352.75
2007-04-17,1837489.0
2007-04-18,1850141.5
2007-04-19,1848588.25
2007-04-20,1858758.0
2007-04-23,1861276.375
2007-04-24,1861769.0
2007-04-25,1890140.375
2007-04-26,1899210.75
2007-04-27,1885777.25
2007-04-30,1895581.25
2007-05-03,1894550.5
2007-05-04,1858790.25
2007-05-07,1853050.75
2007-05-08,1843441.0
2007-05-09,1857237.875
2007-05-10,1847875.75
2007-05-11,1850277.25
2007-05-14,1893760.75
2007-05-15,1883663.125
2007-05-16,1900952.625
2007-05-17,1917094.75
2007-05-18,1939430.875
2007-05-21,1965866.25
2007-05-22,1972897.0
2007-05-23,1952042.0
2007-05-24,1940163.25
2007-05-25,1929869.875
2007-05-28,1946317.125
2007-05-29,1972213.625
2007-05-30,1931866.875
2007-05-31,1932218.625
2007-06-01,1962842.25
2007-06-04,1937557.0
2007-06-05,1955673.875
2007-06-06,1916791.125
2007-06-07,1925493.375
2007-06-08,1915079.5
2007-06-11,1904107.125
2007-06-12,1885052.625
2007-06-13,1883286.0
2007-06-14,1921363.25
2007-06-15,1934375.25
2007-06-18,1922189.875
2007-06-19,1961352.125
2007-06-20,1986829.0
2007-06-21,1988891.75
2007-06-22,1977113.375
2007-06-25,1960600.125
2007-06-26,1981902.875
2007-06-27,1980008.5
2007-06-28,1972531.625
2007-06-29,2005344.625
2007-07-02,2021275.375
2007-07-03,2031902.125
2007-07-04,2020432.75
2007-07-05,2009482.75
2007-07-06,2006535.125
2007-07-09,2040326.5
2007-07-10,2031964.375
2007-07-11,2053441.25
2007-07-12,2087851.375
2007-07-13,2088530.75
2007-07-16,2073910.5
2007-07-17,2067323.0
2007-07-18,2059433.5
2007-07-19,2072008.625
2007-07-20,2061138.0
2007-07-23,2071233.75
2007-07-24,2073966.375
2007-07-25,2053236.75
2007-07-26,2055547.625
2007-07-27,2017634.75
2007-07-30,2034579.125
2007-07-31,2052311.25
2007-08-01,1988115.0
2007-08-02,2017995.25
2007-08-03,2032641.0
2007-08-06,2008550.75
2007-08-07,2009280.75
2007-08-08,2030844.375
2007-08-09,2006310.25
2007-08-10,1982056.125
2007-08-13,1994307.625
2007-08-14,1988509.75
2007-08-16,1927631.5
2007-08-17,1935697.25
2007-08-20,1942609.0
2007-08-21,1913526.0
2007-08-22,1912525.25
2007-08-23,1883744.0
2007-08-24,1904691.0
2007-08-27,1912769.75
2007-08-28,1917885.5
2007-08-29,1916986.25
2007-08-30,1921961.75
2007-08-31,1948686.5
2007-09-03,1961584.625
2007-09-04,1969011.0
2007-09-05,1964636.625
2007-09-06,1974276.5
2007-09-07,1957087.0
2007-09-10,1969918.25
2007-09-11,1960841.5
2007-09-12,1973233.25
2007-09-13,1978556.875
2007-09-14,1937248.5
2007-09-17,1946974.625
2007-09-18,1959567.25
2007-09-19,1980576.375
2007-09-20,1988426.625
2007-09-21,2016016.5
2007-09-24,2030606.5
2007-09-25,2027899.5
2007-09-26,2041721.625
2007-09-27,2039576.75
2007-09-28,2119939.75
2007-10-01,2142013.75
2007-10-03,2139953.75
2007-10-04,2147348.0
2007-10-05,2100910.25
2007-10-08,2001073.0
2007-10-09,2058781.375
2007-10-10,2071951.25
2007-10-11,2099803.25
2007-10-12,2093805.5
2007-10-15,2193127.75
2007-10-16,2224988.75
2007-10-17,2165651.5
2007-10-18,2075494.625
2007-10-19,1994225.375
2007-10-22,2019573.75
2007-10-23,2113912.0
2007-10-24,2139384.75
2007-10-25,2174815.75
2007-10-26,2249809.5
2007-10-29,2325112.5
2007-10-30,2336749.0
2007-10-31,2363843.5
2007-11-01,2284813.0
2007-11-02,2315135.25
2007-11-05,2319356.75
2007-11-06,2310623.25
2007-11-07,2326050.5
2007-11-08,2294851.5
2007-11-09,2304160.75
2007-11-12,2323630.0
2007-11-13,2362683.75
2007-11-14,2424516.25
2007-11-15,2499100.0
2007-11-16,2549180.0
2007-11-19,2644456.5
2007-11-20,2590052.5
2007-11-21,2414602.5
2007-11-22,2400308.0
2007-11-23,2479493.0
2007-11-26,2556594.0
2007-11-27,2529578.0
2007-11-28,2540449.0
2007-11-29,2532721.0
2007-11-30,2611075.75
2007-12-03,2647860.5
2007-12-04,2695863.0
2007-12-05,2788728.25
2007-12-06,2800429.25
2007-12-07,2764945.25
2007-12-10,2794705.0
2007-12-11,2781140.25
2007-12-12,2808749.0
2007-12-13,2807600.5
2007-12-14,2826543.0
2007-12-17,2694202.5
2007-12-18,2695453.25
2007-12-19,2721222.0
2007-12-20,2714954.5
2007-12-24,2771808.75
2007-12-26,2849974.75
2007-12-27,2847969.0
2007-12-28,2873217.0
2007-12-31,2931635.0
2008-01-01,2961422.25
2008-01-02,3011800.25
2008-01-03,2990989.75
2008-01-04,2980578.25
2008-01-07,2950730.75
2008-01-08,2864763.0
2008-01-09,2874632.5
2008-01-10,2777860.25
2008-01-11,2786288.5
2008-01-14,2833459.0
2008-01-15,2769634.5
2008-01-16,2748208.5
2008-01-17,2790855.75
2008-01-18,2650987.0
2008-01-21,2431672.0
2008-01-22,2312364.5
2008-01-23,2299472.0
2008-01-24,2296534.5
2008-01-25,2306353.0
2008-01-28,2298941.0
2008-01-29,2287957.5
2008-01-30,2276817.0
2008-01-31,2268925.25
2008-02-01,2269364.5
2008-02-04,2269803.75
2008-02-05,2270243.25
2008-02-06,2270682.75
2008-02-07,2271122.25
2008-02-08,2271562.0
2008-02-11,2272001.75
2008-02-12,2272441.5
2008-02-13,2272881.5
2008-02-14,2273321.5
2008-02-15,2273761.5
2008-02-18,2274201.75
2008-02-19,2274642.0
2008-02-20,2275082.25
2008-02-21,2275522.75
2008-02-22,2275963.25
2008-02-25,2276403.75
2008-02-26,2276844.5
2008-02-27,2277285.25
2008-02-28,2277726.0
2008-02-29,2278167.0
2008-03-03,2278608.0
2008-03-04,2279049.25
2008-03-05,2279490.5
2008-03-07,2279931.75
2008-03-10,2280373.25
2008-03-11,2280814.75
2008-03-12,2281256.25
2008-03-13,2281698.0
2008-03-14,2282139.75
2008-03-17,2282581.5
2008-03-18,2283023.5
2008-03-19,2283465.5
2008-03-24,2283907.5
2008-03-25,2284349.75
2008-03-26,2284792.0
2008-03-27,2285234.25
2008-03-28,2285676.75
2008-03-31,2286119.25
2008-04-01,2138571.25
2008-04-02,2138985.25
2008-04-03,2139399.25
2008-04-04,2139813.5
2008-04-07,2140227.75
2008-04-08,2140642.0
2008-04-09,2141056.5
2008-04-10,2141471.0
2008-04-11,2141885.5
2008-04-15,2142300.25
2008-04-16,2142715.0
2008-04-17,2143129.75
2008-04-21,2143544.75
2008-04-22,2143959.75
2008-04-23,2144374.75
2008-04-24,2144790.0
2008-04-25,2145205.25
2008-04-28,2145620.5
2008-04-29,2152065.5
2008-04-30,2159247.25
2008-05-02,2165850.5
2008-05-05,2163841.5
2008-05-06,2147114.25
2008-05-07,2146782.0
2008-05-08,2143574.0
2008-05-09,2133023.5
2008-05-12,2133339.5
2008-05-13,2135901.5
2008-05-14,2143091.75
2008-05-15,2150163.0
2008-05-16,2158206.5
2008-05-20,2152955.5
2008-05-21,2150169.0
2008-05-22,2142550.5
2008-05-23,2143347.25
2008-05-26,2135188.75
2008-05-27,2130953.25
2008-05-28,2146592.0
2008-05-29,2147994.75
2008-05-30,2148448.75
2008-06-02,2116722.75
2008-06-03,2112099.25
2008-06-04,2089479.25
2008-06-05,2091808.125
2008-06-06,2094914.625
2008-06-09,2099850.75
2008-06-10,2098458.25
2008-06-11,2097047.25
2008-06-12,2094187.5
2008-06-13,2104663.75
2008-06-16,2103152.5
2008-06-17,2100369.75
2008-06-18,2095947.125
2008-06-19,2092853.75
2008-06-20,2080002.5
2008-06-23,2074581.75
2008-06-24,2070526.5
2008-06-25,2070805.875
2008-06-26,2071511.25
2008-06-27,2072057.125
2008-06-30,2075318.75
2008-07-01,2070049.75
2008-07-02,2074717.25
2008-07-03,2069821.125
2008-07-04,2071634.625
2008-07-07,2069848.5
2008-07-08,2069819.625
2008-07-09,2074370.5
2008-07-10,2074831.625
2008-07-11,2076773.375
2008-07-14,2080099.5
2008-07-15,2073106.0
2008-07-16,2071820.875
2008-07-17,2075978.0
2008-07-18,2080987.25
2008-07-21,2085517.25
2008-07-22,2085872.625
2008-07-23,2088997.0
2008-07-24,2086519.5
2008-07-25,2091497.125
2008-07-28,2090564.125
2008-07-29,2086755.625
2008-07-30,2089113.5
2008-07-31,2086125.25
2008-08-01,2082913.5
2008-08-04,2088872.25
2008-08-05,2092220.875
2008-08-06,2092751.25
2008-08-07,2089163.375
2008-08-08,2083567.375
2008-08-11,2083684.25
2008-08-12,2082617.25
2008-08-13,2089026.875
2008-08-14,2094286.75
2008-08-18,2087451.75
2008-08-19,2093063.25
2008-08-20,2093852.0
2008-08-21,2089092.875
2008-08-22,2094324.375
2008-08-25,2090710.875
2008-08-26,2092677.75
2008-08-27,2090180.75
2008-08-28,2088852.25
2008-08-29,2088268.25
2008-09-01,2092661.0
2008-09-02,2097239.75
2008-09-04,2100643.25
2008-09-05,2100175.5
2008-09-08,2100725.25
2008-09-09,2097401.75
2008-09-10,2104360.75
2008-09-11,2096627.75
2008-09-12,2100838.0
2008-09-15,2084905.5
2008-09-16,2082993.75
2008-09-17,2076599.875
2008-09-18,2071723.25
2008-09-19,2070384.0
2008-09-22,2070278.0
2008-09-23,2070391.5
2008-09-24,2064839.25
2008-09-25,2068895.375
2008-09-26,2067820.875
2008-09-29,2062630.75
2008-09-30,2069640.125
2008-10-01,2077202.5
2008-10-03,2075453.5
2008-10-06,2070641.0
2008-10-07,2072726.375
2008-10-08,2062102.25
2008-10-10,2026108.75
2008-10-13,2029700.5
2008-10-14,2030093.5
2008-10-15,2030486.5
2008-10-16,2030879.625
2008-10-17,2031272.75
2008-10-20,2031666.0
2008-10-21,2032059.375
2008-10-22,2032452.75
2008-10-23,2032846.25
2008-10-24,2033239.75
2008-10-27,2033633.375
2008-10-28,2034027.125
2008-10-29,2034420.875
2008-10-31,2034814.75
2008-11-03,2035208.625
2008-11-04,2035602.625
2008-11-05,2035996.75
2008-11-06,2036390.875
2008-11-07,2036785.125
2008-11-10,2037179.5
2008-11-11,2037573.875
2008-11-12,2037968.375
2008-11-14,2038362.875
2008-11-17,2038757.5
2008-11-18,2039152.25
2008-11-19,2039547.0
2008-11-20,2039941.875
2008-11-21,2040336.75
2008-11-24,2040731.75
2008-11-25,2041126.875
2008-11-26,2041522.0
2008-11-28,2041917.25
2008-12-01,2042312.5
2008-12-02,2042707.875
2008-12-03,2043103.375
2008-12-04,2043498.875
2008-12-05,2043894.5
2008-12-08,2044290.25
2008-12-10,2044686.0
2008-12-11,2045081.875
2008-12-12,2045477.75
2008-12-15,2045873.75
2008-12-16,2046269.875
2008-12-17,2046666.0
2008-12-18,2047062.25
2008-12-19,2047458.5
2008-12-22,2047854.875
2008-12-23,2048251.375
2008-12-24,2048647.875
2008-12-26,2049044.5
2008-12-29,2049441.125
2008-12-30,2049837.875
2008-12-31,2050234.75
2009-01-01,2050631.625
2009-01-02,2051028.625
2009-01-05,2051425.75
2009-01-06,2051822.875
2009-01-07,2052220.125
2009-01-09,2052617.375
2009-01-12,2053014.75
2009-01-13,2053412.25
2009-01-14,2053809.75
2009-01-15,2054207.375
2009-01-16,2054605.0
2009-01-19,2055002.75
2009-01-20,2055400.625
2009-01-21,2055798.5
2009-01-22,2056196.5
2009-01-23,2056594.625
2009-01-27,2056992.75
2009-01-28,2057391.0
2009-01-29,2057789.25
2009-01-30,2058187.625
2009-02-02,2058586.125
2009-02-03,2058984.625
2009-02-04,2059383.25
2009-02-05,2059782.0
2009-02-06,2060180.75
2009-02-09,2060579.625
2009-02-10,2060978.5
2009-02-11,2061377.5
2009-02-12,2061776.625
2009-02-13,2062175.75
2009-02-16,2062917.5
2009-02-17,2064935.25
2009-02-18,2063350.5
2009-02-19,2063488.125
2009-02-20,2061761.5
2009-02-24,2059331.75
2009-02-25,2059224.75
2009-02-26,2064402.75
2009-02-27,2065180.75
2009-03-02,2061360.75
2009-03-03,2061459.375
2009-03-04,2066084.875
2009-03-05,2067708.375
2009-03-06,2066867.125
2009-03-09,2068316.875
2009-03-12,2074080.125
2009-03-13,2073081.125
2009-03-16,2073938.625
2009-03-17,2075712.625
2009-03-18,2079817.25
2009-03-19,2079118.625
2009-03-20,2080537.375
2009-03-23,2081419.0
2009-03-24,2082893.125
2009-03-25,2083751.25
2009-03-26,2087279.5
2009-03-27,2096772.375
2009-03-30,2090465.375
2009-03-31,2094499.5
2009-04-01,2090033.25
2009-04-02,2089755.375
2009-04-06,2098339.75
2009-04-08,2096905.375
2009-04-09,2089559.875
2009-04-13,2088524.375
2009-04-15,2096475.125
2009-04-16,2103039.25
2009-04-17,2109667.75
2009-04-20,2108780.0
2009-04-21,2102237.5
2009-04-22,2099960.0
2009-04-23,2107471.0
2009-04-24,2109175.25
2009-04-27,2104539.5
2009-04-28,2105628.25
2009-04-29,2118833.25
2009-05-04,2126593.0
2009-05-05,2130497.75
2009-05-06,2132764.0
2009-05-07,2140469.25
2009-05-08,2133064.0
2009-05-11,2123039.0
2009-05-12,2140405.5
2009-05-13,2132949.5
2009-05-14,2135742.5
2009-05-15,2141784.75
2009-05-18,2270021.0
2009-05-19,2250628.5
2009-05-20,2261381.5
2009-05-21,2251385.25
2009-05-22,2257464.0
2009-05-25,2273775.0
2009-05-26,2262102.25
2009-05-27,2286674.5
2009-05-28,2296636.5
2009-05-29,2325597.5
2009-06-01,2362503.25
2009-06-02,2364742.25
2009-06-03,2413351.0
2009-06-04,2436762.25
2009-06-05,2445483.25
2009-06-08,2398835.5
2009-06-09,2434642.5
2009-06-10,2475259.75
2009-06-11,2471701.25
2009-06-12,2439211.75
2009-06-15,2419310.25
2009-06-16,2448375.0
2009-06-17,2404216.0
2009-06-18,2378925.5
2009-06-19,2421831.5
2009-06-22,2404891.75
2009-06-23,2414252.5
2009-06-24,2477813.25
2009-06-25,2483614.75
2009-06-26,2491093.0
2009-06-29,2474833.5
2009-06-30,2432036.0
2009-07-01,2444870.75
2009-07-02,2449903.0
2009-07-03,2465374.75
2009-07-06,2375143.5
2009-07-07,2420774.75
2009-07-08,2370985.75
2009-07-09,2390286.75
2009-07-10,2383493.0
2009-07-13,2344369.0
2009-07-14,2397769.5
2009-07-15,2449928.25
2009-07-16,2463933.0
2009-07-17,2513328.0
2009-07-20,2572406.5
2009-07-21,2566112.75
2009-07-22,2535205.5
2009-07-23,2570422.25
2009-07-24,2580062.75
2009-07-27,2586435.5
2009-07-28,2620247.0
2009-07-29,2611385.5
2009-07-30,2636136.5
2009-07-31,2658410.75
2009-08-03,2711277.75
2009-08-04,2693686.25
2009-08-05,2697748.0
2009-08-06,2609434.75
2009-08-07,2561017.25
2009-08-10,2506086.5
2009-08-11,2512732.5
2009-08-12,2483430.75
2009-08-13,2559446.25
2009-08-14,2555955.0
2009-08-17,2468978.5
2009-08-18,2528845.5
2009-08-19,2496093.75
2009-08-20,2492267.25
2009-08-21,2529748.25
2009-08-24,2618115.25
2009-08-25,2641795.25
2009-08-26,2662440.0
2009-08-27,2652881.75
2009-08-28,2641860.75
2009-08-31,2651252.0
2009-09-01,2652722.5
2009-09-02,2625675.0
2009-09-03,2640737.0
2009-09-04,2658652.75
2009-09-07,2691659.0
2009-09-08,2669103.25
2009-09-09,2687060.75
2009-09-10,2717303.75
2009-09-11,2721515.25
2009-09-14,2711788.25
2009-09-15,2787998.0
2009-09-16,2827207.25
2009-09-17,2818973.5
2009-09-18,2855843.0
2009-09-22,2926419.0
2009-09-23,2914344.75
2009-09-24,2934980.5
2009-09-25,2915315.75
2009-09-29,2925753.75
2009-09-30,2944656.0
2009-10-01,2928104.0
2009-10-05,2939235.25
2009-10-06,2973162.5
2009-10-07,3002330.25
2009-10-08,3029702.75
2009-10-09,3003299.0
2009-10-12,3049950.5
2009-10-14,3094145.75
2009-10-15,3107826.75
2009-10-16,3089790.75
2009-10-17,3089797.25
2009-10-20,3105261.5
2009-10-21,3058873.0
2009-10-22,3030482.0
2009-10-23,3098217.5
2009-10-26,3092538.75
2009-10-27,3006095.25
2009-10-28,2995661.0
2009-10-29,2962643.0
2009-10-30,2963498.25
2009-11-03,2903503.75
2009-11-04,2956926.75
2009-11-05,2979221.75
2009-11-06,3026980.0
2009-11-09,3098054.5
2009-11-10,3068162.0
2009-11-11,3114659.5
2009-11-12,3096699.0
2009-11-13,3123203.0
2009-11-16,3175805.5
2009-11-17,3174658.25
2009-11-18,3162086.25
2009-11-19,3122500.5
2009-11-20,3149206.0
2009-11-23,3162295.5
2009-11-24,3197809.25
2009-11-25,3213163.25
2009-11-26,3179858.75
2009-11-27,3164066.5
2009-11-30,3216023.5
2009-12-01,3282187.75
2009-12-02,3270938.75
2009-12-03,3296664.0
2009-12-04,3305647.5
2009-12-07,3263282.25
2009-12-08,3273538.75
2009-12-09,3281478.75
2009-12-10,3253905.75
2009-12-11,3270153.25
2009-12-14,3270311.5
2009-12-15,3236444.0
2009-12-16,3233436.75
2009-12-17,3244295.75
2009-12-18,3249348.0
2009-12-21,3221681.25
2009-12-22,3240796.5
2009-12-23,3290211.0
2009-12-24,3292753.5
2009-12-29,3310028.75
2009-12-30,3302590.25
2009-12-31,3335335.75
2010-01-04,3387819.5
2010-01-05,3410980.25
2010-01-06,3434269.0
2010-01-07,3413666.0
2010-01-08,3388742.25
2010-01-11,3416502.75
2010-01-12,3418940.25
2010-01-13,3472782.0
2010-01-14,3499548.5
2010-01-15,3474789.75
2010-01-18,3472860.5
2010-01-19,3440004.75
2010-01-20,3430708.75
2010-01-21,3397368.75
2010-01-22,3344865.25
2010-01-25,3294882.25
2010-01-27,3191654.0
2010-01-28,3204419.5
2010-01-29,3232137.0
2010-02-01,3286987.75
2010-02-02,3250245.75
2010-02-03,3277674.75
2010-02-04,3242795.25
2010-02-05,3195983.5
2010-02-06,2950290.5
2010-02-08,3215859.0
2010-02-09,3236247.25
2010-02-10,3289562.25
2010-02-11,3310644.5
2010-02-15,3294263.5
2010-02-16,3282237.75
2010-02-17,3307594.5
2010-02-18,3302596.5
2010-02-19,3282527.75
2010-02-22,3266224.5
2010-02-23,3238034.5
2010-02-24,3246064.5
2010-02-25,3243717.5
2010-02-26,3261705.5
2010-03-02,3295441.0
2010-03-03,3312196.5
2010-03-04,3335993.5
2010-03-05,3329871.0
2010-03-08,3356329.0
2010-03-09,3335944.25
2010-03-10,3324576.25
2010-03-11,3333187.0
2010-03-12,3319526.5
2010-03-15,3316113.25
2010-03-16,3363923.75
2010-03-17,3378630.5
2010-03-18,3416334.75
2010-03-19,3436180.25
2010-03-22,3401640.25
2010-03-23,3408770.5
2010-03-25,3417599.25
2010-03-26,3435134.75
2010-03-29,3421576.75
2010-03-30,3401610.5
2010-03-31,3414549.5
2010-04-01,3337132.5
2010-04-05,3363815.0
2010-04-06,3343763.5
2010-04-07,3407245.5
2010-04-08,3360573.0
2010-04-09,3374807.0
2010-04-12,3373426.25
2010-04-13,3394275.5
2010-04-15,3385964.5
2010-04-16,3393507.25
2010-04-19,3365114.0
2010-04-20,3408156.75
2010-04-21,3419007.5
2010-04-22,3422055.25
2010-04-23,3443993.75
2010-04-26,3425193.75
2010-04-27,3408777.0
2010-04-28,3385518.25
2010-04-29,3410324.5
2010-04-30,3423739.0
2010-05-03,3437764.0
2010-05-04,3376882.0
2010-05-05,3397490.75
2010-05-06,3386441.5
2010-05-07,3319453.75
2010-05-10,3389418.5
2010-05-11,3372562.75
2010-05-12,3388523.0
2010-05-13,3437251.5
2010-05-14,3395575.5
2010-05-17,3383195.5
2010-05-18,3402412.25
2010-05-19,3307904.5
2010-05-20,3295040.5
2010-05-21,3280135.0
2010-05-24,3264353.5
2010-05-25,3170592.75
2010-05-26,3205877.0
2010-05-27,3242944.0
2010-05-28,3281318.0
2010-05-31,3303939.0
2010-06-01,3271831.5
2010-06-02,3285391.0
2010-06-03,3300332.25
2010-06-04,3299797.5
2010-06-07,3275411.75
2010-06-08,3267612.5
2010-06-09,3269347.5
2010-06-10,3291256.5
2010-06-11,3300892.75
2010-06-14,3313390.0
2010-06-15,3317744.25
2010-06-16,3311413.5
2010-06-17,3310798.0
2010-06-18,3300253.0
2010-06-21,3323120.5
2010-06-22,3335894.25
2010-06-23,3369034.5
2010-06-24,3392208.5
2010-06-25,3386212.25
2010-06-28,3435550.75
2010-06-29,3435465.0
2010-06-30,3473592.5
2010-07-01,3449215.75
2010-07-02,3439050.5
2010-07-05,3445436.75
2010-07-06,3462444.5
2010-07-07,3440423.0
2010-07-08,3475834.5
2010-07-09,3488432.25
2010-07-12,3472648.25
2010-07-13,3486245.5
2010-07-14,3503976.0
2010-07-15,3472477.5
2010-07-16,3480430.0
2010-07-19,3470000.5
2010-07-20,3461113.25
2010-07-21,3466587.25
2010-07-22,3499999.0
2010-07-23,3486878.5
2010-07-26,3485706.25
2010-07-27,3512979.75
2010-07-28,3510629.0
2010-07-29,3501236.25
2010-07-30,3501244.5
2010-08-02,3540850.5
2010-08-03,3559981.0
2010-08-04,3549166.5
2010-08-05,3583193.0
2010-08-06,3597989.25
2010-08-09,3629161.5
2010-08-10,3606820.5
2010-08-11,3594162.75
2010-08-12,3647248.75
2010-08-13,3687680.0
2010-08-16,3670353.25
2010-08-17,3674283.25
2010-08-18,3690921.0
2010-08-19,3738113.75
2010-08-20,3768444.75
2010-08-23,3855566.5
2010-08-24,3850822.5
2010-08-25,3813618.5
2010-08-26,3806147.0
2010-08-27,3836793.75
2010-08-30,3851656.25
2010-08-31,3777114.0
2010-09-01,3854646.75
2010-09-02,3871775.5
2010-09-03,3905503.5
2010-09-06,4000411.5
2010-09-07,3997887.5
2010-09-08,3960234.0
2010-09-09,3927681.25
2010-09-13,3976278.0
2010-09-14,3991182.25
2010-09-15,4056276.5
2010-09-16,4043160.0
2010-09-17,4072502.5
2010-09-20,4096479.75
2010-09-21,4060404.75
2010-09-22,4032403.0
2010-09-23,4035888.5
2010-09-24,4065392.0
2010-09-27,4094311.25
2010-09-28,4088971.25
2010-09-29,4068700.25
2010-09-30,4050670.75
2010-10-01,4121907.5
2010-10-04,4147762.5
2010-10-05,4168728.5
2010-10-06,4186596.25
2010-10-07,4153894.75
2010-10-08,4137305.25
2010-10-11,4146348.5
2010-10-12,4103079.25
2010-10-13,4154052.25
2010-10-14,4108778.25
2010-10-15,4036168.75
2010-10-18,4002583.75
2010-10-19,4016213.75
2010-10-20,3978429.25
2010-10-21,4032532.25
2010-10-22,4032360.25
2010-10-25,4075032.5
2010-10-26,4071865.75
2010-10-27,4080408.25
2010-10-28,4012666.25
2010-10-29,3972179.75
2010-11-01,4051823.0
2010-11-02,4079162.25
2010-11-03,4121624.0
2010-11-04,4149062.5
2010-11-05,4169467.0
2010-11-08,4157015.25
2010-11-09,4203962.0
2010-11-10,4219653.0
2010-11-11,4196439.0
2010-11-12,4108163.0
2010-11-15,4107524.5
2010-11-16,4000997.5
2010-11-18,3991091.5
2010-11-19,3950821.0
2010-11-22,3979072.0
2010-11-23,3969374.5
2010-11-24,3939539.0
2010-11-25,3931381.0
2010-11-26,3899889.5
2010-11-29,3920831.5
2010-11-30,3900134.0
2010-12-01,3935193.5
2010-12-02,3947641.5
2010-12-03,3935269.0
2010-12-06,3907751.0
2010-12-07,3912716.25
2010-12-08,3869661.25
2010-12-09,3804302.5
2010-12-10,3810594.5
2010-12-13,3827983.5
2010-12-14,3839336.75
2010-12-15,3817375.0
2010-12-16,3814957.0
2010-12-20,3840186.75
2010-12-21,3843978.25
2010-12-22,3832225.5
2010-12-23,3825455.0
2010-12-24,3834271.0
2010-12-27,3830769.5
2010-12-28,3852142.5
2010-12-29,3846854.5
2010-12-30,3849135.0
2010-12-31,3851425.0
2011-01-03,3850364.0
2011-01-04,3857990.5
2011-01-05,3867357.0
2011-01-06,3853854.75
2011-01-07,3838153.5
2011-01-10,3832552.25
2011-01-11,3816930.5
2011-01-12,3828390.25
2011-01-13,3824767.5
2011-01-14,3816793.5
2011-01-17,3811234.5
2011-01-18,3820963.5
2011-01-19,3819658.0
2011-01-20,3839691.5
2011-01-21,3841764.75
2011-01-24,3852977.25
2011-01-25,3844948.75
2011-01-27,3841515.5
2011-01-28,3827256.75
2011-01-31,3822207.0
2011-02-01,3813543.0
2011-02-02,3811553.0
2011-02-03,3814994.25
2011-02-04,3802856.5
2011-02-07,3806895.25
2011-02-08,3800057.0
2011-02-09,3791824.5
2011-02-10,3789170.0
2011-02-11,3801576.25
2011-02-14,3802547.5
2011-02-15,3803240.25
2011-02-16,3805327.75
2011-02-17,3804068.5
2011-02-18,3796116.0
2011-02-21,3804897.25
2011-02-22,3800570.5
2011-02-23,3797080.5
2011-02-24,3788012.75
2011-02-25,3792332.25
2011-02-28,3791352.75
2011-03-01,3800413.75
2011-03-03,3797761.25
2011-03-04,3799013.25
2011-03-07,3794129.75
2011-03-08,3798729.25
2011-03-09,3799702.75
2011-03-10,3793164.75
2011-03-11,3783156.25
2011-03-14,3783509.25
2011-03-15,3772585.0
2011-03-16,3789792.25
2011-03-17,3787908.0
2011-03-18,3787171.75
2011-03-21,3780025.25
2011-03-22,3797531.0
2011-03-23,3790503.25
2011-03-24,3813074.25
2011-03-25,3813802.75
2011-03-28,3830201.0
2011-03-29,3825231.5
2011-03-30,3836921.5
2011-03-31,3860561.5
2011-04-01,3710146.25
2011-04-04,3718956.0
2011-04-05,3744063.5
2011-04-06,3712605.0
2011-04-07,3721908.0
2011-04-08,3713993.5
2011-04-11,3694552.5
2011-04-13,3708971.0
2011-04-15,3694775.75
2011-04-18,3687615.0
2011-04-19,3707794.0
2011-04-20,3699488.25
2011-04-21,3658716.0
2011-04-25,3671690.25
2011-04-26,3656333.75
2011-04-27,3689808.5
2011-04-28,3690909.75
2011-04-29,3704611.5
2011-05-02,3686231.75
2011-05-03,3683920.5
2011-05-04,3688035.5
2011-05-05,3688447.5
2011-05-06,3695948.5
2011-05-09,3743494.25
2011-05-10,3739287.5
2011-05-11,3751152.0
2011-05-12,3719938.75
2011-05-13,3729006.5
2011-05-16,3717814.5
2011-05-17,3722708.5
2011-05-18,3710125.0
2011-05-19,3708844.0
2011-05-20,3708634.75
2011-05-23,3689198.0
2011-05-24,3693482.5
2011-05-25,3710842.5
2011-05-26,3734688.0
2011-05-27,3745913.5
2011-05-30,3775233.25
2011-05-31,3792277.25
2011-06-01,3811504.0
2011-06-02,3785830.0
2011-06-03,3785035.0
2011-06-06,3784010.5
2011-06-07,3798852.5
2011-06-08,3830104.75
2011-06-09,3842494.75
2011-06-10,3846253.0
2011-06-13,3854297.5
2011-06-14,3864627.75
2011-06-15,3851107.25
2011-06-16,3806964.0
2011-06-17,3809104.25
2011-06-20,3750244.75
2011-06-21,3734522.75
2011-06-22,3712434.5
2011-06-23,3711696.25
2011-06-24,3728800.5
2011-06-27,3739298.5
2011-06-28,3760746.0
2011-06-29,3821073.0
2011-06-30,3866078.5
2011-07-01,3852489.0
2011-07-04,3877514.25
2011-07-05,3881983.5
2011-07-06,3885235.0
2011-07-07,3899380.0
2011-07-08,3876839.5
2011-07-11,3881157.75
2011-07-12,3850154.75
2011-07-13,3875245.5
2011-07-14,3881190.75
2011-07-15,3910067.25
2011-07-18,3913534.5
2011-07-19,3941376.25
2011-07-20,3888158.75
2011-07-21,3859545.5
2011-07-22,3893408.0
2011-07-25,3925893.0
2011-07-26,3895375.5
2011-07-27,3913311.5
2011-07-28,3892241.5
2011-07-29,3885216.75
2011-08-01,3894523.5
2011-08-02,3871550.5
2011-08-03,3841579.0
2011-08-04,3817069.0
2011-08-05,3738719.5
2011-08-08,3696160.5
2011-08-09,3680241.0
2011-08-10,3712671.25
2011-08-11,3728442.75
2011-08-12,3716242.5
2011-08-16,3711824.75
2011-08-17,3706969.25
2011-08-18,3671329.5
2011-08-19,3651966.0
2011-08-22,3667379.0
2011-08-23,3678128.0
2011-08-24,3668206.0
2011-08-25,3670175.25
2011-08-26,3606932.0
2011-08-29,3649209.75
2011-08-30,3676480.0
2011-09-02,3694653.0
2011-09-05,3692912.0
2011-09-06,3688654.25
2011-09-07,3677724.25
2011-09-08,3685497.5
2011-09-09,3679930.75
2011-09-12,3638654.5
2011-09-13,3621078.5
2011-09-14,3621487.5
2011-09-15,3629566.5
2011-09-16,3610056.5
2011-09-19,3618883.0
2011-09-20,3650063.0
2011-09-21,3651940.5
2011-09-22,3589939.5
2011-09-23,3560268.75
2011-09-26,3488444.75
2011-09-27,3518064.75
2011-09-28,3505813.5
2011-09-29,3503689.5
2011-09-30,3502423.5
2011-10-03,3470038.0
2011-10-04,3445563.5
2011-10-05,3432588.0
2011-10-07,3449913.75
2011-10-10,3461686.5
2011-10-11,3506538.5
2011-10-12,3538982.0
2011-10-13,3529803.0
2011-10-14,3543801.5
2011-10-17,3547073.5
2011-10-18,3531152.0
2011-10-19,3547643.25
2011-10-20,3556635.5
2011-10-21,3556172.5
2011-10-24,3586969.0
2011-10-25,3600144.0
2011-10-26,3600524.5
2011-10-28,3629854.0
2011-10-31,3628154.75
2011-11-01,3632251.5
2011-11-02,3661792.25
2011-11-03,3675671.0
2011-11-04,3687895.0
2011-11-08,3657020.5
2011-11-09,3623006.5
2011-11-11,3607123.0
2011-11-14,3571797.5
2011-11-15,3528276.5
2011-11-16,3515289.0
2011-11-17,3513748.0
2011-11-18,3488808.5
2011-11-21,3466554.0
2011-11-22,3470035.5
2011-11-23,3459237.0
2011-11-24,3482226.5
2011-11-25,3486013.0
2011-11-28,3498432.5
2011-11-29,3488302.0
2011-11-30,3496228.25
2011-12-01,3502987.0
2011-12-02,3531793.25
2011-12-05,3531851.5
2011-12-07,3541288.0
2011-12-08,3529883.5
2011-12-09,3515749.75
2011-12-12,3499126.5
2011-12-13,3480518.5
2011-12-14,3474547.5
2011-12-15,3448441.0
2011-12-16,3450687.0
2011-12-19,3445867.75
2011-12-20,3436103.5
2011-12-21,3431276.25
2011-12-22,3441942.75
2011-12-23,3443401.0
2011-12-26,3447615.75
2011-12-27,3450198.75
2011-12-28,3445659.75
2011-12-29,3441718.25
2011-12-30,3442526.25
2012-01-02,3424761.25
2012-01-03,3429333.5
2012-01-04,3423439.75
2012-01-05,3425642.25
2012-01-06,3426359.0
2012-01-07,3426979.25
2012-01-09,3427821.75
2012-01-10,3430989.75
2012-01-11,3426361.0
2012-01-12,3428747.75
2012-01-13,3432755.75
2012-01-16,3432392.5
2012-01-17,3436941.25
2012-01-18,3438112.75
2012-01-19,3442053.75
2012-01-20,3445377.25
2012-01-23,3446906.0
2012-01-24,3447412.0
2012-01-25,3452251.0
2012-01-27,3450962.5
2012-01-30,3443913.0
2012-01-31,3462798.25
2012-02-01,3469195.0
2012-02-02,3482607.25
2012-02-03,3482815.0
2012-02-06,3509436.75
2012-02-07,3505810.0
2012-02-08,3515065.75
2012-02-09,3520019.0
2012-02-10,3496332.5
2012-02-13,3503940.5
2012-02-14,3503996.0
2012-02-15,3548917.5
2012-02-16,3525217.0
2012-02-17,3518720.25
2012-02-21,3543157.0
2012-02-22,3458953.5
2012-02-23,3464524.0
2012-02-24,3432861.0
2012-02-27,3392208.0
2012-02-28,3453206.75
2012-02-29,3474237.0
2012-03-01,3466593.75
2012-03-02,3461225.0
2012-03-03,3461384.0
2012-03-05,3402312.75
2012-03-06,3407924.5
2012-03-07,3429972.0
2012-03-09,3498209.25
2012-03-12,3519453.0
2012-03-13,3547329.0
2012-03-14,3520581.5
2012-03-15,3483502.75
2012-03-16,3462799.0
2012-03-19,3451524.5
2012-03-20,3508208.5
2012-03-21,3607409.5
2012-03-22,3528441.25
2012-03-23,3553419.5
2012-03-26,3495612.5
2012-03-27,3490394.5
2012-03-28,3458630.5
2012-03-29,3475543.25
2012-03-30,3544970.75
2012-04-02,3611299.0
2012-04-03,3636615.0
2012-04-04,3653776.75
2012-04-09,3644523.25
2012-04-10,3644385.0
2012-04-11,3601014.5
2012-04-12,3637497.0
2012-04-13,3597255.25
2012-04-16,3624704.25
2012-04-17,3648571.5
2012-04-18,3705003.5
2012-04-19,3715517.5
2012-04-20,3700905.5
2012-04-23,3669869.75
2012-04-24,3646388.0
2012-04-25,3664092.75
2012-04-26,3632681.5
2012-04-27,3641228.5
2012-04-28,3641289.0
2012-04-30,3692267.0
2012-05-02,3714843.5
2012-05-03,3693767.0
2012-05-04,3589390.0
2012-05-07,3584156.25
2012-05-08,3536441.75
2012-05-09,3499534.5
2012-05-10,3518114.75
2012-05-11,3487841.0
2012-05-14,3455294.0
2012-05-15,3455359.0
2012-05-16,3455398.5
2012-05-17,3446229.0
2012-05-18,3440468.0
2012-05-21,3447368.75
2012-05-22,3462574.0
2012-05-23,3511085.25
2012-05-24,3512134.5
2012-05-25,3524698.75
2012-05-28,3589893.0
2012-05-29,3578244.0
2012-05-30,3525801.0
2012-05-31,3558161.0
2012-06-01,3507587.5
2012-06-04,3486065.5
2012-06-05,3528986.0
2012-06-06,3531451.5
2012-06-07,3545049.0
2012-06-08,3547150.0
2012-06-11,3521093.0
2012-06-12,3542474.0
2012-06-13,3528540.0
2012-06-14,3497213.75
2012-06-15,3509854.25
2012-06-18,3488799.0
2012-06-19,3511083.5
2012-06-20,3524301.5
2012-06-21,3526058.0
2012-06-22,3511201.0
2012-06-25,3524262.25
2012-06-26,3530038.5
2012-06-27,3546409.75
2012-06-28,3562000.5
2012-06-29,3596523.25
2012-07-02,3615036.75
2012-07-03,3620530.0
2012-07-04,3613549.25
2012-07-05,3625020.0
2012-07-06,3603805.0
2012-07-09,3613270.5
2012-07-10,3634588.75
2012-07-11,3634222.75
2012-07-12,3621802.0
2012-07-13,3624342.25
2012-07-16,3616614.5
2012-07-17,3615040.0
2012-07-18,3635148.5
2012-07-19,3652551.5
2012-07-20,3672619.5
2012-07-23,3661026.25
2012-07-24,3695287.5
2012-07-25,3698610.0
2012-07-26,3654057.25
2012-07-27,3642512.5
2012-07-30,3662924.0
2012-07-31,3662151.5
2012-08-01,3690483.25
2012-08-02,3697019.5
2012-08-03,3711148.5
2012-08-06,3744364.5
2012-08-07,3761649.25
2012-08-08,3809836.0
2012-08-09,3808427.75
2012-08-10,3823671.25
2012-08-13,3854461.0
2012-08-14,3862413.0
2012-08-16,3878210.25
2012-08-17,3894365.25
2012-08-21,3887040.5
2012-08-22,3865841.0
2012-08-23,3861782.5
2012-08-24,3859649.75
2012-08-27,3840501.5
2012-08-28,3784312.0
2012-08-29,3810275.5
2012-08-30,3839662.5
2012-08-31,3841613.75
2012-09-03,3838504.0
2012-09-04,3826876.75
2012-09-05,3829340.5
2012-09-06,3884955.25
2012-09-07,3932014.5
2012-09-08,3932075.75
2012-09-10,3973534.5
2012-09-11,3963183.25
2012-09-12,3933581.25
2012-09-13,3915763.25
2012-09-14,3928016.25
2012-09-17,3890886.25
2012-09-18,3884079.0
2012-09-20,3869088.0
2012-09-21,3895751.25
2012-09-24,3870483.75
2012-09-25,3884294.25
2012-09-26,3930370.0
2012-09-27,3984827.5
2012-09-28,4035271.0
2012-10-01,4081786.0
2012-10-03,4108896.5
2012-10-04,4125128.0
2012-10-05,4098554.5
2012-10-08,4108808.25
2012-10-09,4121334.5
2012-10-10,4085321.5
2012-10-11,4120386.0
2012-10-12,4182873.75
2012-10-15,4175836.25
2012-10-16,4172046.25
2012-10-17,4155402.0
2012-10-18,4168842.5
2012-10-19,4146289.0
2012-10-22,4180182.0
2012-10-23,4199284.5
2012-10-25,4202972.5
2012-10-26,4144699.25
2012-10-29,4118276.5
2012-10-30,4104021.25
2012-10-31,4135810.5
2012-11-01,4152937.0
2012-11-02,4198261.5
2012-11-05,4194758.0
2012-11-06,4218901.5
2012-11-07,4300072.0
2012-11-08,4337553.5
2012-11-09,4304556.5
2012-11-12,4331859.5
2012-11-13,4342731.0
2012-11-15,4370452.0
2012-11-16,4298232.0
2012-11-19,4252444.5
2012-11-20,4294910.0
2012-11-21,4291899.0
2012-11-22,4322049.0
2012-11-23,4362323.0
2012-11-26,4383861.0
2012-11-27,4380665.0
2012-11-29,4341004.5
2012-11-30,4347861.0
2012-12-03,4369080.0
2012-12-04,4393276.0
2012-12-05,4407214.5
2012-12-06,4413864.0
2012-12-07,4394937.0
2012-12-10,4425589.5
2012-12-11,4382041.5
2012-12-12,4373825.5
2012-12-13,4352700.0
2012-12-14,4395471.0
2012-12-17,4380785.0
2012-12-18,4425380.5
2012-12-19,4444512.5
2012-12-20,4435173.5
2012-12-21,4389593.0
2012-12-24,4422126.5
2012-12-26,4418287.0
2012-12-27,4395043.5
2012-12-28,4415159.5
2012-12-31,4411784.5
2013-01-01,4432469.0
2013-01-02,4460696.0
2013-01-03,4479254.5
2013-01-04,4502423.5
2013-01-07,4446136.5
2013-01-08,4448622.0
2013-01-09,4428035.5
2013-01-10,4433987.0
2013-01-11,4376330.0
2013-01-14,4409804.5
2013-01-15,4411092.0
2013-01-16,4395783.0
2013-01-17,4428535.5
2013-01-18,4392020.5
2013-01-21,4371085.5
2013-01-22,4337984.0
2013-01-23,4324572.0
2013-01-24,4238056.0
2013-01-25,4259926.5
2013-01-28,4289541.0
2013-01-29,4260442.0
2013-01-30,4256581.0
2013-01-31,4306219.0
2013-02-01,4322125.5
2013-02-04,4316168.0
2013-02-05,4298214.0
2013-02-06,4320614.0
2013-02-07,4293198.5
2013-02-08,4251950.0
2013-02-11,4240852.5
2013-02-12,4269155.0
2013-02-13,4251084.0
2013-02-14,4208428.5
2013-02-15,4226531.0
2013-02-18,4242803.0
2013-02-19,4278920.0
2013-02-20,4293286.5
2013-02-21,4291262.0
2013-02-22,4288658.0
2013-02-25,4271662.5
2013-02-26,4258250.0
2013-02-27,4289788.5
2013-02-28,4286073.5
2013-03-01,4299848.0
2013-03-04,4270264.5
2013-03-05,4308082.0
2013-03-06,4333305.0
2013-03-07,4391026.0
2013-03-08,4429191.0
2013-03-11,4440295.0
2013-03-12,4431604.5
2013-03-13,4362393.0
2013-03-14,4372545.0
2013-03-15,4344320.5
2013-03-18,4343084.0
2013-03-19,4321892.0
2013-03-20,4321833.5
2013-03-21,4314410.0
2013-03-22,4301673.0
2013-03-25,4305845.0
2013-03-26,4340499.0
2013-03-28,4377777.5
2013-04-01,4390591.5
2013-04-02,4378711.0
2013-04-03,4384797.0
2013-04-04,4355120.5
2013-04-05,4372813.5
2013-04-08,4376086.0
2013-04-09,4372311.0
2013-04-10,4392371.0
2013-04-11,4370627.0
2013-04-12,4286606.5
2013-04-15,4258369.0
2013-04-16,4258671.0
2013-04-17,4253646.0
2013-04-18,4260493.0
2013-04-22,4279649.0
2013-04-23,4288029.5
2013-04-25,4313605.0
2013-04-26,4296823.0
2013-04-29,4299647.0
2013-04-30,4290005.0
2013-05-02,4299568.5
2013-05-03,4323081.5
2013-05-06,4319144.0
2013-05-07,4343010.0
2013-05-08,4352297.0
2013-05-09,4341368.0
2013-05-10,4351120.0
2013-05-11,4351559.0
2013-05-13,4310325.0
2013-05-14,4320854.0
2013-05-15,4367315.0
2013-05-16,4383834.0
2013-05-17,4371841.5
2013-05-20,4341778.0
2013-05-21,4307042.0
2013-05-22,4278305.0
2013-05-23,4242906.5
2013-05-24,4257976.0
2013-05-27,4262356.0
2013-05-28,4284579.5
2013-05-29,4294173.0
2013-05-30,4308981.5
2013-05-31,4313641.0
2013-06-03,4291790.0
2013-06-04,4282887.5
2013-06-05,4284685.5
2013-06-06,4278134.5
2013-06-07,4282928.5
2013-06-10,4254804.5
2013-06-11,4229632.5
2013-06-12,4196929.0
2013-06-13,4180044.5
2013-06-14,4203859.0
2013-06-17,4237181.5
2013-06-18,4239752.0
2013-06-19,4243647.5
2013-06-20,4190818.5
2013-06-21,4181855.5
2013-06-24,4117753.5
2013-06-25,4131897.75
2013-06-26,4133944.0
2013-06-27,4128523.5
2013-06-28,4156538.5
2013-07-01,4172158.0
2013-07-02,4166920.5
2013-07-03,4167330.5
2013-07-04,4184796.0
2013-07-05,4187862.75
2013-07-08,4190424.75
2013-07-09,4194582.5
2013-07-10,4174934.75
2013-07-11,4178831.0
2013-07-12,4190308.5
2013-07-15,4221363.5
2013-07-16,4197072.0
2013-07-17,4238929.0
2013-07-18,4251055.0
2013-07-19,4218665.5
2013-07-22,4243356.0
2013-07-23,4264777.0
2013-07-24,4250060.5
2013-07-25,4223052.0
2013-07-26,4197679.0
2013-07-29,4173276.5
2013-07-30,4155069.5
2013-07-31,4145482.0
2013-08-01,4143084.5
2013-08-02,4147441.0
2013-08-05,4175604.0
2013-08-06,4169211.0
2013-08-07,4156332.0
2013-08-08,4158240.25
2013-08-12,4190523.5
2013-08-13,4211365.0
2013-08-14,4190597.5
2013-08-16,4194898.5
2013-08-19,4165131.5
2013-08-20,4120272.25
2013-08-21,4081822.0
2013-08-22,4101373.75
2013-08-23,4118590.5
2013-08-26,4127163.0
2013-08-27,4106144.5
2013-08-28,4105151.5
2013-08-29,4127065.0
2013-08-30,4124691.5
2013-09-02,4133244.0
2013-09-03,4127559.5
2013-09-04,4141059.5
2013-09-05,4141302.5
2013-09-06,4134867.5
2013-09-10,4154341.75
2013-09-11,4164831.75
2013-09-12,4165467.0
2013-09-13,4143353.0
2013-09-16,4119143.5
2013-09-17,4138799.5
2013-09-18,4147079.5
2013-09-19,4145541.5
2013-09-20,4140280.5
2013-09-23,4140704.0
2013-09-24,4140539.0
2013-09-25,4141347.5
2013-09-26,4144244.75
2013-09-27,4145789.5
2013-09-30,4162163.0
2013-10-01,4168064.0
2013-10-03,4176406.5
2013-10-04,4194468.0
2013-10-07,4213594.0
2013-10-08,4230913.5
2013-10-09,4237130.0
2013-10-10,4225728.5
2013-10-11,4235543.0
2013-10-14,4247366.0
2013-10-15,4230586.0
2013-10-17,4218625.5
2013-10-18,4242815.0
2013-10-21,4250058.5
2013-10-22,4263759.0
2013-10-23,4245817.0
2013-10-24,4237103.0
2013-10-25,4234057.0
2013-10-28,4220582.0
2013-10-29,4240982.0
2013-10-30,4240847.5
2013-10-31,4248090.0
2013-11-01,4257630.0
2013-11-03,4258070.0
2013-11-05,4278388.0
2013-11-06,4305401.5
2013-11-07,4296652.0
2013-11-08,4299844.5
2013-11-11,4279758.0
2013-11-12,4262283.0
2013-11-13,4247932.5
2013-11-14,4252584.5
2013-11-18,4292195.5
2013-11-19,4307054.0
2013-11-20,4317134.5
2013-11-21,4291455.0
2013-11-22,4309150.0
2013-11-25,4340144.0
2013-11-26,4346896.5
2013-11-27,4351359.5
2013-11-28,4362917.0
2013-11-29,4363258.0
2013-12-02,4416072.0
2013-12-03,4427770.5
2013-12-04,4446002.0
2013-12-05,4422792.5
2013-12-06,4406593.5
2013-12-09,4430049.5
2013-12-10,4417579.5
2013-12-11,4432800.5
2013-12-12,4427265.5
2013-12-13,4410712.0
2013-12-16,4449755.0
2013-12-17,4457602.5
2013-12-18,4496956.0
2013-12-19,4509445.0
2013-12-20,4544380.0
2013-12-23,4552652.5
2013-12-24,4553899.5
2013-12-26,4562759.5
2013-12-27,4573769.5
2013-12-30,4559489.0
2013-12-31,4574578.0
2014-01-01,4601812.0
2014-01-02,4559957.0
2014-01-03,4617246.5
2014-01-06,4659774.5
2014-01-07,4630116.5
2014-01-08,4615039.5
2014-01-09,4562829.5
2014-01-10,4553082.5
2014-01-13,4546129.5
2014-01-14,4536728.0
2014-01-15,4544193.0
2014-01-16,4559343.5
2014-01-17,4490370.0
2014-01-20,4524372.0
2014-01-21,4583546.5
2014-01-22,4592686.0
2014-01-23,4538828.5
2014-01-24,4483429.0
2014-01-27,4381448.0
2014-01-28,4394393.0
2014-01-29,4419396.0
2014-01-30,4417299.0
2014-01-31,4476230.5
2014-02-03,4469134.0
2014-02-04,4473822.0
2014-02-05,4465956.0
2014-02-06,4462977.5
2014-02-07,4474911.0
2014-02-10,4467037.0
2014-02-11,4481306.0
2014-02-12,4468170.0
2014-02-13,4435821.0
2014-02-14,4446643.5
2014-02-17,4446828.0
2014-02-18,4456498.0
2014-02-19,4506764.0
2014-02-20,4478490.5
2014-02-21,4477664.0
2014-02-24,4468186.0
2014-02-25,4523277.5
2014-02-26,4536620.5
2014-02-28,4539502.0
2014-03-03,4527744.5
2014-03-04,4530682.5
2014-03-05,4558713.0
2014-03-06,4569411.0
2014-03-07,4517067.0
2014-03-10,4508980.0
2014-03-11,4493258.0
2014-03-12,4492844.5
2014-03-13,4447351.5
2014-03-14,4447450.5
2014-03-18,4493011.0
2014-03-19,4478226.5
2014-03-20,4465922.5
2014-03-21,4484760.5
2014-03-22,4484812.5
2014-03-24,4495558.0
2014-03-25,4523727.0
2014-03-26,4535919.5
2014-03-27,4525173.0
2014-03-28,4547212.5
2014-03-31,4568023.0
2014-04-01,4516680.0
2014-04-02,4557932.0
2014-04-03,4546837.5
2014-04-04,4537738.0
2014-04-07,4559521.0
2014-04-09,4594707.0
2014-04-10,4559160.5
2014-04-11,4554121.5
2014-04-15,4538310.0
2014-04-16,4499834.5
2014-04-17,4543668.0
2014-04-21,4577581.0
2014-04-22,4565315.0
2014-04-23,4567761.5
2014-04-25,4536321.5
2014-04-28,4521452.5
2014-04-29,4558622.0
2014-04-30,4557018.0
2014-05-02,4615141.5
2014-05-05,4591412.5
2014-05-06,4642519.0
2014-05-07,4654677.5
2014-05-08,4695899.0
2014-05-09,4776627.5
2014-05-12,4903222.0
2014-05-13,4981017.0
2014-05-14,4963267.5
2014-05-15,4976344.5
2014-05-16,5029572.5
2014-05-19,5124889.0
2014-05-20,5116664.5
2014-05-21,5127503.5
2014-05-22,5210941.0
2014-05-23,5213824.0
2014-05-26,5179918.5
2014-05-27,5143713.0
2014-05-28,5141868.0
2014-05-29,5122416.0
2014-05-30,5186735.0
2014-06-02,5216367.0
2014-06-03,5271813.0
2014-06-04,5352895.0
2014-06-05,5376569.5
2014-06-06,5456311.0
2014-06-09,5489250.5
2014-06-10,5475877.0
2014-06-11,5491813.5
2014-06-12,5520212.5
2014-06-13,5458308.5
2014-06-16,5482920.5
2014-06-17,5530895.0
2014-06-18,5496859.5
2014-06-19,5464462.0
2014-06-20,5436547.0
2014-06-23,5473395.5
2014-06-24,5555504.0
2014-06-25,5596960.0
2014-06-26,5608944.5
2014-06-27,5671830.5
2014-06-30,5739425.0
2014-07-01,5775128.0
2014-07-02,5863668.0
2014-07-03,5885059.5
2014-07-04,5919913.0
2014-07-07,5925309.5
2014-07-08,5740154.0
2014-07-09,5654299.5
2014-07-10,5651375.0
2014-07-11,5576789.5
2014-07-14,5615490.0
2014-07-15,5634029.5
2014-07-16,5694359.5
2014-07-17,5735661.0
2014-07-18,5692408.5
2014-07-21,5667252.5
2014-07-22,5679319.0
2014-07-23,5687601.5
2014-07-24,5685424.5
2014-07-25,5657919.0
2014-07-28,5630410.0
2014-07-30,5661139.5
2014-07-31,5631787.5
2014-08-01,5619268.0
2014-08-04,5666864.5
2014-08-05,5652411.5
2014-08-06,5650230.5
2014-08-07,5592727.0
2014-08-08,5510427.0
2014-08-11,5547072.5
2014-08-12,5556838.0
2014-08-13,5544572.0
2014-08-14,5585631.0
2014-08-18,5693308.5
2014-08-19,5840170.0
2014-08-20,5888286.5
2014-08-21,5874145.5
2014-08-22,5841852.5
2014-08-25,5900324.5
2014-08-26,5872812.5
2014-08-27,5907281.0
2014-08-28,5891719.0
2014-09-01,5983602.5
2014-09-02,6061269.5
2014-09-03,6112708.5
2014-09-04,6096010.5
2014-09-05,6142749.0
2014-09-08,6263049.0
2014-09-09,6296791.0
2014-09-10,6262761.0
2014-09-11,6270739.0
2014-09-12,6424925.0
2014-09-15,6466605.5
2014-09-16,6246328.0
2014-09-17,6308550.5
2014-09-18,6432094.5
2014-09-19,6405276.5
2014-09-22,6345673.5
2014-09-23,6269308.5
2014-09-24,6197057.5
2014-09-25,6163854.0
2014-09-26,6148776.5
2014-09-29,6191976.5
2014-09-30,6224235.5
2014-10-01,6189347.5
2014-10-07,6196051.5
2014-10-08,6117519.0
2014-10-09,6177723.0
2014-10-10,6118005.0
2014-10-13,6124090.0
2014-10-14,6095794.5
2014-10-16,6007785.0
2014-10-17,6068177.0
2014-10-20,6120197.0
2014-10-21,6152317.0
2014-10-22,6213990.0
2014-10-23,6233034.0
2014-10-27,6174587.0
2014-10-28,6218370.0
2014-10-29,6239128.0
2014-10-30,6230867.5
2014-10-31,6363146.0
2014-11-03,6411640.0
2014-11-05,6401368.0
2014-11-07,6381983.5
2014-11-10,6419195.0
2014-11-11,6472480.0
2014-11-12,6535191.0
2014-11-13,6539842.0
2014-11-14,6500325.0
2014-11-17,6541376.0
2014-11-18,6607917.0
2014-11-19,6609271.0
2014-11-20,6652405.5
2014-11-21,6560957.0
2014-11-24,6633465.0
2014-11-25,6547884.5
2014-11-26,6514680.5
2014-11-27,6550831.0
2014-11-28,6573737.5
2014-12-01,6569468.5
2014-12-02,6615962.5
2014-12-03,6717292.0
2014-12-04,6821205.0
2014-12-05,6798790.5
2014-12-08,6723571.5
2014-12-09,6692740.5
2014-12-10,6787263.0
2014-12-11,6740647.5
2014-12-12,6649734.5
2014-12-15,6681126.5
2014-12-16,6516169.0
2014-12-17,6432171.5
2014-12-18,6571877.5
2014-12-19,6625213.5
2014-12-22,6587269.0
2014-12-23,6653180.0
2014-12-24,6597421.5
2014-12-26,6603613.0
2014-12-29,6666548.5
2014-12-30,6683250.5
2014-12-31,6832827.0
2015-01-01,6820937.0
2015-01-02,6985966.0
2015-01-05,6962686.5
2015-01-06,6826352.0
2015-01-07,6867882.5
2015-01-08,6951416.0
2015-01-09,6963008.0
2015-01-12,6916913.0
2015-01-13,6922117.0
2015-01-14,6852052.0
2015-01-15,6893212.5
2015-01-16,6876438.0
2015-01-19,6814871.0
2015-01-20,6858181.5
2015-01-21,6837833.5
2015-01-22,6831406.5
2015-01-23,6828067.0
2015-01-27,6911778.5
2015-01-28,6981231.0
2015-01-29,6928395.0
2015-01-30,6861464.5
2015-02-02,6929650.5
2015-02-03,6935377.0
2015-02-04,6926393.5
2015-02-05,6895035.0
2015-02-06,6824693.0
2015-02-09,6779779.0
2015-02-10,6839953.5
2015-02-11,6913220.5
2015-02-12,7008482.5
2015-02-13,7105056.5
2015-02-16,7101886.0
2015-02-18,7215435.0
2015-02-19,7138199.5
2015-02-20,7096994.0
2015-02-23,7010803.0
2015-02-24,7032066.0
2015-02-25,7015007.5
2015-02-26,6951025.5
2015-02-27,7094784.5
2015-03-02,7124731.5
2015-03-03,7198444.5
2015-03-04,7155410.0
2015-03-05,7185378.0
2015-03-09,7089757.5
2015-03-10,7028820.5
2015-03-11,6966158.5
2015-03-12,7068307.5
2015-03-13,6985771.5
2015-03-16,6967032.0
2015-03-17,7040529.5
2015-03-18,6982532.0
2015-03-19,6955844.0
2015-03-20,6904749.5
2015-03-23,6878497.5
2015-03-24,6883120.5
2015-03-25,6897854.0
2015-03-26,6823808.5
2015-03-27,6794913.0
2015-03-30,6863182.0
2015-03-31,6885234.5
2015-04-01,6805142.5
2015-04-06,6814318.0
2015-04-07,6799781.0
2015-04-08,6813736.5
2015-04-09,6819890.0
2015-04-10,6794608.5
2015-04-13,6832304.0
2015-04-15,6764725.0
2015-04-16,6733855.5
2015-04-17,6582979.5
2015-04-20,6464844.5
2015-04-21,6470574.5
2015-04-22,6466126.0
2015-04-23,6463395.0
2015-04-24,6349288.0
2015-04-27,6270965.5
2015-04-28,6350230.0
2015-04-29,6406378.0
2015-04-30,6427994.0
2015-05-04,6486835.0
2015-05-05,6486708.0
2015-05-06,6414789.0
2015-05-07,6372651.0
2015-05-08,6416617.0
2015-05-11,6456664.0
2015-05-12,6390137.5
2015-05-13,6484789.0
2015-05-14,6561065.0
2015-05-15,6624381.0
2015-05-18,6717922.0
2015-05-19,6714963.0
2015-05-20,6755454.5
2015-05-21,6764885.0
2015-05-22,6757431.0
2015-05-25,6758401.0
2015-05-26,6778955.0
2015-05-27,6769164.5
2015-05-28,6720264.0
2015-05-29,6836497.0
2015-06-01,6815834.0
2015-06-02,6703067.5
2015-06-03,6580370.0
2015-06-04,6647607.0
2015-06-05,6679523.0
2015-06-08,6595000.0
2015-06-09,6564023.0
2015-06-10,6661212.5
2015-06-11,6551961.5
2015-06-12,6512507.0
2015-06-15,6526911.0
2015-06-16,6547556.0
2015-06-17,6620586.0
2015-06-18,6621544.0
2015-06-19,6661040.0
2015-06-22,6774806.0
2015-06-23,6752534.0
2015-06-24,6727521.0
2015-06-25,6757871.0
2015-06-26,6806175.0
2015-06-29,6779638.5
2015-06-30,6886076.5
2015-07-01,6879808.0
2015-07-02,6961437.5
2015-07-03,6924776.5
2015-07-06,7020214.0
2015-07-07,6989564.0
2015-07-08,6979338.0
2015-07-09,6987389.0
2015-07-10,6981340.0
2015-07-13,7067752.5
2015-07-14,7063016.0
2015-07-15,7169966.0
2015-07-16,7223619.0
2015-07-17,7305306.5
2015-07-20,7324771.5
2015-07-21,7138021.0
2015-07-22,7324008.0
2015-07-23,7394559.5
2015-07-24,7346537.5
2015-07-27,7300102.0
2015-07-28,7358414.5
2015-07-29,7490027.5
2015-07-30,7636801.5
2015-07-31,7814561.0
2015-08-03,8079078.5
2015-08-04,8131986.5
2015-08-05,8177636.0
2015-08-06,8070444.0
2015-08-07,8057651.5
2015-08-10,7938846.5
2015-08-11,7782436.0
2015-08-12,7566773.5
2015-08-13,7471160.0
2015-08-14,7523608.0
2015-08-17,7512848.0
2015-08-18,7597568.0
2015-08-19,7638845.5
2015-08-20,7410642.0
2015-08-21,7347332.5
2015-08-24,6593529.0
2015-08-25,6629117.5
2015-08-26,6544829.5
2015-08-27,6595477.0
2015-08-28,6631448.0
2015-08-31,6643513.0
2015-09-01,6646461.0
2015-09-02,6638030.0
2015-09-03,6640967.0
2015-09-04,6595317.5
2015-09-07,6561240.0
2015-09-08,6550713.0
2015-09-09,6566596.5
2015-09-10,6612832.0
2015-09-11,6645144.0
2015-09-14,6649680.0
2015-09-15,6644362.5
2015-09-16,6647514.0
2015-09-18,6700148.0
2015-09-21,6718142.5
2015-09-22,6691347.0
2015-09-23,6667668.0
2015-09-24,6651967.5
2015-09-28,6675594.0
2015-09-29,6668977.0
2015-09-30,6719453.0
2015-10-01,6738484.0
2015-10-05,6769478.0
2015-10-06,6735901.5
2015-10-07,6712404.5
2015-10-08,6692673.0
2015-10-09,6681356.0
2015-10-12,6670282.0
2015-10-13,6729687.0
2015-10-14,6742568.5
2015-10-15,6711004.0
2015-10-16,6709597.0
2015-10-19,6749866.0
2015-10-20,6759966.0
2015-10-21,6769556.0
2015-10-23,6752913.0
2015-10-26,6721641.0
2015-10-27,6666518.5
2015-10-28,6659199.0
2015-10-29,6657640.5
2015-10-30,6673304.5
2015-11-02,6713336.0
2015-11-03,6752021.0
2015-11-04,6677091.5
2015-11-05,6576109.0
2015-11-06,6595168.0
2015-11-09,6564146.0
2015-11-10,6480622.0
2015-11-11,6545739.5
2015-11-13,6465859.5
2015-11-16,6454185.0
2015-11-17,6440862.5
2015-11-18,6353372.5
2015-11-19,6450946.0
2015-11-20,6514726.0
2015-11-23,6556404.0
2015-11-24,6546866.5
2015-11-26,6541792.5
2015-11-27,6506564.0
2015-11-30,6499622.0
2015-12-01,6535721.0
2015-12-02,6537552.0
2015-12-03,6566908.0
2015-12-04,6554548.0
2015-12-07,6563809.0
2015-12-08,6424362.0
2015-12-09,6310988.5
2015-12-10,6385580.0
2015-12-11,6356051.0
2015-12-14,6399835.5
2015-12-15,6441721.0
2015-12-16,6439936.5
2015-12-17,6545301.0
2015-12-18,6481967.5
2015-12-21,6545157.5
2015-12-22,6551401.0
2015-12-23,6570486.0
2015-12-24,6627031.0
2015-12-28,6633391.0
2015-12-29,6645546.5
2015-12-30,6633800.0
2015-12-31,6678503.0
2016-01-01,6762014.0
2016-01-04,6678018.5
2016-01-05,6726936.5
2016-01-06,6715939.5
2016-01-07,6542760.0
2016-01-08,6631610.0
2016-01-11,6628220.5
2016-01-12,6574979.5
2016-01-13,6398242.5
2016-01-14,6260920.0
2016-01-15,6049812.0
2016-01-18,5878960.5
2016-01-19,5931919.0
2016-01-20,5877136.0
2016-01-21,5903097.0
2016-01-22,5974855.5
2016-01-25,6007159.5
2016-01-27,6010139.0
2016-01-28,6011509.0
2016-01-29,6028713.0
2016-02-01,6078026.5
2016-02-02,6068668.0
2016-02-03,6042996.0
2016-02-04,6040349.0
2016-02-05,6098971.0
2016-02-08,6056978.0
2016-02-09,6037445.0
2016-02-10,5995575.0
2016-02-11,5864264.0
2016-02-12,5861355.0
2016-02-15,5925312.0
2016-02-16,5876842.0
2016-02-17,5859471.0
2016-02-18,5878289.0
2016-02-19,5863685.5
2016-02-22,5870234.0
2016-02-23,5852976.5
2016-02-24,5833683.0
2016-02-25,5819370.0
2016-02-26,5819154.5
2016-02-29,5821322.0
2016-03-01,5872489.5
2016-03-02,5910104.0
2016-03-03,5921919.5
2016-03-04,5921974.0
2016-03-08,5918644.0
2016-03-09,5939905.0
2016-03-10,5944405.5
2016-03-11,5948302.0
2016-03-14,5961787.0
2016-03-15,5944900.0
2016-03-16,5930218.0
2016-03-17,5932638.0
2016-03-18,5960748.0
2016-03-21,6005350.5
2016-03-22,5997930.5
2016-03-23,6047791.5
2016-03-28,5988860.0
2016-03-29,5953915.5
2016-03-30,5987537.5
2016-03-31,5974830.0
2016-04-01,5889793.0
2016-04-04,5880636.5
2016-04-05,5896655.0
2016-04-06,5888937.5
2016-04-07,5897567.5
2016-04-08,5943199.0
2016-04-11,5948055.5
2016-04-12,5934281.0
2016-04-13,5935224.0
2016-04-18,6010431.0
2016-04-20,6031013.0
2016-04-21,5959070.5
2016-04-22,6006976.5
2016-04-25,5962192.0
2016-04-26,6012091.5
2016-04-27,6008496.0
2016-04-28,5955884.0
2016-04-29,5979186.5
2016-05-02,6021877.0
2016-05-03,5986616.0
2016-05-04,5970368.5
2016-05-05,5983470.0
2016-05-06,5976067.5
2016-05-09,6090098.0
2016-05-10,6117952.5
2016-05-11,6132679.5
2016-05-12,6178182.0
2016-05-13,6169533.5
2016-05-16,6137993.0
2016-05-17,6165314.5
2016-05-18,6174248.5
2016-05-19,6113255.0
2016-05-20,6084432.5
2016-05-23,6116901.0
2016-05-24,6068324.0
2016-05-25,6136144.5
2016-05-26,6154461.0
2016-05-27,6245781.5
2016-05-30,6260240.0
2016-05-31,6291605.0
2016-06-01,6291158.0
2016-06-02,6343427.5
2016-06-03,6340255.5
2016-06-06,6398144.0
2016-06-07,6509196.5
2016-06-08,6508154.0
2016-06-09,6480629.0
2016-06-10,6455026.0
2016-06-13,6513028.5
2016-06-14,6563782.0
2016-06-15,6609708.5
2016-06-16,6534682.5
2016-06-17,6560814.0
2016-06-20,6601381.0
2016-06-21,6603890.5
2016-06-22,6582994.0
2016-06-23,6570244.0
2016-06-24,6465316.0
2016-06-27,6611431.5
2016-06-28,6611444.5
2016-06-29,6670425.0
2016-06-30,6729793.0
2016-07-01,6750571.0
2016-07-04,6790167.0
2016-07-05,6773491.5
2016-07-07,6784353.0
2016-07-08,6784167.5
2016-07-11,6859443.0
2016-07-12,6892697.0
2016-07-13,6793003.0
2016-07-14,6818511.0
2016-07-15,6849731.5
2016-07-18,6801756.5
2016-07-19,6847189.0
2016-07-20,6936760.5
2016-07-21,6939126.0
2016-07-22,7009125.0
2016-07-25,7036138.0
2016-07-26,6941927.0
2016-07-27,6923751.5
2016-07-28,6989130.0
2016-07-29,7061203.5
2016-08-01,7093073.5
2016-08-02,7099191.5
2016-08-03,6987808.0
2016-08-04,7007815.0
2016-08-05,7173316.5
2016-08-08,7230564.5
2016-08-09,7236269.5
2016-08-10,7075228.0
2016-08-11,7135910.5
2016-08-12,7174826.0
2016-08-16,7279779.5
2016-08-17,7344717.5
2016-08-18,7419223.0
2016-08-19,7441918.0
2016-08-22,7395408.5
2016-08-23,7372239.5
2016-08-24,7455953.0
2016-08-25,7406349.0
2016-08-26,7384579.5
2016-08-29,7382967.5
2016-08-30,7511105.5
2016-08-31,7450962.0
2016-09-01,7402007.0
2016-09-02,7461504.5
2016-09-06,7506289.5
2016-09-07,7513396.0
2016-09-08,7583150.0
2016-09-09,7534780.0
2016-09-12,7388878.5
2016-09-14,7531446.0
2016-09-15,7558758.0
2016-09-16,7596694.5
2016-09-19,7682307.0
2016-09-20,7764599.5
2016-09-21,7741626.5
2016-09-22,7829564.0
2016-09-23,7835563.0
2016-09-26,7780953.5
2016-09-27,7770532.0
2016-09-28,7851129.0
2016-09-29,7516869.0
2016-09-30,7656499.5
2016-10-03,7915292.0
2016-10-04,7957425.0
2016-10-05,8029711.5
2016-10-06,7959482.0
2016-10-07,7916078.5
2016-10-10,7932821.0
2016-10-13,7824303.5
2016-10-14,7893038.5
2016-10-17,7795536.0
2016-10-18,7884002.0
2016-10-19,7949166.5
2016-10-20,7939659.5
2016-10-21,7928173.5
2016-10-24,7934632.5
2016-10-25,7924312.5
2016-10-26,7814324.0
2016-10-27,7816501.5
2016-10-28,7854728.5
2016-11-01,7944682.0
2016-11-02,7819833.0
2016-11-03,7677045.0
2016-11-04,7535246.5
2016-11-07,7632348.5
2016-11-08,7639476.5
2016-11-09,7522019.5
2016-11-10,7546748.0
2016-11-11,7280763.0
2016-11-15,7181262.0
2016-11-16,7221992.0
2016-11-17,7225000.0
2016-11-18,7230823.0
2016-11-21,7176218.0
2016-11-22,7167737.5
2016-11-23,7164272.0
2016-11-24,7169008.5
2016-11-25,7171320.0
2016-11-28,7182564.5
2016-11-29,7170765.0
2016-11-30,7185455.0
2016-12-01,7162226.0
2016-12-02,7131366.0
2016-12-05,7136228.5
2016-12-06,7159032.0
2016-12-07,7158262.0
2016-12-08,7164279.5
2016-12-09,7176966.5
2016-12-12,7174002.5
2016-12-13,7165119.0
2016-12-14,7162660.0
2016-12-15,7175388.5
2016-12-16,7185779.5
2016-12-19,7181689.5
2016-12-20,7158046.0
2016-12-21,7156822.5
2016-12-22,7143497.0
2016-12-23,7141545.5
2016-12-26,7123303.0
2016-12-27,7139596.5
2016-12-28,7143430.0
2016-12-29,7153438.5
2016-12-30,7157447.0
2017-01-02,7148044.5
2017-01-03,7174264.0
2017-01-04,7174918.0
2017-01-05,7172192.0
2017-01-06,7166082.0
2017-01-09,7194810.0
2017-01-10,7244780.5
2017-01-11,7234110.0
2017-01-12,7234630.0
2017-01-13,7231826.0
2017-01-16,7252102.0
2017-01-17,7230178.5
2017-01-18,7227504.0
2017-01-19,7214833.0
2017-01-20,7214149.0
2017-01-23,7243416.0
2017-01-24,7290458.0
2017-01-25,7329458.0
2017-01-27,7288645.5
2017-01-30,7305592.0
2017-01-31,7243753.0
2017-02-01,7310885.0
2017-02-02,7424985.0
2017-02-03,7434415.0
2017-02-06,7447700.5
2017-02-07,7441705.5
2017-02-08,7382969.0
2017-02-09,7414394.5
2017-02-10,7426578.5
2017-02-13,7347170.5
2017-02-14,7292314.0
2017-02-15,7198295.5
2017-02-16,7293407.0
2017-02-17,7303252.0
2017-02-20,7377043.0
2017-02-21,7438014.0
2017-02-22,7373872.0
2017-02-23,7403934.0
2017-02-27,7377147.5
2017-02-28,7395105.5
2017-03-01,7491577.5
2017-03-02,7406133.0
2017-03-03,7507279.5
2017-03-06,7535373.0
2017-03-07,7574944.0
2017-03-08,7520637.5
2017-03-09,7486234.0
2017-03-10,7486732.0
2017-03-14,7608235.0
2017-03-15,7588528.0
2017-03-16,7664589.0
2017-03-17,7686701.0
2017-03-20,7677452.0
2017-03-21,7695567.0
2017-03-22,7628955.0
2017-03-23,7705170.0
2017-03-24,7691186.5
2017-03-27,7706963.5
2017-03-28,7777880.0
2017-03-29,7791740.0
2017-03-30,7839736.0
2017-03-31,7906005.5
2017-04-03,7836177.5
2017-04-05,7846389.5
2017-04-06,7846144.0
2017-04-07,7783807.5
2017-04-10,7851995.0
2017-04-11,7900883.0
2017-04-12,7941466.0
2017-04-13,7934564.5
2017-04-17,7944986.0
2017-04-18,7872730.0
2017-04-19,7954006.0
2017-04-20,8072382.5
2017-04-21,8085528.0
2017-04-24,8094084.0
2017-04-25,8196672.5
2017-04-26,8143069.0
2017-04-27,8159369.5
2017-04-28,8279395.5
2017-05-02,8421170.0
2017-05-03,8373786.0
2017-05-04,8475778.0
2017-05-05,8412166.0
2017-05-08,8422204.0
2017-05-09,8449385.0
2017-05-10,8528100.0
2017-05-11,8480927.0
2017-05-12,8403735.0
2017-05-15,8509585.0
2017-05-16,8562748.0
2017-05-17,8542652.0
2017-05-18,8306234.5
2017-05-19,8268400.5
2017-05-22,8138468.5
2017-05-23,8036018.0
2017-05-24,7952786.0
2017-05-25,8125395.0
2017-05-26,8214939.5
2017-05-29,8149729.5
2017-05-30,8185754.5
2017-05-31,8294788.5
2017-06-01,8409341.0
2017-06-02,8457347.0
2017-06-05,8465728.0
2017-06-06,8374555.5
2017-06-07,8432850.0
2017-06-08,8443595.0
2017-06-09,8442966.0
2017-06-12,8389670.0
2017-06-13,8367166.5
2017-06-14,8332893.5
2017-06-15,8376797.0
2017-06-16,8385013.5
2017-06-19,8392228.0
2017-06-20,8438423.0
2017-06-21,8449459.0
2017-06-22,8397716.0
2017-06-23,8246545.5
2017-06-27,8107598.0
2017-06-28,8175102.0
2017-06-29,8237464.0
2017-06-30,8387989.0
2017-07-03,8456947.0
2017-07-04,8435537.0
2017-07-05,8519001.0
2017-07-06,8510663.0
2017-07-07,8496912.0
2017-07-10,8488939.0
2017-07-11,8407783.0
2017-07-12,8459858.0
2017-07-13,8573422.0
2017-07-14,8476809.0
2017-07-17,8514906.0
2017-07-18,8434830.0
2017-07-19,8466708.0
2017-07-20,8464673.0
2017-07-21,8401748.0
2017-07-24,8338285.5
2017-07-25,8343253.0
2017-07-26,8324727.5
2017-07-27,8249425.0
2017-07-28,8247810.0
2017-07-31,8293896.0
2017-08-01,8298376.5
2017-08-02,8254170.0
2017-08-03,8193723.5
2017-08-04,8218583.0
2017-08-07,8306442.5
2017-08-08,8198015.5
2017-08-09,8076261.5
2017-08-10,7868858.0
2017-08-11,7801933.0
2017-08-14,7893391.0
2017-08-16,7958363.0
2017-08-17,7956669.5
2017-08-18,8045637.5
2017-08-21,8079110.0
2017-08-22,8048254.0
2017-08-23,8119860.5
2017-08-24,8112710.0
2017-08-28,8161778.5
2017-08-29,8090958.0
2017-08-30,8252294.5
2017-08-31,8376116.5
2017-09-01,8457635.0
2017-09-04,8413900.0
2017-09-05,8537191.0
2017-09-06,8507574.0
2017-09-07,8491480.0
2017-09-08,8440470.0
2017-09-11,8547454.0
2017-09-12,8582367.0
2017-09-13,8446932.0
2017-09-14,8508093.0
2017-09-15,8676274.0
2017-09-18,8865536.0
2017-09-19,9011154.0
2017-09-20,8953505.0
2017-09-21,8975529.0
2017-09-22,8667830.0
2017-09-25,8431774.0
2017-09-26,8585242.0
2017-09-27,8420661.0
2017-09-28,8424918.0
2017-09-29,8489405.0
2017-10-03,8589013.0
2017-10-04,8905732.0
2017-10-05,9222910.0
2017-10-06,9245527.0
2017-10-09,9569575.0
2017-10-10,9723830.0
2017-10-11,9598608.0
2017-10-12,9749806.0
2017-10-13,9685831.0
2017-10-16,9780981.0
2017-10-17,9690365.0
2017-10-18,9734337.0
2017-10-23,9657413.0
2017-10-24,9784618.0
2017-10-25,9757399.0
2017-10-26,9928631.0
2017-10-27,10156827.0
2017-10-30,10483900.0
2017-10-31,10718230.0
2017-11-01,10767900.0
2017-11-02,10723434.0
2017-11-03,10841864.0
2017-11-06,10843461.0
2017-11-07,10697485.0
2017-11-08,10372595.0
2017-11-09,10586237.0
2017-11-10,10526495.0
2017-11-13,10652066.0
2017-11-14,10775982.0
2017-11-15,10566308.0
2017-11-16,10662768.0
2017-11-17,10594467.0
2017-11-20,10546816.0
2017-11-21,10569473.0
2017-11-22,10793440.0
2017-11-23,10907102.0
2017-11-24,10958432.0
2017-11-27,11127940.0
2017-11-28,11123440.0
2017-11-29,11098656.0
2017-11-30,11150782.0
2017-12-01,10935246.0
2017-12-04,10744876.0
2017-12-05,10660551.0
2017-12-06,10545480.0
2017-12-07,10782456.0
2017-12-08,10913418.0
2017-12-11,11096342.0
2017-12-12,10926325.0
2017-12-13,10808230.0
2017-12-14,10776039.0
2017-12-15,11025482.0
2017-12-18,11088015.0
2017-12-19,11385974.0
2017-12-20,11574243.0
2017-12-21,11537923.0
2017-12-22,11615858.0
2017-12-26,11615144.0
2017-12-27,11646327.0
2017-12-28,11726064.0
2017-12-29,11783940.0
2018-01-01,11833803.0
2018-01-02,11783965.0
2018-01-03,11970224.0
2018-01-04,12127819.0
2018-01-05,12029411.0
2018-01-08,12212917.0
2018-01-09,12425906.0
2018-01-10,12305103.0
2018-01-11,12477109.0
2018-01-12,12461172.0
2018-01-15,12641445.0
2018-01-16,12325220.0
2018-01-17,12292240.0
2018-01-18,12025886.0
2018-01-19,12035239.0
2018-01-22,12463333.0
2018-01-23,12662343.0
2018-01-24,12473617.0
2018-01-25,12560333.0
2018-01-29,12249119.0
2018-01-30,11921950.0
2018-01-31,11761038.0
2018-02-01,11888041.0
2018-02-02,11256432.0
2018-02-05,11076700.0
2018-02-06,10852077.0
2018-02-07,10966091.0
2018-02-08,11121788.0
2018-02-09,11094635.0
2018-02-12,11235660.0
2018-02-14,11252552.0
2018-02-15,11217225.0
2018-02-16,11129640.0
2018-02-19,11029937.0
2018-02-20,11023118.0
2018-02-21,11021390.0
2018-02-22,10994791.0
2018-02-23,11066634.0
2018-02-26,11142801.0
2018-02-27,11127119.0
2018-02-28,11067564.0
2018-03-01,11097382.0
2018-03-05,11050070.0
2018-03-06,10944212.0
2018-03-07,10900071.0
2018-03-08,10938884.0
2018-03-09,10930495.0
2018-03-12,10943572.0
2018-03-13,10965845.0
2018-03-14,10903819.0
2018-03-15,10879948.0
2018-03-16,10900549.0
2018-03-19,10782782.0
2018-03-20,10794691.0
2018-03-21,10805986.0
2018-03-22,10768932.0
2018-03-23,10693916.0
2018-03-26,10756629.0
2018-03-27,10808718.0
2018-03-28,10776806.0
2018-04-02,10131946.0
2018-04-03,10159648.0
2018-04-04,10057304.0
2018-04-05,10155562.0
2018-04-06,10321536.0
2018-04-09,10335521.0
2018-04-10,10303371.0
2018-04-11,10441590.0
2018-04-12,10376318.0
2018-04-13,10394672.0
2018-04-16,10390974.0
2018-04-17,10418454.0
2018-04-18,10413245.0
2018-04-19,10468812.0
2018-04-20,10505456.0
2018-04-23,10587109.0
2018-04-24,10559510.0
2018-04-25,10471887.0
2018-04-26,10603519.0
2018-04-27,10537654.0
2018-04-30,10531453.0
2018-05-02,10335300.0
2018-05-03,10136427.0
2018-05-04,10051418.0
2018-05-07,10136244.0
2018-05-08,10187012.0
2018-05-09,10238871.0
2018-05-10,10080801.0
2018-05-11,10081012.0
2018-05-14,10099335.0
2018-05-15,10121018.0
2018-05-16,9983120.0
2018-05-17,9960951.0
2018-05-18,9805620.0
2018-05-21,9643591.0
2018-05-22,9699716.0
2018-05-23,9738479.0
2018-05-24,9663749.0
2018-05-25,9816352.0
2018-05-28,9954181.0
2018-05-29,9967346.0
2018-05-30,9919883.0
2018-05-31,9906475.0
2018-06-01,9779999.0
2018-06-04,9586623.0
2018-06-05,9373990.0
2018-06-06,9550702.0
2018-06-07,9712372.0
2018-06-08,9720104.0
2018-06-11,9726504.0
2018-06-12,9937591.0
2018-06-13,9869618.0
2018-06-14,9916832.0
2018-06-15,9966997.0
2018-06-18,9846738.0
2018-06-19,9699872.0
2018-06-20,9652404.0
2018-06-21,9582748.0
2018-06-22,9622617.0
2018-06-25,9628827.0
2018-06-26,9528284.0
2018-06-27,9362883.0
2018-06-28,9243788.0
2018-06-29,9384270.0
2018-07-02,9417026.0
2018-07-03,9527724.0
2018-07-04,9566958.0
2018-07-05,9461869.0
2018-07-06,9490662.0
2018-07-09,9585534.0
2018-07-10,9677257.0
2018-07-11,9678114.0
2018-07-12,9676886.0
2018-07-13,9625018.0
2018-07-16,9587828.0
2018-07-17,9633700.0
2018-07-18,9667272.0
2018-07-19,9587980.0
2018-07-20,9568198.0
2018-07-23,9557439.0
2018-07-24,9543990.0
2018-07-25,9626540.0
2018-07-26,9606826.0
2018-07-27,9641164.0
2018-07-30,9588778.0
2018-07-31,9632185.0
2018-08-01,9671441.0
2018-08-02,9637348.0
2018-08-03,9680599.0
2018-08-06,9659988.0
2018-08-07,9631528.0
2018-08-08,9717649.0
2018-08-09,9762307.0
2018-08-10,9664902.0
2018-08-13,9741096.0
2018-08-14,9857639.0
2018-08-16,9967950.0
2018-08-17,10092937.0
2018-08-20,9982851.0
2018-08-21,10007893.0
2018-08-23,9987996.0
2018-08-24,10046586.0
2018-08-27,10125653.0
2018-08-28,10264124.0
2018-08-29,10210466.0
2018-08-30,10189416.0
2018-08-31,10255000.0
2018-09-03,10207608.0
2018-09-04,10039161.0
2018-09-05,9980315.0
2018-09-06,10073368.0
2018-09-07,10081668.0
2018-09-10,10051214.0
2018-09-11,9916094.0
2018-09-12,9919148.0
2018-09-14,9937530.0
2018-09-17,9943717.0
2018-09-18,9812595.0
2018-09-19,9803107.0
2018-09-21,9542836.0
2018-09-24,9271527.0
2018-09-25,9324289.0
2018-09-26,9284334.0
2018-09-27,9159972.0
2018-09-28,9009882.0
2018-10-01,8952753.0
2018-10-03,8895039.0
2018-10-04,8763184.0
2018-10-05,8705140.0
2018-10-08,8669152.0
2018-10-09,8647288.0
2018-10-10,8657011.0
2018-10-11,8603467.0
2018-10-12,8623212.0
2018-10-15,8634084.0
2018-10-16,8636984.0
2018-10-17,8637762.0
2018-10-19,8631534.0
2018-10-22,8606117.0
2018-10-23,8583864.0
2018-10-24,8581529.0
2018-10-25,8588447.0
2018-10-26,8591253.0
2018-10-29,8675212.0
2018-10-30,8697150.0
2018-10-31,8698146.0
2018-11-01,8709111.0
2018-11-02,8707851.0
2018-11-05,8694746.0
2018-11-06,8701376.0
2018-11-09,8746483.0
2018-11-12,8728051.0
2018-11-13,8729694.0
2018-11-14,8693732.0
2018-11-15,8709477.0
2018-11-16,8733093.0
2018-11-19,8715921.0
2018-11-20,8676326.0
2018-11-21,8693544.0
2018-11-22,8650738.0
2018-11-26,8692058.0
2018-11-27,8759158.0
2018-11-28,8740639.0
2018-11-29,8682384.0
2018-11-30,8702547.0
2018-12-03,8675890.0
2018-12-04,8701646.0
2018-12-05,8673934.0
2018-12-06,8695073.0
2018-12-07,8729191.0
2018-12-10,8594557.0
2018-12-11,8688602.0
2018-12-12,8791894.0
2018-12-13,8813060.0
2018-12-14,8759530.0
2018-12-17,8766939.0
2018-12-18,8782453.0
2018-12-19,8817831.0
2018-12-20,8807980.0
2018-12-21,8704134.0
2018-12-24,8613254.0
2018-12-26,8592740.0
2018-12-27,8635295.0
2018-12-28,8689330.0
2018-12-31,8679206.0
2019-01-01,8669476.0
2019-01-02,8699079.0
2019-01-03,8705938.0
2019-01-04,8732846.0
2019-01-07,8760812.0
2019-01-08,8854080.0
2019-01-09,8915836.0
2019-01-10,9014659.0
2019-01-11,9001915.0
2019-01-14,9002690.0
2019-01-15,9157546.0
2019-01-16,9167290.0
2019-01-17,9081102.0
2019-01-18,9115082.0
2019-01-21,9199553.0
2019-01-22,9128616.0
2019-01-23,9059336.0
2019-01-24,9032980.0
2019-01-25,8955335.0
2019-01-28,8693776.0
2019-01-29,8717858.0
2019-01-30,8789715.0
2019-01-31,8806726.0
2019-02-01,8849367.0
2019-02-04,8930911.0
2019-02-05,8896212.0
2019-02-06,8921978.0
2019-02-07,8951860.0
2019-02-08,8926610.0
2019-02-11,8811634.0
2019-02-12,8796959.0
2019-02-13,8795185.0
2019-02-14,8773764.0
2019-02-15,8711562.0
2019-02-18,8637228.0
2019-02-19,8622082.0
2019-02-20,8621024.0
2019-02-21,8651086.0
2019-02-22,8671337.0
2019-02-25,8669718.0
2019-02-26,8578907.0
2019-02-27,8540070.0
2019-02-28,8601226.0
2019-03-01,8641770.0
2019-03-05,8719631.0
2019-03-06,8767686.0
2019-03-07,8745780.0
2019-03-08,8732045.0
2019-03-11,8859873.0
2019-03-12,8937066.0
2019-03-13,8911946.0
2019-03-14,8904693.0
2019-03-15,8965811.0
2019-03-18,8896180.0
2019-03-19,8954186.0
2019-03-20,8924746.0
2019-03-22,8918315.0
2019-03-25,8819140.0
2019-03-26,8917228.0
2019-03-27,8916626.0
2019-03-28,9153170.0
2019-03-29,9189437.0
2019-04-01,9228066.0
2019-04-02,9240915.0
2019-04-03,9160683.0
2019-04-04,9158550.0
2019-04-05,9258145.0
2019-04-08,9190381.0
2019-04-09,9210430.0
2019-04-10,9173436.0
2019-04-11,9201217.0
2019-04-12,9235704.0
2019-04-15,9223342.0
2019-04-16,9353971.0
2019-04-18,9338556.0
2019-04-22,9230954.0
2019-04-23,9234293.0
2019-04-24,9358615.0
2019-04-25,9318794.0
2019-04-26,9289690.0
2019-04-30,9246071.0
2019-05-02,9269002.0
2019-05-03,9260015.0
2019-05-06,9065747.0
2019-05-07,9010419.0
2019-05-08,8900486.0
2019-05-09,8945455.0
2019-05-10,8981293.0
2019-05-13,8846410.0
2019-05-14,8831893.0
2019-05-15,8878182.0
2019-05-16,8915294.0
2019-05-17,9032487.0
2019-05-20,9233362.0
2019-05-21,9244123.0
2019-05-22,9257930.0
2019-05-23,9260125.0
2019-05-24,9398124.0
2019-05-27,9345276.0
2019-05-28,9369013.0
2019-05-29,9287487.0
2019-05-30,9355117.0
2019-05-31,9459658.0
2019-06-03,9516665.0
2019-06-04,9459936.0
2019-06-06,9230702.0
2019-06-07,9257121.0
2019-06-10,9235033.0
2019-06-11,9241658.0
2019-06-12,9153254.0
2019-06-13,9208152.0
2019-06-14,9217207.0
2019-06-17,9060278.0
2019-06-18,9098823.0
2019-06-19,9063951.0
2019-06-20,9136520.0
2019-06-21,9176366.0
2019-06-24,9194126.0
2019-06-25,9215937.0
2019-06-26,9237194.0
2019-06-27,9274482.0
2019-06-28,9275179.0
2019-07-01,9273246.0
2019-07-02,9336047.0
2019-07-03,9316675.0
2019-07-04,9288546.0
2019-07-05,9213788.0
2019-07-08,8973896.0
2019-07-09,8919984.0
2019-07-10,8848638.0
2019-07-11,8900774.0
2019-07-12,8925493.0
2019-07-15,8913463.0
2019-07-16,8970534.0
2019-07-17,8966042.0
2019-07-18,8931099.0
2019-07-19,8892878.0
2019-07-22,8834395.0
2019-07-23,8845572.0
2019-07-24,8757864.0
2019-07-25,8837956.0
2019-07-26,8900521.0
2019-07-29,8893145.0
2019-07-30,8861273.0
2019-07-31,8884551.0
2019-08-01,8837106.0
2019-08-02,8853678.0
2019-08-05,8797544.0
2019-08-06,8827732.0
2019-08-07,8825382.0
2019-08-08,8920170.0
2019-08-09,8948354.0
2019-08-13,8884088.0
2019-08-14,8904169.0
2019-08-16,8951694.0
2019-08-19,8974911.0
2019-08-20,8969824.0
2019-08-21,8922194.0
2019-08-22,8902405.0
2019-08-23,8948162.0
2019-08-26,9026859.0
2019-08-27,9127967.0
2019-08-28,9123738.0
2019-08-29,9127453.0
2019-08-30,9208420.0
2019-09-03,9142070.0
2019-09-04,9112867.0
2019-09-05,9143373.0
2019-09-06,9166305.0
2019-09-09,9176341.0
2019-09-11,9169856.0
2019-09-12,9129105.0
2019-09-13,9176210.0
2019-09-16,9109589.0
2019-09-17,9007404.0
2019-09-18,9091596.0
2019-09-19,9052386.0
2019-09-20,9314552.0
2019-09-23,9505572.0
2019-09-24,9492997.0
2019-09-25,9422447.0
2019-09-26,9451879.0
2019-09-27,9504624.0
2019-09-30,9458543.0
2019-10-01,9351393.0
2019-10-03,9379127.0
2019-10-04,9315248.0
2019-10-07,9325429.0
2019-10-09,9384633.0
2019-10-10,9417963.0
2019-10-11,9547219.0
2019-10-14,9574524.0
2019-10-15,9653684.0
2019-10-16,9667183.0
2019-10-17,9848896.0
2019-10-18,9967555.0
2019-10-22,10134295.0
2019-10-23,10161870.0
2019-10-24,10246609.0
2019-10-25,10199817.0
2019-10-27,10386147.0
2019-10-29,10374052.0
2019-10-30,10391651.0
2019-10-31,10435787.0
2019-11-01,10339259.0
2019-11-04,10289040.0
2019-11-05,10232283.0
2019-11-06,10193302.0
2019-11-07,10345826.0
2019-11-08,10269891.0
2019-11-11,10414211.0
2019-11-13,10455989.0
2019-11-14,10527360.0
2019-11-15,10493568.0
2019-11-18,10446984.0
2019-11-19,10493416.0
2019-11-20,10487979.0
2019-11-21,10502845.0
2019-11-22,10523316.0
2019-11-25,10626608.0
2019-11-26,10585422.0
2019-11-27,10784170.0
2019-11-28,10842582.0
2019-11-29,10899747.0
2019-12-02,10862690.0
2019-12-03,10839443.0
2019-12-04,10918678.0
2019-12-05,10898383.0
2019-12-06,10809887.0
2019-12-09,10733704.0
2019-12-10,10665397.0
2019-12-11,10775338.0
2019-12-12,10712332.0
2019-12-13,10774799.0
2019-12-16,10738409.0
2019-12-17,10822700.0
2019-12-18,10886224.0
2019-12-19,10884802.0
2019-12-20,10944797.0
2019-12-23,10985867.0
2019-12-24,11106460.0
2019-12-26,11221461.0
2019-12-27,11205078.0
2019-12-30,11259076.0
2019-12-31,11286752.0
2020-01-01,11373984.0
2020-01-02,11457473.0
2020-01-03,11551501.0
2020-01-06,11460804.0
2020-01-07,11594311.0
2020-01-08,11724757.0
2020-01-09,11971517.0
2020-01-10,11892789.0
2020-01-13,11865628.0
2020-01-14,11872666.0
2020-01-15,11898385.0
2020-01-16,11921455.0
2020-01-17,11943579.0
2020-01-20,11969349.0
2020-01-21,11875992.0
2020-01-22,11876898.0
2020-01-23,12021472.0
2020-01-24,12047204.0
2020-01-27,12071860.0
2020-01-28,12097504.0
2020-01-29,12087745.0
2020-01-30,11982341.0
2020-01-31,12105092.0
2020-02-01,11737444.0
2020-02-03,11825007.0
2020-02-04,11889578.0
2020-02-05,12042935.0
2020-02-06,12047840.0
2020-02-07,12062907.0
2020-02-10,11966406.0
2020-02-11,11973743.0
2020-02-12,11971876.0
2020-02-13,11917970.0
2020-02-14,11906522.0
2020-02-17,11786034.0
2020-02-18,11676335.0
2020-02-19,11756913.0
2020-02-20,11757918.0
2020-02-24,11653190.0
2020-02-25,11705312.0
2020-02-26,11720967.0
2020-02-27,11540631.0
2020-02-28,11129558.0
2020-03-02,11043832.0
2020-03-03,11104629.0
2020-03-04,11135618.0
2020-03-05,11097320.0
2020-03-06,11030714.0
2020-03-09,10907920.0
2020-03-11,10838461.0
2020-03-12,10587135.0
2020-03-13,10378231.0
2020-03-16,10327711.0
2020-03-17,10340558.0
2020-03-18,10342560.0
2020-03-19,10344562.0
2020-03-20,10346565.0
2020-03-23,10348568.0
2020-03-24,10350571.0
2020-03-25,10352575.0
2020-03-26,10354579.0
2020-03-27,10356584.0
2020-03-30,10358589.0
2020-03-31,10360594.0
2020-04-01,10321114.0
2020-04-03,10323112.0
2020-04-07,10325111.0
2020-04-08,10327110.0
2020-04-09,10329109.0
2020-04-13,10331109.0
2020-04-15,10333109.0
2020-04-16,10335109.0
2020-04-17,10337110.0
2020-04-20,10333884.0
2020-04-21,10334061.0
2020-04-22,10342382.0
2020-04-23,10321168.0
2020-04-24,10340409.0
2020-04-27,10352580.0
2020-04-28,10276365.0
2020-04-29,10278773.0
2020-04-30,10238640.0
2020-05-04,10296065.0
2020-05-05,10275921.0
2020-05-06,10316238.0
2020-05-07,10309289.0
2020-05-08,10292019.0
2020-05-11,10279064.0
2020-05-12,10282182.0
2020-05-13,10268187.0
2020-05-14,10293205.0
2020-05-15,10309274.0
2020-05-18,10277233.0
2020-05-19,10185785.0
2020-05-20,10279325.0
2020-05-21,10363389.0
2020-05-22,10390764.0
2020-05-26,10337158.0
2020-05-27,10319194.0
2020-05-28,10382584.0
2020-05-29,10458688.0
2020-06-01,10522836.0
2020-06-02,10574018.0
2020-06-03,10620602.0
2020-06-04,10626403.0
2020-06-05,10717012.0
2020-06-08,10695638.0
2020-06-09,10686316.0
2020-06-10,10820156.0
2020-06-11,10756940.0
2020-06-12,10845508.0
2020-06-15,10968034.0
2020-06-16,11168839.0
2020-06-17,11365593.0
2020-06-18,11514221.0
2020-06-19,11610950.0
2020-06-22,11713318.0
2020-06-23,11934857.0
2020-06-24,11708816.0
2020-06-25,11767175.0
2020-06-26,11712865.0
2020-06-29,11615742.0
2020-06-30,11581146.0
2020-07-01,11657171.0
2020-07-02,11667174.0
2020-07-03,11796168.0
2020-07-06,11853307.0
2020-07-07,11844524.0
2020-07-08,11831240.0
2020-07-09,11951624.0
2020-07-10,12037955.0
2020-07-13,12061023.0
2020-07-14,11986803.0
2020-07-15,11935847.0
2020-07-16,11980829.0
2020-07-17,12275634.0
2020-07-20,12450494.0
2020-07-21,12413193.0
2020-07-22,12560900.0
2020-07-23,12673304.0
2020-07-24,12826552.0
2020-07-27,12788749.0
2020-07-28,12748574.0
2020-07-29,12790524.0
2020-07-30,12683204.0
2020-07-31,12805230.0
2020-08-03,12994143.0
2020-08-04,13126789.0
2020-08-05,13222463.0
2020-08-06,13671461.0
2020-08-07,13848873.0
2020-08-10,13946393.0
2020-08-11,13698943.0
2020-08-12,13539508.0
2020-08-13,13700390.0
2020-08-14,13630122.0
2020-08-17,13694943.0
2020-08-18,13790255.0
2020-08-19,13890760.0
2020-08-20,14160760.0
2020-08-21,14440741.0
2020-08-24,14769409.0
2020-08-25,14659697.0
2020-08-26,14403878.0
2020-08-27,14356649.0
2020-08-28,14339400.0
2020-08-31,13761961.0
2020-09-01,13926717.0
2020-09-02,14173909.0
2020-09-03,14291187.0
2020-09-04,14222849.0
2020-09-07,14363836.0
2020-09-08,14158008.0
2020-09-09,14127545.0
2020-09-10,14241920.0
2020-09-11,14226713.0
2020-09-14,14723309.0
2020-09-15,14955806.0
2020-09-16,14945776.0
2020-09-17,14770564.0
2020-09-18,14954903.0
2020-09-21,14546336.0
2020-09-22,14414724.0
2020-09-23,14596180.0
2020-09-24,14377040.0
2020-09-25,14720720.0
2020-09-28,15078204.0
2020-09-29,14887842.0
2020-09-30,14818998.0
2020-10-01,15041570.0
2020-10-05,15140033.0
2020-10-06,15321997.0
2020-10-07,15426290.0
2020-10-08,15703459.0
2020-10-09,15582350.0
2020-10-12,15249508.0
2020-10-13,15077346.0
2020-10-14,15026866.0
2020-10-15,14809003.0
2020-10-16,14990738.0
2020-10-19,15118677.0
2020-10-20,15160965.0
2020-10-21,15164772.0
2020-10-22,15162476.0
2020-10-23,15162039.0
2020-10-26,15038980.0
2020-10-27,15023300.0
2020-10-28,14893867.0
2020-10-29,14808902.0
2020-10-30,14784022.0
2020-11-02,14674429.0
2020-11-03,14769564.0
2020-11-04,14835132.0
2020-11-05,15005348.0
2020-11-06,15068861.0
2020-11-09,15218357.0
2020-11-10,14978980.0
2020-11-11,15028065.0
2020-11-12,15177247.0
2020-11-13,15412010.0
2020-11-14,15466948.0
2020-11-17,15368361.0
2020-11-18,15381164.0
2020-11-19,15266718.0
2020-11-20,15333970.0
2020-11-23,15485737.0
2020-11-24,15591622.0
2020-11-25,15381885.0
2020-11-26,15516898.0
2020-11-27,15684747.0
2020-12-01,15869006.0
2020-12-02,15963188.0
2020-12-03,16133605.0
2020-12-04,16155211.0
2020-12-07,16276182.0
2020-12-08,16181325.0
2020-12-09,16187136.0
2020-12-10,16204028.0
2020-12-11,16245905.0
2020-12-14,16219480.0
2020-12-15,16297647.0
2020-12-16,16381993.0
2020-12-17,16481936.0
2020-12-18,16491894.0
2020-12-21,15856471.0
2020-12-22,15955976.0
2020-12-23,16313359.0
2020-12-24,16310433.0
2020-12-28,16569605.0
2020-12-29,16546565.0
2020-12-30,16667205.0
2020-12-31,16718363.0
2021-01-01,16855874.0
2021-01-04,17036458.0
2021-01-05,17112140.0
2021-01-06,17075314.0
2021-01-07,17445970.0
2021-01-08,17540050.0
2021-01-11,17475856.0
2021-01-12,17455128.0
2021-01-13,17266814.0
2021-01-14,17507892.0
2021-01-15,17324048.0
2021-01-18,17049332.0
2021-01-19,17454624.0
2021-01-20,17615624.0
2021-01-21,17591604.0
2021-01-22,17207804.0
2021-01-25,16943842.0
2021-01-27,16846754.0
2021-01-28,16875900.0
2021-01-29,16511200.0
2021-02-01,16920800.0
2021-02-02,17235156.0
2021-02-03,17535736.0
2021-02-04,17775242.0
2021-02-05,17762368.0
2021-02-08,18026614.0
2021-02-09,17974388.0
2021-02-10,18180368.0
2021-02-11,18319590.0
2021-02-12,18194546.0
2021-02-15,18153236.0
2021-02-16,18184820.0
2021-02-17,18230818.0
2021-02-18,18316864.0
2021-02-19,18156496.0
2021-02-22,17751686.0
2021-02-23,17584136.0
2021-02-24,17828310.0
2021-02-25,18083710.0
2021-02-26,17838970.0
2021-03-01,17907108.0
2021-03-02,18237766.0
2021-03-03,18437876.0
2021-03-04,18577622.0
2021-03-05,18161130.0
2021-03-08,18223022.0
2021-03-09,18247240.0
2021-03-10,18443814.0
2021-03-12,18438360.0
2021-03-15,18406674.0
2021-03-16,18302828.0
2021-03-17,17781688.0
2021-03-18,17841522.0
2021-03-19,17925024.0
2021-03-22,17970956.0
2021-03-23,17950050.0
2021-03-24,17587148.0
2021-03-25,17281316.0
2021-03-26,17457132.0
2021-03-30,17715140.0
2021-03-31,17712164.0
2021-04-01,17055768.0
2021-04-05,16900088.0
2021-04-06,17015718.0
2021-04-07,17290930.0
2021-04-08,17557544.0
2021-04-09,17612456.0
2021-04-12,16571970.0
2021-04-13,16762313.0
2021-04-15,16946444.0
2021-04-16,17020532.0
2021-04-19,16628211.0
2021-04-20,16711352.0
2021-04-22,17064842.0
2021-04-23,17086884.0
2021-04-26,17290200.0
2021-04-27,17650264.0
2021-04-28,17954504.0
2021-04-29,18113178.0
2021-04-30,18266828.0
2021-05-03,18692638.0
2021-05-04,18239508.0
2021-05-05,18575512.0
2021-05-06,18696424.0
2021-05-07,18965680.0
2021-05-10,19207264.0
2021-05-11,19223114.0
2021-05-12,18933564.0
2021-05-14,18668200.0
2021-05-17,19181460.0
2021-05-18,19400318.0
2021-05-19,19363042.0
2021-05-20,19339852.0
2021-05-21,19520898.0
2021-05-24,19681070.0
2021-05-25,19789730.0
2021-05-26,20067216.0
2021-05-27,20020750.0
2021-05-28,19896314.0
2021-05-31,19885346.0
2021-06-01,19807830.0
2021-06-02,19885058.0
2021-06-03,20130912.0
2021-06-04,20322214.0
2021-06-07,20932548.0
2021-06-08,21161048.0
2021-06-09,21113366.0
2021-06-10,21494816.0
2021-06-11,21681260.0
2021-06-14,21956456.0
2021-06-15,21910222.0
2021-06-16,22013306.0
2021-06-17,21792488.0
2021-06-18,21451232.0
2021-06-21,21499062.0
2021-06-22,21643254.0
2021-06-23,21663200.0
2021-06-24,21961614.0
2021-06-25,22042354.0
2021-06-28,22366536.0
2021-06-29,22646458.0
2021-06-30,22929486.0
2021-07-01,22712794.0
2021-07-02,22925668.0
2021-07-05,23007386.0
2021-07-06,22997368.0
2021-07-07,23195144.0
2021-07-08,23266690.0
2021-07-09,23468932.0
2021-07-12,23474088.0
2021-07-13,23682474.0
2021-07-14,23805654.0
2021-07-15,24388412.0
2021-07-16,24505676.0
2021-07-19,24924264.0
2021-07-20,24930804.0
2021-07-22,25486126.0
2021-07-23,25589826.0
2021-07-26,25962410.0
2021-07-27,25768686.0
2021-07-28,25734026.0
2021-07-29,26136222.0
2021-07-30,26229394.0
2021-08-02,26440118.0
2021-08-03,26475026.0
2021-08-04,26130300.0
2021-08-05,26091134.0
2021-08-06,26225928.0
2021-08-09,25760554.0
2021-08-10,24433334.0
2021-08-11,24343828.0
2021-08-12,24999170.0
2021-08-13,24975794.0
2021-08-16,24619870.0
2021-08-17,24728522.0
2021-08-18,24751358.0
2021-08-20,24270208.0
2021-08-23,23577366.0
2021-08-24,24209242.0
2021-08-25,24302328.0
2021-08-26,24193500.0
2021-08-27,24377248.0
2021-08-30,24841608.0
2021-08-31,24567344.0
2021-09-01,24766426.0
2021-09-02,24950910.0
2021-09-03,25154384.0
2021-09-06,25186688.0
2021-09-07,24979550.0
2021-09-08,25350804.0
2021-09-09,25370754.0
2021-09-13,25658196.0
2021-09-14,26396436.0
2021-09-15,26461396.0
2021-09-16,26348720.0
2021-09-17,26376522.0
2021-09-20,26056220.0
2021-09-21,26224996.0
2021-09-22,26605020.0
2021-09-23,26826618.0
2021-09-24,26652906.0
2021-09-27,26428314.0
2021-09-28,26197222.0
2021-09-29,26486112.0
2021-09-30,26476394.0
2021-10-01,26517436.0
2021-10-04,26959890.0
2021-10-05,26975684.0
2021-10-06,26678038.0
2021-10-07,27135586.0
2021-10-08,27141046.0
2021-10-11,26982984.0
2021-10-12,27045656.0
2021-10-13,27052596.0
2021-10-14,27458432.0
2021-10-18,27541884.0
2021-10-19,27247700.0
2021-10-20,26217248.0
2021-10-21,25948630.0
2021-10-22,25733608.0
2021-10-25,25083884.0
2021-10-26,25535434.0
2021-10-27,25720092.0
2021-10-28,25754862.0
2021-10-29,25870456.0
2021-11-01,25999996.0
2021-11-02,26196940.0
2021-11-03,26007370.0
2021-11-04,26460882.0
2021-11-08,26774114.0
2021-11-09,26725876.0
2021-11-10,26573076.0
2021-11-11,26658008.0
2021-11-12,26774164.0
2021-11-15,26838944.0
2021-11-16,27100718.0
2021-11-17,27466926.0
2021-11-18,27439346.0
2021-11-22,27073548.0
2021-11-23,27777456.0
2021-11-24,27972174.0
2021-11-25,28645874.0
2021-11-26,27870324.0
2021-11-29,27159772.0
2021-11-30,27451220.0
2021-12-01,27918810.0
2021-12-02,28175182.0
2021-12-03,28331804.0
2021-12-06,28536726.0
2021-12-07,29036422.0
2021-12-08,29411546.0
2021-12-09,29900890.0
2021-12-10,30084940.0
2021-12-13,30377436.0
2021-12-14,30655356.0
2021-12-15,30675244.0
2021-12-16,30727288.0
2021-12-17,30230788.0
2021-12-20,29006816.0
2021-12-21,29574318.0
2021-12-22,30153054.0
2021-12-23,29857906.0
2021-12-24,29297240.0
2021-12-27,29926124.0
2021-12-28,30111516.0
2021-12-29,29887084.0
2021-12-30,30224514.0
2021-12-31,30707398.0
2022-01-03,31026040.0
2022-01-04,30822858.0
2022-01-05,30740494.0
2022-01-06,30842314.0
2022-01-07,31200808.0
2022-01-10,31069436.0
2022-01-11,30766548.0
2022-01-12,31159294.0
2022-01-13,31573302.0
2022-01-14,31965872.0
2022-01-17,32022978.0
2022-01-18,31252524.0
2022-01-19,31230350.0
2022-01-20,31531588.0
2022-01-21,31106594.0
2022-01-24,29643656.0
2022-01-25,29873526.0
2022-01-27,29897550.0
2022-01-28,30083078.0
2022-01-31,30113648.0
2022-02-01,30516194.0
2022-02-02,31270448.0
2022-02-03,31270062.0
2022-02-04,31455888.0
2022-02-07,31292328.0
2022-02-08,30603046.0
2022-02-09,30932284.0
2022-02-10,30943784.0
2022-02-11,30217102.0
2022-02-14,29036636.0
2022-02-15,29371484.0
2022-02-16,29367010.0
2022-02-17,29465092.0
2022-02-18,29155860.0
2022-02-21,28386642.0
2022-02-22,27854074.0
2022-02-23,28341870.0
2022-02-24,27168480.0
2022-02-25,27895318.0
2022-02-28,28035340.0
2022-03-02,28482544.0
2022-03-03,28599914.0
2022-03-04,28305024.0
2022-03-07,28324734.0
2022-03-08,28502190.0
2022-03-09,28635396.0
2022-03-10,28606614.0
2022-03-11,29283708.0
2022-03-14,30340916.0
2022-03-15,29727744.0
2022-03-16,29798802.0
2022-03-17,30083358.0
2022-03-21,30574228.0
2022-03-22,30955390.0
2022-03-23,30910646.0
2022-03-24,31127216.0
2022-03-25,30532604.0
2022-03-28,30921856.0
2022-03-29,30716526.0
2022-03-30,30362728.0
2022-03-31,29925808.0
2022-04-01,28169912.0
2022-04-04,29034526.0
2022-04-05,29244664.0
2022-04-06,29700354.0
2022-04-07,29359410.0
2022-04-08,29439052.0
2022-04-11,29411728.0
2022-04-12,28827214.0
2022-04-13,29203052.0
2022-04-18,29685310.0
2022-04-19,29249538.0
2022-04-20,29322800.0
2022-04-21,30033020.0
2022-04-22,29955386.0
2022-04-25,29164018.0
2022-04-26,29466446.0
2022-04-27,28915700.0
2022-04-28,29025932.0
2022-04-29,28956170.0
2022-05-02,29007052.0
2022-05-04,28222982.0
2022-05-05,28143546.0
2022-05-06,27132456.0
2022-05-09,26344148.0
2022-05-10,25814950.0
2022-05-11,25155044.0
2022-05-12,24891786.0
2022-05-13,25071332.0
2022-05-16,25405860.0
2022-05-17,25532684.0
2022-05-18,25981104.0
2022-05-19,25472304.0
2022-05-20,25953740.0
2022-05-23,25812080.0
2022-05-24,25832852.0
2022-05-25,25183208.0
2022-05-26,25376956.0
2022-05-27,25576404.0
2022-05-30,25770486.0
2022-05-31,25855716.0
2022-06-01,26148344.0
2022-06-02,26359004.0
2022-06-03,25828280.0
2022-06-06,25767234.0
2022-06-07,25689420.0
2022-06-08,25820444.0
2022-06-09,25935628.0
2022-06-10,25778030.0
2022-06-13,24975580.0
2022-06-14,25084112.0
2022-06-15,25236576.0
2022-06-16,24389430.0
2022-06-17,24210898.0
2022-06-20,23502344.0
2022-06-21,23891812.0
2022-06-22,23640704.0
2022-06-23,23850516.0
2022-06-24,24464616.0
2022-06-27,24786456.0
2022-06-28,25103184.0
2022-06-29,25283698.0
2022-06-30,25269878.0
2022-07-01,25390280.0
2022-07-04,25614880.0
2022-07-05,25428766.0
2022-07-06,25708448.0
2022-07-07,25924120.0
2022-07-08,26014166.0
2022-07-11,26198706.0
2022-07-12,26208960.0
2022-07-13,25861588.0
2022-07-14,25603630.0
2022-07-15,26062302.0
2022-07-18,26358768.0
2022-07-19,26664616.0
2022-07-20,26440620.0
2022-07-21,26492746.0
2022-07-22,26482570.0
2022-07-25,26436166.0
2022-07-26,25985104.0
2022-07-27,26197832.0
2022-07-28,26368798.0
2022-07-29,26627542.0
2022-08-01,26994354.0
2022-08-02,27230884.0
2022-08-03,27327178.0
2022-08-04,27198464.0
2022-08-05,27368396.0
2022-08-08,27538354.0
2022-08-10,27676136.0
2022-08-11,27642632.0
2022-08-12,27468858.0
2022-08-16,27797806.0
2022-08-17,27699348.0
2022-08-18,27581532.0
2022-08-19,27465372.0
2022-08-22,27480834.0
2022-08-23,28071970.0
2022-08-24,28736342.0
2022-08-25,28535816.0
2022-08-26,28356484.0
2022-08-29,28242734.0
2022-08-30,28762704.0
2022-09-01,28793380.0
2022-09-02,28973588.0
2022-09-05,29003808.0
2022-09-06,28944052.0
2022-09-07,28967898.0
2022-09-08,29330492.0
2022-09-09,29459738.0
2022-09-12,29747074.0
2022-09-13,29704322.0
2022-09-14,29706272.0
2022-09-15,29406302.0
2022-09-16,28788350.0
2022-09-19,28907256.0
2022-09-20,29618754.0
2022-09-21,29345482.0
2022-09-22,29402724.0
2022-09-23,28779520.0
2022-09-26,27950800.0
2022-09-27,28059672.0
2022-09-28,28070712.0
2022-09-29,28239516.0
2022-09-30,28625746.0
2022-10-03,28248462.0
2022-10-04,28814292.0
2022-10-06,29432596.0
2022-10-07,29523188.0
2022-10-10,29286320.0
2022-10-11,29174902.0
2022-10-12,29135892.0
2022-10-13,29179272.0
2022-10-14,29097160.0
2022-10-17,28995832.0
2022-10-18,29364818.0
2022-10-19,29218206.0
2022-10-20,29146306.0
2022-10-21,29037578.0
2022-10-24,29144220.0
2022-10-25,29196868.0
2022-10-27,29302628.0
2022-10-28,29065120.0
2022-10-31,29257744.0
2022-11-01,29117058.0
2022-11-02,28940418.0
2022-11-03,28920248.0
2022-11-04,28700116.0
2022-11-07,28664356.0
2022-11-09,28552488.0
2022-11-10,28190944.0
2022-11-11,28130394.0
2022-11-14,28024622.0
2022-11-15,28304222.0
2022-11-16,28069144.0
2022-11-17,28003994.0
2022-11-18,27733848.0
2022-11-21,27474844.0
2022-11-22,27394710.0
2022-11-23,27586630.0
2022-11-24,27474372.0
2022-11-25,27741944.0
2022-11-28,28142758.0
2022-11-29,27849678.0
2022-11-30,27881062.0
2022-12-01,28064990.0
2022-12-02,28102394.0
2022-12-05,27928754.0
2022-12-06,27789558.0
2022-12-07,27898000.0
2022-12-08,28048014.0
2022-12-09,27671260.0
2022-12-12,28202134.0
2022-12-13,28444652.0
2022-12-14,28621092.0
2022-12-15,28646992.0
2022-12-16,28864056.0
2022-12-19,29038114.0
2022-12-20,29533590.0
2022-12-21,28741620.0
2022-12-22,27773240.0
2022-12-23,26734994.0
2022-12-26,27388290.0
2022-12-27,28337382.0
2022-12-28,28690878.0
2022-12-29,29136306.0
2022-12-30,29479964.0
2023-01-02,29648420.0
2023-01-03,29374722.0
2023-01-04,29029518.0
2023-01-05,29424372.0
2023-01-06,29032316.0
2023-01-09,29211318.0
2023-01-10,29117136.0
2023-01-11,29354072.0
2023-01-12,29402072.0
2023-01-13,29449920.0
2023-01-16,29032012.0
2023-01-17,29323136.0
2023-01-18,29427064.0
2023-01-19,29382100.0
2023-01-20,28993930.0
2023-01-23,28706218.0
2023-01-24,28874108.0
2023-01-25,28699812.0
2023-01-27,27766302.0
2023-01-30,27606244.0
2023-01-31,28187766.0
2023-02-01,27543684.0
2023-02-02,27571708.0
2023-02-03,27914666.0
2023-02-06,28099550.0
2023-02-07,28252522.0
2023-02-08,28021416.0
2023-02-09,27961318.0
2023-02-10,28264714.0
2023-02-13,28131716.0
2023-02-14,27879492.0
2023-02-15,27739112.0
2023-02-16,28083552.0
2023-02-17,28078890.0
2023-02-20,27717174.0
2023-02-21,27745020.0
2023-02-22,27152284.0
2023-02-23,27222796.0
2023-02-24,27115848.0
2023-02-27,26625310.0
2023-02-28,26890362.0
2023-03-01,26996822.0
2023-03-02,26910648.0
2023-03-03,27208776.0
2023-03-06,27074736.0
2023-03-08,27536042.0
2023-03-09,27620928.0
2023-03-10,27262802.0
2023-03-13,26780188.0
2023-03-14,26414280.0
2023-03-15,26577578.0
2023-03-16,26537888.0
2023-03-17,26844324.0
2023-03-20,26560260.0
2023-03-21,26583526.0
2023-03-22,26720820.0
2023-03-23,26906300.0
2023-03-24,26533088.0
2023-03-27,26270456.0
2023-03-28,26228836.0
2023-03-29,26603836.0
2023-03-31,26643478.0
2023-04-03,26726252.0
2023-04-05,26936970.0
2023-04-06,27457796.0
2023-04-10,27328730.0
2023-04-11,27522818.0
2023-04-12,27547672.0
2023-04-13,27679992.0
2023-04-17,27769832.0
2023-04-18,27908004.0
2023-04-19,28000154.0
2023-04-20,28026082.0
2023-04-21,27893694.0
2023-04-24,28053018.0
2023-04-25,27834440.0
2023-04-26,27782584.0
2023-04-27,27864124.0
2023-04-28,27980178.0
2023-05-02,28329416.0
2023-05-03,28529330.0
2023-05-04,28777508.0
2023-05-05,28966874.0
2023-05-08,29202396.0
2023-05-09,29127908.0
2023-05-10,29044764.0
2023-05-11,29090682.0
2023-05-12,29104912.0
2023-05-15,29008556.0
2023-05-16,28866698.0
2023-05-17,28942918.0
2023-05-18,28876368.0
2023-05-19,28705120.0
2023-05-22,29075818.0
2023-05-23,29106816.0
2023-05-24,29315484.0
2023-05-25,29316028.0
2023-05-26,29523328.0
2023-05-29,29836416.0
2023-05-30,30340260.0
2023-05-31,30318250.0
2023-06-01,30331038.0
2023-06-02,30598042.0
2023-06-05,31202450.0
2023-06-06,31459428.0
2023-06-07,31869488.0
2023-06-08,31976590.0
2023-06-09,31918688.0
2023-06-12,32269170.0
2023-06-13,32672980.0
2023-06-14,32674068.0
2023-06-15,32763028.0
2023-06-16,33014732.0
2023-06-19,33502200.0
2023-06-20,33555284.0
2023-06-21,33363314.0
2023-06-22,33329016.0
2023-06-23,32658092.0
2023-06-26,33053954.0
2023-06-27,33530922.0
2023-06-28,33682088.0
2023-06-30,34379076.0
2023-07-03,34623924.0
2023-07-04,34954000.0
2023-07-05,35517928.0
2023-07-06,35190700.0
2023-07-07,35055884.0
2023-07-10,34997536.0
2023-07-11,35535016.0
2023-07-12,36081332.0
2023-07-13,36131712.0
2023-07-14,36561592.0
2023-07-17,37093004.0
2023-07-18,37205496.0
2023-07-19,37308240.0
2023-07-20,37552228.0
2023-07-21,37498324.0
2023-07-24,37258744.0
2023-07-25,37664572.0
2023-07-26,37615272.0
2023-07-27,37536480.0
2023-07-28,37545304.0
2023-07-31,38336228.0
2023-08-01,38236444.0
2023-08-02,37818956.0
2023-08-03,37837564.0
2023-08-04,37816740.0
2023-08-07,37953380.0
2023-08-08,37734140.0
2023-08-09,37643288.0
2023-08-10,37138672.0
2023-08-11,37123944.0
2023-08-14,37153708.0
2023-08-16,37891896.0
2023-08-17,38087924.0
2023-08-18,37917672.0
2023-08-21,38902528.0
2023-08-22,39978140.0
2023-08-23,40874420.0
2023-08-24,41134984.0
2023-08-25,41301148.0
2023-08-28,41224048.0
2023-08-29,41144676.0
2023-08-30,40911264.0
2023-08-31,41119532.0
2023-09-01,41808884.0
2023-09-04,42093848.0
2023-09-05,42554560.0
2023-09-06,42542848.0
2023-09-07,42652092.0
2023-09-08,42875092.0
2023-09-11,42877464.0
2023-09-12,40917580.0
2023-09-13,40367736.0
2023-09-14,40966608.0
2023-09-15,40949816.0
2023-09-18,40861908.0
2023-09-20,40348240.0
2023-09-21,40000288.0
2023-09-22,39624620.0
2023-09-25,39474044.0
2023-09-26,39593600.0
2023-09-27,40245860.0
2023-09-28,40377332.0
2023-09-29,40765036.0
2023-10-03,40972236.0
2023-10-04,40806700.0
2023-10-05,41098896.0
2023-10-06,41393324.0
2023-10-09,40656980.0
2023-10-10,41011528.0
2023-10-11,41095752.0
2023-10-12,41807212.0
2023-10-13,41415048.0
2023-10-16,41711508.0
2023-10-17,42015524.0
2023-10-18,41697340.0
2023-10-19,41589840.0
2023-10-20,41744328.0
2023-10-23,40232432.0
2023-10-25,39919128.0
2023-10-26,40158972.0
2023-10-27,41079476.0
2023-10-30,41622040.0
2023-10-31,41956340.0
2023-11-01,41967296.0
2023-11-02,41892024.0
2023-11-03,42258624.0
2023-11-06,42541200.0
2023-11-07,42371536.0
2023-11-08,43232104.0
2023-11-09,42945552.0
2023-11-10,43148956.0
2023-11-12,43515664.0
2023-11-13,44032416.0
2023-11-15,44803936.0
2023-11-16,45260896.0
2023-11-17,45072912.0
2023-11-20,45042440.0
2023-11-21,44840832.0
2023-11-22,44627276.0
2023-11-23,44449208.0
2023-11-24,44705096.0
2023-11-28,45363988.0
2023-11-29,45239776.0
2023-11-30,45345932.0
2023-12-01,44987720.0
2023-12-04,44951680.0
2023-12-05,45135164.0
2023-12-06,45325176.0
2023-12-07,45469884.0
2023-12-08,44686564.0
2023-12-11,45100644.0
2023-12-12,44888496.0
2023-12-13,44703600.0
2023-12-14,45235512.0
2023-12-15,45842300.0
2023-12-18,45800600.0
2023-12-19,45722300.0
2023-12-20,44083292.0
2023-12-21,44460700.0
2023-12-22,44895824.0
2023-12-26,44952680.0
2023-12-27,45072684.0
2023-12-28,44989048.0
2023-12-29,45194280.0
2024-01-01,45017676.0
2024-01-02,44931528.0
2024-01-03,45155156.0
2024-01-04,45454912.0
2024-01-05,45977612.0
2024-01-08,45647368.0
2024-01-09,45743704.0
2024-01-10,46173432.0
2024-01-11,46502580.0
2024-01-12,46667312.0
2024-01-15,46630628.0
2024-01-16,46265920.0
2024-01-17,45964636.0
2024-01-18,45926732.0
2024-01-19,46500000.0
2024-01-20,46625504.0
2024-01-23,45233156.0
2024-01-24,45522292.0
2024-01-25,45757128.0
2024-01-29,46315776.0
2024-01-30,46711244.0
2024-01-31,47422084.0
2024-02-01,47450164.0
2024-02-02,48031592.0
2024-02-05,47676096.0
2024-02-06,47935976.0
2024-02-07,47660344.0
2024-02-08,48227740.0
2024-02-09,47835372.0
2024-02-12,45475796.0
2024-02-13,45733920.0
2024-02-14,46140780.0
2024-02-15,46494988.0
2024-02-16,46884020.0
2024-02-19,46594676.0
2024-02-20,46736052.0
2024-02-21,45925812.0
2024-02-22,46442272.0
2024-02-23,46536360.0
2024-02-26,46310776.0
2024-02-27,46600260.0
2024-02-28,45527412.0
2024-02-29,45989392.0
2024-03-01,46512288.0
2024-03-02,46600872.0
2024-03-04,45836124.0
2024-03-05,45249168.0
2024-03-06,44352708.0
2024-03-07,44585904.0
2024-03-11,43608488.0
2024-03-12,41740308.0
2024-03-13,40512880.0
2024-03-14,40491948.0
2024-03-15,40640476.0
2024-03-18,40583452.0
2024-03-19,40402440.0
2024-03-20,40055308.0
2024-03-21,40200300.0
2024-03-22,40596096.0
2024-03-26,40985200.0
2024-03-27,40986132.0
2024-03-28,41083892.0
2024-04-01,38534536.0
2024-04-02,38483636.0
2024-04-03,38736172.0
2024-04-04,38605976.0
2024-04-05,38464292.0
2024-04-08,38248844.0
2024-04-09,38104928.0
2024-04-10,37977644.0
2024-04-12,37729640.0
2024-04-15,36742928.0
2024-04-16,37397400.0
2024-04-18,37787048.0
2024-04-19,38007624.0
2024-04-22,38959812.0
2024-04-23,38992704.0
2024-04-24,39117708.0
2024-04-25,39519780.0
2024-04-26,39202468.0
2024-04-29,39144472.0
2024-04-30,38814488.0
2024-05-02,38879680.0
2024-05-03,38543856.0
2024-05-06,38384964.0
2024-05-07,37913460.0
2024-05-08,37877424.0
2024-05-09,36741268.0
2024-05-10,37518776.0
2024-05-13,37844716.0
2024-05-14,38571700.0
2024-05-15,38865904.0
2024-05-16,39091156.0
2024-05-17,39485040.0
2024-05-18,39730888.0
2024-05-21,40220820.0
2024-05-22,40547896.0
2024-05-23,40338112.0
2024-05-24,40270144.0
2024-05-27,39647852.0
2024-05-28,39446748.0
2024-05-29,39214856.0
2024-05-30,38160240.0
2024-05-31,38467360.0
2024-06-03,39249480.0
2024-06-04,36417104.0
2024-06-05,37828340.0
2024-06-06,38903540.0
2024-06-07,39548552.0
2024-06-10,39854264.0
2024-06-11,39675972.0
2024-06-12,39532912.0
2024-06-13,39431852.0
2024-06-14,39477516.0
2024-06-18,39749468.0
2024-06-19,39614344.0
2024-06-20,40085896.0
2024-06-21,40210152.0
2024-06-24,40109452.0
2024-06-25,39916280.0
2024-06-26,39721544.0
2024-06-27,39422128.0
2024-06-28,39624408.0
2024-07-01,40147976.0
2024-07-02,40007864.0
2024-07-03,40435176.0
2024-07-04,40460840.0
2024-07-05,40878848.0
2024-07-08,40858404.0
2024-07-09,40913016.0
2024-07-10,40678408.0
2024-07-11,41061892.0
2024-07-12,40774252.0
2024-07-15,40855656.0
2024-07-16,41123120.0
2024-07-18,40837820.0
2024-07-19,39980276.0
2024-07-22,40406960.0
2024-07-23,40509688.0
2024-07-24,40933160.0
2024-07-25,40875128.0
2024-07-26,41080896.0
2024-07-29,41748668.0
2024-07-30,42145760.0
2024-07-31,42508924.0
2024-08-01,42332356.0
2024-08-02,42085584.0
2024-08-05,40693228.0
2024-08-06,40220620.0
2024-08-07,41394404.0
2024-08-08,41408344.0
2024-08-09,41489308.0
2024-08-12,41520008.0
2024-08-13,40552200.0
2024-08-14,40764356.0
2024-08-16,41181844.0
2024-08-19,41544452.0
2024-08-20,41761252.0
2024-08-21,42458696.0
2024-08-22,42560144.0
2024-08-23,43573348.0
2024-08-26,43672656.0
2024-08-27,44202928.0
2024-08-28,44072896.0
2024-08-29,43827708.0
2024-08-30,44002728.0
2024-09-02,44082296.0
2024-09-03,44434244.0
2024-09-04,45247864.0
2024-09-05,45483060.0
2024-09-06,46016908.0
2024-09-09,46475788.0
2024-09-10,46401988.0
2024-09-11,46630080.0
2024-09-12,47042732.0
2024-09-13,47218472.0
2024-09-16,47018668.0
2024-09-17,46706372.0
2024-09-18,46501364.0
2024-09-19,46533876.0
2024-09-20,47182656.0
2024-09-23,47148888.0
2024-09-24,46826540.0
2024-09-25,46905140.0
2024-09-26,46384964.0
2024-09-27,46500552.0
2024-09-30,46330320.0
2024-10-01,47206664.0
2024-10-03,46303516.0
2024-10-04,46044044.0
2024-10-07,44562536.0
2024-10-08,45881580.0
2024-10-09,46307352.0
2024-10-10,46768612.0
2024-10-11,47305296.0
2024-10-14,46993832.0
2024-10-15,47299976.0
2024-10-16,47442640.0
2024-10-17,46397852.0
2024-10-18,45725560.0
2024-10-21,44787120.0
2024-10-22,42717376.0
2024-10-23,43143276.0
2024-10-24,42739716.0
2024-10-25,41950688.0
2024-10-28,42597692.0
2024-10-29,42758960.0
2024-10-30,43964716.0
2024-10-31,44545916.0
2024-11-01,45022180.0
2024-11-04,44344944.0
2024-11-05,45057120.0
2024-11-06,45912972.0
2024-11-07,45849840.0
2024-11-08,45530048.0
2024-11-11,45125008.0
2024-11-12,44325616.0
2024-11-13,42855444.0
2024-11-14,42978388.0
2024-11-18,43501112.0
2024-11-19,43705216.0
2024-11-21,43743052.0
2024-11-22,43798124.0
2024-11-25,44021788.0
2024-11-26,44118416.0
2024-11-27,44001924.0
2024-11-28,44487928.0
2024-11-29,45052224.0
2024-12-02,46386404.0
2024-12-03,46530544.0
2024-12-04,46740016.0
2024-12-05,46127764.0
2024-12-06,46438308.0
2024-12-09,46930072.0
2024-12-10,47145504.0
2024-12-11,46671376.0
2024-12-12,46219852.0
2024-12-13,47151968.0
2024-12-16,48232968.0
2024-12-17,48384576.0
2024-12-18,48440204.0
2024-12-19,48736216.0
2024-12-20,47180852.0
2024-12-23,46549200.0
2024-12-24,46872792.0
2024-12-26,46155904.0
2024-12-27,45988036.0
2024-12-30,45950388.0
2024-12-31,47049832.0
2025-01-01,47416724.0
2025-01-02,48143300.0
2025-01-03,48530896.0
2025-01-06,46839716.0
2025-01-07,48652440.0
2025-01-08,48695772.0
2025-01-09,47800608.0
2025-01-10,46321944.0
2025-01-13,44748504.0
2025-01-14,45242792.0
2025-01-15,45218496.0
2025-01-16,45594236.0
2025-01-17,45721448.0
2025-01-20,45886736.0
2025-01-21,45000704.0
2025-01-22,44265588.0
2025-01-23,44335760.0
2025-01-24,43282280.0
2025-01-27,41677624.0
2025-01-28,41002876.0
2025-01-29,41546032.0
2025-01-30,41966476.0
2025-01-31,42301544.0
2025-02-01,42495376.0
2025-02-03,42673680.0
2025-02-04,43183272.0
2025-02-05,43520860.0
2025-02-06,43681936.0
2025-02-07,43713576.0
2025-02-10,43096836.0
2025-02-11,42573536.0
2025-02-12,42586904.0
2025-02-13,42324240.0
2025-02-14,41889200.0
2025-02-17,41953984.0
2025-02-18,41930344.0
2025-02-19,42355872.0
2025-02-20,42250028.0
2025-02-21,42220456.0
2025-02-24,42117648.0
2025-02-25,42548920.0
2025-02-27,42828108.0
2025-02-28,41937264.0
2025-03-03,42350768.0
2025-03-04,42252156.0
2025-03-05,42622680.0
2025-03-06,42654888.0
2025-03-07,43094992.0
2025-03-10,43027160.0
2025-03-11,42848676.0
2025-03-12,42790468.0
2025-03-13,42516096.0
2025-03-17,43341936.0
2025-03-18,43558160.0
2025-03-19,44019400.0
2025-03-20,44024340.0
2025-03-21,44570092.0
2025-03-24,44493092.0
2025-03-25,43664764.0
2025-03-26,42964488.0
2025-03-27,43612724.0
2025-03-28,43733528.0
2025-04-01,43265696.0
2025-04-02,43842808.0
2025-04-03,43515036.0
2025-04-04,42536092.0
2025-04-07,41299824.0
2025-04-08,41949324.0
2025-04-09,41899368.0
2025-04-11,42743176.0
2025-04-15,43717648.0
2025-04-16,44366100.0
2025-04-17,45111228.0
2025-04-21,45722484.0
2025-04-22,46242296.0
2025-04-23,45753600.0
2025-04-24,45797328.0
2025-04-25,44674228.0
2025-04-28,44658984.0
2025-04-29,44425580.0
2025-04-30,43170964.0
2025-05-02,42869996.0
2025-05-05,43070056.0
2025-05-06,42291096.0
2025-05-07,42713552.0
2025-05-08,42158376.0
2025-05-09,41877300.0
2025-05-12,43716252.0
2025-05-13,44202132.0
2025-05-14,44978132.0
2025-05-15,44930412.0
2025-05-16,44492616.0
2025-05-19,44692736.0
2025-05-20,44178100.0
2025-05-21,44404384.0
2025-05-22,44081480.0
2025-05-23,44223508.0
2025-05-26,44344752.0
2025-05-27,43802016.0
2025-05-28,44366200.0
2025-05-29,44347080.0
2025-05-30,44329272.0
2025-06-02,44252288.0
2025-06-03,44165452.0
2025-06-04,44230624.0
2025-06-05,44623824.0
2025-06-06,44757972.0
2025-06-09,44605300.0
2025-06-10,44513080.0
2025-06-11,44345620.0
2025-06-12,43797152.0
2025-06-13,43825284.0
2025-06-16,44107324.0
2025-06-17,44049132.0
2025-06-18,44097496.0
2025-06-19,43562576.0
2025-06-20,43636848.0
2025-06-23,43547136.0
2025-06-24,43563608.0
2025-06-25,43565084.0
2025-06-26,43926592.0
2025-06-27,44359256.0
2025-06-30,44836784.0
2025-07-01,45216636.0
2025-07-02,45527796.0
2025-07-03,45442352.0
2025-07-04,45818132.0
2025-07-07,45751856.0
2025-07-08,46029940.0
2025-07-09,46872256.0
2025-07-10,47292504.0
2025-07-11,47172552.0
2025-07-14,47071164.0
2025-07-15,47512016.0
2025-07-16,47468408.0
2025-07-17,47452764.0
2025-07-18,47261596.0
2025-07-21,47205932.0
2025-07-22,47176784.0
2025-07-23,47496900.0
2025-07-24,46938152.0
2025-07-25,46177008.0
2025-07-28,45630816.0
2025-07-29,45393316.0
2025-07-30,45915368.0
2025-07-31,45803780.0
2025-08-01,44774136.0
2025-08-04,44991896.0
2025-08-05,44954764.0
2025-08-06,44483128.0
2025-08-07,43930552.0
2025-08-08,43651720.0
2025-08-11,43896488.0
2025-08-12,43766976.0
2025-08-13,43993580.0
2025-08-14,44083540.0
2025-08-18,45101596.0
2025-08-19,45651036.0
2025-08-20,45620800.0
2025-08-21,45755912.0
2025-08-22,45888180.0
2025-08-25,45603372.0
2025-08-26,45448952.0
2025-08-28,44953928.0
2025-08-29,45177792.0
2025-09-01,46473932.0
2025-09-02,46551712.0
2025-09-03,46529440.0
2025-09-04,46145284.0
2025-09-05,46172464.0
2025-09-08,46604660.0
2025-09-09,47407444.0
2025-09-10,47207800.0
2025-09-11,47101732.0
2025-09-12,47168192.0
2025-09-15,48169600.0
2025-09-16,47960692.0
2025-09-17,47949832.0
2025-09-18,47404940.0
2025-09-19,47259792.0
2025-09-22,47546728.0
2025-09-23,47733248.0
2025-09-24,47679208.0
2025-09-25,47520040.0
2025-09-26,47212356.0
2025-09-29,47073212.0
2025-09-30,46500256.0
2025-10-01,47586120.0
2025-10-03,48301024.0
2025-10-06,48043496.0
2025-10-07,47902048.0
2025-10-08,47615812.0
2025-10-09,47872544.0
2025-10-10,48163328.0
2025-10-13,48195380.0
2025-10-14,47642688.0
2025-10-15,48384108.0
2025-10-16,48281284.0
2025-10-17,48113988.0
2025-10-20,48917556.0
2025-10-21,49499468.0
2025-10-23,48463804.0
2025-10-24,48526144.0
2025-10-27,49244536.0
2025-10-28,49415012.0
2025-10-29,49734532.0
2025-10-30,49680560.0
2025-10-31,49463816.0
2025-11-03,49632676.0
2025-11-04,49476304.0
2025-11-06,48346084.0
2025-11-07,48400700.0
2025-11-10,49356324.0
2025-11-11,48712704.0
2025-11-12,49056832.0
2025-11-13,48652076.0
2025-11-14,48945276.0
2025-11-17,48287928.0
2025-11-18,48200964.0
2025-11-19,47615632.0
2025-11-20,48213128.0
2025-11-21,47385440.0
2025-11-24,47348904.0
2025-11-25,47344192.0
2025-11-26,47441444.0
2025-11-27,47371624.0
2025-11-28,47437440.0
2025-12-01,47671616.0
2025-12-02,47254648.0
2025-12-03,47140692.0
2025-12-04,46996624.0
2025-12-05,46840540.0
2025-12-08,46154376.0
2025-12-09,46382832.0
2025-12-10,45970620.0
2025-12-11,46167764.0
2025-12-12,46603536.0
2025-12-15,47052840.0
2025-12-16,46596780.0
2025-12-17,46435472.0
2025-12-18,46782228.0
2025-12-19,47338392.0
2025-12-22,48114660.0
2025-12-23,48063616.0
2025-12-24,48111712.0
2025-12-26,48086992.0
2025-12-29,47626768.0
2025-12-30,47952424.0
2025-12-31,48038896.0
2026-01-01,48396968.0
2026-01-02,48989180.0
2026-01-05,48883568.0
2026-01-06,48616720.0
2026-01-07,48620892.0
2026-01-08,47487644.0
2026-01-09,46631640.0
2026-01-12,46516488.0
2026-01-13,46691892.0
2026-01-14,46766832.0
2026-01-16,46596472.0
2026-01-19,46268512.0
2026-01-20,45001664.0
2026-01-21,44384864.0
2026-01-22,45008860.0
2026-01-23,44859332.0
2026-01-27,44830780.0
2026-01-28,44873220.0
2026-01-29,45293340.0
2026-01-30,45008296.0
2026-02-01,43830412.0
2026-02-02,43554804.0
2026-02-03,44369184.0
2026-02-04,45204404.0
2026-02-05,45058008.0
2026-02-06,44716584.0
2026-02-09,45794588.0
2026-02-10,46301260.0
2026-02-11,46195844.0
2026-02-12,46600720.0
2026-02-13,45697932.0
2026-02-16,46276796.0
2026-02-17,46399552.0
2026-02-18,46561416.0
2026-02-19,46258824.0
2026-02-20,46187728.0
2026-02-23,46510988.0
2026-02-24,46359660.0
2026-02-25,46440592.0
2026-02-26,46358112.0
2026-02-27,45629328.0
2026-03-02,45161688.0
2026-03-04,44291420.0
2026-03-05,44821836.0
2026-03-06,44690248.0
2026-03-09,44114848.0
2026-03-10,44655304.0
2026-03-11,44020664.0
2026-03-12,43870020.0
2026-03-13,42554404.0
2026-03-16,42078148.0
2026-03-17,42806980.0
2026-03-18,43050172.0
2026-03-19,42401632.0
2026-03-20,42546052.0
2026-03-23,40720680.0
2026-03-24,42085916.0
2026-03-25,42590916.0
2026-03-27,42398504.0
2026-03-30,41581588.0
2026-04-01,42111936.0
2026-04-02,41855672.0
2026-04-06,42331140.0
2026-04-07,42847352.0
2026-04-08,43564864.0
2026-04-09,44136920.0
2026-04-10,45191752.0
2026-04-13,45492956.0
2026-04-15,46231060.0
2026-04-16,46555840.0
2026-04-17,47497576.0
2026-04-20,47640748.0
2026-04-21,47804404.0
2026-04-22,48617280.0
2026-04-23,49470212.0
2026-04-24,48956960.0
2026-04-27,49992732.0
2026-04-28,50139324.0
2026-04-29,50766072.0
2026-04-30,51400236.0
2026-05-04,51202876.0
2026-05-05,51212048.0
2026-05-06,50737920.0
2026-05-07,51678364.0
2026-05-08,51897288.0
2026-05-11,52026548.0
2026-05-12,51031348.0
2026-05-13,51653316.0
2026-05-14,51914104.0
2026-05-15,51296244.0
2026-05-18,50963920.0
2026-05-19,50689596.0
2026-05-20,51268992.0
2026-05-21,51811444.0
2026-05-22,51908696.0
2026-05-25,53066372.0
2026-05-26,53757196.0
2026-05-27,53733076.0
2026-05-29,53721988.0
2026-06-01,53410340.0
2026-06-02,53867528.0
2026-06-03,54673480.0
2026-06-04,55556876.0
2026-06-05,55140868.0
2026-06-08,53807068.0
2026-06-09,54506652.0
2026-06-10,53614032.0
2026-06-11,53358420.0
2026-06-12,54050064.0
2026-06-15,54088828.0
2026-06-16,54482328.0
2026-06-17,55342120.0
2026-06-18,55533960.0
2026-06-19,55968516.0
2026-06-22,56481156.0
2026-06-23,55985792.0
2026-06-24,56456020.0
2026-06-25,55682944.0
2026-06-29,56136960.0
2026-06-30,56399036.0
2026-07-01,56010712.0
2026-07-02,56396200.0
2026-07-03,56228420.0
2026-07-06,55977948.0
2026-07-07,55127412.0
2026-07-08,55409512.0
2026-07-09,55997616.0
2026-07-10,56358936.0
2026-07-13,56433408.0
2026-07-14,56255600.0
2026-07-15,56806368.0
2026-07-16,57034556.0
2026-07-17,56432056.0
2026-07-20,56793388.0
2026-07-21,56984540.0
2026-07-22,56749372.0
2026-07-23,56786772.0
2026-07-24,56598112.0
2026-07-27,56770568.0
2026-07-28,55779220.0
2026-07-29,56047068.0
2026-07-30,55736368.0
2026-07-31,56384572.0
2026-08-03,56514428.0
2026-08-04,57485488.0
2026-08-05,58454748.0
2026-08-06,58366748.0
2026-08-07,58134440.0
2026-08-10,58515824.0
2026-08-11,59084944.0
2026-08-12,59284752.0
2026-08-13,58833848.0
2026-08-14,58439372.0
2026-08-17,58111208.0
2026-08-18,58633168.0
2026-08-19,58190116.0
2026-08-20,58029472.0
2026-08-21,57886844.0
2026-08-24,57761220.0
2026-08-25,57207672.0
2026-08-26,57721920.0
2026-08-27,57912120.0
2026-08-28,58586692.0
2026-08-31,59045536.0
2026-09-01,59459556.0
2026-09-02,59811652.0
2026-09-03,60926192.0
2026-09-04,60927704.0
2026-09-07,61506944.0
2026-09-08,62294136.0
2026-09-09,61999812.0
2026-09-10,61677556.0
2026-09-11,61916368.0
