,nav
2005-01-03,1000212.4859327639
2005-01-04,1000425.0170157994
2005-01-05,1000637.5932587003
2005-01-06,1000850.2146710625
2005-01-07,1001062.8812624839
2005-01-10,1001275.5930425642
2005-01-11,1001488.3500209056
2005-01-12,1001701.1522071119
2005-01-13,1001913.9996107894
2005-01-14,1002126.8922415458
2005-01-17,1002339.8301089916
2005-01-18,1002552.8132227387
2005-01-19,1002765.8415924014
2005-01-20,1002978.915227596
2005-01-24,1003192.0341379406
2005-01-25,1003405.1983330557
2005-01-27,1003618.4078225637
2005-01-28,1003831.6626160889
2005-01-31,1004044.9627232578
2005-02-01,1004258.308153699
2005-02-02,1004471.6989170429
2005-02-03,1004685.1350229223
2005-02-04,1004898.6164809717
2005-02-07,1005112.1433008278
2005-02-08,1005325.7154921294
2005-02-09,1005539.3330645174
2005-02-10,1005752.9960276344
2005-02-11,1005966.7043911254
2005-02-14,1006180.4581646373
2005-02-15,1006394.2573578192
2005-02-16,1006608.1019803222
2005-02-17,1006821.9920417991
2005-02-18,1007035.9275519054
2005-02-21,1007249.9085202981
2005-02-22,1007463.9349566364
2005-02-23,1006962.25
2005-02-24,1008438.875
2005-02-25,1008103.9375
2005-02-28,1011022.125
2005-03-01,1009469.75
2005-03-02,1010664.125
2005-03-03,1011848.8125
2005-03-04,1011718.5625
2005-03-07,1013127.3125
2005-03-08,1013094.625
2005-03-09,1013003.5
2005-03-10,1015152.625
2005-03-11,1014876.5625
2005-03-14,1014824.5
2005-03-15,1014801.75
2005-03-16,1014662.125
2005-03-17,1014697.875
2005-03-18,1015045.375
2005-03-21,1014779.25
2005-03-22,1012273.0
2005-03-23,1009211.5625
2005-03-24,1009663.5625
2005-03-28,1009878.0625
2005-03-29,1010092.5625
2005-03-30,1010307.125
2005-03-31,1010521.75
2005-04-01,1010736.4375
2005-04-04,1010951.125
2005-04-05,1011165.875
2005-04-06,1011380.6875
2005-04-07,1011595.5625
2005-04-08,1011810.4375
2005-04-11,1012025.375
2005-04-12,1012240.375
2005-04-13,1012455.375
2005-04-15,1012670.4375
2005-04-18,1012885.5625
2005-04-19,1013100.75
2005-04-20,1013315.9375
2005-04-21,1013531.1875
2005-04-22,1013746.5
2005-04-25,1013961.875
2005-04-26,1014177.25
2005-04-27,1014392.6875
2005-04-28,1014608.1875
2005-04-29,1014823.75
2005-05-02,1015039.3125
2005-05-03,1015254.9375
2005-05-04,1015470.625
2005-05-05,1015686.3125
2005-05-06,1015902.0625
2005-05-09,1016117.875
2005-05-10,1016333.75
2005-05-11,1016549.625
2005-05-12,1016765.5625
2005-05-13,1016981.5625
2005-05-16,1017197.625
2005-05-17,1017413.6875
2005-05-18,1017629.8125
2005-05-19,1017846.0
2005-05-20,1018062.25
2005-05-23,1020821.9375
2005-05-24,1022925.25
2005-05-25,1020865.625
2005-05-26,1020978.0625
2005-05-27,1023328.0
2005-05-30,1019885.25
2005-05-31,1021396.875
2005-06-01,1023972.3125
2005-06-02,1025887.375
2005-06-03,1029336.4375
2005-06-04,1029526.0625
2005-06-06,1027295.1875
2005-06-07,1033519.125
2005-06-08,1032906.125
2005-06-09,1027550.25
2005-06-10,1016540.25
2005-06-13,1020523.9375
2005-06-14,1023809.75
2005-06-15,1025316.1875
2005-06-16,1009259.75
2005-06-17,1001134.125
2005-06-20,997429.4375
2005-06-21,1004945.25
2005-06-22,1007314.125
2005-06-23,1006312.0
2005-06-24,1007980.625
2005-06-27,1011018.125
2005-06-28,992998.0
2005-06-29,1004114.75
2005-06-30,1000463.375
2005-07-01,1018842.9375
2005-07-04,1041378.375
2005-07-05,1025264.8125
2005-07-06,1042720.5625
2005-07-07,1007512.4375
2005-07-08,1029559.75
2005-07-11,1034133.4375
2005-07-12,1040790.5
2005-07-13,1037501.25
2005-07-14,1030586.875
2005-07-15,1052959.625
2005-07-18,1066865.875
2005-07-19,1079022.125
2005-07-20,1085399.125
2005-07-21,1069192.25
2005-07-22,1082394.75
2005-07-25,1082819.375
2005-07-26,1076539.25
2005-07-27,1083169.125
2005-07-29,1071402.25
2005-08-01,1076885.125
2005-08-02,1107462.5
2005-08-03,1105360.0
2005-08-04,1103005.0
2005-08-05,1115257.0
2005-08-08,1096394.75
2005-08-09,1086755.0
2005-08-10,1121073.5
2005-08-11,1124006.125
2005-08-12,1121114.0
2005-08-16,1127092.375
2005-08-17,1133364.5
2005-08-18,1117435.5
2005-08-19,1130242.5
2005-08-22,1118173.125
2005-08-23,1093954.0
2005-08-24,1085057.625
2005-08-25,1091554.375
2005-08-26,1113550.625
2005-08-29,1112379.0
2005-08-30,1117698.625
2005-08-31,1124377.5
2005-09-01,1123562.25
2005-09-02,1132806.25
2005-09-05,1132506.875
2005-09-06,1137170.0
2005-09-08,1146228.875
2005-09-09,1139119.25
2005-09-12,1151431.5
2005-09-13,1159203.25
2005-09-14,1148713.25
2005-09-15,1167168.75
2005-09-16,1166269.625
2005-09-19,1168856.0
2005-09-20,1156247.5
2005-09-21,1130661.0
2005-09-22,1071106.375
2005-09-23,1073037.75
2005-09-26,1106570.5
2005-09-27,1113092.25
2005-09-28,1116603.5
2005-09-29,1112755.0
2005-09-30,1118915.75
2005-10-03,1136652.0
2005-10-04,1148403.0
2005-10-05,1143494.25
2005-10-06,1123975.25
2005-10-07,1121584.875
2005-10-10,1109598.0
2005-10-11,1110931.5
2005-10-13,1098305.0
2005-10-14,1077727.75
2005-10-17,1071578.0
2005-10-18,1067974.125
2005-10-19,1052490.625
2005-10-20,1047651.75
2005-10-21,1059513.0
2005-10-24,1040464.1875
2005-10-25,1041430.625
2005-10-26,1039940.0
2005-10-27,1028280.25
2005-10-28,1025023.375
2005-10-31,1031370.5
2005-11-01,1034275.125
2005-11-02,1034448.125
2005-11-07,1043124.875
2005-11-08,1047116.375
2005-11-09,1047169.25
2005-11-10,1049970.75
2005-11-11,1061921.375
2005-11-14,1064596.75
2005-11-16,1070885.875
2005-11-17,1076188.25
2005-11-18,1067265.25
2005-11-21,1067965.75
2005-11-22,1066088.375
2005-11-23,1074247.875
2005-11-24,1081054.5
2005-11-25,1089641.75
2005-11-26,1090067.125
2005-11-28,1100617.75
2005-11-29,1100289.75
2005-11-30,1084219.625
2005-12-01,1104350.5
2005-12-02,1101819.75
2005-12-05,1093412.0
2005-12-06,1090647.875
2005-12-07,1096115.75
2005-12-08,1122037.125
2005-12-09,1121866.25
2005-12-12,1126804.25
2005-12-13,1128757.875
2005-12-14,1131875.25
2005-12-15,1114165.75
2005-12-16,1126754.5
2005-12-19,1139017.0
2005-12-20,1132675.25
2005-12-21,1133263.0
2005-12-22,1135680.75
2005-12-23,1126182.75
2005-12-26,1096357.625
2005-12-27,1119896.125
2005-12-28,1125245.125
2005-12-29,1130342.375
2005-12-30,1143070.5
2006-01-02,1146422.75
2006-01-03,1163020.375
2006-01-04,1177518.625
2006-01-05,1169984.875
2006-01-06,1168930.75
2006-01-09,1171101.0
2006-01-10,1158398.125
2006-01-12,1162546.875
2006-01-13,1169010.25
2006-01-16,1159170.5
2006-01-17,1157928.5
2006-01-18,1146323.0
2006-01-19,1165521.0
2006-01-20,1169036.375
2006-01-23,1155722.625
2006-01-24,1157243.375
2006-01-25,1151492.5
2006-01-27,1177656.25
2006-01-30,1172728.375
2006-01-31,1181654.5
2006-02-01,1176906.25
2006-02-02,1191691.25
2006-02-03,1186175.75
2006-02-06,1204420.25
2006-02-07,1215742.25
2006-02-08,1232237.75
2006-02-10,1241126.5
2006-02-13,1265006.0
2006-02-14,1258655.125
2006-02-15,1271660.125
2006-02-16,1286743.25
2006-02-17,1259304.0
2006-02-20,1275877.5
2006-02-21,1279660.0
2006-02-22,1285157.625
2006-02-23,1284010.625
2006-02-24,1275163.25
2006-02-27,1274961.875
2006-02-28,1276016.25
2006-03-01,1305885.125
2006-03-02,1312513.5
2006-03-03,1315395.5
2006-03-06,1355562.75
2006-03-07,1363517.875
2006-03-08,1326456.5
2006-03-09,1338418.625
2006-03-10,1357570.0
2006-03-13,1354285.625
2006-03-14,1346621.125
2006-03-16,1365605.875
2006-03-17,1377008.125
2006-03-20,1389054.625
2006-03-21,1372713.125
2006-03-22,1370309.5
2006-03-23,1388051.0
2006-03-24,1413613.75
2006-03-27,1424476.5
2006-03-28,1423228.375
2006-03-29,1431472.0
2006-03-30,1426179.875
2006-03-31,1444583.0
2006-04-03,1493244.25
2006-04-04,1502008.125
2006-04-05,1541027.0
2006-04-07,1521247.0
2006-04-10,1536560.5
2006-04-12,1494192.5
2006-04-13,1452157.25
2006-04-17,1499445.375
2006-04-18,1528079.0
2006-04-19,1549273.375
2006-04-20,1569444.0
2006-04-21,1565934.0
2006-04-24,1561524.25
2006-04-25,1527189.625
2006-04-26,1562705.0
2006-04-27,1551744.75
2006-04-28,1556973.875
2006-04-29,1558838.875
2006-05-02,1609190.0
2006-05-03,1614474.25
2006-05-04,1622856.875
2006-05-05,1635827.125
2006-05-08,1656160.25
2006-05-09,1684098.5
2006-05-10,1705086.125
2006-05-11,1669391.5
2006-05-12,1640405.75
2006-05-15,1572818.25
2006-05-16,1574079.375
2006-05-17,1633098.625
2006-05-18,1505101.75
2006-05-19,1465724.875
2006-05-22,1434364.75
2006-05-23,1430926.25
2006-05-24,1421136.875
2006-05-25,1417192.25
2006-05-26,1422368.875
2006-05-29,1423024.125
2006-05-30,1423695.25
2006-05-31,1412873.0
2006-06-01,1409664.625
2006-06-02,1407877.625
2006-06-05,1403734.625
2006-06-06,1398387.125
2006-06-07,1385771.75
2006-06-08,1381449.75
2006-06-09,1381743.25
2006-06-12,1382036.75
2006-06-13,1382330.375
2006-06-14,1382624.0
2006-06-15,1382917.75
2006-06-16,1383211.5
2006-06-19,1383505.375
2006-06-20,1383799.25
2006-06-21,1384093.25
2006-06-22,1384387.25
2006-06-23,1384681.375
2006-06-25,1384975.5
2006-06-26,1385269.75
2006-06-27,1385564.0
2006-06-28,1385858.375
2006-06-29,1386152.75
2006-06-30,1386447.25
2006-07-03,1386741.75
2006-07-04,1387036.375
2006-07-05,1387331.0
2006-07-06,1387625.75
2006-07-07,1387920.5
2006-07-10,1388215.375
2006-07-11,1388510.25
2006-07-12,1388805.25
2006-07-13,1385598.5
2006-07-14,1384231.75
2006-07-17,1382354.25
2006-07-18,1383834.875
2006-07-19,1382872.25
2006-07-20,1385291.5
2006-07-21,1383303.375
2006-07-24,1384035.75
2006-07-25,1384285.125
2006-07-26,1386328.375
2006-07-27,1387199.5
2006-07-28,1386082.875
2006-07-31,1387615.5
2006-08-01,1388011.625
2006-08-02,1388716.625
2006-08-03,1389307.0
2006-08-04,1389964.625
2006-08-07,1389893.875
2006-08-08,1390698.125
2006-08-09,1391859.0
2006-08-10,1392461.375
2006-08-11,1394402.5
2006-08-14,1395337.75
2006-08-16,1395457.375
2006-08-17,1390557.25
2006-08-18,1391554.875
2006-08-21,1394499.125
2006-08-22,1391704.625
2006-08-23,1388567.375
2006-08-24,1389447.5
2006-08-25,1390112.125
2006-08-28,1388542.375
2006-08-29,1389877.5
2006-08-30,1389414.25
2006-08-31,1376115.0
2006-09-01,1383052.75
2006-09-04,1390663.75
2006-09-05,1393750.5
2006-09-06,1391752.125
2006-09-07,1383258.5
2006-09-08,1379480.5
2006-09-11,1355590.5
2006-09-12,1369939.25
2006-09-13,1387104.875
2006-09-14,1387142.25
2006-09-15,1392299.5
2006-09-18,1390384.375
2006-09-19,1370075.75
2006-09-20,1381353.875
2006-09-21,1379184.125
2006-09-22,1380928.75
2006-09-25,1374731.375
2006-09-26,1391949.875
2006-09-27,1393329.75
2006-09-28,1392118.0
2006-09-29,1409453.625
2006-10-03,1403452.875
2006-10-04,1389357.0
2006-10-05,1410890.375
2006-10-06,1412931.125
2006-10-09,1419538.25
2006-10-10,1416548.375
2006-10-11,1409217.0
2006-10-12,1434688.125
2006-10-13,1445222.0
2006-10-16,1456396.0
2006-10-17,1458155.5
2006-10-18,1464299.0
2006-10-19,1451209.625
2006-10-20,1454656.75
2006-10-21,1454659.625
2006-10-23,1452644.0
2006-10-26,1473243.5
2006-10-27,1500563.0
2006-10-30,1507422.375
2006-10-31,1511846.5
2006-11-01,1526680.5
2006-11-02,1534077.0
2006-11-03,1535222.375
2006-11-06,1538094.125
2006-11-07,1533716.75
2006-11-08,1523534.125
2006-11-09,1528678.25
2006-11-10,1546918.875
2006-11-13,1569731.25
2006-11-14,1571428.25
2006-11-15,1583261.5
2006-11-16,1582547.5
2006-11-17,1573259.625
2006-11-20,1575443.75
2006-11-21,1607458.875
2006-11-22,1622976.875
2006-11-23,1623583.75
2006-11-24,1629473.875
2006-11-27,1621933.875
2006-11-28,1607832.5
2006-11-29,1622989.25
2006-11-30,1636388.75
2006-12-01,1677870.625
2006-12-04,1678355.25
2006-12-05,1679940.0
2006-12-06,1663188.5
2006-12-07,1660618.75
2006-12-08,1667976.0
2006-12-11,1612527.0
2006-12-12,1548188.25
2006-12-13,1562844.125
2006-12-14,1582681.5
2006-12-15,1598468.0
2006-12-18,1599580.75
2006-12-19,1584360.625
2006-12-20,1579469.75
2006-12-21,1576962.75
2006-12-22,1585994.5
2006-12-26,1598483.75
2006-12-27,1605883.5
2006-12-28,1620536.375
2006-12-29,1624786.125
2007-01-02,1646668.5
2007-01-03,1663819.0
2007-01-04,1656818.25
2007-01-05,1658470.375
2007-01-08,1672874.375
2007-01-09,1679007.875
2007-01-10,1677118.375
2007-01-11,1720621.625
2007-01-12,1777428.875
2007-01-15,1800072.75
2007-01-16,1808739.625
2007-01-17,1809512.5
2007-01-18,1795700.0
2007-01-19,1788946.75
2007-01-22,1811131.75
2007-01-23,1811226.125
2007-01-24,1817095.75
2007-01-25,1855792.375
2007-01-29,1864583.625
2007-01-31,1854997.0
2007-02-01,1882285.75
2007-02-02,1903066.75
2007-02-05,1946928.875
2007-02-06,1951673.0
2007-02-07,1952402.375
2007-02-08,1960526.75
2007-02-09,1923298.375
2007-02-12,1864833.25
2007-02-13,1867945.875
2007-02-14,1889242.875
2007-02-15,1948915.875
2007-02-19,1959105.625
2007-02-20,1939918.5
2007-02-21,1956480.375
2007-02-22,1940245.875
2007-02-23,1890805.625
2007-02-26,1883891.25
2007-02-27,1877527.5
2007-02-28,1822179.625
2007-03-01,1840977.75
2007-03-02,1839807.375
2007-03-05,1764149.25
2007-03-06,1787672.5
2007-03-07,1773764.5
2007-03-08,1819263.25
2007-03-09,1811478.25
2007-03-12,1824358.25
2007-03-13,1858568.0
2007-03-14,1831970.25
2007-03-15,1836782.5
2007-03-16,1832064.25
2007-03-19,1839175.0
2007-03-20,1839369.875
2007-03-21,1841207.75
2007-03-22,1856811.0
2007-03-23,1858614.75
2007-03-26,1856337.125
2007-03-28,1846352.875
2007-03-29,1859956.25
2007-03-30,1886934.0
2007-04-02,1749197.5
2007-04-03,1763820.75
2007-04-04,1790970.375
2007-04-05,1801074.25
2007-04-09,1826927.375
2007-04-10,1870903.625
2007-04-11,1865224.5
2007-04-12,1866150.0
2007-04-13,1880213.875
2007-04-16,1899210.125
2007-04-17,1884009.5
2007-04-18,1896710.0
2007-04-19,1895141.875
2007-04-20,1905574.625
2007-04-23,1908253.75
2007-04-24,1908674.625
2007-04-25,1937637.125
2007-04-26,1946797.25
2007-04-27,1933191.75
2007-04-30,1943363.375
2007-05-03,1942129.875
2007-05-04,1905509.75
2007-05-07,1899563.75
2007-05-08,1889573.25
2007-05-09,1903690.125
2007-05-10,1893954.75
2007-05-11,1896417.0
2007-05-14,1940719.5
2007-05-15,1930607.875
2007-05-16,1948236.75
2007-05-17,1964808.25
2007-05-18,1987481.0
2007-05-21,2014648.25
2007-05-22,2021806.25
2007-05-23,2000587.25
2007-05-24,1988549.25
2007-05-25,1978059.125
2007-05-28,1994809.125
2007-05-29,2021136.0
2007-05-30,1979715.5
2007-05-31,1980092.5
2007-06-01,2011350.875
2007-06-04,1985540.75
2007-06-05,2004053.125
2007-06-06,1964484.5
2007-06-07,1973613.375
2007-06-08,1963115.875
2007-06-11,1952002.375
2007-06-12,1932688.25
2007-06-13,1930943.375
2007-06-14,1969796.875
2007-06-15,1983143.625
2007-06-18,1970463.875
2007-06-19,2010619.875
2007-06-20,2036550.25
2007-06-21,2038564.25
2007-06-22,2026381.625
2007-06-25,2009429.125
2007-06-26,2031315.25
2007-06-27,2029419.0
2007-06-28,2021891.625
2007-06-29,2055337.25
2007-07-02,2071544.875
2007-07-03,2082508.875
2007-07-04,2070954.75
2007-07-05,2059811.5
2007-07-06,2056674.625
2007-07-09,2091198.625
2007-07-10,2082716.875
2007-07-11,2104828.0
2007-07-12,2140012.25
2007-07-13,2140757.75
2007-07-16,2125624.0
2007-07-17,2118927.75
2007-07-18,2110865.25
2007-07-19,2123780.75
2007-07-20,2112682.5
2007-07-23,2123115.25
2007-07-24,2125958.0
2007-07-25,2104806.5
2007-07-26,2106988.75
2007-07-27,2068115.0
2007-07-30,2085507.0
2007-07-31,2103465.25
2007-08-01,2037883.75
2007-08-02,2068396.125
2007-08-03,2083196.375
2007-08-06,2058500.75
2007-08-07,2059248.0
2007-08-08,2081186.75
2007-08-09,2056022.25
2007-08-10,2031197.0
2007-08-13,2043649.625
2007-08-14,2037781.25
2007-08-16,1975479.0
2007-08-17,1983505.0
2007-08-20,1990672.25
2007-08-21,1960933.75
2007-08-22,1959952.75
2007-08-23,1930606.75
2007-08-24,1951903.25
2007-08-27,1960185.75
2007-08-28,1965362.5
2007-08-29,1964563.5
2007-08-30,1969673.0
2007-08-31,1996884.875
2007-09-03,2009808.625
2007-09-04,2017414.25
2007-09-05,2012918.5
2007-09-06,2022748.5
2007-09-07,2005144.0
2007-09-10,2018292.0
2007-09-11,2009061.375
2007-09-12,2021721.625
2007-09-13,2027207.5
2007-09-14,1985103.5
2007-09-17,1995105.375
2007-09-18,2007914.0
2007-09-19,2029589.625
2007-09-20,2037723.25
2007-09-21,2065953.875
2007-09-24,2080963.25
2007-09-25,2078229.125
2007-09-26,2092396.125
2007-09-27,2090121.625
2007-09-28,2172155.75
2007-10-01,2194771.5
2007-10-03,2192405.5
2007-10-04,2200047.0
2007-10-05,2152683.75
2007-10-08,2050578.375
2007-10-09,2109653.5
2007-10-10,2123362.0
2007-10-11,2151943.0
2007-10-12,2145824.0
2007-10-15,2247303.5
2007-10-16,2279953.25
2007-10-17,2219418.25
2007-10-18,2127062.25
2007-10-19,2044050.0
2007-10-22,2069955.875
2007-10-23,2166310.25
2007-10-24,2192405.75
2007-10-25,2228562.25
2007-10-26,2304982.5
2007-10-29,2381481.0
2007-10-30,2393297.75
2007-10-31,2421007.75
2007-11-01,2340048.5
2007-11-02,2370901.75
2007-11-05,2375056.75
2007-11-06,2366097.75
2007-11-07,2382053.5
2007-11-08,2350270.0
2007-11-09,2359883.5
2007-11-12,2380110.0
2007-11-13,2419944.5
2007-11-14,2482968.5
2007-11-15,2559082.0
2007-11-16,2610228.25
2007-11-19,2706951.0
2007-11-20,2651278.25
2007-11-21,2472295.0
2007-11-22,2457518.5
2007-11-23,2538589.5
2007-11-26,2617456.0
2007-11-27,2590107.5
2007-11-28,2600914.75
2007-11-29,2593152.75
2007-11-30,2673142.25
2007-12-03,2710814.5
2007-12-04,2759833.5
2007-12-05,2854772.75
2007-12-06,2866782.25
2007-12-07,2830667.0
2007-12-10,2861060.5
2007-12-11,2847332.0
2007-12-12,2875185.5
2007-12-13,2873830.0
2007-12-14,2893450.25
2007-12-17,2758231.0
2007-12-18,2759472.75
2007-12-19,2785612.25
2007-12-20,2779338.75
2007-12-24,2837414.0
2007-12-26,2917067.5
2007-12-27,2914898.75
2007-12-28,2940739.0
2007-12-31,3000408.25
2008-01-01,3030855.5
2008-01-02,3082052.75
2008-01-03,3060783.25
2008-01-04,3050266.0
2008-01-07,3019753.25
2008-01-08,2931927.25
2008-01-09,2941838.75
2008-01-10,2842886.75
2008-01-11,2851534.25
2008-01-14,2899843.0
2008-01-15,2834627.0
2008-01-16,2812758.75
2008-01-17,2856312.5
2008-01-18,2713670.25
2008-01-21,2489913.0
2008-01-22,2368272.5
2008-01-23,2355225.75
2008-01-24,2352256.75
2008-01-25,2362352.75
2008-01-28,2354801.0
2008-01-29,2343591.25
2008-01-30,2332221.0
2008-01-31,2324182.0
2008-02-01,2324675.75
2008-02-04,2325169.5
2008-02-05,2325663.5
2008-02-06,2326157.5
2008-02-07,2326651.75
2008-02-08,2327146.0
2008-02-11,2327640.25
2008-02-12,2328134.75
2008-02-13,2328629.25
2008-02-14,2329124.0
2008-02-15,2329618.75
2008-02-18,2330113.75
2008-02-19,2330608.75
2008-02-20,2331103.75
2008-02-21,2331599.0
2008-02-22,2332094.25
2008-02-25,2332589.75
2008-02-26,2333085.25
2008-02-27,2333580.75
2008-02-28,2334076.5
2008-02-29,2334572.25
2008-03-03,2335068.25
2008-03-04,2335564.25
2008-03-05,2336060.5
2008-03-07,2336556.75
2008-03-10,2337053.0
2008-03-11,2337549.5
2008-03-12,2338046.0
2008-03-13,2338542.75
2008-03-14,2339039.5
2008-03-17,2339536.5
2008-03-18,2340033.5
2008-03-19,2340530.5
2008-03-24,2341027.75
2008-03-25,2341525.0
2008-03-26,2342022.5
2008-03-27,2342520.0
2008-03-28,2343017.5
2008-03-31,2343515.25
2008-04-01,2192678.75
2008-04-02,2193144.5
2008-04-03,2193610.5
2008-04-04,2194076.5
2008-04-07,2194542.5
2008-04-08,2195008.75
2008-04-09,2195475.0
2008-04-10,2195941.5
2008-04-11,2196408.0
2008-04-15,2196874.5
2008-04-16,2197341.25
2008-04-17,2197808.0
2008-04-21,2198275.0
2008-04-22,2198742.0
2008-04-23,2199209.0
2008-04-24,2199676.25
2008-04-25,2200143.5
2008-04-28,2200611.0
2008-04-29,2207247.0
2008-04-30,2214639.5
2008-05-02,2221445.5
2008-05-05,2219412.0
2008-05-06,2202311.75
2008-05-07,2201992.0
2008-05-08,2198746.5
2008-05-09,2187962.75
2008-05-12,2188319.0
2008-05-13,2190973.5
2008-05-14,2198383.25
2008-05-15,2205665.5
2008-05-16,2213947.25
2008-05-20,2208602.5
2008-05-21,2205790.25
2008-05-22,2198009.75
2008-05-23,2198857.5
2008-05-26,2190523.5
2008-05-27,2186208.5
2008-05-28,2202264.5
2008-05-29,2203726.25
2008-05-30,2204234.75
2008-06-02,2171732.0
2008-06-03,2167029.75
2008-06-04,2143859.0
2008-06-05,2146286.5
2008-06-06,2149498.0
2008-06-09,2154598.5
2008-06-10,2153199.5
2008-06-11,2151789.0
2008-06-12,2148892.25
2008-06-13,2159657.25
2008-06-16,2158144.75
2008-06-17,2155328.25
2008-06-18,2150833.5
2008-06-19,2147700.0
2008-06-20,2134568.75
2008-06-23,2129054.5
2008-06-24,2124942.5
2008-06-25,2125267.0
2008-06-26,2126027.75
2008-06-27,2126625.0
2008-06-30,2130001.75
2008-07-01,2124647.75
2008-07-02,2129463.5
2008-07-03,2124491.25
2008-07-04,2126386.0
2008-07-07,2124596.5
2008-07-08,2124606.0
2008-07-09,2129302.25
2008-07-10,2129813.0
2008-07-11,2131839.0
2008-07-14,2135282.0
2008-07-15,2128163.25
2008-07-16,2126886.75
2008-07-17,2131180.5
2008-07-18,2136346.0
2008-07-21,2141021.25
2008-07-22,2141424.0
2008-07-23,2144660.5
2008-07-24,2142163.75
2008-07-25,2147297.25
2008-07-28,2146381.25
2008-07-29,2142522.25
2008-07-30,2144974.5
2008-07-31,2141955.25
2008-08-01,2138707.0
2008-08-04,2144853.0
2008-08-05,2148314.5
2008-08-06,2148886.0
2008-08-07,2145245.25
2008-08-08,2139549.25
2008-08-11,2139712.0
2008-08-12,2138664.0
2008-08-13,2145264.25
2008-08-14,2150678.0
2008-08-18,2143714.25
2008-08-19,2149492.5
2008-08-20,2150338.5
2008-08-21,2145497.0
2008-08-22,2150896.0
2008-08-25,2147231.0
2008-08-26,2149278.0
2008-08-27,2146753.75
2008-08-28,2145436.0
2008-08-29,2144875.0
2008-09-01,2149407.25
2008-09-02,2154136.0
2008-09-04,2157664.25
2008-09-05,2157215.75
2008-09-08,2157811.0
2008-09-09,2154430.5
2008-09-10,2161612.0
2008-09-11,2153715.0
2008-09-12,2158072.25
2008-09-15,2141781.5
2008-09-16,2139874.5
2008-09-17,2133352.75
2008-09-18,2128393.0
2008-09-19,2127052.25
2008-09-22,2126978.5
2008-09-23,2127130.25
2008-09-24,2121461.75
2008-09-25,2125663.5
2008-09-26,2124595.0
2008-09-29,2119298.5
2008-09-30,2126534.25
2008-10-01,2134338.5
2008-10-03,2132577.0
2008-10-06,2127668.25
2008-10-07,2129846.0
2008-10-08,2118967.0
2008-10-10,2082026.125
2008-10-13,2085755.375
2008-10-14,2086198.5
2008-10-15,2086641.625
2008-10-16,2087084.875
2008-10-17,2087528.25
2008-10-20,2087971.75
2008-10-21,2088415.25
2008-10-22,2088858.875
2008-10-23,2089302.625
2008-10-24,2089746.5
2008-10-27,2090190.375
2008-10-28,2090634.375
2008-10-29,2091078.5
2008-10-31,2091522.75
2008-11-03,2091967.0
2008-11-04,2092411.375
2008-11-05,2092855.875
2008-11-06,2093300.5
2008-11-07,2093745.125
2008-11-10,2094189.875
2008-11-11,2094634.75
2008-11-12,2095079.75
2008-11-14,2095524.75
2008-11-17,2095969.875
2008-11-18,2096415.125
2008-11-19,2096860.5
2008-11-20,2097306.0
2008-11-21,2097751.5
2008-11-24,2098197.25
2008-11-25,2098643.0
2008-11-26,2099088.75
2008-11-28,2099534.75
2008-12-01,2099980.75
2008-12-02,2100426.75
2008-12-03,2100873.0
2008-12-04,2101319.25
2008-12-05,2101765.75
2008-12-08,2102212.25
2008-12-10,2102658.75
2008-12-11,2103105.5
2008-12-12,2103552.25
2008-12-15,2103999.0
2008-12-16,2104446.0
2008-12-17,2104893.0
2008-12-18,2105340.25
2008-12-19,2105787.5
2008-12-22,2106234.75
2008-12-23,2106682.25
2008-12-24,2107129.75
2008-12-26,2107577.25
2008-12-29,2108025.0
2008-12-30,2108472.75
2008-12-31,2108920.75
2009-01-01,2109368.75
2009-01-02,2109816.75
2009-01-05,2110265.0
2009-01-06,2110713.25
2009-01-07,2111161.75
2009-01-09,2111610.25
2009-01-12,2112058.75
2009-01-13,2112507.5
2009-01-14,2112956.25
2009-01-15,2113405.0
2009-01-16,2113854.0
2009-01-19,2114303.0
2009-01-20,2114752.25
2009-01-21,2115201.5
2009-01-22,2115650.75
2009-01-23,2116100.25
2009-01-27,2116549.75
2009-01-28,2116999.25
2009-01-29,2117449.0
2009-01-30,2117898.75
2009-02-02,2118348.75
2009-02-03,2118798.75
2009-02-04,2119248.75
2009-02-05,2119699.0
2009-02-06,2120149.25
2009-02-09,2120599.75
2009-02-10,2121050.25
2009-02-11,2121500.75
2009-02-12,2121951.5
2009-02-13,2122402.25
2009-02-16,2123204.25
2009-02-17,2125322.25
2009-02-18,2123724.0
2009-02-19,2123902.5
2009-02-20,2122157.5
2009-02-24,2119687.5
2009-02-25,2119613.75
2009-02-26,2124992.25
2009-02-27,2125831.5
2009-03-02,2121927.5
2009-03-03,2122065.75
2009-03-04,2126874.25
2009-03-05,2128585.75
2009-03-06,2127754.5
2009-03-09,2129287.0
2009-03-12,2135269.5
2009-03-13,2134275.5
2009-03-16,2135197.0
2009-03-17,2137064.0
2009-03-18,2141335.25
2009-03-19,2140651.25
2009-03-20,2142151.75
2009-03-23,2143098.0
2009-03-24,2144655.75
2009-03-25,2145577.75
2009-03-26,2149254.75
2009-03-27,2159085.0
2009-03-30,2152615.25
2009-03-31,2156814.0
2009-04-01,2152243.5
2009-04-02,2151990.5
2009-04-06,2160879.0
2009-04-08,2159436.5
2009-04-09,2151897.25
2009-04-13,2150863.5
2009-04-15,2159096.0
2009-04-16,2165899.25
2009-04-17,2172771.0
2009-04-20,2171892.25
2009-04-21,2165179.25
2009-04-22,2162864.25
2009-04-23,2170647.0
2009-04-24,2172441.5
2009-04-27,2167695.0
2009-04-28,2168851.75
2009-04-29,2182506.75
2009-05-04,2190543.75
2009-05-05,2194604.0
2009-05-06,2196972.5
2009-05-07,2204946.0
2009-05-08,2197347.5
2009-05-11,2187044.5
2009-05-12,2204960.25
2009-05-13,2197308.75
2009-05-14,2200218.5
2009-05-15,2206472.75
2009-05-18,2338695.0
2009-05-19,2318712.5
2009-05-20,2329809.0
2009-05-21,2319531.5
2009-05-22,2325822.0
2009-05-25,2342657.5
2009-05-26,2330655.5
2009-05-27,2355998.25
2009-05-28,2366284.0
2009-05-29,2396156.5
2009-06-01,2434209.5
2009-06-02,2436543.0
2009-06-03,2486649.0
2009-06-04,2510779.75
2009-06-05,2519803.0
2009-06-08,2471745.25
2009-06-09,2508668.5
2009-06-10,2550551.5
2009-06-11,2546898.5
2009-06-12,2513428.25
2009-06-15,2492928.75
2009-06-16,2522888.0
2009-06-17,2477398.75
2009-06-18,2451362.5
2009-06-19,2495596.0
2009-06-22,2478153.5
2009-06-23,2487807.75
2009-06-24,2553319.75
2009-06-25,2559310.0
2009-06-26,2567038.0
2009-06-29,2550305.5
2009-06-30,2506216.0
2009-07-01,2519444.0
2009-07-02,2524629.5
2009-07-03,2540583.25
2009-07-06,2447611.75
2009-07-07,2494665.0
2009-07-08,2443384.0
2009-07-09,2463292.75
2009-07-10,2456304.75
2009-07-13,2415999.75
2009-07-14,2471044.0
2009-07-15,2524817.25
2009-07-16,2539275.0
2009-07-17,2590212.5
2009-07-20,2651111.0
2009-07-21,2644622.0
2009-07-22,2612770.0
2009-07-23,2649064.0
2009-07-24,2659008.5
2009-07-27,2665573.75
2009-07-28,2700419.0
2009-07-29,2691283.75
2009-07-30,2716800.0
2009-07-31,2739745.75
2009-08-03,2794236.75
2009-08-04,2776103.75
2009-08-05,2780290.0
2009-08-06,2689272.5
2009-08-07,2639378.25
2009-08-10,2582758.0
2009-08-11,2589616.75
2009-08-12,2559433.75
2009-08-13,2637784.5
2009-08-14,2634187.5
2009-08-17,2544535.75
2009-08-18,2606258.75
2009-08-19,2572509.25
2009-08-20,2568568.25
2009-08-21,2607217.0
2009-08-24,2698305.0
2009-08-25,2722723.25
2009-08-26,2744012.5
2009-08-27,2734168.5
2009-08-28,2722811.0
2009-08-31,2732497.75
2009-09-01,2734028.25
2009-09-02,2706152.25
2009-09-03,2721689.75
2009-09-04,2740159.25
2009-09-07,2774177.0
2009-09-08,2750925.0
2009-09-09,2769436.75
2009-09-10,2800595.0
2009-09-11,2804930.25
2009-09-14,2794913.5
2009-09-15,2873459.5
2009-09-16,2913872.25
2009-09-17,2905390.0
2009-09-18,2943393.25
2009-09-22,3016142.0
2009-09-23,3003703.5
2009-09-24,3024980.75
2009-09-25,3004719.75
2009-09-29,3015474.5
2009-09-30,3034954.75
2009-10-01,3017899.0
2009-10-05,3029368.75
2009-10-06,3064331.5
2009-10-07,3094386.75
2009-10-08,3122593.75
2009-10-09,3095384.0
2009-10-12,3143464.75
2009-10-14,3189007.0
2009-10-15,3203097.5
2009-10-16,3184507.0
2009-10-17,3184514.5
2009-10-20,3200455.5
2009-10-21,3152656.0
2009-10-22,3123389.25
2009-10-23,3193210.5
2009-10-26,3187362.75
2009-10-27,3098282.25
2009-10-28,3087539.0
2009-10-29,3053512.25
2009-10-30,3054396.25
2009-11-03,2992567.0
2009-11-04,3047640.25
2009-11-05,3070634.75
2009-11-06,3119878.0
2009-11-09,3193143.75
2009-11-10,3162333.0
2009-11-11,3210266.0
2009-11-12,3191758.5
2009-11-13,3219094.25
2009-11-16,3273310.75
2009-11-17,3272128.25
2009-11-18,3259168.75
2009-11-19,3218368.25
2009-11-20,3245889.0
2009-11-23,3259376.75
2009-11-24,3295983.75
2009-11-25,3311809.25
2009-11-26,3277489.75
2009-11-27,3261220.5
2009-11-30,3314773.25
2009-12-01,3382971.5
2009-12-02,3371372.0
2009-12-03,3397888.5
2009-12-04,3407151.75
2009-12-07,3363487.5
2009-12-08,3374056.5
2009-12-09,3382241.5
2009-12-10,3353822.25
2009-12-11,3370569.0
2009-12-14,3370736.75
2009-12-15,3335835.75
2009-12-16,3332736.5
2009-12-17,3343932.0
2009-12-18,3349143.75
2009-12-21,3320620.5
2009-12-22,3340333.0
2009-12-23,3391258.5
2009-12-24,3393869.0
2009-12-29,3411655.25
2009-12-30,3403994.25
2009-12-31,3437740.75
2010-01-04,3491821.25
2010-01-05,3515679.75
2010-01-06,3539708.25
2010-01-07,3518475.0
2010-01-08,3492780.0
2010-01-11,3521383.25
2010-01-12,3523894.5
2010-01-13,3579388.75
2010-01-14,3606977.75
2010-01-15,3581463.5
2010-01-18,3579472.0
2010-01-19,3545621.5
2010-01-20,3536047.5
2010-01-21,3501683.0
2010-01-22,3447575.75
2010-01-25,3396066.25
2010-01-27,3289688.75
2010-01-28,3302863.0
2010-01-29,3331454.0
2010-02-01,3388001.25
2010-02-02,3350167.0
2010-02-03,3378443.0
2010-02-04,3342526.5
2010-02-05,3294314.5
2010-02-06,3041180.5
2010-02-08,3314841.0
2010-02-09,3335881.25
2010-02-10,3390862.5
2010-02-11,3412616.5
2010-02-15,3395758.0
2010-02-16,3383385.0
2010-02-17,3409544.0
2010-02-18,3404402.0
2010-02-19,3383743.75
2010-02-22,3366955.75
2010-02-23,3337912.75
2010-02-24,3346216.0
2010-02-25,3343814.25
2010-02-26,3362383.0
2010-03-02,3397170.0
2010-03-03,3414463.5
2010-03-04,3439021.75
2010-03-05,3432719.75
2010-03-08,3460008.5
2010-03-09,3439009.5
2010-03-10,3427294.0
2010-03-11,3436184.5
2010-03-12,3422115.0
2010-03-15,3418597.25
2010-03-16,3467895.25
2010-03-17,3483065.5
2010-03-18,3521943.5
2010-03-19,3542407.5
2010-03-22,3506812.25
2010-03-23,3514168.75
2010-03-25,3523283.5
2010-03-26,3541371.0
2010-03-29,3527402.5
2010-03-30,3506832.5
2010-03-31,3520182.75
2010-04-01,3440216.25
2010-04-05,3467728.75
2010-04-06,3447057.25
2010-04-07,3512498.75
2010-04-08,3464390.5
2010-04-09,3479069.5
2010-04-12,3477651.25
2010-04-13,3499142.25
2010-04-15,3490565.5
2010-04-16,3498348.5
2010-04-19,3469091.75
2010-04-20,3513463.5
2010-04-21,3524649.5
2010-04-22,3527792.25
2010-04-23,3550407.0
2010-04-26,3531031.75
2010-04-27,3514106.25
2010-04-28,3490136.5
2010-04-29,3515712.0
2010-04-30,3529534.25
2010-05-03,3543999.0
2010-05-04,3481242.75
2010-05-05,3502493.5
2010-05-06,3491108.5
2010-05-07,3422063.75
2010-05-10,3494194.0
2010-05-11,3476823.0
2010-05-12,3493283.0
2010-05-13,3543511.75
2010-05-14,3500557.0
2010-05-17,3487798.5
2010-05-18,3507608.25
2010-05-19,3410190.0
2010-05-20,3396938.0
2010-05-21,3381586.0
2010-05-24,3365324.5
2010-05-25,3268681.5
2010-05-26,3305077.25
2010-05-27,3343314.75
2010-05-28,3382901.5
2010-05-31,3406245.0
2010-06-01,3373167.5
2010-06-02,3387173.0
2010-06-03,3402601.25
2010-06-04,3402073.5
2010-06-07,3376959.0
2010-06-08,3368942.5
2010-06-09,3370755.0
2010-06-10,3393366.25
2010-06-11,3403324.25
2010-06-14,3416232.5
2010-06-15,3420744.5
2010-06-16,3414238.5
2010-06-17,3413624.75
2010-06-18,3402774.0
2010-06-21,3426372.5
2010-06-22,3439566.5
2010-06-23,3473752.5
2010-06-24,3497656.0
2010-06-25,3491491.0
2010-06-28,3542379.0
2010-06-29,3542303.5
2010-06-30,3581628.0
2010-07-01,3556500.75
2010-07-02,3546018.75
2010-07-05,3552603.5
2010-07-06,3570143.75
2010-07-07,3547442.25
2010-07-08,3583958.75
2010-07-09,3596952.5
2010-07-12,3580681.25
2010-07-13,3594706.5
2010-07-14,3612991.0
2010-07-15,3580516.5
2010-07-16,3588719.0
2010-07-19,3577967.5
2010-07-20,3568805.25
2010-07-21,3574453.0
2010-07-22,3608905.0
2010-07-23,3595379.25
2010-07-26,3594169.5
2010-07-27,3622290.75
2010-07-28,3619869.5
2010-07-29,3610189.75
2010-07-30,3610200.25
2010-08-02,3651032.0
2010-08-03,3670765.5
2010-08-04,3659621.5
2010-08-05,3694704.5
2010-08-06,3709962.5
2010-08-09,3742106.75
2010-08-10,3719078.25
2010-08-11,3706035.75
2010-08-12,3760773.0
2010-08-13,3802460.5
2010-08-16,3784593.5
2010-08-17,3788649.0
2010-08-18,3805808.5
2010-08-19,3854464.0
2010-08-20,3885737.5
2010-08-23,3975572.5
2010-08-24,3970679.75
2010-08-25,3932322.25
2010-08-26,3924621.25
2010-08-27,3956222.5
2010-08-30,3971550.0
2010-08-31,3894700.25
2010-09-01,3974647.75
2010-09-02,3992318.0
2010-09-03,4027093.0
2010-09-06,4124949.5
2010-09-07,4122350.75
2010-09-08,4083532.0
2010-09-09,4049973.0
2010-09-13,4100081.0
2010-09-14,4115448.0
2010-09-15,4182569.5
2010-09-16,4169050.0
2010-09-17,4199308.5
2010-09-20,4224036.0
2010-09-21,4186846.75
2010-09-22,4157977.75
2010-09-23,4161573.5
2010-09-24,4191998.0
2010-09-27,4221817.0
2010-09-28,4216319.0
2010-09-29,4195425.0
2010-09-30,4176844.0
2010-10-01,4250300.0
2010-10-04,4276964.5
2010-10-05,4298583.5
2010-10-06,4317007.5
2010-10-07,4283292.5
2010-10-08,4266191.0
2010-10-11,4275518.0
2010-10-12,4230906.5
2010-10-13,4283464.5
2010-10-14,4236785.5
2010-10-15,4161919.0
2010-10-18,4127288.25
2010-10-19,4141344.0
2010-10-20,4102387.5
2010-10-21,4158172.25
2010-10-22,4157994.0
2010-10-25,4201992.5
2010-10-26,4198726.5
2010-10-27,4207539.0
2010-10-28,4137690.0
2010-10-29,4095942.0
2010-11-01,4178061.75
2010-11-02,4206255.0
2010-11-03,4250048.0
2010-11-04,4278340.0
2010-11-05,4299384.5
2010-11-08,4286552.5
2010-11-09,4334953.0
2010-11-10,4351122.5
2010-11-11,4327193.0
2010-11-12,4236176.5
2010-11-15,4235519.5
2010-11-16,4125686.75
2010-11-18,4115490.75
2010-11-19,4073973.25
2010-11-22,4103118.5
2010-11-23,4093139.5
2010-11-24,4062401.0
2010-11-25,4054028.0
2010-11-26,4021602.25
2010-11-29,4043245.75
2010-11-30,4021951.75
2010-12-01,4058146.0
2010-12-02,4071024.75
2010-12-03,4058314.25
2010-12-06,4029988.25
2010-12-07,4035152.0
2010-12-08,3990806.25
2010-12-09,3923473.5
2010-12-10,3930010.75
2010-12-13,3947989.5
2010-12-14,3959747.0
2010-12-15,3937155.75
2010-12-16,3934714.25
2010-12-20,3960795.0
2010-12-21,3964767.75
2010-12-22,3952712.5
2010-12-23,3945794.25
2010-12-24,3954949.0
2010-12-27,3951400.5
2010-12-28,3973500.0
2010-12-29,3968110.25
2010-12-30,3970525.75
2010-12-31,3972949.25
2011-01-03,3971917.5
2011-01-04,3979842.25
2011-01-05,3989564.25
2011-01-06,3975706.5
2011-01-07,3959580.75
2011-01-10,3953870.5
2011-01-11,3937826.0
2011-01-12,3949703.0
2011-01-13,3946032.5
2011-01-14,3937874.5
2011-01-17,3932205.75
2011-01-18,3942298.75
2011-01-19,3941017.25
2011-01-20,3961732.75
2011-01-21,3963935.5
2011-01-24,3975560.5
2011-01-25,3967346.25
2011-01-27,3963869.25
2011-01-28,3949232.75
2011-01-31,3944090.5
2011-02-01,3935220.0
2011-02-02,3933232.75
2011-02-03,3936850.0
2011-02-04,3924404.0
2011-02-07,3928638.75
2011-02-08,3921657.25
2011-02-09,3913238.0
2011-02-10,3910570.75
2011-02-11,3923434.25
2011-02-14,3924506.5
2011-02-15,3925291.0
2011-02-16,3927513.75
2011-02-17,3926285.5
2011-02-18,3918154.75
2011-02-21,3927280.5
2011-02-22,3922889.25
2011-02-23,3919360.75
2011-02-24,3910080.5
2011-02-25,3914605.25
2011-02-28,3913665.75
2011-03-01,3923080.0
2011-03-03,3920415.25
2011-03-04,3921777.0
2011-03-07,3916811.75
2011-03-08,3921625.0
2011-03-09,3922699.75
2011-03-10,3916020.0
2011-03-11,3905755.0
2011-03-14,3906188.0
2011-03-15,3894979.0
2011-03-16,3912812.0
2011-03-17,3910936.25
2011-03-18,3910245.5
2011-03-21,3902937.0
2011-03-22,3921078.25
2011-03-23,3913892.75
2011-03-24,3937263.0
2011-03-25,3938084.5
2011-03-28,3955082.5
2011-03-29,3950021.75
2011-03-30,3962159.0
2011-03-31,3986633.25
2011-04-01,3831671.0
2011-04-04,3840832.0
2011-04-05,3866820.0
2011-04-06,3834403.5
2011-04-07,3844080.0
2011-04-08,3835960.5
2011-04-11,3815949.0
2011-04-13,3830900.0
2011-04-15,3816305.25
2011-04-18,3808970.75
2011-04-19,3829870.25
2011-04-20,3821355.25
2011-04-21,3779301.25
2011-04-25,3792756.5
2011-04-26,3776950.75
2011-04-27,3811575.75
2011-04-28,3812760.25
2011-04-29,3826969.75
2011-05-02,3808034.5
2011-05-03,3805700.0
2011-05-04,3810000.5
2011-05-05,3810480.5
2011-05-06,3818273.25
2011-05-09,3867442.5
2011-05-10,3863149.0
2011-05-11,3875439.25
2011-05-12,3843239.5
2011-05-13,3852657.5
2011-05-16,3841144.0
2011-05-17,3846247.0
2011-05-18,3833291.5
2011-05-19,3832009.5
2011-05-20,3831839.0
2011-05-23,3811812.25
2011-05-24,3816283.25
2011-05-25,3834247.5
2011-05-26,3858910.25
2011-05-27,3870545.5
2011-05-30,3900880.75
2011-05-31,3918534.5
2011-06-01,3938424.25
2011-06-02,3911953.5
2011-06-03,3911168.0
2011-06-06,3910145.25
2011-06-07,3925520.5
2011-06-08,3957838.0
2011-06-09,3970675.0
2011-06-10,3974580.25
2011-06-13,3982933.75
2011-06-14,3993640.5
2011-06-15,3979701.75
2011-06-16,3934134.5
2011-06-17,3936375.0
2011-06-20,3875597.0
2011-06-21,3859386.0
2011-06-22,3836586.5
2011-06-23,3835865.0
2011-06-24,3853569.5
2011-06-27,3864443.0
2011-06-28,3886633.0
2011-06-29,3948995.0
2011-06-30,3995527.5
2011-07-01,3981520.0
2011-07-04,4007420.0
2011-07-05,4012068.5
2011-07-06,4015460.0
2011-07-07,4030109.25
2011-07-08,4006837.5
2011-07-11,4011329.0
2011-07-12,3979313.5
2011-07-13,4005261.0
2011-07-14,4011429.5
2011-07-15,4041290.0
2011-07-18,4044892.5
2011-07-19,4073688.5
2011-07-20,4018714.75
2011-07-21,3989157.75
2011-07-22,4024157.0
2011-07-25,4057708.0
2011-07-26,4026189.0
2011-07-27,4044736.0
2011-07-28,4022993.25
2011-07-29,4015763.75
2011-08-01,4025403.25
2011-08-02,4001686.0
2011-08-03,3970733.0
2011-08-04,3945418.5
2011-08-05,3864476.25
2011-08-08,3820538.0
2011-08-09,3804112.25
2011-08-10,3837661.0
2011-08-11,3853988.0
2011-08-12,3841407.5
2011-08-16,3836864.5
2011-08-17,3831876.0
2011-08-18,3795071.0
2011-08-19,3775081.5
2011-08-22,3791040.0
2011-08-23,3802176.5
2011-08-24,3791955.75
2011-08-25,3794026.5
2011-08-26,3728693.5
2011-08-29,3772427.0
2011-08-30,3800656.0
2011-09-02,3819470.5
2011-09-05,3817707.5
2011-09-06,3813350.0
2011-09-07,3802072.0
2011-09-08,3810138.0
2011-09-09,3804371.25
2011-09-12,3761732.0
2011-09-13,3743610.0
2011-09-14,3744075.0
2011-09-15,3752448.25
2011-09-16,3732313.5
2011-09-19,3741459.25
2011-09-20,3773716.5
2011-09-21,3775728.75
2011-09-22,3711686.5
2011-09-23,3681072.25
2011-09-26,3606896.0
2011-09-27,3637534.0
2011-09-28,3624879.5
2011-09-29,3622723.25
2011-09-30,3621432.25
2011-10-03,3588003.75
2011-10-04,3562717.0
2011-10-05,3549334.0
2011-10-07,3567286.5
2011-10-10,3579509.25
2011-10-11,3625928.5
2011-10-12,3659497.25
2011-10-13,3650029.5
2011-10-14,3664554.0
2011-10-17,3667979.5
2011-10-18,3651544.5
2011-10-19,3668639.0
2011-10-20,3677964.5
2011-10-21,3677527.5
2011-10-24,3709417.5
2011-10-25,3723091.0
2011-10-26,3723523.0
2011-10-28,3753872.0
2011-10-31,3752153.0
2011-11-01,3756421.0
2011-11-02,3787005.5
2011-11-03,3801394.5
2011-11-04,3814068.75
2011-11-08,3782180.0
2011-11-09,3747041.75
2011-11-11,3730650.0
2011-11-14,3694161.0
2011-11-15,3649211.0
2011-11-16,3635820.75
2011-11-17,3634268.5
2011-11-18,3608524.25
2011-11-21,3585560.75
2011-11-22,3589190.0
2011-11-23,3578088.75
2011-11-24,3601904.75
2011-11-25,3605865.0
2011-11-28,3618721.0
2011-11-29,3608322.25
2011-11-30,3616568.5
2011-12-01,3623606.5
2011-12-02,3653421.5
2011-12-05,3653523.0
2011-12-07,3663318.5
2011-12-08,3651587.0
2011-12-09,3637020.5
2011-12-12,3619908.25
2011-12-13,3600742.25
2011-12-14,3594616.75
2011-12-15,3567692.25
2011-12-16,3570071.75
2011-12-19,3565147.0
2011-12-20,3555105.25
2011-12-21,3550177.0
2011-12-22,3561237.5
2011-12-23,3562794.0
2011-12-26,3567207.75
2011-12-27,3569940.5
2011-12-28,3565311.5
2011-12-29,3561303.25
2011-12-30,3562190.75
2012-01-02,3543864.5
2012-01-03,3548642.75
2012-01-04,3542630.75
2012-01-05,3544967.0
2012-01-06,3545771.0
2012-01-07,3546475.5
2012-01-09,3547409.0
2012-01-10,3550740.75
2012-01-11,3546033.0
2012-01-12,3548559.0
2012-01-13,3552756.75
2012-01-16,3552447.5
2012-01-17,3557202.75
2012-01-18,3558475.75
2012-01-19,3562604.5
2012-01-20,3566096.5
2012-01-23,3567738.0
2012-01-24,3568325.25
2012-01-25,3573379.75
2012-01-27,3572116.5
2012-01-30,3564913.0
2012-01-31,3584498.0
2012-02-01,3591158.75
2012-02-02,3605080.75
2012-02-03,3605340.75
2012-02-06,3632879.25
2012-02-07,3629184.5
2012-02-08,3638803.25
2012-02-09,3643966.0
2012-02-10,3619492.75
2012-02-13,3627395.0
2012-02-14,3627465.5
2012-02-15,3673978.0
2012-02-16,3649400.5
2012-02-17,3642721.5
2012-02-21,3668099.0
2012-02-22,3580793.5
2012-02-23,3586640.5
2012-02-24,3553867.5
2012-02-27,3511779.0
2012-02-28,3575044.5
2012-02-29,3596896.25
2012-03-01,3588951.0
2012-03-02,3583498.25
2012-03-03,3583679.25
2012-03-05,3522542.0
2012-03-06,3528364.5
2012-03-07,3551198.0
2012-03-09,3621815.0
2012-03-12,3643888.5
2012-03-13,3672799.75
2012-03-14,3645063.0
2012-03-15,3606697.0
2012-03-16,3585258.5
2012-03-19,3573555.5
2012-03-20,3632149.25
2012-03-21,3735055.0
2012-03-22,3653237.75
2012-03-23,3679009.75
2012-03-26,3619151.5
2012-03-27,3613786.5
2012-03-28,3580923.75
2012-03-29,3598367.5
2012-03-30,3670265.25
2012-04-02,3739081.5
2012-04-03,3765239.0
2012-04-04,3783092.5
2012-04-09,3773568.75
2012-04-10,3773379.75
2012-04-11,3728467.5
2012-04-12,3766186.5
2012-04-13,3724575.25
2012-04-16,3753026.5
2012-04-17,3777751.5
2012-04-18,3836249.0
2012-04-19,3847180.0
2012-04-20,3832064.5
2012-04-23,3799938.0
2012-04-24,3775679.75
2012-04-25,3794089.5
2012-04-26,3761519.25
2012-04-27,3770370.0
2012-04-28,3770439.0
2012-04-30,3823258.0
2012-05-02,3846621.5
2012-05-03,3824807.5
2012-05-04,3716608.0
2012-05-07,3711126.0
2012-05-08,3661711.0
2012-05-09,3623551.0
2012-05-10,3642841.5
2012-05-11,3611432.25
2012-05-14,3577746.5
2012-05-15,3577894.75
2012-05-16,3577977.0
2012-05-17,3568492.5
2012-05-18,3562608.0
2012-05-21,3569831.5
2012-05-22,3585533.5
2012-05-23,3635766.0
2012-05-24,3636949.0
2012-05-25,3650031.5
2012-05-28,3717497.0
2012-05-29,3705523.5
2012-05-30,3651244.75
2012-05-31,3684718.0
2012-06-01,3632324.5
2012-06-04,3610136.0
2012-06-05,3654599.5
2012-06-06,3657191.25
2012-06-07,3671286.5
2012-06-08,3673420.25
2012-06-11,3646454.5
2012-06-12,3668644.0
2012-06-13,3654200.0
2012-06-14,3621793.25
2012-06-15,3634913.5
2012-06-18,3613111.0
2012-06-19,3636164.5
2012-06-20,3649905.25
2012-06-21,3651730.5
2012-06-22,3636375.5
2012-06-25,3649881.5
2012-06-26,3655872.75
2012-06-27,3672896.5
2012-06-28,3688963.0
2012-06-29,3724687.75
2012-07-02,3743871.5
2012-07-03,3749577.5
2012-07-04,3742396.0
2012-07-05,3754256.0
2012-07-06,3732330.0
2012-07-09,3742161.0
2012-07-10,3764253.5
2012-07-11,3763892.0
2012-07-12,3751093.0
2012-07-13,3753719.5
2012-07-16,3745775.75
2012-07-17,3744174.0
2012-07-18,3765005.5
2012-07-19,3783040.0
2012-07-20,3803832.5
2012-07-23,3791850.5
2012-07-24,3827319.5
2012-07-25,3830802.5
2012-07-26,3784742.0
2012-07-27,3772802.0
2012-07-30,3793928.75
2012-07-31,3793119.75
2012-08-01,3822456.0
2012-08-02,3829219.5
2012-08-03,3843764.75
2012-08-06,3878112.0
2012-08-07,3896000.5
2012-08-08,3945902.25
2012-08-09,3944495.25
2012-08-10,3960219.5
2012-08-13,3992076.25
2012-08-14,4000271.5
2012-08-16,4016608.75
2012-08-17,4033358.25
2012-08-21,4025784.25
2012-08-22,4003865.75
2012-08-23,3999667.75
2012-08-24,3997437.5
2012-08-27,3977629.75
2012-08-28,3919467.0
2012-08-29,3946395.5
2012-08-30,3976792.25
2012-08-31,3978789.0
2012-09-03,3975557.75
2012-09-04,3963559.5
2012-09-05,3966146.25
2012-09-06,4023699.5
2012-09-07,4072386.25
2012-09-08,4072456.5
2012-09-10,4115336.25
2012-09-11,4104624.5
2012-09-12,4073959.0
2012-09-13,4055571.5
2012-09-14,4068232.0
2012-09-17,4029766.0
2012-09-18,4022702.0
2012-09-20,4007176.25
2012-09-21,4034782.5
2012-09-24,4008631.5
2012-09-25,4022891.0
2012-09-26,4070567.5
2012-09-27,4126900.75
2012-09-28,4179098.0
2012-10-01,4227157.5
2012-10-03,4255263.5
2012-10-04,4272114.0
2012-10-05,4244627.0
2012-10-08,4255217.0
2012-10-09,4268149.0
2012-10-10,4230901.0
2012-10-11,4267196.5
2012-10-12,4331900.5
2012-10-15,4324644.0
2012-10-16,4320721.0
2012-10-17,4303485.5
2012-10-18,4317404.0
2012-10-19,4294085.0
2012-10-22,4329146.5
2012-10-23,4348942.0
2012-10-25,4352707.5
2012-10-26,4292384.5
2012-10-29,4265057.0
2012-10-30,4250317.0
2012-10-31,4283273.5
2012-11-01,4301037.0
2012-11-02,4347937.0
2012-11-05,4344353.5
2012-11-06,4369310.0
2012-11-07,4453327.0
2012-11-08,4492162.5
2012-11-09,4458030.5
2012-11-12,4486289.5
2012-11-13,4497561.5
2012-11-15,4526345.0
2012-11-16,4451558.0
2012-11-19,4404157.0
2012-11-20,4448130.5
2012-11-21,4444996.0
2012-11-22,4476239.5
2012-11-23,4517949.0
2012-11-26,4540226.5
2012-11-27,4536893.5
2012-11-29,4495914.0
2012-11-30,4503008.5
2012-12-03,4524988.0
2012-12-04,4550048.5
2012-12-05,4564491.0
2012-12-06,4571387.0
2012-12-07,4551810.0
2012-12-10,4583499.5
2012-12-11,4538354.0
2012-12-12,4529839.5
2012-12-13,4507957.0
2012-12-14,4552172.0
2012-12-17,4536991.5
2012-12-18,4583113.5
2012-12-19,4602962.0
2012-12-20,4593290.5
2012-12-21,4546115.5
2012-12-24,4579790.5
2012-12-26,4575819.0
2012-12-27,4551761.0
2012-12-28,4572544.5
2012-12-31,4569043.5
2013-01-01,4590463.0
2013-01-02,4619713.0
2013-01-03,4638897.0
2013-01-04,4662894.0
2013-01-07,4604623.5
2013-01-08,4607134.0
2013-01-09,4585843.0
2013-01-10,4592007.5
2013-01-11,4532320.0
2013-01-14,4566988.5
2013-01-15,4568329.0
2013-01-16,4552495.5
2013-01-17,4586404.5
2013-01-18,4548604.0
2013-01-21,4526939.0
2013-01-22,4492658.5
2013-01-23,4478772.5
2013-01-24,4389218.0
2013-01-25,4411853.0
2013-01-28,4442547.0
2013-01-29,4412476.5
2013-01-30,4408522.0
2013-01-31,4459916.5
2013-02-01,4476429.5
2013-02-04,4470293.0
2013-02-05,4451715.0
2013-02-06,4474922.0
2013-02-07,4446556.5
2013-02-08,4403876.0
2013-02-11,4392419.0
2013-02-12,4421772.5
2013-02-13,4403127.0
2013-02-14,4359015.0
2013-02-15,4377784.0
2013-02-18,4394678.0
2013-02-19,4432108.0
2013-02-20,4447027.0
2013-02-21,4444971.5
2013-02-22,4442320.0
2013-02-25,4424753.0
2013-02-26,4410904.0
2013-02-27,4443591.0
2013-02-28,4439779.5
2013-03-01,4454094.0
2013-03-04,4423506.0
2013-03-05,4462694.0
2013-03-06,4488855.0
2013-03-07,4548665.0
2013-03-08,4588222.0
2013-03-11,4599755.0
2013-03-12,4590797.0
2013-03-13,4519175.0
2013-03-14,4529730.0
2013-03-15,4500569.0
2013-03-18,4499330.0
2013-03-19,4477429.0
2013-03-20,4477403.0
2013-03-21,4469764.5
2013-03-22,4456632.0
2013-03-25,4460992.0
2013-03-26,4496926.0
2013-03-28,4535538.5
2013-04-01,4548856.5
2013-04-02,4536603.0
2013-04-03,4542956.5
2013-04-04,4512267.5
2013-04-05,4530632.0
2013-04-08,4534077.5
2013-04-09,4530213.0
2013-04-10,4551032.5
2013-04-11,4528572.0
2013-04-12,4441632.0
2013-04-15,4412453.0
2013-04-16,4412818.0
2013-04-17,4407674.0
2013-04-18,4414824.5
2013-04-22,4434732.0
2013-04-23,4443478.0
2013-04-25,4470038.5
2013-04-26,4452718.5
2013-04-29,4455705.0
2013-04-30,4445770.5
2013-05-02,4455732.5
2013-05-03,4480143.0
2013-05-06,4476098.0
2013-05-07,4500873.0
2013-05-08,4510515.5
2013-05-09,4499224.0
2013-05-10,4509350.0
2013-05-11,4509849.0
2013-05-13,4467167.0
2013-05-14,4478113.0
2013-05-15,4526259.5
2013-05-16,4543338.5
2013-05-17,4530911.0
2013-05-20,4499858.5
2013-05-21,4463889.5
2013-05-22,4434159.0
2013-05-23,4397484.5
2013-05-24,4413184.0
2013-05-27,4417745.5
2013-05-28,4440828.0
2013-05-29,4450798.0
2013-05-30,4466184.5
2013-05-31,4471041.0
2013-06-03,4448410.0
2013-06-04,4439209.0
2013-06-05,4441085.5
2013-06-06,4434354.5
2013-06-07,4439341.5
2013-06-10,4410211.0
2013-06-11,4384140.0
2013-06-12,4350296.0
2013-06-13,4332828.0
2013-06-14,4357536.0
2013-06-17,4392096.0
2013-06-18,4394793.0
2013-06-19,4398872.0
2013-06-20,4344173.0
2013-06-21,4334911.0
2013-06-24,4268494.0
2013-06-25,4283196.0
2013-06-26,4285350.0
2013-06-27,4279791.0
2013-06-28,4308887.5
2013-07-01,4325137.5
2013-07-02,4319763.0
2013-07-03,4320238.5
2013-07-04,4338401.5
2013-07-05,4341632.0
2013-07-08,4344341.5
2013-07-09,4348709.5
2013-07-10,4328400.0
2013-07-11,4332491.0
2013-07-12,4344438.0
2013-07-15,4376688.0
2013-07-16,4351564.0
2013-07-17,4395017.0
2013-07-18,4407640.5
2013-07-19,4374127.0
2013-07-22,4399783.0
2013-07-23,4422055.0
2013-07-24,4406850.0
2013-07-25,4378914.5
2013-07-26,4352661.0
2013-07-29,4327426.0
2013-07-30,4308614.0
2013-07-31,4298749.0
2013-08-01,4296331.5
2013-08-02,4300915.0
2013-08-05,4330176.5
2013-08-06,4323612.5
2013-08-07,4310317.5
2013-08-08,4312345.0
2013-08-12,4345880.5
2013-08-13,4367543.0
2013-08-14,4346065.0
2013-08-16,4350580.0
2013-08-19,4319778.0
2013-08-20,4273317.5
2013-08-21,4233510.0
2013-08-22,4253856.0
2013-08-23,4271771.5
2013-08-26,4280719.0
2013-08-27,4258977.5
2013-08-28,4258006.0
2013-08-29,4280795.0
2013-08-30,4278391.5
2013-09-02,4287325.0
2013-09-03,4281493.5
2013-09-04,4295558.5
2013-09-05,4295872.5
2013-09-06,4289255.0
2013-09-10,4309512.5
2013-09-11,4320452.5
2013-09-12,4321172.0
2013-09-13,4298299.5
2013-09-16,4273250.5
2013-09-17,4293691.0
2013-09-18,4302344.5
2013-09-19,4300814.0
2013-09-20,4295417.0
2013-09-23,4295912.0
2013-09-24,4295804.0
2013-09-25,4296703.0
2013-09-26,4299769.5
2013-09-27,4301436.5
2013-09-30,4318489.0
2013-10-01,4324672.5
2013-10-03,4333381.0
2013-10-04,4352175.0
2013-10-07,4372074.5
2013-10-08,4390101.0
2013-10-09,4396611.5
2013-10-10,4384844.0
2013-10-11,4395081.5
2013-10-14,4407406.0
2013-10-15,4390057.0
2013-10-17,4377715.0
2013-10-18,4402867.0
2013-10-21,4410440.5
2013-10-22,4424711.0
2013-10-23,4406121.5
2013-10-24,4397141.0
2013-10-25,4393958.0
2013-10-28,4379978.0
2013-10-29,4401270.0
2013-10-30,4401222.0
2013-10-31,4408826.5
2013-11-01,4418883.5
2013-11-03,4419383.0
2013-11-05,4440751.0
2013-11-06,4468756.0
2013-11-07,4459607.0
2013-11-08,4463049.0
2013-11-11,4442322.5
2013-11-12,4424151.0
2013-11-13,4409329.5
2013-11-14,4414195.0
2013-11-18,4455520.5
2013-11-19,4470994.0
2013-11-20,4481439.0
2013-11-21,4454817.0
2013-11-22,4473225.0
2013-11-25,4505539.0
2013-11-26,4512781.0
2013-11-27,4517468.5
2013-11-28,4529431.0
2013-11-29,4529721.5
2013-12-02,4584556.0
2013-12-03,4596673.0
2013-12-04,4615678.0
2013-12-05,4591638.5
2013-12-06,4574977.0
2013-12-09,4599291.0
2013-12-10,4586656.0
2013-12-11,4602685.5
2013-12-12,4597137.5
2013-12-13,4579774.5
2013-12-16,4620542.0
2013-12-17,4628676.5
2013-12-18,4669581.5
2013-12-19,4682515.0
2013-12-20,4718783.5
2013-12-23,4726635.5
2013-12-24,4764540.5
2013-12-26,4794728.0
2013-12-27,4789997.0
2013-12-30,4758896.0
2013-12-31,4780024.5
2014-01-01,4801373.0
2014-01-02,4758465.5
2014-01-03,4817800.0
2014-01-06,4888866.0
2014-01-07,4849579.5
2014-01-08,4830018.0
2014-01-09,4764067.5
2014-01-10,4759391.0
2014-01-13,4768112.0
2014-01-14,4763399.0
2014-01-15,4775341.5
2014-01-16,4787769.0
2014-01-17,4706408.5
2014-01-20,4743954.0
2014-01-21,4799892.5
2014-01-22,4819067.0
2014-01-23,4760138.5
2014-01-24,4700799.5
2014-01-27,4592242.5
2014-01-28,4603229.0
2014-01-29,4635058.0
2014-01-30,4615058.0
2014-01-31,4689609.0
2014-02-03,4679701.0
2014-02-04,4682002.0
2014-02-05,4671597.5
2014-02-06,4664231.0
2014-02-07,4676644.0
2014-02-10,4665932.5
2014-02-11,4678271.5
2014-02-12,4675105.0
2014-02-13,4634953.5
2014-02-14,4641801.5
2014-02-17,4645275.5
2014-02-18,4655299.0
2014-02-19,4709564.0
2014-02-20,4677913.5
2014-02-21,4678827.0
2014-02-24,4671351.5
2014-02-25,4726787.0
2014-02-26,4759305.0
2014-02-28,4769698.5
2014-03-03,4749008.0
2014-03-04,4759627.5
2014-03-05,4800440.5
2014-03-06,4805996.5
2014-03-07,4734668.0
2014-03-10,4724197.5
2014-03-11,4715594.0
2014-03-12,4714914.0
2014-03-13,4662549.0
2014-03-14,4660600.5
2014-03-18,4721335.5
2014-03-19,4718485.0
2014-03-20,4708076.5
2014-03-21,4741706.5
2014-03-22,4741764.5
2014-03-24,4739586.0
2014-03-25,4767345.5
2014-03-26,4787206.0
2014-03-27,4770697.5
2014-03-28,4788172.0
2014-03-31,4806962.0
2014-04-01,4779146.0
2014-04-02,4815466.5
2014-04-03,4806938.5
2014-04-04,4795598.0
2014-04-07,4804381.5
2014-04-09,4844424.5
2014-04-10,4808100.5
2014-04-11,4802362.0
2014-04-15,4794088.0
2014-04-16,4747675.5
2014-04-17,4787443.0
2014-04-21,4830252.5
2014-04-22,4819928.5
2014-04-23,4813922.5
2014-04-25,4763043.0
2014-04-28,4746563.5
2014-04-29,4783689.0
2014-04-30,4773972.5
2014-05-02,4847480.0
2014-05-05,4814311.5
2014-05-06,4872684.5
2014-05-07,4891132.0
2014-05-08,4944532.0
2014-05-09,5008269.0
2014-05-12,5125721.0
2014-05-13,5208813.5
2014-05-14,5203329.0
2014-05-15,5205755.0
2014-05-16,5252027.0
2014-05-19,5344527.5
2014-05-20,5331662.5
2014-05-21,5343918.5
2014-05-22,5427408.5
2014-05-23,5423476.5
2014-05-26,5361805.5
2014-05-27,5332538.5
2014-05-28,5340716.0
2014-05-29,5319595.5
2014-05-30,5359180.5
2014-06-02,5385607.0
2014-06-03,5447817.5
2014-06-04,5551791.0
2014-06-05,5586680.0
2014-06-06,5663186.5
2014-06-09,5704666.5
2014-06-10,5689224.0
2014-06-11,5705148.0
2014-06-12,5745202.0
2014-06-13,5666698.0
2014-06-16,5710840.5
2014-06-17,5771455.5
2014-06-18,5736503.5
2014-06-19,5703651.0
2014-06-20,5677965.5
2014-06-23,5705425.5
2014-06-24,5794039.0
2014-06-25,5835578.0
2014-06-26,5846016.5
2014-06-27,5918989.0
2014-06-30,5998445.0
2014-07-01,6049202.0
2014-07-02,6141744.0
2014-07-03,6154116.0
2014-07-04,6195099.0
2014-07-07,6198643.0
2014-07-08,5990415.0
2014-07-09,5903959.5
2014-07-10,5911051.5
2014-07-11,5818425.0
2014-07-14,5857817.5
2014-07-15,5873168.0
2014-07-16,5930396.5
2014-07-17,5986566.0
2014-07-18,5939103.5
2014-07-21,5915112.5
2014-07-22,5950607.5
2014-07-23,5957304.0
2014-07-24,5946646.0
2014-07-25,5918539.0
2014-07-28,5890952.5
2014-07-30,5915929.5
2014-07-31,5888387.0
2014-08-01,5885911.5
2014-08-04,5926912.0
2014-08-05,5905209.0
2014-08-06,5899915.5
2014-08-07,5831997.0
2014-08-08,5740699.5
2014-08-11,5756860.0
2014-08-12,5764802.5
2014-08-13,5749941.0
2014-08-14,5796793.0
2014-08-18,5909853.0
2014-08-19,6047038.0
2014-08-20,6140941.5
2014-08-21,6111408.5
2014-08-22,6069708.0
2014-08-25,6132982.0
2014-08-26,6118771.0
2014-08-27,6175708.5
2014-08-28,6147539.5
2014-09-01,6250009.0
2014-09-02,6333922.5
2014-09-03,6372914.0
2014-09-04,6354484.0
2014-09-05,6403107.5
2014-09-08,6539007.0
2014-09-09,6574868.0
2014-09-10,6556268.0
2014-09-11,6561369.5
2014-09-12,6710043.0
2014-09-15,6762252.5
2014-09-16,6508225.5
2014-09-17,6563803.5
2014-09-18,6700368.5
2014-09-19,6680132.0
2014-09-22,6617909.0
2014-09-23,6531893.5
2014-09-24,6442981.5
2014-09-25,6402610.5
2014-09-26,6373855.0
2014-09-29,6428028.5
2014-09-30,6476345.5
2014-10-01,6428575.5
2014-10-07,6467935.0
2014-10-08,6370057.0
2014-10-09,6437107.0
2014-10-10,6386748.5
2014-10-13,6407209.0
2014-10-14,6381817.5
2014-10-16,6281340.0
2014-10-17,6337852.5
2014-10-20,6394882.5
2014-10-21,6425131.0
2014-10-22,6492332.5
2014-10-23,6514646.5
2014-10-27,6456646.0
2014-10-28,6517548.5
2014-10-29,6549348.0
2014-10-30,6532148.0
2014-10-31,6670057.0
2014-11-03,6721920.0
2014-11-05,6707886.0
2014-11-07,6680114.0
2014-11-10,6720415.5
2014-11-11,6779888.0
2014-11-12,6858718.5
2014-11-13,6864226.0
2014-11-14,6824100.0
2014-11-17,6878756.5
2014-11-18,6958979.5
2014-11-19,6969709.5
2014-11-20,7000091.5
2014-11-21,6906521.0
2014-11-24,6971177.0
2014-11-25,6895176.0
2014-11-26,6859477.0
2014-11-27,6882924.5
2014-11-28,6896726.0
2014-12-01,6892896.5
2014-12-02,6936821.5
2014-12-03,7033167.0
2014-12-04,7135801.5
2014-12-05,7130655.0
2014-12-08,7061682.0
2014-12-09,7027540.0
2014-12-10,7122353.0
2014-12-11,7087902.5
2014-12-12,7006440.0
2014-12-15,7034464.0
2014-12-16,6884014.0
2014-12-17,6784539.0
2014-12-18,6929076.0
2014-12-19,6984292.0
2014-12-22,6957902.0
2014-12-23,7035646.0
2014-12-24,6972004.0
2014-12-26,6975413.5
2014-12-29,7034157.0
2014-12-30,7035824.0
2014-12-31,7180295.5
2015-01-01,7170032.5
2015-01-02,7340854.0
2015-01-05,7309301.5
2015-01-06,7175054.5
2015-01-07,7227370.0
2015-01-08,7319270.5
2015-01-09,7330987.0
2015-01-12,7289340.5
2015-01-13,7297770.0
2015-01-14,7227669.5
2015-01-15,7254555.0
2015-01-16,7241569.5
2015-01-19,7207370.5
2015-01-20,7269887.0
2015-01-21,7222456.5
2015-01-22,7225007.0
2015-01-23,7239151.5
2015-01-27,7321458.0
2015-01-28,7392455.5
2015-01-29,7352561.0
2015-01-30,7276567.5
2015-02-02,7350005.5
2015-02-03,7354238.0
2015-02-04,7347800.0
2015-02-05,7285537.5
2015-02-06,7196314.5
2015-02-09,7134739.5
2015-02-10,7181396.5
2015-02-11,7261531.0
2015-02-12,7366683.5
2015-02-13,7457697.0
2015-02-16,7445933.5
2015-02-18,7573256.5
2015-02-19,7514108.5
2015-02-20,7485234.0
2015-02-23,7397985.0
2015-02-24,7404038.0
2015-02-25,7374449.0
2015-02-26,7325692.5
2015-02-27,7445333.0
2015-03-02,7474135.5
2015-03-03,7549579.0
2015-03-04,7511138.5
2015-03-05,7550150.0
2015-03-09,7464795.5
2015-03-10,7410415.0
2015-03-11,7338626.0
2015-03-12,7460096.5
2015-03-13,7362750.0
2015-03-16,7344557.5
2015-03-17,7422809.5
2015-03-18,7367760.0
2015-03-19,7317668.5
2015-03-20,7217853.5
2015-03-23,7205085.5
2015-03-24,7191635.0
2015-03-25,7208506.5
2015-03-26,7102049.0
2015-03-27,7063965.0
2015-03-30,7141618.0
2015-03-31,7159250.5
2015-04-01,7105412.0
2015-04-06,7126286.0
2015-04-07,7112108.5
2015-04-08,7161335.0
2015-04-09,7174702.5
2015-04-10,7146545.0
2015-04-13,7175734.0
2015-04-15,7108969.0
2015-04-16,7063433.0
2015-04-17,6900204.0
2015-04-20,6767539.0
2015-04-21,6768631.0
2015-04-22,6767568.5
2015-04-23,6768110.0
2015-04-24,6640735.0
2015-04-27,6593061.5
2015-04-28,6669160.5
2015-04-29,6703073.0
2015-04-30,6720056.0
2015-05-04,6782595.0
2015-05-05,6769524.0
2015-05-06,6699807.5
2015-05-07,6663233.0
2015-05-08,6708400.5
2015-05-11,6747701.0
2015-05-12,6679484.5
2015-05-13,6782779.5
2015-05-14,6862627.0
2015-05-15,6926098.0
2015-05-18,7020021.0
2015-05-19,7017055.0
2015-05-20,7039439.0
2015-05-21,7057005.0
2015-05-22,7042077.5
2015-05-25,7040567.0
2015-05-26,7064495.0
2015-05-27,7052514.0
2015-05-28,6997072.5
2015-05-29,7104943.5
2015-06-01,7077070.0
2015-06-02,6963439.0
2015-06-03,6850465.5
2015-06-04,6923543.0
2015-06-05,6956454.5
2015-06-08,6869475.0
2015-06-09,6823947.0
2015-06-10,6924996.5
2015-06-11,6840298.0
2015-06-12,6801350.0
2015-06-15,6806162.5
2015-06-16,6827711.0
2015-06-17,6904348.5
2015-06-18,6905554.0
2015-06-19,6947075.0
2015-06-22,7066595.0
2015-06-23,7043295.5
2015-06-24,7017085.0
2015-06-25,7049164.0
2015-06-26,7099923.5
2015-06-29,7072141.5
2015-06-30,7183919.5
2015-07-01,7177292.0
2015-07-02,7263219.0
2015-07-03,7224940.0
2015-07-06,7325082.0
2015-07-07,7292729.5
2015-07-08,7282333.0
2015-07-09,7290659.0
2015-07-10,7284403.0
2015-07-13,7374983.5
2015-07-14,7370031.0
2015-07-15,7482032.5
2015-07-16,7538326.0
2015-07-17,7624002.0
2015-07-20,7644232.5
2015-07-21,7448632.0
2015-07-22,7642948.0
2015-07-23,7716995.0
2015-07-24,7666775.5
2015-07-27,7618132.5
2015-07-28,7679116.0
2015-07-29,7817298.0
2015-07-30,7970871.5
2015-07-31,8156981.0
2015-08-03,8434250.0
2015-08-04,8489137.0
2015-08-05,8537312.0
2015-08-06,8425118.0
2015-08-07,8411530.0
2015-08-10,8287039.0
2015-08-11,8123451.0
2015-08-12,7897495.0
2015-08-13,7796860.5
2015-08-14,7851805.5
2015-08-17,7840690.0
2015-08-18,7929453.5
2015-08-19,7972806.5
2015-08-20,7734299.0
2015-08-21,7668208.0
2015-08-24,6879006.5
2015-08-25,6916367.5
2015-08-26,6828141.0
2015-08-27,6881521.5
2015-08-28,6919564.0
2015-08-31,6932267.0
2015-09-01,6935541.0
2015-09-02,6926738.0
2015-09-03,6929811.5
2015-09-04,6881770.0
2015-09-07,6845926.0
2015-09-08,6834932.0
2015-09-09,6851729.0
2015-09-10,6900479.0
2015-09-11,6934487.0
2015-09-14,6939342.0
2015-09-15,6933886.5
2015-09-16,6937290.5
2015-09-18,6992694.5
2015-09-21,7011615.0
2015-09-22,6983652.5
2015-09-23,6958777.0
2015-09-24,6942302.0
2015-09-28,6967194.5
2015-09-29,6960306.0
2015-09-30,7013462.5
2015-10-01,7033610.0
2015-10-05,7066380.0
2015-10-06,7031373.0
2015-10-07,7006869.0
2015-10-08,6986317.0
2015-10-09,6974585.0
2015-10-12,6963034.0
2015-10-13,7025016.5
2015-10-14,7038377.0
2015-10-15,7005370.0
2015-10-16,7004069.0
2015-10-19,7046426.0
2015-10-20,7057344.0
2015-10-21,7067420.0
2015-10-23,7049989.0
2015-10-26,7017433.0
2015-10-27,6959617.0
2015-10-28,6952067.5
2015-10-29,6950715.5
2015-10-30,6966997.0
2015-11-02,7008831.0
2015-11-03,7049556.0
2015-11-04,6971155.0
2015-11-05,6865553.5
2015-11-06,6885520.0
2015-11-09,6853088.0
2015-11-10,6765979.0
2015-11-11,6833891.0
2015-11-13,6750394.0
2015-11-16,6738086.0
2015-11-17,6724179.0
2015-11-18,6632846.0
2015-11-19,6734765.5
2015-11-20,6801409.0
2015-11-23,6844945.0
2015-11-24,6835026.5
2015-11-26,6829777.0
2015-11-27,6793038.0
2015-11-30,6785808.0
2015-12-01,6823522.5
2015-12-02,6825459.5
2015-12-03,6856153.0
2015-12-04,6843261.0
2015-12-07,6852948.5
2015-12-08,6707361.5
2015-12-09,6589006.0
2015-12-10,6666900.0
2015-12-11,6636086.5
2015-12-14,6681824.0
2015-12-15,6725596.5
2015-12-16,6723755.0
2015-12-17,6833791.0
2015-12-18,6767666.0
2015-12-21,6833635.5
2015-12-22,6840145.0
2015-12-23,6860080.0
2015-12-24,6919127.5
2015-12-28,6925770.0
2015-12-29,6938455.5
2015-12-30,6926198.5
2015-12-31,6972881.5
2016-01-01,7060108.0
2016-01-04,6972426.0
2016-01-05,7023493.0
2016-01-06,7011995.5
2016-01-07,6831175.5
2016-01-08,6923938.0
2016-01-11,6920399.5
2016-01-12,6864804.0
2016-01-13,6680268.5
2016-01-14,6536907.5
2016-01-15,6316501.5
2016-01-18,6138141.0
2016-01-19,6193477.0
2016-01-20,6136350.0
2016-01-21,6163535.0
2016-01-22,6238523.0
2016-01-25,6272328.0
2016-01-27,6275512.0
2016-01-28,6277020.0
2016-01-29,6295052.5
2016-02-01,6346595.0
2016-02-02,6336893.0
2016-02-03,6310147.0
2016-02-04,6307437.0
2016-02-05,6368717.0
2016-02-08,6324943.0
2016-02-09,6304617.0
2016-02-10,6260960.5
2016-02-11,6123929.0
2016-02-12,6120972.0
2016-02-15,6187831.0
2016-02-16,6137307.5
2016-02-17,6119251.5
2016-02-18,6138999.5
2016-02-19,6123837.0
2016-02-22,6130758.0
2016-02-23,6112832.0
2016-02-24,6092774.0
2016-02-25,6077919.5
2016-02-26,6077788.0
2016-02-29,6080147.0
2016-03-01,6133690.0
2016-03-02,6173073.0
2016-03-03,6185511.0
2016-03-04,6185661.0
2016-03-08,6182280.5
2016-03-09,6204575.5
2016-03-10,6209368.5
2016-03-11,6213531.5
2016-03-14,6227711.5
2016-03-15,6210161.5
2016-03-16,6194914.5
2016-03-17,6197515.0
2016-03-18,6226976.5
2016-03-21,6273647.5
2016-03-22,6265976.0
2016-03-23,6318139.5
2016-03-28,6256663.0
2016-03-29,6220242.5
2016-03-30,6255441.0
2016-03-31,6242243.0
2016-04-01,6148701.0
2016-04-04,6139198.5
2016-04-05,6156010.0
2016-04-06,6148028.0
2016-04-07,6157119.0
2016-04-08,6204852.5
2016-04-11,6209970.0
2016-04-12,6195629.5
2016-04-13,6196651.0
2016-04-18,6275238.0
2016-04-20,6296716.0
2016-04-21,6221562.0
2016-04-22,6271580.0
2016-04-25,6224778.0
2016-04-26,6276800.0
2016-04-27,6273256.0
2016-04-28,6218398.5
2016-04-29,6242692.5
2016-05-02,6287197.0
2016-05-03,6250207.5
2016-05-04,6233285.5
2016-05-05,6246996.0
2016-05-06,6239415.0
2016-05-09,6358600.5
2016-05-10,6387736.5
2016-05-11,6403404.5
2016-05-12,6450979.0
2016-05-13,6442196.5
2016-05-16,6409011.5
2016-05-17,6437124.5
2016-05-18,6446728.5
2016-05-19,6383346.5
2016-05-20,6352886.0
2016-05-23,6386879.5
2016-05-24,6335997.5
2016-05-25,6406961.0
2016-05-26,6425900.0
2016-05-27,6521357.5
2016-05-30,6536693.5
2016-05-31,6569252.0
2016-06-01,6568894.5
2016-06-02,6623787.0
2016-06-03,6620425.0
2016-06-06,6681032.5
2016-06-07,6797029.5
2016-06-08,6795909.0
2016-06-09,6766739.0
2016-06-10,6740088.5
2016-06-13,6800626.5
2016-06-14,6853684.0
2016-06-15,6901564.5
2016-06-16,6823339.5
2016-06-17,6850734.5
2016-06-20,6893033.0
2016-06-21,6895790.0
2016-06-22,6874217.5
2016-06-23,6861111.5
2016-06-24,6751449.5
2016-06-27,6904079.5
2016-06-28,6903940.0
2016-06-29,6965695.5
2016-06-30,7027727.5
2016-07-01,7049673.0
2016-07-04,7090888.0
2016-07-05,7073677.5
2016-07-07,7085474.5
2016-07-08,7085398.5
2016-07-11,7164165.5
2016-07-12,7198943.5
2016-07-13,7094499.0
2016-07-14,7121181.0
2016-07-15,7153794.0
2016-07-18,7103939.0
2016-07-19,7151475.5
2016-07-20,7245077.5
2016-07-21,7247616.5
2016-07-22,7320621.0
2016-07-25,7348642.5
2016-07-26,7250260.0
2016-07-27,7231302.0
2016-07-28,7299766.0
2016-07-29,7374870.0
2016-08-01,7408230.5
2016-08-02,7415298.0
2016-08-03,7298735.0
2016-08-04,7319546.5
2016-08-05,7492321.5
2016-08-08,7552280.0
2016-08-09,7558419.5
2016-08-10,7389786.5
2016-08-11,7453368.0
2016-08-12,7494215.5
2016-08-16,7604070.0
2016-08-17,7671762.0
2016-08-18,7749351.5
2016-08-19,7772962.0
2016-08-22,7724525.5
2016-08-23,7700131.0
2016-08-24,7787771.5
2016-08-25,7736005.0
2016-08-26,7713292.5
2016-08-29,7711485.0
2016-08-30,7845342.5
2016-08-31,7782481.0
2016-09-01,7731400.5
2016-09-02,7793499.5
2016-09-06,7840856.5
2016-09-07,7848080.5
2016-09-08,7920919.5
2016-09-09,7870279.0
2016-09-12,7717658.0
2016-09-14,7866446.0
2016-09-15,7894841.0
2016-09-16,7934531.5
2016-09-19,8023873.0
2016-09-20,8109921.5
2016-09-21,8085893.5
2016-09-22,8178002.5
2016-09-23,8184220.5
2016-09-26,8127238.0
2016-09-27,8116206.5
2016-09-28,8200391.0
2016-09-29,7851474.5
2016-09-30,7997369.0
2016-10-03,8268252.0
2016-10-04,8312105.0
2016-10-05,8387588.5
2016-10-06,8314129.0
2016-10-07,8268872.5
2016-10-10,8286286.5
2016-10-13,8172868.5
2016-10-14,8244307.5
2016-10-17,8142731.0
2016-10-18,8235233.5
2016-10-19,8303043.0
2016-10-20,8293187.0
2016-10-21,8281128.0
2016-10-24,8287904.5
2016-10-25,8277067.5
2016-10-26,8161971.0
2016-10-27,8164141.0
2016-10-28,8204007.5
2016-11-01,8298078.0
2016-11-02,8167484.5
2016-11-03,8018085.0
2016-11-04,7870567.5
2016-11-07,7971648.5
2016-11-08,7979515.0
2016-11-09,7856554.5
2016-11-10,7881924.5
2016-11-11,7604295.5
2016-11-15,7500470.5
2016-11-16,7543134.5
2016-11-17,7546388.0
2016-11-18,7552583.0
2016-11-21,7495657.0
2016-11-22,7486918.5
2016-11-23,7483432.0
2016-11-24,7488509.5
2016-11-25,7491055.5
2016-11-28,7502929.0
2016-11-29,7490707.5
2016-11-30,7506171.0
2016-12-01,7482009.0
2016-12-02,7449877.0
2016-12-05,7455085.0
2016-12-06,7479049.0
2016-12-07,7478364.5
2016-12-08,7484770.0
2016-12-09,7498151.0
2016-12-12,7495172.5
2016-12-13,7486016.5
2016-12-14,7483587.5
2016-12-15,7497017.5
2016-12-16,7508005.5
2016-12-19,7503852.0
2016-12-20,7479253.0
2016-12-21,7478094.0
2016-12-22,7464286.0
2016-12-23,7462371.0
2016-12-26,7443422.5
2016-12-27,7460581.0
2016-12-28,7464719.5
2016-12-29,7475307.0
2016-12-30,7479620.0
2017-01-02,7469910.0
2017-01-03,7497434.0
2017-01-04,7498228.0
2017-01-05,7495493.5
2017-01-06,7489223.0
2017-01-09,7519344.0
2017-01-10,7571641.0
2017-01-11,7560577.0
2017-01-12,7561198.0
2017-01-13,7558353.0
2017-01-16,7579633.0
2017-01-17,7556814.0
2017-01-18,7554102.0
2017-01-19,7540927.0
2017-01-20,7540278.0
2017-01-23,7570923.0
2017-01-24,7620151.0
2017-01-25,7660966.5
2017-01-27,7618341.0
2017-01-30,7636096.5
2017-01-31,7571523.0
2017-02-01,7641714.0
2017-02-02,7761011.5
2017-02-03,7766254.0
2017-02-06,7825211.0
2017-02-07,7820020.0
2017-02-08,7752759.0
2017-02-09,7770849.5
2017-02-10,7787967.5
2017-02-13,7708652.0
2017-02-14,7649731.5
2017-02-15,7568320.5
2017-02-16,7664863.5
2017-02-17,7672621.0
2017-02-20,7729206.0
2017-02-21,7789724.0
2017-02-22,7750426.0
2017-02-23,7796425.5
2017-02-27,7771715.0
2017-02-28,7778214.0
2017-03-01,7876550.0
2017-03-02,7798651.5
2017-03-03,7886164.0
2017-03-06,7922987.5
2017-03-07,7966651.0
2017-03-08,7915627.0
2017-03-09,7868550.0
2017-03-10,7875477.5
2017-03-14,8009464.0
2017-03-15,7989631.0
2017-03-16,8071587.0
2017-03-17,8091332.5
2017-03-20,8083562.5
2017-03-21,8104761.0
2017-03-22,8051788.0
2017-03-23,8130321.0
2017-03-24,8103981.5
2017-03-27,8107852.5
2017-03-28,8185187.0
2017-03-29,8192419.0
2017-03-30,8244611.0
2017-03-31,8315214.5
2017-04-03,8247404.5
2017-04-05,8259565.5
2017-04-06,8278045.5
2017-04-07,8225416.0
2017-04-10,8305330.0
2017-04-11,8345086.5
2017-04-12,8402127.0
2017-04-13,8409780.0
2017-04-17,8404538.0
2017-04-18,8315129.0
2017-04-19,8397676.0
2017-04-20,8518465.0
2017-04-21,8526240.0
2017-04-24,8541405.0
2017-04-25,8663932.0
2017-04-26,8606391.0
2017-04-27,8622664.0
2017-04-28,8680029.0
2017-05-02,8799215.0
2017-05-03,8751855.0
2017-05-04,8856533.0
2017-05-05,8748772.0
2017-05-08,8746100.0
2017-05-09,8771430.0
2017-05-10,8860809.0
2017-05-11,8832631.0
2017-05-12,8744259.0
2017-05-15,8863176.0
2017-05-16,8931860.0
2017-05-17,8902714.0
2017-05-18,8653242.0
2017-05-19,8585937.0
2017-05-22,8432174.0
2017-05-23,8339095.0
2017-05-24,8255407.5
2017-05-25,8415977.0
2017-05-26,8500130.0
2017-05-29,8453870.0
2017-05-30,8482251.0
2017-05-31,8590231.0
2017-06-01,8683469.0
2017-06-02,8744060.0
2017-06-05,8769655.0
2017-06-06,8688197.0
2017-06-07,8735893.0
2017-06-08,8748613.0
2017-06-09,8743703.0
2017-06-12,8699933.0
2017-06-13,8693651.0
2017-06-14,8700608.0
2017-06-15,8711299.0
2017-06-16,8744063.0
2017-06-19,8765925.0
2017-06-20,8814566.0
2017-06-21,8820144.0
2017-06-22,8755718.0
2017-06-23,8601117.0
2017-06-27,8459609.0
2017-06-28,8545378.0
2017-06-29,8622554.0
2017-06-30,8772930.0
2017-07-03,8848099.0
2017-07-04,8824350.0
2017-07-05,8893718.0
2017-07-06,8889266.0
2017-07-07,8866150.0
2017-07-10,8864173.0
2017-07-11,8775553.0
2017-07-12,8805456.0
2017-07-13,8936993.0
2017-07-14,8811997.0
2017-07-17,8865023.0
2017-07-18,8771876.0
2017-07-19,8813684.0
2017-07-20,8800916.0
2017-07-21,8747906.0
2017-07-24,8680035.0
2017-07-25,8659095.0
2017-07-26,8661215.0
2017-07-27,8592807.0
2017-07-28,8611554.0
2017-07-31,8635152.0
2017-08-01,8636080.0
2017-08-02,8575892.0
2017-08-03,8523878.0
2017-08-04,8552170.0
2017-08-07,8614766.0
2017-08-08,8554363.0
2017-08-09,8444619.0
2017-08-10,8242380.5
2017-08-11,8160892.0
2017-08-14,8291162.0
2017-08-16,8359919.0
2017-08-17,8366037.0
2017-08-18,8439125.0
2017-08-21,8466849.0
2017-08-22,8417962.0
2017-08-23,8508537.0
2017-08-24,8503263.0
2017-08-28,8567191.0
2017-08-29,8478598.0
2017-08-30,8659356.0
2017-08-31,8791841.0
2017-09-01,8921268.0
2017-09-04,8868464.0
2017-09-05,8992790.0
2017-09-06,8952315.0
2017-09-07,8950342.0
2017-09-08,8936387.0
2017-09-11,9058093.0
2017-09-12,9093855.0
2017-09-13,8954035.0
2017-09-14,9032424.0
2017-09-15,9220342.0
2017-09-18,9403284.0
2017-09-19,9543553.0
2017-09-20,9518713.0
2017-09-21,9525123.0
2017-09-22,9199212.0
2017-09-25,8942067.0
2017-09-26,9116000.0
2017-09-27,8937246.0
2017-09-28,8980524.0
2017-09-29,9072520.0
2017-10-03,9159136.0
2017-10-04,9468344.0
2017-10-05,9786324.0
2017-10-06,9812440.0
2017-10-09,10099967.0
2017-10-10,10254141.0
2017-10-11,10106072.0
2017-10-12,10216480.0
2017-10-13,10172272.0
2017-10-16,10289835.0
2017-10-17,10223618.0
2017-10-18,10254793.0
2017-10-23,10138422.0
2017-10-24,10246431.0
2017-10-25,10215968.0
2017-10-26,10381398.0
2017-10-27,10576849.0
2017-10-30,10894159.0
2017-10-31,11125468.0
2017-11-01,11117800.0
2017-11-02,11084249.0
2017-11-03,11204051.0
2017-11-06,11201907.0
2017-11-07,11049012.0
2017-11-08,10730512.0
2017-11-09,10898847.0
2017-11-10,10829704.0
2017-11-13,10971362.0
2017-11-14,11106654.0
2017-11-15,10888185.0
2017-11-16,10947815.0
2017-11-17,10926551.0
2017-11-20,10881205.0
2017-11-21,10874783.0
2017-11-22,11112595.0
2017-11-23,11280722.0
2017-11-24,11347825.0
2017-11-27,11428989.0
2017-11-28,11429507.0
2017-11-29,11412384.0
2017-11-30,11487453.0
2017-12-01,11265325.0
2017-12-04,11115608.0
2017-12-05,11041765.0
2017-12-06,10922067.0
2017-12-07,11160253.0
2017-12-08,11279012.0
2017-12-11,11355351.0
2017-12-12,11208741.0
2017-12-13,11084639.0
2017-12-14,11041122.0
2017-12-15,11302096.0
2017-12-18,11372413.0
2017-12-19,11592868.0
2017-12-20,11789714.0
2017-12-21,11770359.0
2017-12-22,11828857.0
2017-12-26,11790233.0
2017-12-27,11865528.0
2017-12-28,11937734.0
2017-12-29,11999372.0
2018-01-01,12057926.0
2018-01-02,12007457.0
2018-01-03,12167329.0
2018-01-04,12335729.0
2018-01-05,12347176.0
2018-01-08,12469655.0
2018-01-09,12588365.0
2018-01-10,12570342.0
2018-01-11,12755349.0
2018-01-12,12710246.0
2018-01-15,12877798.0
2018-01-16,12471831.0
2018-01-17,12416721.0
2018-01-18,12166815.0
2018-01-19,12159213.0
2018-01-22,12526326.0
2018-01-23,12573293.0
2018-01-24,12428854.0
2018-01-25,12470212.0
2018-01-29,12194656.0
2018-01-30,11898808.0
2018-01-31,11768920.0
2018-02-01,11855472.0
2018-02-02,11303115.0
2018-02-05,11094750.0
2018-02-06,10880366.0
2018-02-07,11018554.0
2018-02-08,11134572.0
2018-02-09,11065493.0
2018-02-12,11172402.0
2018-02-14,11190498.0
2018-02-15,11117029.0
2018-02-16,11072381.0
2018-02-19,11002434.0
2018-02-20,10982653.0
2018-02-21,10992021.0
2018-02-22,10974016.0
2018-02-23,10999927.0
2018-02-26,11070346.0
2018-02-27,11087567.0
2018-02-28,11055210.0
2018-03-01,11074475.0
2018-03-05,11060711.0
2018-03-06,10985621.0
2018-03-07,10975125.0
2018-03-08,11025654.0
2018-03-09,11010474.0
2018-03-12,11009786.0
2018-03-13,11049170.0
2018-03-14,10991661.0
2018-03-15,10973602.0
2018-03-16,10998084.0
2018-03-19,10911809.0
2018-03-20,10938286.0
2018-03-21,10949379.0
2018-03-22,10912026.0
2018-03-23,10836505.0
2018-03-26,10900068.0
2018-03-27,10952027.0
2018-03-28,10919488.0
2018-04-02,10313566.0
2018-04-03,10342017.0
2018-04-04,10238074.0
2018-04-05,10338256.0
2018-04-06,10504531.0
2018-04-09,10518799.0
2018-04-10,10486349.0
2018-04-11,10624400.0
2018-04-12,10558991.0
2018-04-13,10576390.0
2018-04-16,10572197.0
2018-04-17,10600636.0
2018-04-18,10595726.0
2018-04-19,10652536.0
2018-04-20,10690960.0
2018-04-23,10774639.0
2018-04-24,10746816.0
2018-04-25,10658338.0
2018-04-26,10790590.0
2018-04-27,10724043.0
2018-04-30,10718345.0
2018-05-02,10517991.0
2018-05-03,10315544.0
2018-05-04,10229769.0
2018-05-07,10315980.0
2018-05-08,10367025.0
2018-05-09,10419498.0
2018-05-10,10258966.0
2018-05-11,10259333.0
2018-05-14,10278436.0
2018-05-15,10301474.0
2018-05-16,10163262.0
2018-05-17,10140934.0
2018-05-18,9983179.0
2018-05-21,9818220.0
2018-05-22,9875775.0
2018-05-23,9914702.0
2018-05-24,9838013.0
2018-05-25,9993508.0
2018-05-28,10133129.0
2018-05-29,10145786.0
2018-05-30,10097842.0
2018-05-31,10084930.0
2018-06-01,9955950.0
2018-06-04,9758715.0
2018-06-05,9543400.0
2018-06-06,9723667.0
2018-06-07,9887856.0
2018-06-08,9895466.0
2018-06-11,9901997.0
2018-06-12,10116768.0
2018-06-13,10047539.0
2018-06-14,10095360.0
2018-06-15,10146235.0
2018-06-18,10023892.0
2018-06-19,9874256.0
2018-06-20,9826030.0
2018-06-21,9755197.0
2018-06-22,9795368.0
2018-06-25,9801474.0
2018-06-26,9699527.0
2018-06-27,9530902.0
2018-06-28,9410505.0
2018-06-29,9553446.0
2018-07-02,9586393.0
2018-07-03,9698816.0
2018-07-04,9739054.0
2018-07-05,9632056.0
2018-07-06,9661357.0
2018-07-09,9757400.0
2018-07-10,9850970.0
2018-07-11,9851948.0
2018-07-12,9850646.0
2018-07-13,9797498.0
2018-07-16,9760059.0
2018-07-17,9806811.0
2018-07-18,9840566.0
2018-07-19,9760532.0
2018-07-20,9740220.0
2018-07-23,9729597.0
2018-07-24,9715544.0
2018-07-25,9799412.0
2018-07-26,9779118.0
2018-07-27,9813685.0
2018-07-30,9760496.0
2018-07-31,9804800.0
2018-08-01,9844169.0
2018-08-02,9809755.0
2018-08-03,9853694.0
2018-08-06,9833182.0
2018-08-07,9804006.0
2018-08-08,9891606.0
2018-08-09,9936430.0
2018-08-10,9837857.0
2018-08-13,9914880.0
2018-08-14,10033082.0
2018-08-16,10145288.0
2018-08-17,10272218.0
2018-08-20,10159979.0
2018-08-21,10185668.0
2018-08-23,10165139.0
2018-08-24,10224854.0
2018-08-27,10304877.0
2018-08-28,10445569.0
2018-08-29,10390950.0
2018-08-30,10369851.0
2018-08-31,10436782.0
2018-09-03,10388837.0
2018-09-04,10217620.0
2018-09-05,10157966.0
2018-09-06,10253009.0
2018-09-07,10261551.0
2018-09-10,10230528.0
2018-09-11,10093131.0
2018-09-12,10096305.0
2018-09-14,10115161.0
2018-09-17,10121530.0
2018-09-18,9988190.0
2018-09-19,9978764.0
2018-09-21,9714225.0
2018-09-24,9438122.0
2018-09-25,9491886.0
2018-09-26,9451277.0
2018-09-27,9324748.0
2018-09-28,9172035.0
2018-10-01,9113966.0
2018-10-03,9055314.0
2018-10-04,8921193.0
2018-10-05,8862232.0
2018-10-08,8825731.0
2018-10-09,8803608.0
2018-10-10,8813631.0
2018-10-11,8759250.0
2018-10-12,8779495.0
2018-10-15,8790708.0
2018-10-16,8793805.0
2018-10-17,8794742.0
2018-10-19,8788549.0
2018-10-22,8762820.0
2018-10-23,8740323.0
2018-10-24,8738100.0
2018-10-25,8745297.0
2018-10-26,8748308.0
2018-10-29,8833924.0
2018-10-30,8856409.0
2018-10-31,8857578.0
2018-11-01,8868894.0
2018-11-02,8867766.0
2018-11-05,8854581.0
2018-11-06,8861484.0
2018-11-09,8907550.0
2018-11-12,8888931.0
2018-11-13,8890743.0
2018-11-14,8854258.0
2018-11-15,8870403.0
2018-11-16,8894558.0
2018-11-19,8877175.0
2018-11-20,8836959.0
2018-11-21,8854594.0
2018-11-22,8811105.0
2018-11-26,8853300.0
2018-11-27,8921737.0
2018-11-28,8902988.0
2018-11-29,8843768.0
2018-11-30,8864408.0
2018-12-03,8837350.0
2018-12-04,8863674.0
2018-12-05,8835552.0
2018-12-06,8857177.0
2018-12-07,8892014.0
2018-12-10,8754998.0
2018-12-11,8850861.0
2018-12-12,8956137.0
2018-12-13,8977796.0
2018-12-14,8923378.0
2018-12-17,8931022.0
2018-12-18,8946914.0
2018-12-19,8983030.0
2018-12-20,8973046.0
2018-12-21,8867338.0
2018-12-24,8774846.0
2018-12-26,8754014.0
2018-12-27,8797412.0
2018-12-28,8852510.0
2018-12-31,8842241.0
2019-01-01,8832387.0
2019-01-02,8862589.0
2019-01-03,8869640.0
2019-01-04,8897082.0
2019-01-07,8925614.0
2019-01-08,9020662.0
2019-01-09,9083604.0
2019-01-10,9184280.0
2019-01-11,9171337.0
2019-01-14,9172136.0
2019-01-15,9329895.0
2019-01-16,9339850.0
2019-01-17,9252099.0
2019-01-18,9286718.0
2019-01-21,9372775.0
2019-01-22,9300535.0
2019-01-23,9230004.0
2019-01-24,9203169.0
2019-01-25,9124090.0
2019-01-28,8857737.0
2019-01-29,8882322.0
2019-01-30,8955541.0
2019-01-31,8972911.0
2019-02-01,9016358.0
2019-02-04,9099402.0
2019-02-05,9064146.0
2019-02-06,9090409.0
2019-02-07,9120848.0
2019-02-08,9095115.0
2019-02-11,8978043.0
2019-02-12,8963128.0
2019-02-13,8961314.0
2019-02-14,8939529.0
2019-02-15,8876216.0
2019-02-18,8800538.0
2019-02-19,8785147.0
2019-02-20,8784124.0
2019-02-21,8814799.0
2019-02-22,8835450.0
2019-02-25,8833828.0
2019-02-26,8741349.0
2019-02-27,8701808.0
2019-02-28,8764159.0
2019-03-01,8805498.0
2019-03-05,8884870.0
2019-03-06,8933861.0
2019-03-07,8911567.0
2019-03-08,8897613.0
2019-03-11,9027851.0
2019-03-12,9106481.0
2019-03-13,9080914.0
2019-03-14,9073516.0
2019-03-15,9135778.0
2019-03-18,9064861.0
2019-03-19,9123977.0
2019-03-20,9093986.0
2019-03-22,9087443.0
2019-03-25,8986431.0
2019-03-26,9086388.0
2019-03-27,9085808.0
2019-03-28,9326778.0
2019-03-29,9363753.0
2019-04-01,9403113.0
2019-04-02,9416181.0
2019-04-03,9334436.0
2019-04-04,9332265.0
2019-04-05,9433729.0
2019-04-08,9364715.0
2019-04-09,9385146.0
2019-04-10,9347464.0
2019-04-11,9375773.0
2019-04-12,9410892.0
2019-04-15,9398281.0
2019-04-16,9531418.0
2019-04-18,9515720.0
2019-04-22,9406124.0
2019-04-23,9409531.0
2019-04-24,9536178.0
2019-04-25,9495606.0
2019-04-26,9465953.0
2019-04-30,9421538.0
2019-05-02,9444876.0
2019-05-03,9435745.0
2019-05-06,9237789.0
2019-05-07,9181458.0
2019-05-08,9069498.0
2019-05-09,9115387.0
2019-05-10,9151942.0
2019-05-13,9014561.0
2019-05-14,8999823.0
2019-05-15,9047045.0
2019-05-16,9084902.0
2019-05-17,9204388.0
2019-05-20,9409130.0
2019-05-21,9420078.0
2019-05-22,9434340.0
2019-05-23,9436266.0
2019-05-24,9576848.0
2019-05-27,9522832.0
2019-05-28,9546914.0
2019-05-29,9463888.0
2019-05-30,9532917.0
2019-05-31,9639318.0
2019-06-03,9697264.0
2019-06-04,9639815.0
2019-06-06,9406552.0
2019-06-07,9433421.0
2019-06-10,9410906.0
2019-06-11,9417682.0
2019-06-12,9327747.0
2019-06-13,9383554.0
2019-06-14,9392944.0
2019-06-17,9233262.0
2019-06-18,9272275.0
2019-06-19,9236842.0
2019-06-20,9310463.0
2019-06-21,9351116.0
2019-06-24,9369318.0
2019-06-25,9391350.0
2019-06-26,9412894.0
2019-06-27,9450908.0
2019-06-28,9451687.0
2019-07-01,9449924.0
2019-07-02,9513922.0
2019-07-03,9494256.0
2019-07-04,9465542.0
2019-07-05,9389540.0
2019-07-08,9145445.0
2019-07-09,9090208.0
2019-07-10,9017584.0
2019-07-11,9070672.0
2019-07-12,9095983.0
2019-07-15,9083743.0
2019-07-16,9141909.0
2019-07-17,9137406.0
2019-07-18,9101892.0
2019-07-19,9063147.0
2019-07-22,9003763.0
2019-07-23,9015338.0
2019-07-24,8926109.0
2019-07-25,9007536.0
2019-07-26,9071228.0
2019-07-29,9063993.0
2019-07-30,9031796.0
2019-07-31,9055922.0
2019-08-01,9007755.0
2019-08-02,9024746.0
2019-08-05,8967682.0
2019-08-06,8998396.0
2019-08-07,8996088.0
2019-08-08,9092789.0
2019-08-09,9121487.0
2019-08-13,9056374.0
2019-08-14,9076958.0
2019-08-16,9125573.0
2019-08-19,9149179.0
2019-08-20,9144094.0
2019-08-21,9095639.0
2019-08-22,9075560.0
2019-08-23,9122248.0
2019-08-26,9202508.0
2019-08-27,9305606.0
2019-08-28,9301364.0
2019-08-29,9305210.0
2019-08-30,9387747.0
2019-09-03,9320152.0
2019-09-04,9290472.0
2019-09-05,9321590.0
2019-09-06,9344995.0
2019-09-09,9355239.0
2019-09-11,9348666.0
2019-09-12,9307204.0
2019-09-13,9355237.0
2019-09-16,9287415.0
2019-09-17,9183344.0
2019-09-18,9269170.0
2019-09-19,9229264.0
2019-09-20,9496416.0
2019-09-23,9690963.0
2019-09-24,9678170.0
2019-09-25,9606296.0
2019-09-26,9636307.0
2019-09-27,9690073.0
2019-09-30,9643158.0
2019-10-01,9533988.0
2019-10-03,9562249.0
2019-10-04,9497180.0
2019-10-07,9507558.0
2019-10-09,9567895.0
2019-10-10,9601866.0
2019-10-11,9733586.0
2019-10-14,9761391.0
2019-10-15,9842066.0
2019-10-16,9855846.0
2019-10-17,10041038.0
2019-10-18,10161940.0
2019-10-22,10331813.0
2019-10-23,10359902.0
2019-10-24,10446228.0
2019-10-25,10398613.0
2019-10-27,10588429.0
2019-10-29,10576120.0
2019-10-30,10594068.0
2019-10-31,10639019.0
2019-11-01,10540692.0
2019-11-04,10489550.0
2019-11-05,10431667.0
2019-11-06,10391965.0
2019-11-07,10547344.0
2019-11-08,10469935.0
2019-11-11,10616985.0
2019-11-13,10659536.0
2019-11-14,10732253.0
2019-11-15,10697853.0
2019-11-18,10650413.0
2019-11-19,10697662.0
2019-11-20,10692129.0
2019-11-21,10707254.0
2019-11-22,10728180.0
2019-11-25,10833514.0
2019-11-26,10791575.0
2019-11-27,10994082.0
2019-11-28,11053645.0
2019-11-29,11111926.0
2019-12-02,11074146.0
2019-12-03,11050466.0
2019-12-04,11131209.0
2019-12-05,11110554.0
2019-12-06,11020380.0
2019-12-09,10942738.0
2019-12-10,10873189.0
2019-12-11,10985270.0
2019-12-12,10921111.0
2019-12-13,10984826.0
2019-12-16,10947752.0
2019-12-17,11033697.0
2019-12-18,11098472.0
2019-12-19,11097016.0
2019-12-20,11158177.0
2019-12-23,11200083.0
2019-12-24,11323020.0
2019-12-26,11440220.0
2019-12-27,11423519.0
2019-12-30,11478584.0
2019-12-31,11506832.0
2020-01-01,11595764.0
2020-01-02,11680881.0
2020-01-03,11776746.0
2020-01-06,11684378.0
2020-01-07,11820468.0
2020-01-08,11953424.0
2020-01-09,12204913.0
2020-01-10,12124675.0
2020-01-13,12096989.0
2020-01-14,12104139.0
2020-01-15,12130340.0
2020-01-16,12153798.0
2020-01-17,12176345.0
2020-01-20,12202663.0
2020-01-21,12107497.0
2020-01-22,12108468.0
2020-01-23,12255822.0
2020-01-24,12281993.0
2020-01-27,12307103.0
2020-01-28,12333230.0
2020-01-29,12323293.0
2020-01-30,12215848.0
2020-01-31,12340951.0
2020-02-01,11966198.0
2020-02-03,12055446.0
2020-02-04,12121270.0
2020-02-05,12277595.0
2020-02-06,12282607.0
2020-02-07,12297956.0
2020-02-10,12199632.0
2020-02-11,12207141.0
2020-02-12,12205258.0
2020-02-13,12150308.0
2020-02-14,12138665.0
2020-02-17,12015874.0
2020-02-18,11904102.0
2020-02-19,11986227.0
2020-02-20,11987257.0
2020-02-24,11880564.0
2020-02-25,11933717.0
2020-02-26,11949743.0
2020-02-27,11765959.0
2020-02-28,11346976.0
2020-03-02,11259684.0
2020-03-03,11321764.0
2020-03-04,11353440.0
2020-03-05,11314532.0
2020-03-06,11246758.0
2020-03-09,11121751.0
2020-03-11,11051092.0
2020-03-12,10795131.0
2020-03-13,10582455.0
2020-03-16,10531176.0
2020-03-17,10544463.0
2020-03-18,10546703.0
2020-03-19,10548943.0
2020-03-20,10551184.0
2020-03-23,10553425.0
2020-03-24,10555667.0
2020-03-25,10557909.0
2020-03-26,10560152.0
2020-03-27,10562395.0
2020-03-30,10564639.0
2020-03-31,10566883.0
2020-04-01,10526746.0
2020-04-03,10528982.0
2020-04-07,10531219.0
2020-04-08,10533456.0
2020-04-09,10535694.0
2020-04-13,10537932.0
2020-04-15,10540171.0
2020-04-16,10542410.0
2020-04-17,10544650.0
2020-04-20,10541547.0
2020-04-21,10541913.0
2020-04-22,10550588.0
2020-04-23,10529133.0
2020-04-24,10548947.0
2020-04-27,10561549.0
2020-04-28,10483940.0
2020-04-29,10486570.0
2020-04-30,10445790.0
2020-05-04,10504527.0
2020-05-05,10484140.0
2020-05-06,10525441.0
2020-05-07,10518531.0
2020-05-08,10501060.0
2020-05-11,10488014.0
2020-05-12,10491372.0
2020-05-13,10477256.0
2020-05-14,10502964.0
2020-05-15,10519520.0
2020-05-18,10486976.0
2020-05-19,10393838.0
2020-05-20,10489381.0
2020-05-21,10575280.0
2020-05-22,10603314.0
2020-05-26,10548705.0
2020-05-27,10530582.0
2020-05-28,10595386.0
2020-05-29,10673110.0
2020-06-01,10738514.0
2020-06-02,10790796.0
2020-06-03,10838588.0
2020-06-04,10844614.0
2020-06-05,10937085.0
2020-06-08,10915301.0
2020-06-09,10905813.0
2020-06-10,11042456.0
2020-06-11,10977961.0
2020-06-12,11068416.0
2020-06-15,11193530.0
2020-06-16,11398534.0
2020-06-17,11599376.0
2020-06-18,11750997.0
2020-06-19,11849786.0
2020-06-22,11954181.0
2020-06-23,12180292.0
2020-06-24,11949628.0
2020-06-25,12009222.0
2020-06-26,11953789.0
2020-06-29,11854575.0
2020-06-30,11819333.0
2020-07-01,11897018.0
2020-07-02,11907348.0
2020-07-03,12038952.0
2020-07-06,12097188.0
2020-07-07,12088152.0
2020-07-08,12074553.0
2020-07-09,12197386.0
2020-07-10,12285451.0
2020-07-13,12308965.0
2020-07-14,12233185.0
2020-07-15,12181232.0
2020-07-16,12227008.0
2020-07-17,12527909.0
2020-07-20,12706363.0
2020-07-21,12668366.0
2020-07-22,12819189.0
2020-07-23,12933883.0
2020-07-24,13090306.0
2020-07-27,13051687.0
2020-07-28,13010696.0
2020-07-29,13053512.0
2020-07-30,12943887.0
2020-07-31,13068440.0
2020-08-03,13261267.0
2020-08-04,13396641.0
2020-08-05,13494201.0
2020-08-06,13952361.0
2020-08-07,14133558.0
2020-08-10,14233086.0
2020-08-11,13980586.0
2020-08-12,13817927.0
2020-08-13,13982187.0
2020-08-14,13910442.0
2020-08-17,13976500.0
2020-08-18,14073696.0
2020-08-19,14176260.0
2020-08-20,14451803.0
2020-08-21,14737437.0
2020-08-24,15072811.0
2020-08-25,14961020.0
2020-08-26,14700005.0
2020-08-27,14651830.0
2020-08-28,14634187.0
2020-08-31,14044951.0
2020-09-01,14213002.0
2020-09-02,14465308.0
2020-09-03,14585043.0
2020-09-04,14515333.0
2020-09-07,14659167.0
2020-09-08,14449143.0
2020-09-09,14418017.0
2020-09-10,14534762.0
2020-09-11,14519286.0
2020-09-14,15026241.0
2020-09-15,15263514.0
2020-09-16,15253189.0
2020-09-17,15074348.0
2020-09-18,15262643.0
2020-09-21,14845709.0
2020-09-22,14711315.0
2020-09-23,14896636.0
2020-09-24,14672966.0
2020-09-25,15023805.0
2020-09-28,15388679.0
2020-09-29,15194378.0
2020-09-30,15124066.0
2020-10-01,15351200.0
2020-10-05,15451620.0
2020-10-06,15637274.0
2020-10-07,15743700.0
2020-10-08,16026512.0
2020-10-09,15902964.0
2020-10-12,15563310.0
2020-10-13,15387744.0
2020-10-14,15336270.0
2020-10-15,15113878.0
2020-10-16,15299360.0
2020-10-19,15429947.0
2020-10-20,15473111.0
2020-10-21,15476924.0
2020-10-22,15474684.0
2020-10-23,15474323.0
2020-10-26,15348762.0
2020-10-27,15332719.0
2020-10-28,15200590.0
2020-10-29,15113830.0
2020-10-30,15088439.0
2020-11-02,14976597.0
2020-11-03,15073689.0
2020-11-04,15140647.0
2020-11-05,15314396.0
2020-11-06,15379212.0
2020-11-09,15531772.0
2020-11-10,15287556.0
2020-11-11,15337708.0
2020-11-12,15489940.0
2020-11-13,15729550.0
2020-11-14,15785598.0
2020-11-17,15684876.0
2020-11-18,15697925.0
2020-11-19,15581216.0
2020-11-20,15649853.0
2020-11-23,15804831.0
2020-11-24,15912922.0
2020-11-25,15698939.0
2020-11-26,15836783.0
2020-11-27,16008153.0
2020-12-01,16196144.0
2020-12-02,16292316.0
2020-12-03,16466280.0
2020-12-04,16488309.0
2020-12-07,16611809.0
2020-12-08,16515023.0
2020-12-09,16520974.0
2020-12-10,16538219.0
2020-12-11,16581045.0
2020-12-14,16554104.0
2020-12-15,16633860.0
2020-12-16,16719971.0
2020-12-17,16822050.0
2020-12-18,16832208.0
2020-12-21,16183721.0
2020-12-22,16285281.0
2020-12-23,16650038.0
2020-12-24,16647082.0
2020-12-28,16911678.0
2020-12-29,16888134.0
2020-12-30,17011226.0
2020-12-31,17063450.0
2021-01-01,17203898.0
2021-01-04,17388212.0
2021-01-05,17465502.0
2021-01-06,17427968.0
2021-01-07,17806364.0
2021-01-08,17902294.0
2021-01-11,17836764.0
2021-01-12,17815668.0
2021-01-13,17623490.0
2021-01-14,17869598.0
2021-01-15,17681946.0
2021-01-18,17401558.0
2021-01-19,17815246.0
2021-01-20,17979562.0
2021-01-21,17954880.0
2021-01-22,17563130.0
2021-01-25,17293736.0
2021-01-27,17194766.0
2021-01-28,17224488.0
2021-01-29,16852454.0
2021-02-01,17270636.0
2021-02-02,17591448.0
2021-02-03,17898230.0
2021-02-04,18142696.0
2021-02-05,18129626.0
2021-02-08,18399402.0
2021-02-09,18346170.0
2021-02-10,18556514.0
2021-02-11,18698658.0
2021-02-12,18570990.0
2021-02-15,18528810.0
2021-02-16,18561046.0
2021-02-17,18608082.0
2021-02-18,18696038.0
2021-02-19,18532352.0
2021-02-22,18119130.0
2021-02-23,17948186.0
2021-02-24,18197450.0
2021-02-25,18458138.0
2021-02-26,18208370.0
2021-03-01,18277882.0
2021-03-02,18615298.0
2021-03-03,18819564.0
2021-03-04,18962202.0
2021-03-05,18537126.0
2021-03-08,18600324.0
2021-03-09,18625134.0
2021-03-10,18825824.0
2021-03-12,18820364.0
2021-03-15,18788100.0
2021-03-16,18682142.0
2021-03-17,18150176.0
2021-03-18,18211390.0
2021-03-19,18296712.0
2021-03-22,18343568.0
2021-03-23,18322168.0
2021-03-24,17951724.0
2021-03-25,17639616.0
2021-03-26,17819206.0
2021-03-30,18082696.0
2021-03-31,18079788.0
2021-04-01,17410132.0
2021-04-05,17251268.0
2021-04-06,17369422.0
2021-04-07,17650454.0
2021-04-08,17922688.0
2021-04-09,17978844.0
2021-04-12,16916780.0
2021-04-13,17111094.0
2021-04-15,17299066.0
2021-04-16,17374714.0
2021-04-19,16974246.0
2021-04-20,17059138.0
2021-04-22,17419956.0
2021-04-23,17442490.0
2021-04-26,17650010.0
2021-04-27,18017520.0
2021-04-28,18328084.0
2021-04-29,18490084.0
2021-04-30,18646954.0
2021-05-03,19081676.0
2021-05-04,18619090.0
2021-05-05,18962082.0
2021-05-06,19085498.0
2021-05-07,19360340.0
2021-05-10,19606992.0
2021-05-11,19623192.0
2021-05-12,19327670.0
2021-05-14,19056802.0
2021-05-17,19580752.0
2021-05-18,19804170.0
2021-05-19,19766166.0
2021-05-20,19742494.0
2021-05-21,19927318.0
2021-05-24,20090826.0
2021-05-25,20201768.0
2021-05-26,20485046.0
2021-05-27,20437626.0
2021-05-28,20310616.0
2021-05-31,20299428.0
2021-06-01,20220286.0
2021-06-02,20299108.0
2021-06-03,20550066.0
2021-06-04,20745356.0
2021-06-07,21368402.0
2021-06-08,21601630.0
2021-06-09,21552948.0
2021-06-10,21942344.0
2021-06-11,22132688.0
2021-06-14,22413610.0
2021-06-15,22366408.0
2021-06-16,22471654.0
2021-06-17,22246238.0
2021-06-18,21897910.0
2021-06-21,21946742.0
2021-06-22,22093960.0
2021-06-23,22114342.0
2021-06-24,22419032.0
2021-06-25,22501452.0
2021-06-28,22832394.0
2021-06-29,23118142.0
2021-06-30,23407000.0
2021-07-01,23185876.0
2021-07-02,23403162.0
2021-07-05,23486574.0
2021-07-06,23476346.0
2021-07-07,23678250.0
2021-07-08,23751318.0
2021-07-09,23957778.0
2021-07-12,23963040.0
2021-07-13,24175742.0
2021-07-14,24301452.0
2021-07-15,24896344.0
2021-07-16,25016008.0
2021-07-19,25443282.0
2021-07-20,25449946.0
2021-07-22,26016790.0
2021-07-23,26122676.0
2021-07-26,26502946.0
2021-07-27,26305240.0
2021-07-28,26269880.0
2021-07-29,26680462.0
2021-07-30,26775602.0
2021-08-02,26990678.0
2021-08-03,27026330.0
2021-08-04,26674472.0
2021-08-05,26634522.0
2021-08-06,26772110.0
2021-08-09,26297090.0
2021-08-10,24942396.0
2021-08-11,24851090.0
2021-08-12,25520070.0
2021-08-13,25496244.0
2021-08-16,25132996.0
2021-08-17,25243984.0
2021-08-18,25267282.0
2021-08-20,24776182.0
2021-08-23,24068916.0
2021-08-24,24713980.0
2021-08-25,24809038.0
2021-08-26,24697976.0
2021-08-27,24885552.0
2021-08-30,25359586.0
2021-08-31,25079560.0
2021-09-01,25282840.0
2021-09-02,25471218.0
2021-09-03,25678988.0
2021-09-06,25711980.0
2021-09-07,25500568.0
2021-09-08,25879540.0
2021-09-09,25899936.0
2021-09-13,26193362.0
2021-09-14,26946984.0
2021-09-15,27013320.0
2021-09-16,26898314.0
2021-09-17,26926746.0
2021-09-20,26599782.0
2021-09-21,26772128.0
2021-09-22,27160050.0
2021-09-23,27386278.0
2021-09-24,27208978.0
2021-09-27,26979690.0
2021-09-28,26743776.0
2021-09-29,27038700.0
2021-09-30,27028754.0
2021-10-01,27070646.0
2021-10-04,27522260.0
2021-10-05,27538416.0
2021-10-06,27234606.0
2021-10-07,27701674.0
2021-10-08,27707286.0
2021-10-11,27545902.0
2021-10-12,27609826.0
2021-10-13,27616966.0
2021-10-14,28031248.0
2021-10-18,28116434.0
2021-10-19,27816204.0
2021-10-20,26764230.0
2021-10-21,26489986.0
2021-10-22,26270598.0
2021-10-25,25607376.0
2021-10-26,26068518.0
2021-10-27,26257078.0
2021-10-28,26292596.0
2021-10-29,26410636.0
2021-11-01,26542882.0
2021-11-02,26744082.0
2021-11-03,26550552.0
2021-11-04,27013590.0
2021-11-08,27333406.0
2021-11-09,27284166.0
2021-11-10,27128208.0
2021-11-11,27214974.0
2021-11-12,27333588.0
2021-11-15,27399784.0
2021-11-16,27667076.0
2021-11-17,28040976.0
2021-11-18,28012812.0
2021-11-22,27639368.0
2021-11-23,28358050.0
2021-11-24,28556792.0
2021-11-25,29244648.0
2021-11-26,28452914.0
2021-11-29,27727492.0
2021-11-30,28025074.0
2021-12-01,28502592.0
2021-12-02,28764430.0
2021-12-03,28924382.0
2021-12-06,29133502.0
2021-12-07,29643658.0
2021-12-08,30026696.0
2021-12-09,30526234.0
2021-12-10,30714182.0
2021-12-13,31012782.0
2021-12-14,31296510.0
2021-12-15,31316804.0
2021-12-16,31369990.0
2021-12-17,30863120.0
2021-12-20,29613474.0
2021-12-21,30192950.0
2021-12-22,30783830.0
2021-12-23,30482490.0
2021-12-24,29910132.0
2021-12-27,30552182.0
2021-12-28,30741462.0
2021-12-29,30512356.0
2021-12-30,30856798.0
2021-12-31,31349850.0
2022-01-03,31675252.0
2022-01-04,31467778.0
2022-01-05,31383680.0
2022-01-06,31487602.0
2022-01-07,31853618.0
2022-01-10,31719580.0
2022-01-11,31410480.0
2022-01-12,31811470.0
2022-01-13,32234120.0
2022-01-14,32634914.0
2022-01-17,32693278.0
2022-01-18,31906596.0
2022-01-19,31883904.0
2022-01-20,32108660.0
2022-01-21,31696854.0
2022-01-24,30302696.0
2022-01-25,30603744.0
2022-01-27,30866028.0
2022-01-28,30934856.0
2022-01-31,31020770.0
2022-02-01,31395844.0
2022-02-02,32049256.0
2022-02-03,32011028.0
2022-02-04,32117368.0
2022-02-07,31817804.0
2022-02-08,31208716.0
2022-02-09,31432856.0
2022-02-10,31450944.0
2022-02-11,30656972.0
2022-02-14,29531742.0
2022-02-15,29909838.0
2022-02-16,29877384.0
2022-02-17,29951054.0
2022-02-18,29679468.0
2022-02-21,28945328.0
2022-02-22,28375060.0
2022-02-23,28896664.0
2022-02-24,27793438.0
2022-02-25,28504604.0
2022-02-28,28702760.0
2022-03-02,29200560.0
2022-03-03,29156628.0
2022-03-04,28889378.0
2022-03-07,28827192.0
2022-03-08,29250056.0
2022-03-09,29313412.0
2022-03-10,29306016.0
2022-03-11,30043272.0
2022-03-14,30660236.0
2022-03-15,30043260.0
2022-03-16,30383624.0
2022-03-17,30630920.0
2022-03-21,30996384.0
2022-03-22,31464532.0
2022-03-23,31363156.0
2022-03-24,31576508.0
2022-03-25,31053796.0
2022-03-28,31558536.0
2022-03-29,31365308.0
2022-03-30,30944900.0
2022-03-31,30497278.0
2022-04-01,28723134.0
2022-04-04,29519942.0
2022-04-05,29710192.0
2022-04-06,30109024.0
2022-04-07,29762980.0
2022-04-08,29931976.0
2022-04-11,30198804.0
2022-04-12,29722098.0
2022-04-13,30310472.0
2022-04-18,30962222.0
2022-04-19,30713860.0
2022-04-20,30832268.0
2022-04-21,31349196.0
2022-04-22,31373902.0
2022-04-25,30671282.0
2022-04-26,30891986.0
2022-04-27,30265054.0
2022-04-28,30252102.0
2022-04-29,30289546.0
2022-05-02,30228526.0
2022-05-04,29652930.0
2022-05-05,29354902.0
2022-05-06,28363036.0
2022-05-09,27465376.0
2022-05-10,27149488.0
2022-05-11,26484620.0
2022-05-12,26214818.0
2022-05-13,26399552.0
2022-05-16,26744404.0
2022-05-17,26872884.0
2022-05-18,27329652.0
2022-05-19,26808088.0
2022-05-20,27308524.0
2022-05-23,27165200.0
2022-05-24,27187424.0
2022-05-25,26516850.0
2022-05-26,26717570.0
2022-05-27,26924134.0
2022-05-30,27123128.0
2022-05-31,27211626.0
2022-06-01,27515354.0
2022-06-02,27732926.0
2022-06-03,27177986.0
2022-06-06,27117186.0
2022-06-07,27035756.0
2022-06-08,27166662.0
2022-06-09,27282956.0
2022-06-10,27115734.0
2022-06-13,26283386.0
2022-06-14,26400878.0
2022-06-15,26558592.0
2022-06-16,25680782.0
2022-06-17,25495458.0
2022-06-20,24761798.0
2022-06-21,25165818.0
2022-06-22,24906274.0
2022-06-23,25126370.0
2022-06-24,25769924.0
2022-06-27,26107328.0
2022-06-28,26435320.0
2022-06-29,26626850.0
2022-06-30,26614068.0
2022-07-01,26742724.0
2022-07-04,26977608.0
2022-07-05,26782510.0
2022-07-06,27076326.0
2022-07-07,27302076.0
2022-07-08,27396448.0
2022-07-11,27590940.0
2022-07-12,27598890.0
2022-07-13,27235214.0
2022-07-14,26966150.0
2022-07-15,27444620.0
2022-07-18,27760892.0
2022-07-19,28082154.0
2022-07-20,27846550.0
2022-07-21,27897076.0
2022-07-22,27888694.0
2022-07-25,27840754.0
2022-07-26,27366578.0
2022-07-27,27590936.0
2022-07-28,27769822.0
2022-07-29,28040058.0
2022-08-01,28426222.0
2022-08-02,28674280.0
2022-08-03,28770462.0
2022-08-04,28635532.0
2022-08-05,28813570.0
2022-08-08,28991532.0
2022-08-10,29138352.0
2022-08-11,29101092.0
2022-08-12,28918706.0
2022-08-16,29263866.0
2022-08-17,29160134.0
2022-08-18,29036130.0
2022-08-19,28914364.0
2022-08-22,28928974.0
2022-08-23,29545182.0
2022-08-24,30239330.0
2022-08-25,30031518.0
2022-08-26,29845336.0
2022-08-29,29727760.0
2022-08-30,30271420.0
2022-09-01,30305282.0
2022-09-02,30490738.0
2022-09-05,30521622.0
2022-09-06,30460410.0
2022-09-07,30486220.0
2022-09-08,30864358.0
2022-09-09,31000582.0
2022-09-12,31300776.0
2022-09-13,31254904.0
2022-09-14,31255330.0
2022-09-15,30942844.0
2022-09-16,30298354.0
2022-09-19,30424444.0
2022-09-20,31172270.0
2022-09-21,30884862.0
2022-09-22,30945354.0
2022-09-23,30289986.0
2022-09-26,29420042.0
2022-09-27,29534340.0
2022-09-28,29543722.0
2022-09-29,29718016.0
2022-09-30,30126978.0
2022-10-03,29730932.0
2022-10-04,30326574.0
2022-10-06,30973030.0
2022-10-07,31068550.0
2022-10-10,30821560.0
2022-10-11,30703620.0
2022-10-12,30663782.0
2022-10-13,30709924.0
2022-10-14,30623438.0
2022-10-17,30517494.0
2022-10-18,30908452.0
2022-10-19,30758716.0
2022-10-20,30683376.0
2022-10-21,30569104.0
2022-10-24,30681286.0
2022-10-25,30736792.0
2022-10-27,30848264.0
2022-10-28,30598162.0
2022-10-31,30800622.0
2022-11-01,30653066.0
2022-11-02,30467452.0
2022-11-03,30447394.0
2022-11-04,30216738.0
2022-11-07,30178530.0
2022-11-09,30012710.0
2022-11-10,29638650.0
2022-11-11,29569442.0
2022-11-14,29424634.0
2022-11-15,29778766.0
2022-11-16,29408134.0
2022-11-17,29338574.0
2022-11-18,29042076.0
2022-11-21,28808050.0
2022-11-22,28731650.0
2022-11-23,28931540.0
2022-11-24,28785530.0
2022-11-25,29138996.0
2022-11-28,29668484.0
2022-11-29,29343098.0
2022-11-30,29349090.0
2022-12-01,29519422.0
2022-12-02,29568206.0
2022-12-05,29397412.0
2022-12-06,29243360.0
2022-12-07,29343000.0
2022-12-08,29515218.0
2022-12-09,29105794.0
2022-12-12,29698306.0
2022-12-13,29926372.0
2022-12-14,30126584.0
2022-12-15,30149078.0
2022-12-16,30390216.0
2022-12-19,30545396.0
2022-12-20,31092686.0
2022-12-21,30247992.0
2022-12-22,29225678.0
2022-12-23,28111042.0
2022-12-26,28855050.0
2022-12-27,29876618.0
2022-12-28,30230312.0
2022-12-29,30745800.0
2022-12-30,31112204.0
2023-01-02,31321564.0
2023-01-03,31038484.0
2023-01-04,30644172.0
2023-01-05,31137926.0
2023-01-06,30638854.0
2023-01-09,30821716.0
2023-01-10,30731444.0
2023-01-11,30945054.0
2023-01-12,30988968.0
2023-01-13,31046442.0
2023-01-16,30599188.0
2023-01-17,30891668.0
2023-01-18,31011864.0
2023-01-19,30943052.0
2023-01-20,30517794.0
2023-01-23,30233184.0
2023-01-24,30411928.0
2023-01-25,30241524.0
2023-01-27,29174924.0
2023-01-30,29016488.0
2023-01-31,29727668.0
2023-02-01,29076242.0
2023-02-02,29026896.0
2023-02-03,29355342.0
2023-02-06,29602110.0
2023-02-07,29707948.0
2023-02-08,29498380.0
2023-02-09,29420832.0
2023-02-10,29726236.0
2023-02-13,29607780.0
2023-02-14,29315202.0
2023-02-15,29173124.0
2023-02-16,29582750.0
2023-02-17,29575374.0
2023-02-20,29226432.0
2023-02-21,29226252.0
2023-02-22,28606808.0
2023-02-23,28690928.0
2023-02-24,28525358.0
2023-02-27,28006212.0
2023-02-28,28246252.0
2023-03-01,28413230.0
2023-03-02,28302066.0
2023-03-03,28619984.0
2023-03-06,28541856.0
2023-03-08,29035854.0
2023-03-09,29098650.0
2023-03-10,28713928.0
2023-03-13,28233414.0
2023-03-14,27949032.0
2023-03-15,28117732.0
2023-03-16,28063662.0
2023-03-17,28361240.0
2023-03-20,28088152.0
2023-03-21,28115344.0
2023-03-22,28184472.0
2023-03-23,28370220.0
2023-03-24,27929156.0
2023-03-27,27674428.0
2023-03-28,27666474.0
2023-03-29,28067024.0
2023-03-31,28104960.0
2023-04-03,28061760.0
2023-04-05,28281364.0
2023-04-06,28764974.0
2023-04-10,28669188.0
2023-04-11,28832504.0
2023-04-12,28903900.0
2023-04-13,29018558.0
2023-04-17,29127490.0
2023-04-18,29318394.0
2023-04-19,29430284.0
2023-04-20,29495700.0
2023-04-21,29424308.0
2023-04-24,29582772.0
2023-04-25,29334664.0
2023-04-26,29290710.0
2023-04-27,29433664.0
2023-04-28,29559770.0
2023-05-02,29913630.0
2023-05-03,30171232.0
2023-05-04,30468586.0
2023-05-05,30722262.0
2023-05-08,31022784.0
2023-05-09,30977196.0
2023-05-10,30806982.0
2023-05-11,30865802.0
2023-05-12,30885582.0
2023-05-15,30752590.0
2023-05-16,30645440.0
2023-05-17,30731966.0
2023-05-18,30653562.0
2023-05-19,30473086.0
2023-05-22,30895846.0
2023-05-23,30997320.0
2023-05-24,31188834.0
2023-05-25,31227686.0
2023-05-26,31464672.0
2023-05-29,31799208.0
2023-05-30,32197142.0
2023-05-31,32284988.0
2023-06-01,32021726.0
2023-06-02,32334462.0
2023-06-05,32910642.0
2023-06-06,33150366.0
2023-06-07,33536964.0
2023-06-08,33650904.0
2023-06-09,33635192.0
2023-06-12,33812956.0
2023-06-13,34187516.0
2023-06-14,34197844.0
2023-06-15,34399740.0
2023-06-16,34552780.0
2023-06-19,34958724.0
2023-06-20,34971916.0
2023-06-21,34885544.0
2023-06-22,34765440.0
2023-06-23,34204076.0
2023-06-26,34368584.0
2023-06-27,34802220.0
2023-06-28,35077080.0
2023-06-30,35732616.0
2023-07-03,35926272.0
2023-07-04,36368588.0
2023-07-05,36945144.0
2023-07-06,36737624.0
2023-07-07,36668012.0
2023-07-10,36789492.0
2023-07-11,37172364.0
2023-07-12,37722192.0
2023-07-13,37781632.0
2023-07-14,38190200.0
2023-07-17,38703244.0
2023-07-18,38823364.0
2023-07-19,38950276.0
2023-07-20,39149544.0
2023-07-21,39051036.0
2023-07-24,38802508.0
2023-07-25,39173916.0
2023-07-26,39084964.0
2023-07-27,39008804.0
2023-07-28,39013084.0
2023-07-31,39751008.0
2023-08-01,39574352.0
2023-08-02,39237848.0
2023-08-03,39208572.0
2023-08-04,39020608.0
2023-08-07,38997508.0
2023-08-08,38845232.0
2023-08-09,38846308.0
2023-08-10,38305296.0
2023-08-11,38199800.0
2023-08-14,38411008.0
2023-08-16,39023268.0
2023-08-17,39307960.0
2023-08-18,38957920.0
2023-08-21,39971868.0
2023-08-22,40899868.0
2023-08-23,41457828.0
2023-08-24,41640292.0
2023-08-25,41753188.0
2023-08-28,41979864.0
2023-08-29,41924928.0
2023-08-30,41736280.0
2023-08-31,42004848.0
2023-09-01,42400816.0
2023-09-04,42682396.0
2023-09-05,43123024.0
2023-09-06,43066852.0
2023-09-07,43265396.0
2023-09-08,43477080.0
2023-09-11,43603948.0
2023-09-12,41671852.0
2023-09-13,41146248.0
2023-09-14,41733060.0
2023-09-15,41909220.0
2023-09-18,41856656.0
2023-09-20,41325264.0
2023-09-21,41021208.0
2023-09-22,40729680.0
2023-09-25,40630292.0
2023-09-26,40816360.0
2023-09-27,41427020.0
2023-09-28,41430964.0
2023-09-29,41677356.0
2023-10-03,42135148.0
2023-10-04,41893948.0
2023-10-05,42101180.0
2023-10-06,42405796.0
2023-10-09,41297244.0
2023-10-10,41659772.0
2023-10-11,41757124.0
2023-10-12,42377912.0
2023-10-13,41978368.0
2023-10-16,42383980.0
2023-10-17,42784268.0
2023-10-18,42376864.0
2023-10-19,42454168.0
2023-10-20,42468656.0
2023-10-23,40442592.0
2023-10-25,40170076.0
2023-10-26,40420804.0
2023-10-27,41485256.0
2023-10-30,42008872.0
2023-10-31,42573768.0
2023-11-01,42397564.0
2023-11-02,42323896.0
2023-11-03,42612240.0
2023-11-06,43046352.0
2023-11-07,42801728.0
2023-11-08,43904472.0
2023-11-09,43807368.0
2023-11-10,44098460.0
2023-11-12,44446784.0
2023-11-13,45010860.0
2023-11-15,45978296.0
2023-11-16,46245004.0
2023-11-17,46092616.0
2023-11-20,46245192.0
2023-11-21,45852464.0
2023-11-22,46037196.0
2023-11-23,45712972.0
2023-11-24,45900928.0
2023-11-28,46032020.0
2023-11-29,46241600.0
2023-11-30,46449100.0
2023-12-01,46124968.0
2023-12-04,46336836.0
2023-12-05,46121944.0
2023-12-06,46451100.0
2023-12-07,46575076.0
2023-12-08,45880772.0
2023-12-11,46119640.0
2023-12-12,45978396.0
2023-12-13,45929036.0
2023-12-14,46630992.0
2023-12-15,47497888.0
2023-12-18,47495016.0
2023-12-19,47348896.0
2023-12-20,45685032.0
2023-12-21,45932916.0
2023-12-22,46670204.0
2023-12-26,46969820.0
2023-12-27,47009240.0
2023-12-28,46935964.0
2023-12-29,47135928.0
2024-01-01,46881100.0
2024-01-02,46741380.0
2024-01-03,47092760.0
2024-01-04,47448908.0
2024-01-05,48088584.0
2024-01-08,47661624.0
2024-01-09,48446324.0
2024-01-10,49084400.0
2024-01-11,49081480.0
2024-01-12,49563356.0
2024-01-15,49589564.0
2024-01-16,49253920.0
2024-01-17,48910856.0
2024-01-18,48788696.0
2024-01-19,49587120.0
2024-01-20,49621292.0
2024-01-23,48579508.0
2024-01-24,48728172.0
2024-01-25,49396576.0
2024-01-29,49644504.0
2024-01-30,50107704.0
2024-01-31,50962012.0
2024-02-01,51261740.0
2024-02-02,51617192.0
2024-02-05,51026240.0
2024-02-06,51340500.0
2024-02-07,51130368.0
2024-02-08,50772864.0
2024-02-09,49910980.0
2024-02-12,47123044.0
2024-02-13,47813740.0
2024-02-14,48349992.0
2024-02-15,48824952.0
2024-02-16,48948320.0
2024-02-19,48584636.0
2024-02-20,48576460.0
2024-02-21,47917868.0
2024-02-22,48171196.0
2024-02-23,48187784.0
2024-02-26,48034784.0
2024-02-27,48186776.0
2024-02-28,47077272.0
2024-02-29,47633328.0
2024-03-01,48075984.0
2024-03-02,48339844.0
2024-03-04,47814108.0
2024-03-05,47627856.0
2024-03-06,46542888.0
2024-03-07,46513316.0
2024-03-11,45555588.0
2024-03-12,43720336.0
2024-03-13,42320964.0
2024-03-14,42781708.0
2024-03-15,42790656.0
2024-03-18,42877344.0
2024-03-19,42713988.0
2024-03-20,42267728.0
2024-03-21,42565032.0
2024-03-22,43020544.0
2024-03-26,43364972.0
2024-03-27,43427592.0
2024-03-28,43720448.0
2024-04-01,41196648.0
2024-04-02,41256884.0
2024-04-03,41549400.0
2024-04-04,41405376.0
2024-04-05,41164188.0
2024-04-08,40831852.0
2024-04-09,40702444.0
2024-04-10,40487160.0
2024-04-12,40064144.0
2024-04-15,39232152.0
2024-04-16,40038544.0
2024-04-18,40469668.0
2024-04-19,40847768.0
2024-04-22,41799384.0
2024-04-23,41372852.0
2024-04-24,41664892.0
2024-04-25,42065820.0
2024-04-26,41700536.0
2024-04-29,41651976.0
2024-04-30,41358676.0
2024-05-02,41557384.0
2024-05-03,40983368.0
2024-05-06,40675760.0
2024-05-07,40518972.0
2024-05-08,40370176.0
2024-05-09,39264724.0
2024-05-10,39798256.0
2024-05-13,39686672.0
2024-05-14,40626596.0
2024-05-15,40985144.0
2024-05-16,41108176.0
2024-05-17,41439416.0
2024-05-18,41509132.0
2024-05-21,41610168.0
2024-05-22,41711944.0
2024-05-23,41827504.0
2024-05-24,41799676.0
2024-05-27,41348748.0
2024-05-28,41100396.0
2024-05-29,40894972.0
2024-05-30,40084052.0
2024-05-31,40131072.0
2024-06-03,40733632.0
2024-06-04,38027240.0
2024-06-05,39361600.0
2024-06-06,40420248.0
2024-06-07,41168828.0
2024-06-10,41629328.0
2024-06-11,41125512.0
2024-06-12,40970588.0
2024-06-13,41050944.0
2024-06-14,41321012.0
2024-06-18,41401320.0
2024-06-19,41434836.0
2024-06-20,41957140.0
2024-06-21,42027944.0
2024-06-24,42029804.0
2024-06-25,41811636.0
2024-06-26,42079788.0
2024-06-27,41427904.0
2024-06-28,41515888.0
2024-07-01,42367228.0
2024-07-02,42164624.0
2024-07-03,42505772.0
2024-07-04,42461872.0
2024-07-05,42740968.0
2024-07-08,42720584.0
2024-07-09,43052172.0
2024-07-10,42771860.0
2024-07-11,43132372.0
2024-07-12,42846404.0
2024-07-15,42913392.0
2024-07-16,42976964.0
2024-07-18,42844912.0
2024-07-19,41817192.0
2024-07-22,42364220.0
2024-07-23,42453840.0
2024-07-24,43037912.0
2024-07-25,43112052.0
2024-07-26,43346084.0
2024-07-29,43881868.0
2024-07-30,44176284.0
2024-07-31,44530260.0
2024-08-01,44347408.0
2024-08-02,44095920.0
2024-08-05,42651872.0
2024-08-06,42044568.0
2024-08-07,43249100.0
2024-08-08,43189188.0
2024-08-09,43705088.0
2024-08-12,43530364.0
2024-08-13,42735724.0
2024-08-14,42448320.0
2024-08-16,43033736.0
2024-08-19,43554948.0
2024-08-20,43611920.0
2024-08-21,44065956.0
2024-08-22,44214676.0
2024-08-23,44994412.0
2024-08-26,45225384.0
2024-08-27,45637048.0
2024-08-28,45596056.0
2024-08-29,45118952.0
2024-08-30,45298188.0
2024-09-02,44999136.0
2024-09-03,45133228.0
2024-09-04,45832204.0
2024-09-05,46044928.0
2024-09-06,46365652.0
2024-09-09,46949336.0
2024-09-10,46873208.0
2024-09-11,46980592.0
2024-09-12,47131184.0
2024-09-13,47180752.0
2024-09-16,47645588.0
2024-09-17,47317324.0
2024-09-18,47221760.0
2024-09-19,47148976.0
2024-09-20,47959120.0
2024-09-23,48089436.0
2024-09-24,47664404.0
2024-09-25,47744140.0
2024-09-26,47348780.0
2024-09-27,47466412.0
2024-09-30,47345064.0
2024-10-01,48196064.0
2024-10-03,47386524.0
2024-10-04,46935148.0
2024-10-07,45396380.0
2024-10-08,46722604.0
2024-10-09,47326652.0
2024-10-10,47539816.0
2024-10-11,47705460.0
2024-10-14,47724572.0
2024-10-15,47804972.0
2024-10-16,47980236.0
2024-10-17,46812624.0
2024-10-18,46268904.0
2024-10-21,45307036.0
2024-10-22,43237772.0
2024-10-23,43484584.0
2024-10-24,42999892.0
2024-10-25,41970152.0
2024-10-28,42337436.0
2024-10-29,42532060.0
2024-10-30,43560216.0
2024-10-31,44510968.0
2024-11-01,44805028.0
2024-11-04,44063720.0
2024-11-05,44409264.0
2024-11-06,45504040.0
2024-11-07,45253436.0
2024-11-08,44799424.0
2024-11-11,43866088.0
2024-11-12,43293812.0
2024-11-13,41956536.0
2024-11-14,42260980.0
2024-11-18,42736320.0
2024-11-19,42843968.0
2024-11-21,42763880.0
2024-11-22,42918344.0
2024-11-25,43162656.0
2024-11-26,43234896.0
2024-11-27,43244900.0
2024-11-28,43634512.0
2024-11-29,43946480.0
2024-12-02,44664832.0
2024-12-03,44501004.0
2024-12-04,44585796.0
2024-12-05,44012248.0
2024-12-06,44278600.0
2024-12-09,44772720.0
2024-12-10,44993196.0
2024-12-11,45145896.0
2024-12-12,45018712.0
2024-12-13,45933068.0
2024-12-16,46800424.0
2024-12-17,46999244.0
2024-12-18,47042704.0
2024-12-19,47029700.0
2024-12-20,45475212.0
2024-12-23,45144224.0
2024-12-24,45394436.0
2024-12-26,44619900.0
2024-12-27,44675444.0
2024-12-30,44502708.0
2024-12-31,45221192.0
2025-01-01,45817812.0
2025-01-02,46336748.0
2025-01-03,46468944.0
2025-01-06,44728608.0
2025-01-07,46205524.0
2025-01-08,45986728.0
2025-01-09,45126284.0
2025-01-10,43900960.0
2025-01-13,42955280.0
2025-01-14,43234884.0
2025-01-15,43221256.0
2025-01-16,43491964.0
2025-01-17,43387248.0
2025-01-20,43275992.0
2025-01-21,42637200.0
2025-01-22,41994264.0
2025-01-23,42035144.0
2025-01-24,41462200.0
2025-01-27,40467524.0
2025-01-28,39867004.0
2025-01-29,40358532.0
2025-01-30,40837436.0
2025-01-31,41151560.0
2025-02-01,41300056.0
2025-02-03,41479260.0
2025-02-04,41869420.0
2025-02-05,42156968.0
2025-02-06,42288952.0
2025-02-07,42377592.0
2025-02-10,41935520.0
2025-02-11,41466136.0
2025-02-12,41471744.0
2025-02-13,41276904.0
2025-02-14,40893188.0
2025-02-17,40995808.0
2025-02-18,40973996.0
2025-02-19,41404616.0
2025-02-20,41297216.0
2025-02-21,41251676.0
2025-02-24,41158580.0
2025-02-25,41598816.0
2025-02-27,41864900.0
2025-02-28,40984496.0
2025-03-03,41394576.0
2025-03-04,41309056.0
2025-03-05,41677184.0
2025-03-06,41704856.0
2025-03-07,42153800.0
2025-03-10,42085456.0
2025-03-11,41907392.0
2025-03-12,41860572.0
2025-03-13,41598696.0
2025-03-17,42426256.0
2025-03-18,42637536.0
2025-03-19,43101560.0
2025-03-20,43114440.0
2025-03-21,43632988.0
2025-03-24,43558484.0
2025-03-25,42737800.0
2025-03-26,42040604.0
2025-03-27,42687468.0
2025-03-28,42806784.0
2025-04-01,42736756.0
2025-04-02,43279676.0
2025-04-03,42943272.0
2025-04-04,41970288.0
2025-04-07,40727868.0
2025-04-08,41364596.0
2025-04-09,41315652.0
2025-04-11,42141888.0
2025-04-15,43095516.0
2025-04-16,43732644.0
2025-04-17,44461644.0
2025-04-21,45059648.0
2025-04-22,45568236.0
2025-04-23,45089144.0
2025-04-24,45134832.0
2025-04-25,44033264.0
2025-04-28,44019704.0
2025-04-29,43792940.0
2025-04-30,42561652.0
2025-05-02,42265504.0
2025-05-05,42461512.0
2025-05-06,41695012.0
2025-05-07,42108652.0
2025-05-08,41564688.0
2025-05-09,41290588.0
2025-05-12,43095008.0
2025-05-13,43572592.0
2025-05-14,44334848.0
2025-05-15,44287936.0
2025-05-16,43858608.0
2025-05-19,44053668.0
2025-05-20,43550160.0
2025-05-21,43771024.0
2025-05-22,43454668.0
2025-05-23,43594816.0
2025-05-26,43714748.0
2025-05-27,43182044.0
2025-05-28,43736788.0
2025-05-29,43718312.0
2025-05-30,43699812.0
2025-06-02,43620752.0
2025-06-03,43536408.0
2025-06-04,43600452.0
2025-06-05,43985368.0
2025-06-06,44116256.0
2025-06-09,43964696.0
2025-06-10,43952024.0
2025-06-11,43822768.0
2025-06-12,43279232.0
2025-06-13,43255628.0
2025-06-16,43489352.0
2025-06-17,43497356.0
2025-06-18,43555532.0
2025-06-19,42955880.0
2025-06-20,42916576.0
2025-06-23,42840184.0
2025-06-24,42863836.0
2025-06-25,42957620.0
2025-06-26,43444212.0
2025-06-27,44047780.0
2025-06-30,44440840.0
2025-07-01,44796676.0
2025-07-02,45056628.0
2025-07-03,45001936.0
2025-07-04,45087404.0
2025-07-07,45142608.0
2025-07-08,45374336.0
2025-07-09,46099976.0
2025-07-10,46488020.0
2025-07-11,46385324.0
2025-07-14,46306128.0
2025-07-15,46660592.0
2025-07-16,46529300.0
2025-07-17,46691516.0
2025-07-18,46500672.0
2025-07-21,46335816.0
2025-07-22,46382764.0
2025-07-23,46717492.0
2025-07-24,46238840.0
2025-07-25,45404836.0
2025-07-28,44884880.0
2025-07-29,44594324.0
2025-07-30,45124452.0
2025-07-31,44990124.0
2025-08-01,43890672.0
2025-08-04,44062924.0
2025-08-05,43990736.0
2025-08-06,43541840.0
2025-08-07,42994096.0
2025-08-08,42726960.0
2025-08-11,42990352.0
2025-08-12,43165436.0
2025-08-13,43351848.0
2025-08-14,43448848.0
2025-08-18,44388108.0
2025-08-19,44838904.0
2025-08-20,44636104.0
2025-08-21,44818176.0
2025-08-22,44613688.0
2025-08-25,44491372.0
2025-08-26,44327844.0
2025-08-28,43958464.0
2025-08-29,44318936.0
2025-09-01,45587880.0
2025-09-02,45722304.0
2025-09-03,45520616.0
2025-09-04,45151612.0
2025-09-05,45237160.0
2025-09-08,45539004.0
2025-09-09,46284388.0
2025-09-10,46084660.0
2025-09-11,46150728.0
2025-09-12,46137820.0
2025-09-15,47214412.0
2025-09-16,47065840.0
2025-09-17,46945196.0
2025-09-18,46516372.0
2025-09-19,46197072.0
2025-09-22,46417172.0
2025-09-23,46569436.0
2025-09-24,46539348.0
2025-09-25,46388592.0
2025-09-26,45899112.0
2025-09-29,45668936.0
2025-09-30,45104796.0
2025-10-01,46227124.0
2025-10-03,47055628.0
2025-10-06,46936368.0
2025-10-07,46957332.0
2025-10-08,46683528.0
2025-10-09,47103628.0
2025-10-10,47152008.0
2025-10-13,47129216.0
2025-10-14,46562144.0
2025-10-15,47318424.0
2025-10-16,47121840.0
2025-10-17,46847120.0
2025-10-20,47540072.0
2025-10-21,47990856.0
2025-10-23,47034392.0
2025-10-24,47520860.0
2025-10-27,48292132.0
2025-10-28,48402312.0
2025-10-29,48737172.0
2025-10-30,48712344.0
2025-10-31,48592412.0
2025-11-03,48828368.0
2025-11-04,48264368.0
2025-11-06,46958632.0
2025-11-07,47022224.0
2025-11-10,47655860.0
2025-11-11,47140388.0
2025-11-12,47567660.0
2025-11-13,47240100.0
2025-11-14,47589152.0
2025-11-17,47120332.0
2025-11-18,46938728.0
2025-11-19,46166120.0
2025-11-20,46857880.0
2025-11-21,46031588.0
2025-11-24,45910572.0
2025-11-25,46019136.0
2025-11-26,46316460.0
2025-11-27,46181572.0
2025-11-28,46179528.0
2025-12-01,46495016.0
2025-12-02,45977040.0
2025-12-03,45792656.0
2025-12-04,45584216.0
2025-12-05,45271492.0
2025-12-08,44621784.0
2025-12-09,45037936.0
2025-12-10,44728908.0
2025-12-11,44964672.0
2025-12-12,45487076.0
2025-12-15,45880568.0
2025-12-16,45450680.0
2025-12-17,45248448.0
2025-12-18,45494960.0
2025-12-19,46265184.0
2025-12-22,47194684.0
2025-12-23,47215816.0
2025-12-24,47491872.0
2025-12-26,47412296.0
2025-12-29,47274848.0
2025-12-30,47904980.0
2025-12-31,47896364.0
2026-01-01,47986312.0
2026-01-02,48618836.0
2026-01-05,48483780.0
2026-01-06,48134180.0
2026-01-07,48047064.0
2026-01-08,46986496.0
2026-01-09,46257888.0
2026-01-12,46288724.0
2026-01-13,46237688.0
2026-01-14,46462632.0
2026-01-16,46299136.0
2026-01-19,45636136.0
2026-01-20,44376696.0
2026-01-21,43743052.0
2026-01-22,44358400.0
2026-01-23,44211144.0
2026-01-27,44184768.0
2026-01-28,44227884.0
2026-01-29,44640888.0
2026-01-30,44360204.0
2026-02-01,43199552.0
2026-02-02,42928252.0
2026-02-03,43729884.0
2026-02-04,44551936.0
2026-02-05,44405796.0
2026-02-06,44067808.0
2026-02-09,45130420.0
2026-02-10,45630364.0
2026-02-11,45526292.0
2026-02-12,45926184.0
2026-02-13,45210080.0
2026-02-16,45459916.0
2026-02-17,45792976.0
2026-02-18,45873176.0
2026-02-19,45573440.0
2026-02-20,45512652.0
2026-02-23,45710664.0
2026-02-24,45354680.0
2026-02-25,45542012.0
2026-02-26,45391900.0
2026-02-27,44551536.0
2026-03-02,44009632.0
2026-03-04,43194944.0
2026-03-05,43588676.0
2026-03-06,43436716.0
2026-03-09,42740420.0
2026-03-10,43327416.0
2026-03-11,42715168.0
2026-03-12,42711308.0
2026-03-13,41711872.0
2026-03-16,41202428.0
2026-03-17,41982896.0
2026-03-18,42108312.0
2026-03-19,41446724.0
2026-03-20,41599444.0
2026-03-23,39715244.0
2026-03-24,41061900.0
2026-03-25,41699704.0
2026-03-27,41565616.0
2026-03-30,40831796.0
2026-04-01,41510464.0
2026-04-02,41401444.0
2026-04-06,41925752.0
2026-04-07,42478624.0
2026-04-08,43252052.0
2026-04-09,43601328.0
2026-04-10,44590168.0
2026-04-13,44894324.0
2026-04-15,45524312.0
2026-04-16,45651772.0
2026-04-17,46463248.0
2026-04-20,46663612.0
2026-04-21,46669008.0
2026-04-22,47566704.0
2026-04-23,48371628.0
2026-04-24,47809396.0
2026-04-27,48811760.0
2026-04-28,48828852.0
2026-04-29,49384636.0
2026-04-30,50072364.0
2026-05-04,49738768.0
2026-05-05,49698388.0
2026-05-06,49587236.0
2026-05-07,50449544.0
2026-05-08,50477500.0
2026-05-11,50744964.0
2026-05-12,50006192.0
2026-05-13,50696724.0
2026-05-14,51209952.0
2026-05-15,50455076.0
2026-05-18,50281184.0
2026-05-19,49872660.0
2026-05-20,50382144.0
2026-05-21,50958180.0
2026-05-22,50950784.0
2026-05-25,52030380.0
2026-05-26,53381880.0
2026-05-27,53682236.0
2026-05-29,54280952.0
2026-06-01,53520700.0
2026-06-02,54455536.0
2026-06-03,55225764.0
2026-06-04,56359920.0
2026-06-05,55866712.0
2026-06-08,54524660.0
2026-06-09,55085120.0
2026-06-10,54420524.0
2026-06-11,54380152.0
2026-06-12,55036688.0
2026-06-15,54983124.0
2026-06-16,55335492.0
2026-06-17,56427740.0
2026-06-18,56769096.0
2026-06-19,57384052.0
2026-06-22,57565780.0
2026-06-23,57050448.0
2026-06-24,57196624.0
2026-06-25,57055896.0
2026-06-29,58183972.0
2026-06-30,58561612.0
2026-07-01,57966484.0
2026-07-02,58361108.0
2026-07-03,57974172.0
2026-07-06,57681808.0
2026-07-07,57226348.0
2026-07-08,57503020.0
2026-07-09,58083092.0
2026-07-10,58476536.0
2026-07-13,58538552.0
2026-07-14,58404712.0
2026-07-15,58813600.0
2026-07-16,58960440.0
2026-07-17,58278800.0
2026-07-20,58498536.0
2026-07-21,58627512.0
2026-07-22,58171528.0
2026-07-23,58284176.0
2026-07-24,58166632.0
2026-07-27,58244180.0
2026-07-28,57221204.0
2026-07-29,57614028.0
2026-07-30,57128180.0
2026-07-31,57657340.0
2026-08-03,57959632.0
2026-08-04,59243472.0
2026-08-05,60026372.0
2026-08-06,60053112.0
2026-08-07,59734768.0
2026-08-10,60420208.0
2026-08-11,61339192.0
2026-08-12,61493880.0
2026-08-13,61215668.0
2026-08-14,60916804.0
2026-08-17,60546512.0
2026-08-18,61397468.0
2026-08-19,61374800.0
2026-08-20,61221204.0
2026-08-21,61086716.0
2026-08-24,60896980.0
2026-08-25,60451704.0
2026-08-26,61236888.0
2026-08-27,61466436.0
2026-08-28,62300044.0
2026-08-31,63272368.0
2026-09-01,63634108.0
2026-09-02,64178612.0
2026-09-03,64720448.0
2026-09-04,64571132.0
2026-09-07,65287544.0
2026-09-08,66670152.0
2026-09-09,65888308.0
2026-09-10,65677492.0
2026-09-11,65967328.0
