,Open Alpha - Base Age,True North,IPO Base - First Base,NIFTYBEES (index)
2006-04-03,1.0,1.0,1.0,1.0
2006-04-04,1.0058529338945283,1.000193630506544,1.000198412698413,1.0111587982832615
2006-04-05,1.0319973478919517,1.000387298505861,1.0003968647644244,1.0100143061516451
2006-04-07,1.0187483896416716,1.000581004005211,1.000595356205846,1.0045779685264662
2006-04-10,1.0290004657974579,1.0007747470118549,1.0007938870304898,1.0022889842632332
2006-04-12,1.0006240007385618,1.0009685275330553,1.0009924572461706,0.9799713876967096
2006-04-13,0.9725017519859338,1.0011623455760759,1.0011910668607036,0.9719599427753932
2006-04-17,1.004166411387279,1.0013562011481825,1.0013897158819065,0.98140200286123
2006-04-18,1.023342411487992,1.0015500942566418,1.001588404317597,1.0228898426323318
2006-04-19,1.0375479750399705,1.0017440249087217,1.0017871321755965,1.0185979971387695
2006-04-20,1.0510693618574827,1.0019379931116925,1.0353910362267815,1.0303290414878397
2006-04-21,1.0487279533027558,1.0021319988728243,1.0729956122485218,1.0286123032904149
2006-04-24,1.045794856085371,1.0023260421993898,1.073208508203333,1.027181688125894
2006-04-25,1.02279587580413,1.0025201230986633,1.073421446399405,1.000286123032904
2006-04-26,1.0465841100121276,1.0027142415779196,1.0675473096489494,1.0243204577968523
2006-04-27,1.039263704306738,1.002908397644435,1.0728216575903653,1.019456366237482
2006-04-28,1.0427726278949732,1.003102591305488,1.064584355144884,1.0103004291845494
2006-04-29,1.0440204615171569,1.0031087044141263,1.073650240863386,1.0014306151645207
2006-05-02,1.077754856253226,1.0043074645955818,1.0680326775764186,1.0414878397711014
2006-05-03,1.0813006240007386,1.0049918520123684,1.073238128213452,1.0515021459227467
2006-05-04,1.0869184770521316,1.0106145667935116,1.0801671227068943,1.0515021459227467
2006-05-05,1.0956071522989832,1.0131508804629883,1.0886127221998552,1.0629470672389123
2006-05-08,1.109234875220834,1.0201111158376208,1.0783075128479236,1.065808297567954
2006-05-09,1.1279503652943126,1.0201783481409177,1.073655216195897,1.0801144492131616
2006-05-10,1.1420022576489397,1.0223032360711604,1.076448149932696,1.090128755364807
2006-05-11,1.1180858661944348,1.0151688548518587,1.086341457120792,1.072961373390558
2006-05-12,1.0986609372180562,1.0099892481378694,1.086239098939191,1.061516452074392
2006-05-15,1.0533881939228118,1.00460391211339,1.0849648692237286,1.0185979971387695
2006-05-16,1.0542377077729426,1.007500540371952,1.0931350029710305,1.015736766809728
2006-05-17,1.0937750156314912,1.0128663488269205,1.1043383467173686,1.052646638054363
2006-05-18,1.0080337891993738,1.0030572229368455,1.074800047389867,1.028898426323319
2006-05-19,0.9816455659019475,0.9998069823899227,1.065184551912991,0.935050071530758
2006-05-22,0.9606253435780798,1.000000575522369,1.0408145530834594,0.8987124463519313
2006-05-23,0.9583044972534736,1.0001942061403517,1.041021063907484,0.9218884120171672
2006-05-24,0.9517339834914667,1.000387874251129,1.0412276157058782,0.9184549356223176
2006-05-25,0.9490772594323985,1.0005815798619606,1.0414342084867725,0.915593705293276
2006-05-26,0.9525313783828016,1.000775322980108,1.0416408422582972,0.9296137339055792
2006-05-29,0.9529557995979874,1.000969103612833,1.0418475170285868,0.927038626609442
2006-05-30,0.9533899563996794,1.0011629217674005,1.0420542328057751,0.931330472103004
2006-05-31,0.946124271404652,1.0013567774510754,1.0422609895979984,0.8832618025751072
2006-06-01,0.9439596980289634,1.0015506706711244,1.042467787413395,0.8675250357653791
2006-06-02,0.9427477014364186,1.0017446014348161,1.042674626260104,0.896137339055794
2006-06-05,0.9399561059332525,1.0019385697494194,1.0428815061462668,0.8898426323319026
2006-06-06,0.9363577995895946,1.0021325756222061,1.0430884270800258,0.8706723891273247
2006-06-07,0.9278945535268421,1.002326619060448,1.0432953890695258,0.8260371959942775
2006-06-08,0.9249832774516263,1.0025207000714194,1.0435023921229123,0.7965665236051501
2006-06-09,0.9251623786723514,1.002714818662395,1.0437094362483337,0.8291845493562231
2006-06-12,0.9253414798930764,1.002908974840652,1.0439165214539383,0.8143061516452074
2006-06-13,0.9255205811138014,1.003103168613468,1.044123647747878,0.7748211731044348
2006-06-14,0.9256997662619963,1.0032973999881223,1.044330815138304,0.7639484978540771
2006-06-15,0.9258789514101913,1.0034916689718962,1.0445380236333708,0.8045779685264663
2006-06-16,0.9260582204858562,1.003685975572072,1.044745273241235,0.8371959942775393
2006-06-19,0.926237489561521,1.0038803197959327,1.0449525639700523,0.8446351931330471
2006-06-20,0.9264168425646556,1.0040747016507645,1.0451598958279833,0.8297567954220314
2006-06-21,0.9265961955677903,1.0042691211438532,1.045367268823187,0.8497854077253219
2006-06-22,0.926775548570925,1.004463578282487,1.0455746829638264,0.8698140200286122
2006-06-23,0.9269549855015295,1.0046580730739547,1.0457821382580652,0.8818311874105865
2006-06-25,0.9271344224321342,1.0048526055255476,1.045989634714069,0.8881258941344777
2006-06-26,0.9273139432902086,1.0050471756445576,1.046197172340004,0.8695278969957081
2006-06-27,0.927493464148283,1.005241783438278,1.0464047511440395,0.8626609442060085
2006-06-28,0.9276729850063575,1.0054364289140045,1.0466123711343462,0.8669527896995708
2006-06-29,0.9278525897919019,1.0056311120790329,1.046820032319095,0.8721030042918454
2006-06-30,0.9280321945774461,1.005825832940661,1.0470277347064598,0.9024320457796852
2006-07-03,0.9282118832904603,1.0060205915061884,1.047235478304616,0.9127324749642344
2006-07-04,0.9283915720034746,1.0062153877829154,1.04744326312174,0.9141630901287552
2006-07-05,0.9285713446439587,1.006410221778144,1.0476510891660102,0.9256080114449212
2006-07-06,0.9287511172844428,1.006605093499178,1.047858956445607,0.9236051502145922
2006-07-07,0.9289308899249269,1.006800002953322,1.0480668649687108,0.894420600858369
2006-07-10,0.9291107464928808,1.0069949501478823,1.048274814743506,0.9092989985693848
2006-07-11,0.9292906030608348,1.007189935090167,1.0484828057781777,0.9070100143061516
2006-07-12,0.9294705435562587,1.0073849577874843,1.0486908380809117,0.9227467811158796
2006-07-13,0.927312264740811,1.0075800182471455,1.0488989116598957,0.9241773962804004
2006-07-14,0.9263831876492336,1.0077751164764623,1.0491070265233202,0.9070100143061516
2006-07-17,0.9251128614651218,1.007970252482748,1.049315182679376,0.8841201716738196
2006-07-18,0.9260859165509167,1.0081654262733175,1.0495233801362571,0.8755364806866952
2006-07-19,0.9254268341299449,1.008360637855487,1.049731618902157,0.8572246065808297
2006-07-20,0.9270268274157473,1.008555887236574,1.0499398989852724,0.8806866952789699
2006-07-21,0.9256825611306708,1.0087511744238975,1.0501482203938013,0.855793991416309
2006-07-24,0.9261557442058573,1.008946499424778,1.0503565831359432,0.8738197424892703
2006-07-25,0.9263062261593531,1.0091418622465376,1.0505649872198983,0.8812589413447782
2006-07-26,0.927655108455273,1.0093372628964994,1.050773432653871,0.9015736766809728
2006-07-27,0.9282209474572075,1.0095327013819875,1.050981919446064,0.9170243204577968
2006-07-28,0.9274588860306923,1.0097281777103289,1.0511904476046847,0.915593705293276
2006-07-31,0.9284665192340779,1.0099236918888506,1.051399017137939,0.9213161659513592
2006-08-01,0.9287150284723942,1.0101192439248818,1.051607628054038,0.9104434907010014
2006-08-02,0.9291699153591466,1.0103148338257528,1.0518162803611917,0.9253218884120172
2006-08-03,0.9295480925384283,1.0105104615987957,1.0520249740676126,0.9278969957081544
2006-08-04,0.9299713387690358,1.0107061272513427,1.049535603427774,0.9247496423462088
2006-08-07,0.9299078056743363,1.0109018307907294,1.0496690765210313,0.9207439198855508
2006-08-08,0.9304289952622943,1.0110975722242916,1.0555507825991102,0.934763948497854
2006-08-09,0.9311882031548336,1.0112933515593667,1.0702735685750553,0.9513590844062946
2006-08-10,0.9315745212986937,1.0114891688032936,1.0659899589317856,0.950214592274678
2006-08-11,0.9328550866341307,1.0116850239634125,1.0609105730757102,0.9556509298998568
2006-08-14,0.9334636447182345,1.0118809170470657,1.0607512943612776,0.9650929899856936
2006-08-16,0.9335272617404039,1.0120768480615956,1.0686233670104084,0.980543633762518
2006-08-17,0.9302542582700031,1.0122728170143473,1.081198483250815,0.9779685264663804
2006-08-18,0.9308965551969988,1.0124688239126665,1.0732068898299236,0.98140200286123
2006-08-21,0.9328427492960584,1.0126648687639006,1.0719127811431253,0.98140200286123
2006-08-22,0.9309621025509754,1.0128609515753986,1.071576937652228,0.9839771101573676
2006-08-23,0.9288600551403478,1.013057072354511,1.0731578714968772,0.9728183118741058
2006-08-24,0.9294320208475835,1.013253231108589,1.0846416198637403,0.98140200286123
2006-08-25,0.9298690311832515,1.0134494278449855,1.0917903942887257,0.988555078683834
2006-08-28,0.9288065094145639,1.0136456625710557,1.0919806644429435,0.9928469241773964
2006-08-29,0.9296865728637311,1.0138419352941554,1.1180795313136696,1.0020028612303291
2006-08-30,0.9293625289025225,1.014038246021642,1.1085541703031003,1.0011444921316166
2006-08-31,0.9204586636228971,1.012715521478656,1.089313054655873,0.9985693848354792
2006-09-01,0.9250871796593384,1.0186820349753536,1.0942908231615776,1.0045779685264662
2006-09-04,0.9301629451827731,1.0275129197418968,1.0960300479456866,1.0125894134477824
2006-09-05,0.9322138807642435,1.023290370679356,1.107062630093528,1.0143061516452074
2006-09-06,0.9308736429977214,1.027651798777851,1.099226981646535,1.0125894134477824
2006-09-07,0.9251836123222311,1.0239671357078592,1.0998397725455509,1.0028612303290414
2006-09-08,0.9226566401315983,1.030321768381144,1.1401602530651809,1.0123032904148783
2006-09-11,0.9066738284774298,1.0078719314821079,1.1364080663575071,0.9902718168812588
2006-09-12,0.9162602758695935,1.0089865164781586,1.1657456004217006,0.9899856938483548
2006-09-13,0.927733748494551,1.0155181242508666,1.167625706611366,1.0128755364806863
2006-09-14,0.9277522964653946,1.0199532523196078,1.1648591958551011,1.0128755364806863
2006-09-15,0.9311992815808579,1.0261279071071443,1.1453366878123754,1.0128755364806863
2006-09-18,0.9299104913533724,1.0390144500980358,1.169605084185841,1.0208869814020027
2006-09-19,0.9163275017729678,1.035060281347712,1.1840170914608346,1.009728183118741
2006-09-20,0.9238655314077574,1.0385189770675827,1.222383382667807,1.0180257510729611
2006-09-21,0.9211337761906161,1.0401354742853641,1.2202731249093797,1.0300429184549356
2006-09-22,0.9235200020142593,1.0411892007802728,1.2251449545492057,1.027181688125894
2006-09-25,0.9190136004464942,1.0398486322759015,1.2173532620885212,1.0317596566523606
2006-09-26,0.9288776799090226,1.0559992750918787,1.223320534173656,1.0346208869814018
2006-09-27,0.9288446124858897,1.0574500420080872,1.2242221257804684,1.0472103004291846
2006-09-28,0.9274739090478009,1.0533483797176346,1.2161566961803287,1.044349070100143
2006-09-29,0.9389989131392651,1.0554801194171215,1.224793677074352,1.0414878397711014
2006-10-03,0.9334864729900421,1.0606809879173638,1.227201502043464,1.0414878397711014
2006-10-04,0.9238688045790827,1.056574391770297,1.215439571549766,1.0300429184549356
2006-10-05,0.9374774759652709,1.0863312116954797,1.2293474431727989,1.0371959942775393
2006-10-06,0.9379686195190117,1.0825642001493863,1.2351780318960133,1.0417739628040057
2006-10-09,0.9424126629766556,1.0854519898516364,1.2267703382676505,1.0397711015736768
2006-10-10,0.9410674734894104,1.06730043267529,1.2226068667554997,1.044349070100143
2006-10-11,0.9360644730823622,1.0545136811082607,1.2119496306421682,1.0371959942775393
2006-10-12,0.9527927285240095,1.0578135318931996,1.209496746895219,1.0529327610872674
2006-10-13,0.9573004729312927,1.0681669175042012,1.2323618854473437,1.0701001430615162
2006-10-16,0.9633913412029325,1.0652975477985545,1.2532790082803935,1.0801144492131616
2006-10-17,0.9634713240817285,1.0539718389350647,1.248639058815533,1.0786838340486409
2006-10-18,0.9662646820617622,1.0505908232315968,1.2313426251468456,1.0846924177396278
2006-10-19,0.95818758628793,1.0532710092484023,1.3053440097598188,1.075250357653791
2006-10-20,0.9585128891611869,1.066625725447765,1.3727407604861832,1.0672389127324748
2006-10-21,0.9113588277011007,1.0666554164575535,1.4071814363422626,1.115593705293276
2006-10-23,0.9596141014934894,1.0603489830174015,1.4074606390082032,1.0718168812589413
2006-10-26,0.9736978862866711,1.0584221882527833,1.4077398970714987,1.0743919885550786
2006-10-27,0.9891835955367372,1.0596493718782336,1.4080192105431395,1.0855507868383405
2006-10-30,0.9923503468302692,1.0594317833011615,1.4082985794341203,1.1018597997138768
2006-10-31,0.9977549401806959,1.0525867592635765,1.4085780037554367,1.0972818311874106
2006-11-01,1.0059361899446497,1.0645041623496452,1.4088574835180865,1.0958512160228897
2006-11-02,1.0102765829769913,1.0844075517340113,1.4091370187330703,1.1058655221745348
2006-11-03,1.0112294115425449,1.076169081449666,1.4094166094113905,1.1070100143061514
2006-11-06,1.013586934171489,1.0891189312523792,1.409696255564051,1.1141630901287551
2006-11-07,1.0111260128996522,1.0743463796172763,1.4099759572020605,1.1158798283261802
2006-11-08,1.0054909547169337,1.061255770587218,1.4102557143364256,1.1021459227467811
2006-11-09,1.007454102164909,1.061282492111247,1.410535526978159,1.1101573676680971
2006-11-10,1.0192178799081832,1.0631428148570448,1.4108153951382736,1.1187410586552218
2006-11-13,1.0323716644076188,1.0991832908575518,1.4110953188277853,1.1201716738197425
2006-11-14,1.0341915476645083,1.0989595910897438,1.4113752980577114,1.1301859799713876
2006-11-15,1.0418633576862875,1.1051720755104533,1.4116553328390715,1.1258941344778255
2006-11-16,1.042145521840026,1.106994163760321,1.4119354231828891,1.1301859799713876
2006-11-17,1.035430904612234,1.0882137767762101,1.4122155691001874,1.1301859799713876
2006-11-20,1.0354223440103063,1.0749360452456993,1.412495770601993,1.1247496423462089
2006-11-21,1.0554272118035595,1.0841961230963146,1.4127760276993346,1.138769670958512
2006-11-22,1.063725288605587,1.097566019198882,1.413056340403243,1.155650929899857
2006-11-23,1.0648072815472869,1.1076385234527168,1.4133367087247517,1.1487839771101571
2006-11-24,1.069095891330712,1.1054954111508437,1.4136171326748954,1.1519313304721028
2006-11-27,1.0628783765070227,1.1044979613271293,1.4138976122647118,1.1550786838340483
2006-11-28,1.055697961821394,1.0998421236928486,1.4141781475052406,1.1473533619456366
2006-11-29,1.065315042740064,1.1050133396208608,1.4144587384075231,1.1545064377682404
2006-11-30,1.0720637345206272,1.098957964539169,1.438407052931325,1.1527896995708151
2006-12-01,1.0983299272768474,1.1080134599125993,1.449349871028475,1.1673819742489269
2006-12-04,1.0986704210221527,1.119632247179955,1.454483831451821,1.1702432045779685
2006-12-05,1.0959974989613976,1.108372209583546,1.4918881533067423,1.1722460658082974
2006-12-06,1.083116226956664,1.0919305222768916,1.4939229697515897,1.1673819742489269
2006-12-07,1.082158698452797,1.094004360061189,1.515188653678317,1.175107296137339
2006-12-08,1.0884132252907037,1.0900277013760515,1.4933419111235886,1.161659513590844
2006-12-11,1.0500131346490362,1.0765013354004498,1.428080112529983,1.125035765379113
2006-12-12,1.0045962878880073,1.048660528277924,1.360272584672086,1.0829756795422032
2006-12-13,1.0135762753828141,1.0602496259748204,1.3605424800261878,1.0958512160228897
2006-12-14,1.0268336263800824,1.0752304459024853,1.3608124289309549,1.1173104434907009
2006-12-15,1.0373775183486431,1.0732143026814858,1.3610824313970125,1.1430615164520743
2006-12-18,1.0380296347896147,1.0723229233097002,1.361352487434988,1.1456366237482116
2006-12-19,1.0277398751998523,1.059559504415585,1.3502867832666634,1.1244635193133046
2006-12-20,1.0245445885665607,1.055178231776964,1.37132910657757,1.127324749642346
2006-12-21,1.0228651159667814,1.05732972938135,1.4852121526783175,1.1187410586552218
2006-12-22,1.028811293280347,1.0635773996408844,1.5231864400217945,1.1301859799713876
2006-12-26,1.0371086986626157,1.0666465537155916,1.5234886595535444,1.1459227467811155
2006-12-27,1.0420041879807471,1.0780778652000995,1.5237909390494873,1.1587982832618025
2006-12-28,1.0516975589695385,1.0747200579904352,1.524093278521521,1.1673819742489269
2006-12-29,1.054568382004272,1.074880586386914,1.5243956779815455,1.1610872675250357
2007-01-02,1.0690297564844462,1.0904830681092823,1.524698137441462,1.1759656652360515
2007-01-03,1.0803137208824134,1.106725868685748,1.5250006569131769,1.1785407725321886
2007-01-04,1.0769264081980352,1.1026925014413096,1.5132526147307923,1.1673819742489269
2007-01-05,1.0789198534626376,1.0958491050027193,1.5254984314894997,1.1459227467811155
2007-01-08,1.0882770110070876,1.0759167087913408,1.5336664662149837,1.129041487839771
2007-01-09,1.0938429129546245,1.058305335004596,1.5221714819078005,1.1247496423462089
2007-01-10,1.0929815653312407,1.0477546480137063,1.4926488635079986,1.1110157367668096
2007-01-11,1.1192115853479423,1.06221557261202,1.5089168999576854,1.1261802575107296
2007-01-12,1.155582645477778,1.0656220046547324,1.4953794439496124,1.1642346208869812
2007-01-15,1.1700531680521693,1.0774384696357648,1.5000570523353276,1.1711015736766808
2007-01-16,1.1752280519175329,1.1062958097943252,1.5099002299435325,1.1736766809728183
2007-01-17,1.175460447081632,1.1100185094753474,1.5230857911173932,1.1739628040057224
2007-01-18,1.1676048359008144,1.1152840282236167,1.5433260411500398,1.1759656652360515
2007-01-19,1.1599383133096377,1.120563181360413,1.515655500825038,1.178826895565093
2007-01-22,1.174329440497522,1.1248884414321314,1.5227804451787947,1.178826895565093
2007-01-23,1.1750075744541568,1.0826935401178468,1.5216075858699596,1.1679542203147353
2007-01-24,1.1805235395571148,1.0820934815134486,1.5343051862070465,1.1736766809728183
2007-01-25,1.2033049798364253,1.0727873897207254,1.53597082175565,1.1871244635193132
2007-01-29,1.207813899228287,1.0659235878217734,1.5430379812734725,1.180829756795422
2007-01-31,1.2013952941867638,1.062723778112533,1.5232344512508638,1.1742489270386265
2007-02-01,1.217157040885267,1.078521261311082,1.5013409128567792,1.1816881258941343
2007-02-02,1.2292974851133651,1.087837519695513,1.5031715068259115,1.1988555078683834
2007-02-05,1.257134464395869,1.1124477042207939,1.505997777968057,1.208011444921316
2007-02-06,1.2613207665935098,1.127335235529103,1.5042439835030923,1.2103004291845492
2007-02-07,1.2594839299877045,1.128332974259864,1.5040834700699437,1.2111587982832617
2007-02-08,1.2657293926588642,1.1288597572696037,1.496404397182288,1.206008583690987
2007-02-09,1.2426185370602725,1.0881106525805218,1.4967013028166496,1.2045779685264664
2007-02-12,1.207615830399369,1.0369272549892923,1.4969982673608593,1.175107296137339
2007-02-13,1.212597932866417,1.0362780731846484,1.4972952908266053,1.1585121602288984
2007-02-14,1.2245523098937898,1.068454914289365,1.497592373225579,1.163948497854077
2007-02-15,1.2600291228320486,1.0818513167960435,1.4978895145694728,1.186838340486409
2007-02-19,1.2684739048514273,1.0697029923003278,1.4981867148699828,1.2017167381974247
2007-02-20,1.2578593459532272,1.0777016337242804,1.498483974138806,1.1871244635193132
2007-02-21,1.2684590496892585,1.0887725471443486,1.4987812923876431,1.1819742489270386
2007-02-22,1.2603509007515705,1.077645734955382,1.4990786696281964,1.169384835479256
2007-02-23,1.2304248828162703,1.049550143801201,1.49937610587217,1.1376251788268954
2007-02-26,1.2256342189080196,1.0589216455287285,1.499673601131272,1.129041487839771
2007-02-27,1.2220433821091812,1.0667116909425083,1.4999711554172104,1.1221745350500714
2007-02-28,1.1895901402008384,1.0314717009740293,1.5002687687416982,1.0829756795422032
2007-03-01,1.2022187065937617,1.0458319695425833,1.5005664411164483,1.0912732474964233
2007-03-02,1.2013863139474865,1.0378723303743238,1.5008641725531775,1.077539341917024
2007-03-05,1.15168950193243,1.0380732941193822,1.501161963063605,1.0311874105865522
2007-03-06,1.167133834939845,1.0382742967771523,1.5014598126594512,1.056080114449213
2007-03-07,1.15787143150889,1.0384753383551688,1.5017577213524391,1.0449213161659514
2007-03-08,1.1875940092572,1.0386764188609678,1.5020556891542949,1.07725321888412
2007-03-09,1.1825545004007536,1.0388775383020872,1.5023537160767462,1.0718168812589413
2007-03-12,1.1910014645343494,1.0390786966860657,1.5026518021315232,1.07725321888412
2007-03-13,1.2136678402524539,1.039279894020444,1.5029499473303587,1.0812589413447782
2007-03-14,1.1962574223356175,1.0394811303127638,1.503248151684988,1.050071530758226
2007-03-15,1.1994256003961377,1.0396824055705693,1.5035464152071476,1.050071530758226
2007-03-16,1.196384908162366,1.0398837198014048,1.503844737908578,1.0414878397711014
2007-03-19,1.2009781746614576,1.0400850730128168,1.5041431198010198,1.058082975679542
2007-03-20,1.2010373435277233,1.0402864652123531,1.5044415608962185,1.065808297567954
2007-03-21,1.2022061174732797,1.0404878964075628,1.5047400612059203,1.0864091559370528
2007-03-22,1.212396255156294,1.0406893666059973,1.505038620741874,1.1158798283261802
2007-03-23,1.21357921284426,1.0408908758152082,1.5053372395158309,1.1164520743919886
2007-03-26,1.212025967159181,1.041092424042749,1.5056359175395442,1.106723891273247
2007-03-28,1.205378995472113,1.0412940112961757,1.5059346548247703,1.0812589413447782
2007-03-29,1.2142782447408949,1.0414956375830444,1.5062334513832674,1.0921316165951358
2007-03-30,1.2319679732774935,1.0416973029109127,1.5065323072267958,1.098712446351931
2007-04-02,1.1454969135672952,1.0372137386933524,1.4154315075765131,1.0572246065808295
2007-04-03,1.155071443258736,1.03741457491497,1.4157123471613495,1.063519313304721
2007-04-04,1.1727314614709967,1.0376154500246069,1.415993242468326,1.0712446351931328
2007-04-05,1.1793394068845704,1.037816364029793,1.4162741935084986,1.082689556509299
2007-04-09,1.1961880143180263,1.03801731693806,1.416555200292925,1.106151645207439
2007-04-10,1.2252682951393405,1.0382183087569399,1.4168362628326656,1.1052932761087266
2007-04-11,1.22141912958821,1.0384193394939678,1.4123786884993133,1.1090128755364803
2007-04-12,1.2221691054590622,1.038620409156679,1.4125901958154556,1.1064377682403432
2007-04-13,1.2313538759803777,1.038821517752611,1.4206331535349546,1.1236051502145925
2007-04-16,1.2437062370699241,1.0390226652893022,1.4436930072286764,1.1527896995708151
2007-04-17,1.2337264216264305,1.0392238517742929,1.4195425264926405,1.1525035765379112
2007-04-18,1.2422215601277375,1.0394250772151246,1.4228537951466398,1.1533619456366238
2007-04-19,1.2411786773870022,1.03962634161934,1.4035206929550306,1.150500715307582
2007-04-20,1.2480068484815423,1.0398276449944845,1.4170837076405356,1.1676680972818312
2007-04-23,1.2496977352172254,1.0400289873481035,1.4124908009587744,1.1805436337625177
2007-04-24,1.2500284933760244,1.0402303686877437,1.460109333396219,1.192846924177396
2007-04-25,1.2690775951422781,1.0404317890209553,1.5108056491783666,1.1988555078683834
2007-04-26,1.275167624139219,1.040633248355288,1.4882578333363907,1.2025751072961373
2007-04-27,1.2661481068060982,1.0408347466982937,1.4540808192627444,1.1816881258941343
2007-04-30,1.2727307061237678,1.0394770684548431,1.4625144419841545,1.178826895565093
2007-05-03,1.272038640207133,1.037781611375163,1.4692105685276584,1.1988555078683834
2007-05-04,1.2480285017687713,1.0369289415198495,1.4585908763186262,1.1957081545064376
2007-05-07,1.2441748880617371,1.0404578323445137,1.443205910695004,1.1917024320457796
2007-05-08,1.2377227120322618,1.0333277733058144,1.426096783855615,1.179399141630901
2007-05-09,1.2469862065203252,1.0415994699721236,1.4411303485325115,1.1742489270386265
2007-05-10,1.240700290808683,1.036446833114226,1.4647342192927384,1.1802575107296136
2007-05-11,1.2423127053600278,1.043391146002674,1.4714473849545309,1.1705293276108726
2007-05-14,1.271508386452428,1.066686788722102,1.491516379501194,1.192846924177396
2007-05-15,1.2647286415080088,1.0652035664165862,1.49452045013852,1.1931330472103003
2007-05-16,1.276337153432004,1.0800728664624768,1.5372478913241605,1.1988555078683834
2007-05-17,1.287175295109966,1.1009214066696122,1.570167838272504,1.219170243204578
2007-05-18,1.3021722107754479,1.09719384909511,1.5630433878062342,1.2163090128755365
2007-05-21,1.3199214438881919,1.0959299061717314,1.5861446045769605,1.229470672389127
2007-05-22,1.324642028359092,1.0847883917637946,1.550506671317912,1.2266094420600857
2007-05-23,1.3106395692842245,1.0721532093268926,1.5545180254841855,1.2286123032904148
2007-05-24,1.3026639418214778,1.065112597943035,1.5432413394460855,1.2165951359084406
2007-05-25,1.2957527664592259,1.0573813985537692,1.5838365448801444,1.2206008583690986
2007-05-28,1.3067957750911663,1.0782638618217122,1.5892837534418751,1.234907010014306
2007-05-29,1.3241831968812552,1.0850157825386413,1.6099075071078768,1.234907010014306
2007-05-30,1.2970935917180373,1.069049872897829,1.5790881871119715,1.2274678111587982
2007-05-31,1.297329763618281,1.0667638861822029,1.5903415369663294,1.2380543633762515
2007-06-01,1.317891070536842,1.0727545271641241,1.5951056991340735,1.2434907010014304
2007-06-04,1.3009140540744688,1.0601345477666853,1.5736661668120584,1.2337625178826894
2007-06-05,1.3130780819216032,1.0609443142147885,1.5830085425088372,1.2371959942775392
2007-06-06,1.286971435285626,1.0347642945598594,1.5631287068695467,1.2217453505007152
2007-06-07,1.292814297883769,1.0261408275175297,1.5480582241030256,1.221459227467811
2007-06-08,1.2858222164405522,1.0207588473345943,1.534384386770189,1.2011444921316163
2007-06-11,1.278455147061909,1.0269601584410109,1.5346888281167703,1.196280400572246
2007-06-12,1.2656615792632007,1.0232119168776423,1.5349933298683809,1.190557939914163
2007-06-13,1.2644754323313792,1.017123645871118,1.5352978920370055,1.1917024320457796
2007-06-14,1.2900412503514462,1.0208368397138463,1.535602514634632,1.2071530758226034
2007-06-15,1.2987777642561298,1.019884513476184,1.53590719767325,1.2065808297567957
2007-06-18,1.2905962627097662,1.0138570055011287,1.5362119411648518,1.2022889842632332
2007-06-19,1.3168905711683963,1.0231185852150864,1.536516745121432,1.215736766809728
2007-06-20,1.3339962484420964,1.0337180284178922,1.5368216095549885,1.2220314735336193
2007-06-21,1.3353812195500647,1.0338208683440784,1.5316747414533436,1.22689556509299
2007-06-22,1.3274729858456322,1.0317800746148527,1.5373255551314304,1.2260371959942775
2007-06-25,1.316385663509595,1.0366389367321462,1.5612998415066173,1.2280400572246066
2007-06-26,1.3306887507815746,1.0450789843439978,1.5766409746158023,1.2357653791130183
2007-06-27,1.3294168299755351,1.0472714215615966,1.5777458009233565,1.2274678111587982
2007-06-28,1.3243967083646313,1.0377173433895097,1.570929783192477,1.2280400572246066
2007-06-29,1.3464280049181498,1.0320734268325904,1.54493241020025,1.2417739628040056
2007-07-02,1.3571242252445437,1.0676489279350638,1.5441689836178172,1.2460658082975675
2007-07-03,1.364259235168967,1.0725535617215944,1.57150207531759,1.254077253218884
2007-07-04,1.356558470170079,1.0682046464778159,1.5891247216711857,1.2586552217453504
2007-07-05,1.3492064238085446,1.069913021816957,1.58036957819599,1.2452074391988557
2007-07-06,1.3472273301412918,1.080537180925464,1.5809627370674126,1.2566523605150215
2007-07-09,1.3699155270015653,1.0996865623713978,1.576529973403186,1.2698140200286123
2007-07-10,1.3643010310489674,1.0831991026385626,1.6259125484709418,1.2698140200286123
2007-07-11,1.3787210292864907,1.095158595476833,1.7063169374041145,1.270958512160229
2007-07-12,1.4018246671226726,1.1074183171485834,1.725506318337119,1.2861230329041489
2007-07-13,1.4022808129214732,1.1185152952141517,1.7367288002235637,1.301573676680973
2007-07-16,1.392464488189307,1.1298388950352738,1.7933196631584418,1.300143061516452
2007-07-17,1.3880415105266029,1.1134282416099697,1.7872143495207984,1.2961373390557938
2007-07-18,1.3827443443376235,1.1159034557515148,1.7974693058209668,1.2778254649499283
2007-07-19,1.3911875317350746,1.1157458743742577,1.8507822375071925,1.3161659513590842
2007-07-20,1.3838887793169143,1.1056581638670517,1.840416403466279,1.3247496423462086
2007-07-23,1.390667265349285,1.104361880569092,1.841451097750734,1.3298998569384834
2007-07-24,1.3925020037683433,1.1096034312254182,1.8205145898338344,1.3301859799713875
2007-07-25,1.3785837239457661,1.1027820680159406,1.8080517095247608,1.3276108726752502
2007-07-26,1.3801352910814475,1.1025372014258186,1.787458576882929,1.3321888412017169
2007-07-27,1.3546798376842732,1.0699921205402125,1.7580312787680437,1.2875536480686691
2007-07-30,1.3660566258639284,1.0723389809456088,1.7458026245994962,1.290414878397711
2007-07-31,1.3779623249587707,1.0709839346868602,1.7634437917338397,1.3024320457796852
2007-08-01,1.3348596942522273,0.9916185049647428,1.7078514755268903,1.259799713876967
2007-08-02,1.3549218845074087,1.0046730487013174,1.708190334946638,1.2575107296137338
2007-08-03,1.3647553304434308,1.0176196636512957,1.708529261600397,1.2723891273247494
2007-08-06,1.3485806605931154,1.0209622474175797,1.7088682555015082,1.255507868383405
2007-08-07,1.3490707970172178,1.0274867759597928,1.7092073166633142,1.2623748211731045
2007-08-08,1.363549040918838,1.0288994634797406,1.70954644509916,1.294420600858369
2007-08-09,1.3470763446229768,1.0214743921467926,1.709885640822394,1.2821173104434906
2007-08-10,1.330791645859648,1.0282153378636083,1.7102249038463666,1.2486409155937053
2007-08-13,1.3390175450375785,1.0286336621483216,1.7105642341844316,1.2592274678111586
2007-08-14,1.33512473720211,1.0272388848534257,1.7109036318499442,1.2646638054363375
2007-08-16,1.2942498772560753,1.0112311020281068,1.7112430968562635,1.2085836909871244
2007-08-17,1.2996653811775862,1.0098584007287308,1.711582629216751,1.1894134477825464
2007-08-20,1.3043060666971602,1.0100539401224016,1.7119222289447702,1.2071530758226034
2007-08-21,1.2847791658448768,1.0102495173784642,1.7122618960536875,1.1856938483547923
2007-08-22,1.2841072425210134,1.01044513250425,1.7126016305568734,1.2017167381974247
2007-08-23,1.2647829425810215,1.0106407855070918,1.712941432467698,1.1971387696709586
2007-08-24,1.2788471722737211,1.0108364763943236,1.713281301799537,1.2140200286123033
2007-08-27,1.2842714046520995,1.011032205173281,1.7136212385657672,1.2412017167381977
2007-08-28,1.2877062202844303,1.0112279718513009,1.7139612427797686,1.25035765379113
2007-08-29,1.2871024460661096,1.0114237764357217,1.714301314454923,1.2586552217453504
2007-08-30,1.2904430950772343,1.0116196189338837,1.7146414536046162,1.273247496423462
2007-08-31,1.3083866202827517,1.0103000492792085,1.7149816602422363,1.290414878397711
2007-09-03,1.317046676262374,1.0492722261445813,1.7153219343811734,1.2955650929899856
2007-09-04,1.3220328911754462,1.0475479468930657,1.7156622760348204,1.3007153075822604
2007-09-05,1.319095849366977,1.0396233081550632,1.722029720846976,1.297567954220315
2007-09-06,1.3255682519166936,1.0491672037875281,1.7203544544923834,1.3050071530758225
2007-09-07,1.3140268819686027,1.0540617885724979,1.7143130992842568,1.3070100143061516
2007-09-10,1.322642036751839,1.0737654391254994,1.7159765123391706,1.3032904148783977
2007-09-11,1.3165477274539343,1.0833112032847372,1.711964293869795,1.3018597997138768
2007-09-12,1.3248677932530708,1.0981730805300256,1.7210242893961023,1.299856938483548
2007-09-13,1.3284421802678126,1.1301716243379816,1.7313486368881406,1.3050071530758225
2007-09-14,1.3007069210788036,1.1482900783750296,1.733258870214489,1.2987124463519313
2007-09-17,1.3072372335827378,1.164665182797048,1.7180640512732137,1.3004291845493563
2007-09-18,1.3156921708259721,1.1840391213112702,1.7260132938421278,1.3113018597997137
2007-09-19,1.3297981124712024,1.1897611734454705,1.788102235749858,1.3688125894134475
2007-09-20,1.3350689254346393,1.2024443934007296,1.8677023289110808,1.3756795422031471
2007-09-21,1.3535933126592,1.2103118191859048,1.8872263186162657,1.3922746781115878
2007-09-24,1.3633893269436552,1.2517190288651217,1.93809265516568,1.4331902718168812
2007-09-25,1.3615717936559226,1.2517691593720157,1.892297308385069,1.4168812589413446
2007-09-26,1.3708522414929019,1.2391857047341306,1.875736643599564,1.4223175965665236
2007-09-27,1.3694121300372217,1.2355037400107212,1.9025710324097287,1.436337625178827
2007-09-28,1.4233694361332936,1.2810371731148287,1.9658965451120671,1.452074391988555
2007-10-01,1.438190355894436,1.333101388450858,1.9552457379913777,1.4620886981402
2007-10-03,1.436807231190805,1.3489496692470189,2.1219347402733417,1.496709585121602
2007-10-04,1.4417718767441177,1.3526103810291807,2.129694453519268,1.496709585121602
2007-10-05,1.4105926538285614,1.356784603960478,2.124190818312192,1.4958512160228898
2007-10-08,1.3435599514899224,1.279151523434862,2.067178669351232,1.4615164520743915
2007-10-09,1.3823064947272568,1.342342302897111,2.0885242395789194,1.530758226037196
2007-10-10,1.3911490090263994,1.3587113489801457,2.132242912950193,1.5722460658082975
2007-10-11,1.4098493921552995,1.39458395664315,2.137687281658876,1.5937052932761089
2007-10-12,1.4058223842954918,1.3925712624399142,2.0883842224764644,1.565665236051502
2007-10-15,1.472509305458223,1.4453510652665493,2.1695699414134597,1.6340486409155937
2007-10-16,1.4939014104011314,1.4375603719175756,2.138324396516607,1.6303290414878395
2007-10-17,1.4540612083037838,1.3860299492676238,2.137111408849484,1.600286123032904
2007-10-18,1.3935281010151028,1.2986152236883914,2.067123600896475,1.5507868383404864
2007-10-19,1.338962320762397,1.244789885445694,1.9813225033970776,1.5107296137339057
2007-10-22,1.3559817205970601,1.2756547741168807,1.9674607031595988,1.5015736766809726
2007-10-23,1.4193222856807148,1.324201457164542,1.967851072346734,1.582832618025751
2007-10-24,1.4364251933479086,1.3309556811487262,1.968241518988072,1.5856938483547924
2007-10-25,1.460214266830605,1.3518877302057515,1.9686320430989823,1.608011444921316
2007-10-26,1.5105665523854286,1.4137047179851536,1.9690226446948351,1.6409155937052933
2007-10-29,1.5611264745007365,1.4290445794643118,1.9694133237910048,1.70414878397711
2007-10-30,1.5689394505268548,1.4028485134115782,1.9698040804028685,1.6944206008583689
2007-10-31,1.5871312331882788,1.4062100697973583,1.9515782529876584,1.7027181688125892
2007-11-01,1.5340685939211334,1.3845601306324078,1.9463174869521245,1.7038626609442058
2007-11-02,1.5544275517098123,1.3779567400318133,1.945471581159427,1.709871244635193
2007-11-05,1.5572619502226177,1.3743096295343236,1.9387936856420496,1.69241773962804
2007-11-06,1.5513981057570048,1.35063415473952,1.939178366928884,1.671530758226037
2007-11-07,1.56175626623472,1.327349991766814,1.9395631245413687,1.6703862660944206
2007-11-08,1.540808641172299,1.3208937025209435,1.939947958494652,1.6449213161659513
2007-11-09,1.5470590555641814,1.3151072874730287,1.9403328688038768,1.65035765379113
2007-11-12,1.5601310947079534,1.326066505578832,1.9407178554841944,1.6323319027181686
2007-11-13,1.5863525541227272,1.3682117801332077,1.9411029185507596,1.652360515021459
2007-11-14,1.6278681163738298,1.4089481245684958,1.9414880580187253,1.715593705293276
2007-11-15,1.677945119827445,1.420156291774541,1.948101408553772,1.7127324749642343
2007-11-16,1.7115698213603803,1.4046646134126435,1.9515797346501176,1.7075822603719597
2007-11-19,1.7755403460329584,1.4335919581513954,1.96256823733978,1.7121602288984263
2007-11-20,1.739012425461916,1.4529997123562592,1.9576334370454105,1.6741058655221743
2007-11-21,1.621211828737605,1.3599746028792346,1.9153114774862792,1.611444921316166
2007-11-22,1.6116142189919471,1.3370071407430884,1.9345997593884785,1.6031473533619456
2007-11-23,1.6647805926118648,1.3794953784809045,1.951699996253109,1.625178826895565
2007-11-26,1.7165477274539342,1.3926993958781644,1.938484554886308,1.6603719599427753
2007-11-27,1.6984086512435952,1.4027212283604797,1.9443488514304836,1.6400572246065808
2007-11-28,1.7057076554441652,1.3670431187638554,2.016991921983398,1.625178826895565
2007-11-29,1.7005189235462712,1.3611858120981786,1.9995262083786736,1.6391988555078685
2007-11-30,1.7531278509112425,1.4036902646205187,2.073135199383533,1.66552217453505
2007-12-03,1.777825858892745,1.455794024217366,2.085694758168111,1.6929899856938482
2007-12-04,1.8100556858762658,1.4670231927241262,2.0692608989947945,1.69241773962804
2007-12-05,1.8724072496548483,1.5065987009537782,2.049685298047258,1.7178826895565091
2007-12-06,1.8802635322554249,1.4877203779194248,2.247744181400829,1.7184549356223175
2007-12-07,1.8564388735254993,1.4781628042036141,2.2695554875283928,1.7224606580829755
2007-12-10,1.876420157699716,1.501011530682944,2.308475056192244,1.7221745350500712
2007-12-11,1.8673125165232207,1.530459255136775,2.3823445728462915,1.7565092989985691
2007-12-12,1.885849576795733,1.5585819117484618,2.3884744573863936,1.7739628040057225
2007-12-13,1.8850784512024708,1.5767935877504478,2.3778356270372543,1.7533619456366236
2007-12-14,1.8977968199881663,1.5647371583883953,2.3804912600527746,1.7442060085836908
2007-12-17,1.8089407933663728,1.489843442627076,2.352430253736581,1.6761087267525034
2007-12-18,1.8097805716299973,1.4810845680188027,2.3528970057710525,1.665808297567954
2007-12-19,1.8270822195458685,1.4976653032895924,2.3533638504150547,1.6680972818311872
2007-12-20,1.8228740962060588,1.4701150300960606,2.353830787686962,1.676680972818312
2007-12-24,1.8610471630416994,1.4915225140427821,2.354297817605154,1.7210300429184548
2007-12-26,1.913529359927151,1.5322042271785123,2.354764940188012,1.750500715307582
2007-12-27,1.9121826597454479,1.5580795508101415,2.3552321554539226,1.761945636623748
2007-12-28,1.9291346658217967,1.6087282942179881,2.3556994634212747,1.7679542203147351
2007-12-31,1.968357665305643,1.6656579696492688,2.346963954967769,1.7759656652360514
2008-01-01,1.9883574135232331,1.6919072367417562,2.346275722755173,1.7739628040057225
2008-01-02,2.0221821981443635,1.7112504440285405,2.351733673369737,1.7822603719599426
2008-01-03,2.008209617248774,1.7188006120391954,2.3485303191315627,1.7776824034334764
2008-01-04,2.0012191304274847,1.7179878869817296,2.361003200662241,1.8123032904148784
2008-01-07,1.9811789291694117,1.7269423937497612,2.381633127921825,1.811158798283261
2008-01-08,1.9234584831788368,1.6921571311519428,2.3789048934457724,1.810014306151645
2008-01-09,1.9300850604907238,1.6733458594782487,2.395877336923242,1.8185979971387696
2008-01-10,1.8651102597135556,1.6012459044800458,2.3738094562463825,1.7490701001430615
2008-01-11,1.8707691532977202,1.5872111725077447,2.4156081420134465,1.7708154506437768
2008-01-14,1.902440359041716,1.611863376370514,2.4269112510320805,1.7931330472103004
2008-01-15,1.8595873286305975,1.6076111158125317,2.402656436564497,1.7390557939914162
2008-01-16,1.8452014888733157,1.5813685103888195,2.3610681468667303,1.7333333333333332
2008-01-17,1.8738356951922148,1.596528809155513,2.324859980437324,1.726752503576538
2008-01-18,1.7799250527693966,1.4862818685884318,2.325321262179473,1.6915593705293277
2008-01-21,1.6326726283146105,1.4546933740385057,2.32578263544578,1.5319027181688123
2008-01-22,1.5525672154124406,1.4549750470533869,2.3262441002544,1.4180257510729612
2008-01-23,1.5439109361689627,1.4552567746087566,2.3267056566234983,1.492703862660944
2008-01-24,1.5419386406267703,1.4555385567151755,2.327167304571241,1.4575107296137335
2008-01-25,1.5485309755309462,1.4558203933832066,2.327629044115798,1.5473533619456366
2008-01-28,1.5435544122769103,1.4561022846234144,2.328090875275345,1.5133047210300428
2008-01-29,1.536179873353448,1.456384230446366,2.3285527980680585,1.5164520743919885
2008-01-30,1.5286999215278156,1.45666623086263,2.3290148125121197,1.4978540772532187
2008-01-31,1.5234012446443783,1.4569482858827771,2.329476918625714,1.4901287553648066
2008-02-01,1.5236961657735386,1.4572303955173815,2.329939116427028,1.5336194563662373
2008-02-04,1.5239910869026987,1.4575125597770167,2.3304014059342557,1.5816881258941344
2008-02-05,1.5242861758867987,1.4577947786722607,2.3308637871655917,1.5859799713876963
2008-02-06,1.5245812648708985,1.4580770522136919,2.3313262601392357,1.5390557939914162
2008-02-07,1.5248763538549985,1.4583593804118922,2.33178882487339,1.4889842632331902
2008-02-08,1.5251716106940383,1.4586417632774444,2.332251481386262,1.490701001430615
2008-02-11,1.5254668675330778,1.4589242008209338,2.332714229696061,1.415450643776824
2008-02-12,1.5257621243721176,1.4592066930529481,2.3331770698210006,1.4054363376251786
2008-02-13,1.526057549066097,1.4594892399840764,2.3336400017792984,1.4274678111587982
2008-02-14,1.5263529737600765,1.45977184162491,2.334103025589175,1.500429184549356
2008-02-15,1.526648398454056,1.4600544979860424,2.3345661412688563,1.5278969957081543
2008-02-18,1.5269439910029752,1.4603372090780693,2.3350293488365685,1.5284692417739627
2008-02-19,1.5272395835518944,1.460619974911588,2.335492648310544,1.5301859799713875
2008-02-20,1.5275351761008136,1.4609027954971985,2.335956039709018,1.5050071530758224
2008-02-21,1.5278309365046727,1.4611856708455022,2.3364195230502305,1.501859799713877
2008-02-22,1.5281266969085316,1.4614686009671027,2.3368830983524225,1.4912732474964232
2008-02-25,1.5284224573123906,1.461751585872606,2.337346765633842,1.4998569384835478
2008-02-26,1.5287183855711894,1.46203462557262,2.337810524912738,1.521030042918455
2008-02-27,1.529014313829988,1.4623177200777544,2.3382743762073632,1.5187410586552217
2008-02-28,1.529310242088787,1.4626008693986212,2.338738319535975,1.5164520743919885
2008-02-29,1.5296063382025253,1.4628840735458346,2.339202354916836,1.4972818311874103
2008-03-03,1.529902434316264,1.4631673325300103,2.3396664823682083,1.4506437768240343
2008-03-04,1.5301986982849423,1.4634506463617665,2.3401307019083606,1.4208869814020026
2008-03-05,1.5304949622536204,1.4637340150517237,2.3405950135555647,1.4454935622317595
2008-03-07,1.5307912262222987,1.4640174386105038,2.341059417328096,1.384549356223176
2008-03-10,1.5310876580459167,1.464300917048731,2.341523913244232,1.3814020028612302
2008-03-11,1.5313840898695348,1.464584450377032,2.341988501322257,1.410014306151645
2008-03-12,1.5316805216931528,1.4648680386060349,2.342453181580456,1.4140200286123032
2008-03-13,1.5319771213717106,1.4651516817463703,2.3429179540371186,1.3476394849785407
2008-03-14,1.5322737210502684,1.4654353798086706,2.3433828187105386,1.369384835479256
2008-03-17,1.5325703207288262,1.4657191328035704,2.3438477756190133,1.3121602288984262
2008-03-18,1.5328670882623237,1.4660029407417063,2.344312824780842,1.3204577968526463
2008-03-19,1.5331638557958212,1.4662868036337173,2.3447779662143304,1.325321888412017
2008-03-24,1.5334606233293189,1.4665707214902437,2.345243199937786,1.3256080114449211
2008-03-25,1.533757558717756,1.4668546943219283,2.34570852596952,1.4025751072961372
2008-03-26,1.5340544941061933,1.4671387221394163,2.3461739443278478,1.3997138769670958
2008-03-27,1.5343514294946308,1.4674228049533544,2.3466394550310867,1.3971387696709583
2008-03-28,1.5346485327380077,1.4677069427743916,2.347105058097561,1.4300429184549357
2008-03-31,1.534945635981385,1.467991135613179,2.3475707535455963,1.3802575107296138
2008-04-01,1.4358789933739262,1.3841200681392394,2.1747241237499284,1.3736766809728185
2008-04-02,1.4361569611541705,1.384388076009151,2.1751556166316246,1.3816881258941345
2008-04-03,1.436434928934415,1.384656135773562,2.1755871951269885,1.384549356223176
2008-04-04,1.436713064569599,1.3849242474425212,2.176018859253005,1.3510729613733905
2008-04-07,1.436991200204783,1.3851924110260785,2.176450609026667,1.3788268955650929
2008-04-08,1.437269335839967,1.3854606265342864,2.1768824444649653,1.365379113018598
2008-04-09,1.437547639330091,1.385728893977199,2.1773143655848988,1.3728183118741055
2008-04-10,1.4378259428202147,1.3859972133648724,2.177746372403467,1.3702432045779684
2008-04-11,1.4381042463103386,1.3862655847073646,2.178178464937674,1.3836909871244634
2008-04-15,1.4383827176554023,1.3865340080147361,2.178610643204527,1.412017167381974
2008-04-16,1.4386611890004657,1.3868024832970485,2.1463678481235924,1.4123032904148782
2008-04-17,1.4389396603455293,1.3870710105643658,2.1316099961360977,1.436337625178827
2008-04-21,1.4392182995455327,1.3873395898267538,2.127708284991852,1.456080114449213
2008-04-22,1.439496938745536,1.3876082210942804,2.166270773002882,1.4623748211731042
2008-04-23,1.4397755779455395,1.3878769043770156,2.1805819037587346,1.4512160228898423
2008-04-24,1.4400543850004826,1.3881456396850307,2.1690441981839594,1.4480686695278968
2008-04-25,1.4403331920554256,1.3884144270283998,2.2539074033462776,1.4761087267525037
2008-04-28,1.4406119991103687,1.3886832664171982,2.309206009672432,1.475536480686695
2008-04-29,1.4449392994574088,1.3889521578615036,2.312866209835723,1.4978540772532187
2008-04-30,1.4497612683119248,1.3892211013713958,2.3223750256154907,1.488412017167382
2008-05-02,1.4541948208358337,1.389490096956956,2.337508232092812,1.506151645207439
2008-05-05,1.4528459385399137,1.3897591446282676,2.3279090349029943,1.500143061516452
2008-05-06,1.4416149323754412,1.390028244395416,2.33265010783074,1.4798283261802574
2008-05-07,1.4413918531604988,1.3902973962684886,2.3592145871294705,1.480972818311874
2008-05-08,1.4392379385734848,1.3905666002575747,2.398985864763987,1.4615164520743915
2008-05-09,1.4321541244056886,1.3908358563727656,2.3591948316300058,1.442632331902718
2008-05-12,1.4323662930495467,1.3911051646241546,2.389769430376294,1.4432045779685263
2008-05-13,1.4340864704722178,1.3913745250218368,2.374290008770857,1.43519313304721
2008-05-14,1.4389141463946857,1.391643937575909,2.377409896023794,1.4454935622317595
2008-05-15,1.4436619233658272,1.3919134022964708,2.392464574390744,1.4735336194563662
2008-05-16,1.4490624881976994,1.3921829191936228,2.38724344282601,1.4895565092989984
2008-05-20,1.4455368630429584,1.392452488277468,2.4884888959192937,1.4741058655221746
2008-05-21,1.4436659518843815,1.3927221095581117,2.5201574554484307,1.4783977110157367
2008-05-22,1.438550740450103,1.3929917830456604,2.499229714034419,1.4535050071530755
2008-05-23,1.4390856941431216,1.3932615087502231,2.4839636518231987,1.434620886981402
2008-05-26,1.4336079160389592,1.3935312866819105,2.444884310557428,1.4085836909871243
2008-05-27,1.4307641176495274,1.3938011168508357,2.4077469348890213,1.4065808297567952
2008-05-28,1.4412642834062803,1.3940709992671134,2.39129776520362,1.425178826895565
2008-05-29,1.4422061174732796,1.3943409339408595,2.388453961055699,1.4028612303290413
2008-05-30,1.4425109420438857,1.3946109208821933,2.364453414096935,1.4105865522174532
2008-06-02,1.4212094787684484,1.3948809601012357,2.364922551679097,1.3756795422031471
2008-06-03,1.4181051695125073,1.3951510516081087,2.3653917823441133,1.3610872675250356
2008-06-04,1.4029176545629267,1.395421195412937,2.365861106110451,1.3310443490701
2008-06-05,1.4044813072542708,1.3956913915258469,2.366330522996584,1.3533619456366237
2008-06-06,1.4065670727357418,1.3959616399569672,2.366800033020988,1.3430615164520745
2008-06-09,1.409881284593854,1.3962319407164279,2.3672696362021437,1.3018597997138768
2008-06-10,1.408946332579385,1.3965022938143616,2.3677393325585325,1.284692417739628
2008-06-11,1.4079989592993736,1.3967726992609026,2.368209122108643,1.306151645207439
2008-06-12,1.4060788666434467,1.3970431570661876,2.368679004870966,1.319599427753934
2008-06-13,1.4131128278941338,1.3973136672403539,2.3691489808639963,1.3124463519313303
2008-06-16,1.4120981447832783,1.3975842297935424,2.369619050106231,1.3184549356223174
2008-06-17,1.410229751448798,1.3978548447358952,2.370089212616173,1.3459227467811157
2008-06-18,1.407260313636955,1.3981255120775564,2.3705594684123263,1.3247496423462086
2008-06-19,1.4051833605398214,1.3983962318286722,2.371029817513202,1.305579399141631
2008-06-20,1.3965547773614042,1.3986670039993903,2.3715002599373114,1.2672389127324748
2008-06-23,1.3929151787025653,1.398937828599861,2.371970795703172,1.2326180257510728
2008-06-24,1.390192403724701,1.3992087056402365,2.372441424829303,1.2125894134477826
2008-06-25,1.390379981619884,1.3994796351306704,2.372912147334229,1.2337625178826894
2008-06-26,1.39085358433242,1.3997506170813188,2.373382963236478,1.2457796852646636
2008-06-27,1.3912200955933882,1.4000216515023394,2.3738538725545806,1.203719599427754
2008-06-30,1.3934100150649809,1.4002927384038921,2.3743248753070723,1.1756795422031474
2008-07-01,1.3898723043545769,1.4005638777961393,2.37479597151249,1.1370529327610872
2008-07-02,1.3930061560799158,1.4008350696892442,2.3752671611893774,1.1856938483547923
2008-07-03,1.3897188010121653,1.4011063140933726,2.375738444356281,1.1422031473533618
2008-07-04,1.390936420745192,1.4013776110186924,2.376209821031748,1.1610872675250357
2008-07-07,1.3897371811280692,1.4016489604753732,2.376681291234334,1.1679542203147353
2008-07-08,1.3897177938825267,1.401920362473587,2.3771528549825947,1.1542203147353365
2008-07-09,1.392773341278467,1.402191817023507,2.377624512295092,1.2074391988555078
2008-07-10,1.3930829497148565,1.4024633241353093,2.378096263190389,1.2088698140200285
2008-07-11,1.3943866790319805,1.4027348838191707,2.378568107687053,1.177110157367668
2008-07-14,1.3966199050780315,1.4030064960852715,2.379040045803658,1.1719599427753933
2008-07-15,1.3919243309931557,1.403278160943793,2.3795120775587777,1.1256080114449214
2008-07-16,1.391061472675314,1.4035498784049187,2.379984202970992,1.1064377682403432
2008-07-17,1.3938526485411307,1.403821648478834,2.380456422058883,1.1422031473533618
2008-07-18,1.397215957969123,1.4040934711757262,2.3809287348410377,1.1836909871244634
2008-07-21,1.4002574894775934,1.4043653465057848,2.3814011413360463,1.208011444921316
2008-07-22,1.4004960952744638,1.4046372744792017,2.3818736415625006,1.2303290414878396
2008-07-23,1.4025938623841276,1.4049092551061697,2.3823462355390017,1.3010014306151645
2008-07-24,1.4009304199310955,1.4051812883968842,2.385246655717632,1.284692417739628
2008-07-25,1.404272495709208,1.4054533743615425,2.375884277577645,1.257796852646638
2008-07-28,1.4036460610740198,1.4057255130103439,2.3815844800043937,1.255793991416309
2008-07-29,1.4010889589217,1.4059977043534901,2.3766522726193293,1.221173104434907
2008-07-30,1.4026720827860564,1.4062699484011838,2.385896858593758,1.259513590844063
2008-07-31,1.4006657126910924,1.4065422451636302,2.398685581172125,1.2672389127324748
2008-08-01,1.3985092802799821,1.4068145946510369,2.381135289335319,1.281258941344778
2008-08-04,1.4025101027691869,1.4070869968736126,2.3831970226481864,1.2741058655221744
2008-08-05,1.4047584357598164,1.4073594518415686,2.3976217475259607,1.305579399141631
2008-08-06,1.4051145400145195,1.407631959565118,2.4579661553591,1.3198855507868383
2008-08-07,1.4027055698465387,1.4079045200544762,2.454729463715579,1.314163090128755
2008-08-08,1.3989483048749272,1.4081771333198598,2.440896169103025,1.313590844062947
2008-08-11,1.3990267770592655,1.4084497993714882,2.4712164157937075,1.3381974248927038
2008-08-12,1.3983103721763652,1.4087225182195822,2.4450201296162466,1.3267525035765375
2008-08-13,1.402613921049429,1.4089952898743652,2.4753403763069293,1.3201716738197424
2008-08-14,1.406145505054532,1.4092681143460617,2.466805506650763,1.2901287553648069
2008-08-18,1.4015563510014646,1.4095409916448987,2.442375362125432,1.279256080114449
2008-08-19,1.4053240229793413,1.4098139217811054,2.4356071280088822,1.271244635193133
2008-08-20,1.4058536053142874,1.410086904764913,2.4306047886007187,1.2818311874105863
2008-08-21,1.402658234753526,1.4103599406065535,2.386274930867905,1.2492131616595137
2008-08-22,1.406170767222966,1.4106330293162623,2.3867483981160933,1.2566523605150215
2008-08-25,1.4037445919236595,1.4109061709042767,2.387221959306196,1.2620886981402002
2008-08-26,1.4050651906622298,1.4111793653808344,2.387695614456852,1.2629470672389127
2008-08-27,1.4033886555238964,1.4114526127561777,2.3881693635867047,1.250071530758226
2008-08-28,1.402496674374006,1.4117259130405486,2.388643206714401,1.230901287553648
2008-08-29,1.4021045652347242,1.4119992662441918,2.38911714385859,1.2638054363376252
2008-09-01,1.4050539443812657,1.4122726723773544,2.3895911750379275,1.2640915593705293
2008-09-02,1.4081282076029895,1.412546131450285,2.390065300271069,1.3047210300429184
2008-09-04,1.4104133847528966,1.4128196434732345,2.3905395195766785,1.2915593705293276
2008-09-05,1.4100993281606036,1.4130932084564556,2.3910138329734205,1.273247496423462
2008-09-08,1.410468441173138,1.4133668264102028,2.3914882404799624,1.3084406294706723
2008-09-09,1.4082369776039547,1.4136404973447332,2.3919627421149787,1.3024320457796852
2008-09-10,1.4129093877071435,1.413914221270305,2.392437337897144,1.2818311874105863
2008-09-11,1.4077172987104545,1.4141879981971794,2.3925371758512752,1.2529327610872674
2008-09-12,1.4105441437509705,1.4144618281356187,2.404116614918669,1.2228898426323318
2008-09-15,1.3998467484399981,1.4147357110958878,2.387725723956688,1.1742489270386265
2008-09-16,1.3985631617156453,1.4150096470882534,2.395464940871919,1.1799713876967095
2008-09-17,1.3942701877037864,1.4152836361229835,2.377898844635541,1.1567954220314731
2008-09-18,1.3909959253213373,1.4155576782103494,2.391592369089384,1.1587982832618025
2008-09-19,1.3900967264090374,1.4158317733606234,2.378492003506964,1.2277539341917023
2008-09-22,1.3900255559145787,1.4161059215840806,2.3773002530017657,1.2171673819742488
2008-09-23,1.3901017620572302,1.4163801228909967,2.376108502496568,1.186838340486409
2008-09-24,1.3863738717000769,1.416654377291651,2.338569525820195,1.1977110157367667
2008-09-25,1.3890972341702301,1.4169286847963236,2.339033527710238,1.1882689556509298
2008-09-26,1.388375793639137,1.4172030454152975,2.3394976216641488,1.1565092989985692
2008-09-29,1.3848910411622275,1.417477459158857,2.3399618077001927,1.1144492131616597
2008-09-30,1.3895972740357783,1.4177519260372886,2.340426085836642,1.127324749642346
2008-10-01,1.3946748020360804,1.418026446060881,2.3408904560917683,1.1422031473533618
2008-10-03,1.393500488877512,1.4183010192399244,2.34135491848385,1.1052932761087266
2008-10-06,1.3902692812871116,1.4185756455847116,2.341819473031168,1.0403433476394848
2008-10-07,1.3916694432671286,1.418850325105537,2.342284119752008,1.0454935622317596
2008-10-08,1.3845361958195728,1.4191250578126973,2.3427488586646565,1.0171673819742488
2008-10-10,1.360369448722414,1.4193998437164908,2.343213689787407,0.9527896995708152
2008-10-13,1.3627810206419613,1.419674682827218,2.343678613138556,1.0088698140200285
2008-10-14,1.3630448886072657,1.4199495751551814,2.3441436287364,1.0185979971387695
2008-10-15,1.36330875657257,1.4202245207106856,2.3446087365992447,0.9633762517882688
2008-10-16,1.3635727084653442,1.420499519504037,2.345073936745395,0.9456366237482116
2008-10-17,1.3638366603581185,1.4207745715455442,2.345539229193163,0.8929899856938484
2008-10-20,1.3641006961783626,1.4210496768455174,2.346004613960859,0.9067238912732476
2008-10-21,1.3643648159260766,1.4213248354142691,2.3464700910668044,0.9359084406294708
2008-10-22,1.3646289356737906,1.421600047262114,2.346935660529317,0.8878397711015736
2008-10-23,1.3648931393489747,1.4218753123993684,2.347401322366724,0.8552217453505007
2008-10-24,1.3651573430241586,1.422150630836351,2.3478670765973524,0.7690987124463519
2008-10-27,1.3654216306268123,1.4224260025833815,2.3483329232395342,0.732761087267525
2008-10-28,1.365686002156936,1.422701427650783,2.348798862311605,0.7997138769670957
2008-10-29,1.3659503736870597,1.42297690604888,2.3492648938319056,0.7816881258941344
2008-10-31,1.3662148291446532,1.4232524377879985,2.349731017818777,0.8226037195994277
2008-11-03,1.3664792846022467,1.4235280228784672,2.3501972342905666,0.8709585121602289
2008-11-04,1.3667438239873102,1.4238036613306166,2.3506635432656244,0.8995708154506438
2008-11-05,1.3670084472998434,1.4240793531547793,2.351129944762304,0.8612303290414878
2008-11-06,1.3672730706123768,1.4243550983612894,2.351596438798963,0.8300429184549356
2008-11-07,1.36753777785238,1.4246308969604835,2.352063025393963,0.8623748211731044
2008-11-10,1.367802569019853,1.4249067489626999,2.352529704565668,0.908154506437768
2008-11-11,1.368067360187326,1.4251826543782797,2.352996476332447,0.85035765379113
2008-11-12,1.368332235282269,1.4254586132175646,2.3534633407126715,0.8286123032904148
2008-11-14,1.368597110377212,1.4257346254908994,2.353930297724718,0.8148783977110157
2008-11-17,1.3688620693996247,1.4260106912086303,2.354397347386965,0.8100143061516452
2008-11-18,1.3691271123495075,1.4262868103811062,2.354864489717796,0.780829756795422
2008-11-19,1.3693921552993902,1.4265629830186772,2.3553317247355965,0.7665236051502146
2008-11-20,1.3696572821767428,1.426839209131696,2.355799052458759,0.7422031473533619
2008-11-21,1.3699224090540953,1.4271154887305169,2.3562664729056757,0.7811158798283261
2008-11-24,1.370187619858918,1.4273918218254964,2.3567339860947434,0.7811158798283261
2008-11-25,1.3704529145912103,1.4276682084269932,2.357201592044366,0.7688125894134478
2008-11-26,1.3707182093235026,1.4279446485453675,2.3576692907729457,0.7974248927038626
2008-11-28,1.3709835879832648,1.428221142190982,2.3581370822988923,0.7962804005722459
2008-12-01,1.3712489666430272,1.4284976893742014,2.3586049666406184,0.7771101573676681
2008-12-02,1.3715144292302592,1.428774290105392,2.3590729438165394,0.7733905579399142
2008-12-03,1.3717799757449611,1.429050944394922,2.359541013845074,0.7711015736766809
2008-12-04,1.3720455222596633,1.4293276522531624,2.3600091767446467,0.8071530758226036
2008-12-05,1.372311152701835,1.4296044136904855,2.3604774325336826,0.7825464949928469
2008-12-08,1.3725768670714769,1.429881228717266,2.360945781230615,0.8103004291845493
2008-12-10,1.3728425814411185,1.43015809734388,2.3614142228538744,0.8466380543633761
2008-12-11,1.3731083797382302,1.4304350195807067,2.361882757421901,0.8452074391988554
2008-12-12,1.373374178035342,1.4307119954381264,2.3623513849531355,0.8466380543633761
2008-12-15,1.3736400602599235,1.4309890249265216,2.362820105466023,0.8572246065808297
2008-12-16,1.3739060264119747,1.431266108056277,2.363288918979012,0.8772532188841201
2008-12-17,1.3741719925640261,1.4315432448377792,2.363757825510556,0.848068669527897
2008-12-18,1.3744380426435474,1.4318204352814168,2.3642268250791094,0.882975679542203
2008-12-19,1.3747040927230687,1.4320976793975801,2.3646959177031333,0.8892703862660943
2008-12-22,1.3749702267300599,1.4323749771966625,2.36516510340109,0.875250357653791
2008-12-23,1.3752364446645209,1.432652328689058,2.3656343821914474,0.8535050071530758
2008-12-24,1.375502662598982,1.4329297338851634,2.366103754092676,0.8394849785407724
2008-12-26,1.3757689644609128,1.4332071927953776,2.36657321912325,0.8214592274678111
2008-12-29,1.376035266322844,1.433484705430101,2.367042777301648,0.842346208869814
2008-12-30,1.3763016521122446,1.4337622717997365,2.36751242864635,0.8546494992846924
2008-12-31,1.3765681218291153,1.4340398919146886,2.367982173175843,0.850071530758226
2009-01-01,1.3768345915459859,1.4343175657853644,2.368452010908616,0.8721030042918454
2009-01-02,1.3771011451903266,1.4345952934221724,2.368921941863161,0.8743919885550786
2009-01-05,1.377367782762137,1.4348730748355234,2.369391966057976,0.8921316165951358
2009-01-06,1.3776344203339475,1.4351509100358302,2.369862083511559,0.8904148783977109
2009-01-07,1.3779011418332276,1.4354287990335075,2.3703322942424143,0.8371959942775393
2009-01-09,1.378167863332508,1.4357067418389722,2.3708025982690497,0.8257510729613733
2009-01-12,1.3784346687592584,1.435984738462643,2.371272995609976,0.7934191702432045
2009-01-13,1.3787015581134783,1.4362627889149409,2.371743486283708,0.7908440629470672
2009-01-14,1.3789684474676984,1.4365408932062886,2.3722140703087646,0.8151645207439198
2009-01-15,1.3792354207493884,1.4368190513471113,2.372684747703667,0.7911301859799713
2009-01-16,1.3795023940310784,1.4370972633478356,2.373155518486941,0.8157367668097282
2009-01-19,1.379769451240238,1.4373755292188906,2.373626382677118,0.8140200286123032
2009-01-20,1.3800365923768678,1.4376538489707071,2.374097340292728,0.8100143061516452
2009-01-21,1.3803037335134976,1.4379322226137183,2.37456839135231,0.7879828326180257
2009-01-22,1.3805709585775972,1.438210650158359,2.375039535874404,0.7825464949928469
2009-01-23,1.3808382675691668,1.438489131615066,2.375510773877553,0.7785407725321888
2009-01-27,1.3811055765607363,1.4387676669942786,2.3759821053803063,0.7931330472103003
2009-01-28,1.3813729694797756,1.439046256306438,2.3764535304012155,0.815450643776824
2009-01-29,1.381640362398815,1.439324899561987,2.3769250489588347,0.8085836909871245
2009-01-30,1.3819078392453241,1.4396035967713703,2.3773966610717228,0.8288984263233189
2009-02-02,1.3821754000193034,1.4398823479450356,2.377868366758444,0.8060085836909872
2009-02-03,1.3824429607932824,1.440161153093432,2.378340166037563,0.8094420600858369
2009-02-04,1.3827106054947313,1.4404400122270107,2.3788120589276494,0.804005722460658
2009-02-05,1.3829783341236503,1.440718925356224,2.379284045447278,0.8017167381974248
2009-02-06,1.3832460627525693,1.4409978924915285,2.379756125615025,0.8188841201716738
2009-02-09,1.383513875308958,1.4412769136433803,2.380228299449473,0.8391988555078682
2009-02-10,1.3837816878653468,1.4415559888222393,2.380700566969205,0.8457796852646637
2009-02-11,1.3840495843492053,1.4418351180385665,2.38117292819281,0.8426323319027181
2009-02-12,1.384317564760534,1.4421143013028253,2.38164538313888,0.8337625178826895
2009-02-13,1.3845855451718625,1.442393538625481,2.3821179318260106,0.8532188841201717
2009-02-16,1.3850835707781335,1.4426728300170006,2.3825905742728013,0.8165951359084406
2009-02-17,1.386438327996945,1.4429521754878538,2.383063310497856,0.7985693848354792
2009-02-18,1.3853742955337998,1.4432315750485127,2.3835361405197792,0.8054363376251787
2009-02-19,1.3854666996781382,1.4435110287094495,2.3840090643571843,0.8097281831187411
2009-02-20,1.3843074095366783,1.4437905364811403,2.384482082028684,0.7865522174535049
2009-02-24,1.3826760273771406,1.4440700983740629,2.384955193552896,0.7874105865522174
2009-02-25,1.382604185462923,1.4443497143986959,2.385428398948442,0.7997138769670957
2009-02-26,1.386080796975254,1.4446293845655216,2.385901698233947,0.8017167381974248
2009-02-27,1.3866031615477905,1.4449091088850232,2.3863750914280413,0.8017167381974248
2009-03-02,1.3840383380682415,1.4451888873676866,2.3868485785493565,0.7739628040057224
2009-03-03,1.3841045568419772,1.4454687200239993,2.387322159616529,0.7656652360515022
2009-03-04,1.3872102089374363,1.445748606864451,2.387795834648199,0.7708154506437768
2009-03-05,1.3883002589162445,1.4460285478995334,2.38826960366301,0.7433476394849785
2009-03-06,1.3877354270439486,1.4463085431397402,2.38874346667961,0.7619456366237481
2009-03-09,1.388708817839623,1.4465885925955673,2.389217423716649,0.7507868383404863
2009-03-12,1.3925783777659346,1.4468686962775124,2.3896914747927838,0.7622317596566524
2009-03-13,1.3919076294266495,1.447148854196075,2.3901656199266705,0.78483547925608
2009-03-16,1.39248337187003,1.4474290663617575,2.3906398591369737,0.8017167381974248
2009-03-17,1.3936744705225743,1.4477093327850634,2.3911141924423585,0.7945636623748211
2009-03-18,1.3964303968510414,1.4479896534764993,2.3915886198614937,0.8034334763948496
2009-03-19,1.395961326221879,1.4482700284465724,2.392063141413053,0.8060085836909872
2009-03-20,1.396913903005023,1.448550457705793,2.392537757115715,0.8068669527896994
2009-03-23,1.3975058434500904,1.4488309412646732,2.3930124669881585,0.8432045779685263
2009-03-24,1.3984956001023916,1.4491114791337267,2.3934872710490693,0.8452074391988554
2009-03-25,1.3990717621831212,1.44939207132347,2.3939621693171342,0.8572246065808297
2009-03-26,1.401440698947969,1.4496727178444213,2.3944371618110467,0.8861230329041487
2009-03-27,1.407814402793106,1.4499534187071006,2.3949122485495007,0.8932761087267524
2009-03-30,1.4035797583728142,1.4502341739220297,2.395387429551197,0.8535050071530758
2009-03-31,1.4062883496082685,1.448342469795041,2.395862704834838,0.8672389127324749
2009-04-01,1.4032896211094372,1.4186379632641495,2.372042257401583,0.8832618025751072
2009-04-02,1.4031030503438928,1.4376230481139776,2.3725129007066235,0.9221745350500714
2009-04-06,1.4088667693379382,1.4056818739511003,2.372983637393271,0.9356223175965666
2009-04-08,1.4079037016210592,1.422411316382397,2.373454467480056,0.9596566523605148
2009-04-09,1.4029717877809997,1.414376313407973,2.3739253909855083,0.9593705293276108
2009-04-13,1.4022765326205093,1.40587917039389,2.374396407928164,0.9690987124463518
2009-04-15,1.4076148232697303,1.432910136440836,2.374867518326562,1.0020028612303291
2009-04-16,1.4120221064955665,1.4585337685262703,2.375338722199245,0.9662374821173104
2009-04-17,1.4164726123683913,1.4757381487226118,2.375810019564762,0.9716738197424892
2009-04-20,1.4158765594772997,1.4869825525646239,2.3762814104416594,0.9676680972818312
2009-04-21,1.4114837957037527,1.4984906472707156,2.376752894848493,0.9679542203147352
2009-04-22,1.4099546372025296,1.4767425803118552,2.3772244728038205,0.9545064377682404
2009-04-23,1.4149976710127108,1.501472440761822,2.377696144326202,0.9871244635193132
2009-04-24,1.416141938137062,1.5212301514134112,2.3781679094342034,1.0034334763948498
2009-04-27,1.4130294039890727,1.5137167620128456,2.3786397681463924,0.9982832618025752
2009-04-28,1.413760412251732,1.5049830130263828,2.379111720481342,0.965379113018598
2009-04-29,1.4226265101699112,1.5360846326139261,2.379583766457628,0.9971387696709584
2009-05-04,1.4278365596451548,1.556004124027341,2.3800559060938298,1.0472103004291846
2009-05-05,1.4304582859492827,1.5520219205055463,2.380528139408531,1.0666666666666669
2009-05-06,1.4319798909782167,1.5201544579642299,2.3810004664203186,1.0517882689556508
2009-05-07,1.4371533480765921,1.531291256056215,2.3814728871477837,1.0563662374821172
2009-05-08,1.4321813169059299,1.5154646894777026,2.3819454016095185,1.0374821173104434
2009-05-11,1.4254503338215114,1.4910138075391333,2.382418009824124,1.0223175965665234
2009-05-12,1.4371105450669532,1.5036069656605178,2.3828907118102,1.0606580829756795
2009-05-13,1.4321044393435194,1.5047964014461082,2.3833635075863526,1.0535050071530758
2009-05-14,1.43397971473053,1.5334752487087544,2.383836397171192,1.0366237482117309
2009-05-15,1.4380366007696148,1.5539721846663666,2.3843093805833284,1.0672389127324748
2009-05-18,1.524136952845351,1.682377909958789,2.384782457841381,1.22346208869814
2009-05-19,1.5111164451680856,1.6262018725136829,2.385255628963969,1.2397711015736763
2009-05-20,1.5183362218370884,1.6712990285152654,2.3857288939697154,1.2263233190271816
2009-05-21,1.5116245420707424,1.6451400995146455,2.3862022528772497,1.2068669527896994
2009-05-22,1.5157059349310327,1.6465126672144135,2.3866757057052013,1.220886981402003
2009-05-25,1.5266574626208032,1.6666115902409846,2.387149252472206,1.219170243204578
2009-05-26,1.5188201476284195,1.6334460925470555,2.387622893196903,1.1908440629470671
2009-05-27,1.5353184418025942,1.663913053501124,2.3880966278979345,1.23862660944206
2009-05-28,1.5420071254421928,1.677338897670136,2.3885704565939463,1.2440629470672386
2009-05-29,1.561452113083873,1.6744428764946213,2.389044379303588,1.2763948497854076
2009-06-01,1.5862313628562197,1.7040713733567,2.389518396045513,1.3010014306151645
2009-06-02,1.5877346716967198,1.6908442998949766,2.38999250683838,1.2955650929899856
2009-06-03,1.620371546909161,1.7071143183945026,2.390466711700847,1.301573676680973
2009-06-04,1.6360903227430854,1.687335196902384,2.3909410106515816,1.310157367668097
2009-06-05,1.64194577446171,1.739210354282335,2.3914154037092503,1.3167381974248926
2009-06-08,1.6106255533967546,1.6580994095679753,2.391889890892525,1.2729613733905578
2009-06-09,1.6346670807088515,1.7100313162376974,2.392364472220084,1.3030042918454934
2009-06-10,1.6619383049168908,1.769020927855155,2.3928391477106032,1.3359084406294706
2009-06-11,1.659549057704332,1.7481742141321228,2.3933139173827684,1.3341917024320458
2009-06-12,1.6377349654428643,1.7288814917868403,2.393788781255265,1.317596566523605
2009-06-15,1.6243727051082455,1.6862758930208381,2.394263739346784,1.290701001430615
2009-06-16,1.6438873525499265,1.7108816337519925,2.394738791676019,1.305579399141631
2009-06-17,1.614238127410292,1.6672056756677174,2.395213938261669,1.2623748211731045
2009-06-18,1.5972575859941838,1.674039302520333,2.395689179122435,1.234907010014306
2009-06-19,1.6260655221757356,1.7031945977517535,2.396164514277024,1.255507868383405
2009-06-22,1.614691839312466,1.6911367320567425,2.396639943744141,1.2323319027181687
2009-06-23,1.6209768318219395,1.7015078897882412,2.397115467542504,1.2371959942775392
2009-06-24,1.6636527752716104,1.7503797170063624,2.397591085690826,1.2432045779685263
2009-06-25,1.6675480170037054,1.7526415211074626,2.398066798207828,1.229470672389127
2009-06-26,1.672569061816778,1.7728666071676729,2.3985426051122336,1.2623748211731045
2009-06-29,1.6616521122445982,1.7577789076488621,2.3990185064227725,1.2775393419170242
2009-06-30,1.6329170251069025,1.719109592113965,2.399494502158173,1.2457796852646636
2009-07-01,1.6415345298592956,1.7376759567906261,2.399970592337173,1.2603719599427752
2009-07-02,1.644913281941746,1.7496150059802598,2.4004467769785096,1.2669527896995707
2009-07-03,1.6553013205987386,1.7783512792499983,2.400923056100926,1.2838340486409154
2009-07-06,1.5947182764654786,1.6567324006751705,2.401399429723168,1.2140200286123033
2009-07-07,1.6253559993453657,1.687496018459487,2.4018758978639863,1.22346208869814
2009-07-08,1.5919266809623123,1.6507753892090076,2.4023524605421342,1.1722460658082974
2009-07-09,1.6048857537316252,1.663863623706955,2.4028291177763688,1.1756795422031474
2009-07-10,1.6003242957436183,1.643484905454614,2.403305869585452,1.1542203147353365
2009-07-13,1.5740556690907717,1.6303503279878457,2.403782715988146,1.1413447782546495
2009-07-14,1.6099098199336133,1.6629990693576897,2.4042596570032244,1.1854077253218882
2009-07-15,1.6449302352906618,1.6790061935649432,2.4047366926494544,1.2163090128755365
2009-07-16,1.6543333011611365,1.677446838181973,2.405213822945616,1.2128755364806867
2009-07-17,1.6874980801591264,1.699879720771772,2.405691047910486,1.255507868383405
2009-07-20,1.7271645523938213,1.7337090963924178,2.406168367562849,1.2875536480686691
2009-07-21,1.7229388042853366,1.7337289359385766,2.4066457819214926,1.2783977110157367
2009-07-22,1.7021870659376168,1.7077860930279858,2.4071232910052074,1.2612303290414877
2009-07-23,1.7258322877369376,1.7068656223199021,2.407600894832788,1.293562231759657
2009-07-24,1.7323051099240037,1.7224854814519308,2.408078593423032,1.3047210300429184
2009-07-27,1.7365839001934529,1.7198517561374833,2.4085563867947437,1.3035765379113018
2009-07-28,1.759285609376377,1.7458827279721532,2.4090342749667264,1.3052932761087266
2009-07-29,1.7533358231816065,1.7504748479192789,2.409512257957791,1.28898426323319
2009-07-30,1.7699541336377103,1.8077120017044004,2.409990335786751,1.301573676680973
2009-07-31,1.7849095052056012,1.8035878932280656,2.410468508472423,1.3201716738197424
2009-08-03,1.820405453606993,1.8711491568997685,2.410946776033628,1.3427753934191702
2009-08-04,1.8085941729157662,1.8595927190621144,2.41142513848919,1.334763948497854
2009-08-05,1.8113213121220642,1.8582279269783317,2.4119035958579373,1.3376251788268954
2009-08-06,1.752026051086651,1.7895509256838698,2.4123821481587027,1.3081545064377682
2009-08-07,1.7195175849031268,1.7682043974574986,2.4128607954103214,1.2806866952789695
2009-08-10,1.6826359939740076,1.742454031914336,2.4133395376316336,1.2703862660944203
2009-08-11,1.6870982496926157,1.771276498368743,2.413818374841481,1.2789699570815452
2009-08-12,1.6674244757680412,1.7786083369242762,2.4142973070587117,1.2795422031473531
2009-08-13,1.7184627844616682,1.8310805093866493,2.414776334302175,1.3178826895565092
2009-08-14,1.716118690227905,1.8576741908844012,2.415255456590727,1.3144492131616594
2009-08-17,1.6577209495553942,1.7838747395358852,2.4157346739432257,1.2646638054363375
2009-08-18,1.6979168362700954,1.8703140382135388,2.416213986378532,1.2858369098712443
2009-08-19,1.6759266641768185,1.8517024557264092,2.4166933939155117,1.2655221745350498
2009-08-20,1.6733574764688357,1.8507284339537526,2.4171728965730344,1.2798283261802572
2009-08-21,1.6985229604575727,1.8631206294253264,2.4176524943699738,1.3010014306151645
2009-08-24,1.7578543103050344,1.923236049288457,2.418132187325205,1.3304721030042916
2009-08-25,1.7737535301992018,1.966255274813751,2.4186119754576114,1.3301859799713875
2009-08-26,1.7876148232697302,1.9902971968377083,2.419091858786075,1.3393419170243204
2009-08-27,1.7811972253578459,1.9808247792363631,2.4195718373294848,1.3402002861230329
2009-08-28,1.7737975081934192,1.9660755932420797,2.420051911106733,1.3493562231759657
2009-08-31,1.7801029790055434,1.9551778921730714,2.4205320801367143,1.3373390557939913
2009-09-01,1.7810903017612179,1.9865082672064935,2.4210123444383287,1.3133047210300428
2009-09-02,1.762930075828469,1.9917380387378347,2.421492704030479,1.3187410586552215
2009-09-03,1.7730430002391933,1.9787222206537143,2.421973158932072,1.309585121602289
2009-09-04,1.7850719887872901,2.0012974365429756,2.4224537091620197,1.338483547925608
2009-09-07,1.8072330372092438,2.022612426975547,2.422934354739233,1.365379113018598
2009-09-08,1.7920886609791817,2.004343804697027,2.423415095682634,1.3673819742489268
2009-09-09,1.8041456813022185,2.016600715741841,2.423895932011143,1.3699570815450643
2009-09-10,1.8244514290749934,2.003887367561007,2.4243768637436847,1.369384835479256
2009-09-11,1.8272791133902082,1.9886051824037028,2.4248578908991893,1.3785407725321888
2009-09-14,1.820748213393985,1.9792250438311305,2.42533901349659,1.3736766809728185
2009-09-15,1.8719169453758062,2.0153431694037907,2.425820231554824,1.3951359084406294
2009-09-16,1.8982428105631113,2.0570739451336078,2.42630154509283,1.4094420600858368
2009-09-17,1.8927145081220809,2.037169295569836,2.426782954129555,1.4180257510729612
2009-09-18,1.9174694189281623,2.053326130336288,2.427264458683946,1.4183118741058651
2009-09-22,1.964855539842468,2.124911404326719,2.427746058774955,1.432331902718169
2009-09-23,1.9567486498168283,2.1142568693455464,2.4282277544215374,1.413733905579399
2009-09-24,1.9706039001095252,2.1055585771356617,2.428709545642653,1.4206008583690986
2009-09-25,1.9574005984028602,2.100823941204909,2.429191432457264,1.4160228898426324
2009-09-29,1.964408877847764,2.1232708913743954,2.429673414884339,1.4220314735336197
2009-09-30,1.977100221988158,2.1294222986389655,2.430155492942848,1.444349070100143
2009-10-01,1.9659868821364577,2.1073485631193023,2.4306376666517653,1.4477825464949927
2009-10-05,1.9734606233293188,2.073065869062736,2.4311199360300693,1.4311874105865523
2009-10-06,1.9962400493493524,2.06247430937226,2.431602301096742,1.440915593705293
2009-10-07,2.0158238530262147,2.04820102181024,2.4320847618707693,1.4248927038626606
2009-10-08,2.034202290380653,2.0661822203310476,2.4325673183711403,1.4268955650929898
2009-10-09,2.0164742909177886,2.070603815381615,2.4330499706168487,1.4114449213161655
2009-10-12,2.047797029806841,2.091550634330197,2.433532718626892,1.4412017167381972
2009-10-14,2.0774705939127407,2.1135408236788846,2.4340155624202704,1.4586552217453503
2009-10-15,2.0866562876362247,2.1275725591962824,2.434498502015989,1.4600858369098713
2009-10-16,2.0745465608621028,2.1343612912668544,2.4349815374330555,1.4678111587982832
2009-10-17,2.074550925090537,2.1316449160056874,2.4354646686904826,1.467238912732475
2009-10-20,2.0849339280993364,2.1536411298225864,2.4359478958072867,1.4597997138769672
2009-10-21,2.053787772606913,2.1477897548826124,2.436431218802486,1.4494992846924175
2009-10-22,2.0347254942278883,2.135720520789881,2.4369146376951054,1.4294706723891273
2009-10-23,2.080204447316629,2.1715910903327194,2.437398152504172,1.4340486409155937
2009-10-26,2.0763916223599566,2.1856222596853843,2.4378817632487166,1.4268955650929898
2009-10-27,2.018351748419016,2.142247962661009,2.4383654699477737,1.39656652360515
2009-10-28,2.011345986798209,2.1472760411545013,2.438849272620383,1.3879828326180257
2009-10-29,1.9891770491940866,2.1068426352745693,2.439333171285585,1.3728183118741055
2009-10-30,1.9897512809430091,2.1348828052330666,2.439817165962428,1.3608011444921315
2009-11-03,1.9494697882090297,2.0550653584093395,2.44030125666996,1.3204577968526463
2009-11-04,1.98533904599645,2.101711158122371,2.440785443427236,1.359656652360515
2009-11-05,2.000308349524341,2.126647682889336,2.4412697262533123,1.3765379113018597
2009-11-06,2.0323741822317154,2.213004844431153,2.441754105167252,1.3831187410586552
2009-11-09,2.0800950058959047,2.255701258253305,2.442238580188118,1.4108726752503575
2009-11-10,2.060024590748675,2.25882429393278,2.442723151334981,1.4103004291845491
2009-11-11,2.091243930994834,2.319742474865877,2.443207818626912,1.4343347639484978
2009-11-12,2.0791848964125204,2.268107137725328,2.443692582082989,1.430615164520744
2009-11-13,2.096980205706229,2.2976890315091927,2.444177441722292,1.440629470672389
2009-11-16,2.132298563581353,2.308898527167396,2.444662397563903,1.4526466380543634
2009-11-17,2.1315282772627895,2.3198762749321054,2.445147449626912,1.454077253218884
2009-11-18,2.1230871880520854,2.3169748183444314,2.4456325979304085,1.450071530758226
2009-11-19,2.0965085333255002,2.2875706596516423,2.44611784249349,1.434907010014306
2009-11-20,2.114439133700656,2.302903171323563,2.4466031833352546,1.454077253218884
2009-11-23,2.1232276826366654,2.301554878419801,2.447088620474805,1.4606580829756797
2009-11-24,2.1470723161044227,2.3066704825321187,2.447574153931249,1.4603719599427754
2009-11-25,2.1573812950847877,2.2840296310096466,2.448059783723695,1.4612303290414876
2009-11-26,2.135019995719699,2.2712549466725824,2.447536486360542,1.4371959942775392
2009-11-27,2.1244167670299325,2.247355315467424,2.4482081733423366,1.423175965665236
2009-11-30,2.159301723450594,2.261566418547066,2.4592739694236525,1.4394849785407724
2009-12-01,2.2037257082429367,2.2846781488639354,2.493007966421806,1.4686695278969957
2009-12-02,2.1961729073734477,2.264775076321906,2.511715189696005,1.4615164520743915
2009-12-03,2.2134453485298007,2.2765633098783566,2.471087511159701,1.469241773962804
2009-12-04,2.2194770479351744,2.2650794893799717,2.44446919812493,1.463805436337625
2009-12-07,2.1910321819883256,2.2219643249390884,2.4598802163134703,1.4515021459227466
2009-12-08,2.1979185987469627,2.2207902958182975,2.45441436349912,1.4738197424892705
2009-12-09,2.203249671633774,2.203036913709759,2.447132486396492,1.4623748211731042
2009-12-10,2.1847366146176475,2.1947902497841816,2.427616522362965,1.4706723891273246
2009-12-11,2.195645507152719,2.1937683539719584,2.434889015603346,1.4626609442060083
2009-12-14,2.195751759329587,2.1813725344741344,2.429087072354356,1.4603719599427754
2009-12-15,2.1730124506401567,2.184466162781947,2.421220679411321,1.4446351931330472
2009-12-16,2.170993323569771,2.1906764534822085,2.4195478824941614,1.446638054363376
2009-12-17,2.1782842707332324,2.1908727493004254,2.4192510561147067,1.4446351931330472
2009-12-18,2.1816764512108637,2.1902381559388573,2.412350092230562,1.4340486409155937
2009-12-21,2.1631004485923264,2.185702812783842,2.412828733121878,1.4246065808297566
2009-12-22,2.175934805141397,2.1830362489790387,2.4133074689816243,1.440343347639485
2009-12-23,2.209112676824688,2.1946124406253316,2.413786299828645,1.4812589413447783
2009-12-24,2.210819761562058,2.1918141420963284,2.414279584674456,1.486695278969957
2009-12-29,2.222418705754487,2.1945547363166544,2.411230570275848,1.490701001430615
2009-12-30,2.2174243498768362,2.196438202961136,2.4139116384969297,1.4818311874105865
2009-12-31,2.2394103255966193,2.193306783675481,2.401655079685388,1.492703862660944
2010-01-04,2.2746489523753572,2.2447611792400464,2.4393972205811534,1.4989985693848351
2010-01-05,2.290199537559641,2.2418893533026987,2.4935319810451038,1.5135908440629469
2010-01-06,2.305836064473082,2.266563020007293,2.4978616456964997,1.5190271816881258
2010-01-07,2.292002803177494,2.239656950231581,2.4778932807252336,1.5110157367668098
2010-01-08,2.2752685049580155,2.222358887225311,2.4910180937382407,1.504434907010014
2010-01-11,2.2939074531789627,2.2154143684695287,2.6248495023670464,1.5104434907010014
2010-01-12,2.295544038841633,2.2127670161792383,2.624663306784593,1.496423462088698
2010-01-13,2.331694453653153,2.2721679067176557,2.611356990120256,1.5087267525035764
2010-01-14,2.3496660106336105,2.3263953407005795,2.63402494409335,1.5087267525035764
2010-01-15,2.333042496674374,2.2903041203520162,2.6589119345437986,1.5124463519313305
2010-01-18,2.331747160104238,2.2843814057618865,2.6334233891346552,1.513018597997139
2010-01-19,2.3096871603560203,2.2657211953356557,2.637094701766395,1.501859799713877
2010-01-20,2.3034456422759453,2.2759885539218954,2.675166759503218,1.4972818311874103
2010-01-21,2.2810605075094106,2.2079054085559218,2.642801455611012,1.4703862660944205
2010-01-22,2.2458086201904313,2.162097600620147,2.643325820979189,1.4535050071530755
2010-01-25,2.2122490463741236,2.1580004046333667,2.6438502903881136,1.4331902718168812
2010-01-27,2.1429395596325653,2.11443410896572,2.644374863858429,1.4005722460658083
2010-01-28,2.151510568566645,2.114843527913293,2.6448995414107817,1.404291845493562
2010-01-29,2.170120645737953,2.1152530261368643,2.645424323065824,1.409728183118741
2010-02-01,2.2069485230863486,2.1156626036517836,2.6459492088442094,1.4131616595135907
2010-02-02,2.1822792182995454,2.1160722604734055,2.6464741987666,1.3931330472103003
2010-02-03,2.20069559087037,2.1164819966170847,2.646999292853656,1.4145922746781114
2010-02-04,2.1772768053847864,2.116891812098181,2.647524491126048,1.3985693848354792
2010-02-05,2.1458464714793477,2.1173017069320563,2.6480497936044456,1.364234620886981
2010-02-06,1.9808833366204925,2.117711681134076,2.648575200309526,1.3951359084406294
2010-02-08,2.1591912749002313,2.1181217347196086,2.6491007112619687,1.3702432045779684
2010-02-09,2.1728803488025648,2.1185318677040237,2.649626326482457,1.3856938483547925
2010-02-10,2.208677093256008,2.1189420801026966,2.65015204599168,1.3659513590844063
2010-02-11,2.2228321324711184,2.1193523719310043,2.6506778698103286,1.388841201716738
2010-02-15,2.211833605398215,2.1197627432043267,2.6512037979591003,1.3874105865522175
2010-02-16,2.203759279230889,2.1201731939380464,2.651729830458696,1.3985693848354792
2010-02-17,2.2207843022060336,2.1205837241475494,2.6522559673298183,1.4091559370529327
2010-02-18,2.2174285462503303,2.120994333848225,2.652782208593178,1.4048640915593704
2010-02-19,2.2039539909610113,2.121405023055465,2.653308554269486,1.3954220314735335
2010-02-22,2.1930076667743736,2.121815791784664,2.65383500437946,1.3951359084406294
2010-02-23,2.1740803437669167,2.12222664005122,2.6543615589438203,1.3959942775393417
2010-02-24,2.179471844432042,2.1226375678705343,2.6548882179832938,1.3971387696709583
2010-02-25,2.177896022257565,2.1230485752580104,2.655414981518607,1.3928469241773962
2010-02-26,2.1899735208832527,2.123459662229055,2.6559418495704965,1.415736766809728
2010-03-02,2.2126242021644895,2.1238708287990784,2.656468822159697,1.440915593705293
2010-03-03,2.223874175937155,2.1242820749834928,2.6569958993069505,1.4595135908440628
2010-03-04,2.239851951943131,2.1246934007977143,2.657523081033004,1.4569384835479255
2010-03-05,2.2357411844683823,2.1251048062571614,2.6580503673586056,1.4592274678111588
2010-03-08,2.2535056084531746,2.125516291377256,2.65857775830451,1.467525035765379
2010-03-09,2.2398188845199978,2.1259278561734227,2.6591052538914752,1.4620886981402
2010-03-10,2.232186184699183,2.1263395006610897,2.659632854140264,1.4706723891273246
2010-03-11,2.2379676123893733,2.126751224855687,2.6601605590716404,1.4735336194563662
2010-03-12,2.2287956827709494,2.1271630287726486,2.6606883687063765,1.4749642346208869
2010-03-15,2.2265039592783915,2.1275749124274115,2.661216283065247,1.4741058655221746
2010-03-16,2.258604873668176,2.1279868758354152,2.661744302169029,1.494992846924177
2010-03-17,2.2684792762095,2.128398919012102,2.6622724260385078,1.4992846924177394
2010-03-18,2.293794654659443,2.1288110419729183,2.6522017322069256,1.4989985693848351
2010-03-19,2.3071193154875558,2.129223244733312,2.642834415192073,1.5113018597997137
2010-03-22,2.2839284770101678,2.129635527308735,2.648501774100961,1.496423462088698
2010-03-23,2.288715867747093,2.1300478897146418,2.6507719279331794,1.4969957081545062
2010-03-25,2.2946436649447546,2.13046033196649,2.682637795513218,1.5072961373390557
2010-03-26,2.306417346129475,2.130872854079741,2.68778928894234,1.5141630901287553
2010-03-29,2.2973142370363533,2.131285456069857,2.63288455788676,1.515307582260372
2010-03-30,2.2839085022723364,2.1316981379523057,2.633817511348972,1.507868383404864
2010-03-31,2.2925960025346095,2.1289175234573707,2.62950834302827,1.5055793991416306
2010-04-01,2.240616699048682,2.0330024624649154,2.633794298637101,1.5178826895565092
2010-04-05,2.25853185676938,2.0506935187563755,2.738343365128342,1.5344778254649498
2010-04-06,2.2450688834709043,2.0617887111477295,2.6954168872855973,1.5319027181688123
2010-04-07,2.2876919526145505,2.0508280646930968,2.800449469626232,1.538769670958512
2010-04-08,2.2563551139105584,2.0287921217771263,2.7419667706738813,1.5187410586552217
2010-04-09,2.2659121027607942,2.025861037417174,2.713072871044538,1.530758226037196
2010-04-12,2.2649850399284936,2.0138718959561865,2.715955939247644,1.5224606580829756
2010-04-13,2.2789836383397466,2.0252288989849014,2.698026588764862,1.5150214592274678
2010-04-15,2.2734034687223303,2.01528456668329,2.676615331501455,1.5070100143061516
2010-04-16,2.278467820109861,2.034630610644623,2.714538482161064,1.50414878397711
2010-04-19,2.2594040310363783,2.005551580148154,2.639474498620641,1.4901287553648066
2010-04-20,2.2883037838699796,2.020521831223253,2.653724634271898,1.4941344778254648
2010-04-21,2.295589191820429,2.0532704910533455,2.673993282835025,1.4992846924177394
2010-04-22,2.297635511391056,2.038941207529646,2.665183070905072,1.5024320457796851
2010-04-23,2.3123654537748477,2.023165523449445,2.6801715683488148,1.51587982832618
2010-04-26,2.2997427623048163,2.0295846915237554,2.624138551330066,1.51931330472103
2010-04-27,2.288720231975527,2.0288048091250785,2.588579887012619,1.5150214592274678
2010-04-28,2.273103847654857,2.0079100374466887,2.618770488238065,1.4875536480686695
2010-04-29,2.289759254052648,2.0234390611482542,2.721177811643608,1.4941344778254648
2010-04-30,2.298766014410347,2.053178639102092,2.762147013376905,1.4995708154506435
2010-05-03,2.308182676530942,2.0347016504182123,2.8408418107751645,1.4898426323319025
2010-05-04,2.267305298760811,2.0233461424365498,2.742766868402195,1.4735336194563662
2010-05-05,2.281142420720014,2.0318473537800297,2.737388186729232,1.471244635193133
2010-05-06,2.273723735947394,2.0622593688909077,2.703984847403366,1.4640915593705293
2010-05-07,2.228746836983479,1.9968559814846445,2.647912102170246,1.4420600858369097
2010-05-10,2.275722552570069,1.9972426337198343,2.6484374815555967,1.4858369098712445
2010-05-11,2.2644052689665592,1.9976293608226932,2.6489629651828897,1.4723891273247496
2010-05-12,2.2751212961758447,1.9980161628077164,2.649488553072807,1.4706723891273246
2010-05-13,2.307838573904432,1.998403039689404,2.6500142452460365,1.4829756795422029
2010-05-14,2.2798564840265043,1.9987899914822582,2.650540041723268,1.4595135908440628
2010-05-17,2.2715443074095365,1.9991770182007835,2.651065942525197,1.4609442060085835
2010-05-18,2.2844468130641498,1.9995641198594891,2.651591947672524,1.4546494992846923
2010-05-19,2.220992442331337,1.9999512964728845,2.65211805718595,1.4223175965665236
2010-05-20,2.2123552985509924,2.000338548055484,2.652644271086185,1.4314735336194562
2010-05-21,2.2023474513325585,2.000725874621803,2.653170589393941,1.4246065808297566
2010-05-24,2.1917514404052016,2.001113276186362,2.653697012129931,1.4280400572246064
2010-05-25,2.128798620232395,2.001500752763682,2.6542235393148776,1.389127324749642
2010-05-26,2.152489162865452,2.0018883043682876,2.654750170969504,1.410014306151645
2010-05-27,2.1773766790739444,2.0022759310147067,2.655276907114537,1.4291845493562232
2010-05-28,2.203141740907508,2.00266363271747,2.6558037477707104,1.4440629470672388
2010-05-31,2.2183299272768475,2.0030514094911105,2.65633069295876,1.4535050071530755
2010-06-01,2.1967723173633344,2.003439261350164,2.6568577426994264,1.4337625178826894
2010-06-02,2.205876433586095,2.0038271883091694,2.657384897013454,1.4380543633762517
2010-06-03,2.2159082840609146,2.004215190382668,2.657912155921591,1.4597997138769672
2010-06-04,2.215549242344766,2.004603267585205,2.658439519444592,1.471244635193133
2010-06-07,2.1991761679556525,2.0049914199313275,2.658966987603212,1.4457796852646638
2010-06-08,2.193939597399927,2.005379647435585,2.6594945604182123,1.434907010014306
2010-06-09,2.1951045106818685,2.005767950112531,2.660022237910358,1.4417739628040056
2010-06-10,2.209814646182769,2.0061563279767207,2.66055002010042,1.463805436337625
2010-06-11,2.216284614835859,2.006544781042713,2.6610779070091706,1.4686695278969957
2010-06-14,2.2246755154195745,2.0069333093250696,2.661605898657387,1.4875536480686695
2010-06-15,2.227599044905393,2.0073219128383544,2.662133995065851,1.4975679542203146
2010-06-16,2.2233484542658233,2.0077105915971343,2.662662196255348,1.494992846924177
2010-06-17,2.2229351954041316,2.008099345615979,2.67799574702654,1.509012875536481
2010-06-18,2.2158550740450105,2.0084881749094614,2.674612123855751,1.5050071530758224
2010-06-21,2.231208765384954,2.0088770794921573,2.677047976939728,1.5313304721030043
2010-06-22,2.2397853135320456,2.0092660593786436,2.6728620335469366,1.5304721030042918
2010-06-23,2.262036332201711,2.0096551145835027,2.678909932764261,1.530758226037196
2010-06-24,2.2775958136978023,2.010044245121318,2.6735201386228487,1.5218884120171672
2010-06-25,2.2735698129676334,2.010433451006677,2.6751536714848227,1.5236051502145922
2010-06-28,2.3066966567492373,2.010822732254168,2.67919515278778,1.525035765379113
2010-06-29,2.3066390825048995,2.011212088878384,2.659125307458482,1.5178826895565092
2010-06-30,2.3322386393678585,2.008588637937016,2.6596529116861523,1.5276108726752502
2010-07-01,2.3158716077565766,1.9944387824983552,2.660180620597201,1.51587982832618
2010-07-02,2.309046458050952,1.990602357191294,2.660708434212399,1.5101573676680973
2010-07-05,2.313334312487149,1.987354721362883,2.6763355442402887,1.5127324749642344
2010-07-06,2.3247536518940333,2.010708076364759,2.678321465823961,1.5264663805436336
2010-07-07,2.3099679816702405,2.0134434530576835,2.673301099522536,1.507868383404864
2010-07-08,2.3337439624676355,2.0380527483905855,2.681514201481173,1.5293276108726752
2010-07-09,2.342202340737135,2.04759646367256,2.670110833302757,1.534763948497854
2010-07-12,2.3316046512603807,2.0497577573795307,2.691593210364236,1.540486409155937
2010-07-13,2.340734113579045,2.061450114606335,2.7131755996417546,1.5479256080114447
2010-07-14,2.3526387216167786,2.053623958332806,2.6687585693644094,1.551931330472103
2010-07-15,2.331490006336524,2.078947162159254,2.6617379587422003,1.5516452074391986
2010-07-16,2.336829471970323,2.079074441353902,2.6646706626377106,1.5467811158798284
2010-07-19,2.3298268995933715,2.086914081009108,2.6499688668799464,1.5493562231759654
2010-07-20,2.3238598243398054,2.077907242423343,2.662859577224299,1.5344778254649498
2010-07-21,2.3275351761008136,2.110698984415483,2.6747076910844108,1.5507868383404864
2010-07-22,2.3499684852350597,2.1163872656026586,2.6940216551359137,1.5665236051502145
2010-07-23,2.34115912228652,2.1119021163968976,2.675162808403325,1.567381974248927
2010-07-26,2.3403720504739804,2.090219208826207,2.550905505088008,1.5648068669527897
2010-07-27,2.358684017272273,2.0883208673401414,2.5514116371326687,1.5705293276108725
2010-07-28,2.3571056772737,2.079741595906956,2.551917869600353,1.5576537911301858
2010-07-29,2.3507991993319375,2.0864717194788818,2.5524242025109887,1.5567954220314733
2010-07-30,2.3508047385449493,2.082482563384026,2.5529306358845023,1.5547925608011444
2010-08-02,2.3773969895216553,2.117200020546585,2.5724976757297706,1.571101573676681
2010-08-03,2.3902415852220513,2.115867498706405,2.6411085253701025,1.573390557939914
2010-08-04,2.3829805162378674,2.1232340318665672,2.6205875003013164,1.571101573676681
2010-08-05,2.405826580668986,2.1377528127735697,2.639230518202255,1.5793991416309012
2010-08-06,2.415761075278744,2.1375325123279163,2.630864064179024,1.569384835479256
2010-08-09,2.4366907398626108,2.1596896637835306,2.69724203776261,1.5742489270386266
2010-08-10,2.4216905510258036,2.138676955078468,2.6927056919278325,1.5725321888412016
2010-08-11,2.413191887570761,2.116038821643528,2.670841786782945,1.565665236051502
2010-08-12,2.4488348768993835,2.1168374937493635,2.684873130277631,1.5645207439198854
2010-08-13,2.4759812170322406,2.165977885574533,2.692378244524208,1.5682403433476395
2010-08-16,2.464347694722221,2.154585013087081,2.6462471777245717,1.5567954220314733
2010-08-17,2.466986374375265,2.1649811466676625,2.6592541985720213,1.5645207439198854
2010-08-18,2.4781572884713032,2.1867298963407347,2.681044267537661,1.5722460658082975
2010-08-19,2.5098434333049378,2.2174778611839625,2.7165841641306163,1.5856938483547924
2010-08-20,2.5302082660165084,2.2078995196571944,2.780487278248549,1.5831187410586551
2010-08-23,2.5887035304090205,2.224514617938091,2.782045987156301,1.5991416309012874
2010-08-24,2.5855183150721146,2.222366917056987,2.733411651630764,1.5819742489270383
2010-08-25,2.560538814356633,2.1959935680887095,2.6974551609428503,1.567095851216023
2010-08-26,2.555522301626934,2.1771714816416288,2.68166483716459,1.5708154506437766
2010-08-27,2.5760991351274227,2.1578191784718617,2.666147880110171,1.552217453505007
2010-08-30,2.5860781112962177,2.1678519195199377,2.681874739346401,1.5530758226037196
2010-08-31,2.536028971762603,2.1491187143829436,2.655179873751204,1.548497854077253
2010-09-01,2.5880859920856394,2.1801503195037646,2.7088713701959186,1.567095851216023
2010-09-02,2.5995865732833687,2.201547566696936,2.751314579133013,1.5719599427753932
2010-09-03,2.6222322189164124,2.232789777431039,2.7649564923445045,1.571101573676681
2010-09-06,2.685955325407783,2.2571928544306137,2.7632580132780413,1.5974248927038626
2010-09-07,2.684260661935955,2.249921042066108,2.7295482167667315,1.604005722460658
2010-09-08,2.658979358038783,2.256409184659626,2.710525893276073,1.6045779685264665
2010-09-09,2.637122798477556,2.244663488728758,2.723460806550478,1.6185979971387696
2010-09-13,2.6697516166528885,2.2729968087725068,2.730413260699535,1.6549356223175966
2010-09-14,2.6797586245966234,2.280633413830942,2.725944319776913,1.6635193133047208
2010-09-15,2.723464190246789,2.32695630348699,2.735072595248245,1.680972818311874
2010-09-16,2.714657512977285,2.3200287605425465,2.7235336549547533,1.673533619456366
2010-09-17,2.7343586472570403,2.3509864761321078,2.7310301261703147,1.6912732474964234
2010-09-20,2.750457446674584,2.3470567865949743,2.7358074998283257,1.7181688125894132
2010-09-21,2.726235978867063,2.318629157922355,2.723725036355816,1.721602288984263
2010-09-22,2.7074350506292464,2.302586747915654,2.692879150850449,1.7198855507868382
2010-09-23,2.7097752841993947,2.29671293310552,2.693413452269269,1.7167381974248923
2010-09-24,2.7295845170603563,2.31960569971655,2.6939478597002755,1.7261802575107297
2010-09-27,2.7490014729270964,2.35619788232384,2.6944823731645013,1.7393419170243205
2010-09-28,2.7454160914138,2.3652941919681827,2.695016992682987,1.7339055793991416
2010-09-29,2.7318057414782144,2.3708948047940157,2.6955517182767728,1.7301859799713877
2010-09-30,2.7197003789325267,2.3777823897661436,2.6960865499669064,1.7241773962804003
2010-10-01,2.767530140452621,2.444676694611899,2.69662148777444,1.7628040057224603
2010-10-04,2.7848896983227096,2.53297705276725,2.6971565317204265,1.7728183118741057
2010-10-05,2.798966684990831,2.561434830646924,2.697691681825927,1.7751072961373389
2010-10-06,2.8109634453904935,2.499001568119233,2.698226938112003,1.7748211731044348
2010-10-07,2.7890070121401087,2.482534156104783,2.698762300599724,1.7639484978540771
2010-10-08,2.777868494047444,2.4834848329927057,2.69929776931016,1.7533619456366236
2010-10-11,2.783940310783421,2.526268327824336,2.699833344264388,1.7711015736766809
2010-10-12,2.754888481374396,2.5127128045757154,2.7003690254834884,1.7562231759656652
2010-10-13,2.789112760752158,2.556812163231211,2.7009048129885445,1.7931330472103004
2010-10-14,2.7587149025811892,2.566125630363894,2.701440706800646,1.774535050071531
2010-10-15,2.709963449586867,2.537503976160723,2.701976706940884,1.742489270386266
2010-10-18,2.687413816979366,2.514468092537246,2.702512813430356,1.7533619456366236
2010-10-19,2.6965652682951395,2.509384263933912,2.703049026290164,1.7298998569384834
2010-10-20,2.6711960084095323,2.4955583795681435,2.703585345541412,1.7224606580829755
2010-10-21,2.7075218316331027,2.50051007920681,2.7151170713516315,1.7565092989985691
2010-10-22,2.707406347434547,2.526444876980995,2.722691823733821,1.74277539341917
2010-10-25,2.7360573392474223,2.5501366011425626,2.710864947035634,1.7625178826895564
2010-10-26,2.733931120725469,2.562676568620374,2.6934949241314405,1.7585121602288982
2010-10-27,2.739666724017104,2.5599907145193197,2.696702476413252,1.7396280400572244
2010-10-28,2.69418340669993,2.5425729019736925,2.6872277388700603,1.7416309012875535
2010-10-29,2.6669999706253855,2.5132362504088896,2.6737062790249744,1.7396280400572244
2010-11-01,2.7204740223498853,2.5841837845981948,2.6742367763025587,1.769384835479256
2010-11-02,2.738830134997335,2.5786358938672804,2.6747673788375392,1.7742489270386264
2010-11-03,2.767339792950932,2.5763441337275923,2.675298086650801,1.781115879828326
2010-11-04,2.785762544009467,2.597774359655032,2.675828899763232,1.8011444921316164
2010-11-05,2.799462528482885,2.612640236091522,2.676359818195724,1.815450643776824
2010-11-08,2.791102177498206,2.6237942114362793,2.6768908419691755,1.814878397711016
2010-11-09,2.822623153071116,2.653786417727543,2.677421971104487,1.8248927038626608
2010-11-10,2.8331584005102792,2.679761751209071,2.677953205622564,1.814592274678112
2010-11-11,2.8175720622238263,2.646456788070361,2.6784845455443134,1.797997138769671
2010-11-12,2.7583018115744373,2.5711927185566346,2.679015990890651,1.7602288984263232
2010-11-15,2.757873110058288,2.570721301155734,2.679547541682495,1.7793991416309012
2010-11-16,2.6863487773865824,2.535968697888993,2.680079197940765,1.7430615164520742
2010-11-18,2.67969769325349,2.554602445590166,2.6806109596863887,1.7419170243204578
2010-11-19,2.6526592838468996,2.5398990997799697,2.6811428269402944,1.7113018597997138
2010-11-22,2.671627563459658,2.5894168914428852,2.681674799723418,1.7470672389127324
2010-11-23,2.6651164703463266,2.5689809561820107,2.682206878056696,1.7258941344778254
2010-11-24,2.6450843261253625,2.582434150505705,2.682739061961072,1.7072961373390556
2010-11-25,2.6396068837310795,2.565843705873242,2.6832713514574933,1.6872675250357652
2010-11-26,2.618462868389138,2.5076430512675456,2.6838037465669093,1.6709585121602286
2010-11-29,2.6325237409830424,2.5009649050088143,2.684336247310276,1.6952789699570814
2010-11-30,2.6186270305202246,2.5048177643908778,2.684868853708551,1.7052932761087267
2010-12-01,2.642166671562436,2.5951364348039845,2.6854015657826995,1.7153075822603718
2010-12-02,2.6505245047230184,2.6200456610946388,2.6859343835536884,1.7396280400572244
2010-12-03,2.6422173637542437,2.522623149005519,2.6864673070424887,1.736766809728183
2010-12-06,2.6237412348248643,2.498554790348181,2.6870003362700765,1.729327610872675
2010-12-07,2.6270750017834588,2.400136700847924,2.6875334712574315,1.7350500715307582
2010-12-08,2.598167024057809,2.365041745418145,2.6880667120255386,1.7067238912732474
2010-12-09,2.554283867881377,2.3085133720913666,2.688600058595385,1.6746781115879827
2010-12-10,2.558508441005283,2.3073227400827934,2.689133510987963,1.7012875536480685
2010-12-13,2.5701837591953036,2.3111156808230815,2.6896670692242703,1.717310443490701
2010-12-14,2.5778065555746723,2.319649096896126,2.690200733325307,1.7287553648068668
2010-12-15,2.563061002681483,2.3200388244889694,2.690734503312078,1.7092989985693847
2010-12-16,2.5614375097041138,2.319334689106775,2.6912683792055927,1.7256080114449213
2010-12-20,2.5783772623698598,2.318022885625572,2.691802361026864,1.7261802575107297
2010-12-21,2.580922950386276,2.318412839651708,2.692336448796908,1.7344778254649498
2010-12-22,2.573031921813169,2.3214769409226355,2.692870642536749,1.7304721030042916
2010-12-23,2.56848607433456,2.318342133232106,2.693404942267412,1.7350500715307582
2010-12-24,2.574405310930294,2.3192185086845103,2.6939393480099243,1.7404864091559369
2010-12-27,2.5720543346440006,2.3199734109724264,2.6944738597853237,1.7430615164520742
2010-12-28,2.586404589154053,2.3229162657022147,2.695008477614646,1.74277539341917
2010-12-29,2.5828541214682272,2.345671636614893,2.6955432015189347,1.7513590844062945
2010-12-30,2.5843852942287273,2.3450897297742928,2.696078031519236,1.7499284692417738
2010-12-31,2.5859228454769387,2.3434310799275653,2.696612967636601,1.770529327610873
2011-01-03,2.585210469112593,2.3577023703688673,2.6971480098920844,1.778826895565093
2011-01-04,2.590331051904944,2.340963825471169,2.697683158306745,1.767668097281831
2011-01-05,2.5966199050780316,2.319876773460473,2.698218412901648,1.7587982832618023
2011-01-06,2.5875542276364767,2.2959987778171613,2.698753773697858,1.7381974248927037
2011-01-07,2.5770120981447833,2.2098593310244747,2.6992892407164484,1.7138769670958511
2011-01-10,2.5732513082194366,2.1558022446376377,2.699824813978496,1.6738197424892702
2011-01-11,2.5627625565985874,2.1452238507609924,2.700360493505079,1.655793991416309
2011-01-12,2.5704568591822947,2.148136222153891,2.7008962793172824,1.702145922746781
2011-01-13,2.568024473250217,2.145884194364851,2.701432171436194,1.6718168812589411
2011-01-14,2.5626705720915983,2.135387272790516,2.701968169882909,1.646638054363376
2011-01-17,2.5589381496510715,2.135800748909814,2.70250427467852,1.6409155937052933
2011-01-18,2.5654703924868127,2.1362143050907028,2.7030404858441317,1.6635193133047208
2011-01-19,2.5645938539913806,2.1366279413486837,2.7035768034008463,1.656366237482117
2011-01-20,2.5780447417341934,2.137041657699263,2.704113227369775,1.6626609442060083
2011-01-21,2.5794367627496317,2.1374554541579487,2.7046497577720308,1.6572246065808296
2011-01-24,2.5869650567979154,2.1378693307402523,2.705186394628732,1.6698140200286122
2011-01-25,2.5815745632624285,2.138283287461688,2.705723137960999,1.6535050071530757
2011-01-27,2.57926941137469,2.138697324337774,2.70625998778996,1.6297567954220311
2011-01-28,2.569695804885418,2.13911144138403,2.7067969441367428,1.597997138769671
2011-01-31,2.5663053029571845,2.139525638615979,2.707334007022484,1.5871244635193131
2011-02-01,2.5604881221648252,2.139939916049148,2.707871176468322,1.5622317596566522
2011-02-02,2.559151996844327,2.1403542736990664,2.7084084524953997,1.563090128755365
2011-02-03,2.561462520090138,2.1407687115812664,2.708945835124863,1.5994277539341917
2011-02-04,2.553312994909799,2.141183229711283,2.709483324377864,1.5633762517882688
2011-02-07,2.556024691461639,2.1415978281046555,2.710020920275557,1.579113018597997
2011-02-08,2.5514333552943547,2.142012506776925,2.7105586228391045,1.5442060085836908
2011-02-09,2.545905892128023,2.1424272657436356,2.711096432089668,1.5267525035765377
2011-02-10,2.54412360837764,2.142842105020335,2.711634348048415,1.519885550786838
2011-02-11,2.5524534097632827,2.143257024622574,2.7121723707365204,1.5442060085836908
2011-02-14,2.5531055262042543,2.1436720245659053,2.7127105001751586,1.5882689556509295
2011-02-15,2.5535706522423323,2.1440871048658865,2.7132487363855105,1.5874105865522172
2011-02-16,2.554972240989337,2.1445022655380757,2.7137870793887613,1.5948497854077253
2011-02-17,2.5541267556577605,2.1449175065980364,2.714325529206101,1.6017167381974249
2011-02-18,2.548787290023961,2.145332828061334,2.7148640858587214,1.585407725321888
2011-02-21,2.5546831947830686,2.145748229943537,2.715402749367821,1.6014306151645206
2011-02-22,2.5517781293406236,2.1461637122602166,2.7159415197545997,1.5919885550786836
2011-02-23,2.5494348743815594,2.146579275026948,2.7164803970402644,1.5690987124463518
2011-02-24,2.543346607861486,2.146994918259308,2.717019381246027,1.5316165951359084
2011-02-25,2.5462468055106777,2.147410641972878,2.7175584723930992,1.5399141630901287
2011-02-28,2.545589149856694,2.1478264461832413,2.718097670502701,1.5496423462088695
2011-03-01,2.5516728842933936,2.1482423309059833,2.7386792086192395,1.5957081545064378
2011-03-03,2.5498919433825287,2.1486582961566962,2.724113972751524,1.5991416309012874
2011-03-04,2.550732560920852,2.149074341950971,2.717091633523112,1.6077253218884118
2011-03-07,2.5474536825275598,2.1494904683044034,2.7437650150126407,1.5839771101573674
2011-03-08,2.5505418777092834,2.1499066752325926,2.728412028603777,1.597997138769671
2011-03-09,2.551195504844713,2.15032296275114,2.7357981159660807,1.602288984263233
2011-03-10,2.546805762460082,2.150739330875651,2.720112743278725,1.596280400572246
2011-03-11,2.540085857801688,2.151155779621733,2.707151160080045,1.5831187410586551
2011-03-14,2.5403228689766304,2.1515723090049956,2.719183493972663,1.602002861230329
2011-03-15,2.5329881116738915,2.151988919041054,2.7337793508645483,1.582546494992847
2011-03-16,2.5445413993227053,2.152405609745525,2.7507789581537807,1.594563662374821
2011-03-17,2.543276276641726,2.1528223811340284,2.748361625850552,1.5802575107296135
2011-03-18,2.5427819438441297,2.1532392332221866,2.755287657019074,1.563948497854077
2011-03-21,2.5379836425361204,2.153656166025626,2.771863261901049,1.5605150214592274
2011-03-22,2.549737348983009,2.1540731795599752,2.8498839028800824,1.5736766809728182
2011-03-23,2.545018778771386,2.1544902738408664,2.7899195414678912,1.5842632331902715
2011-03-24,2.5601733941527733,2.154907448883934,2.864140952956151,1.6014306151645206
2011-03-25,2.560662523447237,2.1553247047048174,2.8629813051375828,1.6211731044349067
2011-03-28,2.571672632510984,2.1557420413191557,2.8535468194245506,1.647782546494993
2011-03-29,2.5683360120184138,2.156159458742594,2.8126800993447265,1.6552217453505007
2011-03-30,2.5761849090016407,2.1565769569907802,2.8021427628740865,1.6758226037195991
2011-03-31,2.5920572721054467,2.1537638902439977,2.8523889002121856,1.6718168812589411
2011-04-01,2.491065501193868,2.193935985725962,2.874761742605441,1.6872675250357652
2011-04-04,2.496980541416108,2.204356106685234,2.8753321318400857,1.7044349070100142
2011-04-05,2.5138382130163115,2.2433031291741554,2.8618816646486382,1.6992846924177396
2011-04-06,2.492716354526418,2.274156393203356,2.8508790861656084,1.694706723891273
2011-04-07,2.498962572544807,2.2941374987302314,2.8380977718995406,1.6912732474964234
2011-04-08,2.493648620861851,2.2372030424630482,2.8215298222736083,1.6849785407725322
2011-04-11,2.480595549326272,2.2150665337350697,2.8277236652432265,1.6726752503576536
2011-04-13,2.4902764151220516,2.2369246371410676,2.827383623708693,1.697854077253219
2011-04-15,2.480745443787479,2.2360016468246577,2.8257965162704606,1.6781115879828323
2011-04-18,2.4759375747479027,2.2499470793927046,2.798908410082264,1.6526466380543632
2011-04-19,2.4894861540656565,2.274406058808613,2.7994637490525176,1.654077253218884
2011-04-20,2.483909509401975,2.262093433514396,2.8000191982090765,1.6929899856938482
2011-04-21,2.4565342151312834,2.2646146652650883,2.788721864312854,1.701859799713877
2011-04-25,2.465245382940063,2.2389718248573858,2.791845702665684,1.7030042918454935
2011-04-26,2.4549347254103004,2.208855274878395,2.792668025330895,1.6949928469241773
2011-04-27,2.4774103339893663,2.2044185057228876,2.802249936458681,1.6975679542203146
2011-04-28,2.478149734999014,2.1918900868790465,2.816365240826092,1.6741058655221743
2011-04-29,2.487349360682498,2.163308996490351,2.827538951323233,1.658082975679542
2011-05-02,2.475008833366205,2.1327285091147425,2.8255130248531453,1.6497854077253216
2011-05-03,2.473457014448114,2.0836388087693862,2.8025744205373866,1.6197424892703862
2011-05-04,2.476219906756581,2.111028956536306,2.803514782311898,1.6100143061516452
2011-05-05,2.476496531697307,2.085745065523242,2.794221301476294,1.5911301859799711
2011-05-06,2.481532851309898,2.0952933569177823,2.798721110366829,1.6151645207439198
2011-05-09,2.5134560073184753,2.0956990696318405,2.8629921706622885,1.6143061516452073
2011-05-10,2.510631512247116,2.0961048609042576,2.845838223533489,1.6031473533619456
2011-05-11,2.5185975719782965,2.0965107307502433,2.8405496763268325,1.6103004291845493
2011-05-12,2.497640379184309,2.0969166791850133,2.8343711438693,1.5899856938483548
2011-05-13,2.503728645704382,2.0973227062237845,2.8489568760677093,1.6085836909871245
2011-05-16,2.496214115761159,2.097728811881777,2.8550887361577577,1.6
2011-05-17,2.4995000440619215,2.0981349961742137,2.880056477212267,1.5771101573676678
2011-05-18,2.4910512335239887,2.0985412591163204,2.809974919685138,1.5776824034334762
2011-05-19,2.490191144812653,2.0989476007233265,2.8105324543914247,1.5874105865522172
2011-05-20,2.490050650228073,2.099354021010464,2.811090099719677,1.59656652360515
2011-05-23,2.47700043222647,2.099760519992967,2.811647855691844,1.5679542203147352
2011-05-24,2.4798771301840947,2.1001670976860747,2.812205722329878,1.571673819742489
2011-05-25,2.491532977201103,2.1005737541050267,2.8127636996557377,1.5582260371959942
2011-05-26,2.5075433170653922,2.100980489265067,2.8133217876913834,1.5768240343347637
2011-05-27,2.515080339570543,2.1013873031814425,2.8138799864587827,1.5994277539341917
2011-05-30,2.53476619905078,2.1017941958694024,2.814438295979905,1.5942775393419168
2011-05-31,2.54620987742393,2.1022011673442,2.8149967162767267,1.6100143061516452
2011-06-01,2.559119097276134,2.1026082176210905,2.815555247371227,1.6120171673819743
2011-06-02,2.5418810663824325,2.1030153467153316,2.816113889285387,1.6123032904148784
2011-06-03,2.541347287673992,2.103422554642186,2.8166726420411976,1.6
2011-06-06,2.5406594181308515,2.1038298414169176,2.8172315056606507,1.6057224606580829
2011-06-07,2.550624630194586,2.1042372070547937,2.8177904801657427,1.6125894134477825
2011-06-08,2.571608008359176,2.104644651571084,2.8183495655784734,1.602002861230329
2011-06-09,2.579926899173734,2.105052174981063,2.81890876192085,1.6088698140200284
2011-06-10,2.582450262483162,2.1054597773000063,2.819468069214882,1.597997138769671
2011-06-13,2.5878514987347936,2.1058674585431927,2.8200274874825837,1.6051502145922747
2011-06-14,2.59478743270066,2.106275218725905,2.820587016745973,1.5982832618025749
2011-06-15,2.5857095018485023,2.106683057863428,2.821146657027073,1.5779685264663803
2011-06-16,2.556070851570073,2.1070909759710497,2.821706408347912,1.5628040057224604
2011-06-17,2.5575078577093677,2.107498973064061,2.82226627073052,1.5668097281831186
2011-06-20,2.5179884264019035,2.107907049157756,2.822826244196935,1.5370529327610871
2011-06-21,2.50743236495021,2.108315204267432,2.823386328769197,1.54277539341917
2011-06-22,2.4926018774575014,2.1087234384083886,2.8239465244693487,1.5424892703862658
2011-06-23,2.492106201820387,2.1091317515959287,2.824506831319442,1.5516452074391986
2011-06-24,2.503590333234019,2.1095401438453583,2.82506724934153,1.5917024320457795
2011-06-27,2.5106388978644656,2.109948615171986,2.8256277785576684,1.602002861230329
2011-06-28,2.525039173146567,2.1103571655911235,2.826188418989922,1.6148783977110155
2011-06-29,2.565543912950428,2.110765795118086,2.826749170660357,1.6226037195994276
2011-06-30,2.5957614949160934,2.10801248504063,2.827310033591043,1.6306151645207438
2011-07-01,2.586637236100562,2.0974587462028795,2.827871007804057,1.6343347639484975
2011-07-04,2.6034396834255835,2.123608971688399,2.828432093321479,1.6374821173104432
2011-07-05,2.606440426183692,2.114240380361171,2.828993290165392,1.6380543633762517
2011-07-06,2.6086235475302244,2.1218608963594106,2.829554598357885,1.6363376251788266
2011-07-07,2.618120780021905,2.1542746493138387,2.830116017921051,1.6589413447782544
2011-07-08,2.6029866429431685,2.117022127579256,2.8306775488769875,1.6434907010014304
2011-07-11,2.6058860013176615,2.1262550650093446,2.831239191247797,1.6320457796852643
2011-07-12,2.585069974528013,2.1244311074572386,2.831800945055584,1.6180257510729612
2011-07-13,2.601916399847252,2.164235159292733,2.83236281032246,1.6263233190271815
2011-07-14,2.6059081581697097,2.1731595268016104,2.83292478707054,1.6294706723891272
2011-07-15,2.6252964108417505,2.183660579390565,2.8334868753219427,1.6248927038626608
2011-07-18,2.6276243910012966,2.2020622903060554,2.834049075098792,1.6297567954220311
2011-07-19,2.6463178920776667,2.243737272075586,2.8346113864232168,1.6449213161659513
2011-07-20,2.61058661105073,2.2196050002855703,2.835173809317348,1.6134477825464948
2011-07-21,2.5913751096302575,2.2159534720196707,2.835736343803324,1.6148783977110155
2011-07-22,2.614111061220893,2.2321109499163843,2.8362989899032844,1.63519313304721
2011-07-25,2.635922132093445,2.232883480732551,2.8374660898041624,1.6423462088698138
2011-07-26,2.6154320795968125,2.2240733735356106,2.829325342362313,1.6185979971387696
2011-07-27,2.62747466439503,2.2227540464927897,2.8252453378354008,1.61173104434907
2011-07-28,2.613327850071968,2.228167580736593,2.802543799513217,1.6074391988555077
2011-07-29,2.608611294119622,2.212846958777682,2.7985430639279048,1.6128755364806866
2011-08-01,2.6148600299621068,2.2132754334552143,2.813609595594533,1.6165951359084405
2011-08-02,2.5994355038375834,2.2137039910985155,2.7832150188371143,1.5911301859799711
2011-08-03,2.5793120465293895,2.2141326317236505,2.7907727321010163,1.5845493562231758
2011-08-04,2.5628555482352153,2.2145613553466865,2.808034840589384,1.561659513590844
2011-08-05,2.5102501458239788,2.214990161983695,2.8014520612240577,1.5256080114449213
2011-08-08,2.481675192298815,2.21541905165075,2.805960019258121,1.4989985693848351
2011-08-09,2.4709865254447108,2.2158480243639285,2.775255034215367,1.4858369098712445
2011-08-10,2.4927608360854547,2.216277080139311,2.807489835747906,1.5141630901287553
2011-08-11,2.5033501328152212,2.2167062189929796,2.836952199874341,1.50414878397711
2011-08-12,2.495158643899942,2.2171354409410218,2.7735590245863366,1.486409155937053
2011-08-16,2.492192479259424,2.2175647459995282,2.731511913413506,1.4763948497854076
2011-08-17,2.488932400619385,2.21799413418459,2.720914322669499,1.4832618025751072
2011-08-18,2.465003168261988,2.218423605512304,2.7213533886450985,1.4486409155937052
2011-08-19,2.452002131757735,2.218853159998768,2.742116418582325,1.4217453505007152
2011-08-22,2.462350724503884,2.2192827976600853,2.844245683332904,1.4360515021459226
2011-08-23,2.4695678154938503,2.2197125185123605,2.92005000421576,1.4512160228898423
2011-08-24,2.4629059886446134,2.220142322571702,2.9471846766177854,1.434620886981402
2011-08-25,2.4642281820051113,2.2205722098542213,2.9438341439086004,1.421173104434907
2011-08-26,2.421765414328937,2.2210021803760327,2.8956220821841185,1.394277539341917
2011-08-29,2.450151531046869,2.221432234153254,2.931959113180468,1.4452074391988554
2011-08-30,2.4684613157309454,2.2218623712020062,2.9364436115589183,1.4506437768240343
2011-09-02,2.480663027012056,2.2222925915384133,3.012961088661432,1.4723891273247496
2011-09-05,2.4794940852115603,2.222722895178602,3.013558898401245,1.4629470672389129
2011-09-06,2.4766353477324894,2.223153282138702,3.0141568267541023,1.4769670958512158
2011-09-07,2.469296729766136,2.2235837524348474,3.014754873743537,1.4915593705293275
2011-09-08,2.4745158434081267,2.2240143060831743,3.01535303939309,1.496137339055794
2011-09-09,2.470778217464467,2.2244449430998223,3.015951323726303,1.4743919885550787
2011-09-12,2.443064527635218,2.224875663500934,3.0165497267667245,1.444921316165951
2011-09-13,2.431263653950256,2.225306467302655,3.0171482485379086,1.4452074391988554
2011-09-14,2.431538264631705,2.2257373545211343,3.0177468890634125,1.455793991416309
2011-09-15,2.4369626648650238,2.226168325172524,3.018345648366798,1.467525035765379
2011-09-16,2.4238632653660708,2.2265993792729795,3.018944526471633,1.4706723891273246
2011-09-19,2.4297895518692747,2.2270305168386586,3.0195435234014885,1.4523605150214591
2011-09-20,2.450724419956274,2.227461737885723,3.020142639179941,1.488412017167382
2011-09-21,2.451985010553879,2.2278930424303374,3.020741873830572,1.486409155937053
2011-09-22,2.4103563140733777,2.228324430488669,3.0213412273769675,1.4371959942775392
2011-09-23,2.390434786257716,2.228755902076889,3.0219406998427165,1.4237482117310445
2011-09-26,2.342210733484123,2.2291874572111707,3.022540291251416,1.4131616595135907
2011-09-27,2.3620981867470134,2.229619095907692,3.0231400016266634,1.4420600858369097
2011-09-28,2.3538724554240225,2.2300508181826326,3.0237398309920653,1.4360515021459226
2011-09-29,2.3524463598558127,2.230482624052176,3.0243397793712306,1.4537911301859798
2011-09-30,2.3515963424408626,2.230914513532509,3.024939846787772,1.4317596566523605
2011-10-03,2.3298520778343357,2.2313464866398203,3.0255400332653104,1.415736766809728
2011-10-04,2.3134194149416074,2.2317785433903032,3.026140338827465,1.3945636623748212
2011-10-05,2.304707407858129,2.232210683800154,3.026740763497868,1.388841201716738
2011-10-07,2.3163402587483897,2.232642907885571,3.02734130730015,1.4248927038626606
2011-10-10,2.3242447157166777,2.2330752156627565,3.027941970257946,1.4477825464949927
2011-10-11,2.35435923474933,2.233507607147916,3.0285427523949027,1.440915593705293
2011-10-12,2.376142441701881,2.233940082357258,3.029143653734664,1.4795422031473533
2011-10-13,2.369979479733614,2.2343726413069938,3.0297446743008805,1.4812589413447783
2011-10-14,2.379378349230595,2.234805284013338,3.0303458141172097,1.4958512160228898
2011-10-17,2.3815752346821877,2.2352380104925085,3.030947073207313,1.4838340486409154
2011-10-18,2.370885224988565,2.2356708207607268,3.0315484515948543,1.4680972818311873
2011-10-19,2.381957776089903,2.2361037148342158,3.032149949303504,1.4935622317596566
2011-10-20,2.387995350418169,2.236536692729204,3.032751566356937,1.4832618025751072
2011-10-21,2.387684483069731,2.236969754461921,3.033353302778833,1.4723891273247496
2011-10-24,2.4083618616791367,2.2374029000486013,3.0339551585928763,1.4775393419170242
2011-10-25,2.417207817004545,2.237836129505481,3.034557133822757,1.5047210300429184
2011-10-26,2.417463292222861,2.2382694428487993,3.035159228492166,1.5055793991416306
2011-10-28,2.437155698045749,2.2387028400948,3.0357614426248034,1.5596566523605149
2011-10-31,2.436014788020193,2.235782647288796,3.036363776244372,1.5416309012875535
2011-11-01,2.4387654269180574,2.228312327009971,3.0369662293745785,1.521030042918455
2011-11-02,2.4585996701650434,2.225988995558215,3.037568802039137,1.5230329041487838
2011-11-03,2.4679181371458787,2.224282548262686,3.038171494261764,1.525035765379113
2011-11-04,2.476125572280435,2.230444586839673,3.0387743060661814,1.5310443490701
2011-11-08,2.455395822929824,2.2174914769178216,3.0393772374761148,1.536480686695279
2011-11-09,2.4325581512456935,2.209904267043212,3.039980288515297,1.517024320457797
2011-11-11,2.4218936555029145,2.208893039579222,3.040583459207462,1.50414878397711
2011-11-14,2.3981754168047975,2.209320748657377,3.0411867495763527,1.4947067238912732
2011-11-15,2.368954557471433,2.2097485405530577,3.0417901596457124,1.4766809728183117
2011-11-16,2.360234493350846,2.2101764152823,3.0423936894392933,1.4612303290414876
2011-11-17,2.359199835502159,2.2106043728611424,3.042997338980849,1.438912732474964
2011-11-18,2.3424549624214754,2.211032413305628,3.0436011082941388,1.4208869814020026
2011-11-21,2.3275128513938252,2.2114605366318014,3.0442049974029275,1.3968526466380542
2011-11-22,2.329850399284938,2.2118887428557112,3.044809006330983,1.402002861230329
2011-11-23,2.3226000730168987,2.2123170319934093,3.045413135102081,1.380829756795422
2011-11-24,2.3380356775674462,2.21274540406095,3.046017383739997,1.3896995708154505
2011-11-25,2.340578008485067,2.213173859074391,3.0466217522685173,1.389127324749642
2011-11-28,2.348916706182517,2.2136023970497933,3.047226240711428,1.412017167381974
2011-11-29,2.3421148883135197,2.214031018003221,3.047830849092521,1.404005722460658
2011-11-30,2.3474367291786438,2.2144597219507416,3.048435577435596,1.404005722460658
2011-12-01,2.351974687475084,2.2148885089084236,3.049040425764452,1.4360515021459226
2011-12-02,2.371315772909052,2.215317378892342,3.049645394102897,1.4680972818311873
2011-12-05,2.3713548831100164,2.2157463319185733,3.0502504824747425,1.4623748211731042
2011-12-07,2.377690735666237,2.2161753680031953,3.0508556909038056,1.4703862660944205
2011-12-08,2.370033529024217,2.216604487162292,3.051461019413906,1.4360515021459226
2011-12-09,2.360543850004826,2.217033689411949,3.052066468028868,1.4237482117310445
2011-12-12,2.349382671495294,2.217462974768255,3.0526720367725253,1.3922746781115878
2011-12-13,2.336888892618999,2.2178923432473017,3.0532777256687096,1.3971387696709583
2011-12-14,2.3328798452377457,2.2183217948651848,3.0538835347412623,1.4005722460658083
2011-12-15,2.315351425298257,2.218751329638002,3.0544894640140283,1.394277539341917
2011-12-16,2.3168594340770707,2.2191809475818554,3.055095513510857,1.3685264663805434
2011-12-19,2.313623694403297,2.2196106487128477,3.055701683255601,1.3608011444921315
2011-12-20,2.307067784021049,2.220040433047089,3.05630797327212,1.327324749642346
2011-12-21,2.3038266729892025,2.2204703006006876,3.056914383584277,1.3665236051502143
2011-12-22,2.310988371849048,2.2209002513897587,3.057520914215941,1.3765379113018597
2011-12-23,2.311967469712674,2.221330285430419,3.058127565190984,1.3756795422031471
2011-12-26,2.314797336142106,2.2217604027387883,3.058734336533284,1.3922746781115878
2011-12-27,2.316531613379717,2.22219060333099,3.0593412282667227,1.3819742489270384
2011-12-28,2.3134840390934155,2.22262088722315,3.059948240415188,1.3728183118741055
2011-12-29,2.3108376381131426,2.2230512544313985,3.0605553730025723,1.3570815450643776
2011-12-30,2.3113801452784504,2.223481704971867,3.061162626052772,1.344778254649499
2012-01-02,2.2994523732590295,2.2239122388606924,3.0617699995896865,1.349928469241774
2012-01-03,2.3025222722523195,2.2243428561140117,3.062377493637224,1.3879828326180257
2012-01-04,2.2985650920474527,2.2247735567479685,3.062985108219296,1.3834048640915593
2012-01-05,2.3000438940667474,2.225204340778707,3.063592843359815,1.3834048640915593
2012-01-06,2.3005251341790425,2.2256352082223763,3.064200699082704,1.3871244635193132
2012-01-07,2.30094158228459,2.2260661590951263,3.064808675411887,1.3871244635193132
2012-01-09,2.3015072534315846,2.2264971934131124,3.0654167723712944,1.380829756795422
2012-01-10,2.3036343112282367,2.226928311192492,3.06602498998486,1.4128755364806866
2012-01-11,2.3005264770185607,2.227359512449425,3.066633328276524,1.4065808297567952
2012-01-12,2.3021289881284592,2.2277907972000763,3.06724178727023,1.400286123032904
2012-01-13,2.304820038522709,2.2282221654606116,3.067850366989926,1.4111587982832616
2012-01-16,2.304576145295236,2.2286536172472022,3.068459067459567,1.412017167381974
2012-01-17,2.3076302659241885,2.2290851525760207,3.06906788870311,1.434907010014306
2012-01-18,2.3084168341719087,2.229516771463244,3.06967683074452,1.4314735336194562
2012-01-19,2.311062899442302,2.229948473925051,3.070285893607763,1.4477825464949927
2012-01-20,2.3132943630114853,2.2303802599776237,3.0708950773168118,1.4535050071530755
2012-01-23,2.3143207959681242,2.230812129637149,3.071504381895644,1.465808297567954
2012-01-24,2.3146605343662006,2.231244082919815,3.0721138073682424,1.480972818311874
2012-01-25,2.317909534580216,2.231676119841814,3.0727233537585943,1.4918454935622316
2012-01-27,2.3170444102206873,2.232108240419341,3.0733330210906886,1.5015736766809726
2012-01-30,2.312311236629305,2.2325404446685946,3.0739428093885244,1.488698140200286
2012-01-31,2.324991166633795,2.22962829017052,3.074552718676101,1.5047210300429184
2012-02-01,2.3292860709774614,2.2289622979450106,3.0751627489774256,1.5164520743919885
2012-02-02,2.3382913206407023,2.243500492394296,3.0757729003165086,1.521316165951359
2012-02-03,2.338430808095644,2.268802811328615,3.076383172717365,1.540772532188841
2012-02-06,2.3563051770659795,2.312024892802244,3.076993566204015,1.545922746781116
2012-02-07,2.353870105454866,2.2286089451703,3.077604080800484,1.5424892703862658
2012-02-08,2.3600845988896397,2.2553635527391873,3.0782147165308014,1.5510729613733905
2012-02-09,2.3634103088111256,2.3057084347678214,3.0788254734190024,1.5633762517882688
2012-02-10,2.3475067246885244,2.3295882557957435,3.079436351489125,1.5533619456366237
2012-02-13,2.3526148862153327,2.331906857560512,3.080047350765214,1.5576537911301858
2012-02-14,2.3526521500119597,2.351616779670482,3.0806584712713185,1.569957081545064
2012-02-15,2.3828133327178653,2.399377201557235,3.0812697130314914,1.600286123032904
2012-02-16,2.3669003487186373,2.3977862909319936,3.0818810760697923,1.5971387696709585
2012-02-17,2.362538302399067,2.361463668784582,3.082492560410282,1.6108726752503577
2012-02-21,2.378945619195891,2.3829823555359453,3.083104166077029,1.6243204577968526
2012-02-22,2.3224097255152096,2.296665132640022,3.0837158930941087,1.5948497854077253
2012-02-23,2.3261498692829656,2.291806448878552,3.0843277414855947,1.5911301859799711
2012-02-24,2.304890705452348,2.306714075372305,3.0849397112755725,1.5802575107296135
2012-02-27,2.277595477987923,2.309914651277485,3.085551802488128,1.5399141630901287
2012-02-28,2.3185512440149223,2.3323507137806194,3.0861640151473506,1.571387696709585
2012-02-29,2.3326713694025623,2.3521462191032225,3.086776349277341,1.5779685264663803
2012-03-01,2.3275395403292474,2.338274620917542,3.087388804902197,1.5608011444921317
2012-03-02,2.3239348554978787,2.309344191895302,3.088001382046027,1.5622317596566522
2012-03-03,2.3240416112395668,2.309399075902569,3.088614080732941,1.5636623748211729
2012-03-05,2.2843800067981253,2.294652452476242,3.0892269009870548,1.5436337625178826
2012-03-06,2.2881478466309417,2.2562618243556716,3.0898398428324887,1.5256080114449213
2012-03-07,2.3029509737684695,2.265459751789805,3.090452906293368,1.527324749642346
2012-03-09,2.3487668117213105,2.2809390126608244,3.091066091393823,1.532761087267525
2012-03-12,2.3630302852275062,2.3222721729957123,3.0916793981579884,1.5379113018597996
2012-03-13,2.3817467824306235,2.343694890020163,3.092292826610004,1.5605150214592274
2012-03-14,2.363787982425588,2.3153730306494333,3.092906376774014,1.5682403433476395
2012-03-15,2.3388925770349265,2.2980092281827385,3.093520048674168,1.5456366237482118
2012-03-16,2.324991670198614,2.28996093798642,3.0941338423346187,1.5238912732474963
2012-03-19,2.31742174812527,2.2847878487480746,3.094747757779526,1.5084406294706725
2012-03-20,2.3554805057469337,2.282028534050244,3.095361795033054,1.5135908440629469
2012-03-21,2.4220860172638807,2.330897115649652,3.0959759541193703,1.5416309012875535
2012-03-22,2.3690651738767357,2.2725580641982757,3.0965902350626475,1.4992846924177394
2012-03-23,2.3858360644730823,2.2689846470811874,3.097204637887065,1.5104434907010014
2012-03-26,2.3470233024620124,2.2439457611461138,3.0978191626168043,1.4932761087267523
2012-03-27,2.3435198341593195,2.249546122450559,3.0984338092760537,1.502145922746781
2012-03-28,2.3221928569330386,2.2426706080555974,3.0990485778890053,1.494992846924177
2012-03-29,2.333548411462814,2.235303267962741,3.0996634684798563,1.494992846924177
2012-03-30,2.3801634067838573,2.259712714529796,3.100278481072809,1.5258941344778252
2012-04-02,2.424697504416683,2.3156559313564564,3.0547370982974305,1.5264663805436336
2012-04-03,2.441695167036647,2.3232865932973628,3.0553431969280456,1.538769670958512
2012-04-04,2.4532179050864245,2.323480955979985,3.0559494158163245,1.5253218884120172
2012-04-09,2.4470049223461086,2.326388663760472,3.056555754986129,1.5084406294706725
2012-04-10,2.446912098564421,2.3267012475719553,3.057162214461325,1.5124463519313305
2012-04-11,2.417792287904793,2.3057978167759603,3.0577687942657814,1.5092989985693848
2012-04-12,2.442287359264124,2.307481148751003,3.0583754944233736,1.5236051502145922
2012-04-13,2.4152682531756056,2.298531155874896,3.058982314957982,1.4955650929899855
2012-04-16,2.433698054141611,2.3890265667782904,3.0595892558934885,1.5047210300429184
2012-04-17,2.4497229973856594,2.427702804115379,3.0601963172537854,1.5241773962804006
2012-04-18,2.4876125572280436,2.4617540037312846,3.060803499062765,1.519885550786838
2012-04-19,2.4946718645746344,2.485967600072389,3.061410801344324,1.5296137339055793
2012-04-20,2.4848610790554804,2.461277793612864,3.0620182241223683,1.515307582260372
2012-04-23,2.4640230632687232,2.4302183887397426,3.062625767420806,1.4921316165951355
2012-04-24,2.448256952341786,2.442273311983926,3.0632334312635474,1.5024320457796851
2012-04-25,2.4601442713207247,2.469846946671081,3.063841215674513,1.4938483547925607
2012-04-26,2.4390541374144465,2.455035120729774,3.0644491206776228,1.4989985693848351
2012-04-27,2.4447927620949974,2.477934459441641,3.0650571462968044,1.4918454935622316
2012-04-28,2.44483338299042,2.4780455651215765,3.06566529255599,1.4992846924177394
2012-04-30,2.4790610194669767,2.4918694472158216,3.0662735594791166,1.5024320457796851
2012-05-02,2.4942193276570386,2.4622204555040677,3.0668819470901245,1.50414878397711
2012-05-03,2.480068149105543,2.4348823912124176,3.067490455412959,1.490414878397711
2012-05-04,2.409987368915783,2.353975026153352,3.068099084471573,1.4609442060085835
2012-05-07,2.406473325751885,2.354430827530058,3.068707834289921,1.4743919885550787
2012-05-08,2.3744368676589693,2.3548867171638155,3.0693167048919623,1.444349070100143
2012-05-09,2.3496566107569836,2.355342695071714,3.069925696301663,1.4337625178826894
2012-05-10,2.3621317577349656,2.3557987612708446,3.070534808542993,1.4314735336194562
2012-05-11,2.3418053638046,2.3562549157783055,3.0711440416399256,1.4280400572246064
2012-05-14,2.3199526649069875,2.356711158611194,3.0717533956164425,1.3977110157367667
2012-05-15,2.3199963071913254,2.357167489786614,3.072362870496524,1.4168812589413446
2012-05-16,2.3200228282718074,2.35762390932167,3.0729724663041624,1.4022889842632331
2012-05-17,2.3138662447912512,2.3580804172334724,3.0735821830633507,1.4037195994277538
2012-05-18,2.309998195559398,2.3585370135391326,3.0741920207980846,1.4068669527896995
2012-05-21,2.3146314954616223,2.358993698255767,3.07480197953237,1.4111587982832616
2012-05-22,2.3248406007528293,2.359450471400494,3.075412059290214,1.3988555078683833
2012-05-23,2.357412012538764,2.3599073329904368,3.076022260095629,1.3954220314735335
2012-05-24,2.358116499720941,2.3603642830427205,3.076632581972633,1.4188841201716738
2012-05-25,2.3665523854285127,2.360821321574474,3.0772430249452456,1.4266094420600857
2012-05-28,2.410325093054582,2.3612784486028304,3.077853589037497,1.4277539341917025
2012-05-29,2.402503724281476,2.3617356641449248,3.078464274273417,1.439198855507868
2012-05-30,2.367292457857919,2.362192968217896,3.079075080677043,1.419170243204578
2012-05-31,2.3890196012605904,2.3626503608388867,3.079686008272416,1.4268955650929898
2012-06-01,2.355063554076567,2.363107842025043,3.080297057083581,1.4022889842632331
2012-06-04,2.340613258022417,2.3635654117935117,3.0809082271345893,1.4037195994277538
2012-06-05,2.369430929790475,2.3640230701614473,3.081519518449497,1.4071530758226036
2012-06-06,2.371086315206399,2.364480817146003,3.082130931052364,1.4469241773962802
2012-06-07,2.3802159453800025,2.3649386527643412,3.0827424649672555,1.454363376251788
2012-06-08,2.3816265982937543,2.3653965770336214,3.083354120218241,1.4586552217453503
2012-06-11,2.364131413632339,2.36585458997101,3.0839658968293957,1.4583690987124462
2012-06-12,2.3784870395004636,2.3663126915936754,3.084577794824798,1.4729613733905578
2012-06-13,2.3691314765779414,2.3667708819187903,3.085189814228533,1.4729613733905578
2012-06-14,2.348098413351182,2.3672291609635296,3.085801955064689,1.4586552217453503
2012-06-15,2.3565854948153806,2.3676875287450727,3.0864142173573605,1.4818311874105865
2012-06-18,2.3424485839337645,2.3681459852806013,3.087026601130645,1.4575107296137335
2012-06-19,2.357410837554186,2.3686045305873007,3.0876391064086475,1.473247496423462
2012-06-20,2.3662856639292325,2.3690631646823612,3.088251733215475,1.4798283261802574
2012-06-21,2.3674650127359937,2.3695218875829736,3.08886448157524,1.4895565092989984
2012-06-22,2.357489729375873,2.3699806993063333,3.08947735151206,1.4818311874105865
2012-06-25,2.3662593107036898,2.3704395998696395,3.0900903430500586,1.4758226037195992
2012-06-26,2.370137599086869,2.3708985892900936,3.090703456213362,1.4746781115879828
2012-06-27,2.381129579817122,2.3713576675849026,3.091316691026103,1.484978540772532
2012-06-28,2.391597517425441,2.371816834771274,3.091930047512418,1.4858369098712445
2012-06-29,2.4147767739119854,2.368723006356885,3.092543525696448,1.5278969957081543
2012-07-02,2.4272071036210505,2.3793506969144147,3.088985206786841,1.5230329041487838
2012-07-03,2.4308953802124202,2.3928780005969434,3.092205847087047,1.521316165951359
2012-07-04,2.4262083667294725,2.3987033216635503,3.0845375030261444,1.5276108726752502
2012-07-05,2.433910054930529,2.420485459402562,3.082313774617668,1.5333333333333332
2012-07-06,2.4196658847424057,2.4081799552637357,3.123646971428599,1.5278969957081543
2012-07-09,2.4260212084716386,2.4261146494840578,3.1575829684087773,1.5124463519313305
2012-07-10,2.4403347027498836,2.43600395088013,3.168733713137791,1.5304721030042918
2012-07-11,2.4400889631180736,2.4330096183194514,3.142193681269648,1.51931330472103
2012-07-12,2.4317494261459247,2.4281094800473726,3.115653896345248,1.5038626609442058
2012-07-13,2.433455000188837,2.4420596768382508,3.126804641074261,1.4992846924177394
2012-07-16,2.428266436145883,2.414603677579944,3.1110338258517225,1.5024320457796851
2012-07-17,2.4272092857352674,2.3975194599545744,3.111416094766361,1.4935622317596566
2012-07-18,2.4407105299600085,2.396191564170894,3.1279514478181776,1.5095851216022889
2012-07-19,2.4523952480266553,2.41913464534976,3.133718078111875,1.517596566523605
2012-07-20,2.465869299751155,2.41674152898871,3.112563148454021,1.5067238912732472
2012-07-23,2.4580853626296153,2.4028842136216797,3.093871613812548,1.4798283261802574
2012-07-24,2.48108904284917,2.4006964503268438,3.0944854772279875,1.4838340486409154
2012-07-25,2.483319834998594,2.3976764523220044,3.0950994624417234,1.4841201716738197
2012-07-26,2.4534062383288364,2.3653012250003287,3.095713569477923,1.4646638054363377
2012-07-27,2.4456548650656105,2.3363982536768764,3.096327798360756,1.4741058655221746
2012-07-30,2.4593595494773415,2.3368506516542245,3.0969421491143985,1.500429184549356
2012-07-31,2.45884087771348,2.3338024335792533,3.097556621763032,1.5107296137339057
2012-08-01,2.4778633744717813,2.3504829512261627,3.0981712163308424,1.5101573676680973
2012-08-02,2.4822519418718345,2.371840108154965,3.098785932842018,1.5104434907010014
2012-08-03,2.4917384316473705,2.3732493851292458,3.099400771320757,1.5072961373390557
2012-08-06,2.5140403103637836,2.3938751062052237,3.1000157317912573,1.519885550786838
2012-08-07,2.5256456330439234,2.3902610370349526,3.100630814277724,1.5313304721030043
2012-08-08,2.557999169118048,2.4230343912972216,3.1012460188043662,1.5339055793991414
2012-08-09,2.557053642242374,2.462593903246554,3.1018613453954,1.5313304721030043
2012-08-10,2.567288429339365,2.481948767095266,3.0836262806133425,1.5293276108726752
2012-08-13,2.587961275865397,2.49986257818269,3.096552303912988,1.5393419170243203
2012-08-14,2.593300405789317,2.5206818006701943,3.092081881327907,1.5487839771101573
2012-08-16,2.6039069915778783,2.528282629988973,3.105008151571296,1.5442060085836908
2012-08-17,2.614753777785238,2.538960258677147,3.0745054134543097,1.5396280400572246
2012-08-21,2.6098357959051786,2.558372607042976,3.09461824051541,1.5570815450643776
2012-08-22,2.5956020327233205,2.56481798444852,3.090071265369904,1.5550786838340485
2012-08-23,2.5928770756312396,2.551759201681382,3.0904564976094626,1.5582260371959942
2012-08-24,2.5914451051401377,2.52336176401888,3.0859097694077,1.5479256080114447
2012-08-27,2.578588591739019,2.49804964540428,3.0567032389993307,1.540486409155937
2012-08-28,2.540861851188203,2.4665358907951753,3.0297037304713563,1.5344778254649498
2012-08-29,2.558294258102148,2.4771225436880067,3.0303048621639106,1.5207439198855506
2012-08-30,2.5780252705611812,2.4968212711979776,3.030906113128625,1.5276108726752502
2012-08-31,2.5793353783660162,2.485501353460956,3.031507483389167,1.5110157367668098
2012-09-03,2.577247430770328,2.475570521220633,3.0321089729692043,1.5081545064377682
2012-09-04,2.5694406653769812,2.4647012067199237,3.0327105818924123,1.5164520743919885
2012-09-05,2.5710948758083263,2.48577263858282,3.0333123101824704,1.5050071530758224
2012-09-06,2.6084357178526316,2.512136973652224,3.0339141578630624,1.5084406294706725
2012-09-07,2.640032228148434,2.554237658440243,3.034516124957876,1.5456366237482118
2012-09-08,2.6400733526086757,2.5543474435610642,3.035118211490606,1.5422031473533615
2012-09-10,2.6679095765439507,2.6048619323546487,3.0357204174849493,1.5487839771101573
2012-09-11,2.6609595427631443,2.5921514491986395,3.036322742964609,1.5490701001430611
2012-09-12,2.6410841750559166,2.571413072607221,3.036925187953292,1.56137339055794
2012-09-13,2.6291208177892664,2.554909293048998,3.037527752474712,1.5605150214592274
2012-09-14,2.6373477240968355,2.55270081218672,3.038130436552584,1.6048640915593706
2012-09-17,2.6124179084435233,2.5147310410892167,3.03873324021063,1.6185979971387696
2012-09-18,2.6078473862887694,2.5101112185906675,3.0393361634725764,1.6097281831187409
2012-09-20,2.597782132680937,2.505742929853417,3.0399392063621544,1.59656652360515
2012-09-21,2.615684365571273,2.519295136387204,3.0405423689030995,1.636909871244635
2012-09-24,2.5987192668096233,2.5016149144981896,3.041145651119152,1.6306151645207438
2012-09-25,2.6079919093919037,2.505010650823581,3.041749053034056,1.6323319027181686
2012-09-26,2.638928078354686,2.5285910101124003,3.0423525746715625,1.6314735336194564
2012-09-27,2.675491919882837,2.5547134050547813,3.042956216055426,1.6263233190271815
2012-09-28,2.709360682498185,2.5495321452594655,3.043559977209405,1.6389127324749642
2012-10-01,2.7405917725901277,2.559892158627143,3.044163858157264,1.6457796852646638
2012-10-03,2.7587942979676963,2.547747944526576,3.044767858922772,1.6532188841201716
2012-10-04,2.769692447786623,2.540841985136947,3.0453719795297007,1.6666666666666663
2012-10-05,2.751850474819661,2.508714643838774,3.04597622000183,1.6529327610872675
2012-10-08,2.7587350451739607,2.5100553105780334,3.0465805803629413,1.634907010014306
2012-10-09,2.7671454169306884,2.522753724980756,3.0471850606368225,1.639771101573677
2012-10-10,2.7429655771482286,2.5089110213602765,3.0477896608472665,1.6263233190271815
2012-10-11,2.766508575289235,2.523156194171946,3.0483943810180696,1.6589413447782544
2012-10-12,2.808464085337451,2.5466551506698196,3.048999221173033,1.6426323319027178
2012-10-15,2.8037389687831777,2.547665597160211,3.049604181335965,1.6426323319027178
2012-10-16,2.8011942878964,2.549818568090672,3.050209261530674,1.6257510729613731
2012-10-17,2.7900190095719277,2.5715106476857463,3.050814461780978,1.627467811158798
2012-10-18,2.799043226843362,2.5818266478937537,3.0514197821106963,1.6452074391988554
2012-10-19,2.783900361307758,2.556150009992817,3.0520252225436546,1.6340486409155937
2012-10-22,2.806656791201044,2.5791394907748777,3.052630783103683,1.6452074391988554
2012-10-23,2.8194825871481863,2.5987119149493805,3.053236463814617,1.6377682403433476
2012-10-25,2.8219587832195416,2.590916538276973,3.053842264700294,1.6443490701001429
2012-10-26,2.782832971745817,2.565126380747617,3.05444818578456,1.6320457796852643
2012-10-29,2.765092215307531,2.5523687770152232,3.055054227091263,1.6343347639484975
2012-10-30,2.755520958787416,2.552958933909978,3.0556603886442573,1.616022889842632
2012-10-31,2.7768648893626127,2.573500233719978,3.0562666704674006,1.6180257510729612
2012-11-01,2.788363959865884,2.5762758129244556,3.056873072584557,1.6320457796852643
2012-11-02,2.8187957247346844,2.590787224502249,3.057479595019594,1.6454935622317597
2012-11-05,2.8164434056088727,2.5863200969631146,3.058086237796384,1.643776824034335
2012-11-06,2.8326538285613574,2.610921101422242,3.058693000938804,1.650071530758226
2012-11-07,2.8871533061128574,2.6329410627759766,3.059299884470736,1.6592274678111587
2012-11-08,2.912319125811474,2.6155354536815323,3.059906888416068,1.650643776824034
2012-11-09,2.8901642880222913,2.605283471886233,3.0605140127986896,1.6383404864091555
2012-11-12,2.908496061703476,2.6182621036064857,3.061121257642499,1.6434907010014304
2012-11-13,2.9157954016139254,2.6588862738370067,3.061728622971396,1.6334763948497857
2012-11-15,2.9344078287543907,2.653846330352241,3.0623361088092875,1.621459227467811
2012-11-16,2.8859178937562158,2.6501235395985594,3.0629437151800825,1.6082975679542202
2012-11-19,2.855175261538978,2.632306680298871,3.063551442107697,1.6100143061516452
2012-11-20,2.883687437316671,2.613745673654288,3.064159289616053,1.6057224606580829
2012-11-21,2.8816657924221887,2.6028766380532615,3.064767257729071,1.615736766809728
2012-11-22,2.9019090981573723,2.6086882641792166,3.0653753464706845,1.6240343347639483
2012-11-23,2.92894985753312,2.6232775492323572,3.0659835558648254,1.6200286123032903
2012-11-26,2.9434108963034147,2.6433913830843436,3.0665918859354333,1.6228898426323315
2012-11-27,2.9412650387535093,2.641535159517147,3.067200336706452,1.6489270386266093
2012-11-29,2.9146361953999356,2.619130362332173,3.0678089082018314,1.676967095851216
2012-11-30,2.919239784977822,2.6177214829747926,3.068417600445521,1.689842632331903
2012-12-03,2.933486640844982,2.679666162708236,3.069026413461483,1.6904148783977109
2012-12-04,2.949732313334816,2.7349688049302077,3.0696353472736777,1.6975679542203146
2012-12-05,2.959090897646254,2.686731242833807,3.070244401906073,1.698426323319027
2012-12-06,2.963555503334019,2.687440292455629,3.070853577382642,1.7078683834048638
2012-12-07,2.9508475415545887,2.675366552207483,3.071462873727361,1.713590844062947
2012-12-10,2.971428235718692,2.7244903334296895,3.0720722909642117,1.7015736766809726
2012-12-11,2.9421892480518337,2.6838106323496307,3.07268182911718,1.698140200286123
2012-12-12,2.936672863311526,2.68242114126529,3.073291488210259,1.6941344778254648
2012-12-13,2.9224887851918373,2.620886230662565,3.073901268267444,1.6835479256080117
2012-12-14,2.9512060797059183,2.626021511765848,3.0745111693127347,1.6944206008583689
2012-12-17,2.9413456091245944,2.633207674394378,3.0751211913701377,1.6881258941344777
2012-12-18,2.971287908989052,2.670908699355073,3.075731334463664,1.698426323319027
2012-12-19,2.984133511819086,2.7236481918784303,3.076341598617327,1.7075822603719597
2012-12-20,2.9778631226893717,2.712822116001213,3.076951983855148,1.70414878397711
2012-12-21,2.947259474362256,2.644441068435926,3.077562490201151,1.6849785407725322
2012-12-24,2.9691031090931217,2.655889434179994,3.0781731176793663,1.6858369098712445
2012-12-26,2.9665251929282714,2.6522487517119737,3.0787838663138265,1.700143061516452
2012-12-27,2.950919047758927,2.6379029874829625,3.0793947361285707,1.6958512160228898
2012-12-28,2.9644253276318606,2.653430310297724,3.0800057271476446,1.701859799713877
2012-12-31,2.962159285945086,2.6674019126023216,3.080616839395095,1.7012875536480685
2013-01-01,2.976047267951037,2.686920104931389,3.0812280728949744,1.7230329041487835
2013-01-02,2.9949994334895784,2.684462942045738,3.081839427671343,1.727038626609442
2013-01-03,3.0074599770878008,2.6868486351338374,3.0824509037482617,1.7301859799713877
2013-01-04,3.0230161014850965,2.7024236071370464,3.0830625011497994,1.732761087267525
2013-01-07,2.985223897507774,2.689261301340679,3.083674219900028,1.7258941344778254
2013-01-08,2.986892711318878,2.709389282290734,3.084286060023024,1.7287553648068668
2013-01-09,2.973070528449314,2.701026955064959,3.0848980215428696,1.7204577968526469
2013-01-10,2.977066483145266,2.6986388860027684,3.085510104483652,1.7184549356223175
2013-01-11,2.9383544340980525,2.6475550715158636,3.086122308869462,1.7147353361945634
2013-01-14,2.9608298748221786,2.648806343193561,3.0867346347243965,1.7373390557939912
2013-01-15,2.9616943277619483,2.651107264341423,3.087347082072556,1.7453505007153074
2013-01-16,2.95141556267074,2.643579231297585,3.0879596509380463,1.7350500715307582
2013-01-17,2.9734062383288364,2.6571982858093146,3.0885723413449786,1.7396280400572244
2013-01-18,2.948889345827336,2.654496628053418,3.089185153317468,1.746781115879828
2013-01-21,2.934833173171745,2.6917203230724347,3.0897980868796338,1.7579399141630898
2013-01-22,2.9126081720177424,2.6949251302672113,3.090411142055602,1.742489270386266
2013-01-23,2.903603090209441,2.646871338139258,3.0910243188695024,1.7476394849785406
2013-01-24,2.84551453833597,2.6360230142730394,3.0916376173454685,1.7341917024320457
2013-01-25,2.860198824176147,2.6680688638471857,3.09225103750764,1.7493562231759656
2013-01-28,2.8800825846303626,2.664017967968342,3.0928645793801617,1.7530758226037195
2013-01-29,2.860544941061934,2.6580333926968596,3.0934782429871817,1.744778254649499
2013-01-30,2.8579525893722644,2.6607863912550145,3.094092028352853,1.7476394849785406
2013-01-31,2.891280523371702,2.6714935549950747,3.094705935501336,1.7413447782546494
2013-02-01,2.9019604617689394,2.674196953018472,3.0953199644567926,1.7341917024320457
2013-02-04,2.8979604785544333,2.6318865203224937,3.0959341152433915,1.7227467811158796
2013-02-05,2.885905808200553,2.61784862112934,3.0965483878853046,1.7184549356223175
2013-02-06,2.9009456108031437,2.626436481642704,3.0971627824067105,1.7167381974248923
2013-02-07,2.882538302399067,2.587254218825207,3.09777729883179,1.7110157367668095
2013-02-08,2.8548432444681304,2.580132509583701,3.0983919371847337,1.696137339055794
2013-02-11,2.8473921636921373,2.5830892205871536,3.0990066974897306,1.7012875536480685
2013-02-12,2.8663950214224867,2.5841685484598003,3.0996215797709787,1.7067238912732474
2013-02-13,2.8542617949567983,2.58613801374893,3.100236584052679,1.7121602288984263
2013-02-14,2.825622049424887,2.5756224768287628,3.1008517103590383,1.697854077253219
2013-02-15,2.837776425612985,2.574236266919729,3.1014669587142687,1.6958512160228898
2013-02-18,2.848701767932153,2.573152707173789,3.1020823291425845,1.6989985693848355
2013-02-19,2.8729514353695538,2.5974578464875053,3.102697821668208,1.7113018597997138
2013-02-20,2.8825973873378627,2.6105111890277164,3.103313436315365,1.7236051502145922
2013-02-21,2.8812380980356775,2.61391503997988,3.103929173108284,1.696709585121602
2013-02-22,2.8794897209831265,2.6084276293711137,3.1045450320712025,1.6972818311874105
2013-02-25,2.86807860646829,2.601512873360016,3.10516101322836,1.698140200286123
2013-02-26,2.8590731889501093,2.5996308552158287,3.105777116604,1.6689556509298995
2013-02-27,2.880248761020726,2.6064650490222827,3.1063933422223737,1.686695278969957
2013-02-28,2.8777544366158767,2.608035596632388,3.1070096901077355,1.6623748211731044
2013-03-01,2.8870029080868314,2.6083943840832116,3.107626160284344,1.6474964234620886
2013-03-04,2.867139961645146,2.6088994488090678,3.108242752776464,1.654077253218884
2013-03-05,2.8925313783828015,2.609404611330863,3.108859467608364,1.67725321888412
2013-03-06,2.9094665989651745,2.609909871667533,3.1094763048043177,1.686981402002861
2013-03-07,2.9482216188769663,2.610415229838018,3.1100932643886043,1.70071530758226
2013-03-08,2.97384635398089,2.6109206858612617,3.1107103463855066,1.716165951359084
2013-03-11,2.9813017989853168,2.6114262397562107,3.111327550819313,1.7130185979971386
2013-03-12,2.975466825569343,2.6119318915418175,3.111944877714317,1.7095851216022888
2013-03-13,2.9289968569162528,2.612437641237035,3.112562327094816,1.6746781115879827
2013-03-14,2.93581311031007,2.612943488860822,3.113179898985113,1.686981402002861
2013-03-15,2.916862623320926,2.613449434432141,3.1137975934095143,1.6743919885550786
2013-03-18,2.916032412788868,2.6139554779699576,3.114415410392334,1.6623748211731044
2013-03-19,2.9018036852552025,2.6144616194932397,3.115033349957888,1.63862660944206
2013-03-20,2.9017644071992983,2.6149678590209615,3.115651412130498,1.6317596566523604
2013-03-21,2.8967801226180336,2.6154741965721007,3.116269596934493,1.619170243204578
2013-03-22,2.888228249147087,2.6159806321656354,3.116887904394202,1.6197424892703862
2013-03-25,2.8910294123818194,2.616487165820551,3.117506334533963,1.6151645207439198
2013-03-26,2.9142967927117387,2.6169937975558346,3.118124887378117,1.6125894134477825
2013-03-28,2.939326314199269,2.6175005273904777,3.118743562951009,1.627467811158798
2013-04-01,2.9479298869916617,2.534917385302603,3.119362361276992,1.635479256080114
2013-04-02,2.939953084544337,2.5354082226399663,3.11998128238042,1.6434907010014304
2013-04-03,2.94403934519788,2.5358991550184116,3.120600326285654,1.6277539341917022
2013-04-04,2.9241139567186036,2.536390182456343,3.12121949301706,1.6125894134477825
2013-04-05,2.9359933865153733,2.536881304972164,3.121838782599008,1.5902718168812588
2013-04-08,2.938190607676846,2.5373725225842882,3.1224581950558727,1.5974248927038626
2013-04-09,2.9356559980864536,2.537863835311127,3.1230777304120347,1.5859799713876963
2013-04-10,2.949124678452881,2.538355243171098,3.123697388691878,1.6057224606580829
2013-04-11,2.9345253272122234,2.538846746182622,3.1243171699197934,1.600572246065808
2013-04-12,2.878112303347447,2.539338344364123,3.1249370741201736,1.5908440629470673
2013-04-15,2.8591530879014355,2.5398300377340286,3.12555710131742,1.5957081545064378
2013-04-16,2.859355856668667,2.540321826310771,3.126177251535935,1.627181688125894
2013-04-17,2.8559819723794697,2.5408137101127832,3.126797524800129,1.6240343347639483
2013-04-18,2.8605791834696457,2.541305689158506,3.1274179211344157,1.647782546494993
2013-04-22,2.8734409003738968,2.5417977634663815,3.128038440563212,1.665808297567954
2013-04-23,2.879067733664567,2.542289933054854,3.1286590831109438,1.6646638054363374
2013-04-25,2.896239629712003,2.5427821979423735,3.129279848802036,1.6815450643776824
2013-04-26,2.8849718633157226,2.5432745581473917,3.1299007376609254,1.6746781115879827
2013-04-29,2.8868679527152636,2.5437670136883663,3.1305217497120483,1.6818311874105865
2013-04-30,2.880394123398559,2.5442595645837565,3.131142884979848,1.686981402002861
2013-05-02,2.8868152462641783,2.544752210852026,3.131764143488773,1.7095851216022888
2013-05-03,2.9026023390585856,2.5452449525116423,3.1323855252632744,1.6929899856938482
2013-05-06,2.8999586237573487,2.5457377895810755,3.133007030327811,1.700429184549356
2013-05-07,2.9159827277266985,2.5462307220788003,3.133628658706844,1.7210300429184548
2013-05-08,2.9222182030289425,2.546723750023294,3.134250410424841,1.7287553648068668
2013-05-09,2.914880256482348,2.547216873433039,3.1348722855062747,1.7207439198855508
2013-05-10,2.9214279419725475,2.5477100923265192,3.135494283975621,1.7356223175965664
2013-05-11,2.9217226952467676,2.5482034067222235,3.1361164058573627,1.7390557939914162
2013-05-13,2.894037372902338,2.5486968166386443,3.1367386511759854,1.705865522174535
2013-05-14,2.9011067515453144,2.549190322094277,3.13736101995598,1.710443490701001
2013-05-15,2.9323015849702685,2.549683923107621,3.137983512221844,1.754220314735336
2013-05-16,2.9433927679699203,2.550177619697179,3.138606127998079,1.7573676680972818
2013-05-17,2.9353407665095825,2.5506714118814586,3.139228867309189,1.761945636623748
2013-05-20,2.915155538583556,2.5511652996789684,3.1398517301796867,1.7545064377682402
2013-05-21,2.8918331018333956,2.5516592831082225,3.1404747166340874,1.7416309012875535
2013-05-22,2.8725385122177416,2.5521533621877386,3.141097826696912,1.7384835479256078
2013-05-23,2.848771259877214,2.552647536936037,3.1417210603926846,1.7035765379113017
2013-05-24,2.858889219936131,2.553141807371642,3.142344417745937,1.7110157367668095
2013-05-27,2.861830038480745,2.553636173513082,3.142967898781204,1.7344778254649498
2013-05-28,2.8767513354958645,2.5541306353788884,3.143591503523026,1.7442060085836908
2013-05-29,2.8831926009542554,2.5546251929875963,3.1442152319959478,1.7393419170243205
2013-05-30,2.8931353204560617,2.5551198463577443,3.144839084224518,1.7476394849785406
2013-05-31,2.8962638008233283,2.551786915135171,3.1454630602332925,1.721602288984263
2013-06-03,2.881592607668453,2.5415253452903936,3.1460871600468305,1.7072961373390556
2013-06-04,2.8756152932635617,2.5400641784383073,3.146711383689697,1.7012875536480685
2013-06-05,2.876822505990323,2.5758200172589527,3.147335731186461,1.7012875536480685
2013-06-06,2.8724240351488244,2.609873951738038,3.1479602025616966,1.7038626609442058
2013-06-07,2.8756428214736824,2.6181783235272302,3.1485847978399826,1.692131616595136
2013-06-10,2.8567598121703224,2.6186852827222373,3.149209517045904,1.689842632331903
2013-06-11,2.839858833995661,2.61919234008001,3.149834360204048,1.667525035765379
2013-06-12,2.817901057905758,2.619699495619556,3.150459327339009,1.6612303290414878
2013-06-13,2.8065644709841755,2.6202067493598857,3.151084418475385,1.6457796852646638
2013-06-14,2.8225539968359343,2.6207141013200146,3.151709633637781,1.6718168812589411
2013-06-17,2.844927381756686,2.6212215515189596,3.152334972850805,1.68555078683834
2013-06-18,2.846653266247309,2.6217290999757443,3.1529604361390686,1.679256080114449
2013-06-19,2.8492687819186657,2.6222367467093934,3.153586023527192,1.6758226037195991
2013-06-20,2.813798347468118,2.6227444917389375,3.1542117350397967,1.6360515021459223
2013-06-21,2.8077804121678045,2.6232523350834085,3.1548375707015106,1.6340486409155937
2013-06-24,2.764741062773551,2.6237602767618435,3.155463530536968,1.617167381974249
2013-06-25,2.7742377917004126,2.624268316793283,3.156089614570804,1.6266094420600858
2013-06-26,2.7756116843823566,2.624776455196771,3.1567158228276635,1.6108726752503577
2013-06-27,2.7719722535784577,2.6252846919913555,3.1573421553321928,1.6343347639484975
2013-06-28,2.790782078128082,2.621860236840827,3.157968612109044,1.6872675250357652
2013-07-01,2.801269319054473,2.673686060353475,3.158595193182875,1.6958512160228898
2013-07-02,2.797752758066479,2.6820866532669916,3.1592218985783487,1.6881258941344777
2013-07-03,2.798028040167687,2.6406425630206662,3.1598487283201298,1.6798283261802571
2013-07-04,2.809754721969274,2.6674947281636263,3.160475682432891,1.6818311874105865
2013-07-05,2.811813798515323,2.695263374723023,3.16110276094131,1.6901287553648068
2013-07-08,2.8135339759379945,2.739050381389124,3.161729963870069,1.680972818311874
2013-07-09,2.8163255714411606,2.744027967220257,3.1623572912438527,1.689842632331903
2013-07-10,2.8031336838703993,2.729430693603541,3.162984743087353,1.6775393419170244
2013-07-11,2.8057497031065752,2.7365768302216984,3.163612319425267,1.7070100143061515
2013-07-12,2.8134559233910057,2.746825478853773,3.164240020282296,1.729327610872675
2013-07-15,2.8343068640081244,2.808562537143482,3.1648678456831454,1.7376251788268953
2013-07-16,2.8179970709313014,2.790630759043013,3.165495795652527,1.715593705293276
2013-07-17,2.846100687785616,2.7651702009552914,3.166123870215157,1.7204577968526469
2013-07-18,2.854242323783786,2.797331781091987,3.166752069395755,1.7381974248927037
2013-07-19,2.832495373498223,2.7796693271249713,3.167380393219048,1.7381974248927037
2013-07-22,2.8490730630589045,2.7670482387609385,3.1680088417097663,1.7384835479256078
2013-07-23,2.863455545717391,2.7434472158261993,3.168637414892645,1.7513590844062945
2013-07-24,2.8535745968334165,2.7452619217735807,3.169266112792426,1.7244635193133049
2013-07-25,2.8354405562712706,2.7243784410627305,3.169894935433853,1.7047210300429183
2013-07-26,2.818404622725041,2.6995443544426836,3.1705238828416764,1.6949928469241773
2013-07-29,2.802020302054964,2.6770000436317574,3.171152955040653,1.681258941344778
2013-07-30,2.7897957625020458,2.6664349003211933,3.1717821520555423,1.6652360515021458
2013-07-31,2.783358525562209,2.6954544699644885,3.172411473911109,1.6629470672389126
2013-08-01,2.7817487966899006,2.6920652333472863,3.173040920632123,1.6572246065808296
2013-08-02,2.784673836870177,2.672590533330071,3.17367049224336,1.6549356223175966
2013-08-05,2.8035830315441395,2.673108028388824,3.1743001887695987,1.6423462088698138
2013-08-06,2.79929064502457,2.6736256236504077,3.174930010235624,1.6120171673819743
2013-08-07,2.790643429947839,2.674143319134224,3.1755599566662265,1.6025751072961372
2013-08-08,2.7919246667030353,2.674661114859679,3.1761900280862,1.6137339055793989
2013-08-12,2.8136002786392,2.6751790108461826,3.1768202245203443,1.6240343347639483
2013-08-13,2.8275936735473204,2.6756970071131487,3.177450545993463,1.6512160228898425
2013-08-14,2.813649963701369,2.6762151036799944,3.178080992530367,1.659799713876967
2013-08-16,2.8165377400850184,2.6767333005661404,3.1787115641558685,1.6017167381974249
2013-08-19,2.796551588117549,2.6772515977910123,3.179342260894789,1.5725321888412016
2013-08-20,2.766432201291644,2.6777699953740384,3.1799730827719506,1.5636623748211729
2013-08-21,2.740615943701453,2.6782884933346507,3.1806040298121827,1.5430615164520742
2013-08-22,2.7537433749753464,2.678807091692286,3.18123510204032,1.5668097281831186
2013-08-23,2.765303041111871,2.6793257904663843,3.181866299481201,1.579113018597997
2013-08-26,2.771058786996278,2.6798445896763887,3.182497622159669,1.5814020028612303
2013-08-27,2.7569465507908064,2.680363489341747,3.1831290701005748,1.536480686695279
2013-08-28,2.7562798309700756,2.68088248948191,3.183760643328769,1.5330472103004291
2013-08-29,2.7709929878598913,2.6814015901163333,3.184392341869112,1.561945636623748
2013-08-30,2.7693993730618,2.681920791264475,3.185024165746466,1.5759656652360514
2013-09-02,2.7751416905510258,2.682440092945798,3.185656114985702,1.604005722460658
2013-09-03,2.771325004930739,2.6829594951797695,3.1862881896116915,1.5527896995708157
2013-09-04,2.780389171677836,2.683478997985858,3.186920389649312,1.5748211731044348
2013-09-05,2.7805523266792838,2.683998601383538,3.187552715123449,1.616022889842632
2013-09-06,2.776231740529834,2.684518305392287,3.18818516605899,1.6403433476394849
2013-09-10,2.7893071367724014,2.685038110031587,3.1888177424808277,1.6995708154506437
2013-09-11,2.7963503300447754,2.685558015320922,3.1894504444138594,1.7070100143061515
2013-09-12,2.796776849446708,2.686078021279782,3.190083271882989,1.6901287553648068
2013-09-13,2.781929072895204,2.686598127927659,3.190716224913124,1.6915593705293277
2013-09-16,2.7656743362386225,2.6871183352840498,3.191349303529179,1.6892703862660945
2013-09-17,2.778871763022396,2.6876386433684543,3.191982507756069,1.692703862660944
2013-09-18,2.7844311186272823,2.6881590522003767,3.1926158376187197,1.7044349070100142
2013-09-19,2.783398475037872,2.688679561799325,3.193249293142056,1.7670958512160226
2013-09-20,2.7798661356855408,2.6892001721848104,3.193882874351013,1.7390557939914162
2013-09-23,2.7801504819534957,2.689720883376349,3.1945165812705274,1.7075822603719597
2013-09-24,2.7800396976932533,2.6902416953934587,3.195150413925541,1.70414878397711
2013-09-25,2.7805825405684406,2.6907626082556635,3.1957843723410027,1.70071530758226
2013-09-26,2.782527811465332,2.69128362198249,3.196418456541864,1.7052932761087267
2013-09-27,2.7835649871381154,2.6918047365934683,3.197052666553083,1.6904148783977109
2013-09-30,2.794558478562826,2.6923259521081317,3.197687002399621,1.665808297567954
2013-10-01,2.798520526560946,2.69284726854602,3.198321464106446,1.676680972818312
2013-10-03,2.8041218459007724,2.693368685926674,3.1989560516985307,1.7121602288984263
2013-10-04,2.81624869387875,2.69389020426964,3.199590765200852,1.7092989985693847
2013-10-07,2.82909026819023,2.6944118235944665,3.200225604638392,1.7121602288984263
2013-10-08,2.8407189227069964,2.6949335439207074,3.200860570036137,1.7278969957081545
2013-10-09,2.844892803639095,2.695455365267919,3.2014956614190813,1.744778254649499
2013-10-10,2.837237611256352,2.6959772876556625,3.20213087881222,1.7453505007153074
2013-10-11,2.843827260481492,2.6964993111035023,3.202766222240556,1.7628040057224603
2013-10-14,2.851765456292672,2.697021435631007,3.203401691729096,1.767668097281831
2013-10-15,2.8404990327359094,2.6975436612577477,3.204037287302851,1.759942775393419
2013-10-17,2.832468516707861,2.698065988003302,3.20467300898684,1.7493562231759656
2013-10-18,2.8487098249692617,2.6985884158872477,3.2053088568060835,1.7882689556509297
2013-10-21,2.8535732539938983,2.6991109449291697,3.2059448307856084,1.794563662374821
2013-10-22,2.862772040402684,2.699633575148655,3.206580930950446,1.7931330472103004
2013-10-23,2.850725427085912,2.700156306565294,3.207217157325635,1.7856938483547924
2013-10-24,2.844874675305601,2.700679139198682,3.2078535099362155,1.782832618025751
2013-10-25,2.8428295307195524,2.7012020730684183,3.208489988807235,1.7802575107296137
2013-10-28,2.833782149466431,2.7017251081941036,3.2091265939637443,1.7670958512160226
2013-10-29,2.8474791125509333,2.7022482445953457,3.2097633254308,1.7991416309012875
2013-10-30,2.847388806593342,2.7027714822917543,3.210400183233465,1.8065808297567956
2013-10-31,2.85225156419822,2.6992459523743806,3.211037167396805,1.819456366237482
2013-11-01,2.8586569086995017,2.707157924812874,3.211674277945892,1.825464949928469
2013-11-03,2.858952333393481,2.7129834980896517,3.2123115149058017,1.82689556509299
2013-11-05,2.872594240057742,2.679492243425935,3.212948878301616,1.81173104434907
2013-11-06,2.8907316377186834,2.7127881308905804,3.2135863681584227,1.7994277539341916
2013-11-07,2.884857050536926,2.705341413482974,3.214223984501311,1.7899856938483547
2013-11-08,2.8870005581176748,2.7231948475986645,3.214861727355379,1.778540772532189
2013-11-11,2.8735140851276326,2.727922142953243,3.215499596745728,1.761945636623748
2013-11-12,2.8617810248383346,2.7365446014009174,3.2161375926974625,1.747925608011445
2013-11-13,2.8521458155861703,2.728372079640497,3.2167757152356966,1.7344778254649498
2013-11-14,2.8552692603052443,2.7409290924694414,3.2174139643855444,1.7519313304721027
2013-11-18,2.8818648683807453,2.759817465363939,3.218052340172129,1.7896995708154504
2013-11-19,2.891841158870504,2.7600836810836937,3.218690842620576,1.7957081545064375
2013-11-20,2.8986094057515497,2.736631068435356,3.2193294717560166,1.7739628040057225
2013-11-21,2.881367682049173,2.692549569340489,3.2199682276035877,1.7390557939914162
2013-11-22,2.8932484546854607,2.704319265703448,3.220607110188429,1.7364806866952789
2013-11-25,2.914058438697278,2.715199197677971,3.2212461195356883,1.771387696709585
2013-11-26,2.918592200620224,2.733655292032773,3.221885255670517,1.7553648068669527
2013-11-27,2.9215887470048383,2.7080216678622544,3.2225245186180707,1.7533619456366236
2013-11-28,2.929348680869992,2.703074284293907,3.223163908403511,1.7610872675250355
2013-11-29,2.9295776350078264,2.7221081144050174,3.223803425052004,1.7859799713876967
2013-12-02,2.9650379981619883,2.775346600137242,3.2244430685887204,1.7997138769670955
2013-12-03,2.972892602213167,2.75389180879862,3.225082839038837,1.7942775393419168
2013-12-04,2.9851335915501824,2.738562198231246,3.225722736427535,1.783118741058655
2013-12-05,2.969550274652645,2.7224575175234023,3.2263627607800016,1.8105865522174531
2013-12-06,2.9586739459758875,2.7182113377622126,3.2270029121214256,1.8180257510729607
2013-12-09,2.9744227678440294,2.7163635563143096,3.2276431904770058,1.8374821173104436
2013-12-10,2.9660501634487475,2.721286862140872,3.2282835958719414,1.831187410586552
2013-12-11,2.97626984360116,2.691645340163397,3.22892412833144,1.8260371959942772
2013-12-12,2.97255353523485,2.670249934090577,3.229564787880712,1.8051502145922744
2013-12-13,2.9614391882535114,2.671018077199197,3.2302055745449745,1.787124463519313
2013-12-16,2.9876534299058752,2.736826913270916,3.230846488349448,1.7822603719599426
2013-12-17,2.992922396464975,2.725476005874486,3.231487529319358,1.7756795422031473
2013-12-18,3.019345113952522,2.758073997231574,3.2321286974799373,1.7999999999999998
2013-12-19,3.0277304753232257,2.7673937286390857,3.2327699928564217,1.780829756795422
2013-12-20,3.051186524605436,2.8156559753167767,3.233411415474052,1.815736766809728
2013-12-23,3.0567408445621296,2.8111792584766833,3.2340529653580745,1.8208869814020028
2013-12-24,3.0575781050016575,2.8347014006083224,3.2346946425337406,1.813447782546495
2013-12-26,3.0635268840667895,2.838665712708212,3.2353364470263077,1.8185979971387696
2013-12-27,3.0709192156138667,2.824774889437303,3.2359783788610343,1.8277539341917024
2013-12-30,3.0613310057448353,2.816941828056983,3.2366204380631896,1.8191702432045775
2013-12-31,3.071462058489054,2.8102960743880945,3.237262624658044,1.8240343347639485
2014-01-01,3.0897475042068643,2.830078452581745,3.237904938670872,1.823175965665236
2014-01-02,3.061645230192068,2.8167442173771944,3.238547380126958,1.7985693848354791
2014-01-03,3.100110532477833,2.864621501619868,3.2391899490515863,1.79656652360515
2014-01-06,3.128664671990466,2.9229708979051856,3.239832645470049,1.7894134477825463
2014-01-07,3.108751704776732,2.9215542092311693,3.2404754694076416,1.7851216022889842
2014-01-08,3.098628709069622,2.9663407957719325,3.2411184208896677,1.7862660944206008
2014-01-09,3.0635738834499224,2.9393183657888,3.2417614999414317,1.7842632331902717
2014-01-10,3.0570295550585183,2.9405072647084562,3.242404706588245,1.7874105865522172
2014-01-13,3.052361173473884,2.926562340564724,3.243048040855425,1.8128755364806863
2014-01-14,3.0460488206092293,2.9315032580508227,3.2436915027682938,1.8051502145922744
2014-01-15,3.0510609691104946,2.923781971092157,3.244335092352176,1.8257510729613733
2014-01-16,3.061233314169894,2.9272931462457525,3.244978809632405,1.8277539341917024
2014-01-17,3.0149231434194568,2.843621048539358,3.245622654634316,1.8091559370529324
2014-01-20,3.037752758066479,2.892154004000137,3.246266627383251,1.8277539341917024
2014-01-21,3.077483686598042,2.93194445472091,3.246910727904557,1.822889842632332
2014-01-22,3.0836201274858266,2.936614879210267,3.247554956223586,1.8380543633762516
2014-01-23,3.0474591378131017,2.9291497969795435,3.2481993123656934,1.8394849785407723
2014-01-24,3.0102628188719307,2.881207779933081,3.248843796356243,1.815736766809728
2014-01-27,2.941790760424841,2.8271094628201547,3.249488408220599,1.776824034334764
2014-01-28,2.9504822892056684,2.846927842228273,3.250133147984135,1.7776824034334764
2014-01-29,2.9672697974410513,2.869849442549594,3.2507780156722275,1.7862660944206008
2014-01-30,2.9658618302063355,2.883625873250066,3.2514230113102576,1.7645207439198856
2014-01-31,3.005429603736451,2.9007433288259805,3.252068134923613,1.765951359084406
2014-02-03,3.0006648734163934,2.901305001226095,3.2527133865376845,1.7536480686695275
2014-02-04,3.003812489246793,2.901866782383121,3.253358766177872,1.7433476394849785
2014-02-05,2.998531101422151,2.902428672318117,3.254004273869574,1.747925608011445
2014-02-06,2.996531277669838,2.902990671052146,3.2546499096381987,1.748497854077253
2014-02-07,3.004543665364392,2.9035527786062745,3.2552956735091585,1.7625178826895564
2014-02-10,2.9992569061816776,2.9041149950015726,3.2559415655078707,1.7590844062947064
2014-02-11,3.00883739472348,2.9046773202591165,3.2565875856597577,1.7625178826895564
2014-02-12,3.0000176247686747,2.905239754399985,3.2572337339902453,1.765951359084406
2014-02-13,2.978297866983353,2.9058022974452613,3.2578800105247674,1.7404864091559369
2014-02-14,2.985564307325609,2.906364949416032,3.2585264152887605,1.7550786838340486
2014-02-17,2.9856881842711527,2.9069277103333895,3.2591729483076666,1.7630901287553646
2014-02-18,2.9921808133411107,2.907490580218428,3.259819609606934,1.7739628040057225
2014-02-19,3.025930398949228,2.908053559092248,3.260466399212014,1.781115879828326
2014-02-20,3.006947012391891,2.908616646975952,3.261113317148366,1.7690987124463518
2014-02-21,3.0063920839610407,2.909179843890648,3.261760363441452,1.783118741058655
2014-02-24,3.00002836748482,2.9097431498574484,3.262407538116738,1.7908440629470672
2014-02-25,3.037017889140205,2.910306564897468,3.2630548411996974,1.796852646638054
2014-02-26,3.0459766429851323,2.9108700890318273,3.2637022727158085,1.8045779685264665
2014-02-28,3.047911339020818,2.907073112612731,3.264349832690553,1.81516452074392
2014-03-03,3.0400171212038556,2.918950406552348,3.2649975211494207,1.7991416309012875
2014-03-04,3.0419897524559274,2.9649591159396627,3.2656453381179027,1.821459227467811
2014-03-05,3.060809984011817,3.043755194312016,3.266293283621497,1.8314735336194563
2014-03-06,3.067992832594072,3.07167972790882,3.2669413576857083,1.8503576537911304
2014-03-07,3.032848036726661,3.025029532040105,3.2675895603360425,1.88898426323319
2014-03-10,3.02741826513527,3.020532473591083,3.2682378915980137,1.880972818311874
2014-03-11,3.016862203683577,3.0007563152624797,3.26888635149714,1.8626609442060085
2014-03-12,3.016584571613212,3.018912887730852,3.269534940058945,1.8672389127324749
2014-03-13,2.9860396725150125,3.063327284729263,3.270183657308957,1.8572246065808296
2014-03-14,2.986106143071158,3.0544591543418553,3.270832503272709,1.860944206008584
2014-03-18,3.0166963630030925,3.117186598349102,3.2714814779757395,1.8643776824034333
2014-03-19,3.0067697575755035,3.108166208825739,3.272130581443592,1.8683834048640915
2014-03-20,2.998508608860223,3.11186824852826,3.2727798137018143,1.8557939914163089
2014-03-21,3.0111568142810983,3.16723840083981,3.273429174775962,1.8589413447782543
2014-03-22,3.0111917281085687,3.1674373023222793,3.274078664691592,1.860371959942775
2014-03-24,3.0184064691293786,3.1439065384734803,3.274728283474269,1.8841201716738196
2014-03-25,3.0373196923218955,3.203691790798097,3.275378031149561,1.8878397711015733
2014-03-26,3.045505977734042,3.2040823228651707,3.2760279077430434,1.884978540772532
2014-03-27,3.0382905652934733,3.199925448562393,3.276677913280294,1.8961373390557936
2014-03-28,3.053088321072929,3.2179152614791873,3.2773280477868973,1.915307582260372
2014-03-31,3.0670609019685187,3.241463644042521,3.277978311288442,1.9170243204577968
2014-04-01,3.0325881972799107,3.172361411958904,3.2786287038105235,1.9213161659513591
2014-04-02,3.0602856051800034,3.202798070846621,3.2792792253787395,1.934763948497854
2014-04-03,3.052836538663287,3.13991192056292,3.279929876018696,1.927324749642346
2014-04-04,3.046726954565864,3.1426873716294,3.280580655756001,1.919885550786838
2014-04-07,3.0613524911771246,3.115042550315647,3.28123156461627,1.9170243204577968
2014-04-09,3.084977066818855,3.163163598729657,3.281882602625122,1.9450643776824037
2014-04-10,3.0611104443539894,3.1291666712968698,3.282533769808184,1.9453505007153076
2014-04-11,3.0577271601881653,3.0997038154220613,3.283185066191081,1.943061516452074
2014-04-15,3.0471110066680374,3.087822022661207,3.2838364917994527,1.9359084406294704
2014-04-16,3.021277795728931,3.0263701307197697,3.284488046658937,1.92274678111588
2014-04-17,3.0507084737369965,3.076003189619063,3.285139730795178,1.9439198855507869
2014-04-21,3.0734783320254637,3.1122205164933523,3.285791544233828,1.9587982832618025
2014-04-22,3.065242697261027,3.1341757066781044,3.286443487000541,1.95450643776824
2014-04-23,3.066885325701529,3.1211283886445496,3.2870955591209774,1.965951359084406
2014-04-24,3.066885325701529,3.1213604996658257,3.287747760620804,1.965951359084406
2014-04-25,3.045775888477178,3.09107502151969,3.288400091525689,1.9510729613733904
2014-04-28,3.0357925480799492,3.113896275792158,3.289052551861309,1.943061516452074
2014-04-29,3.060748884813744,3.102532531110388,3.289705141653345,1.9301859799713876
2014-04-30,3.059671927520237,3.098460449371582,3.290357860927483,1.9250357653791128
2014-05-02,3.0986971938850445,3.1347568826558483,3.291010709709413,1.9164520743919888
2014-05-05,3.0827650744226838,3.1128213370549442,3.291663688024832,1.9247496423462085
2014-05-06,3.117078988338278,3.117202824067529,3.2923167958994397,1.9284692417739628
2014-05-07,3.125242445478617,3.121671206257737,3.292970033358944,1.914735336194564
2014-05-08,3.1529193750760593,3.171409883870464,3.293623400429054,1.910443490701001
2014-05-09,3.2071220850940616,3.2373627342043956,3.294276897135488,1.9802575107296132
2014-05-12,3.292120133780387,3.258393906271345,3.294930523503968,2.013447782546495
2014-05-13,3.3443532339352333,3.306466986079035,3.2955842795602184,2.0331902718168813
2014-05-14,3.3324358689220777,3.302939292869748,3.296238165329972,2.0403433476394848
2014-05-15,3.341216025111099,3.2735095550100235,3.296892180838966,2.044349070100143
2014-05-16,3.3769543560455055,3.381578379773209,3.297546326112942,2.0689556509299
2014-05-19,3.440951737508445,3.4964768358978895,3.298200601177647,2.086695278969957
2014-05-20,3.435429645700186,3.505443183525527,3.2988550060588326,2.079828326180257
2014-05-21,3.4427071644684664,3.500874570707472,3.2995095407822577,2.087553648068669
2014-05-22,3.4987287506137195,3.5151859137732986,3.300164205373683,2.0889842632331903
2014-05-23,3.500664453779044,3.51378074640917,3.300818999858876,2.117596566523605
2014-05-26,3.47789963113877,3.522841613546523,3.3014739242636097,2.114163090128755
2014-05-27,3.4535905430526936,3.488514095389834,3.3021289786136623,2.092703862660944
2014-05-28,3.452351773597257,3.424554671370022,3.302784162934816,2.0978540772532184
2014-05-29,3.439291316444329,3.4273531762199525,3.303439477252858,2.087553648068669
2014-05-30,3.482476363926295,3.4080848799181895,3.304094921593583,2.0709585121602285
2014-06-02,3.5023718742262937,3.4932885728103877,3.304750495982788,2.1098712446351926
2014-06-03,3.5395994141862603,3.5284098111093063,3.3054062004462765,2.1310443490701
2014-06-04,3.5940394710890846,3.5716423229191894,3.3060620350098566,2.127038626609442
2014-06-05,3.6099349981745776,3.656005074131728,3.306717999699343,2.1476394849785407
2014-06-06,3.6634750168904033,3.7334764874297797,3.3073740945405525,2.1793991416309013
2014-06-09,3.685591248043441,3.741294751896482,3.308030319559311,2.2082975679542205
2014-06-10,3.676612015895863,3.69339555690529,3.3086866747814456,2.207725321888412
2014-06-11,3.6873120968858712,3.67227590417853,3.309343160232791,2.1979971387696704
2014-06-12,3.7063797466229684,3.634422028048944,3.3099997759391866,2.2
2014-06-13,3.664816177859094,3.4727479862322195,3.310656521926476,2.185407725321888
2014-06-16,3.681341160968691,3.504290342830235,3.311313398220509,2.177110157367668
2014-06-17,3.7135521881989586,3.5902826462410244,3.31197040484714,2.2
2014-06-18,3.6907000809900086,3.6299678770311234,3.312627541832229,2.1782546494992845
2014-06-19,3.668947759346373,3.644945476437755,3.3132848092016403,2.1751072961373388
2014-06-20,3.6502050767726533,3.6732174714976757,3.3139422069812428,2.1659513590844064
2014-06-23,3.6749458877637946,3.765054731552622,3.3145997351969143,2.157081545064377
2014-06-24,3.730075157049278,3.858634617886224,3.315257393874533,2.1816881258941345
2014-06-25,3.757909534580216,3.9090770171056026,3.3159151830399844,2.178826895565093
2014-06-26,3.7659561646824815,3.8583310824100554,3.316573102719159,2.163948497854077
2014-06-27,3.808179067649737,3.8733810843591376,3.317231152937952,2.162231759656652
2014-06-30,3.8535633505524527,3.9063558547059523,3.317889333722265,2.187982832618025
2014-07-01,3.877535050209609,3.9315370604591817,3.318547645098004,2.196280400572246
2014-07-02,3.9369825556753852,3.9494921553935005,3.31920608709108,2.220886981402003
2014-07-03,3.95134523145098,3.922061426141375,3.319864659727407,2.223175965665236
2014-07-04,3.9747465600228282,3.9451316638797795,3.3205233630329087,2.238340486409156
2014-07-07,3.9783698767525104,3.971627982610627,3.32118219703351,2.2397711015736763
2014-07-08,3.8540528155567957,3.7961223213926263,3.321841161755143,2.1982832618025747
2014-07-09,3.7964084078539324,3.651184895715861,3.322500257223745,2.1819742489270384
2014-07-10,3.7944448407686076,3.6810720649696544,3.3231594834652576,2.185407725321888
2014-07-11,3.744366662330414,3.5887056382637716,3.323818840505628,2.151645207439199
2014-07-14,3.7703509427153055,3.5797601812774302,3.3244783283708075,2.1470672389127325
2014-07-15,3.782798729338106,3.6022900597231824,3.325137947086754,2.168812589413448
2014-07-16,3.8233054834012448,3.653968586224428,3.3257976966794303,2.1994277539341915
2014-07-17,3.85103612657941,3.6557730760629448,3.326457577174803,2.2020028612303286
2014-07-18,3.8219955434513495,3.6413431444000106,3.327117588598846,2.212303290414878
2014-07-21,3.8051053079928328,3.6379076047919883,3.3277777309775365,2.2165951359084404
2014-07-22,3.81320699451534,3.6244297773887983,3.3284380043368573,2.23862660944206
2014-07-23,3.8187680286696235,3.625858663078334,3.329098408702797,2.249213161659513
2014-07-24,3.8173063478541844,3.607824962063967,3.329758944101349,2.2552217453505
2014-07-25,3.798838611671793,3.5699680294389213,3.330419610558512,2.244635193133047
2014-07-28,3.7803685255202453,3.5749995876908915,3.33108040810029,2.238054363376252
2014-07-30,3.801000919005795,3.5904358646797303,3.3317413367526907,2.249213161659513
2014-07-31,3.781293406238329,3.574867994454794,3.3324023965417293,2.2320457796852646
2014-08-01,3.7728875665649744,3.52949413355112,3.333063587493424,2.2065808297567955
2014-08-04,3.8048447971263233,3.601505354898689,3.3337249096337995,2.223175965665236
2014-08-05,3.7951407673488573,3.6803397620228657,3.334386362988886,2.237482117310444
2014-08-06,3.7936764008543817,3.665589028108844,3.335047947584717,2.21516452074392
2014-08-07,3.7550674147401817,3.6320649217468945,3.335709663447333,2.210014306151645
2014-08-08,3.699809568570841,3.559639682415874,3.336371510602779,2.196280400572246
2014-08-11,3.7244140813508966,3.5804318203923162,3.3370334890771045,2.2065808297567955
2014-08-12,3.730970831007843,3.586767805889416,3.337695598896366,2.2297567954220314
2014-08-13,3.7227351962434065,3.5064748248006024,3.338357840086623,2.2397711015736763
2014-08-14,3.7503030201300036,3.525724339523716,3.339020212673941,2.254077253218884
2014-08-18,3.822599821234489,3.5569562033512274,3.339682716684393,2.2766809728183115
2014-08-19,3.9212055341773637,3.5831727525632666,3.3403453521440523,2.2824034334763947
2014-08-20,3.953511903013416,3.623328012394338,3.3410081190790017,2.2746781115879826
2014-08-21,3.944017356200771,3.6431006146652365,3.341671017515327,2.2761087267525038
2014-08-22,3.922335197921956,3.6485405623942375,3.3423340474791194,2.2895565092989982
2014-08-25,3.9615944540727903,3.637740480030648,3.342997208996477,2.284978540772532
2014-08-26,3.9431223536619653,3.7105263525428924,3.3436605020935,2.291559370529328
2014-08-27,3.9662651856265816,3.7837602346133967,3.3443239267962968,2.299570815450644
2014-08-28,3.9558165513363353,3.7860511699121964,3.344987483130978,2.306437768240343
2014-09-01,4.017508948766476,3.851224895889505,3.3456511711236634,2.3256080114449214
2014-09-02,4.069656107192165,3.9017800111025998,3.3463149908004737,2.343061516452074
2014-09-03,4.1041932681776405,3.962952336685988,3.346978942187537,2.351359084406295
2014-09-04,4.09298190104112,4.045326970944252,3.3476430253109863,2.3390557939914163
2014-09-05,4.124363053449209,4.225316949444538,3.348307240196961,2.3379113018597995
2014-09-08,4.205134850462231,4.465747465706521,3.348971586871604,2.3630901287553647
2014-09-09,4.227789895971901,4.441141735296678,3.349636065361062,2.360228898426323
2014-09-10,4.204941481571626,4.429944978735905,3.3503006756914906,2.3459227467811155
2014-09-11,4.210298068409281,4.445111161750576,3.350965417889048,2.341344778254649
2014-09-12,4.313821595377275,4.449006363534939,3.351630291979899,2.3427753934191697
2014-09-15,4.341806706644118,4.42151866575965,3.3522952979902128,2.325321888412017
2014-09-16,4.193908040671252,4.176982616233789,3.352960435946162,2.299570815450644
2014-09-17,4.2356854566283815,4.171771554772745,3.35362570587393,2.3027181688125893
2014-09-18,4.3186353393397425,4.315528410709243,3.354291107799698,2.3473533619456366
2014-09-19,4.3006292042416945,4.315935903804044,3.354956641749659,2.3499284692417737
2014-09-22,4.2606105723433805,4.315234341863609,3.355622307750006,2.3630901287553647
2014-09-23,4.209337602443968,4.252933936072703,3.3562881058269403,2.329613733905579
2014-09-24,4.160826853433263,4.2305857689978215,3.356954036006668,2.321602288984263
2014-09-25,4.138533367463838,4.106270169710991,3.357620098315399,2.2958512160228897
2014-09-26,4.128410036046849,4.097738848018448,3.358286292779351,2.3147353361945635
2014-09-29,4.157415369637559,4.1332075235434385,3.358952619424743,2.308154506437768
2014-09-30,4.179074699644567,4.139004355127039,3.359619078277804,2.309585121602289
2014-10-01,4.155650207091032,4.107016964751588,3.360285669364764,2.3050071530758225
2014-10-07,4.1601514051556645,4.054578946679571,3.360952392711859,2.271244635193133
2014-10-08,4.107423132928523,4.065558050060543,3.361619248345334,2.2783977110157365
2014-10-09,4.1478452881020225,4.104437476319371,3.3622862362914345,2.30071530758226
2014-10-10,4.107749442931419,4.048410027371846,3.3629533565764134,2.2812589413447784
2014-10-13,4.111835032165203,4.042071182789619,3.3636206092265275,2.2864091559370525
2014-10-14,4.092836874373167,4.082716269270763,3.3642879942680404,2.280400572246066
2014-10-15,4.092836874373167,4.082909160179224,3.3649555117272207,2.280400572246066
2014-10-16,4.0337455570895635,4.026822993088592,3.365623161630341,2.2515021459227467
2014-10-17,4.074293939177762,4.076975852643593,3.3662909440036803,2.2557939914163088
2014-10-20,4.109221195043244,4.192121606127692,3.3669588588735224,2.286695278969957
2014-10-21,4.130787197703745,4.230842419965421,3.367626906266156,2.2964234620886983
2014-10-22,4.17219566850328,4.24251801553731,3.3682950862078758,2.3084406294706725
2014-10-23,4.184982186394518,4.240301461422077,3.36896339872498,2.3190271816881256
2014-10-27,4.145739715737659,4.239356938950826,3.369631843843775,2.311301859799714
2014-10-28,4.175136487047893,4.235688104658591,3.370300421590569,2.3204577968526463
2014-10-29,4.189073818406134,4.221672714024741,3.370969131991678,2.3359084406294706
2014-10-30,4.183527555486548,4.262335595310114,3.3716379750734227,2.370243204577968
2014-10-31,4.272341954083282,4.315143615078643,3.372306950862128,2.4068669527896995
2014-11-03,4.304901783878372,4.362481998349271,3.372976059384124,2.413447782546495
2014-11-05,4.29800496011347,4.376903340172833,3.373645300665748,2.4148783977110155
2014-11-07,4.284989823794277,4.404823835892719,3.3743146747333403,2.4188841201716738
2014-11-10,4.309974360157952,4.445921074763068,3.3749841816132475,2.414020028612303
2014-11-11,4.345750962018624,4.451026832746351,3.375653821331822,2.4220314735336195
2014-11-12,4.387856366528046,4.479416674040875,3.37632359391542,2.4268955650929898
2014-11-13,4.390979139827361,4.376982401051571,3.3769934993904025,2.419456366237482
2014-11-14,4.3644466452092106,4.294163591513295,3.377663537783138,2.429470672389127
2014-11-17,4.392009097737735,4.321766520657463,3.37833370912,2.4394849785407726
2014-11-18,4.4366860399242976,4.3062021873910235,3.3790040134273656,2.4360515021459226
2014-11-19,4.4375951422780435,4.301535725167835,3.3796744507316165,2.420886981402002
2014-11-20,4.466556497874537,4.299202291015281,3.380345021059143,2.425464949928469
2014-11-21,4.40515616803958,4.274190436361334,3.381015724436337,2.446638054363376
2014-11-24,4.45383947192836,4.258947469128125,3.3816865608895985,2.4635193133047206
2014-11-25,4.396379033239475,4.208388167089939,3.3823575304453306,2.45035765379113
2014-11-26,4.374085211560169,4.211209088166364,3.3830286331299426,2.4555078683834046
2014-11-27,4.398357371559499,4.217526051423364,3.383699868969849,2.469814020028612
2014-11-28,4.413737248270045,4.21871593748734,3.38437123799147,2.487267525035765
2014-12-01,4.410870957318685,4.114610755808294,3.385042740221231,2.4732474964234616
2014-12-02,4.442087947595688,4.143248977696944,3.38571437568556,2.469241773962804
2014-12-03,4.510122576069761,4.134923074599517,3.386386144410895,2.47381974248927
2014-12-04,4.579891817491324,4.193916528094986,3.387058046423675,2.4841201716738195
2014-12-05,4.564842279302227,4.156861753603074,3.3877300817503464,2.4821173104434906
2014-12-08,4.514338756446679,4.114035177063663,3.3884022504173603,2.4477825464949925
2014-12-09,4.493638213855586,4.110065480884686,3.3890745524511727,2.4203147353361945
2014-12-10,4.5571024880298445,4.134289435022968,3.389746987878247,2.424892703862661
2014-12-11,4.525803920252118,4.116040406696955,3.3904195567250484,2.4088698140200284
2014-12-12,4.46476313569813,4.080292584484074,3.391092259018049,2.387124463519313
2014-12-15,4.485840344774046,4.081413973275621,3.3917650947837275,2.3831187410586554
2014-12-16,4.375084619871507,4.040148021021866,3.3924380640485654,2.3470672389127323
2014-12-17,4.318687038661189,3.9957348765221816,3.393111166839051,2.3324749642346205
2014-12-18,4.4124884075182225,4.050630679968421,3.393784403181677,2.3630901287553647
2014-12-19,4.448299251786606,4.086911290798092,3.394457773102944,2.3865522174535045
2014-12-22,4.422822564739552,4.102205573961723,3.3951312766293533,2.416309012875536
2014-12-23,4.467076512477917,4.071712119080952,3.3958049137874147,2.3919885550786835
2014-12-24,4.429639153843248,4.063262778537381,3.3964786846036428,2.380543633762518
2014-12-26,4.433796249281371,4.047922102071955,3.3971525891045555,2.369384835479256
2014-12-29,4.4760523875267,4.057513374236769,3.39782662731668,2.387124463519313
2014-12-30,4.487266440342256,4.086778158857029,3.3985007992665444,2.3859799713876964
2014-12-31,4.587695057930936,4.120465014607994,3.3991751049806846,2.3999999999999995
2015-01-01,4.5797118769959,4.156849830295693,3.399849544485641,2.3977110157367667
2015-01-02,4.690515608411211,4.113907967746045,3.40052411780796,2.42346208869814
2015-01-05,4.674885292130541,4.150477317018258,3.401198824974191,2.417739628040057
2015-01-06,4.5833476149911245,4.022353091688989,3.401873666010892,2.357653791130186
2015-01-07,4.611232013294111,4.053853021319183,3.402548640944624,2.34620886981402
2015-01-08,4.667318055736232,4.193656590900894,3.403223749801955,2.379113018597997
2015-01-09,4.675101153583073,4.1976724111909265,3.403898992609455,2.3919885550786835
2015-01-12,4.6441520597899295,4.204301320170253,3.404574369393703,2.406294706723891
2015-01-13,4.647646128215996,4.219810100358837,3.4052498801812816,2.3948497854077253
2015-01-14,4.600603102798561,4.1503904130524685,3.4059255249987777,2.3919885550786835
2015-01-15,4.6282390757907015,4.205055535158181,3.4066013038727854,2.4506437768240343
2015-01-16,4.616976345042614,4.163439347473091,3.407277216829903,2.4635193133047206
2015-01-19,4.575639044737538,4.12017067403166,3.4079532638967343,2.4663805436337625
2015-01-20,4.604718570211623,4.136607720378192,3.408629445099889,2.506437768240343
2015-01-21,4.591056520954591,4.108222450251756,3.40930576046598,2.5193133047210297
2015-01-22,4.586741306163214,4.100576674939033,3.409982210021628,2.5278969957081543
2015-01-23,4.584499099877886,4.118091239050259,3.4106587937934574,2.552217453505007
2015-01-27,4.6407046550371165,4.107936709594295,3.4113355118080992,2.5708154506437766
2015-01-28,4.687336435852137,4.19415838033306,3.412012364092188,2.569384835479256
2015-01-29,4.651861301463275,4.232329041608001,3.412689350672365,2.580829756795422
2015-01-30,4.606922841280565,4.247232285204483,3.413366471575276,2.5608011444921317
2015-02-02,4.652704268970756,4.206819192727975,3.4140437268275727,2.552217453505007
2015-02-03,4.656549154220922,4.143328844702625,3.414721116455912,2.536480686695279
2015-02-04,4.650517454815549,4.131304447963222,3.4153986404869543,2.5278969957081543
2015-02-05,4.62946273830156,4.105671894932578,3.4160762989473685,2.523605150214592
2015-02-06,4.58223372961087,3.996126482779656,3.416754091863827,2.517882689556509
2015-02-09,4.552077582553157,3.957141275406521,3.417432019263006,2.476394849785408
2015-02-10,4.592479930843765,3.9907016529997468,3.4181100811715903,2.484978540772532
2015-02-11,4.641672842329658,3.980477230791992,3.418788277616267,2.507868383404864
2015-02-12,4.70563363141573,3.986164614730434,3.4194666086237304,2.5264663805436336
2015-02-13,4.770475323225669,4.019928005662157,3.420145074220679,2.5479256080114445
2015-02-16,4.768346586879619,3.982160700589781,3.4208236744338185,2.5608011444921317
2015-02-18,4.844585629099332,3.9641586212473805,3.421502409289857,2.569384835479256
2015-02-19,4.792728188299671,3.971725090664792,3.4221812788155104,2.5579399141630903
2015-02-20,4.765062001418374,3.9802128314354155,3.422860283037497,2.5422031473533617
2015-02-23,4.7071916609665925,3.9739623961670025,3.4235394219825444,2.507868383404864
2015-02-24,4.721468059303151,3.9893589715294064,3.424218695677382,2.5193133047210297
2015-02-25,4.710014645343494,3.99830766659343,3.424898104148746,2.513590844062947
2015-02-26,4.667055866320326,3.9750164503441274,3.4255776474233794,2.4992846924177394
2015-02-27,4.763578499460766,3.989031692216598,3.4262573255280264,2.5436337625178824
2015-02-28,4.763578499460766,3.989690474121985,3.426937138489441,2.5436337625178824
2015-03-02,4.783685506984864,4.051605457306751,3.42761708633438,2.5579399141630903
2015-03-03,4.833177871683291,4.054567354271638,3.4282971690896047,2.579399141630901
2015-03-04,4.804283658062702,4.0317373478065806,3.428977386781884,2.549356223175965
2015-03-05,4.82440476540174,4.039305219844037,3.4296577394379915,2.5636623748211727
2015-03-09,4.760203272332051,4.027529196260877,3.4303382270847056,2.512160228898426
2015-03-10,4.7192889664751725,4.032333891744152,3.43101884974881,2.5050071530758222
2015-03-11,4.677216461533942,4.011346683896346,3.431699607457093,2.506437768240343
2015-03-12,4.745801318500551,4.018454494735688,3.4323805002363503,2.5207439198855504
2015-03-13,4.690385017268077,4.017272137641726,3.433061528113382,2.4821173104434906
2015-03-16,4.677802946693467,4.023459060056114,3.4337426911149915,2.4835479256080117
2015-03-17,4.727150620433821,4.031488398209387,3.434423989267991,2.502145922746781
2015-03-18,4.688209952958653,4.05794074350891,3.4351054225991944,2.4921316165951355
2015-03-19,4.670291102429281,4.048929173985935,3.4357869911354246,2.473533619456366
2015-03-20,4.635985245550795,4.027021716824892,3.4364686949035077,2.469241773962804
2015-03-23,4.618359134036366,4.022155550935817,3.4371505339302737,2.4592274678111585
2015-03-24,4.621463107582427,4.034791248326327,3.4378325082425616,2.4620886981402
2015-03-25,4.631355470602306,4.030385910307413,3.438514617867213,2.456366237482117
2015-03-26,4.581639858833996,4.012647141365797,3.4391968628310754,2.412017167381974
2015-03-27,4.562238849186533,4.013424112264362,3.439879243161002,2.402002861230329
2015-03-30,4.6080760047167235,4.014201233608196,3.4405617588838515,2.433476394849785
2015-03-31,4.622882488953047,4.014978505426429,3.441244410026488,2.433476394849785
2015-04-01,4.569107137611676,3.7707608953957275,3.4419271966157785,2.4620886981402
2015-04-06,4.575267749610786,3.7714910297379585,3.4426101186786,2.4821173104434906
2015-04-07,4.56550732057356,3.7722213054564726,3.4432931762418293,2.4835479256080117
2015-04-08,4.574877319020902,3.772951722578644,3.4439763693323533,2.4978540772532187
2015-04-09,4.579008900508181,3.7736822811318533,3.444659697977062,2.513590844062947
2015-04-10,4.562034401869904,3.7744129811434846,3.4453431622028514,2.5164520743919883
2015-04-13,4.587343905396956,3.77514382264093,3.446026762036622,2.5278969957081543
2015-04-15,4.541970029500506,3.775874805651584,3.4467104975052805,2.510729613733905
2015-04-16,4.5212436372486895,3.776605930202848,3.4473943686357376,2.4992846924177394
2015-04-17,4.419942509683132,3.7773371963221307,3.448078375454912,2.477825464949928
2015-04-20,4.340624336448442,3.778068604036842,3.4487625179897243,2.4277539341917023
2015-04-21,4.344471571667765,3.778800153374399,3.449446796267103,2.4091559370529327
2015-04-22,4.3414847608696565,3.7795318443622263,3.4501312103139816,2.4220314735336195
2015-04-23,4.339651113507706,3.780263677027749,3.450815760157298,2.4091559370529327
2015-04-24,4.263037419062446,3.780995651398402,3.451500445823996,2.3819742489270386
2015-04-27,4.210450144984704,3.781727767501623,3.452185267341025,2.357653791130186
2015-04-28,4.263669896475466,3.7824600253648555,3.4528702247353382,2.379113018597997
2015-04-29,4.301368773106281,3.783192425015549,3.453555318033897,2.361945636623748
2015-04-30,4.315882182617782,3.783924966481158,3.454240547263665,2.353361945636624
2015-05-04,4.355389192659704,3.784657649789142,3.454925912451615,2.3905579399141628
2015-05-05,4.355303922350305,3.7853904749669662,3.45561141362472,2.3905579399141628
2015-05-06,4.307016084699603,3.7861234420421006,3.456297050809963,2.323319027181688
2015-05-07,4.2787237988929965,3.786856551042021,3.45698282403433,2.323319027181688
2015-05-08,4.308243440019136,3.787589801994209,3.4576687333248133,2.3505007153075823
2015-05-11,4.33513178710958,3.7883231949261504,3.458354778708409,2.3862660944206007
2015-05-12,4.290464580509524,3.789056729865336,3.4590409602121213,2.344778254649499
2015-05-13,4.354015467832699,3.7897904068392636,3.459727277862957,2.367668097281831
2015-05-14,4.405228681373557,3.7905242258754352,3.4604137316879298,2.369098712446352
2015-05-15,4.447740294837201,3.791258187001359,3.4611003217140586,2.3834048640915597
2015-05-18,4.510545570517959,3.791992290244547,3.461787047968367,2.40486409155937
2015-05-19,4.508558839450947,3.792726535632518,3.4624739104778843,2.3991416309012874
2015-05-20,4.535745632624286,3.793460923192795,3.4631609092696456,2.413447782546495
2015-05-21,4.542077456661953,3.794195452952908,3.463848044370691,2.416309012875536
2015-05-22,4.537072693778037,3.7949301249403895,3.4645353158080665,2.424892703862661
2015-05-25,4.53772397094431,3.7956649391827804,3.465222723608822,2.403433476394849
2015-05-26,4.551524332671705,3.796399895707627,3.465910267800014,2.396280400572246
2015-05-27,4.544950797520783,3.7971349945424757,3.4665979484087046,2.3876967095851214
2015-05-28,4.51211803559364,3.797870235714885,3.4672857654619604,2.3876967095851214
2015-05-29,4.590159168446628,3.798605619252415,3.467973718986854,2.4220314735336195
2015-06-01,4.576285621965497,3.7993411451826304,3.468661809010463,2.424892703862661
2015-06-02,4.500571965707236,3.8000768135331064,3.469350035559869,2.3948497854077253
2015-06-03,4.418190439821906,3.800812624331417,3.4700383986621626,2.34620886981402
2015-06-04,4.463334690160763,3.801548577605145,3.470726898344437,2.349070100143061
2015-06-05,4.484763723190419,3.802284673381878,3.471415534633791,2.3433476394849784
2015-06-08,4.4280133108967235,3.8030209116892095,3.472104307557329,2.326180257510729
2015-06-09,4.40721474102081,3.803757292554737,3.4727932171421623,2.317596566523605
2015-06-10,4.47246969169244,3.8044938160060653,3.473482263415405,2.337625178826896
2015-06-11,4.399116411597098,3.805230482070802,3.474171446404178,2.3018597997138768
2015-06-12,4.372625880713887,3.8059672907765623,3.474860766135607,2.306151645207439
2015-06-15,4.3822970109231605,3.8067042421509645,3.4755502226368247,2.317596566523605
2015-06-16,4.396158471848628,3.8074413362216357,3.476239815934967,2.323319027181688
2015-06-17,4.445192256851628,3.808178573016205,3.4769295460571765,2.3347639484978537
2015-06-18,4.445835476980793,3.8089159525623075,3.4776194130306,2.357653791130186
2015-06-19,4.472353871784004,3.809653474887585,3.478309416882392,2.373390557939914
2015-06-22,4.54873861209143,3.8103911400196853,3.47899955763971,2.406294706723891
2015-06-23,4.533784751217998,3.811128947986258,3.479689835329718,2.413447782546495
2015-06-24,4.516990528785024,3.811866898814961,3.480380249979585,2.407725321888412
2015-06-25,4.537368118472016,3.8126049925334566,3.481070801616485,2.417739628040057
2015-06-26,4.569800378512889,3.813343229169413,3.4817614902675995,2.4206008583690983
2015-06-29,4.551983248077012,3.814081608750503,3.482452315960113,2.3934191702432046
2015-06-30,4.623447824390162,3.814820131304406,3.4831432787212164,2.413447782546495
2015-07-01,4.619239029630593,3.8155587968588045,3.483834378578106,2.437768240343348
2015-07-02,4.674046688851495,3.8162976054413886,3.484525615557982,2.433476394849785
2015-07-03,4.649431769065174,3.817036557079853,3.485216989688053,2.440629470672389
2015-07-06,4.713510392318958,3.817775651801897,3.513568919616176,2.456366237482117
2015-07-07,4.692931376704252,3.818514889635227,3.525270595836507,2.4506437768240343
2015-07-08,4.686065438248266,3.8192542706075536,3.497363483405418,2.416309012875536
2015-07-09,4.691471038728331,3.8199937947465905,3.5078274775842955,2.4091559370529327
2015-07-10,4.687409620605872,3.820733462080062,3.51003984658058,2.4191702432045776
2015-07-13,4.745428680534283,3.8214732726356937,3.5147278266035142,2.444921316165951
2015-07-14,4.7422485008455695,3.8222132264412187,3.557993605149564,2.4420600858369097
2015-07-15,4.81405684407535,3.8229533235243736,3.5455644326614517,2.4620886981402
2015-07-16,4.85008052840735,3.8236935639129017,3.574456603684591,2.48068669527897
2015-07-17,4.9049271299742765,3.8244339476345517,3.524202317202962,2.4949928469241773
2015-07-20,4.917996315584072,3.8251744747170755,3.5872386587818887,2.4921316165951355
2015-07-21,4.792608339872682,3.825915145188234,3.5457770512244378,2.4663805436337625
2015-07-22,4.917483686598042,3.8266559590757905,3.6615889749041535,2.490701001430615
2015-07-23,4.964853357728251,3.8273969164075163,3.6160335339701657,2.48068669527897
2015-07-24,4.932610438059429,3.828138017211185,3.5685813181438384,2.467811158798283
2015-07-27,4.901432725838331,3.8288792615145772,3.555316488028376,2.424892703862661
2015-07-28,4.940584890537598,3.82962064934548,3.7623699268162794,2.4148783977110155
2015-07-29,5.028952459284686,3.8303621807316843,3.694025282531231,2.42346208869814
2015-07-30,5.127499422998644,3.831103855700986,3.741537752630927,2.4420600858369097
2015-07-31,5.246850663656468,3.8261065145094246,3.8213381171679695,2.4721030042918453
2015-08-03,5.424452939769451,3.8024485220584925,3.9256782692523737,2.479256080114449
2015-08-04,5.459976416380964,3.8462601017239564,3.871046904920634,2.469241773962804
2015-08-05,5.490626392671453,3.803427737853876,3.801792272941502,2.48068669527897
2015-08-06,5.418655565859984,3.8128710004142676,3.719955116409664,2.489270386266094
2015-08-07,5.41006642859241,3.8699969156372647,3.742433911475386,2.48068669527897
2015-08-10,5.33029840411916,3.8852775940721926,3.8288407619771143,2.467811158798283
2015-08-11,5.225281303897172,3.8431508675703387,3.809692003289883,2.453505007153076
2015-08-12,5.080481240112295,3.7172999443637624,3.725128340888196,2.4220314735336195
2015-08-13,5.016284446980919,3.696066375857051,3.624813301903621,2.4220314735336195
2015-08-14,5.051499070503271,3.727599217284827,3.625532510892094,2.4663805436337625
2015-08-17,5.044274593895955,3.7301738596530845,3.6262518625807623,2.446351931330472
2015-08-18,5.101157275882183,3.8520799404456665,3.626971356997941,2.444921316165951
2015-08-19,5.128871804986131,3.8801910347270807,3.627690994171949,2.4506437768240343
2015-08-20,4.97565146600308,3.7926335489606804,3.62841077413111,2.417739628040057
2015-08-21,4.933144216767869,3.758067645927012,3.6291306969037542,2.4091559370529327
2015-08-24,4.427025652431169,3.7587953224689192,3.62985076251822,2.27038626609442
2015-08-25,4.4509204745259145,3.759523139911204,3.630570971002847,2.2861230329041486
2015-08-26,4.394327845875594,3.760251098281149,3.6312913223859824,2.261802575107296
2015-08-27,4.428333578121787,3.760979197606042,3.632011816695979,2.304721030042918
2015-08-28,4.452485218274368,3.7617074379131754,3.679934672538151,2.3204577968526463
2015-08-31,4.460585897667236,3.7624358192298484,3.704246037122952,2.3133047210300424
2015-09-01,4.462565243116899,3.7631643415833653,3.6539897750913775,2.263233190271817
2015-09-02,4.4569045031283965,3.763893005001034,3.607930075033556,2.2403433476394845
2015-09-03,4.458876462960709,3.76462180951017,3.604964527620187,2.271816881258941
2015-09-04,4.428226486670219,3.765350755138092,3.5770319121535548,2.226037195994277
2015-09-07,4.4053461798313895,3.766079841912125,3.5777416407075533,2.193133047210301
2015-09-08,4.398278144027931,3.7668090698595993,3.578451510080709,2.23032904148784
2015-09-09,4.40894263977071,3.767538439007851,3.579161520300964,2.2589413447782545
2015-09-10,4.43998606804,3.7682679493842195,3.579871671396261,2.260371959942775
2015-09-11,4.4616809832942375,3.768997601016052,3.580581963394555,2.2589413447782545
2015-09-14,4.4647265433212615,3.7697273939307006,3.5812923963237995,2.2761087267525038
2015-09-15,4.461156268752544,3.7704573281555196,3.582002970211959,2.2646638054363377
2015-09-16,4.463272248123172,3.7711874037178728,3.582713685087001,2.2832618025751072
2015-09-18,4.498611755720706,3.7719176206451275,3.5834245409768988,2.304721030042918
2015-09-21,4.510693618574828,3.7726479789646548,3.584135537909632,2.303290414878397
2015-09-22,4.4927025904213576,3.7733784787038336,3.5848466759131865,2.257510729613734
2015-09-23,4.4768040419469495,3.7741091198900474,3.58555795501555,2.263233190271817
2015-09-24,4.466262416020076,3.7748399025506836,3.586269375244719,2.2918454935622314
2015-09-28,4.482125714957134,3.7755708267131367,3.5869809366286964,2.254649499284692
2015-09-29,4.477682930411539,3.7763018924048057,3.587692639195488,2.2646638054363377
2015-09-30,4.511573514169055,3.777033099653095,3.588404482973106,2.2947067238912733
2015-10-01,4.524351303603426,3.777764448485414,3.5891164679895686,2.2975679542203147
2015-10-05,4.545161287615243,3.778495938929178,3.5898285942729005,2.341917024320457
2015-10-06,4.522617362075694,3.7792275710118077,3.5905408618511294,2.351931330472103
2015-10-07,4.506841011997432,3.7799593447607274,3.5912532707522904,2.3590844062947065
2015-10-08,4.493592893021851,3.780691260203369,3.591965821004424,2.34620886981402
2015-10-09,4.485994435608747,3.7814233173671687,3.592678512635575,2.3633762517882686
2015-10-12,4.478559133197091,3.782155516279568,3.5933913456737967,2.3505007153075823
2015-10-13,4.518444823983113,3.782887856968013,3.594104320147145,2.34620886981402
2015-10-14,4.527093717609242,3.783620339459957,3.594817436083681,2.341917024320457
2015-10-15,4.50590068862489,3.7843529637828572,3.5955306935114764,2.360515021459227
2015-10-16,4.504956001023915,3.785085729964176,3.596244092458602,2.379113018597997
2015-10-19,4.531993403300867,3.7858186380313796,3.5969576329531363,2.389127324749642
2015-10-20,4.538774742867214,3.7865516880119463,3.597671315023167,2.3862660944206007
2015-10-21,4.545213658356448,3.787284879933351,3.5983851386967824,2.38483547925608
2015-10-23,4.534039219306675,3.788018213823079,3.59909910400208,2.396280400572246
2015-10-26,4.5130425806018435,3.788751689708619,3.5998132109671594,2.3862660944206007
2015-10-27,4.476032244933928,3.7894853076174666,3.600527459620129,2.379113018597997
2015-10-28,4.471117788007604,3.7902190675771217,3.601241849989101,2.3662374821173104
2015-10-29,4.470071380313134,3.790952969615089,3.6019563821021943,2.3562231759656647
2015-10-30,4.480588499418802,3.7916870137588803,3.581798982004329,2.341917024320457
2015-11-02,4.5074664395029815,3.7924212000360105,3.5516337179070447,2.336194563662375
2015-11-03,4.533440312881607,3.7931555284740015,3.552338407136788,2.340486409155937
2015-11-04,4.483131166046303,3.79388999910038,3.553043236185822,2.333333333333333
2015-11-05,4.415329520228618,3.794624611942678,3.553748205081891,2.311874105865522
2015-11-06,4.428126109416242,3.795359367028432,3.5544533138527408,2.304721030042918
2015-11-09,4.4072973256511725,3.7960942643851867,3.5551585625261244,2.2975679542203147
2015-11-10,4.3512176616967615,3.7968293040404877,3.5558639511298,2.263233190271817
2015-11-11,4.3949388378563246,3.7975644860218902,3.556569479691532,2.2746781115879826
2015-11-13,4.341305827503871,3.7982998103569523,3.5572751482390905,2.253218884120172
2015-11-16,4.333467337526909,3.799035277073238,3.5579809568002485,2.2660944206008584
2015-11-17,4.324522347787043,3.7997708861983157,3.558686905402788,2.271816881258941
2015-11-18,4.265779833068263,3.8005066377597605,3.559392994074495,2.244635193133047
2015-11-19,4.331292608927365,3.8012425317851544,3.56009922284316,2.2761087267525038
2015-11-20,4.3741157611592065,3.8019785683020797,3.560805591736582,2.2746781115879826
2015-11-23,4.402099193876651,3.802714747338131,3.5615121007825614,2.277539341917024
2015-11-24,4.395695527924768,3.8034510689208996,3.562218750008907,2.263233190271817
2015-11-26,4.392288744067377,3.80418753307799,3.562925539443432,2.2832618025751072
2015-11-27,4.368635633085887,3.804924139837008,3.5636324691139567,2.296137339055794
2015-11-30,4.363974637118602,3.805660889225566,3.564339539048305,2.298998569384835
2015-12-01,4.38821221900034,3.8063977812712815,3.565046749274307,2.300429184549356
2015-12-02,4.38944158857915,3.8071348160017764,3.565754099819798,2.2932761087267526
2015-12-03,4.409151787025652,3.8078719934446803,3.566461590712619,2.2746781115879826
2015-12-04,4.400853038803866,3.8086093136276262,3.5671692219806164,2.257510729613734
2015-12-07,4.407071057192375,3.8093467765782507,3.567876993651645,2.253218884120172
2015-12-08,4.313443586052933,3.8100843823242023,3.56858490575356,2.2346208869814017
2015-12-09,4.237322378000932,3.810822130893127,3.5692929583142257,2.223175965665236
2015-12-10,4.287404584957679,3.8115600223126807,3.570001151361509,2.228898426323319
2015-12-11,4.2675782308928625,3.812298056610524,3.570709484923288,2.206008583690987
2015-12-14,4.2969760093327345,3.813036233814322,3.5714179590274395,2.2088698140200287
2015-12-15,4.325098761650182,3.813774553951746,3.57212657370185,2.224606580829757
2015-12-16,4.323900613090167,3.814513017050472,3.572835328974409,2.2389127324749643
2015-12-17,4.394644420291984,3.8152516231381814,3.573544224873016,2.2689556509299
2015-12-18,4.352121056982556,3.8159903722425628,3.5814907962126825,2.253218884120172
2015-12-21,4.394548071556561,3.8167292643913067,3.58102086226917,2.2660944206008584
2015-12-22,4.3987400808221535,3.8174682996121123,3.57601210232368,2.254649499284692
2015-12-23,4.411554126923512,3.8182074779326816,3.5610213823862464,2.27038626609442
2015-12-24,4.449519557198669,3.8189467993807233,3.568489702015072,2.277539341917024
2015-12-28,4.45378978686619,3.8196862639839533,3.5611994288251707,2.28898426323319
2015-12-29,4.461951229747252,3.8204258717700865,3.575161628071731,2.2932761087267526
2015-12-30,4.454064397547639,3.821165622766851,3.57881935879759,2.2832618025751072
2015-12-31,4.484078875036194,3.8219055170019756,3.5840520967182594,2.2975679542203147
2016-01-01,4.540149810533737,3.8226455545031963,3.6964650867151017,2.303290414878397
2016-01-04,4.483753572162937,3.823385735298253,3.572018528106924,2.261802575107296
2016-01-05,4.516598083935863,3.8241260594148914,3.5907610643364154,2.260371959942775
2016-01-06,4.509214480845653,3.824866526880865,3.5348957221193724,2.246065808297568
2016-01-07,4.3929383426842525,3.8256071377239276,3.529702742141376,2.200286123032904
2016-01-08,4.452593988275332,3.826347891971843,3.5783565862226334,2.204577968526466
2016-01-11,4.450318211002052,3.827088789652379,3.5743795572366794,2.193133047210301
2016-01-12,4.414571151610778,3.8278298307933083,3.6010482467950853,2.180257510729614
2016-01-13,4.295906437656577,3.8285710154224093,3.552207713243888,2.1917024320457794
2016-01-14,4.2037053977952255,3.8293123435674645,3.475298319109735,2.180257510729614
2016-01-15,4.061963315302915,3.830053815256264,3.4265639651097897,2.160228898426323
2016-01-18,3.9472502423405693,3.8307954305166034,3.427243838912391,2.133047210300429
2016-01-19,3.9828076256499134,3.831537189376281,3.4279238476105878,2.151645207439199
2016-01-20,3.946025236990193,3.8322790918631013,3.428603991231145,2.117310443490701
2016-01-21,3.9634559653547403,3.8330211380048773,3.4292842698008337,2.1115879828326176
2016-01-22,4.011636040134116,3.8337633278294234,3.429964683346429,2.15450643776824
2016-01-25,4.033325584030281,3.8345056613645605,3.4306452318947125,2.1573676680972818
2016-01-27,4.0353260792023535,3.835248138638116,3.431325915472469,2.153075822603719
2016-01-28,4.036245924272244,3.8359907596779226,3.4320067341064906,2.1473533619456364
2016-01-29,4.047797029806841,3.836733524511816,3.4326876878235755,2.180257510729614
2016-02-01,4.0809070880944684,3.8374764331676423,3.433368776650525,2.1859799713876966
2016-02-02,4.074623606279453,3.838219485673247,3.4340500006141457,2.1630901287553645
2016-02-03,4.057386918225269,3.838962682056485,3.434731359741252,2.1273247496423457
2016-02-04,4.055609670123079,3.839706022345215,3.435412854058661,2.138769670958512
2016-02-05,4.094969639237771,3.840449506567302,3.436094483593197,2.1630901287553645
2016-02-08,4.066774709296226,3.841193134750615,3.4367762483716877,2.1373390557939915
2016-02-09,4.053659867142815,3.8419369069230305,3.4374581484209674,2.1087267525035767
2016-02-10,4.0255475218316334,3.8426808231124276,3.438140183767876,2.0929899856938485
2016-02-11,3.9373827218517756,3.8434248833466937,3.438822354439259,2.0271816881258937
2016-02-12,3.935429561772716,3.84416908765372,3.439504660461965,2.0243204577968523
2016-02-15,3.978371555301908,3.844913436061403,3.44018710186285,2.0686695278969958
2016-02-16,3.945827839581034,3.845657928597644,3.453051898106465,2.0429184549356223
2016-02-17,3.9341646069466765,3.846402565290355,3.461914709053742,2.0557939914163086
2016-02-18,3.946799383972371,3.847147346167444,3.467485266015254,2.078683834048641
2016-02-19,3.9369943055211687,3.8478922712568315,3.474937534300764,2.0829756795422028
2016-02-22,3.94139109781327,3.8486373405864422,3.4604431712873778,2.0915593705293274
2016-02-23,3.929804071321564,3.8493825541842037,3.4647602418078653,2.0572246065808297
2016-02-24,3.916850034200444,3.850127912078052,3.4483854021891984,2.03862660944206
2016-02-25,3.907240003189244,3.8508734142959264,3.4536430814279413,2.0243204577968523
2016-02-26,3.90709531223117,3.851619060865773,3.447927815432851,2.0400572246065805
2016-02-29,3.9085506145588984,3.8523648518155427,3.4472289646392933,2.0271816881258937
2016-03-01,3.942905485079794,3.8531107871731924,3.449351940000501,2.0858369098712446
2016-03-02,3.9681606036063632,3.853856866966683,3.4688755592900717,2.135908440629471
2016-03-03,3.9760937637693505,3.8546030912239813,3.5015669598039847,2.1573676680972818
2016-03-04,3.9761303561462182,3.8553494599730613,3.4505175144689084,2.168812589413448
2016-03-08,3.9738945283486014,3.8560959732419,3.429117122730207,2.1659513590844064
2016-03-09,3.988169583845641,3.856842631058481,3.473803074744013,2.177396280400572
2016-03-10,3.9911913084712194,3.857589433450793,3.4599816334311377,2.1645207439198857
2016-03-11,3.993807495562335,3.858336380446831,3.4579833646603,2.171673819742489
2016-03-14,4.002861591013047,3.8590834720745937,3.500547082144128,2.188841201716738
2016-03-15,3.9915233255420666,3.859830708362087,3.5252256520752256,2.1659513590844064
2016-03-16,3.981665540639779,3.8605780893373214,3.4666096035014893,2.177396280400572
2016-03-17,3.983290376456666,3.8613256150283117,3.520977725802864,2.178826895565093
2016-03-18,4.002163985883399,3.862073285463081,3.5583647615957537,2.2017167381974247
2016-03-21,4.03211098568617,3.8628211006696542,3.5262482461162583,2.2317596566523603
2016-03-22,4.027129051074062,3.8635690606760664,3.596596591934496,2.2474964234620884
2016-03-23,4.060606711679767,3.8643171655103528,3.538411954080316,2.244635193133047
2016-03-28,4.021038938149651,3.865065415200557,3.583700201884048,2.2317596566523603
2016-03-29,3.99757651037973,3.8658138097747283,3.5811714979525866,2.2117310443490696
2016-03-30,4.020150985518315,3.86656234926092,3.5730470487977968,2.2474964234620884
2016-03-31,4.01161891893026,3.86151875555386,3.544176608824068,2.263233190271817
2016-04-01,3.954523396880416,3.878714577591673,3.58555623105874,2.236051502145923
2016-04-04,3.9483755418567275,3.8438267697562902,3.755584406637697,2.248927038626609
2016-04-05,3.9591306792669774,3.7950613166268385,3.7640083985531194,2.2103004291845494
2016-04-06,3.953948997276554,3.8371711337560983,3.775727360835481,2.2117310443490696
2016-04-07,3.9597433497971055,3.824847862486823,3.781903670799324,2.188841201716738
2016-04-08,3.9903812405319323,3.92145152224424,3.791535464563258,2.195994277539342
2016-04-11,3.9936419905917306,4.020600809615079,3.870383367082369,2.2274678111587978
2016-04-12,3.984393519120776,3.9490390951222776,3.88728123354936,2.2346208869814017
2016-04-13,3.9850266679535546,3.9684314893432155,3.87454683859452,2.27038626609442
2016-04-18,4.035522133771995,3.9894336754656616,3.8184059071599465,2.2904148783977107
2016-04-20,4.049341295252643,3.972282651509214,3.792405447370928,2.2918454935622314
2016-04-21,4.001037679237603,3.968872384514227,3.751410316544584,2.2904148783977107
2016-04-22,4.033202714214376,4.009949875165635,3.707334315576746,2.2861230329041486
2016-04-25,4.00313351601546,4.024327574342308,3.743895571492019,2.2746781115879826
2016-04-26,4.036637026281888,4.059360722370737,3.788206909847228,2.30758226037196
2016-04-27,4.034222936538244,4.090522009855463,3.799179114249831,2.3090128755364807
2016-04-28,3.9988982001754083,4.051217572169102,3.785484848964758,2.273247496423462
2016-04-29,4.0145439591105365,4.04128911458637,3.785093443131617,2.2746781115879826
2016-05-02,4.043207204334014,4.073587769682392,3.7369073105001824,2.263233190271817
2016-05-03,4.0195322722103555,4.056985155102184,3.775018138404704,2.2503576537911303
2016-05-04,4.008623379675285,4.030678644539745,3.7778794755583993,2.236051502145923
2016-05-05,4.017419985648402,4.039807899879215,3.821051168538248,2.253218884120172
2016-05-06,4.012449800882078,4.028692592152072,3.787600909901153,2.2474964234620884
2016-05-09,4.089012131715771,4.05581505398952,3.816314293654139,2.278969957081545
2016-05-10,4.107714193394068,4.047413083645952,3.8102414531187407,2.2846924177396275
2016-05-11,4.1176021921855135,4.048537728084156,3.76646919295517,2.27038626609442
2016-05-12,4.148153469771423,4.044397977478665,3.694153020717982,2.2861230329041486
2016-05-13,4.14234669598533,4.02949738017365,3.694885987587172,2.260371959942775
2016-05-16,4.121169781075195,4.069872191709993,3.695619099886296,2.2832618025751072
2016-05-17,4.139513976021922,4.053656793390726,3.6963523576442094,2.2846924177396275
2016-05-18,4.145512440149223,4.088197684209064,3.697085760889775,2.277539341917024
2016-05-19,4.104560199075959,4.065565393428805,3.6978193096518552,2.254649499284692
2016-05-20,4.0852082030709065,4.011164061919053,3.698553003959326,2.251788268955651
2016-05-23,4.107008195517434,4.000029152705011,3.699286843841064,2.244635193133047
2016-05-24,4.074392637882342,4.026671462772475,3.700020829325953,2.2432045779685263
2016-05-25,4.119928661650602,4.042758787583609,3.7007549604428833,2.296137339055794
2016-05-26,4.132226721667135,4.025695403762236,3.701489237220749,2.3319027181688123
2016-05-27,4.1935411097729345,4.053657878082086,3.697914893432056,2.3590844062947065
2016-05-30,4.203248832359075,4.043882520204074,3.7210283339180754,2.367668097281831
2016-05-31,4.224307913101498,4.051888003867171,3.672373502061844,2.3648068669527897
2016-06-01,4.224007788469205,4.12339536524261,3.6690301307212154,2.371959942775393
2016-06-02,4.259102563564568,4.175244777549481,3.7100460048219968,2.389127324749642
2016-06-03,4.256972820088879,4.102104378362844,3.715574581347147,2.380543633762518
2016-06-06,4.295840302810311,4.21996321021976,3.7274402282130334,2.377682403433476
2016-06-07,4.370403145601571,4.2808543761402,3.712621381120941,2.3977110157367667
2016-06-08,4.369703190502768,4.279356926830844,3.7128028847722727,2.40486409155937
2016-06-09,4.351222361635075,4.301514210426044,3.7228613973246407,2.3862660944206007
2016-06-10,4.334032001544266,4.3163460080986065,3.826842493206277,2.377682403433476
2016-06-13,4.372976026118229,4.301338815547729,3.942775666263956,2.3633762517882686
2016-06-14,4.40705292885888,4.368589261136554,4.019567762120038,2.3648068669527897
2016-06-15,4.437888888422625,4.372720428168681,4.004072042227543,2.380543633762518
2016-06-16,4.387514949580573,4.269631690255491,3.9285124425943048,2.371959942775393
2016-06-17,4.405060155014037,4.286302704255057,4.46948864384387,2.371959942775393
2016-06-20,4.4322976403791845,4.263938226831229,4.552966988493724,2.3934191702432046
2016-06-21,4.433982568264506,4.364849108504975,4.529404604282373,2.38483547925608
2016-06-22,4.419952245269638,4.363642654580507,4.524151616974753,2.3819742489270386
2016-06-23,4.411391643341824,4.331496676081943,4.50366220070511,2.402002861230329
2016-06-24,4.3409409108648305,4.2662715398117355,4.508663305394557,2.360515021459227
2016-06-27,4.4390457446674585,4.2321128954850895,4.590204129434427,2.3590844062947065
2016-06-28,4.439054473124326,4.238728262047753,4.608727379619862,2.3590844062947065
2016-06-29,4.478655146222635,4.253128313929284,4.624153955264231,2.3819742489270386
2016-06-30,4.518515994477572,4.2630767386249975,4.520057289710728,2.412017167381974
2016-07-01,4.5324667542309935,4.331028645373385,4.3595799103479,2.417739628040057
2016-07-04,4.559052291010109,4.411141741137346,4.4774990049892525,2.4349070100143058
2016-07-05,4.547856030818167,4.350555719784339,4.490453673763121,2.4220314735336195
2016-07-07,4.555148656531026,4.33548322095244,4.377009199750487,2.42346208869814
2016-07-08,4.555024108165723,4.379298702910549,4.384010548760719,2.4191702432045776
2016-07-11,4.605565566237657,4.410472128777986,4.402517006771609,2.4606580829756792
2016-07-12,4.627892958904915,4.424794231987275,4.382735825157769,2.476394849785408
2016-07-13,4.560956437446759,4.352448147399978,4.384938069460578,2.476394849785408
2016-07-14,4.578083012660459,4.334916712570894,4.413813201365429,2.4878397711015734
2016-07-15,4.5990450732477,4.321652360748094,4.323419938015502,2.4835479256080117
2016-07-18,4.566833710307552,4.285600714571215,4.236895789235702,2.4749642346208867
2016-07-19,4.597337988510329,4.301366863315994,4.242020859684289,2.479256080114449
2016-07-20,4.65747806345756,4.381388467632852,4.305958052038799,2.4935622317596566
2016-07-21,4.6590663068975795,4.357238723841516,4.2776780545553175,2.476394849785408
2016-07-22,4.706065018610916,4.3880345383696895,4.260367792037004,2.4864091559370527
2016-07-25,4.724202080561978,4.448241457358596,4.314945322632703,2.5164520743919883
2016-07-26,4.660946953642662,4.405567960392672,4.3262755954631,2.506437768240343
2016-07-27,4.648743563812154,4.429785435208055,4.262163566938329,2.5092989985693848
2016-07-28,4.692639980528827,4.442152921569228,4.316529219802272,2.5207439198855504
2016-07-29,4.741031552532301,4.429356855935718,4.374925488444465,2.5207439198855504
2016-08-01,4.762429700253041,4.476572371948469,4.448646591908784,2.5164520743919883
2016-08-02,4.766537446338874,4.394574931173316,4.367793753137768,2.5164520743919883
2016-08-03,4.69175236360737,4.324020891808639,4.34885958856347,2.490701001430615
2016-08-04,4.705185458726569,4.327774231973896,4.433258539488373,2.4949928469241773
2016-08-05,4.816306435978028,4.352855788752138,4.621193593669471,2.529327610872675
2016-08-08,4.854743874343792,4.3665665476974285,4.704826525102635,2.536480686695279
2016-08-09,4.8585743240691395,4.29713413028383,4.682088439106441,2.5278969957081543
2016-08-10,4.750447878943017,4.276733019717099,4.63436112795007,2.506437768240343
2016-08-11,4.791191308471219,4.3360164552575995,4.664123775668366,2.502145922746781
2016-08-12,4.817319944104305,4.343301317061559,4.7495776702646735,2.5193133047210297
2016-08-16,4.887787797785154,4.36747131448294,4.655171571086012,2.5193133047210297
2016-08-17,4.931388454097968,4.371090275539585,4.596359449180089,2.5092989985693848
2016-08-18,4.981412918955439,4.382439353075358,4.570414551733315,2.525035765379113
2016-08-19,4.996650790386948,4.371650649369167,4.581920648508947,2.525035765379113
2016-08-22,4.96542339310368,4.3928607936947595,4.596283390507152,2.512160228898426
2016-08-23,4.949867268706384,4.399620538313561,4.59959539999238,2.513590844062947
2016-08-24,5.006074166705133,4.37399592553539,4.599765791175263,2.5193133047210297
2016-08-25,4.9727690609775035,4.3722412476856825,4.585215865819632,2.510729613733905
2016-08-26,4.95815258853299,4.369564081556179,4.617820836023387,2.4992846924177394
2016-08-29,4.9570702598814105,4.379425562771838,4.647136515566298,2.507868383404864
2016-08-30,5.043104644965821,4.392298426340187,4.689129793003088,2.545064377682403
2016-08-31,5.002723110687744,4.396424351404606,4.708764290033403,2.5636623748211727
2016-09-01,4.969853756383733,4.364983478898564,4.853540492309304,2.5593705293276106
2016-09-02,5.009801553497468,4.391971229316872,4.815843048231078,2.5636623748211727
2016-09-06,5.039871087406263,4.454190513086935,4.842997970020055,2.6037195994277536
2016-09-07,5.044642531923912,4.490248373279977,4.819173331553312,2.6008583690987126
2016-09-08,5.091476745796283,4.536288533502589,4.785599847988307,2.610872675250357
2016-09-09,5.059000172051313,4.533709177352394,4.727793774892617,2.590844062947067
2016-09-12,4.961039022077121,4.407752250888345,4.670567525706211,2.549356223175965
2016-09-14,5.0567616585746595,4.494240933582325,4.69330906891481,2.552217453505007
2016-09-15,5.075099475033676,4.470340171132637,4.668825090653439,2.549356223175965
2016-09-16,5.100570790722657,4.435138425817798,4.77862269946492,2.5608011444921317
2016-09-19,5.158052714843832,4.436379665299911,4.778792102872829,2.567954220314735
2016-09-20,5.213305525364979,4.522502002723227,4.82434927241302,2.5665236051502145
2016-09-21,5.197880999240456,4.524015270131618,4.91537668729576,2.562231759656652
2016-09-22,5.256923974301409,4.5669079102678545,4.933056377654059,2.585121602288984
2016-09-23,5.260951821435915,4.552774820054858,4.9312166467664245,2.5765379113018594
2016-09-26,5.224285924104389,4.555181176636166,4.939251208398652,2.552217453505007
2016-09-27,5.21728872308551,4.609096625949378,4.950072283230351,2.5422031473533617
2016-09-28,5.271403141405198,4.647728527683653,4.972200418180577,2.553648068669528
2016-09-29,5.046974372747072,4.447966093375184,4.853801758789722,2.5193133047210297
2016-09-30,5.140725049412298,4.505906834176686,4.888663300919816,2.513590844062947
2016-10-03,5.314483447404752,4.722603988610703,4.94695585318982,2.5507868383404864
2016-10-04,5.342772376112563,4.750874289451705,5.180368067138279,2.5550786838340485
2016-10-05,5.391306960524714,4.814734130984382,5.160869389166782,2.549356223175965
2016-10-06,5.344153486556918,4.79050322815565,5.151641101479411,2.5379113018598
2016-10-07,5.315011519045241,4.838218156475551,5.20069153721242,2.535050071530758
2016-10-10,5.32625276436104,4.817065963481559,5.241834340397261,2.545064377682403
2016-10-13,5.2533919706589565,4.790414287192031,5.13296128896072,2.50071530758226
2016-10-14,5.299542007796862,4.808648638146017,5.269900978486526,2.5092989985693848
2016-10-17,5.234076902740652,4.828214783804412,5.419278236587718,2.4864091559370527
2016-10-18,5.293474723144259,4.885007819027144,5.56627396922846,2.523605150214592
2016-10-19,5.337227456032497,4.912891134088501,5.632537865532404,2.523605150214592
2016-10-20,5.330844268383263,4.984129128097601,5.680239000651985,2.536480686695279
2016-10-21,5.323132341030881,4.973862462415682,5.786144282181467,2.535050071530758
2016-10-24,5.327469041254548,4.956982254160726,5.721107696281757,2.5393419170243203
2016-10-25,5.320539989341212,4.967811583641213,5.592287023148387,2.5379113018598
2016-10-26,5.246691537173574,4.937287748700876,5.546457721603071,2.515021459227468
2016-10-27,5.248153553698893,4.871283113485119,5.4972927039731685,2.5193133047210297
2016-10-28,5.273819916827877,4.890693066793299,5.526865698896605,2.5221745350500715
2016-10-30,5.273819916827877,4.889252066608638,5.283460597734591,2.5221745350500715
2016-11-01,5.334216474123063,4.942276022191743,5.589362221452662,2.523605150214592
2016-11-02,5.250390388626149,4.8515161243645615,5.521560853402892,2.496423462088698
2016-11-03,5.154519704071741,4.853575899521219,5.511137357997915,2.490701001430615
2016-11-04,5.059313389368907,4.780130189652204,5.35978158662535,2.470672389127325
2016-11-07,5.124509590811621,4.7810557686821715,5.316271580717171,2.496423462088698
2016-11-08,5.129295470854088,4.781981526932476,5.344169803173501,2.5221745350500715
2016-11-09,5.050432520216029,4.78290746443782,5.399082189485124,2.467811158798283
2016-11-10,5.067035723727555,4.783833581232913,5.479541893816798,2.5050071530758222
2016-11-11,4.888448139118174,4.784759877352469,5.479169996539377,2.4320457796852644
2016-11-15,4.821641201673514,4.785686352831212,5.46728113696162,2.377682403433476
2016-11-16,4.848988128459386,4.786613007703871,5.422724583469306,2.373390557939914
2016-11-17,4.851007759094591,4.787539842005183,5.577315317879189,2.374821173104434
2016-11-18,4.854917436351505,4.788466855769889,5.487736474994686,2.3662374821173104
2016-11-21,4.818254560408895,4.789394049032741,5.455116688166332,2.326180257510729
2016-11-22,4.81256058514232,4.790321421828495,5.437783212936148,2.34620886981402
2016-11-23,4.810233779967352,4.7912489741919115,5.413749660062567,2.353361945636624
2016-11-24,4.813413959656065,4.792176706157763,5.434319086105042,2.3390557939914163
2016-11-25,4.814965946429096,4.793104617760824,5.580743884811259,2.3705293276108725
2016-11-28,4.8225157259096685,4.794032709035879,5.583514099723674,2.3819742489270386
2016-11-29,4.814593308462826,4.794960980017718,5.613926703374353,2.3862660944206007
2016-11-30,4.824456464723186,4.795889430741138,5.576281611369707,2.400572246065808
2016-12-01,4.8088600551403475,4.796818061240941,5.482095786010075,2.389127324749642
2016-12-02,4.788140041376242,4.797746871551938,5.423361157562276,2.3633762517882686
2016-12-05,4.791404819954595,4.798675861708946,5.424437221284014,2.380543633762518
2016-12-06,4.806715540429961,4.799605031746789,5.42551349851046,2.3819742489270386
2016-12-07,4.806198547215496,4.800534381700297,5.426589989283974,2.369098712446352
2016-12-08,4.810238815615545,4.801463911604308,5.427666693646927,2.403433476394849
2016-12-09,4.81875711809854,4.802393621493664,5.428743611641698,2.4091559370529327
2016-12-12,4.816767029932732,4.803323511403217,5.416794970305026,2.38483547925608
2016-12-13,4.810802472503263,4.804253581367825,5.389486449507713,2.3991416309012874
2016-12-14,4.809151451315773,4.805183831422351,5.3602221342634095,2.3876967095851214
2016-12-15,4.817697617718768,4.8061142616016665,5.378962201055467,2.3819742489270386
2016-12-16,4.824674340434996,4.807044871940649,5.375831942165312,2.376251788268956
2016-12-19,4.821928233620505,4.807975662474182,5.350960262226949,2.371959942775393
2016-12-20,4.806053520547543,4.808906633237158,5.365263243839272,2.3633762517882686
2016-12-21,4.805232038472353,4.809837784264475,5.331147471813966,2.360515021459227
2016-12-22,4.796285034473208,4.810769115591036,5.283444361144439,2.3347639484978537
2016-12-23,4.794974758813433,4.811700627251754,5.246204750766303,2.336194563662375
2016-12-26,4.782726383859069,4.812632319281547,5.279747119419651,2.311874105865522
2016-12-27,4.793666161703056,4.813564191715339,5.271861217920895,2.341917024320457
2016-12-28,4.796240049349352,4.814496244588063,5.279017153714436,2.341917024320457
2016-12-29,4.802959954007746,4.815428477934656,5.298155293820705,2.3633762517882686
2016-12-30,4.805651340111876,4.816360891790064,5.310665463856623,2.389127324749642
2017-01-02,4.799338315827462,4.81729348618924,5.36932349286672,2.389127324749642
2017-01-03,4.8169426061997225,4.818226261167142,5.441436498674628,2.3919885550786835
2017-01-04,4.817381714722137,4.819159216758735,5.508963265281842,2.3919885550786835
2017-01-05,4.815551424458983,4.8200923529989925,5.569006154804405,2.4148783977110155
2017-01-06,4.811449049731222,4.821025669922893,5.54195890048751,2.410586552217453
2017-01-09,4.830737596569045,4.821959167565422,5.554353994739046,2.406294706723891
2017-01-10,4.8642887776383645,4.822892845961571,5.577817107565588,2.416309012875536
2017-01-11,4.857124393099483,4.823826705146343,5.609897075371074,2.444921316165951
2017-01-12,4.857473531374186,4.82476074515474,5.582156403022974,2.4506437768240343
2017-01-13,4.855590870369826,4.825694966021778,5.576009479364583,2.449213161659513
2017-01-16,4.869204577404207,4.826629367782475,5.5903159181893125,2.453505007153076
2017-01-17,4.854484706316801,4.827563950471859,5.602562352307379,2.4477825464949925
2017-01-18,4.8526889941712374,4.8284987141249625,5.684349132315582,2.453505007153076
2017-01-19,4.844181434404388,4.829433658776825,5.754757732407186,2.4592274678111585
2017-01-20,4.843722183289201,4.830368784462495,5.704816817535813,2.4349070100143058
2017-01-23,4.863372625377149,4.8313040912170235,5.8211618927573285,2.444921316165951
2017-01-24,4.894957553682108,4.832239579075474,5.867521629463268,2.469241773962804
2017-01-25,4.921142924284833,4.833175248072912,5.839636741969076,2.502145922746781
2017-01-27,4.893740605368841,4.834111098244413,5.857621160906615,2.517882689556509
2017-01-30,4.905118820315483,4.835047129625056,5.824994953540935,2.5164520743919883
2017-01-31,4.863598893835947,4.828740231902077,5.711696176336852,2.4949928469241773
2017-02-01,4.908672645100104,4.908397107470958,5.925636876125578,2.5379113018598
2017-02-02,4.985281639607051,5.002226123408081,5.861586089649148,2.5436337625178824
2017-02-03,4.991613127934839,5.002567805315471,5.855838227079941,2.546494992846924
2017-02-06,5.000533275143621,5.046061287260415,6.011281411291718,2.565092989985694
2017-02-07,4.996508113688151,5.024693327074744,6.09398287092513,2.556509298998569
2017-02-08,4.957071267011049,5.029625187926285,6.04145447951139,2.5593705293276106
2017-02-09,4.978170968648894,5.151804943180697,6.039857741267168,2.5593705293276106
2017-02-10,4.986351546993088,5.159138310431838,5.995785197511737,2.5636623748211727
2017-02-13,4.933035446766904,5.1552308348068605,6.013289063924802,2.5665236051502145
2017-02-14,4.896203708754894,5.12973020945714,6.057028233626769,2.567954220314735
2017-02-15,4.833077830139194,5.013428764733752,6.006707025390705,2.5479256080114445
2017-02-16,4.896937570551529,5.069992783869042,6.001886683521359,2.5608011444921317
2017-02-17,4.90354769807932,5.084017639786645,5.862522500323767,2.573676680972818
2017-02-20,4.953092433518953,5.137562611411819,5.8969538664530186,2.589413447782546
2017-02-21,4.9940295676476385,5.115254753798866,5.902651352498591,2.5951359084406294
2017-02-22,4.950963361463024,5.0607838766201425,5.898780262378517,2.602288984263233
2017-02-23,4.971147582259412,5.068003901637296,6.020894437331161,2.608011444921316
2017-02-27,4.953162596883773,5.050106578095119,6.0953677314375945,2.59656652360515
2017-02-28,4.96521995291669,5.037232831781511,6.063513964100977,2.5937052932761087
2017-03-01,5.029993159911204,5.045308077876102,6.097168445213786,2.6208869814020024
2017-03-02,4.97262403430955,4.97933481278169,6.020020750367342,2.6051502145922742
2017-03-03,5.0405357929677175,5.044939559740813,5.952425827286974,2.6051502145922742
2017-03-06,5.059398323968426,5.0175126095030675,5.96872510212019,2.6194563662374817
2017-03-07,5.085967075253566,5.003319635172339,6.003708140571988,2.612303290414878
2017-03-08,5.04950461810903,4.96590779638737,6.029356705526794,2.6051502145922742
2017-03-09,5.026405428428752,4.962191900530822,6.011118922308623,2.618025751072961
2017-03-10,5.026739795468756,4.944352495951805,5.94280440516026,2.6165951359084403
2017-03-14,5.108319310451908,4.95965127327631,6.01781159163972,2.65379113018598
2017-03-15,5.095087641260423,4.959093362408759,6.041850083388167,2.652360515021459
2017-03-16,5.146156499553086,4.954905660792285,6.020918143930519,2.6738197424892705
2017-03-17,5.161002933265072,4.939603422118355,6.00026327535286,2.6738197424892705
2017-03-20,5.154792971913672,4.949177914776107,5.992122527911012,2.668097281831187
2017-03-21,5.166955740848758,4.958348621923146,6.033712299271238,2.669527896995708
2017-03-22,5.122231127859304,4.952034939813355,6.090147340704091,2.6394849785407724
2017-03-23,5.17340338479486,4.965649357703804,6.149369389223901,2.6609442060085837
2017-03-24,5.1640145865942655,4.96196163505099,6.095335134863477,2.669527896995708
2017-03-27,5.174607576132706,4.955783079166697,6.0704165356138855,2.649499284692417
2017-03-28,5.2222223154749665,4.957750901674452,6.052407422302015,2.6609442060085837
2017-03-29,5.231528193335319,4.967124537241071,6.130209024180735,2.668097281831187
2017-03-30,5.263753656090406,4.975017201528862,6.181220193235598,2.682403433476394
2017-03-31,5.308248307812389,4.974314982884545,6.325731671818676,2.683834048640916
2017-04-03,5.2613644088778475,4.8881590043672425,5.919349194533503,2.7010014306151646
2017-04-05,5.268220947457207,4.847824293862354,5.94767956854062,2.7052932761087263
2017-04-06,5.268056113906362,4.80490187976713,5.9410812317194654,2.7052932761087263
2017-04-07,5.226202156096702,4.7834215145912315,6.041503374372565,2.688125894134478
2017-04-10,5.27198459091653,4.807257165752964,6.196057561108438,2.686695278969957
2017-04-11,5.304808960096684,4.776526906520798,6.2376310341816055,2.6995708154506435
2017-04-12,5.332057188177977,4.801312500384,6.21735497730618,2.690987124463519
2017-04-13,5.327423384710933,4.787095152676867,6.265357877680081,2.6752503576537907
2017-04-17,5.334420585729812,4.768446552210317,6.236832418115752,2.6738197424892705
2017-04-18,5.285906479620312,4.738102780904007,6.238649430179003,2.659513590844063
2017-04-19,5.340476791956391,4.783390475815186,6.177127347634033,2.662374821173104
2017-04-20,5.419957113062891,4.841591664584187,6.304370050247673,2.6709585121602286
2017-04-21,5.428783261505407,4.8563020102385455,6.338618184119391,2.6638054363376247
2017-04-24,5.4345279289637896,4.851110691683447,6.493970493033632,2.6938483547925607
2017-04-25,5.503407874914499,4.877908071456648,6.5175916498558895,2.715307582260372
2017-04-26,5.467417425860571,4.822638397552382,6.458929175858412,2.7296137339055795
2017-04-27,5.478361903642872,4.812991600203234,6.3844464978897335,2.7281831187410583
2017-04-28,5.558949731641915,4.815624101926471,6.425112699649993,2.718168812589413
2017-05-02,5.654139932270532,4.900905269527474,6.3649404116059385,2.7195994277539337
2017-05-03,5.62232537840798,4.907363562867382,6.392905308872961,2.7195994277539337
2017-05-04,5.690804822472419,4.947890518562512,6.403728359254607,2.733905579399141
2017-05-05,5.648094468760098,4.864704873308558,6.303830725112291,2.715307582260372
2017-05-08,5.654834180301384,4.938139219788687,6.210436107506213,2.718168812589413
2017-05-09,5.673084040771965,4.942050528683303,6.17150147527402,2.7210300429184544
2017-05-10,5.7259348471051315,5.015795014767402,6.187930148628728,2.7467811158798283
2017-05-11,5.694261962811738,5.037650601822739,6.147441252476162,2.7496423462088693
2017-05-12,5.6424337287715955,5.034946005244475,6.131477330738926,2.745350500715308
2017-05-15,5.7135035102664276,5.052221613964353,6.132693893701374,2.7553648068669525
2017-05-16,5.749198198916496,5.087825732501435,6.133910698045363,2.7768240343347634
2017-05-17,5.735705347438744,5.0511774233051385,6.129732422756153,2.781115879828326
2017-05-18,5.576969966554903,4.937058954568701,6.106131515320846,2.753934191702432
2017-05-19,5.551567471391223,4.918453337582692,6.076875102276329,2.753934191702432
2017-05-22,5.464328559259088,4.861169639706874,6.070783987903926,2.756795422031473
2017-05-23,5.395541269235127,4.815614887394755,6.059887348286775,2.741058655221745
2017-05-24,5.339657659850357,4.797179306845512,6.017931112411481,2.733905579399141
2017-05-25,5.4555507530392235,4.836444855230014,6.004275617294108,2.7768240343347634
2017-05-26,5.51567269965296,4.867514814820338,6.0149905063161855,2.8011444921316166
2017-05-29,5.471889417165685,4.885081554965813,6.030580558718623,2.804005722460658
2017-05-30,5.496077313985254,4.882755537720779,6.031547590417412,2.80829756795422
2017-05-31,5.569284895992883,4.909876911155402,6.061760169636012,2.809728183118741
2017-06-01,5.6461977079407975,4.9677524139819225,6.050340009283051,2.809728183118741
2017-06-02,5.678429884893475,5.008392417230368,6.097454899956022,2.822603719599428
2017-06-05,5.6840570538940245,5.079974756207779,6.166781886451942,2.831187410586552
2017-06-06,5.622842035912564,5.029589145382561,6.0793638013213736,2.819742489270386
2017-06-07,5.661982115056168,5.147982866972006,6.097399090670034,2.825464949928469
2017-06-08,5.669196520367099,5.145461878157393,6.067482350055916,2.825464949928469
2017-06-09,5.66877419733866,5.2271852322912435,6.193363404868962,2.831187410586552
2017-06-12,5.632990209860639,5.2409996847142155,6.14991217157169,2.8125894134477822
2017-06-13,5.617880915312987,5.269295125693562,6.106376483514206,2.815450643776824
2017-06-14,5.594869345911263,5.272554393913699,6.046990958236326,2.814020028612303
2017-06-15,5.624347023302462,5.303806608187934,5.963879571989025,2.8054363376251783
2017-06-16,5.629863743752649,5.3815607932212455,5.999480463686578,2.8054363376251783
2017-06-19,5.634707701604274,5.310737386909199,5.974242319233148,2.8268955650929897
2017-06-20,5.665723937373322,5.341066735872383,6.00548712329877,2.8283261802575104
2017-06-21,5.673133725834134,5.3334337369270015,6.041051467322313,2.819742489270386
2017-06-22,5.6383924532419085,5.2187405807520335,5.98234750677596,2.818311874105865
2017-06-23,5.536893592557312,5.133440969697696,5.903225743645523,2.804005722460658
2017-06-27,5.443601495587513,5.075865365573384,5.929870973548314,2.785407725321888
2017-06-28,5.488925015002035,5.092773796584554,5.944073202113369,2.7825464949928467
2017-06-29,5.530796094015551,5.136241175167022,5.962522863063299,2.785407725321888
2017-06-30,5.6318615532456855,5.105587931175253,5.929885790172914,2.792560801144492
2017-07-03,5.678161316989858,5.168143234608661,6.074776080458221,2.815450643776824
2017-07-04,5.663786219948721,5.134372136370703,6.073162056151969,2.818311874105865
2017-07-05,5.7198255987175886,5.298049944533113,6.24942852457434,2.8268955650929897
2017-07-06,5.7142273007666775,5.294852362828653,6.4409245075339205,2.838340486409156
2017-07-07,5.70499460766006,5.2751044110344045,6.5519276957002255,2.832618025751073
2017-07-10,5.699641377921201,5.312719147842401,6.65131958905625,2.861230329041488
2017-07-11,5.645151635956207,5.263975192919233,6.540165765206528,2.872675250357654
2017-07-12,5.680115819908435,5.244938164857764,6.826232311877813,2.876967095851216
2017-07-13,5.756364933424535,5.259338867864342,6.95229709283588,2.9012875536480687
2017-07-14,5.691497056243994,5.2410788918738875,6.811948097989981,2.896995708154506
2017-07-17,5.717076134804302,5.261667832753664,6.824443451401299,2.909871244635193
2017-07-18,5.663311526179076,5.206584944836774,6.78275638420621,2.889842632331902
2017-07-19,5.684715045257888,5.243375312849917,6.788127904510618,2.908440629470672
2017-07-20,5.683348706048233,5.273147539966918,6.8328015093372585,2.9027181688125894
2017-07-21,5.641099617710375,5.245380987392317,6.816451857980408,2.9113018597997136
2017-07-24,5.59848964125203,5.255394321961409,6.80657855323552,2.9298998569384835
2017-07-25,5.601824918905082,5.270972862678078,6.798203703125017,2.932761087267525
2017-07-26,5.589386532158908,5.326080279402497,6.728947342539682,2.94277539341917
2017-07-27,5.53882694575348,5.349075599803289,6.703040968316863,2.948497854077253
2017-07-28,5.5377426028426235,5.331827450004675,6.7154380381183465,2.9399141630901284
2017-07-31,5.568685653857936,5.3843276246089795,6.718888336099828,2.9585121602288984
2017-08-01,5.571693950088334,5.457980377971295,6.714959461143819,2.9685264663805437
2017-08-02,5.542012832510145,5.487797435478314,6.700229413200922,2.9685264663805437
2017-08-03,5.501427858045077,5.401298325996489,6.70155882379878,2.948497854077253
2017-08-04,5.518119017545038,5.417735555908677,6.702888498168581,2.9685264663805437
2017-08-07,5.577109621864785,5.559047535655179,6.704218436362662,2.96137339055794
2017-08-08,5.5043095916508955,5.4641033802600445,6.70554863843337,2.944206008583691
2017-08-09,5.422561550308224,5.425974649595536,6.663660355684259,2.919885550786838
2017-08-10,5.283306742313293,5.248239353465336,6.590495410313382,2.8798283261802573
2017-08-11,5.238371974939257,5.231438975050408,6.59180304829162,2.854077253218884
2017-08-14,5.299778683261925,5.313625232631153,6.593110945721836,2.888412017167382
2017-08-16,5.343402167846547,5.376242995630351,6.59441910265551,2.921316165951359
2017-08-17,5.3422651184846055,5.435843082829312,6.595727519144133,2.92274678111588
2017-08-18,5.401999991607253,5.408997356691669,6.597036195239202,2.907010014306151
2017-08-21,5.424474089491861,5.3190830319279545,6.591598220287473,2.878397711015736
2017-08-22,5.403756761406792,5.292283918688017,6.633810783768318,2.8826895565092987
2017-08-23,5.451834780382793,5.344559412817756,6.676688613693633,2.9055793991416308
2017-08-24,5.447033793395748,5.34970865593787,6.654801001949387,2.9113018597997136
2017-08-28,5.47997935384241,5.41454284444905,6.727976359741,2.925608011444921
2017-08-29,5.432429070797017,5.41988860237135,6.695392626699168,2.891273247496424
2017-08-30,5.540753584752057,5.503066729491555,6.758167701797676,2.914163090128755
2017-08-31,5.623890122156433,5.566185694898671,6.73634874041407,2.92274678111588
2017-09-01,5.67862325378408,5.615580045934187,6.807777712053018,2.94277539341917
2017-09-04,5.64925871062228,5.60046456699556,6.703264205460812,2.919885550786838
2017-09-05,5.732038724134603,5.690997233808354,7.075131355744008,2.931330472103004
2017-09-06,5.71215328513099,5.7860246913480315,7.242431296846913,2.92274678111588
2017-09-07,5.701347455528932,5.831553599317187,7.393786574331991,2.9284692417739624
2017-09-08,5.6670983336200855,5.757577085149574,7.385520873356029,2.9270386266094417
2017-09-11,5.738929505121674,5.821285451959325,7.402185131041851,2.948497854077253
2017-09-12,5.762370783169185,5.801940119678714,7.346700329133244,2.9685264663805437
2017-09-13,5.671437048103029,5.869413784581143,7.352757859156558,2.964234620886981
2017-09-14,5.712501751985934,5.928500519006353,7.34565674487403,2.9685264663805437
2017-09-15,5.825421798481752,6.093341498882479,7.367703388388964,2.9685264663805437
2017-09-18,5.952496044917982,6.138917348393969,7.391565562304691,2.9899856938483547
2017-09-19,6.0502668473904855,6.3547034299278105,7.376905500039546,2.988555078683834
2017-09-20,6.011560169701344,6.393610663907305,7.410295751347017,2.988555078683834
2017-09-21,6.026347518474534,6.455232694093412,7.379711274850995,2.9756795422031472
2017-09-22,5.8197523300363825,6.20167976823164,7.148887031332391,2.9341917024320456
2017-09-25,5.661259667395437,6.04111841447763,7.113452085830341,2.909871244635193
2017-09-26,5.764301114976437,6.080874935173767,7.120008442215132,2.9012875536480687
2017-09-27,5.653798179613179,5.905143188998197,7.097564966164579,2.878397711015736
2017-09-28,5.65665641352743,5.938815319193409,7.098973213181675,2.889842632331902
2017-09-29,5.699954259528915,5.981259216607844,7.100381739612861,2.889842632331902
2017-10-03,5.7668330388877935,6.0613124126489915,7.101790545513578,2.90414878397711
2017-10-04,5.979484433552524,6.226811890514854,7.103199630939275,2.919885550786838
2017-10-05,6.192444009886656,6.283472922219234,7.090979711301945,2.914163090128755
2017-10-06,6.207629510576959,6.32645140290954,7.138245731545819,2.948497854077253
2017-10-09,6.425201740655726,6.464383311562349,7.074331751903181,2.9499284692417738
2017-10-10,6.528771595587093,6.5936882575095375,7.040234747602367,2.952789699570815
2017-10-11,6.444695070520057,6.441647870420317,6.989982189726941,2.9399141630901284
2017-10-12,6.546212395248027,6.517796380368877,7.0313062496193695,2.9713876967095847
2017-10-13,6.503258316163172,6.550711379403878,7.038302659754735,3.0028612303290414
2017-10-16,6.567143906236231,6.4999561516880275,7.060984936464941,3.021459227467811
2017-10-17,6.506302533350678,6.549921818773855,7.026482944425103,3.0200286123032902
2017-10-18,6.535826202995372,6.583969961972578,6.964325722572349,3.015736766809728
2017-10-19,6.535826202995372,6.576037341186052,7.009900706333111,3.015736766809728
2017-10-23,6.484177909450652,6.568902770509687,6.956664045992516,3.008583690987124
2017-10-24,6.569585859899875,6.665988517722122,6.975539437955906,3.0014306151645207
2017-10-25,6.551310485478449,6.521386876725278,6.8680393937321496,3.0314735336194563
2017-10-26,6.666279033659112,6.534715688461401,6.881363490346007,3.044349070100143
2017-10-27,6.81949433699397,6.537932839700284,6.942942863839422,3.03862660944206
2017-10-30,7.039097611843845,6.636785317825152,6.944727773216044,3.060085836909871
2017-10-31,7.19643140398068,6.685256296782015,6.944851245087697,3.0472103004291844
2017-11-01,7.229780823412407,6.617245756029258,6.9484842814392245,3.0743919885550786
2017-11-02,7.199925472406746,6.737703022523663,6.990722033181888,3.0743919885550786
2017-11-03,7.279441714470355,6.822560898316121,6.982589681827312,3.0801144492131614
2017-11-06,7.280513971825548,6.949899361809947,6.985206791618877,3.0801144492131614
2017-11-07,7.182502801079307,6.910373481292398,6.883024433963486,3.0572246065808293
2017-11-08,6.9643652355634265,6.920076243402806,6.902453967686856,3.041487839771101
2017-11-09,7.107808695725154,7.088771745988353,6.874917270870728,3.037195994277539
2017-11-10,7.067696736480333,7.15365580166634,6.799544607651173,3.0400572246065805
2017-11-13,7.152007587043277,7.1961303200650715,6.7369656058848495,3.021459227467811
2017-11-14,7.235207237905002,7.233789213700453,6.765789373491094,3.010014306151645
2017-11-15,7.094427971347161,7.014840486479531,6.727614340213313,2.988555078683834
2017-11-16,7.159193121304568,6.978765015611855,6.784399053986686,3.010014306151645
2017-11-17,7.113334480342088,6.964575520658034,6.868225589314603,3.030042918454936
2017-11-20,7.081340657403872,6.993040560522221,6.832440477584544,3.03862660944206
2017-11-21,7.096553014884536,6.952977855545549,6.791219146289331,3.044349070100143
2017-11-22,7.246928884058397,6.994743123678129,6.786325709071965,3.045779685264664
2017-11-23,7.323243796710883,7.053848572736272,6.837084995508656,3.050071530758226
2017-11-24,7.357707772942623,7.0608192586038525,6.805182827198351,3.060085836909871
2017-11-27,7.471518793458693,7.120564475148707,6.837681611592485,3.061516452074392
2017-11-28,7.468497404542994,7.135088170219253,6.879643280230131,3.0572246065808293
2017-11-29,7.451856937234842,7.072385582109935,6.92507994122359,3.0557939914163086
2017-11-30,7.486855363594781,7.146529748918717,7.006733371610407,3.025751072961373
2017-12-01,7.342140234409423,6.961621589025659,6.971766631445666,2.992846924177396
2017-12-04,7.2143220548801725,6.834035167522476,6.930119075249506,2.995708154506437
2017-12-05,7.157704583698767,6.819105255158729,6.903517801333022,2.992846924177396
2017-12-06,7.080443640605789,6.787498457987632,6.800078500024202,2.9685264663805437
2017-12-07,7.239554009425055,7.017587201670325,6.863090147228797,3.0071530758226035
2017-12-08,7.327484483909005,7.190628528129131,7.027619873419287,3.0343347639484977
2017-12-11,7.450303271912413,7.144325389825664,7.116557650346166,3.041487839771101
2017-12-12,7.33615049873899,7.1270304170929215,7.184363957270804,3.021459227467811
2017-12-13,7.256859182294661,7.003297034810064,7.057043714321766,3.010014306151645
2017-12-14,7.235245508831268,7.020434187452977,6.939962746745197,3.015736766809728
2017-12-15,7.402726467786539,7.233440244223988,7.008580510810342,3.042918454935622
2017-12-18,7.444712359578852,7.219956683173596,7.046348086911666,3.0586552217453504
2017-12-19,7.644767919563913,7.335633752081253,7.02726229887898,3.0844062947067235
2017-12-20,7.771175446179412,7.260534464642768,6.987867363509262,3.0758226037195997
2017-12-21,7.746789480530925,7.2657806030382215,6.997169734319626,3.0743919885550786
2017-12-22,7.799116579452037,7.372542589724834,7.076069741968573,3.088698140200286
2017-12-26,7.79863718574408,7.438053923192224,7.248963946632348,3.098712446351931
2017-12-27,7.819574068090357,7.417515200445295,7.155975798427754,3.09728183118741
2017-12-28,7.873111065417266,7.414533177021858,7.23558453461999,3.0901287553648067
2017-12-29,7.91197015539171,7.483594690950367,7.107101186639979,3.103004291845493
2018-01-01,7.945449158836933,7.5914078787874635,7.2198310054594845,3.0844062947067235
2018-01-02,7.911986940885686,7.843499446768475,7.1959149978077175,3.0743919885550786
2018-01-03,8.037044913785506,8.305711912694889,7.217227230630058,3.0786838340486407
2018-01-04,8.142857310712083,8.24479692482577,7.241360054888449,3.094420600858369
2018-01-05,8.076784235064057,8.217987116474532,7.322531451088332,3.110157367668097
2018-01-08,8.199993789367229,8.776441079500705,7.509196720541348,3.125894134477825
2018-01-09,8.342998812426302,8.730729174655673,7.047003969493889,3.133047210300429
2018-01-10,8.26188929127448,8.616841054320448,7.040031265957881,3.144492131616595
2018-01-11,8.377377518348643,8.666671687299958,6.975240142139017,3.1473533619456364
2018-01-12,8.366677101648754,8.659268449149987,6.978641051371838,3.15450643776824
2018-01-15,8.487715955870936,8.648937680834745,7.035866312783272,3.17310443490701
2018-01-16,8.275396242567174,8.275196285432358,6.937799025666344,3.1573676680972813
2018-01-17,8.253252818913895,8.280781248405626,6.882708345972055,3.177396280400572
2018-01-18,8.074417480413427,8.014163640385624,6.795876999175582,3.1917024320457794
2018-01-19,8.080697269419767,8.151699912789175,6.729861034389916,3.2103004291845494
2018-01-22,8.368128039748049,8.208260585801442,6.64841157953507,3.2288984263233185
2018-01-23,8.501747285995442,8.17505843361972,6.549217241173691,3.267525035765379
2018-01-24,8.37503292055006,7.982145562793184,6.499379548787021,3.267525035765379
2018-01-25,8.43325575637534,8.07070384406084,6.462867928564154,3.260371959942775
2018-01-29,8.224300527484148,8.129117098034909,6.404558090232118,3.2789699570815447
2018-01-30,8.004632796337406,8.069799651091746,6.288770613982989,3.253218884120172
2018-01-31,7.896593300070079,7.9197240149556345,6.295162011947253,3.248927038626609
2018-02-01,7.981865623727974,7.829017607861802,6.2963335130655,3.2474964234620884
2018-02-02,7.557790861137804,7.711655403858721,6.240407375542198,3.1831187410586548
2018-02-05,7.437115245005266,7.6491647055203105,6.241645551608774,3.1559370529327606
2018-02-06,7.286298924469474,7.636797868385476,6.242883973345204,3.1115879828326176
2018-02-07,7.362850176877143,7.7311188674835,6.244122640800233,3.1015736766809727
2018-02-08,7.4673882191010525,7.717927720838334,6.2453615540226135,3.133047210300429
2018-02-09,7.449157158383724,7.693906690601129,6.246600713061111,3.09728183118741
2018-02-12,7.543844129902938,7.72079113075579,6.247840117964495,3.123032904148784
2018-02-14,7.555185752472713,7.717570199329572,6.249079768781552,3.1087267525035767
2018-02-15,7.531466506644957,7.7090420359274585,6.250319665561072,3.1244635193133043
2018-02-16,7.472660207049068,7.708511210049156,6.251559808351858,3.09728183118741
2018-02-19,7.405717642813081,7.668981392186434,6.2528001972027205,3.072961373390558
2018-02-20,7.401139231476158,7.665241476162014,6.254040832162484,3.065808297567954
2018-02-21,7.39997901813253,7.728042589529369,6.255281713279975,3.0801144492131614
2018-02-22,7.382119923961712,7.764467914418909,6.256522840604038,3.0743919885550786
2018-02-23,7.4303567337107275,7.858917192666547,6.257764214183523,3.103004291845493
2018-02-26,7.48149676249785,7.926542415368981,6.25900583406729,3.1287553648068664
2018-02-27,7.470967557836517,7.956405863753984,6.24979745852684,3.1187410586552216
2018-02-28,7.430981154086639,8.112950488953167,6.250999580669257,3.1087267525035767
2018-03-01,7.45100154846182,8.09635254140036,6.347401479181324,3.092989985693848
2018-03-05,7.419235336821918,7.88806261706002,6.37404177020925,3.065808297567954
2018-03-06,7.348160183969014,7.908681030350017,6.3771710413244325,3.0357653791130184
2018-03-07,7.318523044385042,7.725869156417247,6.348117122149426,3.005722460658083
2018-03-08,7.344582859492826,7.732011983361288,6.34055076585451,3.0314735336194563
2018-03-09,7.338950319134204,7.661297617359847,6.358616182339854,3.030042918454936
2018-03-12,7.3477304753232255,7.662781078298281,6.340354692522324,3.0901287553648067
2018-03-13,7.362685007616418,7.664264826480007,6.392723558277888,3.0872675250357653
2018-03-14,7.3210395256419405,7.665748861960646,6.445412463124777,3.0844062947067235
2018-03-15,7.305012064573796,7.667233184795826,6.399603410966412,3.0686695278969958
2018-03-16,7.318843983029866,7.668717795041189,6.324394224504926,3.022889842632332
2018-03-19,7.239772892266504,7.670202692752386,6.191295941805096,2.997138769670958
2018-03-20,7.247768830176961,7.671687877985079,6.19252437353958,2.9942775393419168
2018-03-21,7.255352516355366,7.67317335079494,6.193753049010521,3.0014306151645207
2018-03-22,7.230473728603741,7.674659111237654,6.194981968266277,2.991416309012876
2018-03-23,7.180106503959278,7.676145159368915,6.196211131355218,2.965665236051502
2018-03-26,7.22221325130822,7.677631495244429,6.197440538325726,2.995708154506437
2018-03-27,7.257186835137075,7.679118118919911,6.198670189226187,3.010014306151645
2018-03-28,7.235760487786455,7.680605030451089,6.199900084105002,3.0014306151645207
2018-04-02,6.802788741969191,7.07089096152265,6.088573894567485,3.0271816881258937
2018-04-03,6.821388412134233,7.072260101721247,6.107650713229669,3.0400572246065805
2018-04-04,6.752672628314611,7.073629507027155,6.113930492621957,3.0028612303290414
2018-04-05,6.818644990998779,7.074999177491705,6.119857142461318,3.0586552217453504
2018-04-06,6.930083214086387,7.0763691131662405,6.117070629261846,3.0572246065808293
2018-04-09,6.93947301941662,7.077739314102115,6.107808757225386,3.0715307582260367
2018-04-10,6.917886874163348,7.079109780350691,6.097326983096989,3.0786838340486407
2018-04-11,7.010689841838683,7.080480511963341,6.074779537670628,3.085836909871244
2018-04-12,6.966864931326348,7.081851508991447,6.092705677884747,3.1015736766809727
2018-04-13,6.979188169583845,7.083222771486402,6.081908309652406,3.103004291845493
2018-04-16,6.9767052593149,7.084594299499608,6.065390736550108,3.117310443490701
2018-04-17,6.995155874293435,7.085966093082479,6.04194589756057,3.11587982832618
2018-04-18,6.9916584487685745,7.087338152286436,6.051274444407724,3.110157367668097
2018-04-19,7.0289672305193855,7.088710477162912,6.10706446878306,3.123032904148784
2018-04-20,7.053570736169802,7.090083067763349,6.100966439985843,3.1187410586552216
2018-04-23,7.108394173755041,7.091455924139199,6.090485159744934,3.1316165951359083
2018-04-24,7.089863659825179,7.092829046341924,6.133999610640492,3.1402002861230325
2018-04-25,7.031031846278446,7.094202434422997,6.16028529045303,3.125894134477825
2018-04-26,7.119412172000957,7.0955760884339,6.295849503328619,3.143061516452074
2018-04-27,7.075189109571508,7.096950008426124,6.200942108351044,3.1630901287553645
2018-04-30,7.071025635645675,7.087692655467971,6.195634793419897,3.180257510729614
2018-05-02,6.9393246356498715,6.994412468640621,6.133934911379746,3.168812589413448
2018-05-03,6.805797373909467,6.813626895599715,6.036515110757769,3.161659513590844
2018-05-04,6.748720651612876,6.852783938592118,6.04245213223435,3.1473533619456364
2018-05-07,6.805674504093562,6.921354736564853,6.0416643816932005,3.167381974248926
2018-05-08,6.83976114242072,6.951489765390616,6.026870380155375,3.1716738197424887
2018-05-09,6.874580299704995,7.11423951609626,6.028066187770484,3.1816881258941345
2018-05-10,6.768448978392873,6.934335860722814,6.060475568283331,3.170243204577968
2018-05-11,6.768590647962031,6.933116870280518,6.073076119729299,3.1931330472103
2018-05-14,6.780893072206998,6.9534057065218615,6.08745960500194,3.195994277539342
2018-05-15,6.795451466842355,6.971009480992351,6.10213497777917,3.195994277539342
2018-05-16,6.702864024909673,7.079638536953628,6.058285671167687,3.1816881258941345
2018-05-17,6.687979320271421,7.245740401481096,6.053998727783883,3.1659513590844064
2018-05-18,6.583687017679321,7.013597411566119,6.02078528819662,3.1359084406294704
2018-05-21,6.474897545541143,6.992268025484689,6.020239048636426,3.1201716738197423
2018-05-22,6.512580979517501,7.1123229245972075,6.016653425483612,3.1273247496423457
2018-05-23,6.5386072236373325,7.130215013000938,6.018327704063232,3.085836909871244
2018-05-24,6.488432025043957,7.1122816640265,6.010979974815122,3.105865522174535
2018-05-25,6.590892694533384,7.189902283440859,6.012172629572031,3.141630901287553
2018-05-28,6.683433808502692,7.171189418473015,6.013365520966786,3.177396280400572
2018-05-29,6.69227304963051,7.326762044924856,6.014558649046344,3.1573676680972813
2018-05-30,6.660405453606993,7.355128176336308,6.015752013857662,3.1559370529327606
2018-05-31,6.651403057477728,7.353723432451326,6.016945615447713,3.1831187410586548
2018-06-01,6.5664845720328495,7.178319581215027,6.018139453863476,3.1759656652360517
2018-06-04,6.436648104707912,6.963550449676684,6.019333529151941,3.150214592274678
2018-06-05,6.293882107083059,6.761535661644195,6.020527841360107,3.153075822603719
2018-06-06,6.412530035543283,6.847768682043966,6.02172239053498,3.1759656652360517
2018-06-07,6.521078467987965,6.913066188003389,6.022917176723579,3.198855507868383
2018-06-08,6.526269885564894,6.948302014871297,6.024112199972928,3.200286123032904
2018-06-11,6.530566972022778,6.9560798729109,6.025307460330065,3.2117310443490696
2018-06-12,6.672294954700148,6.967245814883303,6.026502957842036,3.221745350500715
2018-06-13,6.626656539418635,6.921130284529885,6.012232638590936,3.2203147353361943
2018-06-14,6.658356951922149,6.95850072743354,6.01543451116665,3.2103004291845494
2018-06-15,6.692038724134603,6.966923360132592,6.0193801782972045,3.2188841201716736
2018-06-18,6.611294455331702,6.9494963518383415,6.0322484167609165,3.216022889842632
2018-06-19,6.512685720999912,6.9103908122196,6.035451277111605,3.1902718168812587
2018-06-20,6.4808147678776,6.906630646603276,6.002219563687336,3.203147353361945
2018-06-21,6.434046353141615,6.887481718251435,6.015088296038534,3.1902718168812587
2018-06-22,6.4608151875149495,6.925494795247472,6.020522046166255,3.217453505007153
2018-06-25,6.464984704218614,6.964163012415158,5.991996291780877,3.200286123032904
2018-06-26,6.39747814738503,6.977621453121683,5.993185179934009,3.2088698140200287
2018-06-27,6.286424647819355,6.93389495115789,5.994374303977646,3.168812589413448
2018-06-28,6.206461911615982,6.888797022743802,5.995563663958596,3.148783977110157
2018-06-29,6.300784302206034,6.947340509573446,5.996753259923667,3.1816881258941345
2018-07-02,6.322777327833286,6.98980595346464,5.95491600799448,3.1759656652360517
2018-07-03,6.397102152319965,7.106545486407185,5.935666050411223,3.1874105865522173
2018-07-04,6.423444635146306,7.165728700034956,5.925304489847087,3.200286123032904
2018-07-05,6.352885804088107,7.0246378722233445,5.909351430141988,3.2017167381974247
2018-07-06,6.372217993210268,6.951488321940891,5.918864197021649,3.2131616595135903
2018-07-09,6.435916928590312,7.1406059401424296,5.947299275175928,3.2288984263233185
2018-07-10,6.497501563149126,7.230334949247227,5.992645060871849,3.253218884120172
2018-07-11,6.498076969882628,7.268483307801963,5.946826130963752,3.253218884120172
2018-07-12,6.497252466418521,7.239329765937237,5.930764909899085,3.2761087267525038
2018-07-13,6.462427266356415,7.1639377616964905,5.954422120507866,3.280400572246066
2018-07-16,6.43745716551756,7.090832550922776,5.90931340080552,3.261802575107296
2018-07-17,6.468256532704437,7.175226636201302,5.931390171457138,3.2761087267525038
2018-07-18,6.49079743685507,7.24407215294903,6.081316632443444,3.2646638054363373
2018-07-19,6.437559221320934,7.2364478591327055,6.181954110040706,3.2646638054363373
2018-07-20,6.424277195647521,7.328973141107904,6.593212244593725,3.28898426323319
2018-07-23,6.417053390459965,7.279515434096114,6.557285881042494,3.300429184549356
2018-07-24,6.408023466120579,7.266390206549264,6.715823764245392,3.3104434907010014
2018-07-25,6.4634491672296805,7.298734961333603,6.634914128413413,3.316165951359084
2018-07-26,6.450212798099882,7.344601332622838,6.4634097231369685,3.323319027181688
2018-07-27,6.473268009785943,7.3499694068886825,6.590736386623332,3.3562231759656647
2018-07-30,6.438095014288652,7.329478229553912,6.607863910771598,3.369098712446352
2018-07-31,6.467239331769485,7.421636874408858,6.672219425827269,3.3834048640915597
2018-08-01,6.493596585830526,7.498888430239428,6.704246547671687,3.3791130185979967
2018-08-02,6.47070587198543,7.490896954026363,6.662620228637451,3.3590844062947065
2018-08-03,6.499745447983853,7.61177709847643,6.658944717962074,3.393419170243204
2018-08-06,6.485906815330192,7.529878260016735,6.609843905705431,3.3977110157367667
2018-08-07,6.466798208987793,7.376201520303668,6.506088516405178,3.3977110157367667
2018-08-08,6.524621550056441,7.506508514929484,6.605123822995867,3.4091559370529327
2018-08-09,6.554605813655838,7.5222172288540765,6.7912265546016295,3.413447782546495
2018-08-10,6.489206172026135,7.528200805633735,6.62610317565223,3.40486409155937
2018-08-13,6.540364329146751,7.474251927088684,6.499821084200054,3.3819742489270386
2018-08-14,6.618613602125044,7.516772031082325,6.5726724518004485,3.4091559370529327
2018-08-16,6.692678587164972,7.465831330921395,6.582670710079449,3.3977110157367667
2018-08-17,6.776597328588633,7.482320943641022,6.600760820939124,3.4277539341917023
2018-08-20,6.7026834129944906,7.367214307039818,6.57892704293092,3.440629470672389
2018-08-21,6.719497106600476,7.473714542198919,6.490933064557361,3.453505007153076
2018-08-23,6.706137867654773,7.410163759530415,6.492220948101917,3.457796852646638
2018-08-24,6.7454763513371745,7.374947014827225,6.493509087178921,3.450643776824034
2018-08-27,6.7985634974255245,7.406598592411476,6.494797481839077,3.484978540772532
2018-08-28,6.891535662880139,7.442310128479161,6.496086132133093,3.496423462088698
2018-08-29,6.855508621449344,7.46414231456967,6.497375038111691,3.490701001430615
2018-08-30,6.841375235521462,7.524339902149795,6.498664199825602,3.4821173104434906
2018-08-31,6.8854096289986195,7.592756343569592,6.499953617325567,3.4878397711015734
2018-09-03,6.853589703777995,7.482850830574962,6.501243290662338,3.4549356223175964
2018-09-04,6.740491059626271,7.322237674653925,6.502533219886676,3.444921316165951
2018-09-05,6.700980692485554,7.301236856627769,6.503823405049352,3.430615164520744
2018-09-06,6.763458315323897,7.311401623851114,6.492616253545338,3.4420600858369097
2018-09-07,6.769031099323964,7.31046648187962,6.479488724151154,3.4635193133047206
2018-09-10,6.748583681982031,7.2834393784362765,6.460839532656633,3.42346208869814
2018-09-11,6.657861444139974,7.139012932799603,6.452171807266567,3.374821173104434
2018-09-12,6.659911960084095,7.10752827430291,6.4514690053731165,3.3977110157367667
2018-09-14,6.672253998094846,7.101260175809996,6.491753925993711,3.433476394849785
2018-09-17,6.676408072144053,7.096905720798928,6.480910132337627,3.403433476394849
2018-09-18,6.5883701704986555,7.0514649416816235,6.468792108966081,3.374821173104434
2018-09-19,6.581999739824844,7.000079501490266,6.4161120940939504,3.3648068669527893
2018-09-21,6.407248647718641,7.001434930429987,6.460485909216218,3.333333333333333
2018-09-24,6.225086424312109,7.0027906218221005,6.530291472686666,3.2846924177396275
2018-09-25,6.2605118736388015,7.004146575717425,6.442461979279749,3.311874105865522
2018-09-26,6.233685297166189,7.00550279216679,6.414812676116671,3.30758226037196
2018-09-27,6.15018619309193,7.006859271221033,6.395215273419852,3.280400572246066
2018-09-28,6.049412801456981,7.008216012931001,6.3964841653391815,3.2660944206008584
2018-10-01,6.011055262042543,7.009573017347555,6.397753309022781,3.28898426323319
2018-10-03,5.972304942069064,7.010930284521561,6.399022704520603,3.25035765379113
2018-10-04,5.883774889740287,7.012287814503898,6.400292351882611,3.170243204577968
2018-10-05,5.844803001246323,7.0136456073454525,6.401562251158778,3.0901287553648067
2018-10-08,5.820639946957839,7.015003663097123,6.402832402399088,3.0915593705293274
2018-10-09,5.805960025346096,7.016361981809816,6.404102805653531,3.0829756795422028
2018-10-10,5.812488239663283,7.01772056353445,6.405373460972113,3.1316165951359083
2018-10-11,5.776537740085018,7.019079408321951,6.406644368404847,3.061516452074392
2018-10-12,5.789794923227347,7.0204385162232565,6.407915528001753,3.1359084406294704
2018-10-15,5.797094598847676,7.021797887289313,6.409186939812864,3.1473533619456364
2018-10-16,5.7990417161489045,7.023157521571079,6.410458603888224,3.164520743919885
2018-10-17,5.79956408072144,7.024517419119519,6.411730520277883,3.1273247496423457
2018-10-19,5.795382478462113,7.02587757998561,6.413002689031907,3.0743919885550786
2018-10-22,5.778317002446486,7.027238004220338,6.414275110200365,3.065808297567954
2018-10-23,5.763375898548475,7.0285986918747,6.415547783833342,3.03862660944206
2018-10-24,5.761808133411106,7.029959642999702,6.416820709980929,3.0629470672389125
2018-10-25,5.766453015304174,7.03132085764636,6.4180938886932255,3.037195994277539
2018-10-26,5.768337019148052,7.032682335865699,6.4193673200203465,3.004291845493562
2018-10-29,5.824708750697647,7.034044077708756,6.420641004012414,3.065808297567954
2018-10-30,5.839438357371559,7.035406083226575,6.42191494071956,3.0572246065808293
2018-10-31,5.840107091451568,7.0367683524702125,6.422558807456715,3.103004291845493
2018-11-01,5.847469209109487,7.038130885490734,6.473571952061525,3.1087267525035767
2018-11-02,5.846623220213091,7.039493682339214,6.450213049494659,3.153075822603719
2018-11-05,5.837824264270817,7.040856743066739,6.474452553450157,3.151645207439199
2018-11-06,5.84227577727328,7.0422200677244025,6.482627873016068,3.153075822603719
2018-11-07,5.84227577727328,7.04358365636331,6.425355083739071,3.153075822603719
2018-11-09,5.872561508344488,7.044947509034577,6.573947669290884,3.170243204577968
2018-11-12,5.860185899345785,7.046311625789327,6.560108941915976,3.1402002861230325
2018-11-13,5.861289042009895,7.047676006678696,6.668838272093914,3.170243204577968
2018-11-14,5.837143444635147,7.049040651753827,6.725208614266019,3.1587982832618025
2018-11-15,5.847714948741298,7.050405561065875,6.64116229900656,3.170243204577968
2018-11-16,5.863571197770886,7.051770734666005,6.630299243738498,3.1902718168812587
2018-11-19,5.852041577668579,7.05313617260539,6.578382285033185,3.2117310443490696
2018-11-20,5.825456712309222,7.054501874935215,6.518136407753625,3.1902718168812587
2018-11-21,5.837017217720446,7.055867841706674,6.557253284468378,3.167381974248926
2018-11-22,5.808276423514799,7.057234072970971,6.531516807540954,3.1573676680972813
2018-11-26,5.836019487958506,7.05860056877932,6.516490280760742,3.1845493562231755
2018-11-27,5.8810717537903745,7.059967329182944,6.536567794866549,3.1931330472103
2018-11-28,5.868637731272634,7.061334354233078,6.508451768028623,3.203147353361945
2018-11-29,5.829524173209513,7.062701643980964,6.508895278991601,3.248927038626609
2018-11-30,5.8430620098111214,7.064069198477857,6.505768971201339,3.2474964234620884
2018-12-03,5.825163973294279,7.06543701777502,6.515733151243764,3.2560801144492126
2018-12-04,5.842457060608222,7.066805101923726,6.539381471877785,3.25035765379113
2018-12-05,5.823850676245589,7.06817345097526,6.520786608006792,3.223175965665236
2018-12-06,5.838043818532024,7.0695420649809115,6.530751281936704,3.1759656652360517
2018-12-07,5.860951317871096,7.070910943991987,6.540436071215371,3.2017167381974247
2018-12-10,5.770555390031935,7.0722800880598,6.541733776785057,3.144492131616595
2018-12-11,5.83369906127125,7.073649497235672,6.543031739836006,3.164520743919885
2018-12-12,5.903051351022446,7.075019171570936,6.544329960419307,3.2088698140200287
2018-12-13,5.917262621642377,7.076389111116936,6.545628438586056,3.2203147353361943
2018-12-14,5.881321521940738,7.077759315925023,6.546927174387363,3.223175965665236
2018-12-17,5.886296070935497,7.079129786046562,6.548226167874345,3.251788268955651
2018-12-18,5.89671247707731,7.080500521532925,6.54952541909813,3.2589413447782545
2018-12-19,5.9204659653127765,7.0818715224354944,6.527414084189657,3.277539341917024
2018-12-20,5.913851809266432,7.083242788805663,6.509693895057455,3.2761087267525038
2018-12-21,5.844127552968724,7.0846143206948335,6.489828436922125,3.221745350500715
2018-12-24,5.783108925266784,7.085986118154419,6.491116101294532,3.200286123032904
2018-12-26,5.769335420329751,7.087358181235841,6.4924040211559,3.216022889842632
2018-12-27,5.797907688175878,7.088730509990532,6.493692196556923,3.233190271816881
2018-12-28,5.834187854855833,7.090103104469935,6.494980627548303,3.248927038626609
2018-12-31,5.82739040121527,7.091475964725502,6.496269314180753,3.251788268955651
2019-01-01,5.82085748695977,7.092849090808697,6.497558256504996,3.261802575107296
2019-01-02,5.840733526086756,7.09422248277099,6.498847454571762,3.2317596566523603
2019-01-03,5.84533879421404,7.095596140663864,6.500136908431796,3.200286123032904
2019-01-04,5.863405357090403,7.096970064538812,6.5014266181358495,3.2188841201716736
2019-01-07,5.882182282071834,7.098344254447336,6.502716583734685,3.2203147353361943
2019-01-08,5.944804260158371,7.099718710440948,6.504006805279077,3.2288984263233185
2019-01-09,5.986268458797907,7.1010934325711705,6.505297282819807,3.2403433476394845
2019-01-10,6.052620173645935,7.102468420889536,6.506588016407668,3.2403433476394845
2019-01-11,6.044063600236676,7.103843675447585,6.507879006093463,3.224606580829757
2019-01-14,6.044583950549935,7.105219196296871,6.509170251928005,3.2088698140200287
2019-01-15,6.148557328756489,7.106594983488956,6.510461753962118,3.25035765379113
2019-01-16,6.155099642888616,7.107971037075412,6.511753512246634,3.2646638054363373
2019-01-17,6.097231316696111,7.109347357107821,6.513045526832397,3.2660944206008584
2019-01-18,6.120046160108434,7.110723943637775,6.514337797770261,3.2575107296137333
2019-01-21,6.17676165857466,7.112100796716876,6.515630325111088,3.2746781115879826
2019-01-22,6.129133155127339,7.113477916396737,6.516923108905753,3.263233190271817
2019-01-23,6.082617194220754,7.114855302728978,6.518216149205139,3.241773962804005
2019-01-24,6.0649212550513845,7.116232955765232,6.51950944606014,3.246065808297568
2019-01-25,6.012788867860395,7.117610875557142,6.52080299952166,3.23032904148784
2019-01-28,5.837172987104545,7.118989062156359,6.522096809640613,3.198855507868383
2019-01-29,5.853342117741848,7.120367515614546,6.523390876467923,3.198855507868383
2019-01-30,5.901588327367489,7.121746235983373,6.524685200054524,3.1931330472103
2019-01-31,5.91300984888859,7.112456538506763,6.52597978045136,3.246065808297568
2019-02-01,5.941639858833995,7.168052458514069,6.527274617709387,3.2575107296137333
2019-02-04,5.996390111665499,7.075913600629509,6.528569711879567,3.27038626609442
2019-02-05,5.973092517446423,7.0477298466405,6.529865063012875,3.2818311874105865
2019-02-06,5.990392318957957,7.068452995943283,6.531160671160299,3.303290414878397
2019-02-07,6.010455684197717,7.0887713800008205,6.53245653637283,3.3104434907010014
2019-02-08,5.99350233528185,7.027586584123696,6.533752658701476,3.280400572246066
2019-02-11,5.916305177065979,6.97485934461079,6.535049038197251,3.267525035765379
2019-02-12,5.906452092102006,6.958924033668333,6.536345674911178,3.248927038626609
2019-02-13,5.905260993449461,7.033699456014058,6.537642568894295,3.241773962804005
2019-02-14,5.890878510790975,7.021185577618978,6.538939720197647,3.2288984263233185
2019-02-15,5.849114858938905,6.980756493283933,6.540237128872289,3.2117310443490696
2019-02-18,5.799205542570111,6.963204600265377,6.541534794969287,3.1945636623748213
2019-02-19,5.789036218899627,6.970320947070882,6.542832718539717,3.185979971387696
2019-02-20,5.788325856794558,6.959273558687997,6.544130899634667,3.2131616595135903
2019-02-21,5.808510077590946,6.964789570088947,6.545429338305229,3.226037195994277
2019-02-22,5.822106999131351,6.99866010676997,6.546728034602512,3.23032904148784
2019-02-25,5.8210199705414585,7.016002516400808,6.548026988577631,3.251788268955651
2019-02-26,5.7600476708028925,7.03178324490724,6.549326200281714,3.25035765379113
2019-02-27,5.733971741620891,7.032579236780067,6.550625669765896,3.23032904148784
2019-02-28,5.775033088405,7.028463705851994,6.551925397081327,3.243204577968526
2019-03-01,5.80225513111569,7.062213196274226,6.55322538227916,3.253218884120172
2019-03-05,5.854532544974633,7.18772224675614,6.554525625410564,3.2875536480686693
2019-03-06,5.886797621495504,7.248199415495311,6.555826126526717,3.30758226037196
2019-03-07,5.872089500253881,7.177071740129355,6.557126885678806,3.311874105865522
2019-03-08,5.862867549863408,7.182228894737718,6.558427902918028,3.3133047210300424
2019-03-11,5.948693794822514,7.300973404772523,6.559729178295593,3.353361945636624
2019-03-12,6.000522700282416,7.362442928353161,6.561030711862714,3.389127324749642
2019-03-13,5.983656635935224,7.330760377047452,6.562332503670623,3.3991416309012874
2019-03-14,5.978786828422877,7.360757508511085,6.563634553770559,3.396280400572246
2019-03-15,6.019822661256143,7.384194714240898,6.564936862213767,3.430615164520744
2019-03-18,5.973071032014134,7.3077773440922025,6.566239429051508,3.433476394849785
2019-03-19,6.012017406557253,7.33751681237289,6.5675422543350495,3.4549356223175964
2019-03-20,5.992250808850991,7.292138935689093,6.568845338115672,3.452074391988555
2019-03-22,5.987932908380578,7.31615174868725,6.570148680444664,3.433476394849785
2019-03-25,5.921344853777366,7.281570010423694,6.571452281373322,3.3991416309012874
2019-03-26,5.987203075102497,7.274782352822641,6.5727561409529605,3.444921316165951
2019-03-27,5.986798880407552,7.267146204780725,6.574060259234895,3.4363376251788265
2019-03-28,6.145619195890911,7.348525441067033,6.575364636270458,3.4606580829756792
2019-03-29,6.169969576292169,7.405155258403227,6.576669272110988,3.4921316165951355
2019-04-01,6.195905850164288,7.391191919325519,6.532848728717113,3.493562231759656
2019-04-02,6.204532922648247,7.385022055906627,6.534144928861699,3.5050071530758222
2019-04-03,6.15066357254061,7.379469906355271,6.535441386188855,3.4949928469241773
2019-04-04,6.149231434194569,7.366060830784145,6.536738100749607,3.484978540772532
2019-04-05,6.21610148509658,7.507423187819545,6.538035072594993,3.5050071530758222
2019-04-08,6.170603396544706,7.383830883898061,6.539332301776064,3.489270386266094
2019-04-09,6.184064691293784,7.42257792196334,6.540629788343876,3.503576537911301
2019-04-10,6.159226188727701,7.401250912383115,6.5419275323495,3.48068669527897
2019-04-11,6.17787890105371,7.410639837362196,6.543225533844015,3.4821173104434906
2019-04-12,6.201034154283868,7.5066837646705675,6.544523792878507,3.502145922746781
2019-04-15,6.192734063222563,7.566197939626433,6.545822309504079,3.515021459227468
2019-04-16,6.280440954926752,7.5791430181647135,6.547121083771837,3.540772532188841
2019-04-18,6.270091019341085,7.593301032726276,6.548420115732903,3.5321888412017164
2019-04-22,6.197844910428408,7.442940714280887,6.549719405438405,3.4864091559370527
2019-04-23,6.200086781003857,7.475332721108591,6.551018952939485,3.4821173104434906
2019-04-24,6.283559028287754,7.597408074828698,6.55231875828729,3.517882689556509
2019-04-25,6.256822422062854,7.5786706515438755,6.553618821532981,3.502145922746781
2019-04-26,6.23728142139563,7.513682812033347,6.55491914272773,3.530758226037196
2019-04-30,6.207994762925879,7.506405075461018,6.556219721922716,3.530758226037196
2019-05-02,6.223391089420523,7.525847604338454,6.557520559169129,3.523605150214592
2019-05-03,6.217357040045992,7.537561399198465,6.558821654518171,3.5193133047210297
2019-05-06,6.086921666295987,7.40668024067581,6.56012300802105,3.4864091559370527
2019-05-07,6.049773353867588,7.284424684949634,6.561424619728992,3.4592274678111585
2019-05-08,5.975962165496578,7.2338211105159065,6.562726489693224,3.4206008583690983
2019-05-09,6.006155240641038,7.224984090289229,6.56402861796499,3.389127324749642
2019-05-10,6.030217581965665,7.25182241071926,6.565331004595539,3.3905579399141628
2019-05-13,5.939654470606502,7.178541567550943,6.566633649636133,3.353361945636624
2019-05-14,5.929907469964457,7.170279724606611,6.567936553138045,3.371959942775393
2019-05-15,5.960986819190855,7.188959037145548,6.569239715152557,3.361945636623748
2019-05-16,5.985904549288505,7.184891052087111,6.57054313573096,3.377682403433476
2019-05-17,6.064590245110176,7.1859489345449115,6.571846814924558,3.422031473533619
2019-05-20,6.199461689208186,7.233779179158259,6.573150752784662,3.546494992846924
2019-05-21,6.206686837235261,7.216597913694152,6.574454949362597,3.5207439198855504
2019-05-22,6.215957129848385,7.232187645295848,6.575759404709692,3.5278969957081543
2019-05-23,6.217430896219487,7.230975972964484,6.577064118877294,3.507868383404864
2019-05-24,6.310086151547832,7.2405115287761035,6.578369091916754,3.5636623748211727
2019-05-27,6.274602960121863,7.245203603440037,6.579674323879435,3.57796852646638
2019-05-28,6.290540450942296,7.237862306773876,6.612900081472595,3.582260371959942
2019-05-29,6.235802283666455,7.221060862694012,6.603021343965353,3.569384835479256
2019-05-30,6.281210401970617,7.230824405439811,6.58439141408281,3.589413447782546
2019-05-31,6.35140129500086,7.2160022753340645,6.528568793133359,3.5836909871244638
2019-06-03,6.389676921204695,7.432356447087382,6.496812321631605,3.6280400572246063
2019-06-04,6.351587949693875,7.431441015703495,6.559132526354942,3.622317596566523
2019-06-06,6.197675712649128,7.236836519079403,6.568945576826463,3.5665236051502145
2019-06-07,6.215413951263319,7.272656079021871,6.552504062397103,3.573676680972818
2019-06-10,6.200583631625549,7.2711561104952205,6.52293650023602,3.5951359084406294
2019-06-11,6.205031787529217,7.2946558403425845,6.497744287318845,3.593705293276108
2019-06-12,6.145675595150671,7.236377694682271,6.485034428855063,3.57796852646638
2019-06-13,6.182535197082681,7.250527281998552,6.486321142035391,3.5879828326180254
2019-06-14,6.188614903000826,7.208114942936191,6.4876081105159535,3.562231759656652
2019-06-17,6.083249671633774,7.110044961463792,6.488895334347405,3.522174535050071
2019-06-18,6.109129546246134,7.0690137147625505,6.49018281358041,3.523605150214592
2019-06-19,6.085715796408744,7.007129904386202,6.491470548265643,3.5193133047210297
2019-06-20,6.134440056902824,7.095966563117307,6.492758538453791,3.562231759656652
2019-06-21,6.1611934486217015,7.115119430254436,6.4940467841955485,3.5393419170243203
2019-06-24,6.173117863542327,7.145279745970318,6.495335285541619,3.530758226037196
2019-06-25,6.187762199906841,7.123343435779079,6.496624042542718,3.549356223175965
2019-06-26,6.202034569724844,7.12612824065344,6.4979130552495725,3.5665236051502145
2019-06-27,6.227070469700085,7.149738326389834,6.499202323712916,3.5708154506437766
2019-06-28,6.227538449272139,7.152904475251266,6.500491847983493,3.556509298998569
2019-07-01,6.226240594877907,7.308478674916537,6.501781628112062,3.5751072961373387
2019-07-02,6.268406427165644,7.437609754582151,6.5030716641493855,3.585121602288984
2019-07-03,6.2553996835934385,7.472188868364033,6.50436195614624,3.590844062947067
2019-07-04,6.236513317191283,7.476916333261461,6.505652504153412,3.606580829756795
2019-07-05,6.186319318844655,7.411254708512802,6.506943308221697,3.5650929899856934
2019-07-08,6.025251090008015,7.258013049646967,6.508234368401899,3.489270386266094
2019-07-09,5.989053507958422,7.305839960240374,6.509525684744836,3.484978540772532
2019-07-10,5.941150393829653,7.221575753747759,6.5108172573013325,3.4721030042918453
2019-07-11,5.976155534387183,7.201564902369894,6.5121090861222255,3.496423462088698
2019-07-12,5.992752359410997,7.280667308355429,6.513401171258361,3.489270386266094
2019-07-15,5.984675179709695,7.225994125160748,6.514693512760594,3.496423462088698
2019-07-16,6.022993776778108,7.225031679460469,6.515986110679793,3.517882689556509
2019-07-17,6.019977759220482,7.212600031325153,6.517278965066833,3.5264663805436336
2019-07-18,5.996516338580199,7.155129536775754,6.5185720759726,3.506437768240343
2019-07-19,5.9708540039697695,7.076149657471673,6.519865443447991,3.453505007153076
2019-07-22,5.931587362201586,7.07751981591423,6.521159067543914,3.430615164520744
2019-07-23,5.9390918208484225,7.078890239661261,6.522452948311284,3.424892703862661
2019-07-24,5.8802029366221715,7.080260928764136,6.523747085801028,3.4091559370529327
2019-07-25,5.933978287963542,7.081631883274236,6.525041480064084,3.40486409155937
2019-07-26,5.975985665188144,7.083003103242952,6.526336131151397,3.413447782546495
2019-07-29,5.9710332730454345,7.084374588721686,6.527631039113927,3.3862660944206
2019-07-30,5.949633782485177,7.0857463397618465,6.528926204002641,3.3547925608011444
2019-07-31,5.965263091636208,7.087118356414857,6.5302216258685135,3.3633762517882686
2019-08-01,5.933407581168354,7.0884906387321465,6.531517304762535,3.326180257510729
2019-08-02,5.944534349415235,7.0898631867651565,6.532813240735703,3.3290414878397705
2019-08-05,5.906844872661046,7.091236000565337,6.534109433839022,3.2947067238912733
2019-08-06,5.927113692347073,7.0926090801841495,6.535405884123514,3.314735336194563
2019-08-07,5.92553585591332,7.093982425673064,6.536702591640206,3.2875536480686693
2019-08-08,5.989178392033605,7.095356037083562,6.537999556440134,3.34620886981402
2019-08-09,6.008101686522507,7.096729914467132,6.539296778574349,3.3648068669527893
2019-08-13,5.964952224287771,7.098104057875276,6.540594258093907,3.311874105865522
2019-08-14,5.978435004469138,7.099478467359504,6.541891995049879,3.3390557939914163
2019-08-16,6.010344228517715,7.100853142971337,6.5431899894933405,3.3476394849785405
2019-08-19,6.0259325810634445,7.102228084762305,6.544488241475383,3.350500715307582
2019-08-20,6.022517068749187,7.103603292783948,6.545786751047104,3.3390557939914163
2019-08-21,5.99053734562591,7.104978767087817,6.547085518259614,3.3090128755364807
2019-08-22,5.977250620014184,7.106354507725473,6.548384543164031,3.2575107296137333
2019-08-23,6.0079727739287705,7.107730514748485,6.549683825811484,3.2832618025751072
2019-08-26,6.060811494706275,7.109106788208433,6.550983366253113,3.350500715307582
2019-08-27,6.128697403703719,7.110483328156909,6.552283164540068,3.360515021459227
2019-08-28,6.1258579695427215,7.111860134645513,6.553583220723508,3.343347639484978
2019-08-29,6.128352293947571,7.113237207725854,6.554883534854604,3.321888412017167
2019-08-30,6.182715137578105,7.114614547449554,6.556184106984536,3.3361945636623744
2019-09-03,6.13816643656552,7.115992153868241,6.557484937164493,3.2761087267525038
2019-09-04,6.118558965342151,7.117370027033558,6.558786025445676,3.2875536480686693
2019-09-05,6.139041296511555,7.118748166997153,6.5600873718792965,3.28898426323319
2019-09-06,6.154438294425957,7.120126573810688,6.561388976516574,3.317596566523605
2019-09-09,6.161176663127725,7.121505247525832,6.562690839408739,3.3319027181688123
2019-09-11,6.156822505990323,7.1228841881942655,6.563992960607035,3.341917024320457
2019-09-12,6.129461479389511,7.12426339586768,6.56529534016271,3.3319027181688123
2019-09-13,6.161088707139291,7.125642870597774,6.566597978127028,3.3562231759656647
2019-09-16,6.116358051372004,7.127022612436259,6.567900874551261,3.330472103004292
2019-09-17,6.047749023294069,7.128402621434856,6.569204029486689,3.280400572246066
2019-09-18,6.104277195647521,7.129782897645294,6.570507442984601,3.2846924177396275
2019-09-19,6.077950826895397,7.131163441119313,6.571811115096304,3.2474964234620884
2019-09-20,6.253974259444988,7.132544251908665,6.573115045873109,3.4206008583690983
2019-09-23,6.382228861817617,7.133925330065109,6.574419235366339,3.5193133047210297
2019-09-24,6.373785758347636,7.135306675640416,6.608206668687308,3.510729613733905
2019-09-25,6.3264170943470655,7.136688288686368,6.549990668977728,3.4721030042918453
2019-09-26,6.346178320695255,7.138070169254752,6.587871345313488,3.512160228898426
2019-09-27,6.381592355886044,7.139452317397372,6.6411855117184295,3.493562231759656
2019-09-30,6.350652661969526,7.130139523880216,6.499409675923705,3.477825464949928
2019-10-01,6.278710034787936,7.0421749284574675,6.450268858780646,3.4477825464949925
2019-10-03,6.297331190385269,6.978885431408818,6.446073284581866,3.4291845493562225
2019-10-04,6.254441567597283,6.910864783014736,6.489029148730065,3.3819742489270386
2019-10-07,6.261277292164112,6.912202937263328,6.482076694581008,3.3633762517882686
2019-10-09,6.301028027578567,6.913541350619405,6.624574099993676,3.416309012875536
2019-10-10,6.3234064481475105,6.914880023133138,6.58618817675911,3.3919885550786835
2019-10-11,6.410191480522532,6.916218954854708,6.574824319579623,3.4263233190271816
2019-10-14,6.428524597043236,6.917558145834305,6.591310283882778,3.430615164520744
2019-10-15,6.481674185169177,6.918897596122131,6.5551310499384,3.457796852646638
2019-10-16,6.490737680496515,6.920237305768394,6.581451795762487,3.4606580829756792
2019-10-17,6.61274337917172,6.921577274823314,6.554137348315334,3.5050071530758222
2019-10-18,6.692413376360149,6.922917503337121,6.613967866218654,3.5321888412017164
2019-10-22,6.804365906983185,6.924257991360054,6.683540314795421,3.517882689556509
2019-10-23,6.8228803068388295,6.925598738942362,6.931691119119396,3.5193133047210297
2019-10-24,6.87977574580048,6.926939746134304,7.011981913930648,3.5092989985693848
2019-10-25,6.848358672435282,6.928281012986147,6.997286291766466,3.506437768240343
2019-10-27,6.973464316137994,6.929622539548171,7.014455796351094,3.530758226037196
2019-10-29,6.9653434941523535,6.930964325870662,6.933457754659012,3.5665236051502145
2019-10-30,6.977159810491773,6.932306372003919,7.04576727522741,3.585121602288984
2019-10-31,7.006793592976949,6.92326378232476,7.006782266471582,3.590844062947067
2019-11-01,6.941982786475927,6.86142224068445,7.048887656367833,3.609442060085837
2019-11-04,6.908264757596485,6.828746409098141,7.073950470763516,3.61516452074392
2019-11-05,6.870156986332412,6.75322972542296,7.130250187025036,3.606580829756795
2019-11-06,6.843984372705108,6.745709305518997,7.306373428076288,3.618025751072961
2019-11-07,6.946392000033571,6.777127262987671,7.473294557476961,3.632331902718168
2019-11-08,6.895407740630547,6.722158985865099,7.584163902134392,3.606580829756795
2019-11-11,6.9923070402558105,6.794850004441549,7.643563256261898,3.6194563662374817
2019-11-13,7.020357614949161,6.922028709597018,7.69916412172986,3.59656652360515
2019-11-14,7.068277514571907,6.924448366748981,7.637868239653759,3.5922746781115875
2019-11-15,7.045588898074284,6.9030030146304755,7.64141632735759,3.606580829756795
2019-11-18,7.014311480018968,6.871540485488697,7.612868642856362,3.5979971387696708
2019-11-19,7.045486842270909,6.896063381410754,7.547873049618041,3.61659513590844
2019-11-20,7.041836333040986,6.896436048231612,7.644710556893301,3.629470672389127
2019-11-21,7.051817659178938,6.966106581296829,7.730737854861567,3.622317596566523
2019-11-22,7.065562293066332,6.917303864544356,7.562683253679116,3.618025751072961
2019-11-25,7.134914582817529,6.868724937308798,7.448911826150344,3.655221745350501
2019-11-26,7.107261488621533,6.863671825877173,7.42719312392652,3.648068669527897
2019-11-27,7.240704822892057,6.927049770391771,7.364828469329389,3.659513590844063
2019-11-28,7.279923793857349,6.931200988182999,7.342745772027931,3.6738197424892713
2019-11-29,7.318305504383112,6.871461507792791,7.294757194391141,3.648068669527897
2019-12-02,7.29342470237221,6.733682437650571,7.318787290052316,3.652360515021459
2019-12-03,7.277816207233709,6.783064758627454,7.324163749231589,3.632331902718168
2019-12-04,7.331016151841578,6.698869232500881,7.315966204728779,3.646638054363376
2019-12-05,7.317389687831776,6.679981545017164,7.290580387916852,3.639484978540773
2019-12-06,7.257971724835397,6.692109188921992,7.245226206133657,3.6108726752503575
2019-12-09,7.20682095333213,6.663095624175237,7.236018661720724,3.613733905579399
2019-12-10,7.1609582838510955,6.64611050582796,7.080443131902976,3.5994277539341915
2019-12-11,7.234774843580178,6.689928220417871,7.081847981730735,3.6108726752503575
2019-12-12,7.192471370241837,6.6688003896528025,7.083253110298538,3.6366237482117305
2019-12-13,7.234412948330053,6.696583085132244,7.084658517661693,3.659513590844063
2019-12-16,7.2099799832984335,6.6842389748559805,7.086064203875514,3.649499284692417
2019-12-17,7.266574626208031,6.69465441159502,7.08747016899533,3.679542203147353
2019-12-18,7.309225894981557,6.692155222636158,7.0888764130764805,3.698140200286123
2019-12-19,7.308271136084196,6.6965911928252595,7.090282936174313,3.725321888412017
2019-12-20,7.3485529645280545,6.724477568779572,7.09168973834419,3.729327610872675
2019-12-23,7.376128174032002,6.747036639393967,7.09309681964148,3.717596566523605
2019-12-24,7.457096697034423,6.7355375402428175,7.094504180121567,3.7038626609442056
2019-12-26,7.534310640744269,6.729521431184178,7.095911819839845,3.6821173104434894
2019-12-27,7.523310770831847,6.726825588319539,7.097319738851718,3.7070100143061513
2019-12-30,7.559566094980718,6.713517303620017,7.098727937212602,3.7270386266094415
2019-12-31,7.578148308232026,6.689493131651554,7.098951055335885,3.6952789699570814
2020-01-01,7.636717596652972,6.757475505762442,7.115449366826206,3.703004291845493
2020-01-02,7.692773760915816,6.752395502895862,7.071179268076127,3.723605150214592
2020-01-03,7.755906018019227,6.770937151831872,7.052686638914863,3.711301859799714
2020-01-06,7.695010260133193,6.5865327534704985,6.971473262278617,3.644349070100143
2020-01-07,7.784649497903912,6.714157676191791,7.017283302211955,3.655507868383405
2020-01-08,7.8722335197921955,6.684968168246357,6.979852557376501,3.6497854077253216
2020-01-09,8.03791305953395,6.699873464298813,7.045889265436603,3.70071530758226
2020-01-10,7.9850535247439165,6.73278320085574,7.036940518066655,3.708440629470672
2020-01-13,7.966817092668516,6.7671143541130485,7.065537097429057,3.731330472103004
2020-01-14,7.971542544932669,6.831392247743037,7.115173777608676,3.748497854077253
2020-01-15,7.988810789715528,6.919933484558307,7.12934538514956,3.748497854077253
2020-01-16,8.004300443556678,7.037733989861153,7.177351742735867,3.745636623748212
2020-01-17,8.019154934305773,6.997195317359326,7.253431158948766,3.753648068669528
2020-01-20,8.036457421496342,6.908779630881171,7.235223008979791,3.7133047210300423
2020-01-21,7.97377568705125,6.9057871131918445,7.20776829748644,3.6987124463519314
2020-01-22,7.974383993352944,6.902865310064948,7.238417967130693,3.677539341917024
2020-01-23,8.071453833597005,6.949912547773359,7.2463083136168285,3.699856938483548
2020-01-24,8.088730806836733,6.936538635152546,7.229639610943626,3.72274678111588
2020-01-27,8.105285332415725,6.855161176094066,7.159799475349114,3.6832618025751063
2020-01-28,8.122503220716657,6.874210347056459,7.246928636300014,3.665236051502146
2020-01-29,8.115950835288144,6.8891792306902255,7.486994502468129,3.684120171673819
2020-01-30,8.045180507005846,6.807960978651131,7.510467493044403,3.654935622317596
2020-01-31,8.127597953848284,6.7875537073242755,7.768569636336153,3.63862660944206
2020-02-01,7.88075182227519,6.606366452044341,7.74448817637637,3.568240343347639
2020-02-03,7.93954335063638,6.607645646126866,7.958618528959955,3.5599427753934187
2020-02-04,7.982897595897625,6.6089250879003885,8.353680117276976,3.6266094420600856
2020-02-05,8.085864515885373,6.6102047774128705,8.422028218774429,3.659799713876967
2020-02-06,8.089157829803483,6.6114847147122795,8.292424240087291,3.6892703862660943
2020-02-07,8.099274111313003,6.612764899846597,8.305444102009394,3.667811158798283
2020-02-10,8.034481433145476,6.61404533286381,8.225045145838573,3.659799713876967
2020-02-11,8.039407639917583,6.615326013811917,8.27883245645569,3.670958512160229
2020-02-12,8.038154099227448,6.616606942738925,8.60641617302667,3.6964234620886978
2020-02-13,8.00196054569641,6.61788811969285,8.886406915837638,3.699570815450644
2020-02-14,7.994274132294871,6.619169544721718,8.810489494720347,3.673247496423462
2020-02-17,7.913376108367149,6.620451217873563,8.7980099457086,3.657796852646638
2020-02-18,7.839722032219756,6.621733139196429,9.042009131820103,3.643490701001431
2020-02-19,7.893823693564022,6.623015308738371,9.415210500321548,3.679256080114449
2020-02-20,7.894498470421861,6.624297726547451,9.41707859764304,3.672675250357654
2020-02-24,7.824182021896677,6.625580392671741,9.41894706561876,3.5974248927038626
2020-02-25,7.8591777625775805,6.626863307159321,9.420815904322255,3.586266094420601
2020-02-26,7.869688838905418,6.628146470058284,9.422685113827082,3.5490701001430613
2020-02-27,7.748607685238417,6.629429881416729,9.424554694206812,3.5376251788268958
2020-02-28,7.4726051506288265,6.630713541282765,9.426424645535027,3.413161659513591
2020-03-02,7.415047020365001,6.631997449704512,9.428294967885332,3.387410586552217
2020-03-03,7.455867327455612,6.633281606730097,9.43016566133134,3.444921316165951
2020-03-04,7.476673954368635,6.634566012407657,9.432036725946682,3.419742489270386
2020-03-05,7.450959920436759,6.6358506667853385,9.433908161805006,3.4263233190271816
2020-03-06,7.406239335965858,6.637135569911298,9.435779968979968,3.3527896995708155
2020-03-09,7.323793018073781,6.638420721833701,9.43765214754524,3.1937052932761087
2020-03-11,7.277156873030327,6.639706122600722,9.439524697574516,3.18483547925608
2020-03-12,7.108411630668776,6.640991772260544,9.441397619141496,2.946781115879828
2020-03-13,6.968149357325399,6.642277670861362,9.443270912319894,3.043204577968526
2020-03-16,6.9342292310984845,6.6435638184513754,9.44514457718345,2.929041487839771
2020-03-17,6.942854960742926,6.644850215078799,9.44701861380591,2.838340486409156
2020-03-18,6.9441991431005325,6.646136860791854,9.448893022261032,2.749070100143061
2020-03-19,6.945543325458139,6.64742375563877,9.450767802622588,2.5599427753934187
2020-03-20,6.946888179235505,6.648710899667787,9.45264295496438,2.660085836909871
2020-03-23,6.94823303301287,6.649998292927154,9.454518479360203,2.3896995708154503
2020-03-24,6.949577886790236,6.65128593546513,9.456394375883889,2.4320457796852644
2020-03-25,6.95092341198736,6.652573827329983,9.45827064460926,2.5596566523605144
2020-03-26,6.952268937184485,6.65386196856999,9.460147285610176,2.651788268955651
2020-03-27,6.953615133801369,6.655150359233438,9.462024298960497,2.611158798283262
2020-03-30,6.954961330418253,6.656438999368622,9.463901684734097,2.5513590844062946
2020-03-31,6.956307527035136,6.657727889023849,9.46577944300488,2.630615164520744
2020-04-01,6.92979987494807,6.659017028247432,8.939393845820662,2.556509298998569
2020-04-03,6.93114137162664,6.660306417087697,8.941167535075785,2.477539341917024
2020-04-07,6.93248353972497,6.661596055592976,8.94294157625338,2.6440629470672388
2020-04-08,6.933825707823299,6.662885943811611,8.94471596942327,2.6557939914163087
2020-04-09,6.935167875921628,6.664176081791957,8.946490714655296,2.753361945636624
2020-04-13,6.936510715439717,6.665466469582372,8.948265812019317,2.7359084406294705
2020-04-15,6.9378535549578055,6.66675710723123,8.95004126158519,2.723891273247496
2020-04-16,6.939196394475894,6.6680479947869085,8.951817063422808,2.7376251788268955
2020-04-17,6.9405399054137416,6.669339132297798,8.953593217602059,2.8100143061516447
2020-04-20,6.938373905271065,6.670630519812299,8.955369724192854,2.8037195994277537
2020-04-21,6.938492746568415,6.671922157378818,8.957146583265118,2.735336194563662
2020-04-22,6.944079630383422,6.673214045045773,8.958923794888777,2.7862660944206006
2020-04-23,6.929836131615058,6.674506182861593,8.960701359133797,2.821745350500715
2020-04-24,6.942754919198828,6.6757985708747105,8.962479276070132,2.778254649499284
2020-04-27,6.950926769086156,6.677091209133575,8.964257545767763,2.8163090128755366
2020-04-28,6.8997545121506,6.6783840976866395,8.966036168296684,2.842632331902718
2020-04-29,6.901371290930378,6.67967723658237,8.967815143726904,2.893276108726752
2020-04-30,6.874425201740656,6.680970625869239,8.969594472128437,2.980829756795422
2020-05-04,6.9129814814037704,6.682264265595732,8.97137415357132,2.8268955650929897
2020-05-05,6.8994564017775835,6.68355815581034,8.9731541881256,2.7939914163090127
2020-05-06,6.92652603220297,6.684852296561566,8.974934575861338,2.818311874105865
2020-05-07,6.921860336297372,6.686146687897921,8.976715316848614,2.792560801144492
2020-05-08,6.910264917058678,6.687441329867926,8.978496411157511,2.807439198855508
2020-05-11,6.90156667408026,6.688736222520111,8.980277858858138,2.8100143061516447
2020-05-12,6.903660160888959,6.690031365903017,8.98205966002061,2.802861230329041
2020-05-13,6.894263641361135,6.691326760065191,8.98384181471506,2.852360515021459
2020-05-14,6.911061220892904,6.692622405055194,8.985624323011628,2.7874105865522174
2020-05-15,6.9218502650009865,6.693918300921593,8.98740718498048,2.777682403433476
2020-05-18,6.90033730450145,6.695214447712964,8.989190400691786,2.6875536480686697
2020-05-19,6.838937310376373,6.696510845477895,8.990973970215734,2.69928469241774
2020-05-20,6.901741914637371,6.697807494264983,8.992757893622523,2.753934191702432
2020-05-21,6.958184145261665,6.6991043941228305,8.994542170982367,2.7665236051502142
2020-05-22,6.9765642611655005,6.700401545100055,8.996326802365498,2.7499284692417736
2020-05-26,6.940572133562176,6.701698947245281,8.998111787842156,2.752789699570815
2020-05-27,6.928510749010705,6.7029966006071415,8.999897127482605,2.8211731044349064
2020-05-28,6.971072047536519,6.704294505234279,9.001682821357102,2.8718168812589413
2020-05-29,7.022169776878822,6.705592661175348,9.003468869535945,2.90071530758226
2020-06-01,7.065240011581991,6.706891068479009,9.005255272089425,2.987696709585121
2020-06-02,7.099604617689393,6.7081897271939335,9.007042029087854,3.0297567954220312
2020-06-03,7.130882035744709,6.709488637368803,9.008829140601565,3.043204577968526
2020-06-04,7.134776941766925,6.710787799052309,8.999250328779063,3.0406294706723886
2020-06-05,7.195613614714164,6.712087212293148,9.03806198302709,3.0804005722460657
2020-06-08,7.1812626887843525,6.713386877140032,9.008885085867918,3.092989985693848
2020-06-09,7.1750037137905425,6.714686793641678,9.001546905591816,3.0572246065808293
2020-06-10,7.264866534341023,6.715986961846815,8.96660239036397,3.0763948497854074
2020-06-11,7.2224220628532825,6.71728738180418,8.94786429912186,3.0128755364806863
2020-06-12,7.281888368072312,6.71858805356252,8.94766871967716,3.0248927038626605
2020-06-15,7.364154745468966,6.719888977170592,8.954891330281395,2.990271816881259
2020-06-16,7.498979190183843,6.721190152677161,8.937665522523293,3.0103004291845488
2020-06-17,7.631083713454832,6.722491580131002,8.921951010474228,3.002002861230329
2020-06-18,7.730875489402059,6.7237932595809005,8.94648042638437,3.0606580829756798
2020-06-19,7.795821251274648,6.72509519107565,9.027735783456976,3.1127324749642344
2020-06-22,7.864553149168489,6.726397374664056,9.327934426670218,3.134763948497854
2020-06-23,8.01329881116739,6.7276998103949275,9.602571429126296,3.1759656652360517
2020-06-24,7.861530417413271,6.72900249831709,9.310875552882592,3.133905579399141
2020-06-25,7.9007138031313335,6.730305438479375,9.276817071805732,3.1201716738197423
2020-06-26,7.864248996017642,6.731608630930624,9.305626516674868,3.154220314735336
2020-06-29,7.799038694759989,6.732912075719686,9.162867350894292,3.139914163090128
2020-06-30,7.7758102567760945,6.724129578527631,9.1293304150033,3.133619456366237
2020-07-01,7.826854943957432,6.800280720516903,9.281137599538628,3.177110157367668
2020-07-02,7.833571155807151,6.811750162800711,9.3552957934286,3.2074391988555075
2020-07-03,7.920180276205303,6.883334255533872,9.524272482548556,3.219170243204578
2020-07-06,7.958544529817332,6.955044351644169,9.64384659415755,3.269814020028612
2020-07-07,7.952647450073647,6.942406840391625,9.6482757771375,3.280400572246066
2020-07-08,7.943728309994503,6.836600011096989,9.550690524207509,3.2575107296137333
2020-07-09,8.024556506267285,6.878449009529208,9.553187619339823,3.29241773962804
2020-07-10,8.082520845485332,6.916871269102445,9.67774900678864,3.2726752503576533
2020-07-13,8.098009156486963,6.930008232662353,9.754293665013927,3.2864091559370525
2020-07-14,8.0481763819707,6.815021766055629,9.700244594028906,3.231187410586552
2020-07-15,8.013963516728843,6.890342625938271,9.707880094571948,3.2323319027181685
2020-07-16,8.04416532033017,6.946729477437979,9.930607546635011,3.264091559370529
2020-07-17,8.242103222395206,7.060612333149601,10.30550963552345,3.3135908440629467
2020-07-20,8.35950768146168,7.1335187799515,10.253168427467136,3.349356223175965
2020-07-21,8.334463053029571,7.203904516706292,10.526608246655664,3.39170243204578
2020-07-22,8.43363645137872,7.278611977533894,10.28199071341092,3.379399141630901
2020-07-23,8.509106717974326,7.3580887680925775,10.176809470936814,3.4071530758226034
2020-07-24,8.612000453208337,7.450250909009773,10.143458236740784,3.404577968526466
2020-07-27,8.586618772057188,7.343135444673708,10.24648119089839,3.387410586552217
2020-07-28,8.559644483237586,7.320066920721797,10.26518174669152,3.4340486409155933
2020-07-29,8.587810542129493,7.275925291192139,10.196436559654831,3.4123032904148785
2020-07-30,8.515753773588864,7.190242635027118,10.094379649421038,3.3751072961373385
2020-07-31,8.597684441105995,7.328484280338745,10.000650669986523,3.3768240343347635
2020-08-03,8.724524362046319,7.4731699394845315,10.12199487434754,3.3238912732474963
2020-08-04,8.8135855074045,7.560095987815178,10.405043768475618,3.376251788268956
2020-08-05,8.8778229214313,7.670578951610239,10.413993997508028,3.377110157367668
2020-08-06,9.179289050402643,7.676051973295728,10.460085553308732,3.4054363376251784
2020-08-07,9.298406972694197,7.71486448989058,10.435198562858282,3.414878397711015
2020-08-10,9.363883827596192,7.952580785593342,10.592648905815658,3.432618025751073
2020-08-11,9.197741008220696,7.807724850372644,10.765627071352156,3.4460658082975675
2020-08-12,9.090693198937478,7.8327834999361325,10.815962108437846,3.442918454935622
2020-08-13,9.198712552612033,7.806707049035831,10.817626509267736,3.447496423462088
2020-08-14,9.151533228983512,7.687539540814538,10.726001490526192,3.4123032904148785
2020-08-17,9.19505532918452,7.76058784154325,10.972834603035883,3.430042918454935
2020-08-18,9.259049689258543,7.809297799521666,11.042021325485608,3.4612303290414874
2020-08-19,9.326530732141283,7.814183094778749,11.144565208781197,3.465808297567954
2020-08-20,9.507814067083226,7.911633489333366,10.98324476347872,3.4454935622317597
2020-08-21,9.69579884264019,7.977047777672315,11.206798983194377,3.4652360515021456
2020-08-24,9.91647303200574,8.239884189766718,11.349738911795049,3.490701001430615
2020-08-25,9.842810227401479,8.247267270806015,11.268702840766498,3.488698140200286
2020-08-26,9.671048296062542,8.240687412573727,11.259228103223306,3.512160228898426
2020-08-27,9.639337812262642,8.290173062894484,11.17041824315546,3.516738197424892
2020-08-28,9.62775649283889,8.325780865764198,11.320562014635875,3.5490701001430613
2020-08-31,9.240052538596146,8.022819451409651,10.820538469888808,3.4629470672389124
2020-09-01,9.350672972417238,8.258880592732663,10.80991099895186,3.4949928469241773
2020-09-02,9.5166425654949,8.637491811740798,10.885443187829594,3.512160228898426
2020-09-03,9.59538533199609,8.68026403779355,10.845460032463318,3.511587982832618
2020-09-04,9.549501848502524,8.640154758116992,10.730897891068476,3.46552217453505
2020-09-07,9.644163306070894,8.91574644875599,10.632333236093933,3.469814020028612
2020-09-08,9.505966319906337,9.073910968069766,10.63444282602173,3.457796852646638
2020-09-09,9.485512859786573,9.036662463522061,10.636552834518952,3.443204577968526
2020-09-10,9.562306494727256,9.129740299004581,10.63866326166866,3.4889842632331898
2020-09-11,9.55209621445147,9.12946239680878,10.640774107553913,3.4944206008583687
2020-09-14,9.885520581113802,9.60520067447823,10.632898760424702,3.4944206008583687
2020-09-15,10.04162366083231,9.821916776249648,10.626951367310904,3.5164520743919883
2020-09-16,10.034889320649095,9.817399709676815,10.64536645613677,3.539628040057224
2020-09-17,9.917248521827437,9.737258092043744,10.623649235575408,3.5113018597997137
2020-09-18,10.041017368789891,9.773539027308416,10.624987670664131,3.5095851216022886
2020-09-21,9.766697412096466,9.445552962142909,10.429808390734191,3.431187410586552
2020-09-22,9.678330514769137,9.353088602549843,10.431877797160926,3.4022889842632327
2020-09-23,9.800163658566268,9.333422163698579,10.433947614184172,3.403433476394849
2020-09-24,9.653028732569314,9.191112670496834,10.4360178418854,3.312160228898426
2020-09-25,9.883782275357635,9.50269310303951,10.43808848034609,3.372532188841201
2020-09-28,10.123804096499805,9.913390293080594,10.440159529647746,3.4263233190271816
2020-09-29,9.995991288328627,9.883498781575378,10.442230989871884,3.4283261802575105
2020-09-30,9.949768066436985,9.825705900738923,10.44430286110003,3.431473533619456
2020-10-01,10.099207305046978,9.829785243354667,10.44637514341374,3.479542203147353
2020-10-05,10.16531730878175,9.893258859163058,10.448447836894577,3.501573676680972
2020-10-06,10.287491533816477,9.92895394759708,10.450520941624118,3.548783977110157
2020-10-07,10.357515914746475,9.842372023581442,10.452594457683968,3.5733905579399137
2020-10-08,10.543612657941008,9.799333767506228,10.454668385155728,3.602575107296137
2020-10-09,10.46229768234292,9.772980659225663,10.456742724121035,3.633476394849785
2020-10-12,10.238820986903118,9.819077397593121,10.458817474661537,3.632618025751072
2020-10-13,10.123228018346545,9.976156695159798,10.460892636858889,3.634334763948497
2020-10-14,10.089334748909993,10.06306718197184,10.462968210794772,3.6457796852646633
2020-10-15,9.943057225945338,9.901353330570211,10.465044196550885,3.571101573676681
2020-10-16,10.065077695855242,10.000885968172014,10.467120594208929,3.594277539341917
2020-10-19,10.150978468407603,10.045194589934054,10.469197403850638,3.628326180257511
2020-10-20,10.179371467178065,10.05552846323329,10.47127462555775,3.627181688125894
2020-10-21,10.181927562200746,9.996437729183752,10.473352259412028,3.633190271816881
2020-10-22,10.18038598243398,10.05502614767433,10.475430305495246,3.626037195994277
2020-10-23,10.180092571999278,10.016073893251148,10.477508763889194,3.636909871244635
2020-10-26,10.097468327871054,9.836908290478364,10.479587634675678,3.599713876967096
2020-10-27,10.08694046604924,9.957607646191706,10.481666917936527,3.628326180257511
2020-10-28,10.000036592376867,9.965930079749297,10.51076532386008,3.5879828326180254
2020-10-29,9.942989412549675,10.079730467857345,10.451290404947123,3.5685264663805434
2020-10-30,9.926284488944654,10.168553891057455,10.549835775151092,3.564234620886981
2020-11-02,9.852701583291719,10.013676350670679,10.729204844764366,3.558512160228898
2020-11-03,9.916577102068393,9.913432640188795,10.617318585771995,3.6054363376251786
2020-11-04,9.960600752829405,9.92791033866863,10.511026096453008,3.6346208869814016
2020-11-05,10.074887138534878,10.039127483239147,10.410123895162924,3.694420600858369
2020-11-06,10.117531021691054,10.063010934121817,10.382167887870658,3.7370529327610873
2020-11-09,10.217905589989131,10.126104915528273,10.39897487904011,3.797711015736766
2020-11-10,10.0571831423284,10.035752748457046,10.361383126884022,3.854649499284692
2020-11-11,10.090139781201087,10.122440225447233,10.33436155471643,3.886409155937053
2020-11-12,10.190303523694823,10.25535465699375,10.384223447589942,3.870100143061516
2020-11-13,10.347928040587325,10.457161354169951,10.376578069297167,3.885264663805436
2020-11-14,10.384814499309696,10.504140850868374,10.407583337931785,3.902718168812589
2020-11-17,10.318621239524802,10.610765682564443,10.42449602102337,3.9310443490701
2020-11-18,10.327217426699846,10.667868211600444,10.382579790034494,3.945636623748212
2020-11-19,10.25037612095627,10.6639866168482,10.44015324212399,3.898426323319027
2020-11-20,10.295530442591513,10.90908941246055,10.570181964049617,3.919885550786838
2020-11-23,10.397429805162378,11.105338785573158,10.707352299031674,3.941630901287553
2020-11-24,10.468523086348778,11.168817869271914,10.773827579179889,3.987982832618025
2020-11-25,10.327701520346118,10.976893462449947,10.796820017231685,3.9310443490701
2020-11-26,10.418351916273956,10.983523601414506,10.808816544281528,3.9553648068669527
2020-11-27,10.531049051409772,11.100990737544233,10.654695990758896,3.9593705293276105
2020-12-01,10.654764184791503,11.140860757906514,10.697333297478233,3.9997138769670952
2020-12-02,10.717999840537807,11.154363143077113,10.64012235880391,4.004577968526466
2020-12-03,10.832421181614848,11.148466519180813,10.57105910822584,4.009155937052933
2020-12-04,10.846927876928758,11.132942373755395,10.654384841642331,4.04206008583691
2020-12-07,10.928150196600098,11.115674006849032,10.68548592444935,4.071244635193133
2020-12-08,10.86446133251644,11.073272360570504,10.783527529416974,4.08755364806867
2020-12-09,10.868362952736245,11.026240647189773,10.882493691759535,4.131902718168812
2020-12-10,10.87970457530602,10.926579847031713,11.02910715548564,4.115021459227467
2020-12-11,10.907821620555517,11.02409406903215,11.04064831827282,4.118168812589413
2020-12-14,10.890079353422772,11.011715774204553,11.13078772345463,4.129327610872675
2020-12-15,10.942562221727982,11.024572421124477,11.1238970052414,4.137625178826895
2020-12-16,10.999193792724327,11.09166702950103,11.080845820808284,4.172246065808297
2020-12-17,11.066297497702486,11.142567945272864,11.05336493327814,4.193419170243204
2020-12-18,11.072983495663047,11.094143426514382,11.309205565768687,4.2048640915593705
2020-12-21,10.646347938111884,10.740012250166581,11.598203828560507,4.07725321888412
2020-12-22,10.71315756123558,10.696781713636723,11.58048116999088,4.115021459227467
2020-12-23,10.953111568982086,10.742621945887107,11.613685225715894,4.152217453505007
2020-12-24,10.951146994767122,10.768669858131304,11.714614096930262,4.192274678111588
2020-12-28,11.125160196558134,10.881508303954988,11.90886794761509,4.22832618025751
2020-12-29,11.109690685309756,10.863454277925916,12.176845371201674,4.256652360515021
2020-12-30,11.190690765040852,10.874324430398119,12.0157313708686,4.270958512160229
2020-12-31,11.225039257074037,10.887085297748293,11.990061074864384,4.2652360515021455
2021-01-01,11.317366859559968,11.160712053560045,12.039042860236751,4.2795422031473525
2021-01-04,11.438614525327212,11.28263397280784,12.067743649858828,4.312160228898426
2021-01-05,11.489428915531198,11.262977722542875,11.85926188845964,4.329041487839771
2021-01-06,11.464703211484634,11.282367676371432,11.702350870637648,4.326752503576538
2021-01-07,11.713568973692935,11.536611644378567,11.78385811032843,4.326180257510729
2021-01-08,11.776736144623817,11.464090446979542,11.696971448133455,4.374248927038626
2021-01-11,11.733635024611731,11.448234401592858,11.741871747316454,4.417167381974249
2021-01-12,11.71971783584626,11.549252914783494,11.758621447537458,4.444062947067239
2021-01-13,11.593280095341607,11.418673372550364,11.802227761505526,4.452074391988554
2021-01-14,11.755144628012472,11.555119089659009,11.690721795877849,4.456652360515021
2021-01-15,11.631708133830744,11.430360209326471,11.647876068639166,4.409442060085837
2021-01-18,11.447258383305147,11.273821401926012,11.555427245569954,4.365092989985693
2021-01-19,11.719379440287703,11.342960379854503,11.626549019192227,4.4477825464949925
2021-01-20,11.827478021493825,11.380617959595904,11.570370305364928,4.484978540772532
2021-01-21,11.811350518881582,11.366907543367637,11.436869554408409,4.464091559370529
2021-01-22,11.553659615360406,11.289605328144278,11.508180980825545,4.403719599427753
2021-01-25,11.37643031292357,11.219308663308428,11.32017085574648,4.362231759656653
2021-01-27,11.311243511357485,11.197015166057382,11.370127575017424,4.276967095851216
2021-01-28,11.330812711654588,11.16511488424863,11.157684835975596,4.234334763948498
2021-01-29,11.085945925531156,11.055193963773455,10.940547523876235,4.180257510729613
2021-02-01,11.360959458835675,11.417348937836596,10.942718267432562,4.363948497854077
2021-02-02,11.572024288609784,11.529186295072634,10.944889441691974,4.466380543633762
2021-02-03,11.773839639783299,11.663637784489552,10.93510752570846,4.511015736766809
2021-02-04,11.934648700592948,12.030485771815735,10.970007591062508,4.540486409155936
2021-02-05,11.926004842615011,12.1621556979363,11.02575761055143,4.550786838340486
2021-02-08,12.103424828263416,12.128303020499818,11.269329090099523,4.607439198855508
2021-02-09,12.06835925992757,12.20376065436204,11.193104470965562,4.61316165951359
2021-02-10,12.206658301895501,12.349963623081504,11.112464497701271,4.619742489270386
2021-02-11,12.300134703589158,12.438981108333044,11.82872087406244,4.636909871244635
2021-02-12,12.216177691239231,12.450101532923464,11.874987266033411,4.64005722460658
2021-02-15,12.188441340993114,12.540504986065537,12.239872328918354,4.690414878397711
2021-02-16,12.209647462662767,12.578787988545097,12.128742705555476,4.679256080114449
2021-02-17,12.240531428739283,12.588728534003307,12.199704459632086,4.652074391988555
2021-02-18,12.298304413326004,12.79657329537935,12.413311785367346,4.632045779685264
2021-02-19,12.190630169407598,12.644232259931286,12.02775555561769,4.589985693848354
2021-02-22,11.918832736748902,12.625528046761264,11.816433941170471,4.4972818311874105
2021-02-23,11.80633635612104,12.811163876281187,11.938254253068587,4.50901287553648
2021-02-24,11.970279604365906,12.787558691845133,11.928375515561346,4.582260371959943
2021-02-25,12.141760210825804,12.833263950089004,11.979473114926364,4.631473533619456
2021-02-26,11.977436938997318,12.785947215749992,11.904650148479412,4.467811158798283
2021-03-01,12.023186138539074,12.850572373017382,12.09982855653918,4.521030042918454
2021-03-02,12.245196453225123,12.985989986027992,12.067828598506525,4.565665236051502
2021-03-03,12.379554261207465,13.48198541606741,12.274020697517775,4.663233190271816
2021-03-04,12.47338248685486,13.623950689978486,13.413837945723502,4.612303290414878
2021-03-05,12.193741528571008,13.469786965366708,13.099953680256206,4.568240343347639
2021-03-08,12.235297040297775,13.430644905471777,13.274336461804632,4.5791130185979965
2021-03-09,12.251557484022308,13.364160231879735,13.026603486294333,4.62002861230329
2021-03-10,12.383541151736669,13.418410888764832,13.056126104694131,4.639771101573676
2021-03-12,12.379879228370841,13.479429971646773,12.954916705387372,4.595994277539341
2021-03-15,12.358604621885766,13.58312441192205,12.885915684632614,4.576824034334764
2021-03-16,12.288880365588058,13.605520733511144,13.21390834004251,4.5719599427753925
2021-03-17,11.938976672359747,13.394122721931284,12.742383091048008,4.5173104434907
2021-03-18,11.9791504022224,13.459141647611718,12.544332768706957,4.466952789699571
2021-03-19,12.03521529494211,13.586414981016613,12.54682172362138,4.5170243204577964
2021-03-22,12.06605494731453,14.047427780525194,12.54931117237607,4.501573676680973
2021-03-23,12.052018245831952,14.423444605808294,12.551801115069004,4.530758226037196
2021-03-24,11.808358672435281,14.26541127031643,12.554291551798183,4.466094420600858
2021-03-25,11.603017024687265,13.970044327054943,12.55678248266164,4.402288984263233
2021-03-26,11.721063361043386,14.031500374775883,12.559273907757404,4.440915593705293
2021-03-30,11.89429503023487,14.088229682532011,12.561765827183544,4.532761087267525
2021-03-31,11.892296885031955,14.13192519273658,12.564258241038145,4.496709585121602
2021-04-01,11.451579640874357,14.014916466873169,11.898143889354955,4.54077253218884
2021-04-05,11.34705301278635,14.378912125840493,11.900504632190144,4.490987124463519
2021-04-06,11.424689279524635,14.942687316988042,11.90286584342669,4.503290414878397
2021-04-07,11.609472054250716,14.684251453026574,11.90522752315753,4.54420600858369
2021-04-08,11.788481961888536,14.378955059865723,11.907589671475616,4.545636623748211
2021-04-09,11.825350963697172,14.574136360647268,11.909952288473924,4.543061516452074
2021-04-12,11.126748104288273,13.363990162370154,11.912315374245448,4.4085836909871245
2021-04-13,11.25454815548403,13.729346643104616,11.914678928883196,4.449213161659514
2021-04-15,11.378177347136605,14.09427818141082,11.917042952480198,4.461516452074392
2021-04-16,11.427921494244673,14.30516610261363,11.919407445129496,4.475536480686695
2021-04-19,11.16450942295668,14.274178561236232,11.921772406924166,4.408869814020028
2021-04-20,11.220331933143378,14.342881907505314,11.774747861750356,4.385979971387696
2021-04-22,11.457672103767925,14.407887194808723,11.790356681877286,4.414020028612304
2021-04-23,11.472471538096777,14.469275750907556,11.79045842269953,4.402288984263233
2021-04-26,11.608981917826615,14.629610585856843,11.786881689521476,4.439771101573676
2021-04-27,11.850736001947118,14.769257946154251,11.787815136871174,4.487267525035765
2021-04-28,12.055008749438736,14.727215382416341,11.80520689082478,4.546494992846924
2021-04-29,12.16154560828532,14.781269310079342,11.792452740370477,4.552217453505007
2021-04-30,12.264709254262467,14.706971241519133,12.127456622540334,4.492131616595136
2021-05-03,12.550606501861092,15.33167780689593,12.242924553585624,4.491273247496423
2021-05-04,12.246366066445377,15.34083508401356,11.87167229322326,4.450643776824034
2021-05-05,12.471965791163276,15.488693653051847,11.963932451272589,4.486695278969957
2021-05-06,12.553148497068833,15.715234892403343,11.914077472823887,4.50758226037196
2021-05-07,12.733932295710048,16.130875675229245,11.938037930349449,4.535908440629471
2021-05-10,12.89613656677899,16.281238367177846,12.027712093518868,4.569098712446351
2021-05-11,12.90677856995984,16.256897565141568,12.06245115155228,4.54763948497854
2021-05-12,12.712368978728582,15.933330411514762,12.02030081789475,4.511874105865521
2021-05-14,12.53419834578957,15.08136682915912,11.9977528785809,4.505579399141631
2021-05-17,12.878811251316613,15.753906612861638,12.20605486493496,4.564234620886982
2021-05-18,13.025756836941515,16.145931294725003,12.318195969870423,4.617167381974249
2021-05-19,13.000728994003381,16.070149115066844,12.283816461927266,4.597138769670957
2021-05-20,12.985158769791147,16.15421956924047,12.127781600506523,4.56766809728183
2021-05-21,13.10671663148707,16.29111944442028,12.28441999243591,4.638054363376251
2021-05-24,13.214259277132703,16.528140696389077,12.594365011309977,4.647496423462089
2021-05-25,13.287215748150448,16.23348693507538,12.648120713127952,4.65035765379113
2021-05-26,13.473525331408597,16.178425706307095,12.679887556266925,4.676967095851216
2021-05-27,13.442327140884847,16.35396496916165,12.69024240131126,4.69585121602289
2021-05-28,13.35877835174842,16.199340745204996,12.467018098436665,4.721602288984263
2021-05-31,13.351414219831222,16.299186922495277,12.65610391046157,4.772246065808297
2021-06-01,13.299368445789149,16.7878003614177,12.5072719041456,4.774821173104434
2021-06-02,13.351220850940617,17.650080432645552,12.424053838201193,4.7865522174535045
2021-06-03,13.516292084380678,17.93014793273425,12.42294555468123,4.811731044349069
2021-06-04,13.644736027125358,18.360158864710495,12.479611241570328,4.8111587982832615
2021-06-07,14.054526334341862,18.229233621054224,12.47100574600358,4.824892703862661
2021-06-08,14.20794574928347,18.35924766679676,12.405196226187316,4.823175965665236
2021-06-09,14.175931112332721,18.03563561903459,12.32502149493542,4.7951359084406295
2021-06-10,14.432044179420146,18.19764255007896,12.44784242288141,4.824034334763948
2021-06-11,14.557226364975389,18.320173141295687,12.468191575104854,4.844921316165952
2021-06-14,14.741998396985325,17.732448969771742,12.369038723292352,4.851502145922747
2021-06-15,14.710955975845675,17.489316092479076,12.38145406693084,4.871816881258941
2021-06-16,14.78016861028699,16.82474164130589,12.32373541192028,4.855221745350501
2021-06-17,14.63190704193436,16.36617093708609,12.210249945246256,4.829470672389126
2021-06-18,14.402781020641962,16.582204738408535,12.20320809746212,4.826037195994277
2021-06-21,14.434895027717047,16.765773978987443,12.195881770485697,4.837482117310443
2021-06-22,14.531708385613154,16.820136551120566,12.179250739998308,4.847210300429184
2021-06-23,14.545100524127049,16.68795500578833,12.181667258002276,4.826323319027182
2021-06-24,14.745461580102475,16.757135215367587,12.1840842554741,4.854935622317597
2021-06-25,14.799672011447706,16.909523890141358,12.186501732508916,4.875536480686695
2021-06-28,15.017334211774184,17.019187671929334,12.188919689201876,4.859799713876966
2021-06-29,15.205279373565364,17.051356183853336,12.091090699126015,4.844921316165952
2021-06-30,15.395309965128137,17.114603901233178,12.180908089666552,4.839198855507868
2021-07-01,15.249818674701324,16.874263979417545,12.178406055659371,4.83319027181688
2021-07-02,15.392746484488105,16.732502190401195,12.503385997400924,4.845207439198855
2021-07-05,15.447613564357683,16.6714210002175,13.28320668106421,4.867811158798283
2021-07-06,15.440887281211577,16.580240596570103,12.930982917786087,4.868955650929899
2021-07-07,15.57367799547631,16.605420814048387,13.134361833673584,4.87725321888412
2021-07-08,15.621715393556888,16.62367084582163,12.945032041230291,4.848927038626609
2021-07-09,15.757504668465511,16.640078781272006,12.89008607056958,4.837482117310443
2021-07-12,15.760966508743143,16.644460155498606,12.842020940372365,4.83662374821173
2021-07-13,15.900880986651336,16.59760009730192,13.084988889411822,4.868955650929899
2021-07-14,15.983586472570405,16.556198171672563,13.14867666858559,4.881258941344778
2021-07-15,16.374861708511503,16.752340117363726,13.13253741329804,4.90071530758226
2021-07-16,16.453595075136068,16.85072204236739,13.302007989904608,4.904434907010014
2021-07-19,16.734643329234874,16.73185503494891,13.106663635649335,4.857510729613733
2021-07-20,16.739034414459024,16.615993772304332,13.008462011136048,4.822317596566523
2021-07-22,17.111888577890987,16.69826299143273,13.077496616239891,4.874391988555079
2021-07-23,17.181514806903873,16.65710610320667,12.996327195589958,4.8804005722460655
2021-07-26,17.43167506640761,16.581410896099573,12.92593242434798,4.872103004291845
2021-07-27,17.301604945006524,16.569120936666693,12.896773307138329,4.854935622317597
2021-07-28,17.27833353615805,16.471373850323847,12.784111644791974,4.845207439198855
2021-07-29,17.548375877566606,16.444918002967157,12.860930904459815,4.862660944206008
2021-07-30,17.610933399356277,16.365513351476224,12.858578024473593,4.855221745350501
2021-08-02,17.752417656661112,16.23455777851733,13.058927434518203,4.892703862660944
2021-08-03,17.77585557760983,16.239296314362765,13.148453431441638,4.957653791130186
2021-08-04,17.544399729753547,16.07315287825007,13.006354099343184,4.997711015736766
2021-08-05,17.51810290347082,16.182670767717582,12.912225071044512,5.010872675250357
2021-08-06,17.60860625847143,16.318620897308953,12.924645353557866,5.0028612303290405
2021-08-09,17.29614495952598,16.010102719184015,12.82785525948132,5.018884120171673
2021-08-10,16.40502322692729,15.469536998100788,12.257282850596448,5.025178826895565
2021-08-11,16.344927129974277,15.512865780875533,12.160353480248675,5.017739628040057
2021-08-12,16.78493669770584,15.64470084791349,12.497473176411187,5.040629470672388
2021-08-13,16.769241589418424,15.69921378357486,12.598207455955828,5.091273247496423
2021-08-16,16.530267183100364,15.861588590756085,12.951467395180869,5.110157367668097
2021-08-17,16.60321828276004,15.9827621865241,12.850298494648005,5.119027181688125
2021-08-18,16.61855082437757,16.077805325914834,12.710954066949878,5.114735336194563
2021-08-20,16.29549720731344,15.902937917316322,12.391558017131976,5.073533619456366
2021-08-23,15.830309398617715,15.850026024365215,12.166785870874332,5.095851216022889
2021-08-24,16.25456343028355,15.981616507225464,12.262382732783218,5.134763948497854
2021-08-25,16.31706320997394,16.119631020965453,12.242268671003403,5.135050071530758
2021-08-26,16.243993940436674,16.264390742351473,12.350661169915467,5.136480686695279
2021-08-27,16.367365978321534,16.30545677939586,12.377856590478348,5.157081545064377
2021-08-30,16.679146457631315,16.451708673621,12.534698464052212,5.223748211731044
2021-08-31,16.49500018883681,16.592724137587144,12.456867722811785,5.280400572246066
2021-09-01,16.628667777306852,16.71053652599159,12.575962763558762,5.273533619456366
2021-09-02,16.752533980134366,16.75873680747098,12.676469854859558,5.32074391988555
2021-09-03,16.889150444186136,16.840000830898592,12.7810041047262,5.347925608011445
2021-09-06,16.910839988082298,16.737305377713447,12.625271502447267,5.36623748211731
2021-09-07,16.771763442033393,16.49203719331267,12.227534031727776,5.355364806866952
2021-09-08,17.021030713257602,16.771090266213236,12.27318701544037,5.354506437768239
2021-09-09,17.034425537450534,17.002151448760163,12.238905297219564,5.362517882689556
2021-09-13,17.227419775829727,17.250611273107435,12.453690050722914,5.353648068669528
2021-09-14,17.723088698746544,17.598912594699595,12.525770953844187,5.365951359084406
2021-09-15,17.766704126294055,17.81231551639261,12.81191849806328,5.408011444921315
2021-09-16,17.69105123352399,17.68701264247908,12.963392802432631,5.442632331902717
2021-09-17,17.709718045664935,17.52120357659113,12.617676500678128,5.431187410586552
2021-09-20,17.49466095400355,17.112016233026036,12.570447028108266,5.375107296137339
2021-09-21,17.607980495256,17.12496751398234,12.903480299206535,5.426609442060085
2021-09-22,17.863136117767027,16.901655655337414,13.303906493403147,5.427467811158798
2021-09-23,18.01192139353171,17.095568584670595,13.389630544454636,5.501859799713876
2021-09-24,17.895287724348616,17.16091575564064,13.14912413064846,5.5115879828326175
2021-09-27,17.744492217825357,17.123330747009593,13.371750829664256,5.516165951359084
2021-09-28,17.589332482868304,17.15002102962971,13.240530851120925,5.477539341917024
2021-09-29,17.783298937058593,17.270586766491476,13.349402420895002,5.469241773962803
2021-09-30,17.7767740798402,17.29567923576451,13.18382565323289,5.439484978540772
2021-10-01,17.804330489590896,17.359113566511226,13.267427963641884,5.414020028612303
2021-10-04,18.101402847659052,17.61423862137889,13.367108287290089,5.465808297567953
2021-10-05,18.1120072513334,17.992067738451187,13.684615711359184,5.4992846924177385
2021-10-06,17.912161845732918,17.944316000349396,13.65118249184038,5.441773962804005
2021-10-07,18.21936861364409,18.076890852472825,13.95020568283548,5.488412017167382
2021-10-08,18.22303456552847,17.95886305558437,14.4352851800126,5.510157367668097
2021-10-11,18.11690861557442,18.1447896462477,14.470058810170077,5.524749642346208
2021-10-12,18.15898783471324,17.896374210764122,14.319466588851816,5.541058655221745
2021-10-13,18.163647487841008,18.134426592324385,14.384917546352794,5.595422031473533
2021-10-14,18.436133797172484,18.350700257991225,14.437579781275405,5.639771101573676
2021-10-18,18.492165118904243,18.342486307985492,14.491337458643327,5.691273247496423
2021-10-19,18.294644168509574,17.97797313456929,14.03687701008629,5.676967095851215
2021-10-20,17.602778334962924,17.77482057895034,13.44784308695181,5.645207439198855
2021-10-21,17.42242290212798,17.87032678134883,13.367955798217118,5.610300429184549
2021-10-22,17.278052882698773,17.755523792907454,13.589409020564725,5.598855507868383
2021-10-25,16.841815351173516,17.651071734189948,13.321315039531298,5.599713876967096
2021-10-26,17.14499494336994,17.62792714130855,12.92301848817696,5.640343347639484
2021-10-27,17.26897797323553,17.768236430934753,12.77965085301288,5.62346208869814
2021-10-28,17.2923232382575,17.339781129255776,12.525053829213627,5.5416309012875535
2021-10-29,17.369935333884456,17.358631617298798,12.544876497376343,5.469527896995707
2021-11-01,17.456911049471046,17.480906904653327,12.48107216075573,5.54620886981402
2021-11-02,17.589143142496255,17.632804147617257,12.92080192113704,5.525035765379112
2021-11-03,17.46186209877424,17.68367218642483,12.983091010948725,5.510157367668097
2021-11-04,17.76635901653791,17.712304800416327,13.207288272171946,5.539055793991416
2021-11-08,17.976669170502852,17.915175283152973,13.299912919186394,5.589985693848354
2021-11-09,17.944281224166076,18.285941647058014,13.31651840426131,5.575965665236051
2021-11-10,17.841688284984116,18.34540006867115,13.078270044043933,5.56967095851216
2021-11-11,17.898713307959262,18.539572548052888,12.79972836711869,5.5293276108726745
2021-11-12,17.976702741490804,18.748224348074707,13.3600832316805,5.592560801144492
2021-11-15,18.020197313481688,18.739567077764182,12.995810589278962,5.594277539341917
2021-11-16,18.195957549485733,18.73339995849321,13.079046435172888,5.564234620886981
2021-11-17,18.441836836605805,18.693043843185283,12.9644270028296,5.537339055793991
2021-11-18,18.423319079651364,18.537413937264393,12.882681709370273,5.4975679542203135
2021-11-22,18.177715074632502,18.2270780127121,12.59202596017338,5.394277539341917
2021-11-23,18.650332814381812,18.4230665107091,12.677100055292478,5.419170243204578
2021-11-24,18.781070327023386,18.29798468241979,12.368203065665002,5.3862660944206
2021-11-25,19.233405818691487,18.461090850186956,12.347861815641345,5.422317596566523
2021-11-26,18.71268622456473,18.124215823212566,12.262991202166726,5.279256080114449
2021-11-29,18.23560757193633,17.744174658090376,12.306859276502696,5.280400572246066
2021-11-30,18.431291517870257,17.67456399808926,12.303210435751602,5.256080114449213
2021-12-01,18.74524068300175,17.73742825394165,12.254148640606402,5.313876967095851
2021-12-02,18.91737390946744,17.812658336801217,12.346997512539769,5.378826895565092
2021-12-03,19.022533014968463,17.666414689849773,12.671754217137376,5.321888412017167
2021-12-06,19.160121694831325,17.59113104559872,12.59404200889373,5.236337625178826
2021-12-07,19.495627462746693,17.59453722521376,12.71379194444796,5.313590844062947
2021-12-08,19.747493128438403,17.597944064369084,12.664490119984263,5.392846924177396
2021-12-09,20.076048359008144,17.601351563192402,13.049015112661875,5.411731044349069
2021-12-10,20.199623165660235,17.60475972181144,12.971708879932228,5.410300429184549
2021-12-13,20.39601075950164,17.608168540353958,12.93573707873223,5.376251788268956
2021-12-14,20.582611738935213,17.61157801894774,12.963780010222136,5.359942775393419
2021-12-15,20.595964935103083,17.614988157720585,12.72251300968658,5.3290414878397705
2021-12-16,20.630908305042784,17.61839895680033,12.574594695220844,5.3396280400572245
2021-12-17,20.29754839467732,17.62181041631483,12.461053913148318,5.258082975679542
2021-12-20,19.475749409360432,17.625222536391963,12.166042076319492,5.1482117310443485
2021-12-21,19.85678146545755,17.628635317159635,12.157690438920858,5.191702432045779
2021-12-22,20.245356251127774,17.632048758745775,12.153454859835662,5.24549356223176
2021-12-23,20.04718805208539,17.635462861278338,12.12178284309412,5.267525035765378
2021-12-24,19.670745821461093,17.638877624885303,12.049387827531357,5.248927038626609
2021-12-27,20.092990965207868,17.642293049694675,12.01397708251615,5.280400572246066
2021-12-28,20.217466817176597,17.645709135834487,12.014208221859883,5.330472103004292
2021-12-29,20.06677873781478,17.649125883432784,12.042174106901882,5.325321888412017
2021-12-30,20.293335907109075,17.65254329261765,11.969197291879883,5.325894134477824
2021-12-31,20.617553766035392,17.65596136351719,11.88388613076721,5.37310443490701
2022-01-03,20.831496300896767,17.65938009625953,11.981462493722445,5.456938483547925
2022-01-04,20.69507589141464,17.66279949097282,12.009537034011494,5.506723891273247
2022-01-05,20.63977507438072,17.666219547785243,11.974183579944736,5.531902718168812
2022-01-06,20.708139034246603,17.669640266825,11.980027256686348,5.491273247496423
2022-01-07,20.948838989345408,17.673061648220315,11.90194166950282,5.50557939914163
2022-01-10,20.86063323276025,17.676483692099442,12.096630141175874,5.560801144492131
2022-01-11,20.65726824478286,17.67990639859066,12.09169719295958,5.570529327610872
2022-01-12,20.920965669468444,17.68332976782227,12.084111081165196,5.613733905579398
2022-01-13,21.19893882107083,17.686753799922595,12.168010711841134,5.636623748211731
2022-01-14,21.462518075878826,17.690178495019993,12.316386366119472,5.64692417739628
2022-01-17,21.500860172638806,17.693603853242838,12.120380202632138,5.666094420600858
2022-01-18,20.98356213360414,17.69702987471953,11.585594419690157,5.607153075822604
2022-01-19,20.968674071867092,17.700456559578495,11.63793510130861,5.5559370529327605
2022-01-20,21.17093121724206,17.703883907948185,11.483108288680128,5.498712446351931
2022-01-21,20.885581848166815,17.70731191995708,11.23919997786616,5.454649499284692
2022-01-24,19.90333636871016,17.71074059573367,10.517615543299408,5.31587982832618
2022-01-25,20.057675628721658,17.714169935406492,10.51648404327524,5.35250357653791
2022-01-27,20.073805817012936,17.71759993910409,10.518570647252082,5.302718168812589
2022-01-28,20.198372982068896,17.721030606955043,10.520657665237648,5.296137339055793
2022-01-31,20.218898284102877,17.72446193908795,10.522745097314084,5.368526466380543
2022-02-01,20.489175622427098,17.727893935631432,10.52483294356355,5.427753934191702
2022-02-02,20.995596661365248,17.731326596714148,10.526921204068223,5.496995708154506
2022-02-03,20.99533749333826,17.734759922464765,10.487905247654693,5.436623748211731
2022-02-04,21.12010474148241,17.738193913011987,10.42331661770534,5.4246065808297566
2022-02-07,21.010287325693135,17.74162856848454,10.42628883259978,5.331616595135908
2022-02-08,20.54748977133961,17.74506388901117,10.359674217766504,5.345064377682403
2022-02-09,20.768546669967815,17.748499874720654,10.361729708682727,5.408583690987124
2022-02-10,20.776267997196822,17.75193652574179,10.363785607434451,5.439484978540772
2022-02-11,20.288359343855042,17.755373842203404,10.365841914102592,5.379113018597996
2022-02-14,19.49577114657513,17.758811824234346,10.28732371049137,5.2243204577968525
2022-02-15,19.720594710051575,17.76225047196349,10.281486948174573,5.367381974248927
2022-02-16,19.71759077804961,17.765689785519736,10.324606289080842,5.354506437768239
2022-02-17,19.783444970856188,17.76912976503201,10.363164085160747,5.348497854077253
2022-02-18,19.57582049592742,17.772570410629257,10.22174434224387,5.340200286123032
2022-02-21,19.059352331714933,17.776011722440455,9.99224862642403,5.330185979971387
2022-02-22,18.70177565348026,17.7794537005946,9.99423121543721,5.301001430615164
2022-02-23,19.029291526263002,17.782896345220724,9.996214197821224,5.294706723891273
2022-02-24,18.24145429519809,17.78633965644787,9.998197573654124,5.103290414878398
2022-02-25,18.729467690022283,17.789783634405108,10.000181343013976,5.174535050071531
2022-02-28,18.823481227523175,17.793228279221545,10.00216550597886,5.202861230329042
2022-03-02,19.12374282944679,17.796673591026302,10.00415006262687,5.153075822603719
2022-03-03,19.202547366565813,17.80011956994853,10.006135013036122,5.117596566523605
2022-03-04,19.00455239382126,17.803566216117403,10.008120357284742,5.043204577968526
2022-03-07,19.01778607727202,17.807013529662118,10.01010609545087,4.930758226037196
2022-03-08,19.136933542032974,17.810461510711903,10.012092227612664,4.96137339055794
2022-03-09,19.22637068245622,17.813910159396006,10.014078753848302,5.063805436337624
2022-03-10,19.20704587895141,17.8173594758437,10.01606567423597,5.140200286123033
2022-03-11,19.661660169281706,17.820809460184282,10.018052988853874,5.149642346208869
2022-03-14,20.371490509901342,17.82426011254708,10.020040697780235,5.224892703862661
2022-03-15,19.959794713408673,17.827711433061445,10.022028801093288,5.167381974248927
2022-03-16,20.00750445864684,17.831163421856747,10.024017298871282,5.254935622317596
2022-03-17,20.198560979601428,17.83461607906239,10.012666952535827,5.342203147353362
2022-03-21,20.52814079672347,17.838069404807797,10.054511075951662,5.3041487839771095
2022-03-22,20.78406049492029,17.841523399222417,9.98838349259402,5.360228898426323
2022-03-23,20.754018489221615,17.844978062435725,10.034226129101476,5.331616595135908
2022-03-24,20.899427866437826,17.84843339457722,9.976033342103769,5.324463519313304
2022-03-25,20.500193620673013,17.85188939577643,10.03273063779201,5.316738197424892
2022-03-28,20.7615451047205,17.855346066162898,10.103270611955054,5.331044349070099
2022-03-29,20.62368248559595,17.858803405866208,10.27839718805832,5.356795422031473
2022-03-30,20.386135517685616,17.862261415015954,10.49901080167868,5.4051502145922745
2022-03-31,20.09277879656401,17.83896165126487,10.5120632601749,5.404005722460658
2022-04-01,18.913835527337277,16.706141342087182,10.573224310967154,5.449785407725321
2022-04-04,19.494354450883545,17.020834600256755,10.609609989880935,5.584835479256079
2022-04-05,19.635445256209582,17.54541727130307,10.815446489901822,5.566523605150215
2022-04-06,19.94140452620845,17.91958980216997,10.753333224035378,5.522174535050072
2022-04-07,19.712487987880873,17.398418810993128,10.577294931631824,5.472389127324749
2022-04-08,19.765961200330675,17.583686540459464,10.637235092557168,5.515307582260371
2022-04-11,19.74761532683455,17.61785116282743,10.797682344783311,5.484120171673819
2022-04-12,19.35516107779657,17.11272341035256,10.661138259134283,5.4483547925608
2022-04-13,19.607506137196236,17.134484325275423,10.669876116547446,5.423175965665235
2022-04-18,19.931303687353388,16.608052266008137,10.765632998001996,5.328469241773962
2022-04-19,19.638717756115167,16.321279768215167,10.437966308333266,5.255507868383405
2022-04-20,19.687907310502265,16.281884055426044,10.475184681549475,5.31788268955651
2022-04-21,20.16476305177066,16.872979886421835,10.5328529600364,5.381974248927038
2022-04-22,20.11263805019702,16.705232769917615,10.448441661924337,5.324463519313304
2022-04-25,19.581297938321704,16.70846741260079,10.28808824832065,5.26065808297568
2022-04-26,19.784354073209933,16.711702681609466,10.25922447582799,5.325035765379113
2022-04-27,19.414572326595355,16.71493857706492,10.243658130024908,5.286981402002861
2022-04-28,19.48858426947432,16.718175099088448,10.274703897433426,5.333619456366237
2022-04-29,19.441744684243876,16.721412247801375,10.258846158013244,5.305579399141631
2022-05-02,19.475907864423565,16.724650023325047,10.216988205747786,5.296709585121602
2022-05-04,18.949467773949753,16.727888425780833,10.134968385388165,5.180257510729613
2022-05-05,18.896132873970316,16.731127455290128,10.136979291813836,5.179113018597996
2022-05-06,18.21726706979828,16.734367111974347,10.13899059722888,5.091273247496423
2022-05-09,17.68798150238564,16.73760739595493,10.141002301712454,5.062947067238912
2022-05-10,17.332667508738947,16.740848307353346,10.143014405343749,5.040343347639484
2022-05-11,16.889593581227103,16.744089846291075,10.14502690820195,5.0168812589413445
2022-05-12,16.712836958300638,16.74733201288963,10.147039810366277,4.913304721030043
2022-05-13,16.83338769035799,16.750574807270546,10.14905311191595,4.90414878397711
2022-05-16,17.05799639951154,16.75381822955538,10.151066812930225,4.925035765379112
2022-05-17,17.14314853903257,16.757062279865718,10.153080913488346,5.048354792560801
2022-05-18,17.444226587383184,16.760306958323156,10.15509541366959,5.037195994277539
2022-05-19,17.102608213981476,16.763552265049327,10.157110313553256,4.912732474964234
2022-05-20,17.425853857096698,16.766798200165884,10.159125613218643,5.033476394849784
2022-05-23,17.33074053403049,16.770044763794502,10.161141312745078,5.022317596566523
2022-05-24,17.344687265265357,16.77329195605688,10.137662960972865,5.009728183118741
2022-05-25,16.908503447320825,16.776539777074742,10.069558839893798,4.982260371959942
2022-05-26,17.03858968279613,16.77978822696983,9.948842119190708,5.02346208869814
2022-05-27,17.172503010897984,16.78303730586392,9.950816095801658,5.067238912732474
2022-05-30,17.302813500572803,16.786287013878802,9.952790464074637,5.162517882689556
2022-05-31,17.360038606636145,16.789537351136293,9.954765224087348,5.146494992846924
2022-06-01,17.556514827885742,16.792788317758234,9.956740375917525,5.138483547925608
2022-06-02,17.697956114326,16.796039913866487,9.958715919642904,5.16967095851216
2022-06-03,17.341617534127007,16.799292139582942,9.960691855341247,5.156223175965665
2022-06-06,17.300630043516392,16.80254499502951,9.962668183090324,5.15450643776824
2022-06-07,17.248384186386126,16.805798480328125,9.96464490296792,5.1090128755364805
2022-06-08,17.336356288895136,16.809052595600747,9.966622015051842,5.095278969957081
2022-06-09,17.413693102420886,16.812307340969358,9.968599519419907,5.133047210300429
2022-06-10,17.307878691235036,16.815562716555963,9.97057741614995,5.048927038626609
2022-06-13,16.769097905589987,16.818818722482593,9.97255570531982,4.9175965665236046
2022-06-14,16.841968434878577,16.8220753588713,9.974534387007385,4.901287553648069
2022-06-15,16.944335777021497,16.82533262584416,9.97651346129052,4.895565092989985
2022-06-16,16.37554521382621,16.82859052352327,9.978492928247126,4.794277539341917
2022-06-17,16.255675301404526,16.831849052030762,9.980472787955112,4.77453505007153
2022-06-20,15.779938145454699,16.835108211488777,9.982453040492404,4.787124463519313
2022-06-21,16.04143465617014,16.83836800201949,9.984433685936947,4.8715307582260365
2022-06-22,15.872835783316058,16.841628423745096,9.986414724366698,4.809155937052933
2022-06-23,16.01370770580065,16.84488947678781,9.988396155859624,4.855793991416308
2022-06-24,16.42602657982971,16.84815116126988,10.015082062345368,4.89728183118741
2022-06-27,16.642116315080507,16.851413477313564,9.996708460068376,4.939055793991416
2022-06-28,16.85477375252307,16.85467642504116,10.043575419223068,4.939914163090129
2022-06-29,16.97597441890718,16.857940004574974,10.120600136085343,4.917310443490701
2022-06-30,16.96669539783719,16.861204216037347,10.152285981676512,4.909871244635193
2022-07-01,17.047535679665632,16.86446905955064,10.13478162137596,4.911015736766809
2022-07-04,17.198336557546966,16.867734535237236,10.362059752740684,4.93934191702432
2022-07-05,17.07337594051221,16.871000643219542,10.473577571668036,4.922460658082975
2022-07-06,17.26115996156122,16.874267383619994,10.652041839405838,4.981974248927038
2022-07-07,17.40596640383381,16.877534756561044,10.411466281351538,5.022603719599427
2022-07-08,17.466425067456704,16.88080276216517,10.250348329918571,5.043776824034334
2022-07-11,17.590328869790728,16.884071400554877,10.645459306984256,5.042346208869813
2022-07-12,17.597213607999965,16.88734067185269,10.744355337303718,5.0100143061516444
2022-07-13,17.363981183461252,16.890610576181164,10.606876816530017,4.980257510729613
2022-07-14,17.19078308525772,16.893881113662868,10.761821174380314,4.976537911301859
2022-07-15,17.498744528978058,16.8971522844204,10.85247718587312,5.007725321888412
2022-07-18,17.697797659262864,16.900424088576383,10.850415699503996,5.075536480686695
2022-07-19,17.903150049727024,16.903696526253462,10.726366967266284,5.089556509298998
2022-07-20,17.752754709380152,16.906969597574307,10.937631290765054,5.136766809728183
2022-07-21,17.787753135740093,16.91024330266161,11.334930189396433,5.165665236051502
2022-07-22,17.780920768272058,16.913517641638084,11.1771647462226,5.204291845493562
2022-07-25,17.74976420577337,16.916792614626473,11.236387782517388,5.191988555078684
2022-07-26,17.44691226641936,16.920068221749542,11.152918821729775,5.14763948497854
2022-07-27,17.589742048921323,16.92334446313008,11.209890718860578,5.1959942775393415
2022-07-28,17.70453199944608,16.926621338890893,11.337473709952492,5.269814020028612
2022-07-29,17.87825783358022,16.904542036100676,11.10688554465249,5.337339055793991
2022-08-01,18.124542658234752,17.641556660553828,11.171292424006769,5.397138769670958
2022-08-02,18.283353573841485,17.911254736970236,11.339803871114333,5.396852646638054
2022-08-03,18.34800726811889,17.923006263174237,11.211580801839768,5.410872675250357
2022-08-04,18.261586145253272,17.975760038800818,11.245776583637904,5.412589413447781
2022-08-05,18.375681847747177,17.600140912063047,10.986892616454847,5.414878397711015
2022-08-08,18.489795007154818,17.85335956895822,11.262900650573764,5.458941344778254
2022-08-10,18.58230456439545,17.891395772388787,10.76980634726388,5.466094420600857
2022-08-11,18.55980931678843,17.904515082226386,10.818825668085232,5.503290414878397
2022-08-12,18.443134019580278,18.13849120623016,10.824086557592636,5.518168812589414
2022-08-16,18.663996206478362,18.49850814994889,11.068035367180508,5.553361945636623
2022-08-17,18.597889559842383,18.68406956690879,11.003883333769322,5.595135908440629
2022-08-18,18.51878556951083,18.995957234098324,11.209615129643044,5.599713876967096
2022-08-19,18.44079345030025,19.156600890690715,11.260798665430736,5.539628040057225
2022-08-22,18.451174942614593,18.956889407643164,11.307810827506492,5.463519313304721
2022-08-23,18.848075333296965,18.83863980891425,11.413799082133725,5.498998569384835
2022-08-24,19.2941478214527,18.83546758935237,11.378550332214123,5.5115879828326175
2022-08-25,19.159510702850596,18.688589783450837,11.419076763815676,5.487267525035765
2022-08-26,19.039103654621677,18.774082739229303,11.378644170836584,5.491273247496423
2022-08-29,18.962729657030394,18.919319233262677,11.432981672113788,5.420314735336194
2022-08-30,19.311847789140625,19.45875876776126,11.545984116825904,5.548497854077253
2022-09-01,19.332444261669064,19.287211980079157,11.532607668138468,5.488412017167382
2022-09-02,19.45343947360691,19.28465980019969,11.633541478227698,5.482403433476395
2022-09-05,19.473729778725225,19.118072043450578,11.557403783291376,5.521602288984263
2022-09-06,19.43360841960378,19.454381694449093,11.57496543454038,5.507296137339055
2022-09-07,19.449619095177948,19.387394352131533,11.904766705926251,5.50414878397711
2022-09-08,19.693071871288833,19.38622510281213,12.003307137255357,5.550786838340486
2022-09-09,19.779850189466263,19.308207866444924,12.03122067022377,5.567954220314735
2022-09-12,19.972773257350998,19.569318791229907,12.292838798532715,5.597711015736766
2022-09-13,19.94406871981234,19.620316959986102,12.402470955036184,5.63519313304721
2022-09-14,19.945377988342475,19.486359273138568,12.36446532516631,5.615736766809728
2022-09-15,19.743972203221976,19.830752883370952,12.396301312553408,5.599141630901287
2022-09-16,19.329067020281073,19.611210454601064,12.30032415727983,5.490701001430615
2022-09-19,19.408902858149986,19.613632410190927,12.264138996685617,5.515021459227468
2022-09-20,19.886616673870442,19.752971191056826,12.273080335743265,5.563376251788268
2022-09-21,19.703136453476905,19.319157430460724,12.149767495860608,5.536480686695279
2022-09-22,19.741569863324116,19.480141991462204,12.276422966252662,5.519885550786838
2022-09-23,19.32313838380871,19.28336219981536,12.06927074996744,5.426037195994277
2022-09-26,18.766719401093575,18.834329693355816,11.648375882775618,5.327896995708154
2022-09-27,18.839818213100237,18.803174154975558,11.621865978044156,5.323319027181688
2022-09-28,18.84723068724009,18.75607199462952,11.539011413289897,5.278111587982832
2022-09-29,18.96056902824579,18.786395326270114,11.55170728502078,5.266666666666666
2022-09-30,19.219891481781445,18.7672361663647,11.631388128786066,5.345636623748212
2022-10-03,18.966575549410198,18.136869913122137,11.633445664055294,5.271816881258941
2022-10-04,19.3464849916702,18.274122290978028,11.732630124666944,5.387410586552217
2022-10-06,19.761626514366284,18.60785140323607,11.672118042032096,5.406008583690987
2022-10-07,19.82245177317762,18.721212851822145,11.639956088903832,5.41316165951359
2022-10-10,19.66341391769233,18.7369090810281,11.623732872743558,5.400572246065808
2022-10-11,19.58860567097914,18.525674586788234,11.429977848420208,5.3181688125894135
2022-10-12,19.562413586178824,18.903357176642793,11.30782564413109,5.356509298998569
2022-10-13,19.59153977532616,18.79775585687626,11.305476715244758,5.328469241773962
2022-10-14,19.536408156071523,18.545832646685167,11.339968829534865,5.379685264663805
2022-10-17,19.46837453472709,18.48391553069822,11.3445165455116,5.402861230329042
2022-10-18,19.716119025937786,18.647750578255295,11.36383939953786,5.454649499284692
2022-10-19,19.617680832224792,18.665519241933797,11.510826242203844,5.460085836909872
2022-10-20,19.56940575154951,18.67273294424823,11.354032769603668,5.477539341917024
2022-10-21,19.49640362398815,18.58594745465213,11.023511410262312,5.479828326180257
2022-10-24,19.568005169932146,18.606911589447986,11.104248185473972,5.527038626609441
2022-10-25,19.603354077406305,18.562891569778873,10.972842505235668,5.50758226037196
2022-10-27,19.674363431122824,18.66409356985609,11.318866005006846,5.535050071530757
2022-10-28,19.514895866991747,18.598639712190803,10.893969661398485,5.54964234620887
2022-10-31,19.64422742665788,18.620798408665017,10.916980867174775,5.615736766809728
2022-11-01,19.549768066436986,18.955699595456764,10.859896363697027,5.664663805436337
2022-11-02,19.43116848019941,18.67030456282407,10.839736864268442,5.6483547925608
2022-11-03,19.41762594365949,18.935647413708395,10.91382887723521,5.647782546494992
2022-11-04,19.269824969261563,19.23869923657627,11.91878026947142,5.658655221745351
2022-11-07,19.245814998678142,19.271175696169895,12.079659179360863,5.682975679542203
2022-11-09,19.170704613073383,19.309447772509245,11.895772027020048,5.674391988555078
2022-11-10,18.927956827709494,19.160121342993126,11.552785935291544,5.632618025751073
2022-11-11,18.887302361299366,19.19054350935159,11.479504885577796,5.728755364806866
2022-11-14,18.81628495054574,19.341554081181425,11.464402794012132,5.727324749642345
2022-11-15,19.004013915174507,19.297608910574997,11.732303171150804,5.748497854077253
2022-11-16,18.846177901057906,19.07672145573735,11.740468119079496,5.7473533619456365
2022-11-17,18.802434903756176,19.16455209246667,11.54375075761144,5.7281831187410575
2022-11-18,18.62105354152941,19.108453526078385,11.391249167269931,5.720171673819742
2022-11-21,18.447153138257917,18.902737101219447,11.272340815992893,5.680972818311874
2022-11-22,18.393349587286668,18.956028691624887,10.82860859142007,5.700429184549355
2022-11-23,18.522208467442436,19.06522782274821,10.784493993303402,5.708440629470672
2022-11-24,18.446836228131648,19.09982392313466,10.786633773857629,5.771673819742489
2022-11-25,18.62648935589863,19.045964726951592,10.78877397897149,5.78969957081545
2022-11-28,18.895603795200188,19.002470725610486,10.790914608729222,5.8094420600858365
2022-11-29,18.698824092219503,18.997663093151843,10.79305566321508,5.820600858369098
2022-11-30,18.719895929937348,19.04570604405583,10.79519714251334,5.856938483547925
2022-12-01,18.843388823378834,19.040355760860017,10.797339046708284,5.880972818311873
2022-12-02,18.868502608046125,19.624975493483156,10.799481375884216,5.860085836909871
2022-12-05,18.751917281085685,19.732495940772253,10.801624130125465,5.849499284692417
2022-12-06,18.658458336305763,19.55372093262647,10.80376730951636,5.840915593705293
2022-12-07,18.731268437816038,19.491881764149362,10.805910914141265,5.804577968526466
2022-12-08,18.831990801549303,19.687577362740353,10.808054944084544,5.826037195994277
2022-12-09,18.57903072165035,19.48428090117449,10.81019939943059,5.793419170243204
2022-12-12,18.9354700148132,19.382069289826028,10.812344280263812,5.797138769670958
2022-12-13,19.09830139193709,19.318214068144464,10.814489586668628,5.83032904148784
2022-12-14,19.21676669422285,19.480988883122453,10.816635318729476,5.84692417739628
2022-12-15,19.2341564659821,19.54099725941623,10.81878147653081,5.767668097281831
2022-12-16,19.379897524559276,19.688355282783366,10.820928060157106,5.727038626609441
2022-12-19,19.496763504978997,19.769478980581386,10.823075069692852,5.770243204577968
2022-12-20,19.8294358815112,19.72169801991543,10.825222505222554,5.757081545064377
2022-12-21,19.297691574940934,19.287141715747158,10.827370366830731,5.705293276108726
2022-12-22,18.64750210867768,19.167088077858352,10.829518654601928,5.680972818311874
2022-12-23,17.95040322952904,18.789021509461502,10.831667368620698,5.583690987124463
2022-12-26,18.389039072433604,18.792659637213845,10.833816508971616,5.643204577968525
2022-12-27,19.026278194384414,18.79629846941871,10.83596607573927,5.665236051502146
2022-12-28,19.263622393527513,18.799938006212493,10.838116069008263,5.664949928469242
2022-12-29,19.56269155395907,18.803578247731632,10.840266488863229,5.687553648068669
2022-12-30,19.79343032551269,18.779050618185305,10.842417335388792,5.666380543633762
2023-01-02,19.906535012442248,19.053035391670534,10.770035511057667,5.703576537911301
2023-01-03,19.722768767231358,18.948330548382284,10.79252912274799,5.713304721030043
2023-01-04,19.490991980730254,18.627519360627264,10.734251387102582,5.655793991416308
2023-01-05,19.756104758267906,18.68051514741112,10.793737171540243,5.63862660944206
2023-01-06,19.49287061321606,18.51824765946913,10.676193925276204,5.6
2023-01-09,19.613056092924495,18.726021761673543,10.647613644200865,5.673247496423461
2023-01-10,19.54982043717819,18.34425303721759,10.399765099018692,5.611731044349069
2023-01-11,19.708903949207095,18.409172582778453,10.433550954202945,5.611731044349069
2023-01-12,19.74113209764122,18.427315049141427,10.417874965377834,5.596852646638054
2023-01-13,19.773258190271967,18.582599291470718,10.769431980549026,5.625464949928469
2023-01-16,19.49266650160931,18.356751175989316,10.81032981554051,5.609728183118741
2023-01-17,19.688132907541302,18.30201027203677,10.778971911240452,5.650071530758225
2023-01-18,19.757912220259254,18.595241860764467,10.711921746057818,5.683834048640915
2023-01-19,19.727722502213588,18.596454273601026,10.604954606432118,5.677539341917024
2023-01-20,19.467097494345385,18.529360036111143,10.561323598089718,5.649499284692417
2023-01-23,19.273921972631253,18.45101965576779,10.619840375278644,5.677825464949928
2023-01-24,19.38664663597719,18.435114251244762,10.807755673960278,5.677253218884119
2023-01-25,19.269620857654814,18.367879286541687,10.64262636836104,5.6091559370529325
2023-01-27,18.642843798389432,18.162068660671892,10.550174581966909,5.522174535050072
2023-01-30,18.53537769459633,18.165585391226543,10.464037640976612,5.5293276108726745
2023-01-31,18.925823055715252,18.169102802727515,10.702853971803597,5.5347639484978535
2023-02-01,18.493373674470522,18.172620895306657,10.45595764169562,5.5258941344778245
2023-02-02,18.512189541797976,18.176139669095846,10.665413349218408,5.519599427753934
2023-02-03,18.74245831952027,18.179659124226987,10.749224080146751,5.58283261802575
2023-02-06,18.866593090251406,18.18317926083201,11.008149533878688,5.564520743919885
2023-02-07,18.96930151363192,18.186700079042865,11.090881614536269,5.551931330472103
2023-02-08,18.81413237879824,18.190221578991533,10.63023473132191,5.594849785407725
2023-02-09,18.7737813941192,18.19374376081002,10.506830028366744,5.60486409155937
2023-02-10,18.977487463334185,18.19726662463036,10.399296893681385,5.593419170243204
2023-02-13,18.888189978220822,18.200790170584597,10.472438667123908,5.567954220314735
2023-02-14,18.718841800915648,18.204314398804833,10.3261758635133,5.607439198855508
2023-02-15,18.62458789514102,18.20783930942316,10.376437805250973,5.638912732474964
2023-02-16,18.855851716946216,18.21136490257171,10.411979924337617,5.646638054363375
2023-02-17,18.85272155802955,18.214891178382654,10.370643517258022,5.61659513590844
2023-02-20,18.609858288467105,18.218418136988166,10.491805971023965,5.596280400572246
2023-02-21,18.628554643077454,18.22194577852046,10.647315336158949,5.586838340486408
2023-02-22,18.23057998078061,18.22547410311177,10.646757243299076,5.508154506437768
2023-02-23,18.277923130830338,18.229003110894364,10.621230174665978,5.4938483547925605
2023-02-24,18.206116130440073,18.232532802000517,10.506362810804406,5.478111587982832
2023-02-27,17.876759224678032,18.236063176562553,10.061373148690668,5.452360515021459
2023-02-28,18.054720374652227,18.239594234712794,10.15613632852215,5.427753934191702
2023-03-01,18.126199722200074,18.243125976583617,10.110350982963144,5.472961373390557
2023-03-02,18.068340795884197,18.246658402307407,10.001132704173456,5.434334763948498
2023-03-03,18.268509825808536,18.25019151201658,10.150407233677434,5.508154506437768
2023-03-06,18.178512721306248,18.25372530584358,10.224678033914357,5.540200286123032
2023-03-08,18.488242684671906,18.257259783920862,10.182703524202058,5.549356223175965
2023-03-09,18.545236822338136,18.260794946380926,10.151711096642092,5.511874105865521
2023-03-10,18.30478394971066,18.264330793356287,10.01525393519071,5.457796852646638
2023-03-13,17.980747374119286,18.267867324979495,9.788369926040303,5.382546494992846
2023-03-14,17.735069512926927,18.27140454138311,9.717007135324565,5.347925608011445
2023-03-15,17.844711016739335,18.27494244269973,9.799826140179787,5.324749642346208
2023-03-16,17.81806236650287,18.27848102906197,9.709904045492094,5.328469241773962
2023-03-17,18.023809551785348,18.28202030060248,9.688393269900132,5.362517882689556
2023-03-20,17.833083369352206,18.285560257453934,9.67635031742655,5.327610872675249
2023-03-21,17.84870462146613,18.289100899749027,9.7476242083947,5.363662374821173
2023-03-22,17.940886525864347,18.29264222762048,9.752433684739342,5.375679542203147
2023-03-23,18.065421462771873,18.29618424120104,9.722024044413583,5.347925608011445
2023-03-24,17.814839551659457,18.299726940623486,9.68934153387443,5.312732474964235
2023-03-27,17.63850323750215,18.303270326020613,9.699719097743149,5.327038626609442
2023-03-28,17.610558747130728,18.30681439752525,9.72356003449695,5.313590844062947
2023-03-29,17.862341156772317,18.310359155270255,9.72483623976236,5.353075822603719
2023-03-31,17.88895757886035,18.313904599388493,9.74185362700111,5.432331902718169
2023-04-03,17.944533677995476,17.99010757604761,9.957789138348268,5.452360515021459
2023-04-05,18.08601390678176,17.99359100969034,9.632515827439668,5.498998569384835
2023-04-06,18.43570677420573,17.997075117832093,9.508072972987636,5.520457796852647
2023-04-10,18.349049311584928,18.00055990060347,9.373382940963356,5.511874105865521
2023-04-11,18.479363829778304,18.004045358135098,9.380960162782978,5.543919885550786
2023-04-12,18.49605129646959,18.007531490557636,9.294533803725528,5.569098712446351
2023-04-13,18.584893558986323,18.011018298001755,9.296906439211218,5.572818311874106
2023-04-17,18.645213910138857,18.014505780598174,9.46029429753266,5.548211731044349
2023-04-18,18.737985321085517,18.01799393847761,9.495245727185315,5.529041487839771
2023-04-19,18.799856651881445,18.021482771770827,9.455234914119792,5.518168812589414
2023-04-20,18.817265223393942,18.024972280608594,9.47392954326308,5.521888412017168
2023-04-21,18.728377304333595,18.028462465121734,9.457894004347718,5.517882689556509
2023-04-24,18.83535058602356,18.031953325441066,9.396137325246608,5.549356223175965
2023-04-25,18.688592997931188,18.035444861697446,9.394797902382912,5.554506437768239
2023-04-26,18.65377585490619,18.03893707402176,9.461655451445765,5.568526466380543
2023-04-27,18.708523422058658,18.042429962544922,9.454030816427428,5.606008583690987
2023-04-28,18.786444370774777,18.018895184620924,9.476167841352414,5.64492131616595
2023-05-02,19.020929664583868,18.336641972917086,9.614034557690593,5.676394849785407
2023-05-03,19.155155874293435,18.59863221240807,9.70214606085237,5.656080114449213
2023-05-04,19.321787487253516,18.748650539907572,9.653575189868862,5.706437768240343
2023-05-05,19.448931561344686,18.84193232180891,9.703694892010386,5.660658082975679
2023-05-08,19.607065685834304,18.44487999528363,9.811812789479896,5.714163090128755
2023-05-09,19.557052970822614,18.137549104599398,10.183901695244582,5.7138769670958505
2023-05-10,19.50122844637664,18.037855958930052,10.09703972742394,5.722460658082976
2023-05-11,19.532058698872433,18.04922930258865,10.225183774700648,5.73247496423462
2023-05-12,19.541613002043633,17.83863994580465,10.498079329878928,5.7298998569384825
2023-05-15,19.476917679741167,17.920379166996167,10.271084689931524,5.760801144492131
2023-05-16,19.38167141556267,18.02872403920369,10.147117943016587,5.737052932761086
2023-05-17,19.43284702959702,18.059763821472657,10.142000280880302,5.715593705293276
2023-05-18,19.388164044632628,17.988947450579765,9.956118810868542,5.695278969957082
2023-05-19,19.273184753735823,17.854114748687554,10.016306903312168,5.7173104434907005
2023-05-22,19.522078715574,17.74953506197648,10.184417313780608,5.743633762517883
2023-05-23,19.542891385264856,17.632286635966665,10.186301988429522,5.751645207439199
2023-05-24,19.682995203545097,17.74420700747915,10.123637544128016,5.729327610872675
2023-05-25,19.683360455894018,17.754026369710598,10.172274596034727,5.742489270386265
2023-05-26,19.822545771943886,17.936971210706044,10.019416418927886,5.804005722460658
2023-05-29,20.032759241463527,17.913296560333475,10.04036515056008,5.840915593705293
2023-05-30,20.37105005853941,17.82246305391959,10.029385043957692,5.847210300429184
2023-05-31,20.35627210964285,17.771958736719405,10.33799557884293,5.8271816881258935
2023-06-01,20.364858225521505,17.843944877338163,10.391713745211922,5.808011444921316
2023-06-02,20.54412998686535,17.963816001460813,10.338744312272636,5.832331902718169
2023-06-05,20.94994146058976,18.384039275028247,10.221023266513418,5.844921316165951
2023-06-06,21.12248156742943,18.567040617195257,10.60505931057928,5.838054363376251
2023-06-07,21.397803953823107,18.7540204951771,10.906388956136864,5.8752503576537904
2023-06-08,21.46971435285626,18.457337284772745,10.94483315809485,5.851502145922746
2023-06-09,21.430837805968082,18.578620967343383,11.01516965061341,5.837768240343348
2023-06-12,21.666158345957424,18.675806074837016,10.996555031242952,5.850071530758226
2023-06-13,21.937284358857077,18.68345544344191,11.26590546204232,5.878397711015736
2023-06-14,21.938014863554915,18.64078511641001,11.191119043269378,5.889842632331902
2023-06-15,21.99774436531949,18.84336676803188,11.155930547623145,5.874391988555078
2023-06-16,22.166743404349962,19.412273492409575,11.08203608965102,5.913876967095851
2023-06-19,22.494039051451736,19.477624579346582,11.030272729954048,5.890414878397711
2023-06-20,22.52968069794084,19.743270259670727,11.135975517614016,5.908440629470672
2023-06-21,22.400788246797116,19.664529535660503,11.448711000787451,5.919027181688126
2023-06-22,22.37775989190142,19.340020375559657,11.415274817943724,5.901001430615164
2023-06-23,21.927288261484424,19.011986543573098,11.32194391182342,5.864949928469241
2023-06-26,22.193077830139195,19.181710963074348,11.31991107092852,5.87038626609442
2023-06-27,22.513323569771003,19.199103340127273,11.41368845133672,5.907296137339055
2023-06-28,22.614819409066683,19.355005171224207,11.386448580900048,5.9565092989985695
2023-06-30,23.082790924083408,19.342042050011077,11.500806252875432,6.026037195994277
2023-07-03,23.24718670924587,19.69885887530876,11.221722287489886,6.074391988555078
2023-07-04,23.468806257632153,19.779714415667332,11.336271587810074,6.096137339055794
2023-07-05,23.847438659510452,19.80418921502405,11.37046341850832,6.092131616595135
2023-07-06,23.627731314597924,19.802594915352802,11.37271060657241,6.121888412017167
2023-07-07,23.537213188362617,19.847592220949725,11.472599350739968,6.086409155937052
2023-07-10,23.498037188261904,20.021817864900818,11.623549146598537,6.084120171673819
2023-07-11,23.858911880353,20.493559000836605,11.398422389125503,6.107296137339055
2023-07-12,24.22571923743501,20.920327522790267,11.760000381400085,6.101573676680973
2023-07-13,24.259545364895658,20.788108580668812,12.030412670295672,6.114163090128755
2023-07-14,24.548175290913594,20.650609769924095,12.069492011561442,6.146781115879828
2023-07-17,24.90497580790681,20.913815589341016,12.018702597988067,6.195422031473533
2023-07-18,24.98050515944121,20.86545411532779,11.994430003570963,6.209442060085837
2023-07-19,25.049489511164452,20.918775764042213,11.911313678448796,6.236623748211731
2023-07-20,25.213307875334138,21.227148213218097,11.93259232692205,6.280686695278969
2023-07-21,25.177115664642617,21.461708766547805,11.91525094949208,6.222603719599427
2023-07-24,25.016256918770797,21.806102384718702,11.981167149005447,6.201144492131616
2023-07-25,25.288737856744202,21.36089019030774,11.98922739278698,6.198569384835478
2023-07-26,25.25563686262332,21.295994133697256,11.908063898786882,6.229470672389127
2023-07-27,25.20273435696871,21.311493683779254,11.994236399676211,6.198283261802574
2023-07-28,25.208658964922513,21.541213818479083,12.196569261867063,6.189985693848354
2023-07-31,25.739700966424817,21.57125074453863,12.56916588396799,6.225464949928469
2023-08-01,25.672704017188344,21.505383218328916,12.787908651789056,6.215450643776824
2023-08-02,25.392394324824487,20.983763396723283,12.58907646410332,6.15450643776824
2023-08-03,25.40488810370078,21.074167909003584,12.995820610635086,6.110443490701001
2023-08-04,25.390906458638444,21.11613305872715,12.99839914647053,6.152789699570815
2023-08-07,25.48264925451425,21.355173530841018,13.000978193920227,6.178826895565092
2023-08-08,25.33544718654139,21.28680283210826,13.003557753085689,6.174248927038626
2023-08-09,25.274447358592703,21.654514412784295,13.006137824068444,6.1942775393419165
2023-08-10,24.93563820546284,21.701210762096395,13.008718406970049,6.161087267525035
2023-08-11,24.925749535251637,21.554153777081428,13.01129950189206,6.134477825464949
2023-08-14,24.94573367295983,21.51660094966615,13.013881108936088,6.137625178826895
2023-08-16,25.441367682049172,21.580909432992453,13.016463228203731,6.13934191702432
2023-08-17,25.572984754575096,21.546690383920744,13.01904585979663,6.114449213161659
2023-08-18,25.4586741977583,21.399424727147473,12.96473913972114,6.094420600858369
2023-08-21,26.119925975971565,21.643138785226906,12.909279900670589,6.108726752503576
2023-08-22,26.84211312583665,21.92405322602285,12.871757905941358,6.106723891273247
2023-08-23,27.443893227472817,22.099774371747014,12.9089456581334,6.133619456366237
2023-08-24,27.61884104556842,22.049800578723467,12.93067176866952,6.116452074391988
2023-08-25,27.730406838410246,22.03817268240976,12.939650643176153,6.087553648068669
2023-08-28,27.678640374987936,22.29611205697403,12.923837353629764,6.090701001430615
2023-08-29,27.625348445873076,22.529249646180105,12.728357674203163,6.098998569384835
2023-08-30,27.468631017075044,22.836709613366175,12.730528803594312,6.109871244635192
2023-08-31,27.608466267451668,22.83490952111746,13.094802433770829,6.0878397711015735
2023-09-01,28.07131082118833,23.164705987019776,13.380026408389952,6.130758226037196
2023-09-04,28.26264128140461,23.766712393206483,13.381404354477604,6.168526466380543
2023-09-05,28.571972421433397,23.699208756519994,14.557332680154554,6.175679542203147
2023-09-06,28.56410875321547,23.256638333406784,14.528275303767144,6.186552217453505
2023-09-07,28.6374573333725,23.554900770294452,14.419588447913052,6.217167381974249
2023-09-08,28.787183939639363,24.290584048676617,14.462608023547029,6.249213161659513
2023-09-11,28.788776547307815,25.776976938775377,14.4962822601593,6.305579399141631
2023-09-12,27.472871704273167,24.00438764695093,14.279053751372189,6.300143061516452
2023-09-13,27.10369557828125,23.616333259131455,14.184483187660486,6.335622317596566
2023-09-14,27.50579007221959,24.067451097979095,14.053809448677343,6.338483547925607
2023-09-15,27.494515591625717,24.35649804329967,14.027070380152097,6.368240343347638
2023-09-18,27.435492423447656,24.12297679244618,13.957657457233502,6.349642346208869
2023-09-20,27.090605578658923,24.12181477946471,13.887742744628513,6.283261802575106
2023-09-21,26.856983730659962,23.819241489180815,14.012382166300211,6.226895565092989
2023-09-22,26.604752812619335,24.0646254213803,14.068847334869748,6.203433476394849
2023-09-25,26.50365311098149,24.20272704459082,14.370300452298986,6.2031473533619454
2023-09-26,26.583925371693784,24.29861723692572,14.47290755319286,6.196566523605149
2023-09-27,27.021865623727976,24.34556687598692,15.380891051857349,6.22489270386266
2023-09-28,27.110138522289038,24.13213457816847,15.506524175152114,6.173676680972818
2023-09-29,27.370450648549525,24.34480323244698,15.611427852858744,6.201716738197424
2023-10-03,27.50956882262349,24.673321604667823,15.309057092479376,6.167954220314734
2023-10-04,27.398424681390342,24.39299767026274,14.895280131744627,6.134477825464949
2023-10-05,27.594610849304033,24.58381110434352,15.062960860099713,6.166809728183118
2023-10-06,27.792295626119905,24.533871070775284,14.973293611355109,6.19799713876967
2023-10-09,27.29789971506624,23.500904932041088,14.723619658022416,6.165379113018597
2023-10-10,27.535950247795856,23.638948918635407,14.776951604376874,6.212589413447782
2023-10-11,27.592499905581597,23.785508230751987,14.817488901503127,6.259227467811158
2023-10-12,28.070188207351208,23.663414819650814,14.80259127935692,6.254649499284692
2023-10-13,27.806881548965386,23.67387437382373,14.982278412511576,6.239484978540772
2023-10-16,28.00593065073164,23.888021107276614,15.57128171462189,6.234620886981402
2023-10-17,28.21005300019723,24.16378460674341,15.56577585692112,6.253218884120171
2023-10-18,27.996417975585498,24.142179647350186,15.505367490658466,6.214592274678111
2023-10-19,27.924240351488244,24.25619493585311,15.651441629249186,6.199427753934191
2023-10-20,28.02796664722347,24.353622491756752,15.65318505207693,6.160228898426323
2023-10-23,27.01284979920353,23.937310561549356,15.2888936419509,6.099284692417739
2023-10-25,26.802491303015934,23.955134184627564,15.275862914504092,6.050929899856937
2023-10-26,26.96352730370414,23.88863455330357,15.19055669226628,5.9725321888412015
2023-10-27,27.581571877583393,23.984016620927502,15.696798280469812,6.02489270386266
2023-10-30,27.94586006772947,23.98866065821477,15.300928692224696,6.052074391988555
2023-10-31,28.170315693177955,23.993305594729335,15.068163470883698,6.03662374821173
2023-11-01,28.177671768058044,23.997951430645305,15.359734887480776,6.00829756795422
2023-11-02,28.127132659955265,24.00259816613684,15.203914373229228,6.055507868383404
2023-11-03,28.373275143620884,24.007245801378122,15.185054785665413,6.08555078683834
2023-11-06,28.563002253452566,24.01189433654337,14.936864470342504,6.139055793991416
2023-11-07,28.449086491454086,24.016543771806834,14.861639479481449,6.137052932761087
2023-11-08,29.026888850655265,24.021194107342804,15.155668480211911,6.146781115879828
2023-11-09,28.83449217586162,24.0258453433256,15.016107729794648,6.131616595135908
2023-11-10,28.971061640530255,24.03049747992958,15.030882867844172,6.129899856938484
2023-11-12,29.217276637529846,24.035150517329118,14.884759340504791,6.156223175965665
2023-11-13,29.564234140855472,24.03980445569865,15.766186509014076,6.138769670958512
2023-11-15,30.08224791335328,24.044459295212622,16.022995160978386,6.208011444921316
2023-11-16,30.389059886446134,24.049115036045535,16.26964948621792,6.2420600858369095
2023-11-17,30.26284371446196,24.0537716783719,16.241234163563107,6.238054363376252
2023-11-20,30.242384211564367,24.058429222366275,16.468749360921404,6.218884120171674
2023-11-21,30.107020616782975,24.063087668203256,16.94246450703155,6.248640915593705
2023-11-22,29.963634898720525,24.067747016057467,16.99453605252017,6.252646638054363
2023-11-23,29.844076525067038,24.072407266103554,16.761764904529336,6.253505007153075
2023-11-24,30.015884784369348,24.077068418516223,16.735630354287704,6.2512160228898415
2023-11-28,30.458277892245523,24.081730473470195,16.744170656706224,6.28211731044349
2023-11-29,30.37487950113512,24.08639343114023,16.37980022458233,6.342203147353361
2023-11-30,30.44615473707622,24.05497482945693,16.26635525668221,6.3556509298998565
2023-12-01,30.205644122349465,24.69459712963491,16.477780587501613,6.402002861230328
2023-12-04,30.181446154233512,25.096186798280456,16.83468640415283,6.528755364806867
2023-12-05,30.304640937301983,25.023900261943425,16.580603023339652,6.582546494992847
2023-12-06,30.432218748557496,24.920689290966102,16.529445169701265,6.607725321888411
2023-12-07,30.52937855904927,24.68381121250387,16.558931240427057,6.604577968526466
2023-12-08,30.00344203339474,24.833123702073003,16.359150788767025,6.619742489270386
2023-12-11,30.281463527219778,25.003450523408688,16.452185362395362,6.632045779685264
2023-12-12,30.13902316817806,24.728447732996628,16.483558083320016,6.60829756795422
2023-12-13,30.014880340409817,25.420346849729587,16.567629586841296,6.613733905579399
2023-12-14,30.372016567282554,25.555339148475994,16.62630539580091,6.694992846924177
2023-12-15,30.779426020033487,25.54918365788777,16.806258240423364,6.770243204577968
2023-12-18,30.751427816081343,25.684112173228485,16.67869105373102,6.768812589413447
2023-12-19,30.69885564894818,25.67231942398921,16.643650724330772,6.7725321888412005
2023-12-20,29.598393292516608,24.442326878387927,16.206688709424448,6.67381974248927
2023-12-21,29.851792480937974,24.901994793232763,16.40340903421742,6.712446351931329
2023-12-22,30.143943332172338,24.896199550376238,16.799499884056544,6.738197424892704
2023-12-26,30.182117573992556,25.146040081490337,16.782207895375237,6.779113018597997
2023-12-27,30.2626906307569,24.986653250828176,16.7936206474159,6.835765379113018
2023-12-28,30.206535767789475,25.0179790907651,16.84262416383768,6.8715307582260365
2023-12-29,30.344332587777643,25.125697174886977,16.646084601864803,6.856938483547925
2024-01-01,30.225757172651395,25.501759152459336,16.64515609338997,6.876967095851216
2024-01-02,30.167915703249253,25.370521834658586,16.4568140759199,6.844349070100143
2024-01-03,30.318063961124796,25.631306184041264,16.562740100723822,6.802288984263233
2024-01-04,30.51932606241686,25.90724254729621,16.82378334399835,6.84692417739628
2024-01-05,30.87027717046928,25.913721592204485,16.711775588684276,6.859513590844062
2024-01-08,30.648544823563476,26.103871789786997,16.33229713834488,6.800572246065808
2024-01-09,30.71322671747076,26.184868312154858,16.411275674104203,6.803433476394849
2024-01-10,31.001754587685323,26.365954409995492,16.725523440761645,6.831473533619455
2024-01-11,31.222751058535213,27.244301928209662,16.942375607283957,6.834620886981401
2024-01-12,31.33335537828209,27.278672993699114,17.07943531146901,6.916452074391987
2024-01-15,31.30872501584131,27.59270590663727,16.97285834295774,6.983404864091559
2024-01-16,31.063852858359805,27.256972952951593,16.796560265736222,6.959656652360515
2024-01-17,30.861564827675924,27.083223600068745,16.333919064850917,6.820600858369098
2024-01-18,30.83611533312911,27.124345353147323,16.279335607605383,6.795708154506437
2024-01-19,31.22101879555688,28.168956254566194,16.52032109227357,6.842632331902718
2024-01-20,31.305284660995966,29.049762560279905,16.559417225713887,6.830615164520743
2024-01-23,30.370434702330247,27.102415412925044,16.726801621577003,6.720171673819742
2024-01-24,30.56456632578126,27.82945406403128,16.998327132867416,6.789413447782546
2024-01-25,30.722239856316172,28.285340448099376,16.96553497930623,6.756795422031473
2024-01-29,31.097327161866716,28.84503508544165,16.983862156159486,6.868383404864091
2024-01-30,31.36285219113642,28.665650054240736,16.830253270072987,6.813447782546494
2024-01-31,31.84012421265542,28.986038036761173,17.064124799383997,6.874391988555078
2024-02-01,31.858977679489385,28.988350090301918,17.203464288207257,6.867811158798283
2024-02-02,32.249359927150955,29.015903862206237,17.07079425600322,6.90414878397711
2024-02-05,32.010672888489765,28.90783860274846,16.827365016051274,6.87381974248927
2024-02-06,32.18516145547018,29.04885636168888,16.944700829570934,6.924463519313304
2024-02-07,32.0000966844453,29.522525973618762,17.004854349890497,6.934191702432045
2024-02-08,32.381057570047965,29.716260199569835,17.52191701292573,6.874964234620887
2024-02-09,32.1176139420313,28.49851621623106,17.528720806941315,6.889270386266094
2024-02-12,30.53334799266474,26.581011955133818,17.09115229820143,6.847496423462088
2024-02-13,30.70665754654827,26.576250383198428,17.296621345932277,6.883834048640916
2024-02-14,30.97983138971301,27.426916889787407,17.481846933361812,6.911301859799714
2024-02-15,31.21765363972455,27.902448395098258,17.24341978587428,6.944778254649498
2024-02-16,31.478857411425047,27.572448518570315,17.2710932895242,6.981115879828326
2024-02-19,31.284586132664153,27.578103705835485,17.298500093931352,7.011158798283261
2024-02-20,31.37950877251879,27.411258803224335,17.42667179890731,7.020600858369098
2024-02-21,30.83549762695079,26.854634966457255,17.235033576351587,6.977682403433476
2024-02-22,31.182259075706774,26.85762152412018,17.545388521839545,7.032618025751072
2024-02-23,31.245431617995727,27.017265787800305,17.61674933700534,7.029756795422031
2024-02-26,31.093970063071495,26.85888555971036,17.775419582054646,7.0062947067238905
2024-02-27,31.288335340598653,26.590363665594808,17.564914857510292,7.024320457796852
2024-02-28,30.568003994947567,26.596519538179265,17.354285673319307,6.954792560801144
2024-02-29,30.87818649523082,26.427144877070972,17.342025410351617,6.959942775393419
2024-03-01,31.229269201556015,26.351054639250155,17.404211771566082,7.062947067238912
2024-03-02,31.28874624949119,26.509311600297593,17.460823130831656,7.076108726752503
2024-03-04,30.77527933160163,26.115636799632174,17.716514609301242,7.090987124463519
2024-03-05,30.381185475512062,26.270834041448644,17.550846966341595,7.076967095851216
2024-03-06,29.77928451831927,25.924674534377072,17.54947198357886,7.113590844062947
2024-03-07,29.935856920449346,25.973407969057128,17.639327897343353,7.115021459227467
2024-03-11,29.27960050524337,25.731690151199018,17.52198418162391,7.080114449213161
2024-03-12,28.02526753979211,25.30223420114907,17.16583494819789,7.079256080114448
2024-03-13,27.201148127787967,25.307133485574134,17.16924086783047,6.973104434907009
2024-03-14,27.18709396939165,25.31203371865012,17.172647463240757,7.021173104434906
2024-03-15,27.286818603362974,25.316934900560714,17.17605473456283,6.975679542203147
2024-03-18,27.248531563023235,25.321837031489654,17.179462681930797,6.980829756795421
2024-03-19,27.126996529599122,25.326740111620687,17.182871305478802,6.912732474964234
2024-03-20,26.893925245802578,25.33164414113761,17.186280605340997,6.9121602288984265
2024-03-21,26.99127573950592,25.336549120224248,17.18969058165158,6.981115879828326
2024-03-22,27.25702099445659,25.341455049064475,17.193101234544766,7.002575107296137
2024-03-26,27.518273108379738,25.346361927842185,17.25479500246596,6.975393419170242
2024-03-27,27.518898871595166,25.35126975674132,17.56897263710031,7.008869814020028
2024-03-28,27.584536867239333,25.318201234094715,17.677126094468854,7.066094420600858
2024-04-01,25.87284887600136,24.84958140020493,16.650622440091805,7.101287553648068
2024-04-02,25.838673610266007,25.42590147471576,16.510824623680968,7.11444921316166
2024-04-03,26.008231270536,25.665667085329627,16.525374549036595,7.112732474964234
2024-04-04,25.92081510358748,25.622809021553223,16.50348150453,7.131044349070099
2024-04-05,25.825685666447058,26.1123534075851,16.60277659593865,7.125894134477825
2024-04-08,25.681029622200494,25.8216400885719,16.19564242189885,7.174535050071531
2024-04-09,25.584401576157884,25.54315320052565,16.0416334869482,7.174248927038627
2024-04-10,25.498940583547697,25.671291786736067,16.189643664486443,7.19799713876967
2024-04-12,25.332425797625692,25.424875954647334,16.105703535036607,7.140486409155937
2024-04-15,24.669927864339638,24.581518131151572,15.70155145364098,7.06351931330472
2024-04-16,25.109353296880837,24.70712648768873,15.56399391086942,7.024892703862661
2024-04-18,25.370970663152903,24.535809173374723,15.540865159871316,6.979685264663805
2024-04-19,25.519069747923844,24.376878292630852,15.473261840703676,7.025178826895565
2024-04-22,26.158387585448654,24.713289501197764,15.924788597590233,7.076108726752503
2024-04-23,26.18047192416314,25.626373108000497,16.156261809266244,7.090701001430614
2024-04-24,26.264402079722704,25.89653894746382,16.463178310072404,7.094134477825464
2024-04-25,26.534361165081137,26.142338622629413,16.25108326782115,7.1321888412017165
2024-04-26,26.321311618499294,26.94084938277459,16.01079317673411,7.108440629470672
2024-04-29,26.282371958153764,26.67325653759522,16.198025922909245,7.169957081545064
2024-04-30,26.06081418038531,26.392428259776782,16.2248864877562,7.154792560801144
2024-05-02,26.104585377316923,26.60469960441776,16.259406259745557,7.177110157367667
2024-05-03,25.87910650815565,26.396191990565963,16.002804052750655,7.117310443490701
2024-05-06,25.772423279801597,25.881747333865977,15.937638562216936,7.106437768240343
2024-05-07,25.455846177733203,25.085550730618223,15.644596348684724,7.07038626609442
2024-05-08,25.431650895296286,25.78832711826077,15.661647320272564,7.074105865522174
2024-05-09,24.668813307539626,24.872585817344174,15.619159167574187,6.966809728183119
2024-05-10,25.19084754155459,25.057696941533823,15.66684005330682,7.009155937052932
2024-05-13,25.409690097817467,24.801760241242153,15.606334885096786,7.014592274678111
2024-05-14,25.897801519926478,25.906958215758557,15.665081813854478,7.056080114449213
2024-05-15,26.09533589871633,25.752253829948035,15.68644145987553,7.0506437768240335
2024-05-16,26.246574542280563,25.912382172566986,15.78239095744986,7.101001430615164
2024-05-17,26.51103604265194,26.6174559200233,15.725766757109636,7.116738197424892
2024-05-18,26.676103247573447,26.87318934153333,15.79805212965037,7.125894134477825
2024-05-21,27.005053272961508,28.04551435146694,15.370048245976236,7.145636623748212
2024-05-22,27.22465856207066,27.74130138805282,15.315343292408992,7.163376251788269
2024-05-23,27.083805439339322,28.483465009883602,15.26616197649203,7.2758226037195985
2024-05-24,27.038170381156604,28.229215553885943,15.335583789385382,7.295565092989984
2024-05-27,26.62035123646145,28.39153461823602,15.543010607113164,7.288125894134477
2024-05-28,26.485326037238618,27.82769701299156,15.367509664295042,7.273247496423461
2024-05-29,26.329629166474334,28.36450499081271,15.626792692567284,7.220886981402002
2024-05-30,25.621539145870138,27.87366375924644,15.498099442405463,7.163090128755364
2024-05-31,25.827745582267806,28.200512835997788,15.681542096008329,7.185979971387696
2024-06-03,26.35287640421148,29.45501405078567,15.97365382551576,7.385979971387695
2024-06-04,24.45116319276881,25.862926716768992,14.56933118275434,7.166809728183118
2024-06-05,25.39869492784336,25.622366969955554,14.423260995263512,7.190271816881259
2024-06-06,26.12060545276772,26.508327623636003,14.565698146402813,7.238340486409155
2024-06-07,26.553679254388356,26.605208406431945,14.84209536386118,7.393991416309013
2024-06-10,26.758940331765288,26.690545895083257,15.430407223490231,7.380257510729613
2024-06-11,26.639231560085776,27.06143672613319,15.396738913527798,7.404864091559371
2024-06-12,26.543178249356906,27.246700300614457,15.522050022181292,7.421745350500714
2024-06-13,26.475324568507894,27.40144927705151,15.23203830226694,7.447782546494992
2024-06-14,26.50598428038489,27.68111773818798,15.28244149582578,7.457796852646637
2024-06-18,26.68857822669649,28.066755027951015,15.967003136621022,7.483834048640915
2024-06-19,26.597853303175395,27.82825883308819,16.189698979884945,7.47868383404864
2024-06-20,26.914462633392223,27.773724980054777,16.144968577997343,7.4884120171673825
2024-06-21,26.99789056697202,27.719987390023768,16.21438248869091,7.464091559370529
2024-06-24,26.930278597236267,27.68765603227135,16.255247727108273,7.486695278969957
2024-06-25,26.800579099542176,27.678263662247463,16.404557816511286,7.541917024320456
2024-06-26,26.66982950134494,27.82270580663849,17.11117647245868,7.582546494992846
2024-06-27,26.46879568277095,27.855756081863344,16.528555184450386,7.638054363376251
2024-06-28,26.604610471630416,27.734965345660687,16.134541625379963,7.653218884120172
2024-07-01,26.956144372033688,27.6884434716906,16.207582645775215,7.676680972818311
2024-07-02,26.862070406754484,27.63043151718707,16.179228565168742,7.697567954220314
2024-07-03,27.148976126831194,28.52995419586178,16.31840507112142,7.731902718168812
2024-07-04,27.166207443527302,29.774125035497534,16.679801312800926,7.740486409155935
2024-07-05,27.446866274165867,30.823929749229393,16.908996715388678,7.740486409155935
2024-07-08,27.433139768611966,31.36872112036017,16.80962457753212,7.726466380543633
2024-07-09,27.46980734449289,31.05293508894162,16.883498292229806,7.764806866952789
2024-07-10,27.31228689766304,31.234078043659892,17.276439127679303,7.751645207439199
2024-07-11,27.56976563254036,31.925420846948793,17.40181542948103,7.746781115879828
2024-07-12,27.376638453048876,31.582668509289487,17.46470311092649,7.780829756795422
2024-07-15,27.431294707114112,31.443290522382124,17.36843653758575,7.813733905579398
2024-07-16,27.61087532154712,31.425204336552774,17.23723631454188,7.82689556509299
2024-07-18,27.4193192642918,30.43489137592306,17.40972553146663,7.882975679542202
2024-07-19,26.84354727844197,30.2189220017395,16.678475718786853,7.819456366237482
2024-07-22,27.130031346910002,30.905741821188975,16.952170383918475,7.7954220314735325
2024-07-23,27.199004955917097,30.300214529618117,17.02930968267765,7.800858369098711
2024-07-24,27.483332424119077,30.610384818149935,17.86729845896431,7.7793991416309
2024-07-25,27.444368592662222,30.29940663530942,18.127579139959508,7.780257510729614
2024-07-26,27.582525293641236,30.125267090738525,18.056362539939805,7.898712446351931
2024-07-29,28.03088060897772,31.22118730823078,17.887314731021775,7.916452074391988
2024-07-30,28.297496023936116,31.574422750765144,17.82336420370513,7.928469241773962
2024-07-31,28.541331509309654,31.324468486138656,17.818202091695046,7.947067238912732
2024-08-01,28.422780265294733,30.727455272409653,17.878450438412035,7.963662374821172
2024-08-02,28.25709266851587,30.823014450771815,18.84426124733414,7.888125894134477
2024-08-05,27.322237338492076,29.238091477130315,18.202638184625066,7.710443490701001
2024-08-06,27.0049189890097,29.070677006263903,18.0516034401188,7.656938483547925
2024-08-07,27.793020759459676,29.416470927640443,18.56204208418357,7.756795422031473
2024-08-08,27.80238035090075,29.559258726654196,19.35547050729809,7.706151645207438
2024-08-09,27.85674118027201,29.657106069041223,19.35931087843049,7.770815450643775
2024-08-12,27.877353766874666,30.024356535542402,19.01181554049265,7.766523605150214
2024-08-13,27.227548352713583,29.983043670750362,18.80826672730976,7.711587982832617
2024-08-14,27.369994083113372,29.6698410144219,18.800929534808628,7.706437768240342
2024-08-16,27.650303775477234,29.881884546640475,18.78185560007562,7.8343347639484975
2024-08-19,27.893765951464744,29.93619719025445,18.957227144372247,7.852074391988554
2024-08-20,28.039329755225534,29.857546750853572,19.92001931297617,7.892131616595135
2024-08-21,28.507607437652382,29.824522141314944,19.981379894313008,7.900429184549355
2024-08-22,28.5757216293679,29.745873552409975,20.17252027828223,7.910729613733905
2024-08-23,29.256006814910553,29.833430899014367,20.32212867572716,7.914163090128755
2024-08-26,29.32268416834172,29.679177176384144,19.38934906190976,7.978254649499283
2024-08-27,29.678719266809622,29.755656040560076,19.371661963239163,7.974248927038626
2024-08-28,29.591413212701582,29.855600067495285,19.73087028335297,7.981115879828326
2024-08-29,29.426789144821047,29.732634771968176,19.32973881782547,8.014306151645208
2024-08-30,29.544301031048967,29.624790663890032,19.595859224462387,8.042346208869812
2024-09-02,29.5977245584366,29.15245527231979,19.913646188848904,8.052932761087266
2024-09-03,29.834029399792698,29.136209100750545,19.92929254442482,8.06065808297568
2024-09-04,30.38030994414627,28.859660937943378,20.425218798582943,8.048068669527895
2024-09-05,30.538225185794435,28.598607295028867,20.770325643178964,8.023748211731045
2024-09-06,30.896661281320682,28.34211021053357,20.183672257729963,7.949070100143061
2024-09-09,31.2047623803509,28.10698550407546,20.10016576149337,7.945064377682403
2024-09-10,31.155211602133438,28.126267311630308,19.82124379120344,7.988555078683833
2024-09-11,31.308357077813355,28.08041492688887,19.745748149999702,7.941058655221745
2024-09-12,31.585419784222474,28.11553528683444,19.63317736295089,8.08898426323319
2024-09-13,31.70341509267691,28.13144761415663,19.607803399438648,8.102718168812588
2024-09-16,31.569262739140836,28.178390710289012,19.63150999879609,8.105007153075821
2024-09-17,31.359581034070356,28.224842190308568,19.49029176197375,8.122746781115879
2024-09-18,31.221934612108218,28.196379673318447,19.50648929598472,8.10758226037196
2024-09-19,31.243763811314263,28.196288224430685,19.091995210619416,8.123605150214592
2024-09-20,31.67936752258698,28.26951186945648,19.260975850839262,8.214592274678111
2024-09-23,31.656695020163575,28.35224240560744,19.332196401958857,8.278683834048639
2024-09-24,31.440264203675184,28.3559708861447,18.871336159350285,8.277539341917024
2024-09-25,31.49303779673606,28.35755775179469,19.173447134911694,8.30014306151645
2024-09-26,31.143781352155468,28.475852245313376,18.93576872085387,8.341917024320457
2024-09-27,31.221389419263872,28.474855135296426,19.270478246081705,8.353934191702432
2024-09-30,31.107092290842253,28.31515332113124,18.76183932801815,8.251216022889842
2024-10-01,31.695486968162115,28.373249535697923,18.391247889112872,8.248068669527896
2024-10-03,31.089095555620833,27.4424424167031,18.15390729409589,8.088412017167382
2024-10-04,30.914880927902107,27.326445730759758,18.10897341056381,8.015736766809727
2024-10-07,29.92016718352,27.28778212348457,17.73135691604895,7.95450643776824
2024-10-08,30.805799388168744,27.819948281583855,18.39434950252881,7.994277539341915
2024-10-09,31.091671121816525,27.975986902215695,18.087133705905767,7.974821173104435
2024-10-10,31.40137019987327,27.891538724342034,18.137772977683213,7.991416309012875
2024-10-11,31.761710441836165,28.08435971684523,18.13931983329128,7.974821173104435
2024-10-14,31.552587358005212,28.108123629547293,18.488577308324803,8.03319027181688
2024-10-15,31.75813848871805,28.050441625026306,18.62969479209988,8.006580829756794
2024-10-16,31.853925917222337,27.85315707297431,18.84079613272806,7.968526466380543
2024-10-17,31.15243461001003,27.661734058000807,18.701948555841465,7.916738197424892
2024-10-18,30.701044477362665,27.753299561157775,18.6555270831997,7.94077253218884
2024-10-21,30.070957318685192,27.67985637850585,18.653012208117865,7.9104434907010015
2024-10-22,28.681290300921944,27.507166267895233,17.580529200762875,7.827181688125893
2024-10-23,28.967247976298882,27.613698590100874,17.584017401001123,7.813733905579398
2024-10-24,28.696289818338993,27.547794546456895,17.587506293342592,7.785979971387696
2024-10-25,28.166520828699838,27.19409252639463,17.590995877924605,7.739055793991416
2024-10-28,28.60093209848049,27.199358132305516,17.594486154884507,7.781688125894135
2024-10-29,28.709210620182038,27.204624757798346,17.597977124359687,7.828040057224605
2024-10-30,29.51877902316818,27.209892403070537,18.00880512607883,7.787124463519313
2024-10-31,29.909008187124687,27.21516106831955,18.08371402894846,7.743633762517882
2024-11-01,30.22878124724613,27.22043075374289,18.130902014969443,7.7931330472103
2024-11-04,29.77407161531005,27.225701459538076,17.81082538819499,7.681545064377683
2024-11-05,30.252240653627137,27.230973185902698,18.436401058689015,7.747925608011445
2024-11-06,30.82687659724466,27.236245933034372,18.896793095960284,7.83719599427754
2024-11-07,30.78448852501668,27.24151970113074,19.168215878653484,7.745350500715307
2024-11-08,30.569773857432406,27.246794490389497,18.973962027968653,7.726180257510729
2024-11-11,30.297821998229132,27.25207030100837,18.71547119522494,7.7241773962804
2024-11-12,29.761094414207243,27.257347133185124,18.65954337624084,7.6446351931330465
2024-11-13,28.77399188421366,27.26262498711757,18.498431351457715,7.543347639484978
2024-11-14,28.856538915069596,27.267903863003546,18.42897212560783,7.541344778254649
2024-11-18,29.207506137196233,27.273183761040933,18.43262866769625,7.509871244635193
2024-11-19,29.3445455956962,27.278464681427646,18.43628593528904,7.527038626609441
2024-11-21,29.369949433699396,27.283746624361658,18.43994392853017,7.476108726752503
2024-11-22,29.406925862669482,27.289029590040947,18.340910876477235,7.635479256080115
2024-11-25,29.557098291656352,27.294313578663562,18.25415855167863,7.74620886981402
2024-11-26,29.621976240133275,27.299598590427568,18.45619014250264,7.740772532188841
2024-11-27,29.543761209562696,27.30488462553108,18.41706240026319,7.769384835479256
2024-11-28,29.87007389813723,27.310171684172246,18.317423563163853,7.658941344778254
2024-11-29,30.248953382486857,27.315459766549253,18.29543766780977,7.721888412017167
2024-12-02,31.14474819660849,27.320748872860335,18.78254111590704,7.764806866952789
2024-12-03,31.241526640677126,27.32603900330375,19.47785369951088,7.810586552217454
2024-12-04,31.382170280443642,27.331330158077797,19.202509450173974,7.82346208869814
2024-12-05,30.97109219012929,27.336622337380824,19.34398648403929,7.894706723891273
2024-12-06,31.179597567781922,27.341915541411215,19.54385682322189,7.893562231759656
2024-12-09,31.50977763416855,27.34720977036738,19.280877540999835,7.872389127324749
2024-12-10,31.654422935698967,27.352505024447787,18.81953526420433,7.859227467811158
2024-12-11,31.336084028182846,27.357801303850913,18.72749044109916,7.86752503576538
2024-12-12,31.032921892900156,27.363098608775307,18.53584036524376,7.842632331902718
2024-12-13,31.65876299302143,27.368396939419537,18.434054105352637,7.899284692417739
2024-12-16,32.38456775254825,27.373696295982214,18.655043073462814,7.88211731044349
2024-12-17,32.48636035937743,27.378996678661984,18.29075363888673,7.788841201716738
2024-12-18,32.52371009773354,27.38429808765754,18.26827978269588,7.745350500715307
2024-12-19,32.72245840344774,27.389600523167605,17.897103581006455,7.679256080114448
2024-12-20,31.678156281341664,27.394903985390943,17.81258362764733,7.557939914163088
2024-12-23,31.254052647701855,27.40020847452636,17.52266377080549,7.601144492131617
2024-12-24,31.471318710370497,27.405513990772693,17.450249987518234,7.596280400572246
2024-12-26,30.989985942148795,27.410820534328824,17.959149678174725,7.601430615164521
2024-12-27,30.87727605003756,27.416128105393675,18.08910332920238,7.622031473533618
2024-12-30,30.85199843894906,27.42143670416619,17.98220632159978,7.564234620886981
2024-12-31,31.59018686451169,27.426746330845383,18.183761804886704,7.567095851216023
2025-01-01,31.836525402746947,27.432056985630282,18.34169516980598,7.599141630901286
2025-01-02,32.32436288559427,27.43736866871995,18.509767057050468,7.722174535050071
2025-01-03,32.58460249852078,27.44268138031351,18.597339235076856,7.679828326180258
2025-01-06,31.449110830420352,27.447995120610106,17.787705527171642,7.567381974248927
2025-01-07,32.66620954171405,27.453309889808928,18.49549765978723,7.586838340486409
2025-01-08,32.69530350271295,27.458625688109198,18.60278582627923,7.57997138769671
2025-01-09,32.094272705527885,27.463942515710187,18.44017040798685,7.529327610872674
2025-01-10,31.1014684789405,27.4692603728112,17.882022232715226,7.502718168812589
2025-01-13,30.045029773269942,27.47457925961157,17.64211895032215,7.393419170243203
2025-01-14,30.376904503128397,27.479899176310695,17.6456193707488,7.41802575107296
2025-01-15,30.36059168866266,27.485220123107982,17.649120485703317,7.427181688125893
2025-01-16,30.612870948925938,27.49054210020289,17.652622295323493,7.459799713876968
2025-01-17,30.698283599313474,27.49586510779492,17.65612479974717,7.432618025751072
2025-01-20,30.809261228446378,27.501189146083608,17.6596279991122,7.476108726752503
2025-01-21,30.214361836500895,27.506514215268528,17.681266847156618,7.379399141630901
2025-01-22,29.720790428911336,27.511840315549286,17.622612769246413,7.406294706723891
2025-01-23,29.767905296242986,27.51716744712554,17.553142555379374,7.425178826895564
2025-01-24,29.060578008485066,27.522495610196984,17.357090954243272,7.387410586552217
2025-01-27,27.983180263616184,27.52782480496334,16.862973808955665,7.31587982832618
2025-01-28,27.530141124040604,27.53315503162438,16.866319637092364,7.3628040057224595
2025-01-29,27.894826794684032,27.538486290379904,16.869666129083853,7.42145922746781
2025-01-30,28.177121203855627,27.543818581429765,16.873013285061845,7.44549356223176
2025-01-31,28.402092479679062,27.549151904973844,16.876361105158086,7.525035765379112
2025-02-01,28.532235114414124,27.554486261212055,16.879709589504348,7.500143061516451
2025-02-03,28.651951943130747,27.559821650344375,17.065774383589286,7.481258941344778
2025-02-04,28.994102080981616,27.565158072570792,17.408431546251705,7.583690987124463
2025-02-05,29.22076533459784,27.57049552809135,17.107782477650673,7.589413447782546
2025-02-06,29.328914943705648,27.57583401710612,17.253862542891234,7.564234620886981
2025-02-07,29.35015866488181,27.581173539815225,17.08911155510674,7.546494992846924
2025-02-10,28.936067242688868,27.586514096418817,16.50240680535913,7.493562231759656
2025-02-11,28.58471328278102,27.59185568711709,16.09630090506646,7.397711015736767
2025-02-12,28.593688822119923,27.597198312110272,15.99116411246615,7.389699570815449
2025-02-13,28.41733102253033,27.60254197159864,15.97652825068785,7.386838340486409
2025-02-14,28.125236570555725,27.6078866657825,16.002543280157724,7.351931330472102
2025-02-17,28.168733828225648,27.613232394862205,16.131925997250857,7.356509298998569
2025-02-18,28.15286146512184,27.61857915903814,16.022581283264604,7.348783977110156
2025-02-19,28.438569372348418,27.623926958510726,16.244451346650905,7.350214592274677
2025-02-20,28.367503619372137,27.629275793480435,16.169494042807592,7.349070100143061
2025-02-21,28.347648394257682,27.634625664147773,15.983882235363524,7.3113018597997135
2025-02-24,28.278621071669864,27.639976570713273,15.959144232071669,7.2351931330472095
2025-02-25,28.568185613992387,27.64532851337752,15.962310728943107,7.23175965665236
2025-02-27,28.75563795368043,27.650681492341146,15.88093138877896,7.226323319027181
2025-02-28,28.157507689854427,27.656035507804795,15.817310778303373,7.108726752503576
2025-03-03,28.435142445898254,27.66139055996917,15.806947043284277,7.09728183118741
2025-03-04,28.368932400619386,27.66674664903501,15.745429212511349,7.081258941344778
2025-03-05,28.61770953541949,27.672103775203084,15.74855330560907,7.166809728183118
2025-03-06,28.639334623018787,27.677461938674213,15.75167801856653,7.23175965665236
2025-03-07,28.93482914465319,27.68282113964925,15.754803351506723,7.234334763948497
2025-03-10,28.889285399557703,27.688181378329084,15.757929304552654,7.2031473533619454
2025-03-11,28.76944771528445,27.693542654914655,15.761055877827369,7.212589413447782
2025-03-12,28.730365713950004,27.69890496960692,15.76418307145392,7.202861230329042
2025-03-13,28.54614693182152,27.7042683226069,15.767310885555402,7.183404864091559
2025-03-17,29.10063222563061,27.709632714115635,15.770439320254914,7.215450643776823
2025-03-18,29.24580929161019,27.714998144334217,15.773568375675602,7.319599427753934
2025-03-19,29.555494941271753,27.72036461346377,15.776698051940617,7.344778254649499
2025-03-20,29.558811754881432,27.72573212170546,15.722274972579278,7.419742489270385
2025-03-21,29.92524043121934,27.73110066926049,16.064138951938197,7.470386266094419
2025-03-24,29.873541109772933,27.736470256330097,16.09291184913332,7.5793991416309
2025-03-25,29.317385323603343,27.74184088311558,15.948019089410575,7.574535050071531
2025-03-26,28.847206180418883,27.747212549818233,15.526553288284232,7.522174535050071
2025-03-27,29.282444639342682,27.752585256639442,15.77181781413644,7.545922746781116
2025-03-28,29.36355483191426,27.716384427139886,15.902605147241504,7.531044349070099
2025-04-01,29.049443183201078,26.762105015702723,16.14622897886318,7.427753934191703
2025-04-02,29.436927583182612,27.413653881272847,15.86963519418514,7.486123032904148
2025-04-03,29.216854985921167,27.673139529434703,15.86533343417674,7.452360515021458
2025-04-04,28.559572641323367,26.5388188762296,15.313295634889494,7.35793991416309
2025-04-07,27.729517878649272,26.543957601171677,14.987536338694063,7.127324749642345
2025-04-08,28.1656050121485,26.54909732112767,14.89453633718979,7.230901287553648
2025-04-09,28.13206356666569,26.55423803629025,14.87432942456249,7.182546494992846
2025-04-11,28.698612930705284,26.5593797468521,15.129915211109944,7.323891273247495
2025-04-15,29.35289268614064,26.564522453005974,15.165889975634864,7.464091559370529
2025-04-16,29.788276171732388,26.569666154944652,15.192251714120337,7.49384835479256
2025-04-17,30.288569833949502,26.57481085286094,15.209989189314571,7.626323319027182
2025-04-21,30.69897919018384,26.579956546947688,15.31863258306984,7.716738197424892
2025-04-22,31.047991237972145,26.58510323739779,15.468718075826832,7.726752503576537
2025-04-23,30.719871087406265,26.59025092440417,15.28917614559324,7.777396280400572
2025-04-24,30.74923093062975,26.595399608159795,15.300823988077532,7.752503576537911
2025-04-25,29.99515939924717,26.60054928885766,14.9161449025041,7.686123032904148
2025-04-28,29.9849242764403,26.605699966690814,14.8846151253587,7.779685264663804
2025-04-29,29.82821221900034,26.61085164185232,14.85165900115196,7.77997138769671
2025-04-30,28.9858382465873,26.576140104378734,14.729205525496011,7.782260371959943
2025-05-02,28.783762384547273,26.232209711620797,14.845212781676684,7.783977110157367
2025-05-05,28.918086621541665,26.67570838503507,14.929497644592178,7.850929899856937
2025-05-06,28.395077486036566,26.00516007241626,14.94648144748184,7.799713876967096
2025-05-07,28.67872279176336,26.258008259681507,14.791926272970992,7.805150214592275
2025-05-08,28.305966655616217,25.819983631885428,14.812519405612829,7.755078683834048
2025-05-09,28.1172466754231,25.813633689426215,14.756626158752788,7.68211731044349
2025-05-12,29.351955384157012,26.329914556476012,14.717909330902192,7.981115879828326
2025-05-13,29.678184816681423,26.768381766045533,15.054982601640962,7.88698140200286
2025-05-14,30.19920654969975,27.34384347782229,15.15442783484554,7.913304721030042
2025-05-15,30.16716639879816,27.487865231062827,15.037994847651406,8.016309012875537
2025-05-16,29.87322151396763,28.275467808579826,14.881174705126949,8.017453505007152
2025-05-19,30.00758603614756,28.231315778292092,14.482339816412203,7.988841201716737
2025-05-20,29.662049257032074,27.81891756925305,14.246155905888871,7.922460658082975
2025-05-21,29.81398080578764,27.99078047740641,14.30517150943928,7.941344778254649
2025-05-22,29.59717667991322,28.303463002868913,14.287972371605454,7.8944206008583695
2025-05-23,29.692537085450752,28.6454795610459,14.198720976124577,7.964806866952789
2025-05-26,29.77394270271631,28.68071822420501,14.413773416645668,8.00829756795422
2025-05-27,29.409539028371682,28.83011413490323,14.689918751485864,7.961373390557939
2025-05-28,29.788343313708292,28.963865597894532,14.569586028697431,7.945350500715307
2025-05-29,29.775505767915366,29.61318876081247,14.53707835432854,7.96967095851216
2025-05-30,29.763549124846307,29.506293301073168,14.693883680228396,7.953361945636624
2025-06-02,29.711860546116046,29.66881508702071,14.233545970580655,7.94277539341917
2025-06-03,29.65355713991968,29.95709811986207,14.295543666775238,7.89041487839771
2025-06-04,29.69731490845611,30.51904910576286,14.269893126270484,7.910157367668096
2025-06-05,29.961317157712305,30.834366864772143,14.29223857171482,7.955650929899857
2025-06-06,30.051386775548572,30.473901972842533,14.286525281269675,8.025751072961373
2025-06-09,29.94887977809577,30.725655105323725,14.566522938505456,8.050071530758226
2025-06-10,29.88696144791671,30.956467999595677,14.803137518917117,8.051216022889841
2025-06-11,29.774525495067163,30.38561149965491,14.67716163770664,8.064949928469241
2025-06-12,29.40627324266369,29.5249935038752,14.336978851352155,7.98140200286123
2025-06-13,29.425161623325124,29.5128238892815,14.530291352487495,7.928469241773962
2025-06-16,29.614528852165957,29.43843005969831,14.65218772305855,8.00286123032904
2025-06-17,29.575457593547657,29.513628923901948,14.55742059212717,7.971101573676679
2025-06-18,29.607930138774073,29.804058028657806,14.5328812984673,7.961087267525035
2025-06-19,29.24877428126613,29.315524168105526,14.182383178067402,7.951645207439199
2025-06-20,29.298641969609864,29.779113473218278,14.482548236931557,8.054363376251787
2025-06-23,29.238407560186488,30.301920368899722,14.599879111576351,8.036051502145922
2025-06-24,29.249467186457462,29.965351349952293,14.685571553828694,8.052360515021459
2025-06-25,29.250458202021814,29.860940057430025,14.8568043209875,8.10901287553648
2025-06-26,29.493181816274376,29.897655185011416,14.789539808635675,8.194277539341916
2025-06-27,29.78368097490149,30.16963975409085,14.72410465553427,8.239198855507867
2025-06-30,30.104302709598365,30.20445125376022,14.791361265686309,8.197711015736767
2025-07-01,30.359342847910835,29.932651705328045,14.813707698905615,8.207153075822601
2025-07-02,30.56826182013504,29.833996816470066,14.881784162285433,8.176824034334762
2025-07-03,30.510893030243263,29.740106264568094,14.67591901679032,8.1656652360515
2025-07-04,30.763199147296906,29.44519888918188,14.706329644891053,8.186266094420601
2025-07-07,30.71870013134649,29.194217730720357,14.798389284620816,8.185121602288984
2025-07-08,30.905411223620547,28.72457087767927,14.985324710529008,8.209155937052932
2025-07-09,31.47095882937965,28.78867946453364,14.998568797370034,8.197424892703863
2025-07-10,31.753121640278472,28.821595161004872,15.098208622244336,8.159084406294706
2025-07-11,31.6725834973416,28.614944563918,15.209372817731277,8.100429184549355
2025-07-14,31.60450959081162,28.74099672644276,15.392721632711684,8.08898426323319
2025-07-15,31.90050633442579,28.7607268347506,15.44996418018515,8.117024320457796
2025-07-16,31.87122706157339,28.91372758394595,15.468249870489524,8.115593705293275
2025-07-17,31.8607233708629,28.84472591384531,15.713279305898103,8.092417739628038
2025-07-18,31.732369398365933,28.794471207937526,15.771969931482316,8.052360515021459
2025-07-21,31.694995488898495,28.865081422013503,15.627908878287032,8.076108726752503
2025-07-22,31.675424945761872,29.006222224806507,15.645113942770696,8.070672389127324
2025-07-23,31.890357153348077,29.093188995536853,15.539677854353496,8.112446351931329
2025-07-24,31.51520270582163,29.24148683412459,15.852045885236892,8.071530758226038
2025-07-25,31.004155584743664,29.08885903855348,15.739490902587647,8.012303290414877
2025-07-28,30.637431483711776,29.201791682244504,15.317251673657266,7.968240343347639
2025-07-29,30.47796929093877,29.120308704462815,15.789804208623927,8.014020028612302
2025-07-30,30.82848531898733,29.105063206572662,15.828262239431538,8.01516452074392
2025-07-31,30.753562930915102,29.159270741156867,15.794441812123225,7.990271816881258
2025-08-01,30.06223960453376,28.704057899683935,15.375257771185034,7.935622317596566
2025-08-04,30.208447971263233,28.931916571709195,15.699869272861577,7.978540772532189
2025-08-05,30.183516812770403,28.787377664406396,15.452515602940997,7.958226037195994
2025-08-06,29.866851083293817,28.360330270182,14.888027887891198,7.934477825464949
2025-08-07,29.495840638520193,28.492609617327297,14.791018507770596,7.933905579399141
2025-08-08,29.308627324266368,28.35887786930444,14.79435916273005,7.872389127324749
2025-08-11,29.472969395848107,28.825010690826556,14.79420902093412,7.933905579399141
2025-08-12,29.38601248001477,28.781050933461987,14.80265153363029,7.91244635193133
2025-08-13,29.53815888309323,28.872299779450703,15.077158149789902,7.954792560801144
2025-08-14,29.59855980461685,28.6762408383155,14.966910609478116,7.960801144492131
2025-08-18,30.282102718830387,28.68827439826022,15.16390553571365,8.042060085836908
2025-08-19,30.65100759123965,28.9372682883864,15.436651936870971,8.067525035765378
2025-08-20,30.63070654340519,29.14336569000178,15.443202860493413,8.083547925608011
2025-08-21,30.721423409889173,29.08506278507349,15.336176454369316,8.098998569384834
2025-08-22,30.810230758578438,29.07406764637325,15.579103904634872,8.032904148783976
2025-08-25,30.619005039844566,28.965293251982747,15.400155627160188,8.059513590844062
2025-08-26,30.515324400652954,28.87862127561776,15.376959707463907,7.984263233190272
2025-08-28,30.182955505851844,28.772379538449464,15.176335695976736,7.923605150214592
2025-08-29,30.333262218790523,28.666320821685666,15.196089219891324,7.898712446351931
2025-09-01,31.203516225278115,28.671871495907116,15.708051012964813,7.95937052932761
2025-09-02,31.255739254136575,28.677423244908432,15.940760918907309,7.945064377682403
2025-09-03,31.240785393263142,28.68297606889772,16.218323710834085,7.981115879828326
2025-09-04,30.982855464307747,28.688529968083127,16.014474614059328,7.991988555078683
2025-09-05,31.001104653358567,28.694084942672852,16.197416465750766,8.0
2025-09-08,31.29128958753845,28.699640992875118,16.633555664104396,8.011158798283262
2025-09-09,31.830294627383015,28.705198118898192,16.748714421583067,8.02689556509299
2025-09-10,31.696249701008387,28.710756320950402,16.380085691549592,8.064091559370528
2025-09-11,31.625033550006084,28.716315599240087,16.26031303717098,8.083834048640915
2025-09-12,31.669656107192164,28.721875953975644,16.11188601859403,8.111874105865521
2025-09-15,32.342021225257135,28.727437385365505,16.132842652426014,8.10071530758226
2025-09-16,32.20175626623472,28.732999893618146,16.192729473502805,8.151359084406293
2025-09-17,32.1944646476515,28.738563478942073,16.183968897265256,8.182546494992847
2025-09-18,31.82861339230637,28.744128141545847,16.101394860603392,8.203147353361945
2025-09-19,31.731158157120618,28.749693881638056,16.021975777206013,8.180257510729612
2025-09-22,31.92381265710173,28.755260699427346,16.03845285153441,8.139914163090129
2025-09-23,32.049045870558665,28.76082859512238,16.01350857013551,8.135908440629471
2025-09-24,32.012762346779915,28.766397568931882,15.94562571065045,8.09384835479256
2025-09-25,31.90589380657236,28.771967621064597,15.595603697787649,8.04692417739628
2025-09-26,31.699308689430595,28.777538751729335,15.47833900406606,7.975393419170243
2025-09-29,31.605884658478143,28.783110961134916,15.41675716113521,7.96967095851216
2025-09-30,31.221190679015194,28.788684249490235,15.400197113709066,7.940486409155936
2025-10-01,31.950261224250003,28.794258617004193,15.383430621313511,8.026037195994277
2025-10-03,32.430261895669766,28.799834063885758,15.658764005125716,8.044635193133047
2025-10-06,32.25735250796262,28.805410590343932,15.702911619779114,8.099284692417738
2025-10-07,32.16238152588533,28.810988196587747,15.772940914281,8.10901287553648
2025-10-08,31.970197019735544,28.816566882826283,15.73048535815674,8.079542203147353
2025-10-09,32.14257195731449,28.822146649268664,15.66776461068176,8.127324749642346
2025-10-10,32.337810080528406,28.82772749612405,15.455003808098551,8.169384835479255
2025-10-13,32.35933042664529,28.833309423601634,15.415725924063162,8.14420600858369
2025-10-14,31.98824209717962,28.838892431910665,15.276577075809737,8.117024320457796
2025-10-15,32.48604613493019,28.84447652126042,15.458384961831907,8.185121602288984
2025-10-16,32.41700806962623,28.85006169186023,15.643282607970333,8.260371959942775
2025-10-17,32.304682229617164,28.85564794391945,15.47643161059276,8.302432045779685
2025-10-20,32.844213662552825,28.861235277647488,15.44907715825919,8.350786838340486
2025-10-21,33.23492087737777,28.866823693253785,15.720088038788557,8.35107296137339
2025-10-23,32.53955560404698,28.87241319094782,15.755172818062595,8.365951359084406
2025-10-24,32.5814119118258,28.878003770939134,15.4207052977032,8.327324749642345
2025-10-27,33.0637544953651,28.88359543343728,15.36483872076744,8.393419170243204
2025-10-28,33.17821545020793,28.889188178651867,15.047770856561431,8.3862660944206
2025-10-29,33.39274749161775,28.894782006792546,15.002726342232345,8.426323319027182
2025-10-30,33.35650962438261,28.900376918068996,15.07600640417112,8.371387696709585
2025-10-31,33.21098342012832,28.862678894349436,14.974869112437403,8.328469241773961
2025-11-03,33.324359360640535,29.313594650514048,15.308821014260776,8.336194563662374
2025-11-04,33.21936811007927,29.156346337870406,15.221213276335346,8.285836909871243
2025-11-06,32.4605160700123,28.980901891047225,14.895668327309108,8.247210300429185
2025-11-07,32.49718633157226,29.568759961104064,15.348874301650149,8.252932761087267
2025-11-10,33.13881116738914,29.52170381439549,15.179682277586029,8.282975679542202
2025-11-11,32.70667198207309,29.189610871118497,14.485520451825996,8.321030042918455
2025-11-12,32.93772632091347,29.101076555164212,14.521552507299363,8.375393419170244
2025-11-13,32.665965144921756,28.98176445616454,14.547120074706362,8.365951359084406
2025-11-14,32.86282541827353,29.10200446485614,14.5145264639148,8.378540772532189
2025-11-17,32.42146898250532,29.4294552773693,15.101891047344523,8.411158798283262
2025-11-18,32.3630796345798,29.19167918510377,14.9011475150856,8.382546494992846
2025-11-19,31.970076164178916,29.13065895875604,14.716549164764055,8.422603719599428
2025-11-20,32.37124678452881,29.025012496696494,14.641343929402463,8.458941344778253
2025-11-21,31.815520707005007,28.629540930920527,14.40068441047544,8.421173104434907
2025-11-24,31.790989714688568,28.690081454320122,14.266223542244946,8.391988555078683
2025-11-25,31.78782598478395,28.744618169075586,14.639465181403386,8.374248927038627
2025-11-26,31.85312289919052,28.92565709538531,14.598638466209978,8.469527896995707
2025-11-27,31.806244371614053,29.011804424287515,14.52113072738579,8.481258941344779
2025-11-28,31.850434534475305,29.134878717136004,14.52458892756706,8.483261802575107
2025-12-01,32.00766492796925,29.259593733295674,14.391421056776522,8.472103004291846
2025-12-02,31.727704373880094,29.246879415726735,14.381134368205336,8.430901287553649
2025-12-03,31.65119206381845,28.904808256923886,14.266245273294356,8.406294706723891
2025-12-04,31.554461961972464,28.72402630720368,14.293950385743424,8.422603719599428
2025-12-05,31.449664080301805,29.02345442242975,14.08422205232802,8.469527896995707
2025-12-08,30.988960012756976,28.53643951593883,13.995861629872994,8.396280400572245
2025-12-09,31.142349885229184,28.789210144869937,14.11025486174741,8.36480686695279
2025-12-10,30.865582603514042,28.44055532397456,14.112017052299649,8.342203147353361
2025-12-11,30.99794898049106,28.434866533085618,13.957461877788802,8.381402002861229
2025-12-12,31.290534911729285,28.83482612749392,13.994801747326724,8.43175965665236
2025-12-15,31.592206495146893,28.665998701704922,14.084479861596035,8.427467811158799
2025-12-16,31.28599879983718,28.549492028638213,13.786859311062916,8.37367668097282
2025-12-17,31.177693421345275,28.40492403713569,13.557644152975694,8.346494992846923
2025-12-18,31.410512251312415,28.482025573900977,13.752674394789482,8.350214592274677
2025-12-19,31.783931750181495,28.77669423643273,13.60896894058456,8.39599427753934
2025-12-22,32.305133423695246,29.190274254487708,13.601367024390605,8.460371959942774
2025-12-23,32.270861473514586,29.24784950601952,13.99334082814132,8.46008583690987
2025-12-24,32.30315407824558,29.28616396750012,13.824029283305435,8.454935622317596
2025-12-26,32.28655658180201,29.355159164858588,13.864363098787209,8.425178826895564
2025-12-29,31.977553094615633,29.323749306457167,14.058615961697065,8.38769670958512
2025-12-30,32.196204967666944,29.657326808400526,14.08688509365584,8.39256080114449
2025-12-31,32.25426397707101,30.084278981192845,14.048692774316027,8.449499284692417
2026-01-01,32.494680593031504,30.22609794684952,14.029346213690408,8.450071530758224
2026-01-02,32.89230343137461,30.515798283332614,14.317493014455309,8.513590844062946
2026-01-05,32.82139344778243,30.501393833404336,14.1601730577944,8.480972818311875
2026-01-06,32.64222642792099,30.694505610204676,14.23172846462992,8.469814020028611
2026-01-07,32.645027591155724,30.57322883812655,14.322384476122728,8.461230329041488
2026-01-08,31.884142492058363,29.494141366116907,14.05883821106604,8.381402002861229
2026-01-09,31.309404492637462,28.78391135249438,13.78372608884784,8.314449213161659
2026-01-12,31.232089164544,29.317631579313097,13.584696346167457,8.35107296137339
2026-01-13,31.349858875959395,29.44214827037344,13.54979035416357,8.329899856938482
2026-01-14,31.400175072702172,29.962382090639625,13.827005449299769,8.31645207439199
2026-01-16,31.285792002551396,29.83627690767701,13.921046565625822,8.327324749642345
2026-01-19,31.06559317837525,29.775684575950343,13.949643638875717,8.28698140200286
2026-01-20,30.21500639946958,29.457208284519737,13.81260862906499,8.19113018597997
2026-01-21,29.800874692091096,29.326989255494098,13.90169802945026,8.153075822603718
2026-01-22,30.21983793605566,29.2784363259365,13.735651080900892,8.200572246065809
2026-01-23,30.119441882325294,28.899729052124215,13.871709181263094,8.123319027181688
2026-01-27,30.100271505365065,28.905324921299563,14.037931953757695,8.160801144492131
2026-01-28,30.1287665599389,28.910921874005894,14.319415224553207,8.200572246065809
2026-01-29,30.410843429108564,28.916519910453008,14.321669327042114,8.222317596566523
2026-01-30,30.21945925531156,28.922119030850762,14.165352949754002,8.204005722460657
2026-02-01,29.4286046638495,28.927719235409032,13.676878469993898,8.080400572246067
2026-02-02,29.24355600689884,28.933320524337745,13.654920232339068,8.1241773962804
2026-02-03,29.790346830269282,28.938922897846872,14.024847886462332,8.333047210300428
2026-02-04,30.351130041418205,28.94452635614642,13.968476556515256,8.344778254649498
2026-02-05,30.252836874373166,28.950130899446435,13.996799028322588,8.30758226037196
2026-02-06,30.023598054561248,28.955736527957008,13.974007108590351,8.316165951359084
2026-02-09,30.747391240489968,28.96134324188827,14.05483179577463,8.370815450643777
2026-02-10,31.087580832644427,28.96695104145039,14.223788729395125,8.39942775393419
2026-02-11,31.016802447325023,28.972559926853577,14.465368854597193,8.407725321888412
2026-02-12,31.288644193687816,28.978169898308092,14.769261776210303,8.362517882689556
2026-02-13,30.68249449225979,28.98378095602422,14.340919085720357,8.265236051502145
2026-02-16,31.071155219659172,28.989393100212293,14.321429297723618,8.31931330472103
2026-02-17,31.153576023600404,28.99500633108269,14.44921379491007,8.341058655221744
2026-02-18,31.26225471147834,29.00062064884582,14.544726695946236,8.360515021459227
2026-02-19,31.059088463749628,29.006236053712147,14.206637992534986,8.251216022889842
2026-02-20,31.011353204560617,29.01185254589216,14.174058210593053,8.275536480686695
2026-02-23,31.228396355869258,29.0174701255964,14.480553919260611,8.310443490701001
2026-02-24,31.12679174657261,29.023088793035445,14.436272954985828,8.236051502145923
2026-02-25,31.18113109051158,29.02870854841991,14.44324368297189,8.258369098712446
2026-02-26,31.12575238878561,29.03432939196046,14.656883605281267,8.256938483547925
2026-02-27,30.63643241111032,29.03995132386779,14.89635186759058,8.16280400572246
2026-03-02,30.322449674990875,29.045574344352644,14.76783345359902,8.066666666666666
2026-03-04,29.738134544126964,29.051198453625794,14.10397562326182,7.933905579399141
2026-03-05,30.09426632704017,29.056823651898085,14.10677403112358,8.021459227467812
2026-03-06,30.005915543787058,29.062449939380357,14.108390930372934,7.932761087267524
2026-03-09,29.61958061443301,29.068077316283528,14.156033292881606,7.794563662374821
2026-03-10,29.982453451727018,29.07370578281854,14.14149028195079,7.86695278969957
2026-03-11,29.556343615847187,29.079335339196376,14.181679882286463,7.741344778254649
2026-03-12,29.455198257665725,29.08496598562807,14.211973952940358,7.666380543633762
2026-03-13,28.571867679950987,29.09059772232468,13.791635203058467,7.516165951359084
2026-03-16,28.252099991187617,29.096230549497314,13.624980772900566,7.587410586552217
2026-03-17,28.74145219701134,29.10186446735713,13.930108413230206,7.644062947067239
2026-03-18,28.904736111052827,29.107499476115322,14.306466482429178,7.70901287553648
2026-03-19,28.46929354052228,29.11313557598311,14.2517516511122,7.499856938483547
2026-03-20,28.566259982123448,29.118772767171773,14.816504089854824,7.498426323319026
2026-03-23,27.340669153717357,29.12441104989262,14.267536295184364,7.300429184549356
2026-03-24,28.257315579875872,29.130050424357005,15.128746673316616,7.434334763948497
2026-03-25,28.59638255819321,29.13569089077632,15.075855274600212,7.555364806866952
2026-03-27,28.46719333951599,29.141332449362015,15.350339171935444,7.407439198855507
2026-03-30,27.91869979563661,29.14697510032555,15.001665471911096,7.251502145922746
2026-04-01,28.274785922006203,28.813962101618884,15.133650976058686,7.366237482117309
2026-04-02,28.102725208874492,28.81954136369616,15.10531171207681,7.370815450643777
2026-04-06,28.421963818867734,28.825121706088776,15.037088070225984,7.446351931330471
2026-04-07,28.768558755523475,28.83070312900592,14.997286665454784,7.481258941344778
2026-04-08,29.250310489674824,28.836285632656807,15.13538254558675,7.773390557939914
2026-04-09,29.634400191354633,28.841869217250707,15.02278212528874,7.710729613733905
2026-04-10,30.34263523862678,28.847453882996916,15.248993459682376,7.781115879828325
2026-04-13,30.54486955572994,28.853039630104785,15.341253617731702,7.711587982832617
2026-04-15,31.040447165559524,28.8586264587837,15.743192095412327,7.83319027181688
2026-04-16,31.25851087490191,28.864214369243076,16.09405371700237,7.838340486409155
2026-04-17,31.89081103310519,28.869803361692384,16.50536124030405,7.893276108726752
2026-04-20,31.98693954284707,28.875393436341138,16.559358946990464,7.874391988555077
2026-04-21,32.09682141493322,28.88098459339888,16.830310561021435,7.943633762517882
2026-04-22,32.64260242298606,28.886576833075182,16.89536146965826,7.886695278969956
2026-04-23,33.215277820907176,28.89217015557969,17.27264409623217,7.832904148783976
2026-04-24,32.8706702867382,28.89776456112207,17.42041720777684,7.756509298998568
2026-04-27,33.566108073402965,28.90336004991203,17.843580006307185,7.797424892703861
2026-04-28,33.664532838720774,28.908956622159316,17.806192723570554,7.767668097281831
2026-04-29,34.08534382986223,28.914554278073723,18.13584681648541,7.814878397711015
2026-04-30,34.51113406993676,28.92015301786508,17.815785994110534,7.7828326180257505
2026-05-04,34.37862266629179,28.925752841743257,18.039479490097413,7.814592274678111
2026-05-05,34.384780928321746,28.93135374991817,17.920770669364963,7.791130185979971
2026-05-06,34.06644202080562,28.936955742599768,18.08670896266728,7.8892703862660944
2026-05-07,34.69787470468022,28.942558819998048,18.169030128936,7.881831187410587
2026-05-08,34.84486460400922,28.948162982323044,18.20199415534252,7.838054363376251
2026-05-11,34.93165232206327,28.95376822978483,18.267167548076024,7.728183118741058
2026-05-12,34.26345537786245,28.959374562593517,17.67315721462643,7.583690987124463
2026-05-13,34.681056982555674,28.96498198095927,17.672528989743455,7.594849785407725
2026-05-14,34.8561551986773,28.97059048509228,17.722980584275984,7.670672389127324
2026-05-15,34.441311786354234,28.976200075202787,17.551554213222428,7.648068669527896
2026-05-18,34.21818288634962,28.98181075150107,17.159130971858897,7.656080114449212
2026-05-19,34.03399633236957,28.987422514197448,17.392372300736987,7.656938483547925
2026-05-20,34.42301425508076,28.993035363502276,17.662044746177624,7.6695278969957075
2026-05-21,34.787227246213824,28.998649299625956,17.65301253182244,7.674105865522173
2026-05-22,34.85252416062039,29.004264322778933,17.704457827978036,7.6995708154506435
2026-05-25,35.62981070159169,29.009880433171688,17.992864413560895,7.782260371959943
2026-05-26,36.093643585213655,29.015497631014743,18.239140420985684,7.749070100143061
2026-05-27,36.07744894062551,29.02111591651866,18.133083022110327,7.752217453505007
2026-05-29,36.070004238337226,29.02673528989405,17.84722884705829,7.661802575107295
2026-06-01,35.860757613270614,29.03235575135155,17.49735697599142,7.597138769670957
2026-06-02,36.16772267006853,29.03797730110185,17.666349469510948,7.611444921316165
2026-06-03,36.708854767709745,29.043599939355673,17.547883641421915,7.597997138769671
2026-06-04,37.301984297170385,29.04922366632379,17.01845206017194,7.599427753934192
2026-06-05,37.02266830604991,29.05484848221701,17.036384127035898,7.592560801144492
2026-06-08,36.12712863143671,29.060474387246185,16.78091983681015,7.51244635193133
2026-06-09,36.59684315214791,29.06610138162219,17.099552336573748,7.550214592274678
2026-06-10,35.99752044682985,29.071729465555975,16.506500144848182,7.527324749642345
2026-06-11,35.825897499381036,29.0773586392585,16.53880433757259,7.514449213161659
2026-06-12,36.290280947205424,29.08298890294078,16.770579808390412,7.664091559370529
2026-06-15,36.31630786274501,29.08862025681387,16.788948471792533,7.743347639484978
2026-06-16,36.58051153792892,29.09425270108886,16.850070011585863,7.77310443490701
2026-06-17,37.157792875397085,29.09988623597689,16.749737756455325,7.814306151645207
2026-06-18,37.28659804197213,29.105520861689133,16.960926021281157,7.838912732474965
2026-06-19,37.57836752678335,29.11115657843681,16.93503841478283,7.80972818311874
2026-06-22,37.92256415205979,29.11679338643117,16.90978298426737,7.83032904148784
2026-06-23,37.5899669745406,29.122431285883522,16.992914126014135,7.748497854077253
2026-06-24,37.90568734499645,29.1280702770052,16.805221076701475,7.802002861230329
2026-06-25,37.38662884335358,29.133710360007584,16.4173890134135,7.82346208869814
2026-06-29,37.6914641566758,29.139351535102097,16.531412817447936,7.787124463519313
2026-06-30,37.867427161447075,29.144993802500203,16.52410130709611,7.789985693848354
2026-07-01,37.606698754935984,29.1506371624134,16.55246328990237,7.8068669527897
2026-07-02,37.865523015010425,29.156281615053242,16.448381440973463,7.851216022889841
2026-07-03,37.75287220783799,29.1619271606313,16.11440682032571,7.893562231759656
2026-07-06,37.58470035795066,29.167573799359214,15.943809192474683,7.937052932761086
2026-07-07,37.01363368177221,29.173221531448643,15.842798335937545,7.92761087267525
2026-07-08,37.20304119579859,29.178870357111297,15.987074724076992,7.782546494992847
2026-07-09,37.59790584177154,29.184520276558928,16.13176103883033,7.795708154506436
2026-07-10,37.8405032291094,29.190171290003317,16.2823196757995,7.87181688125894
2026-07-13,37.89050520140495,29.1958233976563,16.370609966231427,7.876394849785406
2026-07-14,37.77112139688881,29.201476599729762,16.234719787614676,7.8203147353361935
2026-07-15,38.14091791473808,29.207130896435597,15.952799920280995,7.831187410586551
2026-07-16,38.29412784671487,29.212786287985775,16.58014272020213,7.838626609442059
2026-07-17,37.88959744189072,29.21844277459228,15.78086385734125,7.906437768240342
2026-07-20,38.13220288626569,29.22410035646715,16.401236917051296,7.887267525035766
2026-07-21,38.26054611604651,29.229759033822468,16.732323283677342,7.870100143061516
2026-07-22,38.1026496741516,29.235418806870342,17.13053488638398,7.825464949928468
2026-07-23,38.127760773139855,29.24107967582294,17.98533361716501,7.782546494992847
2026-07-24,38.00109072139857,29.246741640892463,17.10462949993613,7.767954220314735
2026-07-27,38.1168810873643,29.252404702291148,17.410920739184238,7.826609442060086
2026-07-28,37.45127045207531,29.258068860231283,17.382123147614784,7.827181688125893
2026-07-29,37.631108891695796,29.26373411492519,17.864813217131672,7.889842632331902
2026-07-30,37.42249877256075,29.26940046658523,17.494184242777415,7.90901287553648
2026-07-31,37.857715746052264,29.231221083798115,17.571214886289532,7.934191702432045
2026-08-03,37.94490363028271,29.51451997949687,17.95069827550379,8.010586552217454
2026-08-04,38.5968925015002,30.497155047806274,18.25109447371168,7.982260371959943
2026-08-05,39.24767281715142,31.118647983281512,18.27111864796893,8.014306151645208
2026-08-06,39.18858787835553,30.967489619588385,17.521612778233976,8.032904148783976
2026-08-07,39.03261169697148,31.322029475434377,17.47660777490382,8.011444921316166
2026-08-10,39.2886804503548,31.447377732293287,17.41701728631899,8.02832618025751
2026-08-11,39.67079886362206,31.77617727406789,17.03461996093371,7.987124463519312
2026-08-12,39.80495390283717,32.113548505254414,16.716309475811386,7.960228898426322
2026-08-13,39.502208047805084,32.53831264375818,16.880689060205945,7.956509298998569
2026-08-14,39.23734906693635,32.11157516472107,16.32836875727636,7.966523605150214
2026-08-17,39.017013273129365,31.815197526710552,16.62271384599826,7.952217453505007
2026-08-18,39.36746753056009,32.23684489291632,16.49625494282587,7.903004291845492
2026-08-19,39.069993663476026,31.88992439040274,16.419094900792263,7.859227467811158
2026-08-20,38.962134107704124,32.076492845970535,17.41524719356697,7.914449213161659
2026-08-21,38.866370850311164,32.17370042199848,18.151427978913095,7.917024320457796
2026-08-24,38.78202441450099,32.133673326779316,18.02936072327168,7.892989985693848
2026-08-25,38.41036134972157,32.08936231825904,17.79094345353388,7.919027181688125
2026-08-26,38.75563761797055,32.28118001539307,17.75017798038881,7.938769670958511
2026-08-27,38.883341656140765,32.344186139488976,17.832803381349283,7.889556509298998
2026-08-28,39.33626262583875,32.803826913475916,18.037089074662205,7.886123032904148
2026-08-31,39.64433955375764,32.78304281404309,17.94639157662052,7.864663805436337
2026-09-01,39.922320762397135,32.31228849136494,17.67112042263163,7.818311874105865
2026-09-02,40.158724973877575,32.197143995214,17.6067155188273,7.798569384835479
2026-09-03,40.90704915212274,32.36521089778322,17.669464911776505,7.800572246065808
