venue,dte,cell,scope,n_days,exc_p50,exc_p90,exc_p95,exc_p99,exc_max,term_p50,term_p90,term_p95,term_p99,term_max
NIFTY,0,DEP_0930_1100,dte_matched,358,33.3,68.7,81.1,120.9,306.0,20.1,54.5,64.6,106.6,282.9
NIFTY,0,DEP_0930_1100,dte_matched_ex2122,163,32.8,65.7,78.3,86.0,116.6,19.5,52.4,60.8,73.6,106.6
NIFTY,0,DEP_0930_1100,all_days,2754,32.5,70.3,86.2,137.2,1304.5,17.9,52.4,70.0,122.8,1054.4
NIFTY,0,DEP_0930_1100,dte_matched,358,33.3,68.7,81.1,120.9,306.0,20.1,54.5,64.6,106.6,282.9
NIFTY,0,DEP_0930_1100,dte_matched_ex2122,163,32.8,65.7,78.3,86.0,116.6,19.5,52.4,60.8,73.6,106.6
NIFTY,0,DEP_0930_1100,all_days,2754,32.5,70.3,86.2,137.2,1304.5,17.9,52.4,70.0,122.8,1054.4
NIFTY,0,DEP_0930_1100,dte_matched,358,33.3,68.7,81.1,120.9,306.0,20.1,54.5,64.6,106.6,282.9
NIFTY,0,DEP_0930_1100,dte_matched_ex2122,163,32.8,65.7,78.3,86.0,116.6,19.5,52.4,60.8,73.6,106.6
NIFTY,0,DEP_0930_1100,all_days,2754,32.5,70.3,86.2,137.2,1304.5,17.9,52.4,70.0,122.8,1054.4
NIFTY,0,DEP_1000_1200,dte_matched,358,31.5,69.6,86.3,140.8,545.6,17.8,54.1,65.7,113.7,219.3
NIFTY,0,DEP_1000_1200,dte_matched_ex2122,163,29.0,60.2,66.9,108.1,127.2,17.3,47.4,54.4,86.9,113.5
NIFTY,0,DEP_1000_1200,all_days,2754,30.5,68.5,87.6,154.4,1304.5,16.8,52.0,68.3,126.4,1133.5
NIFTY,0,DEP_1000_1200,dte_matched,358,31.5,69.6,86.3,140.8,545.6,17.8,54.1,65.7,113.7,219.3
NIFTY,0,DEP_1000_1200,dte_matched_ex2122,163,29.0,60.2,66.9,108.1,127.2,17.3,47.4,54.4,86.9,113.5
NIFTY,0,DEP_1000_1200,all_days,2754,30.5,68.5,87.6,154.4,1304.5,16.8,52.0,68.3,126.4,1133.5
NIFTY,0,DEP_1000_1200,dte_matched,358,31.5,69.6,86.3,140.8,545.6,17.8,54.1,65.7,113.7,219.3
NIFTY,0,DEP_1000_1200,dte_matched_ex2122,163,29.0,60.2,66.9,108.1,127.2,17.3,47.4,54.4,86.9,113.5
NIFTY,0,DEP_1000_1200,all_days,2754,30.5,68.5,87.6,154.4,1304.5,16.8,52.0,68.3,126.4,1133.5
NIFTY,0,DEP_1030_1200,dte_matched,358,26.4,58.9,70.6,139.4,496.5,15.2,46.6,56.7,92.7,171.8
NIFTY,0,DEP_1030_1200,dte_matched_ex2122,163,24.8,56.9,61.3,77.9,115.6,13.2,44.1,53.8,70.9,83.1
NIFTY,0,DEP_1030_1200,all_days,2754,24.9,57.1,71.9,134.1,572.6,13.9,43.0,56.7,106.8,479.7
NIFTY,0,DEP_1030_1200,dte_matched,358,26.4,58.9,70.6,139.4,496.5,15.2,46.6,56.7,92.7,171.8
NIFTY,0,DEP_1030_1200,dte_matched_ex2122,163,24.8,56.9,61.3,77.9,115.6,13.2,44.1,53.8,70.9,83.1
NIFTY,0,DEP_1030_1200,all_days,2754,24.9,57.1,71.9,134.1,572.6,13.9,43.0,56.7,106.8,479.7
NIFTY,0,DEP_1030_1200,dte_matched,358,26.4,58.9,70.6,139.4,496.5,15.2,46.6,56.7,92.7,171.8
NIFTY,0,DEP_1030_1200,dte_matched_ex2122,163,24.8,56.9,61.3,77.9,115.6,13.2,44.1,53.8,70.9,83.1
NIFTY,0,DEP_1030_1200,all_days,2754,24.9,57.1,71.9,134.1,572.6,13.9,43.0,56.7,106.8,479.7
NIFTY,0,DEP_1300_1400,dte_matched,357,24.1,54.9,71.9,122.2,276.7,12.6,44.6,61.6,105.9,248.0
NIFTY,0,DEP_1300_1400,dte_matched_ex2122,162,18.8,46.4,57.8,74.6,143.6,9.8,33.3,47.3,69.9,136.4
NIFTY,0,DEP_1300_1400,all_days,2753,23.6,53.8,71.1,117.4,276.7,13.0,41.8,56.7,99.9,248.0
NIFTY,0,DEP_1300_1400,dte_matched,357,24.1,54.9,71.9,122.2,276.7,12.6,44.6,61.6,105.9,248.0
NIFTY,0,DEP_1300_1400,dte_matched_ex2122,162,18.8,46.4,57.8,74.6,143.6,9.8,33.3,47.3,69.9,136.4
NIFTY,0,DEP_1300_1400,all_days,2753,23.6,53.8,71.1,117.4,276.7,13.0,41.8,56.7,99.9,248.0
NIFTY,0,DEP_1300_1400,dte_matched,357,24.1,54.9,71.9,122.2,276.7,12.6,44.6,61.6,105.9,248.0
NIFTY,0,DEP_1300_1400,dte_matched_ex2122,162,18.8,46.4,57.8,74.6,143.6,9.8,33.3,47.3,69.9,136.4
NIFTY,0,DEP_1300_1400,all_days,2753,23.6,53.8,71.1,117.4,276.7,13.0,41.8,56.7,99.9,248.0
NIFTY,0,DEP_1300_1520,dte_matched,357,42.4,94.8,133.2,181.4,323.4,24.1,75.9,110.5,135.8,181.3
NIFTY,0,DEP_1300_1520,dte_matched_ex2122,162,35.7,72.9,83.5,147.9,169.9,19.3,62.7,74.2,130.8,135.8
NIFTY,0,DEP_1300_1520,all_days,2753,41.5,97.7,121.4,191.6,406.2,25.0,76.1,99.4,164.0,381.8
NIFTY,0,DEP_1300_1520,dte_matched,357,42.4,94.8,133.2,181.4,323.4,24.1,75.9,110.5,135.8,181.3
NIFTY,0,DEP_1300_1520,dte_matched_ex2122,162,35.7,72.9,83.5,147.9,169.9,19.3,62.7,74.2,130.8,135.8
NIFTY,0,DEP_1300_1520,all_days,2753,41.5,97.7,121.4,191.6,406.2,25.0,76.1,99.4,164.0,381.8
NIFTY,0,DEP_1300_1520,dte_matched,357,42.4,94.8,133.2,181.4,323.4,24.1,75.9,110.5,135.8,181.3
NIFTY,0,DEP_1300_1520,dte_matched_ex2122,162,35.7,72.9,83.5,147.9,169.9,19.3,62.7,74.2,130.8,135.8
NIFTY,0,DEP_1300_1520,all_days,2753,41.5,97.7,121.4,191.6,406.2,25.0,76.1,99.4,164.0,381.8
NIFTY,0,G_09:20_120,dte_matched,358,40.8,81.9,95.2,144.0,661.6,24.6,61.2,77.3,126.6,460.9
NIFTY,0,G_09:20_120,dte_matched_ex2122,163,38.8,71.8,84.9,97.5,128.3,23.7,55.0,69.5,82.3,113.5
NIFTY,0,G_09:20_120,all_days,2753,37.5,80.0,98.9,168.8,1304.5,20.8,60.1,79.0,126.7,1100.8
NIFTY,0,G_09:20_120,dte_matched,358,40.8,81.9,95.2,144.0,661.6,24.6,61.2,77.3,126.6,460.9
NIFTY,0,G_09:20_120,dte_matched_ex2122,163,38.8,71.8,84.9,97.5,128.3,23.7,55.0,69.5,82.3,113.5
NIFTY,0,G_09:20_120,all_days,2753,37.5,80.0,98.9,168.8,1304.5,20.8,60.1,79.0,126.7,1100.8
NIFTY,0,G_09:20_120,dte_matched,358,40.8,81.9,95.2,144.0,661.6,24.6,61.2,77.3,126.6,460.9
NIFTY,0,G_09:20_120,dte_matched_ex2122,163,38.8,71.8,84.9,97.5,128.3,23.7,55.0,69.5,82.3,113.5
NIFTY,0,G_09:20_120,all_days,2753,37.5,80.0,98.9,168.8,1304.5,20.8,60.1,79.0,126.7,1100.8
NIFTY,0,G_09:20_60,dte_matched,358,32.3,59.3,77.0,111.4,418.6,19.2,47.9,61.6,98.5,372.8
NIFTY,0,G_09:20_60,dte_matched_ex2122,163,32.2,54.1,69.0,81.9,95.2,19.6,44.7,52.5,67.7,86.2
NIFTY,0,G_09:20_60,all_days,2753,30.5,63.1,77.6,129.5,626.3,17.1,47.1,60.0,98.4,569.8
NIFTY,0,G_09:20_60,dte_matched,358,32.3,59.3,77.0,111.4,418.6,19.2,47.9,61.6,98.5,372.8
NIFTY,0,G_09:20_60,dte_matched_ex2122,163,32.2,54.1,69.0,81.9,95.2,19.6,44.7,52.5,67.7,86.2
NIFTY,0,G_09:20_60,all_days,2753,30.5,63.1,77.6,129.5,626.3,17.1,47.1,60.0,98.4,569.8
NIFTY,0,G_09:20_60,dte_matched,358,32.3,59.3,77.0,111.4,418.6,19.2,47.9,61.6,98.5,372.8
NIFTY,0,G_09:20_60,dte_matched_ex2122,163,32.2,54.1,69.0,81.9,95.2,19.6,44.7,52.5,67.7,86.2
NIFTY,0,G_09:20_60,all_days,2753,30.5,63.1,77.6,129.5,626.3,17.1,47.1,60.0,98.4,569.8
NIFTY,0,G_09:20_90,dte_matched,358,36.6,73.0,87.4,141.0,418.6,21.5,53.2,68.8,107.3,274.3
NIFTY,0,G_09:20_90,dte_matched_ex2122,163,36.3,64.6,81.9,90.3,104.9,22.5,48.2,62.7,76.4,100.8
NIFTY,0,G_09:20_90,all_days,2753,34.8,72.2,89.4,149.0,1304.5,19.4,53.5,70.3,124.8,1167.5
NIFTY,0,G_09:20_90,dte_matched,358,36.6,73.0,87.4,141.0,418.6,21.5,53.2,68.8,107.3,274.3
NIFTY,0,G_09:20_90,dte_matched_ex2122,163,36.3,64.6,81.9,90.3,104.9,22.5,48.2,62.7,76.4,100.8
NIFTY,0,G_09:20_90,all_days,2753,34.8,72.2,89.4,149.0,1304.5,19.4,53.5,70.3,124.8,1167.5
NIFTY,0,G_09:20_90,dte_matched,358,36.6,73.0,87.4,141.0,418.6,21.5,53.2,68.8,107.3,274.3
NIFTY,0,G_09:20_90,dte_matched_ex2122,163,36.3,64.6,81.9,90.3,104.9,22.5,48.2,62.7,76.4,100.8
NIFTY,0,G_09:20_90,all_days,2753,34.8,72.2,89.4,149.0,1304.5,19.4,53.5,70.3,124.8,1167.5
NIFTY,0,G_09:20_H,dte_matched,358,65.9,141.4,167.0,276.6,898.7,40.6,118.2,152.6,260.3,497.8
NIFTY,0,G_09:20_H,dte_matched_ex2122,163,59.6,123.1,148.4,191.4,237.7,36.3,105.1,121.5,172.6,228.8
NIFTY,0,G_09:20_H,all_days,2753,65.8,138.4,174.1,299.2,1777.4,40.5,116.9,144.9,249.6,1556.8
NIFTY,0,G_09:20_H,dte_matched,358,65.9,141.4,167.0,276.6,898.7,40.6,118.2,152.6,260.3,497.8
NIFTY,0,G_09:20_H,dte_matched_ex2122,163,59.6,123.1,148.4,191.4,237.7,36.3,105.1,121.5,172.6,228.8
NIFTY,0,G_09:20_H,all_days,2753,65.8,138.4,174.1,299.2,1777.4,40.5,116.9,144.9,249.6,1556.8
NIFTY,0,G_09:20_H,dte_matched,358,65.9,141.4,167.0,276.6,898.7,40.6,118.2,152.6,260.3,497.8
NIFTY,0,G_09:20_H,dte_matched_ex2122,163,59.6,123.1,148.4,191.4,237.7,36.3,105.1,121.5,172.6,228.8
NIFTY,0,G_09:20_H,all_days,2753,65.8,138.4,174.1,299.2,1777.4,40.5,116.9,144.9,249.6,1556.8
NIFTY,0,G_09:50_120,dte_matched,358,34.1,67.2,90.6,136.6,578.6,20.0,53.2,75.0,99.1,411.7
NIFTY,0,G_09:50_120,dte_matched_ex2122,163,31.1,61.5,77.0,102.8,114.3,18.7,45.9,57.1,80.0,86.2
NIFTY,0,G_09:50_120,all_days,2754,32.4,69.8,88.9,157.6,1304.5,17.6,52.3,68.1,127.3,1071.7
NIFTY,0,G_09:50_120,dte_matched,358,34.1,67.2,90.6,136.6,578.6,20.0,53.2,75.0,99.1,411.7
NIFTY,0,G_09:50_120,dte_matched_ex2122,163,31.1,61.5,77.0,102.8,114.3,18.7,45.9,57.1,80.0,86.2
NIFTY,0,G_09:50_120,all_days,2754,32.4,69.8,88.9,157.6,1304.5,17.6,52.3,68.1,127.3,1071.7
NIFTY,0,G_09:50_120,dte_matched,358,34.1,67.2,90.6,136.6,578.6,20.0,53.2,75.0,99.1,411.7
NIFTY,0,G_09:50_120,dte_matched_ex2122,163,31.1,61.5,77.0,102.8,114.3,18.7,45.9,57.1,80.0,86.2
NIFTY,0,G_09:50_120,all_days,2754,32.4,69.8,88.9,157.6,1304.5,17.6,52.3,68.1,127.3,1071.7
NIFTY,0,G_09:50_60,dte_matched,358,24.8,53.3,66.8,99.6,238.2,14.3,41.2,53.3,83.4,157.5
NIFTY,0,G_09:50_60,dte_matched_ex2122,163,23.7,48.5,55.8,80.9,102.8,13.4,39.6,48.2,65.5,85.6
NIFTY,0,G_09:50_60,all_days,2754,24.0,53.4,68.4,105.3,1304.5,13.5,39.6,53.4,88.0,1167.5
NIFTY,0,G_09:50_60,dte_matched,358,24.8,53.3,66.8,99.6,238.2,14.3,41.2,53.3,83.4,157.5
NIFTY,0,G_09:50_60,dte_matched_ex2122,163,23.7,48.5,55.8,80.9,102.8,13.4,39.6,48.2,65.5,85.6
NIFTY,0,G_09:50_60,all_days,2754,24.0,53.4,68.4,105.3,1304.5,13.5,39.6,53.4,88.0,1167.5
NIFTY,0,G_09:50_60,dte_matched,358,24.8,53.3,66.8,99.6,238.2,14.3,41.2,53.3,83.4,157.5
NIFTY,0,G_09:50_60,dte_matched_ex2122,163,23.7,48.5,55.8,80.9,102.8,13.4,39.6,48.2,65.5,85.6
NIFTY,0,G_09:50_60,all_days,2754,24.0,53.4,68.4,105.3,1304.5,13.5,39.6,53.4,88.0,1167.5
NIFTY,0,G_09:50_90,dte_matched,358,29.2,63.5,80.8,107.8,578.6,19.0,48.6,61.2,99.5,379.5
NIFTY,0,G_09:50_90,dte_matched_ex2122,163,27.5,55.9,64.9,102.8,114.3,17.0,47.4,55.5,83.6,103.4
NIFTY,0,G_09:50_90,all_days,2754,28.2,63.0,80.5,133.1,1304.5,16.0,46.1,62.3,107.3,1100.8
NIFTY,0,G_09:50_90,dte_matched,358,29.2,63.5,80.8,107.8,578.6,19.0,48.6,61.2,99.5,379.5
NIFTY,0,G_09:50_90,dte_matched_ex2122,163,27.5,55.9,64.9,102.8,114.3,17.0,47.4,55.5,83.6,103.4
NIFTY,0,G_09:50_90,all_days,2754,28.2,63.0,80.5,133.1,1304.5,16.0,46.1,62.3,107.3,1100.8
NIFTY,0,G_09:50_90,dte_matched,358,29.2,63.5,80.8,107.8,578.6,19.0,48.6,61.2,99.5,379.5
NIFTY,0,G_09:50_90,dte_matched_ex2122,163,27.5,55.9,64.9,102.8,114.3,17.0,47.4,55.5,83.6,103.4
NIFTY,0,G_09:50_90,all_days,2754,28.2,63.0,80.5,133.1,1304.5,16.0,46.1,62.3,107.3,1100.8
NIFTY,0,G_09:50_H,dte_matched,358,63.2,133.0,171.7,254.9,813.8,39.0,105.5,141.0,234.3,416.1
NIFTY,0,G_09:50_H,dte_matched_ex2122,163,54.3,112.0,141.4,175.5,228.4,30.7,98.6,131.2,152.9,204.8
NIFTY,0,G_09:50_H,all_days,2754,60.1,130.2,169.3,273.6,1777.4,35.7,105.7,137.9,247.5,1556.8
NIFTY,0,G_09:50_H,dte_matched,358,63.2,133.0,171.7,254.9,813.8,39.0,105.5,141.0,234.3,416.1
NIFTY,0,G_09:50_H,dte_matched_ex2122,163,54.3,112.0,141.4,175.5,228.4,30.7,98.6,131.2,152.9,204.8
NIFTY,0,G_09:50_H,all_days,2754,60.1,130.2,169.3,273.6,1777.4,35.7,105.7,137.9,247.5,1556.8
NIFTY,0,G_09:50_H,dte_matched,358,63.2,133.0,171.7,254.9,813.8,39.0,105.5,141.0,234.3,416.1
NIFTY,0,G_09:50_H,dte_matched_ex2122,163,54.3,112.0,141.4,175.5,228.4,30.7,98.6,131.2,152.9,204.8
NIFTY,0,G_09:50_H,all_days,2754,60.1,130.2,169.3,273.6,1777.4,35.7,105.7,137.9,247.5,1556.8
NIFTY,0,G_10:20_120,dte_matched,358,31.1,67.7,84.1,134.5,524.5,18.4,52.4,64.9,109.6,326.2
NIFTY,0,G_10:20_120,dte_matched_ex2122,163,26.9,60.6,72.5,97.8,118.0,13.9,43.8,62.4,82.2,112.5
NIFTY,0,G_10:20_120,all_days,2754,29.7,65.3,85.4,146.2,698.8,16.7,49.2,65.2,113.0,661.7
NIFTY,0,G_10:20_120,dte_matched,358,31.1,67.7,84.1,134.5,524.5,18.4,52.4,64.9,109.6,326.2
NIFTY,0,G_10:20_120,dte_matched_ex2122,163,26.9,60.6,72.5,97.8,118.0,13.9,43.8,62.4,82.2,112.5
NIFTY,0,G_10:20_120,all_days,2754,29.7,65.3,85.4,146.2,698.8,16.7,49.2,65.2,113.0,661.7
NIFTY,0,G_10:20_120,dte_matched,358,31.1,67.7,84.1,134.5,524.5,18.4,52.4,64.9,109.6,326.2
NIFTY,0,G_10:20_120,dte_matched_ex2122,163,26.9,60.6,72.5,97.8,118.0,13.9,43.8,62.4,82.2,112.5
NIFTY,0,G_10:20_120,all_days,2754,29.7,65.3,85.4,146.2,698.8,16.7,49.2,65.2,113.0,661.7
NIFTY,0,G_10:20_60,dte_matched,358,21.3,50.9,66.3,114.4,524.5,10.9,38.6,48.5,82.7,326.4
NIFTY,0,G_10:20_60,dte_matched_ex2122,163,20.8,44.5,54.5,95.8,114.4,10.2,33.1,41.9,64.4,111.0
NIFTY,0,G_10:20_60,all_days,2754,21.2,47.5,62.0,108.1,695.1,11.2,34.9,46.8,90.3,502.3
NIFTY,0,G_10:20_60,dte_matched,358,21.3,50.9,66.3,114.4,524.5,10.9,38.6,48.5,82.7,326.4
NIFTY,0,G_10:20_60,dte_matched_ex2122,163,20.8,44.5,54.5,95.8,114.4,10.2,33.1,41.9,64.4,111.0
NIFTY,0,G_10:20_60,all_days,2754,21.2,47.5,62.0,108.1,695.1,11.2,34.9,46.8,90.3,502.3
NIFTY,0,G_10:20_60,dte_matched,358,21.3,50.9,66.3,114.4,524.5,10.9,38.6,48.5,82.7,326.4
NIFTY,0,G_10:20_60,dte_matched_ex2122,163,20.8,44.5,54.5,95.8,114.4,10.2,33.1,41.9,64.4,111.0
NIFTY,0,G_10:20_60,all_days,2754,21.2,47.5,62.0,108.1,695.1,11.2,34.9,46.8,90.3,502.3
NIFTY,0,G_10:20_90,dte_matched,358,26.6,57.4,73.4,128.7,524.5,13.7,43.7,53.1,94.7,358.5
NIFTY,0,G_10:20_90,dte_matched_ex2122,163,23.7,54.5,60.6,97.8,114.4,11.4,40.6,47.8,65.4,93.9
NIFTY,0,G_10:20_90,all_days,2754,25.8,57.4,73.3,132.3,695.1,13.8,41.4,55.8,105.3,484.8
NIFTY,0,G_10:20_90,dte_matched,358,26.6,57.4,73.4,128.7,524.5,13.7,43.7,53.1,94.7,358.5
NIFTY,0,G_10:20_90,dte_matched_ex2122,163,23.7,54.5,60.6,97.8,114.4,11.4,40.6,47.8,65.4,93.9
NIFTY,0,G_10:20_90,all_days,2754,25.8,57.4,73.3,132.3,695.1,13.8,41.4,55.8,105.3,484.8
NIFTY,0,G_10:20_90,dte_matched,358,26.6,57.4,73.4,128.7,524.5,13.7,43.7,53.1,94.7,358.5
NIFTY,0,G_10:20_90,dte_matched_ex2122,163,23.7,54.5,60.6,97.8,114.4,11.4,40.6,47.8,65.4,93.9
NIFTY,0,G_10:20_90,all_days,2754,25.8,57.4,73.3,132.3,695.1,13.8,41.4,55.8,105.3,484.8
NIFTY,0,G_10:20_H,dte_matched,358,58.3,125.8,155.9,254.4,758.5,33.1,101.4,135.2,224.9,362.8
NIFTY,0,G_10:20_H,dte_matched_ex2122,163,49.8,104.4,125.9,181.7,223.3,27.6,85.1,115.7,152.7,200.7
NIFTY,0,G_10:20_H,all_days,2754,55.4,125.7,155.9,278.0,1142.5,33.3,101.3,128.8,243.4,933.8
NIFTY,0,G_10:20_H,dte_matched,358,58.3,125.8,155.9,254.4,758.5,33.1,101.4,135.2,224.9,362.8
NIFTY,0,G_10:20_H,dte_matched_ex2122,163,49.8,104.4,125.9,181.7,223.3,27.6,85.1,115.7,152.7,200.7
NIFTY,0,G_10:20_H,all_days,2754,55.4,125.7,155.9,278.0,1142.5,33.3,101.3,128.8,243.4,933.8
NIFTY,0,G_10:20_H,dte_matched,358,58.3,125.8,155.9,254.4,758.5,33.1,101.4,135.2,224.9,362.8
NIFTY,0,G_10:20_H,dte_matched_ex2122,163,49.8,104.4,125.9,181.7,223.3,27.6,85.1,115.7,152.7,200.7
NIFTY,0,G_10:20_H,all_days,2754,55.4,125.7,155.9,278.0,1142.5,33.3,101.3,128.8,243.4,933.8
NIFTY,0,G_10:50_120,dte_matched,358,31.7,65.5,81.5,154.8,479.6,17.2,54.3,69.6,133.1,332.9
NIFTY,0,G_10:50_120,dte_matched_ex2122,163,26.6,63.3,70.3,83.4,158.3,15.1,49.7,57.8,74.8,150.5
NIFTY,0,G_10:50_120,all_days,2754,28.9,64.5,84.8,152.0,479.6,16.0,51.2,67.8,122.3,445.3
NIFTY,0,G_10:50_120,dte_matched,358,31.7,65.5,81.5,154.8,479.6,17.2,54.3,69.6,133.1,332.9
NIFTY,0,G_10:50_120,dte_matched_ex2122,163,26.6,63.3,70.3,83.4,158.3,15.1,49.7,57.8,74.8,150.5
NIFTY,0,G_10:50_120,all_days,2754,28.9,64.5,84.8,152.0,479.6,16.0,51.2,67.8,122.3,445.3
NIFTY,0,G_10:50_120,dte_matched,358,31.7,65.5,81.5,154.8,479.6,17.2,54.3,69.6,133.1,332.9
NIFTY,0,G_10:50_120,dte_matched_ex2122,163,26.6,63.3,70.3,83.4,158.3,15.1,49.7,57.8,74.8,150.5
NIFTY,0,G_10:50_120,all_days,2754,28.9,64.5,84.8,152.0,479.6,16.0,51.2,67.8,122.3,445.3
NIFTY,0,G_10:50_60,dte_matched,358,21.3,46.7,61.2,136.7,479.6,10.8,35.0,44.1,94.6,314.3
NIFTY,0,G_10:50_60,dte_matched_ex2122,163,19.1,44.0,50.6,79.4,91.4,10.0,34.0,40.8,48.2,76.7
NIFTY,0,G_10:50_60,all_days,2754,20.2,45.9,58.4,109.5,479.6,10.8,34.2,44.7,80.3,314.3
NIFTY,0,G_10:50_60,dte_matched,358,21.3,46.7,61.2,136.7,479.6,10.8,35.0,44.1,94.6,314.3
NIFTY,0,G_10:50_60,dte_matched_ex2122,163,19.1,44.0,50.6,79.4,91.4,10.0,34.0,40.8,48.2,76.7
NIFTY,0,G_10:50_60,all_days,2754,20.2,45.9,58.4,109.5,479.6,10.8,34.2,44.7,80.3,314.3
NIFTY,0,G_10:50_60,dte_matched,358,21.3,46.7,61.2,136.7,479.6,10.8,35.0,44.1,94.6,314.3
NIFTY,0,G_10:50_60,dte_matched_ex2122,163,19.1,44.0,50.6,79.4,91.4,10.0,34.0,40.8,48.2,76.7
NIFTY,0,G_10:50_60,all_days,2754,20.2,45.9,58.4,109.5,479.6,10.8,34.2,44.7,80.3,314.3
NIFTY,0,G_10:50_90,dte_matched,358,26.4,61.2,74.6,136.7,479.6,15.5,46.7,60.5,113.3,282.2
NIFTY,0,G_10:50_90,dte_matched_ex2122,163,22.7,53.7,67.0,83.4,101.4,13.3,45.6,56.8,73.3,95.9
NIFTY,0,G_10:50_90,all_days,2754,24.7,56.2,73.7,130.1,479.6,14.0,42.0,55.5,96.2,388.3
NIFTY,0,G_10:50_90,dte_matched,358,26.4,61.2,74.6,136.7,479.6,15.5,46.7,60.5,113.3,282.2
NIFTY,0,G_10:50_90,dte_matched_ex2122,163,22.7,53.7,67.0,83.4,101.4,13.3,45.6,56.8,73.3,95.9
NIFTY,0,G_10:50_90,all_days,2754,24.7,56.2,73.7,130.1,479.6,14.0,42.0,55.5,96.2,388.3
NIFTY,0,G_10:50_90,dte_matched,358,26.4,61.2,74.6,136.7,479.6,15.5,46.7,60.5,113.3,282.2
NIFTY,0,G_10:50_90,dte_matched_ex2122,163,22.7,53.7,67.0,83.4,101.4,13.3,45.6,56.8,73.3,95.9
NIFTY,0,G_10:50_90,all_days,2754,24.7,56.2,73.7,130.1,479.6,14.0,42.0,55.5,96.2,388.3
NIFTY,0,G_10:50_H,dte_matched,358,55.8,121.9,160.3,235.5,712.6,32.8,102.9,125.6,218.4,318.6
NIFTY,0,G_10:50_H,dte_matched_ex2122,163,48.1,99.7,120.6,172.1,192.8,29.3,89.2,113.8,143.2,184.0
NIFTY,0,G_10:50_H,all_days,2754,53.6,119.7,154.1,256.1,733.1,31.5,98.1,124.3,210.9,638.4
NIFTY,0,G_10:50_H,dte_matched,358,55.8,121.9,160.3,235.5,712.6,32.8,102.9,125.6,218.4,318.6
NIFTY,0,G_10:50_H,dte_matched_ex2122,163,48.1,99.7,120.6,172.1,192.8,29.3,89.2,113.8,143.2,184.0
NIFTY,0,G_10:50_H,all_days,2754,53.6,119.7,154.1,256.1,733.1,31.5,98.1,124.3,210.9,638.4
NIFTY,0,G_10:50_H,dte_matched,358,55.8,121.9,160.3,235.5,712.6,32.8,102.9,125.6,218.4,318.6
NIFTY,0,G_10:50_H,dte_matched_ex2122,163,48.1,99.7,120.6,172.1,192.8,29.3,89.2,113.8,143.2,184.0
NIFTY,0,G_10:50_H,all_days,2754,53.6,119.7,154.1,256.1,733.1,31.5,98.1,124.3,210.9,638.4
NIFTY,0,G_11:20_120,dte_matched,358,29.5,71.2,87.7,143.3,209.8,16.7,53.2,72.8,128.5,198.1
NIFTY,0,G_11:20_120,dte_matched_ex2122,163,26.2,58.8,71.2,123.1,142.2,13.5,47.6,63.2,107.7,130.0
NIFTY,0,G_11:20_120,all_days,2753,29.3,68.6,88.5,143.3,576.1,16.3,51.3,68.7,120.9,538.8
NIFTY,0,G_11:20_120,dte_matched,358,29.5,71.2,87.7,143.3,209.8,16.7,53.2,72.8,128.5,198.1
NIFTY,0,G_11:20_120,dte_matched_ex2122,163,26.2,58.8,71.2,123.1,142.2,13.5,47.6,63.2,107.7,130.0
NIFTY,0,G_11:20_120,all_days,2753,29.3,68.6,88.5,143.3,576.1,16.3,51.3,68.7,120.9,538.8
NIFTY,0,G_11:20_120,dte_matched,358,29.5,71.2,87.7,143.3,209.8,16.7,53.2,72.8,128.5,198.1
NIFTY,0,G_11:20_120,dte_matched_ex2122,163,26.2,58.8,71.2,123.1,142.2,13.5,47.6,63.2,107.7,130.0
NIFTY,0,G_11:20_120,all_days,2753,29.3,68.6,88.5,143.3,576.1,16.3,51.3,68.7,120.9,538.8
NIFTY,0,G_11:20_60,dte_matched,358,22.1,50.8,64.2,106.6,185.1,13.1,39.0,49.9,78.6,147.7
NIFTY,0,G_11:20_60,dte_matched_ex2122,163,18.3,40.3,53.9,79.4,94.4,10.3,32.0,44.4,70.3,83.0
NIFTY,0,G_11:20_60,all_days,2753,19.9,45.5,57.6,94.4,359.2,11.2,33.0,45.5,75.9,347.8
NIFTY,0,G_11:20_60,dte_matched,358,22.1,50.8,64.2,106.6,185.1,13.1,39.0,49.9,78.6,147.7
NIFTY,0,G_11:20_60,dte_matched_ex2122,163,18.3,40.3,53.9,79.4,94.4,10.3,32.0,44.4,70.3,83.0
NIFTY,0,G_11:20_60,all_days,2753,19.9,45.5,57.6,94.4,359.2,11.2,33.0,45.5,75.9,347.8
NIFTY,0,G_11:20_60,dte_matched,358,22.1,50.8,64.2,106.6,185.1,13.1,39.0,49.9,78.6,147.7
NIFTY,0,G_11:20_60,dte_matched_ex2122,163,18.3,40.3,53.9,79.4,94.4,10.3,32.0,44.4,70.3,83.0
NIFTY,0,G_11:20_60,all_days,2753,19.9,45.5,57.6,94.4,359.2,11.2,33.0,45.5,75.9,347.8
NIFTY,0,G_11:20_90,dte_matched,358,26.9,58.5,71.7,129.5,192.1,13.4,46.4,59.3,112.1,173.4
NIFTY,0,G_11:20_90,dte_matched_ex2122,163,22.9,49.7,61.6,94.4,142.2,12.2,37.3,47.0,79.3,134.5
NIFTY,0,G_11:20_90,all_days,2753,24.8,56.3,73.3,120.0,406.3,13.4,43.8,57.5,98.4,404.6
NIFTY,0,G_11:20_90,dte_matched,358,26.9,58.5,71.7,129.5,192.1,13.4,46.4,59.3,112.1,173.4
NIFTY,0,G_11:20_90,dte_matched_ex2122,163,22.9,49.7,61.6,94.4,142.2,12.2,37.3,47.0,79.3,134.5
NIFTY,0,G_11:20_90,all_days,2753,24.8,56.3,73.3,120.0,406.3,13.4,43.8,57.5,98.4,404.6
NIFTY,0,G_11:20_90,dte_matched,358,26.9,58.5,71.7,129.5,192.1,13.4,46.4,59.3,112.1,173.4
NIFTY,0,G_11:20_90,dte_matched_ex2122,163,22.9,49.7,61.6,94.4,142.2,12.2,37.3,47.0,79.3,134.5
NIFTY,0,G_11:20_90,all_days,2753,24.8,56.3,73.3,120.0,406.3,13.4,43.8,57.5,98.4,404.6
NIFTY,0,G_11:20_H,dte_matched,358,50.9,121.3,156.8,224.7,418.5,30.7,96.8,133.7,180.1,248.3
NIFTY,0,G_11:20_H,dte_matched_ex2122,163,42.5,94.9,128.5,167.0,203.7,24.8,82.0,107.4,144.4,180.1
NIFTY,0,G_11:20_H,all_days,2753,50.8,114.3,142.3,248.4,710.3,30.6,92.7,118.8,195.2,615.8
NIFTY,0,G_11:20_H,dte_matched,358,50.9,121.3,156.8,224.7,418.5,30.7,96.8,133.7,180.1,248.3
NIFTY,0,G_11:20_H,dte_matched_ex2122,163,42.5,94.9,128.5,167.0,203.7,24.8,82.0,107.4,144.4,180.1
NIFTY,0,G_11:20_H,all_days,2753,50.8,114.3,142.3,248.4,710.3,30.6,92.7,118.8,195.2,615.8
NIFTY,0,G_11:20_H,dte_matched,358,50.9,121.3,156.8,224.7,418.5,30.7,96.8,133.7,180.1,248.3
NIFTY,0,G_11:20_H,dte_matched_ex2122,163,42.5,94.9,128.5,167.0,203.7,24.8,82.0,107.4,144.4,180.1
NIFTY,0,G_11:20_H,all_days,2753,50.8,114.3,142.3,248.4,710.3,30.6,92.7,118.8,195.2,615.8
NIFTY,0,G_11:50_120,dte_matched,357,31.3,70.9,92.4,146.7,186.8,16.5,55.5,72.8,115.5,177.1
NIFTY,0,G_11:50_120,dte_matched_ex2122,162,25.7,63.4,79.6,105.9,181.7,12.5,55.4,65.3,93.4,177.1
NIFTY,0,G_11:50_120,all_days,2753,30.6,71.1,91.8,152.8,637.4,16.5,53.4,71.6,118.1,447.2
NIFTY,0,G_11:50_120,dte_matched,357,31.3,70.9,92.4,146.7,186.8,16.5,55.5,72.8,115.5,177.1
NIFTY,0,G_11:50_120,dte_matched_ex2122,162,25.7,63.4,79.6,105.9,181.7,12.5,55.4,65.3,93.4,177.1
NIFTY,0,G_11:50_120,all_days,2753,30.6,71.1,91.8,152.8,637.4,16.5,53.4,71.6,118.1,447.2
NIFTY,0,G_11:50_120,dte_matched,357,31.3,70.9,92.4,146.7,186.8,16.5,55.5,72.8,115.5,177.1
NIFTY,0,G_11:50_120,dte_matched_ex2122,162,25.7,63.4,79.6,105.9,181.7,12.5,55.4,65.3,93.4,177.1
NIFTY,0,G_11:50_120,all_days,2753,30.6,71.1,91.8,152.8,637.4,16.5,53.4,71.6,118.1,447.2
NIFTY,0,G_11:50_60,dte_matched,357,20.9,45.8,56.7,93.7,167.0,11.0,34.6,45.4,75.0,106.7
NIFTY,0,G_11:50_60,dte_matched_ex2122,162,17.5,42.7,46.1,65.9,105.6,9.0,32.6,38.3,60.7,97.8
NIFTY,0,G_11:50_60,all_days,2753,20.3,46.6,58.3,101.3,368.3,11.0,34.3,47.5,84.6,318.8
NIFTY,0,G_11:50_60,dte_matched,357,20.9,45.8,56.7,93.7,167.0,11.0,34.6,45.4,75.0,106.7
NIFTY,0,G_11:50_60,dte_matched_ex2122,162,17.5,42.7,46.1,65.9,105.6,9.0,32.6,38.3,60.7,97.8
NIFTY,0,G_11:50_60,all_days,2753,20.3,46.6,58.3,101.3,368.3,11.0,34.3,47.5,84.6,318.8
NIFTY,0,G_11:50_60,dte_matched,357,20.9,45.8,56.7,93.7,167.0,11.0,34.6,45.4,75.0,106.7
NIFTY,0,G_11:50_60,dte_matched_ex2122,162,17.5,42.7,46.1,65.9,105.6,9.0,32.6,38.3,60.7,97.8
NIFTY,0,G_11:50_60,all_days,2753,20.3,46.6,58.3,101.3,368.3,11.0,34.3,47.5,84.6,318.8
NIFTY,0,G_11:50_90,dte_matched,357,25.6,61.9,79.6,117.3,167.0,12.5,45.8,66.1,93.9,127.5
NIFTY,0,G_11:50_90,dte_matched_ex2122,162,19.9,52.5,67.3,85.4,117.3,9.4,37.5,59.1,82.2,102.0
NIFTY,0,G_11:50_90,all_days,2753,25.6,58.3,77.6,122.6,603.9,13.5,44.1,60.1,104.8,507.4
NIFTY,0,G_11:50_90,dte_matched,357,25.6,61.9,79.6,117.3,167.0,12.5,45.8,66.1,93.9,127.5
NIFTY,0,G_11:50_90,dte_matched_ex2122,162,19.9,52.5,67.3,85.4,117.3,9.4,37.5,59.1,82.2,102.0
NIFTY,0,G_11:50_90,all_days,2753,25.6,58.3,77.6,122.6,603.9,13.5,44.1,60.1,104.8,507.4
NIFTY,0,G_11:50_90,dte_matched,357,25.6,61.9,79.6,117.3,167.0,12.5,45.8,66.1,93.9,127.5
NIFTY,0,G_11:50_90,dte_matched_ex2122,162,19.9,52.5,67.3,85.4,117.3,9.4,37.5,59.1,82.2,102.0
NIFTY,0,G_11:50_90,all_days,2753,25.6,58.3,77.6,122.6,603.9,13.5,44.1,60.1,104.8,507.4
NIFTY,0,G_11:50_H,dte_matched,357,47.3,112.7,149.7,197.9,386.2,26.6,90.7,119.8,165.5,231.5
NIFTY,0,G_11:50_H,dte_matched_ex2122,162,39.6,92.9,119.2,145.4,197.9,24.9,83.2,106.3,131.0,174.4
NIFTY,0,G_11:50_H,all_days,2753,48.0,109.7,138.6,235.9,637.4,28.5,88.4,113.6,189.0,492.7
NIFTY,0,G_11:50_H,dte_matched,357,47.3,112.7,149.7,197.9,386.2,26.6,90.7,119.8,165.5,231.5
NIFTY,0,G_11:50_H,dte_matched_ex2122,162,39.6,92.9,119.2,145.4,197.9,24.9,83.2,106.3,131.0,174.4
NIFTY,0,G_11:50_H,all_days,2753,48.0,109.7,138.6,235.9,637.4,28.5,88.4,113.6,189.0,492.7
NIFTY,0,G_11:50_H,dte_matched,357,47.3,112.7,149.7,197.9,386.2,26.6,90.7,119.8,165.5,231.5
NIFTY,0,G_11:50_H,dte_matched_ex2122,162,39.6,92.9,119.2,145.4,197.9,24.9,83.2,106.3,131.0,174.4
NIFTY,0,G_11:50_H,all_days,2753,48.0,109.7,138.6,235.9,637.4,28.5,88.4,113.6,189.0,492.7
NIFTY,0,G_12:20_120,dte_matched,357,33.0,81.3,104.7,164.0,418.7,18.8,66.7,87.0,139.1,326.8
NIFTY,0,G_12:20_120,dte_matched_ex2122,162,26.7,76.8,90.6,113.8,182.2,14.0,58.5,73.6,107.9,173.2
NIFTY,0,G_12:20_120,all_days,2753,33.6,76.5,98.2,185.8,503.1,18.3,60.9,82.7,155.1,503.1
NIFTY,0,G_12:20_120,dte_matched,357,33.0,81.3,104.7,164.0,418.7,18.8,66.7,87.0,139.1,326.8
NIFTY,0,G_12:20_120,dte_matched_ex2122,162,26.7,76.8,90.6,113.8,182.2,14.0,58.5,73.6,107.9,173.2
NIFTY,0,G_12:20_120,all_days,2753,33.6,76.5,98.2,185.8,503.1,18.3,60.9,82.7,155.1,503.1
NIFTY,0,G_12:20_120,dte_matched,357,33.0,81.3,104.7,164.0,418.7,18.8,66.7,87.0,139.1,326.8
NIFTY,0,G_12:20_120,dte_matched_ex2122,162,26.7,76.8,90.6,113.8,182.2,14.0,58.5,73.6,107.9,173.2
NIFTY,0,G_12:20_120,all_days,2753,33.6,76.5,98.2,185.8,503.1,18.3,60.9,82.7,155.1,503.1
NIFTY,0,G_12:20_60,dte_matched,357,21.0,51.0,69.6,104.6,196.0,10.4,38.6,58.0,87.3,112.2
NIFTY,0,G_12:20_60,dte_matched_ex2122,162,16.1,43.2,63.2,85.7,104.6,8.5,29.9,57.2,81.6,89.3
NIFTY,0,G_12:20_60,all_days,2753,21.2,48.5,63.3,115.7,418.0,11.2,36.9,50.3,88.1,389.0
NIFTY,0,G_12:20_60,dte_matched,357,21.0,51.0,69.6,104.6,196.0,10.4,38.6,58.0,87.3,112.2
NIFTY,0,G_12:20_60,dte_matched_ex2122,162,16.1,43.2,63.2,85.7,104.6,8.5,29.9,57.2,81.6,89.3
NIFTY,0,G_12:20_60,all_days,2753,21.2,48.5,63.3,115.7,418.0,11.2,36.9,50.3,88.1,389.0
NIFTY,0,G_12:20_60,dte_matched,357,21.0,51.0,69.6,104.6,196.0,10.4,38.6,58.0,87.3,112.2
NIFTY,0,G_12:20_60,dte_matched_ex2122,162,16.1,43.2,63.2,85.7,104.6,8.5,29.9,57.2,81.6,89.3
NIFTY,0,G_12:20_60,all_days,2753,21.2,48.5,63.3,115.7,418.0,11.2,36.9,50.3,88.1,389.0
NIFTY,0,G_12:20_90,dte_matched,357,27.3,70.7,87.7,131.3,218.7,15.8,49.8,69.2,103.4,207.6
NIFTY,0,G_12:20_90,dte_matched_ex2122,162,22.0,53.5,80.5,104.7,168.9,12.3,47.3,59.8,82.7,164.2
NIFTY,0,G_12:20_90,all_days,2753,27.6,62.6,80.7,145.8,450.9,15.2,47.9,62.8,116.8,419.6
NIFTY,0,G_12:20_90,dte_matched,357,27.3,70.7,87.7,131.3,218.7,15.8,49.8,69.2,103.4,207.6
NIFTY,0,G_12:20_90,dte_matched_ex2122,162,22.0,53.5,80.5,104.7,168.9,12.3,47.3,59.8,82.7,164.2
NIFTY,0,G_12:20_90,all_days,2753,27.6,62.6,80.7,145.8,450.9,15.2,47.9,62.8,116.8,419.6
NIFTY,0,G_12:20_90,dte_matched,357,27.3,70.7,87.7,131.3,218.7,15.8,49.8,69.2,103.4,207.6
NIFTY,0,G_12:20_90,dte_matched_ex2122,162,22.0,53.5,80.5,104.7,168.9,12.3,47.3,59.8,82.7,164.2
NIFTY,0,G_12:20_90,all_days,2753,27.6,62.6,80.7,145.8,450.9,15.2,47.9,62.8,116.8,419.6
NIFTY,0,G_12:20_H,dte_matched,357,44.6,105.0,153.4,200.4,418.7,25.9,87.3,117.0,160.0,200.3
NIFTY,0,G_12:20_H,dte_matched_ex2122,162,37.5,84.1,101.4,158.2,185.0,22.6,72.6,94.3,130.0,161.5
NIFTY,0,G_12:20_H,all_days,2753,45.6,103.6,131.1,229.2,558.1,26.9,84.4,107.5,175.7,465.0
NIFTY,0,G_12:20_H,dte_matched,357,44.6,105.0,153.4,200.4,418.7,25.9,87.3,117.0,160.0,200.3
NIFTY,0,G_12:20_H,dte_matched_ex2122,162,37.5,84.1,101.4,158.2,185.0,22.6,72.6,94.3,130.0,161.5
NIFTY,0,G_12:20_H,all_days,2753,45.6,103.6,131.1,229.2,558.1,26.9,84.4,107.5,175.7,465.0
NIFTY,0,G_12:20_H,dte_matched,357,44.6,105.0,153.4,200.4,418.7,25.9,87.3,117.0,160.0,200.3
NIFTY,0,G_12:20_H,dte_matched_ex2122,162,37.5,84.1,101.4,158.2,185.0,22.6,72.6,94.3,130.0,161.5
NIFTY,0,G_12:20_H,all_days,2753,45.6,103.6,131.1,229.2,558.1,26.9,84.4,107.5,175.7,465.0
NIFTY,0,G_12:50_120,dte_matched,357,35.3,80.2,110.9,178.1,367.5,20.9,62.0,88.6,136.8,214.1
NIFTY,0,G_12:50_120,dte_matched_ex2122,162,29.3,63.2,78.4,117.5,178.1,16.3,56.0,66.9,114.8,158.1
NIFTY,0,G_12:50_120,all_days,2753,35.5,82.1,108.3,188.4,400.0,20.1,62.9,83.2,142.8,290.0
NIFTY,0,G_12:50_120,dte_matched,357,35.3,80.2,110.9,178.1,367.5,20.9,62.0,88.6,136.8,214.1
NIFTY,0,G_12:50_120,dte_matched_ex2122,162,29.3,63.2,78.4,117.5,178.1,16.3,56.0,66.9,114.8,158.1
NIFTY,0,G_12:50_120,all_days,2753,35.5,82.1,108.3,188.4,400.0,20.1,62.9,83.2,142.8,290.0
NIFTY,0,G_12:50_120,dte_matched,357,35.3,80.2,110.9,178.1,367.5,20.9,62.0,88.6,136.8,214.1
NIFTY,0,G_12:50_120,dte_matched_ex2122,162,29.3,63.2,78.4,117.5,178.1,16.3,56.0,66.9,114.8,158.1
NIFTY,0,G_12:50_120,all_days,2753,35.5,82.1,108.3,188.4,400.0,20.1,62.9,83.2,142.8,290.0
NIFTY,0,G_12:50_60,dte_matched,357,21.7,53.6,70.6,136.3,240.6,11.8,42.2,53.8,105.7,227.5
NIFTY,0,G_12:50_60,dte_matched_ex2122,162,17.3,44.9,53.6,76.6,161.9,10.1,35.7,46.7,65.6,157.3
NIFTY,0,G_12:50_60,all_days,2753,22.6,51.7,68.1,124.4,308.7,12.3,39.7,52.6,91.6,227.5
NIFTY,0,G_12:50_60,dte_matched,357,21.7,53.6,70.6,136.3,240.6,11.8,42.2,53.8,105.7,227.5
NIFTY,0,G_12:50_60,dte_matched_ex2122,162,17.3,44.9,53.6,76.6,161.9,10.1,35.7,46.7,65.6,157.3
NIFTY,0,G_12:50_60,all_days,2753,22.6,51.7,68.1,124.4,308.7,12.3,39.7,52.6,91.6,227.5
NIFTY,0,G_12:50_60,dte_matched,357,21.7,53.6,70.6,136.3,240.6,11.8,42.2,53.8,105.7,227.5
NIFTY,0,G_12:50_60,dte_matched_ex2122,162,17.3,44.9,53.6,76.6,161.9,10.1,35.7,46.7,65.6,157.3
NIFTY,0,G_12:50_60,all_days,2753,22.6,51.7,68.1,124.4,308.7,12.3,39.7,52.6,91.6,227.5
NIFTY,0,G_12:50_90,dte_matched,357,28.5,70.8,94.6,163.9,367.5,15.9,54.3,74.9,134.6,276.1
NIFTY,0,G_12:50_90,dte_matched_ex2122,162,23.1,54.3,72.6,96.6,175.3,11.8,45.6,58.0,80.8,166.2
NIFTY,0,G_12:50_90,all_days,2753,29.5,68.0,91.6,157.8,367.5,15.8,53.6,70.4,135.9,296.5
NIFTY,0,G_12:50_90,dte_matched,357,28.5,70.8,94.6,163.9,367.5,15.9,54.3,74.9,134.6,276.1
NIFTY,0,G_12:50_90,dte_matched_ex2122,162,23.1,54.3,72.6,96.6,175.3,11.8,45.6,58.0,80.8,166.2
NIFTY,0,G_12:50_90,all_days,2753,29.5,68.0,91.6,157.8,367.5,15.8,53.6,70.4,135.9,296.5
NIFTY,0,G_12:50_90,dte_matched,357,28.5,70.8,94.6,163.9,367.5,15.9,54.3,74.9,134.6,276.1
NIFTY,0,G_12:50_90,dte_matched_ex2122,162,23.1,54.3,72.6,96.6,175.3,11.8,45.6,58.0,80.8,166.2
NIFTY,0,G_12:50_90,all_days,2753,29.5,68.0,91.6,157.8,367.5,15.8,53.6,70.4,135.9,296.5
NIFTY,0,G_12:50_H,dte_matched,357,42.7,96.7,128.6,195.5,367.5,25.4,79.9,115.8,145.5,189.3
NIFTY,0,G_12:50_H,dte_matched_ex2122,162,36.4,77.7,88.4,150.1,179.6,22.6,63.8,76.6,134.1,154.6
NIFTY,0,G_12:50_H,all_days,2753,42.4,98.1,124.4,206.1,400.0,25.7,77.2,101.3,164.3,344.9
NIFTY,0,G_12:50_H,dte_matched,357,42.7,96.7,128.6,195.5,367.5,25.4,79.9,115.8,145.5,189.3
NIFTY,0,G_12:50_H,dte_matched_ex2122,162,36.4,77.7,88.4,150.1,179.6,22.6,63.8,76.6,134.1,154.6
NIFTY,0,G_12:50_H,all_days,2753,42.4,98.1,124.4,206.1,400.0,25.7,77.2,101.3,164.3,344.9
NIFTY,0,G_12:50_H,dte_matched,357,42.7,96.7,128.6,195.5,367.5,25.4,79.9,115.8,145.5,189.3
NIFTY,0,G_12:50_H,dte_matched_ex2122,162,36.4,77.7,88.4,150.1,179.6,22.6,63.8,76.6,134.1,154.6
NIFTY,0,G_12:50_H,all_days,2753,42.4,98.1,124.4,206.1,400.0,25.7,77.2,101.3,164.3,344.9
NIFTY,0,G_13:20_120,dte_matched,358,39.3,91.2,124.3,169.4,368.9,21.8,69.8,93.8,149.4,157.6
NIFTY,0,G_13:20_120,dte_matched_ex2122,163,32.4,63.7,81.4,147.4,169.4,17.1,56.9,70.2,124.6,155.5
NIFTY,0,G_13:20_120,all_days,2754,39.0,91.2,117.6,185.8,442.6,23.3,71.6,94.1,149.7,418.3
NIFTY,0,G_13:20_120,dte_matched,358,39.3,91.2,124.3,169.4,368.9,21.8,69.8,93.8,149.4,157.6
NIFTY,0,G_13:20_120,dte_matched_ex2122,163,32.4,63.7,81.4,147.4,169.4,17.1,56.9,70.2,124.6,155.5
NIFTY,0,G_13:20_120,all_days,2754,39.0,91.2,117.6,185.8,442.6,23.3,71.6,94.1,149.7,418.3
NIFTY,0,G_13:20_120,dte_matched,358,39.3,91.2,124.3,169.4,368.9,21.8,69.8,93.8,149.4,157.6
NIFTY,0,G_13:20_120,dte_matched_ex2122,163,32.4,63.7,81.4,147.4,169.4,17.1,56.9,70.2,124.6,155.5
NIFTY,0,G_13:20_120,all_days,2754,39.0,91.2,117.6,185.8,442.6,23.3,71.6,94.1,149.7,418.3
NIFTY,0,G_13:20_60,dte_matched,358,25.4,61.8,81.4,126.2,368.9,13.3,46.0,67.6,101.9,277.5
NIFTY,0,G_13:20_60,dte_matched_ex2122,163,21.1,46.9,60.5,92.2,101.5,10.9,33.9,44.1,67.6,95.6
NIFTY,0,G_13:20_60,all_days,2754,25.1,60.2,77.3,124.4,368.9,13.5,46.5,62.2,108.2,277.5
NIFTY,0,G_13:20_60,dte_matched,358,25.4,61.8,81.4,126.2,368.9,13.3,46.0,67.6,101.9,277.5
NIFTY,0,G_13:20_60,dte_matched_ex2122,163,21.1,46.9,60.5,92.2,101.5,10.9,33.9,44.1,67.6,95.6
NIFTY,0,G_13:20_60,all_days,2754,25.1,60.2,77.3,124.4,368.9,13.5,46.5,62.2,108.2,277.5
NIFTY,0,G_13:20_60,dte_matched,358,25.4,61.8,81.4,126.2,368.9,13.3,46.0,67.6,101.9,277.5
NIFTY,0,G_13:20_60,dte_matched_ex2122,163,21.1,46.9,60.5,92.2,101.5,10.9,33.9,44.1,67.6,95.6
NIFTY,0,G_13:20_60,all_days,2754,25.1,60.2,77.3,124.4,368.9,13.5,46.5,62.2,108.2,277.5
NIFTY,0,G_13:20_90,dte_matched,358,32.1,74.0,103.8,133.5,368.9,18.1,56.2,81.9,114.6,178.4
NIFTY,0,G_13:20_90,dte_matched_ex2122,163,26.4,55.4,66.4,111.7,131.3,13.1,41.2,57.8,111.1,126.6
NIFTY,0,G_13:20_90,all_days,2754,31.5,75.2,99.9,156.4,391.8,17.2,57.3,76.3,126.6,281.7
NIFTY,0,G_13:20_90,dte_matched,358,32.1,74.0,103.8,133.5,368.9,18.1,56.2,81.9,114.6,178.4
NIFTY,0,G_13:20_90,dte_matched_ex2122,163,26.4,55.4,66.4,111.7,131.3,13.1,41.2,57.8,111.1,126.6
NIFTY,0,G_13:20_90,all_days,2754,31.5,75.2,99.9,156.4,391.8,17.2,57.3,76.3,126.6,281.7
NIFTY,0,G_13:20_90,dte_matched,358,32.1,74.0,103.8,133.5,368.9,18.1,56.2,81.9,114.6,178.4
NIFTY,0,G_13:20_90,dte_matched_ex2122,163,26.4,55.4,66.4,111.7,131.3,13.1,41.2,57.8,111.1,126.6
NIFTY,0,G_13:20_90,all_days,2754,31.5,75.2,99.9,156.4,391.8,17.2,57.3,76.3,126.6,281.7
NIFTY,0,G_13:20_H,dte_matched,358,39.3,91.2,124.3,169.4,368.9,21.8,69.8,93.8,149.4,157.6
NIFTY,0,G_13:20_H,dte_matched_ex2122,163,32.4,63.7,81.4,147.4,169.4,17.1,56.9,70.2,124.6,155.5
NIFTY,0,G_13:20_H,all_days,2754,39.0,91.2,117.6,185.8,442.6,23.3,71.6,94.1,149.7,418.3
NIFTY,0,G_13:20_H,dte_matched,358,39.3,91.2,124.3,169.4,368.9,21.8,69.8,93.8,149.4,157.6
NIFTY,0,G_13:20_H,dte_matched_ex2122,163,32.4,63.7,81.4,147.4,169.4,17.1,56.9,70.2,124.6,155.5
NIFTY,0,G_13:20_H,all_days,2754,39.0,91.2,117.6,185.8,442.6,23.3,71.6,94.1,149.7,418.3
NIFTY,0,G_13:20_H,dte_matched,358,39.3,91.2,124.3,169.4,368.9,21.8,69.8,93.8,149.4,157.6
NIFTY,0,G_13:20_H,dte_matched_ex2122,163,32.4,63.7,81.4,147.4,169.4,17.1,56.9,70.2,124.6,155.5
NIFTY,0,G_13:20_H,all_days,2754,39.0,91.2,117.6,185.8,442.6,23.3,71.6,94.1,149.7,418.3
NIFTY,0,G_13:50_120,dte_matched,358,34.3,74.8,95.3,175.4,300.1,19.8,61.0,78.6,142.9,176.9
NIFTY,0,G_13:50_120,dte_matched_ex2122,163,27.8,57.0,66.0,101.3,175.4,15.2,47.1,60.0,101.3,153.2
NIFTY,0,G_13:50_120,all_days,2754,34.7,79.1,99.4,157.4,351.4,20.9,63.6,81.5,129.7,326.9
NIFTY,0,G_13:50_120,dte_matched,358,34.3,74.8,95.3,175.4,300.1,19.8,61.0,78.6,142.9,176.9
NIFTY,0,G_13:50_120,dte_matched_ex2122,163,27.8,57.0,66.0,101.3,175.4,15.2,47.1,60.0,101.3,153.2
NIFTY,0,G_13:50_120,all_days,2754,34.7,79.1,99.4,157.4,351.4,20.9,63.6,81.5,129.7,326.9
NIFTY,0,G_13:50_120,dte_matched,358,34.3,74.8,95.3,175.4,300.1,19.8,61.0,78.6,142.9,176.9
NIFTY,0,G_13:50_120,dte_matched_ex2122,163,27.8,57.0,66.0,101.3,175.4,15.2,47.1,60.0,101.3,153.2
NIFTY,0,G_13:50_120,all_days,2754,34.7,79.1,99.4,157.4,351.4,20.9,63.6,81.5,129.7,326.9
NIFTY,0,G_13:50_60,dte_matched,358,26.6,57.7,72.8,109.4,300.1,14.1,42.6,52.4,96.9,236.3
NIFTY,0,G_13:50_60,dte_matched_ex2122,163,21.3,41.8,49.1,65.3,137.3,10.8,34.1,43.0,61.8,132.6
NIFTY,0,G_13:50_60,all_days,2754,26.7,62.4,79.7,123.7,341.5,14.4,45.8,61.6,101.2,236.3
NIFTY,0,G_13:50_60,dte_matched,358,26.6,57.7,72.8,109.4,300.1,14.1,42.6,52.4,96.9,236.3
NIFTY,0,G_13:50_60,dte_matched_ex2122,163,21.3,41.8,49.1,65.3,137.3,10.8,34.1,43.0,61.8,132.6
NIFTY,0,G_13:50_60,all_days,2754,26.7,62.4,79.7,123.7,341.5,14.4,45.8,61.6,101.2,236.3
NIFTY,0,G_13:50_60,dte_matched,358,26.6,57.7,72.8,109.4,300.1,14.1,42.6,52.4,96.9,236.3
NIFTY,0,G_13:50_60,dte_matched_ex2122,163,21.3,41.8,49.1,65.3,137.3,10.8,34.1,43.0,61.8,132.6
NIFTY,0,G_13:50_60,all_days,2754,26.7,62.4,79.7,123.7,341.5,14.4,45.8,61.6,101.2,236.3
NIFTY,0,G_13:50_90,dte_matched,358,34.3,74.8,95.3,175.4,300.1,19.8,61.0,78.6,142.9,176.9
NIFTY,0,G_13:50_90,dte_matched_ex2122,163,27.8,57.0,66.0,101.3,175.4,15.2,47.1,60.0,101.3,153.2
NIFTY,0,G_13:50_90,all_days,2754,34.7,79.1,99.4,157.4,351.4,20.9,63.6,81.5,129.7,326.9
NIFTY,0,G_13:50_90,dte_matched,358,34.3,74.8,95.3,175.4,300.1,19.8,61.0,78.6,142.9,176.9
NIFTY,0,G_13:50_90,dte_matched_ex2122,163,27.8,57.0,66.0,101.3,175.4,15.2,47.1,60.0,101.3,153.2
NIFTY,0,G_13:50_90,all_days,2754,34.7,79.1,99.4,157.4,351.4,20.9,63.6,81.5,129.7,326.9
NIFTY,0,G_13:50_90,dte_matched,358,34.3,74.8,95.3,175.4,300.1,19.8,61.0,78.6,142.9,176.9
NIFTY,0,G_13:50_90,dte_matched_ex2122,163,27.8,57.0,66.0,101.3,175.4,15.2,47.1,60.0,101.3,153.2
NIFTY,0,G_13:50_90,all_days,2754,34.7,79.1,99.4,157.4,351.4,20.9,63.6,81.5,129.7,326.9
NIFTY,0,G_13:50_H,dte_matched,358,34.3,74.8,95.3,175.4,300.1,19.8,61.0,78.6,142.9,176.9
NIFTY,0,G_13:50_H,dte_matched_ex2122,163,27.8,57.0,66.0,101.3,175.4,15.2,47.1,60.0,101.3,153.2
NIFTY,0,G_13:50_H,all_days,2754,34.7,79.1,99.4,157.4,351.4,20.9,63.6,81.5,129.7,326.9
NIFTY,0,G_13:50_H,dte_matched,358,34.3,74.8,95.3,175.4,300.1,19.8,61.0,78.6,142.9,176.9
NIFTY,0,G_13:50_H,dte_matched_ex2122,163,27.8,57.0,66.0,101.3,175.4,15.2,47.1,60.0,101.3,153.2
NIFTY,0,G_13:50_H,all_days,2754,34.7,79.1,99.4,157.4,351.4,20.9,63.6,81.5,129.7,326.9
NIFTY,0,G_13:50_H,dte_matched,358,34.3,74.8,95.3,175.4,300.1,19.8,61.0,78.6,142.9,176.9
NIFTY,0,G_13:50_H,dte_matched_ex2122,163,27.8,57.0,66.0,101.3,175.4,15.2,47.1,60.0,101.3,153.2
NIFTY,0,G_13:50_H,all_days,2754,34.7,79.1,99.4,157.4,351.4,20.9,63.6,81.5,129.7,326.9
NIFTY,0,G_14:20_120,dte_matched,358,28.7,67.9,79.8,139.8,338.7,16.5,52.3,71.3,118.6,282.2
NIFTY,0,G_14:20_120,dte_matched_ex2122,163,21.9,53.8,70.5,87.2,136.1,13.2,46.4,52.3,80.2,131.9
NIFTY,0,G_14:20_120,all_days,2754,29.3,65.6,83.1,133.8,338.7,17.1,52.8,70.2,110.5,282.2
NIFTY,0,G_14:20_120,dte_matched,358,28.7,67.9,79.8,139.8,338.7,16.5,52.3,71.3,118.6,282.2
NIFTY,0,G_14:20_120,dte_matched_ex2122,163,21.9,53.8,70.5,87.2,136.1,13.2,46.4,52.3,80.2,131.9
NIFTY,0,G_14:20_120,all_days,2754,29.3,65.6,83.1,133.8,338.7,17.1,52.8,70.2,110.5,282.2
NIFTY,0,G_14:20_120,dte_matched,358,28.7,67.9,79.8,139.8,338.7,16.5,52.3,71.3,118.6,282.2
NIFTY,0,G_14:20_120,dte_matched_ex2122,163,21.9,53.8,70.5,87.2,136.1,13.2,46.4,52.3,80.2,131.9
NIFTY,0,G_14:20_120,all_days,2754,29.3,65.6,83.1,133.8,338.7,17.1,52.8,70.2,110.5,282.2
NIFTY,0,G_14:20_60,dte_matched,358,28.7,67.9,79.8,139.8,338.7,16.5,52.3,71.3,118.6,282.2
NIFTY,0,G_14:20_60,dte_matched_ex2122,163,21.9,53.8,70.5,87.2,136.1,13.2,46.4,52.3,80.2,131.9
NIFTY,0,G_14:20_60,all_days,2754,29.3,65.6,83.1,133.8,338.7,17.1,52.8,70.2,110.5,282.2
NIFTY,0,G_14:20_60,dte_matched,358,28.7,67.9,79.8,139.8,338.7,16.5,52.3,71.3,118.6,282.2
NIFTY,0,G_14:20_60,dte_matched_ex2122,163,21.9,53.8,70.5,87.2,136.1,13.2,46.4,52.3,80.2,131.9
NIFTY,0,G_14:20_60,all_days,2754,29.3,65.6,83.1,133.8,338.7,17.1,52.8,70.2,110.5,282.2
NIFTY,0,G_14:20_60,dte_matched,358,28.7,67.9,79.8,139.8,338.7,16.5,52.3,71.3,118.6,282.2
NIFTY,0,G_14:20_60,dte_matched_ex2122,163,21.9,53.8,70.5,87.2,136.1,13.2,46.4,52.3,80.2,131.9
NIFTY,0,G_14:20_60,all_days,2754,29.3,65.6,83.1,133.8,338.7,17.1,52.8,70.2,110.5,282.2
NIFTY,0,G_14:20_90,dte_matched,358,28.7,67.9,79.8,139.8,338.7,16.5,52.3,71.3,118.6,282.2
NIFTY,0,G_14:20_90,dte_matched_ex2122,163,21.9,53.8,70.5,87.2,136.1,13.2,46.4,52.3,80.2,131.9
NIFTY,0,G_14:20_90,all_days,2754,29.3,65.6,83.1,133.8,338.7,17.1,52.8,70.2,110.5,282.2
NIFTY,0,G_14:20_90,dte_matched,358,28.7,67.9,79.8,139.8,338.7,16.5,52.3,71.3,118.6,282.2
NIFTY,0,G_14:20_90,dte_matched_ex2122,163,21.9,53.8,70.5,87.2,136.1,13.2,46.4,52.3,80.2,131.9
NIFTY,0,G_14:20_90,all_days,2754,29.3,65.6,83.1,133.8,338.7,17.1,52.8,70.2,110.5,282.2
NIFTY,0,G_14:20_90,dte_matched,358,28.7,67.9,79.8,139.8,338.7,16.5,52.3,71.3,118.6,282.2
NIFTY,0,G_14:20_90,dte_matched_ex2122,163,21.9,53.8,70.5,87.2,136.1,13.2,46.4,52.3,80.2,131.9
NIFTY,0,G_14:20_90,all_days,2754,29.3,65.6,83.1,133.8,338.7,17.1,52.8,70.2,110.5,282.2
NIFTY,0,G_14:20_H,dte_matched,358,28.7,67.9,79.8,139.8,338.7,16.5,52.3,71.3,118.6,282.2
NIFTY,0,G_14:20_H,dte_matched_ex2122,163,21.9,53.8,70.5,87.2,136.1,13.2,46.4,52.3,80.2,131.9
NIFTY,0,G_14:20_H,all_days,2754,29.3,65.6,83.1,133.8,338.7,17.1,52.8,70.2,110.5,282.2
NIFTY,0,G_14:20_H,dte_matched,358,28.7,67.9,79.8,139.8,338.7,16.5,52.3,71.3,118.6,282.2
NIFTY,0,G_14:20_H,dte_matched_ex2122,163,21.9,53.8,70.5,87.2,136.1,13.2,46.4,52.3,80.2,131.9
NIFTY,0,G_14:20_H,all_days,2754,29.3,65.6,83.1,133.8,338.7,17.1,52.8,70.2,110.5,282.2
NIFTY,0,G_14:20_H,dte_matched,358,28.7,67.9,79.8,139.8,338.7,16.5,52.3,71.3,118.6,282.2
NIFTY,0,G_14:20_H,dte_matched_ex2122,163,21.9,53.8,70.5,87.2,136.1,13.2,46.4,52.3,80.2,131.9
NIFTY,0,G_14:20_H,all_days,2754,29.3,65.6,83.1,133.8,338.7,17.1,52.8,70.2,110.5,282.2
NIFTY,0,G_14:30_120,dte_matched,358,25.8,62.1,71.7,117.3,167.2,16.2,50.7,61.7,78.3,113.1
NIFTY,0,G_14:30_120,dte_matched_ex2122,163,19.4,51.3,64.8,79.7,117.3,11.6,44.0,57.2,75.2,113.1
NIFTY,0,G_14:30_120,all_days,2754,26.6,59.3,74.0,118.1,336.7,16.1,48.2,62.7,100.0,312.1
NIFTY,0,G_14:30_120,dte_matched,358,25.8,62.1,71.7,117.3,167.2,16.2,50.7,61.7,78.3,113.1
NIFTY,0,G_14:30_120,dte_matched_ex2122,163,19.4,51.3,64.8,79.7,117.3,11.6,44.0,57.2,75.2,113.1
NIFTY,0,G_14:30_120,all_days,2754,26.6,59.3,74.0,118.1,336.7,16.1,48.2,62.7,100.0,312.1
NIFTY,0,G_14:30_120,dte_matched,358,25.8,62.1,71.7,117.3,167.2,16.2,50.7,61.7,78.3,113.1
NIFTY,0,G_14:30_120,dte_matched_ex2122,163,19.4,51.3,64.8,79.7,117.3,11.6,44.0,57.2,75.2,113.1
NIFTY,0,G_14:30_120,all_days,2754,26.6,59.3,74.0,118.1,336.7,16.1,48.2,62.7,100.0,312.1
NIFTY,0,G_14:30_60,dte_matched,358,25.8,62.1,71.7,117.3,167.2,16.2,50.7,61.7,78.3,113.1
NIFTY,0,G_14:30_60,dte_matched_ex2122,163,19.4,51.3,64.8,79.7,117.3,11.6,44.0,57.2,75.2,113.1
NIFTY,0,G_14:30_60,all_days,2754,26.6,59.3,74.0,118.1,336.7,16.1,48.2,62.7,100.0,312.1
NIFTY,0,G_14:30_60,dte_matched,358,25.8,62.1,71.7,117.3,167.2,16.2,50.7,61.7,78.3,113.1
NIFTY,0,G_14:30_60,dte_matched_ex2122,163,19.4,51.3,64.8,79.7,117.3,11.6,44.0,57.2,75.2,113.1
NIFTY,0,G_14:30_60,all_days,2754,26.6,59.3,74.0,118.1,336.7,16.1,48.2,62.7,100.0,312.1
NIFTY,0,G_14:30_60,dte_matched,358,25.8,62.1,71.7,117.3,167.2,16.2,50.7,61.7,78.3,113.1
NIFTY,0,G_14:30_60,dte_matched_ex2122,163,19.4,51.3,64.8,79.7,117.3,11.6,44.0,57.2,75.2,113.1
NIFTY,0,G_14:30_60,all_days,2754,26.6,59.3,74.0,118.1,336.7,16.1,48.2,62.7,100.0,312.1
NIFTY,0,G_14:30_90,dte_matched,358,25.8,62.1,71.7,117.3,167.2,16.2,50.7,61.7,78.3,113.1
NIFTY,0,G_14:30_90,dte_matched_ex2122,163,19.4,51.3,64.8,79.7,117.3,11.6,44.0,57.2,75.2,113.1
NIFTY,0,G_14:30_90,all_days,2754,26.6,59.3,74.0,118.1,336.7,16.1,48.2,62.7,100.0,312.1
NIFTY,0,G_14:30_90,dte_matched,358,25.8,62.1,71.7,117.3,167.2,16.2,50.7,61.7,78.3,113.1
NIFTY,0,G_14:30_90,dte_matched_ex2122,163,19.4,51.3,64.8,79.7,117.3,11.6,44.0,57.2,75.2,113.1
NIFTY,0,G_14:30_90,all_days,2754,26.6,59.3,74.0,118.1,336.7,16.1,48.2,62.7,100.0,312.1
NIFTY,0,G_14:30_90,dte_matched,358,25.8,62.1,71.7,117.3,167.2,16.2,50.7,61.7,78.3,113.1
NIFTY,0,G_14:30_90,dte_matched_ex2122,163,19.4,51.3,64.8,79.7,117.3,11.6,44.0,57.2,75.2,113.1
NIFTY,0,G_14:30_90,all_days,2754,26.6,59.3,74.0,118.1,336.7,16.1,48.2,62.7,100.0,312.1
NIFTY,0,G_14:30_H,dte_matched,358,25.8,62.1,71.7,117.3,167.2,16.2,50.7,61.7,78.3,113.1
NIFTY,0,G_14:30_H,dte_matched_ex2122,163,19.4,51.3,64.8,79.7,117.3,11.6,44.0,57.2,75.2,113.1
NIFTY,0,G_14:30_H,all_days,2754,26.6,59.3,74.0,118.1,336.7,16.1,48.2,62.7,100.0,312.1
NIFTY,0,G_14:30_H,dte_matched,358,25.8,62.1,71.7,117.3,167.2,16.2,50.7,61.7,78.3,113.1
NIFTY,0,G_14:30_H,dte_matched_ex2122,163,19.4,51.3,64.8,79.7,117.3,11.6,44.0,57.2,75.2,113.1
NIFTY,0,G_14:30_H,all_days,2754,26.6,59.3,74.0,118.1,336.7,16.1,48.2,62.7,100.0,312.1
NIFTY,0,G_14:30_H,dte_matched,358,25.8,62.1,71.7,117.3,167.2,16.2,50.7,61.7,78.3,113.1
NIFTY,0,G_14:30_H,dte_matched_ex2122,163,19.4,51.3,64.8,79.7,117.3,11.6,44.0,57.2,75.2,113.1
NIFTY,0,G_14:30_H,all_days,2754,26.6,59.3,74.0,118.1,336.7,16.1,48.2,62.7,100.0,312.1
NIFTY,1,DEP_0930_1100,dte_matched,353,33.4,70.7,83.8,162.0,392.3,20.6,53.5,70.7,117.7,233.7
NIFTY,1,DEP_0930_1100,dte_matched_ex2122,163,30.8,64.0,72.8,106.8,118.5,20.3,46.5,54.3,79.0,117.7
NIFTY,1,DEP_0930_1100,all_days,2754,32.5,70.3,86.2,137.2,1304.5,17.9,52.4,70.0,122.8,1054.4
NIFTY,1,DEP_0930_1100,dte_matched,353,33.4,70.7,83.8,162.0,392.3,20.6,53.5,70.7,117.7,233.7
NIFTY,1,DEP_0930_1100,dte_matched_ex2122,163,30.8,64.0,72.8,106.8,118.5,20.3,46.5,54.3,79.0,117.7
NIFTY,1,DEP_0930_1100,all_days,2754,32.5,70.3,86.2,137.2,1304.5,17.9,52.4,70.0,122.8,1054.4
NIFTY,1,DEP_0930_1100,dte_matched,353,33.4,70.7,83.8,162.0,392.3,20.6,53.5,70.7,117.7,233.7
NIFTY,1,DEP_0930_1100,dte_matched_ex2122,163,30.8,64.0,72.8,106.8,118.5,20.3,46.5,54.3,79.0,117.7
NIFTY,1,DEP_0930_1100,all_days,2754,32.5,70.3,86.2,137.2,1304.5,17.9,52.4,70.0,122.8,1054.4
NIFTY,1,DEP_1000_1200,dte_matched,353,31.1,73.6,87.4,158.6,226.6,17.6,51.8,69.9,132.7,170.8
NIFTY,1,DEP_1000_1200,dte_matched_ex2122,163,27.4,68.8,82.0,104.1,226.6,17.1,49.4,57.5,76.8,165.7
NIFTY,1,DEP_1000_1200,all_days,2754,30.5,68.5,87.6,154.4,1304.5,16.8,52.0,68.3,126.4,1133.5
NIFTY,1,DEP_1000_1200,dte_matched,353,31.1,73.6,87.4,158.6,226.6,17.6,51.8,69.9,132.7,170.8
NIFTY,1,DEP_1000_1200,dte_matched_ex2122,163,27.4,68.8,82.0,104.1,226.6,17.1,49.4,57.5,76.8,165.7
NIFTY,1,DEP_1000_1200,all_days,2754,30.5,68.5,87.6,154.4,1304.5,16.8,52.0,68.3,126.4,1133.5
NIFTY,1,DEP_1000_1200,dte_matched,353,31.1,73.6,87.4,158.6,226.6,17.6,51.8,69.9,132.7,170.8
NIFTY,1,DEP_1000_1200,dte_matched_ex2122,163,27.4,68.8,82.0,104.1,226.6,17.1,49.4,57.5,76.8,165.7
NIFTY,1,DEP_1000_1200,all_days,2754,30.5,68.5,87.6,154.4,1304.5,16.8,52.0,68.3,126.4,1133.5
NIFTY,1,DEP_1030_1200,dte_matched,353,25.7,59.2,75.1,130.6,313.1,15.0,48.7,64.6,117.8,181.9
NIFTY,1,DEP_1030_1200,dte_matched_ex2122,163,22.9,53.5,70.8,90.1,188.9,12.5,47.2,56.3,78.1,128.2
NIFTY,1,DEP_1030_1200,all_days,2754,24.9,57.1,71.9,134.1,572.6,13.9,43.0,56.7,106.8,479.7
NIFTY,1,DEP_1030_1200,dte_matched,353,25.7,59.2,75.1,130.6,313.1,15.0,48.7,64.6,117.8,181.9
NIFTY,1,DEP_1030_1200,dte_matched_ex2122,163,22.9,53.5,70.8,90.1,188.9,12.5,47.2,56.3,78.1,128.2
NIFTY,1,DEP_1030_1200,all_days,2754,24.9,57.1,71.9,134.1,572.6,13.9,43.0,56.7,106.8,479.7
NIFTY,1,DEP_1030_1200,dte_matched,353,25.7,59.2,75.1,130.6,313.1,15.0,48.7,64.6,117.8,181.9
NIFTY,1,DEP_1030_1200,dte_matched_ex2122,163,22.9,53.5,70.8,90.1,188.9,12.5,47.2,56.3,78.1,128.2
NIFTY,1,DEP_1030_1200,all_days,2754,24.9,57.1,71.9,134.1,572.6,13.9,43.0,56.7,106.8,479.7
NIFTY,1,DEP_1300_1400,dte_matched,353,24.6,60.3,77.7,132.8,191.6,12.5,43.4,56.7,130.2,143.9
NIFTY,1,DEP_1300_1400,dte_matched_ex2122,163,18.5,40.0,51.5,77.6,171.6,10.1,31.7,43.4,72.9,141.5
NIFTY,1,DEP_1300_1400,all_days,2753,23.6,53.8,71.1,117.4,276.7,13.0,41.8,56.7,99.9,248.0
NIFTY,1,DEP_1300_1400,dte_matched,353,24.6,60.3,77.7,132.8,191.6,12.5,43.4,56.7,130.2,143.9
NIFTY,1,DEP_1300_1400,dte_matched_ex2122,163,18.5,40.0,51.5,77.6,171.6,10.1,31.7,43.4,72.9,141.5
NIFTY,1,DEP_1300_1400,all_days,2753,23.6,53.8,71.1,117.4,276.7,13.0,41.8,56.7,99.9,248.0
NIFTY,1,DEP_1300_1400,dte_matched,353,24.6,60.3,77.7,132.8,191.6,12.5,43.4,56.7,130.2,143.9
NIFTY,1,DEP_1300_1400,dte_matched_ex2122,163,18.5,40.0,51.5,77.6,171.6,10.1,31.7,43.4,72.9,141.5
NIFTY,1,DEP_1300_1400,all_days,2753,23.6,53.8,71.1,117.4,276.7,13.0,41.8,56.7,99.9,248.0
NIFTY,1,DEP_1300_1520,dte_matched,353,39.8,96.1,117.2,192.4,335.0,25.0,77.4,94.3,173.7,261.8
NIFTY,1,DEP_1300_1520,dte_matched_ex2122,163,32.1,71.0,92.3,164.4,335.0,20.1,60.0,68.1,100.6,183.9
NIFTY,1,DEP_1300_1520,all_days,2753,41.5,97.7,121.4,191.6,406.2,25.0,76.1,99.4,164.0,381.8
NIFTY,1,DEP_1300_1520,dte_matched,353,39.8,96.1,117.2,192.4,335.0,25.0,77.4,94.3,173.7,261.8
NIFTY,1,DEP_1300_1520,dte_matched_ex2122,163,32.1,71.0,92.3,164.4,335.0,20.1,60.0,68.1,100.6,183.9
NIFTY,1,DEP_1300_1520,all_days,2753,41.5,97.7,121.4,191.6,406.2,25.0,76.1,99.4,164.0,381.8
NIFTY,1,DEP_1300_1520,dte_matched,353,39.8,96.1,117.2,192.4,335.0,25.0,77.4,94.3,173.7,261.8
NIFTY,1,DEP_1300_1520,dte_matched_ex2122,163,32.1,71.0,92.3,164.4,335.0,20.1,60.0,68.1,100.6,183.9
NIFTY,1,DEP_1300_1520,all_days,2753,41.5,97.7,121.4,191.6,406.2,25.0,76.1,99.4,164.0,381.8
NIFTY,1,G_09:20_120,dte_matched,353,36.7,81.2,96.9,238.5,494.3,19.5,60.1,77.0,174.5,382.6
NIFTY,1,G_09:20_120,dte_matched_ex2122,163,33.7,75.4,87.4,96.9,258.2,20.5,53.5,65.8,80.4,236.0
NIFTY,1,G_09:20_120,all_days,2753,37.5,80.0,98.9,168.8,1304.5,20.8,60.1,79.0,126.7,1100.8
NIFTY,1,G_09:20_120,dte_matched,353,36.7,81.2,96.9,238.5,494.3,19.5,60.1,77.0,174.5,382.6
NIFTY,1,G_09:20_120,dte_matched_ex2122,163,33.7,75.4,87.4,96.9,258.2,20.5,53.5,65.8,80.4,236.0
NIFTY,1,G_09:20_120,all_days,2753,37.5,80.0,98.9,168.8,1304.5,20.8,60.1,79.0,126.7,1100.8
NIFTY,1,G_09:20_120,dte_matched,353,36.7,81.2,96.9,238.5,494.3,19.5,60.1,77.0,174.5,382.6
NIFTY,1,G_09:20_120,dte_matched_ex2122,163,33.7,75.4,87.4,96.9,258.2,20.5,53.5,65.8,80.4,236.0
NIFTY,1,G_09:20_120,all_days,2753,37.5,80.0,98.9,168.8,1304.5,20.8,60.1,79.0,126.7,1100.8
NIFTY,1,G_09:20_60,dte_matched,353,31.2,64.2,75.4,156.0,474.6,16.6,47.8,63.0,95.9,461.9
NIFTY,1,G_09:20_60,dte_matched_ex2122,163,27.2,60.0,68.2,84.7,126.9,13.3,42.9,60.0,80.6,85.6
NIFTY,1,G_09:20_60,all_days,2753,30.5,63.1,77.6,129.5,626.3,17.1,47.1,60.0,98.4,569.8
NIFTY,1,G_09:20_60,dte_matched,353,31.2,64.2,75.4,156.0,474.6,16.6,47.8,63.0,95.9,461.9
NIFTY,1,G_09:20_60,dte_matched_ex2122,163,27.2,60.0,68.2,84.7,126.9,13.3,42.9,60.0,80.6,85.6
NIFTY,1,G_09:20_60,all_days,2753,30.5,63.1,77.6,129.5,626.3,17.1,47.1,60.0,98.4,569.8
NIFTY,1,G_09:20_60,dte_matched,353,31.2,64.2,75.4,156.0,474.6,16.6,47.8,63.0,95.9,461.9
NIFTY,1,G_09:20_60,dte_matched_ex2122,163,27.2,60.0,68.2,84.7,126.9,13.3,42.9,60.0,80.6,85.6
NIFTY,1,G_09:20_60,all_days,2753,30.5,63.1,77.6,129.5,626.3,17.1,47.1,60.0,98.4,569.8
NIFTY,1,G_09:20_90,dte_matched,353,34.8,74.3,89.4,191.5,494.3,18.5,56.7,74.1,151.2,334.6
NIFTY,1,G_09:20_90,dte_matched_ex2122,163,31.6,66.8,81.5,96.9,157.1,18.5,51.0,69.0,85.0,151.2
NIFTY,1,G_09:20_90,all_days,2753,34.8,72.2,89.4,149.0,1304.5,19.4,53.5,70.3,124.8,1167.5
NIFTY,1,G_09:20_90,dte_matched,353,34.8,74.3,89.4,191.5,494.3,18.5,56.7,74.1,151.2,334.6
NIFTY,1,G_09:20_90,dte_matched_ex2122,163,31.6,66.8,81.5,96.9,157.1,18.5,51.0,69.0,85.0,151.2
NIFTY,1,G_09:20_90,all_days,2753,34.8,72.2,89.4,149.0,1304.5,19.4,53.5,70.3,124.8,1167.5
NIFTY,1,G_09:20_90,dte_matched,353,34.8,74.3,89.4,191.5,494.3,18.5,56.7,74.1,151.2,334.6
NIFTY,1,G_09:20_90,dte_matched_ex2122,163,31.6,66.8,81.5,96.9,157.1,18.5,51.0,69.0,85.0,151.2
NIFTY,1,G_09:20_90,all_days,2753,34.8,72.2,89.4,149.0,1304.5,19.4,53.5,70.3,124.8,1167.5
NIFTY,1,G_09:20_H,dte_matched,353,67.0,140.1,178.1,342.4,653.6,41.7,108.1,139.6,278.3,513.7
NIFTY,1,G_09:20_H,dte_matched_ex2122,163,53.2,117.5,139.9,210.3,399.0,34.4,102.3,115.5,179.5,357.7
NIFTY,1,G_09:20_H,all_days,2753,65.8,138.4,174.1,299.2,1777.4,40.5,116.9,144.9,249.6,1556.8
NIFTY,1,G_09:20_H,dte_matched,353,67.0,140.1,178.1,342.4,653.6,41.7,108.1,139.6,278.3,513.7
NIFTY,1,G_09:20_H,dte_matched_ex2122,163,53.2,117.5,139.9,210.3,399.0,34.4,102.3,115.5,179.5,357.7
NIFTY,1,G_09:20_H,all_days,2753,65.8,138.4,174.1,299.2,1777.4,40.5,116.9,144.9,249.6,1556.8
NIFTY,1,G_09:20_H,dte_matched,353,67.0,140.1,178.1,342.4,653.6,41.7,108.1,139.6,278.3,513.7
NIFTY,1,G_09:20_H,dte_matched_ex2122,163,53.2,117.5,139.9,210.3,399.0,34.4,102.3,115.5,179.5,357.7
NIFTY,1,G_09:20_H,all_days,2753,65.8,138.4,174.1,299.2,1777.4,40.5,116.9,144.9,249.6,1556.8
NIFTY,1,G_09:50_120,dte_matched,353,33.2,73.2,88.4,188.6,272.4,18.3,54.1,65.9,137.2,220.7
NIFTY,1,G_09:50_120,dte_matched_ex2122,163,31.5,68.4,84.4,101.9,272.4,18.3,51.3,64.9,74.9,170.1
NIFTY,1,G_09:50_120,all_days,2754,32.4,69.8,88.9,157.6,1304.5,17.6,52.3,68.1,127.3,1071.7
NIFTY,1,G_09:50_120,dte_matched,353,33.2,73.2,88.4,188.6,272.4,18.3,54.1,65.9,137.2,220.7
NIFTY,1,G_09:50_120,dte_matched_ex2122,163,31.5,68.4,84.4,101.9,272.4,18.3,51.3,64.9,74.9,170.1
NIFTY,1,G_09:50_120,all_days,2754,32.4,69.8,88.9,157.6,1304.5,17.6,52.3,68.1,127.3,1071.7
NIFTY,1,G_09:50_120,dte_matched,353,33.2,73.2,88.4,188.6,272.4,18.3,54.1,65.9,137.2,220.7
NIFTY,1,G_09:50_120,dte_matched_ex2122,163,31.5,68.4,84.4,101.9,272.4,18.3,51.3,64.9,74.9,170.1
NIFTY,1,G_09:50_120,all_days,2754,32.4,69.8,88.9,157.6,1304.5,17.6,52.3,68.1,127.3,1071.7
NIFTY,1,G_09:50_60,dte_matched,353,24.8,56.7,75.8,126.0,176.4,14.3,47.3,57.6,85.5,147.7
NIFTY,1,G_09:50_60,dte_matched_ex2122,163,21.9,46.3,56.2,99.4,134.1,13.0,39.3,50.5,81.4,128.3
NIFTY,1,G_09:50_60,all_days,2754,24.0,53.4,68.4,105.3,1304.5,13.5,39.6,53.4,88.0,1167.5
NIFTY,1,G_09:50_60,dte_matched,353,24.8,56.7,75.8,126.0,176.4,14.3,47.3,57.6,85.5,147.7
NIFTY,1,G_09:50_60,dte_matched_ex2122,163,21.9,46.3,56.2,99.4,134.1,13.0,39.3,50.5,81.4,128.3
NIFTY,1,G_09:50_60,all_days,2754,24.0,53.4,68.4,105.3,1304.5,13.5,39.6,53.4,88.0,1167.5
NIFTY,1,G_09:50_60,dte_matched,353,24.8,56.7,75.8,126.0,176.4,14.3,47.3,57.6,85.5,147.7
NIFTY,1,G_09:50_60,dte_matched_ex2122,163,21.9,46.3,56.2,99.4,134.1,13.0,39.3,50.5,81.4,128.3
NIFTY,1,G_09:50_60,all_days,2754,24.0,53.4,68.4,105.3,1304.5,13.5,39.6,53.4,88.0,1167.5
NIFTY,1,G_09:50_90,dte_matched,353,28.8,64.7,83.0,160.9,235.1,16.5,45.5,60.3,113.8,213.0
NIFTY,1,G_09:50_90,dte_matched_ex2122,163,26.7,55.1,72.7,99.4,235.1,15.8,42.8,55.6,79.5,213.0
NIFTY,1,G_09:50_90,all_days,2754,28.2,63.0,80.5,133.1,1304.5,16.0,46.1,62.3,107.3,1100.8
NIFTY,1,G_09:50_90,dte_matched,353,28.8,64.7,83.0,160.9,235.1,16.5,45.5,60.3,113.8,213.0
NIFTY,1,G_09:50_90,dte_matched_ex2122,163,26.7,55.1,72.7,99.4,235.1,15.8,42.8,55.6,79.5,213.0
NIFTY,1,G_09:50_90,all_days,2754,28.2,63.0,80.5,133.1,1304.5,16.0,46.1,62.3,107.3,1100.8
NIFTY,1,G_09:50_90,dte_matched,353,28.8,64.7,83.0,160.9,235.1,16.5,45.5,60.3,113.8,213.0
NIFTY,1,G_09:50_90,dte_matched_ex2122,163,26.7,55.1,72.7,99.4,235.1,15.8,42.8,55.6,79.5,213.0
NIFTY,1,G_09:50_90,all_days,2754,28.2,63.0,80.5,133.1,1304.5,16.0,46.1,62.3,107.3,1100.8
NIFTY,1,G_09:50_H,dte_matched,353,59.6,130.4,186.7,338.6,819.8,38.7,106.1,131.8,305.2,724.3
NIFTY,1,G_09:50_H,dte_matched_ex2122,163,51.5,111.9,128.7,206.2,375.5,35.2,81.5,114.5,175.8,334.3
NIFTY,1,G_09:50_H,all_days,2754,60.1,130.2,169.3,273.6,1777.4,35.7,105.7,137.9,247.5,1556.8
NIFTY,1,G_09:50_H,dte_matched,353,59.6,130.4,186.7,338.6,819.8,38.7,106.1,131.8,305.2,724.3
NIFTY,1,G_09:50_H,dte_matched_ex2122,163,51.5,111.9,128.7,206.2,375.5,35.2,81.5,114.5,175.8,334.3
NIFTY,1,G_09:50_H,all_days,2754,60.1,130.2,169.3,273.6,1777.4,35.7,105.7,137.9,247.5,1556.8
NIFTY,1,G_09:50_H,dte_matched,353,59.6,130.4,186.7,338.6,819.8,38.7,106.1,131.8,305.2,724.3
NIFTY,1,G_09:50_H,dte_matched_ex2122,163,51.5,111.9,128.7,206.2,375.5,35.2,81.5,114.5,175.8,334.3
NIFTY,1,G_09:50_H,all_days,2754,60.1,130.2,169.3,273.6,1777.4,35.7,105.7,137.9,247.5,1556.8
NIFTY,1,G_10:20_120,dte_matched,353,30.0,63.5,87.7,146.2,345.4,15.8,52.2,65.9,120.1,283.2
NIFTY,1,G_10:20_120,dte_matched_ex2122,163,27.1,62.3,68.3,96.7,208.2,16.9,51.1,58.5,70.3,156.9
NIFTY,1,G_10:20_120,all_days,2754,29.7,65.3,85.4,146.2,698.8,16.7,49.2,65.2,113.0,661.7
NIFTY,1,G_10:20_120,dte_matched,353,30.0,63.5,87.7,146.2,345.4,15.8,52.2,65.9,120.1,283.2
NIFTY,1,G_10:20_120,dte_matched_ex2122,163,27.1,62.3,68.3,96.7,208.2,16.9,51.1,58.5,70.3,156.9
NIFTY,1,G_10:20_120,all_days,2754,29.7,65.3,85.4,146.2,698.8,16.7,49.2,65.2,113.0,661.7
NIFTY,1,G_10:20_120,dte_matched,353,30.0,63.5,87.7,146.2,345.4,15.8,52.2,65.9,120.1,283.2
NIFTY,1,G_10:20_120,dte_matched_ex2122,163,27.1,62.3,68.3,96.7,208.2,16.9,51.1,58.5,70.3,156.9
NIFTY,1,G_10:20_120,all_days,2754,29.7,65.3,85.4,146.2,698.8,16.7,49.2,65.2,113.0,661.7
NIFTY,1,G_10:20_60,dte_matched,353,22.4,45.5,58.5,135.7,171.2,11.0,31.5,45.2,81.9,149.2
NIFTY,1,G_10:20_60,dte_matched_ex2122,163,19.5,42.1,50.2,62.6,171.2,10.0,30.9,44.7,57.4,149.2
NIFTY,1,G_10:20_60,all_days,2754,21.2,47.5,62.0,108.1,695.1,11.2,34.9,46.8,90.3,502.3
NIFTY,1,G_10:20_60,dte_matched,353,22.4,45.5,58.5,135.7,171.2,11.0,31.5,45.2,81.9,149.2
NIFTY,1,G_10:20_60,dte_matched_ex2122,163,19.5,42.1,50.2,62.6,171.2,10.0,30.9,44.7,57.4,149.2
NIFTY,1,G_10:20_60,all_days,2754,21.2,47.5,62.0,108.1,695.1,11.2,34.9,46.8,90.3,502.3
NIFTY,1,G_10:20_60,dte_matched,353,22.4,45.5,58.5,135.7,171.2,11.0,31.5,45.2,81.9,149.2
NIFTY,1,G_10:20_60,dte_matched_ex2122,163,19.5,42.1,50.2,62.6,171.2,10.0,30.9,44.7,57.4,149.2
NIFTY,1,G_10:20_60,all_days,2754,21.2,47.5,62.0,108.1,695.1,11.2,34.9,46.8,90.3,502.3
NIFTY,1,G_10:20_90,dte_matched,353,27.2,57.0,71.7,144.0,345.4,13.7,43.1,55.8,111.8,264.8
NIFTY,1,G_10:20_90,dte_matched_ex2122,163,24.3,56.0,64.6,93.8,208.2,12.3,42.8,50.2,77.7,106.6
NIFTY,1,G_10:20_90,all_days,2754,25.8,57.4,73.3,132.3,695.1,13.8,41.4,55.8,105.3,484.8
NIFTY,1,G_10:20_90,dte_matched,353,27.2,57.0,71.7,144.0,345.4,13.7,43.1,55.8,111.8,264.8
NIFTY,1,G_10:20_90,dte_matched_ex2122,163,24.3,56.0,64.6,93.8,208.2,12.3,42.8,50.2,77.7,106.6
NIFTY,1,G_10:20_90,all_days,2754,25.8,57.4,73.3,132.3,695.1,13.8,41.4,55.8,105.3,484.8
NIFTY,1,G_10:20_90,dte_matched,353,27.2,57.0,71.7,144.0,345.4,13.7,43.1,55.8,111.8,264.8
NIFTY,1,G_10:20_90,dte_matched_ex2122,163,24.3,56.0,64.6,93.8,208.2,12.3,42.8,50.2,77.7,106.6
NIFTY,1,G_10:20_90,all_days,2754,25.8,57.4,73.3,132.3,695.1,13.8,41.4,55.8,105.3,484.8
NIFTY,1,G_10:20_H,dte_matched,353,54.9,126.7,175.2,324.7,752.0,36.7,100.0,129.2,304.3,657.1
NIFTY,1,G_10:20_H,dte_matched_ex2122,163,48.3,92.2,126.7,202.4,310.7,33.3,80.4,110.4,148.1,269.8
NIFTY,1,G_10:20_H,all_days,2754,55.4,125.7,155.9,278.0,1142.5,33.3,101.3,128.8,243.4,933.8
NIFTY,1,G_10:20_H,dte_matched,353,54.9,126.7,175.2,324.7,752.0,36.7,100.0,129.2,304.3,657.1
NIFTY,1,G_10:20_H,dte_matched_ex2122,163,48.3,92.2,126.7,202.4,310.7,33.3,80.4,110.4,148.1,269.8
NIFTY,1,G_10:20_H,all_days,2754,55.4,125.7,155.9,278.0,1142.5,33.3,101.3,128.8,243.4,933.8
NIFTY,1,G_10:20_H,dte_matched,353,54.9,126.7,175.2,324.7,752.0,36.7,100.0,129.2,304.3,657.1
NIFTY,1,G_10:20_H,dte_matched_ex2122,163,48.3,92.2,126.7,202.4,310.7,33.3,80.4,110.4,148.1,269.8
NIFTY,1,G_10:20_H,all_days,2754,55.4,125.7,155.9,278.0,1142.5,33.3,101.3,128.8,243.4,933.8
NIFTY,1,G_10:50_120,dte_matched,353,30.1,70.6,84.8,142.3,420.2,17.7,56.7,71.6,120.6,418.1
NIFTY,1,G_10:50_120,dte_matched_ex2122,163,28.0,56.6,75.4,101.5,142.3,17.3,47.8,66.4,84.4,93.6
NIFTY,1,G_10:50_120,all_days,2754,28.9,64.5,84.8,152.0,479.6,16.0,51.2,67.8,122.3,445.3
NIFTY,1,G_10:50_120,dte_matched,353,30.1,70.6,84.8,142.3,420.2,17.7,56.7,71.6,120.6,418.1
NIFTY,1,G_10:50_120,dte_matched_ex2122,163,28.0,56.6,75.4,101.5,142.3,17.3,47.8,66.4,84.4,93.6
NIFTY,1,G_10:50_120,all_days,2754,28.9,64.5,84.8,152.0,479.6,16.0,51.2,67.8,122.3,445.3
NIFTY,1,G_10:50_120,dte_matched,353,30.1,70.6,84.8,142.3,420.2,17.7,56.7,71.6,120.6,418.1
NIFTY,1,G_10:50_120,dte_matched_ex2122,163,28.0,56.6,75.4,101.5,142.3,17.3,47.8,66.4,84.4,93.6
NIFTY,1,G_10:50_120,all_days,2754,28.9,64.5,84.8,152.0,479.6,16.0,51.2,67.8,122.3,445.3
NIFTY,1,G_10:50_60,dte_matched,353,21.5,47.0,56.6,108.1,226.5,11.2,37.3,43.1,79.9,144.9
NIFTY,1,G_10:50_60,dte_matched_ex2122,163,19.2,43.9,51.7,84.8,142.3,11.2,32.7,37.9,55.6,73.3
NIFTY,1,G_10:50_60,all_days,2754,20.2,45.9,58.4,109.5,479.6,10.8,34.2,44.7,80.3,314.3
NIFTY,1,G_10:50_60,dte_matched,353,21.5,47.0,56.6,108.1,226.5,11.2,37.3,43.1,79.9,144.9
NIFTY,1,G_10:50_60,dte_matched_ex2122,163,19.2,43.9,51.7,84.8,142.3,11.2,32.7,37.9,55.6,73.3
NIFTY,1,G_10:50_60,all_days,2754,20.2,45.9,58.4,109.5,479.6,10.8,34.2,44.7,80.3,314.3
NIFTY,1,G_10:50_60,dte_matched,353,21.5,47.0,56.6,108.1,226.5,11.2,37.3,43.1,79.9,144.9
NIFTY,1,G_10:50_60,dte_matched_ex2122,163,19.2,43.9,51.7,84.8,142.3,11.2,32.7,37.9,55.6,73.3
NIFTY,1,G_10:50_60,all_days,2754,20.2,45.9,58.4,109.5,479.6,10.8,34.2,44.7,80.3,314.3
NIFTY,1,G_10:50_90,dte_matched,353,25.6,55.8,79.4,142.3,236.2,14.8,43.1,62.3,103.8,200.7
NIFTY,1,G_10:50_90,dte_matched_ex2122,163,22.9,50.2,66.8,100.9,142.3,15.1,40.0,49.9,89.5,103.8
NIFTY,1,G_10:50_90,all_days,2754,24.7,56.2,73.7,130.1,479.6,14.0,42.0,55.5,96.2,388.3
NIFTY,1,G_10:50_90,dte_matched,353,25.6,55.8,79.4,142.3,236.2,14.8,43.1,62.3,103.8,200.7
NIFTY,1,G_10:50_90,dte_matched_ex2122,163,22.9,50.2,66.8,100.9,142.3,15.1,40.0,49.9,89.5,103.8
NIFTY,1,G_10:50_90,all_days,2754,24.7,56.2,73.7,130.1,479.6,14.0,42.0,55.5,96.2,388.3
NIFTY,1,G_10:50_90,dte_matched,353,25.6,55.8,79.4,142.3,236.2,14.8,43.1,62.3,103.8,200.7
NIFTY,1,G_10:50_90,dte_matched_ex2122,163,22.9,50.2,66.8,100.9,142.3,15.1,40.0,49.9,89.5,103.8
NIFTY,1,G_10:50_90,all_days,2754,24.7,56.2,73.7,130.1,479.6,14.0,42.0,55.5,96.2,388.3
NIFTY,1,G_10:50_H,dte_matched,353,53.9,123.1,162.6,256.1,733.1,36.3,94.4,117.9,231.1,638.4
NIFTY,1,G_10:50_H,dte_matched_ex2122,163,44.7,93.7,107.5,224.4,256.1,31.5,80.6,94.1,160.2,204.6
NIFTY,1,G_10:50_H,all_days,2754,53.6,119.7,154.1,256.1,733.1,31.5,98.1,124.3,210.9,638.4
NIFTY,1,G_10:50_H,dte_matched,353,53.9,123.1,162.6,256.1,733.1,36.3,94.4,117.9,231.1,638.4
NIFTY,1,G_10:50_H,dte_matched_ex2122,163,44.7,93.7,107.5,224.4,256.1,31.5,80.6,94.1,160.2,204.6
NIFTY,1,G_10:50_H,all_days,2754,53.6,119.7,154.1,256.1,733.1,31.5,98.1,124.3,210.9,638.4
NIFTY,1,G_10:50_H,dte_matched,353,53.9,123.1,162.6,256.1,733.1,36.3,94.4,117.9,231.1,638.4
NIFTY,1,G_10:50_H,dte_matched_ex2122,163,44.7,93.7,107.5,224.4,256.1,31.5,80.6,94.1,160.2,204.6
NIFTY,1,G_10:50_H,all_days,2754,53.6,119.7,154.1,256.1,733.1,31.5,98.1,124.3,210.9,638.4
NIFTY,1,G_11:20_120,dte_matched,353,32.2,70.2,90.4,130.4,561.9,17.3,56.2,71.9,119.7,538.8
NIFTY,1,G_11:20_120,dte_matched_ex2122,163,26.7,57.2,71.3,96.5,126.0,15.8,41.5,52.5,77.1,116.9
NIFTY,1,G_11:20_120,all_days,2753,29.3,68.6,88.5,143.3,576.1,16.3,51.3,68.7,120.9,538.8
NIFTY,1,G_11:20_120,dte_matched,353,32.2,70.2,90.4,130.4,561.9,17.3,56.2,71.9,119.7,538.8
NIFTY,1,G_11:20_120,dte_matched_ex2122,163,26.7,57.2,71.3,96.5,126.0,15.8,41.5,52.5,77.1,116.9
NIFTY,1,G_11:20_120,all_days,2753,29.3,68.6,88.5,143.3,576.1,16.3,51.3,68.7,120.9,538.8
NIFTY,1,G_11:20_120,dte_matched,353,32.2,70.2,90.4,130.4,561.9,17.3,56.2,71.9,119.7,538.8
NIFTY,1,G_11:20_120,dte_matched_ex2122,163,26.7,57.2,71.3,96.5,126.0,15.8,41.5,52.5,77.1,116.9
NIFTY,1,G_11:20_120,all_days,2753,29.3,68.6,88.5,143.3,576.1,16.3,51.3,68.7,120.9,538.8
NIFTY,1,G_11:20_60,dte_matched,353,20.9,49.9,63.1,103.2,271.7,10.6,35.7,45.9,68.5,184.9
NIFTY,1,G_11:20_60,dte_matched_ex2122,163,18.4,43.1,53.0,71.3,75.2,10.1,32.0,38.9,53.9,64.7
NIFTY,1,G_11:20_60,all_days,2753,19.9,45.5,57.6,94.4,359.2,11.2,33.0,45.5,75.9,347.8
NIFTY,1,G_11:20_60,dte_matched,353,20.9,49.9,63.1,103.2,271.7,10.6,35.7,45.9,68.5,184.9
NIFTY,1,G_11:20_60,dte_matched_ex2122,163,18.4,43.1,53.0,71.3,75.2,10.1,32.0,38.9,53.9,64.7
NIFTY,1,G_11:20_60,all_days,2753,19.9,45.5,57.6,94.4,359.2,11.2,33.0,45.5,75.9,347.8
NIFTY,1,G_11:20_60,dte_matched,353,20.9,49.9,63.1,103.2,271.7,10.6,35.7,45.9,68.5,184.9
NIFTY,1,G_11:20_60,dte_matched_ex2122,163,18.4,43.1,53.0,71.3,75.2,10.1,32.0,38.9,53.9,64.7
NIFTY,1,G_11:20_60,all_days,2753,19.9,45.5,57.6,94.4,359.2,11.2,33.0,45.5,75.9,347.8
NIFTY,1,G_11:20_90,dte_matched,353,26.1,58.2,75.8,119.5,398.1,14.2,44.1,61.3,106.4,396.0
NIFTY,1,G_11:20_90,dte_matched_ex2122,163,22.5,49.9,70.1,83.8,111.3,13.2,38.1,51.2,75.9,107.4
NIFTY,1,G_11:20_90,all_days,2753,24.8,56.3,73.3,120.0,406.3,13.4,43.8,57.5,98.4,404.6
NIFTY,1,G_11:20_90,dte_matched,353,26.1,58.2,75.8,119.5,398.1,14.2,44.1,61.3,106.4,396.0
NIFTY,1,G_11:20_90,dte_matched_ex2122,163,22.5,49.9,70.1,83.8,111.3,13.2,38.1,51.2,75.9,107.4
NIFTY,1,G_11:20_90,all_days,2753,24.8,56.3,73.3,120.0,406.3,13.4,43.8,57.5,98.4,404.6
NIFTY,1,G_11:20_90,dte_matched,353,26.1,58.2,75.8,119.5,398.1,14.2,44.1,61.3,106.4,396.0
NIFTY,1,G_11:20_90,dte_matched_ex2122,163,22.5,49.9,70.1,83.8,111.3,13.2,38.1,51.2,75.9,107.4
NIFTY,1,G_11:20_90,all_days,2753,24.8,56.3,73.3,120.0,406.3,13.4,43.8,57.5,98.4,404.6
NIFTY,1,G_11:20_H,dte_matched,353,51.0,120.6,151.3,264.8,710.3,32.8,89.1,115.4,244.5,615.8
NIFTY,1,G_11:20_H,dte_matched_ex2122,163,42.1,88.3,117.3,170.0,233.3,27.6,72.6,89.1,118.8,194.7
NIFTY,1,G_11:20_H,all_days,2753,50.8,114.3,142.3,248.4,710.3,30.6,92.7,118.8,195.2,615.8
NIFTY,1,G_11:20_H,dte_matched,353,51.0,120.6,151.3,264.8,710.3,32.8,89.1,115.4,244.5,615.8
NIFTY,1,G_11:20_H,dte_matched_ex2122,163,42.1,88.3,117.3,170.0,233.3,27.6,72.6,89.1,118.8,194.7
NIFTY,1,G_11:20_H,all_days,2753,50.8,114.3,142.3,248.4,710.3,30.6,92.7,118.8,195.2,615.8
NIFTY,1,G_11:20_H,dte_matched,353,51.0,120.6,151.3,264.8,710.3,32.8,89.1,115.4,244.5,615.8
NIFTY,1,G_11:20_H,dte_matched_ex2122,163,42.1,88.3,117.3,170.0,233.3,27.6,72.6,89.1,118.8,194.7
NIFTY,1,G_11:20_H,all_days,2753,50.8,114.3,142.3,248.4,710.3,30.6,92.7,118.8,195.2,615.8
NIFTY,1,G_11:50_120,dte_matched,353,31.2,73.9,92.7,153.6,465.1,17.6,53.6,67.2,111.4,447.2
NIFTY,1,G_11:50_120,dte_matched_ex2122,163,25.5,50.7,67.3,102.5,106.4,14.8,41.6,52.7,94.6,104.1
NIFTY,1,G_11:50_120,all_days,2753,30.6,71.1,91.8,152.8,637.4,16.5,53.4,71.6,118.1,447.2
NIFTY,1,G_11:50_120,dte_matched,353,31.2,73.9,92.7,153.6,465.1,17.6,53.6,67.2,111.4,447.2
NIFTY,1,G_11:50_120,dte_matched_ex2122,163,25.5,50.7,67.3,102.5,106.4,14.8,41.6,52.7,94.6,104.1
NIFTY,1,G_11:50_120,all_days,2753,30.6,71.1,91.8,152.8,637.4,16.5,53.4,71.6,118.1,447.2
NIFTY,1,G_11:50_120,dte_matched,353,31.2,73.9,92.7,153.6,465.1,17.6,53.6,67.2,111.4,447.2
NIFTY,1,G_11:50_120,dte_matched_ex2122,163,25.5,50.7,67.3,102.5,106.4,14.8,41.6,52.7,94.6,104.1
NIFTY,1,G_11:50_120,all_days,2753,30.6,71.1,91.8,152.8,637.4,16.5,53.4,71.6,118.1,447.2
NIFTY,1,G_11:50_60,dte_matched,353,20.7,48.6,63.6,96.5,277.6,11.4,38.1,51.3,87.1,275.5
NIFTY,1,G_11:50_60,dte_matched_ex2122,163,16.2,35.8,50.4,70.2,96.5,8.4,24.4,36.9,62.2,91.9
NIFTY,1,G_11:50_60,all_days,2753,20.3,46.6,58.3,101.3,368.3,11.0,34.3,47.5,84.6,318.8
NIFTY,1,G_11:50_60,dte_matched,353,20.7,48.6,63.6,96.5,277.6,11.4,38.1,51.3,87.1,275.5
NIFTY,1,G_11:50_60,dte_matched_ex2122,163,16.2,35.8,50.4,70.2,96.5,8.4,24.4,36.9,62.2,91.9
NIFTY,1,G_11:50_60,all_days,2753,20.3,46.6,58.3,101.3,368.3,11.0,34.3,47.5,84.6,318.8
NIFTY,1,G_11:50_60,dte_matched,353,20.7,48.6,63.6,96.5,277.6,11.4,38.1,51.3,87.1,275.5
NIFTY,1,G_11:50_60,dte_matched_ex2122,163,16.2,35.8,50.4,70.2,96.5,8.4,24.4,36.9,62.2,91.9
NIFTY,1,G_11:50_60,all_days,2753,20.3,46.6,58.3,101.3,368.3,11.0,34.3,47.5,84.6,318.8
NIFTY,1,G_11:50_90,dte_matched,353,26.4,64.3,81.6,110.0,439.5,13.5,46.1,63.8,88.4,416.6
NIFTY,1,G_11:50_90,dte_matched_ex2122,163,20.6,43.1,54.9,94.1,101.8,11.6,30.5,39.6,75.8,92.7
NIFTY,1,G_11:50_90,all_days,2753,25.6,58.3,77.6,122.6,603.9,13.5,44.1,60.1,104.8,507.4
NIFTY,1,G_11:50_90,dte_matched,353,26.4,64.3,81.6,110.0,439.5,13.5,46.1,63.8,88.4,416.6
NIFTY,1,G_11:50_90,dte_matched_ex2122,163,20.6,43.1,54.9,94.1,101.8,11.6,30.5,39.6,75.8,92.7
NIFTY,1,G_11:50_90,all_days,2753,25.6,58.3,77.6,122.6,603.9,13.5,44.1,60.1,104.8,507.4
NIFTY,1,G_11:50_90,dte_matched,353,26.4,64.3,81.6,110.0,439.5,13.5,46.1,63.8,88.4,416.6
NIFTY,1,G_11:50_90,dte_matched_ex2122,163,20.6,43.1,54.9,94.1,101.8,11.6,30.5,39.6,75.8,92.7
NIFTY,1,G_11:50_90,all_days,2753,25.6,58.3,77.6,122.6,603.9,13.5,44.1,60.1,104.8,507.4
NIFTY,1,G_11:50_H,dte_matched,353,47.8,116.2,137.4,251.8,586.1,28.6,92.8,106.9,182.6,492.7
NIFTY,1,G_11:50_H,dte_matched_ex2122,163,37.9,82.9,105.0,175.5,252.9,24.1,67.1,86.5,133.1,173.4
NIFTY,1,G_11:50_H,all_days,2753,48.0,109.7,138.6,235.9,637.4,28.5,88.4,113.6,189.0,492.7
NIFTY,1,G_11:50_H,dte_matched,353,47.8,116.2,137.4,251.8,586.1,28.6,92.8,106.9,182.6,492.7
NIFTY,1,G_11:50_H,dte_matched_ex2122,163,37.9,82.9,105.0,175.5,252.9,24.1,67.1,86.5,133.1,173.4
NIFTY,1,G_11:50_H,all_days,2753,48.0,109.7,138.6,235.9,637.4,28.5,88.4,113.6,189.0,492.7
NIFTY,1,G_11:50_H,dte_matched,353,47.8,116.2,137.4,251.8,586.1,28.6,92.8,106.9,182.6,492.7
NIFTY,1,G_11:50_H,dte_matched_ex2122,163,37.9,82.9,105.0,175.5,252.9,24.1,67.1,86.5,133.1,173.4
NIFTY,1,G_11:50_H,all_days,2753,48.0,109.7,138.6,235.9,637.4,28.5,88.4,113.6,189.0,492.7
NIFTY,1,G_12:20_120,dte_matched,353,32.7,76.5,102.3,187.2,503.1,18.7,61.3,76.9,127.4,503.1
NIFTY,1,G_12:20_120,dte_matched_ex2122,163,25.5,59.9,71.4,102.3,131.7,14.2,48.4,63.4,90.9,116.7
NIFTY,1,G_12:20_120,all_days,2753,33.6,76.5,98.2,185.8,503.1,18.3,60.9,82.7,155.1,503.1
NIFTY,1,G_12:20_120,dte_matched,353,32.7,76.5,102.3,187.2,503.1,18.7,61.3,76.9,127.4,503.1
NIFTY,1,G_12:20_120,dte_matched_ex2122,163,25.5,59.9,71.4,102.3,131.7,14.2,48.4,63.4,90.9,116.7
NIFTY,1,G_12:20_120,all_days,2753,33.6,76.5,98.2,185.8,503.1,18.3,60.9,82.7,155.1,503.1
NIFTY,1,G_12:20_120,dte_matched,353,32.7,76.5,102.3,187.2,503.1,18.7,61.3,76.9,127.4,503.1
NIFTY,1,G_12:20_120,dte_matched_ex2122,163,25.5,59.9,71.4,102.3,131.7,14.2,48.4,63.4,90.9,116.7
NIFTY,1,G_12:20_120,all_days,2753,33.6,76.5,98.2,185.8,503.1,18.3,60.9,82.7,155.1,503.1
NIFTY,1,G_12:20_60,dte_matched,353,21.5,48.6,67.7,116.5,411.8,11.2,37.2,53.5,81.0,389.0
NIFTY,1,G_12:20_60,dte_matched_ex2122,163,17.7,34.4,41.7,67.7,87.3,10.2,26.4,32.1,43.6,78.2
NIFTY,1,G_12:20_60,all_days,2753,21.2,48.5,63.3,115.7,418.0,11.2,36.9,50.3,88.1,389.0
NIFTY,1,G_12:20_60,dte_matched,353,21.5,48.6,67.7,116.5,411.8,11.2,37.2,53.5,81.0,389.0
NIFTY,1,G_12:20_60,dte_matched_ex2122,163,17.7,34.4,41.7,67.7,87.3,10.2,26.4,32.1,43.6,78.2
NIFTY,1,G_12:20_60,all_days,2753,21.2,48.5,63.3,115.7,418.0,11.2,36.9,50.3,88.1,389.0
NIFTY,1,G_12:20_60,dte_matched,353,21.5,48.6,67.7,116.5,411.8,11.2,37.2,53.5,81.0,389.0
NIFTY,1,G_12:20_60,dte_matched_ex2122,163,17.7,34.4,41.7,67.7,87.3,10.2,26.4,32.1,43.6,78.2
NIFTY,1,G_12:20_60,all_days,2753,21.2,48.5,63.3,115.7,418.0,11.2,36.9,50.3,88.1,389.0
NIFTY,1,G_12:20_90,dte_matched,353,28.0,59.2,85.5,155.1,437.4,15.0,49.0,62.4,121.7,419.6
NIFTY,1,G_12:20_90,dte_matched_ex2122,163,22.5,45.5,56.3,84.3,99.6,12.0,39.2,49.3,72.6,80.1
NIFTY,1,G_12:20_90,all_days,2753,27.6,62.6,80.7,145.8,450.9,15.2,47.9,62.8,116.8,419.6
NIFTY,1,G_12:20_90,dte_matched,353,28.0,59.2,85.5,155.1,437.4,15.0,49.0,62.4,121.7,419.6
NIFTY,1,G_12:20_90,dte_matched_ex2122,163,22.5,45.5,56.3,84.3,99.6,12.0,39.2,49.3,72.6,80.1
NIFTY,1,G_12:20_90,all_days,2753,27.6,62.6,80.7,145.8,450.9,15.2,47.9,62.8,116.8,419.6
NIFTY,1,G_12:20_90,dte_matched,353,28.0,59.2,85.5,155.1,437.4,15.0,49.0,62.4,121.7,419.6
NIFTY,1,G_12:20_90,dte_matched_ex2122,163,22.5,45.5,56.3,84.3,99.6,12.0,39.2,49.3,72.6,80.1
NIFTY,1,G_12:20_90,all_days,2753,27.6,62.6,80.7,145.8,450.9,15.2,47.9,62.8,116.8,419.6
NIFTY,1,G_12:20_H,dte_matched,353,45.2,108.3,131.1,229.2,558.1,25.7,82.7,100.5,179.9,465.0
NIFTY,1,G_12:20_H,dte_matched_ex2122,163,34.1,79.9,104.4,151.5,278.3,20.9,63.6,80.9,118.5,179.9
NIFTY,1,G_12:20_H,all_days,2753,45.6,103.6,131.1,229.2,558.1,26.9,84.4,107.5,175.7,465.0
NIFTY,1,G_12:20_H,dte_matched,353,45.2,108.3,131.1,229.2,558.1,25.7,82.7,100.5,179.9,465.0
NIFTY,1,G_12:20_H,dte_matched_ex2122,163,34.1,79.9,104.4,151.5,278.3,20.9,63.6,80.9,118.5,179.9
NIFTY,1,G_12:20_H,all_days,2753,45.6,103.6,131.1,229.2,558.1,26.9,84.4,107.5,175.7,465.0
NIFTY,1,G_12:20_H,dte_matched,353,45.2,108.3,131.1,229.2,558.1,25.7,82.7,100.5,179.9,465.0
NIFTY,1,G_12:20_H,dte_matched_ex2122,163,34.1,79.9,104.4,151.5,278.3,20.9,63.6,80.9,118.5,179.9
NIFTY,1,G_12:20_H,all_days,2753,45.6,103.6,131.1,229.2,558.1,26.9,84.4,107.5,175.7,465.0
NIFTY,1,G_12:50_120,dte_matched,353,34.6,81.3,115.7,200.4,337.0,20.1,66.3,84.2,144.7,278.0
NIFTY,1,G_12:50_120,dte_matched_ex2122,163,27.7,64.0,81.0,151.6,337.0,18.0,51.5,72.2,136.5,278.0
NIFTY,1,G_12:50_120,all_days,2753,35.5,82.1,108.3,188.4,400.0,20.1,62.9,83.2,142.8,290.0
NIFTY,1,G_12:50_120,dte_matched,353,34.6,81.3,115.7,200.4,337.0,20.1,66.3,84.2,144.7,278.0
NIFTY,1,G_12:50_120,dte_matched_ex2122,163,27.7,64.0,81.0,151.6,337.0,18.0,51.5,72.2,136.5,278.0
NIFTY,1,G_12:50_120,all_days,2753,35.5,82.1,108.3,188.4,400.0,20.1,62.9,83.2,142.8,290.0
NIFTY,1,G_12:50_120,dte_matched,353,34.6,81.3,115.7,200.4,337.0,20.1,66.3,84.2,144.7,278.0
NIFTY,1,G_12:50_120,dte_matched_ex2122,163,27.7,64.0,81.0,151.6,337.0,18.0,51.5,72.2,136.5,278.0
NIFTY,1,G_12:50_120,all_days,2753,35.5,82.1,108.3,188.4,400.0,20.1,62.9,83.2,142.8,290.0
NIFTY,1,G_12:50_60,dte_matched,353,23.3,55.0,68.6,130.9,184.5,12.5,42.2,51.8,106.7,167.2
NIFTY,1,G_12:50_60,dte_matched_ex2122,163,19.3,39.9,52.4,68.6,144.2,10.2,34.2,41.3,57.7,138.6
NIFTY,1,G_12:50_60,all_days,2753,22.6,51.7,68.1,124.4,308.7,12.3,39.7,52.6,91.6,227.5
NIFTY,1,G_12:50_60,dte_matched,353,23.3,55.0,68.6,130.9,184.5,12.5,42.2,51.8,106.7,167.2
NIFTY,1,G_12:50_60,dte_matched_ex2122,163,19.3,39.9,52.4,68.6,144.2,10.2,34.2,41.3,57.7,138.6
NIFTY,1,G_12:50_60,all_days,2753,22.6,51.7,68.1,124.4,308.7,12.3,39.7,52.6,91.6,227.5
NIFTY,1,G_12:50_60,dte_matched,353,23.3,55.0,68.6,130.9,184.5,12.5,42.2,51.8,106.7,167.2
NIFTY,1,G_12:50_60,dte_matched_ex2122,163,19.3,39.9,52.4,68.6,144.2,10.2,34.2,41.3,57.7,138.6
NIFTY,1,G_12:50_60,all_days,2753,22.6,51.7,68.1,124.4,308.7,12.3,39.7,52.6,91.6,227.5
NIFTY,1,G_12:50_90,dte_matched,353,28.5,68.2,98.7,181.0,311.3,14.6,53.3,69.9,149.1,296.5
NIFTY,1,G_12:50_90,dte_matched_ex2122,163,22.7,53.6,68.6,103.2,191.3,12.1,46.6,58.0,92.1,176.4
NIFTY,1,G_12:50_90,all_days,2753,29.5,68.0,91.6,157.8,367.5,15.8,53.6,70.4,135.9,296.5
NIFTY,1,G_12:50_90,dte_matched,353,28.5,68.2,98.7,181.0,311.3,14.6,53.3,69.9,149.1,296.5
NIFTY,1,G_12:50_90,dte_matched_ex2122,163,22.7,53.6,68.6,103.2,191.3,12.1,46.6,58.0,92.1,176.4
NIFTY,1,G_12:50_90,all_days,2753,29.5,68.0,91.6,157.8,367.5,15.8,53.6,70.4,135.9,296.5
NIFTY,1,G_12:50_90,dte_matched,353,28.5,68.2,98.7,181.0,311.3,14.6,53.3,69.9,149.1,296.5
NIFTY,1,G_12:50_90,dte_matched_ex2122,163,22.7,53.6,68.6,103.2,191.3,12.1,46.6,58.0,92.1,176.4
NIFTY,1,G_12:50_90,all_days,2753,29.5,68.0,91.6,157.8,367.5,15.8,53.6,70.4,135.9,296.5
NIFTY,1,G_12:50_H,dte_matched,353,42.6,98.0,121.3,232.5,337.0,26.6,78.6,94.0,186.0,255.9
NIFTY,1,G_12:50_H,dte_matched_ex2122,163,34.2,78.2,97.8,163.7,337.0,23.3,62.8,85.4,112.0,187.4
NIFTY,1,G_12:50_H,all_days,2753,42.4,98.1,124.4,206.1,400.0,25.7,77.2,101.3,164.3,344.9
NIFTY,1,G_12:50_H,dte_matched,353,42.6,98.0,121.3,232.5,337.0,26.6,78.6,94.0,186.0,255.9
NIFTY,1,G_12:50_H,dte_matched_ex2122,163,34.2,78.2,97.8,163.7,337.0,23.3,62.8,85.4,112.0,187.4
NIFTY,1,G_12:50_H,all_days,2753,42.4,98.1,124.4,206.1,400.0,25.7,77.2,101.3,164.3,344.9
NIFTY,1,G_12:50_H,dte_matched,353,42.6,98.0,121.3,232.5,337.0,26.6,78.6,94.0,186.0,255.9
NIFTY,1,G_12:50_H,dte_matched_ex2122,163,34.2,78.2,97.8,163.7,337.0,23.3,62.8,85.4,112.0,187.4
NIFTY,1,G_12:50_H,all_days,2753,42.4,98.1,124.4,206.1,400.0,25.7,77.2,101.3,164.3,344.9
NIFTY,1,G_13:20_120,dte_matched,353,38.0,91.9,123.0,173.6,273.2,22.1,73.0,89.0,144.7,208.3
NIFTY,1,G_13:20_120,dte_matched_ex2122,163,30.4,68.7,88.6,146.8,273.2,19.2,58.2,73.0,88.7,144.7
NIFTY,1,G_13:20_120,all_days,2754,39.0,91.2,117.6,185.8,442.6,23.3,71.6,94.1,149.7,418.3
NIFTY,1,G_13:20_120,dte_matched,353,38.0,91.9,123.0,173.6,273.2,22.1,73.0,89.0,144.7,208.3
NIFTY,1,G_13:20_120,dte_matched_ex2122,163,30.4,68.7,88.6,146.8,273.2,19.2,58.2,73.0,88.7,144.7
NIFTY,1,G_13:20_120,all_days,2754,39.0,91.2,117.6,185.8,442.6,23.3,71.6,94.1,149.7,418.3
NIFTY,1,G_13:20_120,dte_matched,353,38.0,91.9,123.0,173.6,273.2,22.1,73.0,89.0,144.7,208.3
NIFTY,1,G_13:20_120,dte_matched_ex2122,163,30.4,68.7,88.6,146.8,273.2,19.2,58.2,73.0,88.7,144.7
NIFTY,1,G_13:20_120,all_days,2754,39.0,91.2,117.6,185.8,442.6,23.3,71.6,94.1,149.7,418.3
NIFTY,1,G_13:20_60,dte_matched,353,25.0,64.9,82.8,120.7,264.0,13.4,46.0,63.7,108.2,249.2
NIFTY,1,G_13:20_60,dte_matched_ex2122,163,18.1,41.9,61.0,82.8,126.5,8.9,36.5,52.9,67.1,111.5
NIFTY,1,G_13:20_60,all_days,2754,25.1,60.2,77.3,124.4,368.9,13.5,46.5,62.2,108.2,277.5
NIFTY,1,G_13:20_60,dte_matched,353,25.0,64.9,82.8,120.7,264.0,13.4,46.0,63.7,108.2,249.2
NIFTY,1,G_13:20_60,dte_matched_ex2122,163,18.1,41.9,61.0,82.8,126.5,8.9,36.5,52.9,67.1,111.5
NIFTY,1,G_13:20_60,all_days,2754,25.1,60.2,77.3,124.4,368.9,13.5,46.5,62.2,108.2,277.5
NIFTY,1,G_13:20_60,dte_matched,353,25.0,64.9,82.8,120.7,264.0,13.4,46.0,63.7,108.2,249.2
NIFTY,1,G_13:20_60,dte_matched_ex2122,163,18.1,41.9,61.0,82.8,126.5,8.9,36.5,52.9,67.1,111.5
NIFTY,1,G_13:20_60,all_days,2754,25.1,60.2,77.3,124.4,368.9,13.5,46.5,62.2,108.2,277.5
NIFTY,1,G_13:20_90,dte_matched,353,30.4,76.4,110.8,156.4,273.2,15.1,60.4,85.2,133.5,213.8
NIFTY,1,G_13:20_90,dte_matched_ex2122,163,24.2,58.7,73.4,110.9,273.2,13.5,49.8,60.8,96.8,213.8
NIFTY,1,G_13:20_90,all_days,2754,31.5,75.2,99.9,156.4,391.8,17.2,57.3,76.3,126.6,281.7
NIFTY,1,G_13:20_90,dte_matched,353,30.4,76.4,110.8,156.4,273.2,15.1,60.4,85.2,133.5,213.8
NIFTY,1,G_13:20_90,dte_matched_ex2122,163,24.2,58.7,73.4,110.9,273.2,13.5,49.8,60.8,96.8,213.8
NIFTY,1,G_13:20_90,all_days,2754,31.5,75.2,99.9,156.4,391.8,17.2,57.3,76.3,126.6,281.7
NIFTY,1,G_13:20_90,dte_matched,353,30.4,76.4,110.8,156.4,273.2,15.1,60.4,85.2,133.5,213.8
NIFTY,1,G_13:20_90,dte_matched_ex2122,163,24.2,58.7,73.4,110.9,273.2,13.5,49.8,60.8,96.8,213.8
NIFTY,1,G_13:20_90,all_days,2754,31.5,75.2,99.9,156.4,391.8,17.2,57.3,76.3,126.6,281.7
NIFTY,1,G_13:20_H,dte_matched,353,38.0,91.9,123.0,173.6,273.2,22.1,73.0,89.0,144.7,208.3
NIFTY,1,G_13:20_H,dte_matched_ex2122,163,30.4,68.7,88.6,146.8,273.2,19.2,58.2,73.0,88.7,144.7
NIFTY,1,G_13:20_H,all_days,2754,39.0,91.2,117.6,185.8,442.6,23.3,71.6,94.1,149.7,418.3
NIFTY,1,G_13:20_H,dte_matched,353,38.0,91.9,123.0,173.6,273.2,22.1,73.0,89.0,144.7,208.3
NIFTY,1,G_13:20_H,dte_matched_ex2122,163,30.4,68.7,88.6,146.8,273.2,19.2,58.2,73.0,88.7,144.7
NIFTY,1,G_13:20_H,all_days,2754,39.0,91.2,117.6,185.8,442.6,23.3,71.6,94.1,149.7,418.3
NIFTY,1,G_13:20_H,dte_matched,353,38.0,91.9,123.0,173.6,273.2,22.1,73.0,89.0,144.7,208.3
NIFTY,1,G_13:20_H,dte_matched_ex2122,163,30.4,68.7,88.6,146.8,273.2,19.2,58.2,73.0,88.7,144.7
NIFTY,1,G_13:20_H,all_days,2754,39.0,91.2,117.6,185.8,442.6,23.3,71.6,94.1,149.7,418.3
NIFTY,1,G_13:50_120,dte_matched,353,33.9,81.2,106.3,160.8,256.4,21.9,65.9,87.4,125.8,171.8
NIFTY,1,G_13:50_120,dte_matched_ex2122,163,26.5,60.8,78.8,110.1,201.2,16.5,48.2,58.6,88.6,108.0
NIFTY,1,G_13:50_120,all_days,2754,34.7,79.1,99.4,157.4,351.4,20.9,63.6,81.5,129.7,326.9
NIFTY,1,G_13:50_120,dte_matched,353,33.9,81.2,106.3,160.8,256.4,21.9,65.9,87.4,125.8,171.8
NIFTY,1,G_13:50_120,dte_matched_ex2122,163,26.5,60.8,78.8,110.1,201.2,16.5,48.2,58.6,88.6,108.0
NIFTY,1,G_13:50_120,all_days,2754,34.7,79.1,99.4,157.4,351.4,20.9,63.6,81.5,129.7,326.9
NIFTY,1,G_13:50_120,dte_matched,353,33.9,81.2,106.3,160.8,256.4,21.9,65.9,87.4,125.8,171.8
NIFTY,1,G_13:50_120,dte_matched_ex2122,163,26.5,60.8,78.8,110.1,201.2,16.5,48.2,58.6,88.6,108.0
NIFTY,1,G_13:50_120,all_days,2754,34.7,79.1,99.4,157.4,351.4,20.9,63.6,81.5,129.7,326.9
NIFTY,1,G_13:50_60,dte_matched,353,25.6,63.2,88.0,141.0,222.6,15.1,50.2,71.7,101.5,162.7
NIFTY,1,G_13:50_60,dte_matched_ex2122,163,19.5,46.2,61.5,100.0,201.2,11.6,36.2,50.1,93.6,141.8
NIFTY,1,G_13:50_60,all_days,2754,26.7,62.4,79.7,123.7,341.5,14.4,45.8,61.6,101.2,236.3
NIFTY,1,G_13:50_60,dte_matched,353,25.6,63.2,88.0,141.0,222.6,15.1,50.2,71.7,101.5,162.7
NIFTY,1,G_13:50_60,dte_matched_ex2122,163,19.5,46.2,61.5,100.0,201.2,11.6,36.2,50.1,93.6,141.8
NIFTY,1,G_13:50_60,all_days,2754,26.7,62.4,79.7,123.7,341.5,14.4,45.8,61.6,101.2,236.3
NIFTY,1,G_13:50_60,dte_matched,353,25.6,63.2,88.0,141.0,222.6,15.1,50.2,71.7,101.5,162.7
NIFTY,1,G_13:50_60,dte_matched_ex2122,163,19.5,46.2,61.5,100.0,201.2,11.6,36.2,50.1,93.6,141.8
NIFTY,1,G_13:50_60,all_days,2754,26.7,62.4,79.7,123.7,341.5,14.4,45.8,61.6,101.2,236.3
NIFTY,1,G_13:50_90,dte_matched,353,33.9,81.2,106.3,160.8,256.4,21.9,65.9,87.4,125.8,171.8
NIFTY,1,G_13:50_90,dte_matched_ex2122,163,26.5,60.8,78.8,110.1,201.2,16.5,48.2,58.6,88.6,108.0
NIFTY,1,G_13:50_90,all_days,2754,34.7,79.1,99.4,157.4,351.4,20.9,63.6,81.5,129.7,326.9
NIFTY,1,G_13:50_90,dte_matched,353,33.9,81.2,106.3,160.8,256.4,21.9,65.9,87.4,125.8,171.8
NIFTY,1,G_13:50_90,dte_matched_ex2122,163,26.5,60.8,78.8,110.1,201.2,16.5,48.2,58.6,88.6,108.0
NIFTY,1,G_13:50_90,all_days,2754,34.7,79.1,99.4,157.4,351.4,20.9,63.6,81.5,129.7,326.9
NIFTY,1,G_13:50_90,dte_matched,353,33.9,81.2,106.3,160.8,256.4,21.9,65.9,87.4,125.8,171.8
NIFTY,1,G_13:50_90,dte_matched_ex2122,163,26.5,60.8,78.8,110.1,201.2,16.5,48.2,58.6,88.6,108.0
NIFTY,1,G_13:50_90,all_days,2754,34.7,79.1,99.4,157.4,351.4,20.9,63.6,81.5,129.7,326.9
NIFTY,1,G_13:50_H,dte_matched,353,33.9,81.2,106.3,160.8,256.4,21.9,65.9,87.4,125.8,171.8
NIFTY,1,G_13:50_H,dte_matched_ex2122,163,26.5,60.8,78.8,110.1,201.2,16.5,48.2,58.6,88.6,108.0
NIFTY,1,G_13:50_H,all_days,2754,34.7,79.1,99.4,157.4,351.4,20.9,63.6,81.5,129.7,326.9
NIFTY,1,G_13:50_H,dte_matched,353,33.9,81.2,106.3,160.8,256.4,21.9,65.9,87.4,125.8,171.8
NIFTY,1,G_13:50_H,dte_matched_ex2122,163,26.5,60.8,78.8,110.1,201.2,16.5,48.2,58.6,88.6,108.0
NIFTY,1,G_13:50_H,all_days,2754,34.7,79.1,99.4,157.4,351.4,20.9,63.6,81.5,129.7,326.9
NIFTY,1,G_13:50_H,dte_matched,353,33.9,81.2,106.3,160.8,256.4,21.9,65.9,87.4,125.8,171.8
NIFTY,1,G_13:50_H,dte_matched_ex2122,163,26.5,60.8,78.8,110.1,201.2,16.5,48.2,58.6,88.6,108.0
NIFTY,1,G_13:50_H,all_days,2754,34.7,79.1,99.4,157.4,351.4,20.9,63.6,81.5,129.7,326.9
NIFTY,1,G_14:20_120,dte_matched,353,30.3,64.5,75.9,132.2,243.9,18.9,52.6,64.8,99.0,125.9
NIFTY,1,G_14:20_120,dte_matched_ex2122,163,22.6,52.7,57.8,74.6,163.5,15.7,38.8,49.9,58.2,83.0
NIFTY,1,G_14:20_120,all_days,2754,29.3,65.6,83.1,133.8,338.7,17.1,52.8,70.2,110.5,282.2
NIFTY,1,G_14:20_120,dte_matched,353,30.3,64.5,75.9,132.2,243.9,18.9,52.6,64.8,99.0,125.9
NIFTY,1,G_14:20_120,dte_matched_ex2122,163,22.6,52.7,57.8,74.6,163.5,15.7,38.8,49.9,58.2,83.0
NIFTY,1,G_14:20_120,all_days,2754,29.3,65.6,83.1,133.8,338.7,17.1,52.8,70.2,110.5,282.2
NIFTY,1,G_14:20_120,dte_matched,353,30.3,64.5,75.9,132.2,243.9,18.9,52.6,64.8,99.0,125.9
NIFTY,1,G_14:20_120,dte_matched_ex2122,163,22.6,52.7,57.8,74.6,163.5,15.7,38.8,49.9,58.2,83.0
NIFTY,1,G_14:20_120,all_days,2754,29.3,65.6,83.1,133.8,338.7,17.1,52.8,70.2,110.5,282.2
NIFTY,1,G_14:20_60,dte_matched,353,30.3,64.5,75.9,132.2,243.9,18.9,52.6,64.8,99.0,125.9
NIFTY,1,G_14:20_60,dte_matched_ex2122,163,22.6,52.7,57.8,74.6,163.5,15.7,38.8,49.9,58.2,83.0
NIFTY,1,G_14:20_60,all_days,2754,29.3,65.6,83.1,133.8,338.7,17.1,52.8,70.2,110.5,282.2
NIFTY,1,G_14:20_60,dte_matched,353,30.3,64.5,75.9,132.2,243.9,18.9,52.6,64.8,99.0,125.9
NIFTY,1,G_14:20_60,dte_matched_ex2122,163,22.6,52.7,57.8,74.6,163.5,15.7,38.8,49.9,58.2,83.0
NIFTY,1,G_14:20_60,all_days,2754,29.3,65.6,83.1,133.8,338.7,17.1,52.8,70.2,110.5,282.2
NIFTY,1,G_14:20_60,dte_matched,353,30.3,64.5,75.9,132.2,243.9,18.9,52.6,64.8,99.0,125.9
NIFTY,1,G_14:20_60,dte_matched_ex2122,163,22.6,52.7,57.8,74.6,163.5,15.7,38.8,49.9,58.2,83.0
NIFTY,1,G_14:20_60,all_days,2754,29.3,65.6,83.1,133.8,338.7,17.1,52.8,70.2,110.5,282.2
NIFTY,1,G_14:20_90,dte_matched,353,30.3,64.5,75.9,132.2,243.9,18.9,52.6,64.8,99.0,125.9
NIFTY,1,G_14:20_90,dte_matched_ex2122,163,22.6,52.7,57.8,74.6,163.5,15.7,38.8,49.9,58.2,83.0
NIFTY,1,G_14:20_90,all_days,2754,29.3,65.6,83.1,133.8,338.7,17.1,52.8,70.2,110.5,282.2
NIFTY,1,G_14:20_90,dte_matched,353,30.3,64.5,75.9,132.2,243.9,18.9,52.6,64.8,99.0,125.9
NIFTY,1,G_14:20_90,dte_matched_ex2122,163,22.6,52.7,57.8,74.6,163.5,15.7,38.8,49.9,58.2,83.0
NIFTY,1,G_14:20_90,all_days,2754,29.3,65.6,83.1,133.8,338.7,17.1,52.8,70.2,110.5,282.2
NIFTY,1,G_14:20_90,dte_matched,353,30.3,64.5,75.9,132.2,243.9,18.9,52.6,64.8,99.0,125.9
NIFTY,1,G_14:20_90,dte_matched_ex2122,163,22.6,52.7,57.8,74.6,163.5,15.7,38.8,49.9,58.2,83.0
NIFTY,1,G_14:20_90,all_days,2754,29.3,65.6,83.1,133.8,338.7,17.1,52.8,70.2,110.5,282.2
NIFTY,1,G_14:20_H,dte_matched,353,30.3,64.5,75.9,132.2,243.9,18.9,52.6,64.8,99.0,125.9
NIFTY,1,G_14:20_H,dte_matched_ex2122,163,22.6,52.7,57.8,74.6,163.5,15.7,38.8,49.9,58.2,83.0
NIFTY,1,G_14:20_H,all_days,2754,29.3,65.6,83.1,133.8,338.7,17.1,52.8,70.2,110.5,282.2
NIFTY,1,G_14:20_H,dte_matched,353,30.3,64.5,75.9,132.2,243.9,18.9,52.6,64.8,99.0,125.9
NIFTY,1,G_14:20_H,dte_matched_ex2122,163,22.6,52.7,57.8,74.6,163.5,15.7,38.8,49.9,58.2,83.0
NIFTY,1,G_14:20_H,all_days,2754,29.3,65.6,83.1,133.8,338.7,17.1,52.8,70.2,110.5,282.2
NIFTY,1,G_14:20_H,dte_matched,353,30.3,64.5,75.9,132.2,243.9,18.9,52.6,64.8,99.0,125.9
NIFTY,1,G_14:20_H,dte_matched_ex2122,163,22.6,52.7,57.8,74.6,163.5,15.7,38.8,49.9,58.2,83.0
NIFTY,1,G_14:20_H,all_days,2754,29.3,65.6,83.1,133.8,338.7,17.1,52.8,70.2,110.5,282.2
NIFTY,1,G_14:30_120,dte_matched,353,28.3,60.5,75.0,115.8,198.8,17.7,47.9,63.3,90.3,100.4
NIFTY,1,G_14:30_120,dte_matched_ex2122,163,20.2,46.4,56.4,67.8,148.6,13.5,36.6,44.0,59.6,64.4
NIFTY,1,G_14:30_120,all_days,2754,26.6,59.3,74.0,118.1,336.7,16.1,48.2,62.7,100.0,312.1
NIFTY,1,G_14:30_120,dte_matched,353,28.3,60.5,75.0,115.8,198.8,17.7,47.9,63.3,90.3,100.4
NIFTY,1,G_14:30_120,dte_matched_ex2122,163,20.2,46.4,56.4,67.8,148.6,13.5,36.6,44.0,59.6,64.4
NIFTY,1,G_14:30_120,all_days,2754,26.6,59.3,74.0,118.1,336.7,16.1,48.2,62.7,100.0,312.1
NIFTY,1,G_14:30_120,dte_matched,353,28.3,60.5,75.0,115.8,198.8,17.7,47.9,63.3,90.3,100.4
NIFTY,1,G_14:30_120,dte_matched_ex2122,163,20.2,46.4,56.4,67.8,148.6,13.5,36.6,44.0,59.6,64.4
NIFTY,1,G_14:30_120,all_days,2754,26.6,59.3,74.0,118.1,336.7,16.1,48.2,62.7,100.0,312.1
NIFTY,1,G_14:30_60,dte_matched,353,28.3,60.5,75.0,115.8,198.8,17.7,47.9,63.3,90.3,100.4
NIFTY,1,G_14:30_60,dte_matched_ex2122,163,20.2,46.4,56.4,67.8,148.6,13.5,36.6,44.0,59.6,64.4
NIFTY,1,G_14:30_60,all_days,2754,26.6,59.3,74.0,118.1,336.7,16.1,48.2,62.7,100.0,312.1
NIFTY,1,G_14:30_60,dte_matched,353,28.3,60.5,75.0,115.8,198.8,17.7,47.9,63.3,90.3,100.4
NIFTY,1,G_14:30_60,dte_matched_ex2122,163,20.2,46.4,56.4,67.8,148.6,13.5,36.6,44.0,59.6,64.4
NIFTY,1,G_14:30_60,all_days,2754,26.6,59.3,74.0,118.1,336.7,16.1,48.2,62.7,100.0,312.1
NIFTY,1,G_14:30_60,dte_matched,353,28.3,60.5,75.0,115.8,198.8,17.7,47.9,63.3,90.3,100.4
NIFTY,1,G_14:30_60,dte_matched_ex2122,163,20.2,46.4,56.4,67.8,148.6,13.5,36.6,44.0,59.6,64.4
NIFTY,1,G_14:30_60,all_days,2754,26.6,59.3,74.0,118.1,336.7,16.1,48.2,62.7,100.0,312.1
NIFTY,1,G_14:30_90,dte_matched,353,28.3,60.5,75.0,115.8,198.8,17.7,47.9,63.3,90.3,100.4
NIFTY,1,G_14:30_90,dte_matched_ex2122,163,20.2,46.4,56.4,67.8,148.6,13.5,36.6,44.0,59.6,64.4
NIFTY,1,G_14:30_90,all_days,2754,26.6,59.3,74.0,118.1,336.7,16.1,48.2,62.7,100.0,312.1
NIFTY,1,G_14:30_90,dte_matched,353,28.3,60.5,75.0,115.8,198.8,17.7,47.9,63.3,90.3,100.4
NIFTY,1,G_14:30_90,dte_matched_ex2122,163,20.2,46.4,56.4,67.8,148.6,13.5,36.6,44.0,59.6,64.4
NIFTY,1,G_14:30_90,all_days,2754,26.6,59.3,74.0,118.1,336.7,16.1,48.2,62.7,100.0,312.1
NIFTY,1,G_14:30_90,dte_matched,353,28.3,60.5,75.0,115.8,198.8,17.7,47.9,63.3,90.3,100.4
NIFTY,1,G_14:30_90,dte_matched_ex2122,163,20.2,46.4,56.4,67.8,148.6,13.5,36.6,44.0,59.6,64.4
NIFTY,1,G_14:30_90,all_days,2754,26.6,59.3,74.0,118.1,336.7,16.1,48.2,62.7,100.0,312.1
NIFTY,1,G_14:30_H,dte_matched,353,28.3,60.5,75.0,115.8,198.8,17.7,47.9,63.3,90.3,100.4
NIFTY,1,G_14:30_H,dte_matched_ex2122,163,20.2,46.4,56.4,67.8,148.6,13.5,36.6,44.0,59.6,64.4
NIFTY,1,G_14:30_H,all_days,2754,26.6,59.3,74.0,118.1,336.7,16.1,48.2,62.7,100.0,312.1
NIFTY,1,G_14:30_H,dte_matched,353,28.3,60.5,75.0,115.8,198.8,17.7,47.9,63.3,90.3,100.4
NIFTY,1,G_14:30_H,dte_matched_ex2122,163,20.2,46.4,56.4,67.8,148.6,13.5,36.6,44.0,59.6,64.4
NIFTY,1,G_14:30_H,all_days,2754,26.6,59.3,74.0,118.1,336.7,16.1,48.2,62.7,100.0,312.1
NIFTY,1,G_14:30_H,dte_matched,353,28.3,60.5,75.0,115.8,198.8,17.7,47.9,63.3,90.3,100.4
NIFTY,1,G_14:30_H,dte_matched_ex2122,163,20.2,46.4,56.4,67.8,148.6,13.5,36.6,44.0,59.6,64.4
NIFTY,1,G_14:30_H,all_days,2754,26.6,59.3,74.0,118.1,336.7,16.1,48.2,62.7,100.0,312.1
NIFTY,2,DEP_0930_1100,dte_matched,354,34.7,75.0,92.3,136.3,236.9,19.5,50.8,72.6,120.9,125.9
NIFTY,2,DEP_0930_1100,dte_matched_ex2122,161,28.4,64.0,72.3,99.1,122.0,15.5,44.3,54.4,77.5,121.6
NIFTY,2,DEP_0930_1100,all_days,2754,32.5,70.3,86.2,137.2,1304.5,17.9,52.4,70.0,122.8,1054.4
NIFTY,2,DEP_0930_1100,dte_matched,354,34.7,75.0,92.3,136.3,236.9,19.5,50.8,72.6,120.9,125.9
NIFTY,2,DEP_0930_1100,dte_matched_ex2122,161,28.4,64.0,72.3,99.1,122.0,15.5,44.3,54.4,77.5,121.6
NIFTY,2,DEP_0930_1100,all_days,2754,32.5,70.3,86.2,137.2,1304.5,17.9,52.4,70.0,122.8,1054.4
NIFTY,2,DEP_0930_1100,dte_matched,354,34.7,75.0,92.3,136.3,236.9,19.5,50.8,72.6,120.9,125.9
NIFTY,2,DEP_0930_1100,dte_matched_ex2122,161,28.4,64.0,72.3,99.1,122.0,15.5,44.3,54.4,77.5,121.6
NIFTY,2,DEP_0930_1100,all_days,2754,32.5,70.3,86.2,137.2,1304.5,17.9,52.4,70.0,122.8,1054.4
NIFTY,2,DEP_1000_1200,dte_matched,354,31.4,68.7,92.0,129.0,317.6,18.3,51.8,64.9,110.9,193.6
NIFTY,2,DEP_1000_1200,dte_matched_ex2122,161,25.6,59.1,66.8,114.5,130.5,14.1,42.5,54.2,77.0,127.3
NIFTY,2,DEP_1000_1200,all_days,2754,30.5,68.5,87.6,154.4,1304.5,16.8,52.0,68.3,126.4,1133.5
NIFTY,2,DEP_1000_1200,dte_matched,354,31.4,68.7,92.0,129.0,317.6,18.3,51.8,64.9,110.9,193.6
NIFTY,2,DEP_1000_1200,dte_matched_ex2122,161,25.6,59.1,66.8,114.5,130.5,14.1,42.5,54.2,77.0,127.3
NIFTY,2,DEP_1000_1200,all_days,2754,30.5,68.5,87.6,154.4,1304.5,16.8,52.0,68.3,126.4,1133.5
NIFTY,2,DEP_1000_1200,dte_matched,354,31.4,68.7,92.0,129.0,317.6,18.3,51.8,64.9,110.9,193.6
NIFTY,2,DEP_1000_1200,dte_matched_ex2122,161,25.6,59.1,66.8,114.5,130.5,14.1,42.5,54.2,77.0,127.3
NIFTY,2,DEP_1000_1200,all_days,2754,30.5,68.5,87.6,154.4,1304.5,16.8,52.0,68.3,126.4,1133.5
NIFTY,2,DEP_1030_1200,dte_matched,354,26.0,58.6,70.6,116.0,292.7,13.9,42.3,51.3,92.1,169.0
NIFTY,2,DEP_1030_1200,dte_matched_ex2122,161,21.6,48.0,59.9,95.6,116.0,11.1,33.4,42.3,72.1,92.1
NIFTY,2,DEP_1030_1200,all_days,2754,24.9,57.1,71.9,134.1,572.6,13.9,43.0,56.7,106.8,479.7
NIFTY,2,DEP_1030_1200,dte_matched,354,26.0,58.6,70.6,116.0,292.7,13.9,42.3,51.3,92.1,169.0
NIFTY,2,DEP_1030_1200,dte_matched_ex2122,161,21.6,48.0,59.9,95.6,116.0,11.1,33.4,42.3,72.1,92.1
NIFTY,2,DEP_1030_1200,all_days,2754,24.9,57.1,71.9,134.1,572.6,13.9,43.0,56.7,106.8,479.7
NIFTY,2,DEP_1030_1200,dte_matched,354,26.0,58.6,70.6,116.0,292.7,13.9,42.3,51.3,92.1,169.0
NIFTY,2,DEP_1030_1200,dte_matched_ex2122,161,21.6,48.0,59.9,95.6,116.0,11.1,33.4,42.3,72.1,92.1
NIFTY,2,DEP_1030_1200,all_days,2754,24.9,57.1,71.9,134.1,572.6,13.9,43.0,56.7,106.8,479.7
NIFTY,2,DEP_1300_1400,dte_matched,354,23.5,58.4,75.8,114.9,189.2,13.4,43.1,59.3,83.7,161.5
NIFTY,2,DEP_1300_1400,dte_matched_ex2122,161,19.7,40.5,55.6,80.6,95.8,12.5,33.9,44.0,77.5,95.8
NIFTY,2,DEP_1300_1400,all_days,2753,23.6,53.8,71.1,117.4,276.7,13.0,41.8,56.7,99.9,248.0
NIFTY,2,DEP_1300_1400,dte_matched,354,23.5,58.4,75.8,114.9,189.2,13.4,43.1,59.3,83.7,161.5
NIFTY,2,DEP_1300_1400,dte_matched_ex2122,161,19.7,40.5,55.6,80.6,95.8,12.5,33.9,44.0,77.5,95.8
NIFTY,2,DEP_1300_1400,all_days,2753,23.6,53.8,71.1,117.4,276.7,13.0,41.8,56.7,99.9,248.0
NIFTY,2,DEP_1300_1400,dte_matched,354,23.5,58.4,75.8,114.9,189.2,13.4,43.1,59.3,83.7,161.5
NIFTY,2,DEP_1300_1400,dte_matched_ex2122,161,19.7,40.5,55.6,80.6,95.8,12.5,33.9,44.0,77.5,95.8
NIFTY,2,DEP_1300_1400,all_days,2753,23.6,53.8,71.1,117.4,276.7,13.0,41.8,56.7,99.9,248.0
NIFTY,2,DEP_1300_1520,dte_matched,354,41.1,107.2,128.5,191.6,406.2,27.1,80.6,104.9,167.5,381.8
NIFTY,2,DEP_1300_1520,dte_matched_ex2122,161,30.0,68.3,81.8,128.5,139.1,18.6,53.4,66.0,112.3,137.6
NIFTY,2,DEP_1300_1520,all_days,2753,41.5,97.7,121.4,191.6,406.2,25.0,76.1,99.4,164.0,381.8
NIFTY,2,DEP_1300_1520,dte_matched,354,41.1,107.2,128.5,191.6,406.2,27.1,80.6,104.9,167.5,381.8
NIFTY,2,DEP_1300_1520,dte_matched_ex2122,161,30.0,68.3,81.8,128.5,139.1,18.6,53.4,66.0,112.3,137.6
NIFTY,2,DEP_1300_1520,all_days,2753,41.5,97.7,121.4,191.6,406.2,25.0,76.1,99.4,164.0,381.8
NIFTY,2,DEP_1300_1520,dte_matched,354,41.1,107.2,128.5,191.6,406.2,27.1,80.6,104.9,167.5,381.8
NIFTY,2,DEP_1300_1520,dte_matched_ex2122,161,30.0,68.3,81.8,128.5,139.1,18.6,53.4,66.0,112.3,137.6
NIFTY,2,DEP_1300_1520,all_days,2753,41.5,97.7,121.4,191.6,406.2,25.0,76.1,99.4,164.0,381.8
NIFTY,2,G_09:20_120,dte_matched,354,39.4,87.0,97.6,142.0,456.4,22.2,62.2,80.0,103.1,232.0
NIFTY,2,G_09:20_120,dte_matched_ex2122,161,33.2,66.6,79.7,94.2,117.3,20.1,48.8,62.2,79.4,103.4
NIFTY,2,G_09:20_120,all_days,2753,37.5,80.0,98.9,168.8,1304.5,20.8,60.1,79.0,126.7,1100.8
NIFTY,2,G_09:20_120,dte_matched,354,39.4,87.0,97.6,142.0,456.4,22.2,62.2,80.0,103.1,232.0
NIFTY,2,G_09:20_120,dte_matched_ex2122,161,33.2,66.6,79.7,94.2,117.3,20.1,48.8,62.2,79.4,103.4
NIFTY,2,G_09:20_120,all_days,2753,37.5,80.0,98.9,168.8,1304.5,20.8,60.1,79.0,126.7,1100.8
NIFTY,2,G_09:20_120,dte_matched,354,39.4,87.0,97.6,142.0,456.4,22.2,62.2,80.0,103.1,232.0
NIFTY,2,G_09:20_120,dte_matched_ex2122,161,33.2,66.6,79.7,94.2,117.3,20.1,48.8,62.2,79.4,103.4
NIFTY,2,G_09:20_120,all_days,2753,37.5,80.0,98.9,168.8,1304.5,20.8,60.1,79.0,126.7,1100.8
NIFTY,2,G_09:20_60,dte_matched,354,31.7,66.5,83.9,114.9,440.8,18.1,47.5,57.9,88.4,415.5
NIFTY,2,G_09:20_60,dte_matched_ex2122,161,28.1,51.5,61.0,77.6,113.3,15.5,43.9,50.0,64.4,110.9
NIFTY,2,G_09:20_60,all_days,2753,30.5,63.1,77.6,129.5,626.3,17.1,47.1,60.0,98.4,569.8
NIFTY,2,G_09:20_60,dte_matched,354,31.7,66.5,83.9,114.9,440.8,18.1,47.5,57.9,88.4,415.5
NIFTY,2,G_09:20_60,dte_matched_ex2122,161,28.1,51.5,61.0,77.6,113.3,15.5,43.9,50.0,64.4,110.9
NIFTY,2,G_09:20_60,all_days,2753,30.5,63.1,77.6,129.5,626.3,17.1,47.1,60.0,98.4,569.8
NIFTY,2,G_09:20_60,dte_matched,354,31.7,66.5,83.9,114.9,440.8,18.1,47.5,57.9,88.4,415.5
NIFTY,2,G_09:20_60,dte_matched_ex2122,161,28.1,51.5,61.0,77.6,113.3,15.5,43.9,50.0,64.4,110.9
NIFTY,2,G_09:20_60,all_days,2753,30.5,63.1,77.6,129.5,626.3,17.1,47.1,60.0,98.4,569.8
NIFTY,2,G_09:20_90,dte_matched,354,36.4,79.5,93.3,120.4,456.4,19.7,56.2,72.3,96.5,363.5
NIFTY,2,G_09:20_90,dte_matched_ex2122,161,30.1,61.4,73.1,94.2,117.3,17.5,50.2,56.0,72.8,87.8
NIFTY,2,G_09:20_90,all_days,2753,34.8,72.2,89.4,149.0,1304.5,19.4,53.5,70.3,124.8,1167.5
NIFTY,2,G_09:20_90,dte_matched,354,36.4,79.5,93.3,120.4,456.4,19.7,56.2,72.3,96.5,363.5
NIFTY,2,G_09:20_90,dte_matched_ex2122,161,30.1,61.4,73.1,94.2,117.3,17.5,50.2,56.0,72.8,87.8
NIFTY,2,G_09:20_90,all_days,2753,34.8,72.2,89.4,149.0,1304.5,19.4,53.5,70.3,124.8,1167.5
NIFTY,2,G_09:20_90,dte_matched,354,36.4,79.5,93.3,120.4,456.4,19.7,56.2,72.3,96.5,363.5
NIFTY,2,G_09:20_90,dte_matched_ex2122,161,30.1,61.4,73.1,94.2,117.3,17.5,50.2,56.0,72.8,87.8
NIFTY,2,G_09:20_90,all_days,2753,34.8,72.2,89.4,149.0,1304.5,19.4,53.5,70.3,124.8,1167.5
NIFTY,2,G_09:20_H,dte_matched,354,66.7,142.0,179.1,281.2,496.0,43.6,120.8,137.7,195.5,445.3
NIFTY,2,G_09:20_H,dte_matched_ex2122,161,53.1,109.8,135.8,183.5,241.6,32.7,89.0,118.2,153.6,211.9
NIFTY,2,G_09:20_H,all_days,2753,65.8,138.4,174.1,299.2,1777.4,40.5,116.9,144.9,249.6,1556.8
NIFTY,2,G_09:20_H,dte_matched,354,66.7,142.0,179.1,281.2,496.0,43.6,120.8,137.7,195.5,445.3
NIFTY,2,G_09:20_H,dte_matched_ex2122,161,53.1,109.8,135.8,183.5,241.6,32.7,89.0,118.2,153.6,211.9
NIFTY,2,G_09:20_H,all_days,2753,65.8,138.4,174.1,299.2,1777.4,40.5,116.9,144.9,249.6,1556.8
NIFTY,2,G_09:20_H,dte_matched,354,66.7,142.0,179.1,281.2,496.0,43.6,120.8,137.7,195.5,445.3
NIFTY,2,G_09:20_H,dte_matched_ex2122,161,53.1,109.8,135.8,183.5,241.6,32.7,89.0,118.2,153.6,211.9
NIFTY,2,G_09:20_H,all_days,2753,65.8,138.4,174.1,299.2,1777.4,40.5,116.9,144.9,249.6,1556.8
NIFTY,2,G_09:50_120,dte_matched,354,34.4,77.4,88.9,128.6,258.4,18.0,53.6,69.0,101.1,191.3
NIFTY,2,G_09:50_120,dte_matched_ex2122,161,28.7,61.8,78.5,111.6,145.6,13.8,43.7,57.9,88.3,143.7
NIFTY,2,G_09:50_120,all_days,2754,32.4,69.8,88.9,157.6,1304.5,17.6,52.3,68.1,127.3,1071.7
NIFTY,2,G_09:50_120,dte_matched,354,34.4,77.4,88.9,128.6,258.4,18.0,53.6,69.0,101.1,191.3
NIFTY,2,G_09:50_120,dte_matched_ex2122,161,28.7,61.8,78.5,111.6,145.6,13.8,43.7,57.9,88.3,143.7
NIFTY,2,G_09:50_120,all_days,2754,32.4,69.8,88.9,157.6,1304.5,17.6,52.3,68.1,127.3,1071.7
NIFTY,2,G_09:50_120,dte_matched,354,34.4,77.4,88.9,128.6,258.4,18.0,53.6,69.0,101.1,191.3
NIFTY,2,G_09:50_120,dte_matched_ex2122,161,28.7,61.8,78.5,111.6,145.6,13.8,43.7,57.9,88.3,143.7
NIFTY,2,G_09:50_120,all_days,2754,32.4,69.8,88.9,157.6,1304.5,17.6,52.3,68.1,127.3,1071.7
NIFTY,2,G_09:50_60,dte_matched,354,26.0,58.8,74.9,99.9,167.5,13.9,44.0,53.4,88.6,137.5
NIFTY,2,G_09:50_60,dte_matched_ex2122,161,20.8,51.4,64.6,92.8,106.2,10.8,37.1,50.2,63.2,93.8
NIFTY,2,G_09:50_60,all_days,2754,24.0,53.4,68.4,105.3,1304.5,13.5,39.6,53.4,88.0,1167.5
NIFTY,2,G_09:50_60,dte_matched,354,26.0,58.8,74.9,99.9,167.5,13.9,44.0,53.4,88.6,137.5
NIFTY,2,G_09:50_60,dte_matched_ex2122,161,20.8,51.4,64.6,92.8,106.2,10.8,37.1,50.2,63.2,93.8
NIFTY,2,G_09:50_60,all_days,2754,24.0,53.4,68.4,105.3,1304.5,13.5,39.6,53.4,88.0,1167.5
NIFTY,2,G_09:50_60,dte_matched,354,26.0,58.8,74.9,99.9,167.5,13.9,44.0,53.4,88.6,137.5
NIFTY,2,G_09:50_60,dte_matched_ex2122,161,20.8,51.4,64.6,92.8,106.2,10.8,37.1,50.2,63.2,93.8
NIFTY,2,G_09:50_60,all_days,2754,24.0,53.4,68.4,105.3,1304.5,13.5,39.6,53.4,88.0,1167.5
NIFTY,2,G_09:50_90,dte_matched,354,30.4,67.0,81.1,108.1,184.0,16.6,50.4,66.8,90.0,172.2
NIFTY,2,G_09:50_90,dte_matched_ex2122,161,25.6,58.8,72.0,92.8,129.6,13.9,41.3,62.3,78.9,117.1
NIFTY,2,G_09:50_90,all_days,2754,28.2,63.0,80.5,133.1,1304.5,16.0,46.1,62.3,107.3,1100.8
NIFTY,2,G_09:50_90,dte_matched,354,30.4,67.0,81.1,108.1,184.0,16.6,50.4,66.8,90.0,172.2
NIFTY,2,G_09:50_90,dte_matched_ex2122,161,25.6,58.8,72.0,92.8,129.6,13.9,41.3,62.3,78.9,117.1
NIFTY,2,G_09:50_90,all_days,2754,28.2,63.0,80.5,133.1,1304.5,16.0,46.1,62.3,107.3,1100.8
NIFTY,2,G_09:50_90,dte_matched,354,30.4,67.0,81.1,108.1,184.0,16.6,50.4,66.8,90.0,172.2
NIFTY,2,G_09:50_90,dte_matched_ex2122,161,25.6,58.8,72.0,92.8,129.6,13.9,41.3,62.3,78.9,117.1
NIFTY,2,G_09:50_90,all_days,2754,28.2,63.0,80.5,133.1,1304.5,16.0,46.1,62.3,107.3,1100.8
NIFTY,2,G_09:50_H,dte_matched,354,62.5,137.9,169.5,270.8,466.6,35.5,115.5,147.2,215.5,442.4
NIFTY,2,G_09:50_H,dte_matched_ex2122,161,50.0,106.9,123.0,174.5,245.2,29.9,80.5,108.7,157.1,215.5
NIFTY,2,G_09:50_H,all_days,2754,60.1,130.2,169.3,273.6,1777.4,35.7,105.7,137.9,247.5,1556.8
NIFTY,2,G_09:50_H,dte_matched,354,62.5,137.9,169.5,270.8,466.6,35.5,115.5,147.2,215.5,442.4
NIFTY,2,G_09:50_H,dte_matched_ex2122,161,50.0,106.9,123.0,174.5,245.2,29.9,80.5,108.7,157.1,215.5
NIFTY,2,G_09:50_H,all_days,2754,60.1,130.2,169.3,273.6,1777.4,35.7,105.7,137.9,247.5,1556.8
NIFTY,2,G_09:50_H,dte_matched,354,62.5,137.9,169.5,270.8,466.6,35.5,115.5,147.2,215.5,442.4
NIFTY,2,G_09:50_H,dte_matched_ex2122,161,50.0,106.9,123.0,174.5,245.2,29.9,80.5,108.7,157.1,215.5
NIFTY,2,G_09:50_H,all_days,2754,60.1,130.2,169.3,273.6,1777.4,35.7,105.7,137.9,247.5,1556.8
NIFTY,2,G_10:20_120,dte_matched,354,31.8,70.9,83.6,139.1,388.6,16.7,50.9,64.2,104.7,337.8
NIFTY,2,G_10:20_120,dte_matched_ex2122,161,26.0,51.2,70.9,109.6,122.1,13.5,39.5,53.1,71.6,104.7
NIFTY,2,G_10:20_120,all_days,2754,29.7,65.3,85.4,146.2,698.8,16.7,49.2,65.2,113.0,661.7
NIFTY,2,G_10:20_120,dte_matched,354,31.8,70.9,83.6,139.1,388.6,16.7,50.9,64.2,104.7,337.8
NIFTY,2,G_10:20_120,dte_matched_ex2122,161,26.0,51.2,70.9,109.6,122.1,13.5,39.5,53.1,71.6,104.7
NIFTY,2,G_10:20_120,all_days,2754,29.7,65.3,85.4,146.2,698.8,16.7,49.2,65.2,113.0,661.7
NIFTY,2,G_10:20_120,dte_matched,354,31.8,70.9,83.6,139.1,388.6,16.7,50.9,64.2,104.7,337.8
NIFTY,2,G_10:20_120,dte_matched_ex2122,161,26.0,51.2,70.9,109.6,122.1,13.5,39.5,53.1,71.6,104.7
NIFTY,2,G_10:20_120,all_days,2754,29.7,65.3,85.4,146.2,698.8,16.7,49.2,65.2,113.0,661.7
NIFTY,2,G_10:20_60,dte_matched,354,22.2,52.3,65.4,95.0,313.3,11.7,38.3,49.0,76.3,301.3
NIFTY,2,G_10:20_60,dte_matched_ex2122,161,18.7,42.5,46.0,70.9,84.4,9.1,29.9,39.5,59.7,75.0
NIFTY,2,G_10:20_60,all_days,2754,21.2,47.5,62.0,108.1,695.1,11.2,34.9,46.8,90.3,502.3
NIFTY,2,G_10:20_60,dte_matched,354,22.2,52.3,65.4,95.0,313.3,11.7,38.3,49.0,76.3,301.3
NIFTY,2,G_10:20_60,dte_matched_ex2122,161,18.7,42.5,46.0,70.9,84.4,9.1,29.9,39.5,59.7,75.0
NIFTY,2,G_10:20_60,all_days,2754,21.2,47.5,62.0,108.1,695.1,11.2,34.9,46.8,90.3,502.3
NIFTY,2,G_10:20_60,dte_matched,354,22.2,52.3,65.4,95.0,313.3,11.7,38.3,49.0,76.3,301.3
NIFTY,2,G_10:20_60,dte_matched_ex2122,161,18.7,42.5,46.0,70.9,84.4,9.1,29.9,39.5,59.7,75.0
NIFTY,2,G_10:20_60,all_days,2754,21.2,47.5,62.0,108.1,695.1,11.2,34.9,46.8,90.3,502.3
NIFTY,2,G_10:20_90,dte_matched,354,26.2,64.8,76.2,122.1,388.6,14.9,44.1,58.5,96.7,320.7
NIFTY,2,G_10:20_90,dte_matched_ex2122,161,21.4,47.0,62.7,84.4,122.1,11.3,38.7,45.2,75.1,103.2
NIFTY,2,G_10:20_90,all_days,2754,25.8,57.4,73.3,132.3,695.1,13.8,41.4,55.8,105.3,484.8
NIFTY,2,G_10:20_90,dte_matched,354,26.2,64.8,76.2,122.1,388.6,14.9,44.1,58.5,96.7,320.7
NIFTY,2,G_10:20_90,dte_matched_ex2122,161,21.4,47.0,62.7,84.4,122.1,11.3,38.7,45.2,75.1,103.2
NIFTY,2,G_10:20_90,all_days,2754,25.8,57.4,73.3,132.3,695.1,13.8,41.4,55.8,105.3,484.8
NIFTY,2,G_10:20_90,dte_matched,354,26.2,64.8,76.2,122.1,388.6,14.9,44.1,58.5,96.7,320.7
NIFTY,2,G_10:20_90,dte_matched_ex2122,161,21.4,47.0,62.7,84.4,122.1,11.3,38.7,45.2,75.1,103.2
NIFTY,2,G_10:20_90,all_days,2754,25.8,57.4,73.3,132.3,695.1,13.8,41.4,55.8,105.3,484.8
NIFTY,2,G_10:20_H,dte_matched,354,59.1,126.2,157.9,245.5,596.9,38.1,103.6,121.6,207.4,443.8
NIFTY,2,G_10:20_H,dte_matched_ex2122,161,45.9,102.0,120.3,153.2,192.6,28.4,83.5,93.4,124.4,186.5
NIFTY,2,G_10:20_H,all_days,2754,55.4,125.7,155.9,278.0,1142.5,33.3,101.3,128.8,243.4,933.8
NIFTY,2,G_10:20_H,dte_matched,354,59.1,126.2,157.9,245.5,596.9,38.1,103.6,121.6,207.4,443.8
NIFTY,2,G_10:20_H,dte_matched_ex2122,161,45.9,102.0,120.3,153.2,192.6,28.4,83.5,93.4,124.4,186.5
NIFTY,2,G_10:20_H,all_days,2754,55.4,125.7,155.9,278.0,1142.5,33.3,101.3,128.8,243.4,933.8
NIFTY,2,G_10:20_H,dte_matched,354,59.1,126.2,157.9,245.5,596.9,38.1,103.6,121.6,207.4,443.8
NIFTY,2,G_10:20_H,dte_matched_ex2122,161,45.9,102.0,120.3,153.2,192.6,28.4,83.5,93.4,124.4,186.5
NIFTY,2,G_10:20_H,all_days,2754,55.4,125.7,155.9,278.0,1142.5,33.3,101.3,128.8,243.4,933.8
NIFTY,2,G_10:50_120,dte_matched,354,29.4,64.5,86.7,154.7,206.8,16.3,52.5,68.0,125.4,183.8
NIFTY,2,G_10:50_120,dte_matched_ex2122,161,25.4,57.1,70.0,114.7,157.6,13.2,42.3,52.5,73.7,121.2
NIFTY,2,G_10:50_120,all_days,2754,28.9,64.5,84.8,152.0,479.6,16.0,51.2,67.8,122.3,445.3
NIFTY,2,G_10:50_120,dte_matched,354,29.4,64.5,86.7,154.7,206.8,16.3,52.5,68.0,125.4,183.8
NIFTY,2,G_10:50_120,dte_matched_ex2122,161,25.4,57.1,70.0,114.7,157.6,13.2,42.3,52.5,73.7,121.2
NIFTY,2,G_10:50_120,all_days,2754,28.9,64.5,84.8,152.0,479.6,16.0,51.2,67.8,122.3,445.3
NIFTY,2,G_10:50_120,dte_matched,354,29.4,64.5,86.7,154.7,206.8,16.3,52.5,68.0,125.4,183.8
NIFTY,2,G_10:50_120,dte_matched_ex2122,161,25.4,57.1,70.0,114.7,157.6,13.2,42.3,52.5,73.7,121.2
NIFTY,2,G_10:50_120,all_days,2754,28.9,64.5,84.8,152.0,479.6,16.0,51.2,67.8,122.3,445.3
NIFTY,2,G_10:50_60,dte_matched,354,21.0,48.3,62.6,114.7,206.8,11.4,34.9,50.0,81.2,112.0
NIFTY,2,G_10:50_60,dte_matched_ex2122,161,18.0,38.0,52.2,75.1,114.7,9.6,26.4,48.4,53.9,79.6
NIFTY,2,G_10:50_60,all_days,2754,20.2,45.9,58.4,109.5,479.6,10.8,34.2,44.7,80.3,314.3
NIFTY,2,G_10:50_60,dte_matched,354,21.0,48.3,62.6,114.7,206.8,11.4,34.9,50.0,81.2,112.0
NIFTY,2,G_10:50_60,dte_matched_ex2122,161,18.0,38.0,52.2,75.1,114.7,9.6,26.4,48.4,53.9,79.6
NIFTY,2,G_10:50_60,all_days,2754,20.2,45.9,58.4,109.5,479.6,10.8,34.2,44.7,80.3,314.3
NIFTY,2,G_10:50_60,dte_matched,354,21.0,48.3,62.6,114.7,206.8,11.4,34.9,50.0,81.2,112.0
NIFTY,2,G_10:50_60,dte_matched_ex2122,161,18.0,38.0,52.2,75.1,114.7,9.6,26.4,48.4,53.9,79.6
NIFTY,2,G_10:50_60,all_days,2754,20.2,45.9,58.4,109.5,479.6,10.8,34.2,44.7,80.3,314.3
NIFTY,2,G_10:50_90,dte_matched,354,25.7,59.1,78.6,120.3,206.8,14.0,41.7,55.3,101.6,137.5
NIFTY,2,G_10:50_90,dte_matched_ex2122,161,22.5,42.6,64.1,96.7,114.7,11.3,35.6,44.0,75.5,102.8
NIFTY,2,G_10:50_90,all_days,2754,24.7,56.2,73.7,130.1,479.6,14.0,42.0,55.5,96.2,388.3
NIFTY,2,G_10:50_90,dte_matched,354,25.7,59.1,78.6,120.3,206.8,14.0,41.7,55.3,101.6,137.5
NIFTY,2,G_10:50_90,dte_matched_ex2122,161,22.5,42.6,64.1,96.7,114.7,11.3,35.6,44.0,75.5,102.8
NIFTY,2,G_10:50_90,all_days,2754,24.7,56.2,73.7,130.1,479.6,14.0,42.0,55.5,96.2,388.3
NIFTY,2,G_10:50_90,dte_matched,354,25.7,59.1,78.6,120.3,206.8,14.0,41.7,55.3,101.6,137.5
NIFTY,2,G_10:50_90,dte_matched_ex2122,161,22.5,42.6,64.1,96.7,114.7,11.3,35.6,44.0,75.5,102.8
NIFTY,2,G_10:50_90,all_days,2754,24.7,56.2,73.7,130.1,479.6,14.0,42.0,55.5,96.2,388.3
NIFTY,2,G_10:50_H,dte_matched,354,56.5,126.7,166.0,281.9,493.4,36.0,104.5,122.7,182.5,469.3
NIFTY,2,G_10:50_H,dte_matched_ex2122,161,42.2,101.3,116.4,157.6,170.1,25.8,82.3,91.0,120.0,164.5
NIFTY,2,G_10:50_H,all_days,2754,53.6,119.7,154.1,256.1,733.1,31.5,98.1,124.3,210.9,638.4
NIFTY,2,G_10:50_H,dte_matched,354,56.5,126.7,166.0,281.9,493.4,36.0,104.5,122.7,182.5,469.3
NIFTY,2,G_10:50_H,dte_matched_ex2122,161,42.2,101.3,116.4,157.6,170.1,25.8,82.3,91.0,120.0,164.5
NIFTY,2,G_10:50_H,all_days,2754,53.6,119.7,154.1,256.1,733.1,31.5,98.1,124.3,210.9,638.4
NIFTY,2,G_10:50_H,dte_matched,354,56.5,126.7,166.0,281.9,493.4,36.0,104.5,122.7,182.5,469.3
NIFTY,2,G_10:50_H,dte_matched_ex2122,161,42.2,101.3,116.4,157.6,170.1,25.8,82.3,91.0,120.0,164.5
NIFTY,2,G_10:50_H,all_days,2754,53.6,119.7,154.1,256.1,733.1,31.5,98.1,124.3,210.9,638.4
NIFTY,2,G_11:20_120,dte_matched,354,30.9,71.8,95.3,151.0,277.7,16.4,54.8,74.7,114.9,191.7
NIFTY,2,G_11:20_120,dte_matched_ex2122,161,24.4,55.8,79.1,112.7,170.0,12.7,43.5,54.6,92.1,120.1
NIFTY,2,G_11:20_120,all_days,2753,29.3,68.6,88.5,143.3,576.1,16.3,51.3,68.7,120.9,538.8
NIFTY,2,G_11:20_120,dte_matched,354,30.9,71.8,95.3,151.0,277.7,16.4,54.8,74.7,114.9,191.7
NIFTY,2,G_11:20_120,dte_matched_ex2122,161,24.4,55.8,79.1,112.7,170.0,12.7,43.5,54.6,92.1,120.1
NIFTY,2,G_11:20_120,all_days,2753,29.3,68.6,88.5,143.3,576.1,16.3,51.3,68.7,120.9,538.8
NIFTY,2,G_11:20_120,dte_matched,354,30.9,71.8,95.3,151.0,277.7,16.4,54.8,74.7,114.9,191.7
NIFTY,2,G_11:20_120,dte_matched_ex2122,161,24.4,55.8,79.1,112.7,170.0,12.7,43.5,54.6,92.1,120.1
NIFTY,2,G_11:20_120,all_days,2753,29.3,68.6,88.5,143.3,576.1,16.3,51.3,68.7,120.9,538.8
NIFTY,2,G_11:20_60,dte_matched,354,20.6,45.8,57.8,84.7,138.9,11.3,30.9,39.9,77.3,115.3
NIFTY,2,G_11:20_60,dte_matched_ex2122,161,17.2,33.3,43.9,82.2,121.9,9.6,25.8,31.0,73.9,115.3
NIFTY,2,G_11:20_60,all_days,2753,19.9,45.5,57.6,94.4,359.2,11.2,33.0,45.5,75.9,347.8
NIFTY,2,G_11:20_60,dte_matched,354,20.6,45.8,57.8,84.7,138.9,11.3,30.9,39.9,77.3,115.3
NIFTY,2,G_11:20_60,dte_matched_ex2122,161,17.2,33.3,43.9,82.2,121.9,9.6,25.8,31.0,73.9,115.3
NIFTY,2,G_11:20_60,all_days,2753,19.9,45.5,57.6,94.4,359.2,11.2,33.0,45.5,75.9,347.8
NIFTY,2,G_11:20_60,dte_matched,354,20.6,45.8,57.8,84.7,138.9,11.3,30.9,39.9,77.3,115.3
NIFTY,2,G_11:20_60,dte_matched_ex2122,161,17.2,33.3,43.9,82.2,121.9,9.6,25.8,31.0,73.9,115.3
NIFTY,2,G_11:20_60,all_days,2753,19.9,45.5,57.6,94.4,359.2,11.2,33.0,45.5,75.9,347.8
NIFTY,2,G_11:20_90,dte_matched,354,25.6,56.5,77.9,121.0,170.0,13.2,45.2,56.3,98.4,119.3
NIFTY,2,G_11:20_90,dte_matched_ex2122,161,22.7,48.5,56.4,112.7,170.0,11.9,33.9,43.7,60.7,116.7
NIFTY,2,G_11:20_90,all_days,2753,24.8,56.3,73.3,120.0,406.3,13.4,43.8,57.5,98.4,404.6
NIFTY,2,G_11:20_90,dte_matched,354,25.6,56.5,77.9,121.0,170.0,13.2,45.2,56.3,98.4,119.3
NIFTY,2,G_11:20_90,dte_matched_ex2122,161,22.7,48.5,56.4,112.7,170.0,11.9,33.9,43.7,60.7,116.7
NIFTY,2,G_11:20_90,all_days,2753,24.8,56.3,73.3,120.0,406.3,13.4,43.8,57.5,98.4,404.6
NIFTY,2,G_11:20_90,dte_matched,354,25.6,56.5,77.9,121.0,170.0,13.2,45.2,56.3,98.4,119.3
NIFTY,2,G_11:20_90,dte_matched_ex2122,161,22.7,48.5,56.4,112.7,170.0,11.9,33.9,43.7,60.7,116.7
NIFTY,2,G_11:20_90,all_days,2753,24.8,56.3,73.3,120.0,406.3,13.4,43.8,57.5,98.4,404.6
NIFTY,2,G_11:20_H,dte_matched,354,52.8,120.7,148.2,237.8,371.3,32.5,101.3,118.9,195.2,346.8
NIFTY,2,G_11:20_H,dte_matched_ex2122,161,39.6,94.7,117.4,165.5,174.1,21.3,72.2,90.0,118.7,172.6
NIFTY,2,G_11:20_H,all_days,2753,50.8,114.3,142.3,248.4,710.3,30.6,92.7,118.8,195.2,615.8
NIFTY,2,G_11:20_H,dte_matched,354,52.8,120.7,148.2,237.8,371.3,32.5,101.3,118.9,195.2,346.8
NIFTY,2,G_11:20_H,dte_matched_ex2122,161,39.6,94.7,117.4,165.5,174.1,21.3,72.2,90.0,118.7,172.6
NIFTY,2,G_11:20_H,all_days,2753,50.8,114.3,142.3,248.4,710.3,30.6,92.7,118.8,195.2,615.8
NIFTY,2,G_11:20_H,dte_matched,354,52.8,120.7,148.2,237.8,371.3,32.5,101.3,118.9,195.2,346.8
NIFTY,2,G_11:20_H,dte_matched_ex2122,161,39.6,94.7,117.4,165.5,174.1,21.3,72.2,90.0,118.7,172.6
NIFTY,2,G_11:20_H,all_days,2753,50.8,114.3,142.3,248.4,710.3,30.6,92.7,118.8,195.2,615.8
NIFTY,2,G_11:50_120,dte_matched,354,31.9,75.1,102.3,156.9,244.2,18.0,58.9,75.7,120.6,168.8
NIFTY,2,G_11:50_120,dte_matched_ex2122,161,26.9,58.4,79.3,115.6,156.9,14.0,44.1,59.0,85.3,107.3
NIFTY,2,G_11:50_120,all_days,2753,30.6,71.1,91.8,152.8,637.4,16.5,53.4,71.6,118.1,447.2
NIFTY,2,G_11:50_120,dte_matched,354,31.9,75.1,102.3,156.9,244.2,18.0,58.9,75.7,120.6,168.8
NIFTY,2,G_11:50_120,dte_matched_ex2122,161,26.9,58.4,79.3,115.6,156.9,14.0,44.1,59.0,85.3,107.3
NIFTY,2,G_11:50_120,all_days,2753,30.6,71.1,91.8,152.8,637.4,16.5,53.4,71.6,118.1,447.2
NIFTY,2,G_11:50_120,dte_matched,354,31.9,75.1,102.3,156.9,244.2,18.0,58.9,75.7,120.6,168.8
NIFTY,2,G_11:50_120,dte_matched_ex2122,161,26.9,58.4,79.3,115.6,156.9,14.0,44.1,59.0,85.3,107.3
NIFTY,2,G_11:50_120,all_days,2753,30.6,71.1,91.8,152.8,637.4,16.5,53.4,71.6,118.1,447.2
NIFTY,2,G_11:50_60,dte_matched,354,21.5,50.0,61.5,103.2,156.9,12.7,36.5,48.7,81.3,102.9
NIFTY,2,G_11:50_60,dte_matched_ex2122,161,20.0,38.8,50.7,108.8,156.9,11.3,29.1,38.1,68.3,102.9
NIFTY,2,G_11:50_60,all_days,2753,20.3,46.6,58.3,101.3,368.3,11.0,34.3,47.5,84.6,318.8
NIFTY,2,G_11:50_60,dte_matched,354,21.5,50.0,61.5,103.2,156.9,12.7,36.5,48.7,81.3,102.9
NIFTY,2,G_11:50_60,dte_matched_ex2122,161,20.0,38.8,50.7,108.8,156.9,11.3,29.1,38.1,68.3,102.9
NIFTY,2,G_11:50_60,all_days,2753,20.3,46.6,58.3,101.3,368.3,11.0,34.3,47.5,84.6,318.8
NIFTY,2,G_11:50_60,dte_matched,354,21.5,50.0,61.5,103.2,156.9,12.7,36.5,48.7,81.3,102.9
NIFTY,2,G_11:50_60,dte_matched_ex2122,161,20.0,38.8,50.7,108.8,156.9,11.3,29.1,38.1,68.3,102.9
NIFTY,2,G_11:50_60,all_days,2753,20.3,46.6,58.3,101.3,368.3,11.0,34.3,47.5,84.6,318.8
NIFTY,2,G_11:50_90,dte_matched,354,26.5,61.2,84.2,133.2,239.1,13.7,46.7,65.4,106.3,152.7
NIFTY,2,G_11:50_90,dte_matched_ex2122,161,22.5,48.2,62.0,111.8,156.9,11.8,36.4,53.5,80.2,106.3
NIFTY,2,G_11:50_90,all_days,2753,25.6,58.3,77.6,122.6,603.9,13.5,44.1,60.1,104.8,507.4
NIFTY,2,G_11:50_90,dte_matched,354,26.5,61.2,84.2,133.2,239.1,13.7,46.7,65.4,106.3,152.7
NIFTY,2,G_11:50_90,dte_matched_ex2122,161,22.5,48.2,62.0,111.8,156.9,11.8,36.4,53.5,80.2,106.3
NIFTY,2,G_11:50_90,all_days,2753,25.6,58.3,77.6,122.6,603.9,13.5,44.1,60.1,104.8,507.4
NIFTY,2,G_11:50_90,dte_matched,354,26.5,61.2,84.2,133.2,239.1,13.7,46.7,65.4,106.3,152.7
NIFTY,2,G_11:50_90,dte_matched_ex2122,161,22.5,48.2,62.0,111.8,156.9,11.8,36.4,53.5,80.2,106.3
NIFTY,2,G_11:50_90,all_days,2753,25.6,58.3,77.6,122.6,603.9,13.5,44.1,60.1,104.8,507.4
NIFTY,2,G_11:50_H,dte_matched,354,47.8,118.0,161.6,239.1,385.7,28.7,93.5,129.2,198.1,361.3
NIFTY,2,G_11:50_H,dte_matched_ex2122,161,38.6,83.9,115.5,156.9,176.1,20.4,68.8,91.0,143.1,174.5
NIFTY,2,G_11:50_H,all_days,2753,48.0,109.7,138.6,235.9,637.4,28.5,88.4,113.6,189.0,492.7
NIFTY,2,G_11:50_H,dte_matched,354,47.8,118.0,161.6,239.1,385.7,28.7,93.5,129.2,198.1,361.3
NIFTY,2,G_11:50_H,dte_matched_ex2122,161,38.6,83.9,115.5,156.9,176.1,20.4,68.8,91.0,143.1,174.5
NIFTY,2,G_11:50_H,all_days,2753,48.0,109.7,138.6,235.9,637.4,28.5,88.4,113.6,189.0,492.7
NIFTY,2,G_11:50_H,dte_matched,354,47.8,118.0,161.6,239.1,385.7,28.7,93.5,129.2,198.1,361.3
NIFTY,2,G_11:50_H,dte_matched_ex2122,161,38.6,83.9,115.5,156.9,176.1,20.4,68.8,91.0,143.1,174.5
NIFTY,2,G_11:50_H,all_days,2753,48.0,109.7,138.6,235.9,637.4,28.5,88.4,113.6,189.0,492.7
NIFTY,2,G_12:20_120,dte_matched,354,34.5,84.5,109.2,185.8,227.3,18.7,65.9,90.0,153.2,183.7
NIFTY,2,G_12:20_120,dte_matched_ex2122,161,26.7,63.4,74.7,116.3,140.7,14.8,49.1,63.0,101.9,135.0
NIFTY,2,G_12:20_120,all_days,2753,33.6,76.5,98.2,185.8,503.1,18.3,60.9,82.7,155.1,503.1
NIFTY,2,G_12:20_120,dte_matched,354,34.5,84.5,109.2,185.8,227.3,18.7,65.9,90.0,153.2,183.7
NIFTY,2,G_12:20_120,dte_matched_ex2122,161,26.7,63.4,74.7,116.3,140.7,14.8,49.1,63.0,101.9,135.0
NIFTY,2,G_12:20_120,all_days,2753,33.6,76.5,98.2,185.8,503.1,18.3,60.9,82.7,155.1,503.1
NIFTY,2,G_12:20_120,dte_matched,354,34.5,84.5,109.2,185.8,227.3,18.7,65.9,90.0,153.2,183.7
NIFTY,2,G_12:20_120,dte_matched_ex2122,161,26.7,63.4,74.7,116.3,140.7,14.8,49.1,63.0,101.9,135.0
NIFTY,2,G_12:20_120,all_days,2753,33.6,76.5,98.2,185.8,503.1,18.3,60.9,82.7,155.1,503.1
NIFTY,2,G_12:20_60,dte_matched,354,23.4,54.2,72.5,110.7,189.4,12.0,43.6,60.9,98.9,133.2
NIFTY,2,G_12:20_60,dte_matched_ex2122,161,18.8,42.0,50.5,74.5,93.8,10.6,33.1,44.2,60.9,73.9
NIFTY,2,G_12:20_60,all_days,2753,21.2,48.5,63.3,115.7,418.0,11.2,36.9,50.3,88.1,389.0
NIFTY,2,G_12:20_60,dte_matched,354,23.4,54.2,72.5,110.7,189.4,12.0,43.6,60.9,98.9,133.2
NIFTY,2,G_12:20_60,dte_matched_ex2122,161,18.8,42.0,50.5,74.5,93.8,10.6,33.1,44.2,60.9,73.9
NIFTY,2,G_12:20_60,all_days,2753,21.2,48.5,63.3,115.7,418.0,11.2,36.9,50.3,88.1,389.0
NIFTY,2,G_12:20_60,dte_matched,354,23.4,54.2,72.5,110.7,189.4,12.0,43.6,60.9,98.9,133.2
NIFTY,2,G_12:20_60,dte_matched_ex2122,161,18.8,42.0,50.5,74.5,93.8,10.6,33.1,44.2,60.9,73.9
NIFTY,2,G_12:20_60,all_days,2753,21.2,48.5,63.3,115.7,418.0,11.2,36.9,50.3,88.1,389.0
NIFTY,2,G_12:20_90,dte_matched,354,28.2,70.1,85.6,138.3,227.3,15.4,52.1,63.8,103.8,145.8
NIFTY,2,G_12:20_90,dte_matched_ex2122,161,24.7,52.2,64.1,93.8,113.2,13.7,41.7,54.7,79.0,103.8
NIFTY,2,G_12:20_90,all_days,2753,27.6,62.6,80.7,145.8,450.9,15.2,47.9,62.8,116.8,419.6
NIFTY,2,G_12:20_90,dte_matched,354,28.2,70.1,85.6,138.3,227.3,15.4,52.1,63.8,103.8,145.8
NIFTY,2,G_12:20_90,dte_matched_ex2122,161,24.7,52.2,64.1,93.8,113.2,13.7,41.7,54.7,79.0,103.8
NIFTY,2,G_12:20_90,all_days,2753,27.6,62.6,80.7,145.8,450.9,15.2,47.9,62.8,116.8,419.6
NIFTY,2,G_12:20_90,dte_matched,354,28.2,70.1,85.6,138.3,227.3,15.4,52.1,63.8,103.8,145.8
NIFTY,2,G_12:20_90,dte_matched_ex2122,161,24.7,52.2,64.1,93.8,113.2,13.7,41.7,54.7,79.0,103.8
NIFTY,2,G_12:20_90,all_days,2753,27.6,62.6,80.7,145.8,450.9,15.2,47.9,62.8,116.8,419.6
NIFTY,2,G_12:20_H,dte_matched,354,46.3,114.0,143.9,213.6,387.3,27.9,91.7,112.7,176.8,362.9
NIFTY,2,G_12:20_H,dte_matched_ex2122,161,35.3,75.9,101.1,139.0,156.5,19.7,63.0,75.7,110.1,150.4
NIFTY,2,G_12:20_H,all_days,2753,45.6,103.6,131.1,229.2,558.1,26.9,84.4,107.5,175.7,465.0
NIFTY,2,G_12:20_H,dte_matched,354,46.3,114.0,143.9,213.6,387.3,27.9,91.7,112.7,176.8,362.9
NIFTY,2,G_12:20_H,dte_matched_ex2122,161,35.3,75.9,101.1,139.0,156.5,19.7,63.0,75.7,110.1,150.4
NIFTY,2,G_12:20_H,all_days,2753,45.6,103.6,131.1,229.2,558.1,26.9,84.4,107.5,175.7,465.0
NIFTY,2,G_12:20_H,dte_matched,354,46.3,114.0,143.9,213.6,387.3,27.9,91.7,112.7,176.8,362.9
NIFTY,2,G_12:20_H,dte_matched_ex2122,161,35.3,75.9,101.1,139.0,156.5,19.7,63.0,75.7,110.1,150.4
NIFTY,2,G_12:20_H,all_days,2753,45.6,103.6,131.1,229.2,558.1,26.9,84.4,107.5,175.7,465.0
NIFTY,2,G_12:50_120,dte_matched,354,35.7,89.8,120.6,183.4,219.0,21.3,70.9,96.1,140.3,198.9
NIFTY,2,G_12:50_120,dte_matched_ex2122,161,27.2,61.1,75.6,107.0,120.6,16.1,47.9,60.8,89.3,119.2
NIFTY,2,G_12:50_120,all_days,2753,35.5,82.1,108.3,188.4,400.0,20.1,62.9,83.2,142.8,290.0
NIFTY,2,G_12:50_120,dte_matched,354,35.7,89.8,120.6,183.4,219.0,21.3,70.9,96.1,140.3,198.9
NIFTY,2,G_12:50_120,dte_matched_ex2122,161,27.2,61.1,75.6,107.0,120.6,16.1,47.9,60.8,89.3,119.2
NIFTY,2,G_12:50_120,all_days,2753,35.5,82.1,108.3,188.4,400.0,20.1,62.9,83.2,142.8,290.0
NIFTY,2,G_12:50_120,dte_matched,354,35.7,89.8,120.6,183.4,219.0,21.3,70.9,96.1,140.3,198.9
NIFTY,2,G_12:50_120,dte_matched_ex2122,161,27.2,61.1,75.6,107.0,120.6,16.1,47.9,60.8,89.3,119.2
NIFTY,2,G_12:50_120,all_days,2753,35.5,82.1,108.3,188.4,400.0,20.1,62.9,83.2,142.8,290.0
NIFTY,2,G_12:50_60,dte_matched,354,23.1,54.5,73.2,107.6,219.0,12.6,39.6,61.1,86.8,116.1
NIFTY,2,G_12:50_60,dte_matched_ex2122,161,18.2,42.1,51.3,84.4,103.9,10.8,34.1,44.5,72.4,74.4
NIFTY,2,G_12:50_60,all_days,2753,22.6,51.7,68.1,124.4,308.7,12.3,39.7,52.6,91.6,227.5
NIFTY,2,G_12:50_60,dte_matched,354,23.1,54.5,73.2,107.6,219.0,12.6,39.6,61.1,86.8,116.1
NIFTY,2,G_12:50_60,dte_matched_ex2122,161,18.2,42.1,51.3,84.4,103.9,10.8,34.1,44.5,72.4,74.4
NIFTY,2,G_12:50_60,all_days,2753,22.6,51.7,68.1,124.4,308.7,12.3,39.7,52.6,91.6,227.5
NIFTY,2,G_12:50_60,dte_matched,354,23.1,54.5,73.2,107.6,219.0,12.6,39.6,61.1,86.8,116.1
NIFTY,2,G_12:50_60,dte_matched_ex2122,161,18.2,42.1,51.3,84.4,103.9,10.8,34.1,44.5,72.4,74.4
NIFTY,2,G_12:50_60,all_days,2753,22.6,51.7,68.1,124.4,308.7,12.3,39.7,52.6,91.6,227.5
NIFTY,2,G_12:50_90,dte_matched,354,30.4,69.6,103.6,147.8,219.0,16.0,54.6,83.9,112.4,151.4
NIFTY,2,G_12:50_90,dte_matched_ex2122,161,22.3,52.3,63.5,100.5,109.3,12.6,36.9,49.9,88.5,103.6
NIFTY,2,G_12:50_90,all_days,2753,29.5,68.0,91.6,157.8,367.5,15.8,53.6,70.4,135.9,296.5
NIFTY,2,G_12:50_90,dte_matched,354,30.4,69.6,103.6,147.8,219.0,16.0,54.6,83.9,112.4,151.4
NIFTY,2,G_12:50_90,dte_matched_ex2122,161,22.3,52.3,63.5,100.5,109.3,12.6,36.9,49.9,88.5,103.6
NIFTY,2,G_12:50_90,all_days,2753,29.5,68.0,91.6,157.8,367.5,15.8,53.6,70.4,135.9,296.5
NIFTY,2,G_12:50_90,dte_matched,354,30.4,69.6,103.6,147.8,219.0,16.0,54.6,83.9,112.4,151.4
NIFTY,2,G_12:50_90,dte_matched_ex2122,161,22.3,52.3,63.5,100.5,109.3,12.6,36.9,49.9,88.5,103.6
NIFTY,2,G_12:50_90,all_days,2753,29.5,68.0,91.6,157.8,367.5,15.8,53.6,70.4,135.9,296.5
NIFTY,2,G_12:50_H,dte_matched,354,42.9,109.5,136.2,198.3,369.4,25.9,84.2,106.0,164.3,344.9
NIFTY,2,G_12:50_H,dte_matched_ex2122,161,31.3,68.6,84.4,125.1,147.5,19.8,58.4,70.9,115.1,146.0
NIFTY,2,G_12:50_H,all_days,2753,42.4,98.1,124.4,206.1,400.0,25.7,77.2,101.3,164.3,344.9
NIFTY,2,G_12:50_H,dte_matched,354,42.9,109.5,136.2,198.3,369.4,25.9,84.2,106.0,164.3,344.9
NIFTY,2,G_12:50_H,dte_matched_ex2122,161,31.3,68.6,84.4,125.1,147.5,19.8,58.4,70.9,115.1,146.0
NIFTY,2,G_12:50_H,all_days,2753,42.4,98.1,124.4,206.1,400.0,25.7,77.2,101.3,164.3,344.9
NIFTY,2,G_12:50_H,dte_matched,354,42.9,109.5,136.2,198.3,369.4,25.9,84.2,106.0,164.3,344.9
NIFTY,2,G_12:50_H,dte_matched_ex2122,161,31.3,68.6,84.4,125.1,147.5,19.8,58.4,70.9,115.1,146.0
NIFTY,2,G_12:50_H,all_days,2753,42.4,98.1,124.4,206.1,400.0,25.7,77.2,101.3,164.3,344.9
NIFTY,2,G_13:20_120,dte_matched,354,38.1,99.9,123.7,204.6,442.6,25.3,77.8,98.7,169.1,418.3
NIFTY,2,G_13:20_120,dte_matched_ex2122,161,30.0,67.8,79.0,108.0,134.7,17.9,51.4,67.4,98.1,124.9
NIFTY,2,G_13:20_120,all_days,2754,39.0,91.2,117.6,185.8,442.6,23.3,71.6,94.1,149.7,418.3
NIFTY,2,G_13:20_120,dte_matched,354,38.1,99.9,123.7,204.6,442.6,25.3,77.8,98.7,169.1,418.3
NIFTY,2,G_13:20_120,dte_matched_ex2122,161,30.0,67.8,79.0,108.0,134.7,17.9,51.4,67.4,98.1,124.9
NIFTY,2,G_13:20_120,all_days,2754,39.0,91.2,117.6,185.8,442.6,23.3,71.6,94.1,149.7,418.3
NIFTY,2,G_13:20_120,dte_matched,354,38.1,99.9,123.7,204.6,442.6,25.3,77.8,98.7,169.1,418.3
NIFTY,2,G_13:20_120,dte_matched_ex2122,161,30.0,67.8,79.0,108.0,134.7,17.9,51.4,67.4,98.1,124.9
NIFTY,2,G_13:20_120,all_days,2754,39.0,91.2,117.6,185.8,442.6,23.3,71.6,94.1,149.7,418.3
NIFTY,2,G_13:20_60,dte_matched,354,25.4,61.9,87.6,117.0,180.1,14.7,49.4,67.0,107.2,174.2
NIFTY,2,G_13:20_60,dte_matched_ex2122,161,20.1,39.9,52.9,87.8,92.2,11.4,32.3,36.9,66.4,87.0
NIFTY,2,G_13:20_60,all_days,2754,25.1,60.2,77.3,124.4,368.9,13.5,46.5,62.2,108.2,277.5
NIFTY,2,G_13:20_60,dte_matched,354,25.4,61.9,87.6,117.0,180.1,14.7,49.4,67.0,107.2,174.2
NIFTY,2,G_13:20_60,dte_matched_ex2122,161,20.1,39.9,52.9,87.8,92.2,11.4,32.3,36.9,66.4,87.0
NIFTY,2,G_13:20_60,all_days,2754,25.1,60.2,77.3,124.4,368.9,13.5,46.5,62.2,108.2,277.5
NIFTY,2,G_13:20_60,dte_matched,354,25.4,61.9,87.6,117.0,180.1,14.7,49.4,67.0,107.2,174.2
NIFTY,2,G_13:20_60,dte_matched_ex2122,161,20.1,39.9,52.9,87.8,92.2,11.4,32.3,36.9,66.4,87.0
NIFTY,2,G_13:20_60,all_days,2754,25.1,60.2,77.3,124.4,368.9,13.5,46.5,62.2,108.2,277.5
NIFTY,2,G_13:20_90,dte_matched,354,32.3,79.7,109.7,161.8,205.4,19.9,63.0,85.4,141.5,199.6
NIFTY,2,G_13:20_90,dte_matched_ex2122,161,25.2,51.3,69.7,100.7,118.5,13.5,38.8,57.3,91.4,117.6
NIFTY,2,G_13:20_90,all_days,2754,31.5,75.2,99.9,156.4,391.8,17.2,57.3,76.3,126.6,281.7
NIFTY,2,G_13:20_90,dte_matched,354,32.3,79.7,109.7,161.8,205.4,19.9,63.0,85.4,141.5,199.6
NIFTY,2,G_13:20_90,dte_matched_ex2122,161,25.2,51.3,69.7,100.7,118.5,13.5,38.8,57.3,91.4,117.6
NIFTY,2,G_13:20_90,all_days,2754,31.5,75.2,99.9,156.4,391.8,17.2,57.3,76.3,126.6,281.7
NIFTY,2,G_13:20_90,dte_matched,354,32.3,79.7,109.7,161.8,205.4,19.9,63.0,85.4,141.5,199.6
NIFTY,2,G_13:20_90,dte_matched_ex2122,161,25.2,51.3,69.7,100.7,118.5,13.5,38.8,57.3,91.4,117.6
NIFTY,2,G_13:20_90,all_days,2754,31.5,75.2,99.9,156.4,391.8,17.2,57.3,76.3,126.6,281.7
NIFTY,2,G_13:20_H,dte_matched,354,38.1,99.9,123.7,204.6,442.6,25.3,77.8,98.7,169.1,418.3
NIFTY,2,G_13:20_H,dte_matched_ex2122,161,30.0,67.8,79.0,108.0,134.7,17.9,51.4,67.4,98.1,124.9
NIFTY,2,G_13:20_H,all_days,2754,39.0,91.2,117.6,185.8,442.6,23.3,71.6,94.1,149.7,418.3
NIFTY,2,G_13:20_H,dte_matched,354,38.1,99.9,123.7,204.6,442.6,25.3,77.8,98.7,169.1,418.3
NIFTY,2,G_13:20_H,dte_matched_ex2122,161,30.0,67.8,79.0,108.0,134.7,17.9,51.4,67.4,98.1,124.9
NIFTY,2,G_13:20_H,all_days,2754,39.0,91.2,117.6,185.8,442.6,23.3,71.6,94.1,149.7,418.3
NIFTY,2,G_13:20_H,dte_matched,354,38.1,99.9,123.7,204.6,442.6,25.3,77.8,98.7,169.1,418.3
NIFTY,2,G_13:20_H,dte_matched_ex2122,161,30.0,67.8,79.0,108.0,134.7,17.9,51.4,67.4,98.1,124.9
NIFTY,2,G_13:20_H,all_days,2754,39.0,91.2,117.6,185.8,442.6,23.3,71.6,94.1,149.7,418.3
NIFTY,2,G_13:50_120,dte_matched,354,34.2,82.3,108.4,168.6,351.4,21.0,68.0,83.7,121.6,326.9
NIFTY,2,G_13:50_120,dte_matched_ex2122,161,24.9,58.2,70.6,80.1,109.2,12.8,42.4,56.1,72.6,107.6
NIFTY,2,G_13:50_120,all_days,2754,34.7,79.1,99.4,157.4,351.4,20.9,63.6,81.5,129.7,326.9
NIFTY,2,G_13:50_120,dte_matched,354,34.2,82.3,108.4,168.6,351.4,21.0,68.0,83.7,121.6,326.9
NIFTY,2,G_13:50_120,dte_matched_ex2122,161,24.9,58.2,70.6,80.1,109.2,12.8,42.4,56.1,72.6,107.6
NIFTY,2,G_13:50_120,all_days,2754,34.7,79.1,99.4,157.4,351.4,20.9,63.6,81.5,129.7,326.9
NIFTY,2,G_13:50_120,dte_matched,354,34.2,82.3,108.4,168.6,351.4,21.0,68.0,83.7,121.6,326.9
NIFTY,2,G_13:50_120,dte_matched_ex2122,161,24.9,58.2,70.6,80.1,109.2,12.8,42.4,56.1,72.6,107.6
NIFTY,2,G_13:50_120,all_days,2754,34.7,79.1,99.4,157.4,351.4,20.9,63.6,81.5,129.7,326.9
NIFTY,2,G_13:50_60,dte_matched,354,26.0,67.2,82.4,123.7,154.1,12.8,49.6,62.7,106.0,137.9
NIFTY,2,G_13:50_60,dte_matched_ex2122,161,18.2,42.5,52.0,71.9,102.6,9.9,33.8,41.8,62.7,89.0
NIFTY,2,G_13:50_60,all_days,2754,26.7,62.4,79.7,123.7,341.5,14.4,45.8,61.6,101.2,236.3
NIFTY,2,G_13:50_60,dte_matched,354,26.0,67.2,82.4,123.7,154.1,12.8,49.6,62.7,106.0,137.9
NIFTY,2,G_13:50_60,dte_matched_ex2122,161,18.2,42.5,52.0,71.9,102.6,9.9,33.8,41.8,62.7,89.0
NIFTY,2,G_13:50_60,all_days,2754,26.7,62.4,79.7,123.7,341.5,14.4,45.8,61.6,101.2,236.3
NIFTY,2,G_13:50_60,dte_matched,354,26.0,67.2,82.4,123.7,154.1,12.8,49.6,62.7,106.0,137.9
NIFTY,2,G_13:50_60,dte_matched_ex2122,161,18.2,42.5,52.0,71.9,102.6,9.9,33.8,41.8,62.7,89.0
NIFTY,2,G_13:50_60,all_days,2754,26.7,62.4,79.7,123.7,341.5,14.4,45.8,61.6,101.2,236.3
NIFTY,2,G_13:50_90,dte_matched,354,34.2,82.3,108.4,168.6,351.4,21.0,68.0,83.7,121.6,326.9
NIFTY,2,G_13:50_90,dte_matched_ex2122,161,24.9,58.2,70.6,80.1,109.2,12.8,42.4,56.1,72.6,107.6
NIFTY,2,G_13:50_90,all_days,2754,34.7,79.1,99.4,157.4,351.4,20.9,63.6,81.5,129.7,326.9
NIFTY,2,G_13:50_90,dte_matched,354,34.2,82.3,108.4,168.6,351.4,21.0,68.0,83.7,121.6,326.9
NIFTY,2,G_13:50_90,dte_matched_ex2122,161,24.9,58.2,70.6,80.1,109.2,12.8,42.4,56.1,72.6,107.6
NIFTY,2,G_13:50_90,all_days,2754,34.7,79.1,99.4,157.4,351.4,20.9,63.6,81.5,129.7,326.9
NIFTY,2,G_13:50_90,dte_matched,354,34.2,82.3,108.4,168.6,351.4,21.0,68.0,83.7,121.6,326.9
NIFTY,2,G_13:50_90,dte_matched_ex2122,161,24.9,58.2,70.6,80.1,109.2,12.8,42.4,56.1,72.6,107.6
NIFTY,2,G_13:50_90,all_days,2754,34.7,79.1,99.4,157.4,351.4,20.9,63.6,81.5,129.7,326.9
NIFTY,2,G_13:50_H,dte_matched,354,34.2,82.3,108.4,168.6,351.4,21.0,68.0,83.7,121.6,326.9
NIFTY,2,G_13:50_H,dte_matched_ex2122,161,24.9,58.2,70.6,80.1,109.2,12.8,42.4,56.1,72.6,107.6
NIFTY,2,G_13:50_H,all_days,2754,34.7,79.1,99.4,157.4,351.4,20.9,63.6,81.5,129.7,326.9
NIFTY,2,G_13:50_H,dte_matched,354,34.2,82.3,108.4,168.6,351.4,21.0,68.0,83.7,121.6,326.9
NIFTY,2,G_13:50_H,dte_matched_ex2122,161,24.9,58.2,70.6,80.1,109.2,12.8,42.4,56.1,72.6,107.6
NIFTY,2,G_13:50_H,all_days,2754,34.7,79.1,99.4,157.4,351.4,20.9,63.6,81.5,129.7,326.9
NIFTY,2,G_13:50_H,dte_matched,354,34.2,82.3,108.4,168.6,351.4,21.0,68.0,83.7,121.6,326.9
NIFTY,2,G_13:50_H,dte_matched_ex2122,161,24.9,58.2,70.6,80.1,109.2,12.8,42.4,56.1,72.6,107.6
NIFTY,2,G_13:50_H,all_days,2754,34.7,79.1,99.4,157.4,351.4,20.9,63.6,81.5,129.7,326.9
NIFTY,2,G_14:20_120,dte_matched,354,27.9,67.8,84.4,124.1,273.2,16.8,52.2,70.2,117.4,248.5
NIFTY,2,G_14:20_120,dte_matched_ex2122,161,20.4,43.5,59.1,79.3,110.5,12.0,35.7,44.4,67.0,109.0
NIFTY,2,G_14:20_120,all_days,2754,29.3,65.6,83.1,133.8,338.7,17.1,52.8,70.2,110.5,282.2
NIFTY,2,G_14:20_120,dte_matched,354,27.9,67.8,84.4,124.1,273.2,16.8,52.2,70.2,117.4,248.5
NIFTY,2,G_14:20_120,dte_matched_ex2122,161,20.4,43.5,59.1,79.3,110.5,12.0,35.7,44.4,67.0,109.0
NIFTY,2,G_14:20_120,all_days,2754,29.3,65.6,83.1,133.8,338.7,17.1,52.8,70.2,110.5,282.2
NIFTY,2,G_14:20_120,dte_matched,354,27.9,67.8,84.4,124.1,273.2,16.8,52.2,70.2,117.4,248.5
NIFTY,2,G_14:20_120,dte_matched_ex2122,161,20.4,43.5,59.1,79.3,110.5,12.0,35.7,44.4,67.0,109.0
NIFTY,2,G_14:20_120,all_days,2754,29.3,65.6,83.1,133.8,338.7,17.1,52.8,70.2,110.5,282.2
NIFTY,2,G_14:20_60,dte_matched,354,27.9,67.8,84.4,124.1,273.2,16.8,52.2,70.2,117.4,248.5
NIFTY,2,G_14:20_60,dte_matched_ex2122,161,20.4,43.5,59.1,79.3,110.5,12.0,35.7,44.4,67.0,109.0
NIFTY,2,G_14:20_60,all_days,2754,29.3,65.6,83.1,133.8,338.7,17.1,52.8,70.2,110.5,282.2
NIFTY,2,G_14:20_60,dte_matched,354,27.9,67.8,84.4,124.1,273.2,16.8,52.2,70.2,117.4,248.5
NIFTY,2,G_14:20_60,dte_matched_ex2122,161,20.4,43.5,59.1,79.3,110.5,12.0,35.7,44.4,67.0,109.0
NIFTY,2,G_14:20_60,all_days,2754,29.3,65.6,83.1,133.8,338.7,17.1,52.8,70.2,110.5,282.2
NIFTY,2,G_14:20_60,dte_matched,354,27.9,67.8,84.4,124.1,273.2,16.8,52.2,70.2,117.4,248.5
NIFTY,2,G_14:20_60,dte_matched_ex2122,161,20.4,43.5,59.1,79.3,110.5,12.0,35.7,44.4,67.0,109.0
NIFTY,2,G_14:20_60,all_days,2754,29.3,65.6,83.1,133.8,338.7,17.1,52.8,70.2,110.5,282.2
NIFTY,2,G_14:20_90,dte_matched,354,27.9,67.8,84.4,124.1,273.2,16.8,52.2,70.2,117.4,248.5
NIFTY,2,G_14:20_90,dte_matched_ex2122,161,20.4,43.5,59.1,79.3,110.5,12.0,35.7,44.4,67.0,109.0
NIFTY,2,G_14:20_90,all_days,2754,29.3,65.6,83.1,133.8,338.7,17.1,52.8,70.2,110.5,282.2
NIFTY,2,G_14:20_90,dte_matched,354,27.9,67.8,84.4,124.1,273.2,16.8,52.2,70.2,117.4,248.5
NIFTY,2,G_14:20_90,dte_matched_ex2122,161,20.4,43.5,59.1,79.3,110.5,12.0,35.7,44.4,67.0,109.0
NIFTY,2,G_14:20_90,all_days,2754,29.3,65.6,83.1,133.8,338.7,17.1,52.8,70.2,110.5,282.2
NIFTY,2,G_14:20_90,dte_matched,354,27.9,67.8,84.4,124.1,273.2,16.8,52.2,70.2,117.4,248.5
NIFTY,2,G_14:20_90,dte_matched_ex2122,161,20.4,43.5,59.1,79.3,110.5,12.0,35.7,44.4,67.0,109.0
NIFTY,2,G_14:20_90,all_days,2754,29.3,65.6,83.1,133.8,338.7,17.1,52.8,70.2,110.5,282.2
NIFTY,2,G_14:20_H,dte_matched,354,27.9,67.8,84.4,124.1,273.2,16.8,52.2,70.2,117.4,248.5
NIFTY,2,G_14:20_H,dte_matched_ex2122,161,20.4,43.5,59.1,79.3,110.5,12.0,35.7,44.4,67.0,109.0
NIFTY,2,G_14:20_H,all_days,2754,29.3,65.6,83.1,133.8,338.7,17.1,52.8,70.2,110.5,282.2
NIFTY,2,G_14:20_H,dte_matched,354,27.9,67.8,84.4,124.1,273.2,16.8,52.2,70.2,117.4,248.5
NIFTY,2,G_14:20_H,dte_matched_ex2122,161,20.4,43.5,59.1,79.3,110.5,12.0,35.7,44.4,67.0,109.0
NIFTY,2,G_14:20_H,all_days,2754,29.3,65.6,83.1,133.8,338.7,17.1,52.8,70.2,110.5,282.2
NIFTY,2,G_14:20_H,dte_matched,354,27.9,67.8,84.4,124.1,273.2,16.8,52.2,70.2,117.4,248.5
NIFTY,2,G_14:20_H,dte_matched_ex2122,161,20.4,43.5,59.1,79.3,110.5,12.0,35.7,44.4,67.0,109.0
NIFTY,2,G_14:20_H,all_days,2754,29.3,65.6,83.1,133.8,338.7,17.1,52.8,70.2,110.5,282.2
NIFTY,2,G_14:30_120,dte_matched,354,25.0,59.9,73.3,113.0,336.7,16.3,48.7,63.4,106.2,312.1
NIFTY,2,G_14:30_120,dte_matched_ex2122,161,18.4,41.0,47.5,89.7,128.5,10.4,32.6,37.6,67.1,127.0
NIFTY,2,G_14:30_120,all_days,2754,26.6,59.3,74.0,118.1,336.7,16.1,48.2,62.7,100.0,312.1
NIFTY,2,G_14:30_120,dte_matched,354,25.0,59.9,73.3,113.0,336.7,16.3,48.7,63.4,106.2,312.1
NIFTY,2,G_14:30_120,dte_matched_ex2122,161,18.4,41.0,47.5,89.7,128.5,10.4,32.6,37.6,67.1,127.0
NIFTY,2,G_14:30_120,all_days,2754,26.6,59.3,74.0,118.1,336.7,16.1,48.2,62.7,100.0,312.1
NIFTY,2,G_14:30_120,dte_matched,354,25.0,59.9,73.3,113.0,336.7,16.3,48.7,63.4,106.2,312.1
NIFTY,2,G_14:30_120,dte_matched_ex2122,161,18.4,41.0,47.5,89.7,128.5,10.4,32.6,37.6,67.1,127.0
NIFTY,2,G_14:30_120,all_days,2754,26.6,59.3,74.0,118.1,336.7,16.1,48.2,62.7,100.0,312.1
NIFTY,2,G_14:30_60,dte_matched,354,25.0,59.9,73.3,113.0,336.7,16.3,48.7,63.4,106.2,312.1
NIFTY,2,G_14:30_60,dte_matched_ex2122,161,18.4,41.0,47.5,89.7,128.5,10.4,32.6,37.6,67.1,127.0
NIFTY,2,G_14:30_60,all_days,2754,26.6,59.3,74.0,118.1,336.7,16.1,48.2,62.7,100.0,312.1
NIFTY,2,G_14:30_60,dte_matched,354,25.0,59.9,73.3,113.0,336.7,16.3,48.7,63.4,106.2,312.1
NIFTY,2,G_14:30_60,dte_matched_ex2122,161,18.4,41.0,47.5,89.7,128.5,10.4,32.6,37.6,67.1,127.0
NIFTY,2,G_14:30_60,all_days,2754,26.6,59.3,74.0,118.1,336.7,16.1,48.2,62.7,100.0,312.1
NIFTY,2,G_14:30_60,dte_matched,354,25.0,59.9,73.3,113.0,336.7,16.3,48.7,63.4,106.2,312.1
NIFTY,2,G_14:30_60,dte_matched_ex2122,161,18.4,41.0,47.5,89.7,128.5,10.4,32.6,37.6,67.1,127.0
NIFTY,2,G_14:30_60,all_days,2754,26.6,59.3,74.0,118.1,336.7,16.1,48.2,62.7,100.0,312.1
NIFTY,2,G_14:30_90,dte_matched,354,25.0,59.9,73.3,113.0,336.7,16.3,48.7,63.4,106.2,312.1
NIFTY,2,G_14:30_90,dte_matched_ex2122,161,18.4,41.0,47.5,89.7,128.5,10.4,32.6,37.6,67.1,127.0
NIFTY,2,G_14:30_90,all_days,2754,26.6,59.3,74.0,118.1,336.7,16.1,48.2,62.7,100.0,312.1
NIFTY,2,G_14:30_90,dte_matched,354,25.0,59.9,73.3,113.0,336.7,16.3,48.7,63.4,106.2,312.1
NIFTY,2,G_14:30_90,dte_matched_ex2122,161,18.4,41.0,47.5,89.7,128.5,10.4,32.6,37.6,67.1,127.0
NIFTY,2,G_14:30_90,all_days,2754,26.6,59.3,74.0,118.1,336.7,16.1,48.2,62.7,100.0,312.1
NIFTY,2,G_14:30_90,dte_matched,354,25.0,59.9,73.3,113.0,336.7,16.3,48.7,63.4,106.2,312.1
NIFTY,2,G_14:30_90,dte_matched_ex2122,161,18.4,41.0,47.5,89.7,128.5,10.4,32.6,37.6,67.1,127.0
NIFTY,2,G_14:30_90,all_days,2754,26.6,59.3,74.0,118.1,336.7,16.1,48.2,62.7,100.0,312.1
NIFTY,2,G_14:30_H,dte_matched,354,25.0,59.9,73.3,113.0,336.7,16.3,48.7,63.4,106.2,312.1
NIFTY,2,G_14:30_H,dte_matched_ex2122,161,18.4,41.0,47.5,89.7,128.5,10.4,32.6,37.6,67.1,127.0
NIFTY,2,G_14:30_H,all_days,2754,26.6,59.3,74.0,118.1,336.7,16.1,48.2,62.7,100.0,312.1
NIFTY,2,G_14:30_H,dte_matched,354,25.0,59.9,73.3,113.0,336.7,16.3,48.7,63.4,106.2,312.1
NIFTY,2,G_14:30_H,dte_matched_ex2122,161,18.4,41.0,47.5,89.7,128.5,10.4,32.6,37.6,67.1,127.0
NIFTY,2,G_14:30_H,all_days,2754,26.6,59.3,74.0,118.1,336.7,16.1,48.2,62.7,100.0,312.1
NIFTY,2,G_14:30_H,dte_matched,354,25.0,59.9,73.3,113.0,336.7,16.3,48.7,63.4,106.2,312.1
NIFTY,2,G_14:30_H,dte_matched_ex2122,161,18.4,41.0,47.5,89.7,128.5,10.4,32.6,37.6,67.1,127.0
NIFTY,2,G_14:30_H,all_days,2754,26.6,59.3,74.0,118.1,336.7,16.1,48.2,62.7,100.0,312.1
NIFTY,3,DEP_0930_1100,dte_matched,347,36.5,80.3,93.3,206.6,395.1,20.0,59.6,76.5,154.0,212.6
NIFTY,3,DEP_0930_1100,dte_matched_ex2122,157,33.2,59.0,75.6,98.4,110.0,17.5,49.4,69.3,86.7,97.4
NIFTY,3,DEP_0930_1100,all_days,2754,32.5,70.3,86.2,137.2,1304.5,17.9,52.4,70.0,122.8,1054.4
NIFTY,3,DEP_0930_1100,dte_matched,347,36.5,80.3,93.3,206.6,395.1,20.0,59.6,76.5,154.0,212.6
NIFTY,3,DEP_0930_1100,dte_matched_ex2122,157,33.2,59.0,75.6,98.4,110.0,17.5,49.4,69.3,86.7,97.4
NIFTY,3,DEP_0930_1100,all_days,2754,32.5,70.3,86.2,137.2,1304.5,17.9,52.4,70.0,122.8,1054.4
NIFTY,3,DEP_0930_1100,dte_matched,347,36.5,80.3,93.3,206.6,395.1,20.0,59.6,76.5,154.0,212.6
NIFTY,3,DEP_0930_1100,dte_matched_ex2122,157,33.2,59.0,75.6,98.4,110.0,17.5,49.4,69.3,86.7,97.4
NIFTY,3,DEP_0930_1100,all_days,2754,32.5,70.3,86.2,137.2,1304.5,17.9,52.4,70.0,122.8,1054.4
NIFTY,3,DEP_1000_1200,dte_matched,347,33.9,74.5,100.2,180.7,572.6,18.5,60.6,76.8,126.4,216.1
NIFTY,3,DEP_1000_1200,dte_matched_ex2122,157,30.8,61.8,78.0,94.1,169.4,17.2,53.2,66.4,76.6,123.4
NIFTY,3,DEP_1000_1200,all_days,2754,30.5,68.5,87.6,154.4,1304.5,16.8,52.0,68.3,126.4,1133.5
NIFTY,3,DEP_1000_1200,dte_matched,347,33.9,74.5,100.2,180.7,572.6,18.5,60.6,76.8,126.4,216.1
NIFTY,3,DEP_1000_1200,dte_matched_ex2122,157,30.8,61.8,78.0,94.1,169.4,17.2,53.2,66.4,76.6,123.4
NIFTY,3,DEP_1000_1200,all_days,2754,30.5,68.5,87.6,154.4,1304.5,16.8,52.0,68.3,126.4,1133.5
NIFTY,3,DEP_1000_1200,dte_matched,347,33.9,74.5,100.2,180.7,572.6,18.5,60.6,76.8,126.4,216.1
NIFTY,3,DEP_1000_1200,dte_matched_ex2122,157,30.8,61.8,78.0,94.1,169.4,17.2,53.2,66.4,76.6,123.4
NIFTY,3,DEP_1000_1200,all_days,2754,30.5,68.5,87.6,154.4,1304.5,16.8,52.0,68.3,126.4,1133.5
NIFTY,3,DEP_1030_1200,dte_matched,347,27.7,61.8,82.1,149.9,572.6,15.3,48.3,70.4,119.9,216.1
NIFTY,3,DEP_1030_1200,dte_matched_ex2122,157,25.5,48.9,55.4,79.1,149.9,14.0,37.5,46.2,63.1,103.8
NIFTY,3,DEP_1030_1200,all_days,2754,24.9,57.1,71.9,134.1,572.6,13.9,43.0,56.7,106.8,479.7
NIFTY,3,DEP_1030_1200,dte_matched,347,27.7,61.8,82.1,149.9,572.6,15.3,48.3,70.4,119.9,216.1
NIFTY,3,DEP_1030_1200,dte_matched_ex2122,157,25.5,48.9,55.4,79.1,149.9,14.0,37.5,46.2,63.1,103.8
NIFTY,3,DEP_1030_1200,all_days,2754,24.9,57.1,71.9,134.1,572.6,13.9,43.0,56.7,106.8,479.7
NIFTY,3,DEP_1030_1200,dte_matched,347,27.7,61.8,82.1,149.9,572.6,15.3,48.3,70.4,119.9,216.1
NIFTY,3,DEP_1030_1200,dte_matched_ex2122,157,25.5,48.9,55.4,79.1,149.9,14.0,37.5,46.2,63.1,103.8
NIFTY,3,DEP_1030_1200,all_days,2754,24.9,57.1,71.9,134.1,572.6,13.9,43.0,56.7,106.8,479.7
NIFTY,3,DEP_1300_1400,dte_matched,347,23.3,52.9,70.8,106.1,122.0,12.8,38.1,56.5,83.4,101.0
NIFTY,3,DEP_1300_1400,dte_matched_ex2122,157,18.3,37.3,45.4,59.8,87.2,10.0,27.1,32.5,47.7,73.3
NIFTY,3,DEP_1300_1400,all_days,2753,23.6,53.8,71.1,117.4,276.7,13.0,41.8,56.7,99.9,248.0
NIFTY,3,DEP_1300_1400,dte_matched,347,23.3,52.9,70.8,106.1,122.0,12.8,38.1,56.5,83.4,101.0
NIFTY,3,DEP_1300_1400,dte_matched_ex2122,157,18.3,37.3,45.4,59.8,87.2,10.0,27.1,32.5,47.7,73.3
NIFTY,3,DEP_1300_1400,all_days,2753,23.6,53.8,71.1,117.4,276.7,13.0,41.8,56.7,99.9,248.0
NIFTY,3,DEP_1300_1400,dte_matched,347,23.3,52.9,70.8,106.1,122.0,12.8,38.1,56.5,83.4,101.0
NIFTY,3,DEP_1300_1400,dte_matched_ex2122,157,18.3,37.3,45.4,59.8,87.2,10.0,27.1,32.5,47.7,73.3
NIFTY,3,DEP_1300_1400,all_days,2753,23.6,53.8,71.1,117.4,276.7,13.0,41.8,56.7,99.9,248.0
NIFTY,3,DEP_1300_1520,dte_matched,347,39.9,95.0,122.0,223.9,383.5,22.8,75.8,102.6,202.1,261.4
NIFTY,3,DEP_1300_1520,dte_matched_ex2122,157,30.4,66.0,81.2,108.6,181.9,19.9,45.0,67.4,102.6,181.9
NIFTY,3,DEP_1300_1520,all_days,2753,41.5,97.7,121.4,191.6,406.2,25.0,76.1,99.4,164.0,381.8
NIFTY,3,DEP_1300_1520,dte_matched,347,39.9,95.0,122.0,223.9,383.5,22.8,75.8,102.6,202.1,261.4
NIFTY,3,DEP_1300_1520,dte_matched_ex2122,157,30.4,66.0,81.2,108.6,181.9,19.9,45.0,67.4,102.6,181.9
NIFTY,3,DEP_1300_1520,all_days,2753,41.5,97.7,121.4,191.6,406.2,25.0,76.1,99.4,164.0,381.8
NIFTY,3,DEP_1300_1520,dte_matched,347,39.9,95.0,122.0,223.9,383.5,22.8,75.8,102.6,202.1,261.4
NIFTY,3,DEP_1300_1520,dte_matched_ex2122,157,30.4,66.0,81.2,108.6,181.9,19.9,45.0,67.4,102.6,181.9
NIFTY,3,DEP_1300_1520,all_days,2753,41.5,97.7,121.4,191.6,406.2,25.0,76.1,99.4,164.0,381.8
NIFTY,3,G_09:20_120,dte_matched,347,43.0,81.6,117.9,210.6,449.8,24.5,63.8,81.3,163.1,412.7
NIFTY,3,G_09:20_120,dte_matched_ex2122,157,36.8,64.4,73.0,111.6,138.6,19.8,47.5,59.7,80.0,130.1
NIFTY,3,G_09:20_120,all_days,2753,37.5,80.0,98.9,168.8,1304.5,20.8,60.1,79.0,126.7,1100.8
NIFTY,3,G_09:20_120,dte_matched,347,43.0,81.6,117.9,210.6,449.8,24.5,63.8,81.3,163.1,412.7
NIFTY,3,G_09:20_120,dte_matched_ex2122,157,36.8,64.4,73.0,111.6,138.6,19.8,47.5,59.7,80.0,130.1
NIFTY,3,G_09:20_120,all_days,2753,37.5,80.0,98.9,168.8,1304.5,20.8,60.1,79.0,126.7,1100.8
NIFTY,3,G_09:20_120,dte_matched,347,43.0,81.6,117.9,210.6,449.8,24.5,63.8,81.3,163.1,412.7
NIFTY,3,G_09:20_120,dte_matched_ex2122,157,36.8,64.4,73.0,111.6,138.6,19.8,47.5,59.7,80.0,130.1
NIFTY,3,G_09:20_120,all_days,2753,37.5,80.0,98.9,168.8,1304.5,20.8,60.1,79.0,126.7,1100.8
NIFTY,3,G_09:20_60,dte_matched,347,34.5,66.5,87.6,197.0,279.7,19.4,51.1,74.4,113.0,267.5
NIFTY,3,G_09:20_60,dte_matched_ex2122,157,29.5,55.6,62.5,72.3,100.3,15.5,40.5,45.9,55.9,64.0
NIFTY,3,G_09:20_60,all_days,2753,30.5,63.1,77.6,129.5,626.3,17.1,47.1,60.0,98.4,569.8
NIFTY,3,G_09:20_60,dte_matched,347,34.5,66.5,87.6,197.0,279.7,19.4,51.1,74.4,113.0,267.5
NIFTY,3,G_09:20_60,dte_matched_ex2122,157,29.5,55.6,62.5,72.3,100.3,15.5,40.5,45.9,55.9,64.0
NIFTY,3,G_09:20_60,all_days,2753,30.5,63.1,77.6,129.5,626.3,17.1,47.1,60.0,98.4,569.8
NIFTY,3,G_09:20_60,dte_matched,347,34.5,66.5,87.6,197.0,279.7,19.4,51.1,74.4,113.0,267.5
NIFTY,3,G_09:20_60,dte_matched_ex2122,157,29.5,55.6,62.5,72.3,100.3,15.5,40.5,45.9,55.9,64.0
NIFTY,3,G_09:20_60,all_days,2753,30.5,63.1,77.6,129.5,626.3,17.1,47.1,60.0,98.4,569.8
NIFTY,3,G_09:20_90,dte_matched,347,38.2,73.8,98.5,197.0,289.8,21.9,54.9,72.9,152.5,230.2
NIFTY,3,G_09:20_90,dte_matched_ex2122,157,33.7,59.7,66.4,87.0,100.3,20.5,44.6,50.4,65.9,79.0
NIFTY,3,G_09:20_90,all_days,2753,34.8,72.2,89.4,149.0,1304.5,19.4,53.5,70.3,124.8,1167.5
NIFTY,3,G_09:20_90,dte_matched,347,38.2,73.8,98.5,197.0,289.8,21.9,54.9,72.9,152.5,230.2
NIFTY,3,G_09:20_90,dte_matched_ex2122,157,33.7,59.7,66.4,87.0,100.3,20.5,44.6,50.4,65.9,79.0
NIFTY,3,G_09:20_90,all_days,2753,34.8,72.2,89.4,149.0,1304.5,19.4,53.5,70.3,124.8,1167.5
NIFTY,3,G_09:20_90,dte_matched,347,38.2,73.8,98.5,197.0,289.8,21.9,54.9,72.9,152.5,230.2
NIFTY,3,G_09:20_90,dte_matched_ex2122,157,33.7,59.7,66.4,87.0,100.3,20.5,44.6,50.4,65.9,79.0
NIFTY,3,G_09:20_90,all_days,2753,34.8,72.2,89.4,149.0,1304.5,19.4,53.5,70.3,124.8,1167.5
NIFTY,3,G_09:20_H,dte_matched,347,67.2,148.5,198.9,386.1,659.7,40.7,119.6,160.6,289.5,649.1
NIFTY,3,G_09:20_H,dte_matched_ex2122,157,54.9,101.4,121.1,163.0,231.7,34.1,77.2,104.2,155.6,185.0
NIFTY,3,G_09:20_H,all_days,2753,65.8,138.4,174.1,299.2,1777.4,40.5,116.9,144.9,249.6,1556.8
NIFTY,3,G_09:20_H,dte_matched,347,67.2,148.5,198.9,386.1,659.7,40.7,119.6,160.6,289.5,649.1
NIFTY,3,G_09:20_H,dte_matched_ex2122,157,54.9,101.4,121.1,163.0,231.7,34.1,77.2,104.2,155.6,185.0
NIFTY,3,G_09:20_H,all_days,2753,65.8,138.4,174.1,299.2,1777.4,40.5,116.9,144.9,249.6,1556.8
NIFTY,3,G_09:20_H,dte_matched,347,67.2,148.5,198.9,386.1,659.7,40.7,119.6,160.6,289.5,649.1
NIFTY,3,G_09:20_H,dte_matched_ex2122,157,54.9,101.4,121.1,163.0,231.7,34.1,77.2,104.2,155.6,185.0
NIFTY,3,G_09:20_H,all_days,2753,65.8,138.4,174.1,299.2,1777.4,40.5,116.9,144.9,249.6,1556.8
NIFTY,3,G_09:50_120,dte_matched,347,35.5,75.9,95.0,202.4,550.1,20.5,58.2,77.6,146.5,227.9
NIFTY,3,G_09:50_120,dte_matched_ex2122,157,32.4,60.0,77.6,100.4,165.6,18.5,50.5,66.7,79.1,121.3
NIFTY,3,G_09:50_120,all_days,2754,32.4,69.8,88.9,157.6,1304.5,17.6,52.3,68.1,127.3,1071.7
NIFTY,3,G_09:50_120,dte_matched,347,35.5,75.9,95.0,202.4,550.1,20.5,58.2,77.6,146.5,227.9
NIFTY,3,G_09:50_120,dte_matched_ex2122,157,32.4,60.0,77.6,100.4,165.6,18.5,50.5,66.7,79.1,121.3
NIFTY,3,G_09:50_120,all_days,2754,32.4,69.8,88.9,157.6,1304.5,17.6,52.3,68.1,127.3,1071.7
NIFTY,3,G_09:50_120,dte_matched,347,35.5,75.9,95.0,202.4,550.1,20.5,58.2,77.6,146.5,227.9
NIFTY,3,G_09:50_120,dte_matched_ex2122,157,32.4,60.0,77.6,100.4,165.6,18.5,50.5,66.7,79.1,121.3
NIFTY,3,G_09:50_120,all_days,2754,32.4,69.8,88.9,157.6,1304.5,17.6,52.3,68.1,127.3,1071.7
NIFTY,3,G_09:50_60,dte_matched,347,27.3,58.1,74.1,135.5,550.1,14.3,42.3,55.6,89.9,133.3
NIFTY,3,G_09:50_60,dte_matched_ex2122,157,25.4,46.3,59.1,74.8,77.6,13.6,36.8,49.4,68.7,74.8
NIFTY,3,G_09:50_60,all_days,2754,24.0,53.4,68.4,105.3,1304.5,13.5,39.6,53.4,88.0,1167.5
NIFTY,3,G_09:50_60,dte_matched,347,27.3,58.1,74.1,135.5,550.1,14.3,42.3,55.6,89.9,133.3
NIFTY,3,G_09:50_60,dte_matched_ex2122,157,25.4,46.3,59.1,74.8,77.6,13.6,36.8,49.4,68.7,74.8
NIFTY,3,G_09:50_60,all_days,2754,24.0,53.4,68.4,105.3,1304.5,13.5,39.6,53.4,88.0,1167.5
NIFTY,3,G_09:50_60,dte_matched,347,27.3,58.1,74.1,135.5,550.1,14.3,42.3,55.6,89.9,133.3
NIFTY,3,G_09:50_60,dte_matched_ex2122,157,25.4,46.3,59.1,74.8,77.6,13.6,36.8,49.4,68.7,74.8
NIFTY,3,G_09:50_60,all_days,2754,24.0,53.4,68.4,105.3,1304.5,13.5,39.6,53.4,88.0,1167.5
NIFTY,3,G_09:50_90,dte_matched,347,31.4,70.2,83.1,165.6,550.1,19.7,48.3,66.9,134.8,170.2
NIFTY,3,G_09:50_90,dte_matched_ex2122,157,29.2,55.9,74.2,100.4,165.6,17.1,42.4,47.6,71.9,157.1
NIFTY,3,G_09:50_90,all_days,2754,28.2,63.0,80.5,133.1,1304.5,16.0,46.1,62.3,107.3,1100.8
NIFTY,3,G_09:50_90,dte_matched,347,31.4,70.2,83.1,165.6,550.1,19.7,48.3,66.9,134.8,170.2
NIFTY,3,G_09:50_90,dte_matched_ex2122,157,29.2,55.9,74.2,100.4,165.6,17.1,42.4,47.6,71.9,157.1
NIFTY,3,G_09:50_90,all_days,2754,28.2,63.0,80.5,133.1,1304.5,16.0,46.1,62.3,107.3,1100.8
NIFTY,3,G_09:50_90,dte_matched,347,31.4,70.2,83.1,165.6,550.1,19.7,48.3,66.9,134.8,170.2
NIFTY,3,G_09:50_90,dte_matched_ex2122,157,29.2,55.9,74.2,100.4,165.6,17.1,42.4,47.6,71.9,157.1
NIFTY,3,G_09:50_90,all_days,2754,28.2,63.0,80.5,133.1,1304.5,16.0,46.1,62.3,107.3,1100.8
NIFTY,3,G_09:50_H,dte_matched,347,62.1,138.9,194.0,374.8,550.1,36.1,104.7,145.5,331.4,420.3
NIFTY,3,G_09:50_H,dte_matched_ex2122,157,54.8,100.4,112.6,152.1,192.4,29.2,85.9,102.3,140.8,146.7
NIFTY,3,G_09:50_H,all_days,2754,60.1,130.2,169.3,273.6,1777.4,35.7,105.7,137.9,247.5,1556.8
NIFTY,3,G_09:50_H,dte_matched,347,62.1,138.9,194.0,374.8,550.1,36.1,104.7,145.5,331.4,420.3
NIFTY,3,G_09:50_H,dte_matched_ex2122,157,54.8,100.4,112.6,152.1,192.4,29.2,85.9,102.3,140.8,146.7
NIFTY,3,G_09:50_H,all_days,2754,60.1,130.2,169.3,273.6,1777.4,35.7,105.7,137.9,247.5,1556.8
NIFTY,3,G_09:50_H,dte_matched,347,62.1,138.9,194.0,374.8,550.1,36.1,104.7,145.5,331.4,420.3
NIFTY,3,G_09:50_H,dte_matched_ex2122,157,54.8,100.4,112.6,152.1,192.4,29.2,85.9,102.3,140.8,146.7
NIFTY,3,G_09:50_H,all_days,2754,60.1,130.2,169.3,273.6,1777.4,35.7,105.7,137.9,247.5,1556.8
NIFTY,3,G_10:20_120,dte_matched,347,32.9,67.0,101.6,159.1,572.6,19.2,53.6,75.5,128.1,259.5
NIFTY,3,G_10:20_120,dte_matched_ex2122,157,29.2,55.4,66.5,90.9,159.1,16.1,41.6,48.2,67.3,106.0
NIFTY,3,G_10:20_120,all_days,2754,29.7,65.3,85.4,146.2,698.8,16.7,49.2,65.2,113.0,661.7
NIFTY,3,G_10:20_120,dte_matched,347,32.9,67.0,101.6,159.1,572.6,19.2,53.6,75.5,128.1,259.5
NIFTY,3,G_10:20_120,dte_matched_ex2122,157,29.2,55.4,66.5,90.9,159.1,16.1,41.6,48.2,67.3,106.0
NIFTY,3,G_10:20_120,all_days,2754,29.7,65.3,85.4,146.2,698.8,16.7,49.2,65.2,113.0,661.7
NIFTY,3,G_10:20_120,dte_matched,347,32.9,67.0,101.6,159.1,572.6,19.2,53.6,75.5,128.1,259.5
NIFTY,3,G_10:20_120,dte_matched_ex2122,157,29.2,55.4,66.5,90.9,159.1,16.1,41.6,48.2,67.3,106.0
NIFTY,3,G_10:20_120,all_days,2754,29.7,65.3,85.4,146.2,698.8,16.7,49.2,65.2,113.0,661.7
NIFTY,3,G_10:20_60,dte_matched,347,22.9,52.8,73.2,113.0,572.6,12.7,35.6,51.7,106.0,150.6
NIFTY,3,G_10:20_60,dte_matched_ex2122,157,20.7,43.2,54.4,73.2,159.1,12.0,29.4,36.9,47.0,150.6
NIFTY,3,G_10:20_60,all_days,2754,21.2,47.5,62.0,108.1,695.1,11.2,34.9,46.8,90.3,502.3
NIFTY,3,G_10:20_60,dte_matched,347,22.9,52.8,73.2,113.0,572.6,12.7,35.6,51.7,106.0,150.6
NIFTY,3,G_10:20_60,dte_matched_ex2122,157,20.7,43.2,54.4,73.2,159.1,12.0,29.4,36.9,47.0,150.6
NIFTY,3,G_10:20_60,all_days,2754,21.2,47.5,62.0,108.1,695.1,11.2,34.9,46.8,90.3,502.3
NIFTY,3,G_10:20_60,dte_matched,347,22.9,52.8,73.2,113.0,572.6,12.7,35.6,51.7,106.0,150.6
NIFTY,3,G_10:20_60,dte_matched_ex2122,157,20.7,43.2,54.4,73.2,159.1,12.0,29.4,36.9,47.0,150.6
NIFTY,3,G_10:20_60,all_days,2754,21.2,47.5,62.0,108.1,695.1,11.2,34.9,46.8,90.3,502.3
NIFTY,3,G_10:20_90,dte_matched,347,28.4,62.2,84.2,159.1,572.6,16.0,46.6,62.7,121.2,207.0
NIFTY,3,G_10:20_90,dte_matched_ex2122,157,25.2,51.6,62.6,88.5,159.1,13.8,40.8,47.5,66.5,114.8
NIFTY,3,G_10:20_90,all_days,2754,25.8,57.4,73.3,132.3,695.1,13.8,41.4,55.8,105.3,484.8
NIFTY,3,G_10:20_90,dte_matched,347,28.4,62.2,84.2,159.1,572.6,16.0,46.6,62.7,121.2,207.0
NIFTY,3,G_10:20_90,dte_matched_ex2122,157,25.2,51.6,62.6,88.5,159.1,13.8,40.8,47.5,66.5,114.8
NIFTY,3,G_10:20_90,all_days,2754,25.8,57.4,73.3,132.3,695.1,13.8,41.4,55.8,105.3,484.8
NIFTY,3,G_10:20_90,dte_matched,347,28.4,62.2,84.2,159.1,572.6,16.0,46.6,62.7,121.2,207.0
NIFTY,3,G_10:20_90,dte_matched_ex2122,157,25.2,51.6,62.6,88.5,159.1,13.8,40.8,47.5,66.5,114.8
NIFTY,3,G_10:20_90,all_days,2754,25.8,57.4,73.3,132.3,695.1,13.8,41.4,55.8,105.3,484.8
NIFTY,3,G_10:20_H,dte_matched,347,55.8,128.3,169.3,379.8,572.6,34.1,104.5,133.7,336.4,392.7
NIFTY,3,G_10:20_H,dte_matched_ex2122,157,47.3,91.5,111.8,141.8,199.1,28.1,79.0,87.6,135.7,152.3
NIFTY,3,G_10:20_H,all_days,2754,55.4,125.7,155.9,278.0,1142.5,33.3,101.3,128.8,243.4,933.8
NIFTY,3,G_10:20_H,dte_matched,347,55.8,128.3,169.3,379.8,572.6,34.1,104.5,133.7,336.4,392.7
NIFTY,3,G_10:20_H,dte_matched_ex2122,157,47.3,91.5,111.8,141.8,199.1,28.1,79.0,87.6,135.7,152.3
NIFTY,3,G_10:20_H,all_days,2754,55.4,125.7,155.9,278.0,1142.5,33.3,101.3,128.8,243.4,933.8
NIFTY,3,G_10:20_H,dte_matched,347,55.8,128.3,169.3,379.8,572.6,34.1,104.5,133.7,336.4,392.7
NIFTY,3,G_10:20_H,dte_matched_ex2122,157,47.3,91.5,111.8,141.8,199.1,28.1,79.0,87.6,135.7,152.3
NIFTY,3,G_10:20_H,all_days,2754,55.4,125.7,155.9,278.0,1142.5,33.3,101.3,128.8,243.4,933.8
NIFTY,3,G_10:50_120,dte_matched,347,32.0,76.8,99.7,158.8,305.3,18.9,57.3,80.0,130.4,158.8
NIFTY,3,G_10:50_120,dte_matched_ex2122,157,26.0,50.3,64.3,102.2,104.1,15.3,42.9,50.6,78.9,90.3
NIFTY,3,G_10:50_120,all_days,2754,28.9,64.5,84.8,152.0,479.6,16.0,51.2,67.8,122.3,445.3
NIFTY,3,G_10:50_120,dte_matched,347,32.0,76.8,99.7,158.8,305.3,18.9,57.3,80.0,130.4,158.8
NIFTY,3,G_10:50_120,dte_matched_ex2122,157,26.0,50.3,64.3,102.2,104.1,15.3,42.9,50.6,78.9,90.3
NIFTY,3,G_10:50_120,all_days,2754,28.9,64.5,84.8,152.0,479.6,16.0,51.2,67.8,122.3,445.3
NIFTY,3,G_10:50_120,dte_matched,347,32.0,76.8,99.7,158.8,305.3,18.9,57.3,80.0,130.4,158.8
NIFTY,3,G_10:50_120,dte_matched_ex2122,157,26.0,50.3,64.3,102.2,104.1,15.3,42.9,50.6,78.9,90.3
NIFTY,3,G_10:50_120,all_days,2754,28.9,64.5,84.8,152.0,479.6,16.0,51.2,67.8,122.3,445.3
NIFTY,3,G_10:50_60,dte_matched,347,21.7,49.8,60.3,113.2,279.3,12.1,40.7,46.9,87.7,244.4
NIFTY,3,G_10:50_60,dte_matched_ex2122,157,20.0,40.4,45.4,53.8,97.8,10.8,28.5,39.7,46.9,85.5
NIFTY,3,G_10:50_60,all_days,2754,20.2,45.9,58.4,109.5,479.6,10.8,34.2,44.7,80.3,314.3
NIFTY,3,G_10:50_60,dte_matched,347,21.7,49.8,60.3,113.2,279.3,12.1,40.7,46.9,87.7,244.4
NIFTY,3,G_10:50_60,dte_matched_ex2122,157,20.0,40.4,45.4,53.8,97.8,10.8,28.5,39.7,46.9,85.5
NIFTY,3,G_10:50_60,all_days,2754,20.2,45.9,58.4,109.5,479.6,10.8,34.2,44.7,80.3,314.3
NIFTY,3,G_10:50_60,dte_matched,347,21.7,49.8,60.3,113.2,279.3,12.1,40.7,46.9,87.7,244.4
NIFTY,3,G_10:50_60,dte_matched_ex2122,157,20.0,40.4,45.4,53.8,97.8,10.8,28.5,39.7,46.9,85.5
NIFTY,3,G_10:50_60,all_days,2754,20.2,45.9,58.4,109.5,479.6,10.8,34.2,44.7,80.3,314.3
NIFTY,3,G_10:50_90,dte_matched,347,26.5,63.8,80.9,144.0,305.3,15.3,47.6,65.4,99.2,296.7
NIFTY,3,G_10:50_90,dte_matched_ex2122,157,23.7,45.4,52.6,79.9,100.2,13.4,37.8,43.2,62.3,95.1
NIFTY,3,G_10:50_90,all_days,2754,24.7,56.2,73.7,130.1,479.6,14.0,42.0,55.5,96.2,388.3
NIFTY,3,G_10:50_90,dte_matched,347,26.5,63.8,80.9,144.0,305.3,15.3,47.6,65.4,99.2,296.7
NIFTY,3,G_10:50_90,dte_matched_ex2122,157,23.7,45.4,52.6,79.9,100.2,13.4,37.8,43.2,62.3,95.1
NIFTY,3,G_10:50_90,all_days,2754,24.7,56.2,73.7,130.1,479.6,14.0,42.0,55.5,96.2,388.3
NIFTY,3,G_10:50_90,dte_matched,347,26.5,63.8,80.9,144.0,305.3,15.3,47.6,65.4,99.2,296.7
NIFTY,3,G_10:50_90,dte_matched_ex2122,157,23.7,45.4,52.6,79.9,100.2,13.4,37.8,43.2,62.3,95.1
NIFTY,3,G_10:50_90,all_days,2754,24.7,56.2,73.7,130.1,479.6,14.0,42.0,55.5,96.2,388.3
NIFTY,3,G_10:50_H,dte_matched,347,52.4,117.7,147.9,385.8,446.8,30.1,99.5,127.9,325.5,428.8
NIFTY,3,G_10:50_H,dte_matched_ex2122,157,44.1,85.1,104.1,133.1,186.3,25.9,66.7,95.3,127.9,139.3
NIFTY,3,G_10:50_H,all_days,2754,53.6,119.7,154.1,256.1,733.1,31.5,98.1,124.3,210.9,638.4
NIFTY,3,G_10:50_H,dte_matched,347,52.4,117.7,147.9,385.8,446.8,30.1,99.5,127.9,325.5,428.8
NIFTY,3,G_10:50_H,dte_matched_ex2122,157,44.1,85.1,104.1,133.1,186.3,25.9,66.7,95.3,127.9,139.3
NIFTY,3,G_10:50_H,all_days,2754,53.6,119.7,154.1,256.1,733.1,31.5,98.1,124.3,210.9,638.4
NIFTY,3,G_10:50_H,dte_matched,347,52.4,117.7,147.9,385.8,446.8,30.1,99.5,127.9,325.5,428.8
NIFTY,3,G_10:50_H,dte_matched_ex2122,157,44.1,85.1,104.1,133.1,186.3,25.9,66.7,95.3,127.9,139.3
NIFTY,3,G_10:50_H,all_days,2754,53.6,119.7,154.1,256.1,733.1,31.5,98.1,124.3,210.9,638.4
NIFTY,3,G_11:20_120,dte_matched,347,30.2,71.8,88.8,151.6,216.7,17.5,53.1,70.1,128.1,213.1
NIFTY,3,G_11:20_120,dte_matched_ex2122,157,26.0,58.4,71.5,80.0,86.9,15.5,40.2,50.6,70.1,78.6
NIFTY,3,G_11:20_120,all_days,2753,29.3,68.6,88.5,143.3,576.1,16.3,51.3,68.7,120.9,538.8
NIFTY,3,G_11:20_120,dte_matched,347,30.2,71.8,88.8,151.6,216.7,17.5,53.1,70.1,128.1,213.1
NIFTY,3,G_11:20_120,dte_matched_ex2122,157,26.0,58.4,71.5,80.0,86.9,15.5,40.2,50.6,70.1,78.6
NIFTY,3,G_11:20_120,all_days,2753,29.3,68.6,88.5,143.3,576.1,16.3,51.3,68.7,120.9,538.8
NIFTY,3,G_11:20_120,dte_matched,347,30.2,71.8,88.8,151.6,216.7,17.5,53.1,70.1,128.1,213.1
NIFTY,3,G_11:20_120,dte_matched_ex2122,157,26.0,58.4,71.5,80.0,86.9,15.5,40.2,50.6,70.1,78.6
NIFTY,3,G_11:20_120,all_days,2753,29.3,68.6,88.5,143.3,576.1,16.3,51.3,68.7,120.9,538.8
NIFTY,3,G_11:20_60,dte_matched,347,22.1,46.7,60.4,96.4,120.7,12.2,37.8,49.9,80.7,112.0
NIFTY,3,G_11:20_60,dte_matched_ex2122,157,18.6,37.5,48.3,60.0,70.1,11.1,30.0,42.4,53.8,65.0
NIFTY,3,G_11:20_60,all_days,2753,19.9,45.5,57.6,94.4,359.2,11.2,33.0,45.5,75.9,347.8
NIFTY,3,G_11:20_60,dte_matched,347,22.1,46.7,60.4,96.4,120.7,12.2,37.8,49.9,80.7,112.0
NIFTY,3,G_11:20_60,dte_matched_ex2122,157,18.6,37.5,48.3,60.0,70.1,11.1,30.0,42.4,53.8,65.0
NIFTY,3,G_11:20_60,all_days,2753,19.9,45.5,57.6,94.4,359.2,11.2,33.0,45.5,75.9,347.8
NIFTY,3,G_11:20_60,dte_matched,347,22.1,46.7,60.4,96.4,120.7,12.2,37.8,49.9,80.7,112.0
NIFTY,3,G_11:20_60,dte_matched_ex2122,157,18.6,37.5,48.3,60.0,70.1,11.1,30.0,42.4,53.8,65.0
NIFTY,3,G_11:20_60,all_days,2753,19.9,45.5,57.6,94.4,359.2,11.2,33.0,45.5,75.9,347.8
NIFTY,3,G_11:20_90,dte_matched,347,27.1,66.3,81.2,120.0,142.4,15.1,51.9,66.3,96.0,120.0
NIFTY,3,G_11:20_90,dte_matched_ex2122,157,22.3,50.9,59.6,72.1,73.3,11.9,35.5,49.7,60.2,72.1
NIFTY,3,G_11:20_90,all_days,2753,24.8,56.3,73.3,120.0,406.3,13.4,43.8,57.5,98.4,404.6
NIFTY,3,G_11:20_90,dte_matched,347,27.1,66.3,81.2,120.0,142.4,15.1,51.9,66.3,96.0,120.0
NIFTY,3,G_11:20_90,dte_matched_ex2122,157,22.3,50.9,59.6,72.1,73.3,11.9,35.5,49.7,60.2,72.1
NIFTY,3,G_11:20_90,all_days,2753,24.8,56.3,73.3,120.0,406.3,13.4,43.8,57.5,98.4,404.6
NIFTY,3,G_11:20_90,dte_matched,347,27.1,66.3,81.2,120.0,142.4,15.1,51.9,66.3,96.0,120.0
NIFTY,3,G_11:20_90,dte_matched_ex2122,157,22.3,50.9,59.6,72.1,73.3,11.9,35.5,49.7,60.2,72.1
NIFTY,3,G_11:20_90,all_days,2753,24.8,56.3,73.3,120.0,406.3,13.4,43.8,57.5,98.4,404.6
NIFTY,3,G_11:20_H,dte_matched,347,51.0,113.1,133.3,298.6,436.6,29.8,93.8,119.9,254.4,339.2
NIFTY,3,G_11:20_H,dte_matched_ex2122,157,38.7,83.2,97.2,117.5,157.3,24.7,62.1,79.0,110.2,132.2
NIFTY,3,G_11:20_H,all_days,2753,50.8,114.3,142.3,248.4,710.3,30.6,92.7,118.8,195.2,615.8
NIFTY,3,G_11:20_H,dte_matched,347,51.0,113.1,133.3,298.6,436.6,29.8,93.8,119.9,254.4,339.2
NIFTY,3,G_11:20_H,dte_matched_ex2122,157,38.7,83.2,97.2,117.5,157.3,24.7,62.1,79.0,110.2,132.2
NIFTY,3,G_11:20_H,all_days,2753,50.8,114.3,142.3,248.4,710.3,30.6,92.7,118.8,195.2,615.8
NIFTY,3,G_11:20_H,dte_matched,347,51.0,113.1,133.3,298.6,436.6,29.8,93.8,119.9,254.4,339.2
NIFTY,3,G_11:20_H,dte_matched_ex2122,157,38.7,83.2,97.2,117.5,157.3,24.7,62.1,79.0,110.2,132.2
NIFTY,3,G_11:20_H,all_days,2753,50.8,114.3,142.3,248.4,710.3,30.6,92.7,118.8,195.2,615.8
NIFTY,3,G_11:50_120,dte_matched,347,31.0,73.7,91.3,160.3,240.1,16.2,51.3,80.7,113.5,203.8
NIFTY,3,G_11:50_120,dte_matched_ex2122,157,25.9,54.8,75.9,88.1,107.0,15.6,43.2,57.0,83.7,106.0
NIFTY,3,G_11:50_120,all_days,2753,30.6,71.1,91.8,152.8,637.4,16.5,53.4,71.6,118.1,447.2
NIFTY,3,G_11:50_120,dte_matched,347,31.0,73.7,91.3,160.3,240.1,16.2,51.3,80.7,113.5,203.8
NIFTY,3,G_11:50_120,dte_matched_ex2122,157,25.9,54.8,75.9,88.1,107.0,15.6,43.2,57.0,83.7,106.0
NIFTY,3,G_11:50_120,all_days,2753,30.6,71.1,91.8,152.8,637.4,16.5,53.4,71.6,118.1,447.2
NIFTY,3,G_11:50_120,dte_matched,347,31.0,73.7,91.3,160.3,240.1,16.2,51.3,80.7,113.5,203.8
NIFTY,3,G_11:50_120,dte_matched_ex2122,157,25.9,54.8,75.9,88.1,107.0,15.6,43.2,57.0,83.7,106.0
NIFTY,3,G_11:50_120,all_days,2753,30.6,71.1,91.8,152.8,637.4,16.5,53.4,71.6,118.1,447.2
NIFTY,3,G_11:50_60,dte_matched,347,21.2,48.8,66.1,95.2,160.3,12.2,37.0,52.7,85.9,116.9
NIFTY,3,G_11:50_60,dte_matched_ex2122,157,18.3,35.5,49.3,70.7,85.7,10.6,31.5,38.3,51.5,68.0
NIFTY,3,G_11:50_60,all_days,2753,20.3,46.6,58.3,101.3,368.3,11.0,34.3,47.5,84.6,318.8
NIFTY,3,G_11:50_60,dte_matched,347,21.2,48.8,66.1,95.2,160.3,12.2,37.0,52.7,85.9,116.9
NIFTY,3,G_11:50_60,dte_matched_ex2122,157,18.3,35.5,49.3,70.7,85.7,10.6,31.5,38.3,51.5,68.0
NIFTY,3,G_11:50_60,all_days,2753,20.3,46.6,58.3,101.3,368.3,11.0,34.3,47.5,84.6,318.8
NIFTY,3,G_11:50_60,dte_matched,347,21.2,48.8,66.1,95.2,160.3,12.2,37.0,52.7,85.9,116.9
NIFTY,3,G_11:50_60,dte_matched_ex2122,157,18.3,35.5,49.3,70.7,85.7,10.6,31.5,38.3,51.5,68.0
NIFTY,3,G_11:50_60,all_days,2753,20.3,46.6,58.3,101.3,368.3,11.0,34.3,47.5,84.6,318.8
NIFTY,3,G_11:50_90,dte_matched,347,26.3,60.3,76.3,141.2,208.5,14.3,43.3,60.1,110.7,176.8
NIFTY,3,G_11:50_90,dte_matched_ex2122,157,22.7,48.5,56.3,76.3,85.7,11.5,38.2,45.0,57.1,69.6
NIFTY,3,G_11:50_90,all_days,2753,25.6,58.3,77.6,122.6,603.9,13.5,44.1,60.1,104.8,507.4
NIFTY,3,G_11:50_90,dte_matched,347,26.3,60.3,76.3,141.2,208.5,14.3,43.3,60.1,110.7,176.8
NIFTY,3,G_11:50_90,dte_matched_ex2122,157,22.7,48.5,56.3,76.3,85.7,11.5,38.2,45.0,57.1,69.6
NIFTY,3,G_11:50_90,all_days,2753,25.6,58.3,77.6,122.6,603.9,13.5,44.1,60.1,104.8,507.4
NIFTY,3,G_11:50_90,dte_matched,347,26.3,60.3,76.3,141.2,208.5,14.3,43.3,60.1,110.7,176.8
NIFTY,3,G_11:50_90,dte_matched_ex2122,157,22.7,48.5,56.3,76.3,85.7,11.5,38.2,45.0,57.1,69.6
NIFTY,3,G_11:50_90,all_days,2753,25.6,58.3,77.6,122.6,603.9,13.5,44.1,60.1,104.8,507.4
NIFTY,3,G_11:50_H,dte_matched,347,47.9,106.1,126.6,288.4,440.2,28.6,84.0,111.4,244.1,318.9
NIFTY,3,G_11:50_H,dte_matched_ex2122,157,38.7,82.6,104.5,118.0,133.5,23.7,59.2,74.0,109.8,118.0
NIFTY,3,G_11:50_H,all_days,2753,48.0,109.7,138.6,235.9,637.4,28.5,88.4,113.6,189.0,492.7
NIFTY,3,G_11:50_H,dte_matched,347,47.9,106.1,126.6,288.4,440.2,28.6,84.0,111.4,244.1,318.9
NIFTY,3,G_11:50_H,dte_matched_ex2122,157,38.7,82.6,104.5,118.0,133.5,23.7,59.2,74.0,109.8,118.0
NIFTY,3,G_11:50_H,all_days,2753,48.0,109.7,138.6,235.9,637.4,28.5,88.4,113.6,189.0,492.7
NIFTY,3,G_11:50_H,dte_matched,347,47.9,106.1,126.6,288.4,440.2,28.6,84.0,111.4,244.1,318.9
NIFTY,3,G_11:50_H,dte_matched_ex2122,157,38.7,82.6,104.5,118.0,133.5,23.7,59.2,74.0,109.8,118.0
NIFTY,3,G_11:50_H,all_days,2753,48.0,109.7,138.6,235.9,637.4,28.5,88.4,113.6,189.0,492.7
NIFTY,3,G_12:20_120,dte_matched,347,32.4,71.3,98.4,215.1,278.4,17.8,59.8,83.0,178.6,267.6
NIFTY,3,G_12:20_120,dte_matched_ex2122,157,26.8,56.3,62.5,98.2,110.2,12.7,41.9,50.8,83.0,106.1
NIFTY,3,G_12:20_120,all_days,2753,33.6,76.5,98.2,185.8,503.1,18.3,60.9,82.7,155.1,503.1
NIFTY,3,G_12:20_120,dte_matched,347,32.4,71.3,98.4,215.1,278.4,17.8,59.8,83.0,178.6,267.6
NIFTY,3,G_12:20_120,dte_matched_ex2122,157,26.8,56.3,62.5,98.2,110.2,12.7,41.9,50.8,83.0,106.1
NIFTY,3,G_12:20_120,all_days,2753,33.6,76.5,98.2,185.8,503.1,18.3,60.9,82.7,155.1,503.1
NIFTY,3,G_12:20_120,dte_matched,347,32.4,71.3,98.4,215.1,278.4,17.8,59.8,83.0,178.6,267.6
NIFTY,3,G_12:20_120,dte_matched_ex2122,157,26.8,56.3,62.5,98.2,110.2,12.7,41.9,50.8,83.0,106.1
NIFTY,3,G_12:20_120,all_days,2753,33.6,76.5,98.2,185.8,503.1,18.3,60.9,82.7,155.1,503.1
NIFTY,3,G_12:20_60,dte_matched,347,21.5,47.6,60.5,129.5,215.1,11.4,33.4,47.7,110.4,206.1
NIFTY,3,G_12:20_60,dte_matched_ex2122,157,17.0,39.1,43.0,58.5,72.1,9.2,27.2,33.4,47.7,63.6
NIFTY,3,G_12:20_60,all_days,2753,21.2,48.5,63.3,115.7,418.0,11.2,36.9,50.3,88.1,389.0
NIFTY,3,G_12:20_60,dte_matched,347,21.5,47.6,60.5,129.5,215.1,11.4,33.4,47.7,110.4,206.1
NIFTY,3,G_12:20_60,dte_matched_ex2122,157,17.0,39.1,43.0,58.5,72.1,9.2,27.2,33.4,47.7,63.6
NIFTY,3,G_12:20_60,all_days,2753,21.2,48.5,63.3,115.7,418.0,11.2,36.9,50.3,88.1,389.0
NIFTY,3,G_12:20_60,dte_matched,347,21.5,47.6,60.5,129.5,215.1,11.4,33.4,47.7,110.4,206.1
NIFTY,3,G_12:20_60,dte_matched_ex2122,157,17.0,39.1,43.0,58.5,72.1,9.2,27.2,33.4,47.7,63.6
NIFTY,3,G_12:20_60,all_days,2753,21.2,48.5,63.3,115.7,418.0,11.2,36.9,50.3,88.1,389.0
NIFTY,3,G_12:20_90,dte_matched,347,27.9,58.6,77.2,150.1,278.4,14.2,47.4,67.9,100.5,255.5
NIFTY,3,G_12:20_90,dte_matched_ex2122,157,21.6,44.8,58.5,88.7,98.4,12.2,36.4,51.2,79.8,87.7
NIFTY,3,G_12:20_90,all_days,2753,27.6,62.6,80.7,145.8,450.9,15.2,47.9,62.8,116.8,419.6
NIFTY,3,G_12:20_90,dte_matched,347,27.9,58.6,77.2,150.1,278.4,14.2,47.4,67.9,100.5,255.5
NIFTY,3,G_12:20_90,dte_matched_ex2122,157,21.6,44.8,58.5,88.7,98.4,12.2,36.4,51.2,79.8,87.7
NIFTY,3,G_12:20_90,all_days,2753,27.6,62.6,80.7,145.8,450.9,15.2,47.9,62.8,116.8,419.6
NIFTY,3,G_12:20_90,dte_matched,347,27.9,58.6,77.2,150.1,278.4,14.2,47.4,67.9,100.5,255.5
NIFTY,3,G_12:20_90,dte_matched_ex2122,157,21.6,44.8,58.5,88.7,98.4,12.2,36.4,51.2,79.8,87.7
NIFTY,3,G_12:20_90,all_days,2753,27.6,62.6,80.7,145.8,450.9,15.2,47.9,62.8,116.8,419.6
NIFTY,3,G_12:20_H,dte_matched,347,43.0,95.2,126.6,258.7,435.8,25.3,79.0,105.9,214.8,332.1
NIFTY,3,G_12:20_H,dte_matched_ex2122,157,34.2,72.3,95.2,115.4,180.5,19.6,55.9,79.0,105.9,180.5
NIFTY,3,G_12:20_H,all_days,2753,45.6,103.6,131.1,229.2,558.1,26.9,84.4,107.5,175.7,465.0
NIFTY,3,G_12:20_H,dte_matched,347,43.0,95.2,126.6,258.7,435.8,25.3,79.0,105.9,214.8,332.1
NIFTY,3,G_12:20_H,dte_matched_ex2122,157,34.2,72.3,95.2,115.4,180.5,19.6,55.9,79.0,105.9,180.5
NIFTY,3,G_12:20_H,all_days,2753,45.6,103.6,131.1,229.2,558.1,26.9,84.4,107.5,175.7,465.0
NIFTY,3,G_12:20_H,dte_matched,347,43.0,95.2,126.6,258.7,435.8,25.3,79.0,105.9,214.8,332.1
NIFTY,3,G_12:20_H,dte_matched_ex2122,157,34.2,72.3,95.2,115.4,180.5,19.6,55.9,79.0,105.9,180.5
NIFTY,3,G_12:20_H,all_days,2753,45.6,103.6,131.1,229.2,558.1,26.9,84.4,107.5,175.7,465.0
NIFTY,3,G_12:50_120,dte_matched,347,33.2,80.4,99.4,208.3,400.0,18.8,56.4,77.8,178.9,290.0
NIFTY,3,G_12:50_120,dte_matched_ex2122,157,27.0,54.7,70.2,90.2,105.8,15.1,45.6,50.2,78.7,103.3
NIFTY,3,G_12:50_120,all_days,2753,35.5,82.1,108.3,188.4,400.0,20.1,62.9,83.2,142.8,290.0
NIFTY,3,G_12:50_120,dte_matched,347,33.2,80.4,99.4,208.3,400.0,18.8,56.4,77.8,178.9,290.0
NIFTY,3,G_12:50_120,dte_matched_ex2122,157,27.0,54.7,70.2,90.2,105.8,15.1,45.6,50.2,78.7,103.3
NIFTY,3,G_12:50_120,all_days,2753,35.5,82.1,108.3,188.4,400.0,20.1,62.9,83.2,142.8,290.0
NIFTY,3,G_12:50_120,dte_matched,347,33.2,80.4,99.4,208.3,400.0,18.8,56.4,77.8,178.9,290.0
NIFTY,3,G_12:50_120,dte_matched_ex2122,157,27.0,54.7,70.2,90.2,105.8,15.1,45.6,50.2,78.7,103.3
NIFTY,3,G_12:50_120,all_days,2753,35.5,82.1,108.3,188.4,400.0,20.1,62.9,83.2,142.8,290.0
NIFTY,3,G_12:50_60,dte_matched,347,22.9,50.2,64.1,118.9,163.5,11.4,36.6,50.5,87.9,140.8
NIFTY,3,G_12:50_60,dte_matched_ex2122,157,17.5,37.7,46.9,64.7,70.2,8.3,25.4,35.3,48.5,63.7
NIFTY,3,G_12:50_60,all_days,2753,22.6,51.7,68.1,124.4,308.7,12.3,39.7,52.6,91.6,227.5
NIFTY,3,G_12:50_60,dte_matched,347,22.9,50.2,64.1,118.9,163.5,11.4,36.6,50.5,87.9,140.8
NIFTY,3,G_12:50_60,dte_matched_ex2122,157,17.5,37.7,46.9,64.7,70.2,8.3,25.4,35.3,48.5,63.7
NIFTY,3,G_12:50_60,all_days,2753,22.6,51.7,68.1,124.4,308.7,12.3,39.7,52.6,91.6,227.5
NIFTY,3,G_12:50_60,dte_matched,347,22.9,50.2,64.1,118.9,163.5,11.4,36.6,50.5,87.9,140.8
NIFTY,3,G_12:50_60,dte_matched_ex2122,157,17.5,37.7,46.9,64.7,70.2,8.3,25.4,35.3,48.5,63.7
NIFTY,3,G_12:50_60,all_days,2753,22.6,51.7,68.1,124.4,308.7,12.3,39.7,52.6,91.6,227.5
NIFTY,3,G_12:50_90,dte_matched,347,28.2,67.6,79.4,163.5,235.1,15.3,54.4,66.7,150.6,214.7
NIFTY,3,G_12:50_90,dte_matched_ex2122,157,23.7,48.5,53.8,72.9,79.4,11.7,36.9,42.7,62.7,68.7
NIFTY,3,G_12:50_90,all_days,2753,29.5,68.0,91.6,157.8,367.5,15.8,53.6,70.4,135.9,296.5
NIFTY,3,G_12:50_90,dte_matched,347,28.2,67.6,79.4,163.5,235.1,15.3,54.4,66.7,150.6,214.7
NIFTY,3,G_12:50_90,dte_matched_ex2122,157,23.7,48.5,53.8,72.9,79.4,11.7,36.9,42.7,62.7,68.7
NIFTY,3,G_12:50_90,all_days,2753,29.5,68.0,91.6,157.8,367.5,15.8,53.6,70.4,135.9,296.5
NIFTY,3,G_12:50_90,dte_matched,347,28.2,67.6,79.4,163.5,235.1,15.3,54.4,66.7,150.6,214.7
NIFTY,3,G_12:50_90,dte_matched_ex2122,157,23.7,48.5,53.8,72.9,79.4,11.7,36.9,42.7,62.7,68.7
NIFTY,3,G_12:50_90,all_days,2753,29.5,68.0,91.6,157.8,367.5,15.8,53.6,70.4,135.9,296.5
NIFTY,3,G_12:50_H,dte_matched,347,39.2,94.9,123.0,280.1,400.0,24.8,76.8,94.7,216.6,302.3
NIFTY,3,G_12:50_H,dte_matched_ex2122,157,31.6,64.9,82.0,99.3,162.2,20.9,51.6,63.5,97.9,162.2
NIFTY,3,G_12:50_H,all_days,2753,42.4,98.1,124.4,206.1,400.0,25.7,77.2,101.3,164.3,344.9
NIFTY,3,G_12:50_H,dte_matched,347,39.2,94.9,123.0,280.1,400.0,24.8,76.8,94.7,216.6,302.3
NIFTY,3,G_12:50_H,dte_matched_ex2122,157,31.6,64.9,82.0,99.3,162.2,20.9,51.6,63.5,97.9,162.2
NIFTY,3,G_12:50_H,all_days,2753,42.4,98.1,124.4,206.1,400.0,25.7,77.2,101.3,164.3,344.9
NIFTY,3,G_12:50_H,dte_matched,347,39.2,94.9,123.0,280.1,400.0,24.8,76.8,94.7,216.6,302.3
NIFTY,3,G_12:50_H,dte_matched_ex2122,157,31.6,64.9,82.0,99.3,162.2,20.9,51.6,63.5,97.9,162.2
NIFTY,3,G_12:50_H,all_days,2753,42.4,98.1,124.4,206.1,400.0,25.7,77.2,101.3,164.3,344.9
NIFTY,3,G_13:20_120,dte_matched,347,36.3,86.9,114.3,258.7,391.8,22.0,70.6,92.9,226.6,269.8
NIFTY,3,G_13:20_120,dte_matched_ex2122,157,29.5,58.1,83.4,94.5,169.1,17.8,46.5,69.0,92.6,169.1
NIFTY,3,G_13:20_120,all_days,2754,39.0,91.2,117.6,185.8,442.6,23.3,71.6,94.1,149.7,418.3
NIFTY,3,G_13:20_120,dte_matched,347,36.3,86.9,114.3,258.7,391.8,22.0,70.6,92.9,226.6,269.8
NIFTY,3,G_13:20_120,dte_matched_ex2122,157,29.5,58.1,83.4,94.5,169.1,17.8,46.5,69.0,92.6,169.1
NIFTY,3,G_13:20_120,all_days,2754,39.0,91.2,117.6,185.8,442.6,23.3,71.6,94.1,149.7,418.3
NIFTY,3,G_13:20_120,dte_matched,347,36.3,86.9,114.3,258.7,391.8,22.0,70.6,92.9,226.6,269.8
NIFTY,3,G_13:20_120,dte_matched_ex2122,157,29.5,58.1,83.4,94.5,169.1,17.8,46.5,69.0,92.6,169.1
NIFTY,3,G_13:20_120,all_days,2754,39.0,91.2,117.6,185.8,442.6,23.3,71.6,94.1,149.7,418.3
NIFTY,3,G_13:20_60,dte_matched,347,23.8,58.9,71.0,132.7,246.6,13.7,46.1,58.6,117.8,226.3
NIFTY,3,G_13:20_60,dte_matched_ex2122,157,18.7,40.5,47.1,62.8,74.4,9.9,30.3,40.5,57.0,66.4
NIFTY,3,G_13:20_60,all_days,2754,25.1,60.2,77.3,124.4,368.9,13.5,46.5,62.2,108.2,277.5
NIFTY,3,G_13:20_60,dte_matched,347,23.8,58.9,71.0,132.7,246.6,13.7,46.1,58.6,117.8,226.3
NIFTY,3,G_13:20_60,dte_matched_ex2122,157,18.7,40.5,47.1,62.8,74.4,9.9,30.3,40.5,57.0,66.4
NIFTY,3,G_13:20_60,all_days,2754,25.1,60.2,77.3,124.4,368.9,13.5,46.5,62.2,108.2,277.5
NIFTY,3,G_13:20_60,dte_matched,347,23.8,58.9,71.0,132.7,246.6,13.7,46.1,58.6,117.8,226.3
NIFTY,3,G_13:20_60,dte_matched_ex2122,157,18.7,40.5,47.1,62.8,74.4,9.9,30.3,40.5,57.0,66.4
NIFTY,3,G_13:20_60,all_days,2754,25.1,60.2,77.3,124.4,368.9,13.5,46.5,62.2,108.2,277.5
NIFTY,3,G_13:20_90,dte_matched,347,30.6,71.7,93.4,153.8,391.8,15.3,52.7,72.4,133.1,281.7
NIFTY,3,G_13:20_90,dte_matched_ex2122,157,23.6,50.6,59.7,88.7,94.1,13.0,39.8,55.1,71.9,84.6
NIFTY,3,G_13:20_90,all_days,2754,31.5,75.2,99.9,156.4,391.8,17.2,57.3,76.3,126.6,281.7
NIFTY,3,G_13:20_90,dte_matched,347,30.6,71.7,93.4,153.8,391.8,15.3,52.7,72.4,133.1,281.7
NIFTY,3,G_13:20_90,dte_matched_ex2122,157,23.6,50.6,59.7,88.7,94.1,13.0,39.8,55.1,71.9,84.6
NIFTY,3,G_13:20_90,all_days,2754,31.5,75.2,99.9,156.4,391.8,17.2,57.3,76.3,126.6,281.7
NIFTY,3,G_13:20_90,dte_matched,347,30.6,71.7,93.4,153.8,391.8,15.3,52.7,72.4,133.1,281.7
NIFTY,3,G_13:20_90,dte_matched_ex2122,157,23.6,50.6,59.7,88.7,94.1,13.0,39.8,55.1,71.9,84.6
NIFTY,3,G_13:20_90,all_days,2754,31.5,75.2,99.9,156.4,391.8,17.2,57.3,76.3,126.6,281.7
NIFTY,3,G_13:20_H,dte_matched,347,36.3,86.9,114.3,258.7,391.8,22.0,70.6,92.9,226.6,269.8
NIFTY,3,G_13:20_H,dte_matched_ex2122,157,29.5,58.1,83.4,94.5,169.1,17.8,46.5,69.0,92.6,169.1
NIFTY,3,G_13:20_H,all_days,2754,39.0,91.2,117.6,185.8,442.6,23.3,71.6,94.1,149.7,418.3
NIFTY,3,G_13:20_H,dte_matched,347,36.3,86.9,114.3,258.7,391.8,22.0,70.6,92.9,226.6,269.8
NIFTY,3,G_13:20_H,dte_matched_ex2122,157,29.5,58.1,83.4,94.5,169.1,17.8,46.5,69.0,92.6,169.1
NIFTY,3,G_13:20_H,all_days,2754,39.0,91.2,117.6,185.8,442.6,23.3,71.6,94.1,149.7,418.3
NIFTY,3,G_13:20_H,dte_matched,347,36.3,86.9,114.3,258.7,391.8,22.0,70.6,92.9,226.6,269.8
NIFTY,3,G_13:20_H,dte_matched_ex2122,157,29.5,58.1,83.4,94.5,169.1,17.8,46.5,69.0,92.6,169.1
NIFTY,3,G_13:20_H,all_days,2754,39.0,91.2,117.6,185.8,442.6,23.3,71.6,94.1,149.7,418.3
NIFTY,3,G_13:50_120,dte_matched,347,32.5,74.1,97.7,213.7,341.5,19.1,54.5,81.4,202.6,219.3
NIFTY,3,G_13:50_120,dte_matched_ex2122,157,26.1,53.4,73.7,106.3,145.3,15.2,43.2,57.1,93.3,139.3
NIFTY,3,G_13:50_120,all_days,2754,34.7,79.1,99.4,157.4,351.4,20.9,63.6,81.5,129.7,326.9
NIFTY,3,G_13:50_120,dte_matched,347,32.5,74.1,97.7,213.7,341.5,19.1,54.5,81.4,202.6,219.3
NIFTY,3,G_13:50_120,dte_matched_ex2122,157,26.1,53.4,73.7,106.3,145.3,15.2,43.2,57.1,93.3,139.3
NIFTY,3,G_13:50_120,all_days,2754,34.7,79.1,99.4,157.4,351.4,20.9,63.6,81.5,129.7,326.9
NIFTY,3,G_13:50_120,dte_matched,347,32.5,74.1,97.7,213.7,341.5,19.1,54.5,81.4,202.6,219.3
NIFTY,3,G_13:50_120,dte_matched_ex2122,157,26.1,53.4,73.7,106.3,145.3,15.2,43.2,57.1,93.3,139.3
NIFTY,3,G_13:50_120,all_days,2754,34.7,79.1,99.4,157.4,351.4,20.9,63.6,81.5,129.7,326.9
NIFTY,3,G_13:50_60,dte_matched,347,25.3,60.3,82.0,125.7,341.5,12.9,41.0,58.2,103.4,230.8
NIFTY,3,G_13:50_60,dte_matched_ex2122,157,19.2,38.7,53.4,94.0,106.2,9.3,29.8,36.1,74.4,103.3
NIFTY,3,G_13:50_60,all_days,2754,26.7,62.4,79.7,123.7,341.5,14.4,45.8,61.6,101.2,236.3
NIFTY,3,G_13:50_60,dte_matched,347,25.3,60.3,82.0,125.7,341.5,12.9,41.0,58.2,103.4,230.8
NIFTY,3,G_13:50_60,dte_matched_ex2122,157,19.2,38.7,53.4,94.0,106.2,9.3,29.8,36.1,74.4,103.3
NIFTY,3,G_13:50_60,all_days,2754,26.7,62.4,79.7,123.7,341.5,14.4,45.8,61.6,101.2,236.3
NIFTY,3,G_13:50_60,dte_matched,347,25.3,60.3,82.0,125.7,341.5,12.9,41.0,58.2,103.4,230.8
NIFTY,3,G_13:50_60,dte_matched_ex2122,157,19.2,38.7,53.4,94.0,106.2,9.3,29.8,36.1,74.4,103.3
NIFTY,3,G_13:50_60,all_days,2754,26.7,62.4,79.7,123.7,341.5,14.4,45.8,61.6,101.2,236.3
NIFTY,3,G_13:50_90,dte_matched,347,32.5,74.1,97.7,213.7,341.5,19.1,54.5,81.4,202.6,219.3
NIFTY,3,G_13:50_90,dte_matched_ex2122,157,26.1,53.4,73.7,106.3,145.3,15.2,43.2,57.1,93.3,139.3
NIFTY,3,G_13:50_90,all_days,2754,34.7,79.1,99.4,157.4,351.4,20.9,63.6,81.5,129.7,326.9
NIFTY,3,G_13:50_90,dte_matched,347,32.5,74.1,97.7,213.7,341.5,19.1,54.5,81.4,202.6,219.3
NIFTY,3,G_13:50_90,dte_matched_ex2122,157,26.1,53.4,73.7,106.3,145.3,15.2,43.2,57.1,93.3,139.3
NIFTY,3,G_13:50_90,all_days,2754,34.7,79.1,99.4,157.4,351.4,20.9,63.6,81.5,129.7,326.9
NIFTY,3,G_13:50_90,dte_matched,347,32.5,74.1,97.7,213.7,341.5,19.1,54.5,81.4,202.6,219.3
NIFTY,3,G_13:50_90,dte_matched_ex2122,157,26.1,53.4,73.7,106.3,145.3,15.2,43.2,57.1,93.3,139.3
NIFTY,3,G_13:50_90,all_days,2754,34.7,79.1,99.4,157.4,351.4,20.9,63.6,81.5,129.7,326.9
NIFTY,3,G_13:50_H,dte_matched,347,32.5,74.1,97.7,213.7,341.5,19.1,54.5,81.4,202.6,219.3
NIFTY,3,G_13:50_H,dte_matched_ex2122,157,26.1,53.4,73.7,106.3,145.3,15.2,43.2,57.1,93.3,139.3
NIFTY,3,G_13:50_H,all_days,2754,34.7,79.1,99.4,157.4,351.4,20.9,63.6,81.5,129.7,326.9
NIFTY,3,G_13:50_H,dte_matched,347,32.5,74.1,97.7,213.7,341.5,19.1,54.5,81.4,202.6,219.3
NIFTY,3,G_13:50_H,dte_matched_ex2122,157,26.1,53.4,73.7,106.3,145.3,15.2,43.2,57.1,93.3,139.3
NIFTY,3,G_13:50_H,all_days,2754,34.7,79.1,99.4,157.4,351.4,20.9,63.6,81.5,129.7,326.9
NIFTY,3,G_13:50_H,dte_matched,347,32.5,74.1,97.7,213.7,341.5,19.1,54.5,81.4,202.6,219.3
NIFTY,3,G_13:50_H,dte_matched_ex2122,157,26.1,53.4,73.7,106.3,145.3,15.2,43.2,57.1,93.3,139.3
NIFTY,3,G_13:50_H,all_days,2754,34.7,79.1,99.4,157.4,351.4,20.9,63.6,81.5,129.7,326.9
NIFTY,3,G_14:20_120,dte_matched,347,27.7,62.1,86.7,143.7,284.4,16.4,46.5,63.8,113.1,197.3
NIFTY,3,G_14:20_120,dte_matched_ex2122,157,22.0,39.4,65.0,85.7,106.9,13.3,33.4,52.0,72.8,102.0
NIFTY,3,G_14:20_120,all_days,2754,29.3,65.6,83.1,133.8,338.7,17.1,52.8,70.2,110.5,282.2
NIFTY,3,G_14:20_120,dte_matched,347,27.7,62.1,86.7,143.7,284.4,16.4,46.5,63.8,113.1,197.3
NIFTY,3,G_14:20_120,dte_matched_ex2122,157,22.0,39.4,65.0,85.7,106.9,13.3,33.4,52.0,72.8,102.0
NIFTY,3,G_14:20_120,all_days,2754,29.3,65.6,83.1,133.8,338.7,17.1,52.8,70.2,110.5,282.2
NIFTY,3,G_14:20_120,dte_matched,347,27.7,62.1,86.7,143.7,284.4,16.4,46.5,63.8,113.1,197.3
NIFTY,3,G_14:20_120,dte_matched_ex2122,157,22.0,39.4,65.0,85.7,106.9,13.3,33.4,52.0,72.8,102.0
NIFTY,3,G_14:20_120,all_days,2754,29.3,65.6,83.1,133.8,338.7,17.1,52.8,70.2,110.5,282.2
NIFTY,3,G_14:20_60,dte_matched,347,27.7,62.1,86.7,143.7,284.4,16.4,46.5,63.8,113.1,197.3
NIFTY,3,G_14:20_60,dte_matched_ex2122,157,22.0,39.4,65.0,85.7,106.9,13.3,33.4,52.0,72.8,102.0
NIFTY,3,G_14:20_60,all_days,2754,29.3,65.6,83.1,133.8,338.7,17.1,52.8,70.2,110.5,282.2
NIFTY,3,G_14:20_60,dte_matched,347,27.7,62.1,86.7,143.7,284.4,16.4,46.5,63.8,113.1,197.3
NIFTY,3,G_14:20_60,dte_matched_ex2122,157,22.0,39.4,65.0,85.7,106.9,13.3,33.4,52.0,72.8,102.0
NIFTY,3,G_14:20_60,all_days,2754,29.3,65.6,83.1,133.8,338.7,17.1,52.8,70.2,110.5,282.2
NIFTY,3,G_14:20_60,dte_matched,347,27.7,62.1,86.7,143.7,284.4,16.4,46.5,63.8,113.1,197.3
NIFTY,3,G_14:20_60,dte_matched_ex2122,157,22.0,39.4,65.0,85.7,106.9,13.3,33.4,52.0,72.8,102.0
NIFTY,3,G_14:20_60,all_days,2754,29.3,65.6,83.1,133.8,338.7,17.1,52.8,70.2,110.5,282.2
NIFTY,3,G_14:20_90,dte_matched,347,27.7,62.1,86.7,143.7,284.4,16.4,46.5,63.8,113.1,197.3
NIFTY,3,G_14:20_90,dte_matched_ex2122,157,22.0,39.4,65.0,85.7,106.9,13.3,33.4,52.0,72.8,102.0
NIFTY,3,G_14:20_90,all_days,2754,29.3,65.6,83.1,133.8,338.7,17.1,52.8,70.2,110.5,282.2
NIFTY,3,G_14:20_90,dte_matched,347,27.7,62.1,86.7,143.7,284.4,16.4,46.5,63.8,113.1,197.3
NIFTY,3,G_14:20_90,dte_matched_ex2122,157,22.0,39.4,65.0,85.7,106.9,13.3,33.4,52.0,72.8,102.0
NIFTY,3,G_14:20_90,all_days,2754,29.3,65.6,83.1,133.8,338.7,17.1,52.8,70.2,110.5,282.2
NIFTY,3,G_14:20_90,dte_matched,347,27.7,62.1,86.7,143.7,284.4,16.4,46.5,63.8,113.1,197.3
NIFTY,3,G_14:20_90,dte_matched_ex2122,157,22.0,39.4,65.0,85.7,106.9,13.3,33.4,52.0,72.8,102.0
NIFTY,3,G_14:20_90,all_days,2754,29.3,65.6,83.1,133.8,338.7,17.1,52.8,70.2,110.5,282.2
NIFTY,3,G_14:20_H,dte_matched,347,27.7,62.1,86.7,143.7,284.4,16.4,46.5,63.8,113.1,197.3
NIFTY,3,G_14:20_H,dte_matched_ex2122,157,22.0,39.4,65.0,85.7,106.9,13.3,33.4,52.0,72.8,102.0
NIFTY,3,G_14:20_H,all_days,2754,29.3,65.6,83.1,133.8,338.7,17.1,52.8,70.2,110.5,282.2
NIFTY,3,G_14:20_H,dte_matched,347,27.7,62.1,86.7,143.7,284.4,16.4,46.5,63.8,113.1,197.3
NIFTY,3,G_14:20_H,dte_matched_ex2122,157,22.0,39.4,65.0,85.7,106.9,13.3,33.4,52.0,72.8,102.0
NIFTY,3,G_14:20_H,all_days,2754,29.3,65.6,83.1,133.8,338.7,17.1,52.8,70.2,110.5,282.2
NIFTY,3,G_14:20_H,dte_matched,347,27.7,62.1,86.7,143.7,284.4,16.4,46.5,63.8,113.1,197.3
NIFTY,3,G_14:20_H,dte_matched_ex2122,157,22.0,39.4,65.0,85.7,106.9,13.3,33.4,52.0,72.8,102.0
NIFTY,3,G_14:20_H,all_days,2754,29.3,65.6,83.1,133.8,338.7,17.1,52.8,70.2,110.5,282.2
NIFTY,3,G_14:30_120,dte_matched,347,25.0,58.1,73.2,120.5,281.3,15.2,44.2,61.2,90.8,203.8
NIFTY,3,G_14:30_120,dte_matched_ex2122,157,18.7,38.3,59.0,79.7,110.4,10.4,34.8,43.3,63.5,90.8
NIFTY,3,G_14:30_120,all_days,2754,26.6,59.3,74.0,118.1,336.7,16.1,48.2,62.7,100.0,312.1
NIFTY,3,G_14:30_120,dte_matched,347,25.0,58.1,73.2,120.5,281.3,15.2,44.2,61.2,90.8,203.8
NIFTY,3,G_14:30_120,dte_matched_ex2122,157,18.7,38.3,59.0,79.7,110.4,10.4,34.8,43.3,63.5,90.8
NIFTY,3,G_14:30_120,all_days,2754,26.6,59.3,74.0,118.1,336.7,16.1,48.2,62.7,100.0,312.1
NIFTY,3,G_14:30_120,dte_matched,347,25.0,58.1,73.2,120.5,281.3,15.2,44.2,61.2,90.8,203.8
NIFTY,3,G_14:30_120,dte_matched_ex2122,157,18.7,38.3,59.0,79.7,110.4,10.4,34.8,43.3,63.5,90.8
NIFTY,3,G_14:30_120,all_days,2754,26.6,59.3,74.0,118.1,336.7,16.1,48.2,62.7,100.0,312.1
NIFTY,3,G_14:30_60,dte_matched,347,25.0,58.1,73.2,120.5,281.3,15.2,44.2,61.2,90.8,203.8
NIFTY,3,G_14:30_60,dte_matched_ex2122,157,18.7,38.3,59.0,79.7,110.4,10.4,34.8,43.3,63.5,90.8
NIFTY,3,G_14:30_60,all_days,2754,26.6,59.3,74.0,118.1,336.7,16.1,48.2,62.7,100.0,312.1
NIFTY,3,G_14:30_60,dte_matched,347,25.0,58.1,73.2,120.5,281.3,15.2,44.2,61.2,90.8,203.8
NIFTY,3,G_14:30_60,dte_matched_ex2122,157,18.7,38.3,59.0,79.7,110.4,10.4,34.8,43.3,63.5,90.8
NIFTY,3,G_14:30_60,all_days,2754,26.6,59.3,74.0,118.1,336.7,16.1,48.2,62.7,100.0,312.1
NIFTY,3,G_14:30_60,dte_matched,347,25.0,58.1,73.2,120.5,281.3,15.2,44.2,61.2,90.8,203.8
NIFTY,3,G_14:30_60,dte_matched_ex2122,157,18.7,38.3,59.0,79.7,110.4,10.4,34.8,43.3,63.5,90.8
NIFTY,3,G_14:30_60,all_days,2754,26.6,59.3,74.0,118.1,336.7,16.1,48.2,62.7,100.0,312.1
NIFTY,3,G_14:30_90,dte_matched,347,25.0,58.1,73.2,120.5,281.3,15.2,44.2,61.2,90.8,203.8
NIFTY,3,G_14:30_90,dte_matched_ex2122,157,18.7,38.3,59.0,79.7,110.4,10.4,34.8,43.3,63.5,90.8
NIFTY,3,G_14:30_90,all_days,2754,26.6,59.3,74.0,118.1,336.7,16.1,48.2,62.7,100.0,312.1
NIFTY,3,G_14:30_90,dte_matched,347,25.0,58.1,73.2,120.5,281.3,15.2,44.2,61.2,90.8,203.8
NIFTY,3,G_14:30_90,dte_matched_ex2122,157,18.7,38.3,59.0,79.7,110.4,10.4,34.8,43.3,63.5,90.8
NIFTY,3,G_14:30_90,all_days,2754,26.6,59.3,74.0,118.1,336.7,16.1,48.2,62.7,100.0,312.1
NIFTY,3,G_14:30_90,dte_matched,347,25.0,58.1,73.2,120.5,281.3,15.2,44.2,61.2,90.8,203.8
NIFTY,3,G_14:30_90,dte_matched_ex2122,157,18.7,38.3,59.0,79.7,110.4,10.4,34.8,43.3,63.5,90.8
NIFTY,3,G_14:30_90,all_days,2754,26.6,59.3,74.0,118.1,336.7,16.1,48.2,62.7,100.0,312.1
NIFTY,3,G_14:30_H,dte_matched,347,25.0,58.1,73.2,120.5,281.3,15.2,44.2,61.2,90.8,203.8
NIFTY,3,G_14:30_H,dte_matched_ex2122,157,18.7,38.3,59.0,79.7,110.4,10.4,34.8,43.3,63.5,90.8
NIFTY,3,G_14:30_H,all_days,2754,26.6,59.3,74.0,118.1,336.7,16.1,48.2,62.7,100.0,312.1
NIFTY,3,G_14:30_H,dte_matched,347,25.0,58.1,73.2,120.5,281.3,15.2,44.2,61.2,90.8,203.8
NIFTY,3,G_14:30_H,dte_matched_ex2122,157,18.7,38.3,59.0,79.7,110.4,10.4,34.8,43.3,63.5,90.8
NIFTY,3,G_14:30_H,all_days,2754,26.6,59.3,74.0,118.1,336.7,16.1,48.2,62.7,100.0,312.1
NIFTY,3,G_14:30_H,dte_matched,347,25.0,58.1,73.2,120.5,281.3,15.2,44.2,61.2,90.8,203.8
NIFTY,3,G_14:30_H,dte_matched_ex2122,157,18.7,38.3,59.0,79.7,110.4,10.4,34.8,43.3,63.5,90.8
NIFTY,3,G_14:30_H,all_days,2754,26.6,59.3,74.0,118.1,336.7,16.1,48.2,62.7,100.0,312.1
NIFTY,4,DEP_0930_1100,dte_matched,350,37.1,83.4,111.0,229.7,1304.5,19.9,65.0,88.2,170.1,1054.4
NIFTY,4,DEP_0930_1100,dte_matched_ex2122,160,34.9,64.2,76.7,107.7,156.3,19.3,57.0,67.0,98.4,154.7
NIFTY,4,DEP_0930_1100,all_days,2754,32.5,70.3,86.2,137.2,1304.5,17.9,52.4,70.0,122.8,1054.4
NIFTY,4,DEP_0930_1100,dte_matched,350,37.1,83.4,111.0,229.7,1304.5,19.9,65.0,88.2,170.1,1054.4
NIFTY,4,DEP_0930_1100,dte_matched_ex2122,160,34.9,64.2,76.7,107.7,156.3,19.3,57.0,67.0,98.4,154.7
NIFTY,4,DEP_0930_1100,all_days,2754,32.5,70.3,86.2,137.2,1304.5,17.9,52.4,70.0,122.8,1054.4
NIFTY,4,DEP_0930_1100,dte_matched,350,37.1,83.4,111.0,229.7,1304.5,19.9,65.0,88.2,170.1,1054.4
NIFTY,4,DEP_0930_1100,dte_matched_ex2122,160,34.9,64.2,76.7,107.7,156.3,19.3,57.0,67.0,98.4,154.7
NIFTY,4,DEP_0930_1100,all_days,2754,32.5,70.3,86.2,137.2,1304.5,17.9,52.4,70.0,122.8,1054.4
NIFTY,4,DEP_1000_1200,dte_matched,350,35.0,79.5,101.2,234.0,1304.5,19.8,60.7,84.0,217.6,1133.5
NIFTY,4,DEP_1000_1200,dte_matched_ex2122,160,31.2,66.1,87.6,101.8,138.6,19.7,52.6,66.8,95.6,131.4
NIFTY,4,DEP_1000_1200,all_days,2754,30.5,68.5,87.6,154.4,1304.5,16.8,52.0,68.3,126.4,1133.5
NIFTY,4,DEP_1000_1200,dte_matched,350,35.0,79.5,101.2,234.0,1304.5,19.8,60.7,84.0,217.6,1133.5
NIFTY,4,DEP_1000_1200,dte_matched_ex2122,160,31.2,66.1,87.6,101.8,138.6,19.7,52.6,66.8,95.6,131.4
NIFTY,4,DEP_1000_1200,all_days,2754,30.5,68.5,87.6,154.4,1304.5,16.8,52.0,68.3,126.4,1133.5
NIFTY,4,DEP_1000_1200,dte_matched,350,35.0,79.5,101.2,234.0,1304.5,19.8,60.7,84.0,217.6,1133.5
NIFTY,4,DEP_1000_1200,dte_matched_ex2122,160,31.2,66.1,87.6,101.8,138.6,19.7,52.6,66.8,95.6,131.4
NIFTY,4,DEP_1000_1200,all_days,2754,30.5,68.5,87.6,154.4,1304.5,16.8,52.0,68.3,126.4,1133.5
NIFTY,4,DEP_1030_1200,dte_matched,350,28.1,63.9,80.6,189.8,505.8,16.3,48.2,66.5,117.5,479.7
NIFTY,4,DEP_1030_1200,dte_matched_ex2122,160,24.3,54.9,70.5,88.1,103.8,15.8,43.5,60.6,74.4,85.1
NIFTY,4,DEP_1030_1200,all_days,2754,24.9,57.1,71.9,134.1,572.6,13.9,43.0,56.7,106.8,479.7
NIFTY,4,DEP_1030_1200,dte_matched,350,28.1,63.9,80.6,189.8,505.8,16.3,48.2,66.5,117.5,479.7
NIFTY,4,DEP_1030_1200,dte_matched_ex2122,160,24.3,54.9,70.5,88.1,103.8,15.8,43.5,60.6,74.4,85.1
NIFTY,4,DEP_1030_1200,all_days,2754,24.9,57.1,71.9,134.1,572.6,13.9,43.0,56.7,106.8,479.7
NIFTY,4,DEP_1030_1200,dte_matched,350,28.1,63.9,80.6,189.8,505.8,16.3,48.2,66.5,117.5,479.7
NIFTY,4,DEP_1030_1200,dte_matched_ex2122,160,24.3,54.9,70.5,88.1,103.8,15.8,43.5,60.6,74.4,85.1
NIFTY,4,DEP_1030_1200,all_days,2754,24.9,57.1,71.9,134.1,572.6,13.9,43.0,56.7,106.8,479.7
NIFTY,4,DEP_1300_1400,dte_matched,350,23.2,55.4,77.2,138.6,213.1,13.8,44.7,58.6,107.3,138.6
NIFTY,4,DEP_1300_1400,dte_matched_ex2122,160,19.2,44.7,52.4,94.6,108.2,10.9,37.0,45.0,61.5,102.7
NIFTY,4,DEP_1300_1400,all_days,2753,23.6,53.8,71.1,117.4,276.7,13.0,41.8,56.7,99.9,248.0
NIFTY,4,DEP_1300_1400,dte_matched,350,23.2,55.4,77.2,138.6,213.1,13.8,44.7,58.6,107.3,138.6
NIFTY,4,DEP_1300_1400,dte_matched_ex2122,160,19.2,44.7,52.4,94.6,108.2,10.9,37.0,45.0,61.5,102.7
NIFTY,4,DEP_1300_1400,all_days,2753,23.6,53.8,71.1,117.4,276.7,13.0,41.8,56.7,99.9,248.0
NIFTY,4,DEP_1300_1400,dte_matched,350,23.2,55.4,77.2,138.6,213.1,13.8,44.7,58.6,107.3,138.6
NIFTY,4,DEP_1300_1400,dte_matched_ex2122,160,19.2,44.7,52.4,94.6,108.2,10.9,37.0,45.0,61.5,102.7
NIFTY,4,DEP_1300_1400,all_days,2753,23.6,53.8,71.1,117.4,276.7,13.0,41.8,56.7,99.9,248.0
NIFTY,4,DEP_1300_1520,dte_matched,350,40.9,101.7,121.4,224.3,270.7,23.3,73.0,93.9,147.3,195.9
NIFTY,4,DEP_1300_1520,dte_matched_ex2122,160,32.2,66.2,83.1,109.9,173.4,18.9,47.6,72.7,91.4,136.2
NIFTY,4,DEP_1300_1520,all_days,2753,41.5,97.7,121.4,191.6,406.2,25.0,76.1,99.4,164.0,381.8
NIFTY,4,DEP_1300_1520,dte_matched,350,40.9,101.7,121.4,224.3,270.7,23.3,73.0,93.9,147.3,195.9
NIFTY,4,DEP_1300_1520,dte_matched_ex2122,160,32.2,66.2,83.1,109.9,173.4,18.9,47.6,72.7,91.4,136.2
NIFTY,4,DEP_1300_1520,all_days,2753,41.5,97.7,121.4,191.6,406.2,25.0,76.1,99.4,164.0,381.8
NIFTY,4,DEP_1300_1520,dte_matched,350,40.9,101.7,121.4,224.3,270.7,23.3,73.0,93.9,147.3,195.9
NIFTY,4,DEP_1300_1520,dte_matched_ex2122,160,32.2,66.2,83.1,109.9,173.4,18.9,47.6,72.7,91.4,136.2
NIFTY,4,DEP_1300_1520,all_days,2753,41.5,97.7,121.4,191.6,406.2,25.0,76.1,99.4,164.0,381.8
NIFTY,4,G_09:20_120,dte_matched,350,43.5,91.4,112.6,288.8,1304.5,22.3,69.2,87.8,165.6,1100.8
NIFTY,4,G_09:20_120,dte_matched_ex2122,160,40.6,77.4,93.9,114.8,174.6,20.6,64.4,79.8,95.7,165.6
NIFTY,4,G_09:20_120,all_days,2753,37.5,80.0,98.9,168.8,1304.5,20.8,60.1,79.0,126.7,1100.8
NIFTY,4,G_09:20_120,dte_matched,350,43.5,91.4,112.6,288.8,1304.5,22.3,69.2,87.8,165.6,1100.8
NIFTY,4,G_09:20_120,dte_matched_ex2122,160,40.6,77.4,93.9,114.8,174.6,20.6,64.4,79.8,95.7,165.6
NIFTY,4,G_09:20_120,all_days,2753,37.5,80.0,98.9,168.8,1304.5,20.8,60.1,79.0,126.7,1100.8
NIFTY,4,G_09:20_120,dte_matched,350,43.5,91.4,112.6,288.8,1304.5,22.3,69.2,87.8,165.6,1100.8
NIFTY,4,G_09:20_120,dte_matched_ex2122,160,40.6,77.4,93.9,114.8,174.6,20.6,64.4,79.8,95.7,165.6
NIFTY,4,G_09:20_120,all_days,2753,37.5,80.0,98.9,168.8,1304.5,20.8,60.1,79.0,126.7,1100.8
NIFTY,4,G_09:20_60,dte_matched,350,32.9,69.4,80.0,145.4,626.3,17.5,46.3,58.7,107.2,569.8
NIFTY,4,G_09:20_60,dte_matched_ex2122,160,29.3,57.0,74.8,88.3,145.4,16.4,46.2,52.9,65.8,115.0
NIFTY,4,G_09:20_60,all_days,2753,30.5,63.1,77.6,129.5,626.3,17.1,47.1,60.0,98.4,569.8
NIFTY,4,G_09:20_60,dte_matched,350,32.9,69.4,80.0,145.4,626.3,17.5,46.3,58.7,107.2,569.8
NIFTY,4,G_09:20_60,dte_matched_ex2122,160,29.3,57.0,74.8,88.3,145.4,16.4,46.2,52.9,65.8,115.0
NIFTY,4,G_09:20_60,all_days,2753,30.5,63.1,77.6,129.5,626.3,17.1,47.1,60.0,98.4,569.8
NIFTY,4,G_09:20_60,dte_matched,350,32.9,69.4,80.0,145.4,626.3,17.5,46.3,58.7,107.2,569.8
NIFTY,4,G_09:20_60,dte_matched_ex2122,160,29.3,57.0,74.8,88.3,145.4,16.4,46.2,52.9,65.8,115.0
NIFTY,4,G_09:20_60,all_days,2753,30.5,63.1,77.6,129.5,626.3,17.1,47.1,60.0,98.4,569.8
NIFTY,4,G_09:20_90,dte_matched,350,38.1,80.7,102.7,203.6,1304.5,22.9,63.3,86.6,148.4,1167.5
NIFTY,4,G_09:20_90,dte_matched_ex2122,160,35.9,76.6,81.9,100.3,162.5,23.3,60.0,74.0,99.6,148.4
NIFTY,4,G_09:20_90,all_days,2753,34.8,72.2,89.4,149.0,1304.5,19.4,53.5,70.3,124.8,1167.5
NIFTY,4,G_09:20_90,dte_matched,350,38.1,80.7,102.7,203.6,1304.5,22.9,63.3,86.6,148.4,1167.5
NIFTY,4,G_09:20_90,dte_matched_ex2122,160,35.9,76.6,81.9,100.3,162.5,23.3,60.0,74.0,99.6,148.4
NIFTY,4,G_09:20_90,all_days,2753,34.8,72.2,89.4,149.0,1304.5,19.4,53.5,70.3,124.8,1167.5
NIFTY,4,G_09:20_90,dte_matched,350,38.1,80.7,102.7,203.6,1304.5,22.9,63.3,86.6,148.4,1167.5
NIFTY,4,G_09:20_90,dte_matched_ex2122,160,35.9,76.6,81.9,100.3,162.5,23.3,60.0,74.0,99.6,148.4
NIFTY,4,G_09:20_90,all_days,2753,34.8,72.2,89.4,149.0,1304.5,19.4,53.5,70.3,124.8,1167.5
NIFTY,4,G_09:20_H,dte_matched,350,67.8,149.7,180.3,475.7,1777.4,39.7,115.5,150.4,296.9,1556.8
NIFTY,4,G_09:20_H,dte_matched_ex2122,160,63.5,119.4,145.1,181.8,194.3,40.9,93.8,124.2,157.7,169.6
NIFTY,4,G_09:20_H,all_days,2753,65.8,138.4,174.1,299.2,1777.4,40.5,116.9,144.9,249.6,1556.8
NIFTY,4,G_09:20_H,dte_matched,350,67.8,149.7,180.3,475.7,1777.4,39.7,115.5,150.4,296.9,1556.8
NIFTY,4,G_09:20_H,dte_matched_ex2122,160,63.5,119.4,145.1,181.8,194.3,40.9,93.8,124.2,157.7,169.6
NIFTY,4,G_09:20_H,all_days,2753,65.8,138.4,174.1,299.2,1777.4,40.5,116.9,144.9,249.6,1556.8
NIFTY,4,G_09:20_H,dte_matched,350,67.8,149.7,180.3,475.7,1777.4,39.7,115.5,150.4,296.9,1556.8
NIFTY,4,G_09:20_H,dte_matched_ex2122,160,63.5,119.4,145.1,181.8,194.3,40.9,93.8,124.2,157.7,169.6
NIFTY,4,G_09:20_H,all_days,2753,65.8,138.4,174.1,299.2,1777.4,40.5,116.9,144.9,249.6,1556.8
NIFTY,4,G_09:50_120,dte_matched,350,37.3,79.3,103.5,299.0,1304.5,19.9,59.7,84.8,237.0,1071.7
NIFTY,4,G_09:50_120,dte_matched_ex2122,160,33.3,65.6,78.7,115.9,136.8,18.4,54.7,67.0,106.7,127.3
NIFTY,4,G_09:50_120,all_days,2754,32.4,69.8,88.9,157.6,1304.5,17.6,52.3,68.1,127.3,1071.7
NIFTY,4,G_09:50_120,dte_matched,350,37.3,79.3,103.5,299.0,1304.5,19.9,59.7,84.8,237.0,1071.7
NIFTY,4,G_09:50_120,dte_matched_ex2122,160,33.3,65.6,78.7,115.9,136.8,18.4,54.7,67.0,106.7,127.3
NIFTY,4,G_09:50_120,all_days,2754,32.4,69.8,88.9,157.6,1304.5,17.6,52.3,68.1,127.3,1071.7
NIFTY,4,G_09:50_120,dte_matched,350,37.3,79.3,103.5,299.0,1304.5,19.9,59.7,84.8,237.0,1071.7
NIFTY,4,G_09:50_120,dte_matched_ex2122,160,33.3,65.6,78.7,115.9,136.8,18.4,54.7,67.0,106.7,127.3
NIFTY,4,G_09:50_120,all_days,2754,32.4,69.8,88.9,157.6,1304.5,17.6,52.3,68.1,127.3,1071.7
NIFTY,4,G_09:50_60,dte_matched,350,28.6,63.1,79.3,177.5,1304.5,18.0,50.4,65.2,133.1,1167.5
NIFTY,4,G_09:50_60,dte_matched_ex2122,160,25.1,49.9,60.7,83.1,98.5,17.2,38.0,50.4,76.5,91.6
NIFTY,4,G_09:50_60,all_days,2754,24.0,53.4,68.4,105.3,1304.5,13.5,39.6,53.4,88.0,1167.5
NIFTY,4,G_09:50_60,dte_matched,350,28.6,63.1,79.3,177.5,1304.5,18.0,50.4,65.2,133.1,1167.5
NIFTY,4,G_09:50_60,dte_matched_ex2122,160,25.1,49.9,60.7,83.1,98.5,17.2,38.0,50.4,76.5,91.6
NIFTY,4,G_09:50_60,all_days,2754,24.0,53.4,68.4,105.3,1304.5,13.5,39.6,53.4,88.0,1167.5
NIFTY,4,G_09:50_60,dte_matched,350,28.6,63.1,79.3,177.5,1304.5,18.0,50.4,65.2,133.1,1167.5
NIFTY,4,G_09:50_60,dte_matched_ex2122,160,25.1,49.9,60.7,83.1,98.5,17.2,38.0,50.4,76.5,91.6
NIFTY,4,G_09:50_60,all_days,2754,24.0,53.4,68.4,105.3,1304.5,13.5,39.6,53.4,88.0,1167.5
NIFTY,4,G_09:50_90,dte_matched,350,33.3,73.2,95.0,177.5,1304.5,19.6,53.5,72.9,139.4,1100.8
NIFTY,4,G_09:50_90,dte_matched_ex2122,160,30.6,57.3,73.6,102.2,116.9,19.5,46.8,57.1,74.7,107.3
NIFTY,4,G_09:50_90,all_days,2754,28.2,63.0,80.5,133.1,1304.5,16.0,46.1,62.3,107.3,1100.8
NIFTY,4,G_09:50_90,dte_matched,350,33.3,73.2,95.0,177.5,1304.5,19.6,53.5,72.9,139.4,1100.8
NIFTY,4,G_09:50_90,dte_matched_ex2122,160,30.6,57.3,73.6,102.2,116.9,19.5,46.8,57.1,74.7,107.3
NIFTY,4,G_09:50_90,all_days,2754,28.2,63.0,80.5,133.1,1304.5,16.0,46.1,62.3,107.3,1100.8
NIFTY,4,G_09:50_90,dte_matched,350,33.3,73.2,95.0,177.5,1304.5,19.6,53.5,72.9,139.4,1100.8
NIFTY,4,G_09:50_90,dte_matched_ex2122,160,30.6,57.3,73.6,102.2,116.9,19.5,46.8,57.1,74.7,107.3
NIFTY,4,G_09:50_90,all_days,2754,28.2,63.0,80.5,133.1,1304.5,16.0,46.1,62.3,107.3,1100.8
NIFTY,4,G_09:50_H,dte_matched,350,61.1,133.9,172.9,503.1,1777.4,36.9,110.6,141.7,324.8,1556.8
NIFTY,4,G_09:50_H,dte_matched_ex2122,160,54.1,111.6,129.5,176.1,213.6,31.9,91.7,111.6,144.4,188.9
NIFTY,4,G_09:50_H,all_days,2754,60.1,130.2,169.3,273.6,1777.4,35.7,105.7,137.9,247.5,1556.8
NIFTY,4,G_09:50_H,dte_matched,350,61.1,133.9,172.9,503.1,1777.4,36.9,110.6,141.7,324.8,1556.8
NIFTY,4,G_09:50_H,dte_matched_ex2122,160,54.1,111.6,129.5,176.1,213.6,31.9,91.7,111.6,144.4,188.9
NIFTY,4,G_09:50_H,all_days,2754,60.1,130.2,169.3,273.6,1777.4,35.7,105.7,137.9,247.5,1556.8
NIFTY,4,G_09:50_H,dte_matched,350,61.1,133.9,172.9,503.1,1777.4,36.9,110.6,141.7,324.8,1556.8
NIFTY,4,G_09:50_H,dte_matched_ex2122,160,54.1,111.6,129.5,176.1,213.6,31.9,91.7,111.6,144.4,188.9
NIFTY,4,G_09:50_H,all_days,2754,60.1,130.2,169.3,273.6,1777.4,35.7,105.7,137.9,247.5,1556.8
NIFTY,4,G_10:20_120,dte_matched,350,33.0,73.7,101.9,402.6,698.8,19.5,56.2,79.2,248.7,661.7
NIFTY,4,G_10:20_120,dte_matched_ex2122,160,30.1,64.6,73.9,110.9,119.6,18.2,48.2,60.9,103.9,107.4
NIFTY,4,G_10:20_120,all_days,2754,29.7,65.3,85.4,146.2,698.8,16.7,49.2,65.2,113.0,661.7
NIFTY,4,G_10:20_120,dte_matched,350,33.0,73.7,101.9,402.6,698.8,19.5,56.2,79.2,248.7,661.7
NIFTY,4,G_10:20_120,dte_matched_ex2122,160,30.1,64.6,73.9,110.9,119.6,18.2,48.2,60.9,103.9,107.4
NIFTY,4,G_10:20_120,all_days,2754,29.7,65.3,85.4,146.2,698.8,16.7,49.2,65.2,113.0,661.7
NIFTY,4,G_10:20_120,dte_matched,350,33.0,73.7,101.9,402.6,698.8,19.5,56.2,79.2,248.7,661.7
NIFTY,4,G_10:20_120,dte_matched_ex2122,160,30.1,64.6,73.9,110.9,119.6,18.2,48.2,60.9,103.9,107.4
NIFTY,4,G_10:20_120,all_days,2754,29.7,65.3,85.4,146.2,698.8,16.7,49.2,65.2,113.0,661.7
NIFTY,4,G_10:20_60,dte_matched,350,25.0,56.5,73.9,132.8,695.1,14.7,44.1,56.7,99.1,502.3
NIFTY,4,G_10:20_60,dte_matched_ex2122,160,24.3,50.7,63.8,82.5,101.8,15.8,36.1,47.9,72.6,93.5
NIFTY,4,G_10:20_60,all_days,2754,21.2,47.5,62.0,108.1,695.1,11.2,34.9,46.8,90.3,502.3
NIFTY,4,G_10:20_60,dte_matched,350,25.0,56.5,73.9,132.8,695.1,14.7,44.1,56.7,99.1,502.3
NIFTY,4,G_10:20_60,dte_matched_ex2122,160,24.3,50.7,63.8,82.5,101.8,15.8,36.1,47.9,72.6,93.5
NIFTY,4,G_10:20_60,all_days,2754,21.2,47.5,62.0,108.1,695.1,11.2,34.9,46.8,90.3,502.3
NIFTY,4,G_10:20_60,dte_matched,350,25.0,56.5,73.9,132.8,695.1,14.7,44.1,56.7,99.1,502.3
NIFTY,4,G_10:20_60,dte_matched_ex2122,160,24.3,50.7,63.8,82.5,101.8,15.8,36.1,47.9,72.6,93.5
NIFTY,4,G_10:20_60,all_days,2754,21.2,47.5,62.0,108.1,695.1,11.2,34.9,46.8,90.3,502.3
NIFTY,4,G_10:20_90,dte_matched,350,29.3,65.0,88.8,221.6,695.1,16.9,50.2,67.6,160.0,484.8
NIFTY,4,G_10:20_90,dte_matched_ex2122,160,27.2,56.5,73.3,94.3,119.6,16.5,45.0,59.0,82.2,110.1
NIFTY,4,G_10:20_90,all_days,2754,25.8,57.4,73.3,132.3,695.1,13.8,41.4,55.8,105.3,484.8
NIFTY,4,G_10:20_90,dte_matched,350,29.3,65.0,88.8,221.6,695.1,16.9,50.2,67.6,160.0,484.8
NIFTY,4,G_10:20_90,dte_matched_ex2122,160,27.2,56.5,73.3,94.3,119.6,16.5,45.0,59.0,82.2,110.1
NIFTY,4,G_10:20_90,all_days,2754,25.8,57.4,73.3,132.3,695.1,13.8,41.4,55.8,105.3,484.8
NIFTY,4,G_10:20_90,dte_matched,350,29.3,65.0,88.8,221.6,695.1,16.9,50.2,67.6,160.0,484.8
NIFTY,4,G_10:20_90,dte_matched_ex2122,160,27.2,56.5,73.3,94.3,119.6,16.5,45.0,59.0,82.2,110.1
NIFTY,4,G_10:20_90,all_days,2754,25.8,57.4,73.3,132.3,695.1,13.8,41.4,55.8,105.3,484.8
NIFTY,4,G_10:20_H,dte_matched,350,59.7,131.5,160.3,419.5,1142.5,33.2,104.3,130.3,279.5,933.8
NIFTY,4,G_10:20_H,dte_matched_ex2122,160,52.0,97.1,126.0,158.9,179.0,29.7,79.9,102.1,133.4,154.3
NIFTY,4,G_10:20_H,all_days,2754,55.4,125.7,155.9,278.0,1142.5,33.3,101.3,128.8,243.4,933.8
NIFTY,4,G_10:20_H,dte_matched,350,59.7,131.5,160.3,419.5,1142.5,33.2,104.3,130.3,279.5,933.8
NIFTY,4,G_10:20_H,dte_matched_ex2122,160,52.0,97.1,126.0,158.9,179.0,29.7,79.9,102.1,133.4,154.3
NIFTY,4,G_10:20_H,all_days,2754,55.4,125.7,155.9,278.0,1142.5,33.3,101.3,128.8,243.4,933.8
NIFTY,4,G_10:20_H,dte_matched,350,59.7,131.5,160.3,419.5,1142.5,33.2,104.3,130.3,279.5,933.8
NIFTY,4,G_10:20_H,dte_matched_ex2122,160,52.0,97.1,126.0,158.9,179.0,29.7,79.9,102.1,133.4,154.3
NIFTY,4,G_10:20_H,all_days,2754,55.4,125.7,155.9,278.0,1142.5,33.3,101.3,128.8,243.4,933.8
NIFTY,4,G_10:50_120,dte_matched,350,30.4,68.3,91.1,203.9,447.0,16.5,53.6,79.5,131.7,445.3
NIFTY,4,G_10:50_120,dte_matched_ex2122,160,28.0,58.8,77.3,95.5,129.6,16.3,48.2,57.6,93.2,125.2
NIFTY,4,G_10:50_120,all_days,2754,28.9,64.5,84.8,152.0,479.6,16.0,51.2,67.8,122.3,445.3
NIFTY,4,G_10:50_120,dte_matched,350,30.4,68.3,91.1,203.9,447.0,16.5,53.6,79.5,131.7,445.3
NIFTY,4,G_10:50_120,dte_matched_ex2122,160,28.0,58.8,77.3,95.5,129.6,16.3,48.2,57.6,93.2,125.2
NIFTY,4,G_10:50_120,all_days,2754,28.9,64.5,84.8,152.0,479.6,16.0,51.2,67.8,122.3,445.3
NIFTY,4,G_10:50_120,dte_matched,350,30.4,68.3,91.1,203.9,447.0,16.5,53.6,79.5,131.7,445.3
NIFTY,4,G_10:50_120,dte_matched_ex2122,160,28.0,58.8,77.3,95.5,129.6,16.3,48.2,57.6,93.2,125.2
NIFTY,4,G_10:50_120,all_days,2754,28.9,64.5,84.8,152.0,479.6,16.0,51.2,67.8,122.3,445.3
NIFTY,4,G_10:50_60,dte_matched,350,21.7,48.0,62.6,197.1,299.6,11.8,35.6,49.1,80.4,283.1
NIFTY,4,G_10:50_60,dte_matched_ex2122,160,19.3,43.3,48.4,62.6,90.2,11.3,31.6,40.7,57.4,76.5
NIFTY,4,G_10:50_60,all_days,2754,20.2,45.9,58.4,109.5,479.6,10.8,34.2,44.7,80.3,314.3
NIFTY,4,G_10:50_60,dte_matched,350,21.7,48.0,62.6,197.1,299.6,11.8,35.6,49.1,80.4,283.1
NIFTY,4,G_10:50_60,dte_matched_ex2122,160,19.3,43.3,48.4,62.6,90.2,11.3,31.6,40.7,57.4,76.5
NIFTY,4,G_10:50_60,all_days,2754,20.2,45.9,58.4,109.5,479.6,10.8,34.2,44.7,80.3,314.3
NIFTY,4,G_10:50_60,dte_matched,350,21.7,48.0,62.6,197.1,299.6,11.8,35.6,49.1,80.4,283.1
NIFTY,4,G_10:50_60,dte_matched_ex2122,160,19.3,43.3,48.4,62.6,90.2,11.3,31.6,40.7,57.4,76.5
NIFTY,4,G_10:50_60,all_days,2754,20.2,45.9,58.4,109.5,479.6,10.8,34.2,44.7,80.3,314.3
NIFTY,4,G_10:50_90,dte_matched,350,26.9,58.8,76.0,203.9,399.8,16.8,43.6,54.0,110.9,388.3
NIFTY,4,G_10:50_90,dte_matched_ex2122,160,23.0,55.4,59.8,85.9,90.2,14.7,40.7,50.1,57.4,86.4
NIFTY,4,G_10:50_90,all_days,2754,24.7,56.2,73.7,130.1,479.6,14.0,42.0,55.5,96.2,388.3
NIFTY,4,G_10:50_90,dte_matched,350,26.9,58.8,76.0,203.9,399.8,16.8,43.6,54.0,110.9,388.3
NIFTY,4,G_10:50_90,dte_matched_ex2122,160,23.0,55.4,59.8,85.9,90.2,14.7,40.7,50.1,57.4,86.4
NIFTY,4,G_10:50_90,all_days,2754,24.7,56.2,73.7,130.1,479.6,14.0,42.0,55.5,96.2,388.3
NIFTY,4,G_10:50_90,dte_matched,350,26.9,58.8,76.0,203.9,399.8,16.8,43.6,54.0,110.9,388.3
NIFTY,4,G_10:50_90,dte_matched_ex2122,160,23.0,55.4,59.8,85.9,90.2,14.7,40.7,50.1,57.4,86.4
NIFTY,4,G_10:50_90,all_days,2754,24.7,56.2,73.7,130.1,479.6,14.0,42.0,55.5,96.2,388.3
NIFTY,4,G_10:50_H,dte_matched,350,55.6,129.4,159.5,263.2,654.0,30.9,101.3,131.1,222.4,490.7
NIFTY,4,G_10:50_H,dte_matched_ex2122,160,46.7,91.0,121.4,184.8,192.8,25.8,73.1,96.8,153.4,162.5
NIFTY,4,G_10:50_H,all_days,2754,53.6,119.7,154.1,256.1,733.1,31.5,98.1,124.3,210.9,638.4
NIFTY,4,G_10:50_H,dte_matched,350,55.6,129.4,159.5,263.2,654.0,30.9,101.3,131.1,222.4,490.7
NIFTY,4,G_10:50_H,dte_matched_ex2122,160,46.7,91.0,121.4,184.8,192.8,25.8,73.1,96.8,153.4,162.5
NIFTY,4,G_10:50_H,all_days,2754,53.6,119.7,154.1,256.1,733.1,31.5,98.1,124.3,210.9,638.4
NIFTY,4,G_10:50_H,dte_matched,350,55.6,129.4,159.5,263.2,654.0,30.9,101.3,131.1,222.4,490.7
NIFTY,4,G_10:50_H,dte_matched_ex2122,160,46.7,91.0,121.4,184.8,192.8,25.8,73.1,96.8,153.4,162.5
NIFTY,4,G_10:50_H,all_days,2754,53.6,119.7,154.1,256.1,733.1,31.5,98.1,124.3,210.9,638.4
NIFTY,4,G_11:20_120,dte_matched,350,29.7,70.7,91.4,180.2,576.1,16.3,51.9,76.2,132.4,479.9
NIFTY,4,G_11:20_120,dte_matched_ex2122,160,25.4,62.1,80.9,94.1,96.5,16.1,49.7,62.3,88.5,96.4
NIFTY,4,G_11:20_120,all_days,2753,29.3,68.6,88.5,143.3,576.1,16.3,51.3,68.7,120.9,538.8
NIFTY,4,G_11:20_120,dte_matched,350,29.7,70.7,91.4,180.2,576.1,16.3,51.9,76.2,132.4,479.9
NIFTY,4,G_11:20_120,dte_matched_ex2122,160,25.4,62.1,80.9,94.1,96.5,16.1,49.7,62.3,88.5,96.4
NIFTY,4,G_11:20_120,all_days,2753,29.3,68.6,88.5,143.3,576.1,16.3,51.3,68.7,120.9,538.8
NIFTY,4,G_11:20_120,dte_matched,350,29.7,70.7,91.4,180.2,576.1,16.3,51.9,76.2,132.4,479.9
NIFTY,4,G_11:20_120,dte_matched_ex2122,160,25.4,62.1,80.9,94.1,96.5,16.1,49.7,62.3,88.5,96.4
NIFTY,4,G_11:20_120,all_days,2753,29.3,68.6,88.5,143.3,576.1,16.3,51.3,68.7,120.9,538.8
NIFTY,4,G_11:20_60,dte_matched,350,20.9,48.9,56.9,178.4,359.2,12.3,35.6,50.6,104.0,347.8
NIFTY,4,G_11:20_60,dte_matched_ex2122,160,16.7,39.8,48.9,65.9,80.8,10.3,30.6,43.1,58.7,62.5
NIFTY,4,G_11:20_60,all_days,2753,19.9,45.5,57.6,94.4,359.2,11.2,33.0,45.5,75.9,347.8
NIFTY,4,G_11:20_60,dte_matched,350,20.9,48.9,56.9,178.4,359.2,12.3,35.6,50.6,104.0,347.8
NIFTY,4,G_11:20_60,dte_matched_ex2122,160,16.7,39.8,48.9,65.9,80.8,10.3,30.6,43.1,58.7,62.5
NIFTY,4,G_11:20_60,all_days,2753,19.9,45.5,57.6,94.4,359.2,11.2,33.0,45.5,75.9,347.8
NIFTY,4,G_11:20_60,dte_matched,350,20.9,48.9,56.9,178.4,359.2,12.3,35.6,50.6,104.0,347.8
NIFTY,4,G_11:20_60,dte_matched_ex2122,160,16.7,39.8,48.9,65.9,80.8,10.3,30.6,43.1,58.7,62.5
NIFTY,4,G_11:20_60,all_days,2753,19.9,45.5,57.6,94.4,359.2,11.2,33.0,45.5,75.9,347.8
NIFTY,4,G_11:20_90,dte_matched,350,25.4,58.0,82.7,178.4,406.3,14.6,45.2,61.7,92.8,404.6
NIFTY,4,G_11:20_90,dte_matched_ex2122,160,22.4,50.6,71.6,88.5,93.7,14.7,41.6,58.1,75.7,89.3
NIFTY,4,G_11:20_90,all_days,2753,24.8,56.3,73.3,120.0,406.3,13.4,43.8,57.5,98.4,404.6
NIFTY,4,G_11:20_90,dte_matched,350,25.4,58.0,82.7,178.4,406.3,14.6,45.2,61.7,92.8,404.6
NIFTY,4,G_11:20_90,dte_matched_ex2122,160,22.4,50.6,71.6,88.5,93.7,14.7,41.6,58.1,75.7,89.3
NIFTY,4,G_11:20_90,all_days,2753,24.8,56.3,73.3,120.0,406.3,13.4,43.8,57.5,98.4,404.6
NIFTY,4,G_11:20_90,dte_matched,350,25.4,58.0,82.7,178.4,406.3,14.6,45.2,61.7,92.8,404.6
NIFTY,4,G_11:20_90,dte_matched_ex2122,160,22.4,50.6,71.6,88.5,93.7,14.7,41.6,58.1,75.7,89.3
NIFTY,4,G_11:20_90,all_days,2753,24.8,56.3,73.3,120.0,406.3,13.4,43.8,57.5,98.4,404.6
NIFTY,4,G_11:20_H,dte_matched,350,51.4,118.1,147.2,277.2,612.4,31.1,96.3,126.4,175.8,449.8
NIFTY,4,G_11:20_H,dte_matched_ex2122,160,47.2,85.6,112.6,160.1,198.2,24.7,75.3,99.5,137.1,165.1
NIFTY,4,G_11:20_H,all_days,2753,50.8,114.3,142.3,248.4,710.3,30.6,92.7,118.8,195.2,615.8
NIFTY,4,G_11:20_H,dte_matched,350,51.4,118.1,147.2,277.2,612.4,31.1,96.3,126.4,175.8,449.8
NIFTY,4,G_11:20_H,dte_matched_ex2122,160,47.2,85.6,112.6,160.1,198.2,24.7,75.3,99.5,137.1,165.1
NIFTY,4,G_11:20_H,all_days,2753,50.8,114.3,142.3,248.4,710.3,30.6,92.7,118.8,195.2,615.8
NIFTY,4,G_11:20_H,dte_matched,350,51.4,118.1,147.2,277.2,612.4,31.1,96.3,126.4,175.8,449.8
NIFTY,4,G_11:20_H,dte_matched_ex2122,160,47.2,85.6,112.6,160.1,198.2,24.7,75.3,99.5,137.1,165.1
NIFTY,4,G_11:20_H,all_days,2753,50.8,114.3,142.3,248.4,710.3,30.6,92.7,118.8,195.2,615.8
NIFTY,4,G_11:50_120,dte_matched,350,28.5,80.6,99.2,151.2,637.4,16.4,57.0,83.9,115.1,439.5
NIFTY,4,G_11:50_120,dte_matched_ex2122,160,25.0,67.8,87.5,108.4,135.2,12.9,49.2,67.4,103.4,115.1
NIFTY,4,G_11:50_120,all_days,2753,30.6,71.1,91.8,152.8,637.4,16.5,53.4,71.6,118.1,447.2
NIFTY,4,G_11:50_120,dte_matched,350,28.5,80.6,99.2,151.2,637.4,16.4,57.0,83.9,115.1,439.5
NIFTY,4,G_11:50_120,dte_matched_ex2122,160,25.0,67.8,87.5,108.4,135.2,12.9,49.2,67.4,103.4,115.1
NIFTY,4,G_11:50_120,all_days,2753,30.6,71.1,91.8,152.8,637.4,16.5,53.4,71.6,118.1,447.2
NIFTY,4,G_11:50_120,dte_matched,350,28.5,80.6,99.2,151.2,637.4,16.4,57.0,83.9,115.1,439.5
NIFTY,4,G_11:50_120,dte_matched_ex2122,160,25.0,67.8,87.5,108.4,135.2,12.9,49.2,67.4,103.4,115.1
NIFTY,4,G_11:50_120,all_days,2753,30.6,71.1,91.8,152.8,637.4,16.5,53.4,71.6,118.1,447.2
NIFTY,4,G_11:50_60,dte_matched,350,21.1,50.4,59.6,112.4,368.3,10.7,39.4,51.5,82.0,318.8
NIFTY,4,G_11:50_60,dte_matched_ex2122,160,17.0,44.2,59.6,93.4,103.8,10.5,34.2,50.9,77.0,89.0
NIFTY,4,G_11:50_60,all_days,2753,20.3,46.6,58.3,101.3,368.3,11.0,34.3,47.5,84.6,318.8
NIFTY,4,G_11:50_60,dte_matched,350,21.1,50.4,59.6,112.4,368.3,10.7,39.4,51.5,82.0,318.8
NIFTY,4,G_11:50_60,dte_matched_ex2122,160,17.0,44.2,59.6,93.4,103.8,10.5,34.2,50.9,77.0,89.0
NIFTY,4,G_11:50_60,all_days,2753,20.3,46.6,58.3,101.3,368.3,11.0,34.3,47.5,84.6,318.8
NIFTY,4,G_11:50_60,dte_matched,350,21.1,50.4,59.6,112.4,368.3,10.7,39.4,51.5,82.0,318.8
NIFTY,4,G_11:50_60,dte_matched_ex2122,160,17.0,44.2,59.6,93.4,103.8,10.5,34.2,50.9,77.0,89.0
NIFTY,4,G_11:50_60,all_days,2753,20.3,46.6,58.3,101.3,368.3,11.0,34.3,47.5,84.6,318.8
NIFTY,4,G_11:50_90,dte_matched,350,24.5,59.9,81.1,124.3,603.9,13.8,51.1,64.5,111.8,507.4
NIFTY,4,G_11:50_90,dte_matched_ex2122,160,22.1,55.2,70.6,96.1,114.6,12.0,37.8,60.9,79.4,111.8
NIFTY,4,G_11:50_90,all_days,2753,25.6,58.3,77.6,122.6,603.9,13.5,44.1,60.1,104.8,507.4
NIFTY,4,G_11:50_90,dte_matched,350,24.5,59.9,81.1,124.3,603.9,13.8,51.1,64.5,111.8,507.4
NIFTY,4,G_11:50_90,dte_matched_ex2122,160,22.1,55.2,70.6,96.1,114.6,12.0,37.8,60.9,79.4,111.8
NIFTY,4,G_11:50_90,all_days,2753,25.6,58.3,77.6,122.6,603.9,13.5,44.1,60.1,104.8,507.4
NIFTY,4,G_11:50_90,dte_matched,350,24.5,59.9,81.1,124.3,603.9,13.8,51.1,64.5,111.8,507.4
NIFTY,4,G_11:50_90,dte_matched_ex2122,160,22.1,55.2,70.6,96.1,114.6,12.0,37.8,60.9,79.4,111.8
NIFTY,4,G_11:50_90,all_days,2753,25.6,58.3,77.6,122.6,603.9,13.5,44.1,60.1,104.8,507.4
NIFTY,4,G_11:50_H,dte_matched,350,48.1,119.7,148.3,214.2,637.4,28.5,93.1,117.0,166.3,438.2
NIFTY,4,G_11:50_H,dte_matched_ex2122,160,38.4,87.0,116.6,157.2,184.6,19.9,73.8,91.4,130.1,145.1
NIFTY,4,G_11:50_H,all_days,2753,48.0,109.7,138.6,235.9,637.4,28.5,88.4,113.6,189.0,492.7
NIFTY,4,G_11:50_H,dte_matched,350,48.1,119.7,148.3,214.2,637.4,28.5,93.1,117.0,166.3,438.2
NIFTY,4,G_11:50_H,dte_matched_ex2122,160,38.4,87.0,116.6,157.2,184.6,19.9,73.8,91.4,130.1,145.1
NIFTY,4,G_11:50_H,all_days,2753,48.0,109.7,138.6,235.9,637.4,28.5,88.4,113.6,189.0,492.7
NIFTY,4,G_11:50_H,dte_matched,350,48.1,119.7,148.3,214.2,637.4,28.5,93.1,117.0,166.3,438.2
NIFTY,4,G_11:50_H,dte_matched_ex2122,160,38.4,87.0,116.6,157.2,184.6,19.9,73.8,91.4,130.1,145.1
NIFTY,4,G_11:50_H,all_days,2753,48.0,109.7,138.6,235.9,637.4,28.5,88.4,113.6,189.0,492.7
NIFTY,4,G_12:20_120,dte_matched,350,35.2,87.7,113.3,202.5,450.9,19.6,66.1,85.9,174.4,194.7
NIFTY,4,G_12:20_120,dte_matched_ex2122,160,27.6,64.4,84.7,115.0,182.6,16.6,49.4,64.4,106.0,179.3
NIFTY,4,G_12:20_120,all_days,2753,33.6,76.5,98.2,185.8,503.1,18.3,60.9,82.7,155.1,503.1
NIFTY,4,G_12:20_120,dte_matched,350,35.2,87.7,113.3,202.5,450.9,19.6,66.1,85.9,174.4,194.7
NIFTY,4,G_12:20_120,dte_matched_ex2122,160,27.6,64.4,84.7,115.0,182.6,16.6,49.4,64.4,106.0,179.3
NIFTY,4,G_12:20_120,all_days,2753,33.6,76.5,98.2,185.8,503.1,18.3,60.9,82.7,155.1,503.1
NIFTY,4,G_12:20_120,dte_matched,350,35.2,87.7,113.3,202.5,450.9,19.6,66.1,85.9,174.4,194.7
NIFTY,4,G_12:20_120,dte_matched_ex2122,160,27.6,64.4,84.7,115.0,182.6,16.6,49.4,64.4,106.0,179.3
NIFTY,4,G_12:20_120,all_days,2753,33.6,76.5,98.2,185.8,503.1,18.3,60.9,82.7,155.1,503.1
NIFTY,4,G_12:20_60,dte_matched,350,21.1,52.3,61.7,103.5,418.0,11.3,36.5,53.2,103.2,323.2
NIFTY,4,G_12:20_60,dte_matched_ex2122,160,18.7,42.2,56.9,68.8,152.7,10.2,33.4,50.2,64.8,150.0
NIFTY,4,G_12:20_60,all_days,2753,21.2,48.5,63.3,115.7,418.0,11.2,36.9,50.3,88.1,389.0
NIFTY,4,G_12:20_60,dte_matched,350,21.1,52.3,61.7,103.5,418.0,11.3,36.5,53.2,103.2,323.2
NIFTY,4,G_12:20_60,dte_matched_ex2122,160,18.7,42.2,56.9,68.8,152.7,10.2,33.4,50.2,64.8,150.0
NIFTY,4,G_12:20_60,all_days,2753,21.2,48.5,63.3,115.7,418.0,11.2,36.9,50.3,88.1,389.0
NIFTY,4,G_12:20_60,dte_matched,350,21.1,52.3,61.7,103.5,418.0,11.3,36.5,53.2,103.2,323.2
NIFTY,4,G_12:20_60,dte_matched_ex2122,160,18.7,42.2,56.9,68.8,152.7,10.2,33.4,50.2,64.8,150.0
NIFTY,4,G_12:20_60,all_days,2753,21.2,48.5,63.3,115.7,418.0,11.2,36.9,50.3,88.1,389.0
NIFTY,4,G_12:20_90,dte_matched,350,27.8,64.1,82.9,173.3,450.9,16.7,50.0,63.8,133.3,256.5
NIFTY,4,G_12:20_90,dte_matched_ex2122,160,22.9,52.9,67.4,96.7,173.3,13.0,46.1,55.1,75.7,153.2
NIFTY,4,G_12:20_90,all_days,2753,27.6,62.6,80.7,145.8,450.9,15.2,47.9,62.8,116.8,419.6
NIFTY,4,G_12:20_90,dte_matched,350,27.8,64.1,82.9,173.3,450.9,16.7,50.0,63.8,133.3,256.5
NIFTY,4,G_12:20_90,dte_matched_ex2122,160,22.9,52.9,67.4,96.7,173.3,13.0,46.1,55.1,75.7,153.2
NIFTY,4,G_12:20_90,all_days,2753,27.6,62.6,80.7,145.8,450.9,15.2,47.9,62.8,116.8,419.6
NIFTY,4,G_12:20_90,dte_matched,350,27.8,64.1,82.9,173.3,450.9,16.7,50.0,63.8,133.3,256.5
NIFTY,4,G_12:20_90,dte_matched_ex2122,160,22.9,52.9,67.4,96.7,173.3,13.0,46.1,55.1,75.7,153.2
NIFTY,4,G_12:20_90,all_days,2753,27.6,62.6,80.7,145.8,450.9,15.2,47.9,62.8,116.8,419.6
NIFTY,4,G_12:20_H,dte_matched,350,47.1,103.7,130.7,216.7,450.9,27.0,83.0,105.0,168.6,255.2
NIFTY,4,G_12:20_H,dte_matched_ex2122,160,38.0,82.6,96.7,139.6,195.2,19.8,64.8,83.5,118.6,168.0
NIFTY,4,G_12:20_H,all_days,2753,45.6,103.6,131.1,229.2,558.1,26.9,84.4,107.5,175.7,465.0
NIFTY,4,G_12:20_H,dte_matched,350,47.1,103.7,130.7,216.7,450.9,27.0,83.0,105.0,168.6,255.2
NIFTY,4,G_12:20_H,dte_matched_ex2122,160,38.0,82.6,96.7,139.6,195.2,19.8,64.8,83.5,118.6,168.0
NIFTY,4,G_12:20_H,all_days,2753,45.6,103.6,131.1,229.2,558.1,26.9,84.4,107.5,175.7,465.0
NIFTY,4,G_12:20_H,dte_matched,350,47.1,103.7,130.7,216.7,450.9,27.0,83.0,105.0,168.6,255.2
NIFTY,4,G_12:20_H,dte_matched_ex2122,160,38.0,82.6,96.7,139.6,195.2,19.8,64.8,83.5,118.6,168.0
NIFTY,4,G_12:20_H,all_days,2753,45.6,103.6,131.1,229.2,558.1,26.9,84.4,107.5,175.7,465.0
NIFTY,4,G_12:50_120,dte_matched,350,36.3,84.0,114.1,204.7,308.7,18.8,61.3,74.9,140.5,197.8
NIFTY,4,G_12:50_120,dte_matched_ex2122,160,28.1,58.4,71.7,119.1,171.0,15.0,47.4,61.6,110.6,164.6
NIFTY,4,G_12:50_120,all_days,2753,35.5,82.1,108.3,188.4,400.0,20.1,62.9,83.2,142.8,290.0
NIFTY,4,G_12:50_120,dte_matched,350,36.3,84.0,114.1,204.7,308.7,18.8,61.3,74.9,140.5,197.8
NIFTY,4,G_12:50_120,dte_matched_ex2122,160,28.1,58.4,71.7,119.1,171.0,15.0,47.4,61.6,110.6,164.6
NIFTY,4,G_12:50_120,all_days,2753,35.5,82.1,108.3,188.4,400.0,20.1,62.9,83.2,142.8,290.0
NIFTY,4,G_12:50_120,dte_matched,350,36.3,84.0,114.1,204.7,308.7,18.8,61.3,74.9,140.5,197.8
NIFTY,4,G_12:50_120,dte_matched_ex2122,160,28.1,58.4,71.7,119.1,171.0,15.0,47.4,61.6,110.6,164.6
NIFTY,4,G_12:50_120,all_days,2753,35.5,82.1,108.3,188.4,400.0,20.1,62.9,83.2,142.8,290.0
NIFTY,4,G_12:50_60,dte_matched,350,23.5,53.0,72.2,124.4,308.7,12.9,41.7,54.5,89.3,119.7
NIFTY,4,G_12:50_60,dte_matched_ex2122,160,19.2,42.3,51.7,66.9,119.1,10.2,33.3,43.2,57.2,76.8
NIFTY,4,G_12:50_60,all_days,2753,22.6,51.7,68.1,124.4,308.7,12.3,39.7,52.6,91.6,227.5
NIFTY,4,G_12:50_60,dte_matched,350,23.5,53.0,72.2,124.4,308.7,12.9,41.7,54.5,89.3,119.7
NIFTY,4,G_12:50_60,dte_matched_ex2122,160,19.2,42.3,51.7,66.9,119.1,10.2,33.3,43.2,57.2,76.8
NIFTY,4,G_12:50_60,all_days,2753,22.6,51.7,68.1,124.4,308.7,12.3,39.7,52.6,91.6,227.5
NIFTY,4,G_12:50_60,dte_matched,350,23.5,53.0,72.2,124.4,308.7,12.9,41.7,54.5,89.3,119.7
NIFTY,4,G_12:50_60,dte_matched_ex2122,160,19.2,42.3,51.7,66.9,119.1,10.2,33.3,43.2,57.2,76.8
NIFTY,4,G_12:50_60,all_days,2753,22.6,51.7,68.1,124.4,308.7,12.3,39.7,52.6,91.6,227.5
NIFTY,4,G_12:50_90,dte_matched,350,30.7,74.2,107.9,203.2,308.7,17.0,57.7,77.7,155.9,181.2
NIFTY,4,G_12:50_90,dte_matched_ex2122,160,23.5,51.7,70.0,101.6,141.1,12.3,42.5,56.6,87.3,129.6
NIFTY,4,G_12:50_90,all_days,2753,29.5,68.0,91.6,157.8,367.5,15.8,53.6,70.4,135.9,296.5
NIFTY,4,G_12:50_90,dte_matched,350,30.7,74.2,107.9,203.2,308.7,17.0,57.7,77.7,155.9,181.2
NIFTY,4,G_12:50_90,dte_matched_ex2122,160,23.5,51.7,70.0,101.6,141.1,12.3,42.5,56.6,87.3,129.6
NIFTY,4,G_12:50_90,all_days,2753,29.5,68.0,91.6,157.8,367.5,15.8,53.6,70.4,135.9,296.5
NIFTY,4,G_12:50_90,dte_matched,350,30.7,74.2,107.9,203.2,308.7,17.0,57.7,77.7,155.9,181.2
NIFTY,4,G_12:50_90,dte_matched_ex2122,160,23.5,51.7,70.0,101.6,141.1,12.3,42.5,56.6,87.3,129.6
NIFTY,4,G_12:50_90,all_days,2753,29.5,68.0,91.6,157.8,367.5,15.8,53.6,70.4,135.9,296.5
NIFTY,4,G_12:50_H,dte_matched,350,41.6,100.3,130.4,227.6,308.7,24.5,74.1,99.1,144.4,187.0
NIFTY,4,G_12:50_H,dte_matched_ex2122,160,34.7,70.0,85.2,120.9,171.0,18.7,53.7,71.2,96.4,132.2
NIFTY,4,G_12:50_H,all_days,2753,42.4,98.1,124.4,206.1,400.0,25.7,77.2,101.3,164.3,344.9
NIFTY,4,G_12:50_H,dte_matched,350,41.6,100.3,130.4,227.6,308.7,24.5,74.1,99.1,144.4,187.0
NIFTY,4,G_12:50_H,dte_matched_ex2122,160,34.7,70.0,85.2,120.9,171.0,18.7,53.7,71.2,96.4,132.2
NIFTY,4,G_12:50_H,all_days,2753,42.4,98.1,124.4,206.1,400.0,25.7,77.2,101.3,164.3,344.9
NIFTY,4,G_12:50_H,dte_matched,350,41.6,100.3,130.4,227.6,308.7,24.5,74.1,99.1,144.4,187.0
NIFTY,4,G_12:50_H,dte_matched_ex2122,160,34.7,70.0,85.2,120.9,171.0,18.7,53.7,71.2,96.4,132.2
NIFTY,4,G_12:50_H,all_days,2753,42.4,98.1,124.4,206.1,400.0,25.7,77.2,101.3,164.3,344.9
NIFTY,4,G_13:20_120,dte_matched,350,37.9,97.8,118.5,210.7,348.9,23.0,70.1,97.2,165.9,187.2
NIFTY,4,G_13:20_120,dte_matched_ex2122,160,30.3,58.2,81.6,114.4,173.6,17.3,46.2,62.0,90.3,134.0
NIFTY,4,G_13:20_120,all_days,2754,39.0,91.2,117.6,185.8,442.6,23.3,71.6,94.1,149.7,418.3
NIFTY,4,G_13:20_120,dte_matched,350,37.9,97.8,118.5,210.7,348.9,23.0,70.1,97.2,165.9,187.2
NIFTY,4,G_13:20_120,dte_matched_ex2122,160,30.3,58.2,81.6,114.4,173.6,17.3,46.2,62.0,90.3,134.0
NIFTY,4,G_13:20_120,all_days,2754,39.0,91.2,117.6,185.8,442.6,23.3,71.6,94.1,149.7,418.3
NIFTY,4,G_13:20_120,dte_matched,350,37.9,97.8,118.5,210.7,348.9,23.0,70.1,97.2,165.9,187.2
NIFTY,4,G_13:20_120,dte_matched_ex2122,160,30.3,58.2,81.6,114.4,173.6,17.3,46.2,62.0,90.3,134.0
NIFTY,4,G_13:20_120,all_days,2754,39.0,91.2,117.6,185.8,442.6,23.3,71.6,94.1,149.7,418.3
NIFTY,4,G_13:20_60,dte_matched,350,26.2,65.3,99.1,168.2,313.5,14.2,51.8,73.6,164.3,271.5
NIFTY,4,G_13:20_60,dte_matched_ex2122,160,20.7,45.3,51.6,75.1,143.7,9.3,31.3,43.2,70.3,132.2
NIFTY,4,G_13:20_60,all_days,2754,25.1,60.2,77.3,124.4,368.9,13.5,46.5,62.2,108.2,277.5
NIFTY,4,G_13:20_60,dte_matched,350,26.2,65.3,99.1,168.2,313.5,14.2,51.8,73.6,164.3,271.5
NIFTY,4,G_13:20_60,dte_matched_ex2122,160,20.7,45.3,51.6,75.1,143.7,9.3,31.3,43.2,70.3,132.2
NIFTY,4,G_13:20_60,all_days,2754,25.1,60.2,77.3,124.4,368.9,13.5,46.5,62.2,108.2,277.5
NIFTY,4,G_13:20_60,dte_matched,350,26.2,65.3,99.1,168.2,313.5,14.2,51.8,73.6,164.3,271.5
NIFTY,4,G_13:20_60,dte_matched_ex2122,160,20.7,45.3,51.6,75.1,143.7,9.3,31.3,43.2,70.3,132.2
NIFTY,4,G_13:20_60,all_days,2754,25.1,60.2,77.3,124.4,368.9,13.5,46.5,62.2,108.2,277.5
NIFTY,4,G_13:20_90,dte_matched,350,31.3,82.4,109.6,187.9,348.9,16.2,56.9,76.8,130.1,181.0
NIFTY,4,G_13:20_90,dte_matched_ex2122,160,24.6,52.7,60.9,114.4,173.6,13.6,41.5,51.5,89.4,167.2
NIFTY,4,G_13:20_90,all_days,2754,31.5,75.2,99.9,156.4,391.8,17.2,57.3,76.3,126.6,281.7
NIFTY,4,G_13:20_90,dte_matched,350,31.3,82.4,109.6,187.9,348.9,16.2,56.9,76.8,130.1,181.0
NIFTY,4,G_13:20_90,dte_matched_ex2122,160,24.6,52.7,60.9,114.4,173.6,13.6,41.5,51.5,89.4,167.2
NIFTY,4,G_13:20_90,all_days,2754,31.5,75.2,99.9,156.4,391.8,17.2,57.3,76.3,126.6,281.7
NIFTY,4,G_13:20_90,dte_matched,350,31.3,82.4,109.6,187.9,348.9,16.2,56.9,76.8,130.1,181.0
NIFTY,4,G_13:20_90,dte_matched_ex2122,160,24.6,52.7,60.9,114.4,173.6,13.6,41.5,51.5,89.4,167.2
NIFTY,4,G_13:20_90,all_days,2754,31.5,75.2,99.9,156.4,391.8,17.2,57.3,76.3,126.6,281.7
NIFTY,4,G_13:20_H,dte_matched,350,37.9,97.8,118.5,210.7,348.9,23.0,70.1,97.2,165.9,187.2
NIFTY,4,G_13:20_H,dte_matched_ex2122,160,30.3,58.2,81.6,114.4,173.6,17.3,46.2,62.0,90.3,134.0
NIFTY,4,G_13:20_H,all_days,2754,39.0,91.2,117.6,185.8,442.6,23.3,71.6,94.1,149.7,418.3
NIFTY,4,G_13:20_H,dte_matched,350,37.9,97.8,118.5,210.7,348.9,23.0,70.1,97.2,165.9,187.2
NIFTY,4,G_13:20_H,dte_matched_ex2122,160,30.3,58.2,81.6,114.4,173.6,17.3,46.2,62.0,90.3,134.0
NIFTY,4,G_13:20_H,all_days,2754,39.0,91.2,117.6,185.8,442.6,23.3,71.6,94.1,149.7,418.3
NIFTY,4,G_13:20_H,dte_matched,350,37.9,97.8,118.5,210.7,348.9,23.0,70.1,97.2,165.9,187.2
NIFTY,4,G_13:20_H,dte_matched_ex2122,160,30.3,58.2,81.6,114.4,173.6,17.3,46.2,62.0,90.3,134.0
NIFTY,4,G_13:20_H,all_days,2754,39.0,91.2,117.6,185.8,442.6,23.3,71.6,94.1,149.7,418.3
NIFTY,4,G_13:50_120,dte_matched,350,35.8,76.3,104.7,169.3,235.3,19.5,58.8,68.2,122.8,166.3
NIFTY,4,G_13:50_120,dte_matched_ex2122,160,27.7,56.5,70.7,88.1,107.6,14.5,45.6,57.9,67.9,90.3
NIFTY,4,G_13:50_120,all_days,2754,34.7,79.1,99.4,157.4,351.4,20.9,63.6,81.5,129.7,326.9
NIFTY,4,G_13:50_120,dte_matched,350,35.8,76.3,104.7,169.3,235.3,19.5,58.8,68.2,122.8,166.3
NIFTY,4,G_13:50_120,dte_matched_ex2122,160,27.7,56.5,70.7,88.1,107.6,14.5,45.6,57.9,67.9,90.3
NIFTY,4,G_13:50_120,all_days,2754,34.7,79.1,99.4,157.4,351.4,20.9,63.6,81.5,129.7,326.9
NIFTY,4,G_13:50_120,dte_matched,350,35.8,76.3,104.7,169.3,235.3,19.5,58.8,68.2,122.8,166.3
NIFTY,4,G_13:50_120,dte_matched_ex2122,160,27.7,56.5,70.7,88.1,107.6,14.5,45.6,57.9,67.9,90.3
NIFTY,4,G_13:50_120,all_days,2754,34.7,79.1,99.4,157.4,351.4,20.9,63.6,81.5,129.7,326.9
NIFTY,4,G_13:50_60,dte_matched,350,27.5,66.1,86.7,125.6,235.3,15.2,46.3,64.3,91.6,119.9
NIFTY,4,G_13:50_60,dte_matched_ex2122,160,21.2,45.1,58.8,84.2,107.6,10.4,35.0,47.0,77.8,101.2
NIFTY,4,G_13:50_60,all_days,2754,26.7,62.4,79.7,123.7,341.5,14.4,45.8,61.6,101.2,236.3
NIFTY,4,G_13:50_60,dte_matched,350,27.5,66.1,86.7,125.6,235.3,15.2,46.3,64.3,91.6,119.9
NIFTY,4,G_13:50_60,dte_matched_ex2122,160,21.2,45.1,58.8,84.2,107.6,10.4,35.0,47.0,77.8,101.2
NIFTY,4,G_13:50_60,all_days,2754,26.7,62.4,79.7,123.7,341.5,14.4,45.8,61.6,101.2,236.3
NIFTY,4,G_13:50_60,dte_matched,350,27.5,66.1,86.7,125.6,235.3,15.2,46.3,64.3,91.6,119.9
NIFTY,4,G_13:50_60,dte_matched_ex2122,160,21.2,45.1,58.8,84.2,107.6,10.4,35.0,47.0,77.8,101.2
NIFTY,4,G_13:50_60,all_days,2754,26.7,62.4,79.7,123.7,341.5,14.4,45.8,61.6,101.2,236.3
NIFTY,4,G_13:50_90,dte_matched,350,35.8,76.3,104.7,169.3,235.3,19.5,58.8,68.2,122.8,166.3
NIFTY,4,G_13:50_90,dte_matched_ex2122,160,27.7,56.5,70.7,88.1,107.6,14.5,45.6,57.9,67.9,90.3
NIFTY,4,G_13:50_90,all_days,2754,34.7,79.1,99.4,157.4,351.4,20.9,63.6,81.5,129.7,326.9
NIFTY,4,G_13:50_90,dte_matched,350,35.8,76.3,104.7,169.3,235.3,19.5,58.8,68.2,122.8,166.3
NIFTY,4,G_13:50_90,dte_matched_ex2122,160,27.7,56.5,70.7,88.1,107.6,14.5,45.6,57.9,67.9,90.3
NIFTY,4,G_13:50_90,all_days,2754,34.7,79.1,99.4,157.4,351.4,20.9,63.6,81.5,129.7,326.9
NIFTY,4,G_13:50_90,dte_matched,350,35.8,76.3,104.7,169.3,235.3,19.5,58.8,68.2,122.8,166.3
NIFTY,4,G_13:50_90,dte_matched_ex2122,160,27.7,56.5,70.7,88.1,107.6,14.5,45.6,57.9,67.9,90.3
NIFTY,4,G_13:50_90,all_days,2754,34.7,79.1,99.4,157.4,351.4,20.9,63.6,81.5,129.7,326.9
NIFTY,4,G_13:50_H,dte_matched,350,35.8,76.3,104.7,169.3,235.3,19.5,58.8,68.2,122.8,166.3
NIFTY,4,G_13:50_H,dte_matched_ex2122,160,27.7,56.5,70.7,88.1,107.6,14.5,45.6,57.9,67.9,90.3
NIFTY,4,G_13:50_H,all_days,2754,34.7,79.1,99.4,157.4,351.4,20.9,63.6,81.5,129.7,326.9
NIFTY,4,G_13:50_H,dte_matched,350,35.8,76.3,104.7,169.3,235.3,19.5,58.8,68.2,122.8,166.3
NIFTY,4,G_13:50_H,dte_matched_ex2122,160,27.7,56.5,70.7,88.1,107.6,14.5,45.6,57.9,67.9,90.3
NIFTY,4,G_13:50_H,all_days,2754,34.7,79.1,99.4,157.4,351.4,20.9,63.6,81.5,129.7,326.9
NIFTY,4,G_13:50_H,dte_matched,350,35.8,76.3,104.7,169.3,235.3,19.5,58.8,68.2,122.8,166.3
NIFTY,4,G_13:50_H,dte_matched_ex2122,160,27.7,56.5,70.7,88.1,107.6,14.5,45.6,57.9,67.9,90.3
NIFTY,4,G_13:50_H,all_days,2754,34.7,79.1,99.4,157.4,351.4,20.9,63.6,81.5,129.7,326.9
NIFTY,4,G_14:20_120,dte_matched,350,28.6,63.7,77.7,153.4,257.5,15.1,50.0,62.9,108.8,202.5
NIFTY,4,G_14:20_120,dte_matched_ex2122,160,22.3,47.9,55.8,76.0,86.7,12.4,41.1,48.5,66.9,83.3
NIFTY,4,G_14:20_120,all_days,2754,29.3,65.6,83.1,133.8,338.7,17.1,52.8,70.2,110.5,282.2
NIFTY,4,G_14:20_120,dte_matched,350,28.6,63.7,77.7,153.4,257.5,15.1,50.0,62.9,108.8,202.5
NIFTY,4,G_14:20_120,dte_matched_ex2122,160,22.3,47.9,55.8,76.0,86.7,12.4,41.1,48.5,66.9,83.3
NIFTY,4,G_14:20_120,all_days,2754,29.3,65.6,83.1,133.8,338.7,17.1,52.8,70.2,110.5,282.2
NIFTY,4,G_14:20_120,dte_matched,350,28.6,63.7,77.7,153.4,257.5,15.1,50.0,62.9,108.8,202.5
NIFTY,4,G_14:20_120,dte_matched_ex2122,160,22.3,47.9,55.8,76.0,86.7,12.4,41.1,48.5,66.9,83.3
NIFTY,4,G_14:20_120,all_days,2754,29.3,65.6,83.1,133.8,338.7,17.1,52.8,70.2,110.5,282.2
NIFTY,4,G_14:20_60,dte_matched,350,28.6,63.7,77.7,153.4,257.5,15.1,50.0,62.9,108.8,202.5
NIFTY,4,G_14:20_60,dte_matched_ex2122,160,22.3,47.9,55.8,76.0,86.7,12.4,41.1,48.5,66.9,83.3
NIFTY,4,G_14:20_60,all_days,2754,29.3,65.6,83.1,133.8,338.7,17.1,52.8,70.2,110.5,282.2
NIFTY,4,G_14:20_60,dte_matched,350,28.6,63.7,77.7,153.4,257.5,15.1,50.0,62.9,108.8,202.5
NIFTY,4,G_14:20_60,dte_matched_ex2122,160,22.3,47.9,55.8,76.0,86.7,12.4,41.1,48.5,66.9,83.3
NIFTY,4,G_14:20_60,all_days,2754,29.3,65.6,83.1,133.8,338.7,17.1,52.8,70.2,110.5,282.2
NIFTY,4,G_14:20_60,dte_matched,350,28.6,63.7,77.7,153.4,257.5,15.1,50.0,62.9,108.8,202.5
NIFTY,4,G_14:20_60,dte_matched_ex2122,160,22.3,47.9,55.8,76.0,86.7,12.4,41.1,48.5,66.9,83.3
NIFTY,4,G_14:20_60,all_days,2754,29.3,65.6,83.1,133.8,338.7,17.1,52.8,70.2,110.5,282.2
NIFTY,4,G_14:20_90,dte_matched,350,28.6,63.7,77.7,153.4,257.5,15.1,50.0,62.9,108.8,202.5
NIFTY,4,G_14:20_90,dte_matched_ex2122,160,22.3,47.9,55.8,76.0,86.7,12.4,41.1,48.5,66.9,83.3
NIFTY,4,G_14:20_90,all_days,2754,29.3,65.6,83.1,133.8,338.7,17.1,52.8,70.2,110.5,282.2
NIFTY,4,G_14:20_90,dte_matched,350,28.6,63.7,77.7,153.4,257.5,15.1,50.0,62.9,108.8,202.5
NIFTY,4,G_14:20_90,dte_matched_ex2122,160,22.3,47.9,55.8,76.0,86.7,12.4,41.1,48.5,66.9,83.3
NIFTY,4,G_14:20_90,all_days,2754,29.3,65.6,83.1,133.8,338.7,17.1,52.8,70.2,110.5,282.2
NIFTY,4,G_14:20_90,dte_matched,350,28.6,63.7,77.7,153.4,257.5,15.1,50.0,62.9,108.8,202.5
NIFTY,4,G_14:20_90,dte_matched_ex2122,160,22.3,47.9,55.8,76.0,86.7,12.4,41.1,48.5,66.9,83.3
NIFTY,4,G_14:20_90,all_days,2754,29.3,65.6,83.1,133.8,338.7,17.1,52.8,70.2,110.5,282.2
NIFTY,4,G_14:20_H,dte_matched,350,28.6,63.7,77.7,153.4,257.5,15.1,50.0,62.9,108.8,202.5
NIFTY,4,G_14:20_H,dte_matched_ex2122,160,22.3,47.9,55.8,76.0,86.7,12.4,41.1,48.5,66.9,83.3
NIFTY,4,G_14:20_H,all_days,2754,29.3,65.6,83.1,133.8,338.7,17.1,52.8,70.2,110.5,282.2
NIFTY,4,G_14:20_H,dte_matched,350,28.6,63.7,77.7,153.4,257.5,15.1,50.0,62.9,108.8,202.5
NIFTY,4,G_14:20_H,dte_matched_ex2122,160,22.3,47.9,55.8,76.0,86.7,12.4,41.1,48.5,66.9,83.3
NIFTY,4,G_14:20_H,all_days,2754,29.3,65.6,83.1,133.8,338.7,17.1,52.8,70.2,110.5,282.2
NIFTY,4,G_14:20_H,dte_matched,350,28.6,63.7,77.7,153.4,257.5,15.1,50.0,62.9,108.8,202.5
NIFTY,4,G_14:20_H,dte_matched_ex2122,160,22.3,47.9,55.8,76.0,86.7,12.4,41.1,48.5,66.9,83.3
NIFTY,4,G_14:20_H,all_days,2754,29.3,65.6,83.1,133.8,338.7,17.1,52.8,70.2,110.5,282.2
NIFTY,4,G_14:30_120,dte_matched,350,26.8,56.0,70.1,127.1,212.2,13.9,45.2,56.2,113.7,201.3
NIFTY,4,G_14:30_120,dte_matched_ex2122,160,21.1,43.7,53.6,59.5,64.7,12.4,33.4,46.1,53.4,60.5
NIFTY,4,G_14:30_120,all_days,2754,26.6,59.3,74.0,118.1,336.7,16.1,48.2,62.7,100.0,312.1
NIFTY,4,G_14:30_120,dte_matched,350,26.8,56.0,70.1,127.1,212.2,13.9,45.2,56.2,113.7,201.3
NIFTY,4,G_14:30_120,dte_matched_ex2122,160,21.1,43.7,53.6,59.5,64.7,12.4,33.4,46.1,53.4,60.5
NIFTY,4,G_14:30_120,all_days,2754,26.6,59.3,74.0,118.1,336.7,16.1,48.2,62.7,100.0,312.1
NIFTY,4,G_14:30_120,dte_matched,350,26.8,56.0,70.1,127.1,212.2,13.9,45.2,56.2,113.7,201.3
NIFTY,4,G_14:30_120,dte_matched_ex2122,160,21.1,43.7,53.6,59.5,64.7,12.4,33.4,46.1,53.4,60.5
NIFTY,4,G_14:30_120,all_days,2754,26.6,59.3,74.0,118.1,336.7,16.1,48.2,62.7,100.0,312.1
NIFTY,4,G_14:30_60,dte_matched,350,26.8,56.0,70.1,127.1,212.2,13.9,45.2,56.2,113.7,201.3
NIFTY,4,G_14:30_60,dte_matched_ex2122,160,21.1,43.7,53.6,59.5,64.7,12.4,33.4,46.1,53.4,60.5
NIFTY,4,G_14:30_60,all_days,2754,26.6,59.3,74.0,118.1,336.7,16.1,48.2,62.7,100.0,312.1
NIFTY,4,G_14:30_60,dte_matched,350,26.8,56.0,70.1,127.1,212.2,13.9,45.2,56.2,113.7,201.3
NIFTY,4,G_14:30_60,dte_matched_ex2122,160,21.1,43.7,53.6,59.5,64.7,12.4,33.4,46.1,53.4,60.5
NIFTY,4,G_14:30_60,all_days,2754,26.6,59.3,74.0,118.1,336.7,16.1,48.2,62.7,100.0,312.1
NIFTY,4,G_14:30_60,dte_matched,350,26.8,56.0,70.1,127.1,212.2,13.9,45.2,56.2,113.7,201.3
NIFTY,4,G_14:30_60,dte_matched_ex2122,160,21.1,43.7,53.6,59.5,64.7,12.4,33.4,46.1,53.4,60.5
NIFTY,4,G_14:30_60,all_days,2754,26.6,59.3,74.0,118.1,336.7,16.1,48.2,62.7,100.0,312.1
NIFTY,4,G_14:30_90,dte_matched,350,26.8,56.0,70.1,127.1,212.2,13.9,45.2,56.2,113.7,201.3
NIFTY,4,G_14:30_90,dte_matched_ex2122,160,21.1,43.7,53.6,59.5,64.7,12.4,33.4,46.1,53.4,60.5
NIFTY,4,G_14:30_90,all_days,2754,26.6,59.3,74.0,118.1,336.7,16.1,48.2,62.7,100.0,312.1
NIFTY,4,G_14:30_90,dte_matched,350,26.8,56.0,70.1,127.1,212.2,13.9,45.2,56.2,113.7,201.3
NIFTY,4,G_14:30_90,dte_matched_ex2122,160,21.1,43.7,53.6,59.5,64.7,12.4,33.4,46.1,53.4,60.5
NIFTY,4,G_14:30_90,all_days,2754,26.6,59.3,74.0,118.1,336.7,16.1,48.2,62.7,100.0,312.1
NIFTY,4,G_14:30_90,dte_matched,350,26.8,56.0,70.1,127.1,212.2,13.9,45.2,56.2,113.7,201.3
NIFTY,4,G_14:30_90,dte_matched_ex2122,160,21.1,43.7,53.6,59.5,64.7,12.4,33.4,46.1,53.4,60.5
NIFTY,4,G_14:30_90,all_days,2754,26.6,59.3,74.0,118.1,336.7,16.1,48.2,62.7,100.0,312.1
NIFTY,4,G_14:30_H,dte_matched,350,26.8,56.0,70.1,127.1,212.2,13.9,45.2,56.2,113.7,201.3
NIFTY,4,G_14:30_H,dte_matched_ex2122,160,21.1,43.7,53.6,59.5,64.7,12.4,33.4,46.1,53.4,60.5
NIFTY,4,G_14:30_H,all_days,2754,26.6,59.3,74.0,118.1,336.7,16.1,48.2,62.7,100.0,312.1
NIFTY,4,G_14:30_H,dte_matched,350,26.8,56.0,70.1,127.1,212.2,13.9,45.2,56.2,113.7,201.3
NIFTY,4,G_14:30_H,dte_matched_ex2122,160,21.1,43.7,53.6,59.5,64.7,12.4,33.4,46.1,53.4,60.5
NIFTY,4,G_14:30_H,all_days,2754,26.6,59.3,74.0,118.1,336.7,16.1,48.2,62.7,100.0,312.1
NIFTY,4,G_14:30_H,dte_matched,350,26.8,56.0,70.1,127.1,212.2,13.9,45.2,56.2,113.7,201.3
NIFTY,4,G_14:30_H,dte_matched_ex2122,160,21.1,43.7,53.6,59.5,64.7,12.4,33.4,46.1,53.4,60.5
NIFTY,4,G_14:30_H,all_days,2754,26.6,59.3,74.0,118.1,336.7,16.1,48.2,62.7,100.0,312.1
SENSEX,0,DEP_0930_1100,dte_matched,122,33.9,71.4,96.0,120.8,121.4,18.2,58.4,78.6,111.9,116.8
SENSEX,0,DEP_0930_1100,dte_matched_ex2122,122,33.9,71.4,96.0,120.8,121.4,18.2,58.4,78.6,111.9,116.8
SENSEX,0,DEP_0930_1100,all_days,1353,34.4,70.6,86.9,121.4,211.2,20.1,54.5,70.8,101.8,170.4
SENSEX,0,DEP_0930_1100,dte_matched,122,33.9,71.4,96.0,120.8,121.4,18.2,58.4,78.6,111.9,116.8
SENSEX,0,DEP_0930_1100,dte_matched_ex2122,122,33.9,71.4,96.0,120.8,121.4,18.2,58.4,78.6,111.9,116.8
SENSEX,0,DEP_0930_1100,all_days,1353,34.4,70.6,86.9,121.4,211.2,20.1,54.5,70.8,101.8,170.4
SENSEX,0,DEP_0930_1100,dte_matched,122,33.9,71.4,96.0,120.8,121.4,18.2,58.4,78.6,111.9,116.8
SENSEX,0,DEP_0930_1100,dte_matched_ex2122,122,33.9,71.4,96.0,120.8,121.4,18.2,58.4,78.6,111.9,116.8
SENSEX,0,DEP_0930_1100,all_days,1353,34.4,70.6,86.9,121.4,211.2,20.1,54.5,70.8,101.8,170.4
SENSEX,0,DEP_1000_1200,dte_matched,122,33.2,65.9,98.1,143.3,150.7,20.9,52.7,69.6,134.5,139.2
SENSEX,0,DEP_1000_1200,dte_matched_ex2122,122,33.2,65.9,98.1,143.3,150.7,20.9,52.7,69.6,134.5,139.2
SENSEX,0,DEP_1000_1200,all_days,1353,32.3,68.5,84.7,126.6,361.0,19.2,52.6,66.0,110.4,334.5
SENSEX,0,DEP_1000_1200,dte_matched,122,33.2,65.9,98.1,143.3,150.7,20.9,52.7,69.6,134.5,139.2
SENSEX,0,DEP_1000_1200,dte_matched_ex2122,122,33.2,65.9,98.1,143.3,150.7,20.9,52.7,69.6,134.5,139.2
SENSEX,0,DEP_1000_1200,all_days,1353,32.3,68.5,84.7,126.6,361.0,19.2,52.6,66.0,110.4,334.5
SENSEX,0,DEP_1000_1200,dte_matched,122,33.2,65.9,98.1,143.3,150.7,20.9,52.7,69.6,134.5,139.2
SENSEX,0,DEP_1000_1200,dte_matched_ex2122,122,33.2,65.9,98.1,143.3,150.7,20.9,52.7,69.6,134.5,139.2
SENSEX,0,DEP_1000_1200,all_days,1353,32.3,68.5,84.7,126.6,361.0,19.2,52.6,66.0,110.4,334.5
SENSEX,0,DEP_1030_1200,dte_matched,122,26.5,65.8,93.6,133.9,149.6,14.5,45.1,71.2,105.1,142.1
SENSEX,0,DEP_1030_1200,dte_matched_ex2122,122,26.5,65.8,93.6,133.9,149.6,14.5,45.1,71.2,105.1,142.1
SENSEX,0,DEP_1030_1200,all_days,1353,25.5,55.0,69.0,111.0,351.4,14.6,42.9,54.5,100.2,324.9
SENSEX,0,DEP_1030_1200,dte_matched,122,26.5,65.8,93.6,133.9,149.6,14.5,45.1,71.2,105.1,142.1
SENSEX,0,DEP_1030_1200,dte_matched_ex2122,122,26.5,65.8,93.6,133.9,149.6,14.5,45.1,71.2,105.1,142.1
SENSEX,0,DEP_1030_1200,all_days,1353,25.5,55.0,69.0,111.0,351.4,14.6,42.9,54.5,100.2,324.9
SENSEX,0,DEP_1030_1200,dte_matched,122,26.5,65.8,93.6,133.9,149.6,14.5,45.1,71.2,105.1,142.1
SENSEX,0,DEP_1030_1200,dte_matched_ex2122,122,26.5,65.8,93.6,133.9,149.6,14.5,45.1,71.2,105.1,142.1
SENSEX,0,DEP_1030_1200,all_days,1353,25.5,55.0,69.0,111.0,351.4,14.6,42.9,54.5,100.2,324.9
SENSEX,0,DEP_1300_1400,dte_matched,122,17.9,43.2,57.8,91.4,132.6,11.7,32.9,49.3,67.5,75.4
SENSEX,0,DEP_1300_1400,dte_matched_ex2122,122,17.9,43.2,57.8,91.4,132.6,11.7,32.9,49.3,67.5,75.4
SENSEX,0,DEP_1300_1400,all_days,1352,21.0,47.6,61.0,94.2,198.6,11.6,35.6,49.9,77.8,166.7
SENSEX,0,DEP_1300_1400,dte_matched,122,17.9,43.2,57.8,91.4,132.6,11.7,32.9,49.3,67.5,75.4
SENSEX,0,DEP_1300_1400,dte_matched_ex2122,122,17.9,43.2,57.8,91.4,132.6,11.7,32.9,49.3,67.5,75.4
SENSEX,0,DEP_1300_1400,all_days,1352,21.0,47.6,61.0,94.2,198.6,11.6,35.6,49.9,77.8,166.7
SENSEX,0,DEP_1300_1400,dte_matched,122,17.9,43.2,57.8,91.4,132.6,11.7,32.9,49.3,67.5,75.4
SENSEX,0,DEP_1300_1400,dte_matched_ex2122,122,17.9,43.2,57.8,91.4,132.6,11.7,32.9,49.3,67.5,75.4
SENSEX,0,DEP_1300_1400,all_days,1352,21.0,47.6,61.0,94.2,198.6,11.6,35.6,49.9,77.8,166.7
SENSEX,0,DEP_1300_1520,dte_matched,122,34.2,75.6,87.4,132.6,196.3,18.5,53.1,65.5,96.4,151.9
SENSEX,0,DEP_1300_1520,dte_matched_ex2122,122,34.2,75.6,87.4,132.6,196.3,18.5,53.1,65.5,96.4,151.9
SENSEX,0,DEP_1300_1520,all_days,1352,37.5,81.8,105.1,161.5,316.0,21.8,66.3,85.2,133.5,201.7
SENSEX,0,DEP_1300_1520,dte_matched,122,34.2,75.6,87.4,132.6,196.3,18.5,53.1,65.5,96.4,151.9
SENSEX,0,DEP_1300_1520,dte_matched_ex2122,122,34.2,75.6,87.4,132.6,196.3,18.5,53.1,65.5,96.4,151.9
SENSEX,0,DEP_1300_1520,all_days,1352,37.5,81.8,105.1,161.5,316.0,21.8,66.3,85.2,133.5,201.7
SENSEX,0,DEP_1300_1520,dte_matched,122,34.2,75.6,87.4,132.6,196.3,18.5,53.1,65.5,96.4,151.9
SENSEX,0,DEP_1300_1520,dte_matched_ex2122,122,34.2,75.6,87.4,132.6,196.3,18.5,53.1,65.5,96.4,151.9
SENSEX,0,DEP_1300_1520,all_days,1352,37.5,81.8,105.1,161.5,316.0,21.8,66.3,85.2,133.5,201.7
SENSEX,0,G_09:20_120,dte_matched,122,38.0,83.9,107.1,118.9,122.2,20.0,65.1,72.6,107.1,108.6
SENSEX,0,G_09:20_120,dte_matched_ex2122,122,38.0,83.9,107.1,118.9,122.2,20.0,65.1,72.6,107.1,108.6
SENSEX,0,G_09:20_120,all_days,1353,39.7,80.0,99.5,136.4,354.5,23.2,60.1,80.5,110.4,261.9
SENSEX,0,G_09:20_120,dte_matched,122,38.0,83.9,107.1,118.9,122.2,20.0,65.1,72.6,107.1,108.6
SENSEX,0,G_09:20_120,dte_matched_ex2122,122,38.0,83.9,107.1,118.9,122.2,20.0,65.1,72.6,107.1,108.6
SENSEX,0,G_09:20_120,all_days,1353,39.7,80.0,99.5,136.4,354.5,23.2,60.1,80.5,110.4,261.9
SENSEX,0,G_09:20_120,dte_matched,122,38.0,83.9,107.1,118.9,122.2,20.0,65.1,72.6,107.1,108.6
SENSEX,0,G_09:20_120,dte_matched_ex2122,122,38.0,83.9,107.1,118.9,122.2,20.0,65.1,72.6,107.1,108.6
SENSEX,0,G_09:20_120,all_days,1353,39.7,80.0,99.5,136.4,354.5,23.2,60.1,80.5,110.4,261.9
SENSEX,0,G_09:20_60,dte_matched,122,32.7,61.6,77.1,85.4,88.9,15.5,46.3,62.5,76.5,78.4
SENSEX,0,G_09:20_60,dte_matched_ex2122,122,32.7,61.6,77.1,85.4,88.9,15.5,46.3,62.5,76.5,78.4
SENSEX,0,G_09:20_60,all_days,1353,32.5,64.7,77.5,108.0,186.8,18.6,49.6,61.8,84.0,163.2
SENSEX,0,G_09:20_60,dte_matched,122,32.7,61.6,77.1,85.4,88.9,15.5,46.3,62.5,76.5,78.4
SENSEX,0,G_09:20_60,dte_matched_ex2122,122,32.7,61.6,77.1,85.4,88.9,15.5,46.3,62.5,76.5,78.4
SENSEX,0,G_09:20_60,all_days,1353,32.5,64.7,77.5,108.0,186.8,18.6,49.6,61.8,84.0,163.2
SENSEX,0,G_09:20_60,dte_matched,122,32.7,61.6,77.1,85.4,88.9,15.5,46.3,62.5,76.5,78.4
SENSEX,0,G_09:20_60,dte_matched_ex2122,122,32.7,61.6,77.1,85.4,88.9,15.5,46.3,62.5,76.5,78.4
SENSEX,0,G_09:20_60,all_days,1353,32.5,64.7,77.5,108.0,186.8,18.6,49.6,61.8,84.0,163.2
SENSEX,0,G_09:20_90,dte_matched,122,36.5,77.5,92.3,117.7,122.2,20.5,59.4,76.5,96.8,110.0
SENSEX,0,G_09:20_90,dte_matched_ex2122,122,36.5,77.5,92.3,117.7,122.2,20.5,59.4,76.5,96.8,110.0
SENSEX,0,G_09:20_90,all_days,1353,36.8,75.5,88.9,123.4,186.8,22.3,57.5,72.9,98.5,151.3
SENSEX,0,G_09:20_90,dte_matched,122,36.5,77.5,92.3,117.7,122.2,20.5,59.4,76.5,96.8,110.0
SENSEX,0,G_09:20_90,dte_matched_ex2122,122,36.5,77.5,92.3,117.7,122.2,20.5,59.4,76.5,96.8,110.0
SENSEX,0,G_09:20_90,all_days,1353,36.8,75.5,88.9,123.4,186.8,22.3,57.5,72.9,98.5,151.3
SENSEX,0,G_09:20_90,dte_matched,122,36.5,77.5,92.3,117.7,122.2,20.5,59.4,76.5,96.8,110.0
SENSEX,0,G_09:20_90,dte_matched_ex2122,122,36.5,77.5,92.3,117.7,122.2,20.5,59.4,76.5,96.8,110.0
SENSEX,0,G_09:20_90,all_days,1353,36.8,75.5,88.9,123.4,186.8,22.3,57.5,72.9,98.5,151.3
SENSEX,0,G_09:20_H,dte_matched,122,61.3,142.9,185.7,236.8,262.3,39.2,120.7,149.7,210.9,217.6
SENSEX,0,G_09:20_H,dte_matched_ex2122,122,61.3,142.9,185.7,236.8,262.3,39.2,120.7,149.7,210.9,217.6
SENSEX,0,G_09:20_H,all_days,1353,63.1,131.5,160.3,238.9,634.9,38.4,110.8,135.8,210.9,424.2
SENSEX,0,G_09:20_H,dte_matched,122,61.3,142.9,185.7,236.8,262.3,39.2,120.7,149.7,210.9,217.6
SENSEX,0,G_09:20_H,dte_matched_ex2122,122,61.3,142.9,185.7,236.8,262.3,39.2,120.7,149.7,210.9,217.6
SENSEX,0,G_09:20_H,all_days,1353,63.1,131.5,160.3,238.9,634.9,38.4,110.8,135.8,210.9,424.2
SENSEX,0,G_09:20_H,dte_matched,122,61.3,142.9,185.7,236.8,262.3,39.2,120.7,149.7,210.9,217.6
SENSEX,0,G_09:20_H,dte_matched_ex2122,122,61.3,142.9,185.7,236.8,262.3,39.2,120.7,149.7,210.9,217.6
SENSEX,0,G_09:20_H,all_days,1353,63.1,131.5,160.3,238.9,634.9,38.4,110.8,135.8,210.9,424.2
SENSEX,0,G_09:50_120,dte_matched,122,35.2,69.3,95.6,147.1,162.8,22.9,52.5,66.6,146.1,153.3
SENSEX,0,G_09:50_120,dte_matched_ex2122,122,35.2,69.3,95.6,147.1,162.8,22.9,52.5,66.6,146.1,153.3
SENSEX,0,G_09:50_120,all_days,1353,34.2,71.2,87.4,131.9,324.6,19.3,53.9,67.8,117.3,230.3
SENSEX,0,G_09:50_120,dte_matched,122,35.2,69.3,95.6,147.1,162.8,22.9,52.5,66.6,146.1,153.3
SENSEX,0,G_09:50_120,dte_matched_ex2122,122,35.2,69.3,95.6,147.1,162.8,22.9,52.5,66.6,146.1,153.3
SENSEX,0,G_09:50_120,all_days,1353,34.2,71.2,87.4,131.9,324.6,19.3,53.9,67.8,117.3,230.3
SENSEX,0,G_09:50_120,dte_matched,122,35.2,69.3,95.6,147.1,162.8,22.9,52.5,66.6,146.1,153.3
SENSEX,0,G_09:50_120,dte_matched_ex2122,122,35.2,69.3,95.6,147.1,162.8,22.9,52.5,66.6,146.1,153.3
SENSEX,0,G_09:50_120,all_days,1353,34.2,71.2,87.4,131.9,324.6,19.3,53.9,67.8,117.3,230.3
SENSEX,0,G_09:50_60,dte_matched,122,25.1,57.3,69.3,95.6,124.7,15.4,43.8,54.1,79.4,115.6
SENSEX,0,G_09:50_60,dte_matched_ex2122,122,25.1,57.3,69.3,95.6,124.7,15.4,43.8,54.1,79.4,115.6
SENSEX,0,G_09:50_60,all_days,1353,26.6,54.1,68.0,96.1,192.5,15.3,41.9,53.6,79.4,157.0
SENSEX,0,G_09:50_60,dte_matched,122,25.1,57.3,69.3,95.6,124.7,15.4,43.8,54.1,79.4,115.6
SENSEX,0,G_09:50_60,dte_matched_ex2122,122,25.1,57.3,69.3,95.6,124.7,15.4,43.8,54.1,79.4,115.6
SENSEX,0,G_09:50_60,all_days,1353,26.6,54.1,68.0,96.1,192.5,15.3,41.9,53.6,79.4,157.0
SENSEX,0,G_09:50_60,dte_matched,122,25.1,57.3,69.3,95.6,124.7,15.4,43.8,54.1,79.4,115.6
SENSEX,0,G_09:50_60,dte_matched_ex2122,122,25.1,57.3,69.3,95.6,124.7,15.4,43.8,54.1,79.4,115.6
SENSEX,0,G_09:50_60,all_days,1353,26.6,54.1,68.0,96.1,192.5,15.3,41.9,53.6,79.4,157.0
SENSEX,0,G_09:50_90,dte_matched,122,31.3,64.9,78.1,104.7,150.1,19.3,46.7,55.7,104.7,138.8
SENSEX,0,G_09:50_90,dte_matched_ex2122,122,31.3,64.9,78.1,104.7,150.1,19.3,46.7,55.7,104.7,138.8
SENSEX,0,G_09:50_90,all_days,1353,30.7,65.9,78.3,114.7,324.6,17.3,47.2,62.6,95.6,231.8
SENSEX,0,G_09:50_90,dte_matched,122,31.3,64.9,78.1,104.7,150.1,19.3,46.7,55.7,104.7,138.8
SENSEX,0,G_09:50_90,dte_matched_ex2122,122,31.3,64.9,78.1,104.7,150.1,19.3,46.7,55.7,104.7,138.8
SENSEX,0,G_09:50_90,all_days,1353,30.7,65.9,78.3,114.7,324.6,17.3,47.2,62.6,95.6,231.8
SENSEX,0,G_09:50_90,dte_matched,122,31.3,64.9,78.1,104.7,150.1,19.3,46.7,55.7,104.7,138.8
SENSEX,0,G_09:50_90,dte_matched_ex2122,122,31.3,64.9,78.1,104.7,150.1,19.3,46.7,55.7,104.7,138.8
SENSEX,0,G_09:50_90,all_days,1353,30.7,65.9,78.3,114.7,324.6,17.3,47.2,62.6,95.6,231.8
SENSEX,0,G_09:50_H,dte_matched,122,59.3,133.2,171.4,227.3,258.7,31.1,104.0,141.4,197.2,214.0
SENSEX,0,G_09:50_H,dte_matched_ex2122,122,59.3,133.2,171.4,227.3,258.7,31.1,104.0,141.4,197.2,214.0
SENSEX,0,G_09:50_H,all_days,1353,57.4,122.3,147.6,225.9,605.9,34.1,97.6,127.7,197.2,436.1
SENSEX,0,G_09:50_H,dte_matched,122,59.3,133.2,171.4,227.3,258.7,31.1,104.0,141.4,197.2,214.0
SENSEX,0,G_09:50_H,dte_matched_ex2122,122,59.3,133.2,171.4,227.3,258.7,31.1,104.0,141.4,197.2,214.0
SENSEX,0,G_09:50_H,all_days,1353,57.4,122.3,147.6,225.9,605.9,34.1,97.6,127.7,197.2,436.1
SENSEX,0,G_09:50_H,dte_matched,122,59.3,133.2,171.4,227.3,258.7,31.1,104.0,141.4,197.2,214.0
SENSEX,0,G_09:50_H,dte_matched_ex2122,122,59.3,133.2,171.4,227.3,258.7,31.1,104.0,141.4,197.2,214.0
SENSEX,0,G_09:50_H,all_days,1353,57.4,122.3,147.6,225.9,605.9,34.1,97.6,127.7,197.2,436.1
SENSEX,0,G_10:20_120,dte_matched,122,28.9,75.1,105.8,136.0,143.6,17.0,60.3,74.2,117.5,126.5
SENSEX,0,G_10:20_120,dte_matched_ex2122,122,28.9,75.1,105.8,136.0,143.6,17.0,60.3,74.2,117.5,126.5
SENSEX,0,G_10:20_120,all_days,1353,30.2,64.8,80.2,128.2,518.3,17.0,49.7,64.1,104.0,461.4
SENSEX,0,G_10:20_120,dte_matched,122,28.9,75.1,105.8,136.0,143.6,17.0,60.3,74.2,117.5,126.5
SENSEX,0,G_10:20_120,dte_matched_ex2122,122,28.9,75.1,105.8,136.0,143.6,17.0,60.3,74.2,117.5,126.5
SENSEX,0,G_10:20_120,all_days,1353,30.2,64.8,80.2,128.2,518.3,17.0,49.7,64.1,104.0,461.4
SENSEX,0,G_10:20_120,dte_matched,122,28.9,75.1,105.8,136.0,143.6,17.0,60.3,74.2,117.5,126.5
SENSEX,0,G_10:20_120,dte_matched_ex2122,122,28.9,75.1,105.8,136.0,143.6,17.0,60.3,74.2,117.5,126.5
SENSEX,0,G_10:20_120,all_days,1353,30.2,64.8,80.2,128.2,518.3,17.0,49.7,64.1,104.0,461.4
SENSEX,0,G_10:20_60,dte_matched,122,22.7,55.4,71.9,109.2,118.3,13.7,37.8,57.0,74.0,106.9
SENSEX,0,G_10:20_60,dte_matched_ex2122,122,22.7,55.4,71.9,109.2,118.3,13.7,37.8,57.0,74.0,106.9
SENSEX,0,G_10:20_60,all_days,1353,22.2,48.5,63.2,94.2,313.4,12.2,36.4,47.7,77.2,220.5
SENSEX,0,G_10:20_60,dte_matched,122,22.7,55.4,71.9,109.2,118.3,13.7,37.8,57.0,74.0,106.9
SENSEX,0,G_10:20_60,dte_matched_ex2122,122,22.7,55.4,71.9,109.2,118.3,13.7,37.8,57.0,74.0,106.9
SENSEX,0,G_10:20_60,all_days,1353,22.2,48.5,63.2,94.2,313.4,12.2,36.4,47.7,77.2,220.5
SENSEX,0,G_10:20_60,dte_matched,122,22.7,55.4,71.9,109.2,118.3,13.7,37.8,57.0,74.0,106.9
SENSEX,0,G_10:20_60,dte_matched_ex2122,122,22.7,55.4,71.9,109.2,118.3,13.7,37.8,57.0,74.0,106.9
SENSEX,0,G_10:20_60,all_days,1353,22.2,48.5,63.2,94.2,313.4,12.2,36.4,47.7,77.2,220.5
SENSEX,0,G_10:20_90,dte_matched,122,26.7,65.6,96.6,130.7,131.0,12.3,49.4,73.8,121.5,126.1
SENSEX,0,G_10:20_90,dte_matched_ex2122,122,26.7,65.6,96.6,130.7,131.0,12.3,49.4,73.8,121.5,126.1
SENSEX,0,G_10:20_90,all_days,1353,26.9,57.5,73.1,106.6,313.4,14.1,43.3,54.2,95.2,219.1
SENSEX,0,G_10:20_90,dte_matched,122,26.7,65.6,96.6,130.7,131.0,12.3,49.4,73.8,121.5,126.1
SENSEX,0,G_10:20_90,dte_matched_ex2122,122,26.7,65.6,96.6,130.7,131.0,12.3,49.4,73.8,121.5,126.1
SENSEX,0,G_10:20_90,all_days,1353,26.9,57.5,73.1,106.6,313.4,14.1,43.3,54.2,95.2,219.1
SENSEX,0,G_10:20_90,dte_matched,122,26.7,65.6,96.6,130.7,131.0,12.3,49.4,73.8,121.5,126.1
SENSEX,0,G_10:20_90,dte_matched_ex2122,122,26.7,65.6,96.6,130.7,131.0,12.3,49.4,73.8,121.5,126.1
SENSEX,0,G_10:20_90,all_days,1353,26.9,57.5,73.1,106.6,313.4,14.1,43.3,54.2,95.2,219.1
SENSEX,0,G_10:20_H,dte_matched,122,52.7,124.3,146.8,215.8,262.8,32.5,90.8,130.5,209.0,218.2
SENSEX,0,G_10:20_H,dte_matched_ex2122,122,52.7,124.3,146.8,215.8,262.8,32.5,90.8,130.5,209.0,218.2
SENSEX,0,G_10:20_H,all_days,1353,53.5,115.0,141.9,209.2,595.0,32.0,91.1,117.2,185.5,400.5
SENSEX,0,G_10:20_H,dte_matched,122,52.7,124.3,146.8,215.8,262.8,32.5,90.8,130.5,209.0,218.2
SENSEX,0,G_10:20_H,dte_matched_ex2122,122,52.7,124.3,146.8,215.8,262.8,32.5,90.8,130.5,209.0,218.2
SENSEX,0,G_10:20_H,all_days,1353,53.5,115.0,141.9,209.2,595.0,32.0,91.1,117.2,185.5,400.5
SENSEX,0,G_10:20_H,dte_matched,122,52.7,124.3,146.8,215.8,262.8,32.5,90.8,130.5,209.0,218.2
SENSEX,0,G_10:20_H,dte_matched_ex2122,122,52.7,124.3,146.8,215.8,262.8,32.5,90.8,130.5,209.0,218.2
SENSEX,0,G_10:20_H,all_days,1353,53.5,115.0,141.9,209.2,595.0,32.0,91.1,117.2,185.5,400.5
SENSEX,0,G_10:50_120,dte_matched,122,27.7,79.4,98.3,168.2,175.6,14.9,58.3,81.9,147.0,165.4
SENSEX,0,G_10:50_120,dte_matched_ex2122,122,27.7,79.4,98.3,168.2,175.6,14.9,58.3,81.9,147.0,165.4
SENSEX,0,G_10:50_120,all_days,1353,29.9,63.4,82.4,116.0,531.1,17.1,52.0,65.9,100.0,278.3
SENSEX,0,G_10:50_120,dte_matched,122,27.7,79.4,98.3,168.2,175.6,14.9,58.3,81.9,147.0,165.4
SENSEX,0,G_10:50_120,dte_matched_ex2122,122,27.7,79.4,98.3,168.2,175.6,14.9,58.3,81.9,147.0,165.4
SENSEX,0,G_10:50_120,all_days,1353,29.9,63.4,82.4,116.0,531.1,17.1,52.0,65.9,100.0,278.3
SENSEX,0,G_10:50_120,dte_matched,122,27.7,79.4,98.3,168.2,175.6,14.9,58.3,81.9,147.0,165.4
SENSEX,0,G_10:50_120,dte_matched_ex2122,122,27.7,79.4,98.3,168.2,175.6,14.9,58.3,81.9,147.0,165.4
SENSEX,0,G_10:50_120,all_days,1353,29.9,63.4,82.4,116.0,531.1,17.1,52.0,65.9,100.0,278.3
SENSEX,0,G_10:50_60,dte_matched,122,20.3,47.7,71.7,120.0,131.4,11.5,43.8,60.4,79.3,87.9
SENSEX,0,G_10:50_60,dte_matched_ex2122,122,20.3,47.7,71.7,120.0,131.4,11.5,43.8,60.4,79.3,87.9
SENSEX,0,G_10:50_60,all_days,1353,20.6,45.4,55.1,92.2,247.5,11.1,35.8,45.1,72.3,152.5
SENSEX,0,G_10:50_60,dte_matched,122,20.3,47.7,71.7,120.0,131.4,11.5,43.8,60.4,79.3,87.9
SENSEX,0,G_10:50_60,dte_matched_ex2122,122,20.3,47.7,71.7,120.0,131.4,11.5,43.8,60.4,79.3,87.9
SENSEX,0,G_10:50_60,all_days,1353,20.6,45.4,55.1,92.2,247.5,11.1,35.8,45.1,72.3,152.5
SENSEX,0,G_10:50_60,dte_matched,122,20.3,47.7,71.7,120.0,131.4,11.5,43.8,60.4,79.3,87.9
SENSEX,0,G_10:50_60,dte_matched_ex2122,122,20.3,47.7,71.7,120.0,131.4,11.5,43.8,60.4,79.3,87.9
SENSEX,0,G_10:50_60,all_days,1353,20.6,45.4,55.1,92.2,247.5,11.1,35.8,45.1,72.3,152.5
SENSEX,0,G_10:50_90,dte_matched,122,23.2,64.7,96.7,131.4,161.5,13.0,50.7,62.1,115.4,158.5
SENSEX,0,G_10:50_90,dte_matched_ex2122,122,23.2,64.7,96.7,131.4,161.5,13.0,50.7,62.1,115.4,158.5
SENSEX,0,G_10:50_90,all_days,1353,25.1,55.0,68.4,104.7,453.8,14.7,41.4,54.5,90.1,396.5
SENSEX,0,G_10:50_90,dte_matched,122,23.2,64.7,96.7,131.4,161.5,13.0,50.7,62.1,115.4,158.5
SENSEX,0,G_10:50_90,dte_matched_ex2122,122,23.2,64.7,96.7,131.4,161.5,13.0,50.7,62.1,115.4,158.5
SENSEX,0,G_10:50_90,all_days,1353,25.1,55.0,68.4,104.7,453.8,14.7,41.4,54.5,90.1,396.5
SENSEX,0,G_10:50_90,dte_matched,122,23.2,64.7,96.7,131.4,161.5,13.0,50.7,62.1,115.4,158.5
SENSEX,0,G_10:50_90,dte_matched_ex2122,122,23.2,64.7,96.7,131.4,161.5,13.0,50.7,62.1,115.4,158.5
SENSEX,0,G_10:50_90,all_days,1353,25.1,55.0,68.4,104.7,453.8,14.7,41.4,54.5,90.1,396.5
SENSEX,0,G_10:50_H,dte_matched,122,47.5,126.6,145.5,248.1,271.4,25.8,93.1,124.2,226.6,241.2
SENSEX,0,G_10:50_H,dte_matched_ex2122,122,47.5,126.6,145.5,248.1,271.4,25.8,93.1,124.2,226.6,241.2
SENSEX,0,G_10:50_H,all_days,1353,50.4,106.9,137.8,194.9,531.1,30.2,87.9,115.8,178.0,374.0
SENSEX,0,G_10:50_H,dte_matched,122,47.5,126.6,145.5,248.1,271.4,25.8,93.1,124.2,226.6,241.2
SENSEX,0,G_10:50_H,dte_matched_ex2122,122,47.5,126.6,145.5,248.1,271.4,25.8,93.1,124.2,226.6,241.2
SENSEX,0,G_10:50_H,all_days,1353,50.4,106.9,137.8,194.9,531.1,30.2,87.9,115.8,178.0,374.0
SENSEX,0,G_10:50_H,dte_matched,122,47.5,126.6,145.5,248.1,271.4,25.8,93.1,124.2,226.6,241.2
SENSEX,0,G_10:50_H,dte_matched_ex2122,122,47.5,126.6,145.5,248.1,271.4,25.8,93.1,124.2,226.6,241.2
SENSEX,0,G_10:50_H,all_days,1353,50.4,106.9,137.8,194.9,531.1,30.2,87.9,115.8,178.0,374.0
SENSEX,0,G_11:20_120,dte_matched,122,26.0,81.5,95.3,129.8,161.2,15.4,70.5,84.5,118.4,122.6
SENSEX,0,G_11:20_120,dte_matched_ex2122,122,26.0,81.5,95.3,129.8,161.2,15.4,70.5,84.5,118.4,122.6
SENSEX,0,G_11:20_120,all_days,1353,28.8,66.2,83.1,116.8,383.0,16.1,52.1,67.2,97.9,217.9
SENSEX,0,G_11:20_120,dte_matched,122,26.0,81.5,95.3,129.8,161.2,15.4,70.5,84.5,118.4,122.6
SENSEX,0,G_11:20_120,dte_matched_ex2122,122,26.0,81.5,95.3,129.8,161.2,15.4,70.5,84.5,118.4,122.6
SENSEX,0,G_11:20_120,all_days,1353,28.8,66.2,83.1,116.8,383.0,16.1,52.1,67.2,97.9,217.9
SENSEX,0,G_11:20_120,dte_matched,122,26.0,81.5,95.3,129.8,161.2,15.4,70.5,84.5,118.4,122.6
SENSEX,0,G_11:20_120,dte_matched_ex2122,122,26.0,81.5,95.3,129.8,161.2,15.4,70.5,84.5,118.4,122.6
SENSEX,0,G_11:20_120,all_days,1353,28.8,66.2,83.1,116.8,383.0,16.1,52.1,67.2,97.9,217.9
SENSEX,0,G_11:20_60,dte_matched,122,18.9,49.8,66.9,123.2,129.8,10.3,33.2,43.3,71.8,120.3
SENSEX,0,G_11:20_60,dte_matched_ex2122,122,18.9,49.8,66.9,123.2,129.8,10.3,33.2,43.3,71.8,120.3
SENSEX,0,G_11:20_60,all_days,1353,19.4,43.9,56.1,79.9,304.5,11.7,32.6,42.4,66.2,246.3
SENSEX,0,G_11:20_60,dte_matched,122,18.9,49.8,66.9,123.2,129.8,10.3,33.2,43.3,71.8,120.3
SENSEX,0,G_11:20_60,dte_matched_ex2122,122,18.9,49.8,66.9,123.2,129.8,10.3,33.2,43.3,71.8,120.3
SENSEX,0,G_11:20_60,all_days,1353,19.4,43.9,56.1,79.9,304.5,11.7,32.6,42.4,66.2,246.3
SENSEX,0,G_11:20_60,dte_matched,122,18.9,49.8,66.9,123.2,129.8,10.3,33.2,43.3,71.8,120.3
SENSEX,0,G_11:20_60,dte_matched_ex2122,122,18.9,49.8,66.9,123.2,129.8,10.3,33.2,43.3,71.8,120.3
SENSEX,0,G_11:20_60,all_days,1353,19.4,43.9,56.1,79.9,304.5,11.7,32.6,42.4,66.2,246.3
SENSEX,0,G_11:20_90,dte_matched,122,24.2,68.5,87.9,129.8,129.9,13.8,60.7,73.6,108.9,119.3
SENSEX,0,G_11:20_90,dte_matched_ex2122,122,24.2,68.5,87.9,129.8,129.9,13.8,60.7,73.6,108.9,119.3
SENSEX,0,G_11:20_90,all_days,1353,25.0,56.2,69.6,98.8,383.0,13.8,44.2,58.1,86.7,126.8
SENSEX,0,G_11:20_90,dte_matched,122,24.2,68.5,87.9,129.8,129.9,13.8,60.7,73.6,108.9,119.3
SENSEX,0,G_11:20_90,dte_matched_ex2122,122,24.2,68.5,87.9,129.8,129.9,13.8,60.7,73.6,108.9,119.3
SENSEX,0,G_11:20_90,all_days,1353,25.0,56.2,69.6,98.8,383.0,13.8,44.2,58.1,86.7,126.8
SENSEX,0,G_11:20_90,dte_matched,122,24.2,68.5,87.9,129.8,129.9,13.8,60.7,73.6,108.9,119.3
SENSEX,0,G_11:20_90,dte_matched_ex2122,122,24.2,68.5,87.9,129.8,129.9,13.8,60.7,73.6,108.9,119.3
SENSEX,0,G_11:20_90,all_days,1353,25.0,56.2,69.6,98.8,383.0,13.8,44.2,58.1,86.7,126.8
SENSEX,0,G_11:20_H,dte_matched,122,44.7,120.2,136.7,209.5,268.6,25.2,91.6,124.0,202.7,223.9
SENSEX,0,G_11:20_H,dte_matched_ex2122,122,44.7,120.2,136.7,209.5,268.6,25.2,91.6,124.0,202.7,223.9
SENSEX,0,G_11:20_H,all_days,1353,47.7,106.2,130.7,188.7,383.0,27.8,83.9,109.1,157.9,352.9
SENSEX,0,G_11:20_H,dte_matched,122,44.7,120.2,136.7,209.5,268.6,25.2,91.6,124.0,202.7,223.9
SENSEX,0,G_11:20_H,dte_matched_ex2122,122,44.7,120.2,136.7,209.5,268.6,25.2,91.6,124.0,202.7,223.9
SENSEX,0,G_11:20_H,all_days,1353,47.7,106.2,130.7,188.7,383.0,27.8,83.9,109.1,157.9,352.9
SENSEX,0,G_11:20_H,dte_matched,122,44.7,120.2,136.7,209.5,268.6,25.2,91.6,124.0,202.7,223.9
SENSEX,0,G_11:20_H,dte_matched_ex2122,122,44.7,120.2,136.7,209.5,268.6,25.2,91.6,124.0,202.7,223.9
SENSEX,0,G_11:20_H,all_days,1353,47.7,106.2,130.7,188.7,383.0,27.8,83.9,109.1,157.9,352.9
SENSEX,0,G_11:50_120,dte_matched,122,25.3,74.6,114.5,143.0,157.8,15.5,62.8,83.6,131.8,153.2
SENSEX,0,G_11:50_120,dte_matched_ex2122,122,25.3,74.6,114.5,143.0,157.8,15.5,62.8,83.6,131.8,153.2
SENSEX,0,G_11:50_120,all_days,1352,28.7,66.3,83.9,134.4,384.4,15.9,52.3,65.8,105.9,230.8
SENSEX,0,G_11:50_120,dte_matched,122,25.3,74.6,114.5,143.0,157.8,15.5,62.8,83.6,131.8,153.2
SENSEX,0,G_11:50_120,dte_matched_ex2122,122,25.3,74.6,114.5,143.0,157.8,15.5,62.8,83.6,131.8,153.2
SENSEX,0,G_11:50_120,all_days,1352,28.7,66.3,83.9,134.4,384.4,15.9,52.3,65.8,105.9,230.8
SENSEX,0,G_11:50_120,dte_matched,122,25.3,74.6,114.5,143.0,157.8,15.5,62.8,83.6,131.8,153.2
SENSEX,0,G_11:50_120,dte_matched_ex2122,122,25.3,74.6,114.5,143.0,157.8,15.5,62.8,83.6,131.8,153.2
SENSEX,0,G_11:50_120,all_days,1352,28.7,66.3,83.9,134.4,384.4,15.9,52.3,65.8,105.9,230.8
SENSEX,0,G_11:50_60,dte_matched,122,17.8,50.7,72.0,123.8,127.2,11.1,45.8,58.5,104.8,117.1
SENSEX,0,G_11:50_60,dte_matched_ex2122,122,17.8,50.7,72.0,123.8,127.2,11.1,45.8,58.5,104.8,117.1
SENSEX,0,G_11:50_60,all_days,1352,20.5,45.8,58.1,87.8,384.4,11.6,34.5,48.0,79.6,127.7
SENSEX,0,G_11:50_60,dte_matched,122,17.8,50.7,72.0,123.8,127.2,11.1,45.8,58.5,104.8,117.1
SENSEX,0,G_11:50_60,dte_matched_ex2122,122,17.8,50.7,72.0,123.8,127.2,11.1,45.8,58.5,104.8,117.1
SENSEX,0,G_11:50_60,all_days,1352,20.5,45.8,58.1,87.8,384.4,11.6,34.5,48.0,79.6,127.7
SENSEX,0,G_11:50_60,dte_matched,122,17.8,50.7,72.0,123.8,127.2,11.1,45.8,58.5,104.8,117.1
SENSEX,0,G_11:50_60,dte_matched_ex2122,122,17.8,50.7,72.0,123.8,127.2,11.1,45.8,58.5,104.8,117.1
SENSEX,0,G_11:50_60,all_days,1352,20.5,45.8,58.1,87.8,384.4,11.6,34.5,48.0,79.6,127.7
SENSEX,0,G_11:50_90,dte_matched,122,23.4,61.6,83.0,127.2,130.4,12.9,48.3,75.6,116.2,122.3
SENSEX,0,G_11:50_90,dte_matched_ex2122,122,23.4,61.6,83.0,127.2,130.4,12.9,48.3,75.6,116.2,122.3
SENSEX,0,G_11:50_90,all_days,1352,24.4,57.2,72.0,116.1,384.4,13.5,44.2,60.5,92.5,152.6
SENSEX,0,G_11:50_90,dte_matched,122,23.4,61.6,83.0,127.2,130.4,12.9,48.3,75.6,116.2,122.3
SENSEX,0,G_11:50_90,dte_matched_ex2122,122,23.4,61.6,83.0,127.2,130.4,12.9,48.3,75.6,116.2,122.3
SENSEX,0,G_11:50_90,all_days,1352,24.4,57.2,72.0,116.1,384.4,13.5,44.2,60.5,92.5,152.6
SENSEX,0,G_11:50_90,dte_matched,122,23.4,61.6,83.0,127.2,130.4,12.9,48.3,75.6,116.2,122.3
SENSEX,0,G_11:50_90,dte_matched_ex2122,122,23.4,61.6,83.0,127.2,130.4,12.9,48.3,75.6,116.2,122.3
SENSEX,0,G_11:50_90,all_days,1352,24.4,57.2,72.0,116.1,384.4,13.5,44.2,60.5,92.5,152.6
SENSEX,0,G_11:50_H,dte_matched,122,38.7,109.3,135.8,188.1,258.3,20.3,72.7,122.9,171.8,213.7
SENSEX,0,G_11:50_H,dte_matched_ex2122,122,38.7,109.3,135.8,188.1,258.3,20.3,72.7,122.9,171.8,213.7
SENSEX,0,G_11:50_H,all_days,1352,43.3,100.6,124.3,185.4,384.4,25.9,80.3,105.6,156.1,286.7
SENSEX,0,G_11:50_H,dte_matched,122,38.7,109.3,135.8,188.1,258.3,20.3,72.7,122.9,171.8,213.7
SENSEX,0,G_11:50_H,dte_matched_ex2122,122,38.7,109.3,135.8,188.1,258.3,20.3,72.7,122.9,171.8,213.7
SENSEX,0,G_11:50_H,all_days,1352,43.3,100.6,124.3,185.4,384.4,25.9,80.3,105.6,156.1,286.7
SENSEX,0,G_11:50_H,dte_matched,122,38.7,109.3,135.8,188.1,258.3,20.3,72.7,122.9,171.8,213.7
SENSEX,0,G_11:50_H,dte_matched_ex2122,122,38.7,109.3,135.8,188.1,258.3,20.3,72.7,122.9,171.8,213.7
SENSEX,0,G_11:50_H,all_days,1352,43.3,100.6,124.3,185.4,384.4,25.9,80.3,105.6,156.1,286.7
SENSEX,0,G_12:20_120,dte_matched,122,28.9,69.4,113.8,173.3,190.5,13.1,56.2,93.3,173.3,185.9
SENSEX,0,G_12:20_120,dte_matched_ex2122,122,28.9,69.4,113.8,173.3,190.5,13.1,56.2,93.3,173.3,185.9
SENSEX,0,G_12:20_120,all_days,1352,30.0,70.3,90.0,139.3,303.8,16.3,56.2,71.0,122.4,271.6
SENSEX,0,G_12:20_120,dte_matched,122,28.9,69.4,113.8,173.3,190.5,13.1,56.2,93.3,173.3,185.9
SENSEX,0,G_12:20_120,dte_matched_ex2122,122,28.9,69.4,113.8,173.3,190.5,13.1,56.2,93.3,173.3,185.9
SENSEX,0,G_12:20_120,all_days,1352,30.0,70.3,90.0,139.3,303.8,16.3,56.2,71.0,122.4,271.6
SENSEX,0,G_12:20_120,dte_matched,122,28.9,69.4,113.8,173.3,190.5,13.1,56.2,93.3,173.3,185.9
SENSEX,0,G_12:20_120,dte_matched_ex2122,122,28.9,69.4,113.8,173.3,190.5,13.1,56.2,93.3,173.3,185.9
SENSEX,0,G_12:20_120,all_days,1352,30.0,70.3,90.0,139.3,303.8,16.3,56.2,71.0,122.4,271.6
SENSEX,0,G_12:20_60,dte_matched,122,18.8,52.0,61.5,108.6,154.6,10.2,41.0,51.8,99.5,152.7
SENSEX,0,G_12:20_60,dte_matched_ex2122,122,18.8,52.0,61.5,108.6,154.6,10.2,41.0,51.8,99.5,152.7
SENSEX,0,G_12:20_60,all_days,1352,19.4,44.4,57.9,95.6,223.6,10.4,33.9,46.1,79.5,209.3
SENSEX,0,G_12:20_60,dte_matched,122,18.8,52.0,61.5,108.6,154.6,10.2,41.0,51.8,99.5,152.7
SENSEX,0,G_12:20_60,dte_matched_ex2122,122,18.8,52.0,61.5,108.6,154.6,10.2,41.0,51.8,99.5,152.7
SENSEX,0,G_12:20_60,all_days,1352,19.4,44.4,57.9,95.6,223.6,10.4,33.9,46.1,79.5,209.3
SENSEX,0,G_12:20_60,dte_matched,122,18.8,52.0,61.5,108.6,154.6,10.2,41.0,51.8,99.5,152.7
SENSEX,0,G_12:20_60,dte_matched_ex2122,122,18.8,52.0,61.5,108.6,154.6,10.2,41.0,51.8,99.5,152.7
SENSEX,0,G_12:20_60,all_days,1352,19.4,44.4,57.9,95.6,223.6,10.4,33.9,46.1,79.5,209.3
SENSEX,0,G_12:20_90,dte_matched,122,22.3,64.4,77.7,136.4,170.1,11.9,53.9,69.4,125.1,152.9
SENSEX,0,G_12:20_90,dte_matched_ex2122,122,22.3,64.4,77.7,136.4,170.1,11.9,53.9,69.4,125.1,152.9
SENSEX,0,G_12:20_90,all_days,1352,24.9,57.4,71.0,119.2,303.8,13.6,44.5,57.8,95.9,288.0
SENSEX,0,G_12:20_90,dte_matched,122,22.3,64.4,77.7,136.4,170.1,11.9,53.9,69.4,125.1,152.9
SENSEX,0,G_12:20_90,dte_matched_ex2122,122,22.3,64.4,77.7,136.4,170.1,11.9,53.9,69.4,125.1,152.9
SENSEX,0,G_12:20_90,all_days,1352,24.9,57.4,71.0,119.2,303.8,13.6,44.5,57.8,95.9,288.0
SENSEX,0,G_12:20_90,dte_matched,122,22.3,64.4,77.7,136.4,170.1,11.9,53.9,69.4,125.1,152.9
SENSEX,0,G_12:20_90,dte_matched_ex2122,122,22.3,64.4,77.7,136.4,170.1,11.9,53.9,69.4,125.1,152.9
SENSEX,0,G_12:20_90,all_days,1352,24.9,57.4,71.0,119.2,303.8,13.6,44.5,57.8,95.9,288.0
SENSEX,0,G_12:20_H,dte_matched,122,36.8,93.0,119.2,197.0,251.6,20.1,75.5,95.0,170.6,206.9
SENSEX,0,G_12:20_H,dte_matched_ex2122,122,36.8,93.0,119.2,197.0,251.6,20.1,75.5,95.0,170.6,206.9
SENSEX,0,G_12:20_H,all_days,1352,40.9,93.1,115.3,176.4,359.3,24.0,77.2,95.0,153.2,344.2
SENSEX,0,G_12:20_H,dte_matched,122,36.8,93.0,119.2,197.0,251.6,20.1,75.5,95.0,170.6,206.9
SENSEX,0,G_12:20_H,dte_matched_ex2122,122,36.8,93.0,119.2,197.0,251.6,20.1,75.5,95.0,170.6,206.9
SENSEX,0,G_12:20_H,all_days,1352,40.9,93.1,115.3,176.4,359.3,24.0,77.2,95.0,153.2,344.2
SENSEX,0,G_12:20_H,dte_matched,122,36.8,93.0,119.2,197.0,251.6,20.1,75.5,95.0,170.6,206.9
SENSEX,0,G_12:20_H,dte_matched_ex2122,122,36.8,93.0,119.2,197.0,251.6,20.1,75.5,95.0,170.6,206.9
SENSEX,0,G_12:20_H,all_days,1352,40.9,93.1,115.3,176.4,359.3,24.0,77.2,95.0,153.2,344.2
SENSEX,0,G_12:50_120,dte_matched,122,28.4,60.4,91.1,134.6,166.3,15.9,47.6,64.6,102.7,131.0
SENSEX,0,G_12:50_120,dte_matched_ex2122,122,28.4,60.4,91.1,134.6,166.3,15.9,47.6,64.6,102.7,131.0
SENSEX,0,G_12:50_120,all_days,1352,31.2,71.7,90.9,145.2,289.9,17.5,55.8,74.1,130.9,289.1
SENSEX,0,G_12:50_120,dte_matched,122,28.4,60.4,91.1,134.6,166.3,15.9,47.6,64.6,102.7,131.0
SENSEX,0,G_12:50_120,dte_matched_ex2122,122,28.4,60.4,91.1,134.6,166.3,15.9,47.6,64.6,102.7,131.0
SENSEX,0,G_12:50_120,all_days,1352,31.2,71.7,90.9,145.2,289.9,17.5,55.8,74.1,130.9,289.1
SENSEX,0,G_12:50_120,dte_matched,122,28.4,60.4,91.1,134.6,166.3,15.9,47.6,64.6,102.7,131.0
SENSEX,0,G_12:50_120,dte_matched_ex2122,122,28.4,60.4,91.1,134.6,166.3,15.9,47.6,64.6,102.7,131.0
SENSEX,0,G_12:50_120,all_days,1352,31.2,71.7,90.9,145.2,289.9,17.5,55.8,74.1,130.9,289.1
SENSEX,0,G_12:50_60,dte_matched,122,18.8,41.2,63.0,97.4,134.6,11.2,35.3,57.3,83.8,87.4
SENSEX,0,G_12:50_60,dte_matched_ex2122,122,18.8,41.2,63.0,97.4,134.6,11.2,35.3,57.3,83.8,87.4
SENSEX,0,G_12:50_60,all_days,1352,20.7,46.1,59.6,95.0,220.9,11.3,36.8,48.6,75.4,205.2
SENSEX,0,G_12:50_60,dte_matched,122,18.8,41.2,63.0,97.4,134.6,11.2,35.3,57.3,83.8,87.4
SENSEX,0,G_12:50_60,dte_matched_ex2122,122,18.8,41.2,63.0,97.4,134.6,11.2,35.3,57.3,83.8,87.4
SENSEX,0,G_12:50_60,all_days,1352,20.7,46.1,59.6,95.0,220.9,11.3,36.8,48.6,75.4,205.2
SENSEX,0,G_12:50_60,dte_matched,122,18.8,41.2,63.0,97.4,134.6,11.2,35.3,57.3,83.8,87.4
SENSEX,0,G_12:50_60,dte_matched_ex2122,122,18.8,41.2,63.0,97.4,134.6,11.2,35.3,57.3,83.8,87.4
SENSEX,0,G_12:50_60,all_days,1352,20.7,46.1,59.6,95.0,220.9,11.3,36.8,48.6,75.4,205.2
SENSEX,0,G_12:50_90,dte_matched,122,22.7,58.8,80.8,134.6,149.0,12.3,41.0,55.9,93.1,144.4
SENSEX,0,G_12:50_90,dte_matched_ex2122,122,22.7,58.8,80.8,134.6,149.0,12.3,41.0,55.9,93.1,144.4
SENSEX,0,G_12:50_90,all_days,1352,25.9,59.9,76.5,125.3,220.9,14.1,48.3,61.6,98.5,192.3
SENSEX,0,G_12:50_90,dte_matched,122,22.7,58.8,80.8,134.6,149.0,12.3,41.0,55.9,93.1,144.4
SENSEX,0,G_12:50_90,dte_matched_ex2122,122,22.7,58.8,80.8,134.6,149.0,12.3,41.0,55.9,93.1,144.4
SENSEX,0,G_12:50_90,all_days,1352,25.9,59.9,76.5,125.3,220.9,14.1,48.3,61.6,98.5,192.3
SENSEX,0,G_12:50_90,dte_matched,122,22.7,58.8,80.8,134.6,149.0,12.3,41.0,55.9,93.1,144.4
SENSEX,0,G_12:50_90,dte_matched_ex2122,122,22.7,58.8,80.8,134.6,149.0,12.3,41.0,55.9,93.1,144.4
SENSEX,0,G_12:50_90,all_days,1352,25.9,59.9,76.5,125.3,220.9,14.1,48.3,61.6,98.5,192.3
SENSEX,0,G_12:50_H,dte_matched,122,34.7,78.2,94.0,134.6,209.8,16.4,59.2,71.1,100.1,165.3
SENSEX,0,G_12:50_H,dte_matched_ex2122,122,34.7,78.2,94.0,134.6,209.8,16.4,59.2,71.1,100.1,165.3
SENSEX,0,G_12:50_H,all_days,1352,37.1,86.1,107.5,167.7,299.5,22.4,68.0,86.3,140.4,260.9
SENSEX,0,G_12:50_H,dte_matched,122,34.7,78.2,94.0,134.6,209.8,16.4,59.2,71.1,100.1,165.3
SENSEX,0,G_12:50_H,dte_matched_ex2122,122,34.7,78.2,94.0,134.6,209.8,16.4,59.2,71.1,100.1,165.3
SENSEX,0,G_12:50_H,all_days,1352,37.1,86.1,107.5,167.7,299.5,22.4,68.0,86.3,140.4,260.9
SENSEX,0,G_12:50_H,dte_matched,122,34.7,78.2,94.0,134.6,209.8,16.4,59.2,71.1,100.1,165.3
SENSEX,0,G_12:50_H,dte_matched_ex2122,122,34.7,78.2,94.0,134.6,209.8,16.4,59.2,71.1,100.1,165.3
SENSEX,0,G_12:50_H,all_days,1352,37.1,86.1,107.5,167.7,299.5,22.4,68.0,86.3,140.4,260.9
SENSEX,0,G_13:20_120,dte_matched,122,31.8,69.9,85.9,139.7,193.7,16.4,45.4,66.1,83.2,149.3
SENSEX,0,G_13:20_120,dte_matched_ex2122,122,31.8,69.9,85.9,139.7,193.7,16.4,45.4,66.1,83.2,149.3
SENSEX,0,G_13:20_120,all_days,1352,34.9,78.5,99.1,147.0,273.4,20.1,62.4,80.6,128.6,191.8
SENSEX,0,G_13:20_120,dte_matched,122,31.8,69.9,85.9,139.7,193.7,16.4,45.4,66.1,83.2,149.3
SENSEX,0,G_13:20_120,dte_matched_ex2122,122,31.8,69.9,85.9,139.7,193.7,16.4,45.4,66.1,83.2,149.3
SENSEX,0,G_13:20_120,all_days,1352,34.9,78.5,99.1,147.0,273.4,20.1,62.4,80.6,128.6,191.8
SENSEX,0,G_13:20_120,dte_matched,122,31.8,69.9,85.9,139.7,193.7,16.4,45.4,66.1,83.2,149.3
SENSEX,0,G_13:20_120,dte_matched_ex2122,122,31.8,69.9,85.9,139.7,193.7,16.4,45.4,66.1,83.2,149.3
SENSEX,0,G_13:20_120,all_days,1352,34.9,78.5,99.1,147.0,273.4,20.1,62.4,80.6,128.6,191.8
SENSEX,0,G_13:20_60,dte_matched,122,17.9,46.6,74.5,133.0,139.7,11.4,30.7,44.8,76.1,128.4
SENSEX,0,G_13:20_60,dte_matched_ex2122,122,17.9,46.6,74.5,133.0,139.7,11.4,30.7,44.8,76.1,128.4
SENSEX,0,G_13:20_60,all_days,1352,22.3,50.6,66.2,110.2,153.8,12.3,39.2,51.6,86.7,139.3
SENSEX,0,G_13:20_60,dte_matched,122,17.9,46.6,74.5,133.0,139.7,11.4,30.7,44.8,76.1,128.4
SENSEX,0,G_13:20_60,dte_matched_ex2122,122,17.9,46.6,74.5,133.0,139.7,11.4,30.7,44.8,76.1,128.4
SENSEX,0,G_13:20_60,all_days,1352,22.3,50.6,66.2,110.2,153.8,12.3,39.2,51.6,86.7,139.3
SENSEX,0,G_13:20_60,dte_matched,122,17.9,46.6,74.5,133.0,139.7,11.4,30.7,44.8,76.1,128.4
SENSEX,0,G_13:20_60,dte_matched_ex2122,122,17.9,46.6,74.5,133.0,139.7,11.4,30.7,44.8,76.1,128.4
SENSEX,0,G_13:20_60,all_days,1352,22.3,50.6,66.2,110.2,153.8,12.3,39.2,51.6,86.7,139.3
SENSEX,0,G_13:20_90,dte_matched,122,23.4,54.5,74.6,139.7,150.3,12.4,39.1,51.3,85.7,115.0
SENSEX,0,G_13:20_90,dte_matched_ex2122,122,23.4,54.5,74.6,139.7,150.3,12.4,39.1,51.3,85.7,115.0
SENSEX,0,G_13:20_90,all_days,1352,27.5,64.7,81.3,132.0,263.7,15.0,49.9,63.7,115.0,262.9
SENSEX,0,G_13:20_90,dte_matched,122,23.4,54.5,74.6,139.7,150.3,12.4,39.1,51.3,85.7,115.0
SENSEX,0,G_13:20_90,dte_matched_ex2122,122,23.4,54.5,74.6,139.7,150.3,12.4,39.1,51.3,85.7,115.0
SENSEX,0,G_13:20_90,all_days,1352,27.5,64.7,81.3,132.0,263.7,15.0,49.9,63.7,115.0,262.9
SENSEX,0,G_13:20_90,dte_matched,122,23.4,54.5,74.6,139.7,150.3,12.4,39.1,51.3,85.7,115.0
SENSEX,0,G_13:20_90,dte_matched_ex2122,122,23.4,54.5,74.6,139.7,150.3,12.4,39.1,51.3,85.7,115.0
SENSEX,0,G_13:20_90,all_days,1352,27.5,64.7,81.3,132.0,263.7,15.0,49.9,63.7,115.0,262.9
SENSEX,0,G_13:20_H,dte_matched,122,31.8,69.9,85.9,139.7,193.7,16.4,45.4,66.1,83.2,149.3
SENSEX,0,G_13:20_H,dte_matched_ex2122,122,31.8,69.9,85.9,139.7,193.7,16.4,45.4,66.1,83.2,149.3
SENSEX,0,G_13:20_H,all_days,1352,34.9,78.5,99.1,147.0,273.4,20.1,62.4,80.6,128.6,191.8
SENSEX,0,G_13:20_H,dte_matched,122,31.8,69.9,85.9,139.7,193.7,16.4,45.4,66.1,83.2,149.3
SENSEX,0,G_13:20_H,dte_matched_ex2122,122,31.8,69.9,85.9,139.7,193.7,16.4,45.4,66.1,83.2,149.3
SENSEX,0,G_13:20_H,all_days,1352,34.9,78.5,99.1,147.0,273.4,20.1,62.4,80.6,128.6,191.8
SENSEX,0,G_13:20_H,dte_matched,122,31.8,69.9,85.9,139.7,193.7,16.4,45.4,66.1,83.2,149.3
SENSEX,0,G_13:20_H,dte_matched_ex2122,122,31.8,69.9,85.9,139.7,193.7,16.4,45.4,66.1,83.2,149.3
SENSEX,0,G_13:20_H,all_days,1352,34.9,78.5,99.1,147.0,273.4,20.1,62.4,80.6,128.6,191.8
SENSEX,0,G_13:50_120,dte_matched,122,26.6,59.9,77.1,124.9,126.1,13.7,42.9,59.6,80.8,91.6
SENSEX,0,G_13:50_120,dte_matched_ex2122,122,26.6,59.9,77.1,124.9,126.1,13.7,42.9,59.6,80.8,91.6
SENSEX,0,G_13:50_120,all_days,1353,30.4,69.6,82.9,124.9,205.1,17.3,56.5,69.1,106.8,194.0
SENSEX,0,G_13:50_120,dte_matched,122,26.6,59.9,77.1,124.9,126.1,13.7,42.9,59.6,80.8,91.6
SENSEX,0,G_13:50_120,dte_matched_ex2122,122,26.6,59.9,77.1,124.9,126.1,13.7,42.9,59.6,80.8,91.6
SENSEX,0,G_13:50_120,all_days,1353,30.4,69.6,82.9,124.9,205.1,17.3,56.5,69.1,106.8,194.0
SENSEX,0,G_13:50_120,dte_matched,122,26.6,59.9,77.1,124.9,126.1,13.7,42.9,59.6,80.8,91.6
SENSEX,0,G_13:50_120,dte_matched_ex2122,122,26.6,59.9,77.1,124.9,126.1,13.7,42.9,59.6,80.8,91.6
SENSEX,0,G_13:50_120,all_days,1353,30.4,69.6,82.9,124.9,205.1,17.3,56.5,69.1,106.8,194.0
SENSEX,0,G_13:50_60,dte_matched,122,19.1,45.9,58.1,81.8,126.1,9.7,29.8,46.8,74.2,104.4
SENSEX,0,G_13:50_60,dte_matched_ex2122,122,19.1,45.9,58.1,81.8,126.1,9.7,29.8,46.8,74.2,104.4
SENSEX,0,G_13:50_60,all_days,1353,23.0,51.4,66.1,105.0,187.6,12.5,39.7,51.3,86.1,186.8
SENSEX,0,G_13:50_60,dte_matched,122,19.1,45.9,58.1,81.8,126.1,9.7,29.8,46.8,74.2,104.4
SENSEX,0,G_13:50_60,dte_matched_ex2122,122,19.1,45.9,58.1,81.8,126.1,9.7,29.8,46.8,74.2,104.4
SENSEX,0,G_13:50_60,all_days,1353,23.0,51.4,66.1,105.0,187.6,12.5,39.7,51.3,86.1,186.8
SENSEX,0,G_13:50_60,dte_matched,122,19.1,45.9,58.1,81.8,126.1,9.7,29.8,46.8,74.2,104.4
SENSEX,0,G_13:50_60,dte_matched_ex2122,122,19.1,45.9,58.1,81.8,126.1,9.7,29.8,46.8,74.2,104.4
SENSEX,0,G_13:50_60,all_days,1353,23.0,51.4,66.1,105.0,187.6,12.5,39.7,51.3,86.1,186.8
SENSEX,0,G_13:50_90,dte_matched,122,26.6,59.9,77.1,124.9,126.1,13.7,42.9,59.6,80.8,91.6
SENSEX,0,G_13:50_90,dte_matched_ex2122,122,26.6,59.9,77.1,124.9,126.1,13.7,42.9,59.6,80.8,91.6
SENSEX,0,G_13:50_90,all_days,1353,30.4,69.6,82.9,124.9,205.1,17.3,56.5,69.1,106.8,194.0
SENSEX,0,G_13:50_90,dte_matched,122,26.6,59.9,77.1,124.9,126.1,13.7,42.9,59.6,80.8,91.6
SENSEX,0,G_13:50_90,dte_matched_ex2122,122,26.6,59.9,77.1,124.9,126.1,13.7,42.9,59.6,80.8,91.6
SENSEX,0,G_13:50_90,all_days,1353,30.4,69.6,82.9,124.9,205.1,17.3,56.5,69.1,106.8,194.0
SENSEX,0,G_13:50_90,dte_matched,122,26.6,59.9,77.1,124.9,126.1,13.7,42.9,59.6,80.8,91.6
SENSEX,0,G_13:50_90,dte_matched_ex2122,122,26.6,59.9,77.1,124.9,126.1,13.7,42.9,59.6,80.8,91.6
SENSEX,0,G_13:50_90,all_days,1353,30.4,69.6,82.9,124.9,205.1,17.3,56.5,69.1,106.8,194.0
SENSEX,0,G_13:50_H,dte_matched,122,26.6,59.9,77.1,124.9,126.1,13.7,42.9,59.6,80.8,91.6
SENSEX,0,G_13:50_H,dte_matched_ex2122,122,26.6,59.9,77.1,124.9,126.1,13.7,42.9,59.6,80.8,91.6
SENSEX,0,G_13:50_H,all_days,1353,30.4,69.6,82.9,124.9,205.1,17.3,56.5,69.1,106.8,194.0
SENSEX,0,G_13:50_H,dte_matched,122,26.6,59.9,77.1,124.9,126.1,13.7,42.9,59.6,80.8,91.6
SENSEX,0,G_13:50_H,dte_matched_ex2122,122,26.6,59.9,77.1,124.9,126.1,13.7,42.9,59.6,80.8,91.6
SENSEX,0,G_13:50_H,all_days,1353,30.4,69.6,82.9,124.9,205.1,17.3,56.5,69.1,106.8,194.0
SENSEX,0,G_13:50_H,dte_matched,122,26.6,59.9,77.1,124.9,126.1,13.7,42.9,59.6,80.8,91.6
SENSEX,0,G_13:50_H,dte_matched_ex2122,122,26.6,59.9,77.1,124.9,126.1,13.7,42.9,59.6,80.8,91.6
SENSEX,0,G_13:50_H,all_days,1353,30.4,69.6,82.9,124.9,205.1,17.3,56.5,69.1,106.8,194.0
SENSEX,0,G_14:20_120,dte_matched,122,24.0,54.9,64.6,95.6,130.8,12.2,39.0,50.6,69.5,78.3
SENSEX,0,G_14:20_120,dte_matched_ex2122,122,24.0,54.9,64.6,95.6,130.8,12.2,39.0,50.6,69.5,78.3
SENSEX,0,G_14:20_120,all_days,1353,25.7,57.3,71.4,108.0,195.4,15.5,46.3,60.6,88.6,194.1
SENSEX,0,G_14:20_120,dte_matched,122,24.0,54.9,64.6,95.6,130.8,12.2,39.0,50.6,69.5,78.3
SENSEX,0,G_14:20_120,dte_matched_ex2122,122,24.0,54.9,64.6,95.6,130.8,12.2,39.0,50.6,69.5,78.3
SENSEX,0,G_14:20_120,all_days,1353,25.7,57.3,71.4,108.0,195.4,15.5,46.3,60.6,88.6,194.1
SENSEX,0,G_14:20_120,dte_matched,122,24.0,54.9,64.6,95.6,130.8,12.2,39.0,50.6,69.5,78.3
SENSEX,0,G_14:20_120,dte_matched_ex2122,122,24.0,54.9,64.6,95.6,130.8,12.2,39.0,50.6,69.5,78.3
SENSEX,0,G_14:20_120,all_days,1353,25.7,57.3,71.4,108.0,195.4,15.5,46.3,60.6,88.6,194.1
SENSEX,0,G_14:20_60,dte_matched,122,24.0,54.9,64.6,95.6,130.8,12.2,39.0,50.6,69.5,78.3
SENSEX,0,G_14:20_60,dte_matched_ex2122,122,24.0,54.9,64.6,95.6,130.8,12.2,39.0,50.6,69.5,78.3
SENSEX,0,G_14:20_60,all_days,1353,25.7,57.3,71.4,108.0,195.4,15.5,46.3,60.6,88.6,194.1
SENSEX,0,G_14:20_60,dte_matched,122,24.0,54.9,64.6,95.6,130.8,12.2,39.0,50.6,69.5,78.3
SENSEX,0,G_14:20_60,dte_matched_ex2122,122,24.0,54.9,64.6,95.6,130.8,12.2,39.0,50.6,69.5,78.3
SENSEX,0,G_14:20_60,all_days,1353,25.7,57.3,71.4,108.0,195.4,15.5,46.3,60.6,88.6,194.1
SENSEX,0,G_14:20_60,dte_matched,122,24.0,54.9,64.6,95.6,130.8,12.2,39.0,50.6,69.5,78.3
SENSEX,0,G_14:20_60,dte_matched_ex2122,122,24.0,54.9,64.6,95.6,130.8,12.2,39.0,50.6,69.5,78.3
SENSEX,0,G_14:20_60,all_days,1353,25.7,57.3,71.4,108.0,195.4,15.5,46.3,60.6,88.6,194.1
SENSEX,0,G_14:20_90,dte_matched,122,24.0,54.9,64.6,95.6,130.8,12.2,39.0,50.6,69.5,78.3
SENSEX,0,G_14:20_90,dte_matched_ex2122,122,24.0,54.9,64.6,95.6,130.8,12.2,39.0,50.6,69.5,78.3
SENSEX,0,G_14:20_90,all_days,1353,25.7,57.3,71.4,108.0,195.4,15.5,46.3,60.6,88.6,194.1
SENSEX,0,G_14:20_90,dte_matched,122,24.0,54.9,64.6,95.6,130.8,12.2,39.0,50.6,69.5,78.3
SENSEX,0,G_14:20_90,dte_matched_ex2122,122,24.0,54.9,64.6,95.6,130.8,12.2,39.0,50.6,69.5,78.3
SENSEX,0,G_14:20_90,all_days,1353,25.7,57.3,71.4,108.0,195.4,15.5,46.3,60.6,88.6,194.1
SENSEX,0,G_14:20_90,dte_matched,122,24.0,54.9,64.6,95.6,130.8,12.2,39.0,50.6,69.5,78.3
SENSEX,0,G_14:20_90,dte_matched_ex2122,122,24.0,54.9,64.6,95.6,130.8,12.2,39.0,50.6,69.5,78.3
SENSEX,0,G_14:20_90,all_days,1353,25.7,57.3,71.4,108.0,195.4,15.5,46.3,60.6,88.6,194.1
SENSEX,0,G_14:20_H,dte_matched,122,24.0,54.9,64.6,95.6,130.8,12.2,39.0,50.6,69.5,78.3
SENSEX,0,G_14:20_H,dte_matched_ex2122,122,24.0,54.9,64.6,95.6,130.8,12.2,39.0,50.6,69.5,78.3
SENSEX,0,G_14:20_H,all_days,1353,25.7,57.3,71.4,108.0,195.4,15.5,46.3,60.6,88.6,194.1
SENSEX,0,G_14:20_H,dte_matched,122,24.0,54.9,64.6,95.6,130.8,12.2,39.0,50.6,69.5,78.3
SENSEX,0,G_14:20_H,dte_matched_ex2122,122,24.0,54.9,64.6,95.6,130.8,12.2,39.0,50.6,69.5,78.3
SENSEX,0,G_14:20_H,all_days,1353,25.7,57.3,71.4,108.0,195.4,15.5,46.3,60.6,88.6,194.1
SENSEX,0,G_14:20_H,dte_matched,122,24.0,54.9,64.6,95.6,130.8,12.2,39.0,50.6,69.5,78.3
SENSEX,0,G_14:20_H,dte_matched_ex2122,122,24.0,54.9,64.6,95.6,130.8,12.2,39.0,50.6,69.5,78.3
SENSEX,0,G_14:20_H,all_days,1353,25.7,57.3,71.4,108.0,195.4,15.5,46.3,60.6,88.6,194.1
SENSEX,0,G_14:30_120,dte_matched,122,22.2,53.5,64.5,93.0,112.1,10.9,37.2,54.6,65.4,80.6
SENSEX,0,G_14:30_120,dte_matched_ex2122,122,22.2,53.5,64.5,93.0,112.1,10.9,37.2,54.6,65.4,80.6
SENSEX,0,G_14:30_120,all_days,1353,23.5,52.9,66.9,107.2,188.2,14.0,42.8,53.9,82.1,186.8
SENSEX,0,G_14:30_120,dte_matched,122,22.2,53.5,64.5,93.0,112.1,10.9,37.2,54.6,65.4,80.6
SENSEX,0,G_14:30_120,dte_matched_ex2122,122,22.2,53.5,64.5,93.0,112.1,10.9,37.2,54.6,65.4,80.6
SENSEX,0,G_14:30_120,all_days,1353,23.5,52.9,66.9,107.2,188.2,14.0,42.8,53.9,82.1,186.8
SENSEX,0,G_14:30_120,dte_matched,122,22.2,53.5,64.5,93.0,112.1,10.9,37.2,54.6,65.4,80.6
SENSEX,0,G_14:30_120,dte_matched_ex2122,122,22.2,53.5,64.5,93.0,112.1,10.9,37.2,54.6,65.4,80.6
SENSEX,0,G_14:30_120,all_days,1353,23.5,52.9,66.9,107.2,188.2,14.0,42.8,53.9,82.1,186.8
SENSEX,0,G_14:30_60,dte_matched,122,22.2,53.5,64.5,93.0,112.1,10.9,37.2,54.6,65.4,80.6
SENSEX,0,G_14:30_60,dte_matched_ex2122,122,22.2,53.5,64.5,93.0,112.1,10.9,37.2,54.6,65.4,80.6
SENSEX,0,G_14:30_60,all_days,1353,23.5,52.9,66.9,107.2,188.2,14.0,42.8,53.9,82.1,186.8
SENSEX,0,G_14:30_60,dte_matched,122,22.2,53.5,64.5,93.0,112.1,10.9,37.2,54.6,65.4,80.6
SENSEX,0,G_14:30_60,dte_matched_ex2122,122,22.2,53.5,64.5,93.0,112.1,10.9,37.2,54.6,65.4,80.6
SENSEX,0,G_14:30_60,all_days,1353,23.5,52.9,66.9,107.2,188.2,14.0,42.8,53.9,82.1,186.8
SENSEX,0,G_14:30_60,dte_matched,122,22.2,53.5,64.5,93.0,112.1,10.9,37.2,54.6,65.4,80.6
SENSEX,0,G_14:30_60,dte_matched_ex2122,122,22.2,53.5,64.5,93.0,112.1,10.9,37.2,54.6,65.4,80.6
SENSEX,0,G_14:30_60,all_days,1353,23.5,52.9,66.9,107.2,188.2,14.0,42.8,53.9,82.1,186.8
SENSEX,0,G_14:30_90,dte_matched,122,22.2,53.5,64.5,93.0,112.1,10.9,37.2,54.6,65.4,80.6
SENSEX,0,G_14:30_90,dte_matched_ex2122,122,22.2,53.5,64.5,93.0,112.1,10.9,37.2,54.6,65.4,80.6
SENSEX,0,G_14:30_90,all_days,1353,23.5,52.9,66.9,107.2,188.2,14.0,42.8,53.9,82.1,186.8
SENSEX,0,G_14:30_90,dte_matched,122,22.2,53.5,64.5,93.0,112.1,10.9,37.2,54.6,65.4,80.6
SENSEX,0,G_14:30_90,dte_matched_ex2122,122,22.2,53.5,64.5,93.0,112.1,10.9,37.2,54.6,65.4,80.6
SENSEX,0,G_14:30_90,all_days,1353,23.5,52.9,66.9,107.2,188.2,14.0,42.8,53.9,82.1,186.8
SENSEX,0,G_14:30_90,dte_matched,122,22.2,53.5,64.5,93.0,112.1,10.9,37.2,54.6,65.4,80.6
SENSEX,0,G_14:30_90,dte_matched_ex2122,122,22.2,53.5,64.5,93.0,112.1,10.9,37.2,54.6,65.4,80.6
SENSEX,0,G_14:30_90,all_days,1353,23.5,52.9,66.9,107.2,188.2,14.0,42.8,53.9,82.1,186.8
SENSEX,0,G_14:30_H,dte_matched,122,22.2,53.5,64.5,93.0,112.1,10.9,37.2,54.6,65.4,80.6
SENSEX,0,G_14:30_H,dte_matched_ex2122,122,22.2,53.5,64.5,93.0,112.1,10.9,37.2,54.6,65.4,80.6
SENSEX,0,G_14:30_H,all_days,1353,23.5,52.9,66.9,107.2,188.2,14.0,42.8,53.9,82.1,186.8
SENSEX,0,G_14:30_H,dte_matched,122,22.2,53.5,64.5,93.0,112.1,10.9,37.2,54.6,65.4,80.6
SENSEX,0,G_14:30_H,dte_matched_ex2122,122,22.2,53.5,64.5,93.0,112.1,10.9,37.2,54.6,65.4,80.6
SENSEX,0,G_14:30_H,all_days,1353,23.5,52.9,66.9,107.2,188.2,14.0,42.8,53.9,82.1,186.8
SENSEX,0,G_14:30_H,dte_matched,122,22.2,53.5,64.5,93.0,112.1,10.9,37.2,54.6,65.4,80.6
SENSEX,0,G_14:30_H,dte_matched_ex2122,122,22.2,53.5,64.5,93.0,112.1,10.9,37.2,54.6,65.4,80.6
SENSEX,0,G_14:30_H,all_days,1353,23.5,52.9,66.9,107.2,188.2,14.0,42.8,53.9,82.1,186.8
SENSEX,1,DEP_0930_1100,dte_matched,124,36.1,71.2,77.7,99.5,118.1,22.8,61.0,69.1,88.7,95.2
SENSEX,1,DEP_0930_1100,dte_matched_ex2122,124,36.1,71.2,77.7,99.5,118.1,22.8,61.0,69.1,88.7,95.2
SENSEX,1,DEP_0930_1100,all_days,1353,34.4,70.6,86.9,121.4,211.2,20.1,54.5,70.8,101.8,170.4
SENSEX,1,DEP_0930_1100,dte_matched,124,36.1,71.2,77.7,99.5,118.1,22.8,61.0,69.1,88.7,95.2
SENSEX,1,DEP_0930_1100,dte_matched_ex2122,124,36.1,71.2,77.7,99.5,118.1,22.8,61.0,69.1,88.7,95.2
SENSEX,1,DEP_0930_1100,all_days,1353,34.4,70.6,86.9,121.4,211.2,20.1,54.5,70.8,101.8,170.4
SENSEX,1,DEP_0930_1100,dte_matched,124,36.1,71.2,77.7,99.5,118.1,22.8,61.0,69.1,88.7,95.2
SENSEX,1,DEP_0930_1100,dte_matched_ex2122,124,36.1,71.2,77.7,99.5,118.1,22.8,61.0,69.1,88.7,95.2
SENSEX,1,DEP_0930_1100,all_days,1353,34.4,70.6,86.9,121.4,211.2,20.1,54.5,70.8,101.8,170.4
SENSEX,1,DEP_1000_1200,dte_matched,124,30.3,68.7,76.3,120.9,170.9,19.4,54.0,63.3,110.4,154.9
SENSEX,1,DEP_1000_1200,dte_matched_ex2122,124,30.3,68.7,76.3,120.9,170.9,19.4,54.0,63.3,110.4,154.9
SENSEX,1,DEP_1000_1200,all_days,1353,32.3,68.5,84.7,126.6,361.0,19.2,52.6,66.0,110.4,334.5
SENSEX,1,DEP_1000_1200,dte_matched,124,30.3,68.7,76.3,120.9,170.9,19.4,54.0,63.3,110.4,154.9
SENSEX,1,DEP_1000_1200,dte_matched_ex2122,124,30.3,68.7,76.3,120.9,170.9,19.4,54.0,63.3,110.4,154.9
SENSEX,1,DEP_1000_1200,all_days,1353,32.3,68.5,84.7,126.6,361.0,19.2,52.6,66.0,110.4,334.5
SENSEX,1,DEP_1000_1200,dte_matched,124,30.3,68.7,76.3,120.9,170.9,19.4,54.0,63.3,110.4,154.9
SENSEX,1,DEP_1000_1200,dte_matched_ex2122,124,30.3,68.7,76.3,120.9,170.9,19.4,54.0,63.3,110.4,154.9
SENSEX,1,DEP_1000_1200,all_days,1353,32.3,68.5,84.7,126.6,361.0,19.2,52.6,66.0,110.4,334.5
SENSEX,1,DEP_1030_1200,dte_matched,124,25.6,55.9,66.7,111.0,147.6,13.9,40.8,53.4,102.9,131.6
SENSEX,1,DEP_1030_1200,dte_matched_ex2122,124,25.6,55.9,66.7,111.0,147.6,13.9,40.8,53.4,102.9,131.6
SENSEX,1,DEP_1030_1200,all_days,1353,25.5,55.0,69.0,111.0,351.4,14.6,42.9,54.5,100.2,324.9
SENSEX,1,DEP_1030_1200,dte_matched,124,25.6,55.9,66.7,111.0,147.6,13.9,40.8,53.4,102.9,131.6
SENSEX,1,DEP_1030_1200,dte_matched_ex2122,124,25.6,55.9,66.7,111.0,147.6,13.9,40.8,53.4,102.9,131.6
SENSEX,1,DEP_1030_1200,all_days,1353,25.5,55.0,69.0,111.0,351.4,14.6,42.9,54.5,100.2,324.9
SENSEX,1,DEP_1030_1200,dte_matched,124,25.6,55.9,66.7,111.0,147.6,13.9,40.8,53.4,102.9,131.6
SENSEX,1,DEP_1030_1200,dte_matched_ex2122,124,25.6,55.9,66.7,111.0,147.6,13.9,40.8,53.4,102.9,131.6
SENSEX,1,DEP_1030_1200,all_days,1353,25.5,55.0,69.0,111.0,351.4,14.6,42.9,54.5,100.2,324.9
SENSEX,1,DEP_1300_1400,dte_matched,124,17.4,49.2,60.5,94.2,97.0,9.0,33.9,50.9,74.6,86.8
SENSEX,1,DEP_1300_1400,dte_matched_ex2122,124,17.4,49.2,60.5,94.2,97.0,9.0,33.9,50.9,74.6,86.8
SENSEX,1,DEP_1300_1400,all_days,1352,21.0,47.6,61.0,94.2,198.6,11.6,35.6,49.9,77.8,166.7
SENSEX,1,DEP_1300_1400,dte_matched,124,17.4,49.2,60.5,94.2,97.0,9.0,33.9,50.9,74.6,86.8
SENSEX,1,DEP_1300_1400,dte_matched_ex2122,124,17.4,49.2,60.5,94.2,97.0,9.0,33.9,50.9,74.6,86.8
SENSEX,1,DEP_1300_1400,all_days,1352,21.0,47.6,61.0,94.2,198.6,11.6,35.6,49.9,77.8,166.7
SENSEX,1,DEP_1300_1400,dte_matched,124,17.4,49.2,60.5,94.2,97.0,9.0,33.9,50.9,74.6,86.8
SENSEX,1,DEP_1300_1400,dte_matched_ex2122,124,17.4,49.2,60.5,94.2,97.0,9.0,33.9,50.9,74.6,86.8
SENSEX,1,DEP_1300_1400,all_days,1352,21.0,47.6,61.0,94.2,198.6,11.6,35.6,49.9,77.8,166.7
SENSEX,1,DEP_1300_1520,dte_matched,124,30.5,75.3,108.5,172.0,174.6,18.0,60.1,87.1,140.9,147.5
SENSEX,1,DEP_1300_1520,dte_matched_ex2122,124,30.5,75.3,108.5,172.0,174.6,18.0,60.1,87.1,140.9,147.5
SENSEX,1,DEP_1300_1520,all_days,1352,37.5,81.8,105.1,161.5,316.0,21.8,66.3,85.2,133.5,201.7
SENSEX,1,DEP_1300_1520,dte_matched,124,30.5,75.3,108.5,172.0,174.6,18.0,60.1,87.1,140.9,147.5
SENSEX,1,DEP_1300_1520,dte_matched_ex2122,124,30.5,75.3,108.5,172.0,174.6,18.0,60.1,87.1,140.9,147.5
SENSEX,1,DEP_1300_1520,all_days,1352,37.5,81.8,105.1,161.5,316.0,21.8,66.3,85.2,133.5,201.7
SENSEX,1,DEP_1300_1520,dte_matched,124,30.5,75.3,108.5,172.0,174.6,18.0,60.1,87.1,140.9,147.5
SENSEX,1,DEP_1300_1520,dte_matched_ex2122,124,30.5,75.3,108.5,172.0,174.6,18.0,60.1,87.1,140.9,147.5
SENSEX,1,DEP_1300_1520,all_days,1352,37.5,81.8,105.1,161.5,316.0,21.8,66.3,85.2,133.5,201.7
SENSEX,1,G_09:20_120,dte_matched,124,42.6,77.3,112.5,136.4,141.5,23.9,58.9,97.3,122.3,123.5
SENSEX,1,G_09:20_120,dte_matched_ex2122,124,42.6,77.3,112.5,136.4,141.5,23.9,58.9,97.3,122.3,123.5
SENSEX,1,G_09:20_120,all_days,1353,39.7,80.0,99.5,136.4,354.5,23.2,60.1,80.5,110.4,261.9
SENSEX,1,G_09:20_120,dte_matched,124,42.6,77.3,112.5,136.4,141.5,23.9,58.9,97.3,122.3,123.5
SENSEX,1,G_09:20_120,dte_matched_ex2122,124,42.6,77.3,112.5,136.4,141.5,23.9,58.9,97.3,122.3,123.5
SENSEX,1,G_09:20_120,all_days,1353,39.7,80.0,99.5,136.4,354.5,23.2,60.1,80.5,110.4,261.9
SENSEX,1,G_09:20_120,dte_matched,124,42.6,77.3,112.5,136.4,141.5,23.9,58.9,97.3,122.3,123.5
SENSEX,1,G_09:20_120,dte_matched_ex2122,124,42.6,77.3,112.5,136.4,141.5,23.9,58.9,97.3,122.3,123.5
SENSEX,1,G_09:20_120,all_days,1353,39.7,80.0,99.5,136.4,354.5,23.2,60.1,80.5,110.4,261.9
SENSEX,1,G_09:20_60,dte_matched,124,33.0,58.6,69.5,108.0,141.5,16.9,49.5,61.0,90.3,92.8
SENSEX,1,G_09:20_60,dte_matched_ex2122,124,33.0,58.6,69.5,108.0,141.5,16.9,49.5,61.0,90.3,92.8
SENSEX,1,G_09:20_60,all_days,1353,32.5,64.7,77.5,108.0,186.8,18.6,49.6,61.8,84.0,163.2
SENSEX,1,G_09:20_60,dte_matched,124,33.0,58.6,69.5,108.0,141.5,16.9,49.5,61.0,90.3,92.8
SENSEX,1,G_09:20_60,dte_matched_ex2122,124,33.0,58.6,69.5,108.0,141.5,16.9,49.5,61.0,90.3,92.8
SENSEX,1,G_09:20_60,all_days,1353,32.5,64.7,77.5,108.0,186.8,18.6,49.6,61.8,84.0,163.2
SENSEX,1,G_09:20_60,dte_matched,124,33.0,58.6,69.5,108.0,141.5,16.9,49.5,61.0,90.3,92.8
SENSEX,1,G_09:20_60,dte_matched_ex2122,124,33.0,58.6,69.5,108.0,141.5,16.9,49.5,61.0,90.3,92.8
SENSEX,1,G_09:20_60,all_days,1353,32.5,64.7,77.5,108.0,186.8,18.6,49.6,61.8,84.0,163.2
SENSEX,1,G_09:20_90,dte_matched,124,36.6,69.5,83.3,111.2,141.5,21.6,58.7,78.6,92.0,92.6
SENSEX,1,G_09:20_90,dte_matched_ex2122,124,36.6,69.5,83.3,111.2,141.5,21.6,58.7,78.6,92.0,92.6
SENSEX,1,G_09:20_90,all_days,1353,36.8,75.5,88.9,123.4,186.8,22.3,57.5,72.9,98.5,151.3
SENSEX,1,G_09:20_90,dte_matched,124,36.6,69.5,83.3,111.2,141.5,21.6,58.7,78.6,92.0,92.6
SENSEX,1,G_09:20_90,dte_matched_ex2122,124,36.6,69.5,83.3,111.2,141.5,21.6,58.7,78.6,92.0,92.6
SENSEX,1,G_09:20_90,all_days,1353,36.8,75.5,88.9,123.4,186.8,22.3,57.5,72.9,98.5,151.3
SENSEX,1,G_09:20_90,dte_matched,124,36.6,69.5,83.3,111.2,141.5,21.6,58.7,78.6,92.0,92.6
SENSEX,1,G_09:20_90,dte_matched_ex2122,124,36.6,69.5,83.3,111.2,141.5,21.6,58.7,78.6,92.0,92.6
SENSEX,1,G_09:20_90,all_days,1353,36.8,75.5,88.9,123.4,186.8,22.3,57.5,72.9,98.5,151.3
SENSEX,1,G_09:20_H,dte_matched,124,57.8,127.9,160.6,192.3,197.8,38.0,101.2,135.7,169.8,180.5
SENSEX,1,G_09:20_H,dte_matched_ex2122,124,57.8,127.9,160.6,192.3,197.8,38.0,101.2,135.7,169.8,180.5
SENSEX,1,G_09:20_H,all_days,1353,63.1,131.5,160.3,238.9,634.9,38.4,110.8,135.8,210.9,424.2
SENSEX,1,G_09:20_H,dte_matched,124,57.8,127.9,160.6,192.3,197.8,38.0,101.2,135.7,169.8,180.5
SENSEX,1,G_09:20_H,dte_matched_ex2122,124,57.8,127.9,160.6,192.3,197.8,38.0,101.2,135.7,169.8,180.5
SENSEX,1,G_09:20_H,all_days,1353,63.1,131.5,160.3,238.9,634.9,38.4,110.8,135.8,210.9,424.2
SENSEX,1,G_09:20_H,dte_matched,124,57.8,127.9,160.6,192.3,197.8,38.0,101.2,135.7,169.8,180.5
SENSEX,1,G_09:20_H,dte_matched_ex2122,124,57.8,127.9,160.6,192.3,197.8,38.0,101.2,135.7,169.8,180.5
SENSEX,1,G_09:20_H,all_days,1353,63.1,131.5,160.3,238.9,634.9,38.4,110.8,135.8,210.9,424.2
SENSEX,1,G_09:50_120,dte_matched,124,34.5,74.9,86.0,114.7,139.9,20.8,57.6,73.2,92.6,135.1
SENSEX,1,G_09:50_120,dte_matched_ex2122,124,34.5,74.9,86.0,114.7,139.9,20.8,57.6,73.2,92.6,135.1
SENSEX,1,G_09:50_120,all_days,1353,34.2,71.2,87.4,131.9,324.6,19.3,53.9,67.8,117.3,230.3
SENSEX,1,G_09:50_120,dte_matched,124,34.5,74.9,86.0,114.7,139.9,20.8,57.6,73.2,92.6,135.1
SENSEX,1,G_09:50_120,dte_matched_ex2122,124,34.5,74.9,86.0,114.7,139.9,20.8,57.6,73.2,92.6,135.1
SENSEX,1,G_09:50_120,all_days,1353,34.2,71.2,87.4,131.9,324.6,19.3,53.9,67.8,117.3,230.3
SENSEX,1,G_09:50_120,dte_matched,124,34.5,74.9,86.0,114.7,139.9,20.8,57.6,73.2,92.6,135.1
SENSEX,1,G_09:50_120,dte_matched_ex2122,124,34.5,74.9,86.0,114.7,139.9,20.8,57.6,73.2,92.6,135.1
SENSEX,1,G_09:50_120,all_days,1353,34.2,71.2,87.4,131.9,324.6,19.3,53.9,67.8,117.3,230.3
SENSEX,1,G_09:50_60,dte_matched,124,26.2,59.5,66.3,75.8,96.1,13.7,48.6,52.8,67.6,83.8
SENSEX,1,G_09:50_60,dte_matched_ex2122,124,26.2,59.5,66.3,75.8,96.1,13.7,48.6,52.8,67.6,83.8
SENSEX,1,G_09:50_60,all_days,1353,26.6,54.1,68.0,96.1,192.5,15.3,41.9,53.6,79.4,157.0
SENSEX,1,G_09:50_60,dte_matched,124,26.2,59.5,66.3,75.8,96.1,13.7,48.6,52.8,67.6,83.8
SENSEX,1,G_09:50_60,dte_matched_ex2122,124,26.2,59.5,66.3,75.8,96.1,13.7,48.6,52.8,67.6,83.8
SENSEX,1,G_09:50_60,all_days,1353,26.6,54.1,68.0,96.1,192.5,15.3,41.9,53.6,79.4,157.0
SENSEX,1,G_09:50_60,dte_matched,124,26.2,59.5,66.3,75.8,96.1,13.7,48.6,52.8,67.6,83.8
SENSEX,1,G_09:50_60,dte_matched_ex2122,124,26.2,59.5,66.3,75.8,96.1,13.7,48.6,52.8,67.6,83.8
SENSEX,1,G_09:50_60,all_days,1353,26.6,54.1,68.0,96.1,192.5,15.3,41.9,53.6,79.4,157.0
SENSEX,1,G_09:50_90,dte_matched,124,30.8,69.3,78.2,105.4,114.7,18.6,54.2,65.9,97.0,100.5
SENSEX,1,G_09:50_90,dte_matched_ex2122,124,30.8,69.3,78.2,105.4,114.7,18.6,54.2,65.9,97.0,100.5
SENSEX,1,G_09:50_90,all_days,1353,30.7,65.9,78.3,114.7,324.6,17.3,47.2,62.6,95.6,231.8
SENSEX,1,G_09:50_90,dte_matched,124,30.8,69.3,78.2,105.4,114.7,18.6,54.2,65.9,97.0,100.5
SENSEX,1,G_09:50_90,dte_matched_ex2122,124,30.8,69.3,78.2,105.4,114.7,18.6,54.2,65.9,97.0,100.5
SENSEX,1,G_09:50_90,all_days,1353,30.7,65.9,78.3,114.7,324.6,17.3,47.2,62.6,95.6,231.8
SENSEX,1,G_09:50_90,dte_matched,124,30.8,69.3,78.2,105.4,114.7,18.6,54.2,65.9,97.0,100.5
SENSEX,1,G_09:50_90,dte_matched_ex2122,124,30.8,69.3,78.2,105.4,114.7,18.6,54.2,65.9,97.0,100.5
SENSEX,1,G_09:50_90,all_days,1353,30.7,65.9,78.3,114.7,324.6,17.3,47.2,62.6,95.6,231.8
SENSEX,1,G_09:50_H,dte_matched,124,61.8,117.1,146.6,181.3,186.6,38.4,88.6,130.2,147.8,151.2
SENSEX,1,G_09:50_H,dte_matched_ex2122,124,61.8,117.1,146.6,181.3,186.6,38.4,88.6,130.2,147.8,151.2
SENSEX,1,G_09:50_H,all_days,1353,57.4,122.3,147.6,225.9,605.9,34.1,97.6,127.7,197.2,436.1
SENSEX,1,G_09:50_H,dte_matched,124,61.8,117.1,146.6,181.3,186.6,38.4,88.6,130.2,147.8,151.2
SENSEX,1,G_09:50_H,dte_matched_ex2122,124,61.8,117.1,146.6,181.3,186.6,38.4,88.6,130.2,147.8,151.2
SENSEX,1,G_09:50_H,all_days,1353,57.4,122.3,147.6,225.9,605.9,34.1,97.6,127.7,197.2,436.1
SENSEX,1,G_09:50_H,dte_matched,124,61.8,117.1,146.6,181.3,186.6,38.4,88.6,130.2,147.8,151.2
SENSEX,1,G_09:50_H,dte_matched_ex2122,124,61.8,117.1,146.6,181.3,186.6,38.4,88.6,130.2,147.8,151.2
SENSEX,1,G_09:50_H,all_days,1353,57.4,122.3,147.6,225.9,605.9,34.1,97.6,127.7,197.2,436.1
SENSEX,1,G_10:20_120,dte_matched,124,29.1,62.3,70.1,116.4,167.6,19.2,50.6,67.7,104.9,130.0
SENSEX,1,G_10:20_120,dte_matched_ex2122,124,29.1,62.3,70.1,116.4,167.6,19.2,50.6,67.7,104.9,130.0
SENSEX,1,G_10:20_120,all_days,1353,30.2,64.8,80.2,128.2,518.3,17.0,49.7,64.1,104.0,461.4
SENSEX,1,G_10:20_120,dte_matched,124,29.1,62.3,70.1,116.4,167.6,19.2,50.6,67.7,104.9,130.0
SENSEX,1,G_10:20_120,dte_matched_ex2122,124,29.1,62.3,70.1,116.4,167.6,19.2,50.6,67.7,104.9,130.0
SENSEX,1,G_10:20_120,all_days,1353,30.2,64.8,80.2,128.2,518.3,17.0,49.7,64.1,104.0,461.4
SENSEX,1,G_10:20_120,dte_matched,124,29.1,62.3,70.1,116.4,167.6,19.2,50.6,67.7,104.9,130.0
SENSEX,1,G_10:20_120,dte_matched_ex2122,124,29.1,62.3,70.1,116.4,167.6,19.2,50.6,67.7,104.9,130.0
SENSEX,1,G_10:20_120,all_days,1353,30.2,64.8,80.2,128.2,518.3,17.0,49.7,64.1,104.0,461.4
SENSEX,1,G_10:20_60,dte_matched,124,23.0,52.8,58.4,115.8,118.1,14.6,37.1,45.1,104.3,110.2
SENSEX,1,G_10:20_60,dte_matched_ex2122,124,23.0,52.8,58.4,115.8,118.1,14.6,37.1,45.1,104.3,110.2
SENSEX,1,G_10:20_60,all_days,1353,22.2,48.5,63.2,94.2,313.4,12.2,36.4,47.7,77.2,220.5
SENSEX,1,G_10:20_60,dte_matched,124,23.0,52.8,58.4,115.8,118.1,14.6,37.1,45.1,104.3,110.2
SENSEX,1,G_10:20_60,dte_matched_ex2122,124,23.0,52.8,58.4,115.8,118.1,14.6,37.1,45.1,104.3,110.2
SENSEX,1,G_10:20_60,all_days,1353,22.2,48.5,63.2,94.2,313.4,12.2,36.4,47.7,77.2,220.5
SENSEX,1,G_10:20_60,dte_matched,124,23.0,52.8,58.4,115.8,118.1,14.6,37.1,45.1,104.3,110.2
SENSEX,1,G_10:20_60,dte_matched_ex2122,124,23.0,52.8,58.4,115.8,118.1,14.6,37.1,45.1,104.3,110.2
SENSEX,1,G_10:20_60,all_days,1353,22.2,48.5,63.2,94.2,313.4,12.2,36.4,47.7,77.2,220.5
SENSEX,1,G_10:20_90,dte_matched,124,27.2,57.6,63.1,116.4,154.3,15.1,47.2,55.0,85.7,149.5
SENSEX,1,G_10:20_90,dte_matched_ex2122,124,27.2,57.6,63.1,116.4,154.3,15.1,47.2,55.0,85.7,149.5
SENSEX,1,G_10:20_90,all_days,1353,26.9,57.5,73.1,106.6,313.4,14.1,43.3,54.2,95.2,219.1
SENSEX,1,G_10:20_90,dte_matched,124,27.2,57.6,63.1,116.4,154.3,15.1,47.2,55.0,85.7,149.5
SENSEX,1,G_10:20_90,dte_matched_ex2122,124,27.2,57.6,63.1,116.4,154.3,15.1,47.2,55.0,85.7,149.5
SENSEX,1,G_10:20_90,all_days,1353,26.9,57.5,73.1,106.6,313.4,14.1,43.3,54.2,95.2,219.1
SENSEX,1,G_10:20_90,dte_matched,124,27.2,57.6,63.1,116.4,154.3,15.1,47.2,55.0,85.7,149.5
SENSEX,1,G_10:20_90,dte_matched_ex2122,124,27.2,57.6,63.1,116.4,154.3,15.1,47.2,55.0,85.7,149.5
SENSEX,1,G_10:20_90,all_days,1353,26.9,57.5,73.1,106.6,313.4,14.1,43.3,54.2,95.2,219.1
SENSEX,1,G_10:20_H,dte_matched,124,50.4,104.7,122.6,190.1,190.3,31.4,86.2,119.3,160.9,165.6
SENSEX,1,G_10:20_H,dte_matched_ex2122,124,50.4,104.7,122.6,190.1,190.3,31.4,86.2,119.3,160.9,165.6
SENSEX,1,G_10:20_H,all_days,1353,53.5,115.0,141.9,209.2,595.0,32.0,91.1,117.2,185.5,400.5
SENSEX,1,G_10:20_H,dte_matched,124,50.4,104.7,122.6,190.1,190.3,31.4,86.2,119.3,160.9,165.6
SENSEX,1,G_10:20_H,dte_matched_ex2122,124,50.4,104.7,122.6,190.1,190.3,31.4,86.2,119.3,160.9,165.6
SENSEX,1,G_10:20_H,all_days,1353,53.5,115.0,141.9,209.2,595.0,32.0,91.1,117.2,185.5,400.5
SENSEX,1,G_10:20_H,dte_matched,124,50.4,104.7,122.6,190.1,190.3,31.4,86.2,119.3,160.9,165.6
SENSEX,1,G_10:20_H,dte_matched_ex2122,124,50.4,104.7,122.6,190.1,190.3,31.4,86.2,119.3,160.9,165.6
SENSEX,1,G_10:20_H,all_days,1353,53.5,115.0,141.9,209.2,595.0,32.0,91.1,117.2,185.5,400.5
SENSEX,1,G_10:50_120,dte_matched,124,27.1,57.6,69.5,110.4,114.0,17.6,43.2,57.1,75.8,104.4
SENSEX,1,G_10:50_120,dte_matched_ex2122,124,27.1,57.6,69.5,110.4,114.0,17.6,43.2,57.1,75.8,104.4
SENSEX,1,G_10:50_120,all_days,1353,29.9,63.4,82.4,116.0,531.1,17.1,52.0,65.9,100.0,278.3
SENSEX,1,G_10:50_120,dte_matched,124,27.1,57.6,69.5,110.4,114.0,17.6,43.2,57.1,75.8,104.4
SENSEX,1,G_10:50_120,dte_matched_ex2122,124,27.1,57.6,69.5,110.4,114.0,17.6,43.2,57.1,75.8,104.4
SENSEX,1,G_10:50_120,all_days,1353,29.9,63.4,82.4,116.0,531.1,17.1,52.0,65.9,100.0,278.3
SENSEX,1,G_10:50_120,dte_matched,124,27.1,57.6,69.5,110.4,114.0,17.6,43.2,57.1,75.8,104.4
SENSEX,1,G_10:50_120,dte_matched_ex2122,124,27.1,57.6,69.5,110.4,114.0,17.6,43.2,57.1,75.8,104.4
SENSEX,1,G_10:50_120,all_days,1353,29.9,63.4,82.4,116.0,531.1,17.1,52.0,65.9,100.0,278.3
SENSEX,1,G_10:50_60,dte_matched,124,19.8,44.7,53.4,87.3,91.8,11.1,34.7,47.0,62.5,86.9
SENSEX,1,G_10:50_60,dte_matched_ex2122,124,19.8,44.7,53.4,87.3,91.8,11.1,34.7,47.0,62.5,86.9
SENSEX,1,G_10:50_60,all_days,1353,20.6,45.4,55.1,92.2,247.5,11.1,35.8,45.1,72.3,152.5
SENSEX,1,G_10:50_60,dte_matched,124,19.8,44.7,53.4,87.3,91.8,11.1,34.7,47.0,62.5,86.9
SENSEX,1,G_10:50_60,dte_matched_ex2122,124,19.8,44.7,53.4,87.3,91.8,11.1,34.7,47.0,62.5,86.9
SENSEX,1,G_10:50_60,all_days,1353,20.6,45.4,55.1,92.2,247.5,11.1,35.8,45.1,72.3,152.5
SENSEX,1,G_10:50_60,dte_matched,124,19.8,44.7,53.4,87.3,91.8,11.1,34.7,47.0,62.5,86.9
SENSEX,1,G_10:50_60,dte_matched_ex2122,124,19.8,44.7,53.4,87.3,91.8,11.1,34.7,47.0,62.5,86.9
SENSEX,1,G_10:50_60,all_days,1353,20.6,45.4,55.1,92.2,247.5,11.1,35.8,45.1,72.3,152.5
SENSEX,1,G_10:50_90,dte_matched,124,24.9,56.0,62.4,98.1,105.2,14.9,40.4,53.9,82.7,93.8
SENSEX,1,G_10:50_90,dte_matched_ex2122,124,24.9,56.0,62.4,98.1,105.2,14.9,40.4,53.9,82.7,93.8
SENSEX,1,G_10:50_90,all_days,1353,25.1,55.0,68.4,104.7,453.8,14.7,41.4,54.5,90.1,396.5
SENSEX,1,G_10:50_90,dte_matched,124,24.9,56.0,62.4,98.1,105.2,14.9,40.4,53.9,82.7,93.8
SENSEX,1,G_10:50_90,dte_matched_ex2122,124,24.9,56.0,62.4,98.1,105.2,14.9,40.4,53.9,82.7,93.8
SENSEX,1,G_10:50_90,all_days,1353,25.1,55.0,68.4,104.7,453.8,14.7,41.4,54.5,90.1,396.5
SENSEX,1,G_10:50_90,dte_matched,124,24.9,56.0,62.4,98.1,105.2,14.9,40.4,53.9,82.7,93.8
SENSEX,1,G_10:50_90,dte_matched_ex2122,124,24.9,56.0,62.4,98.1,105.2,14.9,40.4,53.9,82.7,93.8
SENSEX,1,G_10:50_90,all_days,1353,25.1,55.0,68.4,104.7,453.8,14.7,41.4,54.5,90.1,396.5
SENSEX,1,G_10:50_H,dte_matched,124,43.3,99.9,119.4,184.2,194.9,25.3,82.7,99.3,141.6,152.2
SENSEX,1,G_10:50_H,dte_matched_ex2122,124,43.3,99.9,119.4,184.2,194.9,25.3,82.7,99.3,141.6,152.2
SENSEX,1,G_10:50_H,all_days,1353,50.4,106.9,137.8,194.9,531.1,30.2,87.9,115.8,178.0,374.0
SENSEX,1,G_10:50_H,dte_matched,124,43.3,99.9,119.4,184.2,194.9,25.3,82.7,99.3,141.6,152.2
SENSEX,1,G_10:50_H,dte_matched_ex2122,124,43.3,99.9,119.4,184.2,194.9,25.3,82.7,99.3,141.6,152.2
SENSEX,1,G_10:50_H,all_days,1353,50.4,106.9,137.8,194.9,531.1,30.2,87.9,115.8,178.0,374.0
SENSEX,1,G_10:50_H,dte_matched,124,43.3,99.9,119.4,184.2,194.9,25.3,82.7,99.3,141.6,152.2
SENSEX,1,G_10:50_H,dte_matched_ex2122,124,43.3,99.9,119.4,184.2,194.9,25.3,82.7,99.3,141.6,152.2
SENSEX,1,G_10:50_H,all_days,1353,50.4,106.9,137.8,194.9,531.1,30.2,87.9,115.8,178.0,374.0
SENSEX,1,G_11:20_120,dte_matched,124,27.0,58.9,70.6,101.1,122.7,17.3,42.3,53.1,75.6,113.4
SENSEX,1,G_11:20_120,dte_matched_ex2122,124,27.0,58.9,70.6,101.1,122.7,17.3,42.3,53.1,75.6,113.4
SENSEX,1,G_11:20_120,all_days,1353,28.8,66.2,83.1,116.8,383.0,16.1,52.1,67.2,97.9,217.9
SENSEX,1,G_11:20_120,dte_matched,124,27.0,58.9,70.6,101.1,122.7,17.3,42.3,53.1,75.6,113.4
SENSEX,1,G_11:20_120,dte_matched_ex2122,124,27.0,58.9,70.6,101.1,122.7,17.3,42.3,53.1,75.6,113.4
SENSEX,1,G_11:20_120,all_days,1353,28.8,66.2,83.1,116.8,383.0,16.1,52.1,67.2,97.9,217.9
SENSEX,1,G_11:20_120,dte_matched,124,27.0,58.9,70.6,101.1,122.7,17.3,42.3,53.1,75.6,113.4
SENSEX,1,G_11:20_120,dte_matched_ex2122,124,27.0,58.9,70.6,101.1,122.7,17.3,42.3,53.1,75.6,113.4
SENSEX,1,G_11:20_120,all_days,1353,28.8,66.2,83.1,116.8,383.0,16.1,52.1,67.2,97.9,217.9
SENSEX,1,G_11:20_60,dte_matched,124,18.9,37.9,46.1,86.6,122.7,12.2,28.3,39.9,55.5,118.5
SENSEX,1,G_11:20_60,dte_matched_ex2122,124,18.9,37.9,46.1,86.6,122.7,12.2,28.3,39.9,55.5,118.5
SENSEX,1,G_11:20_60,all_days,1353,19.4,43.9,56.1,79.9,304.5,11.7,32.6,42.4,66.2,246.3
SENSEX,1,G_11:20_60,dte_matched,124,18.9,37.9,46.1,86.6,122.7,12.2,28.3,39.9,55.5,118.5
SENSEX,1,G_11:20_60,dte_matched_ex2122,124,18.9,37.9,46.1,86.6,122.7,12.2,28.3,39.9,55.5,118.5
SENSEX,1,G_11:20_60,all_days,1353,19.4,43.9,56.1,79.9,304.5,11.7,32.6,42.4,66.2,246.3
SENSEX,1,G_11:20_60,dte_matched,124,18.9,37.9,46.1,86.6,122.7,12.2,28.3,39.9,55.5,118.5
SENSEX,1,G_11:20_60,dte_matched_ex2122,124,18.9,37.9,46.1,86.6,122.7,12.2,28.3,39.9,55.5,118.5
SENSEX,1,G_11:20_60,all_days,1353,19.4,43.9,56.1,79.9,304.5,11.7,32.6,42.4,66.2,246.3
SENSEX,1,G_11:20_90,dte_matched,124,23.7,49.1,58.9,92.1,122.7,13.6,35.7,48.0,86.1,100.5
SENSEX,1,G_11:20_90,dte_matched_ex2122,124,23.7,49.1,58.9,92.1,122.7,13.6,35.7,48.0,86.1,100.5
SENSEX,1,G_11:20_90,all_days,1353,25.0,56.2,69.6,98.8,383.0,13.8,44.2,58.1,86.7,126.8
SENSEX,1,G_11:20_90,dte_matched,124,23.7,49.1,58.9,92.1,122.7,13.6,35.7,48.0,86.1,100.5
SENSEX,1,G_11:20_90,dte_matched_ex2122,124,23.7,49.1,58.9,92.1,122.7,13.6,35.7,48.0,86.1,100.5
SENSEX,1,G_11:20_90,all_days,1353,25.0,56.2,69.6,98.8,383.0,13.8,44.2,58.1,86.7,126.8
SENSEX,1,G_11:20_90,dte_matched,124,23.7,49.1,58.9,92.1,122.7,13.6,35.7,48.0,86.1,100.5
SENSEX,1,G_11:20_90,dte_matched_ex2122,124,23.7,49.1,58.9,92.1,122.7,13.6,35.7,48.0,86.1,100.5
SENSEX,1,G_11:20_90,all_days,1353,25.0,56.2,69.6,98.8,383.0,13.8,44.2,58.1,86.7,126.8
SENSEX,1,G_11:20_H,dte_matched,124,41.7,96.5,120.2,200.3,209.1,22.8,77.9,102.9,157.6,157.9
SENSEX,1,G_11:20_H,dte_matched_ex2122,124,41.7,96.5,120.2,200.3,209.1,22.8,77.9,102.9,157.6,157.9
SENSEX,1,G_11:20_H,all_days,1353,47.7,106.2,130.7,188.7,383.0,27.8,83.9,109.1,157.9,352.9
SENSEX,1,G_11:20_H,dte_matched,124,41.7,96.5,120.2,200.3,209.1,22.8,77.9,102.9,157.6,157.9
SENSEX,1,G_11:20_H,dte_matched_ex2122,124,41.7,96.5,120.2,200.3,209.1,22.8,77.9,102.9,157.6,157.9
SENSEX,1,G_11:20_H,all_days,1353,47.7,106.2,130.7,188.7,383.0,27.8,83.9,109.1,157.9,352.9
SENSEX,1,G_11:20_H,dte_matched,124,41.7,96.5,120.2,200.3,209.1,22.8,77.9,102.9,157.6,157.9
SENSEX,1,G_11:20_H,dte_matched_ex2122,124,41.7,96.5,120.2,200.3,209.1,22.8,77.9,102.9,157.6,157.9
SENSEX,1,G_11:20_H,all_days,1353,47.7,106.2,130.7,188.7,383.0,27.8,83.9,109.1,157.9,352.9
SENSEX,1,G_11:50_120,dte_matched,124,28.1,59.4,77.2,101.1,125.9,15.7,49.5,56.6,75.0,120.0
SENSEX,1,G_11:50_120,dte_matched_ex2122,124,28.1,59.4,77.2,101.1,125.9,15.7,49.5,56.6,75.0,120.0
SENSEX,1,G_11:50_120,all_days,1352,28.7,66.3,83.9,134.4,384.4,15.9,52.3,65.8,105.9,230.8
SENSEX,1,G_11:50_120,dte_matched,124,28.1,59.4,77.2,101.1,125.9,15.7,49.5,56.6,75.0,120.0
SENSEX,1,G_11:50_120,dte_matched_ex2122,124,28.1,59.4,77.2,101.1,125.9,15.7,49.5,56.6,75.0,120.0
SENSEX,1,G_11:50_120,all_days,1352,28.7,66.3,83.9,134.4,384.4,15.9,52.3,65.8,105.9,230.8
SENSEX,1,G_11:50_120,dte_matched,124,28.1,59.4,77.2,101.1,125.9,15.7,49.5,56.6,75.0,120.0
SENSEX,1,G_11:50_120,dte_matched_ex2122,124,28.1,59.4,77.2,101.1,125.9,15.7,49.5,56.6,75.0,120.0
SENSEX,1,G_11:50_120,all_days,1352,28.7,66.3,83.9,134.4,384.4,15.9,52.3,65.8,105.9,230.8
SENSEX,1,G_11:50_60,dte_matched,124,18.4,44.3,50.9,92.1,119.5,10.5,34.5,40.4,86.1,97.3
SENSEX,1,G_11:50_60,dte_matched_ex2122,124,18.4,44.3,50.9,92.1,119.5,10.5,34.5,40.4,86.1,97.3
SENSEX,1,G_11:50_60,all_days,1352,20.5,45.8,58.1,87.8,384.4,11.6,34.5,48.0,79.6,127.7
SENSEX,1,G_11:50_60,dte_matched,124,18.4,44.3,50.9,92.1,119.5,10.5,34.5,40.4,86.1,97.3
SENSEX,1,G_11:50_60,dte_matched_ex2122,124,18.4,44.3,50.9,92.1,119.5,10.5,34.5,40.4,86.1,97.3
SENSEX,1,G_11:50_60,all_days,1352,20.5,45.8,58.1,87.8,384.4,11.6,34.5,48.0,79.6,127.7
SENSEX,1,G_11:50_60,dte_matched,124,18.4,44.3,50.9,92.1,119.5,10.5,34.5,40.4,86.1,97.3
SENSEX,1,G_11:50_60,dte_matched_ex2122,124,18.4,44.3,50.9,92.1,119.5,10.5,34.5,40.4,86.1,97.3
SENSEX,1,G_11:50_60,all_days,1352,20.5,45.8,58.1,87.8,384.4,11.6,34.5,48.0,79.6,127.7
SENSEX,1,G_11:50_90,dte_matched,124,23.8,49.2,67.7,101.1,119.5,13.7,36.6,49.3,78.7,110.2
SENSEX,1,G_11:50_90,dte_matched_ex2122,124,23.8,49.2,67.7,101.1,119.5,13.7,36.6,49.3,78.7,110.2
SENSEX,1,G_11:50_90,all_days,1352,24.4,57.2,72.0,116.1,384.4,13.5,44.2,60.5,92.5,152.6
SENSEX,1,G_11:50_90,dte_matched,124,23.8,49.2,67.7,101.1,119.5,13.7,36.6,49.3,78.7,110.2
SENSEX,1,G_11:50_90,dte_matched_ex2122,124,23.8,49.2,67.7,101.1,119.5,13.7,36.6,49.3,78.7,110.2
SENSEX,1,G_11:50_90,all_days,1352,24.4,57.2,72.0,116.1,384.4,13.5,44.2,60.5,92.5,152.6
SENSEX,1,G_11:50_90,dte_matched,124,23.8,49.2,67.7,101.1,119.5,13.7,36.6,49.3,78.7,110.2
SENSEX,1,G_11:50_90,dte_matched_ex2122,124,23.8,49.2,67.7,101.1,119.5,13.7,36.6,49.3,78.7,110.2
SENSEX,1,G_11:50_90,all_days,1352,24.4,57.2,72.0,116.1,384.4,13.5,44.2,60.5,92.5,152.6
SENSEX,1,G_11:50_H,dte_matched,124,38.8,93.9,113.5,185.4,205.8,20.4,75.9,106.1,146.7,154.6
SENSEX,1,G_11:50_H,dte_matched_ex2122,124,38.8,93.9,113.5,185.4,205.8,20.4,75.9,106.1,146.7,154.6
SENSEX,1,G_11:50_H,all_days,1352,43.3,100.6,124.3,185.4,384.4,25.9,80.3,105.6,156.1,286.7
SENSEX,1,G_11:50_H,dte_matched,124,38.8,93.9,113.5,185.4,205.8,20.4,75.9,106.1,146.7,154.6
SENSEX,1,G_11:50_H,dte_matched_ex2122,124,38.8,93.9,113.5,185.4,205.8,20.4,75.9,106.1,146.7,154.6
SENSEX,1,G_11:50_H,all_days,1352,43.3,100.6,124.3,185.4,384.4,25.9,80.3,105.6,156.1,286.7
SENSEX,1,G_11:50_H,dte_matched,124,38.8,93.9,113.5,185.4,205.8,20.4,75.9,106.1,146.7,154.6
SENSEX,1,G_11:50_H,dte_matched_ex2122,124,38.8,93.9,113.5,185.4,205.8,20.4,75.9,106.1,146.7,154.6
SENSEX,1,G_11:50_H,all_days,1352,43.3,100.6,124.3,185.4,384.4,25.9,80.3,105.6,156.1,286.7
SENSEX,1,G_12:20_120,dte_matched,124,26.9,74.7,83.0,107.1,148.8,16.2,59.9,75.2,97.8,129.8
SENSEX,1,G_12:20_120,dte_matched_ex2122,124,26.9,74.7,83.0,107.1,148.8,16.2,59.9,75.2,97.8,129.8
SENSEX,1,G_12:20_120,all_days,1352,30.0,70.3,90.0,139.3,303.8,16.3,56.2,71.0,122.4,271.6
SENSEX,1,G_12:20_120,dte_matched,124,26.9,74.7,83.0,107.1,148.8,16.2,59.9,75.2,97.8,129.8
SENSEX,1,G_12:20_120,dte_matched_ex2122,124,26.9,74.7,83.0,107.1,148.8,16.2,59.9,75.2,97.8,129.8
SENSEX,1,G_12:20_120,all_days,1352,30.0,70.3,90.0,139.3,303.8,16.3,56.2,71.0,122.4,271.6
SENSEX,1,G_12:20_120,dte_matched,124,26.9,74.7,83.0,107.1,148.8,16.2,59.9,75.2,97.8,129.8
SENSEX,1,G_12:20_120,dte_matched_ex2122,124,26.9,74.7,83.0,107.1,148.8,16.2,59.9,75.2,97.8,129.8
SENSEX,1,G_12:20_120,all_days,1352,30.0,70.3,90.0,139.3,303.8,16.3,56.2,71.0,122.4,271.6
SENSEX,1,G_12:20_60,dte_matched,124,18.5,40.8,50.2,74.7,84.2,8.5,30.7,38.1,62.5,66.1
SENSEX,1,G_12:20_60,dte_matched_ex2122,124,18.5,40.8,50.2,74.7,84.2,8.5,30.7,38.1,62.5,66.1
SENSEX,1,G_12:20_60,all_days,1352,19.4,44.4,57.9,95.6,223.6,10.4,33.9,46.1,79.5,209.3
SENSEX,1,G_12:20_60,dte_matched,124,18.5,40.8,50.2,74.7,84.2,8.5,30.7,38.1,62.5,66.1
SENSEX,1,G_12:20_60,dte_matched_ex2122,124,18.5,40.8,50.2,74.7,84.2,8.5,30.7,38.1,62.5,66.1
SENSEX,1,G_12:20_60,all_days,1352,19.4,44.4,57.9,95.6,223.6,10.4,33.9,46.1,79.5,209.3
SENSEX,1,G_12:20_60,dte_matched,124,18.5,40.8,50.2,74.7,84.2,8.5,30.7,38.1,62.5,66.1
SENSEX,1,G_12:20_60,dte_matched_ex2122,124,18.5,40.8,50.2,74.7,84.2,8.5,30.7,38.1,62.5,66.1
SENSEX,1,G_12:20_60,all_days,1352,19.4,44.4,57.9,95.6,223.6,10.4,33.9,46.1,79.5,209.3
SENSEX,1,G_12:20_90,dte_matched,124,21.7,54.7,68.4,106.4,107.1,12.2,49.4,54.1,87.6,93.4
SENSEX,1,G_12:20_90,dte_matched_ex2122,124,21.7,54.7,68.4,106.4,107.1,12.2,49.4,54.1,87.6,93.4
SENSEX,1,G_12:20_90,all_days,1352,24.9,57.4,71.0,119.2,303.8,13.6,44.5,57.8,95.9,288.0
SENSEX,1,G_12:20_90,dte_matched,124,21.7,54.7,68.4,106.4,107.1,12.2,49.4,54.1,87.6,93.4
SENSEX,1,G_12:20_90,dte_matched_ex2122,124,21.7,54.7,68.4,106.4,107.1,12.2,49.4,54.1,87.6,93.4
SENSEX,1,G_12:20_90,all_days,1352,24.9,57.4,71.0,119.2,303.8,13.6,44.5,57.8,95.9,288.0
SENSEX,1,G_12:20_90,dte_matched,124,21.7,54.7,68.4,106.4,107.1,12.2,49.4,54.1,87.6,93.4
SENSEX,1,G_12:20_90,dte_matched_ex2122,124,21.7,54.7,68.4,106.4,107.1,12.2,49.4,54.1,87.6,93.4
SENSEX,1,G_12:20_90,all_days,1352,24.9,57.4,71.0,119.2,303.8,13.6,44.5,57.8,95.9,288.0
SENSEX,1,G_12:20_H,dte_matched,124,35.2,94.8,120.4,174.8,176.4,19.3,77.5,99.3,133.6,147.7
SENSEX,1,G_12:20_H,dte_matched_ex2122,124,35.2,94.8,120.4,174.8,176.4,19.3,77.5,99.3,133.6,147.7
SENSEX,1,G_12:20_H,all_days,1352,40.9,93.1,115.3,176.4,359.3,24.0,77.2,95.0,153.2,344.2
SENSEX,1,G_12:20_H,dte_matched,124,35.2,94.8,120.4,174.8,176.4,19.3,77.5,99.3,133.6,147.7
SENSEX,1,G_12:20_H,dte_matched_ex2122,124,35.2,94.8,120.4,174.8,176.4,19.3,77.5,99.3,133.6,147.7
SENSEX,1,G_12:20_H,all_days,1352,40.9,93.1,115.3,176.4,359.3,24.0,77.2,95.0,153.2,344.2
SENSEX,1,G_12:20_H,dte_matched,124,35.2,94.8,120.4,174.8,176.4,19.3,77.5,99.3,133.6,147.7
SENSEX,1,G_12:20_H,dte_matched_ex2122,124,35.2,94.8,120.4,174.8,176.4,19.3,77.5,99.3,133.6,147.7
SENSEX,1,G_12:20_H,all_days,1352,40.9,93.1,115.3,176.4,359.3,24.0,77.2,95.0,153.2,344.2
SENSEX,1,G_12:50_120,dte_matched,124,29.1,73.9,100.3,151.7,158.8,16.0,55.1,83.5,147.6,158.8
SENSEX,1,G_12:50_120,dte_matched_ex2122,124,29.1,73.9,100.3,151.7,158.8,16.0,55.1,83.5,147.6,158.8
SENSEX,1,G_12:50_120,all_days,1352,31.2,71.7,90.9,145.2,289.9,17.5,55.8,74.1,130.9,289.1
SENSEX,1,G_12:50_120,dte_matched,124,29.1,73.9,100.3,151.7,158.8,16.0,55.1,83.5,147.6,158.8
SENSEX,1,G_12:50_120,dte_matched_ex2122,124,29.1,73.9,100.3,151.7,158.8,16.0,55.1,83.5,147.6,158.8
SENSEX,1,G_12:50_120,all_days,1352,31.2,71.7,90.9,145.2,289.9,17.5,55.8,74.1,130.9,289.1
SENSEX,1,G_12:50_120,dte_matched,124,29.1,73.9,100.3,151.7,158.8,16.0,55.1,83.5,147.6,158.8
SENSEX,1,G_12:50_120,dte_matched_ex2122,124,29.1,73.9,100.3,151.7,158.8,16.0,55.1,83.5,147.6,158.8
SENSEX,1,G_12:50_120,all_days,1352,31.2,71.7,90.9,145.2,289.9,17.5,55.8,74.1,130.9,289.1
SENSEX,1,G_12:50_60,dte_matched,124,18.3,45.1,52.7,97.3,98.6,9.7,37.0,42.4,74.9,83.5
SENSEX,1,G_12:50_60,dte_matched_ex2122,124,18.3,45.1,52.7,97.3,98.6,9.7,37.0,42.4,74.9,83.5
SENSEX,1,G_12:50_60,all_days,1352,20.7,46.1,59.6,95.0,220.9,11.3,36.8,48.6,75.4,205.2
SENSEX,1,G_12:50_60,dte_matched,124,18.3,45.1,52.7,97.3,98.6,9.7,37.0,42.4,74.9,83.5
SENSEX,1,G_12:50_60,dte_matched_ex2122,124,18.3,45.1,52.7,97.3,98.6,9.7,37.0,42.4,74.9,83.5
SENSEX,1,G_12:50_60,all_days,1352,20.7,46.1,59.6,95.0,220.9,11.3,36.8,48.6,75.4,205.2
SENSEX,1,G_12:50_60,dte_matched,124,18.3,45.1,52.7,97.3,98.6,9.7,37.0,42.4,74.9,83.5
SENSEX,1,G_12:50_60,dte_matched_ex2122,124,18.3,45.1,52.7,97.3,98.6,9.7,37.0,42.4,74.9,83.5
SENSEX,1,G_12:50_60,all_days,1352,20.7,46.1,59.6,95.0,220.9,11.3,36.8,48.6,75.4,205.2
SENSEX,1,G_12:50_90,dte_matched,124,23.8,59.9,76.5,99.8,139.8,14.6,51.0,70.0,93.8,120.8
SENSEX,1,G_12:50_90,dte_matched_ex2122,124,23.8,59.9,76.5,99.8,139.8,14.6,51.0,70.0,93.8,120.8
SENSEX,1,G_12:50_90,all_days,1352,25.9,59.9,76.5,125.3,220.9,14.1,48.3,61.6,98.5,192.3
SENSEX,1,G_12:50_90,dte_matched,124,23.8,59.9,76.5,99.8,139.8,14.6,51.0,70.0,93.8,120.8
SENSEX,1,G_12:50_90,dte_matched_ex2122,124,23.8,59.9,76.5,99.8,139.8,14.6,51.0,70.0,93.8,120.8
SENSEX,1,G_12:50_90,all_days,1352,25.9,59.9,76.5,125.3,220.9,14.1,48.3,61.6,98.5,192.3
SENSEX,1,G_12:50_90,dte_matched,124,23.8,59.9,76.5,99.8,139.8,14.6,51.0,70.0,93.8,120.8
SENSEX,1,G_12:50_90,dte_matched_ex2122,124,23.8,59.9,76.5,99.8,139.8,14.6,51.0,70.0,93.8,120.8
SENSEX,1,G_12:50_90,all_days,1352,25.9,59.9,76.5,125.3,220.9,14.1,48.3,61.6,98.5,192.3
SENSEX,1,G_12:50_H,dte_matched,124,32.1,77.1,110.1,167.4,180.3,19.6,62.8,88.7,140.4,153.2
SENSEX,1,G_12:50_H,dte_matched_ex2122,124,32.1,77.1,110.1,167.4,180.3,19.6,62.8,88.7,140.4,153.2
SENSEX,1,G_12:50_H,all_days,1352,37.1,86.1,107.5,167.7,299.5,22.4,68.0,86.3,140.4,260.9
SENSEX,1,G_12:50_H,dte_matched,124,32.1,77.1,110.1,167.4,180.3,19.6,62.8,88.7,140.4,153.2
SENSEX,1,G_12:50_H,dte_matched_ex2122,124,32.1,77.1,110.1,167.4,180.3,19.6,62.8,88.7,140.4,153.2
SENSEX,1,G_12:50_H,all_days,1352,37.1,86.1,107.5,167.7,299.5,22.4,68.0,86.3,140.4,260.9
SENSEX,1,G_12:50_H,dte_matched,124,32.1,77.1,110.1,167.4,180.3,19.6,62.8,88.7,140.4,153.2
SENSEX,1,G_12:50_H,dte_matched_ex2122,124,32.1,77.1,110.1,167.4,180.3,19.6,62.8,88.7,140.4,153.2
SENSEX,1,G_12:50_H,all_days,1352,37.1,86.1,107.5,167.7,299.5,22.4,68.0,86.3,140.4,260.9
SENSEX,1,G_13:20_120,dte_matched,124,26.2,65.3,95.5,176.4,179.1,15.8,52.4,74.1,149.4,155.9
SENSEX,1,G_13:20_120,dte_matched_ex2122,124,26.2,65.3,95.5,176.4,179.1,15.8,52.4,74.1,149.4,155.9
SENSEX,1,G_13:20_120,all_days,1352,34.9,78.5,99.1,147.0,273.4,20.1,62.4,80.6,128.6,191.8
SENSEX,1,G_13:20_120,dte_matched,124,26.2,65.3,95.5,176.4,179.1,15.8,52.4,74.1,149.4,155.9
SENSEX,1,G_13:20_120,dte_matched_ex2122,124,26.2,65.3,95.5,176.4,179.1,15.8,52.4,74.1,149.4,155.9
SENSEX,1,G_13:20_120,all_days,1352,34.9,78.5,99.1,147.0,273.4,20.1,62.4,80.6,128.6,191.8
SENSEX,1,G_13:20_120,dte_matched,124,26.2,65.3,95.5,176.4,179.1,15.8,52.4,74.1,149.4,155.9
SENSEX,1,G_13:20_120,dte_matched_ex2122,124,26.2,65.3,95.5,176.4,179.1,15.8,52.4,74.1,149.4,155.9
SENSEX,1,G_13:20_120,all_days,1352,34.9,78.5,99.1,147.0,273.4,20.1,62.4,80.6,128.6,191.8
SENSEX,1,G_13:20_60,dte_matched,124,19.7,53.0,58.1,95.9,146.7,9.5,36.2,53.1,90.0,127.6
SENSEX,1,G_13:20_60,dte_matched_ex2122,124,19.7,53.0,58.1,95.9,146.7,9.5,36.2,53.1,90.0,127.6
SENSEX,1,G_13:20_60,all_days,1352,22.3,50.6,66.2,110.2,153.8,12.3,39.2,51.6,86.7,139.3
SENSEX,1,G_13:20_60,dte_matched,124,19.7,53.0,58.1,95.9,146.7,9.5,36.2,53.1,90.0,127.6
SENSEX,1,G_13:20_60,dte_matched_ex2122,124,19.7,53.0,58.1,95.9,146.7,9.5,36.2,53.1,90.0,127.6
SENSEX,1,G_13:20_60,all_days,1352,22.3,50.6,66.2,110.2,153.8,12.3,39.2,51.6,86.7,139.3
SENSEX,1,G_13:20_60,dte_matched,124,19.7,53.0,58.1,95.9,146.7,9.5,36.2,53.1,90.0,127.6
SENSEX,1,G_13:20_60,dte_matched_ex2122,124,19.7,53.0,58.1,95.9,146.7,9.5,36.2,53.1,90.0,127.6
SENSEX,1,G_13:20_60,all_days,1352,22.3,50.6,66.2,110.2,153.8,12.3,39.2,51.6,86.7,139.3
SENSEX,1,G_13:20_90,dte_matched,124,22.9,58.1,94.6,134.6,165.6,11.6,48.2,84.2,133.6,165.6
SENSEX,1,G_13:20_90,dte_matched_ex2122,124,22.9,58.1,94.6,134.6,165.6,11.6,48.2,84.2,133.6,165.6
SENSEX,1,G_13:20_90,all_days,1352,27.5,64.7,81.3,132.0,263.7,15.0,49.9,63.7,115.0,262.9
SENSEX,1,G_13:20_90,dte_matched,124,22.9,58.1,94.6,134.6,165.6,11.6,48.2,84.2,133.6,165.6
SENSEX,1,G_13:20_90,dte_matched_ex2122,124,22.9,58.1,94.6,134.6,165.6,11.6,48.2,84.2,133.6,165.6
SENSEX,1,G_13:20_90,all_days,1352,27.5,64.7,81.3,132.0,263.7,15.0,49.9,63.7,115.0,262.9
SENSEX,1,G_13:20_90,dte_matched,124,22.9,58.1,94.6,134.6,165.6,11.6,48.2,84.2,133.6,165.6
SENSEX,1,G_13:20_90,dte_matched_ex2122,124,22.9,58.1,94.6,134.6,165.6,11.6,48.2,84.2,133.6,165.6
SENSEX,1,G_13:20_90,all_days,1352,27.5,64.7,81.3,132.0,263.7,15.0,49.9,63.7,115.0,262.9
SENSEX,1,G_13:20_H,dte_matched,124,26.2,65.3,95.5,176.4,179.1,15.8,52.4,74.1,149.4,155.9
SENSEX,1,G_13:20_H,dte_matched_ex2122,124,26.2,65.3,95.5,176.4,179.1,15.8,52.4,74.1,149.4,155.9
SENSEX,1,G_13:20_H,all_days,1352,34.9,78.5,99.1,147.0,273.4,20.1,62.4,80.6,128.6,191.8
SENSEX,1,G_13:20_H,dte_matched,124,26.2,65.3,95.5,176.4,179.1,15.8,52.4,74.1,149.4,155.9
SENSEX,1,G_13:20_H,dte_matched_ex2122,124,26.2,65.3,95.5,176.4,179.1,15.8,52.4,74.1,149.4,155.9
SENSEX,1,G_13:20_H,all_days,1352,34.9,78.5,99.1,147.0,273.4,20.1,62.4,80.6,128.6,191.8
SENSEX,1,G_13:20_H,dte_matched,124,26.2,65.3,95.5,176.4,179.1,15.8,52.4,74.1,149.4,155.9
SENSEX,1,G_13:20_H,dte_matched_ex2122,124,26.2,65.3,95.5,176.4,179.1,15.8,52.4,74.1,149.4,155.9
SENSEX,1,G_13:20_H,all_days,1352,34.9,78.5,99.1,147.0,273.4,20.1,62.4,80.6,128.6,191.8
SENSEX,1,G_13:50_120,dte_matched,124,24.0,60.3,79.3,122.9,172.2,12.9,45.7,65.3,101.7,145.2
SENSEX,1,G_13:50_120,dte_matched_ex2122,124,24.0,60.3,79.3,122.9,172.2,12.9,45.7,65.3,101.7,145.2
SENSEX,1,G_13:50_120,all_days,1353,30.4,69.6,82.9,124.9,205.1,17.3,56.5,69.1,106.8,194.0
SENSEX,1,G_13:50_120,dte_matched,124,24.0,60.3,79.3,122.9,172.2,12.9,45.7,65.3,101.7,145.2
SENSEX,1,G_13:50_120,dte_matched_ex2122,124,24.0,60.3,79.3,122.9,172.2,12.9,45.7,65.3,101.7,145.2
SENSEX,1,G_13:50_120,all_days,1353,30.4,69.6,82.9,124.9,205.1,17.3,56.5,69.1,106.8,194.0
SENSEX,1,G_13:50_120,dte_matched,124,24.0,60.3,79.3,122.9,172.2,12.9,45.7,65.3,101.7,145.2
SENSEX,1,G_13:50_120,dte_matched_ex2122,124,24.0,60.3,79.3,122.9,172.2,12.9,45.7,65.3,101.7,145.2
SENSEX,1,G_13:50_120,all_days,1353,30.4,69.6,82.9,124.9,205.1,17.3,56.5,69.1,106.8,194.0
SENSEX,1,G_13:50_60,dte_matched,124,21.0,45.5,53.8,114.3,130.4,10.9,38.4,47.7,114.3,129.4
SENSEX,1,G_13:50_60,dte_matched_ex2122,124,21.0,45.5,53.8,114.3,130.4,10.9,38.4,47.7,114.3,129.4
SENSEX,1,G_13:50_60,all_days,1353,23.0,51.4,66.1,105.0,187.6,12.5,39.7,51.3,86.1,186.8
SENSEX,1,G_13:50_60,dte_matched,124,21.0,45.5,53.8,114.3,130.4,10.9,38.4,47.7,114.3,129.4
SENSEX,1,G_13:50_60,dte_matched_ex2122,124,21.0,45.5,53.8,114.3,130.4,10.9,38.4,47.7,114.3,129.4
SENSEX,1,G_13:50_60,all_days,1353,23.0,51.4,66.1,105.0,187.6,12.5,39.7,51.3,86.1,186.8
SENSEX,1,G_13:50_60,dte_matched,124,21.0,45.5,53.8,114.3,130.4,10.9,38.4,47.7,114.3,129.4
SENSEX,1,G_13:50_60,dte_matched_ex2122,124,21.0,45.5,53.8,114.3,130.4,10.9,38.4,47.7,114.3,129.4
SENSEX,1,G_13:50_60,all_days,1353,23.0,51.4,66.1,105.0,187.6,12.5,39.7,51.3,86.1,186.8
SENSEX,1,G_13:50_90,dte_matched,124,24.0,60.3,79.3,122.9,172.2,12.9,45.7,65.3,101.7,145.2
SENSEX,1,G_13:50_90,dte_matched_ex2122,124,24.0,60.3,79.3,122.9,172.2,12.9,45.7,65.3,101.7,145.2
SENSEX,1,G_13:50_90,all_days,1353,30.4,69.6,82.9,124.9,205.1,17.3,56.5,69.1,106.8,194.0
SENSEX,1,G_13:50_90,dte_matched,124,24.0,60.3,79.3,122.9,172.2,12.9,45.7,65.3,101.7,145.2
SENSEX,1,G_13:50_90,dte_matched_ex2122,124,24.0,60.3,79.3,122.9,172.2,12.9,45.7,65.3,101.7,145.2
SENSEX,1,G_13:50_90,all_days,1353,30.4,69.6,82.9,124.9,205.1,17.3,56.5,69.1,106.8,194.0
SENSEX,1,G_13:50_90,dte_matched,124,24.0,60.3,79.3,122.9,172.2,12.9,45.7,65.3,101.7,145.2
SENSEX,1,G_13:50_90,dte_matched_ex2122,124,24.0,60.3,79.3,122.9,172.2,12.9,45.7,65.3,101.7,145.2
SENSEX,1,G_13:50_90,all_days,1353,30.4,69.6,82.9,124.9,205.1,17.3,56.5,69.1,106.8,194.0
SENSEX,1,G_13:50_H,dte_matched,124,24.0,60.3,79.3,122.9,172.2,12.9,45.7,65.3,101.7,145.2
SENSEX,1,G_13:50_H,dte_matched_ex2122,124,24.0,60.3,79.3,122.9,172.2,12.9,45.7,65.3,101.7,145.2
SENSEX,1,G_13:50_H,all_days,1353,30.4,69.6,82.9,124.9,205.1,17.3,56.5,69.1,106.8,194.0
SENSEX,1,G_13:50_H,dte_matched,124,24.0,60.3,79.3,122.9,172.2,12.9,45.7,65.3,101.7,145.2
SENSEX,1,G_13:50_H,dte_matched_ex2122,124,24.0,60.3,79.3,122.9,172.2,12.9,45.7,65.3,101.7,145.2
SENSEX,1,G_13:50_H,all_days,1353,30.4,69.6,82.9,124.9,205.1,17.3,56.5,69.1,106.8,194.0
SENSEX,1,G_13:50_H,dte_matched,124,24.0,60.3,79.3,122.9,172.2,12.9,45.7,65.3,101.7,145.2
SENSEX,1,G_13:50_H,dte_matched_ex2122,124,24.0,60.3,79.3,122.9,172.2,12.9,45.7,65.3,101.7,145.2
SENSEX,1,G_13:50_H,all_days,1353,30.4,69.6,82.9,124.9,205.1,17.3,56.5,69.1,106.8,194.0
SENSEX,1,G_14:20_120,dte_matched,124,20.3,50.3,77.8,98.6,105.4,10.7,41.3,55.2,86.1,89.6
SENSEX,1,G_14:20_120,dte_matched_ex2122,124,20.3,50.3,77.8,98.6,105.4,10.7,41.3,55.2,86.1,89.6
SENSEX,1,G_14:20_120,all_days,1353,25.7,57.3,71.4,108.0,195.4,15.5,46.3,60.6,88.6,194.1
SENSEX,1,G_14:20_120,dte_matched,124,20.3,50.3,77.8,98.6,105.4,10.7,41.3,55.2,86.1,89.6
SENSEX,1,G_14:20_120,dte_matched_ex2122,124,20.3,50.3,77.8,98.6,105.4,10.7,41.3,55.2,86.1,89.6
SENSEX,1,G_14:20_120,all_days,1353,25.7,57.3,71.4,108.0,195.4,15.5,46.3,60.6,88.6,194.1
SENSEX,1,G_14:20_120,dte_matched,124,20.3,50.3,77.8,98.6,105.4,10.7,41.3,55.2,86.1,89.6
SENSEX,1,G_14:20_120,dte_matched_ex2122,124,20.3,50.3,77.8,98.6,105.4,10.7,41.3,55.2,86.1,89.6
SENSEX,1,G_14:20_120,all_days,1353,25.7,57.3,71.4,108.0,195.4,15.5,46.3,60.6,88.6,194.1
SENSEX,1,G_14:20_60,dte_matched,124,20.3,50.3,77.8,98.6,105.4,10.7,41.3,55.2,86.1,89.6
SENSEX,1,G_14:20_60,dte_matched_ex2122,124,20.3,50.3,77.8,98.6,105.4,10.7,41.3,55.2,86.1,89.6
SENSEX,1,G_14:20_60,all_days,1353,25.7,57.3,71.4,108.0,195.4,15.5,46.3,60.6,88.6,194.1
SENSEX,1,G_14:20_60,dte_matched,124,20.3,50.3,77.8,98.6,105.4,10.7,41.3,55.2,86.1,89.6
SENSEX,1,G_14:20_60,dte_matched_ex2122,124,20.3,50.3,77.8,98.6,105.4,10.7,41.3,55.2,86.1,89.6
SENSEX,1,G_14:20_60,all_days,1353,25.7,57.3,71.4,108.0,195.4,15.5,46.3,60.6,88.6,194.1
SENSEX,1,G_14:20_60,dte_matched,124,20.3,50.3,77.8,98.6,105.4,10.7,41.3,55.2,86.1,89.6
SENSEX,1,G_14:20_60,dte_matched_ex2122,124,20.3,50.3,77.8,98.6,105.4,10.7,41.3,55.2,86.1,89.6
SENSEX,1,G_14:20_60,all_days,1353,25.7,57.3,71.4,108.0,195.4,15.5,46.3,60.6,88.6,194.1
SENSEX,1,G_14:20_90,dte_matched,124,20.3,50.3,77.8,98.6,105.4,10.7,41.3,55.2,86.1,89.6
SENSEX,1,G_14:20_90,dte_matched_ex2122,124,20.3,50.3,77.8,98.6,105.4,10.7,41.3,55.2,86.1,89.6
SENSEX,1,G_14:20_90,all_days,1353,25.7,57.3,71.4,108.0,195.4,15.5,46.3,60.6,88.6,194.1
SENSEX,1,G_14:20_90,dte_matched,124,20.3,50.3,77.8,98.6,105.4,10.7,41.3,55.2,86.1,89.6
SENSEX,1,G_14:20_90,dte_matched_ex2122,124,20.3,50.3,77.8,98.6,105.4,10.7,41.3,55.2,86.1,89.6
SENSEX,1,G_14:20_90,all_days,1353,25.7,57.3,71.4,108.0,195.4,15.5,46.3,60.6,88.6,194.1
SENSEX,1,G_14:20_90,dte_matched,124,20.3,50.3,77.8,98.6,105.4,10.7,41.3,55.2,86.1,89.6
SENSEX,1,G_14:20_90,dte_matched_ex2122,124,20.3,50.3,77.8,98.6,105.4,10.7,41.3,55.2,86.1,89.6
SENSEX,1,G_14:20_90,all_days,1353,25.7,57.3,71.4,108.0,195.4,15.5,46.3,60.6,88.6,194.1
SENSEX,1,G_14:20_H,dte_matched,124,20.3,50.3,77.8,98.6,105.4,10.7,41.3,55.2,86.1,89.6
SENSEX,1,G_14:20_H,dte_matched_ex2122,124,20.3,50.3,77.8,98.6,105.4,10.7,41.3,55.2,86.1,89.6
SENSEX,1,G_14:20_H,all_days,1353,25.7,57.3,71.4,108.0,195.4,15.5,46.3,60.6,88.6,194.1
SENSEX,1,G_14:20_H,dte_matched,124,20.3,50.3,77.8,98.6,105.4,10.7,41.3,55.2,86.1,89.6
SENSEX,1,G_14:20_H,dte_matched_ex2122,124,20.3,50.3,77.8,98.6,105.4,10.7,41.3,55.2,86.1,89.6
SENSEX,1,G_14:20_H,all_days,1353,25.7,57.3,71.4,108.0,195.4,15.5,46.3,60.6,88.6,194.1
SENSEX,1,G_14:20_H,dte_matched,124,20.3,50.3,77.8,98.6,105.4,10.7,41.3,55.2,86.1,89.6
SENSEX,1,G_14:20_H,dte_matched_ex2122,124,20.3,50.3,77.8,98.6,105.4,10.7,41.3,55.2,86.1,89.6
SENSEX,1,G_14:20_H,all_days,1353,25.7,57.3,71.4,108.0,195.4,15.5,46.3,60.6,88.6,194.1
SENSEX,1,G_14:30_120,dte_matched,124,18.4,44.2,58.2,95.8,125.4,9.4,36.6,45.5,73.1,86.9
SENSEX,1,G_14:30_120,dte_matched_ex2122,124,18.4,44.2,58.2,95.8,125.4,9.4,36.6,45.5,73.1,86.9
SENSEX,1,G_14:30_120,all_days,1353,23.5,52.9,66.9,107.2,188.2,14.0,42.8,53.9,82.1,186.8
SENSEX,1,G_14:30_120,dte_matched,124,18.4,44.2,58.2,95.8,125.4,9.4,36.6,45.5,73.1,86.9
SENSEX,1,G_14:30_120,dte_matched_ex2122,124,18.4,44.2,58.2,95.8,125.4,9.4,36.6,45.5,73.1,86.9
SENSEX,1,G_14:30_120,all_days,1353,23.5,52.9,66.9,107.2,188.2,14.0,42.8,53.9,82.1,186.8
SENSEX,1,G_14:30_120,dte_matched,124,18.4,44.2,58.2,95.8,125.4,9.4,36.6,45.5,73.1,86.9
SENSEX,1,G_14:30_120,dte_matched_ex2122,124,18.4,44.2,58.2,95.8,125.4,9.4,36.6,45.5,73.1,86.9
SENSEX,1,G_14:30_120,all_days,1353,23.5,52.9,66.9,107.2,188.2,14.0,42.8,53.9,82.1,186.8
SENSEX,1,G_14:30_60,dte_matched,124,18.4,44.2,58.2,95.8,125.4,9.4,36.6,45.5,73.1,86.9
SENSEX,1,G_14:30_60,dte_matched_ex2122,124,18.4,44.2,58.2,95.8,125.4,9.4,36.6,45.5,73.1,86.9
SENSEX,1,G_14:30_60,all_days,1353,23.5,52.9,66.9,107.2,188.2,14.0,42.8,53.9,82.1,186.8
SENSEX,1,G_14:30_60,dte_matched,124,18.4,44.2,58.2,95.8,125.4,9.4,36.6,45.5,73.1,86.9
SENSEX,1,G_14:30_60,dte_matched_ex2122,124,18.4,44.2,58.2,95.8,125.4,9.4,36.6,45.5,73.1,86.9
SENSEX,1,G_14:30_60,all_days,1353,23.5,52.9,66.9,107.2,188.2,14.0,42.8,53.9,82.1,186.8
SENSEX,1,G_14:30_60,dte_matched,124,18.4,44.2,58.2,95.8,125.4,9.4,36.6,45.5,73.1,86.9
SENSEX,1,G_14:30_60,dte_matched_ex2122,124,18.4,44.2,58.2,95.8,125.4,9.4,36.6,45.5,73.1,86.9
SENSEX,1,G_14:30_60,all_days,1353,23.5,52.9,66.9,107.2,188.2,14.0,42.8,53.9,82.1,186.8
SENSEX,1,G_14:30_90,dte_matched,124,18.4,44.2,58.2,95.8,125.4,9.4,36.6,45.5,73.1,86.9
SENSEX,1,G_14:30_90,dte_matched_ex2122,124,18.4,44.2,58.2,95.8,125.4,9.4,36.6,45.5,73.1,86.9
SENSEX,1,G_14:30_90,all_days,1353,23.5,52.9,66.9,107.2,188.2,14.0,42.8,53.9,82.1,186.8
SENSEX,1,G_14:30_90,dte_matched,124,18.4,44.2,58.2,95.8,125.4,9.4,36.6,45.5,73.1,86.9
SENSEX,1,G_14:30_90,dte_matched_ex2122,124,18.4,44.2,58.2,95.8,125.4,9.4,36.6,45.5,73.1,86.9
SENSEX,1,G_14:30_90,all_days,1353,23.5,52.9,66.9,107.2,188.2,14.0,42.8,53.9,82.1,186.8
SENSEX,1,G_14:30_90,dte_matched,124,18.4,44.2,58.2,95.8,125.4,9.4,36.6,45.5,73.1,86.9
SENSEX,1,G_14:30_90,dte_matched_ex2122,124,18.4,44.2,58.2,95.8,125.4,9.4,36.6,45.5,73.1,86.9
SENSEX,1,G_14:30_90,all_days,1353,23.5,52.9,66.9,107.2,188.2,14.0,42.8,53.9,82.1,186.8
SENSEX,1,G_14:30_H,dte_matched,124,18.4,44.2,58.2,95.8,125.4,9.4,36.6,45.5,73.1,86.9
SENSEX,1,G_14:30_H,dte_matched_ex2122,124,18.4,44.2,58.2,95.8,125.4,9.4,36.6,45.5,73.1,86.9
SENSEX,1,G_14:30_H,all_days,1353,23.5,52.9,66.9,107.2,188.2,14.0,42.8,53.9,82.1,186.8
SENSEX,1,G_14:30_H,dte_matched,124,18.4,44.2,58.2,95.8,125.4,9.4,36.6,45.5,73.1,86.9
SENSEX,1,G_14:30_H,dte_matched_ex2122,124,18.4,44.2,58.2,95.8,125.4,9.4,36.6,45.5,73.1,86.9
SENSEX,1,G_14:30_H,all_days,1353,23.5,52.9,66.9,107.2,188.2,14.0,42.8,53.9,82.1,186.8
SENSEX,1,G_14:30_H,dte_matched,124,18.4,44.2,58.2,95.8,125.4,9.4,36.6,45.5,73.1,86.9
SENSEX,1,G_14:30_H,dte_matched_ex2122,124,18.4,44.2,58.2,95.8,125.4,9.4,36.6,45.5,73.1,86.9
SENSEX,1,G_14:30_H,all_days,1353,23.5,52.9,66.9,107.2,188.2,14.0,42.8,53.9,82.1,186.8
SENSEX,2,DEP_0930_1100,dte_matched,125,35.1,70.6,89.8,101.5,151.2,20.1,57.9,68.9,91.2,142.9
SENSEX,2,DEP_0930_1100,dte_matched_ex2122,125,35.1,70.6,89.8,101.5,151.2,20.1,57.9,68.9,91.2,142.9
SENSEX,2,DEP_0930_1100,all_days,1353,34.4,70.6,86.9,121.4,211.2,20.1,54.5,70.8,101.8,170.4
SENSEX,2,DEP_0930_1100,dte_matched,125,35.1,70.6,89.8,101.5,151.2,20.1,57.9,68.9,91.2,142.9
SENSEX,2,DEP_0930_1100,dte_matched_ex2122,125,35.1,70.6,89.8,101.5,151.2,20.1,57.9,68.9,91.2,142.9
SENSEX,2,DEP_0930_1100,all_days,1353,34.4,70.6,86.9,121.4,211.2,20.1,54.5,70.8,101.8,170.4
SENSEX,2,DEP_0930_1100,dte_matched,125,35.1,70.6,89.8,101.5,151.2,20.1,57.9,68.9,91.2,142.9
SENSEX,2,DEP_0930_1100,dte_matched_ex2122,125,35.1,70.6,89.8,101.5,151.2,20.1,57.9,68.9,91.2,142.9
SENSEX,2,DEP_0930_1100,all_days,1353,34.4,70.6,86.9,121.4,211.2,20.1,54.5,70.8,101.8,170.4
SENSEX,2,DEP_1000_1200,dte_matched,125,34.5,68.8,84.7,127.3,238.3,17.6,59.3,69.1,126.5,164.6
SENSEX,2,DEP_1000_1200,dte_matched_ex2122,125,34.5,68.8,84.7,127.3,238.3,17.6,59.3,69.1,126.5,164.6
SENSEX,2,DEP_1000_1200,all_days,1353,32.3,68.5,84.7,126.6,361.0,19.2,52.6,66.0,110.4,334.5
SENSEX,2,DEP_1000_1200,dte_matched,125,34.5,68.8,84.7,127.3,238.3,17.6,59.3,69.1,126.5,164.6
SENSEX,2,DEP_1000_1200,dte_matched_ex2122,125,34.5,68.8,84.7,127.3,238.3,17.6,59.3,69.1,126.5,164.6
SENSEX,2,DEP_1000_1200,all_days,1353,32.3,68.5,84.7,126.6,361.0,19.2,52.6,66.0,110.4,334.5
SENSEX,2,DEP_1000_1200,dte_matched,125,34.5,68.8,84.7,127.3,238.3,17.6,59.3,69.1,126.5,164.6
SENSEX,2,DEP_1000_1200,dte_matched_ex2122,125,34.5,68.8,84.7,127.3,238.3,17.6,59.3,69.1,126.5,164.6
SENSEX,2,DEP_1000_1200,all_days,1353,32.3,68.5,84.7,126.6,361.0,19.2,52.6,66.0,110.4,334.5
SENSEX,2,DEP_1030_1200,dte_matched,125,26.8,60.0,70.7,95.8,212.0,14.9,52.8,56.9,77.7,138.5
SENSEX,2,DEP_1030_1200,dte_matched_ex2122,125,26.8,60.0,70.7,95.8,212.0,14.9,52.8,56.9,77.7,138.5
SENSEX,2,DEP_1030_1200,all_days,1353,25.5,55.0,69.0,111.0,351.4,14.6,42.9,54.5,100.2,324.9
SENSEX,2,DEP_1030_1200,dte_matched,125,26.8,60.0,70.7,95.8,212.0,14.9,52.8,56.9,77.7,138.5
SENSEX,2,DEP_1030_1200,dte_matched_ex2122,125,26.8,60.0,70.7,95.8,212.0,14.9,52.8,56.9,77.7,138.5
SENSEX,2,DEP_1030_1200,all_days,1353,25.5,55.0,69.0,111.0,351.4,14.6,42.9,54.5,100.2,324.9
SENSEX,2,DEP_1030_1200,dte_matched,125,26.8,60.0,70.7,95.8,212.0,14.9,52.8,56.9,77.7,138.5
SENSEX,2,DEP_1030_1200,dte_matched_ex2122,125,26.8,60.0,70.7,95.8,212.0,14.9,52.8,56.9,77.7,138.5
SENSEX,2,DEP_1030_1200,all_days,1353,25.5,55.0,69.0,111.0,351.4,14.6,42.9,54.5,100.2,324.9
SENSEX,2,DEP_1300_1400,dte_matched,125,18.1,39.7,50.2,63.0,64.6,10.8,26.5,31.8,52.0,64.2
SENSEX,2,DEP_1300_1400,dte_matched_ex2122,125,18.1,39.7,50.2,63.0,64.6,10.8,26.5,31.8,52.0,64.2
SENSEX,2,DEP_1300_1400,all_days,1352,21.0,47.6,61.0,94.2,198.6,11.6,35.6,49.9,77.8,166.7
SENSEX,2,DEP_1300_1400,dte_matched,125,18.1,39.7,50.2,63.0,64.6,10.8,26.5,31.8,52.0,64.2
SENSEX,2,DEP_1300_1400,dte_matched_ex2122,125,18.1,39.7,50.2,63.0,64.6,10.8,26.5,31.8,52.0,64.2
SENSEX,2,DEP_1300_1400,all_days,1352,21.0,47.6,61.0,94.2,198.6,11.6,35.6,49.9,77.8,166.7
SENSEX,2,DEP_1300_1400,dte_matched,125,18.1,39.7,50.2,63.0,64.6,10.8,26.5,31.8,52.0,64.2
SENSEX,2,DEP_1300_1400,dte_matched_ex2122,125,18.1,39.7,50.2,63.0,64.6,10.8,26.5,31.8,52.0,64.2
SENSEX,2,DEP_1300_1400,all_days,1352,21.0,47.6,61.0,94.2,198.6,11.6,35.6,49.9,77.8,166.7
SENSEX,2,DEP_1300_1520,dte_matched,125,33.1,69.7,85.1,99.6,131.4,18.8,54.3,66.7,95.7,96.2
SENSEX,2,DEP_1300_1520,dte_matched_ex2122,125,33.1,69.7,85.1,99.6,131.4,18.8,54.3,66.7,95.7,96.2
SENSEX,2,DEP_1300_1520,all_days,1352,37.5,81.8,105.1,161.5,316.0,21.8,66.3,85.2,133.5,201.7
SENSEX,2,DEP_1300_1520,dte_matched,125,33.1,69.7,85.1,99.6,131.4,18.8,54.3,66.7,95.7,96.2
SENSEX,2,DEP_1300_1520,dte_matched_ex2122,125,33.1,69.7,85.1,99.6,131.4,18.8,54.3,66.7,95.7,96.2
SENSEX,2,DEP_1300_1520,all_days,1352,37.5,81.8,105.1,161.5,316.0,21.8,66.3,85.2,133.5,201.7
SENSEX,2,DEP_1300_1520,dte_matched,125,33.1,69.7,85.1,99.6,131.4,18.8,54.3,66.7,95.7,96.2
SENSEX,2,DEP_1300_1520,dte_matched_ex2122,125,33.1,69.7,85.1,99.6,131.4,18.8,54.3,66.7,95.7,96.2
SENSEX,2,DEP_1300_1520,all_days,1352,37.5,81.8,105.1,161.5,316.0,21.8,66.3,85.2,133.5,201.7
SENSEX,2,G_09:20_120,dte_matched,125,39.3,78.7,98.4,152.0,191.4,21.6,58.2,81.9,147.1,178.6
SENSEX,2,G_09:20_120,dte_matched_ex2122,125,39.3,78.7,98.4,152.0,191.4,21.6,58.2,81.9,147.1,178.6
SENSEX,2,G_09:20_120,all_days,1353,39.7,80.0,99.5,136.4,354.5,23.2,60.1,80.5,110.4,261.9
SENSEX,2,G_09:20_120,dte_matched,125,39.3,78.7,98.4,152.0,191.4,21.6,58.2,81.9,147.1,178.6
SENSEX,2,G_09:20_120,dte_matched_ex2122,125,39.3,78.7,98.4,152.0,191.4,21.6,58.2,81.9,147.1,178.6
SENSEX,2,G_09:20_120,all_days,1353,39.7,80.0,99.5,136.4,354.5,23.2,60.1,80.5,110.4,261.9
SENSEX,2,G_09:20_120,dte_matched,125,39.3,78.7,98.4,152.0,191.4,21.6,58.2,81.9,147.1,178.6
SENSEX,2,G_09:20_120,dte_matched_ex2122,125,39.3,78.7,98.4,152.0,191.4,21.6,58.2,81.9,147.1,178.6
SENSEX,2,G_09:20_120,all_days,1353,39.7,80.0,99.5,136.4,354.5,23.2,60.1,80.5,110.4,261.9
SENSEX,2,G_09:20_60,dte_matched,125,33.2,67.8,75.2,99.3,133.9,19.4,51.1,66.7,89.5,110.0
SENSEX,2,G_09:20_60,dte_matched_ex2122,125,33.2,67.8,75.2,99.3,133.9,19.4,51.1,66.7,89.5,110.0
SENSEX,2,G_09:20_60,all_days,1353,32.5,64.7,77.5,108.0,186.8,18.6,49.6,61.8,84.0,163.2
SENSEX,2,G_09:20_60,dte_matched,125,33.2,67.8,75.2,99.3,133.9,19.4,51.1,66.7,89.5,110.0
SENSEX,2,G_09:20_60,dte_matched_ex2122,125,33.2,67.8,75.2,99.3,133.9,19.4,51.1,66.7,89.5,110.0
SENSEX,2,G_09:20_60,all_days,1353,32.5,64.7,77.5,108.0,186.8,18.6,49.6,61.8,84.0,163.2
SENSEX,2,G_09:20_60,dte_matched,125,33.2,67.8,75.2,99.3,133.9,19.4,51.1,66.7,89.5,110.0
SENSEX,2,G_09:20_60,dte_matched_ex2122,125,33.2,67.8,75.2,99.3,133.9,19.4,51.1,66.7,89.5,110.0
SENSEX,2,G_09:20_60,all_days,1353,32.5,64.7,77.5,108.0,186.8,18.6,49.6,61.8,84.0,163.2
SENSEX,2,G_09:20_90,dte_matched,125,37.4,78.4,88.9,103.7,147.4,23.7,59.4,77.4,95.9,128.0
SENSEX,2,G_09:20_90,dte_matched_ex2122,125,37.4,78.4,88.9,103.7,147.4,23.7,59.4,77.4,95.9,128.0
SENSEX,2,G_09:20_90,all_days,1353,36.8,75.5,88.9,123.4,186.8,22.3,57.5,72.9,98.5,151.3
SENSEX,2,G_09:20_90,dte_matched,125,37.4,78.4,88.9,103.7,147.4,23.7,59.4,77.4,95.9,128.0
SENSEX,2,G_09:20_90,dte_matched_ex2122,125,37.4,78.4,88.9,103.7,147.4,23.7,59.4,77.4,95.9,128.0
SENSEX,2,G_09:20_90,all_days,1353,36.8,75.5,88.9,123.4,186.8,22.3,57.5,72.9,98.5,151.3
SENSEX,2,G_09:20_90,dte_matched,125,37.4,78.4,88.9,103.7,147.4,23.7,59.4,77.4,95.9,128.0
SENSEX,2,G_09:20_90,dte_matched_ex2122,125,37.4,78.4,88.9,103.7,147.4,23.7,59.4,77.4,95.9,128.0
SENSEX,2,G_09:20_90,all_days,1353,36.8,75.5,88.9,123.4,186.8,22.3,57.5,72.9,98.5,151.3
SENSEX,2,G_09:20_H,dte_matched,125,62.3,126.2,137.1,186.8,323.4,39.1,104.4,128.4,166.5,287.0
SENSEX,2,G_09:20_H,dte_matched_ex2122,125,62.3,126.2,137.1,186.8,323.4,39.1,104.4,128.4,166.5,287.0
SENSEX,2,G_09:20_H,all_days,1353,63.1,131.5,160.3,238.9,634.9,38.4,110.8,135.8,210.9,424.2
SENSEX,2,G_09:20_H,dte_matched,125,62.3,126.2,137.1,186.8,323.4,39.1,104.4,128.4,166.5,287.0
SENSEX,2,G_09:20_H,dte_matched_ex2122,125,62.3,126.2,137.1,186.8,323.4,39.1,104.4,128.4,166.5,287.0
SENSEX,2,G_09:20_H,all_days,1353,63.1,131.5,160.3,238.9,634.9,38.4,110.8,135.8,210.9,424.2
SENSEX,2,G_09:20_H,dte_matched,125,62.3,126.2,137.1,186.8,323.4,39.1,104.4,128.4,166.5,287.0
SENSEX,2,G_09:20_H,dte_matched_ex2122,125,62.3,126.2,137.1,186.8,323.4,39.1,104.4,128.4,166.5,287.0
SENSEX,2,G_09:20_H,all_days,1353,63.1,131.5,160.3,238.9,634.9,38.4,110.8,135.8,210.9,424.2
SENSEX,2,G_09:50_120,dte_matched,125,35.3,73.2,83.3,121.7,240.3,17.7,57.2,68.7,117.3,170.8
SENSEX,2,G_09:50_120,dte_matched_ex2122,125,35.3,73.2,83.3,121.7,240.3,17.7,57.2,68.7,117.3,170.8
SENSEX,2,G_09:50_120,all_days,1353,34.2,71.2,87.4,131.9,324.6,19.3,53.9,67.8,117.3,230.3
SENSEX,2,G_09:50_120,dte_matched,125,35.3,73.2,83.3,121.7,240.3,17.7,57.2,68.7,117.3,170.8
SENSEX,2,G_09:50_120,dte_matched_ex2122,125,35.3,73.2,83.3,121.7,240.3,17.7,57.2,68.7,117.3,170.8
SENSEX,2,G_09:50_120,all_days,1353,34.2,71.2,87.4,131.9,324.6,19.3,53.9,67.8,117.3,230.3
SENSEX,2,G_09:50_120,dte_matched,125,35.3,73.2,83.3,121.7,240.3,17.7,57.2,68.7,117.3,170.8
SENSEX,2,G_09:50_120,dte_matched_ex2122,125,35.3,73.2,83.3,121.7,240.3,17.7,57.2,68.7,117.3,170.8
SENSEX,2,G_09:50_120,all_days,1353,34.2,71.2,87.4,131.9,324.6,19.3,53.9,67.8,117.3,230.3
SENSEX,2,G_09:50_60,dte_matched,125,26.8,50.7,64.1,96.8,100.4,16.7,45.9,53.6,92.9,97.8
SENSEX,2,G_09:50_60,dte_matched_ex2122,125,26.8,50.7,64.1,96.8,100.4,16.7,45.9,53.6,92.9,97.8
SENSEX,2,G_09:50_60,all_days,1353,26.6,54.1,68.0,96.1,192.5,15.3,41.9,53.6,79.4,157.0
SENSEX,2,G_09:50_60,dte_matched,125,26.8,50.7,64.1,96.8,100.4,16.7,45.9,53.6,92.9,97.8
SENSEX,2,G_09:50_60,dte_matched_ex2122,125,26.8,50.7,64.1,96.8,100.4,16.7,45.9,53.6,92.9,97.8
SENSEX,2,G_09:50_60,all_days,1353,26.6,54.1,68.0,96.1,192.5,15.3,41.9,53.6,79.4,157.0
SENSEX,2,G_09:50_60,dte_matched,125,26.8,50.7,64.1,96.8,100.4,16.7,45.9,53.6,92.9,97.8
SENSEX,2,G_09:50_60,dte_matched_ex2122,125,26.8,50.7,64.1,96.8,100.4,16.7,45.9,53.6,92.9,97.8
SENSEX,2,G_09:50_60,all_days,1353,26.6,54.1,68.0,96.1,192.5,15.3,41.9,53.6,79.4,157.0
SENSEX,2,G_09:50_90,dte_matched,125,30.1,61.7,76.9,116.0,203.0,17.3,47.2,62.5,113.9,190.2
SENSEX,2,G_09:50_90,dte_matched_ex2122,125,30.1,61.7,76.9,116.0,203.0,17.3,47.2,62.5,113.9,190.2
SENSEX,2,G_09:50_90,all_days,1353,30.7,65.9,78.3,114.7,324.6,17.3,47.2,62.6,95.6,231.8
SENSEX,2,G_09:50_90,dte_matched,125,30.1,61.7,76.9,116.0,203.0,17.3,47.2,62.5,113.9,190.2
SENSEX,2,G_09:50_90,dte_matched_ex2122,125,30.1,61.7,76.9,116.0,203.0,17.3,47.2,62.5,113.9,190.2
SENSEX,2,G_09:50_90,all_days,1353,30.7,65.9,78.3,114.7,324.6,17.3,47.2,62.6,95.6,231.8
SENSEX,2,G_09:50_90,dte_matched,125,30.1,61.7,76.9,116.0,203.0,17.3,47.2,62.5,113.9,190.2
SENSEX,2,G_09:50_90,dte_matched_ex2122,125,30.1,61.7,76.9,116.0,203.0,17.3,47.2,62.5,113.9,190.2
SENSEX,2,G_09:50_90,all_days,1353,30.7,65.9,78.3,114.7,324.6,17.3,47.2,62.6,95.6,231.8
SENSEX,2,G_09:50_H,dte_matched,125,53.4,108.2,131.2,162.0,335.1,31.9,96.5,117.0,135.4,298.7
SENSEX,2,G_09:50_H,dte_matched_ex2122,125,53.4,108.2,131.2,162.0,335.1,31.9,96.5,117.0,135.4,298.7
SENSEX,2,G_09:50_H,all_days,1353,57.4,122.3,147.6,225.9,605.9,34.1,97.6,127.7,197.2,436.1
SENSEX,2,G_09:50_H,dte_matched,125,53.4,108.2,131.2,162.0,335.1,31.9,96.5,117.0,135.4,298.7
SENSEX,2,G_09:50_H,dte_matched_ex2122,125,53.4,108.2,131.2,162.0,335.1,31.9,96.5,117.0,135.4,298.7
SENSEX,2,G_09:50_H,all_days,1353,57.4,122.3,147.6,225.9,605.9,34.1,97.6,127.7,197.2,436.1
SENSEX,2,G_09:50_H,dte_matched,125,53.4,108.2,131.2,162.0,335.1,31.9,96.5,117.0,135.4,298.7
SENSEX,2,G_09:50_H,dte_matched_ex2122,125,53.4,108.2,131.2,162.0,335.1,31.9,96.5,117.0,135.4,298.7
SENSEX,2,G_09:50_H,all_days,1353,57.4,122.3,147.6,225.9,605.9,34.1,97.6,127.7,197.2,436.1
SENSEX,2,G_10:20_120,dte_matched,125,29.2,69.1,92.6,107.3,206.6,15.3,49.4,73.1,97.1,157.9
SENSEX,2,G_10:20_120,dte_matched_ex2122,125,29.2,69.1,92.6,107.3,206.6,15.3,49.4,73.1,97.1,157.9
SENSEX,2,G_10:20_120,all_days,1353,30.2,64.8,80.2,128.2,518.3,17.0,49.7,64.1,104.0,461.4
SENSEX,2,G_10:20_120,dte_matched,125,29.2,69.1,92.6,107.3,206.6,15.3,49.4,73.1,97.1,157.9
SENSEX,2,G_10:20_120,dte_matched_ex2122,125,29.2,69.1,92.6,107.3,206.6,15.3,49.4,73.1,97.1,157.9
SENSEX,2,G_10:20_120,all_days,1353,30.2,64.8,80.2,128.2,518.3,17.0,49.7,64.1,104.0,461.4
SENSEX,2,G_10:20_120,dte_matched,125,29.2,69.1,92.6,107.3,206.6,15.3,49.4,73.1,97.1,157.9
SENSEX,2,G_10:20_120,dte_matched_ex2122,125,29.2,69.1,92.6,107.3,206.6,15.3,49.4,73.1,97.1,157.9
SENSEX,2,G_10:20_120,all_days,1353,30.2,64.8,80.2,128.2,518.3,17.0,49.7,64.1,104.0,461.4
SENSEX,2,G_10:20_60,dte_matched,125,22.2,50.2,75.3,99.2,169.4,10.8,37.4,55.1,91.8,156.6
SENSEX,2,G_10:20_60,dte_matched_ex2122,125,22.2,50.2,75.3,99.2,169.4,10.8,37.4,55.1,91.8,156.6
SENSEX,2,G_10:20_60,all_days,1353,22.2,48.5,63.2,94.2,313.4,12.2,36.4,47.7,77.2,220.5
SENSEX,2,G_10:20_60,dte_matched,125,22.2,50.2,75.3,99.2,169.4,10.8,37.4,55.1,91.8,156.6
SENSEX,2,G_10:20_60,dte_matched_ex2122,125,22.2,50.2,75.3,99.2,169.4,10.8,37.4,55.1,91.8,156.6
SENSEX,2,G_10:20_60,all_days,1353,22.2,48.5,63.2,94.2,313.4,12.2,36.4,47.7,77.2,220.5
SENSEX,2,G_10:20_60,dte_matched,125,22.2,50.2,75.3,99.2,169.4,10.8,37.4,55.1,91.8,156.6
SENSEX,2,G_10:20_60,dte_matched_ex2122,125,22.2,50.2,75.3,99.2,169.4,10.8,37.4,55.1,91.8,156.6
SENSEX,2,G_10:20_60,all_days,1353,22.2,48.5,63.2,94.2,313.4,12.2,36.4,47.7,77.2,220.5
SENSEX,2,G_10:20_90,dte_matched,125,26.8,60.5,84.8,99.5,206.6,12.5,49.1,75.2,95.2,137.3
SENSEX,2,G_10:20_90,dte_matched_ex2122,125,26.8,60.5,84.8,99.5,206.6,12.5,49.1,75.2,95.2,137.3
SENSEX,2,G_10:20_90,all_days,1353,26.9,57.5,73.1,106.6,313.4,14.1,43.3,54.2,95.2,219.1
SENSEX,2,G_10:20_90,dte_matched,125,26.8,60.5,84.8,99.5,206.6,12.5,49.1,75.2,95.2,137.3
SENSEX,2,G_10:20_90,dte_matched_ex2122,125,26.8,60.5,84.8,99.5,206.6,12.5,49.1,75.2,95.2,137.3
SENSEX,2,G_10:20_90,all_days,1353,26.9,57.5,73.1,106.6,313.4,14.1,43.3,54.2,95.2,219.1
SENSEX,2,G_10:20_90,dte_matched,125,26.8,60.5,84.8,99.5,206.6,12.5,49.1,75.2,95.2,137.3
SENSEX,2,G_10:20_90,dte_matched_ex2122,125,26.8,60.5,84.8,99.5,206.6,12.5,49.1,75.2,95.2,137.3
SENSEX,2,G_10:20_90,all_days,1353,26.9,57.5,73.1,106.6,313.4,14.1,43.3,54.2,95.2,219.1
SENSEX,2,G_10:20_H,dte_matched,125,46.1,103.6,118.8,163.4,301.1,26.6,80.9,110.1,136.3,264.7
SENSEX,2,G_10:20_H,dte_matched_ex2122,125,46.1,103.6,118.8,163.4,301.1,26.6,80.9,110.1,136.3,264.7
SENSEX,2,G_10:20_H,all_days,1353,53.5,115.0,141.9,209.2,595.0,32.0,91.1,117.2,185.5,400.5
SENSEX,2,G_10:20_H,dte_matched,125,46.1,103.6,118.8,163.4,301.1,26.6,80.9,110.1,136.3,264.7
SENSEX,2,G_10:20_H,dte_matched_ex2122,125,46.1,103.6,118.8,163.4,301.1,26.6,80.9,110.1,136.3,264.7
SENSEX,2,G_10:20_H,all_days,1353,53.5,115.0,141.9,209.2,595.0,32.0,91.1,117.2,185.5,400.5
SENSEX,2,G_10:20_H,dte_matched,125,46.1,103.6,118.8,163.4,301.1,26.6,80.9,110.1,136.3,264.7
SENSEX,2,G_10:20_H,dte_matched_ex2122,125,46.1,103.6,118.8,163.4,301.1,26.6,80.9,110.1,136.3,264.7
SENSEX,2,G_10:20_H,all_days,1353,53.5,115.0,141.9,209.2,595.0,32.0,91.1,117.2,185.5,400.5
SENSEX,2,G_10:50_120,dte_matched,125,29.5,63.8,72.6,128.8,141.1,16.3,51.2,64.5,84.1,121.9
SENSEX,2,G_10:50_120,dte_matched_ex2122,125,29.5,63.8,72.6,128.8,141.1,16.3,51.2,64.5,84.1,121.9
SENSEX,2,G_10:50_120,all_days,1353,29.9,63.4,82.4,116.0,531.1,17.1,52.0,65.9,100.0,278.3
SENSEX,2,G_10:50_120,dte_matched,125,29.5,63.8,72.6,128.8,141.1,16.3,51.2,64.5,84.1,121.9
SENSEX,2,G_10:50_120,dte_matched_ex2122,125,29.5,63.8,72.6,128.8,141.1,16.3,51.2,64.5,84.1,121.9
SENSEX,2,G_10:50_120,all_days,1353,29.9,63.4,82.4,116.0,531.1,17.1,52.0,65.9,100.0,278.3
SENSEX,2,G_10:50_120,dte_matched,125,29.5,63.8,72.6,128.8,141.1,16.3,51.2,64.5,84.1,121.9
SENSEX,2,G_10:50_120,dte_matched_ex2122,125,29.5,63.8,72.6,128.8,141.1,16.3,51.2,64.5,84.1,121.9
SENSEX,2,G_10:50_120,all_days,1353,29.9,63.4,82.4,116.0,531.1,17.1,52.0,65.9,100.0,278.3
SENSEX,2,G_10:50_60,dte_matched,125,21.0,51.4,58.9,78.9,141.1,11.4,40.3,50.9,72.3,74.2
SENSEX,2,G_10:50_60,dte_matched_ex2122,125,21.0,51.4,58.9,78.9,141.1,11.4,40.3,50.9,72.3,74.2
SENSEX,2,G_10:50_60,all_days,1353,20.6,45.4,55.1,92.2,247.5,11.1,35.8,45.1,72.3,152.5
SENSEX,2,G_10:50_60,dte_matched,125,21.0,51.4,58.9,78.9,141.1,11.4,40.3,50.9,72.3,74.2
SENSEX,2,G_10:50_60,dte_matched_ex2122,125,21.0,51.4,58.9,78.9,141.1,11.4,40.3,50.9,72.3,74.2
SENSEX,2,G_10:50_60,all_days,1353,20.6,45.4,55.1,92.2,247.5,11.1,35.8,45.1,72.3,152.5
SENSEX,2,G_10:50_60,dte_matched,125,21.0,51.4,58.9,78.9,141.1,11.4,40.3,50.9,72.3,74.2
SENSEX,2,G_10:50_60,dte_matched_ex2122,125,21.0,51.4,58.9,78.9,141.1,11.4,40.3,50.9,72.3,74.2
SENSEX,2,G_10:50_60,all_days,1353,20.6,45.4,55.1,92.2,247.5,11.1,35.8,45.1,72.3,152.5
SENSEX,2,G_10:50_90,dte_matched,125,26.8,58.3,66.5,96.5,141.1,14.3,47.8,62.7,90.1,92.7
SENSEX,2,G_10:50_90,dte_matched_ex2122,125,26.8,58.3,66.5,96.5,141.1,14.3,47.8,62.7,90.1,92.7
SENSEX,2,G_10:50_90,all_days,1353,25.1,55.0,68.4,104.7,453.8,14.7,41.4,54.5,90.1,396.5
SENSEX,2,G_10:50_90,dte_matched,125,26.8,58.3,66.5,96.5,141.1,14.3,47.8,62.7,90.1,92.7
SENSEX,2,G_10:50_90,dte_matched_ex2122,125,26.8,58.3,66.5,96.5,141.1,14.3,47.8,62.7,90.1,92.7
SENSEX,2,G_10:50_90,all_days,1353,25.1,55.0,68.4,104.7,453.8,14.7,41.4,54.5,90.1,396.5
SENSEX,2,G_10:50_90,dte_matched,125,26.8,58.3,66.5,96.5,141.1,14.3,47.8,62.7,90.1,92.7
SENSEX,2,G_10:50_90,dte_matched_ex2122,125,26.8,58.3,66.5,96.5,141.1,14.3,47.8,62.7,90.1,92.7
SENSEX,2,G_10:50_90,all_days,1353,25.1,55.0,68.4,104.7,453.8,14.7,41.4,54.5,90.1,396.5
SENSEX,2,G_10:50_H,dte_matched,125,45.4,95.8,107.9,158.2,235.0,25.4,79.9,104.6,130.2,198.9
SENSEX,2,G_10:50_H,dte_matched_ex2122,125,45.4,95.8,107.9,158.2,235.0,25.4,79.9,104.6,130.2,198.9
SENSEX,2,G_10:50_H,all_days,1353,50.4,106.9,137.8,194.9,531.1,30.2,87.9,115.8,178.0,374.0
SENSEX,2,G_10:50_H,dte_matched,125,45.4,95.8,107.9,158.2,235.0,25.4,79.9,104.6,130.2,198.9
SENSEX,2,G_10:50_H,dte_matched_ex2122,125,45.4,95.8,107.9,158.2,235.0,25.4,79.9,104.6,130.2,198.9
SENSEX,2,G_10:50_H,all_days,1353,50.4,106.9,137.8,194.9,531.1,30.2,87.9,115.8,178.0,374.0
SENSEX,2,G_10:50_H,dte_matched,125,45.4,95.8,107.9,158.2,235.0,25.4,79.9,104.6,130.2,198.9
SENSEX,2,G_10:50_H,dte_matched_ex2122,125,45.4,95.8,107.9,158.2,235.0,25.4,79.9,104.6,130.2,198.9
SENSEX,2,G_10:50_H,all_days,1353,50.4,106.9,137.8,194.9,531.1,30.2,87.9,115.8,178.0,374.0
SENSEX,2,G_11:20_120,dte_matched,125,26.9,60.7,65.5,87.7,125.6,14.0,49.1,60.6,78.4,110.0
SENSEX,2,G_11:20_120,dte_matched_ex2122,125,26.9,60.7,65.5,87.7,125.6,14.0,49.1,60.6,78.4,110.0
SENSEX,2,G_11:20_120,all_days,1353,28.8,66.2,83.1,116.8,383.0,16.1,52.1,67.2,97.9,217.9
SENSEX,2,G_11:20_120,dte_matched,125,26.9,60.7,65.5,87.7,125.6,14.0,49.1,60.6,78.4,110.0
SENSEX,2,G_11:20_120,dte_matched_ex2122,125,26.9,60.7,65.5,87.7,125.6,14.0,49.1,60.6,78.4,110.0
SENSEX,2,G_11:20_120,all_days,1353,28.8,66.2,83.1,116.8,383.0,16.1,52.1,67.2,97.9,217.9
SENSEX,2,G_11:20_120,dte_matched,125,26.9,60.7,65.5,87.7,125.6,14.0,49.1,60.6,78.4,110.0
SENSEX,2,G_11:20_120,dte_matched_ex2122,125,26.9,60.7,65.5,87.7,125.6,14.0,49.1,60.6,78.4,110.0
SENSEX,2,G_11:20_120,all_days,1353,28.8,66.2,83.1,116.8,383.0,16.1,52.1,67.2,97.9,217.9
SENSEX,2,G_11:20_60,dte_matched,125,18.3,44.3,52.8,73.5,76.6,8.8,29.7,44.1,70.2,72.8
SENSEX,2,G_11:20_60,dte_matched_ex2122,125,18.3,44.3,52.8,73.5,76.6,8.8,29.7,44.1,70.2,72.8
SENSEX,2,G_11:20_60,all_days,1353,19.4,43.9,56.1,79.9,304.5,11.7,32.6,42.4,66.2,246.3
SENSEX,2,G_11:20_60,dte_matched,125,18.3,44.3,52.8,73.5,76.6,8.8,29.7,44.1,70.2,72.8
SENSEX,2,G_11:20_60,dte_matched_ex2122,125,18.3,44.3,52.8,73.5,76.6,8.8,29.7,44.1,70.2,72.8
SENSEX,2,G_11:20_60,all_days,1353,19.4,43.9,56.1,79.9,304.5,11.7,32.6,42.4,66.2,246.3
SENSEX,2,G_11:20_60,dte_matched,125,18.3,44.3,52.8,73.5,76.6,8.8,29.7,44.1,70.2,72.8
SENSEX,2,G_11:20_60,dte_matched_ex2122,125,18.3,44.3,52.8,73.5,76.6,8.8,29.7,44.1,70.2,72.8
SENSEX,2,G_11:20_60,all_days,1353,19.4,43.9,56.1,79.9,304.5,11.7,32.6,42.4,66.2,246.3
SENSEX,2,G_11:20_90,dte_matched,125,24.3,52.8,60.1,87.7,113.4,12.7,41.5,50.7,81.4,106.4
SENSEX,2,G_11:20_90,dte_matched_ex2122,125,24.3,52.8,60.1,87.7,113.4,12.7,41.5,50.7,81.4,106.4
SENSEX,2,G_11:20_90,all_days,1353,25.0,56.2,69.6,98.8,383.0,13.8,44.2,58.1,86.7,126.8
SENSEX,2,G_11:20_90,dte_matched,125,24.3,52.8,60.1,87.7,113.4,12.7,41.5,50.7,81.4,106.4
SENSEX,2,G_11:20_90,dte_matched_ex2122,125,24.3,52.8,60.1,87.7,113.4,12.7,41.5,50.7,81.4,106.4
SENSEX,2,G_11:20_90,all_days,1353,25.0,56.2,69.6,98.8,383.0,13.8,44.2,58.1,86.7,126.8
SENSEX,2,G_11:20_90,dte_matched,125,24.3,52.8,60.1,87.7,113.4,12.7,41.5,50.7,81.4,106.4
SENSEX,2,G_11:20_90,dte_matched_ex2122,125,24.3,52.8,60.1,87.7,113.4,12.7,41.5,50.7,81.4,106.4
SENSEX,2,G_11:20_90,all_days,1353,25.0,56.2,69.6,98.8,383.0,13.8,44.2,58.1,86.7,126.8
SENSEX,2,G_11:20_H,dte_matched,125,43.1,93.1,111.2,142.2,142.7,29.7,75.1,92.6,110.3,136.0
SENSEX,2,G_11:20_H,dte_matched_ex2122,125,43.1,93.1,111.2,142.2,142.7,29.7,75.1,92.6,110.3,136.0
SENSEX,2,G_11:20_H,all_days,1353,47.7,106.2,130.7,188.7,383.0,27.8,83.9,109.1,157.9,352.9
SENSEX,2,G_11:20_H,dte_matched,125,43.1,93.1,111.2,142.2,142.7,29.7,75.1,92.6,110.3,136.0
SENSEX,2,G_11:20_H,dte_matched_ex2122,125,43.1,93.1,111.2,142.2,142.7,29.7,75.1,92.6,110.3,136.0
SENSEX,2,G_11:20_H,all_days,1353,47.7,106.2,130.7,188.7,383.0,27.8,83.9,109.1,157.9,352.9
SENSEX,2,G_11:20_H,dte_matched,125,43.1,93.1,111.2,142.2,142.7,29.7,75.1,92.6,110.3,136.0
SENSEX,2,G_11:20_H,dte_matched_ex2122,125,43.1,93.1,111.2,142.2,142.7,29.7,75.1,92.6,110.3,136.0
SENSEX,2,G_11:20_H,all_days,1353,47.7,106.2,130.7,188.7,383.0,27.8,83.9,109.1,157.9,352.9
SENSEX,2,G_11:50_120,dte_matched,125,27.5,62.5,68.7,110.4,131.6,15.8,50.5,61.9,96.6,110.1
SENSEX,2,G_11:50_120,dte_matched_ex2122,125,27.5,62.5,68.7,110.4,131.6,15.8,50.5,61.9,96.6,110.1
SENSEX,2,G_11:50_120,all_days,1352,28.7,66.3,83.9,134.4,384.4,15.9,52.3,65.8,105.9,230.8
SENSEX,2,G_11:50_120,dte_matched,125,27.5,62.5,68.7,110.4,131.6,15.8,50.5,61.9,96.6,110.1
SENSEX,2,G_11:50_120,dte_matched_ex2122,125,27.5,62.5,68.7,110.4,131.6,15.8,50.5,61.9,96.6,110.1
SENSEX,2,G_11:50_120,all_days,1352,28.7,66.3,83.9,134.4,384.4,15.9,52.3,65.8,105.9,230.8
SENSEX,2,G_11:50_120,dte_matched,125,27.5,62.5,68.7,110.4,131.6,15.8,50.5,61.9,96.6,110.1
SENSEX,2,G_11:50_120,dte_matched_ex2122,125,27.5,62.5,68.7,110.4,131.6,15.8,50.5,61.9,96.6,110.1
SENSEX,2,G_11:50_120,all_days,1352,28.7,66.3,83.9,134.4,384.4,15.9,52.3,65.8,105.9,230.8
SENSEX,2,G_11:50_60,dte_matched,125,18.6,43.7,48.3,68.7,102.3,10.8,33.8,42.6,60.9,95.3
SENSEX,2,G_11:50_60,dte_matched_ex2122,125,18.6,43.7,48.3,68.7,102.3,10.8,33.8,42.6,60.9,95.3
SENSEX,2,G_11:50_60,all_days,1352,20.5,45.8,58.1,87.8,384.4,11.6,34.5,48.0,79.6,127.7
SENSEX,2,G_11:50_60,dte_matched,125,18.6,43.7,48.3,68.7,102.3,10.8,33.8,42.6,60.9,95.3
SENSEX,2,G_11:50_60,dte_matched_ex2122,125,18.6,43.7,48.3,68.7,102.3,10.8,33.8,42.6,60.9,95.3
SENSEX,2,G_11:50_60,all_days,1352,20.5,45.8,58.1,87.8,384.4,11.6,34.5,48.0,79.6,127.7
SENSEX,2,G_11:50_60,dte_matched,125,18.6,43.7,48.3,68.7,102.3,10.8,33.8,42.6,60.9,95.3
SENSEX,2,G_11:50_60,dte_matched_ex2122,125,18.6,43.7,48.3,68.7,102.3,10.8,33.8,42.6,60.9,95.3
SENSEX,2,G_11:50_60,all_days,1352,20.5,45.8,58.1,87.8,384.4,11.6,34.5,48.0,79.6,127.7
SENSEX,2,G_11:50_90,dte_matched,125,22.6,53.1,63.9,83.9,114.5,11.8,41.2,53.0,83.4,98.9
SENSEX,2,G_11:50_90,dte_matched_ex2122,125,22.6,53.1,63.9,83.9,114.5,11.8,41.2,53.0,83.4,98.9
SENSEX,2,G_11:50_90,all_days,1352,24.4,57.2,72.0,116.1,384.4,13.5,44.2,60.5,92.5,152.6
SENSEX,2,G_11:50_90,dte_matched,125,22.6,53.1,63.9,83.9,114.5,11.8,41.2,53.0,83.4,98.9
SENSEX,2,G_11:50_90,dte_matched_ex2122,125,22.6,53.1,63.9,83.9,114.5,11.8,41.2,53.0,83.4,98.9
SENSEX,2,G_11:50_90,all_days,1352,24.4,57.2,72.0,116.1,384.4,13.5,44.2,60.5,92.5,152.6
SENSEX,2,G_11:50_90,dte_matched,125,22.6,53.1,63.9,83.9,114.5,11.8,41.2,53.0,83.4,98.9
SENSEX,2,G_11:50_90,dte_matched_ex2122,125,22.6,53.1,63.9,83.9,114.5,11.8,41.2,53.0,83.4,98.9
SENSEX,2,G_11:50_90,all_days,1352,24.4,57.2,72.0,116.1,384.4,13.5,44.2,60.5,92.5,152.6
SENSEX,2,G_11:50_H,dte_matched,125,39.7,93.4,105.8,131.6,161.5,27.0,72.0,90.2,106.8,125.7
SENSEX,2,G_11:50_H,dte_matched_ex2122,125,39.7,93.4,105.8,131.6,161.5,27.0,72.0,90.2,106.8,125.7
SENSEX,2,G_11:50_H,all_days,1352,43.3,100.6,124.3,185.4,384.4,25.9,80.3,105.6,156.1,286.7
SENSEX,2,G_11:50_H,dte_matched,125,39.7,93.4,105.8,131.6,161.5,27.0,72.0,90.2,106.8,125.7
SENSEX,2,G_11:50_H,dte_matched_ex2122,125,39.7,93.4,105.8,131.6,161.5,27.0,72.0,90.2,106.8,125.7
SENSEX,2,G_11:50_H,all_days,1352,43.3,100.6,124.3,185.4,384.4,25.9,80.3,105.6,156.1,286.7
SENSEX,2,G_11:50_H,dte_matched,125,39.7,93.4,105.8,131.6,161.5,27.0,72.0,90.2,106.8,125.7
SENSEX,2,G_11:50_H,dte_matched_ex2122,125,39.7,93.4,105.8,131.6,161.5,27.0,72.0,90.2,106.8,125.7
SENSEX,2,G_11:50_H,all_days,1352,43.3,100.6,124.3,185.4,384.4,25.9,80.3,105.6,156.1,286.7
SENSEX,2,G_12:20_120,dte_matched,125,28.5,58.0,71.5,106.1,135.1,14.4,50.3,60.4,95.8,103.5
SENSEX,2,G_12:20_120,dte_matched_ex2122,125,28.5,58.0,71.5,106.1,135.1,14.4,50.3,60.4,95.8,103.5
SENSEX,2,G_12:20_120,all_days,1352,30.0,70.3,90.0,139.3,303.8,16.3,56.2,71.0,122.4,271.6
SENSEX,2,G_12:20_120,dte_matched,125,28.5,58.0,71.5,106.1,135.1,14.4,50.3,60.4,95.8,103.5
SENSEX,2,G_12:20_120,dte_matched_ex2122,125,28.5,58.0,71.5,106.1,135.1,14.4,50.3,60.4,95.8,103.5
SENSEX,2,G_12:20_120,all_days,1352,30.0,70.3,90.0,139.3,303.8,16.3,56.2,71.0,122.4,271.6
SENSEX,2,G_12:20_120,dte_matched,125,28.5,58.0,71.5,106.1,135.1,14.4,50.3,60.4,95.8,103.5
SENSEX,2,G_12:20_120,dte_matched_ex2122,125,28.5,58.0,71.5,106.1,135.1,14.4,50.3,60.4,95.8,103.5
SENSEX,2,G_12:20_120,all_days,1352,30.0,70.3,90.0,139.3,303.8,16.3,56.2,71.0,122.4,271.6
SENSEX,2,G_12:20_60,dte_matched,125,16.7,36.6,50.7,86.9,118.0,8.2,28.8,38.9,73.4,102.4
SENSEX,2,G_12:20_60,dte_matched_ex2122,125,16.7,36.6,50.7,86.9,118.0,8.2,28.8,38.9,73.4,102.4
SENSEX,2,G_12:20_60,all_days,1352,19.4,44.4,57.9,95.6,223.6,10.4,33.9,46.1,79.5,209.3
SENSEX,2,G_12:20_60,dte_matched,125,16.7,36.6,50.7,86.9,118.0,8.2,28.8,38.9,73.4,102.4
SENSEX,2,G_12:20_60,dte_matched_ex2122,125,16.7,36.6,50.7,86.9,118.0,8.2,28.8,38.9,73.4,102.4
SENSEX,2,G_12:20_60,all_days,1352,19.4,44.4,57.9,95.6,223.6,10.4,33.9,46.1,79.5,209.3
SENSEX,2,G_12:20_60,dte_matched,125,16.7,36.6,50.7,86.9,118.0,8.2,28.8,38.9,73.4,102.4
SENSEX,2,G_12:20_60,dte_matched_ex2122,125,16.7,36.6,50.7,86.9,118.0,8.2,28.8,38.9,73.4,102.4
SENSEX,2,G_12:20_60,all_days,1352,19.4,44.4,57.9,95.6,223.6,10.4,33.9,46.1,79.5,209.3
SENSEX,2,G_12:20_90,dte_matched,125,22.5,44.8,63.3,103.0,135.1,13.4,36.7,43.4,93.3,100.0
SENSEX,2,G_12:20_90,dte_matched_ex2122,125,22.5,44.8,63.3,103.0,135.1,13.4,36.7,43.4,93.3,100.0
SENSEX,2,G_12:20_90,all_days,1352,24.9,57.4,71.0,119.2,303.8,13.6,44.5,57.8,95.9,288.0
SENSEX,2,G_12:20_90,dte_matched,125,22.5,44.8,63.3,103.0,135.1,13.4,36.7,43.4,93.3,100.0
SENSEX,2,G_12:20_90,dte_matched_ex2122,125,22.5,44.8,63.3,103.0,135.1,13.4,36.7,43.4,93.3,100.0
SENSEX,2,G_12:20_90,all_days,1352,24.9,57.4,71.0,119.2,303.8,13.6,44.5,57.8,95.9,288.0
SENSEX,2,G_12:20_90,dte_matched,125,22.5,44.8,63.3,103.0,135.1,13.4,36.7,43.4,93.3,100.0
SENSEX,2,G_12:20_90,dte_matched_ex2122,125,22.5,44.8,63.3,103.0,135.1,13.4,36.7,43.4,93.3,100.0
SENSEX,2,G_12:20_90,all_days,1352,24.9,57.4,71.0,119.2,303.8,13.6,44.5,57.8,95.9,288.0
SENSEX,2,G_12:20_H,dte_matched,125,37.8,87.5,100.8,135.1,140.9,22.6,65.2,86.9,94.5,105.2
SENSEX,2,G_12:20_H,dte_matched_ex2122,125,37.8,87.5,100.8,135.1,140.9,22.6,65.2,86.9,94.5,105.2
SENSEX,2,G_12:20_H,all_days,1352,40.9,93.1,115.3,176.4,359.3,24.0,77.2,95.0,153.2,344.2
SENSEX,2,G_12:20_H,dte_matched,125,37.8,87.5,100.8,135.1,140.9,22.6,65.2,86.9,94.5,105.2
SENSEX,2,G_12:20_H,dte_matched_ex2122,125,37.8,87.5,100.8,135.1,140.9,22.6,65.2,86.9,94.5,105.2
SENSEX,2,G_12:20_H,all_days,1352,40.9,93.1,115.3,176.4,359.3,24.0,77.2,95.0,153.2,344.2
SENSEX,2,G_12:20_H,dte_matched,125,37.8,87.5,100.8,135.1,140.9,22.6,65.2,86.9,94.5,105.2
SENSEX,2,G_12:20_H,dte_matched_ex2122,125,37.8,87.5,100.8,135.1,140.9,22.6,65.2,86.9,94.5,105.2
SENSEX,2,G_12:20_H,all_days,1352,40.9,93.1,115.3,176.4,359.3,24.0,77.2,95.0,153.2,344.2
SENSEX,2,G_12:50_120,dte_matched,125,28.1,60.9,74.1,96.2,161.5,16.1,50.3,60.4,81.9,161.1
SENSEX,2,G_12:50_120,dte_matched_ex2122,125,28.1,60.9,74.1,96.2,161.5,16.1,50.3,60.4,81.9,161.1
SENSEX,2,G_12:50_120,all_days,1352,31.2,71.7,90.9,145.2,289.9,17.5,55.8,74.1,130.9,289.1
SENSEX,2,G_12:50_120,dte_matched,125,28.1,60.9,74.1,96.2,161.5,16.1,50.3,60.4,81.9,161.1
SENSEX,2,G_12:50_120,dte_matched_ex2122,125,28.1,60.9,74.1,96.2,161.5,16.1,50.3,60.4,81.9,161.1
SENSEX,2,G_12:50_120,all_days,1352,31.2,71.7,90.9,145.2,289.9,17.5,55.8,74.1,130.9,289.1
SENSEX,2,G_12:50_120,dte_matched,125,28.1,60.9,74.1,96.2,161.5,16.1,50.3,60.4,81.9,161.1
SENSEX,2,G_12:50_120,dte_matched_ex2122,125,28.1,60.9,74.1,96.2,161.5,16.1,50.3,60.4,81.9,161.1
SENSEX,2,G_12:50_120,all_days,1352,31.2,71.7,90.9,145.2,289.9,17.5,55.8,74.1,130.9,289.1
SENSEX,2,G_12:50_60,dte_matched,125,19.1,36.7,42.6,64.5,71.3,10.2,28.0,33.3,61.1,63.2
SENSEX,2,G_12:50_60,dte_matched_ex2122,125,19.1,36.7,42.6,64.5,71.3,10.2,28.0,33.3,61.1,63.2
SENSEX,2,G_12:50_60,all_days,1352,20.7,46.1,59.6,95.0,220.9,11.3,36.8,48.6,75.4,205.2
SENSEX,2,G_12:50_60,dte_matched,125,19.1,36.7,42.6,64.5,71.3,10.2,28.0,33.3,61.1,63.2
SENSEX,2,G_12:50_60,dte_matched_ex2122,125,19.1,36.7,42.6,64.5,71.3,10.2,28.0,33.3,61.1,63.2
SENSEX,2,G_12:50_60,all_days,1352,20.7,46.1,59.6,95.0,220.9,11.3,36.8,48.6,75.4,205.2
SENSEX,2,G_12:50_60,dte_matched,125,19.1,36.7,42.6,64.5,71.3,10.2,28.0,33.3,61.1,63.2
SENSEX,2,G_12:50_60,dte_matched_ex2122,125,19.1,36.7,42.6,64.5,71.3,10.2,28.0,33.3,61.1,63.2
SENSEX,2,G_12:50_60,all_days,1352,20.7,46.1,59.6,95.0,220.9,11.3,36.8,48.6,75.4,205.2
SENSEX,2,G_12:50_90,dte_matched,125,24.4,49.5,57.3,82.3,122.7,12.3,41.4,49.8,63.3,86.9
SENSEX,2,G_12:50_90,dte_matched_ex2122,125,24.4,49.5,57.3,82.3,122.7,12.3,41.4,49.8,63.3,86.9
SENSEX,2,G_12:50_90,all_days,1352,25.9,59.9,76.5,125.3,220.9,14.1,48.3,61.6,98.5,192.3
SENSEX,2,G_12:50_90,dte_matched,125,24.4,49.5,57.3,82.3,122.7,12.3,41.4,49.8,63.3,86.9
SENSEX,2,G_12:50_90,dte_matched_ex2122,125,24.4,49.5,57.3,82.3,122.7,12.3,41.4,49.8,63.3,86.9
SENSEX,2,G_12:50_90,all_days,1352,25.9,59.9,76.5,125.3,220.9,14.1,48.3,61.6,98.5,192.3
SENSEX,2,G_12:50_90,dte_matched,125,24.4,49.5,57.3,82.3,122.7,12.3,41.4,49.8,63.3,86.9
SENSEX,2,G_12:50_90,dte_matched_ex2122,125,24.4,49.5,57.3,82.3,122.7,12.3,41.4,49.8,63.3,86.9
SENSEX,2,G_12:50_90,all_days,1352,25.9,59.9,76.5,125.3,220.9,14.1,48.3,61.6,98.5,192.3
SENSEX,2,G_12:50_H,dte_matched,125,35.0,72.0,87.1,103.9,167.7,20.7,58.2,67.6,101.0,131.9
SENSEX,2,G_12:50_H,dte_matched_ex2122,125,35.0,72.0,87.1,103.9,167.7,20.7,58.2,67.6,101.0,131.9
SENSEX,2,G_12:50_H,all_days,1352,37.1,86.1,107.5,167.7,299.5,22.4,68.0,86.3,140.4,260.9
SENSEX,2,G_12:50_H,dte_matched,125,35.0,72.0,87.1,103.9,167.7,20.7,58.2,67.6,101.0,131.9
SENSEX,2,G_12:50_H,dte_matched_ex2122,125,35.0,72.0,87.1,103.9,167.7,20.7,58.2,67.6,101.0,131.9
SENSEX,2,G_12:50_H,all_days,1352,37.1,86.1,107.5,167.7,299.5,22.4,68.0,86.3,140.4,260.9
SENSEX,2,G_12:50_H,dte_matched,125,35.0,72.0,87.1,103.9,167.7,20.7,58.2,67.6,101.0,131.9
SENSEX,2,G_12:50_H,dte_matched_ex2122,125,35.0,72.0,87.1,103.9,167.7,20.7,58.2,67.6,101.0,131.9
SENSEX,2,G_12:50_H,all_days,1352,37.1,86.1,107.5,167.7,299.5,22.4,68.0,86.3,140.4,260.9
SENSEX,2,G_13:20_120,dte_matched,125,32.2,66.6,80.9,91.7,110.4,18.9,51.4,63.6,80.6,89.5
SENSEX,2,G_13:20_120,dte_matched_ex2122,125,32.2,66.6,80.9,91.7,110.4,18.9,51.4,63.6,80.6,89.5
SENSEX,2,G_13:20_120,all_days,1352,34.9,78.5,99.1,147.0,273.4,20.1,62.4,80.6,128.6,191.8
SENSEX,2,G_13:20_120,dte_matched,125,32.2,66.6,80.9,91.7,110.4,18.9,51.4,63.6,80.6,89.5
SENSEX,2,G_13:20_120,dte_matched_ex2122,125,32.2,66.6,80.9,91.7,110.4,18.9,51.4,63.6,80.6,89.5
SENSEX,2,G_13:20_120,all_days,1352,34.9,78.5,99.1,147.0,273.4,20.1,62.4,80.6,128.6,191.8
SENSEX,2,G_13:20_120,dte_matched,125,32.2,66.6,80.9,91.7,110.4,18.9,51.4,63.6,80.6,89.5
SENSEX,2,G_13:20_120,dte_matched_ex2122,125,32.2,66.6,80.9,91.7,110.4,18.9,51.4,63.6,80.6,89.5
SENSEX,2,G_13:20_120,all_days,1352,34.9,78.5,99.1,147.0,273.4,20.1,62.4,80.6,128.6,191.8
SENSEX,2,G_13:20_60,dte_matched,125,21.6,40.5,49.0,65.7,67.1,11.0,30.4,39.8,48.3,49.8
SENSEX,2,G_13:20_60,dte_matched_ex2122,125,21.6,40.5,49.0,65.7,67.1,11.0,30.4,39.8,48.3,49.8
SENSEX,2,G_13:20_60,all_days,1352,22.3,50.6,66.2,110.2,153.8,12.3,39.2,51.6,86.7,139.3
SENSEX,2,G_13:20_60,dte_matched,125,21.6,40.5,49.0,65.7,67.1,11.0,30.4,39.8,48.3,49.8
SENSEX,2,G_13:20_60,dte_matched_ex2122,125,21.6,40.5,49.0,65.7,67.1,11.0,30.4,39.8,48.3,49.8
SENSEX,2,G_13:20_60,all_days,1352,22.3,50.6,66.2,110.2,153.8,12.3,39.2,51.6,86.7,139.3
SENSEX,2,G_13:20_60,dte_matched,125,21.6,40.5,49.0,65.7,67.1,11.0,30.4,39.8,48.3,49.8
SENSEX,2,G_13:20_60,dte_matched_ex2122,125,21.6,40.5,49.0,65.7,67.1,11.0,30.4,39.8,48.3,49.8
SENSEX,2,G_13:20_60,all_days,1352,22.3,50.6,66.2,110.2,153.8,12.3,39.2,51.6,86.7,139.3
SENSEX,2,G_13:20_90,dte_matched,125,26.4,51.2,64.8,90.8,104.3,13.9,44.9,52.5,76.6,103.9
SENSEX,2,G_13:20_90,dte_matched_ex2122,125,26.4,51.2,64.8,90.8,104.3,13.9,44.9,52.5,76.6,103.9
SENSEX,2,G_13:20_90,all_days,1352,27.5,64.7,81.3,132.0,263.7,15.0,49.9,63.7,115.0,262.9
SENSEX,2,G_13:20_90,dte_matched,125,26.4,51.2,64.8,90.8,104.3,13.9,44.9,52.5,76.6,103.9
SENSEX,2,G_13:20_90,dte_matched_ex2122,125,26.4,51.2,64.8,90.8,104.3,13.9,44.9,52.5,76.6,103.9
SENSEX,2,G_13:20_90,all_days,1352,27.5,64.7,81.3,132.0,263.7,15.0,49.9,63.7,115.0,262.9
SENSEX,2,G_13:20_90,dte_matched,125,26.4,51.2,64.8,90.8,104.3,13.9,44.9,52.5,76.6,103.9
SENSEX,2,G_13:20_90,dte_matched_ex2122,125,26.4,51.2,64.8,90.8,104.3,13.9,44.9,52.5,76.6,103.9
SENSEX,2,G_13:20_90,all_days,1352,27.5,64.7,81.3,132.0,263.7,15.0,49.9,63.7,115.0,262.9
SENSEX,2,G_13:20_H,dte_matched,125,32.2,66.6,80.9,91.7,110.4,18.9,51.4,63.6,80.6,89.5
SENSEX,2,G_13:20_H,dte_matched_ex2122,125,32.2,66.6,80.9,91.7,110.4,18.9,51.4,63.6,80.6,89.5
SENSEX,2,G_13:20_H,all_days,1352,34.9,78.5,99.1,147.0,273.4,20.1,62.4,80.6,128.6,191.8
SENSEX,2,G_13:20_H,dte_matched,125,32.2,66.6,80.9,91.7,110.4,18.9,51.4,63.6,80.6,89.5
SENSEX,2,G_13:20_H,dte_matched_ex2122,125,32.2,66.6,80.9,91.7,110.4,18.9,51.4,63.6,80.6,89.5
SENSEX,2,G_13:20_H,all_days,1352,34.9,78.5,99.1,147.0,273.4,20.1,62.4,80.6,128.6,191.8
SENSEX,2,G_13:20_H,dte_matched,125,32.2,66.6,80.9,91.7,110.4,18.9,51.4,63.6,80.6,89.5
SENSEX,2,G_13:20_H,dte_matched_ex2122,125,32.2,66.6,80.9,91.7,110.4,18.9,51.4,63.6,80.6,89.5
SENSEX,2,G_13:20_H,all_days,1352,34.9,78.5,99.1,147.0,273.4,20.1,62.4,80.6,128.6,191.8
SENSEX,2,G_13:50_120,dte_matched,126,31.2,57.2,70.1,90.3,103.8,18.4,44.5,57.7,71.8,83.6
SENSEX,2,G_13:50_120,dte_matched_ex2122,126,31.2,57.2,70.1,90.3,103.8,18.4,44.5,57.7,71.8,83.6
SENSEX,2,G_13:50_120,all_days,1353,30.4,69.6,82.9,124.9,205.1,17.3,56.5,69.1,106.8,194.0
SENSEX,2,G_13:50_120,dte_matched,126,31.2,57.2,70.1,90.3,103.8,18.4,44.5,57.7,71.8,83.6
SENSEX,2,G_13:50_120,dte_matched_ex2122,126,31.2,57.2,70.1,90.3,103.8,18.4,44.5,57.7,71.8,83.6
SENSEX,2,G_13:50_120,all_days,1353,30.4,69.6,82.9,124.9,205.1,17.3,56.5,69.1,106.8,194.0
SENSEX,2,G_13:50_120,dte_matched,126,31.2,57.2,70.1,90.3,103.8,18.4,44.5,57.7,71.8,83.6
SENSEX,2,G_13:50_120,dte_matched_ex2122,126,31.2,57.2,70.1,90.3,103.8,18.4,44.5,57.7,71.8,83.6
SENSEX,2,G_13:50_120,all_days,1353,30.4,69.6,82.9,124.9,205.1,17.3,56.5,69.1,106.8,194.0
SENSEX,2,G_13:50_60,dte_matched,126,22.0,46.7,61.7,73.7,97.7,13.9,35.3,52.4,66.8,97.3
SENSEX,2,G_13:50_60,dte_matched_ex2122,126,22.0,46.7,61.7,73.7,97.7,13.9,35.3,52.4,66.8,97.3
SENSEX,2,G_13:50_60,all_days,1353,23.0,51.4,66.1,105.0,187.6,12.5,39.7,51.3,86.1,186.8
SENSEX,2,G_13:50_60,dte_matched,126,22.0,46.7,61.7,73.7,97.7,13.9,35.3,52.4,66.8,97.3
SENSEX,2,G_13:50_60,dte_matched_ex2122,126,22.0,46.7,61.7,73.7,97.7,13.9,35.3,52.4,66.8,97.3
SENSEX,2,G_13:50_60,all_days,1353,23.0,51.4,66.1,105.0,187.6,12.5,39.7,51.3,86.1,186.8
SENSEX,2,G_13:50_60,dte_matched,126,22.0,46.7,61.7,73.7,97.7,13.9,35.3,52.4,66.8,97.3
SENSEX,2,G_13:50_60,dte_matched_ex2122,126,22.0,46.7,61.7,73.7,97.7,13.9,35.3,52.4,66.8,97.3
SENSEX,2,G_13:50_60,all_days,1353,23.0,51.4,66.1,105.0,187.6,12.5,39.7,51.3,86.1,186.8
SENSEX,2,G_13:50_90,dte_matched,126,31.2,57.2,70.1,90.3,103.8,18.4,44.5,57.7,71.8,83.6
SENSEX,2,G_13:50_90,dte_matched_ex2122,126,31.2,57.2,70.1,90.3,103.8,18.4,44.5,57.7,71.8,83.6
SENSEX,2,G_13:50_90,all_days,1353,30.4,69.6,82.9,124.9,205.1,17.3,56.5,69.1,106.8,194.0
SENSEX,2,G_13:50_90,dte_matched,126,31.2,57.2,70.1,90.3,103.8,18.4,44.5,57.7,71.8,83.6
SENSEX,2,G_13:50_90,dte_matched_ex2122,126,31.2,57.2,70.1,90.3,103.8,18.4,44.5,57.7,71.8,83.6
SENSEX,2,G_13:50_90,all_days,1353,30.4,69.6,82.9,124.9,205.1,17.3,56.5,69.1,106.8,194.0
SENSEX,2,G_13:50_90,dte_matched,126,31.2,57.2,70.1,90.3,103.8,18.4,44.5,57.7,71.8,83.6
SENSEX,2,G_13:50_90,dte_matched_ex2122,126,31.2,57.2,70.1,90.3,103.8,18.4,44.5,57.7,71.8,83.6
SENSEX,2,G_13:50_90,all_days,1353,30.4,69.6,82.9,124.9,205.1,17.3,56.5,69.1,106.8,194.0
SENSEX,2,G_13:50_H,dte_matched,126,31.2,57.2,70.1,90.3,103.8,18.4,44.5,57.7,71.8,83.6
SENSEX,2,G_13:50_H,dte_matched_ex2122,126,31.2,57.2,70.1,90.3,103.8,18.4,44.5,57.7,71.8,83.6
SENSEX,2,G_13:50_H,all_days,1353,30.4,69.6,82.9,124.9,205.1,17.3,56.5,69.1,106.8,194.0
SENSEX,2,G_13:50_H,dte_matched,126,31.2,57.2,70.1,90.3,103.8,18.4,44.5,57.7,71.8,83.6
SENSEX,2,G_13:50_H,dte_matched_ex2122,126,31.2,57.2,70.1,90.3,103.8,18.4,44.5,57.7,71.8,83.6
SENSEX,2,G_13:50_H,all_days,1353,30.4,69.6,82.9,124.9,205.1,17.3,56.5,69.1,106.8,194.0
SENSEX,2,G_13:50_H,dte_matched,126,31.2,57.2,70.1,90.3,103.8,18.4,44.5,57.7,71.8,83.6
SENSEX,2,G_13:50_H,dte_matched_ex2122,126,31.2,57.2,70.1,90.3,103.8,18.4,44.5,57.7,71.8,83.6
SENSEX,2,G_13:50_H,all_days,1353,30.4,69.6,82.9,124.9,205.1,17.3,56.5,69.1,106.8,194.0
SENSEX,2,G_14:20_120,dte_matched,126,23.9,48.0,57.6,69.2,80.1,12.9,36.7,48.0,63.4,64.6
SENSEX,2,G_14:20_120,dte_matched_ex2122,126,23.9,48.0,57.6,69.2,80.1,12.9,36.7,48.0,63.4,64.6
SENSEX,2,G_14:20_120,all_days,1353,25.7,57.3,71.4,108.0,195.4,15.5,46.3,60.6,88.6,194.1
SENSEX,2,G_14:20_120,dte_matched,126,23.9,48.0,57.6,69.2,80.1,12.9,36.7,48.0,63.4,64.6
SENSEX,2,G_14:20_120,dte_matched_ex2122,126,23.9,48.0,57.6,69.2,80.1,12.9,36.7,48.0,63.4,64.6
SENSEX,2,G_14:20_120,all_days,1353,25.7,57.3,71.4,108.0,195.4,15.5,46.3,60.6,88.6,194.1
SENSEX,2,G_14:20_120,dte_matched,126,23.9,48.0,57.6,69.2,80.1,12.9,36.7,48.0,63.4,64.6
SENSEX,2,G_14:20_120,dte_matched_ex2122,126,23.9,48.0,57.6,69.2,80.1,12.9,36.7,48.0,63.4,64.6
SENSEX,2,G_14:20_120,all_days,1353,25.7,57.3,71.4,108.0,195.4,15.5,46.3,60.6,88.6,194.1
SENSEX,2,G_14:20_60,dte_matched,126,23.9,48.0,57.6,69.2,80.1,12.9,36.7,48.0,63.4,64.6
SENSEX,2,G_14:20_60,dte_matched_ex2122,126,23.9,48.0,57.6,69.2,80.1,12.9,36.7,48.0,63.4,64.6
SENSEX,2,G_14:20_60,all_days,1353,25.7,57.3,71.4,108.0,195.4,15.5,46.3,60.6,88.6,194.1
SENSEX,2,G_14:20_60,dte_matched,126,23.9,48.0,57.6,69.2,80.1,12.9,36.7,48.0,63.4,64.6
SENSEX,2,G_14:20_60,dte_matched_ex2122,126,23.9,48.0,57.6,69.2,80.1,12.9,36.7,48.0,63.4,64.6
SENSEX,2,G_14:20_60,all_days,1353,25.7,57.3,71.4,108.0,195.4,15.5,46.3,60.6,88.6,194.1
SENSEX,2,G_14:20_60,dte_matched,126,23.9,48.0,57.6,69.2,80.1,12.9,36.7,48.0,63.4,64.6
SENSEX,2,G_14:20_60,dte_matched_ex2122,126,23.9,48.0,57.6,69.2,80.1,12.9,36.7,48.0,63.4,64.6
SENSEX,2,G_14:20_60,all_days,1353,25.7,57.3,71.4,108.0,195.4,15.5,46.3,60.6,88.6,194.1
SENSEX,2,G_14:20_90,dte_matched,126,23.9,48.0,57.6,69.2,80.1,12.9,36.7,48.0,63.4,64.6
SENSEX,2,G_14:20_90,dte_matched_ex2122,126,23.9,48.0,57.6,69.2,80.1,12.9,36.7,48.0,63.4,64.6
SENSEX,2,G_14:20_90,all_days,1353,25.7,57.3,71.4,108.0,195.4,15.5,46.3,60.6,88.6,194.1
SENSEX,2,G_14:20_90,dte_matched,126,23.9,48.0,57.6,69.2,80.1,12.9,36.7,48.0,63.4,64.6
SENSEX,2,G_14:20_90,dte_matched_ex2122,126,23.9,48.0,57.6,69.2,80.1,12.9,36.7,48.0,63.4,64.6
SENSEX,2,G_14:20_90,all_days,1353,25.7,57.3,71.4,108.0,195.4,15.5,46.3,60.6,88.6,194.1
SENSEX,2,G_14:20_90,dte_matched,126,23.9,48.0,57.6,69.2,80.1,12.9,36.7,48.0,63.4,64.6
SENSEX,2,G_14:20_90,dte_matched_ex2122,126,23.9,48.0,57.6,69.2,80.1,12.9,36.7,48.0,63.4,64.6
SENSEX,2,G_14:20_90,all_days,1353,25.7,57.3,71.4,108.0,195.4,15.5,46.3,60.6,88.6,194.1
SENSEX,2,G_14:20_H,dte_matched,126,23.9,48.0,57.6,69.2,80.1,12.9,36.7,48.0,63.4,64.6
SENSEX,2,G_14:20_H,dte_matched_ex2122,126,23.9,48.0,57.6,69.2,80.1,12.9,36.7,48.0,63.4,64.6
SENSEX,2,G_14:20_H,all_days,1353,25.7,57.3,71.4,108.0,195.4,15.5,46.3,60.6,88.6,194.1
SENSEX,2,G_14:20_H,dte_matched,126,23.9,48.0,57.6,69.2,80.1,12.9,36.7,48.0,63.4,64.6
SENSEX,2,G_14:20_H,dte_matched_ex2122,126,23.9,48.0,57.6,69.2,80.1,12.9,36.7,48.0,63.4,64.6
SENSEX,2,G_14:20_H,all_days,1353,25.7,57.3,71.4,108.0,195.4,15.5,46.3,60.6,88.6,194.1
SENSEX,2,G_14:20_H,dte_matched,126,23.9,48.0,57.6,69.2,80.1,12.9,36.7,48.0,63.4,64.6
SENSEX,2,G_14:20_H,dte_matched_ex2122,126,23.9,48.0,57.6,69.2,80.1,12.9,36.7,48.0,63.4,64.6
SENSEX,2,G_14:20_H,all_days,1353,25.7,57.3,71.4,108.0,195.4,15.5,46.3,60.6,88.6,194.1
SENSEX,2,G_14:30_120,dte_matched,126,20.9,46.0,52.5,66.9,72.8,11.9,36.2,44.4,60.2,72.8
SENSEX,2,G_14:30_120,dte_matched_ex2122,126,20.9,46.0,52.5,66.9,72.8,11.9,36.2,44.4,60.2,72.8
SENSEX,2,G_14:30_120,all_days,1353,23.5,52.9,66.9,107.2,188.2,14.0,42.8,53.9,82.1,186.8
SENSEX,2,G_14:30_120,dte_matched,126,20.9,46.0,52.5,66.9,72.8,11.9,36.2,44.4,60.2,72.8
SENSEX,2,G_14:30_120,dte_matched_ex2122,126,20.9,46.0,52.5,66.9,72.8,11.9,36.2,44.4,60.2,72.8
SENSEX,2,G_14:30_120,all_days,1353,23.5,52.9,66.9,107.2,188.2,14.0,42.8,53.9,82.1,186.8
SENSEX,2,G_14:30_120,dte_matched,126,20.9,46.0,52.5,66.9,72.8,11.9,36.2,44.4,60.2,72.8
SENSEX,2,G_14:30_120,dte_matched_ex2122,126,20.9,46.0,52.5,66.9,72.8,11.9,36.2,44.4,60.2,72.8
SENSEX,2,G_14:30_120,all_days,1353,23.5,52.9,66.9,107.2,188.2,14.0,42.8,53.9,82.1,186.8
SENSEX,2,G_14:30_60,dte_matched,126,20.9,46.0,52.5,66.9,72.8,11.9,36.2,44.4,60.2,72.8
SENSEX,2,G_14:30_60,dte_matched_ex2122,126,20.9,46.0,52.5,66.9,72.8,11.9,36.2,44.4,60.2,72.8
SENSEX,2,G_14:30_60,all_days,1353,23.5,52.9,66.9,107.2,188.2,14.0,42.8,53.9,82.1,186.8
SENSEX,2,G_14:30_60,dte_matched,126,20.9,46.0,52.5,66.9,72.8,11.9,36.2,44.4,60.2,72.8
SENSEX,2,G_14:30_60,dte_matched_ex2122,126,20.9,46.0,52.5,66.9,72.8,11.9,36.2,44.4,60.2,72.8
SENSEX,2,G_14:30_60,all_days,1353,23.5,52.9,66.9,107.2,188.2,14.0,42.8,53.9,82.1,186.8
SENSEX,2,G_14:30_60,dte_matched,126,20.9,46.0,52.5,66.9,72.8,11.9,36.2,44.4,60.2,72.8
SENSEX,2,G_14:30_60,dte_matched_ex2122,126,20.9,46.0,52.5,66.9,72.8,11.9,36.2,44.4,60.2,72.8
SENSEX,2,G_14:30_60,all_days,1353,23.5,52.9,66.9,107.2,188.2,14.0,42.8,53.9,82.1,186.8
SENSEX,2,G_14:30_90,dte_matched,126,20.9,46.0,52.5,66.9,72.8,11.9,36.2,44.4,60.2,72.8
SENSEX,2,G_14:30_90,dte_matched_ex2122,126,20.9,46.0,52.5,66.9,72.8,11.9,36.2,44.4,60.2,72.8
SENSEX,2,G_14:30_90,all_days,1353,23.5,52.9,66.9,107.2,188.2,14.0,42.8,53.9,82.1,186.8
SENSEX,2,G_14:30_90,dte_matched,126,20.9,46.0,52.5,66.9,72.8,11.9,36.2,44.4,60.2,72.8
SENSEX,2,G_14:30_90,dte_matched_ex2122,126,20.9,46.0,52.5,66.9,72.8,11.9,36.2,44.4,60.2,72.8
SENSEX,2,G_14:30_90,all_days,1353,23.5,52.9,66.9,107.2,188.2,14.0,42.8,53.9,82.1,186.8
SENSEX,2,G_14:30_90,dte_matched,126,20.9,46.0,52.5,66.9,72.8,11.9,36.2,44.4,60.2,72.8
SENSEX,2,G_14:30_90,dte_matched_ex2122,126,20.9,46.0,52.5,66.9,72.8,11.9,36.2,44.4,60.2,72.8
SENSEX,2,G_14:30_90,all_days,1353,23.5,52.9,66.9,107.2,188.2,14.0,42.8,53.9,82.1,186.8
SENSEX,2,G_14:30_H,dte_matched,126,20.9,46.0,52.5,66.9,72.8,11.9,36.2,44.4,60.2,72.8
SENSEX,2,G_14:30_H,dte_matched_ex2122,126,20.9,46.0,52.5,66.9,72.8,11.9,36.2,44.4,60.2,72.8
SENSEX,2,G_14:30_H,all_days,1353,23.5,52.9,66.9,107.2,188.2,14.0,42.8,53.9,82.1,186.8
SENSEX,2,G_14:30_H,dte_matched,126,20.9,46.0,52.5,66.9,72.8,11.9,36.2,44.4,60.2,72.8
SENSEX,2,G_14:30_H,dte_matched_ex2122,126,20.9,46.0,52.5,66.9,72.8,11.9,36.2,44.4,60.2,72.8
SENSEX,2,G_14:30_H,all_days,1353,23.5,52.9,66.9,107.2,188.2,14.0,42.8,53.9,82.1,186.8
SENSEX,2,G_14:30_H,dte_matched,126,20.9,46.0,52.5,66.9,72.8,11.9,36.2,44.4,60.2,72.8
SENSEX,2,G_14:30_H,dte_matched_ex2122,126,20.9,46.0,52.5,66.9,72.8,11.9,36.2,44.4,60.2,72.8
SENSEX,2,G_14:30_H,all_days,1353,23.5,52.9,66.9,107.2,188.2,14.0,42.8,53.9,82.1,186.8
SENSEX,3,DEP_0930_1100,dte_matched,132,30.6,67.1,77.3,97.3,211.2,19.4,41.9,58.7,76.6,83.5
SENSEX,3,DEP_0930_1100,dte_matched_ex2122,132,30.6,67.1,77.3,97.3,211.2,19.4,41.9,58.7,76.6,83.5
SENSEX,3,DEP_0930_1100,all_days,1353,34.4,70.6,86.9,121.4,211.2,20.1,54.5,70.8,101.8,170.4
SENSEX,3,DEP_0930_1100,dte_matched,132,30.6,67.1,77.3,97.3,211.2,19.4,41.9,58.7,76.6,83.5
SENSEX,3,DEP_0930_1100,dte_matched_ex2122,132,30.6,67.1,77.3,97.3,211.2,19.4,41.9,58.7,76.6,83.5
SENSEX,3,DEP_0930_1100,all_days,1353,34.4,70.6,86.9,121.4,211.2,20.1,54.5,70.8,101.8,170.4
SENSEX,3,DEP_0930_1100,dte_matched,132,30.6,67.1,77.3,97.3,211.2,19.4,41.9,58.7,76.6,83.5
SENSEX,3,DEP_0930_1100,dte_matched_ex2122,132,30.6,67.1,77.3,97.3,211.2,19.4,41.9,58.7,76.6,83.5
SENSEX,3,DEP_0930_1100,all_days,1353,34.4,70.6,86.9,121.4,211.2,20.1,54.5,70.8,101.8,170.4
SENSEX,3,DEP_1000_1200,dte_matched,132,27.6,62.3,80.0,107.8,361.0,15.5,49.3,53.4,107.8,334.5
SENSEX,3,DEP_1000_1200,dte_matched_ex2122,132,27.6,62.3,80.0,107.8,361.0,15.5,49.3,53.4,107.8,334.5
SENSEX,3,DEP_1000_1200,all_days,1353,32.3,68.5,84.7,126.6,361.0,19.2,52.6,66.0,110.4,334.5
SENSEX,3,DEP_1000_1200,dte_matched,132,27.6,62.3,80.0,107.8,361.0,15.5,49.3,53.4,107.8,334.5
SENSEX,3,DEP_1000_1200,dte_matched_ex2122,132,27.6,62.3,80.0,107.8,361.0,15.5,49.3,53.4,107.8,334.5
SENSEX,3,DEP_1000_1200,all_days,1353,32.3,68.5,84.7,126.6,361.0,19.2,52.6,66.0,110.4,334.5
SENSEX,3,DEP_1000_1200,dte_matched,132,27.6,62.3,80.0,107.8,361.0,15.5,49.3,53.4,107.8,334.5
SENSEX,3,DEP_1000_1200,dte_matched_ex2122,132,27.6,62.3,80.0,107.8,361.0,15.5,49.3,53.4,107.8,334.5
SENSEX,3,DEP_1000_1200,all_days,1353,32.3,68.5,84.7,126.6,361.0,19.2,52.6,66.0,110.4,334.5
SENSEX,3,DEP_1030_1200,dte_matched,132,21.9,48.8,67.7,91.3,351.4,11.8,37.7,42.3,79.3,324.9
SENSEX,3,DEP_1030_1200,dte_matched_ex2122,132,21.9,48.8,67.7,91.3,351.4,11.8,37.7,42.3,79.3,324.9
SENSEX,3,DEP_1030_1200,all_days,1353,25.5,55.0,69.0,111.0,351.4,14.6,42.9,54.5,100.2,324.9
SENSEX,3,DEP_1030_1200,dte_matched,132,21.9,48.8,67.7,91.3,351.4,11.8,37.7,42.3,79.3,324.9
SENSEX,3,DEP_1030_1200,dte_matched_ex2122,132,21.9,48.8,67.7,91.3,351.4,11.8,37.7,42.3,79.3,324.9
SENSEX,3,DEP_1030_1200,all_days,1353,25.5,55.0,69.0,111.0,351.4,14.6,42.9,54.5,100.2,324.9
SENSEX,3,DEP_1030_1200,dte_matched,132,21.9,48.8,67.7,91.3,351.4,11.8,37.7,42.3,79.3,324.9
SENSEX,3,DEP_1030_1200,dte_matched_ex2122,132,21.9,48.8,67.7,91.3,351.4,11.8,37.7,42.3,79.3,324.9
SENSEX,3,DEP_1030_1200,all_days,1353,25.5,55.0,69.0,111.0,351.4,14.6,42.9,54.5,100.2,324.9
SENSEX,3,DEP_1300_1400,dte_matched,132,18.9,40.0,46.1,148.4,198.6,9.8,34.2,41.5,130.9,166.7
SENSEX,3,DEP_1300_1400,dte_matched_ex2122,132,18.9,40.0,46.1,148.4,198.6,9.8,34.2,41.5,130.9,166.7
SENSEX,3,DEP_1300_1400,all_days,1352,21.0,47.6,61.0,94.2,198.6,11.6,35.6,49.9,77.8,166.7
SENSEX,3,DEP_1300_1400,dte_matched,132,18.9,40.0,46.1,148.4,198.6,9.8,34.2,41.5,130.9,166.7
SENSEX,3,DEP_1300_1400,dte_matched_ex2122,132,18.9,40.0,46.1,148.4,198.6,9.8,34.2,41.5,130.9,166.7
SENSEX,3,DEP_1300_1400,all_days,1352,21.0,47.6,61.0,94.2,198.6,11.6,35.6,49.9,77.8,166.7
SENSEX,3,DEP_1300_1400,dte_matched,132,18.9,40.0,46.1,148.4,198.6,9.8,34.2,41.5,130.9,166.7
SENSEX,3,DEP_1300_1400,dte_matched_ex2122,132,18.9,40.0,46.1,148.4,198.6,9.8,34.2,41.5,130.9,166.7
SENSEX,3,DEP_1300_1400,all_days,1352,21.0,47.6,61.0,94.2,198.6,11.6,35.6,49.9,77.8,166.7
SENSEX,3,DEP_1300_1520,dte_matched,132,32.2,76.8,86.7,167.0,198.6,20.5,59.2,73.5,116.4,127.8
SENSEX,3,DEP_1300_1520,dte_matched_ex2122,132,32.2,76.8,86.7,167.0,198.6,20.5,59.2,73.5,116.4,127.8
SENSEX,3,DEP_1300_1520,all_days,1352,37.5,81.8,105.1,161.5,316.0,21.8,66.3,85.2,133.5,201.7
SENSEX,3,DEP_1300_1520,dte_matched,132,32.2,76.8,86.7,167.0,198.6,20.5,59.2,73.5,116.4,127.8
SENSEX,3,DEP_1300_1520,dte_matched_ex2122,132,32.2,76.8,86.7,167.0,198.6,20.5,59.2,73.5,116.4,127.8
SENSEX,3,DEP_1300_1520,all_days,1352,37.5,81.8,105.1,161.5,316.0,21.8,66.3,85.2,133.5,201.7
SENSEX,3,DEP_1300_1520,dte_matched,132,32.2,76.8,86.7,167.0,198.6,20.5,59.2,73.5,116.4,127.8
SENSEX,3,DEP_1300_1520,dte_matched_ex2122,132,32.2,76.8,86.7,167.0,198.6,20.5,59.2,73.5,116.4,127.8
SENSEX,3,DEP_1300_1520,all_days,1352,37.5,81.8,105.1,161.5,316.0,21.8,66.3,85.2,133.5,201.7
SENSEX,3,G_09:20_120,dte_matched,132,36.4,69.4,81.2,99.3,354.5,21.2,52.0,60.6,90.2,261.9
SENSEX,3,G_09:20_120,dte_matched_ex2122,132,36.4,69.4,81.2,99.3,354.5,21.2,52.0,60.6,90.2,261.9
SENSEX,3,G_09:20_120,all_days,1353,39.7,80.0,99.5,136.4,354.5,23.2,60.1,80.5,110.4,261.9
SENSEX,3,G_09:20_120,dte_matched,132,36.4,69.4,81.2,99.3,354.5,21.2,52.0,60.6,90.2,261.9
SENSEX,3,G_09:20_120,dte_matched_ex2122,132,36.4,69.4,81.2,99.3,354.5,21.2,52.0,60.6,90.2,261.9
SENSEX,3,G_09:20_120,all_days,1353,39.7,80.0,99.5,136.4,354.5,23.2,60.1,80.5,110.4,261.9
SENSEX,3,G_09:20_120,dte_matched,132,36.4,69.4,81.2,99.3,354.5,21.2,52.0,60.6,90.2,261.9
SENSEX,3,G_09:20_120,dte_matched_ex2122,132,36.4,69.4,81.2,99.3,354.5,21.2,52.0,60.6,90.2,261.9
SENSEX,3,G_09:20_120,all_days,1353,39.7,80.0,99.5,136.4,354.5,23.2,60.1,80.5,110.4,261.9
SENSEX,3,G_09:20_60,dte_matched,132,30.2,51.9,54.1,88.9,178.2,17.3,42.4,47.0,56.6,61.1
SENSEX,3,G_09:20_60,dte_matched_ex2122,132,30.2,51.9,54.1,88.9,178.2,17.3,42.4,47.0,56.6,61.1
SENSEX,3,G_09:20_60,all_days,1353,32.5,64.7,77.5,108.0,186.8,18.6,49.6,61.8,84.0,163.2
SENSEX,3,G_09:20_60,dte_matched,132,30.2,51.9,54.1,88.9,178.2,17.3,42.4,47.0,56.6,61.1
SENSEX,3,G_09:20_60,dte_matched_ex2122,132,30.2,51.9,54.1,88.9,178.2,17.3,42.4,47.0,56.6,61.1
SENSEX,3,G_09:20_60,all_days,1353,32.5,64.7,77.5,108.0,186.8,18.6,49.6,61.8,84.0,163.2
SENSEX,3,G_09:20_60,dte_matched,132,30.2,51.9,54.1,88.9,178.2,17.3,42.4,47.0,56.6,61.1
SENSEX,3,G_09:20_60,dte_matched_ex2122,132,30.2,51.9,54.1,88.9,178.2,17.3,42.4,47.0,56.6,61.1
SENSEX,3,G_09:20_60,all_days,1353,32.5,64.7,77.5,108.0,186.8,18.6,49.6,61.8,84.0,163.2
SENSEX,3,G_09:20_90,dte_matched,132,33.2,64.5,77.7,96.9,178.2,21.4,49.6,57.5,92.7,109.7
SENSEX,3,G_09:20_90,dte_matched_ex2122,132,33.2,64.5,77.7,96.9,178.2,21.4,49.6,57.5,92.7,109.7
SENSEX,3,G_09:20_90,all_days,1353,36.8,75.5,88.9,123.4,186.8,22.3,57.5,72.9,98.5,151.3
SENSEX,3,G_09:20_90,dte_matched,132,33.2,64.5,77.7,96.9,178.2,21.4,49.6,57.5,92.7,109.7
SENSEX,3,G_09:20_90,dte_matched_ex2122,132,33.2,64.5,77.7,96.9,178.2,21.4,49.6,57.5,92.7,109.7
SENSEX,3,G_09:20_90,all_days,1353,36.8,75.5,88.9,123.4,186.8,22.3,57.5,72.9,98.5,151.3
SENSEX,3,G_09:20_90,dte_matched,132,33.2,64.5,77.7,96.9,178.2,21.4,49.6,57.5,92.7,109.7
SENSEX,3,G_09:20_90,dte_matched_ex2122,132,33.2,64.5,77.7,96.9,178.2,21.4,49.6,57.5,92.7,109.7
SENSEX,3,G_09:20_90,all_days,1353,36.8,75.5,88.9,123.4,186.8,22.3,57.5,72.9,98.5,151.3
SENSEX,3,G_09:20_H,dte_matched,132,54.9,125.4,150.8,242.4,634.9,33.4,109.0,119.3,215.1,386.8
SENSEX,3,G_09:20_H,dte_matched_ex2122,132,54.9,125.4,150.8,242.4,634.9,33.4,109.0,119.3,215.1,386.8
SENSEX,3,G_09:20_H,all_days,1353,63.1,131.5,160.3,238.9,634.9,38.4,110.8,135.8,210.9,424.2
SENSEX,3,G_09:20_H,dte_matched,132,54.9,125.4,150.8,242.4,634.9,33.4,109.0,119.3,215.1,386.8
SENSEX,3,G_09:20_H,dte_matched_ex2122,132,54.9,125.4,150.8,242.4,634.9,33.4,109.0,119.3,215.1,386.8
SENSEX,3,G_09:20_H,all_days,1353,63.1,131.5,160.3,238.9,634.9,38.4,110.8,135.8,210.9,424.2
SENSEX,3,G_09:20_H,dte_matched,132,54.9,125.4,150.8,242.4,634.9,33.4,109.0,119.3,215.1,386.8
SENSEX,3,G_09:20_H,dte_matched_ex2122,132,54.9,125.4,150.8,242.4,634.9,33.4,109.0,119.3,215.1,386.8
SENSEX,3,G_09:20_H,all_days,1353,63.1,131.5,160.3,238.9,634.9,38.4,110.8,135.8,210.9,424.2
SENSEX,3,G_09:50_120,dte_matched,132,30.0,73.8,80.5,131.9,324.6,16.2,52.0,63.4,117.8,230.3
SENSEX,3,G_09:50_120,dte_matched_ex2122,132,30.0,73.8,80.5,131.9,324.6,16.2,52.0,63.4,117.8,230.3
SENSEX,3,G_09:50_120,all_days,1353,34.2,71.2,87.4,131.9,324.6,19.3,53.9,67.8,117.3,230.3
SENSEX,3,G_09:50_120,dte_matched,132,30.0,73.8,80.5,131.9,324.6,16.2,52.0,63.4,117.8,230.3
SENSEX,3,G_09:50_120,dte_matched_ex2122,132,30.0,73.8,80.5,131.9,324.6,16.2,52.0,63.4,117.8,230.3
SENSEX,3,G_09:50_120,all_days,1353,34.2,71.2,87.4,131.9,324.6,19.3,53.9,67.8,117.3,230.3
SENSEX,3,G_09:50_120,dte_matched,132,30.0,73.8,80.5,131.9,324.6,16.2,52.0,63.4,117.8,230.3
SENSEX,3,G_09:50_120,dte_matched_ex2122,132,30.0,73.8,80.5,131.9,324.6,16.2,52.0,63.4,117.8,230.3
SENSEX,3,G_09:50_120,all_days,1353,34.2,71.2,87.4,131.9,324.6,19.3,53.9,67.8,117.3,230.3
SENSEX,3,G_09:50_60,dte_matched,132,23.9,50.4,79.1,100.7,105.8,14.7,45.6,56.1,84.4,92.7
SENSEX,3,G_09:50_60,dte_matched_ex2122,132,23.9,50.4,79.1,100.7,105.8,14.7,45.6,56.1,84.4,92.7
SENSEX,3,G_09:50_60,all_days,1353,26.6,54.1,68.0,96.1,192.5,15.3,41.9,53.6,79.4,157.0
SENSEX,3,G_09:50_60,dte_matched,132,23.9,50.4,79.1,100.7,105.8,14.7,45.6,56.1,84.4,92.7
SENSEX,3,G_09:50_60,dte_matched_ex2122,132,23.9,50.4,79.1,100.7,105.8,14.7,45.6,56.1,84.4,92.7
SENSEX,3,G_09:50_60,all_days,1353,26.6,54.1,68.0,96.1,192.5,15.3,41.9,53.6,79.4,157.0
SENSEX,3,G_09:50_60,dte_matched,132,23.9,50.4,79.1,100.7,105.8,14.7,45.6,56.1,84.4,92.7
SENSEX,3,G_09:50_60,dte_matched_ex2122,132,23.9,50.4,79.1,100.7,105.8,14.7,45.6,56.1,84.4,92.7
SENSEX,3,G_09:50_60,all_days,1353,26.6,54.1,68.0,96.1,192.5,15.3,41.9,53.6,79.4,157.0
SENSEX,3,G_09:50_90,dte_matched,132,28.4,66.0,79.1,114.0,324.6,17.5,46.4,58.5,90.1,231.8
SENSEX,3,G_09:50_90,dte_matched_ex2122,132,28.4,66.0,79.1,114.0,324.6,17.5,46.4,58.5,90.1,231.8
SENSEX,3,G_09:50_90,all_days,1353,30.7,65.9,78.3,114.7,324.6,17.3,47.2,62.6,95.6,231.8
SENSEX,3,G_09:50_90,dte_matched,132,28.4,66.0,79.1,114.0,324.6,17.5,46.4,58.5,90.1,231.8
SENSEX,3,G_09:50_90,dte_matched_ex2122,132,28.4,66.0,79.1,114.0,324.6,17.5,46.4,58.5,90.1,231.8
SENSEX,3,G_09:50_90,all_days,1353,30.7,65.9,78.3,114.7,324.6,17.3,47.2,62.6,95.6,231.8
SENSEX,3,G_09:50_90,dte_matched,132,28.4,66.0,79.1,114.0,324.6,17.5,46.4,58.5,90.1,231.8
SENSEX,3,G_09:50_90,dte_matched_ex2122,132,28.4,66.0,79.1,114.0,324.6,17.5,46.4,58.5,90.1,231.8
SENSEX,3,G_09:50_90,all_days,1353,30.7,65.9,78.3,114.7,324.6,17.3,47.2,62.6,95.6,231.8
SENSEX,3,G_09:50_H,dte_matched,132,49.6,130.5,153.7,242.3,605.9,30.1,93.2,126.8,215.0,357.1
SENSEX,3,G_09:50_H,dte_matched_ex2122,132,49.6,130.5,153.7,242.3,605.9,30.1,93.2,126.8,215.0,357.1
SENSEX,3,G_09:50_H,all_days,1353,57.4,122.3,147.6,225.9,605.9,34.1,97.6,127.7,197.2,436.1
SENSEX,3,G_09:50_H,dte_matched,132,49.6,130.5,153.7,242.3,605.9,30.1,93.2,126.8,215.0,357.1
SENSEX,3,G_09:50_H,dte_matched_ex2122,132,49.6,130.5,153.7,242.3,605.9,30.1,93.2,126.8,215.0,357.1
SENSEX,3,G_09:50_H,all_days,1353,57.4,122.3,147.6,225.9,605.9,34.1,97.6,127.7,197.2,436.1
SENSEX,3,G_09:50_H,dte_matched,132,49.6,130.5,153.7,242.3,605.9,30.1,93.2,126.8,215.0,357.1
SENSEX,3,G_09:50_H,dte_matched_ex2122,132,49.6,130.5,153.7,242.3,605.9,30.1,93.2,126.8,215.0,357.1
SENSEX,3,G_09:50_H,all_days,1353,57.4,122.3,147.6,225.9,605.9,34.1,97.6,127.7,197.2,436.1
SENSEX,3,G_10:20_120,dte_matched,132,25.0,57.4,72.9,131.5,518.3,15.2,41.8,53.7,120.4,461.4
SENSEX,3,G_10:20_120,dte_matched_ex2122,132,25.0,57.4,72.9,131.5,518.3,15.2,41.8,53.7,120.4,461.4
SENSEX,3,G_10:20_120,all_days,1353,30.2,64.8,80.2,128.2,518.3,17.0,49.7,64.1,104.0,461.4
SENSEX,3,G_10:20_120,dte_matched,132,25.0,57.4,72.9,131.5,518.3,15.2,41.8,53.7,120.4,461.4
SENSEX,3,G_10:20_120,dte_matched_ex2122,132,25.0,57.4,72.9,131.5,518.3,15.2,41.8,53.7,120.4,461.4
SENSEX,3,G_10:20_120,all_days,1353,30.2,64.8,80.2,128.2,518.3,17.0,49.7,64.1,104.0,461.4
SENSEX,3,G_10:20_120,dte_matched,132,25.0,57.4,72.9,131.5,518.3,15.2,41.8,53.7,120.4,461.4
SENSEX,3,G_10:20_120,dte_matched_ex2122,132,25.0,57.4,72.9,131.5,518.3,15.2,41.8,53.7,120.4,461.4
SENSEX,3,G_10:20_120,all_days,1353,30.2,64.8,80.2,128.2,518.3,17.0,49.7,64.1,104.0,461.4
SENSEX,3,G_10:20_60,dte_matched,132,18.7,44.1,49.7,103.4,313.4,10.6,35.1,37.5,55.5,220.5
SENSEX,3,G_10:20_60,dte_matched_ex2122,132,18.7,44.1,49.7,103.4,313.4,10.6,35.1,37.5,55.5,220.5
SENSEX,3,G_10:20_60,all_days,1353,22.2,48.5,63.2,94.2,313.4,12.2,36.4,47.7,77.2,220.5
SENSEX,3,G_10:20_60,dte_matched,132,18.7,44.1,49.7,103.4,313.4,10.6,35.1,37.5,55.5,220.5
SENSEX,3,G_10:20_60,dte_matched_ex2122,132,18.7,44.1,49.7,103.4,313.4,10.6,35.1,37.5,55.5,220.5
SENSEX,3,G_10:20_60,all_days,1353,22.2,48.5,63.2,94.2,313.4,12.2,36.4,47.7,77.2,220.5
SENSEX,3,G_10:20_60,dte_matched,132,18.7,44.1,49.7,103.4,313.4,10.6,35.1,37.5,55.5,220.5
SENSEX,3,G_10:20_60,dte_matched_ex2122,132,18.7,44.1,49.7,103.4,313.4,10.6,35.1,37.5,55.5,220.5
SENSEX,3,G_10:20_60,all_days,1353,22.2,48.5,63.2,94.2,313.4,12.2,36.4,47.7,77.2,220.5
SENSEX,3,G_10:20_90,dte_matched,132,21.2,49.7,58.3,103.4,313.4,13.0,37.7,47.7,83.4,219.1
SENSEX,3,G_10:20_90,dte_matched_ex2122,132,21.2,49.7,58.3,103.4,313.4,13.0,37.7,47.7,83.4,219.1
SENSEX,3,G_10:20_90,all_days,1353,26.9,57.5,73.1,106.6,313.4,14.1,43.3,54.2,95.2,219.1
SENSEX,3,G_10:20_90,dte_matched,132,21.2,49.7,58.3,103.4,313.4,13.0,37.7,47.7,83.4,219.1
SENSEX,3,G_10:20_90,dte_matched_ex2122,132,21.2,49.7,58.3,103.4,313.4,13.0,37.7,47.7,83.4,219.1
SENSEX,3,G_10:20_90,all_days,1353,26.9,57.5,73.1,106.6,313.4,14.1,43.3,54.2,95.2,219.1
SENSEX,3,G_10:20_90,dte_matched,132,21.2,49.7,58.3,103.4,313.4,13.0,37.7,47.7,83.4,219.1
SENSEX,3,G_10:20_90,dte_matched_ex2122,132,21.2,49.7,58.3,103.4,313.4,13.0,37.7,47.7,83.4,219.1
SENSEX,3,G_10:20_90,all_days,1353,26.9,57.5,73.1,106.6,313.4,14.1,43.3,54.2,95.2,219.1
SENSEX,3,G_10:20_H,dte_matched,132,49.5,114.2,140.1,228.7,595.0,26.8,94.3,114.5,202.0,345.9
SENSEX,3,G_10:20_H,dte_matched_ex2122,132,49.5,114.2,140.1,228.7,595.0,26.8,94.3,114.5,202.0,345.9
SENSEX,3,G_10:20_H,all_days,1353,53.5,115.0,141.9,209.2,595.0,32.0,91.1,117.2,185.5,400.5
SENSEX,3,G_10:20_H,dte_matched,132,49.5,114.2,140.1,228.7,595.0,26.8,94.3,114.5,202.0,345.9
SENSEX,3,G_10:20_H,dte_matched_ex2122,132,49.5,114.2,140.1,228.7,595.0,26.8,94.3,114.5,202.0,345.9
SENSEX,3,G_10:20_H,all_days,1353,53.5,115.0,141.9,209.2,595.0,32.0,91.1,117.2,185.5,400.5
SENSEX,3,G_10:20_H,dte_matched,132,49.5,114.2,140.1,228.7,595.0,26.8,94.3,114.5,202.0,345.9
SENSEX,3,G_10:20_H,dte_matched_ex2122,132,49.5,114.2,140.1,228.7,595.0,26.8,94.3,114.5,202.0,345.9
SENSEX,3,G_10:20_H,all_days,1353,53.5,115.0,141.9,209.2,595.0,32.0,91.1,117.2,185.5,400.5
SENSEX,3,G_10:50_120,dte_matched,132,25.9,61.5,65.0,142.7,531.1,16.9,45.7,55.5,75.7,278.3
SENSEX,3,G_10:50_120,dte_matched_ex2122,132,25.9,61.5,65.0,142.7,531.1,16.9,45.7,55.5,75.7,278.3
SENSEX,3,G_10:50_120,all_days,1353,29.9,63.4,82.4,116.0,531.1,17.1,52.0,65.9,100.0,278.3
SENSEX,3,G_10:50_120,dte_matched,132,25.9,61.5,65.0,142.7,531.1,16.9,45.7,55.5,75.7,278.3
SENSEX,3,G_10:50_120,dte_matched_ex2122,132,25.9,61.5,65.0,142.7,531.1,16.9,45.7,55.5,75.7,278.3
SENSEX,3,G_10:50_120,all_days,1353,29.9,63.4,82.4,116.0,531.1,17.1,52.0,65.9,100.0,278.3
SENSEX,3,G_10:50_120,dte_matched,132,25.9,61.5,65.0,142.7,531.1,16.9,45.7,55.5,75.7,278.3
SENSEX,3,G_10:50_120,dte_matched_ex2122,132,25.9,61.5,65.0,142.7,531.1,16.9,45.7,55.5,75.7,278.3
SENSEX,3,G_10:50_120,all_days,1353,29.9,63.4,82.4,116.0,531.1,17.1,52.0,65.9,100.0,278.3
SENSEX,3,G_10:50_60,dte_matched,132,17.2,39.6,47.5,79.6,247.5,9.4,30.8,36.6,58.7,152.5
SENSEX,3,G_10:50_60,dte_matched_ex2122,132,17.2,39.6,47.5,79.6,247.5,9.4,30.8,36.6,58.7,152.5
SENSEX,3,G_10:50_60,all_days,1353,20.6,45.4,55.1,92.2,247.5,11.1,35.8,45.1,72.3,152.5
SENSEX,3,G_10:50_60,dte_matched,132,17.2,39.6,47.5,79.6,247.5,9.4,30.8,36.6,58.7,152.5
SENSEX,3,G_10:50_60,dte_matched_ex2122,132,17.2,39.6,47.5,79.6,247.5,9.4,30.8,36.6,58.7,152.5
SENSEX,3,G_10:50_60,all_days,1353,20.6,45.4,55.1,92.2,247.5,11.1,35.8,45.1,72.3,152.5
SENSEX,3,G_10:50_60,dte_matched,132,17.2,39.6,47.5,79.6,247.5,9.4,30.8,36.6,58.7,152.5
SENSEX,3,G_10:50_60,dte_matched_ex2122,132,17.2,39.6,47.5,79.6,247.5,9.4,30.8,36.6,58.7,152.5
SENSEX,3,G_10:50_60,all_days,1353,20.6,45.4,55.1,92.2,247.5,11.1,35.8,45.1,72.3,152.5
SENSEX,3,G_10:50_90,dte_matched,132,21.0,53.2,59.3,90.5,453.8,13.8,40.5,46.9,77.0,396.5
SENSEX,3,G_10:50_90,dte_matched_ex2122,132,21.0,53.2,59.3,90.5,453.8,13.8,40.5,46.9,77.0,396.5
SENSEX,3,G_10:50_90,all_days,1353,25.1,55.0,68.4,104.7,453.8,14.7,41.4,54.5,90.1,396.5
SENSEX,3,G_10:50_90,dte_matched,132,21.0,53.2,59.3,90.5,453.8,13.8,40.5,46.9,77.0,396.5
SENSEX,3,G_10:50_90,dte_matched_ex2122,132,21.0,53.2,59.3,90.5,453.8,13.8,40.5,46.9,77.0,396.5
SENSEX,3,G_10:50_90,all_days,1353,25.1,55.0,68.4,104.7,453.8,14.7,41.4,54.5,90.1,396.5
SENSEX,3,G_10:50_90,dte_matched,132,21.0,53.2,59.3,90.5,453.8,13.8,40.5,46.9,77.0,396.5
SENSEX,3,G_10:50_90,dte_matched_ex2122,132,21.0,53.2,59.3,90.5,453.8,13.8,40.5,46.9,77.0,396.5
SENSEX,3,G_10:50_90,all_days,1353,25.1,55.0,68.4,104.7,453.8,14.7,41.4,54.5,90.1,396.5
SENSEX,3,G_10:50_H,dte_matched,132,46.7,98.5,120.7,220.3,531.1,27.4,86.0,103.3,167.4,280.3
SENSEX,3,G_10:50_H,dte_matched_ex2122,132,46.7,98.5,120.7,220.3,531.1,27.4,86.0,103.3,167.4,280.3
SENSEX,3,G_10:50_H,all_days,1353,50.4,106.9,137.8,194.9,531.1,30.2,87.9,115.8,178.0,374.0
SENSEX,3,G_10:50_H,dte_matched,132,46.7,98.5,120.7,220.3,531.1,27.4,86.0,103.3,167.4,280.3
SENSEX,3,G_10:50_H,dte_matched_ex2122,132,46.7,98.5,120.7,220.3,531.1,27.4,86.0,103.3,167.4,280.3
SENSEX,3,G_10:50_H,all_days,1353,50.4,106.9,137.8,194.9,531.1,30.2,87.9,115.8,178.0,374.0
SENSEX,3,G_10:50_H,dte_matched,132,46.7,98.5,120.7,220.3,531.1,27.4,86.0,103.3,167.4,280.3
SENSEX,3,G_10:50_H,dte_matched_ex2122,132,46.7,98.5,120.7,220.3,531.1,27.4,86.0,103.3,167.4,280.3
SENSEX,3,G_10:50_H,all_days,1353,50.4,106.9,137.8,194.9,531.1,30.2,87.9,115.8,178.0,374.0
SENSEX,3,G_11:20_120,dte_matched,132,24.1,64.2,79.5,152.1,383.0,14.3,54.9,67.0,89.2,116.8
SENSEX,3,G_11:20_120,dte_matched_ex2122,132,24.1,64.2,79.5,152.1,383.0,14.3,54.9,67.0,89.2,116.8
SENSEX,3,G_11:20_120,all_days,1353,28.8,66.2,83.1,116.8,383.0,16.1,52.1,67.2,97.9,217.9
SENSEX,3,G_11:20_120,dte_matched,132,24.1,64.2,79.5,152.1,383.0,14.3,54.9,67.0,89.2,116.8
SENSEX,3,G_11:20_120,dte_matched_ex2122,132,24.1,64.2,79.5,152.1,383.0,14.3,54.9,67.0,89.2,116.8
SENSEX,3,G_11:20_120,all_days,1353,28.8,66.2,83.1,116.8,383.0,16.1,52.1,67.2,97.9,217.9
SENSEX,3,G_11:20_120,dte_matched,132,24.1,64.2,79.5,152.1,383.0,14.3,54.9,67.0,89.2,116.8
SENSEX,3,G_11:20_120,dte_matched_ex2122,132,24.1,64.2,79.5,152.1,383.0,14.3,54.9,67.0,89.2,116.8
SENSEX,3,G_11:20_120,all_days,1353,28.8,66.2,83.1,116.8,383.0,16.1,52.1,67.2,97.9,217.9
SENSEX,3,G_11:20_60,dte_matched,132,17.2,43.3,49.7,99.9,304.5,10.5,37.0,40.7,86.4,246.3
SENSEX,3,G_11:20_60,dte_matched_ex2122,132,17.2,43.3,49.7,99.9,304.5,10.5,37.0,40.7,86.4,246.3
SENSEX,3,G_11:20_60,all_days,1353,19.4,43.9,56.1,79.9,304.5,11.7,32.6,42.4,66.2,246.3
SENSEX,3,G_11:20_60,dte_matched,132,17.2,43.3,49.7,99.9,304.5,10.5,37.0,40.7,86.4,246.3
SENSEX,3,G_11:20_60,dte_matched_ex2122,132,17.2,43.3,49.7,99.9,304.5,10.5,37.0,40.7,86.4,246.3
SENSEX,3,G_11:20_60,all_days,1353,19.4,43.9,56.1,79.9,304.5,11.7,32.6,42.4,66.2,246.3
SENSEX,3,G_11:20_60,dte_matched,132,17.2,43.3,49.7,99.9,304.5,10.5,37.0,40.7,86.4,246.3
SENSEX,3,G_11:20_60,dte_matched_ex2122,132,17.2,43.3,49.7,99.9,304.5,10.5,37.0,40.7,86.4,246.3
SENSEX,3,G_11:20_60,all_days,1353,19.4,43.9,56.1,79.9,304.5,11.7,32.6,42.4,66.2,246.3
SENSEX,3,G_11:20_90,dte_matched,132,22.2,53.3,62.3,152.1,383.0,12.4,47.3,54.3,80.9,126.3
SENSEX,3,G_11:20_90,dte_matched_ex2122,132,22.2,53.3,62.3,152.1,383.0,12.4,47.3,54.3,80.9,126.3
SENSEX,3,G_11:20_90,all_days,1353,25.0,56.2,69.6,98.8,383.0,13.8,44.2,58.1,86.7,126.8
SENSEX,3,G_11:20_90,dte_matched,132,22.2,53.3,62.3,152.1,383.0,12.4,47.3,54.3,80.9,126.3
SENSEX,3,G_11:20_90,dte_matched_ex2122,132,22.2,53.3,62.3,152.1,383.0,12.4,47.3,54.3,80.9,126.3
SENSEX,3,G_11:20_90,all_days,1353,25.0,56.2,69.6,98.8,383.0,13.8,44.2,58.1,86.7,126.8
SENSEX,3,G_11:20_90,dte_matched,132,22.2,53.3,62.3,152.1,383.0,12.4,47.3,54.3,80.9,126.3
SENSEX,3,G_11:20_90,dte_matched_ex2122,132,22.2,53.3,62.3,152.1,383.0,12.4,47.3,54.3,80.9,126.3
SENSEX,3,G_11:20_90,all_days,1353,25.0,56.2,69.6,98.8,383.0,13.8,44.2,58.1,86.7,126.8
SENSEX,3,G_11:20_H,dte_matched,132,43.3,105.2,116.8,184.3,383.0,24.3,93.5,103.2,154.1,157.8
SENSEX,3,G_11:20_H,dte_matched_ex2122,132,43.3,105.2,116.8,184.3,383.0,24.3,93.5,103.2,154.1,157.8
SENSEX,3,G_11:20_H,all_days,1353,47.7,106.2,130.7,188.7,383.0,27.8,83.9,109.1,157.9,352.9
SENSEX,3,G_11:20_H,dte_matched,132,43.3,105.2,116.8,184.3,383.0,24.3,93.5,103.2,154.1,157.8
SENSEX,3,G_11:20_H,dte_matched_ex2122,132,43.3,105.2,116.8,184.3,383.0,24.3,93.5,103.2,154.1,157.8
SENSEX,3,G_11:20_H,all_days,1353,47.7,106.2,130.7,188.7,383.0,27.8,83.9,109.1,157.9,352.9
SENSEX,3,G_11:20_H,dte_matched,132,43.3,105.2,116.8,184.3,383.0,24.3,93.5,103.2,154.1,157.8
SENSEX,3,G_11:20_H,dte_matched_ex2122,132,43.3,105.2,116.8,184.3,383.0,24.3,93.5,103.2,154.1,157.8
SENSEX,3,G_11:20_H,all_days,1353,47.7,106.2,130.7,188.7,383.0,27.8,83.9,109.1,157.9,352.9
SENSEX,3,G_11:50_120,dte_matched,132,26.2,64.5,90.2,181.8,384.4,14.7,53.6,66.9,95.2,174.8
SENSEX,3,G_11:50_120,dte_matched_ex2122,132,26.2,64.5,90.2,181.8,384.4,14.7,53.6,66.9,95.2,174.8
SENSEX,3,G_11:50_120,all_days,1352,28.7,66.3,83.9,134.4,384.4,15.9,52.3,65.8,105.9,230.8
SENSEX,3,G_11:50_120,dte_matched,132,26.2,64.5,90.2,181.8,384.4,14.7,53.6,66.9,95.2,174.8
SENSEX,3,G_11:50_120,dte_matched_ex2122,132,26.2,64.5,90.2,181.8,384.4,14.7,53.6,66.9,95.2,174.8
SENSEX,3,G_11:50_120,all_days,1352,28.7,66.3,83.9,134.4,384.4,15.9,52.3,65.8,105.9,230.8
SENSEX,3,G_11:50_120,dte_matched,132,26.2,64.5,90.2,181.8,384.4,14.7,53.6,66.9,95.2,174.8
SENSEX,3,G_11:50_120,dte_matched_ex2122,132,26.2,64.5,90.2,181.8,384.4,14.7,53.6,66.9,95.2,174.8
SENSEX,3,G_11:50_120,all_days,1352,28.7,66.3,83.9,134.4,384.4,15.9,52.3,65.8,105.9,230.8
SENSEX,3,G_11:50_60,dte_matched,132,19.8,40.0,55.8,155.1,384.4,11.7,31.5,44.3,88.0,127.7
SENSEX,3,G_11:50_60,dte_matched_ex2122,132,19.8,40.0,55.8,155.1,384.4,11.7,31.5,44.3,88.0,127.7
SENSEX,3,G_11:50_60,all_days,1352,20.5,45.8,58.1,87.8,384.4,11.6,34.5,48.0,79.6,127.7
SENSEX,3,G_11:50_60,dte_matched,132,19.8,40.0,55.8,155.1,384.4,11.7,31.5,44.3,88.0,127.7
SENSEX,3,G_11:50_60,dte_matched_ex2122,132,19.8,40.0,55.8,155.1,384.4,11.7,31.5,44.3,88.0,127.7
SENSEX,3,G_11:50_60,all_days,1352,20.5,45.8,58.1,87.8,384.4,11.6,34.5,48.0,79.6,127.7
SENSEX,3,G_11:50_60,dte_matched,132,19.8,40.0,55.8,155.1,384.4,11.7,31.5,44.3,88.0,127.7
SENSEX,3,G_11:50_60,dte_matched_ex2122,132,19.8,40.0,55.8,155.1,384.4,11.7,31.5,44.3,88.0,127.7
SENSEX,3,G_11:50_60,all_days,1352,20.5,45.8,58.1,87.8,384.4,11.6,34.5,48.0,79.6,127.7
SENSEX,3,G_11:50_90,dte_matched,132,23.0,50.1,70.4,155.1,384.4,12.2,41.0,66.6,93.1,103.1
SENSEX,3,G_11:50_90,dte_matched_ex2122,132,23.0,50.1,70.4,155.1,384.4,12.2,41.0,66.6,93.1,103.1
SENSEX,3,G_11:50_90,all_days,1352,24.4,57.2,72.0,116.1,384.4,13.5,44.2,60.5,92.5,152.6
SENSEX,3,G_11:50_90,dte_matched,132,23.0,50.1,70.4,155.1,384.4,12.2,41.0,66.6,93.1,103.1
SENSEX,3,G_11:50_90,dte_matched_ex2122,132,23.0,50.1,70.4,155.1,384.4,12.2,41.0,66.6,93.1,103.1
SENSEX,3,G_11:50_90,all_days,1352,24.4,57.2,72.0,116.1,384.4,13.5,44.2,60.5,92.5,152.6
SENSEX,3,G_11:50_90,dte_matched,132,23.0,50.1,70.4,155.1,384.4,12.2,41.0,66.6,93.1,103.1
SENSEX,3,G_11:50_90,dte_matched_ex2122,132,23.0,50.1,70.4,155.1,384.4,12.2,41.0,66.6,93.1,103.1
SENSEX,3,G_11:50_90,all_days,1352,24.4,57.2,72.0,116.1,384.4,13.5,44.2,60.5,92.5,152.6
SENSEX,3,G_11:50_H,dte_matched,132,39.3,94.6,123.9,198.4,384.4,19.0,80.9,105.6,136.9,171.9
SENSEX,3,G_11:50_H,dte_matched_ex2122,132,39.3,94.6,123.9,198.4,384.4,19.0,80.9,105.6,136.9,171.9
SENSEX,3,G_11:50_H,all_days,1352,43.3,100.6,124.3,185.4,384.4,25.9,80.3,105.6,156.1,286.7
SENSEX,3,G_11:50_H,dte_matched,132,39.3,94.6,123.9,198.4,384.4,19.0,80.9,105.6,136.9,171.9
SENSEX,3,G_11:50_H,dte_matched_ex2122,132,39.3,94.6,123.9,198.4,384.4,19.0,80.9,105.6,136.9,171.9
SENSEX,3,G_11:50_H,all_days,1352,43.3,100.6,124.3,185.4,384.4,25.9,80.3,105.6,156.1,286.7
SENSEX,3,G_11:50_H,dte_matched,132,39.3,94.6,123.9,198.4,384.4,19.0,80.9,105.6,136.9,171.9
SENSEX,3,G_11:50_H,dte_matched_ex2122,132,39.3,94.6,123.9,198.4,384.4,19.0,80.9,105.6,136.9,171.9
SENSEX,3,G_11:50_H,all_days,1352,43.3,100.6,124.3,185.4,384.4,25.9,80.3,105.6,156.1,286.7
SENSEX,3,G_12:20_120,dte_matched,132,27.9,61.6,83.7,180.5,284.7,15.3,52.3,67.6,162.3,172.8
SENSEX,3,G_12:20_120,dte_matched_ex2122,132,27.9,61.6,83.7,180.5,284.7,15.3,52.3,67.6,162.3,172.8
SENSEX,3,G_12:20_120,all_days,1352,30.0,70.3,90.0,139.3,303.8,16.3,56.2,71.0,122.4,271.6
SENSEX,3,G_12:20_120,dte_matched,132,27.9,61.6,83.7,180.5,284.7,15.3,52.3,67.6,162.3,172.8
SENSEX,3,G_12:20_120,dte_matched_ex2122,132,27.9,61.6,83.7,180.5,284.7,15.3,52.3,67.6,162.3,172.8
SENSEX,3,G_12:20_120,all_days,1352,30.0,70.3,90.0,139.3,303.8,16.3,56.2,71.0,122.4,271.6
SENSEX,3,G_12:20_120,dte_matched,132,27.9,61.6,83.7,180.5,284.7,15.3,52.3,67.6,162.3,172.8
SENSEX,3,G_12:20_120,dte_matched_ex2122,132,27.9,61.6,83.7,180.5,284.7,15.3,52.3,67.6,162.3,172.8
SENSEX,3,G_12:20_120,all_days,1352,30.0,70.3,90.0,139.3,303.8,16.3,56.2,71.0,122.4,271.6
SENSEX,3,G_12:20_60,dte_matched,132,18.0,36.6,49.3,101.7,187.3,10.1,29.5,41.8,85.4,185.8
SENSEX,3,G_12:20_60,dte_matched_ex2122,132,18.0,36.6,49.3,101.7,187.3,10.1,29.5,41.8,85.4,185.8
SENSEX,3,G_12:20_60,all_days,1352,19.4,44.4,57.9,95.6,223.6,10.4,33.9,46.1,79.5,209.3
SENSEX,3,G_12:20_60,dte_matched,132,18.0,36.6,49.3,101.7,187.3,10.1,29.5,41.8,85.4,185.8
SENSEX,3,G_12:20_60,dte_matched_ex2122,132,18.0,36.6,49.3,101.7,187.3,10.1,29.5,41.8,85.4,185.8
SENSEX,3,G_12:20_60,all_days,1352,19.4,44.4,57.9,95.6,223.6,10.4,33.9,46.1,79.5,209.3
SENSEX,3,G_12:20_60,dte_matched,132,18.0,36.6,49.3,101.7,187.3,10.1,29.5,41.8,85.4,185.8
SENSEX,3,G_12:20_60,dte_matched_ex2122,132,18.0,36.6,49.3,101.7,187.3,10.1,29.5,41.8,85.4,185.8
SENSEX,3,G_12:20_60,all_days,1352,19.4,44.4,57.9,95.6,223.6,10.4,33.9,46.1,79.5,209.3
SENSEX,3,G_12:20_90,dte_matched,132,21.7,54.6,66.3,163.9,253.0,14.4,46.6,58.4,156.9,253.0
SENSEX,3,G_12:20_90,dte_matched_ex2122,132,21.7,54.6,66.3,163.9,253.0,14.4,46.6,58.4,156.9,253.0
SENSEX,3,G_12:20_90,all_days,1352,24.9,57.4,71.0,119.2,303.8,13.6,44.5,57.8,95.9,288.0
SENSEX,3,G_12:20_90,dte_matched,132,21.7,54.6,66.3,163.9,253.0,14.4,46.6,58.4,156.9,253.0
SENSEX,3,G_12:20_90,dte_matched_ex2122,132,21.7,54.6,66.3,163.9,253.0,14.4,46.6,58.4,156.9,253.0
SENSEX,3,G_12:20_90,all_days,1352,24.9,57.4,71.0,119.2,303.8,13.6,44.5,57.8,95.9,288.0
SENSEX,3,G_12:20_90,dte_matched,132,21.7,54.6,66.3,163.9,253.0,14.4,46.6,58.4,156.9,253.0
SENSEX,3,G_12:20_90,dte_matched_ex2122,132,21.7,54.6,66.3,163.9,253.0,14.4,46.6,58.4,156.9,253.0
SENSEX,3,G_12:20_90,all_days,1352,24.9,57.4,71.0,119.2,303.8,13.6,44.5,57.8,95.9,288.0
SENSEX,3,G_12:20_H,dte_matched,132,35.5,89.0,113.7,180.5,284.7,20.5,75.6,96.7,128.2,154.0
SENSEX,3,G_12:20_H,dte_matched_ex2122,132,35.5,89.0,113.7,180.5,284.7,20.5,75.6,96.7,128.2,154.0
SENSEX,3,G_12:20_H,all_days,1352,40.9,93.1,115.3,176.4,359.3,24.0,77.2,95.0,153.2,344.2
SENSEX,3,G_12:20_H,dte_matched,132,35.5,89.0,113.7,180.5,284.7,20.5,75.6,96.7,128.2,154.0
SENSEX,3,G_12:20_H,dte_matched_ex2122,132,35.5,89.0,113.7,180.5,284.7,20.5,75.6,96.7,128.2,154.0
SENSEX,3,G_12:20_H,all_days,1352,40.9,93.1,115.3,176.4,359.3,24.0,77.2,95.0,153.2,344.2
SENSEX,3,G_12:20_H,dte_matched,132,35.5,89.0,113.7,180.5,284.7,20.5,75.6,96.7,128.2,154.0
SENSEX,3,G_12:20_H,dte_matched_ex2122,132,35.5,89.0,113.7,180.5,284.7,20.5,75.6,96.7,128.2,154.0
SENSEX,3,G_12:20_H,all_days,1352,40.9,93.1,115.3,176.4,359.3,24.0,77.2,95.0,153.2,344.2
SENSEX,3,G_12:50_120,dte_matched,132,26.4,64.6,80.8,170.1,189.2,16.5,55.8,68.8,161.1,168.9
SENSEX,3,G_12:50_120,dte_matched_ex2122,132,26.4,64.6,80.8,170.1,189.2,16.5,55.8,68.8,161.1,168.9
SENSEX,3,G_12:50_120,all_days,1352,31.2,71.7,90.9,145.2,289.9,17.5,55.8,74.1,130.9,289.1
SENSEX,3,G_12:50_120,dte_matched,132,26.4,64.6,80.8,170.1,189.2,16.5,55.8,68.8,161.1,168.9
SENSEX,3,G_12:50_120,dte_matched_ex2122,132,26.4,64.6,80.8,170.1,189.2,16.5,55.8,68.8,161.1,168.9
SENSEX,3,G_12:50_120,all_days,1352,31.2,71.7,90.9,145.2,289.9,17.5,55.8,74.1,130.9,289.1
SENSEX,3,G_12:50_120,dte_matched,132,26.4,64.6,80.8,170.1,189.2,16.5,55.8,68.8,161.1,168.9
SENSEX,3,G_12:50_120,dte_matched_ex2122,132,26.4,64.6,80.8,170.1,189.2,16.5,55.8,68.8,161.1,168.9
SENSEX,3,G_12:50_120,all_days,1352,31.2,71.7,90.9,145.2,289.9,17.5,55.8,74.1,130.9,289.1
SENSEX,3,G_12:50_60,dte_matched,132,17.5,41.4,47.6,128.3,172.6,9.7,33.5,42.3,128.3,165.6
SENSEX,3,G_12:50_60,dte_matched_ex2122,132,17.5,41.4,47.6,128.3,172.6,9.7,33.5,42.3,128.3,165.6
SENSEX,3,G_12:50_60,all_days,1352,20.7,46.1,59.6,95.0,220.9,11.3,36.8,48.6,75.4,205.2
SENSEX,3,G_12:50_60,dte_matched,132,17.5,41.4,47.6,128.3,172.6,9.7,33.5,42.3,128.3,165.6
SENSEX,3,G_12:50_60,dte_matched_ex2122,132,17.5,41.4,47.6,128.3,172.6,9.7,33.5,42.3,128.3,165.6
SENSEX,3,G_12:50_60,all_days,1352,20.7,46.1,59.6,95.0,220.9,11.3,36.8,48.6,75.4,205.2
SENSEX,3,G_12:50_60,dte_matched,132,17.5,41.4,47.6,128.3,172.6,9.7,33.5,42.3,128.3,165.6
SENSEX,3,G_12:50_60,dte_matched_ex2122,132,17.5,41.4,47.6,128.3,172.6,9.7,33.5,42.3,128.3,165.6
SENSEX,3,G_12:50_60,all_days,1352,20.7,46.1,59.6,95.0,220.9,11.3,36.8,48.6,75.4,205.2
SENSEX,3,G_12:50_90,dte_matched,132,22.5,53.3,64.6,159.6,189.2,11.5,45.9,57.6,107.8,181.6
SENSEX,3,G_12:50_90,dte_matched_ex2122,132,22.5,53.3,64.6,159.6,189.2,11.5,45.9,57.6,107.8,181.6
SENSEX,3,G_12:50_90,all_days,1352,25.9,59.9,76.5,125.3,220.9,14.1,48.3,61.6,98.5,192.3
SENSEX,3,G_12:50_90,dte_matched,132,22.5,53.3,64.6,159.6,189.2,11.5,45.9,57.6,107.8,181.6
SENSEX,3,G_12:50_90,dte_matched_ex2122,132,22.5,53.3,64.6,159.6,189.2,11.5,45.9,57.6,107.8,181.6
SENSEX,3,G_12:50_90,all_days,1352,25.9,59.9,76.5,125.3,220.9,14.1,48.3,61.6,98.5,192.3
SENSEX,3,G_12:50_90,dte_matched,132,22.5,53.3,64.6,159.6,189.2,11.5,45.9,57.6,107.8,181.6
SENSEX,3,G_12:50_90,dte_matched_ex2122,132,22.5,53.3,64.6,159.6,189.2,11.5,45.9,57.6,107.8,181.6
SENSEX,3,G_12:50_90,all_days,1352,25.9,59.9,76.5,125.3,220.9,14.1,48.3,61.6,98.5,192.3
SENSEX,3,G_12:50_H,dte_matched,132,32.1,80.4,102.9,186.3,189.2,19.6,64.6,81.3,133.6,162.7
SENSEX,3,G_12:50_H,dte_matched_ex2122,132,32.1,80.4,102.9,186.3,189.2,19.6,64.6,81.3,133.6,162.7
SENSEX,3,G_12:50_H,all_days,1352,37.1,86.1,107.5,167.7,299.5,22.4,68.0,86.3,140.4,260.9
SENSEX,3,G_12:50_H,dte_matched,132,32.1,80.4,102.9,186.3,189.2,19.6,64.6,81.3,133.6,162.7
SENSEX,3,G_12:50_H,dte_matched_ex2122,132,32.1,80.4,102.9,186.3,189.2,19.6,64.6,81.3,133.6,162.7
SENSEX,3,G_12:50_H,all_days,1352,37.1,86.1,107.5,167.7,299.5,22.4,68.0,86.3,140.4,260.9
SENSEX,3,G_12:50_H,dte_matched,132,32.1,80.4,102.9,186.3,189.2,19.6,64.6,81.3,133.6,162.7
SENSEX,3,G_12:50_H,dte_matched_ex2122,132,32.1,80.4,102.9,186.3,189.2,19.6,64.6,81.3,133.6,162.7
SENSEX,3,G_12:50_H,all_days,1352,37.1,86.1,107.5,167.7,299.5,22.4,68.0,86.3,140.4,260.9
SENSEX,3,G_13:20_120,dte_matched,132,28.5,75.2,91.0,140.5,156.3,17.6,61.4,63.8,107.7,126.5
SENSEX,3,G_13:20_120,dte_matched_ex2122,132,28.5,75.2,91.0,140.5,156.3,17.6,61.4,63.8,107.7,126.5
SENSEX,3,G_13:20_120,all_days,1352,34.9,78.5,99.1,147.0,273.4,20.1,62.4,80.6,128.6,191.8
SENSEX,3,G_13:20_120,dte_matched,132,28.5,75.2,91.0,140.5,156.3,17.6,61.4,63.8,107.7,126.5
SENSEX,3,G_13:20_120,dte_matched_ex2122,132,28.5,75.2,91.0,140.5,156.3,17.6,61.4,63.8,107.7,126.5
SENSEX,3,G_13:20_120,all_days,1352,34.9,78.5,99.1,147.0,273.4,20.1,62.4,80.6,128.6,191.8
SENSEX,3,G_13:20_120,dte_matched,132,28.5,75.2,91.0,140.5,156.3,17.6,61.4,63.8,107.7,126.5
SENSEX,3,G_13:20_120,dte_matched_ex2122,132,28.5,75.2,91.0,140.5,156.3,17.6,61.4,63.8,107.7,126.5
SENSEX,3,G_13:20_120,all_days,1352,34.9,78.5,99.1,147.0,273.4,20.1,62.4,80.6,128.6,191.8
SENSEX,3,G_13:20_60,dte_matched,132,18.7,38.8,54.1,97.1,121.0,10.6,30.8,40.7,86.7,120.7
SENSEX,3,G_13:20_60,dte_matched_ex2122,132,18.7,38.8,54.1,97.1,121.0,10.6,30.8,40.7,86.7,120.7
SENSEX,3,G_13:20_60,all_days,1352,22.3,50.6,66.2,110.2,153.8,12.3,39.2,51.6,86.7,139.3
SENSEX,3,G_13:20_60,dte_matched,132,18.7,38.8,54.1,97.1,121.0,10.6,30.8,40.7,86.7,120.7
SENSEX,3,G_13:20_60,dte_matched_ex2122,132,18.7,38.8,54.1,97.1,121.0,10.6,30.8,40.7,86.7,120.7
SENSEX,3,G_13:20_60,all_days,1352,22.3,50.6,66.2,110.2,153.8,12.3,39.2,51.6,86.7,139.3
SENSEX,3,G_13:20_60,dte_matched,132,18.7,38.8,54.1,97.1,121.0,10.6,30.8,40.7,86.7,120.7
SENSEX,3,G_13:20_60,dte_matched_ex2122,132,18.7,38.8,54.1,97.1,121.0,10.6,30.8,40.7,86.7,120.7
SENSEX,3,G_13:20_60,all_days,1352,22.3,50.6,66.2,110.2,153.8,12.3,39.2,51.6,86.7,139.3
SENSEX,3,G_13:20_90,dte_matched,132,24.2,52.1,75.3,134.6,140.2,13.2,43.1,59.6,117.8,131.2
SENSEX,3,G_13:20_90,dte_matched_ex2122,132,24.2,52.1,75.3,134.6,140.2,13.2,43.1,59.6,117.8,131.2
SENSEX,3,G_13:20_90,all_days,1352,27.5,64.7,81.3,132.0,263.7,15.0,49.9,63.7,115.0,262.9
SENSEX,3,G_13:20_90,dte_matched,132,24.2,52.1,75.3,134.6,140.2,13.2,43.1,59.6,117.8,131.2
SENSEX,3,G_13:20_90,dte_matched_ex2122,132,24.2,52.1,75.3,134.6,140.2,13.2,43.1,59.6,117.8,131.2
SENSEX,3,G_13:20_90,all_days,1352,27.5,64.7,81.3,132.0,263.7,15.0,49.9,63.7,115.0,262.9
SENSEX,3,G_13:20_90,dte_matched,132,24.2,52.1,75.3,134.6,140.2,13.2,43.1,59.6,117.8,131.2
SENSEX,3,G_13:20_90,dte_matched_ex2122,132,24.2,52.1,75.3,134.6,140.2,13.2,43.1,59.6,117.8,131.2
SENSEX,3,G_13:20_90,all_days,1352,27.5,64.7,81.3,132.0,263.7,15.0,49.9,63.7,115.0,262.9
SENSEX,3,G_13:20_H,dte_matched,132,28.5,75.2,91.0,140.5,156.3,17.6,61.4,63.8,107.7,126.5
SENSEX,3,G_13:20_H,dte_matched_ex2122,132,28.5,75.2,91.0,140.5,156.3,17.6,61.4,63.8,107.7,126.5
SENSEX,3,G_13:20_H,all_days,1352,34.9,78.5,99.1,147.0,273.4,20.1,62.4,80.6,128.6,191.8
SENSEX,3,G_13:20_H,dte_matched,132,28.5,75.2,91.0,140.5,156.3,17.6,61.4,63.8,107.7,126.5
SENSEX,3,G_13:20_H,dte_matched_ex2122,132,28.5,75.2,91.0,140.5,156.3,17.6,61.4,63.8,107.7,126.5
SENSEX,3,G_13:20_H,all_days,1352,34.9,78.5,99.1,147.0,273.4,20.1,62.4,80.6,128.6,191.8
SENSEX,3,G_13:20_H,dte_matched,132,28.5,75.2,91.0,140.5,156.3,17.6,61.4,63.8,107.7,126.5
SENSEX,3,G_13:20_H,dte_matched_ex2122,132,28.5,75.2,91.0,140.5,156.3,17.6,61.4,63.8,107.7,126.5
SENSEX,3,G_13:20_H,all_days,1352,34.9,78.5,99.1,147.0,273.4,20.1,62.4,80.6,128.6,191.8
SENSEX,3,G_13:50_120,dte_matched,132,23.8,65.5,78.7,182.3,205.1,14.4,53.9,63.9,128.7,129.6
SENSEX,3,G_13:50_120,dte_matched_ex2122,132,23.8,65.5,78.7,182.3,205.1,14.4,53.9,63.9,128.7,129.6
SENSEX,3,G_13:50_120,all_days,1353,30.4,69.6,82.9,124.9,205.1,17.3,56.5,69.1,106.8,194.0
SENSEX,3,G_13:50_120,dte_matched,132,23.8,65.5,78.7,182.3,205.1,14.4,53.9,63.9,128.7,129.6
SENSEX,3,G_13:50_120,dte_matched_ex2122,132,23.8,65.5,78.7,182.3,205.1,14.4,53.9,63.9,128.7,129.6
SENSEX,3,G_13:50_120,all_days,1353,30.4,69.6,82.9,124.9,205.1,17.3,56.5,69.1,106.8,194.0
SENSEX,3,G_13:50_120,dte_matched,132,23.8,65.5,78.7,182.3,205.1,14.4,53.9,63.9,128.7,129.6
SENSEX,3,G_13:50_120,dte_matched_ex2122,132,23.8,65.5,78.7,182.3,205.1,14.4,53.9,63.9,128.7,129.6
SENSEX,3,G_13:50_120,all_days,1353,30.4,69.6,82.9,124.9,205.1,17.3,56.5,69.1,106.8,194.0
SENSEX,3,G_13:50_60,dte_matched,132,19.4,42.9,56.5,130.6,166.1,9.9,31.1,43.9,108.7,157.1
SENSEX,3,G_13:50_60,dte_matched_ex2122,132,19.4,42.9,56.5,130.6,166.1,9.9,31.1,43.9,108.7,157.1
SENSEX,3,G_13:50_60,all_days,1353,23.0,51.4,66.1,105.0,187.6,12.5,39.7,51.3,86.1,186.8
SENSEX,3,G_13:50_60,dte_matched,132,19.4,42.9,56.5,130.6,166.1,9.9,31.1,43.9,108.7,157.1
SENSEX,3,G_13:50_60,dte_matched_ex2122,132,19.4,42.9,56.5,130.6,166.1,9.9,31.1,43.9,108.7,157.1
SENSEX,3,G_13:50_60,all_days,1353,23.0,51.4,66.1,105.0,187.6,12.5,39.7,51.3,86.1,186.8
SENSEX,3,G_13:50_60,dte_matched,132,19.4,42.9,56.5,130.6,166.1,9.9,31.1,43.9,108.7,157.1
SENSEX,3,G_13:50_60,dte_matched_ex2122,132,19.4,42.9,56.5,130.6,166.1,9.9,31.1,43.9,108.7,157.1
SENSEX,3,G_13:50_60,all_days,1353,23.0,51.4,66.1,105.0,187.6,12.5,39.7,51.3,86.1,186.8
SENSEX,3,G_13:50_90,dte_matched,132,23.8,65.5,78.7,182.3,205.1,14.4,53.9,63.9,128.7,129.6
SENSEX,3,G_13:50_90,dte_matched_ex2122,132,23.8,65.5,78.7,182.3,205.1,14.4,53.9,63.9,128.7,129.6
SENSEX,3,G_13:50_90,all_days,1353,30.4,69.6,82.9,124.9,205.1,17.3,56.5,69.1,106.8,194.0
SENSEX,3,G_13:50_90,dte_matched,132,23.8,65.5,78.7,182.3,205.1,14.4,53.9,63.9,128.7,129.6
SENSEX,3,G_13:50_90,dte_matched_ex2122,132,23.8,65.5,78.7,182.3,205.1,14.4,53.9,63.9,128.7,129.6
SENSEX,3,G_13:50_90,all_days,1353,30.4,69.6,82.9,124.9,205.1,17.3,56.5,69.1,106.8,194.0
SENSEX,3,G_13:50_90,dte_matched,132,23.8,65.5,78.7,182.3,205.1,14.4,53.9,63.9,128.7,129.6
SENSEX,3,G_13:50_90,dte_matched_ex2122,132,23.8,65.5,78.7,182.3,205.1,14.4,53.9,63.9,128.7,129.6
SENSEX,3,G_13:50_90,all_days,1353,30.4,69.6,82.9,124.9,205.1,17.3,56.5,69.1,106.8,194.0
SENSEX,3,G_13:50_H,dte_matched,132,23.8,65.5,78.7,182.3,205.1,14.4,53.9,63.9,128.7,129.6
SENSEX,3,G_13:50_H,dte_matched_ex2122,132,23.8,65.5,78.7,182.3,205.1,14.4,53.9,63.9,128.7,129.6
SENSEX,3,G_13:50_H,all_days,1353,30.4,69.6,82.9,124.9,205.1,17.3,56.5,69.1,106.8,194.0
SENSEX,3,G_13:50_H,dte_matched,132,23.8,65.5,78.7,182.3,205.1,14.4,53.9,63.9,128.7,129.6
SENSEX,3,G_13:50_H,dte_matched_ex2122,132,23.8,65.5,78.7,182.3,205.1,14.4,53.9,63.9,128.7,129.6
SENSEX,3,G_13:50_H,all_days,1353,30.4,69.6,82.9,124.9,205.1,17.3,56.5,69.1,106.8,194.0
SENSEX,3,G_13:50_H,dte_matched,132,23.8,65.5,78.7,182.3,205.1,14.4,53.9,63.9,128.7,129.6
SENSEX,3,G_13:50_H,dte_matched_ex2122,132,23.8,65.5,78.7,182.3,205.1,14.4,53.9,63.9,128.7,129.6
SENSEX,3,G_13:50_H,all_days,1353,30.4,69.6,82.9,124.9,205.1,17.3,56.5,69.1,106.8,194.0
SENSEX,3,G_14:20_120,dte_matched,132,21.5,54.9,65.1,117.4,117.7,12.9,40.6,53.7,85.0,88.6
SENSEX,3,G_14:20_120,dte_matched_ex2122,132,21.5,54.9,65.1,117.4,117.7,12.9,40.6,53.7,85.0,88.6
SENSEX,3,G_14:20_120,all_days,1353,25.7,57.3,71.4,108.0,195.4,15.5,46.3,60.6,88.6,194.1
SENSEX,3,G_14:20_120,dte_matched,132,21.5,54.9,65.1,117.4,117.7,12.9,40.6,53.7,85.0,88.6
SENSEX,3,G_14:20_120,dte_matched_ex2122,132,21.5,54.9,65.1,117.4,117.7,12.9,40.6,53.7,85.0,88.6
SENSEX,3,G_14:20_120,all_days,1353,25.7,57.3,71.4,108.0,195.4,15.5,46.3,60.6,88.6,194.1
SENSEX,3,G_14:20_120,dte_matched,132,21.5,54.9,65.1,117.4,117.7,12.9,40.6,53.7,85.0,88.6
SENSEX,3,G_14:20_120,dte_matched_ex2122,132,21.5,54.9,65.1,117.4,117.7,12.9,40.6,53.7,85.0,88.6
SENSEX,3,G_14:20_120,all_days,1353,25.7,57.3,71.4,108.0,195.4,15.5,46.3,60.6,88.6,194.1
SENSEX,3,G_14:20_60,dte_matched,132,21.5,54.9,65.1,117.4,117.7,12.9,40.6,53.7,85.0,88.6
SENSEX,3,G_14:20_60,dte_matched_ex2122,132,21.5,54.9,65.1,117.4,117.7,12.9,40.6,53.7,85.0,88.6
SENSEX,3,G_14:20_60,all_days,1353,25.7,57.3,71.4,108.0,195.4,15.5,46.3,60.6,88.6,194.1
SENSEX,3,G_14:20_60,dte_matched,132,21.5,54.9,65.1,117.4,117.7,12.9,40.6,53.7,85.0,88.6
SENSEX,3,G_14:20_60,dte_matched_ex2122,132,21.5,54.9,65.1,117.4,117.7,12.9,40.6,53.7,85.0,88.6
SENSEX,3,G_14:20_60,all_days,1353,25.7,57.3,71.4,108.0,195.4,15.5,46.3,60.6,88.6,194.1
SENSEX,3,G_14:20_60,dte_matched,132,21.5,54.9,65.1,117.4,117.7,12.9,40.6,53.7,85.0,88.6
SENSEX,3,G_14:20_60,dte_matched_ex2122,132,21.5,54.9,65.1,117.4,117.7,12.9,40.6,53.7,85.0,88.6
SENSEX,3,G_14:20_60,all_days,1353,25.7,57.3,71.4,108.0,195.4,15.5,46.3,60.6,88.6,194.1
SENSEX,3,G_14:20_90,dte_matched,132,21.5,54.9,65.1,117.4,117.7,12.9,40.6,53.7,85.0,88.6
SENSEX,3,G_14:20_90,dte_matched_ex2122,132,21.5,54.9,65.1,117.4,117.7,12.9,40.6,53.7,85.0,88.6
SENSEX,3,G_14:20_90,all_days,1353,25.7,57.3,71.4,108.0,195.4,15.5,46.3,60.6,88.6,194.1
SENSEX,3,G_14:20_90,dte_matched,132,21.5,54.9,65.1,117.4,117.7,12.9,40.6,53.7,85.0,88.6
SENSEX,3,G_14:20_90,dte_matched_ex2122,132,21.5,54.9,65.1,117.4,117.7,12.9,40.6,53.7,85.0,88.6
SENSEX,3,G_14:20_90,all_days,1353,25.7,57.3,71.4,108.0,195.4,15.5,46.3,60.6,88.6,194.1
SENSEX,3,G_14:20_90,dte_matched,132,21.5,54.9,65.1,117.4,117.7,12.9,40.6,53.7,85.0,88.6
SENSEX,3,G_14:20_90,dte_matched_ex2122,132,21.5,54.9,65.1,117.4,117.7,12.9,40.6,53.7,85.0,88.6
SENSEX,3,G_14:20_90,all_days,1353,25.7,57.3,71.4,108.0,195.4,15.5,46.3,60.6,88.6,194.1
SENSEX,3,G_14:20_H,dte_matched,132,21.5,54.9,65.1,117.4,117.7,12.9,40.6,53.7,85.0,88.6
SENSEX,3,G_14:20_H,dte_matched_ex2122,132,21.5,54.9,65.1,117.4,117.7,12.9,40.6,53.7,85.0,88.6
SENSEX,3,G_14:20_H,all_days,1353,25.7,57.3,71.4,108.0,195.4,15.5,46.3,60.6,88.6,194.1
SENSEX,3,G_14:20_H,dte_matched,132,21.5,54.9,65.1,117.4,117.7,12.9,40.6,53.7,85.0,88.6
SENSEX,3,G_14:20_H,dte_matched_ex2122,132,21.5,54.9,65.1,117.4,117.7,12.9,40.6,53.7,85.0,88.6
SENSEX,3,G_14:20_H,all_days,1353,25.7,57.3,71.4,108.0,195.4,15.5,46.3,60.6,88.6,194.1
SENSEX,3,G_14:20_H,dte_matched,132,21.5,54.9,65.1,117.4,117.7,12.9,40.6,53.7,85.0,88.6
SENSEX,3,G_14:20_H,dte_matched_ex2122,132,21.5,54.9,65.1,117.4,117.7,12.9,40.6,53.7,85.0,88.6
SENSEX,3,G_14:20_H,all_days,1353,25.7,57.3,71.4,108.0,195.4,15.5,46.3,60.6,88.6,194.1
SENSEX,3,G_14:30_120,dte_matched,132,20.2,47.1,58.5,93.2,107.6,11.8,38.4,45.9,80.3,86.5
SENSEX,3,G_14:30_120,dte_matched_ex2122,132,20.2,47.1,58.5,93.2,107.6,11.8,38.4,45.9,80.3,86.5
SENSEX,3,G_14:30_120,all_days,1353,23.5,52.9,66.9,107.2,188.2,14.0,42.8,53.9,82.1,186.8
SENSEX,3,G_14:30_120,dte_matched,132,20.2,47.1,58.5,93.2,107.6,11.8,38.4,45.9,80.3,86.5
SENSEX,3,G_14:30_120,dte_matched_ex2122,132,20.2,47.1,58.5,93.2,107.6,11.8,38.4,45.9,80.3,86.5
SENSEX,3,G_14:30_120,all_days,1353,23.5,52.9,66.9,107.2,188.2,14.0,42.8,53.9,82.1,186.8
SENSEX,3,G_14:30_120,dte_matched,132,20.2,47.1,58.5,93.2,107.6,11.8,38.4,45.9,80.3,86.5
SENSEX,3,G_14:30_120,dte_matched_ex2122,132,20.2,47.1,58.5,93.2,107.6,11.8,38.4,45.9,80.3,86.5
SENSEX,3,G_14:30_120,all_days,1353,23.5,52.9,66.9,107.2,188.2,14.0,42.8,53.9,82.1,186.8
SENSEX,3,G_14:30_60,dte_matched,132,20.2,47.1,58.5,93.2,107.6,11.8,38.4,45.9,80.3,86.5
SENSEX,3,G_14:30_60,dte_matched_ex2122,132,20.2,47.1,58.5,93.2,107.6,11.8,38.4,45.9,80.3,86.5
SENSEX,3,G_14:30_60,all_days,1353,23.5,52.9,66.9,107.2,188.2,14.0,42.8,53.9,82.1,186.8
SENSEX,3,G_14:30_60,dte_matched,132,20.2,47.1,58.5,93.2,107.6,11.8,38.4,45.9,80.3,86.5
SENSEX,3,G_14:30_60,dte_matched_ex2122,132,20.2,47.1,58.5,93.2,107.6,11.8,38.4,45.9,80.3,86.5
SENSEX,3,G_14:30_60,all_days,1353,23.5,52.9,66.9,107.2,188.2,14.0,42.8,53.9,82.1,186.8
SENSEX,3,G_14:30_60,dte_matched,132,20.2,47.1,58.5,93.2,107.6,11.8,38.4,45.9,80.3,86.5
SENSEX,3,G_14:30_60,dte_matched_ex2122,132,20.2,47.1,58.5,93.2,107.6,11.8,38.4,45.9,80.3,86.5
SENSEX,3,G_14:30_60,all_days,1353,23.5,52.9,66.9,107.2,188.2,14.0,42.8,53.9,82.1,186.8
SENSEX,3,G_14:30_90,dte_matched,132,20.2,47.1,58.5,93.2,107.6,11.8,38.4,45.9,80.3,86.5
SENSEX,3,G_14:30_90,dte_matched_ex2122,132,20.2,47.1,58.5,93.2,107.6,11.8,38.4,45.9,80.3,86.5
SENSEX,3,G_14:30_90,all_days,1353,23.5,52.9,66.9,107.2,188.2,14.0,42.8,53.9,82.1,186.8
SENSEX,3,G_14:30_90,dte_matched,132,20.2,47.1,58.5,93.2,107.6,11.8,38.4,45.9,80.3,86.5
SENSEX,3,G_14:30_90,dte_matched_ex2122,132,20.2,47.1,58.5,93.2,107.6,11.8,38.4,45.9,80.3,86.5
SENSEX,3,G_14:30_90,all_days,1353,23.5,52.9,66.9,107.2,188.2,14.0,42.8,53.9,82.1,186.8
SENSEX,3,G_14:30_90,dte_matched,132,20.2,47.1,58.5,93.2,107.6,11.8,38.4,45.9,80.3,86.5
SENSEX,3,G_14:30_90,dte_matched_ex2122,132,20.2,47.1,58.5,93.2,107.6,11.8,38.4,45.9,80.3,86.5
SENSEX,3,G_14:30_90,all_days,1353,23.5,52.9,66.9,107.2,188.2,14.0,42.8,53.9,82.1,186.8
SENSEX,3,G_14:30_H,dte_matched,132,20.2,47.1,58.5,93.2,107.6,11.8,38.4,45.9,80.3,86.5
SENSEX,3,G_14:30_H,dte_matched_ex2122,132,20.2,47.1,58.5,93.2,107.6,11.8,38.4,45.9,80.3,86.5
SENSEX,3,G_14:30_H,all_days,1353,23.5,52.9,66.9,107.2,188.2,14.0,42.8,53.9,82.1,186.8
SENSEX,3,G_14:30_H,dte_matched,132,20.2,47.1,58.5,93.2,107.6,11.8,38.4,45.9,80.3,86.5
SENSEX,3,G_14:30_H,dte_matched_ex2122,132,20.2,47.1,58.5,93.2,107.6,11.8,38.4,45.9,80.3,86.5
SENSEX,3,G_14:30_H,all_days,1353,23.5,52.9,66.9,107.2,188.2,14.0,42.8,53.9,82.1,186.8
SENSEX,3,G_14:30_H,dte_matched,132,20.2,47.1,58.5,93.2,107.6,11.8,38.4,45.9,80.3,86.5
SENSEX,3,G_14:30_H,dte_matched_ex2122,132,20.2,47.1,58.5,93.2,107.6,11.8,38.4,45.9,80.3,86.5
SENSEX,3,G_14:30_H,all_days,1353,23.5,52.9,66.9,107.2,188.2,14.0,42.8,53.9,82.1,186.8
SENSEX,4,DEP_0930_1100,dte_matched,130,31.9,61.8,73.3,87.5,99.7,19.7,49.5,57.8,81.2,84.5
SENSEX,4,DEP_0930_1100,dte_matched_ex2122,130,31.9,61.8,73.3,87.5,99.7,19.7,49.5,57.8,81.2,84.5
SENSEX,4,DEP_0930_1100,all_days,1353,34.4,70.6,86.9,121.4,211.2,20.1,54.5,70.8,101.8,170.4
SENSEX,4,DEP_0930_1100,dte_matched,130,31.9,61.8,73.3,87.5,99.7,19.7,49.5,57.8,81.2,84.5
SENSEX,4,DEP_0930_1100,dte_matched_ex2122,130,31.9,61.8,73.3,87.5,99.7,19.7,49.5,57.8,81.2,84.5
SENSEX,4,DEP_0930_1100,all_days,1353,34.4,70.6,86.9,121.4,211.2,20.1,54.5,70.8,101.8,170.4
SENSEX,4,DEP_0930_1100,dte_matched,130,31.9,61.8,73.3,87.5,99.7,19.7,49.5,57.8,81.2,84.5
SENSEX,4,DEP_0930_1100,dte_matched_ex2122,130,31.9,61.8,73.3,87.5,99.7,19.7,49.5,57.8,81.2,84.5
SENSEX,4,DEP_0930_1100,all_days,1353,34.4,70.6,86.9,121.4,211.2,20.1,54.5,70.8,101.8,170.4
SENSEX,4,DEP_1000_1200,dte_matched,130,30.0,62.9,78.1,108.2,171.7,17.3,50.4,61.1,100.5,136.9
SENSEX,4,DEP_1000_1200,dte_matched_ex2122,130,30.0,62.9,78.1,108.2,171.7,17.3,50.4,61.1,100.5,136.9
SENSEX,4,DEP_1000_1200,all_days,1353,32.3,68.5,84.7,126.6,361.0,19.2,52.6,66.0,110.4,334.5
SENSEX,4,DEP_1000_1200,dte_matched,130,30.0,62.9,78.1,108.2,171.7,17.3,50.4,61.1,100.5,136.9
SENSEX,4,DEP_1000_1200,dte_matched_ex2122,130,30.0,62.9,78.1,108.2,171.7,17.3,50.4,61.1,100.5,136.9
SENSEX,4,DEP_1000_1200,all_days,1353,32.3,68.5,84.7,126.6,361.0,19.2,52.6,66.0,110.4,334.5
SENSEX,4,DEP_1000_1200,dte_matched,130,30.0,62.9,78.1,108.2,171.7,17.3,50.4,61.1,100.5,136.9
SENSEX,4,DEP_1000_1200,dte_matched_ex2122,130,30.0,62.9,78.1,108.2,171.7,17.3,50.4,61.1,100.5,136.9
SENSEX,4,DEP_1000_1200,all_days,1353,32.3,68.5,84.7,126.6,361.0,19.2,52.6,66.0,110.4,334.5
SENSEX,4,DEP_1030_1200,dte_matched,130,25.0,50.2,59.2,91.5,153.0,14.1,38.7,49.5,83.8,118.2
SENSEX,4,DEP_1030_1200,dte_matched_ex2122,130,25.0,50.2,59.2,91.5,153.0,14.1,38.7,49.5,83.8,118.2
SENSEX,4,DEP_1030_1200,all_days,1353,25.5,55.0,69.0,111.0,351.4,14.6,42.9,54.5,100.2,324.9
SENSEX,4,DEP_1030_1200,dte_matched,130,25.0,50.2,59.2,91.5,153.0,14.1,38.7,49.5,83.8,118.2
SENSEX,4,DEP_1030_1200,dte_matched_ex2122,130,25.0,50.2,59.2,91.5,153.0,14.1,38.7,49.5,83.8,118.2
SENSEX,4,DEP_1030_1200,all_days,1353,25.5,55.0,69.0,111.0,351.4,14.6,42.9,54.5,100.2,324.9
SENSEX,4,DEP_1030_1200,dte_matched,130,25.0,50.2,59.2,91.5,153.0,14.1,38.7,49.5,83.8,118.2
SENSEX,4,DEP_1030_1200,dte_matched_ex2122,130,25.0,50.2,59.2,91.5,153.0,14.1,38.7,49.5,83.8,118.2
SENSEX,4,DEP_1030_1200,all_days,1353,25.5,55.0,69.0,111.0,351.4,14.6,42.9,54.5,100.2,324.9
SENSEX,4,DEP_1300_1400,dte_matched,130,18.7,41.6,55.6,78.5,79.4,10.0,31.6,51.3,71.5,77.8
SENSEX,4,DEP_1300_1400,dte_matched_ex2122,130,18.7,41.6,55.6,78.5,79.4,10.0,31.6,51.3,71.5,77.8
SENSEX,4,DEP_1300_1400,all_days,1352,21.0,47.6,61.0,94.2,198.6,11.6,35.6,49.9,77.8,166.7
SENSEX,4,DEP_1300_1400,dte_matched,130,18.7,41.6,55.6,78.5,79.4,10.0,31.6,51.3,71.5,77.8
SENSEX,4,DEP_1300_1400,dte_matched_ex2122,130,18.7,41.6,55.6,78.5,79.4,10.0,31.6,51.3,71.5,77.8
SENSEX,4,DEP_1300_1400,all_days,1352,21.0,47.6,61.0,94.2,198.6,11.6,35.6,49.9,77.8,166.7
SENSEX,4,DEP_1300_1400,dte_matched,130,18.7,41.6,55.6,78.5,79.4,10.0,31.6,51.3,71.5,77.8
SENSEX,4,DEP_1300_1400,dte_matched_ex2122,130,18.7,41.6,55.6,78.5,79.4,10.0,31.6,51.3,71.5,77.8
SENSEX,4,DEP_1300_1400,all_days,1352,21.0,47.6,61.0,94.2,198.6,11.6,35.6,49.9,77.8,166.7
SENSEX,4,DEP_1300_1520,dte_matched,130,32.2,62.2,78.3,138.5,147.5,16.5,47.6,59.7,128.7,135.7
SENSEX,4,DEP_1300_1520,dte_matched_ex2122,130,32.2,62.2,78.3,138.5,147.5,16.5,47.6,59.7,128.7,135.7
SENSEX,4,DEP_1300_1520,all_days,1352,37.5,81.8,105.1,161.5,316.0,21.8,66.3,85.2,133.5,201.7
SENSEX,4,DEP_1300_1520,dte_matched,130,32.2,62.2,78.3,138.5,147.5,16.5,47.6,59.7,128.7,135.7
SENSEX,4,DEP_1300_1520,dte_matched_ex2122,130,32.2,62.2,78.3,138.5,147.5,16.5,47.6,59.7,128.7,135.7
SENSEX,4,DEP_1300_1520,all_days,1352,37.5,81.8,105.1,161.5,316.0,21.8,66.3,85.2,133.5,201.7
SENSEX,4,DEP_1300_1520,dte_matched,130,32.2,62.2,78.3,138.5,147.5,16.5,47.6,59.7,128.7,135.7
SENSEX,4,DEP_1300_1520,dte_matched_ex2122,130,32.2,62.2,78.3,138.5,147.5,16.5,47.6,59.7,128.7,135.7
SENSEX,4,DEP_1300_1520,all_days,1352,37.5,81.8,105.1,161.5,316.0,21.8,66.3,85.2,133.5,201.7
SENSEX,4,G_09:20_120,dte_matched,130,34.8,77.0,93.3,113.2,127.6,22.5,57.4,63.7,106.9,126.9
SENSEX,4,G_09:20_120,dte_matched_ex2122,130,34.8,77.0,93.3,113.2,127.6,22.5,57.4,63.7,106.9,126.9
SENSEX,4,G_09:20_120,all_days,1353,39.7,80.0,99.5,136.4,354.5,23.2,60.1,80.5,110.4,261.9
SENSEX,4,G_09:20_120,dte_matched,130,34.8,77.0,93.3,113.2,127.6,22.5,57.4,63.7,106.9,126.9
SENSEX,4,G_09:20_120,dte_matched_ex2122,130,34.8,77.0,93.3,113.2,127.6,22.5,57.4,63.7,106.9,126.9
SENSEX,4,G_09:20_120,all_days,1353,39.7,80.0,99.5,136.4,354.5,23.2,60.1,80.5,110.4,261.9
SENSEX,4,G_09:20_120,dte_matched,130,34.8,77.0,93.3,113.2,127.6,22.5,57.4,63.7,106.9,126.9
SENSEX,4,G_09:20_120,dte_matched_ex2122,130,34.8,77.0,93.3,113.2,127.6,22.5,57.4,63.7,106.9,126.9
SENSEX,4,G_09:20_120,all_days,1353,39.7,80.0,99.5,136.4,354.5,23.2,60.1,80.5,110.4,261.9
SENSEX,4,G_09:20_60,dte_matched,130,28.9,58.9,65.4,98.4,99.9,14.7,45.0,58.8,78.1,87.0
SENSEX,4,G_09:20_60,dte_matched_ex2122,130,28.9,58.9,65.4,98.4,99.9,14.7,45.0,58.8,78.1,87.0
SENSEX,4,G_09:20_60,all_days,1353,32.5,64.7,77.5,108.0,186.8,18.6,49.6,61.8,84.0,163.2
SENSEX,4,G_09:20_60,dte_matched,130,28.9,58.9,65.4,98.4,99.9,14.7,45.0,58.8,78.1,87.0
SENSEX,4,G_09:20_60,dte_matched_ex2122,130,28.9,58.9,65.4,98.4,99.9,14.7,45.0,58.8,78.1,87.0
SENSEX,4,G_09:20_60,all_days,1353,32.5,64.7,77.5,108.0,186.8,18.6,49.6,61.8,84.0,163.2
SENSEX,4,G_09:20_60,dte_matched,130,28.9,58.9,65.4,98.4,99.9,14.7,45.0,58.8,78.1,87.0
SENSEX,4,G_09:20_60,dte_matched_ex2122,130,28.9,58.9,65.4,98.4,99.9,14.7,45.0,58.8,78.1,87.0
SENSEX,4,G_09:20_60,all_days,1353,32.5,64.7,77.5,108.0,186.8,18.6,49.6,61.8,84.0,163.2
SENSEX,4,G_09:20_90,dte_matched,130,33.3,66.8,78.1,98.4,99.9,19.7,54.1,66.0,74.4,75.5
SENSEX,4,G_09:20_90,dte_matched_ex2122,130,33.3,66.8,78.1,98.4,99.9,19.7,54.1,66.0,74.4,75.5
SENSEX,4,G_09:20_90,all_days,1353,36.8,75.5,88.9,123.4,186.8,22.3,57.5,72.9,98.5,151.3
SENSEX,4,G_09:20_90,dte_matched,130,33.3,66.8,78.1,98.4,99.9,19.7,54.1,66.0,74.4,75.5
SENSEX,4,G_09:20_90,dte_matched_ex2122,130,33.3,66.8,78.1,98.4,99.9,19.7,54.1,66.0,74.4,75.5
SENSEX,4,G_09:20_90,all_days,1353,36.8,75.5,88.9,123.4,186.8,22.3,57.5,72.9,98.5,151.3
SENSEX,4,G_09:20_90,dte_matched,130,33.3,66.8,78.1,98.4,99.9,19.7,54.1,66.0,74.4,75.5
SENSEX,4,G_09:20_90,dte_matched_ex2122,130,33.3,66.8,78.1,98.4,99.9,19.7,54.1,66.0,74.4,75.5
SENSEX,4,G_09:20_90,all_days,1353,36.8,75.5,88.9,123.4,186.8,22.3,57.5,72.9,98.5,151.3
SENSEX,4,G_09:20_H,dte_matched,130,57.0,107.0,118.2,159.2,189.4,32.5,88.5,104.2,113.9,179.7
SENSEX,4,G_09:20_H,dte_matched_ex2122,130,57.0,107.0,118.2,159.2,189.4,32.5,88.5,104.2,113.9,179.7
SENSEX,4,G_09:20_H,all_days,1353,63.1,131.5,160.3,238.9,634.9,38.4,110.8,135.8,210.9,424.2
SENSEX,4,G_09:20_H,dte_matched,130,57.0,107.0,118.2,159.2,189.4,32.5,88.5,104.2,113.9,179.7
SENSEX,4,G_09:20_H,dte_matched_ex2122,130,57.0,107.0,118.2,159.2,189.4,32.5,88.5,104.2,113.9,179.7
SENSEX,4,G_09:20_H,all_days,1353,63.1,131.5,160.3,238.9,634.9,38.4,110.8,135.8,210.9,424.2
SENSEX,4,G_09:20_H,dte_matched,130,57.0,107.0,118.2,159.2,189.4,32.5,88.5,104.2,113.9,179.7
SENSEX,4,G_09:20_H,dte_matched_ex2122,130,57.0,107.0,118.2,159.2,189.4,32.5,88.5,104.2,113.9,179.7
SENSEX,4,G_09:20_H,all_days,1353,63.1,131.5,160.3,238.9,634.9,38.4,110.8,135.8,210.9,424.2
SENSEX,4,G_09:50_120,dte_matched,130,30.0,64.5,84.3,103.0,153.4,17.5,51.0,65.3,101.0,105.7
SENSEX,4,G_09:50_120,dte_matched_ex2122,130,30.0,64.5,84.3,103.0,153.4,17.5,51.0,65.3,101.0,105.7
SENSEX,4,G_09:50_120,all_days,1353,34.2,71.2,87.4,131.9,324.6,19.3,53.9,67.8,117.3,230.3
SENSEX,4,G_09:50_120,dte_matched,130,30.0,64.5,84.3,103.0,153.4,17.5,51.0,65.3,101.0,105.7
SENSEX,4,G_09:50_120,dte_matched_ex2122,130,30.0,64.5,84.3,103.0,153.4,17.5,51.0,65.3,101.0,105.7
SENSEX,4,G_09:50_120,all_days,1353,34.2,71.2,87.4,131.9,324.6,19.3,53.9,67.8,117.3,230.3
SENSEX,4,G_09:50_120,dte_matched,130,30.0,64.5,84.3,103.0,153.4,17.5,51.0,65.3,101.0,105.7
SENSEX,4,G_09:50_120,dte_matched_ex2122,130,30.0,64.5,84.3,103.0,153.4,17.5,51.0,65.3,101.0,105.7
SENSEX,4,G_09:50_120,all_days,1353,34.2,71.2,87.4,131.9,324.6,19.3,53.9,67.8,117.3,230.3
SENSEX,4,G_09:50_60,dte_matched,130,25.0,45.5,56.2,73.6,102.4,13.1,37.4,45.7,73.6,98.5
SENSEX,4,G_09:50_60,dte_matched_ex2122,130,25.0,45.5,56.2,73.6,102.4,13.1,37.4,45.7,73.6,98.5
SENSEX,4,G_09:50_60,all_days,1353,26.6,54.1,68.0,96.1,192.5,15.3,41.9,53.6,79.4,157.0
SENSEX,4,G_09:50_60,dte_matched,130,25.0,45.5,56.2,73.6,102.4,13.1,37.4,45.7,73.6,98.5
SENSEX,4,G_09:50_60,dte_matched_ex2122,130,25.0,45.5,56.2,73.6,102.4,13.1,37.4,45.7,73.6,98.5
SENSEX,4,G_09:50_60,all_days,1353,26.6,54.1,68.0,96.1,192.5,15.3,41.9,53.6,79.4,157.0
SENSEX,4,G_09:50_60,dte_matched,130,25.0,45.5,56.2,73.6,102.4,13.1,37.4,45.7,73.6,98.5
SENSEX,4,G_09:50_60,dte_matched_ex2122,130,25.0,45.5,56.2,73.6,102.4,13.1,37.4,45.7,73.6,98.5
SENSEX,4,G_09:50_60,all_days,1353,26.6,54.1,68.0,96.1,192.5,15.3,41.9,53.6,79.4,157.0
SENSEX,4,G_09:50_90,dte_matched,130,26.1,55.1,78.1,102.4,121.8,15.0,43.2,61.8,102.1,121.1
SENSEX,4,G_09:50_90,dte_matched_ex2122,130,26.1,55.1,78.1,102.4,121.8,15.0,43.2,61.8,102.1,121.1
SENSEX,4,G_09:50_90,all_days,1353,30.7,65.9,78.3,114.7,324.6,17.3,47.2,62.6,95.6,231.8
SENSEX,4,G_09:50_90,dte_matched,130,26.1,55.1,78.1,102.4,121.8,15.0,43.2,61.8,102.1,121.1
SENSEX,4,G_09:50_90,dte_matched_ex2122,130,26.1,55.1,78.1,102.4,121.8,15.0,43.2,61.8,102.1,121.1
SENSEX,4,G_09:50_90,all_days,1353,30.7,65.9,78.3,114.7,324.6,17.3,47.2,62.6,95.6,231.8
SENSEX,4,G_09:50_90,dte_matched,130,26.1,55.1,78.1,102.4,121.8,15.0,43.2,61.8,102.1,121.1
SENSEX,4,G_09:50_90,dte_matched_ex2122,130,26.1,55.1,78.1,102.4,121.8,15.0,43.2,61.8,102.1,121.1
SENSEX,4,G_09:50_90,all_days,1353,30.7,65.9,78.3,114.7,324.6,17.3,47.2,62.6,95.6,231.8
SENSEX,4,G_09:50_H,dte_matched,130,53.1,100.7,115.1,153.4,169.1,26.4,85.2,95.6,117.4,159.4
SENSEX,4,G_09:50_H,dte_matched_ex2122,130,53.1,100.7,115.1,153.4,169.1,26.4,85.2,95.6,117.4,159.4
SENSEX,4,G_09:50_H,all_days,1353,57.4,122.3,147.6,225.9,605.9,34.1,97.6,127.7,197.2,436.1
SENSEX,4,G_09:50_H,dte_matched,130,53.1,100.7,115.1,153.4,169.1,26.4,85.2,95.6,117.4,159.4
SENSEX,4,G_09:50_H,dte_matched_ex2122,130,53.1,100.7,115.1,153.4,169.1,26.4,85.2,95.6,117.4,159.4
SENSEX,4,G_09:50_H,all_days,1353,57.4,122.3,147.6,225.9,605.9,34.1,97.6,127.7,197.2,436.1
SENSEX,4,G_09:50_H,dte_matched,130,53.1,100.7,115.1,153.4,169.1,26.4,85.2,95.6,117.4,159.4
SENSEX,4,G_09:50_H,dte_matched_ex2122,130,53.1,100.7,115.1,153.4,169.1,26.4,85.2,95.6,117.4,159.4
SENSEX,4,G_09:50_H,all_days,1353,57.4,122.3,147.6,225.9,605.9,34.1,97.6,127.7,197.2,436.1
SENSEX,4,G_10:20_120,dte_matched,130,27.2,58.6,66.6,94.9,153.5,15.4,45.9,54.7,68.1,100.0
SENSEX,4,G_10:20_120,dte_matched_ex2122,130,27.2,58.6,66.6,94.9,153.5,15.4,45.9,54.7,68.1,100.0
SENSEX,4,G_10:20_120,all_days,1353,30.2,64.8,80.2,128.2,518.3,17.0,49.7,64.1,104.0,461.4
SENSEX,4,G_10:20_120,dte_matched,130,27.2,58.6,66.6,94.9,153.5,15.4,45.9,54.7,68.1,100.0
SENSEX,4,G_10:20_120,dte_matched_ex2122,130,27.2,58.6,66.6,94.9,153.5,15.4,45.9,54.7,68.1,100.0
SENSEX,4,G_10:20_120,all_days,1353,30.2,64.8,80.2,128.2,518.3,17.0,49.7,64.1,104.0,461.4
SENSEX,4,G_10:20_120,dte_matched,130,27.2,58.6,66.6,94.9,153.5,15.4,45.9,54.7,68.1,100.0
SENSEX,4,G_10:20_120,dte_matched_ex2122,130,27.2,58.6,66.6,94.9,153.5,15.4,45.9,54.7,68.1,100.0
SENSEX,4,G_10:20_120,all_days,1353,30.2,64.8,80.2,128.2,518.3,17.0,49.7,64.1,104.0,461.4
SENSEX,4,G_10:20_60,dte_matched,130,20.7,39.6,59.9,90.2,121.9,11.3,32.7,46.0,81.6,121.3
SENSEX,4,G_10:20_60,dte_matched_ex2122,130,20.7,39.6,59.9,90.2,121.9,11.3,32.7,46.0,81.6,121.3
SENSEX,4,G_10:20_60,all_days,1353,22.2,48.5,63.2,94.2,313.4,12.2,36.4,47.7,77.2,220.5
SENSEX,4,G_10:20_60,dte_matched,130,20.7,39.6,59.9,90.2,121.9,11.3,32.7,46.0,81.6,121.3
SENSEX,4,G_10:20_60,dte_matched_ex2122,130,20.7,39.6,59.9,90.2,121.9,11.3,32.7,46.0,81.6,121.3
SENSEX,4,G_10:20_60,all_days,1353,22.2,48.5,63.2,94.2,313.4,12.2,36.4,47.7,77.2,220.5
SENSEX,4,G_10:20_60,dte_matched,130,20.7,39.6,59.9,90.2,121.9,11.3,32.7,46.0,81.6,121.3
SENSEX,4,G_10:20_60,dte_matched_ex2122,130,20.7,39.6,59.9,90.2,121.9,11.3,32.7,46.0,81.6,121.3
SENSEX,4,G_10:20_60,all_days,1353,22.2,48.5,63.2,94.2,313.4,12.2,36.4,47.7,77.2,220.5
SENSEX,4,G_10:20_90,dte_matched,130,24.3,50.0,64.4,90.4,153.5,14.0,38.7,46.9,80.3,105.8
SENSEX,4,G_10:20_90,dte_matched_ex2122,130,24.3,50.0,64.4,90.4,153.5,14.0,38.7,46.9,80.3,105.8
SENSEX,4,G_10:20_90,all_days,1353,26.9,57.5,73.1,106.6,313.4,14.1,43.3,54.2,95.2,219.1
SENSEX,4,G_10:20_90,dte_matched,130,24.3,50.0,64.4,90.4,153.5,14.0,38.7,46.9,80.3,105.8
SENSEX,4,G_10:20_90,dte_matched_ex2122,130,24.3,50.0,64.4,90.4,153.5,14.0,38.7,46.9,80.3,105.8
SENSEX,4,G_10:20_90,all_days,1353,26.9,57.5,73.1,106.6,313.4,14.1,43.3,54.2,95.2,219.1
SENSEX,4,G_10:20_90,dte_matched,130,24.3,50.0,64.4,90.4,153.5,14.0,38.7,46.9,80.3,105.8
SENSEX,4,G_10:20_90,dte_matched_ex2122,130,24.3,50.0,64.4,90.4,153.5,14.0,38.7,46.9,80.3,105.8
SENSEX,4,G_10:20_90,all_days,1353,26.9,57.5,73.1,106.6,313.4,14.1,43.3,54.2,95.2,219.1
SENSEX,4,G_10:20_H,dte_matched,130,46.9,88.5,108.5,153.5,181.1,24.6,74.1,90.1,136.9,171.4
SENSEX,4,G_10:20_H,dte_matched_ex2122,130,46.9,88.5,108.5,153.5,181.1,24.6,74.1,90.1,136.9,171.4
SENSEX,4,G_10:20_H,all_days,1353,53.5,115.0,141.9,209.2,595.0,32.0,91.1,117.2,185.5,400.5
SENSEX,4,G_10:20_H,dte_matched,130,46.9,88.5,108.5,153.5,181.1,24.6,74.1,90.1,136.9,171.4
SENSEX,4,G_10:20_H,dte_matched_ex2122,130,46.9,88.5,108.5,153.5,181.1,24.6,74.1,90.1,136.9,171.4
SENSEX,4,G_10:20_H,all_days,1353,53.5,115.0,141.9,209.2,595.0,32.0,91.1,117.2,185.5,400.5
SENSEX,4,G_10:20_H,dte_matched,130,46.9,88.5,108.5,153.5,181.1,24.6,74.1,90.1,136.9,171.4
SENSEX,4,G_10:20_H,dte_matched_ex2122,130,46.9,88.5,108.5,153.5,181.1,24.6,74.1,90.1,136.9,171.4
SENSEX,4,G_10:20_H,all_days,1353,53.5,115.0,141.9,209.2,595.0,32.0,91.1,117.2,185.5,400.5
SENSEX,4,G_10:50_120,dte_matched,130,26.9,54.8,70.0,89.1,98.9,15.2,43.0,60.8,72.7,75.3
SENSEX,4,G_10:50_120,dte_matched_ex2122,130,26.9,54.8,70.0,89.1,98.9,15.2,43.0,60.8,72.7,75.3
SENSEX,4,G_10:50_120,all_days,1353,29.9,63.4,82.4,116.0,531.1,17.1,52.0,65.9,100.0,278.3
SENSEX,4,G_10:50_120,dte_matched,130,26.9,54.8,70.0,89.1,98.9,15.2,43.0,60.8,72.7,75.3
SENSEX,4,G_10:50_120,dte_matched_ex2122,130,26.9,54.8,70.0,89.1,98.9,15.2,43.0,60.8,72.7,75.3
SENSEX,4,G_10:50_120,all_days,1353,29.9,63.4,82.4,116.0,531.1,17.1,52.0,65.9,100.0,278.3
SENSEX,4,G_10:50_120,dte_matched,130,26.9,54.8,70.0,89.1,98.9,15.2,43.0,60.8,72.7,75.3
SENSEX,4,G_10:50_120,dte_matched_ex2122,130,26.9,54.8,70.0,89.1,98.9,15.2,43.0,60.8,72.7,75.3
SENSEX,4,G_10:50_120,all_days,1353,29.9,63.4,82.4,116.0,531.1,17.1,52.0,65.9,100.0,278.3
SENSEX,4,G_10:50_60,dte_matched,130,19.5,39.8,47.4,63.4,98.9,10.9,28.9,39.6,50.9,51.9
SENSEX,4,G_10:50_60,dte_matched_ex2122,130,19.5,39.8,47.4,63.4,98.9,10.9,28.9,39.6,50.9,51.9
SENSEX,4,G_10:50_60,all_days,1353,20.6,45.4,55.1,92.2,247.5,11.1,35.8,45.1,72.3,152.5
SENSEX,4,G_10:50_60,dte_matched,130,19.5,39.8,47.4,63.4,98.9,10.9,28.9,39.6,50.9,51.9
SENSEX,4,G_10:50_60,dte_matched_ex2122,130,19.5,39.8,47.4,63.4,98.9,10.9,28.9,39.6,50.9,51.9
SENSEX,4,G_10:50_60,all_days,1353,20.6,45.4,55.1,92.2,247.5,11.1,35.8,45.1,72.3,152.5
SENSEX,4,G_10:50_60,dte_matched,130,19.5,39.8,47.4,63.4,98.9,10.9,28.9,39.6,50.9,51.9
SENSEX,4,G_10:50_60,dte_matched_ex2122,130,19.5,39.8,47.4,63.4,98.9,10.9,28.9,39.6,50.9,51.9
SENSEX,4,G_10:50_60,all_days,1353,20.6,45.4,55.1,92.2,247.5,11.1,35.8,45.1,72.3,152.5
SENSEX,4,G_10:50_90,dte_matched,130,24.0,47.3,57.0,89.1,98.9,13.9,35.3,44.3,59.3,73.7
SENSEX,4,G_10:50_90,dte_matched_ex2122,130,24.0,47.3,57.0,89.1,98.9,13.9,35.3,44.3,59.3,73.7
SENSEX,4,G_10:50_90,all_days,1353,25.1,55.0,68.4,104.7,453.8,14.7,41.4,54.5,90.1,396.5
SENSEX,4,G_10:50_90,dte_matched,130,24.0,47.3,57.0,89.1,98.9,13.9,35.3,44.3,59.3,73.7
SENSEX,4,G_10:50_90,dte_matched_ex2122,130,24.0,47.3,57.0,89.1,98.9,13.9,35.3,44.3,59.3,73.7
SENSEX,4,G_10:50_90,all_days,1353,25.1,55.0,68.4,104.7,453.8,14.7,41.4,54.5,90.1,396.5
SENSEX,4,G_10:50_90,dte_matched,130,24.0,47.3,57.0,89.1,98.9,13.9,35.3,44.3,59.3,73.7
SENSEX,4,G_10:50_90,dte_matched_ex2122,130,24.0,47.3,57.0,89.1,98.9,13.9,35.3,44.3,59.3,73.7
SENSEX,4,G_10:50_90,all_days,1353,25.1,55.0,68.4,104.7,453.8,14.7,41.4,54.5,90.1,396.5
SENSEX,4,G_10:50_H,dte_matched,130,41.8,84.8,98.1,144.2,165.1,25.3,66.2,86.4,132.5,155.4
SENSEX,4,G_10:50_H,dte_matched_ex2122,130,41.8,84.8,98.1,144.2,165.1,25.3,66.2,86.4,132.5,155.4
SENSEX,4,G_10:50_H,all_days,1353,50.4,106.9,137.8,194.9,531.1,30.2,87.9,115.8,178.0,374.0
SENSEX,4,G_10:50_H,dte_matched,130,41.8,84.8,98.1,144.2,165.1,25.3,66.2,86.4,132.5,155.4
SENSEX,4,G_10:50_H,dte_matched_ex2122,130,41.8,84.8,98.1,144.2,165.1,25.3,66.2,86.4,132.5,155.4
SENSEX,4,G_10:50_H,all_days,1353,50.4,106.9,137.8,194.9,531.1,30.2,87.9,115.8,178.0,374.0
SENSEX,4,G_10:50_H,dte_matched,130,41.8,84.8,98.1,144.2,165.1,25.3,66.2,86.4,132.5,155.4
SENSEX,4,G_10:50_H,dte_matched_ex2122,130,41.8,84.8,98.1,144.2,165.1,25.3,66.2,86.4,132.5,155.4
SENSEX,4,G_10:50_H,all_days,1353,50.4,106.9,137.8,194.9,531.1,30.2,87.9,115.8,178.0,374.0
SENSEX,4,G_11:20_120,dte_matched,130,22.8,52.0,69.0,81.6,86.6,12.8,39.4,52.2,73.3,75.8
SENSEX,4,G_11:20_120,dte_matched_ex2122,130,22.8,52.0,69.0,81.6,86.6,12.8,39.4,52.2,73.3,75.8
SENSEX,4,G_11:20_120,all_days,1353,28.8,66.2,83.1,116.8,383.0,16.1,52.1,67.2,97.9,217.9
SENSEX,4,G_11:20_120,dte_matched,130,22.8,52.0,69.0,81.6,86.6,12.8,39.4,52.2,73.3,75.8
SENSEX,4,G_11:20_120,dte_matched_ex2122,130,22.8,52.0,69.0,81.6,86.6,12.8,39.4,52.2,73.3,75.8
SENSEX,4,G_11:20_120,all_days,1353,28.8,66.2,83.1,116.8,383.0,16.1,52.1,67.2,97.9,217.9
SENSEX,4,G_11:20_120,dte_matched,130,22.8,52.0,69.0,81.6,86.6,12.8,39.4,52.2,73.3,75.8
SENSEX,4,G_11:20_120,dte_matched_ex2122,130,22.8,52.0,69.0,81.6,86.6,12.8,39.4,52.2,73.3,75.8
SENSEX,4,G_11:20_120,all_days,1353,28.8,66.2,83.1,116.8,383.0,16.1,52.1,67.2,97.9,217.9
SENSEX,4,G_11:20_60,dte_matched,130,17.2,37.9,43.3,71.4,81.4,10.1,28.0,35.1,54.4,66.0
SENSEX,4,G_11:20_60,dte_matched_ex2122,130,17.2,37.9,43.3,71.4,81.4,10.1,28.0,35.1,54.4,66.0
SENSEX,4,G_11:20_60,all_days,1353,19.4,43.9,56.1,79.9,304.5,11.7,32.6,42.4,66.2,246.3
SENSEX,4,G_11:20_60,dte_matched,130,17.2,37.9,43.3,71.4,81.4,10.1,28.0,35.1,54.4,66.0
SENSEX,4,G_11:20_60,dte_matched_ex2122,130,17.2,37.9,43.3,71.4,81.4,10.1,28.0,35.1,54.4,66.0
SENSEX,4,G_11:20_60,all_days,1353,19.4,43.9,56.1,79.9,304.5,11.7,32.6,42.4,66.2,246.3
SENSEX,4,G_11:20_60,dte_matched,130,17.2,37.9,43.3,71.4,81.4,10.1,28.0,35.1,54.4,66.0
SENSEX,4,G_11:20_60,dte_matched_ex2122,130,17.2,37.9,43.3,71.4,81.4,10.1,28.0,35.1,54.4,66.0
SENSEX,4,G_11:20_60,all_days,1353,19.4,43.9,56.1,79.9,304.5,11.7,32.6,42.4,66.2,246.3
SENSEX,4,G_11:20_90,dte_matched,130,21.4,47.3,63.6,81.4,81.5,11.7,34.8,47.8,63.9,70.9
SENSEX,4,G_11:20_90,dte_matched_ex2122,130,21.4,47.3,63.6,81.4,81.5,11.7,34.8,47.8,63.9,70.9
SENSEX,4,G_11:20_90,all_days,1353,25.0,56.2,69.6,98.8,383.0,13.8,44.2,58.1,86.7,126.8
SENSEX,4,G_11:20_90,dte_matched,130,21.4,47.3,63.6,81.4,81.5,11.7,34.8,47.8,63.9,70.9
SENSEX,4,G_11:20_90,dte_matched_ex2122,130,21.4,47.3,63.6,81.4,81.5,11.7,34.8,47.8,63.9,70.9
SENSEX,4,G_11:20_90,all_days,1353,25.0,56.2,69.6,98.8,383.0,13.8,44.2,58.1,86.7,126.8
SENSEX,4,G_11:20_90,dte_matched,130,21.4,47.3,63.6,81.4,81.5,11.7,34.8,47.8,63.9,70.9
SENSEX,4,G_11:20_90,dte_matched_ex2122,130,21.4,47.3,63.6,81.4,81.5,11.7,34.8,47.8,63.9,70.9
SENSEX,4,G_11:20_90,all_days,1353,25.0,56.2,69.6,98.8,383.0,13.8,44.2,58.1,86.7,126.8
SENSEX,4,G_11:20_H,dte_matched,130,40.5,81.5,88.4,138.0,170.3,22.3,61.1,74.6,126.3,160.6
SENSEX,4,G_11:20_H,dte_matched_ex2122,130,40.5,81.5,88.4,138.0,170.3,22.3,61.1,74.6,126.3,160.6
SENSEX,4,G_11:20_H,all_days,1353,47.7,106.2,130.7,188.7,383.0,27.8,83.9,109.1,157.9,352.9
SENSEX,4,G_11:20_H,dte_matched,130,40.5,81.5,88.4,138.0,170.3,22.3,61.1,74.6,126.3,160.6
SENSEX,4,G_11:20_H,dte_matched_ex2122,130,40.5,81.5,88.4,138.0,170.3,22.3,61.1,74.6,126.3,160.6
SENSEX,4,G_11:20_H,all_days,1353,47.7,106.2,130.7,188.7,383.0,27.8,83.9,109.1,157.9,352.9
SENSEX,4,G_11:20_H,dte_matched,130,40.5,81.5,88.4,138.0,170.3,22.3,61.1,74.6,126.3,160.6
SENSEX,4,G_11:20_H,dte_matched_ex2122,130,40.5,81.5,88.4,138.0,170.3,22.3,61.1,74.6,126.3,160.6
SENSEX,4,G_11:20_H,all_days,1353,47.7,106.2,130.7,188.7,383.0,27.8,83.9,109.1,157.9,352.9
SENSEX,4,G_11:50_120,dte_matched,130,23.9,56.0,64.3,109.2,114.2,15.2,37.8,55.7,105.7,109.2
SENSEX,4,G_11:50_120,dte_matched_ex2122,130,23.9,56.0,64.3,109.2,114.2,15.2,37.8,55.7,105.7,109.2
SENSEX,4,G_11:50_120,all_days,1352,28.7,66.3,83.9,134.4,384.4,15.9,52.3,65.8,105.9,230.8
SENSEX,4,G_11:50_120,dte_matched,130,23.9,56.0,64.3,109.2,114.2,15.2,37.8,55.7,105.7,109.2
SENSEX,4,G_11:50_120,dte_matched_ex2122,130,23.9,56.0,64.3,109.2,114.2,15.2,37.8,55.7,105.7,109.2
SENSEX,4,G_11:50_120,all_days,1352,28.7,66.3,83.9,134.4,384.4,15.9,52.3,65.8,105.9,230.8
SENSEX,4,G_11:50_120,dte_matched,130,23.9,56.0,64.3,109.2,114.2,15.2,37.8,55.7,105.7,109.2
SENSEX,4,G_11:50_120,dte_matched_ex2122,130,23.9,56.0,64.3,109.2,114.2,15.2,37.8,55.7,105.7,109.2
SENSEX,4,G_11:50_120,all_days,1352,28.7,66.3,83.9,134.4,384.4,15.9,52.3,65.8,105.9,230.8
SENSEX,4,G_11:50_60,dte_matched,130,17.0,40.1,51.6,86.8,90.3,9.5,28.3,43.9,59.8,67.3
SENSEX,4,G_11:50_60,dte_matched_ex2122,130,17.0,40.1,51.6,86.8,90.3,9.5,28.3,43.9,59.8,67.3
SENSEX,4,G_11:50_60,all_days,1352,20.5,45.8,58.1,87.8,384.4,11.6,34.5,48.0,79.6,127.7
SENSEX,4,G_11:50_60,dte_matched,130,17.0,40.1,51.6,86.8,90.3,9.5,28.3,43.9,59.8,67.3
SENSEX,4,G_11:50_60,dte_matched_ex2122,130,17.0,40.1,51.6,86.8,90.3,9.5,28.3,43.9,59.8,67.3
SENSEX,4,G_11:50_60,all_days,1352,20.5,45.8,58.1,87.8,384.4,11.6,34.5,48.0,79.6,127.7
SENSEX,4,G_11:50_60,dte_matched,130,17.0,40.1,51.6,86.8,90.3,9.5,28.3,43.9,59.8,67.3
SENSEX,4,G_11:50_60,dte_matched_ex2122,130,17.0,40.1,51.6,86.8,90.3,9.5,28.3,43.9,59.8,67.3
SENSEX,4,G_11:50_60,all_days,1352,20.5,45.8,58.1,87.8,384.4,11.6,34.5,48.0,79.6,127.7
SENSEX,4,G_11:50_90,dte_matched,130,20.4,47.5,61.7,86.8,96.9,10.2,31.8,46.6,69.2,93.0
SENSEX,4,G_11:50_90,dte_matched_ex2122,130,20.4,47.5,61.7,86.8,96.9,10.2,31.8,46.6,69.2,93.0
SENSEX,4,G_11:50_90,all_days,1352,24.4,57.2,72.0,116.1,384.4,13.5,44.2,60.5,92.5,152.6
SENSEX,4,G_11:50_90,dte_matched,130,20.4,47.5,61.7,86.8,96.9,10.2,31.8,46.6,69.2,93.0
SENSEX,4,G_11:50_90,dte_matched_ex2122,130,20.4,47.5,61.7,86.8,96.9,10.2,31.8,46.6,69.2,93.0
SENSEX,4,G_11:50_90,all_days,1352,24.4,57.2,72.0,116.1,384.4,13.5,44.2,60.5,92.5,152.6
SENSEX,4,G_11:50_90,dte_matched,130,20.4,47.5,61.7,86.8,96.9,10.2,31.8,46.6,69.2,93.0
SENSEX,4,G_11:50_90,dte_matched_ex2122,130,20.4,47.5,61.7,86.8,96.9,10.2,31.8,46.6,69.2,93.0
SENSEX,4,G_11:50_90,all_days,1352,24.4,57.2,72.0,116.1,384.4,13.5,44.2,60.5,92.5,152.6
SENSEX,4,G_11:50_H,dte_matched,130,40.1,75.0,90.1,124.3,168.4,20.3,59.2,72.8,110.6,158.7
SENSEX,4,G_11:50_H,dte_matched_ex2122,130,40.1,75.0,90.1,124.3,168.4,20.3,59.2,72.8,110.6,158.7
SENSEX,4,G_11:50_H,all_days,1352,43.3,100.6,124.3,185.4,384.4,25.9,80.3,105.6,156.1,286.7
SENSEX,4,G_11:50_H,dte_matched,130,40.1,75.0,90.1,124.3,168.4,20.3,59.2,72.8,110.6,158.7
SENSEX,4,G_11:50_H,dte_matched_ex2122,130,40.1,75.0,90.1,124.3,168.4,20.3,59.2,72.8,110.6,158.7
SENSEX,4,G_11:50_H,all_days,1352,43.3,100.6,124.3,185.4,384.4,25.9,80.3,105.6,156.1,286.7
SENSEX,4,G_11:50_H,dte_matched,130,40.1,75.0,90.1,124.3,168.4,20.3,59.2,72.8,110.6,158.7
SENSEX,4,G_11:50_H,dte_matched_ex2122,130,40.1,75.0,90.1,124.3,168.4,20.3,59.2,72.8,110.6,158.7
SENSEX,4,G_11:50_H,all_days,1352,43.3,100.6,124.3,185.4,384.4,25.9,80.3,105.6,156.1,286.7
SENSEX,4,G_12:20_120,dte_matched,130,27.7,57.5,64.8,94.7,102.8,13.5,45.7,56.1,80.9,98.8
SENSEX,4,G_12:20_120,dte_matched_ex2122,130,27.7,57.5,64.8,94.7,102.8,13.5,45.7,56.1,80.9,98.8
SENSEX,4,G_12:20_120,all_days,1352,30.0,70.3,90.0,139.3,303.8,16.3,56.2,71.0,122.4,271.6
SENSEX,4,G_12:20_120,dte_matched,130,27.7,57.5,64.8,94.7,102.8,13.5,45.7,56.1,80.9,98.8
SENSEX,4,G_12:20_120,dte_matched_ex2122,130,27.7,57.5,64.8,94.7,102.8,13.5,45.7,56.1,80.9,98.8
SENSEX,4,G_12:20_120,all_days,1352,30.0,70.3,90.0,139.3,303.8,16.3,56.2,71.0,122.4,271.6
SENSEX,4,G_12:20_120,dte_matched,130,27.7,57.5,64.8,94.7,102.8,13.5,45.7,56.1,80.9,98.8
SENSEX,4,G_12:20_120,dte_matched_ex2122,130,27.7,57.5,64.8,94.7,102.8,13.5,45.7,56.1,80.9,98.8
SENSEX,4,G_12:20_120,all_days,1352,30.0,70.3,90.0,139.3,303.8,16.3,56.2,71.0,122.4,271.6
SENSEX,4,G_12:20_60,dte_matched,130,18.5,39.4,46.8,59.0,62.9,9.8,32.7,37.4,54.2,57.2
SENSEX,4,G_12:20_60,dte_matched_ex2122,130,18.5,39.4,46.8,59.0,62.9,9.8,32.7,37.4,54.2,57.2
SENSEX,4,G_12:20_60,all_days,1352,19.4,44.4,57.9,95.6,223.6,10.4,33.9,46.1,79.5,209.3
SENSEX,4,G_12:20_60,dte_matched,130,18.5,39.4,46.8,59.0,62.9,9.8,32.7,37.4,54.2,57.2
SENSEX,4,G_12:20_60,dte_matched_ex2122,130,18.5,39.4,46.8,59.0,62.9,9.8,32.7,37.4,54.2,57.2
SENSEX,4,G_12:20_60,all_days,1352,19.4,44.4,57.9,95.6,223.6,10.4,33.9,46.1,79.5,209.3
SENSEX,4,G_12:20_60,dte_matched,130,18.5,39.4,46.8,59.0,62.9,9.8,32.7,37.4,54.2,57.2
SENSEX,4,G_12:20_60,dte_matched_ex2122,130,18.5,39.4,46.8,59.0,62.9,9.8,32.7,37.4,54.2,57.2
SENSEX,4,G_12:20_60,all_days,1352,19.4,44.4,57.9,95.6,223.6,10.4,33.9,46.1,79.5,209.3
SENSEX,4,G_12:20_90,dte_matched,130,22.4,49.3,62.3,94.7,95.9,12.9,34.0,50.9,79.1,95.9
SENSEX,4,G_12:20_90,dte_matched_ex2122,130,22.4,49.3,62.3,94.7,95.9,12.9,34.0,50.9,79.1,95.9
SENSEX,4,G_12:20_90,all_days,1352,24.9,57.4,71.0,119.2,303.8,13.6,44.5,57.8,95.9,288.0
SENSEX,4,G_12:20_90,dte_matched,130,22.4,49.3,62.3,94.7,95.9,12.9,34.0,50.9,79.1,95.9
SENSEX,4,G_12:20_90,dte_matched_ex2122,130,22.4,49.3,62.3,94.7,95.9,12.9,34.0,50.9,79.1,95.9
SENSEX,4,G_12:20_90,all_days,1352,24.9,57.4,71.0,119.2,303.8,13.6,44.5,57.8,95.9,288.0
SENSEX,4,G_12:20_90,dte_matched,130,22.4,49.3,62.3,94.7,95.9,12.9,34.0,50.9,79.1,95.9
SENSEX,4,G_12:20_90,dte_matched_ex2122,130,22.4,49.3,62.3,94.7,95.9,12.9,34.0,50.9,79.1,95.9
SENSEX,4,G_12:20_90,all_days,1352,24.9,57.4,71.0,119.2,303.8,13.6,44.5,57.8,95.9,288.0
SENSEX,4,G_12:20_H,dte_matched,130,34.9,67.3,82.7,134.5,143.3,19.9,51.0,65.8,122.8,133.5
SENSEX,4,G_12:20_H,dte_matched_ex2122,130,34.9,67.3,82.7,134.5,143.3,19.9,51.0,65.8,122.8,133.5
SENSEX,4,G_12:20_H,all_days,1352,40.9,93.1,115.3,176.4,359.3,24.0,77.2,95.0,153.2,344.2
SENSEX,4,G_12:20_H,dte_matched,130,34.9,67.3,82.7,134.5,143.3,19.9,51.0,65.8,122.8,133.5
SENSEX,4,G_12:20_H,dte_matched_ex2122,130,34.9,67.3,82.7,134.5,143.3,19.9,51.0,65.8,122.8,133.5
SENSEX,4,G_12:20_H,all_days,1352,40.9,93.1,115.3,176.4,359.3,24.0,77.2,95.0,153.2,344.2
SENSEX,4,G_12:20_H,dte_matched,130,34.9,67.3,82.7,134.5,143.3,19.9,51.0,65.8,122.8,133.5
SENSEX,4,G_12:20_H,dte_matched_ex2122,130,34.9,67.3,82.7,134.5,143.3,19.9,51.0,65.8,122.8,133.5
SENSEX,4,G_12:20_H,all_days,1352,40.9,93.1,115.3,176.4,359.3,24.0,77.2,95.0,153.2,344.2
SENSEX,4,G_12:50_120,dte_matched,130,27.8,59.3,65.9,91.3,130.9,13.1,46.5,55.8,84.8,130.9
SENSEX,4,G_12:50_120,dte_matched_ex2122,130,27.8,59.3,65.9,91.3,130.9,13.1,46.5,55.8,84.8,130.9
SENSEX,4,G_12:50_120,all_days,1352,31.2,71.7,90.9,145.2,289.9,17.5,55.8,74.1,130.9,289.1
SENSEX,4,G_12:50_120,dte_matched,130,27.8,59.3,65.9,91.3,130.9,13.1,46.5,55.8,84.8,130.9
SENSEX,4,G_12:50_120,dte_matched_ex2122,130,27.8,59.3,65.9,91.3,130.9,13.1,46.5,55.8,84.8,130.9
SENSEX,4,G_12:50_120,all_days,1352,31.2,71.7,90.9,145.2,289.9,17.5,55.8,74.1,130.9,289.1
SENSEX,4,G_12:50_120,dte_matched,130,27.8,59.3,65.9,91.3,130.9,13.1,46.5,55.8,84.8,130.9
SENSEX,4,G_12:50_120,dte_matched_ex2122,130,27.8,59.3,65.9,91.3,130.9,13.1,46.5,55.8,84.8,130.9
SENSEX,4,G_12:50_120,all_days,1352,31.2,71.7,90.9,145.2,289.9,17.5,55.8,74.1,130.9,289.1
SENSEX,4,G_12:50_60,dte_matched,130,17.8,42.7,55.4,65.6,79.4,8.7,36.4,43.0,65.6,71.2
SENSEX,4,G_12:50_60,dte_matched_ex2122,130,17.8,42.7,55.4,65.6,79.4,8.7,36.4,43.0,65.6,71.2
SENSEX,4,G_12:50_60,all_days,1352,20.7,46.1,59.6,95.0,220.9,11.3,36.8,48.6,75.4,205.2
SENSEX,4,G_12:50_60,dte_matched,130,17.8,42.7,55.4,65.6,79.4,8.7,36.4,43.0,65.6,71.2
SENSEX,4,G_12:50_60,dte_matched_ex2122,130,17.8,42.7,55.4,65.6,79.4,8.7,36.4,43.0,65.6,71.2
SENSEX,4,G_12:50_60,all_days,1352,20.7,46.1,59.6,95.0,220.9,11.3,36.8,48.6,75.4,205.2
SENSEX,4,G_12:50_60,dte_matched,130,17.8,42.7,55.4,65.6,79.4,8.7,36.4,43.0,65.6,71.2
SENSEX,4,G_12:50_60,dte_matched_ex2122,130,17.8,42.7,55.4,65.6,79.4,8.7,36.4,43.0,65.6,71.2
SENSEX,4,G_12:50_60,all_days,1352,20.7,46.1,59.6,95.0,220.9,11.3,36.8,48.6,75.4,205.2
SENSEX,4,G_12:50_90,dte_matched,130,23.2,53.1,63.3,84.4,100.8,12.4,40.1,53.3,84.1,98.5
SENSEX,4,G_12:50_90,dte_matched_ex2122,130,23.2,53.1,63.3,84.4,100.8,12.4,40.1,53.3,84.1,98.5
SENSEX,4,G_12:50_90,all_days,1352,25.9,59.9,76.5,125.3,220.9,14.1,48.3,61.6,98.5,192.3
SENSEX,4,G_12:50_90,dte_matched,130,23.2,53.1,63.3,84.4,100.8,12.4,40.1,53.3,84.1,98.5
SENSEX,4,G_12:50_90,dte_matched_ex2122,130,23.2,53.1,63.3,84.4,100.8,12.4,40.1,53.3,84.1,98.5
SENSEX,4,G_12:50_90,all_days,1352,25.9,59.9,76.5,125.3,220.9,14.1,48.3,61.6,98.5,192.3
SENSEX,4,G_12:50_90,dte_matched,130,23.2,53.1,63.3,84.4,100.8,12.4,40.1,53.3,84.1,98.5
SENSEX,4,G_12:50_90,dte_matched_ex2122,130,23.2,53.1,63.3,84.4,100.8,12.4,40.1,53.3,84.1,98.5
SENSEX,4,G_12:50_90,all_days,1352,25.9,59.9,76.5,125.3,220.9,14.1,48.3,61.6,98.5,192.3
SENSEX,4,G_12:50_H,dte_matched,130,33.0,64.3,78.8,146.4,152.3,17.6,51.4,65.7,136.6,140.5
SENSEX,4,G_12:50_H,dte_matched_ex2122,130,33.0,64.3,78.8,146.4,152.3,17.6,51.4,65.7,136.6,140.5
SENSEX,4,G_12:50_H,all_days,1352,37.1,86.1,107.5,167.7,299.5,22.4,68.0,86.3,140.4,260.9
SENSEX,4,G_12:50_H,dte_matched,130,33.0,64.3,78.8,146.4,152.3,17.6,51.4,65.7,136.6,140.5
SENSEX,4,G_12:50_H,dte_matched_ex2122,130,33.0,64.3,78.8,146.4,152.3,17.6,51.4,65.7,136.6,140.5
SENSEX,4,G_12:50_H,all_days,1352,37.1,86.1,107.5,167.7,299.5,22.4,68.0,86.3,140.4,260.9
SENSEX,4,G_12:50_H,dte_matched,130,33.0,64.3,78.8,146.4,152.3,17.6,51.4,65.7,136.6,140.5
SENSEX,4,G_12:50_H,dte_matched_ex2122,130,33.0,64.3,78.8,146.4,152.3,17.6,51.4,65.7,136.6,140.5
SENSEX,4,G_12:50_H,all_days,1352,37.1,86.1,107.5,167.7,299.5,22.4,68.0,86.3,140.4,260.9
SENSEX,4,G_13:20_120,dte_matched,130,28.0,56.6,72.1,118.8,140.2,15.3,47.2,59.2,109.0,128.5
SENSEX,4,G_13:20_120,dte_matched_ex2122,130,28.0,56.6,72.1,118.8,140.2,15.3,47.2,59.2,109.0,128.5
SENSEX,4,G_13:20_120,all_days,1352,34.9,78.5,99.1,147.0,273.4,20.1,62.4,80.6,128.6,191.8
SENSEX,4,G_13:20_120,dte_matched,130,28.0,56.6,72.1,118.8,140.2,15.3,47.2,59.2,109.0,128.5
SENSEX,4,G_13:20_120,dte_matched_ex2122,130,28.0,56.6,72.1,118.8,140.2,15.3,47.2,59.2,109.0,128.5
SENSEX,4,G_13:20_120,all_days,1352,34.9,78.5,99.1,147.0,273.4,20.1,62.4,80.6,128.6,191.8
SENSEX,4,G_13:20_120,dte_matched,130,28.0,56.6,72.1,118.8,140.2,15.3,47.2,59.2,109.0,128.5
SENSEX,4,G_13:20_120,dte_matched_ex2122,130,28.0,56.6,72.1,118.8,140.2,15.3,47.2,59.2,109.0,128.5
SENSEX,4,G_13:20_120,all_days,1352,34.9,78.5,99.1,147.0,273.4,20.1,62.4,80.6,128.6,191.8
SENSEX,4,G_13:20_60,dte_matched,130,19.7,40.0,49.8,68.1,88.8,12.1,33.5,40.6,67.8,86.6
SENSEX,4,G_13:20_60,dte_matched_ex2122,130,19.7,40.0,49.8,68.1,88.8,12.1,33.5,40.6,67.8,86.6
SENSEX,4,G_13:20_60,all_days,1352,22.3,50.6,66.2,110.2,153.8,12.3,39.2,51.6,86.7,139.3
SENSEX,4,G_13:20_60,dte_matched,130,19.7,40.0,49.8,68.1,88.8,12.1,33.5,40.6,67.8,86.6
SENSEX,4,G_13:20_60,dte_matched_ex2122,130,19.7,40.0,49.8,68.1,88.8,12.1,33.5,40.6,67.8,86.6
SENSEX,4,G_13:20_60,all_days,1352,22.3,50.6,66.2,110.2,153.8,12.3,39.2,51.6,86.7,139.3
SENSEX,4,G_13:20_60,dte_matched,130,19.7,40.0,49.8,68.1,88.8,12.1,33.5,40.6,67.8,86.6
SENSEX,4,G_13:20_60,dte_matched_ex2122,130,19.7,40.0,49.8,68.1,88.8,12.1,33.5,40.6,67.8,86.6
SENSEX,4,G_13:20_60,all_days,1352,22.3,50.6,66.2,110.2,153.8,12.3,39.2,51.6,86.7,139.3
SENSEX,4,G_13:20_90,dte_matched,130,24.9,51.3,62.9,94.7,118.9,13.5,41.9,58.2,80.2,118.9
SENSEX,4,G_13:20_90,dte_matched_ex2122,130,24.9,51.3,62.9,94.7,118.9,13.5,41.9,58.2,80.2,118.9
SENSEX,4,G_13:20_90,all_days,1352,27.5,64.7,81.3,132.0,263.7,15.0,49.9,63.7,115.0,262.9
SENSEX,4,G_13:20_90,dte_matched,130,24.9,51.3,62.9,94.7,118.9,13.5,41.9,58.2,80.2,118.9
SENSEX,4,G_13:20_90,dte_matched_ex2122,130,24.9,51.3,62.9,94.7,118.9,13.5,41.9,58.2,80.2,118.9
SENSEX,4,G_13:20_90,all_days,1352,27.5,64.7,81.3,132.0,263.7,15.0,49.9,63.7,115.0,262.9
SENSEX,4,G_13:20_90,dte_matched,130,24.9,51.3,62.9,94.7,118.9,13.5,41.9,58.2,80.2,118.9
SENSEX,4,G_13:20_90,dte_matched_ex2122,130,24.9,51.3,62.9,94.7,118.9,13.5,41.9,58.2,80.2,118.9
SENSEX,4,G_13:20_90,all_days,1352,27.5,64.7,81.3,132.0,263.7,15.0,49.9,63.7,115.0,262.9
SENSEX,4,G_13:20_H,dte_matched,130,28.0,56.6,72.1,118.8,140.2,15.3,47.2,59.2,109.0,128.5
SENSEX,4,G_13:20_H,dte_matched_ex2122,130,28.0,56.6,72.1,118.8,140.2,15.3,47.2,59.2,109.0,128.5
SENSEX,4,G_13:20_H,all_days,1352,34.9,78.5,99.1,147.0,273.4,20.1,62.4,80.6,128.6,191.8
SENSEX,4,G_13:20_H,dte_matched,130,28.0,56.6,72.1,118.8,140.2,15.3,47.2,59.2,109.0,128.5
SENSEX,4,G_13:20_H,dte_matched_ex2122,130,28.0,56.6,72.1,118.8,140.2,15.3,47.2,59.2,109.0,128.5
SENSEX,4,G_13:20_H,all_days,1352,34.9,78.5,99.1,147.0,273.4,20.1,62.4,80.6,128.6,191.8
SENSEX,4,G_13:20_H,dte_matched,130,28.0,56.6,72.1,118.8,140.2,15.3,47.2,59.2,109.0,128.5
SENSEX,4,G_13:20_H,dte_matched_ex2122,130,28.0,56.6,72.1,118.8,140.2,15.3,47.2,59.2,109.0,128.5
SENSEX,4,G_13:20_H,all_days,1352,34.9,78.5,99.1,147.0,273.4,20.1,62.4,80.6,128.6,191.8
SENSEX,4,G_13:50_120,dte_matched,130,25.4,54.8,72.6,89.6,107.4,13.6,42.4,56.6,77.6,97.6
SENSEX,4,G_13:50_120,dte_matched_ex2122,130,25.4,54.8,72.6,89.6,107.4,13.6,42.4,56.6,77.6,97.6
SENSEX,4,G_13:50_120,all_days,1353,30.4,69.6,82.9,124.9,205.1,17.3,56.5,69.1,106.8,194.0
SENSEX,4,G_13:50_120,dte_matched,130,25.4,54.8,72.6,89.6,107.4,13.6,42.4,56.6,77.6,97.6
SENSEX,4,G_13:50_120,dte_matched_ex2122,130,25.4,54.8,72.6,89.6,107.4,13.6,42.4,56.6,77.6,97.6
SENSEX,4,G_13:50_120,all_days,1353,30.4,69.6,82.9,124.9,205.1,17.3,56.5,69.1,106.8,194.0
SENSEX,4,G_13:50_120,dte_matched,130,25.4,54.8,72.6,89.6,107.4,13.6,42.4,56.6,77.6,97.6
SENSEX,4,G_13:50_120,dte_matched_ex2122,130,25.4,54.8,72.6,89.6,107.4,13.6,42.4,56.6,77.6,97.6
SENSEX,4,G_13:50_120,all_days,1353,30.4,69.6,82.9,124.9,205.1,17.3,56.5,69.1,106.8,194.0
SENSEX,4,G_13:50_60,dte_matched,130,18.8,43.9,56.8,85.2,89.6,10.7,32.8,44.7,75.2,85.2
SENSEX,4,G_13:50_60,dte_matched_ex2122,130,18.8,43.9,56.8,85.2,89.6,10.7,32.8,44.7,75.2,85.2
SENSEX,4,G_13:50_60,all_days,1353,23.0,51.4,66.1,105.0,187.6,12.5,39.7,51.3,86.1,186.8
SENSEX,4,G_13:50_60,dte_matched,130,18.8,43.9,56.8,85.2,89.6,10.7,32.8,44.7,75.2,85.2
SENSEX,4,G_13:50_60,dte_matched_ex2122,130,18.8,43.9,56.8,85.2,89.6,10.7,32.8,44.7,75.2,85.2
SENSEX,4,G_13:50_60,all_days,1353,23.0,51.4,66.1,105.0,187.6,12.5,39.7,51.3,86.1,186.8
SENSEX,4,G_13:50_60,dte_matched,130,18.8,43.9,56.8,85.2,89.6,10.7,32.8,44.7,75.2,85.2
SENSEX,4,G_13:50_60,dte_matched_ex2122,130,18.8,43.9,56.8,85.2,89.6,10.7,32.8,44.7,75.2,85.2
SENSEX,4,G_13:50_60,all_days,1353,23.0,51.4,66.1,105.0,187.6,12.5,39.7,51.3,86.1,186.8
SENSEX,4,G_13:50_90,dte_matched,130,25.4,54.8,72.6,89.6,107.4,13.6,42.4,56.6,77.6,97.6
SENSEX,4,G_13:50_90,dte_matched_ex2122,130,25.4,54.8,72.6,89.6,107.4,13.6,42.4,56.6,77.6,97.6
SENSEX,4,G_13:50_90,all_days,1353,30.4,69.6,82.9,124.9,205.1,17.3,56.5,69.1,106.8,194.0
SENSEX,4,G_13:50_90,dte_matched,130,25.4,54.8,72.6,89.6,107.4,13.6,42.4,56.6,77.6,97.6
SENSEX,4,G_13:50_90,dte_matched_ex2122,130,25.4,54.8,72.6,89.6,107.4,13.6,42.4,56.6,77.6,97.6
SENSEX,4,G_13:50_90,all_days,1353,30.4,69.6,82.9,124.9,205.1,17.3,56.5,69.1,106.8,194.0
SENSEX,4,G_13:50_90,dte_matched,130,25.4,54.8,72.6,89.6,107.4,13.6,42.4,56.6,77.6,97.6
SENSEX,4,G_13:50_90,dte_matched_ex2122,130,25.4,54.8,72.6,89.6,107.4,13.6,42.4,56.6,77.6,97.6
SENSEX,4,G_13:50_90,all_days,1353,30.4,69.6,82.9,124.9,205.1,17.3,56.5,69.1,106.8,194.0
SENSEX,4,G_13:50_H,dte_matched,130,25.4,54.8,72.6,89.6,107.4,13.6,42.4,56.6,77.6,97.6
SENSEX,4,G_13:50_H,dte_matched_ex2122,130,25.4,54.8,72.6,89.6,107.4,13.6,42.4,56.6,77.6,97.6
SENSEX,4,G_13:50_H,all_days,1353,30.4,69.6,82.9,124.9,205.1,17.3,56.5,69.1,106.8,194.0
SENSEX,4,G_13:50_H,dte_matched,130,25.4,54.8,72.6,89.6,107.4,13.6,42.4,56.6,77.6,97.6
SENSEX,4,G_13:50_H,dte_matched_ex2122,130,25.4,54.8,72.6,89.6,107.4,13.6,42.4,56.6,77.6,97.6
SENSEX,4,G_13:50_H,all_days,1353,30.4,69.6,82.9,124.9,205.1,17.3,56.5,69.1,106.8,194.0
SENSEX,4,G_13:50_H,dte_matched,130,25.4,54.8,72.6,89.6,107.4,13.6,42.4,56.6,77.6,97.6
SENSEX,4,G_13:50_H,dte_matched_ex2122,130,25.4,54.8,72.6,89.6,107.4,13.6,42.4,56.6,77.6,97.6
SENSEX,4,G_13:50_H,all_days,1353,30.4,69.6,82.9,124.9,205.1,17.3,56.5,69.1,106.8,194.0
SENSEX,4,G_14:20_120,dte_matched,130,19.0,45.0,71.2,85.9,96.6,12.3,34.1,48.9,66.7,86.8
SENSEX,4,G_14:20_120,dte_matched_ex2122,130,19.0,45.0,71.2,85.9,96.6,12.3,34.1,48.9,66.7,86.8
SENSEX,4,G_14:20_120,all_days,1353,25.7,57.3,71.4,108.0,195.4,15.5,46.3,60.6,88.6,194.1
SENSEX,4,G_14:20_120,dte_matched,130,19.0,45.0,71.2,85.9,96.6,12.3,34.1,48.9,66.7,86.8
SENSEX,4,G_14:20_120,dte_matched_ex2122,130,19.0,45.0,71.2,85.9,96.6,12.3,34.1,48.9,66.7,86.8
SENSEX,4,G_14:20_120,all_days,1353,25.7,57.3,71.4,108.0,195.4,15.5,46.3,60.6,88.6,194.1
SENSEX,4,G_14:20_120,dte_matched,130,19.0,45.0,71.2,85.9,96.6,12.3,34.1,48.9,66.7,86.8
SENSEX,4,G_14:20_120,dte_matched_ex2122,130,19.0,45.0,71.2,85.9,96.6,12.3,34.1,48.9,66.7,86.8
SENSEX,4,G_14:20_120,all_days,1353,25.7,57.3,71.4,108.0,195.4,15.5,46.3,60.6,88.6,194.1
SENSEX,4,G_14:20_60,dte_matched,130,19.0,45.0,71.2,85.9,96.6,12.3,34.1,48.9,66.7,86.8
SENSEX,4,G_14:20_60,dte_matched_ex2122,130,19.0,45.0,71.2,85.9,96.6,12.3,34.1,48.9,66.7,86.8
SENSEX,4,G_14:20_60,all_days,1353,25.7,57.3,71.4,108.0,195.4,15.5,46.3,60.6,88.6,194.1
SENSEX,4,G_14:20_60,dte_matched,130,19.0,45.0,71.2,85.9,96.6,12.3,34.1,48.9,66.7,86.8
SENSEX,4,G_14:20_60,dte_matched_ex2122,130,19.0,45.0,71.2,85.9,96.6,12.3,34.1,48.9,66.7,86.8
SENSEX,4,G_14:20_60,all_days,1353,25.7,57.3,71.4,108.0,195.4,15.5,46.3,60.6,88.6,194.1
SENSEX,4,G_14:20_60,dte_matched,130,19.0,45.0,71.2,85.9,96.6,12.3,34.1,48.9,66.7,86.8
SENSEX,4,G_14:20_60,dte_matched_ex2122,130,19.0,45.0,71.2,85.9,96.6,12.3,34.1,48.9,66.7,86.8
SENSEX,4,G_14:20_60,all_days,1353,25.7,57.3,71.4,108.0,195.4,15.5,46.3,60.6,88.6,194.1
SENSEX,4,G_14:20_90,dte_matched,130,19.0,45.0,71.2,85.9,96.6,12.3,34.1,48.9,66.7,86.8
SENSEX,4,G_14:20_90,dte_matched_ex2122,130,19.0,45.0,71.2,85.9,96.6,12.3,34.1,48.9,66.7,86.8
SENSEX,4,G_14:20_90,all_days,1353,25.7,57.3,71.4,108.0,195.4,15.5,46.3,60.6,88.6,194.1
SENSEX,4,G_14:20_90,dte_matched,130,19.0,45.0,71.2,85.9,96.6,12.3,34.1,48.9,66.7,86.8
SENSEX,4,G_14:20_90,dte_matched_ex2122,130,19.0,45.0,71.2,85.9,96.6,12.3,34.1,48.9,66.7,86.8
SENSEX,4,G_14:20_90,all_days,1353,25.7,57.3,71.4,108.0,195.4,15.5,46.3,60.6,88.6,194.1
SENSEX,4,G_14:20_90,dte_matched,130,19.0,45.0,71.2,85.9,96.6,12.3,34.1,48.9,66.7,86.8
SENSEX,4,G_14:20_90,dte_matched_ex2122,130,19.0,45.0,71.2,85.9,96.6,12.3,34.1,48.9,66.7,86.8
SENSEX,4,G_14:20_90,all_days,1353,25.7,57.3,71.4,108.0,195.4,15.5,46.3,60.6,88.6,194.1
SENSEX,4,G_14:20_H,dte_matched,130,19.0,45.0,71.2,85.9,96.6,12.3,34.1,48.9,66.7,86.8
SENSEX,4,G_14:20_H,dte_matched_ex2122,130,19.0,45.0,71.2,85.9,96.6,12.3,34.1,48.9,66.7,86.8
SENSEX,4,G_14:20_H,all_days,1353,25.7,57.3,71.4,108.0,195.4,15.5,46.3,60.6,88.6,194.1
SENSEX,4,G_14:20_H,dte_matched,130,19.0,45.0,71.2,85.9,96.6,12.3,34.1,48.9,66.7,86.8
SENSEX,4,G_14:20_H,dte_matched_ex2122,130,19.0,45.0,71.2,85.9,96.6,12.3,34.1,48.9,66.7,86.8
SENSEX,4,G_14:20_H,all_days,1353,25.7,57.3,71.4,108.0,195.4,15.5,46.3,60.6,88.6,194.1
SENSEX,4,G_14:20_H,dte_matched,130,19.0,45.0,71.2,85.9,96.6,12.3,34.1,48.9,66.7,86.8
SENSEX,4,G_14:20_H,dte_matched_ex2122,130,19.0,45.0,71.2,85.9,96.6,12.3,34.1,48.9,66.7,86.8
SENSEX,4,G_14:20_H,all_days,1353,25.7,57.3,71.4,108.0,195.4,15.5,46.3,60.6,88.6,194.1
SENSEX,4,G_14:30_120,dte_matched,130,17.5,36.7,58.6,84.8,115.3,10.9,31.1,35.5,61.8,105.5
SENSEX,4,G_14:30_120,dte_matched_ex2122,130,17.5,36.7,58.6,84.8,115.3,10.9,31.1,35.5,61.8,105.5
SENSEX,4,G_14:30_120,all_days,1353,23.5,52.9,66.9,107.2,188.2,14.0,42.8,53.9,82.1,186.8
SENSEX,4,G_14:30_120,dte_matched,130,17.5,36.7,58.6,84.8,115.3,10.9,31.1,35.5,61.8,105.5
SENSEX,4,G_14:30_120,dte_matched_ex2122,130,17.5,36.7,58.6,84.8,115.3,10.9,31.1,35.5,61.8,105.5
SENSEX,4,G_14:30_120,all_days,1353,23.5,52.9,66.9,107.2,188.2,14.0,42.8,53.9,82.1,186.8
SENSEX,4,G_14:30_120,dte_matched,130,17.5,36.7,58.6,84.8,115.3,10.9,31.1,35.5,61.8,105.5
SENSEX,4,G_14:30_120,dte_matched_ex2122,130,17.5,36.7,58.6,84.8,115.3,10.9,31.1,35.5,61.8,105.5
SENSEX,4,G_14:30_120,all_days,1353,23.5,52.9,66.9,107.2,188.2,14.0,42.8,53.9,82.1,186.8
SENSEX,4,G_14:30_60,dte_matched,130,17.5,36.7,58.6,84.8,115.3,10.9,31.1,35.5,61.8,105.5
SENSEX,4,G_14:30_60,dte_matched_ex2122,130,17.5,36.7,58.6,84.8,115.3,10.9,31.1,35.5,61.8,105.5
SENSEX,4,G_14:30_60,all_days,1353,23.5,52.9,66.9,107.2,188.2,14.0,42.8,53.9,82.1,186.8
SENSEX,4,G_14:30_60,dte_matched,130,17.5,36.7,58.6,84.8,115.3,10.9,31.1,35.5,61.8,105.5
SENSEX,4,G_14:30_60,dte_matched_ex2122,130,17.5,36.7,58.6,84.8,115.3,10.9,31.1,35.5,61.8,105.5
SENSEX,4,G_14:30_60,all_days,1353,23.5,52.9,66.9,107.2,188.2,14.0,42.8,53.9,82.1,186.8
SENSEX,4,G_14:30_60,dte_matched,130,17.5,36.7,58.6,84.8,115.3,10.9,31.1,35.5,61.8,105.5
SENSEX,4,G_14:30_60,dte_matched_ex2122,130,17.5,36.7,58.6,84.8,115.3,10.9,31.1,35.5,61.8,105.5
SENSEX,4,G_14:30_60,all_days,1353,23.5,52.9,66.9,107.2,188.2,14.0,42.8,53.9,82.1,186.8
SENSEX,4,G_14:30_90,dte_matched,130,17.5,36.7,58.6,84.8,115.3,10.9,31.1,35.5,61.8,105.5
SENSEX,4,G_14:30_90,dte_matched_ex2122,130,17.5,36.7,58.6,84.8,115.3,10.9,31.1,35.5,61.8,105.5
SENSEX,4,G_14:30_90,all_days,1353,23.5,52.9,66.9,107.2,188.2,14.0,42.8,53.9,82.1,186.8
SENSEX,4,G_14:30_90,dte_matched,130,17.5,36.7,58.6,84.8,115.3,10.9,31.1,35.5,61.8,105.5
SENSEX,4,G_14:30_90,dte_matched_ex2122,130,17.5,36.7,58.6,84.8,115.3,10.9,31.1,35.5,61.8,105.5
SENSEX,4,G_14:30_90,all_days,1353,23.5,52.9,66.9,107.2,188.2,14.0,42.8,53.9,82.1,186.8
SENSEX,4,G_14:30_90,dte_matched,130,17.5,36.7,58.6,84.8,115.3,10.9,31.1,35.5,61.8,105.5
SENSEX,4,G_14:30_90,dte_matched_ex2122,130,17.5,36.7,58.6,84.8,115.3,10.9,31.1,35.5,61.8,105.5
SENSEX,4,G_14:30_90,all_days,1353,23.5,52.9,66.9,107.2,188.2,14.0,42.8,53.9,82.1,186.8
SENSEX,4,G_14:30_H,dte_matched,130,17.5,36.7,58.6,84.8,115.3,10.9,31.1,35.5,61.8,105.5
SENSEX,4,G_14:30_H,dte_matched_ex2122,130,17.5,36.7,58.6,84.8,115.3,10.9,31.1,35.5,61.8,105.5
SENSEX,4,G_14:30_H,all_days,1353,23.5,52.9,66.9,107.2,188.2,14.0,42.8,53.9,82.1,186.8
SENSEX,4,G_14:30_H,dte_matched,130,17.5,36.7,58.6,84.8,115.3,10.9,31.1,35.5,61.8,105.5
SENSEX,4,G_14:30_H,dte_matched_ex2122,130,17.5,36.7,58.6,84.8,115.3,10.9,31.1,35.5,61.8,105.5
SENSEX,4,G_14:30_H,all_days,1353,23.5,52.9,66.9,107.2,188.2,14.0,42.8,53.9,82.1,186.8
SENSEX,4,G_14:30_H,dte_matched,130,17.5,36.7,58.6,84.8,115.3,10.9,31.1,35.5,61.8,105.5
SENSEX,4,G_14:30_H,dte_matched_ex2122,130,17.5,36.7,58.6,84.8,115.3,10.9,31.1,35.5,61.8,105.5
SENSEX,4,G_14:30_H,all_days,1353,23.5,52.9,66.9,107.2,188.2,14.0,42.8,53.9,82.1,186.8
