,nav
2005-01-03,1000201.1833867093
2005-01-04,1000402.4072481736
2005-01-05,1000603.6715925359
2005-01-06,1000804.9764279407
2005-01-07,1001006.3217625339
2005-01-10,1001207.7076044634
2005-01-11,1001409.1339618787
2005-01-12,1001610.6008429307
2005-01-13,1001812.1082557723
2005-01-14,1002013.6562085575
2005-01-17,1002215.2447094425
2005-01-18,1002416.8737665848
2005-01-19,1002618.5433881436
2005-01-20,1002820.25358228
2005-01-24,1003022.0043571563
2005-01-25,1003223.7957209368
2005-01-27,1003425.6276817874
2005-01-28,1003627.5002478752
2005-01-31,1003829.4134273697
2005-02-01,1004031.3672284414
2005-02-02,1004233.3616592628
2005-02-03,1004435.3967280078
2005-02-04,1004637.4724428522
2005-02-07,1004839.5888119733
2005-02-08,1005041.7458435501
2005-02-09,1005243.943545763
2005-02-10,1005446.1819267946
2005-02-11,1005648.4609948285
2005-02-14,1005850.7807580504
2005-02-15,1006053.1412246474
2005-02-16,1006255.5424028084
2005-02-17,1006457.984300724
2005-02-18,1006660.4669265862
2005-02-21,1006862.9902885888
2005-02-22,1007065.5543949272
2005-02-23,1006553.25
2005-02-24,1008019.1875
2005-02-25,1007673.5625
2005-02-28,1010581.125
2005-03-01,1009018.0625
2005-03-02,1010201.75
2005-03-03,1011375.6875
2005-03-04,1011234.75
2005-03-07,1012632.8125
2005-03-08,1012589.375
2005-03-09,1012487.5625
2005-03-10,1014626.0
2005-03-11,1014339.1875
2005-03-14,1014276.4375
2005-03-15,1014242.875
2005-03-16,1014092.5625
2005-03-17,1014117.625
2005-03-18,1014454.375
2005-03-21,1014177.5
2005-03-22,1011660.5
2005-03-23,1008588.3125
2005-03-24,1009028.875
2005-03-28,1009231.9375
2005-03-29,1009435.0
2005-03-30,1009638.125
2005-03-31,1009841.3125
2005-04-01,1010044.5
2005-04-04,1010247.75
2005-04-05,1010451.0625
2005-04-06,1010654.375
2005-04-07,1010857.75
2005-04-08,1011061.1875
2005-04-11,1011264.625
2005-04-12,1011468.125
2005-04-13,1011671.6875
2005-04-15,1011875.25
2005-04-18,1012078.875
2005-04-19,1012282.5
2005-04-20,1012486.1875
2005-04-21,1012689.9375
2005-04-22,1012893.6875
2005-04-25,1013097.5
2005-04-26,1013301.375
2005-04-27,1013505.25
2005-04-28,1013709.1875
2005-04-29,1013913.1875
2005-05-02,1014117.1875
2005-05-03,1014321.25
2005-05-04,1014525.375
2005-05-05,1014729.5
2005-05-06,1014933.6875
2005-05-09,1015137.9375
2005-05-10,1015342.1875
2005-05-11,1015546.5
2005-05-12,1015750.875
2005-05-13,1015955.25
2005-05-16,1016159.6875
2005-05-17,1016364.1875
2005-05-18,1016568.6875
2005-05-19,1016773.25
2005-05-20,1016977.875
2005-05-23,1019726.625
2005-05-24,1021819.0625
2005-05-25,1019748.5
2005-05-26,1019850.0
2005-05-27,1022190.75
2005-05-30,1018739.8125
2005-05-31,1020240.625
2005-06-01,1022805.0625
2005-06-02,1024705.875
2005-06-03,1028143.75
2005-06-04,1028323.125
2005-06-06,1026082.75
2005-06-07,1032292.25
2005-06-08,1031672.25
2005-06-09,1026314.875
2005-06-10,1015310.375
2005-06-13,1019281.25
2005-06-14,1022558.625
2005-06-15,1024061.9375
2005-06-16,1008019.625
2005-06-17,999897.625
2005-06-20,996194.75
2005-06-21,1003698.625
2005-06-22,1006064.4375
2005-06-23,1005062.5
2005-06-24,1006727.625
2005-06-27,1009756.6875
2005-06-28,991755.0
2005-06-29,1002861.8125
2005-06-30,999213.625
2005-07-01,1017575.8125
2005-07-04,1040082.5
2005-07-05,1023985.875
2005-07-06,1041425.75
2005-07-07,1006257.0
2005-07-08,1028283.75
2005-07-11,1032845.1875
2005-07-12,1039493.375
2005-07-13,1036205.6875
2005-07-14,1029297.25
2005-07-15,1051647.75
2005-07-18,1065535.875
2005-07-19,1077679.0
2005-07-20,1084053.25
2005-07-21,1067870.25
2005-07-22,1081055.375
2005-07-25,1081476.75
2005-07-26,1075199.75
2005-07-27,1081825.375
2005-07-29,1070070.875
2005-08-01,1075540.625
2005-08-02,1106091.75
2005-08-03,1103998.0
2005-08-04,1101644.0
2005-08-05,1113885.0
2005-08-08,1095049.0
2005-08-09,1085424.375
2005-08-10,1119712.375
2005-08-11,1122634.75
2005-08-12,1119740.5
2005-08-16,1125710.75
2005-08-17,1131975.125
2005-08-18,1116057.125
2005-08-19,1128848.25
2005-08-22,1116785.125
2005-08-23,1092596.875
2005-08-24,1083710.5
2005-08-25,1090195.75
2005-08-26,1112167.25
2005-08-29,1111000.25
2005-08-30,1116313.625
2005-08-31,1122983.75
2005-09-01,1122169.25
2005-09-02,1131403.625
2005-09-05,1131098.0
2005-09-06,1135750.75
2005-09-08,1144798.0
2005-09-09,1137694.75
2005-09-12,1149990.625
2005-09-13,1157757.5
2005-09-14,1147277.875
2005-09-15,1165710.875
2005-09-16,1164815.5
2005-09-19,1167399.125
2005-09-20,1154806.75
2005-09-21,1129252.0
2005-09-22,1069768.5
2005-09-23,1071696.0
2005-09-26,1105186.375
2005-09-27,1111698.5
2005-09-28,1115201.25
2005-09-29,1111351.375
2005-09-30,1117511.0
2005-10-03,1135222.625
2005-10-04,1146960.25
2005-10-05,1142055.5
2005-10-06,1122562.0
2005-10-07,1120177.0
2005-10-10,1108201.125
2005-10-11,1109530.0
2005-10-13,1096910.375
2005-10-14,1076352.25
2005-10-17,1070203.25
2005-10-18,1066595.75
2005-10-19,1051128.0
2005-10-20,1046287.875
2005-10-21,1058132.5
2005-10-24,1039098.375
2005-10-25,1040059.8125
2005-10-26,1038564.375
2005-10-27,1026916.0625
2005-10-28,1023657.4375
2005-10-31,1029989.125
2005-11-01,1032882.625
2005-11-02,1033048.5
2005-11-07,1041705.25
2005-11-08,1045684.1875
2005-11-09,1045732.0625
2005-11-10,1048523.625
2005-11-11,1060449.25
2005-11-14,1063112.125
2005-11-16,1069384.75
2005-11-17,1074675.5
2005-11-18,1065759.375
2005-11-21,1066454.5
2005-11-22,1064575.25
2005-11-23,1072718.5
2005-11-24,1079510.75
2005-11-25,1088079.0
2005-11-26,1088498.625
2005-11-28,1099029.25
2005-11-29,1098696.0
2005-11-30,1082646.25
2005-12-01,1102741.375
2005-12-02,1100210.75
2005-12-05,1091812.0
2005-12-06,1089050.0
2005-12-07,1094509.75
2005-12-08,1120394.125
2005-12-09,1120223.625
2005-12-12,1125152.25
2005-12-13,1127100.375
2005-12-14,1130217.125
2005-12-15,1112529.625
2005-12-16,1125101.625
2005-12-19,1137345.75
2005-12-20,1131010.25
2005-12-21,1131593.75
2005-12-22,1134010.625
2005-12-23,1124523.75
2005-12-26,1094736.25
2005-12-27,1118244.875
2005-12-28,1123588.375
2005-12-29,1128674.25
2005-12-30,1141387.375
2006-01-02,1144734.75
2006-01-03,1161310.375
2006-01-04,1175787.5
2006-01-05,1168262.0
2006-01-06,1167207.75
2006-01-09,1169371.25
2006-01-10,1156687.5
2006-01-12,1160833.75
2006-01-13,1167291.75
2006-01-16,1157462.0
2006-01-17,1156223.125
2006-01-18,1144630.375
2006-01-19,1163804.25
2006-01-20,1167314.375
2006-01-23,1154018.375
2006-01-24,1155537.375
2006-01-25,1149791.25
2006-01-27,1175919.25
2006-01-30,1170999.0
2006-01-31,1179914.125
2006-02-01,1175168.0
2006-02-02,1189918.75
2006-02-03,1184408.0
2006-02-06,1202626.75
2006-02-07,1213933.125
2006-02-08,1230399.5
2006-02-10,1239276.375
2006-02-13,1263125.25
2006-02-14,1256788.75
2006-02-15,1269771.375
2006-02-16,1284835.5
2006-02-17,1257430.75
2006-02-20,1273979.0
2006-02-21,1277753.125
2006-02-22,1283234.625
2006-02-23,1282086.625
2006-02-24,1273250.875
2006-02-27,1273052.375
2006-02-28,1274104.5
2006-03-01,1303935.625
2006-03-02,1310554.5
2006-03-03,1313434.75
2006-03-06,1353548.5
2006-03-07,1361494.875
2006-03-08,1324481.5
2006-03-09,1336431.625
2006-03-10,1355557.5
2006-03-13,1352276.625
2006-03-14,1344618.125
2006-03-16,1363579.125
2006-03-17,1374967.625
2006-03-20,1387001.5
2006-03-21,1370676.75
2006-03-22,1368280.75
2006-03-23,1385997.5
2006-03-24,1411533.0
2006-03-27,1422374.75
2006-03-28,1421127.5
2006-03-29,1429362.625
2006-03-30,1424071.875
2006-03-31,1442445.75
2006-04-03,1491040.375
2006-04-04,1499799.25
2006-04-05,1538757.875
2006-04-07,1519008.5
2006-04-10,1534302.375
2006-04-12,1491995.875
2006-04-13,1450011.5
2006-04-17,1497234.25
2006-04-18,1525831.375
2006-04-19,1546994.5
2006-04-20,1567137.5
2006-04-21,1563630.375
2006-04-24,1559221.25
2006-04-25,1524935.875
2006-04-26,1560396.875
2006-04-27,1549449.75
2006-04-28,1554664.75
2006-04-29,1556526.25
2006-05-02,1606802.75
2006-05-03,1612081.0
2006-05-04,1620454.25
2006-05-05,1633408.5
2006-05-08,1653721.625
2006-05-09,1681624.375
2006-05-10,1702589.25
2006-05-11,1666938.875
2006-05-12,1637989.5
2006-05-15,1570497.375
2006-05-16,1571757.625
2006-05-17,1630697.625
2006-05-18,1502874.25
2006-05-19,1463542.5
2006-05-22,1432211.625
2006-05-23,1428766.375
2006-05-24,1418976.75
2006-05-25,1415024.0
2006-05-26,1420182.25
2006-05-29,1420823.875
2006-05-30,1421480.5
2006-05-31,1410656.5
2006-06-01,1407438.375
2006-06-02,1405640.0
2006-06-05,1401487.375
2006-06-06,1396131.625
2006-06-07,1383519.125
2006-06-08,1379187.625
2006-06-09,1379465.125
2006-06-12,1379742.75
2006-06-13,1380020.375
2006-06-14,1380298.125
2006-06-15,1380575.875
2006-06-16,1380853.625
2006-06-19,1381131.5
2006-06-20,1381409.375
2006-06-21,1381687.375
2006-06-22,1381965.375
2006-06-23,1382243.5
2006-06-25,1382521.625
2006-06-26,1382799.875
2006-06-27,1383078.125
2006-06-28,1383356.375
2006-06-29,1383634.75
2006-06-30,1383913.125
2006-07-03,1384191.625
2006-07-04,1384470.125
2006-07-05,1384748.75
2006-07-06,1385027.375
2006-07-07,1385306.125
2006-07-10,1385584.875
2006-07-11,1385863.75
2006-07-12,1386142.625
2006-07-13,1382929.625
2006-07-14,1381552.0
2006-07-17,1379664.875
2006-07-18,1381127.25
2006-07-19,1380152.625
2006-07-20,1382551.375
2006-07-21,1380553.875
2006-07-24,1381270.0
2006-07-25,1381504.25
2006-07-26,1383528.0
2006-07-27,1384382.5
2006-07-28,1383254.25
2006-07-31,1384768.5
2006-08-01,1385149.25
2006-08-02,1385838.125
2006-08-03,1386412.375
2006-08-04,1387054.0
2006-08-07,1386968.75
2006-08-08,1387756.625
2006-08-09,1388900.0
2006-08-10,1389486.5
2006-08-11,1391408.125
2006-08-14,1392326.375
2006-08-16,1392431.125
2006-08-17,1387520.375
2006-08-18,1388506.875
2006-08-21,1391434.25
2006-08-22,1388634.125
2006-08-23,1385488.75
2006-08-24,1386356.5
2006-08-25,1387006.25
2006-08-28,1385428.625
2006-08-29,1386749.5
2006-08-30,1386277.375
2006-08-31,1372994.5
2006-09-01,1379908.875
2006-09-04,1387495.875
2006-09-05,1390571.5
2006-09-06,1388569.25
2006-09-07,1380088.75
2006-09-08,1376309.5
2006-09-11,1352463.375
2006-09-12,1366775.5
2006-09-13,1383896.75
2006-09-14,1383926.75
2006-09-15,1389067.25
2006-09-18,1387152.375
2006-09-19,1366886.0
2006-09-20,1378135.625
2006-09-21,1375968.75
2006-09-22,1377705.875
2006-09-25,1371530.0
2006-09-26,1388700.375
2006-09-27,1390075.875
2006-09-28,1388868.375
2006-09-29,1406160.625
2006-10-03,1400176.0
2006-10-04,1386121.75
2006-10-05,1407589.625
2006-10-06,1409627.125
2006-10-09,1416219.125
2006-10-10,1413234.5
2006-10-11,1405924.0
2006-10-12,1431327.125
2006-10-13,1441819.875
2006-10-16,1452965.875
2006-10-17,1454730.875
2006-10-18,1460870.5
2006-10-19,1447813.5
2006-10-20,1451254.5
2006-10-21,1451257.25
2006-10-23,1449251.75
2006-10-26,1469802.375
2006-10-27,1497034.5
2006-10-30,1503865.5
2006-10-31,1508276.25
2006-11-01,1523070.125
2006-11-02,1530448.0
2006-11-03,1531589.75
2006-11-06,1534464.5
2006-11-07,1530092.625
2006-11-08,1519937.125
2006-11-09,1525071.25
2006-11-10,1543274.125
2006-11-13,1566026.25
2006-11-14,1567721.75
2006-11-15,1579513.5
2006-11-16,1578799.875
2006-11-17,1569529.75
2006-11-20,1571703.5
2006-11-21,1603649.75
2006-11-22,1619118.625
2006-11-23,1619729.875
2006-11-24,1625617.75
2006-11-27,1618091.5
2006-11-28,1604024.0
2006-11-29,1619141.75
2006-11-30,1632502.25
2006-12-01,1673898.875
2006-12-04,1674382.75
2006-12-05,1675968.75
2006-12-06,1659246.75
2006-12-07,1656684.375
2006-12-08,1664075.125
2006-12-11,1608773.125
2006-12-12,1544610.5
2006-12-13,1559224.75
2006-12-14,1579007.375
2006-12-15,1594750.0
2006-12-18,1595848.75
2006-12-19,1580655.25
2006-12-20,1575767.125
2006-12-21,1573222.0
2006-12-22,1582229.625
2006-12-26,1594680.625
2006-12-27,1602055.0
2006-12-28,1616667.125
2006-12-29,1620901.875
2007-01-02,1642726.75
2007-01-03,1659834.375
2007-01-04,1652847.5
2007-01-05,1654497.75
2007-01-08,1668878.25
2007-01-09,1674996.75
2007-01-10,1673106.0
2007-01-11,1716524.125
2007-01-12,1773190.875
2007-01-15,1795775.75
2007-01-16,1804414.25
2007-01-17,1805187.75
2007-01-18,1791409.875
2007-01-19,1784670.125
2007-01-22,1806811.875
2007-01-23,1806904.5
2007-01-24,1812761.625
2007-01-25,1851364.5
2007-01-29,1860133.875
2007-01-31,1850568.5
2007-02-01,1877797.375
2007-02-02,1898528.0
2007-02-05,1942307.125
2007-02-06,1947048.125
2007-02-07,1947769.875
2007-02-08,1955885.625
2007-02-09,1918738.375
2007-02-12,1860407.25
2007-02-13,1863512.875
2007-02-14,1884762.375
2007-02-15,1944301.625
2007-02-19,1954489.25
2007-02-20,1935340.5
2007-02-21,1951874.375
2007-02-22,1935683.75
2007-02-23,1886339.625
2007-02-26,1879439.625
2007-02-27,1873088.125
2007-02-28,1817860.375
2007-03-01,1836614.25
2007-03-02,1835457.0
2007-03-05,1759948.5
2007-03-06,1783415.75
2007-03-07,1769525.375
2007-03-08,1814923.75
2007-03-09,1807141.0
2007-03-12,1819995.125
2007-03-13,1854115.75
2007-03-14,1827560.875
2007-03-15,1832355.5
2007-03-16,1827635.0
2007-03-19,1834725.0
2007-03-20,1834914.25
2007-03-21,1836741.875
2007-03-22,1852304.0
2007-03-23,1854092.5
2007-03-26,1851823.375
2007-03-28,1841855.0
2007-03-29,1855433.125
2007-03-30,1882340.75
2007-04-02,1744826.625
2007-04-03,1759423.625
2007-04-04,1786521.25
2007-04-05,1796595.375
2007-04-09,1822398.625
2007-04-10,1866277.125
2007-04-11,1860598.875
2007-04-12,1861524.5
2007-04-13,1875552.0
2007-04-16,1894495.5
2007-04-17,1879321.0
2007-04-18,1891984.75
2007-04-19,1890408.5
2007-04-20,1900821.5
2007-04-23,1903495.5
2007-04-24,1903916.25
2007-04-25,1932814.125
2007-04-26,1941947.0
2007-04-27,1928377.5
2007-04-30,1938521.75
2007-05-03,1937284.25
2007-05-04,1900729.0
2007-05-07,1894783.625
2007-05-08,1884796.25
2007-05-09,1898868.125
2007-05-10,1889137.0
2007-05-11,1891578.125
2007-05-14,1935775.0
2007-05-15,1925694.5
2007-05-16,1943275.125
2007-05-17,1959808.5
2007-05-18,1982423.75
2007-05-21,2009502.875
2007-05-22,2016639.25
2007-05-23,1995484.875
2007-05-24,1983476.125
2007-05-25,1973009.125
2007-05-28,1989726.25
2007-05-29,2016001.375
2007-05-30,1974669.75
2007-05-31,1975054.375
2007-06-01,2006248.125
2007-06-04,1980497.5
2007-06-05,1998972.5
2007-06-06,1959500.25
2007-06-07,1968609.5
2007-06-08,1958134.125
2007-06-11,1947052.0
2007-06-12,1927782.25
2007-06-13,1926051.5
2007-06-14,1964814.25
2007-06-15,1978134.5
2007-06-18,1965482.125
2007-06-19,2005538.375
2007-06-20,2031407.0
2007-06-21,2033413.0
2007-06-22,2021257.125
2007-06-25,2004340.0
2007-06-26,2026193.5
2007-06-27,2024291.25
2007-06-28,2016771.75
2007-06-29,2050144.625
2007-07-02,2066320.0
2007-07-03,2077254.875
2007-07-04,2065732.0
2007-07-05,2054612.625
2007-07-06,2051478.875
2007-07-09,2085909.25
2007-07-10,2077444.375
2007-07-11,2099505.0
2007-07-12,2134615.75
2007-07-13,2135359.5
2007-07-16,2120232.0
2007-07-17,2113545.25
2007-07-18,2105508.25
2007-07-19,2118389.5
2007-07-20,2107305.5
2007-07-23,2117728.75
2007-07-24,2120587.5
2007-07-25,2099480.75
2007-07-26,2101655.25
2007-07-27,2062843.375
2007-07-30,2080193.25
2007-07-31,2098120.25
2007-08-01,2032669.375
2007-08-02,2063116.875
2007-08-03,2077879.875
2007-08-06,2053233.5
2007-08-07,2053975.0
2007-08-08,2075864.0
2007-08-09,2050752.25
2007-08-10,2025970.375
2007-08-13,2038386.75
2007-08-14,2032522.75
2007-08-16,1970338.25
2007-08-17,1978338.0
2007-08-20,1985478.5
2007-08-21,1955804.5
2007-08-22,1954812.0
2007-08-23,1925526.875
2007-08-24,1946757.5
2007-08-27,1955005.0
2007-08-28,1960153.5
2007-08-29,1959338.0
2007-08-30,1964418.75
2007-08-31,1991547.875
2007-09-03,2004431.875
2007-09-04,2012012.25
2007-09-05,2007521.5
2007-09-06,2017323.375
2007-09-07,1999756.25
2007-09-10,2012865.875
2007-09-11,2003649.25
2007-09-12,2016270.375
2007-09-13,2021740.25
2007-09-14,1979741.75
2007-09-17,1989714.75
2007-09-18,2002488.375
2007-09-19,2024105.625
2007-09-20,2032216.375
2007-09-21,2060373.25
2007-09-24,2075347.875
2007-09-25,2072621.625
2007-09-26,2086746.75
2007-09-27,2084475.875
2007-09-28,2166299.75
2007-10-01,2188855.75
2007-10-03,2186498.25
2007-10-04,2194117.5
2007-10-05,2146862.5
2007-10-08,2045012.0
2007-10-09,2103940.5
2007-10-10,2117607.0
2007-10-11,2146127.25
2007-10-12,2140016.25
2007-10-15,2241242.5
2007-10-16,2273811.25
2007-10-17,2213423.0
2007-10-18,2121292.25
2007-10-19,2038485.25
2007-10-22,2064320.875
2007-10-23,2160434.0
2007-10-24,2186453.25
2007-10-25,2222516.0
2007-10-26,2298754.0
2007-10-29,2375066.25
2007-10-30,2386842.25
2007-10-31,2414477.75
2007-11-01,2333733.0
2007-11-02,2364513.25
2007-11-05,2368652.0
2007-11-06,2359722.5
2007-11-07,2375638.5
2007-11-08,2343939.0
2007-11-09,2353520.75
2007-11-12,2373688.5
2007-11-13,2413429.5
2007-11-14,2476295.25
2007-11-15,2552213.5
2007-11-16,2603232.5
2007-11-19,2699730.75
2007-11-20,2644191.25
2007-11-21,2465650.25
2007-11-22,2450907.5
2007-11-23,2531780.0
2007-11-26,2610439.0
2007-11-27,2583155.25
2007-11-28,2593938.0
2007-11-29,2586197.0
2007-11-30,2665995.0
2007-12-03,2703570.0
2007-12-04,2752465.75
2007-12-05,2847173.25
2007-12-06,2859145.0
2007-12-07,2823113.0
2007-12-10,2853430.5
2007-12-11,2839730.75
2007-12-12,2867519.0
2007-12-13,2866166.25
2007-12-14,2885735.0
2007-12-17,2750849.75
2007-12-18,2752092.25
2007-12-19,2778169.0
2007-12-20,2771905.75
2007-12-24,2829837.25
2007-12-26,2909287.75
2007-12-27,2907128.0
2007-12-28,2932900.75
2007-12-31,2992420.5
2008-01-01,3022787.0
2008-01-02,3073853.75
2008-01-03,3052642.5
2008-01-04,3042146.75
2008-01-07,3011708.75
2008-01-08,2924102.0
2008-01-09,2933999.0
2008-01-10,2835290.25
2008-01-11,2843914.75
2008-01-14,2892101.75
2008-01-15,2827045.0
2008-01-16,2805227.75
2008-01-17,2848670.25
2008-01-18,2706378.75
2008-01-21,2483160.0
2008-01-22,2361807.5
2008-01-23,2348763.25
2008-01-24,2345778.0
2008-01-25,2355825.25
2008-01-28,2348268.5
2008-01-29,2337063.0
2008-01-30,2325697.25
2008-01-31,2317652.25
2008-02-01,2318118.5
2008-02-04,2318585.0
2008-02-05,2319051.5
2008-02-06,2319518.25
2008-02-07,2319985.0
2008-02-08,2320451.75
2008-02-11,2320918.75
2008-02-12,2321385.75
2008-02-13,2321852.75
2008-02-14,2322320.0
2008-02-15,2322787.25
2008-02-18,2323254.75
2008-02-19,2323722.25
2008-02-20,2324189.75
2008-02-21,2324657.5
2008-02-22,2325125.25
2008-02-25,2325593.0
2008-02-26,2326061.0
2008-02-27,2326529.0
2008-02-28,2326997.25
2008-02-29,2327465.5
2008-03-03,2327933.75
2008-03-04,2328402.25
2008-03-05,2328870.75
2008-03-07,2329339.5
2008-03-10,2329808.25
2008-03-11,2330277.0
2008-03-12,2330746.0
2008-03-13,2331215.0
2008-03-14,2331684.0
2008-03-17,2332153.25
2008-03-18,2332622.5
2008-03-19,2333092.0
2008-03-24,2333561.5
2008-03-25,2334031.0
2008-03-26,2334500.75
2008-03-27,2334970.5
2008-03-28,2335440.25
2008-03-31,2335910.25
2008-04-01,2185375.75
2008-04-02,2185815.5
2008-04-03,2186255.25
2008-04-04,2186695.25
2008-04-07,2187135.25
2008-04-08,2187575.25
2008-04-09,2188015.5
2008-04-10,2188455.75
2008-04-11,2188896.0
2008-04-15,2189336.5
2008-04-16,2189777.0
2008-04-17,2190217.75
2008-04-21,2190658.5
2008-04-22,2191099.25
2008-04-23,2191540.25
2008-04-24,2191981.25
2008-04-25,2192422.25
2008-04-28,2192863.5
2008-04-29,2199446.5
2008-04-30,2206792.0
2008-05-02,2213557.0
2008-05-05,2211502.25
2008-05-06,2194449.5
2008-05-07,2194103.0
2008-05-08,2190855.0
2008-05-09,2180082.75
2008-05-12,2180418.0
2008-05-13,2183038.25
2008-05-14,2190405.75
2008-05-15,2197641.75
2008-05-16,2205878.75
2008-05-20,2200536.5
2008-05-21,2197723.0
2008-05-22,2189948.0
2008-05-23,2190773.75
2008-05-26,2182445.5
2008-05-27,2178120.5
2008-05-28,2194096.75
2008-05-29,2195530.5
2008-05-30,2196025.25
2008-06-02,2163611.0
2008-06-03,2158914.5
2008-06-04,2135794.0
2008-06-05,2138190.75
2008-06-06,2141365.5
2008-06-09,2146426.5
2008-06-10,2145009.5
2008-06-11,2143583.75
2008-06-12,2140677.25
2008-06-13,2151374.75
2008-06-16,2149847.5
2008-06-17,2147021.25
2008-06-18,2142524.75
2008-06-19,2139383.25
2008-06-20,2126286.0
2008-06-23,2120772.75
2008-06-24,2116658.0
2008-06-25,2116959.0
2008-06-26,2117694.25
2008-06-27,2118267.0
2008-06-30,2121606.25
2008-07-01,2116255.0
2008-07-02,2121026.75
2008-07-03,2116055.25
2008-07-04,2117919.25
2008-07-07,2116116.25
2008-07-08,2116103.5
2008-07-09,2120756.25
2008-07-10,2121242.75
2008-07-11,2123237.5
2008-07-14,2126642.75
2008-07-15,2119534.5
2008-07-16,2118241.75
2008-07-17,2122493.75
2008-07-18,2127613.5
2008-07-21,2132245.25
2008-07-22,2132624.0
2008-07-23,2135823.75
2008-07-24,2133316.5
2008-07-25,2138404.25
2008-07-28,2137470.25
2008-07-29,2133607.0
2008-07-30,2136025.75
2008-07-31,2132998.0
2008-08-01,2129742.75
2008-08-04,2135840.25
2008-08-05,2139265.5
2008-08-06,2139813.25
2008-08-07,2136168.25
2008-08-08,2130477.5
2008-08-11,2130619.25
2008-08-12,2129555.5
2008-08-13,2136104.75
2008-08-14,2141472.75
2008-08-18,2134520.0
2008-08-19,2140250.75
2008-08-20,2141072.25
2008-08-21,2136232.0
2008-08-22,2141585.75
2008-08-25,2137916.5
2008-08-26,2139933.25
2008-08-27,2137399.75
2008-08-28,2136067.5
2008-08-29,2135488.25
2008-09-01,2139978.5
2008-09-02,2144665.25
2008-09-04,2148156.75
2008-09-05,2147691.0
2008-09-08,2148263.75
2008-09-09,2144879.0
2008-09-10,2152009.0
2008-09-11,2144128.5
2008-09-12,2148447.0
2008-09-15,2132210.5
2008-09-16,2130293.5
2008-09-17,2123782.0
2008-09-18,2118824.0
2008-09-19,2117468.5
2008-09-22,2117374.25
2008-09-23,2117504.5
2008-09-24,2111840.25
2008-09-25,2116002.5
2008-09-26,2114918.0
2008-09-29,2109624.0
2008-09-30,2116807.0
2008-10-01,2124555.75
2008-10-03,2122781.25
2008-10-06,2117873.25
2008-10-07,2120020.25
2008-10-08,2109168.75
2008-10-10,2072370.375
2008-10-13,2076059.75
2008-10-14,2076477.5
2008-10-15,2076895.375
2008-10-16,2077313.25
2008-10-17,2077731.25
2008-10-20,2078149.375
2008-10-21,2078567.5
2008-10-22,2078985.75
2008-10-23,2079404.125
2008-10-24,2079822.5
2008-10-27,2080241.0
2008-10-28,2080659.625
2008-10-29,2081078.25
2008-10-31,2081497.0
2008-11-03,2081915.875
2008-11-04,2082334.75
2008-11-05,2082753.75
2008-11-06,2083172.875
2008-11-07,2083592.0
2008-11-10,2084011.25
2008-11-11,2084430.625
2008-11-12,2084850.125
2008-11-14,2085269.625
2008-11-17,2085689.25
2008-11-18,2086109.0
2008-11-19,2086528.75
2008-11-20,2086948.625
2008-11-21,2087368.625
2008-11-24,2087788.625
2008-11-25,2088208.75
2008-11-26,2088629.0
2008-11-28,2089049.25
2008-12-01,2089469.625
2008-12-02,2089890.125
2008-12-03,2090310.625
2008-12-04,2090731.25
2008-12-05,2091152.0
2008-12-08,2091572.75
2008-12-10,2091993.625
2008-12-11,2092414.625
2008-12-12,2092835.625
2008-12-15,2093256.75
2008-12-16,2093678.0
2008-12-17,2094099.25
2008-12-18,2094520.625
2008-12-19,2094942.125
2008-12-22,2095363.625
2008-12-23,2095785.25
2008-12-24,2096207.0
2008-12-26,2096628.75
2008-12-29,2097050.625
2008-12-30,2097472.5
2008-12-31,2097894.5
2009-01-01,2098316.75
2009-01-02,2098739.0
2009-01-05,2099161.25
2009-01-06,2099583.75
2009-01-07,2100006.25
2009-01-09,2100428.75
2009-01-12,2100851.5
2009-01-13,2101274.25
2009-01-14,2101697.0
2009-01-15,2102120.0
2009-01-16,2102543.0
2009-01-19,2102966.0
2009-01-20,2103389.25
2009-01-21,2103812.5
2009-01-22,2104235.75
2009-01-23,2104659.25
2009-01-27,2105082.75
2009-01-28,2105506.25
2009-01-29,2105930.0
2009-01-30,2106353.75
2009-02-02,2106777.5
2009-02-03,2107201.5
2009-02-04,2107625.5
2009-02-05,2108049.5
2009-02-06,2108473.75
2009-02-09,2108898.0
2009-02-10,2109322.25
2009-02-11,2109746.75
2009-02-12,2110171.25
2009-02-13,2110595.75
2009-02-16,2111370.75
2009-02-17,2113454.0
2009-02-18,2111843.5
2009-02-19,2111999.0
2009-02-20,2110243.0
2009-02-24,2107766.0
2009-02-25,2107670.75
2009-02-26,2112994.25
2009-02-27,2113806.25
2009-03-02,2109904.25
2009-03-03,2110019.75
2009-03-04,2114776.5
2009-03-05,2116455.75
2009-03-06,2115607.5
2009-03-09,2117108.5
2009-03-12,2123032.25
2009-03-13,2122022.25
2009-03-16,2122916.0
2009-03-17,2124749.5
2009-03-18,2128972.5
2009-03-19,2128270.75
2009-03-20,2129739.75
2009-03-23,2130658.25
2009-03-24,2132184.25
2009-03-25,2133078.5
2009-03-26,2136710.5
2009-03-27,2146458.25
2009-03-30,2140006.0
2009-03-31,2144157.0
2009-04-01,2139592.25
2009-04-02,2139319.5
2009-04-06,2148130.25
2009-04-08,2146679.25
2009-04-09,2139170.25
2009-04-13,2138122.5
2009-04-15,2146278.75
2009-04-16,2153015.5
2009-04-17,2159823.25
2009-04-20,2158932.25
2009-04-21,2152242.25
2009-04-22,2149920.25
2009-04-23,2157634.0
2009-04-24,2159398.5
2009-04-27,2154662.5
2009-04-28,2155789.75
2009-04-29,2169337.25
2009-05-04,2177300.75
2009-05-05,2181311.75
2009-05-06,2183646.0
2009-05-07,2191551.0
2009-05-08,2183982.0
2009-05-11,2173728.5
2009-05-12,2191513.5
2009-05-13,2183888.0
2009-05-14,2186761.0
2009-05-15,2192958.0
2009-05-18,2324322.75
2009-05-19,2304450.0
2009-05-20,2315464.75
2009-05-21,2305233.0
2009-05-22,2311469.5
2009-05-25,2328185.0
2009-05-26,2316249.0
2009-05-27,2341422.5
2009-05-28,2351626.5
2009-05-29,2381292.25
2009-06-01,2419093.75
2009-06-02,2421395.5
2009-06-03,2471165.0
2009-06-04,2495125.75
2009-06-05,2504075.75
2009-06-08,2456322.5
2009-06-09,2493012.25
2009-06-10,2534620.75
2009-06-11,2530982.0
2009-06-12,2497722.75
2009-06-15,2477340.75
2009-06-16,2507107.75
2009-06-17,2461899.5
2009-06-18,2436039.75
2009-06-19,2479991.25
2009-06-22,2462651.0
2009-06-23,2472237.25
2009-06-24,2537315.75
2009-06-25,2543255.0
2009-06-26,2550939.0
2009-06-29,2534282.5
2009-06-30,2490470.75
2009-07-01,2503600.25
2009-07-02,2508752.5
2009-07-03,2524590.25
2009-07-06,2432206.75
2009-07-07,2478963.5
2009-07-08,2428000.5
2009-07-09,2447773.75
2009-07-10,2440816.25
2009-07-13,2400751.5
2009-07-14,2455431.25
2009-07-15,2508860.5
2009-07-16,2523209.75
2009-07-17,2573822.5
2009-07-20,2634327.75
2009-07-21,2627874.25
2009-07-22,2596221.5
2009-07-23,2632271.25
2009-07-24,2642158.0
2009-07-27,2648674.0
2009-07-28,2683295.25
2009-07-29,2674220.75
2009-07-30,2699590.5
2009-07-31,2722388.5
2009-08-03,2776533.0
2009-08-04,2758502.25
2009-08-05,2762668.0
2009-08-06,2672228.5
2009-08-07,2622673.0
2009-08-10,2566445.25
2009-08-11,2573252.25
2009-08-12,2543264.75
2009-08-13,2621115.5
2009-08-14,2617552.25
2009-08-17,2528457.5
2009-08-18,2589793.75
2009-08-19,2556265.5
2009-08-20,2552336.75
2009-08-21,2590718.0
2009-08-24,2681230.0
2009-08-25,2705502.0
2009-08-26,2726635.25
2009-08-27,2716850.25
2009-08-28,2705556.5
2009-08-31,2715171.75
2009-09-01,2716692.5
2009-09-02,2689000.0
2009-09-03,2704437.0
2009-09-04,2722789.75
2009-09-07,2756582.25
2009-09-08,2733482.25
2009-09-09,2751858.0
2009-09-10,2782807.75
2009-09-11,2787121.0
2009-09-14,2777159.5
2009-09-15,2855198.75
2009-09-16,2895355.0
2009-09-17,2886924.75
2009-09-18,2924683.5
2009-09-22,2996976.25
2009-09-23,2984601.25
2009-09-24,3005730.75
2009-09-25,2985595.75
2009-09-29,2996302.0
2009-09-30,3015652.75
2009-10-01,2998699.5
2009-10-05,3010108.25
2009-10-06,3044837.5
2009-10-07,3074675.5
2009-10-08,3102690.75
2009-10-09,3075661.25
2009-10-12,3123435.0
2009-10-14,3168683.5
2009-10-15,3182690.5
2009-10-16,3164218.75
2009-10-17,3164225.75
2009-10-20,3180071.25
2009-10-21,3132592.75
2009-10-22,3103514.25
2009-10-23,3172890.0
2009-10-26,3167089.0
2009-10-27,3078578.0
2009-10-28,3067899.25
2009-10-29,3034079.0
2009-10-30,3034960.0
2009-11-03,2973519.75
2009-11-04,3028232.5
2009-11-05,3051063.5
2009-11-06,3099996.75
2009-11-09,3172787.5
2009-11-10,3142182.25
2009-11-11,3189814.0
2009-11-12,3171418.5
2009-11-13,3198569.0
2009-11-16,3252419.0
2009-11-17,3251265.25
2009-11-18,3238368.25
2009-11-19,3197818.75
2009-11-20,3225165.5
2009-11-23,3238556.5
2009-11-24,3274924.25
2009-11-25,3290626.25
2009-11-26,3256523.0
2009-11-27,3240350.0
2009-11-30,3293558.5
2009-12-01,3361304.5
2009-12-02,3349773.0
2009-12-03,3376137.25
2009-12-04,3385339.0
2009-12-07,3341967.5
2009-12-08,3352467.0
2009-12-09,3360603.25
2009-12-10,3332368.5
2009-12-11,3348998.75
2009-12-14,3349158.75
2009-12-15,3314483.25
2009-12-16,3311407.25
2009-12-17,3322535.75
2009-12-18,3327719.75
2009-12-21,3299390.25
2009-12-22,3318968.25
2009-12-23,3369577.75
2009-12-24,3372176.5
2009-12-29,3389851.5
2009-12-30,3382234.5
2009-12-31,3415766.5
2010-01-04,3469512.0
2010-01-05,3493216.5
2010-01-06,3517054.5
2010-01-07,3495940.5
2010-01-08,3470421.0
2010-01-11,3498851.5
2010-01-12,3501370.25
2010-01-13,3556522.5
2010-01-14,3583922.25
2010-01-15,3558574.0
2010-01-18,3556597.5
2010-01-19,3522941.25
2010-01-20,3513414.25
2010-01-21,3479272.75
2010-01-22,3425514.0
2010-01-25,3374333.5
2010-01-27,3268618.5
2010-01-28,3281694.0
2010-01-29,3310076.0
2010-02-01,3366246.5
2010-02-02,3328637.75
2010-02-03,3356731.75
2010-02-04,3321027.0
2010-02-05,3273097.5
2010-02-06,3021531.5
2010-02-08,3293465.5
2010-02-09,3314353.0
2010-02-10,3368963.0
2010-02-11,3390565.5
2010-02-15,3373800.25
2010-02-16,3361497.25
2010-02-17,3387471.0
2010-02-18,3382359.5
2010-02-19,3361817.5
2010-02-22,3345130.5
2010-02-23,3316275.0
2010-02-24,3324512.25
2010-02-25,3322116.0
2010-02-26,3340533.75
2010-03-02,3375085.0
2010-03-03,3392251.5
2010-03-04,3416630.5
2010-03-05,3410362.0
2010-03-08,3437460.25
2010-03-09,3416596.0
2010-03-10,3404959.75
2010-03-11,3413793.25
2010-03-12,3399804.75
2010-03-15,3396314.0
2010-03-16,3445292.5
2010-03-17,3460361.25
2010-03-18,3498973.25
2010-03-19,3519292.25
2010-03-22,3483925.75
2010-03-23,3491227.0
2010-03-25,3500275.25
2010-03-26,3518231.75
2010-03-29,3504348.75
2010-03-30,3483900.25
2010-03-31,3497147.75
2010-04-01,3417762.5
2010-04-05,3445082.75
2010-04-06,3424547.75
2010-04-07,3489556.75
2010-04-08,3441761.25
2010-04-09,3456337.5
2010-04-12,3454932.0
2010-04-13,3476289.0
2010-04-15,3467778.0
2010-04-16,3475505.75
2010-04-19,3446431.25
2010-04-20,3490502.25
2010-04-21,3501608.0
2010-04-22,3504724.25
2010-04-23,3527187.5
2010-04-26,3507933.75
2010-04-27,3491122.75
2010-04-28,3467296.5
2010-04-29,3492700.75
2010-04-30,3506437.25
2010-05-03,3520801.75
2010-05-04,3458456.25
2010-05-05,3479563.5
2010-05-06,3468247.5
2010-05-07,3399653.5
2010-05-10,3471299.0
2010-05-11,3454040.75
2010-05-12,3470387.0
2010-05-13,3520283.25
2010-05-14,3477614.5
2010-05-17,3464941.0
2010-05-18,3484620.5
2010-05-19,3387846.75
2010-05-20,3374676.25
2010-05-21,3359416.75
2010-05-24,3343263.0
2010-05-25,3247254.25
2010-05-26,3283392.0
2010-05-27,3321355.0
2010-05-28,3360658.0
2010-05-31,3383826.5
2010-06-01,3350961.5
2010-06-02,3364854.75
2010-06-03,3380163.25
2010-06-04,3379626.25
2010-06-07,3354667.0
2010-06-08,3346691.5
2010-06-09,3348475.75
2010-06-10,3370917.25
2010-06-11,3380791.5
2010-06-14,3393597.0
2010-06-15,3398064.5
2010-06-16,3391589.5
2010-06-17,3390968.5
2010-06-18,3380178.25
2010-06-21,3403600.5
2010-06-22,3416693.5
2010-06-23,3450636.25
2010-06-24,3474367.75
2010-06-25,3468237.0
2010-06-28,3518775.5
2010-06-29,3518694.25
2010-06-30,3557747.5
2010-07-01,3532785.75
2010-07-02,3522374.0
2010-07-05,3528914.25
2010-07-06,3546338.25
2010-07-07,3523789.5
2010-07-08,3560064.5
2010-07-09,3572969.0
2010-07-12,3556803.5
2010-07-13,3570738.75
2010-07-14,3588896.5
2010-07-15,3556637.25
2010-07-16,3564782.75
2010-07-19,3554100.25
2010-07-20,3544996.75
2010-07-21,3550606.5
2010-07-22,3584825.5
2010-07-23,3571387.75
2010-07-26,3570180.0
2010-07-27,3598107.0
2010-07-28,3595701.5
2010-07-29,3586081.75
2010-07-30,3586093.25
2010-08-02,3626643.25
2010-08-03,3646245.75
2010-08-04,3635171.75
2010-08-05,3670018.75
2010-08-06,3685171.5
2010-08-09,3717101.75
2010-08-10,3694231.75
2010-08-11,3681280.75
2010-08-12,3735648.5
2010-08-13,3777060.5
2010-08-16,3759312.5
2010-08-17,3763339.0
2010-08-18,3780376.25
2010-08-19,3828702.75
2010-08-20,3859763.0
2010-08-23,3949005.25
2010-08-24,3944139.25
2010-08-25,3906039.0
2010-08-26,3898389.75
2010-08-27,3929785.75
2010-08-30,3945008.0
2010-08-31,3868672.0
2010-09-01,3948080.75
2010-09-02,3965626.25
2010-09-03,4000165.75
2010-09-06,4097356.0
2010-09-07,4094771.5
2010-09-08,4056208.75
2010-09-09,4022873.0
2010-09-13,4072645.0
2010-09-14,4087916.0
2010-09-15,4154583.75
2010-09-16,4141151.0
2010-09-17,4171206.0
2010-09-20,4195766.0
2010-09-21,4158823.5
2010-09-22,4130149.25
2010-09-23,4133724.5
2010-09-24,4163942.75
2010-09-27,4193565.0
2010-09-28,4188096.75
2010-09-29,4167330.0
2010-09-30,4148866.75
2010-10-01,4221816.0
2010-10-04,4248302.5
2010-10-05,4269771.0
2010-10-06,4288074.0
2010-10-07,4254582.0
2010-10-08,4237594.0
2010-10-11,4246859.0
2010-10-12,4202543.0
2010-10-13,4254744.0
2010-10-14,4208377.0
2010-10-15,4134013.75
2010-10-18,4099614.0
2010-10-19,4113572.5
2010-10-20,4074879.5
2010-10-21,4130290.5
2010-10-22,4130117.25
2010-10-25,4173824.0
2010-10-26,4170586.25
2010-10-27,4179346.75
2010-10-28,4109959.25
2010-10-29,4068489.5
2010-11-01,4150060.5
2010-11-02,4178059.5
2010-11-03,4221548.0
2010-11-04,4249643.0
2010-11-05,4270544.0
2010-11-08,4257794.5
2010-11-09,4305872.0
2010-11-10,4321956.0
2010-11-11,4298186.0
2010-11-12,4207769.0
2010-11-15,4207109.5
2010-11-16,4098009.25
2010-11-18,4087873.0
2010-11-19,4046630.5
2010-11-22,4075565.0
2010-11-23,4065635.25
2010-11-24,4035093.75
2010-11-25,4026759.5
2010-11-26,3994527.0
2010-11-29,4015998.5
2010-11-30,3994821.5
2010-12-01,4030748.0
2010-12-02,4043514.5
2010-12-03,4030858.0
2010-12-06,4002695.5
2010-12-07,4007795.75
2010-12-08,3963724.0
2010-12-09,3896812.5
2010-12-10,3903282.5
2010-12-13,3921111.25
2010-12-14,3932760.0
2010-12-15,3910291.5
2010-12-16,3907838.0
2010-12-20,3933704.5
2010-12-21,3937613.0
2010-12-22,3925601.25
2010-12-23,3918692.5
2010-12-24,3927747.5
2010-12-27,3924186.25
2010-12-28,3946101.0
2010-12-29,3940710.5
2010-12-30,3943071.5
2010-12-31,3945442.0
2011-01-03,3944380.75
2011-01-04,3952216.25
2011-01-05,3961835.0
2011-01-06,3948032.25
2011-01-07,3931977.0
2011-01-10,3926266.5
2011-01-11,3910292.5
2011-01-12,3922054.0
2011-01-13,3918369.75
2011-01-14,3910228.5
2011-01-17,3904560.5
2011-01-18,3914549.75
2011-01-19,3913238.5
2011-01-20,3933780.5
2011-01-21,3935930.0
2011-01-24,3947439.25
2011-01-25,3939242.25
2011-01-27,3935751.75
2011-01-28,3921174.25
2011-01-31,3916028.25
2011-02-01,3907180.25
2011-02-02,3905168.0
2011-02-03,3908720.5
2011-02-04,3896317.25
2011-02-07,3900482.0
2011-02-08,3893506.5
2011-02-09,3885103.0
2011-02-10,3882412.5
2011-02-11,3895147.25
2011-02-14,3896170.5
2011-02-15,3896908.25
2011-02-16,3899074.5
2011-02-17,3897813.0
2011-02-18,3889696.25
2011-02-21,3898718.5
2011-02-22,3894315.25
2011-02-23,3890769.25
2011-02-24,3881510.25
2011-02-25,3885962.75
2011-02-28,3884988.0
2011-03-01,3894296.75
2011-03-03,3891608.5
2011-03-04,3892919.25
2011-03-07,3887946.0
2011-03-08,3892685.25
2011-03-09,3893710.75
2011-03-10,3887039.25
2011-03-11,3876810.25
2011-03-14,3877200.0
2011-03-15,3866033.0
2011-03-16,3883694.25
2011-03-17,3881791.5
2011-03-18,3881064.75
2011-03-21,3873769.0
2011-03-22,3891736.0
2011-03-23,3884562.25
2011-03-24,3907720.25
2011-03-25,3908494.5
2011-03-28,3925327.0
2011-03-29,3920262.25
2011-03-30,3932269.5
2011-03-31,3956522.75
2011-04-01,3802534.5
2011-04-04,3811589.0
2011-04-05,3837347.5
2011-04-06,3805133.5
2011-04-07,3814699.0
2011-04-08,3806606.0
2011-04-11,3786705.5
2011-04-13,3801509.0
2011-04-15,3786985.5
2011-04-18,3779669.5
2011-04-19,3800380.0
2011-04-20,3791893.0
2011-04-21,3750116.25
2011-04-25,3763439.0
2011-04-26,3747716.5
2011-04-27,3782054.0
2011-04-28,3783201.0
2011-04-29,3797270.0
2011-05-02,3778446.5
2011-05-03,3776099.0
2011-05-04,3780337.25
2011-05-05,3780783.5
2011-05-06,3788489.5
2011-05-09,3837254.5
2011-05-10,3832965.5
2011-05-11,3845104.0
2011-05-12,3813148.0
2011-05-13,3822464.5
2011-05-16,3811011.75
2011-05-17,3816054.0
2011-05-18,3803175.5
2011-05-19,3801884.5
2011-05-20,3801686.5
2011-05-23,3781804.25
2011-05-24,3786219.0
2011-05-25,3804024.0
2011-05-26,3828464.5
2011-05-27,3839973.25
2011-05-30,3870051.5
2011-05-31,3887535.75
2011-06-01,3907254.5
2011-06-02,3880970.75
2011-06-03,3880168.25
2011-06-06,3879136.75
2011-06-07,3894366.0
2011-06-08,3926393.5
2011-06-09,3939101.0
2011-06-10,3942958.0
2011-06-13,3951242.5
2011-06-14,3961855.25
2011-06-15,3948006.75
2011-06-16,3902776.5
2011-06-17,3904980.0
2011-06-20,3844676.5
2011-06-21,3828585.75
2011-06-22,3805941.5
2011-06-23,3805212.0
2011-06-24,3822755.75
2011-06-27,3833527.75
2011-06-28,3855521.75
2011-06-29,3917381.5
2011-06-30,3963542.5
2011-07-01,3949624.0
2011-07-04,3975309.5
2011-07-05,3979901.0
2011-07-06,3983259.0
2011-07-07,3997782.25
2011-07-08,3974683.5
2011-07-11,3979125.0
2011-07-12,3947341.5
2011-07-13,3973077.75
2011-07-14,3979183.5
2011-07-15,4008799.0
2011-07-18,4012365.0
2011-07-19,4040924.0
2011-07-20,3986367.25
2011-07-21,3957032.5
2011-07-22,3991752.0
2011-07-25,4025048.75
2011-07-26,3993764.5
2011-07-27,4012160.25
2011-07-28,3990568.5
2011-07-29,3983380.75
2011-08-01,3992931.75
2011-08-02,3969385.0
2011-08-03,3938661.75
2011-08-04,3913536.75
2011-08-05,3833213.5
2011-08-08,3789595.25
2011-08-09,3773286.25
2011-08-10,3806556.5
2011-08-11,3822740.0
2011-08-12,3810242.5
2011-08-16,3805723.0
2011-08-17,3800755.75
2011-08-18,3764218.25
2011-08-19,3744373.5
2011-08-22,3760193.5
2011-08-23,3771229.0
2011-08-24,3761070.0
2011-08-25,3763103.0
2011-08-26,3698268.0
2011-08-29,3741631.25
2011-08-30,3769607.0
2011-09-02,3788254.5
2011-09-05,3786485.0
2011-09-06,3782142.0
2011-09-07,3770939.5
2011-09-08,3778915.5
2011-09-09,3773175.0
2011-09-12,3730848.0
2011-09-13,3712857.5
2011-09-14,3713309.0
2011-09-15,3721597.0
2011-09-16,3701604.5
2011-09-19,3710655.5
2011-09-20,3742647.0
2011-09-21,3744633.0
2011-09-22,3681080.75
2011-09-23,3650710.5
2011-09-26,3577101.75
2011-09-27,3607480.25
2011-09-28,3594916.0
2011-09-29,3592755.5
2011-09-30,3591469.0
2011-10-03,3558260.25
2011-10-04,3533167.0
2011-10-05,3519873.25
2011-10-07,3537653.5
2011-10-10,3549757.5
2011-10-11,3595772.5
2011-10-12,3629058.25
2011-10-13,3619663.0
2011-10-14,3634049.25
2011-10-17,3637426.0
2011-10-18,3621096.0
2011-10-19,3638033.25
2011-10-20,3647259.0
2011-10-21,3646810.25
2011-10-24,3678426.0
2011-10-25,3691972.0
2011-10-26,3692377.5
2011-10-28,3722471.0
2011-10-31,3720731.5
2011-11-01,3724942.0
2011-11-02,3755250.0
2011-11-03,3769501.0
2011-11-04,3782058.0
2011-11-08,3750407.0
2011-11-09,3715537.5
2011-11-11,3699276.5
2011-11-14,3663070.0
2011-11-15,3618448.0
2011-11-16,3605149.5
2011-11-17,3603579.0
2011-11-18,3578010.5
2011-11-21,3555178.0
2011-11-22,3558761.5
2011-11-23,3547708.0
2011-11-24,3571328.25
2011-11-25,3575225.0
2011-11-28,3587977.25
2011-11-29,3577618.25
2011-11-30,3585774.5
2011-12-01,3592740.5
2011-12-02,3622309.5
2011-12-05,3622385.25
2011-12-07,3632094.0
2011-12-08,3620417.5
2011-12-09,3605920.25
2011-12-12,3588872.5
2011-12-13,3569818.75
2011-12-14,3563711.0
2011-12-15,3536954.75
2011-12-16,3539279.5
2011-12-19,3534355.0
2011-12-20,3524347.0
2011-12-21,3519425.25
2011-12-22,3530389.5
2011-12-23,3531904.25
2011-12-26,3536255.75
2011-12-27,3538933.75
2011-12-28,3534295.0
2011-12-29,3530272.0
2011-12-30,3531120.5
2012-01-02,3512879.25
2012-01-03,3517594.5
2012-01-04,3511573.0
2012-01-05,3513857.5
2012-01-06,3514617.75
2012-01-07,3515279.25
2012-01-09,3516168.5
2012-01-10,3519443.75
2012-01-11,3514720.0
2012-01-12,3517193.75
2012-01-13,3521330.5
2012-01-16,3520983.0
2012-01-17,3525674.5
2012-01-18,3526901.5
2012-01-19,3530969.5
2012-01-20,3534404.25
2012-01-23,3535997.5
2012-01-24,3536541.75
2012-01-25,3541531.0
2012-01-27,3540234.25
2012-01-30,3533027.25
2012-01-31,3552423.25
2012-02-01,3559009.0
2012-02-02,3572791.25
2012-02-03,3573025.75
2012-02-06,3600352.25
2012-02-07,3596666.25
2012-02-08,3606202.75
2012-02-09,3611305.5
2012-02-10,3586989.5
2012-02-13,3594813.5
2012-02-14,3594872.0
2012-02-15,3640987.75
2012-02-16,3616773.25
2012-02-17,3610090.0
2012-02-21,3635014.5
2012-02-22,3548971.5
2012-02-23,3554570.75
2012-02-24,3522165.5
2012-02-27,3480543.5
2012-02-28,3542928.5
2012-02-29,3564448.5
2012-03-01,3556662.5
2012-03-02,3551129.75
2012-03-03,3551301.0
2012-03-05,3490893.25
2012-03-06,3496706.0
2012-03-07,3519351.0
2012-03-09,3589177.0
2012-03-12,3610880.25
2012-03-13,3639399.5
2012-03-14,3612079.75
2012-03-15,3574084.0
2012-03-16,3552976.0
2012-03-19,3541498.25
2012-03-20,3599574.0
2012-03-21,3700875.0
2012-03-22,3620158.0
2012-03-23,3645861.5
2012-03-26,3586678.75
2012-03-27,3581217.5
2012-03-28,3548607.25
2012-03-29,3566082.0
2012-03-30,3637160.25
2012-04-02,3704874.25
2012-04-03,3730941.25
2012-04-04,3748368.25
2012-04-09,3738672.25
2012-04-10,3738629.5
2012-04-11,3694135.75
2012-04-12,3731521.75
2012-04-13,3690330.5
2012-04-16,3718399.75
2012-04-17,3742736.0
2012-04-18,3800556.0
2012-04-19,3811207.0
2012-04-20,3796210.25
2012-04-23,3764498.5
2012-04-24,3740430.5
2012-04-25,3758472.5
2012-04-26,3726381.5
2012-04-27,3735103.25
2012-04-28,3735169.25
2012-04-30,3787342.75
2012-05-02,3810646.25
2012-05-03,3789037.5
2012-05-04,3682472.0
2012-05-07,3676918.5
2012-05-08,3628126.25
2012-05-09,3590277.25
2012-05-10,3609224.0
2012-05-11,3578374.0
2012-05-14,3545144.5
2012-05-15,3545086.0
2012-05-16,3545053.25
2012-05-17,3535764.75
2012-05-18,3529873.5
2012-05-21,3536881.25
2012-05-22,3552609.75
2012-05-23,3602368.0
2012-05-24,3603317.25
2012-05-25,3616052.0
2012-05-28,3682847.25
2012-05-29,3670852.0
2012-05-30,3617247.5
2012-05-31,3650339.5
2012-06-01,3598694.5
2012-06-04,3576596.0
2012-06-05,3620694.5
2012-06-06,3623127.75
2012-06-07,3637027.5
2012-06-08,3639204.25
2012-06-11,3612644.5
2012-06-12,3634502.25
2012-06-13,3620292.0
2012-06-14,3588291.75
2012-06-15,3601233.5
2012-06-18,3579790.5
2012-06-19,3602707.75
2012-06-20,3616238.25
2012-06-21,3617998.25
2012-06-22,3602832.5
2012-06-25,3616323.0
2012-06-26,3622279.5
2012-06-27,3639016.5
2012-06-28,3655171.25
2012-06-29,3690461.0
2012-07-02,3709449.25
2012-07-03,3715108.0
2012-07-04,3707973.75
2012-07-05,3719716.0
2012-07-06,3697980.5
2012-07-09,3707721.5
2012-07-10,3729594.0
2012-07-11,3729238.0
2012-07-12,3716524.5
2012-07-13,3719117.0
2012-07-16,3711225.0
2012-07-17,3709615.75
2012-07-18,3730240.5
2012-07-19,3748099.0
2012-07-20,3768682.0
2012-07-23,3756820.75
2012-07-24,3791952.5
2012-07-25,3795383.75
2012-07-26,3749726.0
2012-07-27,3737891.75
2012-07-30,3758814.75
2012-07-31,3758002.5
2012-08-01,3787053.5
2012-08-02,3793745.5
2012-08-03,3808145.25
2012-08-06,3842174.75
2012-08-07,3859909.5
2012-08-08,3909352.5
2012-08-09,3907962.5
2012-08-10,3923556.0
2012-08-13,3955139.25
2012-08-14,3963255.75
2012-08-16,3979442.75
2012-08-17,3996046.5
2012-08-21,3988521.25
2012-08-22,3966820.5
2012-08-23,3962649.75
2012-08-24,3960431.75
2012-08-27,3940819.5
2012-08-28,3883187.5
2012-08-29,3909841.5
2012-08-30,3939955.75
2012-08-31,3941916.0
2012-09-03,3938696.75
2012-09-04,3926816.0
2012-09-05,3929386.25
2012-09-06,3986419.0
2012-09-07,4034693.25
2012-09-08,4034759.0
2012-09-10,4077255.75
2012-09-11,4066640.75
2012-09-12,4036260.0
2012-09-13,4018010.25
2012-09-14,4030584.75
2012-09-17,3992489.25
2012-09-18,3985515.75
2012-09-20,3970145.75
2012-09-21,3997506.0
2012-09-24,3971592.0
2012-09-25,3985723.25
2012-09-26,4033008.25
2012-09-27,4088881.25
2012-09-28,4140600.75
2012-10-01,4188252.25
2012-10-03,4216096.5
2012-10-04,4232754.5
2012-10-05,4205506.0
2012-10-08,4216029.5
2012-10-09,4228882.5
2012-10-10,4191975.75
2012-10-11,4227934.0
2012-10-12,4292046.5
2012-10-15,4284854.0
2012-10-16,4280956.5
2012-10-17,4263876.5
2012-10-18,4277676.0
2012-10-19,4254544.5
2012-10-22,4289297.5
2012-10-23,4308905.0
2012-10-25,4312649.0
2012-10-26,4252889.0
2012-10-29,4225817.0
2012-10-30,4211186.0
2012-10-31,4243811.5
2012-11-01,4261414.0
2012-11-02,4307898.0
2012-11-05,4304337.0
2012-11-06,4329068.5
2012-11-07,4412314.0
2012-11-08,4450789.5
2012-11-09,4416977.0
2012-11-12,4444972.5
2012-11-13,4456113.5
2012-11-15,4484569.5
2012-11-16,4410475.5
2012-11-19,4363505.5
2012-11-20,4407073.5
2012-11-21,4403989.0
2012-11-22,4434917.0
2012-11-23,4476229.5
2012-11-26,4498283.0
2012-11-27,4494977.5
2012-11-29,4454352.0
2012-11-30,4461377.5
2012-12-03,4483153.0
2012-12-04,4507971.5
2012-12-05,4522281.5
2012-12-06,4529110.0
2012-12-07,4509718.0
2012-12-10,4541119.0
2012-12-11,4496386.0
2012-12-12,4487950.5
2012-12-13,4466267.0
2012-12-14,4510076.0
2012-12-17,4495032.0
2012-12-18,4540716.5
2012-12-19,4560383.0
2012-12-20,4550793.0
2012-12-21,4504048.0
2012-12-24,4537408.0
2012-12-26,4533471.5
2012-12-27,4509640.5
2012-12-28,4530231.0
2012-12-31,4526759.5
2013-01-01,4547979.0
2013-01-02,4576957.0
2013-01-03,4595968.5
2013-01-04,4619753.0
2013-01-07,4562044.5
2013-01-08,4564528.5
2013-01-09,4543438.0
2013-01-10,4549541.5
2013-01-11,4490388.5
2013-01-14,4524733.5
2013-01-15,4526061.0
2013-01-16,4510375.5
2013-01-17,4543965.5
2013-01-18,4506513.5
2013-01-21,4485049.5
2013-01-22,4451079.5
2013-01-23,4437305.5
2013-01-24,4348568.5
2013-01-25,4370983.5
2013-01-28,4401385.0
2013-01-29,4371589.0
2013-01-30,4367668.0
2013-01-31,4418575.0
2013-02-01,4434927.0
2013-02-04,4428830.0
2013-02-05,4410407.0
2013-02-06,4433390.0
2013-02-07,4405283.0
2013-02-08,4362981.5
2013-02-11,4351616.5
2013-02-12,4380686.0
2013-02-13,4362198.0
2013-02-14,4318469.0
2013-02-15,4337047.5
2013-02-18,4353762.0
2013-02-19,4390832.0
2013-02-20,4405592.0
2013-02-21,4403535.0
2013-02-22,4400881.5
2013-02-25,4383458.0
2013-02-26,4369717.0
2013-02-27,4402077.0
2013-02-28,4398281.5
2013-03-01,4412431.5
2013-03-04,4382099.0
2013-03-05,4420907.5
2013-03-06,4446805.5
2013-03-07,4506037.5
2013-03-08,4545203.5
2013-03-11,4556612.0
2013-03-12,4547714.0
2013-03-13,4476736.0
2013-03-14,4487166.0
2013-03-15,4458240.0
2013-03-18,4456989.0
2013-03-19,4435267.5
2013-03-20,4435228.0
2013-03-21,4427632.0
2013-03-22,4414588.0
2013-03-25,4418883.0
2013-03-26,4454455.0
2013-03-28,4492697.5
2013-04-01,4505863.5
2013-04-02,4493695.0
2013-04-03,4499957.5
2013-04-04,4469526.5
2013-04-05,4487694.0
2013-04-08,4491077.0
2013-04-09,4487223.5
2013-04-10,4507823.5
2013-04-11,4485540.5
2013-04-12,4399364.0
2013-04-15,4370421.0
2013-04-16,4370749.0
2013-04-17,4365617.0
2013-04-18,4372663.0
2013-04-22,4392342.5
2013-04-23,4400967.5
2013-04-25,4427236.5
2013-04-26,4410044.0
2013-04-29,4412966.5
2013-04-30,4403092.5
2013-05-02,4412931.5
2013-05-03,4437077.5
2013-05-06,4433044.5
2013-05-07,4457550.5
2013-05-08,4467080.0
2013-05-09,4455875.0
2013-05-10,4465884.5
2013-05-11,4466353.0
2013-05-13,4424070.5
2013-05-14,4434889.5
2013-05-15,4482556.0
2013-05-16,4499484.0
2013-05-17,4487179.5
2013-05-20,4456379.0
2013-05-21,4420756.0
2013-05-22,4391295.0
2013-05-23,4354982.5
2013-05-24,4370486.0
2013-05-27,4374994.0
2013-05-28,4397818.5
2013-05-29,4407682.0
2013-05-30,4422900.0
2013-05-31,4427707.0
2013-06-03,4405306.5
2013-06-04,4396195.0
2013-06-05,4398029.0
2013-06-06,4391340.0
2013-06-07,4396262.0
2013-06-10,4367383.5
2013-06-11,4341538.0
2013-06-12,4308007.0
2013-06-13,4290683.5
2013-06-14,4315131.5
2013-06-17,4349338.0
2013-06-18,4351984.0
2013-06-19,4356005.5
2013-06-20,4301817.5
2013-06-21,4292622.0
2013-06-24,4226827.0
2013-06-25,4241355.5
2013-06-26,4243457.0
2013-06-27,4237927.5
2013-06-28,4266712.0
2013-07-01,4282771.5
2013-07-02,4277417.0
2013-07-03,4277856.0
2013-07-04,4295806.0
2013-07-05,4298969.0
2013-07-08,4301619.5
2013-07-09,4305914.5
2013-07-10,4285773.0
2013-07-11,4289790.5
2013-07-12,4301590.0
2013-07-15,4333490.0
2013-07-16,4308574.5
2013-07-17,4351553.5
2013-07-18,4364023.0
2013-07-19,4330801.5
2013-07-22,4356169.5
2013-07-23,4378182.0
2013-07-24,4363095.0
2013-07-25,4335402.5
2013-07-26,4309378.5
2013-07-29,4284361.5
2013-07-30,4265696.5
2013-07-31,4255887.5
2013-08-01,4253455.5
2013-08-02,4257956.0
2013-08-05,4286897.5
2013-08-06,4280359.0
2013-08-07,4267157.0
2013-08-08,4269131.0
2013-08-12,4302307.0
2013-08-13,4323725.0
2013-08-14,4302430.0
2013-08-16,4306865.0
2013-08-19,4276330.0
2013-08-20,4230293.0
2013-08-21,4190842.0
2013-08-22,4210950.5
2013-08-23,4228653.0
2013-08-26,4237474.5
2013-08-27,4215913.0
2013-08-28,4214915.5
2013-08-29,4237443.0
2013-08-30,4235028.0
2013-09-02,4243839.0
2013-09-03,4238031.5
2013-09-04,4251923.0
2013-09-05,4252198.0
2013-09-06,4245609.0
2013-09-10,4265629.0
2013-09-11,4276424.5
2013-09-12,4277101.0
2013-09-13,4254421.0
2013-09-16,4229586.0
2013-09-17,4249785.5
2013-09-18,4258321.0
2013-09-19,4256772.0
2013-09-20,4251393.0
2013-09-23,4251845.5
2013-09-24,4251703.5
2013-09-25,4252557.5
2013-09-26,4255559.0
2013-09-27,4257176.0
2013-09-30,4274028.0
2013-10-01,4280115.0
2013-10-03,4288700.0
2013-10-04,4307271.0
2013-10-07,4326937.0
2013-10-08,4344750.0
2013-10-09,4351160.5
2013-10-10,4339473.0
2013-10-11,4349572.0
2013-10-14,4361739.0
2013-10-15,4344525.0
2013-10-17,4332270.0
2013-10-18,4357138.0
2013-10-21,4364600.0
2013-10-22,4378693.5
2013-10-23,4360245.0
2013-10-24,4351325.0
2013-10-25,4348113.0
2013-10-28,4334217.5
2013-10-29,4355302.0
2013-10-30,4355252.0
2013-10-31,4362772.0
2013-11-01,4372743.0
2013-11-03,4373210.5
2013-11-05,4394443.5
2013-11-06,4422103.5
2013-11-07,4412971.0
2013-11-08,4416387.5
2013-11-11,4395861.5
2013-11-12,4377843.0
2013-11-13,4363166.5
2013-11-14,4367966.5
2013-11-18,4408913.0
2013-11-19,4424193.5
2013-11-20,4434471.0
2013-11-21,4408087.0
2013-11-22,4426285.5
2013-11-25,4458299.5
2013-11-26,4465539.0
2013-11-27,4470140.5
2013-11-28,4481930.0
2013-11-29,4482170.0
2013-12-02,4536424.5
2013-12-03,4548381.5
2013-12-04,4567174.0
2013-12-05,4543399.0
2013-12-06,4526960.0
2013-12-09,4550993.5
2013-12-10,4538629.5
2013-12-11,4554597.5
2013-12-12,4549178.5
2013-12-13,4531924.5
2013-12-16,4572383.0
2013-12-17,4580422.0
2013-12-18,4620912.5
2013-12-19,4633668.5
2013-12-20,4669568.0
2013-12-23,4677291.0
2013-12-24,4714802.5
2013-12-26,4744592.0
2013-12-27,4739980.0
2013-12-30,4709177.0
2013-12-31,4730096.0
2014-01-01,4751193.0
2014-01-02,4708671.5
2014-01-03,4767407.0
2014-01-06,4837739.5
2014-01-07,4798814.5
2014-01-08,4779453.5
2014-01-09,4714214.5
2014-01-10,4709591.5
2014-01-13,4718234.0
2014-01-14,4713586.0
2014-01-15,4725405.0
2014-01-16,4744202.0
2014-01-17,4665113.0
2014-01-20,4710327.5
2014-01-21,4761707.0
2014-01-22,4784549.0
2014-01-23,4732567.0
2014-01-24,4672200.5
2014-01-27,4563883.5
2014-01-28,4579173.0
2014-01-29,4599711.0
2014-01-30,4571056.0
2014-01-31,4631283.0
2014-02-03,4629516.0
2014-02-04,4630402.5
2014-02-05,4626075.0
2014-02-06,4618178.5
2014-02-07,4628153.0
2014-02-10,4617804.5
2014-02-11,4624140.5
2014-02-12,4627820.0
2014-02-13,4589682.0
2014-02-14,4603354.0
2014-02-17,4613933.0
2014-02-18,4621777.0
2014-02-19,4676272.0
2014-02-20,4647000.0
2014-02-21,4647537.5
2014-02-24,4642736.0
2014-02-25,4696020.5
2014-02-26,4730486.0
2014-02-28,4742654.0
2014-03-03,4725818.5
2014-03-04,4739284.5
2014-03-05,4770595.0
2014-03-06,4773274.0
2014-03-07,4707320.5
2014-03-10,4698713.0
2014-03-11,4688105.5
2014-03-12,4683231.0
2014-03-13,4640307.0
2014-03-14,4642567.0
2014-03-18,4696583.5
2014-03-19,4689116.0
2014-03-20,4677902.5
2014-03-21,4705237.0
2014-03-22,4705290.0
2014-03-24,4709221.0
2014-03-25,4732592.5
2014-03-26,4742074.5
2014-03-27,4719764.0
2014-03-28,4736563.5
2014-03-31,4752440.5
2014-04-01,4734171.0
2014-04-02,4770317.0
2014-04-03,4764789.5
2014-04-04,4745192.0
2014-04-07,4756277.5
2014-04-09,4800840.0
2014-04-10,4771866.5
2014-04-11,4766466.5
2014-04-15,4748760.0
2014-04-16,4702753.0
2014-04-17,4743629.0
2014-04-21,4802680.0
2014-04-22,4790814.0
2014-04-23,4790733.5
2014-04-25,4751884.5
2014-04-28,4737608.5
2014-04-29,4775646.0
2014-04-30,4770762.0
2014-05-02,4838342.5
2014-05-05,4805260.5
2014-05-06,4859637.0
2014-05-07,4876546.5
2014-05-08,4930115.5
2014-05-09,5008361.0
2014-05-12,5130658.5
2014-05-13,5204510.5
2014-05-14,5189140.5
2014-05-15,5201099.0
2014-05-16,5243274.5
2014-05-19,5313737.0
2014-05-20,5311658.5
2014-05-21,5326510.0
2014-05-22,5373649.0
2014-05-23,5382775.5
2014-05-26,5369388.5
2014-05-27,5355614.0
2014-05-28,5343696.5
2014-05-29,5340826.5
2014-05-30,5390781.5
2014-06-02,5412403.5
2014-06-03,5472469.5
2014-06-04,5568156.5
2014-06-05,5595342.0
2014-06-06,5679313.0
2014-06-09,5704839.5
2014-06-10,5703720.0
2014-06-11,5715935.0
2014-06-12,5750522.5
2014-06-13,5676576.5
2014-06-16,5705646.0
2014-06-17,5758912.0
2014-06-18,5716926.0
2014-06-19,5691431.5
2014-06-20,5652022.5
2014-06-23,5681444.0
2014-06-24,5765916.0
2014-06-25,5815931.0
2014-06-26,5825441.5
2014-06-27,5889082.5
2014-06-30,5966257.0
2014-07-01,6025886.0
2014-07-02,6125213.5
2014-07-03,6143213.0
2014-07-04,6185828.5
2014-07-07,6191763.5
2014-07-08,5981219.5
2014-07-09,5886576.5
2014-07-10,5890515.0
2014-07-11,5797735.0
2014-07-14,5836161.0
2014-07-15,5860544.0
2014-07-16,5917054.5
2014-07-17,5937320.0
2014-07-18,5891563.5
2014-07-21,5875574.5
2014-07-22,5918621.0
2014-07-23,5930117.5
2014-07-24,5926829.0
2014-07-25,5905109.5
2014-07-28,5876284.0
2014-07-30,5909775.5
2014-07-31,5880254.0
2014-08-01,5869896.0
2014-08-04,5909634.0
2014-08-05,5901626.0
2014-08-06,5900257.0
2014-08-07,5841135.5
2014-08-08,5745503.0
2014-08-11,5791651.0
2014-08-12,5797069.5
2014-08-13,5780102.5
2014-08-14,5815261.0
2014-08-18,5931033.0
2014-08-19,6081235.0
2014-08-20,6170325.0
2014-08-21,6139285.0
2014-08-22,6094275.5
2014-08-25,6161836.5
2014-08-26,6141439.0
2014-08-27,6197271.5
2014-08-28,6181091.0
2014-09-01,6278844.5
2014-09-02,6355788.0
2014-09-03,6397396.5
2014-09-04,6379401.5
2014-09-05,6435836.0
2014-09-08,6561107.5
2014-09-09,6595782.5
2014-09-10,6557719.5
2014-09-11,6542468.5
2014-09-12,6695729.0
2014-09-15,6744964.5
2014-09-16,6506748.0
2014-09-17,6562170.0
2014-09-18,6688511.5
2014-09-19,6663067.0
2014-09-22,6608380.0
2014-09-23,6523572.5
2014-09-24,6436859.5
2014-09-25,6413285.5
2014-09-26,6374064.0
2014-09-29,6410146.0
2014-09-30,6452393.0
2014-10-01,6413470.0
2014-10-07,6449124.5
2014-10-08,6356084.5
2014-10-09,6420854.0
2014-10-10,6359314.0
2014-10-13,6367313.5
2014-10-14,6344397.0
2014-10-16,6253937.0
2014-10-17,6304331.5
2014-10-20,6363362.0
2014-10-21,6393254.0
2014-10-22,6459008.5
2014-10-23,6481018.0
2014-10-27,6430733.5
2014-10-28,6492707.5
2014-10-29,6523860.5
2014-10-30,6503356.5
2014-10-31,6627349.5
2014-11-03,6684928.0
2014-11-05,6678336.5
2014-11-07,6653606.0
2014-11-10,6688582.5
2014-11-11,6735750.5
2014-11-12,6812174.5
2014-11-13,6785464.5
2014-11-14,6731069.0
2014-11-17,6783417.5
2014-11-18,6848428.5
2014-11-19,6841800.5
2014-11-20,6889095.5
2014-11-21,6774936.0
2014-11-24,6832376.0
2014-11-25,6763485.5
2014-11-26,6724073.0
2014-11-27,6768784.0
2014-11-28,6780477.5
2014-12-01,6777273.0
2014-12-02,6826013.0
2014-12-03,6928252.0
2014-12-04,7041297.5
2014-12-05,7032053.5
2014-12-08,6956040.5
2014-12-09,6916316.0
2014-12-10,7020091.5
2014-12-11,6975108.5
2014-12-12,6885301.0
2014-12-15,6913035.0
2014-12-16,6756082.5
2014-12-17,6680719.0
2014-12-18,6817440.5
2014-12-19,6863408.0
2014-12-22,6822253.0
2014-12-23,6888136.0
2014-12-24,6849567.0
2014-12-26,6847659.0
2014-12-29,6912497.0
2014-12-30,6924829.5
2014-12-31,7081129.0
2015-01-01,7070372.0
2015-01-02,7244359.5
2015-01-05,7199900.0
2015-01-06,7052008.0
2015-01-07,7093667.0
2015-01-08,7192244.5
2015-01-09,7201198.5
2015-01-12,7145608.5
2015-01-13,7154420.5
2015-01-14,7085661.0
2015-01-15,7120009.0
2015-01-16,7111178.0
2015-01-19,7054959.0
2015-01-20,7093588.5
2015-01-21,7070475.5
2015-01-22,7074276.5
2015-01-23,7073097.0
2015-01-27,7149044.5
2015-01-28,7228744.5
2015-01-29,7194877.5
2015-01-30,7126783.5
2015-02-02,7201241.0
2015-02-03,7209296.0
2015-02-04,7206028.5
2015-02-05,7141658.0
2015-02-06,7064575.0
2015-02-09,7008921.0
2015-02-10,7067239.5
2015-02-11,7142287.5
2015-02-12,7254270.5
2015-02-13,7352094.0
2015-02-16,7346324.5
2015-02-18,7447732.0
2015-02-19,7357590.0
2015-02-20,7318182.0
2015-02-23,7238814.5
2015-02-24,7257415.5
2015-02-25,7242979.5
2015-02-26,7169756.5
2015-02-27,7317168.0
2015-03-02,7350264.0
2015-03-03,7424058.0
2015-03-04,7378800.5
2015-03-05,7419137.0
2015-03-09,7317798.0
2015-03-10,7260463.0
2015-03-11,7195708.0
2015-03-12,7306864.5
2015-03-13,7213171.5
2015-03-16,7201633.5
2015-03-17,7284283.0
2015-03-18,7219530.0
2015-03-19,7169567.0
2015-03-20,7090167.0
2015-03-23,7084390.0
2015-03-24,7065123.0
2015-03-25,7076457.0
2015-03-26,6977669.0
2015-03-27,6939555.5
2015-03-30,7026304.5
2015-03-31,7045182.0
2015-04-01,6963349.5
2015-04-06,6987774.0
2015-04-07,6971397.0
2015-04-08,7018388.5
2015-04-09,7041855.0
2015-04-10,7001966.5
2015-04-13,7040692.5
2015-04-15,6959888.0
2015-04-16,6923097.5
2015-04-17,6761671.5
2015-04-20,6634373.0
2015-04-21,6638306.5
2015-04-22,6639978.0
2015-04-23,6641770.0
2015-04-24,6502728.5
2015-04-27,6434588.5
2015-04-28,6521546.0
2015-04-29,6571029.0
2015-04-30,6591481.0
2015-05-04,6652815.0
2015-05-05,6652750.5
2015-05-06,6566104.0
2015-05-07,6520160.0
2015-05-08,6568255.0
2015-05-11,6619922.0
2015-05-12,6541996.0
2015-05-13,6622655.5
2015-05-14,6697299.0
2015-05-15,6767009.0
2015-05-18,6869682.0
2015-05-19,6869668.5
2015-05-20,6906805.0
2015-05-21,6927564.0
2015-05-22,6917306.0
2015-05-25,6896952.0
2015-05-26,6942156.0
2015-05-27,6923382.0
2015-05-28,6868645.0
2015-05-29,6976903.5
2015-06-01,6950271.5
2015-06-02,6836917.0
2015-06-03,6716398.0
2015-06-04,6782117.0
2015-06-05,6811922.0
2015-06-08,6730091.0
2015-06-09,6683813.5
2015-06-10,6772526.5
2015-06-11,6673998.0
2015-06-12,6638831.0
2015-06-15,6659799.0
2015-06-16,6669255.0
2015-06-17,6741489.0
2015-06-18,6735803.0
2015-06-19,6782191.5
2015-06-22,6899075.0
2015-06-23,6875590.0
2015-06-24,6859021.0
2015-06-25,6883112.5
2015-06-26,6933505.0
2015-06-29,6906895.0
2015-06-30,7017669.0
2015-07-01,7008714.0
2015-07-02,7090315.5
2015-07-03,7051513.0
2015-07-06,7155856.5
2015-07-07,7127006.0
2015-07-08,7112971.5
2015-07-09,7122692.0
2015-07-10,7117228.5
2015-07-13,7200267.5
2015-07-14,7195226.0
2015-07-15,7307230.5
2015-07-16,7361933.0
2015-07-17,7447175.5
2015-07-20,7478251.5
2015-07-21,7266233.0
2015-07-22,7499489.0
2015-07-23,7597428.0
2015-07-24,7583509.0
2015-07-27,7544062.5
2015-07-28,7624807.5
2015-07-29,7739425.0
2015-07-30,7859479.0
2015-07-31,8021106.0
2015-08-03,8295733.5
2015-08-04,8374298.5
2015-08-05,8432960.0
2015-08-06,8294666.0
2015-08-07,8336552.0
2015-08-10,8191200.0
2015-08-11,8022548.5
2015-08-12,7773757.5
2015-08-13,7688644.5
2015-08-14,7741220.0
2015-08-17,7702734.0
2015-08-18,7803750.5
2015-08-19,7822325.5
2015-08-20,7543612.0
2015-08-21,7480412.5
2015-08-24,6738794.0
2015-08-25,6774280.0
2015-08-26,6687851.5
2015-08-27,6740110.5
2015-08-28,6777310.0
2015-08-31,6789580.0
2015-09-01,6792791.0
2015-09-02,6784115.0
2015-09-03,6787023.0
2015-09-04,6739960.5
2015-09-07,6704803.5
2015-09-08,6693937.5
2015-09-09,6710335.0
2015-09-10,6758088.0
2015-09-11,6791303.5
2015-09-14,6795985.0
2015-09-15,6790603.0
2015-09-16,6793867.0
2015-09-18,6848079.0
2015-09-21,6866475.5
2015-09-22,6839096.0
2015-09-23,6814581.0
2015-09-24,6798309.0
2015-09-28,6822603.0
2015-09-29,6815758.5
2015-09-30,6867787.0
2015-10-01,6887450.0
2015-10-05,6919617.0
2015-10-06,6885274.0
2015-10-07,6861216.0
2015-10-08,6841039.5
2015-10-09,6829540.0
2015-10-12,6818159.0
2015-10-13,6878724.5
2015-10-14,6891729.5
2015-10-15,6859359.0
2015-10-16,6858093.0
2015-10-19,6899613.0
2015-10-20,6910373.0
2015-10-21,6920188.0
2015-10-23,6903036.0
2015-10-26,6871160.0
2015-10-27,6814335.0
2015-10-28,6806923.0
2015-10-29,6805640.0
2015-10-30,6821345.5
2015-11-02,6862265.5
2015-11-03,6902080.0
2015-11-04,6825282.5
2015-11-05,6721782.0
2015-11-06,6741288.0
2015-11-09,6709436.0
2015-11-10,6624169.0
2015-11-11,6690647.0
2015-11-13,6608763.0
2015-11-16,6596607.0
2015-11-17,6582912.5
2015-11-18,6493480.0
2015-11-19,6593252.5
2015-11-20,6658441.5
2015-11-23,6701088.0
2015-11-24,6691344.0
2015-11-26,6686160.0
2015-11-27,6650132.5
2015-11-30,6643073.5
2015-12-01,6679993.0
2015-12-02,6681914.5
2015-12-03,6711898.0
2015-12-04,6699319.0
2015-12-07,6708801.0
2015-12-08,6566279.0
2015-12-09,6450400.5
2015-12-10,6526661.5
2015-12-11,6496504.0
2015-12-14,6541260.0
2015-12-15,6584068.5
2015-12-16,6582270.0
2015-12-17,6689932.0
2015-12-18,6625212.0
2015-12-21,6689820.5
2015-12-22,6696216.0
2015-12-23,6715709.5
2015-12-24,6773487.5
2015-12-28,6779998.0
2015-12-29,6792436.0
2015-12-30,6780439.5
2015-12-31,6826122.5
2016-01-01,6911434.0
2016-01-04,6825559.5
2016-01-05,6875552.5
2016-01-06,6864319.5
2016-01-07,6687358.5
2016-01-08,6778174.5
2016-01-11,6774736.5
2016-01-12,6720338.5
2016-01-13,6539706.0
2016-01-14,6399382.0
2016-01-15,6183634.5
2016-01-18,6009042.0
2016-01-19,6063216.5
2016-01-20,6007252.0
2016-01-21,6033816.5
2016-01-22,6107185.0
2016-01-25,6140233.0
2016-01-27,6143309.0
2016-01-28,6144741.0
2016-01-29,6162352.0
2016-02-01,6212773.0
2016-02-02,6203239.5
2016-02-03,6177019.0
2016-02-04,6174325.0
2016-02-05,6234279.5
2016-02-08,6191386.0
2016-02-09,6171451.0
2016-02-10,6128670.0
2016-02-11,5994474.0
2016-02-12,5991534.5
2016-02-15,6056935.0
2016-02-16,6007428.0
2016-02-17,5989700.5
2016-02-18,6008981.5
2016-02-19,5994083.0
2016-02-22,6000801.0
2016-02-23,5983198.5
2016-02-24,5963509.5
2016-02-25,5948914.0
2016-02-26,5948733.0
2016-02-29,5950988.0
2016-03-01,6003355.0
2016-03-02,6041856.0
2016-03-03,6053980.0
2016-03-04,6054076.5
2016-03-08,6050713.5
2016-03-09,6072483.0
2016-03-10,6077119.0
2016-03-11,6081138.5
2016-03-14,6094970.0
2016-03-15,6077742.5
2016-03-16,6062769.0
2016-03-17,6065256.5
2016-03-18,6094055.0
2016-03-21,6139685.0
2016-03-22,6132128.0
2016-03-23,6183131.5
2016-03-28,6122904.0
2016-03-29,6087202.0
2016-03-30,6121602.0
2016-03-31,6108646.5
2016-04-01,6027513.0
2016-04-04,6018175.0
2016-04-05,6034586.0
2016-04-06,6026656.0
2016-04-07,6035523.5
2016-04-08,6082208.0
2016-04-11,6087193.0
2016-04-12,6073118.0
2016-04-13,6074097.0
2016-04-18,6151018.0
2016-04-20,6172096.5
2016-04-21,6098491.5
2016-04-22,6147425.5
2016-04-25,6101631.0
2016-04-26,6152611.0
2016-04-27,6149063.5
2016-04-28,6095310.0
2016-04-29,6119120.5
2016-05-02,6162729.0
2016-05-03,6126625.0
2016-05-04,6110043.5
2016-05-05,6123500.0
2016-05-06,6116020.0
2016-05-09,6232682.5
2016-05-10,6261221.5
2016-05-11,6276429.5
2016-05-12,6323001.5
2016-05-13,6314276.5
2016-05-16,6281884.0
2016-05-17,6309637.5
2016-05-18,6318885.0
2016-05-19,6256629.0
2016-05-20,6226975.5
2016-05-23,6260235.0
2016-05-24,6210481.5
2016-05-25,6279924.0
2016-05-26,6298594.5
2016-05-27,6392092.5
2016-05-30,6406998.5
2016-05-31,6439007.5
2016-06-01,6438553.5
2016-06-02,6492166.5
2016-06-03,6488864.5
2016-06-06,6548148.0
2016-06-07,6661720.0
2016-06-08,6660654.5
2016-06-09,6632288.0
2016-06-10,6606129.5
2016-06-13,6665417.5
2016-06-14,6717304.0
2016-06-15,6764234.5
2016-06-16,6687565.0
2016-06-17,6714343.5
2016-06-20,6755798.5
2016-06-21,6758436.5
2016-06-22,6737198.0
2016-06-23,6724261.0
2016-06-24,6616858.0
2016-06-27,6766361.0
2016-06-28,6766284.0
2016-06-29,6826719.0
2016-06-30,6887511.5
2016-07-01,6908857.5
2016-07-04,6949284.0
2016-07-05,6932371.0
2016-07-07,6943692.5
2016-07-08,6943574.5
2016-07-11,7020632.0
2016-07-12,7054691.5
2016-07-13,6952547.0
2016-07-14,6978675.5
2016-07-15,7010609.5
2016-07-18,6961685.0
2016-07-19,7008220.5
2016-07-20,7099881.5
2016-07-21,7102357.0
2016-07-22,7173945.5
2016-07-25,7201473.5
2016-07-26,7105080.0
2016-07-27,7086462.5
2016-07-28,7153424.5
2016-07-29,7227083.5
2016-08-01,7259673.5
2016-08-02,7266264.5
2016-08-03,7152198.5
2016-08-04,7172629.5
2016-08-05,7341925.5
2016-08-08,7400589.5
2016-08-09,7406557.0
2016-08-10,7241586.5
2016-08-11,7303827.0
2016-08-12,7343713.5
2016-08-16,7451178.5
2016-08-17,7517471.0
2016-08-18,7593549.0
2016-08-19,7616753.0
2016-08-22,7569275.0
2016-08-23,7545483.5
2016-08-24,7631190.0
2016-08-25,7580469.0
2016-08-26,7558207.5
2016-08-29,7556478.0
2016-08-30,7687644.5
2016-08-31,7626069.0
2016-09-01,7576025.5
2016-09-02,7636870.0
2016-09-06,7682972.5
2016-09-07,7690211.0
2016-09-08,7761566.5
2016-09-09,7711988.5
2016-09-12,7562600.0
2016-09-14,7708356.0
2016-09-15,7736217.0
2016-09-16,7775074.0
2016-09-19,7862578.5
2016-09-20,7946819.0
2016-09-21,7923317.0
2016-09-22,8013433.0
2016-09-23,8019531.5
2016-09-26,7963742.0
2016-09-27,7953000.0
2016-09-28,8035511.5
2016-09-29,7693610.5
2016-09-30,7836451.5
2016-10-03,8101514.5
2016-10-04,8144564.5
2016-10-05,8218514.0
2016-10-06,8146658.5
2016-10-07,8102262.0
2016-10-10,8119317.5
2016-10-13,8008247.5
2016-10-14,8078388.5
2016-10-17,7978725.5
2016-10-18,8069339.5
2016-10-19,8135895.5
2016-10-20,8126225.0
2016-10-21,8114476.0
2016-10-24,8121052.5
2016-10-25,8110441.5
2016-10-26,7997785.0
2016-10-27,7999994.5
2016-10-28,8039047.0
2016-11-01,8131152.0
2016-11-02,8003367.0
2016-11-03,7857121.0
2016-11-04,7712289.0
2016-11-07,7811451.5
2016-11-08,7818922.0
2016-11-09,7698606.0
2016-11-10,7723740.0
2016-11-11,7451771.5
2016-11-15,7350050.0
2016-11-16,7391752.0
2016-11-17,7394874.5
2016-11-18,7400879.5
2016-11-21,7345012.0
2016-11-22,7336374.0
2016-11-23,7332880.0
2016-11-24,7337780.0
2016-11-25,7340198.0
2016-11-28,7351759.0
2016-11-29,7339722.5
2016-11-30,7354805.5
2016-12-01,7331069.0
2016-12-02,7299522.0
2016-12-05,7304550.0
2016-12-06,7327948.0
2016-12-07,7327207.5
2016-12-08,7333414.5
2016-12-09,7346451.5
2016-12-12,7343464.5
2016-12-13,7334420.5
2016-12-14,7331958.5
2016-12-15,7345040.0
2016-12-16,7355728.5
2016-12-19,7351589.5
2016-12-20,7327428.0
2016-12-21,7326223.0
2016-12-22,7312628.0
2016-12-23,7310679.0
2016-12-26,7292049.5
2016-12-27,7308781.5
2016-12-28,7312758.5
2016-12-29,7323055.0
2016-12-30,7327208.0
2017-01-02,7317628.5
2017-01-03,7344520.0
2017-01-04,7345234.0
2017-01-05,7342490.0
2017-01-06,7336279.5
2017-01-09,7365730.5
2017-01-10,7416917.5
2017-01-11,7406025.0
2017-01-12,7406585.5
2017-01-13,7403740.0
2017-01-16,7424527.0
2017-01-17,7402125.0
2017-01-18,7399419.0
2017-01-19,7386477.0
2017-01-20,7385788.0
2017-01-23,7415768.0
2017-01-24,7463951.0
2017-01-25,7503890.5
2017-01-27,7462102.0
2017-01-30,7479461.0
2017-01-31,7416205.0
2017-02-01,7484945.0
2017-02-02,7601775.0
2017-02-03,7606909.5
2017-02-06,7664642.5
2017-02-07,7659536.0
2017-02-08,7593648.5
2017-02-09,7611369.0
2017-02-10,7628144.5
2017-02-13,7550431.5
2017-02-14,7492708.5
2017-02-15,7412953.5
2017-02-16,7507523.5
2017-02-17,7528448.5
2017-02-20,7591389.5
2017-02-21,7639868.0
2017-02-22,7585917.5
2017-02-23,7642249.0
2017-02-27,7587045.5
2017-02-28,7599189.0
2017-03-01,7684548.0
2017-03-02,7606313.5
2017-03-03,7658194.0
2017-03-06,7729154.0
2017-03-07,7762490.0
2017-03-08,7705288.0
2017-03-09,7662624.5
2017-03-10,7658652.0
2017-03-14,7787973.0
2017-03-15,7771109.0
2017-03-16,7864686.5
2017-03-17,7874250.0
2017-03-20,7863418.5
2017-03-21,7866089.0
2017-03-22,7816935.5
2017-03-23,7890787.5
2017-03-24,7873117.5
2017-03-27,7880448.5
2017-03-28,7952422.0
2017-03-29,7953752.5
2017-03-30,8002616.0
2017-03-31,8072007.0
2017-04-03,8027744.0
2017-04-05,8050109.0
2017-04-06,8073223.5
2017-04-07,8033453.5
2017-04-10,8110297.5
2017-04-11,8143308.0
2017-04-12,8193813.0
2017-04-13,8199315.0
2017-04-17,8196059.5
2017-04-18,8106143.0
2017-04-19,8195650.5
2017-04-20,8311941.0
2017-04-21,8336389.5
2017-04-24,8377902.0
2017-04-25,8514829.0
2017-04-26,8449650.0
2017-04-27,8469275.0
2017-04-28,8507127.0
2017-05-02,8606143.0
2017-05-03,8576331.0
2017-05-04,8726898.0
2017-05-05,8604707.0
2017-05-08,8575220.0
2017-05-09,8627226.0
2017-05-10,8716612.0
2017-05-11,8709928.0
2017-05-12,8590707.0
2017-05-15,8733933.0
2017-05-16,8806246.0
2017-05-17,8792954.0
2017-05-18,8559232.0
2017-05-19,8470914.0
2017-05-22,8296324.5
2017-05-23,8208835.0
2017-05-24,8097383.5
2017-05-25,8267726.5
2017-05-26,8344391.5
2017-05-29,8248535.0
2017-05-30,8283033.0
2017-05-31,8392761.0
2017-06-01,8513497.0
2017-06-02,8578871.0
2017-06-05,8581128.0
2017-06-06,8473534.0
2017-06-07,8542246.0
2017-06-08,8560657.0
2017-06-09,8549991.0
2017-06-12,8531740.0
2017-06-13,8563063.0
2017-06-14,8620625.0
2017-06-15,8677477.0
2017-06-16,8684609.0
2017-06-19,8667753.0
2017-06-20,8720675.0
2017-06-21,8758593.0
2017-06-22,8665890.0
2017-06-23,8527101.0
2017-06-27,8370266.5
2017-06-28,8496208.0
2017-06-29,8589653.0
2017-06-30,8712342.0
2017-07-03,8770147.0
2017-07-04,8746121.0
2017-07-05,8803400.0
2017-07-06,8813112.0
2017-07-07,8785851.0
2017-07-10,8797960.0
2017-07-11,8726477.0
2017-07-12,8742539.0
2017-07-13,8866011.0
2017-07-14,8772120.0
2017-07-17,8823878.0
2017-07-18,8702644.0
2017-07-19,8734532.0
2017-07-20,8727398.0
2017-07-21,8661433.0
2017-07-24,8599239.0
2017-07-25,8553408.0
2017-07-26,8562910.0
2017-07-27,8490109.0
2017-07-28,8509690.0
2017-07-31,8542936.0
2017-08-01,8524482.0
2017-08-02,8463733.0
2017-08-03,8444546.0
2017-08-04,8469047.0
2017-08-07,8532859.0
2017-08-08,8407675.0
2017-08-09,8284568.0
2017-08-10,8066806.0
2017-08-11,7989666.5
2017-08-14,8086085.0
2017-08-16,8126335.0
2017-08-17,8144607.5
2017-08-18,8220438.5
2017-08-21,8235876.5
2017-08-22,8190461.0
2017-08-23,8269369.5
2017-08-24,8281908.0
2017-08-28,8321352.0
2017-08-29,8221503.5
2017-08-30,8407164.0
2017-08-31,8549511.0
2017-09-01,8640860.0
2017-09-04,8580475.0
2017-09-05,8722189.0
2017-09-06,8703146.0
2017-09-07,8701650.0
2017-09-08,8652208.0
2017-09-11,8759409.0
2017-09-12,8827558.0
2017-09-13,8691671.0
2017-09-14,8755870.0
2017-09-15,8919997.0
2017-09-18,9091918.0
2017-09-19,9223177.0
2017-09-20,9208524.0
2017-09-21,9200468.0
2017-09-22,8854676.0
2017-09-25,8617390.0
2017-09-26,8758560.0
2017-09-27,8566482.0
2017-09-28,8566412.0
2017-09-29,8637838.0
2017-10-03,8741991.0
2017-10-04,9056120.0
2017-10-05,9343775.0
2017-10-06,9361738.0
2017-10-09,9699446.0
2017-10-10,9861441.0
2017-10-11,9702481.0
2017-10-12,9834185.0
2017-10-13,9776234.0
2017-10-16,9840593.0
2017-10-17,9742126.0
2017-10-18,9771618.0
2017-10-23,9673516.0
2017-10-24,9814445.0
2017-10-25,9795107.0
2017-10-26,10033662.0
2017-10-27,10254701.0
2017-10-30,10600324.0
2017-10-31,10852545.0
2017-11-01,10876633.0
2017-11-02,10802744.0
2017-11-03,10926096.0
2017-11-06,10948772.0
2017-11-07,10767340.0
2017-11-08,10402543.0
2017-11-09,10578853.0
2017-11-10,10536508.0
2017-11-13,10662625.0
2017-11-14,10799326.0
2017-11-15,10515715.0
2017-11-16,10595371.0
2017-11-17,10574388.0
2017-11-20,10547072.0
2017-11-21,10559975.0
2017-11-22,10837205.0
2017-11-23,10931627.0
2017-11-24,10973701.0
2017-11-27,11112363.0
2017-11-28,11151174.0
2017-11-29,11154970.0
2017-11-30,11229860.0
2017-12-01,11063122.0
2017-12-04,10924110.0
2017-12-05,10811809.0
2017-12-06,10667166.0
2017-12-07,10893180.0
2017-12-08,11029639.0
2017-12-11,11205220.0
2017-12-12,11018716.0
2017-12-13,10892434.0
2017-12-14,10858266.0
2017-12-15,11079522.0
2017-12-18,11088683.0
2017-12-19,11412848.0
2017-12-20,11596700.0
2017-12-21,11571671.0
2017-12-22,11654259.0
2017-12-26,11652659.0
2017-12-27,11719274.0
2017-12-28,11747374.0
2017-12-29,11801078.0
2018-01-01,11850720.0
2018-01-02,11842384.0
2018-01-03,12039717.0
2018-01-04,12272913.0
2018-01-05,12174801.0
2018-01-08,12368523.0
2018-01-09,12566066.0
2018-01-10,12487739.0
2018-01-11,12672188.0
2018-01-12,12651778.0
2018-01-15,12812173.0
2018-01-16,12508035.0
2018-01-17,12462476.0
2018-01-18,12159620.0
2018-01-19,12218799.0
2018-01-22,12703101.0
2018-01-23,12967751.0
2018-01-24,12729550.0
2018-01-25,12775810.0
2018-01-29,12454052.0
2018-01-30,12202203.0
2018-01-31,11996121.0
2018-02-01,12136133.0
2018-02-02,11466258.0
2018-02-05,11279438.0
2018-02-06,11007274.0
2018-02-07,11087233.0
2018-02-08,11245958.0
2018-02-09,11277666.0
2018-02-12,11427029.0
2018-02-14,11443324.0
2018-02-15,11444012.0
2018-02-16,11366601.0
2018-02-19,11266238.0
2018-02-20,11193458.0
2018-02-21,11200562.0
2018-02-22,11268377.0
2018-02-23,11336414.0
2018-02-26,11420832.0
2018-02-27,11383804.0
2018-02-28,11366844.0
2018-03-01,11353422.0
2018-03-05,11284086.0
2018-03-06,11166569.0
2018-03-07,11040661.0
2018-03-08,11059691.0
2018-03-09,11055892.0
2018-03-12,11085186.0
2018-03-13,11111318.0
2018-03-14,11105733.0
2018-03-15,11075276.0
2018-03-16,11081190.0
2018-03-19,10983546.0
2018-03-20,10948715.0
2018-03-21,10948954.0
2018-03-22,10918386.0
2018-03-23,10832270.0
2018-03-26,10870652.0
2018-03-27,10962535.0
2018-03-28,10927810.0
2018-04-02,10293056.0
2018-04-03,10328041.0
2018-04-04,10256548.0
2018-04-05,10347054.0
2018-04-06,10398086.0
2018-04-09,10414498.0
2018-04-10,10404932.0
2018-04-11,10388426.0
2018-04-12,10384696.0
2018-04-13,10378036.0
2018-04-16,10365250.0
2018-04-17,10375349.0
2018-04-18,10347290.0
2018-04-19,10391403.0
2018-04-20,10451822.0
2018-04-23,10577053.0
2018-04-24,10591422.0
2018-04-25,10579150.0
2018-04-26,10624322.0
2018-04-27,10528634.0
2018-04-30,10581841.0
2018-05-02,10364364.0
2018-05-03,10106416.0
2018-05-04,10044055.0
2018-05-07,10139957.0
2018-05-08,10182552.0
2018-05-09,10229208.0
2018-05-10,10078735.0
2018-05-11,10058068.0
2018-05-14,10037777.0
2018-05-15,10068898.0
2018-05-16,9991232.0
2018-05-17,9977751.0
2018-05-18,9813613.0
2018-05-21,9563317.0
2018-05-22,9654236.0
2018-05-23,9669788.0
2018-05-24,9618470.0
2018-05-25,9802849.0
2018-05-28,9962119.0
2018-05-29,10019587.0
2018-05-30,9974094.0
2018-05-31,9937410.0
2018-06-01,9770949.0
2018-06-04,9575518.0
2018-06-05,9282968.0
2018-06-06,9445773.0
2018-06-07,9620952.0
2018-06-08,9638836.0
2018-06-11,9637939.0
2018-06-12,9859054.0
2018-06-13,9795937.0
2018-06-14,9818581.0
2018-06-15,9882625.0
2018-06-18,9749065.0
2018-06-19,9616270.0
2018-06-20,9586793.0
2018-06-21,9505068.0
2018-06-22,9552023.0
2018-06-25,9527241.0
2018-06-26,9443977.0
2018-06-27,9280323.0
2018-06-28,9133771.0
2018-06-29,9245273.0
2018-07-02,9270250.0
2018-07-03,9414463.0
2018-07-04,9454011.0
2018-07-05,9359694.0
2018-07-06,9378828.0
2018-07-09,9452108.0
2018-07-10,9554075.0
2018-07-11,9546099.0
2018-07-12,9528564.0
2018-07-13,9462227.0
2018-07-16,9403268.0
2018-07-17,9429632.0
2018-07-18,9480670.0
2018-07-19,9407573.0
2018-07-20,9380636.0
2018-07-23,9362421.0
2018-07-24,9363838.0
2018-07-25,9460815.0
2018-07-26,9444193.0
2018-07-27,9470000.0
2018-07-30,9415803.0
2018-07-31,9463642.0
2018-08-01,9481894.0
2018-08-02,9451664.0
2018-08-03,9491170.0
2018-08-06,9485034.0
2018-08-07,9444407.0
2018-08-08,9522274.0
2018-08-09,9514248.0
2018-08-10,9442807.0
2018-08-13,9495402.0
2018-08-14,9590727.0
2018-08-16,9715723.0
2018-08-17,9868438.0
2018-08-20,9753397.0
2018-08-21,9790402.0
2018-08-23,9720440.0
2018-08-24,9764375.0
2018-08-27,9806095.0
2018-08-28,9935970.0
2018-08-29,9862709.0
2018-08-30,9852752.0
2018-08-31,9914366.0
2018-09-03,9903585.0
2018-09-04,9729751.0
2018-09-05,9689451.0
2018-09-06,9836928.0
2018-09-07,9855851.0
2018-09-10,9839933.0
2018-09-11,9667171.0
2018-09-12,9688108.0
2018-09-14,9702430.0
2018-09-17,9713636.0
2018-09-18,9569233.0
2018-09-19,9517460.0
2018-09-21,9295837.0
2018-09-24,9041875.0
2018-09-25,9122883.0
2018-09-26,9116736.0
2018-09-27,8994795.0
2018-09-28,8841327.0
2018-10-01,8798539.0
2018-10-03,8751201.0
2018-10-04,8600220.0
2018-10-05,8530194.0
2018-10-08,8496488.0
2018-10-09,8475184.0
2018-10-10,8484465.0
2018-10-11,8431807.0
2018-10-12,8451171.0
2018-10-15,8461850.0
2018-10-16,8464728.0
2018-10-17,8465566.0
2018-10-19,8459551.0
2018-10-22,8434626.0
2018-10-23,8412957.0
2018-10-24,8410747.0
2018-10-25,8417562.0
2018-10-26,8420367.0
2018-10-29,8502328.0
2018-10-30,8523794.0
2018-10-31,8524834.0
2018-11-01,8535597.0
2018-11-02,8534436.0
2018-11-05,8521721.0
2018-11-06,8528255.0
2018-11-09,8572372.0
2018-11-12,8554442.0
2018-11-13,8556069.0
2018-11-14,8520932.0
2018-11-15,8536352.0
2018-11-16,8559483.0
2018-11-19,8542687.0
2018-11-20,8503981.0
2018-11-21,8520887.0
2018-11-22,8478991.0
2018-11-26,8519580.0
2018-11-27,8585346.0
2018-11-28,8567332.0
2018-11-29,8510330.0
2018-11-30,8530166.0
2018-12-03,8504046.0
2018-12-04,8529254.0
2018-12-05,8502157.0
2018-12-06,8522956.0
2018-12-07,8556366.0
2018-12-10,8424486.0
2018-12-11,8516684.0
2018-12-12,8617852.0
2018-12-13,8638648.0
2018-12-14,8586285.0
2018-12-17,8593604.0
2018-12-18,8608820.0
2018-12-19,8643492.0
2018-12-20,8633861.0
2018-12-21,8532173.0
2018-12-24,8443178.0
2018-12-26,8423079.0
2018-12-27,8464781.0
2018-12-28,8517774.0
2018-12-31,8507845.0
2019-01-01,8498346.0
2019-01-02,8527390.0
2019-01-03,8534204.0
2019-01-04,8560543.0
2019-01-07,8587932.0
2019-01-08,8679422.0
2019-01-09,8739932.0
2019-01-10,8836706.0
2019-01-11,8824263.0
2019-01-14,8824991.0
2019-01-15,8976798.0
2019-01-16,8986364.0
2019-01-17,8901939.0
2019-01-18,8935248.0
2019-01-21,9018088.0
2019-01-22,8948569.0
2019-01-23,8880672.0
2019-01-24,8854866.0
2019-01-25,8778782.0
2019-01-28,8522474.0
2019-01-29,8546012.0
2019-01-30,8616468.0
2019-01-31,8633153.0
2019-02-01,8674906.0
2019-02-04,8754676.0
2019-02-05,8720693.0
2019-02-06,8745874.0
2019-02-07,8775155.0
2019-02-08,8750398.0
2019-02-11,8637825.0
2019-02-12,8623440.0
2019-02-13,8621692.0
2019-02-14,8600722.0
2019-02-15,8539823.0
2019-02-18,8467069.0
2019-02-19,8452212.0
2019-02-20,8451238.0
2019-02-21,8480753.0
2019-02-22,8500576.0
2019-02-25,8498950.0
2019-02-26,8409910.0
2019-02-27,8371806.0
2019-02-28,8431730.0
2019-03-01,8471441.0
2019-03-05,8547791.0
2019-03-06,8594829.0
2019-03-07,8573511.0
2019-03-08,8560068.0
2019-03-11,8685276.0
2019-03-12,8760921.0
2019-03-13,8736377.0
2019-03-14,8729226.0
2019-03-15,8789101.0
2019-03-18,8720893.0
2019-03-19,8777771.0
2019-03-20,8748964.0
2019-03-22,8742678.0
2019-03-25,8645375.0
2019-03-26,8741506.0
2019-03-27,8741040.0
2019-03-28,8973048.0
2019-03-29,9008433.0
2019-04-01,9046234.0
2019-04-02,9058884.0
2019-04-03,8980280.0
2019-04-04,8978099.0
2019-04-05,9075685.0
2019-04-08,9009334.0
2019-04-09,9028925.0
2019-04-10,8992670.0
2019-04-11,9019908.0
2019-04-12,9053666.0
2019-04-15,9041527.0
2019-04-16,9169642.0
2019-04-18,9154508.0
2019-04-22,9049114.0
2019-04-23,9052425.0
2019-04-24,9174165.0
2019-04-25,9135164.0
2019-04-26,9106616.0
2019-04-30,9063740.0
2019-05-02,9086326.0
2019-05-03,9077556.0
2019-05-06,8887138.0
2019-05-07,8832943.0
2019-05-08,8725218.0
2019-05-09,8769396.0
2019-05-10,8804500.0
2019-05-13,8672346.0
2019-05-14,8658159.0
2019-05-15,8703554.0
2019-05-16,8739882.0
2019-05-17,8854795.0
2019-05-20,9051664.0
2019-05-21,9062109.0
2019-05-22,9075822.0
2019-05-23,9077601.0
2019-05-24,9212780.0
2019-05-27,9161146.0
2019-05-28,9184262.0
2019-05-29,9104437.0
2019-05-30,9170834.0
2019-05-31,9273184.0
2019-06-03,9328886.0
2019-06-04,9273627.0
2019-06-06,9049242.0
2019-06-07,9075114.0
2019-06-10,9053460.0
2019-06-11,9059985.0
2019-06-12,8973455.0
2019-06-13,9027146.0
2019-06-14,9036150.0
2019-06-17,8882516.0
2019-06-18,8920070.0
2019-06-19,8885952.0
2019-06-20,8956785.0
2019-06-21,8995874.0
2019-06-24,9013343.0
2019-06-25,9034562.0
2019-06-26,9055281.0
2019-06-27,9091834.0
2019-06-28,9092563.0
2019-07-01,9090832.0
2019-07-02,9152374.0
2019-07-03,9133424.0
2019-07-04,9105788.0
2019-07-05,9032637.0
2019-07-08,8797784.0
2019-07-09,8744665.0
2019-07-10,8674772.0
2019-07-11,8725806.0
2019-07-12,8750103.0
2019-07-15,8738290.0
2019-07-16,8794222.0
2019-07-17,8789864.0
2019-07-18,8755667.0
2019-07-19,8718360.0
2019-07-22,8661169.0
2019-07-23,8672235.0
2019-07-24,8586343.0
2019-07-25,8664640.0
2019-07-26,8725875.0
2019-07-29,8718823.0
2019-07-30,8687778.0
2019-07-31,8710878.0
2019-08-01,8664508.0
2019-08-02,8680789.0
2019-08-05,8625829.0
2019-08-06,8655338.0
2019-08-07,8653072.0
2019-08-08,8746028.0
2019-08-09,8773633.0
2019-08-13,8710918.0
2019-08-14,8730654.0
2019-08-16,8777350.0
2019-08-19,8800036.0
2019-08-20,8795101.0
2019-08-21,8748440.0
2019-08-22,8729076.0
2019-08-23,8773932.0
2019-08-26,8851093.0
2019-08-27,8950239.0
2019-08-28,8946090.0
2019-08-29,8949759.0
2019-08-30,9029132.0
2019-09-03,8964130.0
2019-09-04,8935546.0
2019-09-05,8965447.0
2019-09-06,8987925.0
2019-09-09,8997775.0
2019-09-11,8991452.0
2019-09-12,8951522.0
2019-09-13,8997702.0
2019-09-16,8932424.0
2019-09-17,8832261.0
2019-09-18,8914808.0
2019-09-19,8876378.0
2019-09-20,9133357.0
2019-09-23,9320637.0
2019-09-24,9308309.0
2019-09-25,9239153.0
2019-09-26,9268026.0
2019-09-27,9319718.0
2019-09-30,9274512.0
2019-10-01,9169524.0
2019-10-03,9196710.0
2019-10-04,9134081.0
2019-10-07,9144069.0
2019-10-09,9202108.0
2019-10-10,9234765.0
2019-10-11,9361483.0
2019-10-14,9388229.0
2019-10-15,9465848.0
2019-10-16,9479151.0
2019-10-17,9657323.0
2019-10-18,9773632.0
2019-10-22,9937026.0
2019-10-23,9963999.0
2019-10-24,10047046.0
2019-10-25,10001190.0
2019-10-27,10183828.0
2019-10-29,10171966.0
2019-10-30,10189242.0
2019-10-31,10232514.0
2019-11-01,10137903.0
2019-11-04,10088629.0
2019-11-05,10033003.0
2019-11-06,9994793.0
2019-11-07,10144310.0
2019-11-08,10069854.0
2019-11-11,10211337.0
2019-11-13,10252234.0
2019-11-14,10322206.0
2019-11-15,10289058.0
2019-11-18,10243375.0
2019-11-19,10288896.0
2019-11-20,10283574.0
2019-11-21,10298139.0
2019-11-22,10318248.0
2019-11-25,10419516.0
2019-11-26,10379063.0
2019-11-27,10573949.0
2019-11-28,10631220.0
2019-11-29,10687243.0
2019-12-02,10650892.0
2019-12-03,10628118.0
2019-12-04,10705834.0
2019-12-05,10685997.0
2019-12-06,10599192.0
2019-12-09,10524464.0
2019-12-10,10457527.0
2019-12-11,10565294.0
2019-12-12,10503551.0
2019-12-13,10564819.0
2019-12-16,10529144.0
2019-12-17,10611769.0
2019-12-18,10674107.0
2019-12-19,10672721.0
2019-12-20,10731500.0
2019-12-23,10771775.0
2019-12-24,10890019.0
2019-12-26,11002823.0
2019-12-27,10986781.0
2019-12-30,11039752.0
2019-12-31,11066901.0
2020-01-01,11152411.0
2020-01-02,11234270.0
2020-01-03,11326449.0
2020-01-06,11237548.0
2020-01-07,11368442.0
2020-01-08,11496319.0
2020-01-09,11738267.0
2020-01-10,11661084.0
2020-01-13,11634444.0
2020-01-14,11641285.0
2020-01-15,11666532.0
2020-01-16,11689116.0
2020-01-17,11710825.0
2020-01-20,11736156.0
2020-01-21,11644641.0
2020-01-22,11645519.0
2020-01-23,11787215.0
2020-01-24,11812450.0
2020-01-27,11836625.0
2020-01-28,11861733.0
2020-01-29,11852182.0
2020-01-30,11748861.0
2020-01-31,11869200.0
2020-02-01,11508749.0
2020-02-03,11594607.0
2020-02-04,11657905.0
2020-02-05,11808302.0
2020-02-06,11813132.0
2020-02-07,11827908.0
2020-02-10,11733253.0
2020-02-11,11740438.0
2020-02-12,11738621.0
2020-02-13,11685769.0
2020-02-14,11674544.0
2020-02-17,11556441.0
2020-02-18,11448899.0
2020-02-19,11527890.0
2020-02-20,11528873.0
2020-02-24,11426236.0
2020-02-25,11477341.0
2020-02-26,11492712.0
2020-02-27,11315878.0
2020-02-28,10912845.0
2020-03-02,10828856.0
2020-03-03,10888506.0
2020-03-04,10918912.0
2020-03-05,10881409.0
2020-03-06,10816136.0
2020-03-09,10695817.0
2020-03-11,10627786.0
2020-03-12,10381497.0
2020-03-13,10176806.0
2020-03-16,10127360.0
2020-03-17,10140030.0
2020-03-18,10142070.0
2020-03-19,10144111.0
2020-03-20,10146152.0
2020-03-23,10148194.0
2020-03-24,10150236.0
2020-03-25,10152278.0
2020-03-26,10154321.0
2020-03-27,10156364.0
2020-03-30,10158408.0
2020-03-31,10160452.0
2020-04-01,10156076.0
2020-04-03,10158120.0
2020-04-07,10160164.0
2020-04-08,10162208.0
2020-04-09,10164253.0
2020-04-13,10166298.0
2020-04-15,10168344.0
2020-04-16,10170390.0
2020-04-17,10172437.0
2020-04-20,10169335.0
2020-04-21,10169580.0
2020-04-22,10177843.0
2020-04-23,10157033.0
2020-04-24,10176046.0
2020-04-27,10188098.0
2020-04-28,10113140.0
2020-04-29,10115578.0
2020-04-30,10076112.0
2020-05-04,10132732.0
2020-05-05,10112962.0
2020-05-06,10152720.0
2020-05-07,10145930.0
2020-05-08,10128983.0
2020-05-11,10116289.0
2020-05-12,10119420.0
2020-05-13,10105704.0
2020-05-14,10130390.0
2020-05-15,10146269.0
2020-05-18,10114794.0
2020-05-19,10024786.0
2020-05-20,10116947.0
2020-05-21,10199753.0
2020-05-22,10226756.0
2020-05-26,10174026.0
2020-05-27,10156344.0
2020-05-28,10218767.0
2020-05-29,10293745.0
2020-06-01,10356922.0
2020-06-02,10407348.0
2020-06-03,10453243.0
2020-06-04,10458958.0
2020-06-05,10548142.0
2020-06-08,10527136.0
2020-06-09,10517973.0
2020-06-10,10649733.0
2020-06-11,10587479.0
2020-06-12,10674643.0
2020-06-15,10795295.0
2020-06-16,10992957.0
2020-06-17,11186548.0
2020-06-18,11332794.0
2020-06-19,11428009.0
2020-06-22,11528752.0
2020-06-23,11746835.0
2020-06-24,11524355.0
2020-06-25,11581799.0
2020-06-26,11528358.0
2020-06-29,11432804.0
2020-06-30,11398758.0
2020-07-01,11473628.0
2020-07-02,11483494.0
2020-07-03,11610481.0
2020-07-06,11666754.0
2020-07-07,11658114.0
2020-07-08,11645061.0
2020-07-09,11763597.0
2020-07-10,11848576.0
2020-07-13,11871254.0
2020-07-14,11798208.0
2020-07-15,11748064.0
2020-07-16,11792316.0
2020-07-17,12082492.0
2020-07-20,12254594.0
2020-07-21,12217918.0
2020-07-22,12363317.0
2020-07-23,12474005.0
2020-07-24,12624876.0
2020-07-27,12587634.0
2020-07-28,12548066.0
2020-07-29,12589357.0
2020-07-30,12483733.0
2020-07-31,12603885.0
2020-08-03,12789895.0
2020-08-04,12920437.0
2020-08-05,13014623.0
2020-08-06,13456615.0
2020-08-07,13631183.0
2020-08-10,13727196.0
2020-08-11,13483640.0
2020-08-12,13326722.0
2020-08-13,13485077.0
2020-08-14,13415902.0
2020-08-17,13479701.0
2020-08-18,13573527.0
2020-08-19,13672437.0
2020-08-20,13938225.0
2020-08-21,14213811.0
2020-08-24,14537348.0
2020-08-25,14429360.0
2020-08-26,14177570.0
2020-08-27,14131115.0
2020-08-28,14114114.0
2020-08-31,13545741.0
2020-09-01,13707955.0
2020-09-02,13951284.0
2020-09-03,14066724.0
2020-09-04,13999532.0
2020-09-07,14138458.0
2020-09-08,13935922.0
2020-09-09,13905906.0
2020-09-10,14018513.0
2020-09-11,14003535.0
2020-09-14,14492457.0
2020-09-15,14721362.0
2020-09-16,14711472.0
2020-09-17,14538993.0
2020-09-18,14720418.0
2020-09-21,14318279.0
2020-09-22,14188724.0
2020-09-23,14367316.0
2020-09-24,14151613.0
2020-09-25,14489956.0
2020-09-28,14841872.0
2020-09-29,14654520.0
2020-09-30,14586747.0
2020-10-01,14805829.0
2020-10-05,14902778.0
2020-10-06,15081895.0
2020-10-07,15184539.0
2020-10-08,15457339.0
2020-10-09,15338124.0
2020-10-12,15010523.0
2020-10-13,14841095.0
2020-10-14,14791432.0
2020-10-15,14576963.0
2020-10-16,14755897.0
2020-10-19,14881886.0
2020-10-20,14923515.0
2020-10-21,14927263.0
2020-10-22,14924999.0
2020-10-23,14924575.0
2020-10-26,14803423.0
2020-10-27,14788026.0
2020-10-28,14660614.0
2020-10-29,14576991.0
2020-10-30,14552533.0
2020-11-02,14444668.0
2020-11-03,14538346.0
2020-11-04,14602927.0
2020-11-05,14770501.0
2020-11-06,14833023.0
2020-11-09,14980169.0
2020-11-10,14744463.0
2020-11-11,14792775.0
2020-11-12,14939674.0
2020-11-13,15170813.0
2020-11-14,15224890.0
2020-11-17,15127869.0
2020-11-18,15140522.0
2020-11-19,15027795.0
2020-11-20,15094038.0
2020-11-23,15243441.0
2020-11-24,15347689.0
2020-11-25,15141202.0
2020-11-26,15274157.0
2020-11-27,15439398.0
2020-12-01,15620784.0
2020-12-02,15713427.0
2020-12-03,15881172.0
2020-12-04,15902468.0
2020-12-07,16021546.0
2020-12-08,15928198.0
2020-12-09,15933918.0
2020-12-10,15950570.0
2020-12-11,15991803.0
2020-12-14,15965810.0
2020-12-15,16042743.0
2020-12-16,16125734.0
2020-12-17,16224134.0
2020-12-18,16233966.0
2020-12-21,15608458.0
2020-12-22,15706403.0
2020-12-23,16058219.0
2020-12-24,16055351.0
2020-12-28,16310549.0
2020-12-29,16287881.0
2020-12-30,16406659.0
2020-12-31,16457018.0
2021-01-01,16592381.0
2021-01-04,16770158.0
2021-01-05,16844664.0
2021-01-06,16808416.0
2021-01-07,17173266.0
2021-01-08,17265916.0
2021-01-11,17202698.0
2021-01-12,17182260.0
2021-01-13,16996876.0
2021-01-14,17234212.0
2021-01-15,17053232.0
2021-01-18,16782818.0
2021-01-19,17181780.0
2021-01-20,17340268.0
2021-01-21,17316492.0
2021-01-22,16938596.0
2021-01-25,16678816.0
2021-01-27,16583318.0
2021-01-28,16611955.0
2021-01-29,16253139.0
2021-02-01,16656401.0
2021-02-02,16965810.0
2021-02-03,17261666.0
2021-02-04,17497402.0
2021-02-05,17484762.0
2021-02-08,17744920.0
2021-02-09,17693544.0
2021-02-10,17896348.0
2021-02-11,18033400.0
2021-02-12,17910276.0
2021-02-15,17869594.0
2021-02-16,17900662.0
2021-02-17,17945986.0
2021-02-18,18030794.0
2021-02-19,17872926.0
2021-02-22,17474398.0
2021-02-23,17309524.0
2021-02-24,17549900.0
2021-02-25,17801308.0
2021-02-26,17560430.0
2021-03-01,17627482.0
2021-03-02,17952938.0
2021-03-03,18149940.0
2021-03-04,18287508.0
2021-03-05,17877542.0
2021-03-08,17938476.0
2021-03-09,17962398.0
2021-03-10,18155910.0
2021-03-12,18150608.0
2021-03-15,18119478.0
2021-03-16,18017280.0
2021-03-17,17504248.0
2021-03-18,17563250.0
2021-03-19,17645536.0
2021-03-22,17690740.0
2021-03-23,17670116.0
2021-03-24,17312862.0
2021-03-25,17011816.0
2021-03-26,17184962.0
2021-03-30,17439020.0
2021-03-31,17436140.0
2021-04-01,16790018.0
2021-04-05,16636760.0
2021-04-06,16750660.0
2021-04-07,17021636.0
2021-04-08,17284148.0
2021-04-09,17338252.0
2021-04-12,16313976.0
2021-04-13,16501307.0
2021-04-15,16682590.0
2021-04-16,16755530.0
2021-04-19,16369319.0
2021-04-20,16451159.0
2021-04-22,16799142.0
2021-04-23,16820868.0
2021-04-26,17021028.0
2021-04-27,17375472.0
2021-04-28,17674928.0
2021-04-29,17831144.0
2021-04-30,17982428.0
2021-05-03,18401656.0
2021-05-04,17955556.0
2021-05-05,18286368.0
2021-05-06,18405396.0
2021-05-07,18670456.0
2021-05-10,18908294.0
2021-05-11,18923930.0
2021-05-12,18638908.0
2021-05-14,18377646.0
2021-05-17,18882978.0
2021-05-18,19098436.0
2021-05-19,19061776.0
2021-05-20,19038954.0
2021-05-21,19217088.0
2021-05-24,19374780.0
2021-05-25,19481724.0
2021-05-26,19754880.0
2021-05-27,19709164.0
2021-05-28,19586694.0
2021-05-31,19575930.0
2021-06-01,19499590.0
2021-06-02,19575610.0
2021-06-03,19817642.0
2021-06-04,20005968.0
2021-06-07,20606832.0
2021-06-08,20831768.0
2021-06-09,20784864.0
2021-06-10,21160406.0
2021-06-11,21343952.0
2021-06-14,21614884.0
2021-06-15,21569378.0
2021-06-16,21670868.0
2021-06-17,21453490.0
2021-06-18,21117560.0
2021-06-21,21164690.0
2021-06-22,21306662.0
2021-06-23,21326310.0
2021-06-24,21620154.0
2021-06-25,21699616.0
2021-06-28,22018758.0
2021-06-29,22294322.0
2021-06-30,22572932.0
2021-07-01,22359644.0
2021-07-02,22569226.0
2021-07-05,22649684.0
2021-07-06,22639800.0
2021-07-07,22834490.0
2021-07-08,22904936.0
2021-07-09,23104064.0
2021-07-12,23109132.0
2021-07-13,23314230.0
2021-07-14,23435488.0
2021-07-15,24009222.0
2021-07-16,24124642.0
2021-07-19,24536732.0
2021-07-20,24543186.0
2021-07-22,25089874.0
2021-07-23,25191994.0
2021-07-26,25558752.0
2021-07-27,25368064.0
2021-07-28,25333926.0
2021-07-29,25729876.0
2021-07-30,25821590.0
2021-08-02,26029014.0
2021-08-03,26063406.0
2021-08-04,25724086.0
2021-08-05,25685526.0
2021-08-06,25818198.0
2021-08-09,25360050.0
2021-08-10,24053522.0
2021-08-11,23965506.0
2021-08-12,24610666.0
2021-08-13,24587644.0
2021-08-16,24237276.0
2021-08-17,24344284.0
2021-08-18,24366760.0
2021-08-20,23893130.0
2021-08-23,23211032.0
2021-08-24,23833086.0
2021-08-25,23924758.0
2021-08-26,23817634.0
2021-08-27,23998526.0
2021-08-30,24455678.0
2021-08-31,24185668.0
2021-09-01,24381690.0
2021-09-02,24563326.0
2021-09-03,24763710.0
2021-09-06,24795482.0
2021-09-07,24591532.0
2021-09-08,24956914.0
2021-09-09,24976574.0
2021-09-13,25259584.0
2021-09-14,25986422.0
2021-09-15,26050402.0
2021-09-16,25939442.0
2021-09-17,25966922.0
2021-09-20,25651536.0
2021-09-21,25817746.0
2021-09-22,26191790.0
2021-09-23,26409974.0
2021-09-24,26238992.0
2021-09-27,26017812.0
2021-09-28,25790276.0
2021-09-29,26074708.0
2021-09-30,26065146.0
2021-10-01,26105516.0
2021-10-04,26541018.0
2021-10-05,26556582.0
2021-10-06,26263526.0
2021-10-07,26713976.0
2021-10-08,26719346.0
2021-10-11,26563738.0
2021-10-12,26625428.0
2021-10-13,26632268.0
2021-10-14,27031818.0
2021-10-18,27113978.0
2021-10-19,26824400.0
2021-10-20,25809900.0
2021-10-21,25545442.0
2021-10-22,25333896.0
2021-10-25,24694344.0
2021-10-26,25138922.0
2021-10-27,25320700.0
2021-10-28,25354962.0
2021-10-29,25468786.0
2021-11-01,25596312.0
2021-11-02,25790220.0
2021-11-03,25603632.0
2021-11-04,26050110.0
2021-11-08,26358500.0
2021-11-09,26311026.0
2021-11-10,26160618.0
2021-11-11,26244274.0
2021-11-12,26358686.0
2021-11-15,26422472.0
2021-11-16,26680218.0
2021-11-17,27040800.0
2021-11-18,27013632.0
2021-11-22,26653498.0
2021-11-23,27346490.0
2021-11-24,27538140.0
2021-11-25,28201398.0
2021-11-26,27437892.0
2021-11-29,26738402.0
2021-11-30,27025348.0
2021-12-01,27485674.0
2021-12-02,27738110.0
2021-12-03,27892348.0
2021-12-06,28094060.0
2021-12-07,28586026.0
2021-12-08,28955400.0
2021-12-09,29437130.0
2021-12-10,29618324.0
2021-12-13,29906300.0
2021-12-14,30179922.0
2021-12-15,30199526.0
2021-12-16,30250760.0
2021-12-17,29761900.0
2021-12-20,28556864.0
2021-12-21,29115566.0
2021-12-22,29685328.0
2021-12-23,29394800.0
2021-12-24,28842880.0
2021-12-27,29462068.0
2021-12-28,29644624.0
2021-12-29,29423712.0
2021-12-30,29755912.0
2021-12-31,30231308.0
2022-01-03,30545044.0
2022-01-04,30345084.0
2022-01-05,30263972.0
2022-01-06,30364230.0
2022-01-07,30717230.0
2022-01-10,30587874.0
2022-01-11,30289684.0
2022-01-12,30676324.0
2022-01-13,31083926.0
2022-01-14,31470440.0
2022-01-17,31526636.0
2022-01-18,30768162.0
2022-01-19,30746326.0
2022-01-20,31114374.0
2022-01-21,30630122.0
2022-01-24,29345242.0
2022-01-25,29511756.0
2022-01-27,29469592.0
2022-01-28,29574320.0
2022-01-31,29631708.0
2022-02-01,30071860.0
2022-02-02,31018616.0
2022-02-03,30835502.0
2022-02-04,30948476.0
2022-02-07,30718334.0
2022-02-08,30061054.0
2022-02-09,30337716.0
2022-02-10,30411156.0
2022-02-11,29601256.0
2022-02-14,28466146.0
2022-02-15,28799458.0
2022-02-16,28755460.0
2022-02-17,28876270.0
2022-02-18,28582264.0
2022-02-21,27898450.0
2022-02-22,27339344.0
2022-02-23,27708468.0
2022-02-24,26606202.0
2022-02-25,27232288.0
2022-02-28,27349176.0
2022-03-02,27735848.0
2022-03-03,27763140.0
2022-03-04,27508568.0
2022-03-07,27467274.0
2022-03-08,27643316.0
2022-03-09,27709622.0
2022-03-10,27678792.0
2022-03-11,28204952.0
2022-03-14,28813746.0
2022-03-15,28274076.0
2022-03-16,28311772.0
2022-03-17,28643736.0
2022-03-21,29068034.0
2022-03-22,29501714.0
2022-03-23,29358700.0
2022-03-24,29560198.0
2022-03-25,29027578.0
2022-03-28,29324242.0
2022-03-29,29247982.0
2022-03-30,28921500.0
2022-03-31,28443398.0
2022-04-01,26771194.0
2022-04-04,27511952.0
2022-04-05,27833076.0
2022-04-06,28285296.0
2022-04-07,27913718.0
2022-04-08,28041952.0
2022-04-11,27998634.0
2022-04-12,27419130.0
2022-04-13,27799080.0
2022-04-18,28347432.0
2022-04-19,27993344.0
2022-04-20,28343108.0
2022-04-21,28807672.0
2022-04-22,28684296.0
2022-04-25,27852038.0
2022-04-26,28139558.0
2022-04-27,27750196.0
2022-04-28,27817338.0
2022-04-29,27643006.0
2022-05-02,27786068.0
2022-05-04,27030074.0
2022-05-05,26800856.0
2022-05-06,25907012.0
2022-05-09,25268256.0
2022-05-10,24997542.0
2022-05-11,24360632.0
2022-05-12,24108608.0
2022-05-13,24279518.0
2022-05-16,24599380.0
2022-05-17,24720520.0
2022-05-18,25151016.0
2022-05-19,24661602.0
2022-05-20,25122744.0
2022-05-23,24987458.0
2022-05-24,25006636.0
2022-05-25,24383358.0
2022-05-26,24568504.0
2022-05-27,24763528.0
2022-05-30,24949136.0
2022-05-31,25030454.0
2022-06-01,25311564.0
2022-06-02,25516508.0
2022-06-03,25003820.0
2022-06-06,24944556.0
2022-06-07,24870776.0
2022-06-08,24998230.0
2022-06-09,25107418.0
2022-06-10,24956254.0
2022-06-13,24182818.0
2022-06-14,24288592.0
2022-06-15,24434570.0
2022-06-16,23619682.0
2022-06-17,23446862.0
2022-06-20,22765938.0
2022-06-21,23142250.0
2022-06-22,22901554.0
2022-06-23,23104112.0
2022-06-24,23699002.0
2022-06-27,24010920.0
2022-06-28,24317876.0
2022-06-29,24492408.0
2022-06-30,24478390.0
2022-07-01,24595006.0
2022-07-04,24812510.0
2022-07-05,24632518.0
2022-07-06,24903298.0
2022-07-07,25111934.0
2022-07-08,25199400.0
2022-07-11,25378520.0
2022-07-12,25389062.0
2022-07-13,25052276.0
2022-07-14,24802034.0
2022-07-15,25247396.0
2022-07-18,25533388.0
2022-07-19,25829714.0
2022-07-20,25612608.0
2022-07-21,25664096.0
2022-07-22,25653878.0
2022-07-25,25608796.0
2022-07-26,25172326.0
2022-07-27,25378316.0
2022-07-28,25543810.0
2022-07-29,25794320.0
2022-08-01,26149286.0
2022-08-02,26377710.0
2022-08-03,26472092.0
2022-08-04,26347544.0
2022-08-05,26512628.0
2022-08-08,26677310.0
2022-08-10,26810078.0
2022-08-11,26777364.0
2022-08-12,26607158.0
2022-08-16,26924408.0
2022-08-17,26829526.0
2022-08-18,26715648.0
2022-08-19,26603114.0
2022-08-22,26617846.0
2022-08-23,27191384.0
2022-08-24,27834640.0
2022-08-25,27639468.0
2022-08-26,27465642.0
2022-08-29,27355782.0
2022-08-30,27859206.0
2022-09-01,27888506.0
2022-09-02,28063604.0
2022-09-05,28093064.0
2022-09-06,28035158.0
2022-09-07,28057988.0
2022-09-08,28408168.0
2022-09-09,28533542.0
2022-09-12,28812220.0
2022-09-13,28770972.0
2022-09-14,28773318.0
2022-09-15,28483516.0
2022-09-16,27884646.0
2022-09-19,27999338.0
2022-09-20,28687382.0
2022-09-21,28423208.0
2022-09-22,28478444.0
2022-09-23,27876048.0
2022-09-26,27073630.0
2022-09-27,27178802.0
2022-09-28,27189174.0
2022-09-29,27353210.0
2022-09-30,27725994.0
2022-10-03,27359536.0
2022-10-04,27908010.0
2022-10-06,28507418.0
2022-10-07,28594740.0
2022-10-10,28365084.0
2022-10-11,28257310.0
2022-10-12,28219230.0
2022-10-13,28260928.0
2022-10-14,28181676.0
2022-10-17,28084756.0
2022-10-18,28441260.0
2022-10-19,28298182.0
2022-10-20,28227982.0
2022-10-21,28122844.0
2022-10-24,28226012.0
2022-10-25,28277054.0
2022-10-27,28379630.0
2022-10-28,28149546.0
2022-10-31,28335714.0
2022-11-01,28200012.0
2022-11-02,28029288.0
2022-11-03,28010904.0
2022-11-04,27798786.0
2022-11-07,27763570.0
2022-11-09,27610976.0
2022-11-10,27266876.0
2022-11-11,27203112.0
2022-11-14,27069852.0
2022-11-15,27395390.0
2022-11-16,27054350.0
2022-11-17,26990322.0
2022-11-18,26717620.0
2022-11-21,26502396.0
2022-11-22,26432080.0
2022-11-23,26615862.0
2022-11-24,26481560.0
2022-11-25,26806744.0
2022-11-28,27293772.0
2022-11-29,26994484.0
2022-11-30,26999800.0
2022-12-01,27156556.0
2022-12-02,27201446.0
2022-12-05,27044360.0
2022-12-06,26902600.0
2022-12-07,26994198.0
2022-12-08,27152618.0
2022-12-09,26776050.0
2022-12-12,27321128.0
2022-12-13,27530840.0
2022-12-14,27715002.0
2022-12-15,27735686.0
2022-12-16,27957572.0
2022-12-19,28100274.0
2022-12-20,28603842.0
2022-12-21,27826762.0
2022-12-22,26886436.0
2022-12-23,25861096.0
2022-12-26,26545438.0
2022-12-27,27485062.0
2022-12-28,27810364.0
2022-12-29,28284506.0
2022-12-30,28621540.0
2023-01-02,28814096.0
2023-01-03,28553704.0
2023-01-04,28190978.0
2023-01-05,28645184.0
2023-01-06,28186052.0
2023-01-09,28354204.0
2023-01-10,28271172.0
2023-01-11,28467636.0
2023-01-12,28508004.0
2023-01-13,28560880.0
2023-01-16,28149510.0
2023-01-17,28418500.0
2023-01-18,28529138.0
2023-01-19,28465822.0
2023-01-20,28074602.0
2023-01-23,27812816.0
2023-01-24,27977230.0
2023-01-25,27820446.0
2023-01-27,26839284.0
2023-01-30,26693532.0
2023-01-31,27347630.0
2023-02-01,26748400.0
2023-02-02,26702992.0
2023-02-03,27005072.0
2023-02-06,27232044.0
2023-02-07,27329440.0
2023-02-08,27136688.0
2023-02-09,27065366.0
2023-02-10,27346286.0
2023-02-13,27237368.0
2023-02-14,26968264.0
2023-02-15,26837526.0
2023-02-16,27214266.0
2023-02-17,27207478.0
2023-02-20,26886468.0
2023-02-21,26886272.0
2023-02-22,26316428.0
2023-02-23,26393790.0
2023-02-24,26241454.0
2023-02-27,25763860.0
2023-02-28,25984664.0
2023-03-01,26138200.0
2023-03-02,26035900.0
2023-03-03,26328324.0
2023-03-06,26256426.0
2023-03-08,26710792.0
2023-03-09,26768556.0
2023-03-10,26414684.0
2023-03-13,25972554.0
2023-03-14,25710942.0
2023-03-15,25866072.0
2023-03-16,25816300.0
2023-03-17,26090008.0
2023-03-20,25838764.0
2023-03-21,25863720.0
2023-03-22,25927236.0
2023-03-23,26098062.0
2023-03-24,25692280.0
2023-03-27,25457908.0
2023-03-28,25450530.0
2023-03-29,25818942.0
2023-03-31,25853804.0
2023-04-03,25975916.0
2023-04-05,26178164.0
2023-04-06,26623388.0
2023-04-10,26534876.0
2023-04-11,26685468.0
2023-04-12,26751290.0
2023-04-13,26856664.0
2023-04-17,26957026.0
2023-04-18,27133500.0
2023-04-19,27237636.0
2023-04-20,27297694.0
2023-04-21,27232130.0
2023-04-24,27378396.0
2023-04-25,27149792.0
2023-04-26,27109554.0
2023-04-27,27240852.0
2023-04-28,27356468.0
2023-05-02,27681868.0
2023-05-03,27918926.0
2023-05-04,28192726.0
2023-05-05,28427186.0
2023-05-08,28704008.0
2023-05-09,28661752.0
2023-05-10,28504438.0
2023-05-11,28558596.0
2023-05-12,28576584.0
2023-05-15,28454272.0
2023-05-16,28355444.0
2023-05-17,28435116.0
2023-05-18,28363382.0
2023-05-19,28197810.0
2023-05-22,28588488.0
2023-05-23,28681928.0
2023-05-24,28859126.0
2023-05-25,28895310.0
2023-05-26,29113508.0
2023-05-29,29421692.0
2023-05-30,29788808.0
2023-05-31,29870294.0
2023-06-01,29626984.0
2023-06-02,29915022.0
2023-06-05,30446732.0
2023-06-06,30668532.0
2023-06-07,31025278.0
2023-06-08,31129442.0
2023-06-09,31115388.0
2023-06-12,31278862.0
2023-06-13,31624848.0
2023-06-14,31634528.0
2023-06-15,31821170.0
2023-06-16,31962156.0
2023-06-19,32336764.0
2023-06-20,32349946.0
2023-06-21,32269616.0
2023-06-22,32159258.0
2023-06-23,31641158.0
2023-06-26,31794006.0
2023-06-27,32193680.0
2023-06-28,32448162.0
2023-06-30,33054056.0
2023-07-03,33233500.0
2023-07-04,33642596.0
2023-07-05,34174280.0
2023-07-06,33980772.0
2023-07-07,33916828.0
2023-07-10,34029112.0
2023-07-11,34382368.0
2023-07-12,34889696.0
2023-07-13,34943040.0
2023-07-14,35321432.0
2023-07-17,35793828.0
2023-07-18,35903164.0
2023-07-19,36020880.0
2023-07-20,36203980.0
2023-07-21,36113608.0
2023-07-24,35884128.0
2023-07-25,36226380.0
2023-07-26,36143424.0
2023-07-27,36074128.0
2023-07-28,36078228.0
2023-07-31,36759452.0
2023-08-01,36597124.0
2023-08-02,36285364.0
2023-08-03,36259076.0
2023-08-04,36085292.0
2023-08-07,36063740.0
2023-08-08,35921860.0
2023-08-09,35924872.0
2023-08-10,35425900.0
2023-08-11,35328476.0
2023-08-14,35523272.0
2023-08-16,36089128.0
2023-08-17,36351964.0
2023-08-18,36027856.0
2023-08-21,36964364.0
2023-08-22,37822104.0
2023-08-23,38337984.0
2023-08-24,38506412.0
2023-08-25,38611428.0
2023-08-28,38821084.0
2023-08-29,38770144.0
2023-08-30,38596280.0
2023-08-31,38842572.0
2023-09-01,39208352.0
2023-09-04,39469588.0
2023-09-05,39876092.0
2023-09-06,39825408.0
2023-09-07,40009048.0
2023-09-08,40204492.0
2023-09-11,40320272.0
2023-09-12,38535828.0
2023-09-13,38051512.0
2023-09-14,38593980.0
2023-09-15,38756700.0
2023-09-18,38708080.0
2023-09-20,38216792.0
2023-09-21,37936916.0
2023-09-22,37667328.0
2023-09-25,37575684.0
2023-09-26,37747480.0
2023-09-27,38309780.0
2023-09-28,38313712.0
2023-09-29,38541884.0
2023-10-03,38966004.0
2023-10-04,38742972.0
2023-10-05,38934824.0
2023-10-06,39215972.0
2023-10-09,38311812.0
2023-10-10,38696388.0
2023-10-11,38776356.0
2023-10-12,39217016.0
2023-10-13,38891100.0
2023-10-16,39263172.0
2023-10-17,39625644.0
2023-10-18,39274648.0
2023-10-19,39073928.0
2023-10-20,39011828.0
2023-10-23,37542344.0
2023-10-25,37227692.0
2023-10-26,37467332.0
2023-10-27,38476788.0
2023-10-30,38966024.0
2023-10-31,39443000.0
2023-11-01,39310584.0
2023-11-02,39225208.0
2023-11-03,39518600.0
2023-11-06,39869896.0
2023-11-07,39639468.0
2023-11-08,40421948.0
2023-11-09,40317620.0
2023-11-10,40534972.0
2023-11-12,40839312.0
2023-11-13,41382528.0
2023-11-15,42194160.0
2023-11-16,42476852.0
2023-11-17,42362440.0
2023-11-20,42496652.0
2023-11-21,42129396.0
2023-11-22,42332988.0
2023-11-23,42051996.0
2023-11-24,42293652.0
2023-11-28,42468388.0
2023-11-29,42622244.0
2023-11-30,42867940.0
2023-12-01,42571140.0
2023-12-04,42707980.0
2023-12-05,42577284.0
2023-12-06,42808408.0
2023-12-07,42960536.0
2023-12-08,42322428.0
2023-12-11,42520052.0
2023-12-12,42347876.0
2023-12-13,42308248.0
2023-12-14,42816596.0
2023-12-15,43610084.0
2023-12-18,43688504.0
2023-12-19,43573288.0
2023-12-20,42137372.0
2023-12-21,42426924.0
2023-12-22,43387496.0
2023-12-26,43796816.0
2023-12-27,43773548.0
2023-12-28,43655952.0
2023-12-29,43814360.0
2024-01-01,43608528.0
2024-01-02,43455400.0
2024-01-03,43832244.0
2024-01-04,44101472.0
2024-01-05,44686340.0
2024-01-08,44369080.0
2024-01-09,44607100.0
2024-01-10,45739568.0
2024-01-11,45628440.0
2024-01-12,46056184.0
2024-01-15,46013096.0
2024-01-16,45838068.0
2024-01-17,45523212.0
2024-01-18,45460868.0
2024-01-19,46153016.0
2024-01-20,46183736.0
2024-01-23,45175856.0
2024-01-24,45321688.0
2024-01-25,45759672.0
2024-01-29,46254436.0
2024-01-30,46590040.0
2024-01-31,47405824.0
2024-02-01,47588040.0
2024-02-02,47988368.0
2024-02-05,47753300.0
2024-02-06,48173188.0
2024-02-07,48395312.0
2024-02-08,47893788.0
2024-02-09,46914804.0
2024-02-12,44754268.0
2024-02-13,45292832.0
2024-02-14,45786064.0
2024-02-15,46336420.0
2024-02-16,46386512.0
2024-02-19,45908496.0
2024-02-20,46119824.0
2024-02-21,45375272.0
2024-02-22,45745148.0
2024-02-23,46004236.0
2024-02-26,45715792.0
2024-02-27,45986264.0
2024-02-28,45102944.0
2024-02-29,45412380.0
2024-03-01,45774824.0
2024-03-02,46036688.0
2024-03-04,45620540.0
2024-03-05,45286264.0
2024-03-06,44494052.0
2024-03-07,44682600.0
2024-03-11,43708636.0
2024-03-12,41931108.0
2024-03-13,40626040.0
2024-03-14,40757216.0
2024-03-15,40802560.0
2024-03-18,40826908.0
2024-03-19,40631420.0
2024-03-20,40196028.0
2024-03-21,40506788.0
2024-03-22,40997696.0
2024-03-26,41530744.0
2024-03-27,41566712.0
2024-03-28,41799876.0
2024-04-01,39112360.0
2024-04-02,39060668.0
2024-04-03,39381832.0
2024-04-04,39209552.0
2024-04-05,39191424.0
2024-04-08,38894860.0
2024-04-09,38769880.0
2024-04-10,38585692.0
2024-04-12,38192572.0
2024-04-15,37400108.0
2024-04-16,38148524.0
2024-04-18,38703592.0
2024-04-19,38982464.0
2024-04-22,39727528.0
2024-04-23,39398560.0
2024-04-24,39561424.0
2024-04-25,39943364.0
2024-04-26,39674724.0
2024-04-29,39547540.0
2024-04-30,39303684.0
2024-05-02,39361768.0
2024-05-03,38798060.0
2024-05-06,38941136.0
2024-05-07,38690188.0
2024-05-08,38644588.0
2024-05-09,37562184.0
2024-05-10,38012348.0
2024-05-13,38080604.0
2024-05-14,38966140.0
2024-05-15,39186716.0
2024-05-16,39363516.0
2024-05-17,39632016.0
2024-05-18,39721320.0
2024-05-21,39715048.0
2024-05-22,39767460.0
2024-05-23,39727216.0
2024-05-24,39737348.0
2024-05-27,39167280.0
2024-05-28,38990736.0
2024-05-29,38736176.0
2024-05-30,38006716.0
2024-05-31,38034416.0
2024-06-03,38669404.0
2024-06-04,36120352.0
2024-06-05,37215468.0
2024-06-06,38163448.0
2024-06-07,38880260.0
2024-06-10,39781856.0
2024-06-11,39355544.0
2024-06-12,39257220.0
2024-06-13,39235940.0
2024-06-14,39663316.0
2024-06-18,39890428.0
2024-06-19,39833156.0
2024-06-20,40311064.0
2024-06-21,40549652.0
2024-06-24,40355908.0
2024-06-25,40093020.0
2024-06-26,40108080.0
2024-06-27,39512220.0
2024-06-28,39588652.0
2024-07-01,40467372.0
2024-07-02,40302872.0
2024-07-03,40678292.0
2024-07-04,40628136.0
2024-07-05,40860004.0
2024-07-08,40924812.0
2024-07-09,41230316.0
2024-07-10,40884824.0
2024-07-11,41191928.0
2024-07-12,40991468.0
2024-07-15,40991528.0
2024-07-16,41099872.0
2024-07-18,40848712.0
2024-07-19,39979844.0
2024-07-22,40407884.0
2024-07-23,40552444.0
2024-07-24,41112304.0
2024-07-25,41148412.0
2024-07-26,41420232.0
2024-07-29,41974176.0
2024-07-30,42277092.0
2024-07-31,42665032.0
2024-08-01,42557588.0
2024-08-02,42264472.0
2024-08-05,40872004.0
2024-08-06,40051704.0
2024-08-07,41140900.0
2024-08-08,41159264.0
2024-08-09,41582016.0
2024-08-12,42030284.0
2024-08-13,41079740.0
2024-08-14,40587592.0
2024-08-16,41093736.0
2024-08-19,41595664.0
2024-08-20,41873908.0
2024-08-21,42276360.0
2024-08-22,42476528.0
2024-08-23,43167004.0
2024-08-26,43372816.0
2024-08-27,43821616.0
2024-08-28,43901712.0
2024-08-29,43418644.0
2024-08-30,43778528.0
2024-09-02,43488768.0
2024-09-03,43672440.0
2024-09-04,44228104.0
2024-09-05,44446292.0
2024-09-06,44737120.0
2024-09-09,45212288.0
2024-09-10,45190568.0
2024-09-11,45282664.0
2024-09-12,45496664.0
2024-09-13,45363504.0
2024-09-16,45386232.0
2024-09-17,45206644.0
2024-09-18,45068076.0
2024-09-19,45012376.0
2024-09-20,45855852.0
2024-09-23,45949968.0
2024-09-24,45694692.0
2024-09-25,45704632.0
2024-09-26,45351332.0
2024-09-27,45760948.0
2024-09-30,45677320.0
2024-10-01,46496808.0
2024-10-03,45723324.0
2024-10-04,45303888.0
2024-10-07,43940148.0
2024-10-08,45172212.0
2024-10-09,45610700.0
2024-10-10,45833580.0
2024-10-11,45863304.0
2024-10-14,45735400.0
2024-10-15,45852460.0
2024-10-16,45911316.0
2024-10-17,44779312.0
2024-10-18,44285956.0
2024-10-21,43459132.0
2024-10-22,41332324.0
2024-10-23,41592756.0
2024-10-24,40976388.0
2024-10-25,40098064.0
2024-10-28,40351168.0
2024-10-29,40547028.0
2024-10-30,41744664.0
2024-10-31,42421640.0
2024-11-01,42831520.0
2024-11-04,41993132.0
2024-11-05,42383504.0
2024-11-06,43259416.0
2024-11-07,43118824.0
2024-11-08,42869924.0
2024-11-11,41958428.0
2024-11-12,41325180.0
2024-11-13,40096736.0
2024-11-14,40319728.0
2024-11-18,41205588.0
2024-11-19,41211344.0
2024-11-21,41364080.0
2024-11-22,41386448.0
2024-11-25,41553856.0
2024-11-26,41648720.0
2024-11-27,41565440.0
2024-11-28,42044292.0
2024-11-29,42366348.0
2024-12-02,43215508.0
2024-12-03,43106040.0
2024-12-04,43223380.0
2024-12-05,42715604.0
2024-12-06,42966836.0
2024-12-09,43329012.0
2024-12-10,43675600.0
2024-12-11,43696996.0
2024-12-12,43462172.0
2024-12-13,44408320.0
2024-12-16,45289292.0
2024-12-17,45457536.0
2024-12-18,45398364.0
2024-12-19,45452028.0
2024-12-20,44026832.0
2024-12-23,43751836.0
2024-12-24,43854084.0
2024-12-26,43086028.0
2024-12-27,43194600.0
2024-12-30,43267808.0
2024-12-31,43846504.0
2025-01-01,44294896.0
2025-01-02,44857320.0
2025-01-03,45101488.0
2025-01-06,43455944.0
2025-01-07,44711892.0
2025-01-08,44529724.0
2025-01-09,43600736.0
2025-01-10,42409152.0
2025-01-13,41396596.0
2025-01-14,41823972.0
2025-01-15,41844784.0
2025-01-16,42124300.0
2025-01-17,41882340.0
2025-01-20,41967900.0
2025-01-21,41238696.0
2025-01-22,40549420.0
2025-01-23,40762968.0
2025-01-24,40177824.0
2025-01-27,39000712.0
2025-01-28,38302400.0
2025-01-29,38713680.0
2025-01-30,39091284.0
2025-01-31,39433792.0
2025-02-01,39619632.0
2025-02-03,39789684.0
2025-02-04,40289304.0
2025-02-05,40615728.0
2025-02-06,40770384.0
2025-02-07,40790144.0
2025-02-10,40198992.0
2025-02-11,39699160.0
2025-02-12,39716684.0
2025-02-13,39448040.0
2025-02-14,39022936.0
2025-02-17,39098024.0
2025-02-18,39075756.0
2025-02-19,39489192.0
2025-02-20,39385936.0
2025-02-21,39344328.0
2025-02-24,39254160.0
2025-02-25,39674128.0
2025-02-27,39929960.0
2025-02-28,39084224.0
2025-03-03,39477608.0
2025-03-04,39393956.0
2025-03-05,39746912.0
2025-03-06,39773452.0
2025-03-07,40203056.0
2025-03-10,40136816.0
2025-03-11,39965592.0
2025-03-12,39920368.0
2025-03-13,39667356.0
2025-03-17,40457848.0
2025-03-18,40659576.0
2025-03-19,41102308.0
2025-03-20,41113992.0
2025-03-21,41612624.0
2025-03-24,41539624.0
2025-03-25,40755068.0
2025-03-26,40089536.0
2025-03-27,40708136.0
2025-03-28,40821256.0
2025-04-01,40751708.0
2025-04-02,41270296.0
2025-04-03,40948008.0
2025-04-04,40016968.0
2025-04-07,38829400.0
2025-04-08,39436800.0
2025-04-09,39389892.0
2025-04-11,40178144.0
2025-04-15,41088012.0
2025-04-16,41695280.0
2025-04-17,42390776.0
2025-04-21,42961332.0
2025-04-22,43446340.0
2025-04-23,42989612.0
2025-04-24,43032984.0
2025-04-25,41982092.0
2025-04-28,41968992.0
2025-04-29,41752552.0
2025-04-30,40577232.0
2025-05-02,40295444.0
2025-05-05,40482600.0
2025-05-06,39751440.0
2025-05-07,40146312.0
2025-05-08,39627156.0
2025-05-09,39365160.0
2025-05-12,41086744.0
2025-05-13,41542228.0
2025-05-14,42269144.0
2025-05-15,42224688.0
2025-05-16,41815296.0
2025-05-19,42001516.0
2025-05-20,41533372.0
2025-05-21,41716192.0
2025-05-22,41393896.0
2025-05-23,41573236.0
2025-05-26,41644272.0
2025-05-27,41123404.0
2025-05-28,41665952.0
2025-05-29,41604348.0
2025-05-30,41570828.0
2025-06-02,41503920.0
2025-06-03,41496276.0
2025-06-04,41435004.0
2025-06-05,41759044.0
2025-06-06,41863200.0
2025-06-09,41774176.0
2025-06-10,41864908.0
2025-06-11,41874948.0
2025-06-12,41395096.0
2025-06-13,41442152.0
2025-06-16,41664096.0
2025-06-17,41516384.0
2025-06-18,41638436.0
2025-06-19,41191928.0
2025-06-20,41181880.0
2025-06-23,41067840.0
2025-06-24,41063504.0
2025-06-25,41285324.0
2025-06-26,41547132.0
2025-06-27,42181908.0
2025-06-30,42759756.0
2025-07-01,43141464.0
2025-07-02,43397508.0
2025-07-03,43530348.0
2025-07-04,43811020.0
2025-07-07,43770856.0
2025-07-08,43956844.0
2025-07-09,44730260.0
2025-07-10,45051704.0
2025-07-11,45170984.0
2025-07-14,45076644.0
2025-07-15,45355348.0
2025-07-16,45172316.0
2025-07-17,45148764.0
2025-07-18,44977260.0
2025-07-21,44879788.0
2025-07-22,44900940.0
2025-07-23,45284952.0
2025-07-24,44821504.0
2025-07-25,44124656.0
2025-07-28,43847652.0
2025-07-29,43843952.0
2025-07-30,44412260.0
2025-07-31,44333220.0
2025-08-01,42978928.0
2025-08-04,43016504.0
2025-08-05,43127584.0
2025-08-06,42820624.0
2025-08-07,41966848.0
2025-08-08,41772744.0
2025-08-11,42138444.0
2025-08-12,42040580.0
2025-08-13,42261084.0
2025-08-14,42360544.0
2025-08-18,43235640.0
2025-08-19,43497884.0
2025-08-20,43447604.0
2025-08-21,43561968.0
2025-08-22,43655344.0
2025-08-25,43216248.0
2025-08-26,42711088.0
2025-08-28,42511868.0
2025-08-29,42759128.0
2025-09-01,43658776.0
2025-09-02,43663828.0
2025-09-03,43773132.0
2025-09-04,43569972.0
2025-09-05,43779080.0
2025-09-08,44101272.0
2025-09-09,44951976.0
2025-09-10,44749572.0
2025-09-11,44925264.0
2025-09-12,44822976.0
2025-09-15,45981696.0
2025-09-16,45776332.0
2025-09-17,45800792.0
2025-09-18,45304468.0
2025-09-19,45053256.0
2025-09-22,45389008.0
2025-09-23,45550444.0
2025-09-24,45542212.0
2025-09-25,45383332.0
2025-09-26,44995104.0
2025-09-29,44722556.0
2025-09-30,44177276.0
2025-10-01,45192944.0
2025-10-03,45908360.0
2025-10-06,45890912.0
2025-10-07,45717884.0
2025-10-08,45498224.0
2025-10-09,45815484.0
2025-10-10,45819284.0
2025-10-13,45878204.0
2025-10-14,45432184.0
2025-10-15,45962076.0
2025-10-16,45766884.0
2025-10-17,45456924.0
2025-10-20,46035416.0
2025-10-21,46549024.0
2025-10-23,45384020.0
2025-10-24,45697836.0
2025-10-27,46325900.0
2025-10-28,46498716.0
2025-10-29,47013908.0
2025-10-30,46877696.0
2025-10-31,46810900.0
2025-11-03,46955936.0
2025-11-04,46634360.0
2025-11-06,45562080.0
2025-11-07,45813216.0
2025-11-10,46169580.0
2025-11-11,45477220.0
2025-11-12,45585896.0
2025-11-13,45399680.0
2025-11-14,45719328.0
2025-11-17,45300776.0
2025-11-18,45063140.0
2025-11-19,44369144.0
2025-11-20,44894532.0
2025-11-21,44084336.0
2025-11-24,43858476.0
2025-11-25,43873100.0
2025-11-26,44054132.0
2025-11-27,43967464.0
2025-11-28,43600988.0
2025-12-01,43833560.0
2025-12-02,43404648.0
2025-12-03,43180632.0
2025-12-04,43036412.0
2025-12-05,42840428.0
2025-12-08,42336392.0
2025-12-09,42767428.0
2025-12-10,42516940.0
2025-12-11,42698488.0
2025-12-12,43144584.0
2025-12-15,43409880.0
2025-12-16,43174052.0
2025-12-17,42923656.0
2025-12-18,43139616.0
2025-12-19,43773488.0
2025-12-22,44437484.0
2025-12-23,44178388.0
2025-12-24,44386380.0
2025-12-26,44378792.0
2025-12-29,44295920.0
2025-12-30,44982568.0
2025-12-31,44753532.0
2026-01-01,44769084.0
2026-01-02,45726676.0
2026-01-05,45493148.0
2026-01-06,45464152.0
2026-01-07,45652132.0
2026-01-08,44276032.0
2026-01-09,43577996.0
2026-01-12,43601104.0
2026-01-13,43485856.0
2026-01-14,43578324.0
2026-01-16,43179028.0
2026-01-19,42647980.0
2026-01-20,41805604.0
2026-01-21,41285236.0
2026-01-22,41918392.0
2026-01-23,41524672.0
2026-01-27,41098416.0
2026-01-28,41086308.0
2026-01-29,41596600.0
2026-01-30,41357580.0
2026-02-01,40385728.0
2026-02-02,40083684.0
2026-02-03,40852492.0
2026-02-04,41768176.0
2026-02-05,41564320.0
2026-02-06,41279588.0
2026-02-09,42304084.0
2026-02-10,42693840.0
2026-02-11,42517488.0
2026-02-12,42896900.0
2026-02-13,42340560.0
2026-02-16,42546972.0
2026-02-17,42872880.0
2026-02-18,42940812.0
2026-02-19,42594728.0
2026-02-20,42534644.0
2026-02-23,42655632.0
2026-02-24,42285204.0
2026-02-25,42436772.0
2026-02-26,42349240.0
2026-02-27,41597104.0
2026-03-02,41033824.0
2026-03-04,40343664.0
2026-03-05,40666012.0
2026-03-06,40474676.0
2026-03-09,39986384.0
2026-03-10,40567264.0
2026-03-11,39967660.0
2026-03-12,39870152.0
2026-03-13,38803360.0
2026-03-16,38404428.0
2026-03-17,39204544.0
2026-03-18,39351912.0
2026-03-19,38663024.0
2026-03-20,38747776.0
2026-03-23,37047064.0
2026-03-24,38440192.0
2026-03-25,39125416.0
2026-03-27,39146952.0
2026-03-30,38339200.0
2026-04-01,39155084.0
2026-04-02,39039644.0
2026-04-06,39549096.0
2026-04-07,40061480.0
2026-04-08,40832200.0
2026-04-09,41197612.0
2026-04-10,42073676.0
2026-04-13,42421700.0
2026-04-15,43063872.0
2026-04-16,43176128.0
2026-04-17,43965024.0
2026-04-20,44091788.0
2026-04-21,44021112.0
2026-04-22,44886524.0
2026-04-23,45599012.0
2026-04-24,45147000.0
2026-04-27,46028200.0
2026-04-28,45993532.0
2026-04-29,46715600.0
2026-04-30,47290004.0
2026-05-04,47135248.0
2026-05-05,46891048.0
2026-05-06,46667544.0
2026-05-07,47431320.0
2026-05-08,47460620.0
2026-05-11,47696688.0
2026-05-12,47065376.0
2026-05-13,47761204.0
2026-05-14,48213864.0
2026-05-15,47559148.0
2026-05-18,47381344.0
2026-05-19,46983676.0
2026-05-20,47521744.0
2026-05-21,48083884.0
2026-05-22,47991824.0
2026-05-25,48999836.0
2026-05-26,50239440.0
2026-05-27,50558108.0
2026-05-29,51108596.0
2026-06-01,50435376.0
2026-06-02,51321552.0
2026-06-03,52018752.0
2026-06-04,53174376.0
2026-06-05,52685276.0
2026-06-08,51351588.0
2026-06-09,51877008.0
2026-06-10,51241116.0
2026-06-11,51044180.0
2026-06-12,51752412.0
2026-06-15,51701872.0
2026-06-16,52122608.0
2026-06-17,53126820.0
2026-06-18,53505004.0
2026-06-19,54144784.0
2026-06-22,54325308.0
2026-06-23,53838244.0
2026-06-24,54026200.0
2026-06-25,53953612.0
2026-06-29,54872072.0
2026-06-30,55197404.0
2026-07-01,54645668.0
2026-07-02,55021736.0
2026-07-03,54570400.0
2026-07-06,54260368.0
2026-07-07,53808392.0
2026-07-08,53980932.0
2026-07-09,54509444.0
2026-07-10,54925028.0
2026-07-13,54899408.0
2026-07-14,54760632.0
2026-07-15,55074192.0
2026-07-16,55362036.0
2026-07-17,54687992.0
2026-07-20,55038384.0
2026-07-21,55276200.0
2026-07-22,54782248.0
2026-07-23,54850268.0
2026-07-24,54762200.0
2026-07-27,54918104.0
2026-07-28,53899876.0
2026-07-29,54290848.0
2026-07-30,53849416.0
2026-07-31,54434412.0
2026-08-03,54733804.0
2026-08-04,55946952.0
2026-08-05,56645292.0
2026-08-06,56628976.0
2026-08-07,56408972.0
2026-08-10,57085236.0
2026-08-11,57954888.0
2026-08-12,58113904.0
2026-08-13,57847672.0
2026-08-14,57430392.0
2026-08-17,56977008.0
2026-08-18,57773068.0
2026-08-19,57785412.0
2026-08-20,57619940.0
2026-08-21,57458644.0
2026-08-24,57264544.0
2026-08-25,56835812.0
2026-08-26,57598560.0
2026-08-27,57844596.0
2026-08-28,58607712.0
2026-08-31,59493316.0
2026-09-01,59813272.0
2026-09-02,60340420.0
2026-09-03,60841676.0
2026-09-04,60840144.0
2026-09-07,61508956.0
2026-09-08,62798640.0
2026-09-09,62039880.0
2026-09-10,61930096.0
2026-09-11,62223024.0
