date,nav
2006-04-03,1.0002011833867093
2006-04-04,1.0004024072481736
2006-04-05,1.000603671592536
2006-04-07,1.0008049764279408
2006-04-10,1.001006321762534
2006-04-12,1.0012077076044636
2006-04-13,1.001409133961879
2006-04-17,1.0016106008429309
2006-04-18,1.0018121082557723
2006-04-19,1.0020136562085575
2006-04-20,1.0022152447094426
2006-04-21,1.0024168737665848
2006-04-24,1.0026185433881438
2006-04-25,1.00282025358228
2006-04-26,1.0030220043571565
2006-04-27,1.003223795720937
2006-04-28,1.0034256276817874
2006-04-29,1.003439320091579
2006-05-02,1.0046451066958506
2006-05-03,1.005336353620918
2006-05-04,1.0109675581578867
2006-05-05,1.013511346952614
2006-05-08,1.0204805181580778
2006-05-09,1.020554417041146
2006-05-10,1.0226866523581088
2006-05-11,1.015556569375837
2006-05-12,1.0103819077986809
2006-05-15,1.0050014517288361
2006-05-16,1.0079056922286775
2006-05-17,1.0132799293705845
2006-05-18,1.0034742332711843
2006-05-19,1.0002295868924709
2006-05-22,1.0004308164682487
2006-05-23,1.0006320865280742
2006-05-24,1.000833397080092
2006-05-25,1.0010347481324484
2006-05-26,1.0012361396932914
2006-05-29,1.0014375717707706
2006-05-30,1.0016390443730374
2006-05-31,1.0018405575082445
2006-06-01,1.0020421111845468
2006-06-02,1.0022437054101
2006-06-05,1.0024453401930626
2006-06-06,1.0026470155415936
2006-06-07,1.0028487314638543
2006-06-08,1.0030504879680073
2006-06-09,1.0032522850622172
2006-06-12,1.0034541227546498
2006-06-13,1.003656001053473
2006-06-14,1.003857919966856
2006-06-15,1.0040598795029698
2006-06-16,1.0042618796699871
2006-06-19,1.0044639204760821
2006-06-20,1.0046660019294307
2006-06-21,1.0048681240382105
2006-06-22,1.0050702868106007
2006-06-23,1.005272490254782
2006-06-25,1.0054747343789372
2006-06-26,1.00567701919125
2006-06-27,1.0058793446999066
2006-06-28,1.0060817109130942
2006-06-29,1.0062841178390018
2006-06-30,1.0064865654858204
2006-07-03,1.0066890538617421
2006-07-04,1.0068915829749612
2006-07-05,1.0070941528336732
2006-07-06,1.0072967634460754
2006-07-07,1.0074994148203669
2006-07-10,1.007702106964748
2006-07-11,1.0079048398874213
2006-07-12,1.0081076135965905
2006-07-13,1.0083104281004613
2006-07-14,1.0085132834072408
2006-07-17,1.008716179525138
2006-07-18,1.0089191164623634
2006-07-19,1.009122094227129
2006-07-20,1.0093251128276488
2006-07-21,1.009528172272138
2006-07-24,1.0097312725688141
2006-07-25,1.0099344137258959
2006-07-26,1.0101375957516034
2006-07-27,1.0103408186541591
2006-07-28,1.0105440824417866
2006-07-31,1.0107473871227113
2006-08-01,1.0109507327051601
2006-08-02,1.0111541191973619
2006-08-03,1.011357546607547
2006-08-04,1.0115610149439476
2006-08-07,1.011764524214797
2006-08-08,1.0119680744283308
2006-08-09,1.012171665592786
2006-08-10,1.0123752977164011
2006-08-11,1.0125789708074164
2006-08-14,1.012782684874074
2006-08-16,1.0129864399246173
2006-08-17,1.013190235967292
2006-08-18,1.0133940730103446
2006-08-21,1.0135979510620239
2006-08-22,1.0138018701305802
2006-08-23,1.0140058302242652
2006-08-24,1.0142098313513326
2006-08-25,1.0144138735200376
2006-08-28,1.0146179567386373
2006-08-29,1.01482208101539
2006-08-30,1.015026246358556
2006-08-31,1.0137098879444804
2006-09-01,1.0196822598494013
2006-09-04,1.0285246692297088
2006-09-05,1.0243008289846216
2006-09-06,1.028669395474532
2006-09-07,1.0249839716165972
2006-09-08,1.0313477020267168
2006-09-11,1.0088786814215742
2006-09-12,1.0099990458581645
2006-09-13,1.0165426815856957
2006-09-14,1.0209877813308823
2006-09-15,1.0271741180202412
2006-09-18,1.0400789354079092
2006-09-19,1.0361265076917519
2006-09-20,1.039594225217566
2006-09-21,1.041217937640162
2006-09-22,1.0422783289856654
2006-09-25,1.0409420766388284
2006-09-26,1.0571142121273829
2006-09-27,1.0585720404042496
2006-09-28,1.0544719898703434
2006-09-29,1.0566113217414175
2006-10-03,1.0618172709443656
2006-10-04,1.0577067426491673
2006-10-05,1.0874955939999036
2006-10-06,1.0837249253934829
2006-10-09,1.0866164081916596
2006-10-10,1.068445095040538
2006-10-11,1.0556448167152055
2006-10-12,1.0589485696939553
2006-10-13,1.0693133171858846
2006-10-16,1.0664411547139363
2006-10-17,1.0551041396583623
2006-10-18,1.0517206659147353
2006-10-19,1.054405001626617
2006-10-20,1.0677749755054582
2006-10-21,1.0678058558854544
2006-10-23,1.0614942737193576
2006-10-26,1.0595671072765422
2006-10-27,1.0607987497685452
2006-10-30,1.0605848252667192
2006-10-31,1.0537375469907626
2006-11-01,1.065667815836106
2006-11-02,1.0855929902314956
2006-11-03,1.0773455915583583
2006-11-06,1.090310523541063
2006-11-07,1.0755228543765738
2006-11-08,1.0624188618933885
2006-11-09,1.0624465779180914
2006-11-10,1.0643100349807901
2006-11-13,1.1003918321365227
2006-11-14,1.1001699202465898
2006-11-15,1.1063912025813758
2006-11-16,1.1082181691381825
2006-11-17,1.089419978080835
2006-11-20,1.0761306754097437
2006-11-21,1.085405724457837
2006-11-22,1.0987950824053845
2006-11-23,1.1088834572247406
2006-11-24,1.1067426357310748
2006-11-27,1.1057487732201594
2006-11-28,1.101092401035093
2006-11-29,1.1062739773557952
2006-11-30,1.1002165900716934
2006-12-01,1.1092823258253883
2006-12-04,1.1209140834461453
2006-12-05,1.1096408759462242
2006-12-06,1.0931806031797027
2006-12-07,1.0952577945395718
2006-12-08,1.0912781426627816
2006-12-11,1.0777378310266919
2006-12-12,1.0498688337773836
2006-12-13,1.061475441405821
2006-12-14,1.076477514269513
2006-12-15,1.074462981269979
2006-12-18,1.0735753426859511
2006-12-19,1.060801006815586
2006-12-20,1.0564183968600112
2006-12-21,1.0585765006210897
2006-12-22,1.0648355309827615
2006-12-26,1.0679122010336495
2006-12-27,1.0793607263753973
2006-12-28,1.0760027924149576
2006-12-29,1.0761677072245237
2007-01-02,1.0917887929685772
2007-01-03,1.1080514376085175
2007-01-04,1.1040132396763038
2007-01-05,1.0971618964070615
2007-01-08,1.077205326701449
2007-01-09,1.0595735121755416
2007-01-10,1.0490106362045968
2007-01-11,1.0634922229297556
2007-01-12,1.0669053666354165
2007-01-15,1.078739486227114
2007-01-16,1.1076338121109823
2007-01-17,1.1113639962306305
2007-01-18,1.1166388966627991
2007-01-19,1.1219280195356671
2007-01-22,1.1262612768511067
2007-01-23,1.0840186405115553
2007-01-24,1.0834218746200106
2007-01-25,1.074109304304057
2007-01-29,1.067243020891403
2007-01-31,1.0640461017219045
2007-02-01,1.0798632018515968
2007-02-02,1.089191070809566
2007-02-05,1.1138320094555498
2007-02-06,1.128738127420752
2007-02-07,1.129737111791175
2007-02-08,1.130264582567971
2007-02-09,1.089464906367776
2007-02-12,1.0382197184098505
2007-02-13,1.0375735275316984
2007-02-14,1.0697942895234043
2007-02-15,1.083211198409478
2007-02-19,1.0710515318703773
2007-02-20,1.0790639525880463
2007-02-21,1.0901524774040026
2007-02-22,1.0790156013301961
2007-02-23,1.0508887906168276
2007-02-26,1.0602757893726245
2007-02-27,1.0680803292631846
2007-02-28,1.0328011845322296
2007-03-01,1.0471850423894136
2007-03-02,1.0392211656287027
2007-03-05,1.0394302396623438
2007-03-06,1.039639355758207
2007-03-07,1.0398485139247549
2007-03-08,1.0400577141704508
2007-03-09,1.0402669565037608
2007-03-12,1.040476240933152
2007-03-13,1.0406855674670936
2007-03-14,1.040894936114056
2007-03-15,1.041104346882512
2007-03-16,1.0413137997809356
2007-03-19,1.0415232948178026
2007-03-20,1.0417328320015906
2007-03-21,1.041942411340779
2007-03-22,1.0421520328438485
2007-03-23,1.042361696519282
2007-03-26,1.0425714023755637
2007-03-28,1.04278115042118
2007-03-29,1.0429909406646183
2007-03-30,1.0432007731143682
2007-04-02,1.038720948582878
2007-04-03,1.0389299219811596
2007-04-04,1.0391389374214175
2007-04-05,1.0393479949121094
2007-04-09,1.0395570944616952
2007-04-10,1.0397662360786366
2007-04-11,1.0399754197713968
2007-04-12,1.040184645548441
2007-04-13,1.0403939134182354
2007-04-16,1.0406032233892486
2007-04-17,1.0408125754699507
2007-04-18,1.0410219696688132
2007-04-19,1.04123140599431
2007-04-20,1.041440884454916
2007-04-23,1.041650405059108
2007-04-24,1.0418599678153648
2007-04-25,1.0420695727321667
2007-04-26,1.0422792198179958
2007-04-27,1.0424889090813354
2007-04-30,1.0411369351279796
2007-05-03,1.0394387706940078
2007-05-04,1.038584739271115
2007-05-07,1.0421192651294424
2007-05-08,1.0349778206088167
2007-05-09,1.043262725756624
2007-05-10,1.0381028026029617
2007-05-11,1.0450591463222705
2007-05-14,1.0683938967005748
2007-05-15,1.0669102152079466
2007-05-16,1.0818051689951431
2007-05-17,1.102688911518937
2007-05-18,1.0989573132002999
2007-05-21,1.097693264257354
2007-05-22,1.0865358717961242
2007-05-23,1.0738833117982427
2007-05-24,1.0668351616824936
2007-05-25,1.0590953222723387
2007-05-28,1.0800158590469442
2007-05-29,1.0867832910821908
2007-05-30,1.0707966181454585
2007-05-31,1.0685116480081103
2007-06-01,1.0745118838157923
2007-06-04,1.0618714154432618
2007-06-05,1.0626841995781997
2007-06-06,1.0364632627868202
2007-06-07,1.027828556630779
2007-06-08,1.022441886903862
2007-06-11,1.0286585476352061
2007-06-12,1.0249091409210984
2007-06-13,1.0188158221908228
2007-06-14,1.0225402412457727
2007-06-15,1.0215913972137884
2007-06-18,1.015558948378924
2007-06-19,1.0248417872320292
2007-06-20,1.0354647128190801
2007-06-21,1.0355736125484762
2007-06-22,1.0335353224036372
2007-06-25,1.0384081442154076
2007-06-26,1.0468680988001227
2007-06-27,1.0490700739602135
2007-06-28,1.0395060362342807
2007-06-29,1.0338585457858012
2007-07-02,1.0694956887027214
2007-07-03,1.0744087424663202
2007-07-04,1.0700524642333424
2007-07-05,1.0717639124017664
2007-07-06,1.0824062883374372
2007-07-09,1.1015890280557379
2007-07-10,1.085073840644909
2007-07-11,1.0970547013424754
2007-07-12,1.1093364762757871
2007-07-13,1.1204529399060696
2007-07-16,1.131796627138713
2007-07-17,1.1153588771726177
2007-07-18,1.1178394311042648
2007-07-19,1.1176823112189573
2007-07-20,1.1075782897780808
2007-07-23,1.1062833055258214
2007-07-24,1.1115378184108673
2007-07-25,1.1047085584164436
2007-07-26,1.1044671234961487
2007-07-27,1.071870070479044
2007-07-30,1.0742259364701487
2007-07-31,1.0728731436171535
2007-08-01,0.9933683967041879
2007-08-02,1.0064508372041665
2007-08-03,1.0194261222969305
2007-08-06,1.0227805095532259
2007-08-07,1.0293222931945207
2007-08-08,1.0307428970813899
2007-08-09,1.023310099061988
2007-08-10,1.0300688684366794
2007-08-13,1.030493636701301
2007-08-14,1.0291019812877522
2007-08-16,1.0130716187284559
2007-08-17,1.0117030479319624
2007-08-20,1.0119065857774894
2007-08-21,1.0121101645714494
2007-08-22,1.0123137843220809
2007-08-23,1.0125174450376233
2007-08-24,1.0127211467263182
2007-08-27,1.0129248893964087
2007-08-28,1.0131286730561395
2007-08-29,1.0133324977137572
2007-08-30,1.0135363633775099
2007-08-31,1.0122219371499226
2007-09-03,1.0512682505592519
2007-09-04,1.0495406912214078
2007-09-05,1.0416009774895147
2007-09-06,1.0511630284187834
2007-09-07,1.0560669241437433
2007-09-10,1.0758080568358706
2007-09-11,1.0853719798464
2007-09-12,1.100262128753789
2007-09-13,1.1323215432043516
2007-09-14,1.1504744638704718
2007-09-17,1.1668807185577927
2007-09-18,1.1862915120018596
2007-09-19,1.1920244491623453
2007-09-20,1.2047317963326936
2007-09-21,1.2126141882758936
2007-09-24,1.2541001666477372
2007-09-25,1.2541513027239668
2007-09-26,1.2415448212196991
2007-09-27,1.2378567632415416
2007-09-28,1.2834777201574301
2007-10-01,1.3356411403898851
2007-10-03,1.3515194512108604
2007-10-04,1.3551870933196606
2007-10-05,1.3593692343624064
2007-10-08,1.281588221668201
2007-10-09,1.3448993112939007
2007-10-10,1.361299513581668
2007-10-11,1.3972404361823105
2007-10-12,1.3952238825563221
2007-10-15,1.4481041684283242
2007-10-16,1.440298661574157
2007-10-17,1.3886707261985156
2007-10-18,1.30109015349489
2007-10-19,1.247164076734455
2007-10-22,1.2780929781880475
2007-10-23,1.3267373502541457
2007-10-24,1.3335097000834146
2007-10-25,1.354486860124672
2007-10-26,1.4164268452701083
2007-10-29,1.4318012083202198
2007-10-30,1.405560552880447
2007-10-31,1.4089337494094174
2007-11-01,1.387241221826316
2007-11-02,1.3806252855676604
2007-11-05,1.376971116549433
2007-11-06,1.353249525059539
2007-11-07,1.3299199774188617
2007-11-08,1.3234523273109187
2007-11-09,1.3176553503957207
2007-11-12,1.3286374462861168
2007-11-13,1.3708653746292376
2007-11-14,1.4116810135877733
2007-11-15,1.4229109215535525
2007-11-16,1.4073900182323171
2007-11-19,1.4363745520899371
2007-11-20,1.4558199773384433
2007-11-21,1.362615253570893
2007-11-22,1.3396064144846083
2007-11-23,1.3821793526811468
2007-11-26,1.3954110331338938
2007-11-27,1.4054547160905249
2007-11-28,1.369710967197462
2007-11-29,1.3638449638446097
2007-11-30,1.406434697099951
2007-12-03,1.458641324679285
2007-12-04,1.4698930695366346
2007-12-05,1.509545714334031
2007-12-06,1.4906295031684078
2007-12-07,1.4810524554801852
2007-12-10,1.5039449437087005
2007-12-11,1.5334509194307673
2007-12-12,1.5616291561329054
2007-12-13,1.579876797929651
2007-12-14,1.5677979705973433
2007-12-17,1.4927581667067606
2007-12-18,1.4839837243129166
2007-12-19,1.500598038770767
2007-12-20,1.472994614878811
2007-12-24,1.4944465238413356
2007-12-26,1.5352095691767602
2007-12-27,1.561136378679839
2007-12-28,1.611885815932518
2007-12-31,1.6689274174431261
2008-01-01,1.6952279361645692
2008-01-02,1.7146077092045622
2008-01-03,1.7221723175421875
2008-01-04,1.7213579288421423
2008-01-07,1.730333175745089
2008-01-08,1.6954808048844776
2008-01-09,1.6766328322325708
2008-01-10,1.6043909815712356
2008-01-11,1.5903303114426255
2008-01-14,1.6150345233162524
2008-01-15,1.6107733757999227
2008-01-16,1.584480905126506
2008-01-17,1.5996725647540537
2008-01-18,1.4892098874106934
2008-01-21,1.4575687510607858
2008-01-22,1.4578619896784857
2008-01-23,1.4581552872909238
2008-01-24,1.458448643909969
2008-01-25,1.4587420595474925
2008-01-28,1.4590355342153676
2008-01-29,1.4593290679254702
2008-01-30,1.4596226606896787
2008-01-31,1.459916312519874
2008-02-01,1.460210023427939
2008-02-04,1.460503793425759
2008-02-05,1.4607976225252222
2008-02-06,1.4610915107382185
2008-02-07,1.461385458076641
2008-02-08,1.4616794645523845
2008-02-11,1.4619735301773467
2008-02-12,1.462267654963427
2008-02-13,1.462561838922528
2008-02-14,1.4628560820665542
2008-02-15,1.4631503844074125
2008-02-18,1.4634447459570126
2008-02-19,1.4637391667272661
2008-02-20,1.4640336467300874
2008-02-21,1.464328185977393
2008-02-22,1.4646227844811017
2008-02-25,1.4649174422531352
2008-02-26,1.4652121593054173
2008-02-27,1.465506935649874
2008-02-28,1.465801771298434
2008-02-29,1.4660966662630281
2008-03-03,1.46639162055559
2008-03-04,1.4666866341880556
2008-03-05,1.4669817071723628
2008-03-07,1.4672768395204523
2008-03-10,1.467572031244267
2008-03-11,1.4678672823557526
2008-03-12,1.4681625928668567
2008-03-13,1.4684579627895296
2008-03-14,1.4687533921357236
2008-03-17,1.4690488809173943
2008-03-18,1.4693444291464988
2008-03-19,1.4696400368349969
2008-03-24,1.4699357039948509
2008-03-25,1.4702314306380253
2008-03-26,1.4705272167764876
2008-03-27,1.4708230624222067
2008-03-28,1.471118967587155
2008-03-31,1.4714149322833063
2008-04-01,1.3873967249208103
2008-04-02,1.3876758460926393
2008-04-03,1.3879550234190108
2008-04-04,1.3882342569112223
2008-04-07,1.3885135465805736
2008-04-08,1.3887928924383663
2008-04-09,1.3890722944959049
2008-04-10,1.3893517527644956
2008-04-11,1.3896312672554472
2008-04-15,1.3899108379800706
2008-04-16,1.3901904649496795
2008-04-17,1.390470148175589
2008-04-21,1.3907498876691171
2008-04-22,1.3910296834415838
2008-04-23,1.3913095355043117
2008-04-24,1.3915894438686254
2008-04-25,1.3918694085458518
2008-04-28,1.39214942954732
2008-04-29,1.3924295068843617
2008-04-30,1.3927096405683106
2008-05-02,1.3929898306105029
2008-05-05,1.3932700770222766
2008-05-06,1.3935503798149727
2008-05-07,1.3938307389999338
2008-05-08,1.3941111545885052
2008-05-09,1.3943916265920344
2008-05-12,1.3946721550218713
2008-05-13,1.3949527398893677
2008-05-14,1.3952333812058781
2008-05-15,1.395514078982759
2008-05-16,1.3957948332313692
2008-05-20,1.39607564396307
2008-05-21,1.3963565111892247
2008-05-22,1.3966374349211992
2008-05-23,1.3969184151703615
2008-05-26,1.3971994519480821
2008-05-27,1.3974805452657335
2008-05-28,1.3977616951346903
2008-05-29,1.39804290156633
2008-05-30,1.398324164572032
2008-06-02,1.3986054841631779
2008-06-03,1.398886860351152
2008-06-04,1.3991682931473406
2008-06-05,1.3994497825631322
2008-06-06,1.3997313286099178
2008-06-09,1.4000129312990905
2008-06-10,1.400294590642046
2008-06-11,1.4005763066501822
2008-06-12,1.4008580793348988
2008-06-13,1.4011399087075984
2008-06-16,1.4014217947796856
2008-06-17,1.4017037375625676
2008-06-18,1.4019857370676534
2008-06-19,1.4022677933063548
2008-06-20,1.4025499062900855
2008-06-23,1.4028320760302617
2008-06-24,1.403114302538302
2008-06-25,1.4033965858256268
2008-06-26,1.4036789259036593
2008-06-27,1.403961322783825
2008-06-30,1.4042437764775515
2008-07-01,1.4045262869962687
2008-07-02,1.4048088543514088
2008-07-03,1.4050914785544064
2008-07-04,1.4053741596166984
2008-07-07,1.405656897549724
2008-07-08,1.405939692364924
2008-07-09,1.406222544073743
2008-07-10,1.4065054526876266
2008-07-11,1.4067884182180235
2008-07-14,1.407071440676384
2008-07-15,1.4073545200741613
2008-07-16,1.4076376564228104
2008-07-17,1.407920849733789
2008-07-18,1.408204100018557
2008-07-21,1.4084874072885767
2008-07-22,1.4087707715553124
2008-07-23,1.409054192830231
2008-07-24,1.4093376711248013
2008-07-25,1.4096212064504952
2008-07-28,1.409904798818786
2008-07-29,1.41018844824115
2008-07-30,1.4104721547290655
2008-07-31,1.410755918294013
2008-08-01,1.4110397389474756
2008-08-04,1.4113236167009384
2008-08-05,1.411607551565889
2008-08-06,1.4118915435538175
2008-08-07,1.4121755926762158
2008-08-08,1.4124596989445786
2008-08-11,1.4127438623704025
2008-08-12,1.413028082965187
2008-08-13,1.4133123607404332
2008-08-14,1.4135966957076451
2008-08-18,1.4138810878783286
2008-08-19,1.414165537263992
2008-08-20,1.4144500438761465
2008-08-21,1.4147346077263045
2008-08-22,1.4150192288259817
2008-08-25,1.4153039071866957
2008-08-26,1.4155886428199664
2008-08-27,1.4158734357373162
2008-08-28,1.4161582859502695
2008-08-29,1.4164431934703534
2008-09-01,1.4167281583090972
2008-09-02,1.4170131804780322
2008-09-04,1.4172982599886923
2008-09-05,1.417583396852614
2008-09-08,1.4178685910813356
2008-09-09,1.418153842686398
2008-09-10,1.4184391516793444
2008-09-11,1.4187245180717203
2008-09-12,1.4190099418750735
2008-09-15,1.419295423100954
2008-09-16,1.4195809617609145
2008-09-17,1.4198665578665095
2008-09-18,1.4201522114292964
2008-09-19,1.4204379224608343
2008-09-22,1.4207236909726852
2008-09-23,1.4210095169764132
2008-09-24,1.4212954004835847
2008-09-25,1.4215813415057683
2008-09-26,1.4218673400545352
2008-09-29,1.4221533961414587
2008-09-30,1.4224395097781146
2008-10-01,1.4227256809760809
2008-10-03,1.4230119097469378
2008-10-06,1.4232981961022684
2008-10-07,1.4235845400536575
2008-10-08,1.4238709416126925
2008-10-10,1.424157400790963
2008-10-13,1.4244439176000612
2008-10-14,1.4247304920515813
2008-10-15,1.4250171241571201
2008-10-16,1.4253038139282768
2008-10-17,1.4255905613766524
2008-10-20,1.4258773665138509
2008-10-21,1.4261642293514782
2008-10-22,1.4264511499011427
2008-10-23,1.4267381281744551
2008-10-24,1.4270251641830285
2008-10-27,1.4273122579384783
2008-10-28,1.427599409452422
2008-10-29,1.4278866187364798
2008-10-31,1.4281738858022741
2008-11-03,1.4284612106614296
2008-11-04,1.4287485933255732
2008-11-05,1.4290360338063346
2008-11-06,1.4293235321153452
2008-11-07,1.4296110882642394
2008-11-10,1.4298987022646537
2008-11-11,1.4301863741282264
2008-11-12,1.430474103866599
2008-11-14,1.4307618914914146
2008-11-17,1.4310497370143194
2008-11-18,1.4313376404469613
2008-11-19,1.431625601800991
2008-11-20,1.431913621088061
2008-11-21,1.4322016983198267
2008-11-24,1.4324898335079455
2008-11-25,1.4327780266640773
2008-11-26,1.4330662777998842
2008-11-28,1.4333545869270308
2008-12-01,1.433642954057184
2008-12-02,1.4339313792020132
2008-12-03,1.4342198623731897
2008-12-04,1.4345084035823876
2008-12-05,1.4347970028412833
2008-12-08,1.4350856601615551
2008-12-10,1.4353743755548845
2008-12-11,1.4356631490329543
2008-12-12,1.4359519806074506
2008-12-15,1.436240870290061
2008-12-16,1.4365298180924764
2008-12-17,1.436818824026389
2008-12-18,1.4371078881034942
2008-12-19,1.4373970103354894
2008-12-22,1.4376861907340746
2008-12-23,1.4379754293109517
2008-12-24,1.4382647260778252
2008-12-26,1.438554081046402
2008-12-29,1.4388434942283912
2008-12-30,1.4391329656355047
2008-12-31,1.4394224952794563
2009-01-01,1.439712083171962
2009-01-02,1.440001729324741
2009-01-05,1.4402914337495136
2009-01-06,1.4405811964580038
2009-01-07,1.4408710174619368
2009-01-09,1.441160896773041
2009-01-12,1.4414508344030468
2009-01-13,1.441740830363687
2009-01-14,1.4420308846666965
2009-01-15,1.4423209973238131
2009-01-16,1.4426111683467766
2009-01-19,1.4429013977473293
2009-01-20,1.4431916855372156
2009-01-21,1.4434820317281827
2009-01-22,1.4437724363319797
2009-01-23,1.4440628993603584
2009-01-27,1.4443534208250728
2009-01-28,1.4446440007378796
2009-01-29,1.4449346391105373
2009-01-30,1.445225335954807
2009-02-02,1.4455160912824525
2009-02-03,1.4458069051052393
2009-02-04,1.4460977774349362
2009-02-05,1.4463887082833133
2009-02-06,1.4466796976621439
2009-02-09,1.446970745583203
2009-02-10,1.4472618520582687
2009-02-11,1.4475530170991209
2009-02-12,1.447844240717542
2009-02-13,1.448135522925317
2009-02-16,1.448426863734233
2009-02-17,1.4487182631560798
2009-02-18,1.4490097212026491
2009-02-19,1.4493012378857353
2009-02-20,1.4495928132171352
2009-02-24,1.4498844472086476
2009-02-25,1.450176139872074
2009-02-26,1.4504678912192186
2009-02-27,1.4507597012618871
2009-03-02,1.4510515700118882
2009-03-03,1.451343497481033
2009-03-04,1.4516354836811347
2009-03-05,1.451927528624009
2009-03-06,1.452219632321474
2009-03-09,1.45251179478535
2009-03-12,1.4528040160274602
2009-03-13,1.4530962960596294
2009-03-16,1.4533886348936853
2009-03-17,1.453681032541458
2009-03-18,1.4539734890147797
2009-03-19,1.4542660043254851
2009-03-20,1.4545585784854116
2009-03-23,1.4548512115063983
2009-03-24,1.4551439034002873
2009-03-25,1.4554366541789228
2009-03-26,1.4557294638541514
2009-03-27,1.456022332437822
2009-03-30,1.4563152599417863
2009-03-31,1.4544266064681957
2009-04-01,1.4245973184844976
2009-04-02,1.443662155087372
2009-04-06,1.4115868037715347
2009-04-08,1.4283865225472325
2009-04-09,1.4203177664672515
2009-04-13,1.4117849290089974
2009-04-15,1.438929445611331
2009-04-16,1.464660716382312
2009-04-17,1.4819373680218202
2009-04-20,1.4932290068867704
2009-04-21,1.5047854443173896
2009-04-22,1.4829460189854142
2009-04-23,1.507779763602298
2009-04-24,1.5276204716211947
2009-04-27,1.5200755202876302
2009-04-28,1.5113050829324903
2009-04-29,1.5425373529071296
2009-05-04,1.562540521289733
2009-05-05,1.5585415894933812
2009-05-06,1.5265402594438127
2009-05-07,1.5377238405329867
2009-05-08,1.5218307903733195
2009-05-11,1.4972783285390399
2009-05-12,1.5099268804462824
2009-05-13,1.5111238067205217
2009-05-14,1.5399270097512063
2009-05-15,1.560513932777678
2009-05-18,1.6894629454162575
2009-05-19,1.633054813476344
2009-05-20,1.678345300726722
2009-05-21,1.6520803749179067
2009-05-22,1.6534626005082118
2009-05-25,1.6736498478536654
2009-05-26,1.6403489250563261
2009-05-27,1.670947767023166
2009-05-28,1.6844339081287742
2009-05-29,1.6815295421119347
2009-06-01,1.7112829515572416
2009-06-02,1.6980000255248069
2009-06-03,1.714338427961864
2009-06-04,1.6944758425012585
2009-06-05,1.7465705026504696
2009-06-08,1.6651154638375063
2009-06-09,1.7172660426866064
2009-06-10,1.7765055770809994
2009-06-11,1.7555712011242441
2009-06-12,1.7361974641535314
2009-06-15,1.6934131961549608
2009-06-16,1.7181247642276363
2009-06-17,1.6742646433361328
2009-06-18,1.6811299801833277
2009-06-19,1.7104119204947978
2009-06-22,1.6983067331053796
2009-06-23,1.708725989919574
2009-06-24,1.757808182337182
2009-06-25,1.7600835163661457
2009-06-26,1.7803979180815839
2009-06-29,1.7652517673771966
2009-06-30,1.7264243345997232
2009-07-01,1.745070592411553
2009-07-02,1.757060634699077
2009-07-03,1.785919461971847
2009-07-06,1.663782890424669
2009-07-07,1.6946783267365182
2009-07-08,1.657803047105525
2009-07-09,1.6709520420371948
2009-07-10,1.6504924887055124
2009-07-13,1.6373080961518829
2009-07-14,1.670102189140065
2009-07-15,1.6861836821559448
2009-07-16,1.6846241333301992
2009-07-17,1.7071585382378411
2009-07-20,1.7411378872911367
2009-07-21,1.7411639049507333
2009-07-22,1.7151168580284715
2009-07-23,1.7141987901353386
2009-07-24,1.7298914385266384
2009-07-27,1.7272525432542412
2009-07-28,1.753400636155011
2009-07-29,1.7580184732023967
2009-07-30,1.8155061129834589
2009-07-31,1.8113700586334467
2009-08-03,1.879221878577846
2009-08-04,1.8676160183595716
2009-08-05,1.8662440480407323
2009-08-06,1.7972706733281276
2009-08-07,1.775829921318457
2009-08-10,1.7499691256166914
2009-08-11,1.7789194816627831
2009-08-12,1.7862849928687765
2009-08-13,1.8389855995256084
2009-08-14,1.86569414664622
2009-08-17,1.7915786118150527
2009-08-18,1.8783903940459012
2009-08-19,1.8596997996464248
2009-08-20,1.858724730878825
2009-08-21,1.8711720351973284
2009-08-24,1.9315490337141894
2009-08-25,1.9747552596732856
2009-08-26,1.9989036948079553
2009-08-27,1.9893926244575273
2009-08-28,1.9745832959151632
2009-08-31,1.9636422386451957
2009-09-01,1.9951083536373377
2009-09-02,2.0003607319632812
2009-09-03,1.9872862470082682
2009-09-04,2.0099575921837953
2009-09-07,2.031365749817109
2009-09-08,2.0130178688950737
2009-09-09,2.0253302754055387
2009-09-10,2.012563474347989
2009-09-11,1.9972132012472463
2009-09-14,1.987792684070814
2009-09-15,2.024066590429337
2009-09-16,2.065974302796169
2009-09-17,2.045983303928638
2009-09-18,2.0622078308175507
2009-09-22,2.134102101777263
2009-09-23,2.123404653021047
2009-09-24,2.1146735699844843
2009-09-25,2.1099226470699115
2009-09-29,2.13246696151977
2009-09-30,2.1386481133361164
2009-10-01,2.116478086151519
2009-10-05,2.082043364740581
2009-10-06,2.071407744898198
2009-10-07,2.057074649980935
2009-10-08,2.0751363006573853
2009-10-09,2.079577671187557
2009-10-12,2.100615737903972
2009-10-14,2.1227038421127244
2009-10-15,2.1367990907420156
2009-10-16,2.143621120398762
2009-10-17,2.1408960056867925
2009-10-20,2.1629890768007156
2009-10-21,2.157113791147232
2009-10-22,2.1449963866888613
2009-10-23,2.181022956629372
2009-10-26,2.195116598437531
2009-10-27,2.1515582220480214
2009-10-28,2.156612776206778
2009-10-29,2.1160107937935413
2009-10-30,2.1441783188633563
2009-11-03,2.0640123262891765
2009-11-04,2.1108675321962274
2009-11-05,2.135918147307054
2009-11-06,2.2226559534334163
2009-11-09,2.2655437296492873
2009-11-10,2.268685981591121
2009-11-11,2.32987407227847
2009-11-12,2.278018998879557
2009-11-13,2.3077355775880184
2009-11-16,2.3190006082325745
2009-11-17,2.3300305436241877
2009-11-18,2.3271262727988695
2009-11-19,2.2976017297179254
2009-11-20,2.313006898548889
2009-11-23,2.3116618238663458
2009-11-24,2.3168057239818265
2009-11-25,2.2940738006391337
2009-11-26,2.281252031715897
2009-11-27,2.2572555739670905
2009-11-30,2.2715410104415734
2009-12-01,2.294754674571308
2009-12-02,2.2747638201061418
2009-12-03,2.2866102547464413
2009-12-04,2.2750819964431503
2009-12-07,2.231782887179668
2009-12-08,2.2306118589559785
2009-12-09,2.2127883580036216
2009-12-10,2.2045155874571636
2009-12-11,2.2034994537053088
2009-12-14,2.1910592358136416
2009-12-15,2.19417875593604
2009-12-16,2.2004286892910785
2009-12-17,2.200638107931062
2009-12-18,2.2000129776004664
2009-12-21,2.1954698980981626
2009-12-22,2.1928059619368545
2009-12-23,2.2044476044241894
2009-12-24,2.2016513638774136
2009-12-29,2.204418450986828
2009-12-30,2.2063246358491932
2009-12-31,2.20319350261883
2010-01-04,2.254880075369544
2010-01-05,2.2519956571430204
2010-01-06,2.276781248733908
2010-01-07,2.249754174067745
2010-01-08,2.2323775877261167
2010-01-11,2.225401866049603
2010-01-12,2.2227428068288937
2010-01-13,2.2824127870046844
2010-01-14,2.3368876738381514
2010-01-15,2.300635385513426
2010-01-18,2.2946880594376293
2010-01-19,2.275945625224317
2010-01-20,2.2862635851133266
2010-01-21,2.2178766543308237
2010-01-22,2.1718677437522436
2010-01-25,2.1677641237241647
2010-01-27,2.1240128855074656
2010-01-28,2.124440201613186
2010-01-29,2.124867603687808
2010-02-01,2.1252950917486264
2010-02-02,2.125722665812941
2010-02-03,2.126150325898054
2010-02-04,2.126578072021271
2010-02-05,2.127005904199902
2010-02-06,2.1274338224512594
2010-02-08,2.12786182679266
2010-02-09,2.1282899172414234
2010-02-10,2.1287180938148733
2010-02-11,2.1291463565303363
2010-02-15,2.129574705405143
2010-02-16,2.1300031404566266
2010-02-17,2.1304316617021253
2010-02-18,2.1308602691589793
2010-02-19,2.131288962844533
2010-02-22,2.131717742776134
2010-02-23,2.132146608971134
2010-02-24,2.1325755614468878
2010-02-25,2.133004600220753
2010-02-26,2.133433725310092
2010-03-02,2.1338629367322697
2010-03-03,2.1342922345046547
2010-03-04,2.1347216186446194
2010-03-05,2.1351510891695398
2010-03-08,2.1355806460967948
2010-03-09,2.1360102894437674
2010-03-10,2.1364400192278437
2010-03-11,2.1368698354664133
2010-03-12,2.1372997381768695
2010-03-15,2.137729727376609
2010-03-16,2.1381598030830316
2010-03-17,2.1385899653135416
2010-03-18,2.1390202140855457
2010-03-19,2.139450549416455
2010-03-22,2.1398809713236835
2010-03-23,2.140311479824649
2010-03-25,2.1407420749367727
2010-03-26,2.1411727566774794
2010-03-29,2.1416035250641974
2010-03-30,2.1420343801143584
2010-03-31,2.139256437189612
2010-04-01,2.0429588792956923
2010-04-05,2.060736848486948
2010-04-06,2.071886921895513
2010-04-07,2.0608740444724702
2010-04-08,2.0387320847080788
2010-04-09,2.0357877650728518
2010-04-12,2.023741399014681
2010-04-13,2.035154556477641
2010-04-15,2.025162930809809
2010-04-16,2.0446039281117394
2010-04-19,2.015384678936238
2010-04-20,2.030430586848726
2010-04-21,2.063341244066481
2010-04-22,2.0489453289145807
2010-04-23,2.0330979570588874
2010-04-26,2.0395551130677476
2010-04-27,2.038778259690133
2010-04-28,2.017788833405921
2010-04-29,2.033400094370767
2010-04-30,2.0632907131999825
2010-05-03,2.0447211994740058
2010-05-04,2.0333141042913407
2010-05-05,2.041859333878651
2010-05-06,2.072428268773707
2010-05-07,2.0067083737781504
2010-05-10,2.007112090164925
2010-05-11,2.0075158877727297
2010-05-12,2.0079197666179045
2010-05-13,2.0083237267167933
2010-05-14,2.008727768085743
2010-05-17,2.0091318907411035
2010-05-18,2.0095360946992282
2010-05-19,2.009940379976474
2010-05-20,2.0103447465892015
2010-05-21,2.0107491945537737
2010-05-24,2.011153723886557
2010-05-25,2.0115583346039214
2010-05-26,2.01196302672224
2010-05-27,2.01236780025789
2010-05-28,2.0127726552272507
2010-05-31,2.013177591646705
2010-06-01,2.01358260953264
2010-06-02,2.0139877089014444
2010-06-03,2.0143928897695123
2010-06-04,2.014798152153239
2010-06-07,2.015203496069025
2010-06-08,2.0156089215332726
2010-06-09,2.016014428562388
2010-06-10,2.016420017172781
2010-06-11,2.016825687380864
2010-06-14,2.0172314392030537
2010-06-15,2.017637272655769
2010-06-16,2.018043187755433
2010-06-17,2.018449184518471
2010-06-18,2.018855262961313
2010-06-21,2.0192614231003914
2010-06-22,2.019667664952142
2010-06-23,2.0200739885330043
2010-06-24,2.0204803938594207
2010-06-25,2.020886880947837
2010-06-28,2.0212934498147024
2010-06-29,2.0217001004764694
2010-06-30,2.0190782156261555
2010-07-01,2.0048544645151254
2010-07-02,2.000998004004963
2010-07-05,1.9977334078454598
2010-07-06,2.021208722529357
2010-07-07,2.0239583843505486
2010-07-08,2.0486961983409766
2010-07-09,2.058289754362365
2010-07-12,2.0604623351282294
2010-07-13,2.072215754081254
2010-07-14,2.064348726783819
2010-07-15,2.0898041775566343
2010-07-16,2.089932121449357
2010-07-19,2.0978127025435738
2010-07-20,2.0887606636670166
2010-07-21,2.1217254934272094
2010-07-22,2.1274453190144067
2010-07-23,2.1229385855943415
2010-07-26,2.1011442816092663
2010-07-27,2.099241604456481
2010-07-28,2.090625011324797
2010-07-29,2.097397767359941
2010-07-30,2.093395210966583
2010-08-02,2.128294898268633
2010-08-03,2.126955462304013
2010-08-04,2.1343606731830196
2010-08-05,2.1489553268879567
2010-08-06,2.1487344234207013
2010-08-09,2.171007590131814
2010-08-10,2.1498846922987527
2010-08-11,2.1271297283555457
2010-08-12,2.127936834707492
2010-08-13,2.1773392825694318
2010-08-16,2.165890572910919
2010-08-17,2.1763451167935535
2010-08-18,2.1982115233680157
2010-08-19,2.2291246614774707
2010-08-20,2.2194999354063274
2010-08-23,2.2362060877902756
2010-08-24,2.2340506867508383
2010-08-25,2.2075433354847354
2010-08-26,2.18862839115826
2010-08-27,2.169180505165911
2010-08-30,2.179271450873295
2010-08-31,2.1604457737016403
2010-09-01,2.191641046914807
2010-09-02,2.2131512640276574
2010-09-03,2.244558695373971
2010-09-06,2.2690898898271894
2010-09-07,2.2617797772156454
2010-09-08,2.268301380209584
2010-09-09,2.2564938552031513
2010-09-13,2.2849769347850852
2010-09-14,2.2926562462463913
2010-09-15,2.339223830002489
2010-09-16,2.3322612673786525
2010-09-17,2.363384473077612
2010-09-20,2.3594361678817894
2010-09-21,2.330861737337216
2010-09-22,2.314738935990981
2010-09-23,2.308837744244791
2010-09-24,2.331856924010997
2010-09-27,2.3686486413059464
2010-09-28,2.377798873125258
2010-09-29,2.3834349770507903
2010-09-30,2.390364958832288
2010-10-01,2.4576137341402164
2010-10-04,2.5463830182623286
2010-10-05,2.5749902166467775
2010-10-06,2.5122258824083454
2010-10-07,2.495672283177681
2010-10-08,2.4966286301801475
2010-10-11,2.539642489127277
2010-10-12,2.5260175615400726
2010-10-13,2.5703547805235694
2010-10-14,2.5797200048558997
2010-10-15,2.5509494581417487
2010-10-18,2.527793293235294
2010-10-19,2.5226861787004413
2010-10-20,2.5087950869405553
2010-10-21,2.513782264478414
2010-10-22,2.5398652600376783
2010-10-25,2.5636930521448997
2010-10-26,2.576311226023682
2010-10-27,2.573623525979353
2010-10-28,2.556123992967943
2010-10-29,2.5266427739987405
2010-11-01,2.597968646051972
2010-11-02,2.5923912075150572
2010-11-03,2.5900895632629357
2010-11-04,2.6116363028538085
2010-11-05,2.6265837571701054
2010-11-08,2.637799513993479
2010-11-09,2.6679537909951647
2010-11-10,2.694069895390635
2010-11-11,2.6605896937624527
2010-11-12,2.5849261899962106
2010-11-15,2.5844594932009795
2010-11-16,2.5495309331678744
2010-11-18,2.5682733678034295
2010-11-19,2.5535009620541875
2010-11-22,2.6032921899901695
2010-11-23,2.5827566419156316
2010-11-24,2.5962908284458575
2010-11-25,2.579621289336387
2010-11-26,2.5211196345702946
2010-11-29,2.5144222866594066
2010-11-30,2.5183118645460008
2010-12-01,2.6091177063001005
2010-12-02,2.63416153027243
2010-12-03,2.5362137826959787
2010-12-06,2.5120162392634238
2010-12-07,2.4130673406915926
2010-12-08,2.3777898183997417
2010-12-09,2.320969663374402
2010-12-10,2.3197878807432146
2010-12-13,2.323616571321746
2010-12-14,2.3322113257921893
2010-12-15,2.332618449454498
2010-12-16,2.3319258130190916
2010-12-20,2.3306222351709955
2010-12-21,2.3310296046022936
2010-12-22,2.3341255586665675
2010-12-23,2.3309891566793053
2010-12-24,2.331885590696505
2010-12-27,2.332659902052004
2010-12-28,2.3356339794379024
2010-12-29,2.358527499605564
2010-12-30,2.3579578057378674
2010-12-31,2.3563052228324723
2011-01-03,2.3706546889328575
2011-01-04,2.3538231803399325
2011-01-05,2.3326228292804467
2011-01-06,2.308615444536356
2011-01-07,2.2220047423628038
2011-01-10,2.16765728702075
2011-01-11,2.1570333095099135
2011-01-12,2.159975788765101
2011-01-13,2.1577254207442356
2011-01-14,2.1471847386285257
2011-01-17,2.1476167165261333
2011-01-18,2.1480487813305174
2011-01-19,2.148480933059162
2011-01-20,2.1489131717295553
2011-01-21,2.149345497359188
2011-01-24,2.1497779099655547
2011-01-25,2.1502104095661543
2011-01-27,2.1506429961784885
2011-01-28,2.151075669820062
2011-01-31,2.1515084305083843
2011-02-01,2.1519412782609675
2011-02-02,2.1523742130953276
2011-02-03,2.152807235028984
2011-02-04,2.1532403440794594
2011-02-07,2.1536735402642804
2011-02-08,2.154106823600977
2011-02-09,2.1545401941070823
2011-02-10,2.154973651800134
2011-02-11,2.1554071966976722
2011-02-14,2.1558408288172415
2011-02-15,2.156274548176389
2011-02-16,2.156708354792666
2011-02-17,2.1571422486836274
2011-02-18,2.157576229866831
2011-02-21,2.158010298359839
2011-02-22,2.1584444541802164
2011-02-23,2.158878697345532
2011-02-24,2.1593130278733583
2011-02-25,2.1597474457812713
2011-02-28,2.1601819510868503
2011-03-01,2.160616543807678
2011-03-03,2.1610512239613415
2011-03-04,2.16148599156543
2011-03-07,2.1619208466375377
2011-03-08,2.1623557891952614
2011-03-09,2.162790819256202
2011-03-10,2.163225936837964
2011-03-11,2.1636611419581544
2011-03-14,2.1640964346343847
2011-03-15,2.16453181488427
2011-03-16,2.1649672827254283
2011-03-17,2.1654028381754817
2011-03-18,2.165838481252056
2011-03-21,2.1662742119727794
2011-03-22,2.166710030355285
2011-03-23,2.1671459364172088
2011-03-24,2.1675819301761905
2011-03-25,2.168018011649873
2011-03-28,2.1684541808559037
2011-03-29,2.1688904378119322
2011-03-30,2.1693267825356126
2011-03-31,2.166513444877286
2011-04-01,2.2069555134639964
2011-04-04,2.2174373180191616
2011-04-05,2.25661489372391
2011-04-06,2.287650798653135
2011-04-07,2.307750185574596
2011-04-08,2.250478696560239
2011-04-11,2.228211147178874
2011-04-13,2.2502004136158176
2011-04-15,2.249273730649299
2011-04-18,2.263303487305726
2011-04-19,2.287909028153763
2011-04-20,2.2755252895125473
2011-04-21,2.2780632200372573
2011-04-25,2.2522703573097194
2011-04-26,2.221977302860548
2011-04-27,2.2175179517628836
2011-04-28,2.204921053547806
2011-04-29,2.1761763676686483
2011-05-02,2.145412937000787
2011-05-03,2.0960340122056222
2011-05-04,2.123594130125375
2011-05-05,2.0981676141676386
2011-05-06,2.1077834347469815
2011-05-09,2.1082074857568336
2011-05-10,2.108631622078704
2011-05-11,2.109055843729756
2011-05-12,2.1094801507271566
2011-05-13,2.1099045430880756
2011-05-16,2.1103290208296874
2011-05-17,2.110753583969169
2011-05-18,2.1111782325237005
2011-05-19,2.1116029665104663
2011-05-20,2.1120277859466543
2011-05-23,2.112452690849455
2011-05-24,2.1128776812360632
2011-05-25,2.1133027571236767
2011-05-26,2.113727918529497
2011-05-27,2.1141531654707286
2011-05-30,2.11457849796458
2011-05-31,2.115003916028263
2011-06-01,2.115429419678993
2011-06-02,2.1158550089339885
2011-06-03,2.1162806838104715
2011-06-06,2.116706444325668
2011-06-07,2.117132290496807
2011-06-08,2.1175582223411205
2011-06-09,2.1179842398758453
2011-06-10,2.1184103431182204
2011-06-13,2.118836532085489
2011-06-14,2.119262806794897
2011-06-15,2.119689167263695
2011-06-16,2.120115613509136
2011-06-17,2.120542145548477
2011-06-20,2.120968763398978
2011-06-21,2.1213954670779036
2011-06-22,2.12182225660252
2011-06-23,2.1222491319900985
2011-06-24,2.122676093257913
2011-06-27,2.1231031404232414
2011-06-28,2.123530273503365
2011-06-29,2.123957492515568
2011-06-30,2.121202992987658
2011-07-01,2.110583216032488
2011-07-04,2.1368970718378137
2011-07-05,2.1274698582399725
2011-07-06,2.1351380582427177
2011-07-07,2.1677546344104677
2011-07-08,2.1302690117395886
2011-07-11,2.139561591761901
2011-07-12,2.1377280910137357
2011-07-13,2.177783080152526
2011-07-14,2.1867651616475516
2011-07-15,2.1973337947838125
2011-07-18,2.215852523930053
2011-07-19,2.25779015296445
2011-07-20,2.2335087521577077
2011-07-21,2.2298362501734994
2011-07-22,2.246096706375147
2011-07-25,2.2468759477044884
2011-07-26,2.2380125901317305
2011-07-27,2.236686885659325
2011-07-28,2.2421361728793743
2011-07-29,2.226723749525159
2011-08-01,2.2271717293503546
2011-08-02,2.227619799301648
2011-08-03,2.228067959397172
2011-08-04,2.228516209655062
2011-08-05,2.228964550093457
2011-08-08,2.2294129807305
2011-08-09,2.229861501584337
2011-08-10,2.230310112673118
2011-08-11,2.230758814014998
2011-08-12,2.231207605628133
2011-08-16,2.231656487530685
2011-08-17,2.232105459740818
2011-08-18,2.232554522276701
2011-08-19,2.2330036751565054
2011-08-22,2.2334529183984078
2011-08-23,2.2339022520205867
2011-08-24,2.2343516760412254
2011-08-25,2.234801190478511
2011-08-26,2.235250795350633
2011-08-29,2.2357004906757862
2011-08-30,2.236150276472168
2011-09-02,2.2366001527579797
2011-09-05,2.237050119551426
2011-09-06,2.2375001768707157
2011-09-07,2.237950324734061
2011-09-08,2.2384005631596784
2011-09-09,2.238850892165787
2011-09-12,2.23930131177061
2011-09-13,2.2397518219923747
2011-09-14,2.240202422849311
2011-09-15,2.240653114359654
2011-09-16,2.2411038965416417
2011-09-19,2.2415547694135154
2011-09-20,2.2420057329935204
2011-09-21,2.2424567872999055
2011-09-22,2.242907932350924
2011-09-23,2.2433591681648313
2011-09-26,2.243810494759888
2011-09-27,2.2442619121543577
2011-09-28,2.2447134203665073
2011-09-29,2.245165019414608
2011-09-30,2.245616709316935
2011-10-03,2.2460684900917665
2011-10-04,2.246520361757384
2011-10-05,2.2469723243320736
2011-10-07,2.2474243778341245
2011-10-10,2.24787652228183
2011-10-11,2.248328757693487
2011-10-12,2.2487810840873954
2011-10-13,2.24923350148186
2011-10-14,2.249686009895188
2011-10-17,2.250138609345691
2011-10-18,2.2505912998516844
2011-10-19,2.251044081431487
2011-10-20,2.2514969541034215
2011-10-21,2.251949917885814
2011-10-24,2.2524029727969936
2011-10-25,2.252856118855295
2011-10-26,2.253309356079055
2011-10-28,2.2537626844866145
2011-10-31,2.2508398443298243
2011-11-01,2.243319214113879
2011-11-02,2.240982349478201
2011-11-03,2.2392665243275496
2011-11-04,2.2454742138152284
2011-11-08,2.232438022749868
2011-11-09,2.2248059847552124
2011-11-11,2.2237961833051183
2011-11-14,2.2242435741526267
2011-11-15,2.224691055007741
2011-11-16,2.2251386258885693
2011-11-17,2.2255862868132232
2011-11-18,2.2260340377998182
2011-11-21,2.226481878866473
2011-11-22,2.22692981003131
2011-11-23,2.227377831312456
2011-11-24,2.2278259427280407
2011-11-25,2.2282741442961975
2011-11-28,2.228722436035064
2011-11-29,2.2291708179627805
2011-11-30,2.229619290097492
2011-12-01,2.230067852457346
2011-12-02,2.230516505060495
2011-12-05,2.230965247925094
2011-12-07,2.2314140810693024
2011-12-08,2.2318630045112826
2011-12-09,2.232312018269201
2011-12-12,2.2327611223612283
2011-12-13,2.2332103168055375
2011-12-14,2.2336596016203063
2011-12-15,2.234108976823716
2011-12-16,2.234558442433951
2011-12-19,2.2350079984691997
2011-12-20,2.235457644947654
2011-12-21,2.2359073818875097
2011-12-22,2.236357209306966
2011-12-23,2.236807127224226
2011-12-26,2.2372571356574964
2011-12-27,2.2377072346249873
2011-12-28,2.238157424144913
2011-12-29,2.2386077042354913
2011-12-30,2.2390580749149427
2012-01-02,2.239508536201493
2012-01-03,2.23995908811337
2012-01-04,2.240409730668807
2012-01-05,2.2408604638860394
2012-01-06,2.241311287783307
2012-01-07,2.241762202378853
2012-01-09,2.242213207690924
2012-01-10,2.2426643037377714
2012-01-11,2.243115490537649
2012-01-12,2.2435667681088156
2012-01-13,2.244018136469532
2012-01-16,2.2444695956380643
2012-01-17,2.2449211456326807
2012-01-18,2.245372786471654
2012-01-19,2.2458245181732615
2012-01-20,2.246276340755782
2012-01-23,2.2467282542375004
2012-01-24,2.2471802586367033
2012-01-25,2.247632353971682
2012-01-27,2.2480845402607312
2012-01-30,2.2485368175221496
2012-01-31,2.2456207546422755
2012-02-01,2.2449499854514525
2012-02-02,2.259592458070888
2012-02-03,2.285076263057565
2012-02-06,2.328608363741755
2012-02-07,2.244594098181768
2012-02-08,2.2715427137331967
2012-02-09,2.3222508106390505
2012-02-10,2.3463040213181543
2012-02-13,2.3486413613151367
2012-02-14,2.368494765287773
2012-02-15,2.41659986781026
2012-02-16,2.4149996561371343
2012-02-17,2.378418613477115
2012-02-21,2.400093759155001
2012-02-22,2.313159520923576
2012-02-23,2.308272084217881
2012-02-24,2.3232948438279206
2012-02-27,2.3265286698860117
2012-02-28,2.3491359570624866
2012-02-29,2.369083651911134
2012-03-01,2.3551117885339394
2012-03-02,2.3259736902036616
2012-03-03,2.326031124075358
2012-03-05,2.3111797562475713
2012-03-06,2.272514958688981
2012-03-07,2.2817812847037535
2012-03-09,2.29737701271478
2012-03-12,2.3390118016491903
2012-03-13,2.360592835143483
2012-03-14,2.332072006763978
2012-03-15,2.3145895731829236
2012-03-16,2.306490048746218
2012-03-19,2.3012859309319227
2012-03-20,2.2985130906616824
2012-03-21,2.3477408596826024
2012-03-22,2.2889879363588195
2012-03-23,2.285395757689135
2012-03-26,2.2601828634268415
2012-03-27,2.2658303973849225
2012-03-28,2.2589118680828797
2012-03-29,2.2514998307175675
2012-03-30,2.2760935339481434
2012-04-02,2.332454039402081
2012-04-03,2.3401405313191455
2012-04-04,2.3403367020452066
2012-04-09,2.3432656302383688
2012-04-10,2.3435801832533496
2012-04-11,2.322525790223222
2012-04-12,2.3242210818863476
2012-04-13,2.31520637378379
2012-04-16,2.406357856715221
2012-04-17,2.445315128003861
2012-04-18,2.479613626236086
2012-04-19,2.504002650391615
2012-04-20,2.479133894467189
2012-04-23,2.4478512337596188
2012-04-24,2.4599965423586942
2012-04-25,2.487774764711925
2012-04-26,2.4728598016045895
2012-04-27,2.4959298935867884
2012-04-28,2.4960461718288993
2012-04-30,2.509974696407243
2012-05-02,2.48011049208536
2012-05-03,2.45257369076109
2012-05-04,2.371078506708029
2012-05-07,2.3715555283121623
2012-05-08,2.3720326458851173
2012-05-09,2.3725098594462013
2012-05-10,2.372987169014726
2012-05-11,2.373464574610006
2012-05-14,2.3739420762513608
2012-05-15,2.3744196739581125
2012-05-16,2.3748973677495884
2012-05-17,2.375375157645119
2012-05-18,2.3758530436640393
2012-05-21,2.3763310258256873
2012-05-22,2.3768091041494053
2012-05-23,2.3772872786545394
2012-05-24,2.37776554936044
2012-05-25,2.378243916286461
2012-05-28,2.37872237945196
2012-05-29,2.3792009388762994
2012-05-30,2.3796795945788443
2012-05-31,2.3801583465789644
2012-06-01,2.3806371948960336
2012-06-04,2.381116139549429
2012-06-05,2.3815951805585316
2012-06-06,2.3820743179427266
2012-06-07,2.3825535517214034
2012-06-08,2.383032881913955
2012-06-11,2.383512308539778
2012-06-12,2.383991831618273
2012-06-13,2.384471451168845
2012-06-14,2.3849511672109025
2012-06-15,2.3854309797638584
2012-06-18,2.3859108888471283
2012-06-19,2.386390894480133
2012-06-20,2.3868709966822967
2012-06-21,2.3873511954730473
2012-06-22,2.387831490871817
2012-06-25,2.3883118828980416
2012-06-26,2.388792371571161
2012-06-27,2.389272956910619
2012-06-28,2.389753638935863
2012-06-29,2.3866544360123263
2012-07-02,2.3973625790689956
2012-07-03,2.410992285562558
2012-07-04,2.416861704792878
2012-07-05,2.438808735121511
2012-07-06,2.426410077295551
2012-07-09,2.444480538638892
2012-07-10,2.4544447028669
2012-07-11,2.451427702960342
2012-07-12,2.446490470235053
2012-07-13,2.460546271172876
2012-07-16,2.432882427722573
2012-07-17,2.4156688811525586
2012-07-18,2.414333093411979
2012-07-19,2.437454197893528
2012-07-20,2.435047309432327
2012-07-23,2.421089438742471
2012-07-24,2.4188894613173657
2012-07-25,2.4158509508122945
2012-07-26,2.383234991185634
2012-07-27,2.3541219308711194
2012-07-30,2.354595541093899
2012-07-31,2.3515419336986394
2012-08-01,2.3683492418744003
2012-08-02,2.3898687370039164
2012-08-03,2.391288726054204
2012-08-06,2.4120712256030403
2012-08-07,2.408429685478264
2012-08-08,2.441454335984603
2012-08-09,2.4813188948991036
2012-08-10,2.5008252295817144
2012-08-13,2.5188795596137172
2012-08-14,2.5398613871298705
2012-08-16,2.5475243486730195
2012-08-17,2.558287498410276
2012-08-21,2.5778539536475167
2012-08-22,2.5843548770756177
2012-08-23,2.571203389557552
2012-08-24,2.5425966588550404
2012-08-27,2.5170987016523494
2012-08-28,2.485351971696812
2012-08-29,2.4960256618612826
2012-08-30,2.515882968551213
2012-08-31,2.5044857195244177
2012-09-03,2.49447943603096
2012-09-04,2.483529679368772
2012-09-05,2.504765481081935
2012-09-06,2.5313348123721857
2012-09-07,2.573760930618394
2012-09-08,2.573875876182619
2012-09-10,2.6247793443326923
2012-09-11,2.611976467987959
2012-09-12,2.5910847128495043
2012-09-13,2.574458965570294
2012-09-14,2.5722376529710287
2012-09-17,2.53398272695628
2012-09-18,2.5293345469754875
2012-09-20,2.524942048977552
2012-09-21,2.5386061766906867
2012-09-24,2.520800200113648
2012-09-25,2.5242305683899624
2012-09-26,2.5479991243733
2012-09-27,2.5743315074128046
2012-09-28,2.569121686022497
2012-10-01,2.5795606058956877
2012-10-03,2.5673261487135566
2012-10-04,2.5603695580790933
2012-10-05,2.5279990615440284
2012-10-08,2.5293535537831286
2012-10-09,2.5421542448535885
2012-10-10,2.5282098022808563
2012-10-11,2.5425676459398003
2012-10-12,2.5662504489361138
2012-10-15,2.5672745313919076
2012-10-16,2.569450390575609
2012-10-17,2.591319518899863
2012-10-18,2.6017244737813936
2012-10-19,2.5758598748946167
2012-10-22,2.5990331591638483
2012-10-23,2.618764137403236
2012-10-25,2.610918875031608
2012-10-26,2.5849409624009003
2012-10-29,2.5720935471035444
2012-10-30,2.572697864609757
2012-10-31,2.593405320016719
2012-11-01,2.596202775164809
2012-11-02,2.6108253193419206
2012-11-05,2.606323462797991
2012-11-06,2.6311156819505137
2012-11-07,2.6533056066565286
2012-11-08,2.635766450391504
2012-11-09,2.6254406958514265
2012-11-12,2.638521153575903
2012-11-13,2.67946535365411
2012-11-15,2.674388518579837
2012-11-16,2.670644335770135
2012-11-19,2.652697626778402
2012-11-20,2.6340020824363037
2012-11-21,2.62306009300824
2012-11-22,2.6289238649486277
2012-11-23,2.6436343440917107
2012-11-26,2.6639102464294915
2012-11-27,2.6620496473321698
2012-11-29,2.639483882540137
2012-11-30,2.6380755279667705
2012-12-03,2.700501854192239
2012-12-04,2.7562342958597488
2012-12-05,2.7076241817236277
2012-12-06,2.7083413712872315
2012-12-07,2.6961758723361684
2012-12-10,2.7456846567383906
2012-12-11,2.704691015161451
2012-12-12,2.7032928824256013
2012-12-13,2.6412838832987804
2012-12-14,2.646463962774015
2012-12-17,2.6537110024020967
2012-12-18,2.691709034252913
2012-12-19,2.7448634695495713
2012-12-20,2.7339580676873725
2012-12-21,2.665053294248205
2012-12-24,2.676598290792963
2012-12-26,2.6729366591345354
2012-12-27,2.6584865626666847
2012-12-28,2.674141601141821
2012-12-31,2.6882286633418073
2013-01-01,2.707898898831724
2013-01-02,2.7054227633709957
2013-01-03,2.7078267867976686
2013-01-04,2.7235243344053077
2013-01-07,2.710259768198419
2013-01-08,2.7305486077279606
2013-01-09,2.7221243537527613
2013-01-10,2.719720493703819
2013-01-11,2.6682405600747603
2013-01-14,2.669509745171311
2013-01-15,2.6718365342822104
2013-01-16,2.6642576413436942
2013-01-17,2.677990866958858
2013-01-18,2.675275140353733
2013-01-21,2.7127987296048452
2013-01-22,2.716035347759491
2013-01-23,2.6676143646312926
2013-01-24,2.656693674057569
2013-01-25,2.6890042866942783
2013-01-28,2.684934458352202
2013-01-29,2.6789157580545933
2013-01-30,2.6817055593545605
2013-01-31,2.6925120142222605
2013-02-01,2.695236720260961
2013-02-04,2.6525933545956963
2013-02-05,2.6384523684248533
2013-02-06,2.6471176058455876
2013-02-07,2.607636868198327
2013-02-08,2.600471104236007
2013-02-11,2.603463050294906
2013-02-12,2.604562853573171
2013-02-13,2.606559825892609
2013-02-14,2.5959735914225854
2013-02-15,2.594588576103513
2013-02-18,2.593510947157217
2013-02-19,2.6180217909950976
2013-02-20,2.631192319623035
2013-02-21,2.634637432487536
2013-02-22,2.6291213259163904
2013-02-25,2.6221666584803396
2013-02-26,2.620284328739829
2013-02-27,2.6271867919991
2013-02-28,2.6287842056326536
2013-03-01,2.629160336112879
2013-03-04,2.6296892794935
2013-03-05,2.6302183292887413
2013-03-06,2.6307474855200126
2013-03-07,2.6312767482087263
2013-03-08,2.6318061173763003
2013-03-11,2.6323355930441563
2013-03-12,2.63286517523372
2013-03-13,2.6333948639664224
2013-03-14,2.633924659263698
2013-03-15,2.6344545611469856
2013-03-18,2.6349845696377288
2013-03-19,2.635514684757375
2013-03-20,2.6360449065273763
2013-03-21,2.636575234969189
2013-03-22,2.637105670104274
2013-03-25,2.6376362119540957
2013-03-26,2.6381668605401236
2013-03-28,2.638697615883831
2013-04-01,2.5555197461323167
2013-04-02,2.556033874249646
2013-04-03,2.556548105801011
2013-04-04,2.557062440807221
2013-04-05,2.5575768792890896
2013-04-08,2.5580914212674344
2013-04-09,2.558606066763077
2013-04-10,2.5591208157968435
2013-04-11,2.559635668389564
2013-04-12,2.5601506245620724
2013-04-15,2.560665684335208
2013-04-16,2.5611808477298124
2013-04-17,2.5616961147667334
2013-04-18,2.5622114854668223
2013-04-22,2.562726959850934
2013-04-23,2.563242537939928
2013-04-25,2.5637582197546678
2013-04-26,2.5642740053160216
2013-04-29,2.5647898946448615
2013-04-30,2.565305887762064
2013-05-02,2.565821984688509
2013-05-03,2.566338185445082
2013-05-06,2.566854490052671
2013-05-07,2.56737089853217
2013-05-08,2.5678874109044756
2013-05-09,2.5684040271904895
2013-05-10,2.5689207474111173
2013-05-11,2.5694375715872693
2013-05-13,2.5699544997398593
2013-05-14,2.570471531889806
2013-05-15,2.5709886680580314
2013-05-16,2.5715059082654625
2013-05-17,2.57202325253303
2013-05-20,2.5725407008816696
2013-05-21,2.5730582533323205
2013-05-22,2.573575909905926
2013-05-23,2.5740936706234345
2013-05-24,2.5746115355057975
2013-05-27,2.5751295045739715
2013-05-28,2.5756475778489167
2013-05-29,2.5761657553515978
2013-05-30,2.576684037102984
2013-05-31,2.573342409509783
2013-06-03,2.5629941579715805
2013-06-04,2.561523070085764
2013-06-05,2.5975833689017285
2013-06-06,2.631927387979564
2013-06-07,2.6403043332151843
2013-06-10,2.640835518582884
2013-06-11,2.6413668108162542
2013-06-12,2.641898209936796
2013-06-13,2.642429715966012
2013-06-14,2.6429613289254115
2013-06-17,2.6434930488365063
2013-06-18,2.6440248757208136
2013-06-19,2.644556809599855
2013-06-20,2.645088850495155
2013-06-21,2.6456209984282446
2013-06-24,2.6461532534206578
2013-06-25,2.646685615493933
2013-06-26,2.6472180846696127
2013-06-27,2.6477506609692445
2013-06-28,2.644316869110714
2013-07-01,2.696586588695455
2013-07-02,2.7050591339667878
2013-07-03,2.6632600687750614
2013-07-04,2.690344532396776
2013-07-05,2.718353328148133
2013-07-08,2.7625176846108497
2013-07-09,2.767540212548819
2013-07-10,2.752820220297365
2013-07-11,2.7600298748125938
2013-07-12,2.7703686157413188
2013-07-15,2.83263677331061
2013-07-16,2.814553719683672
2013-07-17,2.7888774018346063
2013-07-18,2.8213167655131133
2013-07-19,2.8035053455599823
2013-07-22,2.7907833162590867
2013-07-23,2.766987310401536
2013-07-24,2.76882472584197
2013-07-25,2.7477695440259344
2013-07-26,2.722729921587905
2013-07-29,2.7000072731137674
2013-07-30,2.689366401358311
2013-07-31,2.718652094666438
2013-08-01,2.715251402284113
2013-08-02,2.6956274789917174
2013-08-05,2.6961697944572474
2013-08-06,2.6967122190276394
2013-08-07,2.6972547527248434
2013-08-08,2.6977973955708143
2013-08-12,2.6983401475875106
2013-08-13,2.698883008796896
2013-08-14,2.699425979220938
2013-08-16,2.6999690588816083
2013-08-19,2.7005122478008845
2013-08-20,2.701055546000747
2013-08-21,2.7015989535031815
2013-08-22,2.7021424703301773
2013-08-23,2.7026860965037294
2013-08-26,2.703229832045836
2013-08-27,2.703773676978501
2013-08-28,2.7043176313237307
2013-08-29,2.704861695103538
2013-08-30,2.7054058683399393
2013-09-02,2.7059501510549553
2013-09-03,2.706494543270611
2013-09-04,2.707039045008936
2013-09-05,2.7075836562919653
2013-09-06,2.708128377141737
2013-09-10,2.7086732075802935
2013-09-11,2.709218147629683
2013-09-12,2.7097631973119576
2013-09-13,2.710308356649173
2013-09-16,2.7108536256633897
2013-09-17,2.711399004376674
2013-09-18,2.7119444928110945
2013-09-19,2.7124900909887257
2013-09-20,2.7130357989316463
2013-09-23,2.713581616661939
2013-09-24,2.714127544201691
2013-09-25,2.714673581572994
2013-09-26,2.715219728797945
2013-09-27,2.7157659858986443
2013-09-30,2.716312352897197
2013-10-01,2.7168588298157132
2013-10-03,2.7174054166763066
2013-10-04,2.7179521135010956
2013-10-07,2.718498920312203
2013-10-08,2.719045837131757
2013-10-09,2.719592863981889
2013-10-10,2.720140000884735
2013-10-11,2.7206872478624367
2013-10-14,2.7212346049371385
2013-10-15,2.72178207213099
2013-10-17,2.722329649466146
2013-10-18,2.7228773369647645
2013-10-21,2.723425134649009
2013-10-22,2.7239730425410467
2013-10-23,2.72452106066305
2013-10-24,2.7250691890371948
2013-10-25,2.725617427685662
2013-10-28,2.726165776630638
2013-10-29,2.7267142358943115
2013-10-30,2.727262805498877
2013-10-31,2.723725896621602
2013-11-01,2.731709624153034
2013-11-03,2.7375880305956435
2013-11-05,2.7037930377541533
2013-11-06,2.737393343567813
2013-11-07,2.72988154350773
2013-11-08,2.7479017936997128
2013-11-11,2.752676863765249
2013-11-12,2.7613824247895487
2013-11-13,2.7531406908623834
2013-11-14,2.7658164933169807
2013-11-18,2.7848810780105246
2013-11-19,2.7851546197930137
2013-11-20,2.7614942248491814
2013-11-21,2.717017858337027
2013-11-22,2.728901702903559
2013-11-25,2.7398901035686976
2013-11-26,2.7585233800512325
2013-11-27,2.7326670843333885
2013-11-28,2.72768464030099
2013-11-29,2.7469007457135044
2013-12-02,2.8006236348689746
2013-12-03,2.7789732703416465
2013-12-04,2.7635065515335446
2013-12-05,2.7472576819849674
2013-12-06,2.7429781436285134
2013-12-09,2.7411213869420434
2013-12-10,2.746099021381069
2013-12-11,2.7161977820342043
2013-12-12,2.694617646331335
2013-12-13,2.6954034393456823
2013-12-16,2.761825014810819
2013-12-17,2.7503840689668944
2013-12-18,2.783292132333525
2013-12-19,2.792708854024294
2013-12-20,2.841421236630653
2013-12-23,2.836916880073473
2013-12-24,2.8606662255424764
2013-12-26,2.86467918819434
2013-12-27,2.850673734276819
2013-12-30,2.842782233106724
2013-12-31,2.836088299939483
2014-01-01,2.856053155110621
2014-01-02,2.842597360867
2014-01-03,2.8909137591022875
2014-01-06,2.9497999880698633
2014-01-07,2.9483708407254676
2014-01-08,2.9935711432540746
2014-01-09,2.966303560163912
2014-01-10,2.967504423630027
2014-01-13,2.9534339887685035
2014-01-14,2.958422069308453
2014-01-15,2.9506351600165877
2014-01-16,2.9541832702369866
2014-01-17,2.8697494918312976
2014-01-20,2.9187355200184375
2014-01-21,2.9588986010020184
2014-01-22,2.9636197874929175
2014-01-23,2.956094426652298
2014-01-24,2.9077192161087533
2014-01-27,2.8531312138486613
2014-01-28,2.8731444835488427
2014-01-29,2.896288713277275
2014-01-30,2.9102038010832927
2014-01-31,2.9274907628010074
2014-02-03,2.928079725307228
2014-02-04,2.92866880630292
2014-02-05,2.929258005811922
2014-02-06,2.9298473238580764
2014-02-07,2.9304367604652315
2014-02-10,2.931026315657239
2014-02-11,2.931615989457957
2014-02-12,2.9322057818912475
2014-02-13,2.9327956929809766
2014-02-14,2.9333857227510167
2014-02-17,2.933975871225244
2014-02-18,2.9345661384275403
2014-02-19,2.9351565243817914
2014-02-20,2.9357470291118886
2014-02-21,2.936337652641727
2014-02-24,2.936928394995207
2014-02-25,2.937519256196235
2014-02-26,2.93811023626872
2014-02-28,2.934299885408465
2014-03-03,2.9462884185123532
2014-03-04,2.992728031639818
2014-03-05,3.072262090393102
2014-03-06,3.1004481567763937
2014-03-07,3.0533610491980006
2014-03-10,3.0488218726515313
2014-03-11,3.028860496769489
2014-03-12,3.047187118237043
2014-03-13,3.0920201353541192
2014-03-14,3.0830741539443727
2014-03-18,3.146394291609691
2014-03-19,3.137294629161285
2014-03-20,3.141036552442253
2014-03-21,3.196930498398359
2014-03-22,3.1971390996522273
2014-03-24,3.173395793756383
2014-03-25,3.2337488198873867
2014-03-26,3.2341508557620733
2014-03-27,3.2299628987217264
2014-03-28,3.2481290512119823
2014-03-31,3.27190571109895
2014-04-01,3.2021864035023504
2014-04-02,3.2329087929158407
2014-04-03,3.169432690020772
2014-04-04,3.1722345107885315
2014-04-07,3.144329843497113
2014-04-09,3.1929052128046083
2014-04-10,3.1585916728114456
2014-04-11,3.128855553713672
2014-04-15,3.1168680728566605
2014-04-16,3.0548482929780576
2014-04-17,3.1049567437942622
2014-04-21,3.1415232567085
2014-04-22,3.163693170096266
2014-04-23,3.1505320300422284
2014-04-24,3.150775473354991
2014-04-25,3.1202148941084626
2014-04-28,3.143261999201327
2014-04-29,3.131805167706472
2014-04-30,3.1277078335699517
2014-05-02,3.164343913202576
2014-05-05,3.142201891523552
2014-05-06,3.146625097338612
2014-05-07,3.1511393216262906
2014-05-08,3.2013566169581327
2014-05-09,3.2679384603170307
2014-05-12,3.289172220586192
2014-05-13,3.337706128053429
2014-05-14,3.3341538313667876
2014-05-15,3.3044534544669366
2014-05-16,3.413544159805335
2014-05-19,3.529533571168866
2014-05-20,3.538595997501969
2014-05-21,3.533995795953807
2014-05-22,3.548450805484521
2014-05-23,3.547042089248769
2014-05-26,3.5561988415124324
2014-05-27,3.52155820543066
2014-05-28,3.4570089561052377
2014-05-29,3.4598436470875775
2014-05-30,3.440404419928516
2014-06-02,3.5264111888815743
2014-06-03,3.5618681565989307
2014-06-04,3.605512341611077
2014-06-05,3.6906666077796837
2014-06-06,3.7688706839208392
2014-06-09,3.776771037926952
2014-06-10,3.728417579721492
2014-06-11,3.7070965592739458
2014-06-12,3.668880030264127
2014-06-13,3.5056857147238487
2014-06-16,3.537534739197241
2014-06-17,3.624354285336292
2014-06-18,3.664427000425248
2014-06-19,3.679556240809146
2014-06-20,3.7081033051557695
2014-06-23,3.8008184572399495
2014-06-24,3.8952966318780304
2014-06-25,3.9462267190970595
2014-06-26,3.8950066202564058
2014-06-27,3.9102092833140656
2014-06-30,3.9435047674077124
2014-07-01,3.9689255043731433
2014-07-02,3.987048395194791
2014-07-03,3.959353743112598
2014-07-04,3.9826441616491755
2014-07-07,4.009393369807306
2014-07-08,3.8322184377387436
2014-07-09,3.6859043276031382
2014-07-10,3.716085890459381
2014-07-11,3.6228484921857644
2014-07-14,3.6138305949712555
2014-07-15,3.636594677450663
2014-07-16,3.688783979123874
2014-07-17,3.6906254281976327
2014-07-18,3.6760779716734344
2014-07-21,3.67262936521875
2014-07-22,3.659043139775866
2014-07-23,3.660505487049099
2014-07-24,3.64231905710985
2014-07-25,3.604120772726088
2014-07-28,3.6092229853203257
2014-07-30,3.6248286565512036
2014-07-31,3.6091354717138695
2014-08-01,3.563327282851155
2014-08-04,3.636033009794223
2014-08-05,3.715627183489474
2014-08-06,3.7007380317099146
2014-08-07,3.6668959881837253
2014-08-08,3.5937791883934427
2014-08-11,3.614778876199866
2014-08-12,3.621185838012324
2014-08-13,3.540131819610094
2014-08-14,3.5595793802458973
2014-08-18,3.59112437823483
2014-08-19,3.6176058978149133
2014-08-20,3.658160005907798
2014-08-21,3.678135698828936
2014-08-22,3.6836410861340236
2014-08-25,3.6727504731118303
2014-08-26,3.746248611556051
2014-08-27,3.820199067622955
2014-08-28,3.822525052213
2014-09-01,3.8883267564307733
2014-09-02,3.939368156375828
2014-09-03,4.001129839695023
2014-09-04,4.0842953431170095
2014-09-05,4.266017380660335
2014-09-08,4.508768408233482
2014-09-09,4.4839281235406725
2014-09-10,4.472622589162572
2014-09-11,4.487934375845788
2014-09-12,4.4918692755870575
2014-09-15,4.464118096522229
2014-09-16,4.217225868368848
2014-09-17,4.211966229384824
2014-09-18,4.357114107310041
2014-09-19,4.357532070745204
2014-09-22,4.356829222042544
2014-09-23,4.293936802668204
2014-09-24,4.271381729470713
2014-09-25,4.145875886017393
2014-09-26,4.137276531533571
2014-09-29,4.173101492875444
2014-09-30,4.178973584068281
2014-10-01,4.146676815580042
2014-10-07,4.0937366864887785
2014-10-08,4.104825701959098
2014-10-09,4.144088209117059
2014-10-10,4.087527302276859
2014-10-13,4.081134974964248
2014-10-14,4.122180302699542
2014-10-15,4.1223826608966885
2014-10-16,4.065761808902468
2014-10-17,4.116412948632697
2014-10-20,4.232683587704064
2014-10-21,4.271790165254359
2014-10-22,4.283593999761379
2014-10-23,4.281370263984187
2014-10-27,4.280430866559261
2014-10-28,4.276741440986303
2014-10-29,4.262604527169644
2014-10-30,4.303674412444637
2014-10-31,4.357006758671316
2014-11-03,4.404803051180871
2014-11-05,4.419364421784584
2014-11-07,4.4475594714163345
2014-11-10,4.489058805338374
2014-11-11,4.4942160326098985
2014-11-12,4.522883320256041
2014-11-13,4.419458666487874
2014-11-14,4.335841285324566
2014-11-17,4.3637227638625
2014-11-18,4.348017682290044
2014-11-19,4.343314809602462
2014-11-20,4.340968847872007
2014-11-21,4.315721401698655
2014-11-24,4.30033936309017
2014-11-25,4.249299951880789
2014-11-26,4.25216914855546
2014-11-27,4.258567682865294
2014-11-28,4.25978937736395
2014-12-01,4.154670155902231
2014-12-02,4.183591101545317
2014-12-03,4.175192953494845
2014-12-04,4.234772893635649
2014-12-05,4.19736862818019
2014-12-08,4.154136387077731
2014-12-09,4.1501396311197505
2014-12-10,4.174611070596165
2014-12-11,4.156199616648571
2014-12-12,4.120118961629171
2014-12-15,4.121266496321404
2014-12-16,4.079613986434923
2014-12-17,4.034783638241949
2014-12-18,4.090237005896196
2014-12-19,4.126893675447486
2014-12-22,4.1423597382392305
2014-12-23,4.111592197513717
2014-12-24,4.103083321934622
2014-12-26,4.087616099940523
2014-12-29,4.0973236808228695
2014-12-30,4.1268963527421425
2014-12-31,4.160933581790184
2015-01-01,4.197676175416379
2015-01-02,4.154313420386462
2015-01-05,4.191240403842388
2015-01-06,4.061858011939358
2015-01-07,4.093668036158808
2015-01-08,4.234844973801606
2015-01-09,4.238900008387573
2015-01-12,4.245597381707539
2015-01-13,4.261262099359059
2015-01-14,4.191163629593271
2015-01-15,4.246374637568333
2015-01-16,4.204363828736431
2015-01-19,4.160680607705387
2015-01-20,4.177289839518506
2015-01-21,4.14863819034357
2015-01-22,4.140932837846237
2015-01-23,4.158634724358693
2015-01-27,4.148395845492283
2015-01-28,4.235480807762394
2015-01-29,4.274041522592176
2015-01-30,4.28910620117138
2015-02-02,4.248297365807617
2015-02-03,4.184186088357674
2015-02-04,4.172046910894569
2015-02-05,4.146168941762864
2015-02-06,4.035551343494285
2015-02-09,3.99620070630945
2015-02-10,4.030114194253258
2015-02-11,4.019809981073331
2015-02-12,4.025575841077392
2015-02-13,4.059692939543842
2015-02-16,4.021576975694304
2015-02-18,4.0034199370109205
2015-02-19,4.011086689209126
2015-02-20,4.019683769743248
2015-02-23,4.013397957944869
2015-02-24,4.028971737224651
2015-02-25,4.038034329302374
2015-02-26,4.014540429529637
2015-02-27,4.028719341615297
2015-02-28,4.029410645687333
2015-03-02,4.091959687444614
2015-03-03,4.094976743334238
2015-03-04,4.071948633682364
2015-03-05,4.079616915133337
2015-03-09,4.06775135726789
2015-03-10,4.072629348770383
2015-03-11,4.05146217484338
2015-03-12,4.058665918499427
2015-03-13,4.057498096383826
2015-03-16,4.0637719292209615
2015-03-17,4.071906280322503
2015-03-18,4.098644559865574
2015-03-19,4.089570684893683
2015-03-20,4.067474297026692
2015-03-23,4.062586553506285
2015-03-24,4.075372549086882
2015-03-25,4.0709501793192855
2015-03-26,4.053063456778792
2015-03-27,4.0538788658115745
2015-03-30,4.054694438891108
2015-03-31,4.0555101760503955
2015-04-01,3.8090167190411073
2015-04-06,3.809783029924676
2015-04-07,3.8105494949772636
2015-04-08,3.8113161142298866
2015-04-09,3.812082887713567
2015-04-10,3.8128498154593333
2015-04-13,3.813616897498221
2015-04-15,3.8143841338612714
2015-04-16,3.8151515245795316
2015-04-17,3.8159190696840555
2015-04-20,3.816686769205903
2015-04-21,3.8174546231761406
2015-04-22,3.81822263162584
2015-04-23,3.8189907945860804
2015-04-24,3.819759112087947
2015-04-27,3.82052758416253
2015-04-28,3.821296210840928
2015-04-29,3.8220649921542442
2015-04-30,3.822833928133589
2015-05-04,3.823603018810078
2015-05-05,3.824372264214834
2015-05-06,3.8251416643789855
2015-05-07,3.825911219333668
2015-05-08,3.8266809291100228
2015-05-11,3.827450793739197
2015-05-12,3.8282208132523445
2015-05-13,3.8289909876806254
2015-05-14,3.829761317055206
2015-05-15,3.8305318014072594
2015-05-18,3.831302440767964
2015-05-19,3.832073235168505
2015-05-20,3.832844184640074
2015-05-21,3.833615289213869
2015-05-22,3.8343865489210933
2015-05-25,3.8351579637929576
2015-05-26,3.8359295338606785
2015-05-27,3.8367012591554785
2015-05-28,3.837473139708587
2015-05-29,3.8382451755512395
2015-06-01,3.8390173667146774
2015-06-02,3.839789713230149
2015-06-03,3.840562215128908
2015-06-04,3.841334872442215
2015-06-05,3.8421076852013374
2015-06-08,3.8428806534375477
2015-06-09,3.843653777182126
2015-06-10,3.8444270564663574
2015-06-11,3.845200491321534
2015-06-12,3.8459740817789543
2015-06-15,3.8467478278699225
2015-06-16,3.84752172962575
2015-06-17,3.8482957870777534
2015-06-18,3.8490700002572567
2015-06-19,3.8498443691955893
2015-06-22,3.8506188939240875
2015-06-23,3.851393574474094
2015-06-24,3.8521684108769567
2015-06-25,3.8529434031640313
2015-06-26,3.8537185513666787
2015-06-29,3.854493855516267
2015-06-30,3.8552693156441697
2015-07-01,3.8560449317817675
2015-07-02,3.8568207039604467
2015-07-03,3.8575966322116
2015-07-06,3.8583727165666266
2015-07-07,3.859148957056932
2015-07-08,3.8599253537139284
2015-07-09,3.860701906569034
2015-07-10,3.8614786156536725
2015-07-13,3.8622554809992753
2015-07-14,3.8630325026372794
2015-07-15,3.863809680599128
2015-07-16,3.864587014916271
2015-07-17,3.8653645056201644
2015-07-20,3.866142152742271
2015-07-21,3.866919956314059
2015-07-22,3.8676979163670038
2015-07-23,3.8684760329325867
2015-07-24,3.8692543060422957
2015-07-27,3.8700327357276247
2015-07-28,3.870811322020074
2015-07-29,3.8715900649511505
2015-07-30,3.8723689645523676
2015-07-31,3.867347000354713
2015-08-03,3.8434340053054212
2015-08-04,3.887721418679294
2015-08-05,3.844430980150718
2015-08-06,3.853979633200716
2015-08-07,3.9117248977376105
2015-08-10,3.927173889310708
2015-08-11,3.8845966997015378
2015-08-12,3.7573928761220934
2015-08-13,3.735937507113118
2015-08-14,3.7678238305096494
2015-08-17,3.770439828235299
2015-08-18,3.893673508514128
2015-08-19,3.9221012188579327
2015-08-20,3.833613596648595
2015-08-21,3.7986887433559047
2015-08-24,3.7994529764223475
2015-08-25,3.8002173632397866
2015-08-26,3.800981903839155
2015-08-27,3.80174659825139
2015-08-28,3.8025114465074363
2015-08-31,3.8032764486382455
2015-09-01,3.804041604674774
2015-09-02,3.8048069146479855
2015-09-03,3.8055723785888493
2015-09-04,3.8063379965283413
2015-09-07,3.807103768497443
2015-09-08,3.807869694527143
2015-09-09,3.808635774648436
2015-09-10,3.8094020088923215
2015-09-11,3.8101683972898077
2015-09-14,3.810934939871907
2015-09-15,3.811701636669639
2015-09-16,3.8124684877140296
2015-09-18,3.8132354930361103
2015-09-21,3.8140026526669195
2015-09-22,3.8147699666375012
2015-09-23,3.815537434978906
2015-09-24,3.8163050577221913
2015-09-28,3.8170728348984198
2015-09-29,3.8178407665386604
2015-09-30,3.8186088526739894
2015-10-01,3.8193770933354885
2015-10-05,3.8201454885542456
2015-10-06,3.820914038361355
2015-10-07,3.821682742787918
2015-10-08,3.8224516018650405
2015-10-09,3.823220615623836
2015-10-12,3.823989784095424
2015-10-13,3.8247591073109297
2015-10-14,3.8255285853014858
2015-10-15,3.8262982180982297
2015-10-16,3.8270680057323063
2015-10-19,3.8278379482348663
2015-10-20,3.8286080456370666
2015-10-21,3.82937829797007
2015-10-23,3.8301487052650467
2015-10-26,3.8309192675531722
2015-10-27,3.8316899848656285
2015-10-28,3.832460857233604
2015-10-29,3.833231884688293
2015-10-30,3.8340030672608965
2015-11-02,3.8347744049826216
2015-11-03,3.835545897884682
2015-11-04,3.836317545998297
2015-11-05,3.837089349354693
2015-11-06,3.837861307985102
2015-11-09,3.838633421920763
2015-11-10,3.8394056911929204
2015-11-11,3.8401781158328254
2015-11-13,3.8409506958717357
2015-11-16,3.8417234313409145
2015-11-17,3.842496322271632
2015-11-18,3.843269368695165
2015-11-19,3.844042570642795
2015-11-20,3.844815928145812
2015-11-23,3.84558944123551
2015-11-24,3.846363109943191
2015-11-26,3.8471369343001633
2015-11-27,3.8479109143377404
2015-11-30,3.8486850500872425
2015-12-01,3.8494593415799963
2015-12-02,3.850233788847335
2015-12-03,3.8510083919205975
2015-12-04,3.85178315083113
2015-12-07,3.852558065610284
2015-12-08,3.8533331362894176
2015-12-09,3.8541083628998956
2015-12-10,3.854883745473088
2015-12-11,3.855659284040373
2015-12-14,3.8564349786331333
2015-12-15,3.8572108292827587
2015-12-16,3.8579868360206455
2015-12-17,3.8587629988781957
2015-12-18,3.8595393178868185
2015-12-21,3.8603157930779286
2015-12-22,3.861092424482947
2015-12-23,3.861869212133302
2015-12-24,3.862646156060427
2015-12-28,3.863423256295763
2015-12-29,3.864200512870756
2015-12-30,3.864977925816859
2015-12-31,3.8657554951655313
2016-01-01,3.866533220948239
2016-01-04,3.867311103196453
2016-01-05,3.8680891419416525
2016-01-06,3.8688673372153217
2016-01-07,3.8696456890489515
2016-01-08,3.870424197474039
2016-01-11,3.8712028625220887
2016-01-12,3.8719816842246093
2016-01-13,3.8727606626131177
2016-01-14,3.8735397977191366
2016-01-15,3.874319089574195
2016-01-18,3.8750985382098277
2016-01-19,3.875878143657577
2016-01-20,3.8766579059489907
2016-01-21,3.877437825115623
2016-01-22,3.8782179011890343
2016-01-25,3.878998134200792
2016-01-27,3.8797785241824694
2016-01-28,3.880559071165646
2016-01-29,3.8813397751819085
2016-02-01,3.882120636262849
2016-02-02,3.8829016544400665
2016-02-03,3.8836828297451658
2016-02-04,3.8844641622097584
2016-02-05,3.885245651865463
2016-02-08,3.8860272987439024
2016-02-09,3.8868091028767084
2016-02-10,3.887591064295518
2016-02-11,3.8883731830319737
2016-02-12,3.8891554591177253
2016-02-15,3.8899378925844297
2016-02-16,3.8907204834637485
2016-02-17,3.891503231787351
2016-02-18,3.892286137586912
2016-02-19,3.8930692008941135
2016-02-22,3.8938524217406427
2016-02-23,3.8946358001581944
2016-02-24,3.8954193361784695
2016-02-25,3.8962030298331745
2016-02-26,3.896986881154023
2016-02-29,3.8977708901727355
2016-03-01,3.898555056921037
2016-03-02,3.899339381430661
2016-03-03,3.9001238637333464
2016-03-04,3.9009085038608378
2016-03-08,3.9016933018448876
2016-03-09,3.9024782577172537
2016-03-10,3.9032633715097007
2016-03-11,3.9040486432539994
2016-03-14,3.904834072981927
2016-03-15,3.905619660725267
2016-03-16,3.9064054065158103
2016-03-17,3.9071913103853526
2016-03-18,3.9079773723656968
2016-03-21,3.9087635924886523
2016-03-22,3.9095499707860353
2016-03-23,3.910336507289667
2016-03-28,3.9111232020313764
2016-03-29,3.9119100550429984
2016-03-30,3.912697066356374
2016-03-31,3.907622801800649
2016-04-01,3.9250239308755828
2016-04-04,3.889719585090312
2016-04-05,3.840375448024732
2016-04-06,3.882998599307632
2016-04-07,3.8705387703568555
2016-04-08,3.9683063939898675
2016-04-11,4.068650042565587
2016-04-12,3.9962445140688247
2016-04-13,4.0158790319267705
2016-04-18,4.03714256574371
2016-04-20,4.01979736891323
2016-04-21,4.016360415989846
2016-04-22,4.057942381414925
2016-04-25,4.072505782593414
2016-04-26,4.107971250915412
2016-04-27,4.139518636714079
2016-04-28,4.099758987521577
2016-04-29,4.089729268857141
2016-05-02,4.1224156758597665
2016-05-03,4.105613261062289
2016-05-04,4.078989433046529
2016-05-05,4.088229298414446
2016-05-06,4.076984631012425
2016-05-09,4.104434615442792
2016-05-10,4.095932603792487
2016-05-11,4.097075890343335
2016-05-12,4.092893610978621
2016-05-13,4.077825504095332
2016-05-16,4.118692126719446
2016-05-17,4.102293255178113
2016-05-18,4.1372580490683735
2016-05-19,4.114363996591873
2016-05-20,4.059320524759637
2016-05-23,4.048065788434676
2016-05-24,4.075037367736723
2016-05-25,4.091337763362175
2016-05-26,4.074090957889389
2016-05-27,4.102407712339251
2016-05-30,4.092536305147441
2016-05-31,4.100659026549328
2016-06-01,4.173022475971277
2016-06-02,4.2254892356808895
2016-06-03,4.151479810117436
2016-06-06,4.270745204488544
2016-06-07,4.332372134871129
2016-06-08,4.33085484803972
2016-06-09,4.353275862073396
2016-06-10,4.3682869150926384
2016-06-13,4.35310173459085
2016-06-14,4.421162003303894
2016-06-15,4.425341334510565
2016-06-16,4.321026530720498
2016-06-17,4.337905747245788
2016-06-20,4.3152797801711476
2016-06-21,4.417407218646204
2016-06-22,4.41619099804292
2016-06-23,4.3836690912803595
2016-06-24,4.317672627056503
2016-06-27,4.283123629394446
2016-06-28,4.2898435398543775
2016-06-29,4.304442099017909
2016-06-30,4.314535302894354
2016-07-01,4.383307408851279
2016-07-04,4.464387456851092
2016-07-05,4.403070112283407
2016-07-07,4.387815625820257
2016-07-08,4.432160016199326
2016-07-11,4.463709733830524
2016-07-12,4.478204724808301
2016-07-13,4.404985409780253
2016-07-14,4.387242364696898
2016-07-15,4.373821541183632
2016-07-18,4.337338366776655
2016-07-19,4.353298482645493
2016-07-20,4.434293331960011
2016-07-21,4.409859426928416
2016-07-22,4.441034303478293
2016-07-25,4.501975309227471
2016-07-26,4.458794016594832
2016-07-27,4.483315219935654
2016-07-28,4.495843372896955
2016-07-29,4.48290411214541
2016-08-01,4.53069079827044
2016-08-02,4.447702127284876
2016-08-03,4.376306980622326
2016-08-04,4.380117206810408
2016-08-05,4.405514237413147
2016-08-08,4.419401935740025
2016-08-09,4.349142682818018
2016-08-10,4.32851054516345
2016-08-11,4.388531991262459
2016-08-12,4.395924211339731
2016-08-16,4.420405910170164
2016-08-17,4.4240885815202855
2016-08-18,4.435594117449266
2016-08-19,4.4246944364725955
2016-08-22,4.446180828153935
2016-08-23,4.453042214462648
2016-08-24,4.427127325963126
2016-08-25,4.425372276040492
2016-08-26,4.422687430590188
2016-08-29,4.432692999608034
2016-08-30,4.445746408004232
2016-08-31,4.4499465546750105
2016-09-01,4.418121540242762
2016-09-02,4.445437876361359
2016-09-06,4.508415169470391
2016-09-07,4.544911821412956
2016-09-08,4.591512196391878
2016-09-09,4.588897438438893
2016-09-12,4.461408237173458
2016-09-14,4.548958316812909
2016-09-15,4.524774880862711
2016-09-16,4.489151740399831
2016-09-19,4.490415091864349
2016-09-20,4.577591598920664
2016-09-21,4.579130423757178
2016-09-22,4.622555220253902
2016-09-23,4.608261774196853
2016-09-26,4.610713949815278
2016-09-27,4.665300750670528
2016-09-28,4.704418514833834
2016-09-29,4.502240401087917
2016-09-30,4.560905339641768
2016-10-03,4.78024326888691
2016-10-04,4.808859527261125
2016-10-05,4.873500447604125
2016-10-06,4.848977905686898
2016-10-07,4.897272434734474
2016-10-10,4.875866945955582
2016-10-13,4.848894948386278
2016-10-14,4.867356366168917
2016-10-17,4.887163567255516
2016-10-18,4.9446556205854515
2016-10-19,4.972884622581223
2016-10-20,5.044995461812317
2016-10-21,5.034605598131342
2016-10-24,5.017520664490398
2016-10-25,5.028487511979096
2016-10-26,4.997591896621787
2016-10-27,4.930796983826898
2016-10-28,4.95046223584588
2016-10-30,4.9490211095903405
2016-11-01,5.002704228751056
2016-11-02,4.910844122024317
2016-11-03,4.912936039658452
2016-11-04,4.838604802950328
2016-11-07,4.839578249851533
2016-11-08,4.840551892594083
2016-11-09,4.841525731217377
2016-11-10,4.842499765760824
2016-11-11,4.843473996263838
2016-11-15,4.844448422765844
2016-11-16,4.8454230453062745
2016-11-17,4.846397863924569
2016-11-18,4.847372878660174
2016-11-21,4.8483480895525455
2016-11-22,4.849323496641147
2016-11-23,4.85029909996545
2016-11-24,4.851274899564934
2016-11-25,4.852250895479086
2016-11-28,4.853227087747402
2016-11-29,4.854203476409384
2016-11-30,4.8551800615045435
2016-12-01,4.856156843072401
2016-12-02,4.857133821152481
2016-12-05,4.858110995784321
2016-12-06,4.8590883670074625
2016-12-07,4.860065934861456
2016-12-08,4.861043699385862
2016-12-09,4.862021660620246
2016-12-12,4.862999818604183
2016-12-13,4.863978173377256
2016-12-14,4.864956724979056
2016-12-15,4.865935473449181
2016-12-16,4.866914418827238
2016-12-19,4.867893561152842
2016-12-20,4.868872900465615
2016-12-21,4.869852436805187
2016-12-22,4.870832170211198
2016-12-23,4.871812100723294
2016-12-26,4.872792228381129
2016-12-27,4.873772553224365
2016-12-28,4.8747530752926735
2016-12-29,4.875733794625733
2016-12-30,4.8767147112632285
2017-01-02,4.877695825244856
2017-01-03,4.8786771366103165
2017-01-04,4.879658645399321
2017-01-05,4.8806403516515875
2017-01-06,4.8816222554068425
2017-01-09,4.882604356704821
2017-01-10,4.8835866555852645
2017-01-11,4.8845691520879235
2017-01-12,4.8855518462525565
2017-01-13,4.88653473811893
2017-01-16,4.887517827726817
2017-01-17,4.888501115116001
2017-01-18,4.889484600326272
2017-01-19,4.8904682833974285
2017-01-20,4.8914521643692765
2017-01-23,4.89243624328163
2017-01-24,4.893420520174313
2017-01-25,4.894404995087155
2017-01-27,4.895389668059993
2017-01-30,4.896374539132675
2017-01-31,4.890024571487822
2017-02-01,4.97069241861
2017-02-02,5.065716877887492
2017-02-03,5.066067503039701
2017-02-06,5.110117594540334
2017-02-07,5.08848305159303
2017-02-08,5.093482117766994
2017-02-09,5.217221640361271
2017-02-10,5.224657196508447
2017-02-13,5.220713840577674
2017-02-14,5.194903289162003
2017-02-15,5.077139517986401
2017-02-16,5.134439652162047
2017-02-17,5.148660741150131
2017-02-20,5.20290352572405
2017-02-21,5.1803307960600655
2017-02-22,5.125186854516844
2017-02-23,5.13251677734908
2017-02-27,5.114410580005103
2017-02-28,5.101400915883457
2017-03-01,5.109579409537588
2017-03-02,5.0427720615814735
2017-03-03,5.109221743542598
2017-03-06,5.081454617306418
2017-03-07,5.067095550723787
2017-03-08,5.029221755615556
2017-03-09,5.0254745303822705
2017-03-10,5.007426891124563
2017-03-14,5.02294459838509
2017-03-15,5.022403341712796
2017-03-16,5.018190384917019
2017-03-17,5.002721113086654
2017-03-20,5.012450255633838
2017-03-21,5.021770474374461
2017-03-22,5.015408781019184
2017-03-23,5.029229424971861
2017-03-24,5.025527216341754
2017-03-27,5.019302411553911
2017-03-28,5.02132792205075
2017-03-29,5.030853735047829
2017-03-30,5.038879696746218
2017-03-31,5.038200501082153
2017-04-03,4.95108858303054
2017-04-05,4.910235190708011
2017-04-06,4.866761981737
2017-04-07,4.845009611356841
2017-04-10,4.869151739080414
2017-04-11,4.838033324676813
2017-04-12,4.863154636015755
2017-04-13,4.848770966005583
2017-04-17,4.82989832816655
2017-04-18,4.799182131403108
2017-04-19,4.84506797435956
2017-04-20,4.904033681606553
2017-04-21,4.918948503381551
2017-04-24,4.913707687966944
2017-04-25,4.940865951821297
2017-04-26,4.8849024173277025
2017-04-27,4.875148516231233
2017-04-28,4.877830657810163
2017-05-02,4.964209165776175
2017-05-03,4.970749300224214
2017-05-04,5.011801097786124
2017-05-05,4.927531771168262
2017-05-08,5.001924168155845
2017-05-09,5.005888929651942
2017-05-10,5.080582604471742
2017-05-11,5.1027240054437
2017-05-12,5.099989191941575
2017-05-15,5.117494394862207
2017-05-16,5.153565009749094
2017-05-17,5.1164505399693345
2017-05-18,5.000870119794013
2017-05-19,4.982039122445495
2017-05-22,4.924040159137788
2017-05-23,4.877922064042751
2017-05-24,4.8592669331057525
2017-05-25,4.899059414667153
2017-05-26,4.93055498567977
2017-05-29,4.9483669833488895
2017-05-30,4.9460419408003755
2017-05-31,4.973538425172412
2017-06-01,5.032167266129018
2017-06-02,5.073327986149078
2017-06-05,5.145831933862593
2017-06-06,5.094788382168609
2017-06-07,5.214726952370613
2017-06-08,5.2121784947494705
2017-06-09,5.294969955970179
2017-06-12,5.308971094737969
2017-06-13,5.337639019890344
2017-06-14,5.340953419343565
2017-06-15,5.372619399541228
2017-06-16,5.451389659192918
2017-06-19,5.379649369105721
2017-06-20,5.410371899236663
2017-06-21,5.402645938282413
2017-06-22,5.2864716884134815
2017-06-23,5.200081417413328
2017-06-27,5.1417760284572225
2017-06-28,5.158928420336823
2017-06-29,5.2029854346800715
2017-06-30,5.171957273942172
2017-07-03,5.235325417731839
2017-07-04,5.2011151842441175
2017-07-05,5.366920796754686
2017-07-06,5.363681456339843
2017-07-07,5.343676664530756
2017-07-10,5.381780605267107
2017-07-11,5.332402467377716
2017-07-12,5.313117918906041
2017-07-13,5.327705739142842
2017-07-14,5.309208319562173
2017-07-17,5.33006536808463
2017-07-18,5.274266302412049
2017-07-19,5.311535312436908
2017-07-20,5.341694961243744
2017-07-21,5.31356737223743
2017-07-24,5.323725348148978
2017-07-25,5.339521029387711
2017-07-26,5.395364087976205
2017-07-27,5.418677397266437
2017-07-28,5.401228997077461
2017-07-31,5.454435431636552
2017-08-01,5.529047117112485
2017-08-02,5.559252887985057
2017-08-03,5.471625723997384
2017-08-04,5.48828104726382
2017-08-07,5.631437285728912
2017-08-08,5.5352612615999774
2017-08-09,5.496639838950116
2017-08-10,5.316605613475878
2017-08-11,5.2995997017468754
2017-08-14,5.382869087095432
2017-08-16,5.44631532613467
2017-08-17,5.506703438377254
2017-08-18,5.479521873279509
2017-08-21,5.388451529410034
2017-08-22,5.361322786428872
2017-08-23,5.414298092127032
2017-08-24,5.419534292863673
2017-08-28,5.4852323108467065
2017-08-29,5.4906672411032895
2017-08-30,5.574947879324703
2017-08-31,5.638906866972121
2017-09-01,5.688949286981447
2017-09-04,5.6736390686863745
2017-09-05,5.765354839762978
2017-09-06,5.861622851995023
2017-09-07,5.907747846716392
2017-09-08,5.8328044748561
2017-09-11,5.897347735729375
2017-09-12,5.877749643976489
2017-09-13,5.946106040638445
2017-09-14,6.005969372219609
2017-09-15,6.1729637969695155
2017-09-18,6.2191406402990745
2017-09-19,6.437757748401687
2017-09-20,6.477182416284521
2017-09-21,6.539614082303762
2017-09-22,6.282751940051208
2017-09-25,6.1201033263229725
2017-09-26,6.160388504868069
2017-09-27,5.982376136744233
2017-09-28,6.016505289526709
2017-09-29,6.059525537951998
2017-10-03,6.140625006418563
2017-10-04,6.308295558530238
2017-10-05,6.3656988790414175
2017-10-06,6.409240495795963
2017-10-09,6.5489859229731024
2017-10-10,6.679986377157449
2017-10-11,6.525960379980658
2017-10-12,6.603105796125858
2017-10-13,6.636458603906775
2017-10-16,6.58504487858727
2017-10-17,6.635668018026722
2017-10-18,6.67016917718822
2017-10-19,6.662138135097481
2017-10-23,6.65491517428971
2017-10-24,6.753278802986717
2017-10-25,6.606795809333807
2017-10-26,6.62030934625993
2017-10-27,6.623583039347636
2017-10-30,6.723745177849321
2017-10-31,6.772863184517569
2017-11-01,6.7039609587806215
2017-11-02,6.8259885633736355
2017-11-03,6.911965599677531
2017-11-06,7.040982972342646
2017-11-07,7.000946734804494
2017-11-08,7.0107860189756925
2017-11-09,7.181707273067996
2017-11-10,7.247455019814705
2017-11-13,7.2905024068439115
2017-11-14,7.328674282911101
2017-11-15,7.106869708980606
2017-11-16,7.070341347200273
2017-11-17,7.055985011425939
2017-11-20,7.084844232403041
2017-11-21,7.044282785857031
2017-11-22,7.086617618766171
2017-11-23,7.146519983745694
2017-11-24,7.153601942937403
2017-11-27,7.214154301866147
2017-11-28,7.228889074049318
2017-11-29,7.165387589179012
2017-11-30,7.240520477830693
2017-12-01,7.053179465459947
2017-12-04,6.923907446623951
2017-12-05,6.908781387824114
2017-12-06,6.876756021222913
2017-12-07,7.109870194175051
2017-12-08,7.2851958640543595
2017-12-11,7.2382860848948924
2017-12-12,7.220767526005537
2017-12-13,7.095420692134551
2017-12-14,7.112791178607699
2017-12-15,7.328623909483984
2017-12-18,7.314979359005919
2017-12-19,7.4321979007501895
2017-12-20,7.356123998789289
2017-12-21,7.3614549111503305
2017-12-22,7.469639272737053
2017-12-26,7.536029966137804
2017-12-27,7.515232364400633
2017-12-28,7.512225246664644
2017-12-29,7.582209129450932
2018-01-01,7.691445159182706
2018-01-02,7.946851160451941
2018-01-03,8.415145141322897
2018-01-04,8.353427661428725
2018-01-05,8.326273860134847
2018-01-08,8.892083782780382
2018-01-09,8.845775415239507
2018-01-10,8.730394197431252
2018-01-11,8.780888555646355
2018-01-12,8.7733940009579
2018-01-15,8.762937146971941
2018-01-16,8.384283436341333
2018-01-17,8.389948684505175
2018-01-18,8.119840287122614
2018-01-19,8.259204261407984
2018-01-22,8.31653716425665
2018-01-23,8.282924899803696
2018-01-24,8.087496815744217
2018-01-25,8.177262936014039
2018-01-29,8.236486760413744
2018-01-30,8.17642483564265
2018-01-31,8.02440657639116
2018-02-01,7.932502432135525
2018-02-02,7.813624989555033
2018-02-05,7.750351984028851
2018-02-06,7.73787286639872
2018-02-07,7.833492316188791
2018-02-08,7.820178029841923
2018-02-09,7.795890678858026
2018-02-12,7.823181930908081
2018-02-14,7.819969754595768
2018-02-15,7.811380190148467
2018-02-16,7.8108937306133015
2018-02-19,7.7708926238466765
2018-02-20,7.767154681587083
2018-02-21,7.830837647125677
2018-02-22,7.867796082938746
2018-02-23,7.963545731012281
2018-02-26,8.032116654963186
2018-02-27,8.062426508856248
2018-02-28,8.221091341092583
2018-03-01,8.204263204721002
2018-03-05,7.993201565953109
2018-03-06,8.014092908032525
2018-03-07,7.82885787712879
2018-03-08,7.835105460157433
2018-03-09,7.763472873111832
2018-03-12,7.76503475487707
2018-03-13,7.766596950866972
2018-03-14,7.768159461144753
2018-03-15,7.769722285773644
2018-03-16,7.771285424816886
2018-03-19,7.772848878337736
2018-03-20,7.774412646399459
2018-03-21,7.775976729065337
2018-03-22,7.7775411263986625
2018-03-23,7.779105838462742
2018-03-26,7.780670865320894
2018-03-27,7.7822362070364495
2018-03-28,7.783801863672752
2018-04-02,7.166196308875942
2018-04-03,7.167638028519185
2018-04-04,7.169080038212469
2018-04-05,7.1705223380141465
2018-04-06,7.171964927982582
2018-04-09,7.173407808176154
2018-04-10,7.174850978653249
2018-04-11,7.176294439472269
2018-04-12,7.177738190691625
2018-04-13,7.17918223236974
2018-04-16,7.180626564565052
2018-04-17,7.182071187336006
2018-04-18,7.183516100741061
2018-04-19,7.184961304838689
2018-04-20,7.186406799687371
2018-04-23,7.187852585345603
2018-04-24,7.18929866187189
2018-04-25,7.1907450293247495
2018-04-26,7.192191687762712
2018-04-27,7.193638637244319
2018-04-30,7.1843094137075605
2018-05-02,7.089757666487101
2018-05-03,6.906514156722474
2018-05-04,6.94621809257572
2018-05-07,7.0157367458241175
2018-05-08,7.046295693169777
2018-05-09,7.211277121545756
2018-05-10,7.028934226780772
2018-05-11,7.0277117642218885
2018-05-14,7.048290320130644
2018-05-15,7.0661532190433345
2018-05-16,7.176282229378584
2018-05-17,7.344667503533373
2018-05-18,7.109379206866233
2018-05-21,7.087784166763861
2018-05-22,7.209500719112588
2018-05-23,7.2276618256803715
2018-05-24,7.209509145902446
2018-05-25,7.288213000152611
2018-05-28,7.269270198139353
2018-05-29,7.426988691675774
2018-05-30,7.455766669036778
2018-05-31,7.454367354560951
2018-06-01,7.276571280361507
2018-06-04,7.058875017584565
2018-06-05,6.854117467758406
2018-06-06,6.941562396188871
2018-06-07,7.007783870100059
2018-06-08,7.043534877285627
2018-06-11,7.051452448797372
2018-06-12,7.062806008617337
2018-06-13,7.016090844178084
2018-06-14,7.05400601207492
2018-06-15,7.062578079643866
2018-06-18,7.044946351199778
2018-06-19,7.005337263698491
2018-06-20,7.001557043999092
2018-06-21,6.982179674107114
2018-06-22,7.02074672575619
2018-06-25,7.059973246794172
2018-06-26,7.073647576368154
2018-06-27,7.02935730246389
2018-06-28,6.983672124977521
2018-06-29,7.043052298763184
2018-07-02,7.086093598349048
2018-07-03,7.2044346872002984
2018-07-04,7.264425370296778
2018-07-05,7.121402220852701
2018-07-06,7.047258888296411
2018-07-09,7.238988242440644
2018-07-10,7.329962849699002
2018-07-11,7.368650366821356
2018-07-12,7.339110854629439
2018-07-13,7.262705112336606
2018-07-16,7.188613240391851
2018-07-17,7.274179772221956
2018-07-18,7.34399108757686
2018-07-19,7.3362761380830275
2018-07-20,7.430089983785703
2018-07-23,7.379970444896893
2018-07-24,7.366690965060972
2018-07-25,7.399497993318377
2018-07-26,7.446013522994571
2018-07-27,7.451476945760593
2018-07-30,7.430721553065176
2018-07-31,7.524161758664352
2018-08-01,7.602480314325628
2018-08-02,7.594381685589848
2018-08-03,7.716939533895257
2018-08-06,7.6339085218388085
2018-08-07,7.478133028183233
2018-08-08,7.610237106051093
2018-08-09,7.6261673158070895
2018-08-10,7.632244957222601
2018-08-13,7.577561711527767
2018-08-14,7.6206813782818905
2018-08-16,7.569042926948201
2018-08-17,7.585776157348579
2018-08-20,7.469106628915005
2018-08-21,7.577098869693488
2018-08-23,7.512707651121669
2018-08-24,7.477030897950105
2018-08-27,7.509148271464026
2018-08-28,7.545386023580763
2018-08-29,7.567553833811718
2018-08-30,7.628615662545867
2018-08-31,7.698008617312379
2018-09-03,7.586578985700709
2018-09-04,7.423738694465692
2018-09-05,7.402454280571013
2018-09-06,7.412766003184209
2018-09-07,7.411829713018209
2018-09-10,7.384439621304793
2018-09-11,7.238027061473447
2018-09-12,7.206132703905453
2018-09-14,7.199809838581199
2018-09-17,7.195427345157659
2018-09-18,7.149390708544232
2018-09-19,7.097332229533708
2018-09-21,7.098760094868247
2018-09-24,7.100188247465569
2018-09-25,7.101616687383467
2018-09-26,7.103045414679746
2018-09-27,7.104474429412221
2018-09-28,7.10590373163872
2018-10-01,7.107333321417081
2018-10-03,7.108763198805155
2018-10-04,7.110193363860805
2018-10-05,7.111623816641904
2018-10-08,7.113054557206339
2018-10-09,7.114485585612005
2018-10-10,7.115916901916813
2018-10-11,7.117348506178682
2018-10-12,7.118780398455545
2018-10-15,7.120212578805346
2018-10-16,7.12164504728604
2018-10-17,7.123077803955594
2018-10-19,7.124510848871988
2018-10-22,7.12594418209321
2018-10-23,7.127377803677265
2018-10-24,7.128811713682166
2018-10-25,7.130245912165937
2018-10-26,7.1316803991866164
2018-10-29,7.133115174802253
2018-10-30,7.134550239070907
2018-10-31,7.135985592050651
2018-11-01,7.137421233799568
2018-11-02,7.138857164375755
2018-11-05,7.140293383837317
2018-11-06,7.141729892242376
2018-11-07,7.1431666896490595
2018-11-09,7.144603776115512
2018-11-12,7.146041151699887
2018-11-13,7.1474788164603495
2018-11-14,7.148916770455078
2018-11-15,7.150355013742261
2018-11-16,7.151793546380099
2018-11-19,7.1532323684268055
2018-11-20,7.154671479940604
2018-11-21,7.156110880979731
2018-11-22,7.1575505716024335
2018-11-26,7.158990551866971
2018-11-27,7.160430821831615
2018-11-28,7.161871381554649
2018-11-29,7.163312231094366
2018-11-30,7.164753370509073
2018-12-03,7.166194799857089
2018-12-04,7.167636519196742
2018-12-05,7.169078528586375
2018-12-06,7.170520828084341
2018-12-07,7.171963417749005
2018-12-10,7.173406297638743
2018-12-11,7.174849467811944
2018-12-12,7.176292928327007
2018-12-13,7.177736679242346
2018-12-14,7.179180720616384
2018-12-17,7.180625052507556
2018-12-18,7.182069674974309
2018-12-19,7.183514588075102
2018-12-20,7.1849597918684065
2018-12-21,7.186405286412705
2018-12-24,7.187851071766491
2018-12-26,7.18929714798827
2018-12-27,7.190743515136562
2018-12-28,7.192190173269895
2018-12-31,7.193637122446811
2019-01-01,7.195084362725862
2019-01-02,7.196531894165615
2019-01-03,7.197979716824644
2019-01-04,7.19942783076154
2019-01-07,7.200876236034901
2019-01-08,7.202324932703341
2019-01-09,7.203773920825483
2019-01-10,7.205223200459963
2019-01-11,7.206672771665427
2019-01-14,7.208122634500536
2019-01-15,7.2095727890239605
2019-01-16,7.211023235294383
2019-01-17,7.212473973370499
2019-01-18,7.213925003311014
2019-01-21,7.215376325174647
2019-01-22,7.216827939020128
2019-01-23,7.218279844906198
2019-01-24,7.219732042891612
2019-01-25,7.221184533035134
2019-01-28,7.222637315395543
2019-01-29,7.224090390031627
2019-01-30,7.225543757002187
2019-01-31,7.21617315663109
2019-02-01,7.272579798049974
2019-02-04,7.179097335366439
2019-02-05,7.150508537840669
2019-02-06,7.171546245623539
2019-02-07,7.192179965405028
2019-02-08,7.1301220015797435
2019-02-11,7.07665138775127
2019-02-12,7.060515642543079
2019-02-13,7.13641342255903
2019-02-14,7.123749027782019
2019-02-15,7.082762369248128
2019-02-18,7.064993087748505
2019-02-19,7.072251783193035
2019-02-20,7.061081887991472
2019-02-21,7.066716941761049
2019-02-22,7.101120012798045
2019-02-25,7.118753952417132
2019-02-26,7.1348034531063576
2019-02-27,7.135649719124904
2019-02-28,7.131512021076862
2019-03-01,7.165757149274948
2019-03-05,7.293108460673833
2019-03-06,7.354468063455349
2019-03-07,7.282298448272585
2019-03-08,7.287533409543743
2019-03-11,7.40801883106369
2019-03-12,7.470388451540762
2019-03-13,7.438244584231631
2019-03-14,7.4686789712761374
2019-03-15,7.492458788750583
2019-03-18,7.414922900925691
2019-03-19,7.445098771547211
2019-03-20,7.399054535545889
2019-03-22,7.423420064206607
2019-03-25,7.388330370626442
2019-03-26,7.381447032216367
2019-03-27,7.373712439207602
2019-03-28,7.45629711857861
2019-03-29,7.513769175144999
2019-04-01,7.499601271026572
2019-04-02,7.4933453075023575
2019-04-03,7.487710872162352
2019-04-04,7.474101220151709
2019-04-05,7.617540080207068
2019-04-08,7.492135965018219
2019-04-09,7.531449445473518
2019-04-10,7.509807807953598
2019-04-11,7.519338405351526
2019-04-12,7.616792007995681
2019-04-15,7.677180098957821
2019-04-16,7.6903155209234875
2019-04-18,7.704681228012278
2019-04-22,7.552110489401148
2019-04-23,7.584989455816103
2019-04-24,7.708867152324931
2019-04-25,7.689866503349398
2019-04-26,7.6239361748696055
2019-04-30,7.616557976688922
2019-05-02,7.636286377556035
2019-05-03,7.648180819031131
2019-05-06,7.515388348203277
2019-05-07,7.391350011892447
2019-05-08,7.340023154291945
2019-05-09,7.331090073656633
2019-05-10,7.358355918315134
2019-05-13,7.284033317334217
2019-05-14,7.275690876701423
2019-05-15,7.294684984621593
2019-05-16,7.290597985669774
2019-05-17,7.291719307694712
2019-05-20,7.340299376197898
2019-05-21,7.32291393603388
2019-05-22,7.338780412924274
2019-05-23,7.337598951027627
2019-05-24,7.34732244741096
2019-05-27,7.3521314054633615
2019-05-28,7.3447304262901625
2019-05-29,7.327730494829077
2019-05-30,7.337685399536519
2019-05-31,7.3226926678522535
2019-06-03,7.5422483789432775
2019-06-04,7.541318923145874
2019-06-06,7.343833663807405
2019-06-07,7.380182538806384
2019-06-10,7.378660744341515
2019-06-11,7.402506092007876
2019-06-12,7.343366993628047
2019-06-13,7.357727972173864
2019-06-14,7.314687713880706
2019-06-17,7.215167612283542
2019-06-18,7.1735493005816595
2019-06-19,7.110769765835306
2019-06-20,7.200948287040797
2019-06-21,7.220411541918066
2019-06-24,7.251045192328004
2019-06-25,7.228811073856708
2019-06-26,7.231670411743743
2019-06-27,7.255663307180065
2019-06-28,7.258909472579046
2019-07-01,7.416790371617881
2019-07-02,7.547835606827666
2019-07-03,7.582927351878681
2019-07-04,7.5877247053592445
2019-07-05,7.521089980944988
2019-07-08,7.365578361898085
2019-07-09,7.414127141632317
2019-07-10,7.3286392337543464
2019-07-11,7.308356308061419
2019-07-12,7.388658082412321
2019-07-15,7.333199384597166
2019-07-16,7.332248074684372
2019-07-17,7.319664440650765
2019-07-18,7.261374287601928
2019-07-19,7.181256248890041
2019-07-22,7.18270099834302
2019-07-23,7.184146038455587
2019-07-24,7.185591369286218
2019-07-25,7.1870369908934
2019-07-26,7.188482903335633
2019-07-29,7.1899291066714275
2019-07-30,7.191375600959307
2019-07-31,7.192822386257807
2019-08-01,7.194269462625472
2019-08-02,7.195716830120863
2019-08-05,7.197164488802548
2019-08-06,7.198612438729109
2019-08-07,7.20006067995914
2019-08-08,7.2015092125512465
2019-08-09,7.202958036564046
2019-08-13,7.2044071520561666
2019-08-14,7.20585655908625
2019-08-16,7.207306257712948
2019-08-19,7.208756247994925
2019-08-20,7.210206529990859
2019-08-21,7.2116571037594355
2019-08-22,7.213107969359355
2019-08-23,7.2145591268493305
2019-08-26,7.216010576288085
2019-08-27,7.217462317734352
2019-08-28,7.21891435124688
2019-08-29,7.220366676884428
2019-08-30,7.2218192947057664
2019-09-03,7.223272204769677
2019-09-04,7.224725407134956
2019-09-05,7.226178901860409
2019-09-06,7.227632689004852
2019-09-09,7.229086768627116
2019-09-11,7.230541140786044
2019-09-12,7.231995805540488
2019-09-13,7.233450762949314
2019-09-16,7.234906013071399
2019-09-17,7.236361555965631
2019-09-18,7.237817391690913
2019-09-19,7.239273520306157
2019-09-20,7.240729941870287
2019-09-23,7.2421866564422395
2019-09-24,7.243643664080963
2019-09-25,7.2451009648454185
2019-09-26,7.246558558794577
2019-09-27,7.248016445987423
2019-09-30,7.238616701430806
2019-10-01,7.149313822093153
2019-10-03,7.085061445428272
2019-10-04,7.016012443367608
2019-10-07,7.0174239485121594
2019-10-09,7.018835737628096
2019-10-10,7.020247810772548
2019-10-11,7.021660168002658
2019-10-14,7.023072809375578
2019-10-15,7.024485734948474
2019-10-16,7.025898944778522
2019-10-17,7.02731243892291
2019-10-18,7.0287262174388365
2019-10-22,7.030140280383513
2019-10-23,7.031554627814162
2019-10-24,7.032969259788017
2019-10-25,7.034384176362324
2019-10-27,7.035799377594339
2019-10-29,7.0372148635413305
2019-10-30,7.038630634260579
2019-10-31,7.029502436155141
2019-11-01,6.966711925597682
2019-11-04,6.933534677848467
2019-11-05,6.856859177888419
2019-11-06,6.8492233558689275
2019-11-07,6.881123427209399
2019-11-08,6.825311652576335
2019-11-11,6.899124441333629
2019-11-13,7.028261041930189
2019-11-14,7.030724148321939
2019-11-15,7.008962487616275
2019-11-18,6.977036276760695
2019-11-19,7.001954604332731
2019-11-20,7.002358380412854
2019-11-21,7.073123420238643
2019-11-22,7.023597228212999
2019-11-25,6.974304267174094
2019-11-26,6.969205045343742
2019-11-27,7.033586977990687
2019-11-28,7.037833352180248
2019-11-29,6.977208172638561
2019-12-02,6.837307816112433
2019-12-03,6.887457551822857
2019-12-04,6.801972428780718
2019-12-05,6.782819774304942
2019-12-06,6.795159598925044
2019-12-09,6.765730835762576
2019-12-10,6.748517218729676
2019-12-11,6.793040599115377
2019-12-12,6.77161989922317
2019-12-13,6.799861962245468
2019-12-16,6.787359026217285
2019-12-17,6.797966326236736
2019-12-18,6.795461084177681
2019-12-19,6.7999980158509
2019-12-20,6.828345817818259
2019-12-23,6.851284861518445
2019-12-24,6.839641131505089
2019-12-26,6.833563680281417
2019-12-27,6.830858329540106
2019-12-30,6.8173771158600545
2019-12-31,6.793014265329457
2020-01-01,6.862048995606396
2020-01-02,6.856891010092061
2020-01-03,6.87571992371388
2020-01-06,6.688462210976158
2020-01-07,6.818075638815126
2020-01-08,6.78844641018394
2020-01-09,6.803600771574641
2020-01-10,6.837038375829904
2020-01-13,6.871919411297046
2020-01-14,6.937210934151936
2020-01-15,7.02714141512381
2020-01-16,7.146784313434925
2020-01-17,7.105636252770694
2020-01-20,7.015869918310587
2020-01-21,7.012849460257909
2020-01-22,7.009900672678553
2020-01-23,7.0576947268485775
2020-01-24,7.044131956120847
2020-01-27,6.961518969930705
2020-01-28,6.980887670417712
2020-01-29,6.9961127108319445
2020-01-30,6.913661441659
2020-01-31,6.89296925965739
2020-02-01,6.708966271655565
2020-02-03,6.710316004211415
2020-02-04,6.711666008311032
2020-02-05,6.713016284009045
2020-02-06,6.714366831360096
2020-02-07,6.715717650418838
2020-02-10,6.717068741239932
2020-02-11,6.718420103878054
2020-02-12,6.719771738387887
2020-02-13,6.72112364482413
2020-02-14,6.722475823241487
2020-02-17,6.723828273694678
2020-02-18,6.725180996238431
2020-02-19,6.7265339909274875
2020-02-20,6.727887257816597
2020-02-24,6.729240796960523
2020-02-25,6.730594608414038
2020-02-26,6.731948692231926
2020-02-27,6.733303048468982
2020-02-28,6.734657677180013
2020-03-02,6.736012578419835
2020-03-03,6.737367752243278
2020-03-04,6.7387231987051806
2020-03-05,6.740078917860393
2020-03-06,6.741434909763775
2020-03-09,6.742791174470201
2020-03-11,6.744147712034555
2020-03-12,6.745504522511729
2020-03-13,6.746861605956631
2020-03-16,6.7482189624241755
2020-03-17,6.749576591969292
2020-03-18,6.750934494646917
2020-03-19,6.752292670512003
2020-03-20,6.753651119619509
2020-03-23,6.755009842024407
2020-03-24,6.75636883778168
2020-03-25,6.757728106946321
2020-03-26,6.759087649573337
2020-03-27,6.760447465717744
2020-03-30,6.761807555434567
2020-03-31,6.763167918778845
2020-04-01,6.7645285558056285
2020-04-03,6.765889466569977
2020-04-07,6.767250651126962
2020-04-08,6.7686121095316665
2020-04-09,6.7699738418391835
2020-04-13,6.771335848104618
2020-04-15,6.772698128383086
2020-04-16,6.774060682729713
2020-04-17,6.775423511199639
2020-04-20,6.776786613848012
2020-04-21,6.778149990729992
2020-04-22,6.779513641900751
2020-04-23,6.78087756741547
2020-04-24,6.782241767329344
2020-04-27,6.783606241697576
2020-04-28,6.784970990575383
2020-04-29,6.786336014017991
2020-04-30,6.787701312080638
2020-05-04,6.789066884818573
2020-05-05,6.790432732287057
2020-05-06,6.7917988545413595
2020-05-07,6.793165251636764
2020-05-08,6.794531923628564
2020-05-11,6.7958988705720635
2020-05-12,6.7972660925225785
2020-05-13,6.798633589535436
2020-05-14,6.8000013616659745
2020-05-15,6.801369408969542
2020-05-18,6.802737731501499
2020-05-19,6.804106329317217
2020-05-20,6.8054752024720795
2020-05-21,6.8068443510214784
2020-05-22,6.808213775020819
2020-05-26,6.809583474525518
2020-05-27,6.810953449591003
2020-05-28,6.812323700272711
2020-05-29,6.813694226626092
2020-06-01,6.815065028706606
2020-06-02,6.816436106569725
2020-06-03,6.817807460270932
2020-06-04,6.819179089865721
2020-06-05,6.820550995409597
2020-06-08,6.8219231769580775
2020-06-09,6.823295634566688
2020-06-10,6.824668368290968
2020-06-11,6.826041378186469
2020-06-12,6.82741466430875
2020-06-15,6.828788226713384
2020-06-16,6.830162065455955
2020-06-17,6.831536180592057
2020-06-18,6.832910572177295
2020-06-19,6.834285240267287
2020-06-22,6.8356601849176615
2020-06-23,6.837035406184057
2020-06-24,6.838410904122124
2020-06-25,6.839786678787525
2020-06-26,6.841162730235933
2020-06-29,6.842539058523031
2020-06-30,6.833665165955582
2020-07-01,6.911056804573257
2020-07-02,6.922713083247314
2020-07-03,6.995463275704827
2020-07-06,7.068341524125429
2020-07-07,7.055498148723106
2020-07-08,6.947967733785851
2020-07-09,6.990498449393954
2020-07-10,7.029558290588333
2020-07-13,7.042920944728827
2020-07-14,6.9260730518513025
2020-07-15,7.002632582746659
2020-07-16,7.059949676241521
2020-07-17,7.17569938434262
2020-07-20,7.249805185399244
2020-07-21,7.3213492188452225
2020-07-22,7.3972853815617405
2020-07-23,7.478074602524734
2020-07-24,7.5717558242990926
2020-07-27,7.462913229966485
2020-07-28,7.439486701646273
2020-07-29,7.394643795387125
2020-07-30,7.307583169170941
2020-07-31,7.4480942180386664
2020-08-03,7.595136661369309
2020-08-04,7.683480184805751
2020-08-05,7.79576570570856
2020-08-06,7.801327556466655
2020-08-07,7.840775645811501
2020-08-10,8.082365372083233
2020-08-11,7.935147594184008
2020-08-12,7.960616679717571
2020-08-13,7.934115164412717
2020-08-14,7.813002593093644
2020-08-17,7.887253646746418
2020-08-18,7.936766864181691
2020-08-19,7.941739252805468
2020-08-20,8.040785501953737
2020-08-21,8.10727634342043
2020-08-24,8.374418809300705
2020-08-25,8.381929226408927
2020-08-26,8.37524922454919
2020-08-27,8.42554942878798
2020-08-28,8.461750115302198
2020-08-31,8.153847283740687
2020-09-01,8.393765284461889
2020-09-02,8.778567810818512
2020-09-03,8.82203971869497
2020-09-04,8.781266701639394
2020-09-07,9.061361614422434
2020-09-08,9.222116908518313
2020-09-09,9.184268447188137
2020-09-10,9.278873613040968
2020-09-11,9.278604705454072
2020-09-14,9.762116466309259
2020-09-15,9.982381789970846
2020-09-16,9.977798294806584
2020-09-17,9.896355613388838
2020-09-18,9.93323912423334
2020-09-21,9.599902740651746
2020-09-22,9.505936377090816
2020-09-23,9.485948868997596
2020-09-24,9.341324659276449
2020-09-25,9.658000559823254
2020-09-28,10.075412011894503
2020-09-29,10.045041542514268
2020-09-30,9.986315428708878
2020-10-01,9.99046031347995
2020-10-05,10.054978887462564
2020-10-06,10.091259524669876
2020-10-07,10.00326051623127
2020-10-08,9.959528933956795
2020-10-09,9.932749655897466
2020-10-12,9.979605522343315
2020-10-13,10.139258521629007
2020-10-14,10.227599008647804
2020-10-15,10.06325201615418
2020-10-16,10.16442105745361
2020-10-19,10.209464169709555
2020-10-20,10.219989072884026
2020-10-21,10.159957869528686
2020-10-22,10.219526134665454
2020-10-23,10.17995665097774
2020-10-26,9.997895126820202
2020-10-27,10.12059986966186
2020-10-28,10.129094991079317
2020-10-29,10.244788949023468
2020-10-30,10.335093528758453
2020-11-02,10.177679390204826
2020-11-03,10.075827798714792
2020-11-04,10.090584057672446
2020-11-05,10.203660907154296
2020-11-06,10.22797994984067
2020-11-09,10.292154292854132
2020-11-10,10.200363338329822
2020-11-11,10.288512396106123
2020-11-12,10.423644640500033
2020-11-13,10.628794616597705
2020-11-14,10.676594113527173
2020-11-17,10.78501225792289
2020-11-18,10.84309093794782
2020-11-19,10.839191358309595
2020-11-20,11.088354762890148
2020-11-23,11.287859577551004
2020-11-24,11.352418235061887
2020-11-25,11.157390344842007
2020-11-26,11.164169946487167
2020-11-27,11.283594800098316
2020-12-01,11.324135696338361
2020-12-02,11.33786181093094
2020-12-03,11.331867105545745
2020-12-04,11.316093319888864
2020-12-07,11.298543003295748
2020-12-08,11.255433668077675
2020-12-09,11.207633482777315
2020-12-10,11.106330076732519
2020-12-11,11.205455133155903
2020-12-14,11.192881133995883
2020-12-15,11.205971535310697
2020-12-16,11.274190579601761
2020-12-17,11.325953585962818
2020-12-18,11.276775327530984
2020-12-21,10.91684088566839
2020-12-22,10.872970128565141
2020-12-23,10.91962190367032
2020-12-24,10.946156615420579
2020-12-28,11.060892024475741
2020-12-29,11.042601642314828
2020-12-30,11.053711419593744
2020-12-31,11.066738973454388
2021-01-01,11.344888989672679
2021-01-04,11.468822427588197
2021-01-05,11.448830710245844
2021-01-06,11.468526340981821
2021-01-07,11.726933113787014
2021-01-08,11.653222214061492
2021-01-11,11.637134956115087
2021-01-12,11.73982651570363
2021-01-13,11.60711438080517
2021-01-14,11.745811931940906
2021-01-15,11.61900470076636
2021-01-18,11.459879423273364
2021-01-19,11.530200771943873
2021-01-20,11.568523934140178
2021-01-21,11.554640830246456
2021-01-22,11.476118935216403
2021-01-25,11.404708456321345
2021-01-27,11.382101101263444
2021-01-28,11.349726950600376
2021-01-29,11.23804180251518
2021-02-01,11.606185643969452
2021-02-02,11.719873274180422
2021-02-03,11.856549092223279
2021-02-04,12.229477394287182
2021-02-05,12.363337182886623
2021-02-08,12.328932820936444
2021-02-09,12.405658703724761
2021-02-10,12.554301041217915
2021-02-11,12.644811527398057
2021-02-12,12.656136038668128
2021-02-15,12.748065002801305
2021-02-16,12.787011212657077
2021-02-17,12.797146039890276
2021-02-18,13.008460747549083
2021-02-19,12.853630652962977
2021-02-22,12.834648089009981
2021-02-23,13.02339655601801
2021-02-24,12.999441241049048
2021-02-25,13.04594299675318
2021-02-26,12.997884147495103
2021-03-01,13.063583311663187
2021-03-02,13.2012629864765
2021-03-03,13.705508903677261
2021-03-04,13.849852185944673
2021-03-05,13.69315552008848
2021-03-08,13.653386754679094
2021-03-09,13.585827833321574
2021-03-10,13.641008449537576
2021-03-12,13.703082385719538
2021-03-15,13.808538200240251
2021-03-16,13.831348694082553
2021-03-17,13.61649444914043
2021-03-18,13.682630374630715
2021-03-19,13.81205282368801
2021-03-22,14.280751110040928
2021-03-23,14.663047175214722
2021-03-24,14.502446663184646
2021-03-25,14.202241936424953
2021-03-26,14.264774978468422
2021-03-30,14.322497631205401
2021-03-31,14.366978267647372
2021-04-01,14.248288179187869
2021-04-05,14.618329036085196
2021-04-06,15.19146827060235
2021-04-07,14.928763962410114
2021-04-08,14.618399193700618
2021-04-09,14.816809702293178
2021-04-12,13.586555489930014
2021-04-13,13.95799838158653
2021-04-15,14.329008518756368
2021-04-16,14.54341311208313
2021-04-19,14.51193050322113
2021-04-20,14.58179008748817
2021-04-22,14.647887045163024
2021-04-23,14.710325455877888
2021-04-26,14.873352648123468
2021-04-27,15.015346950570976
2021-04-28,14.972630633061511
2021-04-29,15.027612911273986
2021-04-30,14.952108805911967
2021-05-03,15.58719490727161
2021-05-04,15.596497955491811
2021-05-05,15.746827175652948
2021-05-06,15.977147897729877
2021-05-07,16.39975809742885
2021-05-10,16.552651820408283
2021-05-11,16.527897482914316
2021-05-12,16.198934052714293
2021-05-14,15.332791079976825
2021-05-17,16.016532881715175
2021-05-18,16.41509925076583
2021-05-19,16.338080570911707
2021-05-20,16.4235531990311
2021-05-21,16.562749642863555
2021-05-24,16.803752208671195
2021-05-25,16.504216662140255
2021-05-26,16.448226266624108
2021-05-27,16.626713793528967
2021-05-28,16.46954834886258
2021-05-31,16.571087545858383
2021-06-01,17.06778467870094
2021-06-02,17.944380018409404
2021-06-03,18.229099193196426
2021-06-04,18.66624154202135
2021-06-07,18.533173337310508
2021-06-08,18.665363970154786
2021-06-09,18.336381052051802
2021-06-10,18.50109751716116
2021-06-11,18.625684173872475
2021-06-14,18.0282312432526
2021-06-15,17.78105644054171
2021-06-16,17.105442966057815
2021-06-17,16.63929945290798
2021-06-18,16.85894115267412
2021-06-21,17.0456285687207
2021-06-22,17.100974973388546
2021-06-23,16.96666599669714
2021-06-24,17.03707799777122
2021-06-25,17.19209490965425
2021-06-28,17.30367078285325
2021-06-29,17.336452437826424
2021-06-30,17.40085047199975
2021-07-01,17.15649027699455
2021-07-02,17.01241822855443
2021-07-05,16.950356173977752
2021-07-06,16.857659320073093
2021-07-07,16.883295627655286
2021-07-08,16.901893502402615
2021-07-09,16.91861251359126
2021-07-12,16.923128155534403
2021-07-13,16.875537623015177
2021-07-14,16.833505033024668
2021-07-15,17.032987819095602
2021-07-16,17.13308836800986
2021-07-19,17.012291683436942
2021-07-20,16.89456652896341
2021-07-22,16.97829988939911
2021-07-23,16.936548154377167
2021-07-26,16.859678769113046
2021-07-27,16.847279515239496
2021-07-28,16.74800194204113
2021-07-29,16.721213312755868
2021-07-30,16.640586197917592
2021-08-02,16.507429512643224
2021-08-03,16.512247693096178
2021-08-04,16.34332686026119
2021-08-05,16.454700695965574
2021-08-06,16.592951053596394
2021-08-09,16.279262450031208
2021-08-10,15.72962603626344
2021-08-11,15.773740683166299
2021-08-12,15.907849257839773
2021-08-13,15.96333608724995
2021-08-16,16.12849776197443
2021-08-17,16.251765734752006
2021-08-18,16.34846407109295
2021-08-20,16.170715203926807
2021-08-23,16.116971713338046
2021-08-24,16.25087598913258
2021-08-25,16.391312311690456
2021-08-26,16.538607256154908
2021-08-27,16.58046566473564
2021-08-30,16.729277943168057
2021-08-31,16.872764095134812
2021-09-01,16.992555306400444
2021-09-02,17.041576133435512
2021-09-03,17.124213500090647
2021-09-06,17.019797514362782
2021-09-07,16.770399536719506
2021-09-08,17.054154375755385
2021-09-09,17.289120581693034
2021-09-13,17.54178123776796
2021-09-14,17.89596711304042
2021-09-15,18.112969003765066
2021-09-16,17.98554382772472
2021-09-17,17.81693860487811
2021-09-20,17.400841283175247
2021-09-21,17.414033941033907
2021-09-22,17.186980537031666
2021-09-23,17.38420469760313
2021-09-24,17.45069572597338
2021-09-27,17.412512425363175
2021-09-28,17.43969539712625
2021-09-29,17.562351395901164
2021-09-30,17.587921288030017
2021-10-01,17.652428241767648
2021-10-04,17.911890131411763
2021-10-05,18.296123478855215
2021-10-06,18.247578405579603
2021-10-07,18.382405212133133
2021-10-08,18.262397819498215
2021-10-11,18.451477696668682
2021-10-12,18.19887822871244
2021-10-13,18.440957222079888
2021-10-14,18.660904535269065
2021-10-18,18.65256769912886
2021-10-19,18.281907393111492
2021-10-20,18.07533652461563
2021-10-21,18.172460195009418
2021-10-22,18.055756094109988
2021-10-25,17.949567319300456
2021-10-26,17.926098287577467
2021-10-27,18.06883459766508
2021-10-28,17.633203537286278
2021-10-29,17.652439317353558
2021-11-01,17.77678885785042
2021-11-02,17.93128810338104
2021-11-03,17.98303623804884
2021-11-04,18.012190989007564
2021-11-08,18.218507954393075
2021-11-09,18.595565080976456
2021-11-10,18.65604310976348
2021-11-11,18.853515565606504
2021-11-12,19.06573259245535
2021-11-15,19.056964470032717
2021-11-16,19.050724302651194
2021-11-17,19.00971820979707
2021-11-18,18.851471607308557
2021-11-22,18.535909713577716
2021-11-23,18.735258604836076
2021-11-24,18.608105874780847
2021-11-25,18.774016121865166
2021-11-26,18.43149649385986
2021-11-29,18.045112331014526
2021-11-30,17.974408364544892
2021-12-01,18.038437387069603
2021-12-02,18.11504012500736
2021-12-03,17.96644662739888
2021-12-06,17.890005876558437
2021-12-07,17.893605048528933
2021-12-08,17.897204944593035
2021-12-09,17.90080556489642
2021-12-10,17.90440690958479
2021-12-13,17.90800897880388
2021-12-14,17.911611772699455
2021-12-15,17.915215291417308
2021-12-16,17.91881953510326
2021-12-17,17.922424503903166
2021-12-20,17.926030197962902
2021-12-21,17.929636617428383
2021-12-22,17.933243762445542
2021-12-23,17.936851633160355
2021-12-24,17.940460229718816
2021-12-27,17.944069552266953
2021-12-28,17.947679600950824
2021-12-29,17.951290375916518
2021-12-30,17.954901877310146
2021-12-31,17.958514105277857
2022-01-03,17.962127059965823
2022-01-04,17.96574074152025
2022-01-05,17.96935515008737
2022-01-06,17.972970285813446
2022-01-07,17.97658614884477
2022-01-10,17.980202739327666
2022-01-11,17.983820057408483
2022-01-12,17.987438103233604
2022-01-13,17.991056876949436
2022-01-14,17.99467637870242
2022-01-17,17.998296608639023
2022-01-18,18.001917566905746
2022-01-19,18.00553925364912
2022-01-20,18.009161669015693
2022-01-21,18.01278481315206
2022-01-24,18.016408686204834
2022-01-25,18.02003328832066
2022-01-27,18.02365861964622
2022-01-28,18.02728468032821
2022-01-31,18.030911470513374
2022-02-01,18.034538990348466
2022-02-02,18.038167239980286
2022-02-03,18.041796219555653
2022-02-04,18.045425929221423
2022-02-07,18.049056369124475
2022-02-08,18.05268753941172
2022-02-09,18.056319440230105
2022-02-10,18.059952071726595
2022-02-11,18.063585434048193
2022-02-14,18.067219527341926
2022-02-15,18.070854351754857
2022-02-16,18.074489907434074
2022-02-17,18.078126194526696
2022-02-18,18.08176321317987
2022-02-21,18.08540096354077
2022-02-22,18.08903944575661
2022-02-23,18.092678659974627
2022-02-24,18.096318606342084
2022-02-25,18.09995928500628
2022-02-28,18.103600696114537
2022-03-02,18.107242839814212
2022-03-03,18.110885716252692
2022-03-04,18.114529325577394
2022-03-07,18.118173667935757
2022-03-08,18.12181874347526
2022-03-09,18.125464552343402
2022-03-10,18.129111094687723
2022-03-11,18.13275837065578
2022-03-14,18.13640638039517
2022-03-15,18.14005512405351
2022-03-16,18.14370460177846
2022-03-17,18.147354813717698
2022-03-21,18.151005760018936
2022-03-22,18.154657440829915
2022-03-23,18.15830985629841
2022-03-24,18.161963006572215
2022-03-25,18.165616891799164
2022-03-28,18.169271512127118
2022-03-29,18.172926867703968
2022-03-30,18.17658295867763
2022-03-31,18.153010269791366
2022-04-01,17.001598087811658
2022-04-04,17.32183140963066
2022-04-05,17.85564917329983
2022-04-06,18.236408879401843
2022-04-07,17.706062857021124
2022-04-08,17.894592159421684
2022-04-11,17.929358237898303
2022-04-12,17.415337889769877
2022-04-13,17.437487507725628
2022-04-18,16.901793409983714
2022-04-19,16.60999396787133
2022-04-20,16.56994119252203
2022-04-21,17.171479556225247
2022-04-22,17.00081582474268
2022-04-25,17.004236106447124
2022-04-26,17.007657076255423
2022-04-27,17.011078734306015
2022-04-28,17.01450108073736
2022-04-29,17.01792411568795
2022-05-02,17.021347839296308
2022-05-04,17.024772251700973
2022-05-05,17.028197353040525
2022-05-06,17.031623143453565
2022-05-09,17.03504962307872
2022-05-10,17.038476792054652
2022-05-11,17.041904650520046
2022-05-12,17.045333198613612
2022-05-13,17.048762436474096
2022-05-16,17.052192364240266
2022-05-17,17.055622982050924
2022-05-18,17.05905429004489
2022-05-19,17.06248628836102
2022-05-20,17.065918977138193
2022-05-23,17.06935235651532
2022-05-24,17.07278642663134
2022-05-25,17.07622118762521
2022-05-26,17.079656639635935
2022-05-27,17.083092782802527
2022-05-30,17.08652961726404
2022-05-31,17.08996714315955
2022-06-01,17.09340536062816
2022-06-02,17.096844269809008
2022-06-03,17.10028387084125
2022-06-06,17.103724163864076
2022-06-07,17.1071651490167
2022-06-08,17.110606826438374
2022-06-09,17.11404919626837
2022-06-10,17.11749225864598
2022-06-13,17.120936013710544
2022-06-14,17.124380461601415
2022-06-15,17.12782560245798
2022-06-16,17.131271436419645
2022-06-17,17.13471796362586
2022-06-20,17.138165184216092
2022-06-21,17.141613098329834
2022-06-22,17.145061706106617
2022-06-23,17.14851100768599
2022-06-24,17.151961003207536
2022-06-27,17.155411692810866
2022-06-28,17.158863076635615
2022-06-29,17.162315154821453
2022-06-30,17.16576792750807
2022-07-01,17.169221394835194
2022-07-04,17.17267555694257
2022-07-05,17.176130413969975
2022-07-06,17.179585966057218
2022-07-07,17.183042213344134
2022-07-08,17.186499155970584
2022-07-11,17.18995679407646
2022-07-12,17.19341512780168
2022-07-13,17.19687415728619
2022-07-14,17.200333882669966
2022-07-15,17.203794304093012
2022-07-18,17.207255421695358
2022-07-19,17.210717235617064
2022-07-20,17.214179745998223
2022-07-21,17.217642952978945
2022-07-22,17.221106856699375
2022-07-25,17.22457145729969
2022-07-26,17.228036754920083
2022-07-27,17.23150274970079
2022-07-28,17.234969441782066
2022-07-29,17.21261790444752
2022-08-01,17.96306421015698
2022-08-02,18.237677383883092
2022-08-03,18.249643075110438
2022-08-04,18.303358258931336
2022-08-05,17.920893682704882
2022-08-08,18.178727108662592
2022-08-10,18.21745650072705
2022-08-11,18.230814902683303
2022-08-12,18.469071006073563
2022-08-16,18.835664959230332
2022-08-17,19.0246240370447
2022-08-18,19.34221159695622
2022-08-19,19.505798814651605
2022-08-22,19.30246362716912
2022-08-23,19.182074927784328
2022-08-24,19.17886083502834
2022-08-25,19.029322207906823
2022-08-26,19.116389176533314
2022-08-29,19.264288482434164
2022-08-30,19.813574679767175
2022-09-01,19.638902824023337
2022-09-02,19.63630427552973
2022-09-05,19.466697704343538
2022-09-06,19.809152941730332
2022-09-07,19.7409624388897
2022-09-08,19.739789626365884
2022-09-09,19.66036774947659
2022-09-12,19.926260652030802
2022-09-13,19.97820808610516
2022-09-14,19.84182845304465
2022-09-15,20.19253430071668
2022-09-16,19.969032047908808
2022-09-19,19.971533795961676
2022-09-20,20.113465145009037
2022-09-21,19.67179468047638
2022-09-22,19.83578634576757
2022-09-23,19.63549021605687
2022-09-26,19.178337853899897
2022-09-27,19.146722481091437
2022-09-28,19.098867827385654
2022-09-29,19.12985906314897
2022-09-30,19.110458834967957
2022-10-03,18.46857521411327
2022-10-04,18.60840808387976
2022-10-06,18.948313768821855
2022-10-07,19.06381945172381
2022-10-10,19.07987236482995
2022-10-11,18.86485940389376
2022-10-12,19.249541122240306
2022-10-13,19.14209443235378
2022-10-14,18.885647726409708
2022-10-17,18.822683747953427
2022-10-18,18.989603763575392
2022-10-19,19.007783935363836
2022-10-20,19.015216486190603
2022-10-21,18.92692882546081
2022-10-24,18.94836348567766
2022-10-25,18.903624087520104
2022-10-27,19.0067654164242
2022-10-28,18.94020128286549
2022-10-31,18.962867595803186
2022-11-01,19.303925881972244
2022-11-02,19.013291485794188
2022-11-03,19.283491091756446
2022-11-04,19.59210940990501
2022-11-07,19.625186830218645
2022-11-09,19.664191220061802
2022-11-10,19.512135248835413
2022-11-11,19.543154972405596
2022-11-14,19.696965932391823
2022-11-15,19.652254468668133
2022-11-16,19.42735340433891
2022-11-17,19.51684393018047
2022-11-18,19.459761693576574
2022-11-21,19.250327631756544
2022-11-22,19.304666483975566
2022-11-23,19.41594310259027
2022-11-24,19.451238739589183
2022-11-25,19.396457818615666
2022-11-28,19.352231120733396
2022-11-29,19.347422147668055
2022-11-30,19.396446283273498
2022-12-01,19.390995671742285
2022-12-02,19.986322390391827
2022-12-05,20.095850872111278
2022-12-06,19.913829477905367
2022-12-07,19.850882522155292
2022-12-08,20.05022793067902
2022-12-09,19.843230044827237
2022-12-12,19.73917698095318
2022-12-13,19.67420569047443
2022-12-14,19.840016928151584
2022-12-15,19.90118873551721
2022-12-16,20.05130688154598
2022-12-19,20.133996794835735
2022-12-20,20.085404542998035
2022-12-21,19.64293063273127
2022-12-22,19.520762016862278
2022-12-23,19.135856598340876
2022-12-26,19.139706414778914
2022-12-27,19.14355700573606
2022-12-28,19.147408371368137
2022-12-29,19.151260511830994
2022-12-30,19.126423791593126
2023-01-02,19.405476710543542
2023-01-03,19.298835046570165
2023-01-04,18.972089522590117
2023-01-05,19.02606562062648
2023-01-06,18.860796523424604
2023-01-09,19.072414012108037
2023-01-10,18.68358336444742
2023-01-11,18.749721335647855
2023-01-12,18.768233947064676
2023-01-13,18.92642518420779
2023-01-16,18.696433925431116
2023-01-17,18.640731452516
2023-01-18,18.939454739112563
2023-01-19,18.94077440756898
2023-01-20,18.87252392896483
2023-01-23,18.792819310869792
2023-01-24,18.77670461861137
2023-01-25,18.708310910140717
2023-01-27,18.49877821402602
2023-01-30,18.5024998608771
2023-01-31,18.5062222564617
2023-02-01,18.50994540093045
2023-02-02,18.513669294434013
2023-02-03,18.51739393712308
2023-02-06,18.52111932914838
2023-02-07,18.524845470660665
2023-02-08,18.528572361810717
2023-02-09,18.532300002749352
2023-02-10,18.53602839362742
2023-02-13,18.539757534595786
2023-02-14,18.543487425805363
2023-02-15,18.547218067407087
2023-02-16,18.550949459551923
2023-02-17,18.55468160239087
2023-02-20,18.55841449607495
2023-02-21,18.562148140755223
2023-02-22,18.56588253658278
2023-02-23,18.569617683708735
2023-02-24,18.57335358228424
2023-02-27,18.577090232460474
2023-02-28,18.580827634388644
2023-03-01,18.58456578821999
2023-03-02,18.588304694105787
2023-03-03,18.59204435219733
2023-03-06,18.595784762645955
2023-03-08,18.59952592560302
2023-03-09,18.60326784121992
2023-03-10,18.607010509648077
2023-03-13,18.610753931038943
2023-03-14,18.614498105544
2023-03-15,18.61824303331477
2023-03-16,18.621988714502788
2023-03-17,18.625735149259633
2023-03-20,18.62948233773691
2023-03-21,18.633230280086256
2023-03-22,18.636978976459336
2023-03-23,18.64072842700785
2023-03-24,18.644478631883523
2023-03-27,18.648229591238113
2023-03-28,18.651981305223412
2023-03-29,18.655733773991233
2023-03-31,18.65948699769343
2023-04-03,18.330000706996934
2023-04-05,18.33368839861755
2023-04-06,18.337376832140457
2023-04-10,18.34106600771491
2023-04-11,18.3447559254902
2023-04-12,18.348446585615648
2023-04-13,18.352137988240596
2023-04-17,18.355830133514427
2023-04-18,18.359523021586547
2023-04-19,18.363216652606397
2023-04-20,18.366911026723443
2023-04-21,18.370606144087187
2023-04-24,18.374302004847156
2023-04-25,18.37799860915291
2023-04-26,18.38169595715404
2023-04-27,18.385394049000162
2023-04-28,18.361550559002424
2023-05-02,18.6853397624182
2023-05-03,18.952312125545355
2023-05-04,19.10518326869458
2023-05-05,19.200238938704647
2023-05-08,18.79565335375816
2023-05-09,18.482495394444463
2023-05-10,18.380939651967505
2023-05-11,18.392578505932384
2023-05-12,18.178033736847496
2023-05-15,18.26137661623518
2023-05-16,18.371831111050206
2023-05-17,18.403526354356686
2023-05-18,18.33142852804106
2023-05-19,18.194097033265233
2023-05-22,18.0875938842903
2023-05-23,17.96819808393481
2023-05-24,18.082347276427306
2023-05-25,18.092453900807932
2023-05-26,18.278978275195428
2023-05-29,18.254954029179608
2023-05-30,18.162493843949683
2023-05-31,18.111127990941675
2023-06-01,18.184489492800644
2023-06-02,18.306648944804493
2023-06-05,18.734895754161926
2023-06-06,18.921394005456747
2023-06-07,19.111949447136613
2023-06-08,18.8096088486023
2023-06-09,18.933207397736613
2023-06-12,19.032247829970114
2023-06-13,19.04004090658489
2023-06-14,18.996555730031073
2023-06-15,19.203001039733465
2023-06-16,19.78277332818255
2023-06-19,19.84937733823893
2023-06-20,20.12009290367477
2023-06-21,20.039846926876024
2023-06-22,19.709144860349554
2023-06-23,19.37485636406614
2023-06-26,19.547840222911326
2023-06-27,19.565583053328037
2023-06-28,19.72448037660628
2023-06-30,19.711288218311427
2023-07-03,20.074916196558178
2023-07-04,20.157331749605493
2023-07-05,20.182292845239346
2023-07-06,20.180685720574203
2023-07-07,20.226560481837293
2023-07-10,20.404132464187104
2023-07-11,20.884899219665662
2023-07-12,21.319886205075633
2023-07-13,21.185212435525283
2023-07-14,21.045156400108027
2023-07-17,21.31345689051451
2023-07-18,21.264241843475354
2023-07-19,21.31865062404588
2023-07-20,21.63297982069149
2023-07-21,21.87208736767174
2023-07-24,22.223125987644924
2023-07-25,21.769483148242344
2023-07-26,21.70343675001427
2023-07-27,21.719320557482057
2023-07-28,21.95351459969721
2023-07-31,21.984209151127327
2023-08-01,21.917083210063854
2023-08-02,21.38547879342024
2023-08-03,21.47762867077302
2023-08-04,21.52041281190552
2023-08-07,21.764057245514298
2023-08-08,21.694391170989075
2023-08-09,22.06916327146191
2023-08-10,22.116772676724025
2023-08-11,21.96695057235977
2023-08-14,21.928731957764956
2023-08-16,21.994325437276203
2023-08-17,21.959506244637492
2023-08-18,21.80947009672859
2023-08-21,22.057908243638416
2023-08-22,22.344254272621313
2023-08-23,22.52339233965975
2023-08-24,22.472516602202123
2023-08-25,22.460715425778943
2023-08-28,22.72364777071648
2023-08-29,22.961303413834234
2023-08-30,23.27470308984426
2023-08-31,23.272926400227973
2023-09-01,23.609046064779932
2023-09-04,24.22260329242916
2023-09-05,24.15380392461056
2023-09-06,23.70274292193798
2023-09-07,24.006736161900815
2023-09-08,24.756542472524465
2023-09-11,26.271454105537867
2023-09-12,24.46485197748048
2023-09-13,24.069373577925653
2023-09-14,24.529179193486918
2023-09-15,24.82381023627583
2023-09-18,24.58584306467887
2023-09-20,24.58468804108433
2023-09-21,24.27636752956631
2023-09-22,24.526518480402114
2023-09-25,24.667320345333327
2023-09-26,24.765104794353274
2023-09-27,24.81301007261941
2023-09-28,24.59554355774328
2023-09-29,24.812346246782138
2023-10-03,25.14716325454023
2023-10-04,24.861438240229106
2023-10-05,25.055902830242108
2023-10-06,25.005027977320307
2023-10-09,23.95225333462107
2023-10-10,24.093035398912676
2023-10-11,24.242463292422904
2023-10-12,24.11809616035895
2023-10-13,24.128826254545658
2023-10-16,24.347144266978304
2023-10-17,24.62825566027286
2023-10-18,24.60628535306908
2023-10-19,24.72257100472755
2023-10-20,24.82196274193549
2023-10-23,24.397768179880053
2023-10-25,24.416083207730665
2023-10-26,24.34846145532947
2023-10-27,24.445819181956935
2023-10-30,24.450737274650844
2023-10-31,24.455656356783297
2023-11-01,24.460576428553352
2023-11-02,24.46549749016011
2023-11-03,24.47041954180271
2023-11-06,24.475342583680327
2023-11-07,24.480266615992182
2023-11-08,24.485191638937533
2023-11-09,24.49011765271568
2023-11-10,24.49504465752596
2023-11-12,24.499972653567756
2023-11-13,24.504901641040487
2023-11-15,24.509831620143608
2023-11-16,24.51476259107662
2023-11-17,24.519694554039067
2023-11-20,24.524627509230523
2023-11-21,24.529561456850615
2023-11-22,24.534496397098998
2023-11-23,24.539432330175373
2023-11-24,24.54436925627948
2023-11-28,24.5493071756111
2023-11-29,24.554246088370057
2023-11-30,24.52240239116946
2023-12-01,25.174453600307384
2023-12-04,25.58384681399735
2023-12-05,25.510155631857756
2023-12-06,25.404939102660236
2023-12-07,25.163458095139724
2023-12-08,25.315671970947147
2023-12-11,25.4893085214077
2023-12-12,25.208961976337925
2023-12-13,25.914305826203147
2023-12-14,26.05192124642444
2023-12-15,26.045646144571716
2023-12-18,26.183196541971277
2023-12-19,26.17117464029838
2023-12-20,24.91728132487334
2023-12-21,25.38590156414808
2023-12-22,25.380013942147958
2023-12-26,25.634729523911666
2023-12-27,25.472265793956435
2023-12-28,25.50424175901273
2023-12-29,25.614094165721895
2024-01-01,25.997463846683406
2024-01-02,25.863696265880133
2024-01-03,26.129568967976184
2024-01-04,26.41088922812484
2024-01-05,26.417518029163706
2024-01-08,26.611386909359577
2024-01-09,26.69397977209587
2024-01-10,26.87860631169082
2024-01-11,27.77404230705259
2024-01-12,27.809104227688408
2024-01-15,28.129258556029257
2024-01-16,27.787019110463188
2024-01-17,27.60991212968896
2024-01-18,27.651856799772595
2024-01-19,28.716787186932958
2024-01-20,29.61473352801813
2024-01-23,27.629561594569523
2024-01-24,28.370774672023337
2024-01-25,28.835568459207188
2024-01-29,29.406185496163182
2024-01-30,29.223360393147146
2024-01-31,29.55002311120362
2024-02-01,29.552373049010534
2024-02-02,29.580458780476455
2024-02-05,29.470299747823685
2024-02-06,29.614092782731216
2024-02-07,30.0970051198535
2024-02-08,30.294549044779576
2024-02-09,29.053151536968027
2024-02-12,27.098345254308
2024-02-13,27.09355217740446
2024-02-14,27.960836401281664
2024-02-15,28.445683287982284
2024-02-16,28.109330296737795
2024-02-19,28.11515823398539
2024-02-20,27.9451403734586
2024-02-21,27.377759135379776
2024-02-22,27.38092175163326
2024-02-23,27.54378635893925
2024-02-26,27.382443555479487
2024-02-27,27.108847676991132
2024-02-28,27.11529644285123
2024-02-29,26.94280069791627
2024-03-01,26.86522009073522
2024-03-02,27.02656127704302
2024-03-04,26.62520565472837
2024-03-05,26.783493542417162
2024-03-06,26.430655605876076
2024-03-07,26.480458620229108
2024-03-11,26.234146815309813
2024-03-12,25.796436359296425
2024-03-13,25.80162617372822
2024-03-14,25.80681703226446
2024-03-15,25.812008935115195
2024-03-18,25.81720188249053
2024-03-19,25.822395874600605
2024-03-20,25.827590911655605
2024-03-21,25.832786993865753
2024-03-22,25.837984121441316
2024-03-26,25.84318229459261
2024-03-27,25.84838151352998
2024-03-28,25.81485948922998
2024-04-01,25.33772945234908
2024-04-02,25.925354995204977
2024-04-03,26.169824003532916
2024-04-04,26.126125208182536
2024-04-05,26.625272814377247
2024-04-08,26.328856674360665
2024-04-09,26.044906806910134
2024-04-10,26.175559042729958
2024-04-12,25.92430935786981
2024-04-15,25.064407680361697
2024-04-16,25.192480051882036
2024-04-18,25.017802066025254
2024-04-19,24.855753494052557
2024-04-22,25.198763963061
2024-04-23,26.129770888527503
2024-04-24,26.405248159360355
2024-04-25,26.655881287999897
2024-04-26,27.47006784530114
2024-04-29,27.197237422139096
2024-04-30,26.910910808757613
2024-05-02,27.1273567957682
2024-05-03,26.91475398198689
2024-05-06,26.390199087994834
2024-05-07,25.578361514964055
2024-05-08,26.294939815078337
2024-05-09,25.36120767060466
2024-05-10,25.550013768152155
2024-05-13,25.28909135350799
2024-05-14,26.416093607635922
2024-05-15,26.258429730427814
2024-05-16,26.421772867163753
2024-05-17,27.140775987891466
2024-05-18,27.40162262841674
2024-05-21,28.597069809677414
2024-05-22,28.28694799440351
2024-05-23,29.04380420486652
2024-05-24,28.784645722894318
2024-05-27,28.950236299632195
2024-05-28,28.37540193623869
2024-05-29,28.922846315900912
2024-05-30,28.422415445487506
2024-05-31,28.755764538024806
2024-06-03,30.03494770168636
2024-06-04,26.37217688987753
2024-06-05,26.12689331193808
2024-06-06,27.03036065682105
2024-06-07,27.129222335078744
2024-06-10,27.216272429576904
2024-06-11,27.594514796330273
2024-06-12,27.783502610859514
2024-06-13,27.941382621769797
2024-06-14,28.226634306336983
2024-06-18,28.61995611597306
2024-06-19,28.37681887693273
2024-06-20,28.321279426634614
2024-06-21,28.2665380496528
2024-06-24,28.233646281700004
2024-06-25,28.22416123842747
2024-06-26,28.37152388653446
2024-06-27,28.405323392521233
2024-06-28,28.28223922313676
2024-07-01,28.234799006933763
2024-07-02,28.17567668175276
2024-07-03,29.092969523722942
2024-07-04,30.36173211318575
2024-07-05,31.432348563713102
2024-07-08,31.987974094219993
2024-07-09,31.66599639992837
2024-07-10,31.85078771191084
2024-07-11,32.555819865730975
2024-07-12,32.20635930512742
2024-07-15,32.06427508287955
2024-07-16,32.04587674568082
2024-07-18,31.036053927546817
2024-07-19,30.815903777920354
2024-07-22,31.516363988634648
2024-07-23,30.898958832532227
2024-07-24,31.2153146524779
2024-07-25,30.89824224772778
2024-07-26,30.72072758212152
2024-07-29,31.838390430195822
2024-07-30,32.19867351153604
2024-07-31,31.943847747625405
2024-08-01,31.335025975564207
2024-08-02,31.432502628110186
2024-08-05,29.816223365454427
2024-08-06,29.64566738453208
2024-08-07,29.998475705307985
2024-08-08,30.14424317410188
2024-08-09,30.244174612507376
2024-08-12,30.61886155788984
2024-08-13,30.576895724571504
2024-08-14,30.25767634989568
2024-08-16,30.474095423890972
2024-08-19,30.529670541764162
2024-08-20,30.44965835257262
2024-08-21,30.416172587721054
2024-08-22,30.33616243585243
2024-08-23,30.42563870972625
2024-08-26,30.26853135213475
2024-08-27,30.346710637443124
2024-08-28,30.448818293880002
2024-08-29,30.32361713043321
2024-08-30,30.213829178621953
2024-09-02,29.73211285985232
2024-09-03,29.715633158374196
2024-09-04,29.433668215268916
2024-09-05,29.167506363591727
2024-09-06,28.90601580814846
2024-09-09,28.66632325512171
2024-09-10,28.68615321085158
2024-09-11,28.639552048880805
2024-09-12,28.675560930112912
2024-09-13,28.691979371801608
2024-09-16,28.74004655988721
2024-09-17,28.787612417248955
2024-09-18,28.758772620906928
2024-09-19,28.758868908799673
2024-09-20,28.833740258567037
2024-09-23,28.918307881078423
2024-09-24,28.922300387549583
2024-09-25,28.924108708911817
2024-09-26,29.044948683782977
2024-09-27,29.04412172564606
2024-09-30,28.881426249652677
2024-10-01,28.94068322410979
2024-10-03,27.991254869503656
2024-10-04,27.873047008543452
2024-10-07,27.833734020044595
2024-10-08,28.37665000725529
2024-10-09,28.535931686266913
2024-10-10,28.449932154705813
2024-10-11,28.646731065479855
2024-10-14,28.671101977384197
2024-10-15,28.612398324295608
2024-10-16,28.411310730725425
2024-10-17,28.216190647560744
2024-10-18,28.30974060173825
2024-10-21,28.23499005247645
2024-10-22,28.05900394086644
2024-10-23,28.16782210096969
2024-10-24,28.100754977487433
2024-10-25,27.74013611261389
2024-10-28,27.7457169671448
2024-10-29,27.75129894445093
2024-10-30,27.756882044758157
2024-10-31,27.76246626829241
2024-11-01,27.768051615279667
2024-11-04,27.773638085945947
2024-11-05,27.779225680517314
2024-11-06,27.784814399219883
2024-11-07,27.790404242279806
2024-11-08,27.795995209923287
2024-11-11,27.801587302376575
2024-11-12,27.80718051986596
2024-11-13,27.812774862617783
2024-11-14,27.818370330858425
2024-11-18,27.823966924814318
2024-11-19,27.82956464471194
2024-11-21,27.83516349077781
2024-11-22,27.84076346323849
2024-11-25,27.846364562320595
2024-11-26,27.851966788250785
2024-11-27,27.85757014125576
2024-11-28,27.86317462156227
2024-11-29,27.868780229397107
2024-12-02,27.874386964987114
2024-12-03,27.879994828559173
2024-12-04,27.88560382034022
2024-12-05,27.89121394055723
2024-12-06,27.896825189437223
2024-12-09,27.902437567207272
2024-12-10,27.908051074094487
2024-12-11,27.91366571032603
2024-12-12,27.919281476129104
2024-12-13,27.92489837173096
2024-12-16,27.930516397358897
2024-12-17,27.936135553240256
2024-12-18,27.941755839602425
2024-12-19,27.94737725667284
2024-12-20,27.95299980467898
2024-12-23,27.95862348384837
2024-12-24,27.96424829440858
2024-12-26,27.969874236587227
2024-12-27,27.975501310611975
2024-12-30,27.981129516710535
2024-12-31,27.986758855110658
2025-01-01,27.992389326040144
2025-01-02,27.99802092972684
2025-01-03,28.00365366639864
2025-01-06,28.00928753628348
2025-01-07,28.014922539609344
2025-01-08,28.02055867660426
2025-01-09,28.026195947496305
2025-01-10,28.0318343525136
2025-01-13,28.03747389188431
2025-01-14,28.043114565836653
2025-01-15,28.048756374598884
2025-01-16,28.05439931839931
2025-01-17,28.060043397466277
2025-01-20,28.06568861202819
2025-01-21,28.071334962313486
2025-01-22,28.076982448550655
2025-01-23,28.082631070968233
2025-01-24,28.088280829794797
2025-01-27,28.093931725258976
2025-01-28,28.099583757589443
2025-01-29,28.105236927014914
2025-01-30,28.110891233764157
2025-01-31,28.11654667806598
2025-02-01,28.12220326014924
2025-02-03,28.127860980242843
2025-02-04,28.133519838575737
2025-02-05,28.139179835376915
2025-02-06,28.144840970875418
2025-02-07,28.15050324530033
2025-02-10,28.156166658880792
2025-02-11,28.16183121184598
2025-02-12,28.16749690442511
2025-02-13,28.173163736847467
2025-02-14,28.17883170934236
2025-02-17,28.184500822139157
2025-02-18,28.190171075467266
2025-02-19,28.19584246955614
2025-02-20,28.201515004635286
2025-02-21,28.20718868093425
2025-02-24,28.21286349868263
2025-02-25,28.21853945811006
2025-02-27,28.224216559446234
2025-02-28,28.229894802920878
2025-03-03,28.235574188763778
2025-03-04,28.241254717204754
2025-03-05,28.24693638847368
2025-03-06,28.252619202800474
2025-03-07,28.2583031604151
2025-03-10,28.26398826154757
2025-03-11,28.26967450642794
2025-03-12,28.275361895286313
2025-03-13,28.281050428352838
2025-03-17,28.28674010585771
2025-03-18,28.292430928031173
2025-03-19,28.298122895103514
2025-03-20,28.303816007305066
2025-03-21,28.309510264866212
2025-03-24,28.315205668017377
2025-03-25,28.320902216989037
2025-03-26,28.326599912011712
2025-03-27,28.332298753315968
2025-03-28,28.295555408020387
2025-04-01,27.32230649954454
2025-04-02,27.987470351461674
2025-04-03,28.25237829984329
2025-04-04,27.094354497077788
2025-04-07,27.099805431076213
2025-04-08,27.105257461712
2025-04-09,27.110710589205773
2025-04-11,27.116164813778205
2025-04-15,27.12162013565001
2025-04-16,27.127076555041942
2025-04-17,27.132534072174806
2025-04-21,27.137992687269453
2025-04-22,27.143452400546767
2025-04-23,27.14891321222769
2025-04-24,27.154375122533203
2025-04-25,27.159838131684328
2025-04-28,27.165302239902136
2025-04-29,27.17076744740774
2025-04-30,27.135530458734195
2025-05-02,26.784360815147394
2025-05-05,27.23719451159748
2025-05-06,26.552556997796053
2025-05-07,26.81075219073527
2025-05-08,26.363532677804397
2025-05-09,26.357074004770126
2025-05-12,26.88427041250753
2025-05-13,27.332015313931244
2025-05-14,27.91966256245047
2025-05-15,28.066788677143585
2025-05-16,28.871042115666256
2025-05-19,28.826033711020276
2025-05-20,28.40502809250423
2025-05-21,28.580581494392888
2025-05-22,28.89991859719808
2025-05-23,29.249207201647486
2025-05-26,29.285260696875955
2025-05-27,29.437874317909042
2025-05-28,29.57451422646612
2025-05-29,30.237577922631626
2025-05-30,30.12850396998559
2025-06-02,30.29447366135742
2025-06-03,30.588831111436356
2025-06-04,31.16265270341988
2025-06-05,31.48463773549206
2025-06-06,31.11659746681735
2025-06-09,31.373691032263178
2025-06-10,31.60941548334308
2025-06-11,31.026566393903714
2025-06-12,30.147860993174863
2025-06-13,30.135483572215335
2025-06-16,30.059597747360858
2025-06-17,30.13645484568591
2025-06-18,30.433092035343243
2025-06-19,29.934332140958265
2025-06-20,30.40776234173763
2025-06-23,30.941651325972586
2025-06-24,30.598090112939616
2025-06-25,30.49157974908519
2025-06-26,30.529145137924445
2025-06-27,30.806954075962622
2025-06-30,30.84258146505743
2025-07-01,30.56503263739807
2025-07-02,30.464317992763743
2025-07-03,30.36849503703337
2025-07-04,30.067434114344763
2025-07-07,29.811205238368615
2025-07-08,29.331734857953915
2025-07-09,29.397314610852497
2025-07-10,29.43103144817868
2025-07-11,29.220117462042257
2025-07-14,29.348992914100336
2025-07-15,29.369301437455412
2025-07-16,29.525696491261783
2025-07-17,29.455402050134712
2025-07-18,29.404249268173682
2025-07-21,29.476539271158096
2025-07-22,29.620847028078103
2025-07-23,29.70983860533428
2025-07-24,29.861454450016833
2025-07-25,29.705799921835933
2025-07-28,29.821305071117
2025-07-29,29.73829555206421
2025-07-30,29.722920160950597
2025-07-31,29.77845567607958
2025-08-01,29.313573638921035
2025-08-04,29.54632831276634
2025-08-05,29.39878721105704
2025-08-06,28.962737535958222
2025-08-07,29.09790141655112
2025-08-08,28.96140767415487
2025-08-11,29.4375128869594
2025-08-12,29.392724808184532
2025-08-13,29.485993306015065
2025-08-14,29.285896278316795
2025-08-18,29.29829719863842
2025-08-19,29.55267499148905
2025-08-20,29.763266483573183
2025-08-21,29.70385367478449
2025-08-22,29.692739007550095
2025-08-25,29.581771623034996
2025-08-26,29.493427967668225
2025-08-28,29.385098019010847
2025-08-29,29.276957443481592
2025-09-01,29.282847480932617
2025-09-02,29.28873870336132
2025-09-03,29.294631111006108
2025-09-04,29.30052470410542
2025-09-05,29.306419482897752
2025-09-08,29.312315447621643
2025-09-09,29.318212598515686
2025-09-10,29.324110935818517
2025-09-11,29.330010459768822
2025-09-12,29.335911170605335
2025-09-15,29.34181306856684
2025-09-16,29.347716153892165
2025-09-17,29.353620426820186
2025-09-18,29.359525887589832
2025-09-19,29.365432536440075
2025-09-22,29.37134037360994
2025-09-23,29.377249399338492
2025-09-24,29.383159613864855
2025-09-25,29.38907101742819
2025-09-26,29.394983610267715
2025-09-29,29.400897392622692
2025-09-30,29.40681236473243
2025-10-01,29.412728526836293
2025-10-03,29.41864587917368
2025-10-06,29.424564421984055
2025-10-07,29.430484155506914
2025-10-08,29.436405079981814
2025-10-09,29.44232719564835
2025-10-10,29.448250502746173
2025-10-13,29.45417500151498
2025-10-14,29.460100692194512
2025-10-15,29.466027575024565
2025-10-16,29.47195565024498
2025-10-17,29.47788491809564
2025-10-20,29.483815378816487
2025-10-21,29.489747032647507
2025-10-23,29.495679879828735
2025-10-24,29.501613920600253
2025-10-27,29.507549155202188
2025-10-28,29.513485583874722
2025-10-29,29.519423206858082
2025-10-30,29.525362024392543
2025-10-31,29.487071429574065
2025-11-03,29.947741943195357
2025-11-04,29.787091844011023
2025-11-06,29.607879659721657
2025-11-07,30.20850943848243
2025-11-10,30.160489786276987
2025-11-11,29.821267096729827
2025-11-12,29.730872012140747
2025-11-13,29.609033343626525
2025-11-14,29.731955955411003
2025-11-17,30.066572039002622
2025-11-18,29.823733574860583
2025-11-19,29.76147480642439
2025-11-20,29.653624425493526
2025-11-21,29.249679124267146
2025-11-24,29.31169213701843
2025-11-25,29.367571523689158
2025-11-26,29.552689835707778
2025-11-27,29.640863804283857
2025-11-28,29.766761247898913
2025-12-01,29.894187536573845
2025-12-02,29.88122958095697
2025-12-03,29.531763281019295
2025-12-04,29.34708655162515
2025-12-05,29.653028742775888
2025-12-08,29.15548452023578
2025-12-09,29.413781736505733
2025-12-10,29.057614385162264
2025-12-11,29.051856376530807
2025-12-12,29.460546843554315
2025-12-15,29.288111520782824
2025-12-16,29.16913329346376
2025-12-17,29.021475566209652
2025-12-18,29.100329981471212
2025-12-19,29.401465274255592
2025-12-22,29.824093868698213
2025-12-23,29.882996334336482
2025-12-24,29.922216801025638
2025-12-26,29.99279047238123
2025-12-29,29.96077983618561
2025-12-30,30.301669287608533
2025-12-31,30.737951994378857
2026-01-01,30.882857442032012
2026-01-02,31.178865965782446
2026-01-05,31.16414691945502
2026-01-06,31.361458082596755
2026-01-07,31.237531421884377
2026-01-08,30.13497085390502
2026-01-09,29.40931520156171
2026-01-12,29.95469941432566
2026-01-13,30.081976953409786
2026-01-14,30.613589924133436
2026-01-16,30.484786801555636
2026-01-19,30.422942400125017
2026-01-20,30.097648105095338
2026-01-21,29.96472774284247
2026-01-22,29.915209329898197
2026-01-23,29.52838930999337
2026-01-27,29.534329931358823
2026-01-28,29.540271747878602
2026-01-29,29.546214759793152
2026-01-30,29.552158967342965
2026-02-01,29.558104370768586
2026-02-02,29.564050970310603
2026-02-03,29.569998766209658
2026-02-04,29.575947758706434
2026-02-05,29.581897948041668
2026-02-06,29.58784933445614
2026-02-09,29.593801918190692
2026-02-10,29.5997556994862
2026-02-11,29.605710678583588
2026-02-12,29.61166685572384
2026-02-13,29.617624231147982
2026-02-16,29.623582805097087
2026-02-17,29.629542577812277
2026-02-18,29.63550354953473
2026-02-19,29.641465720505657
2026-02-20,29.647429090966334
2026-02-23,29.653393661158077
2026-02-24,29.65935943132225
2026-02-25,29.665326401700273
2026-02-26,29.671294572533604
2026-02-27,29.677263944063753
2026-03-02,29.683234516532284
2026-03-04,29.689206290180806
2026-03-05,29.695179265250975
2026-03-06,29.701153441984495
2026-03-09,29.707128820623126
2026-03-10,29.71310540140867
2026-03-11,29.719083184582974
2026-03-12,29.725062170387943
2026-03-13,29.731042359065526
2026-03-16,29.73702375085772
2026-03-17,29.74300634600657
2026-03-18,29.748990144754174
2026-03-19,29.754975147342677
2026-03-20,29.76096135401427
2026-03-23,29.766948765011193
2026-03-24,29.77293738057574
2026-03-25,29.778927200950246
2026-03-27,29.7849182263771
2026-03-30,29.790910457098743
2026-04-01,29.45115882855855
2026-04-02,29.457083912434193
2026-04-06,29.463010188338277
2026-04-07,29.468937656510615
2026-04-08,29.474866317191076
2026-04-09,29.48079617061957
2026-04-10,29.486727217036062
2026-04-13,29.492659456680556
2026-04-15,29.498592889793116
2026-04-16,29.50452751661384
2026-04-17,29.51046333738289
2026-04-20,29.516400352340465
2026-04-21,29.522338561726816
2026-04-22,29.52827796578224
2026-04-23,29.53421856474709
2026-04-24,29.54016035886176
2026-04-27,29.54610334836669
2026-04-28,29.552047533502375
2026-04-29,29.55799291450936
2026-04-30,29.56393949162823
2026-05-04,29.569887265099624
2026-05-05,29.57583623516423
2026-05-06,29.58178640206278
2026-05-07,29.587737766036057
2026-05-08,29.593690327324893
2026-05-11,29.59964408617017
2026-05-12,29.605599042812813
2026-05-13,29.611555197493804
2026-05-14,29.617512550454165
2026-05-15,29.62347110193497
2026-05-18,29.629430852177343
2026-05-19,29.635391801422454
2026-05-20,29.64135394991152
2026-05-21,29.64731729788581
2026-05-22,29.653281845586644
2026-05-25,29.659247593255383
2026-05-26,29.665214541133444
2026-05-27,29.671182689462288
2026-05-29,29.677152038483424
2026-06-01,29.683122588438412
2026-06-02,29.68909433956886
2026-06-03,29.695067292116427
2026-06-04,29.701041446322815
2026-06-05,29.707016802429777
2026-06-08,29.712993360679118
2026-06-09,29.718971121312688
2026-06-10,29.724950084572388
2026-06-11,29.730930250700165
2026-06-12,29.736911619938017
2026-06-15,29.74289419252799
2026-06-16,29.74887796871218
2026-06-17,29.754862948732725
2026-06-18,29.760849132831822
2026-06-19,29.766836521251708
2026-06-22,29.772825114234674
2026-06-23,29.77881491202306
2026-06-24,29.78480591485925
2026-06-25,29.790798122985677
2026-06-29,29.796791536644832
2026-06-30,29.802786156079243
2026-07-01,29.808781981531496
2026-07-02,29.81477901324422
2026-07-03,29.820777251460093
2026-07-06,29.826776696421845
2026-07-07,29.832777348372254
2026-07-08,29.838779207554143
2026-07-09,29.844782274210388
2026-07-10,29.850786548583915
2026-07-13,29.856792030917696
2026-07-14,29.862798721454748
2026-07-15,29.868806620438146
2026-07-16,29.87481572811101
2026-07-17,29.880826044716507
2026-07-20,29.886837570497853
2026-07-21,29.892850305698317
2026-07-22,29.89886425056121
2026-07-23,29.9048794053299
2026-07-24,29.910895770247798
2026-07-27,29.916913345558363
2026-07-28,29.92293213150511
2026-07-29,29.9289521283316
2026-07-30,29.934973336281434
2026-07-31,29.896151528305825
2026-08-03,30.185894700147056
2026-08-04,31.19091006355695
2026-08-05,31.826568308014764
2026-08-06,31.671999557552965
2026-08-07,32.03463229105553
2026-08-10,32.16285995372991
2026-08-11,32.499166873473904
2026-08-12,32.84424047623672
2026-08-13,33.27869494736094
2026-08-14,32.84227847582257
2026-08-17,32.539187186753836
2026-08-18,32.97045402080253
2026-08-19,32.615670177300366
2026-08-20,32.80651071973525
2026-08-21,32.90595767778604
2026-08-24,32.86504826173845
2026-08-25,32.81975749617522
2026-08-26,33.01596673053086
2026-08-27,33.08043429148641
2026-08-28,33.5505588684681
2026-08-31,33.52932938657683
2026-09-01,33.047852330202424
2026-09-02,32.93008283852018
2026-09-03,33.101985626010446
