cell,x_bars,depth_min,vol_K,saucer,exit,hard_stop,liq_cr,n_events,seeds,cagr_med,cagr_min,cagr_max,maxdd_med,maxdd_worst,calmar_med,sharpe_med,trades,win_rate,avg_win,avg_loss,expectancy,max_loss_streak,trades_per_yr,final_med
x0|d0|k0|s0|ST_14_4|h0|L2,0,0.0,0.0,0,ST_14_4,0,2.0,10293,10,18.88,17.93,19.57,-41.59,-41.62,0.454,1.05,812,47.1,34.51,-11.49,10.251,18,37.5,42762104.0
x0|d0|k0|s0|SMA15|h1|L2,0,0.0,0.0,0,SMA15,1,2.0,10293,10,9.96,7.4,12.8,-39.97,-42.96,0.245,0.628,4063,36.8,12.04,-5.5,0.913,25,187.4,7875457.0
x0|d0|k0|s1|ST_14_4|h0|L2,0,0.0,0.0,1,ST_14_4,0,2.0,123,10,5.9,5.9,5.9,-18.34,-18.34,0.322,1.055,121,40.5,28.95,-11.98,4.591,7,5.6,3466917.0
x0|d0|k0|s1|SMA15|h1|L2,0,0.0,0.0,1,SMA15,1,2.0,123,10,5.28,5.28,5.28,-3.18,-3.18,1.661,2.756,123,38.2,9.98,-6.06,0.067,9,5.7,3055414.0
x0|d0|k2|s0|ST_14_4|h0|L2,0,0.0,2.0,0,ST_14_4,0,2.0,9064,10,18.36,17.63,20.15,-42.3,-42.32,0.438,1.039,791,47.3,34.1,-11.36,10.285,19,36.5,38709140.0
x0|d0|k2|s0|SMA15|h1|L2,0,0.0,2.0,0,SMA15,1,2.0,9064,10,8.48,7.53,10.09,-38.03,-43.83,0.218,0.58,3786,37.8,11.47,-5.68,0.811,24,174.6,5842279.0
x0|d0|k2|s1|ST_14_4|h0|L2,0,0.0,2.0,1,ST_14_4,0,2.0,98,10,6.17,6.17,6.17,-17.76,-17.76,0.347,1.166,97,44.3,30.25,-12.73,6.321,6,4.5,3662671.0
x0|d0|k2|s1|SMA15|h1|L2,0,0.0,2.0,1,SMA15,1,2.0,98,10,5.42,5.42,5.42,-2.98,-2.98,1.822,3.006,98,38.8,11.28,-6.27,0.54,9,4.5,3143642.0
x0|d0|k3|s0|ST_14_4|h0|L2,0,0.0,3.0,0,ST_14_4,0,2.0,7743,10,19.55,17.99,20.7,-37.29,-39.33,0.529,1.067,753,49.9,33.57,-11.67,11.146,19,34.7,48142180.0
x0|d0|k3|s0|SMA15|h1|L2,0,0.0,3.0,0,SMA15,1,2.0,7743,10,9.07,6.87,10.0,-40.2,-51.17,0.217,0.534,3506,36.8,12.97,-5.96,1.0,19,161.7,6582414.0
x0|d0|k3|s1|ST_14_4|h0|L2,0,0.0,3.0,1,ST_14_4,0,2.0,79,10,6.05,6.05,6.05,-15.86,-15.86,0.382,1.227,79,45.6,30.1,-13.51,6.367,5,3.6,3576845.0
x0|d0|k3|s1|SMA15|h1|L2,0,0.0,3.0,1,SMA15,1,2.0,79,10,5.43,5.43,5.43,-2.75,-2.75,1.974,3.323,79,41.8,10.39,-6.44,0.589,8,3.6,3145546.0
x0|d0|k5|s0|ST_14_4|h0|L2,0,0.0,5.0,0,ST_14_4,0,2.0,5572,10,19.0,17.38,20.34,-36.05,-36.06,0.527,1.063,729,48.8,35.47,-12.71,10.885,19,33.6,43525612.0
x0|d0|k5|s0|SMA15|h1|L2,0,0.0,5.0,0,SMA15,1,2.0,5572,10,8.84,7.79,9.87,-40.3,-44.16,0.213,0.528,2968,37.1,13.59,-6.35,1.041,19,136.9,6277201.0
x0|d0|k5|s1|ST_14_4|h0|L2,0,0.0,5.0,1,ST_14_4,0,2.0,50,10,6.28,6.28,6.28,-12.52,-12.52,0.501,1.43,50,46.0,40.08,-14.45,10.63,6,2.3,3747267.0
x0|d0|k5|s1|SMA15|h1|L2,0,0.0,5.0,1,SMA15,1,2.0,50,10,5.48,5.48,5.48,-2.61,-2.61,2.097,4.252,50,44.0,11.14,-6.75,1.119,7,2.3,3183406.0
x0|d10|k0|s0|ST_14_4|h0|L2,0,10.0,0.0,0,ST_14_4,0,2.0,7161,10,18.12,17.65,19.22,-37.08,-37.15,0.489,1.046,797,46.6,34.47,-11.35,9.914,18,36.8,37038078.0
x0|d10|k0|s0|SMA15|h1|L2,0,10.0,0.0,0,SMA15,1,2.0,7161,10,9.46,8.27,10.0,-36.07,-41.09,0.247,0.665,3510,37.5,11.89,-5.64,0.928,22,161.9,7100464.0
x0|d10|k0|s1|ST_14_4|h0|L2,0,10.0,0.0,1,ST_14_4,0,2.0,123,10,5.9,5.9,5.9,-18.34,-18.34,0.322,1.055,121,40.5,28.95,-11.98,4.591,7,5.6,3466917.0
x0|d10|k0|s1|SMA15|h1|L2,0,10.0,0.0,1,SMA15,1,2.0,123,10,5.28,5.28,5.28,-3.18,-3.18,1.661,2.756,123,38.2,9.98,-6.06,0.067,9,5.7,3055414.0
x0|d10|k2|s0|ST_14_4|h0|L2,0,10.0,2.0,0,ST_14_4,0,2.0,5442,10,19.8,18.89,20.76,-41.58,-41.58,0.476,1.074,770,49.2,34.81,-12.07,11.026,22,35.5,50371772.0
x0|d10|k2|s0|SMA15|h1|L2,0,10.0,2.0,0,SMA15,1,2.0,5442,10,7.0,6.15,7.76,-29.79,-33.54,0.229,0.537,3036,38.0,11.69,-6.1,0.678,21,140.0,4340960.0
x0|d10|k2|s1|ST_14_4|h0|L2,0,10.0,2.0,1,ST_14_4,0,2.0,98,10,6.17,6.17,6.17,-17.76,-17.76,0.347,1.166,97,44.3,30.25,-12.73,6.321,6,4.5,3662671.0
x0|d10|k2|s1|SMA15|h1|L2,0,10.0,2.0,1,SMA15,1,2.0,98,10,5.42,5.42,5.42,-2.98,-2.98,1.822,3.006,98,38.8,11.28,-6.27,0.54,9,4.5,3143642.0
x0|d10|k3|s0|ST_14_4|h0|L2,0,10.0,3.0,0,ST_14_4,0,2.0,4317,10,18.91,18.5,19.75,-39.0,-39.0,0.485,1.074,729,48.8,35.21,-11.99,11.01,17,33.7,42832932.0
x0|d10|k3|s0|SMA15|h1|L2,0,10.0,3.0,0,SMA15,1,2.0,4317,10,8.14,7.51,8.55,-28.13,-31.33,0.29,0.655,2614,38.0,12.6,-6.31,0.896,17,120.5,5460497.0
x0|d10|k3|s1|ST_14_4|h0|L2,0,10.0,3.0,1,ST_14_4,0,2.0,79,10,6.05,6.05,6.05,-15.86,-15.86,0.382,1.227,79,45.6,30.1,-13.51,6.367,5,3.6,3576845.0
x0|d10|k3|s1|SMA15|h1|L2,0,10.0,3.0,1,SMA15,1,2.0,79,10,5.43,5.43,5.43,-2.75,-2.75,1.974,3.323,79,41.8,10.39,-6.44,0.589,8,3.6,3145546.0
x0|d10|k5|s0|ST_14_4|h0|L2,0,10.0,5.0,0,ST_14_4,0,2.0,2967,10,18.76,18.15,19.11,-37.24,-37.24,0.504,1.077,648,47.5,39.28,-12.98,11.976,13,29.9,41626356.0
x0|d10|k5|s0|SMA15|h1|L2,0,10.0,5.0,0,SMA15,1,2.0,2967,10,7.72,7.28,8.14,-25.23,-28.99,0.307,0.671,2014,37.4,13.51,-6.56,0.942,22,92.8,5016862.0
x0|d10|k5|s1|ST_14_4|h0|L2,0,10.0,5.0,1,ST_14_4,0,2.0,50,10,6.28,6.28,6.28,-12.52,-12.52,0.501,1.43,50,46.0,40.08,-14.45,10.63,6,2.3,3747267.0
x0|d10|k5|s1|SMA15|h1|L2,0,10.0,5.0,1,SMA15,1,2.0,50,10,5.48,5.48,5.48,-2.61,-2.61,2.097,4.252,50,44.0,11.14,-6.75,1.119,7,2.3,3183406.0
x0|d20|k0|s0|ST_14_4|h0|L2,0,20.0,0.0,0,ST_14_4,0,2.0,4055,10,20.8,20.05,21.69,-35.04,-37.48,0.587,1.147,728,46.2,39.96,-12.1,12.075,14,33.6,60247330.0
x0|d20|k0|s0|SMA15|h1|L2,0,20.0,0.0,0,SMA15,1,2.0,4055,10,5.42,4.98,6.75,-31.41,-39.55,0.171,0.46,2598,35.2,12.48,-6.03,0.472,19,119.8,3140510.0
x0|d20|k0|s1|ST_14_4|h0|L2,0,20.0,0.0,1,ST_14_4,0,2.0,123,10,5.9,5.9,5.9,-18.34,-18.34,0.322,1.055,121,40.5,28.95,-11.98,4.591,7,5.6,3466917.0
x0|d20|k0|s1|SMA15|h1|L2,0,20.0,0.0,1,SMA15,1,2.0,123,10,5.28,5.28,5.28,-3.18,-3.18,1.661,2.756,123,38.2,9.98,-6.06,0.067,9,5.7,3055414.0
x0|d20|k2|s0|ST_14_4|h0|L2,0,20.0,2.0,0,ST_14_4,0,2.0,3104,10,18.8,18.45,19.64,-43.31,-45.29,0.435,1.055,691,45.0,41.54,-12.73,11.623,16,31.9,41946754.0
x0|d20|k2|s0|SMA15|h1|L2,0,20.0,2.0,0,SMA15,1,2.0,3104,10,4.94,4.49,5.47,-32.55,-39.27,0.145,0.448,2175,36.1,12.5,-6.47,0.378,18,100.3,2840624.0
x0|d20|k2|s1|ST_14_4|h0|L2,0,20.0,2.0,1,ST_14_4,0,2.0,98,10,6.17,6.17,6.17,-17.76,-17.76,0.347,1.166,97,44.3,30.25,-12.73,6.321,6,4.5,3662671.0
x0|d20|k2|s1|SMA15|h1|L2,0,20.0,2.0,1,SMA15,1,2.0,98,10,5.42,5.42,5.42,-2.98,-2.98,1.822,3.006,98,38.8,11.28,-6.27,0.54,9,4.5,3143642.0
x0|d20|k3|s0|ST_14_4|h0|L2,0,20.0,3.0,0,ST_14_4,0,2.0,2478,10,17.11,16.94,17.31,-42.22,-42.41,0.403,0.969,632,45.3,39.87,-13.0,11.01,17,29.1,30729848.0
x0|d20|k3|s0|SMA15|h1|L2,0,20.0,3.0,0,SMA15,1,2.0,2478,10,4.88,4.61,5.72,-33.15,-38.66,0.152,0.477,1848,36.6,12.65,-6.72,0.363,17,85.2,2814176.0
x0|d20|k3|s1|ST_14_4|h0|L2,0,20.0,3.0,1,ST_14_4,0,2.0,79,10,6.05,6.05,6.05,-15.86,-15.86,0.382,1.227,79,45.6,30.1,-13.51,6.367,5,3.6,3576845.0
x0|d20|k3|s1|SMA15|h1|L2,0,20.0,3.0,1,SMA15,1,2.0,79,10,5.43,5.43,5.43,-2.75,-2.75,1.974,3.323,79,41.8,10.39,-6.44,0.589,8,3.6,3145546.0
x0|d20|k5|s0|ST_14_4|h0|L2,0,20.0,5.0,0,ST_14_4,0,2.0,1728,10,16.79,16.59,17.54,-34.97,-34.97,0.48,1.038,554,45.8,40.71,-13.01,11.707,14,25.6,28967769.0
x0|d20|k5|s0|SMA15|h1|L2,0,20.0,5.0,0,SMA15,1,2.0,1728,10,6.63,6.47,6.82,-22.41,-23.63,0.296,0.683,1401,36.8,14.15,-6.87,0.842,16,64.6,4027054.0
x0|d20|k5|s1|ST_14_4|h0|L2,0,20.0,5.0,1,ST_14_4,0,2.0,50,10,6.28,6.28,6.28,-12.52,-12.52,0.501,1.43,50,46.0,40.08,-14.45,10.63,6,2.3,3747267.0
x0|d20|k5|s1|SMA15|h1|L2,0,20.0,5.0,1,SMA15,1,2.0,50,10,5.48,5.48,5.48,-2.61,-2.61,2.097,4.252,50,44.0,11.14,-6.75,1.119,7,2.3,3183406.0
x20|d0|k0|s0|ST_14_4|h0|L2,20,0.0,0.0,0,ST_14_4,0,2.0,7359,10,18.07,16.65,18.93,-35.09,-36.59,0.508,1.041,809,45.5,33.76,-10.42,9.623,22,37.3,36705398.0
x20|d0|k0|s0|SMA15|h1|L2,20,0.0,0.0,0,SMA15,1,2.0,7359,10,8.98,8.31,9.82,-34.76,-38.06,0.254,0.56,3543,37.8,11.31,-5.35,0.929,18,163.4,6466470.0
x20|d0|k0|s1|ST_14_4|h0|L2,20,0.0,0.0,1,ST_14_4,0,2.0,123,10,5.9,5.9,5.9,-18.34,-18.34,0.322,1.055,121,40.5,28.95,-11.98,4.591,7,5.6,3466917.0
x20|d0|k0|s1|SMA15|h1|L2,20,0.0,0.0,1,SMA15,1,2.0,123,10,5.28,5.28,5.28,-3.18,-3.18,1.661,2.756,123,38.2,9.98,-6.06,0.067,9,5.7,3055414.0
x20|d0|k2|s0|ST_14_4|h0|L2,20,0.0,2.0,0,ST_14_4,0,2.0,5618,10,19.71,19.1,20.81,-37.85,-37.85,0.52,1.078,759,47.7,36.9,-10.94,11.677,18,35.0,49513446.0
x20|d0|k2|s0|SMA15|h1|L2,20,0.0,2.0,0,SMA15,1,2.0,5618,10,8.23,7.56,8.7,-26.77,-31.5,0.299,0.516,3045,38.6,11.55,-5.78,0.887,19,140.4,5555585.0
x20|d0|k2|s1|ST_14_4|h0|L2,20,0.0,2.0,1,ST_14_4,0,2.0,98,10,6.17,6.17,6.17,-17.76,-17.76,0.347,1.166,97,44.3,30.25,-12.73,6.321,6,4.5,3662671.0
x20|d0|k2|s1|SMA15|h1|L2,20,0.0,2.0,1,SMA15,1,2.0,98,10,5.42,5.42,5.42,-2.98,-2.98,1.822,3.006,98,38.8,11.28,-6.27,0.54,9,4.5,3143642.0
x20|d0|k3|s0|ST_14_4|h0|L2,20,0.0,3.0,0,ST_14_4,0,2.0,4482,10,18.04,17.51,18.45,-36.01,-36.01,0.501,1.014,724,47.3,35.86,-11.36,10.946,20,33.4,36485968.0
x20|d0|k3|s0|SMA15|h1|L2,20,0.0,3.0,0,SMA15,1,2.0,4482,10,10.15,9.44,10.52,-27.98,-31.39,0.357,0.619,2656,38.8,12.68,-5.99,1.241,22,122.5,8136128.0
x20|d0|k3|s1|ST_14_4|h0|L2,20,0.0,3.0,1,ST_14_4,0,2.0,79,10,6.05,6.05,6.05,-15.86,-15.86,0.382,1.227,79,45.6,30.1,-13.51,6.367,5,3.6,3576845.0
x20|d0|k3|s1|SMA15|h1|L2,20,0.0,3.0,1,SMA15,1,2.0,79,10,5.43,5.43,5.43,-2.75,-2.75,1.974,3.323,79,41.8,10.39,-6.44,0.589,8,3.6,3145546.0
x20|d0|k5|s0|ST_14_4|h0|L2,20,0.0,5.0,0,ST_14_4,0,2.0,3061,10,18.12,17.76,18.88,-37.03,-37.03,0.489,1.086,660,46.8,38.14,-11.98,11.389,13,30.4,37074248.0
x20|d0|k5|s0|SMA15|h1|L2,20,0.0,5.0,0,SMA15,1,2.0,3061,10,9.68,8.85,9.91,-26.29,-29.14,0.366,0.625,2041,37.7,14.23,-6.33,1.434,20,94.2,7416996.0
x20|d0|k5|s1|ST_14_4|h0|L2,20,0.0,5.0,1,ST_14_4,0,2.0,50,10,6.28,6.28,6.28,-12.52,-12.52,0.501,1.43,50,46.0,40.08,-14.45,10.63,6,2.3,3747267.0
x20|d0|k5|s1|SMA15|h1|L2,20,0.0,5.0,1,SMA15,1,2.0,50,10,5.48,5.48,5.48,-2.61,-2.61,2.097,4.252,50,44.0,11.14,-6.75,1.119,7,2.3,3183406.0
x20|d10|k0|s0|ST_14_4|h0|L2,20,10.0,0.0,0,ST_14_4,0,2.0,6587,10,17.81,17.28,18.73,-36.31,-36.95,0.489,1.017,788,46.3,33.43,-10.81,9.684,19,36.3,34988678.0
x20|d10|k0|s0|SMA15|h1|L2,20,10.0,0.0,0,SMA15,1,2.0,6587,10,8.68,7.82,9.52,-34.58,-35.87,0.247,0.653,3330,38.0,11.14,-5.5,0.84,21,153.6,6082240.0
x20|d10|k0|s1|ST_14_4|h0|L2,20,10.0,0.0,1,ST_14_4,0,2.0,123,10,5.9,5.9,5.9,-18.34,-18.34,0.322,1.055,121,40.5,28.95,-11.98,4.591,7,5.6,3466917.0
x20|d10|k0|s1|SMA15|h1|L2,20,10.0,0.0,1,SMA15,1,2.0,123,10,5.28,5.28,5.28,-3.18,-3.18,1.661,2.756,123,38.2,9.98,-6.06,0.067,9,5.7,3055414.0
x20|d10|k2|s0|ST_14_4|h0|L2,20,10.0,2.0,0,ST_14_4,0,2.0,5014,10,19.39,18.42,20.17,-38.79,-38.79,0.499,1.074,754,47.2,36.13,-11.27,11.088,24,34.8,46691154.0
x20|d10|k2|s0|SMA15|h1|L2,20,10.0,2.0,0,SMA15,1,2.0,5014,10,6.1,5.73,7.7,-26.03,-30.83,0.24,0.493,2852,38.2,11.17,-5.99,0.539,19,131.6,3610094.0
x20|d10|k2|s1|ST_14_4|h0|L2,20,10.0,2.0,1,ST_14_4,0,2.0,98,10,6.17,6.17,6.17,-17.76,-17.76,0.347,1.166,97,44.3,30.25,-12.73,6.321,6,4.5,3662671.0
x20|d10|k2|s1|SMA15|h1|L2,20,10.0,2.0,1,SMA15,1,2.0,98,10,5.42,5.42,5.42,-2.98,-2.98,1.822,3.006,98,38.8,11.28,-6.27,0.54,9,4.5,3143642.0
x20|d10|k3|s0|ST_14_4|h0|L2,20,10.0,3.0,0,ST_14_4,0,2.0,3991,10,16.5,15.85,17.06,-36.51,-36.51,0.452,0.966,717,48.1,32.65,-11.85,9.576,15,33.1,27428173.0
x20|d10|k3|s0|SMA15|h1|L2,20,10.0,3.0,0,SMA15,1,2.0,3991,10,8.09,7.51,8.44,-27.12,-30.04,0.296,0.657,2466,38.5,12.16,-6.19,0.893,21,113.7,5396556.0
x20|d10|k3|s1|ST_14_4|h0|L2,20,10.0,3.0,1,ST_14_4,0,2.0,79,10,6.05,6.05,6.05,-15.86,-15.86,0.382,1.227,79,45.6,30.1,-13.51,6.367,5,3.6,3576845.0
x20|d10|k3|s1|SMA15|h1|L2,20,10.0,3.0,1,SMA15,1,2.0,79,10,5.43,5.43,5.43,-2.75,-2.75,1.974,3.323,79,41.8,10.39,-6.44,0.589,8,3.6,3145546.0
x20|d10|k5|s0|ST_14_4|h0|L2,20,10.0,5.0,0,ST_14_4,0,2.0,2740,10,18.52,18.26,18.95,-36.67,-36.67,0.506,1.094,638,48.0,38.36,-12.58,11.767,12,29.4,39880932.0
x20|d10|k5|s0|SMA15|h1|L2,20,10.0,5.0,0,SMA15,1,2.0,2740,10,7.36,7.09,7.99,-28.33,-33.75,0.259,0.67,1901,37.5,13.18,-6.49,0.895,19,87.7,4665169.0
x20|d10|k5|s1|ST_14_4|h0|L2,20,10.0,5.0,1,ST_14_4,0,2.0,50,10,6.28,6.28,6.28,-12.52,-12.52,0.501,1.43,50,46.0,40.08,-14.45,10.63,6,2.3,3747267.0
x20|d10|k5|s1|SMA15|h1|L2,20,10.0,5.0,1,SMA15,1,2.0,50,10,5.48,5.48,5.48,-2.61,-2.61,2.097,4.252,50,44.0,11.14,-6.75,1.119,7,2.3,3183406.0
x20|d20|k0|s0|ST_14_4|h0|L2,20,20.0,0.0,0,ST_14_4,0,2.0,4017,10,20.84,20.25,21.51,-33.46,-37.48,0.623,1.155,727,47.0,39.03,-12.05,12.076,14,33.5,60686774.0
x20|d20|k0|s0|SMA15|h1|L2,20,20.0,0.0,0,SMA15,1,2.0,4017,10,5.56,4.83,6.21,-31.69,-35.3,0.177,0.472,2585,35.2,12.44,-6.03,0.493,19,119.2,3234784.0
x20|d20|k0|s1|ST_14_4|h0|L2,20,20.0,0.0,1,ST_14_4,0,2.0,123,10,5.9,5.9,5.9,-18.34,-18.34,0.322,1.055,121,40.5,28.95,-11.98,4.591,7,5.6,3466917.0
x20|d20|k0|s1|SMA15|h1|L2,20,20.0,0.0,1,SMA15,1,2.0,123,10,5.28,5.28,5.28,-3.18,-3.18,1.661,2.756,123,38.2,9.98,-6.06,0.067,9,5.7,3055414.0
x20|d20|k2|s0|ST_14_4|h0|L2,20,20.0,2.0,0,ST_14_4,0,2.0,3084,10,19.41,19.17,20.37,-42.46,-42.46,0.458,1.069,687,45.7,41.5,-12.69,11.951,17,31.7,46932910.0
x20|d20|k2|s0|SMA15|h1|L2,20,20.0,2.0,0,SMA15,1,2.0,3084,10,4.98,4.12,5.68,-33.66,-36.63,0.15,0.455,2160,36.1,12.52,-6.47,0.396,19,99.6,2871844.0
x20|d20|k2|s1|ST_14_4|h0|L2,20,20.0,2.0,1,ST_14_4,0,2.0,98,10,6.17,6.17,6.17,-17.76,-17.76,0.347,1.166,97,44.3,30.25,-12.73,6.321,6,4.5,3662671.0
x20|d20|k2|s1|SMA15|h1|L2,20,20.0,2.0,1,SMA15,1,2.0,98,10,5.42,5.42,5.42,-2.98,-2.98,1.822,3.006,98,38.8,11.28,-6.27,0.54,9,4.5,3143642.0
x20|d20|k3|s0|ST_14_4|h0|L2,20,20.0,3.0,0,ST_14_4,0,2.0,2463,10,18.48,17.99,18.79,-42.01,-42.2,0.438,1.014,629,46.0,41.13,-12.8,11.968,16,29.1,39575928.0
x20|d20|k3|s0|SMA15|h1|L2,20,20.0,3.0,0,SMA15,1,2.0,2463,10,5.26,4.89,6.02,-30.97,-34.27,0.165,0.509,1839,36.8,12.68,-6.69,0.439,17,84.8,3035864.0
x20|d20|k3|s1|ST_14_4|h0|L2,20,20.0,3.0,1,ST_14_4,0,2.0,79,10,6.05,6.05,6.05,-15.86,-15.86,0.382,1.227,79,45.6,30.1,-13.51,6.367,5,3.6,3576845.0
x20|d20|k3|s1|SMA15|h1|L2,20,20.0,3.0,1,SMA15,1,2.0,79,10,5.43,5.43,5.43,-2.75,-2.75,1.974,3.323,79,41.8,10.39,-6.44,0.589,8,3.6,3145546.0
x20|d20|k5|s0|ST_14_4|h0|L2,20,20.0,5.0,0,ST_14_4,0,2.0,1723,10,17.52,17.45,17.65,-34.97,-34.97,0.501,1.072,550,46.2,41.86,-13.15,12.253,14,25.4,33162366.0
x20|d20|k5|s0|SMA15|h1|L2,20,20.0,5.0,0,SMA15,1,2.0,1723,10,6.5,6.23,6.66,-22.5,-24.21,0.287,0.673,1397,36.5,14.16,-6.86,0.811,16,64.5,3914906.0
x20|d20|k5|s1|ST_14_4|h0|L2,20,20.0,5.0,1,ST_14_4,0,2.0,50,10,6.28,6.28,6.28,-12.52,-12.52,0.501,1.43,50,46.0,40.08,-14.45,10.63,6,2.3,3747267.0
x20|d20|k5|s1|SMA15|h1|L2,20,20.0,5.0,1,SMA15,1,2.0,50,10,5.48,5.48,5.48,-2.61,-2.61,2.097,4.252,50,44.0,11.14,-6.75,1.119,7,2.3,3183406.0
x40|d0|k0|s0|ST_14_4|h0|L2,40,0.0,0.0,0,ST_14_4,0,2.0,5776,10,20.68,19.81,21.6,-37.11,-37.13,0.558,1.167,760,47.8,35.9,-10.68,11.532,16,35.0,58924344.0
x40|d0|k0|s0|SMA15|h1|L2,40,0.0,0.0,0,SMA15,1,2.0,5776,10,7.04,6.91,7.65,-29.74,-30.8,0.24,0.573,3160,37.2,10.97,-5.47,0.641,19,145.8,4373196.0
x40|d0|k0|s1|ST_14_4|h0|L2,40,0.0,0.0,1,ST_14_4,0,2.0,123,10,5.9,5.9,5.9,-18.34,-18.34,0.322,1.055,121,40.5,28.95,-11.98,4.591,7,5.6,3466917.0
x40|d0|k0|s1|SMA15|h1|L2,40,0.0,0.0,1,SMA15,1,2.0,123,10,5.28,5.28,5.28,-3.18,-3.18,1.661,2.756,123,38.2,9.98,-6.06,0.067,9,5.7,3055414.0
x40|d0|k2|s0|ST_14_4|h0|L2,40,0.0,2.0,0,ST_14_4,0,2.0,4337,10,18.66,18.37,19.06,-37.43,-37.43,0.498,1.071,739,46.4,35.86,-11.27,10.674,15,34.1,40834174.0
x40|d0|k2|s0|SMA15|h1|L2,40,0.0,2.0,0,SMA15,1,2.0,4337,10,6.3,5.71,6.65,-25.76,-27.85,0.241,0.538,2652,37.8,11.3,-5.95,0.571,18,122.3,3759568.0
x40|d0|k2|s1|ST_14_4|h0|L2,40,0.0,2.0,1,ST_14_4,0,2.0,98,10,6.17,6.17,6.17,-17.76,-17.76,0.347,1.166,97,44.3,30.25,-12.73,6.321,6,4.5,3662671.0
x40|d0|k2|s1|SMA15|h1|L2,40,0.0,2.0,1,SMA15,1,2.0,98,10,5.42,5.42,5.42,-2.98,-2.98,1.822,3.006,98,38.8,11.28,-6.27,0.54,9,4.5,3143642.0
x40|d0|k3|s0|ST_14_4|h0|L2,40,0.0,3.0,0,ST_14_4,0,2.0,3428,10,18.84,18.61,19.11,-37.09,-37.39,0.508,1.078,698,47.7,36.33,-11.9,11.132,14,32.2,42276782.0
x40|d0|k3|s0|SMA15|h1|L2,40,0.0,3.0,0,SMA15,1,2.0,3428,10,5.99,5.36,6.65,-28.61,-34.53,0.211,0.54,2278,37.7,11.68,-6.2,0.547,18,105.0,3532441.0
x40|d0|k3|s1|ST_14_4|h0|L2,40,0.0,3.0,1,ST_14_4,0,2.0,79,10,6.05,6.05,6.05,-15.86,-15.86,0.382,1.227,79,45.6,30.1,-13.51,6.367,5,3.6,3576845.0
x40|d0|k3|s1|SMA15|h1|L2,40,0.0,3.0,1,SMA15,1,2.0,79,10,5.43,5.43,5.43,-2.75,-2.75,1.974,3.323,79,41.8,10.39,-6.44,0.589,8,3.6,3145546.0
x40|d0|k5|s0|ST_14_4|h0|L2,40,0.0,5.0,0,ST_14_4,0,2.0,2341,10,17.81,17.64,18.19,-34.95,-34.95,0.51,1.097,603,45.5,40.88,-12.17,11.873,12,27.9,34989848.0
x40|d0|k5|s0|SMA15|h1|L2,40,0.0,5.0,0,SMA15,1,2.0,2341,10,5.92,5.59,6.29,-23.96,-26.04,0.245,0.579,1732,36.8,12.85,-6.53,0.588,23,79.9,3489790.0
x40|d0|k5|s1|ST_14_4|h0|L2,40,0.0,5.0,1,ST_14_4,0,2.0,50,10,6.28,6.28,6.28,-12.52,-12.52,0.501,1.43,50,46.0,40.08,-14.45,10.63,6,2.3,3747267.0
x40|d0|k5|s1|SMA15|h1|L2,40,0.0,5.0,1,SMA15,1,2.0,50,10,5.48,5.48,5.48,-2.61,-2.61,2.097,4.252,50,44.0,11.14,-6.75,1.119,7,2.3,3183406.0
x40|d10|k0|s0|ST_14_4|h0|L2,40,10.0,0.0,0,ST_14_4,0,2.0,5569,10,20.62,20.05,21.05,-37.05,-37.1,0.557,1.157,746,48.3,35.5,-10.86,11.573,16,34.4,58344690.0
x40|d10|k0|s0|SMA15|h1|L2,40,10.0,0.0,0,SMA15,1,2.0,5569,10,7.4,6.61,8.0,-29.36,-31.49,0.241,0.595,3094,37.2,11.25,-5.53,0.697,18,142.7,4709143.0
x40|d10|k0|s1|ST_14_4|h0|L2,40,10.0,0.0,1,ST_14_4,0,2.0,123,10,5.9,5.9,5.9,-18.34,-18.34,0.322,1.055,121,40.5,28.95,-11.98,4.591,7,5.6,3466917.0
x40|d10|k0|s1|SMA15|h1|L2,40,10.0,0.0,1,SMA15,1,2.0,123,10,5.28,5.28,5.28,-3.18,-3.18,1.661,2.756,123,38.2,9.98,-6.06,0.067,9,5.7,3055414.0
x40|d10|k2|s0|ST_14_4|h0|L2,40,10.0,2.0,0,ST_14_4,0,2.0,4195,10,18.75,18.53,19.46,-37.02,-37.02,0.508,1.062,732,47.1,35.96,-11.44,10.774,15,33.8,41579124.0
x40|d10|k2|s0|SMA15|h1|L2,40,10.0,2.0,0,SMA15,1,2.0,4195,10,5.96,5.07,6.35,-24.94,-27.56,0.236,0.519,2599,37.2,11.45,-5.99,0.512,18,119.8,3506476.0
x40|d10|k2|s1|ST_14_4|h0|L2,40,10.0,2.0,1,ST_14_4,0,2.0,98,10,6.17,6.17,6.17,-17.76,-17.76,0.347,1.166,97,44.3,30.25,-12.73,6.321,6,4.5,3662671.0
x40|d10|k2|s1|SMA15|h1|L2,40,10.0,2.0,1,SMA15,1,2.0,98,10,5.42,5.42,5.42,-2.98,-2.98,1.822,3.006,98,38.8,11.28,-6.27,0.54,9,4.5,3143642.0
x40|d10|k3|s0|ST_14_4|h0|L2,40,10.0,3.0,0,ST_14_4,0,2.0,3315,10,17.81,17.65,18.45,-36.7,-36.7,0.485,1.028,691,47.8,35.71,-12.27,10.651,13,31.9,34985324.0
x40|d10|k3|s0|SMA15|h1|L2,40,10.0,3.0,0,SMA15,1,2.0,3315,10,6.03,5.21,6.51,-28.49,-32.85,0.212,0.545,2222,37.4,11.9,-6.27,0.553,19,102.5,3559369.0
x40|d10|k3|s1|ST_14_4|h0|L2,40,10.0,3.0,1,ST_14_4,0,2.0,79,10,6.05,6.05,6.05,-15.86,-15.86,0.382,1.227,79,45.6,30.1,-13.51,6.367,5,3.6,3576845.0
x40|d10|k3|s1|SMA15|h1|L2,40,10.0,3.0,1,SMA15,1,2.0,79,10,5.43,5.43,5.43,-2.75,-2.75,1.974,3.323,79,41.8,10.39,-6.44,0.589,8,3.6,3145546.0
x40|d10|k5|s0|ST_14_4|h0|L2,40,10.0,5.0,0,ST_14_4,0,2.0,2281,10,17.05,16.79,17.56,-34.61,-34.61,0.493,1.055,600,45.4,40.08,-12.36,11.348,12,27.7,30421594.0
x40|d10|k5|s0|SMA15|h1|L2,40,10.0,5.0,0,SMA15,1,2.0,2281,10,5.74,5.37,5.96,-23.87,-26.65,0.239,0.575,1694,36.5,12.93,-6.55,0.546,23,78.2,3353543.0
x40|d10|k5|s1|ST_14_4|h0|L2,40,10.0,5.0,1,ST_14_4,0,2.0,50,10,6.28,6.28,6.28,-12.52,-12.52,0.501,1.43,50,46.0,40.08,-14.45,10.63,6,2.3,3747267.0
x40|d10|k5|s1|SMA15|h1|L2,40,10.0,5.0,1,SMA15,1,2.0,50,10,5.48,5.48,5.48,-2.61,-2.61,2.097,4.252,50,44.0,11.14,-6.75,1.119,7,2.3,3183406.0
x40|d20|k0|s0|ST_14_4|h0|L2,40,20.0,0.0,0,ST_14_4,0,2.0,3881,10,21.07,19.88,21.83,-34.38,-34.4,0.613,1.183,700,48.5,37.84,-11.84,12.318,14,32.2,63281382.0
x40|d20|k0|s0|SMA15|h1|L2,40,20.0,0.0,0,SMA15,1,2.0,3881,10,5.74,5.18,6.36,-29.42,-31.91,0.194,0.495,2516,35.4,12.34,-5.94,0.516,17,116.0,3355068.0
x40|d20|k0|s1|ST_14_4|h0|L2,40,20.0,0.0,1,ST_14_4,0,2.0,123,10,5.9,5.9,5.9,-18.34,-18.34,0.322,1.055,121,40.5,28.95,-11.98,4.591,7,5.6,3466917.0
x40|d20|k0|s1|SMA15|h1|L2,40,20.0,0.0,1,SMA15,1,2.0,123,10,5.28,5.28,5.28,-3.18,-3.18,1.661,2.756,123,38.2,9.98,-6.06,0.067,9,5.7,3055414.0
x40|d20|k2|s0|ST_14_4|h0|L2,40,20.0,2.0,0,ST_14_4,0,2.0,2977,10,19.04,18.72,19.64,-41.26,-41.52,0.46,1.073,670,45.5,41.26,-12.65,11.849,15,30.9,43793174.0
x40|d20|k2|s0|SMA15|h1|L2,40,20.0,2.0,0,SMA15,1,2.0,2977,10,5.42,5.04,5.9,-26.48,-31.69,0.211,0.494,2094,36.2,12.47,-6.39,0.456,15,96.6,3142382.0
x40|d20|k2|s1|ST_14_4|h0|L2,40,20.0,2.0,1,ST_14_4,0,2.0,98,10,6.17,6.17,6.17,-17.76,-17.76,0.347,1.166,97,44.3,30.25,-12.73,6.321,6,4.5,3662671.0
x40|d20|k2|s1|SMA15|h1|L2,40,20.0,2.0,1,SMA15,1,2.0,98,10,5.42,5.42,5.42,-2.98,-2.98,1.822,3.006,98,38.8,11.28,-6.27,0.54,9,4.5,3143642.0
x40|d20|k3|s0|ST_14_4|h0|L2,40,20.0,3.0,0,ST_14_4,0,2.0,2375,10,18.82,18.71,18.84,-42.45,-42.45,0.444,1.046,611,46.2,41.72,-12.5,12.52,15,28.2,42084438.0
x40|d20|k3|s0|SMA15|h1|L2,40,20.0,3.0,0,SMA15,1,2.0,2375,10,5.84,5.53,6.24,-23.27,-25.83,0.252,0.567,1779,37.2,12.66,-6.65,0.549,17,82.0,3425062.0
x40|d20|k3|s1|ST_14_4|h0|L2,40,20.0,3.0,1,ST_14_4,0,2.0,79,10,6.05,6.05,6.05,-15.86,-15.86,0.382,1.227,79,45.6,30.1,-13.51,6.367,5,3.6,3576845.0
x40|d20|k3|s1|SMA15|h1|L2,40,20.0,3.0,1,SMA15,1,2.0,79,10,5.43,5.43,5.43,-2.75,-2.75,1.974,3.323,79,41.8,10.39,-6.44,0.589,8,3.6,3145546.0
x40|d20|k5|s0|ST_14_4|h0|L2,40,20.0,5.0,0,ST_14_4,0,2.0,1668,10,16.75,16.62,16.82,-33.58,-33.58,0.499,1.056,536,44.8,42.62,-13.03,11.888,14,24.7,28742100.0
x40|d20|k5|s0|SMA15|h1|L2,40,20.0,5.0,0,SMA15,1,2.0,1668,10,6.51,6.36,6.74,-19.31,-22.36,0.34,0.685,1357,36.8,13.93,-6.82,0.807,16,62.6,3925850.0
x40|d20|k5|s1|ST_14_4|h0|L2,40,20.0,5.0,1,ST_14_4,0,2.0,50,10,6.28,6.28,6.28,-12.52,-12.52,0.501,1.43,50,46.0,40.08,-14.45,10.63,6,2.3,3747267.0
x40|d20|k5|s1|SMA15|h1|L2,40,20.0,5.0,1,SMA15,1,2.0,50,10,5.48,5.48,5.48,-2.61,-2.61,2.097,4.252,50,44.0,11.14,-6.75,1.119,7,2.3,3183406.0
x60|d0|k0|s0|ST_14_4|h0|L2,60,0.0,0.0,0,ST_14_4,0,2.0,4651,10,18.85,18.26,19.53,-32.28,-32.51,0.585,1.124,745,49.3,32.04,-10.97,10.201,17,34.3,42336768.0
x60|d0|k0|s0|SMA15|h1|L2,60,0.0,0.0,0,SMA15,1,2.0,4651,10,6.08,5.32,6.91,-32.31,-33.16,0.188,0.524,2863,35.9,11.39,-5.52,0.544,17,132.1,3597456.0
x60|d0|k0|s1|ST_14_4|h0|L2,60,0.0,0.0,1,ST_14_4,0,2.0,123,10,5.9,5.9,5.9,-18.34,-18.34,0.322,1.055,121,40.5,28.95,-11.98,4.591,7,5.6,3466917.0
x60|d0|k0|s1|SMA15|h1|L2,60,0.0,0.0,1,SMA15,1,2.0,123,10,5.28,5.28,5.28,-3.18,-3.18,1.661,2.756,123,38.2,9.98,-6.06,0.067,9,5.7,3055414.0
x60|d0|k2|s0|ST_14_4|h0|L2,60,0.0,2.0,0,ST_14_4,0,2.0,3483,10,18.1,17.55,18.95,-37.37,-37.37,0.484,1.075,716,47.2,35.45,-11.71,10.55,15,33.0,36875346.0
x60|d0|k2|s0|SMA15|h1|L2,60,0.0,2.0,0,SMA15,1,2.0,3483,10,5.36,4.87,5.92,-25.29,-27.77,0.22,0.483,2349,36.8,11.59,-6.06,0.427,17,108.3,3104913.0
x60|d0|k2|s1|ST_14_4|h0|L2,60,0.0,2.0,1,ST_14_4,0,2.0,98,10,6.17,6.17,6.17,-17.76,-17.76,0.347,1.166,97,44.3,30.25,-12.73,6.321,6,4.5,3662671.0
x60|d0|k2|s1|SMA15|h1|L2,60,0.0,2.0,1,SMA15,1,2.0,98,10,5.42,5.42,5.42,-2.98,-2.98,1.822,3.006,98,38.8,11.28,-6.27,0.54,9,4.5,3143642.0
x60|d0|k3|s0|ST_14_4|h0|L2,60,0.0,3.0,0,ST_14_4,0,2.0,2744,10,17.79,17.72,17.84,-38.12,-38.12,0.467,1.05,658,46.0,38.08,-11.77,11.165,13,30.4,34863902.0
x60|d0|k3|s0|SMA15|h1|L2,60,0.0,3.0,0,SMA15,1,2.0,2744,10,5.68,5.11,6.08,-20.53,-23.61,0.269,0.546,1983,37.3,11.88,-6.28,0.511,14,91.4,3310287.0
x60|d0|k3|s1|ST_14_4|h0|L2,60,0.0,3.0,1,ST_14_4,0,2.0,79,10,6.05,6.05,6.05,-15.86,-15.86,0.382,1.227,79,45.6,30.1,-13.51,6.367,5,3.6,3576845.0
x60|d0|k3|s1|SMA15|h1|L2,60,0.0,3.0,1,SMA15,1,2.0,79,10,5.43,5.43,5.43,-2.75,-2.75,1.974,3.323,79,41.8,10.39,-6.44,0.589,8,3.6,3145546.0
x60|d0|k5|s0|ST_14_4|h0|L2,60,0.0,5.0,0,ST_14_4,0,2.0,1897,10,16.0,15.84,16.08,-35.78,-35.78,0.447,1.023,581,45.2,38.62,-12.27,10.751,12,26.8,24991401.0
x60|d0|k5|s0|SMA15|h1|L2,60,0.0,5.0,0,SMA15,1,2.0,1897,10,5.83,5.66,6.22,-22.61,-24.52,0.256,0.602,1514,36.7,13.01,-6.59,0.592,14,69.8,3422110.0
x60|d0|k5|s1|ST_14_4|h0|L2,60,0.0,5.0,1,ST_14_4,0,2.0,50,10,6.28,6.28,6.28,-12.52,-12.52,0.501,1.43,50,46.0,40.08,-14.45,10.63,6,2.3,3747267.0
x60|d0|k5|s1|SMA15|h1|L2,60,0.0,5.0,1,SMA15,1,2.0,50,10,5.48,5.48,5.48,-2.61,-2.61,2.097,4.252,50,44.0,11.14,-6.75,1.119,7,2.3,3183406.0
x60|d10|k0|s0|ST_14_4|h0|L2,60,10.0,0.0,0,ST_14_4,0,2.0,4580,10,18.54,17.64,19.39,-32.3,-34.75,0.569,1.099,748,48.0,32.64,-10.85,10.041,17,34.5,39956620.0
x60|d10|k0|s0|SMA15|h1|L2,60,10.0,0.0,0,SMA15,1,2.0,4580,10,6.28,5.72,6.64,-31.63,-31.98,0.199,0.542,2826,35.7,11.6,-5.53,0.574,19,130.4,3751001.0
x60|d10|k0|s1|ST_14_4|h0|L2,60,10.0,0.0,1,ST_14_4,0,2.0,123,10,5.9,5.9,5.9,-18.34,-18.34,0.322,1.055,121,40.5,28.95,-11.98,4.591,7,5.6,3466917.0
x60|d10|k0|s1|SMA15|h1|L2,60,10.0,0.0,1,SMA15,1,2.0,123,10,5.28,5.28,5.28,-3.18,-3.18,1.661,2.756,123,38.2,9.98,-6.06,0.067,9,5.7,3055414.0
x60|d10|k2|s0|ST_14_4|h0|L2,60,10.0,2.0,0,ST_14_4,0,2.0,3439,10,18.91,18.54,19.27,-36.25,-36.25,0.522,1.106,711,47.8,35.89,-11.69,11.049,15,32.8,42801102.0
x60|d10|k2|s0|SMA15|h1|L2,60,10.0,2.0,0,SMA15,1,2.0,3439,10,5.03,4.55,5.69,-25.04,-28.43,0.202,0.466,2329,36.5,11.6,-6.06,0.374,18,107.3,2898464.0
x60|d10|k2|s1|ST_14_4|h0|L2,60,10.0,2.0,1,ST_14_4,0,2.0,98,10,6.17,6.17,6.17,-17.76,-17.76,0.347,1.166,97,44.3,30.25,-12.73,6.321,6,4.5,3662671.0
x60|d10|k2|s1|SMA15|h1|L2,60,10.0,2.0,1,SMA15,1,2.0,98,10,5.42,5.42,5.42,-2.98,-2.98,1.822,3.006,98,38.8,11.28,-6.27,0.54,9,4.5,3143642.0
x60|d10|k3|s0|ST_14_4|h0|L2,60,10.0,3.0,0,ST_14_4,0,2.0,2716,10,17.67,17.64,17.81,-40.88,-40.88,0.432,1.042,658,46.0,38.19,-11.93,11.122,13,30.3,34088032.0
x60|d10|k3|s0|SMA15|h1|L2,60,10.0,3.0,0,SMA15,1,2.0,2716,10,5.12,4.93,5.67,-21.54,-24.58,0.236,0.503,1969,37.2,11.77,-6.3,0.394,16,90.8,2951879.0
x60|d10|k3|s1|ST_14_4|h0|L2,60,10.0,3.0,1,ST_14_4,0,2.0,79,10,6.05,6.05,6.05,-15.86,-15.86,0.382,1.227,79,45.6,30.1,-13.51,6.367,5,3.6,3576845.0
x60|d10|k3|s1|SMA15|h1|L2,60,10.0,3.0,1,SMA15,1,2.0,79,10,5.43,5.43,5.43,-2.75,-2.75,1.974,3.323,79,41.8,10.39,-6.44,0.589,8,3.6,3145546.0
x60|d10|k5|s0|ST_14_4|h0|L2,60,10.0,5.0,0,ST_14_4,0,2.0,1882,10,16.26,16.05,16.49,-35.07,-35.07,0.464,1.036,574,45.5,39.1,-12.3,11.08,12,26.5,26235931.0
x60|d10|k5|s0|SMA15|h1|L2,60,10.0,5.0,0,SMA15,1,2.0,1882,10,5.71,5.51,6.34,-22.46,-24.28,0.254,0.594,1506,36.7,12.91,-6.6,0.553,13,69.5,3332464.0
x60|d10|k5|s1|ST_14_4|h0|L2,60,10.0,5.0,1,ST_14_4,0,2.0,50,10,6.28,6.28,6.28,-12.52,-12.52,0.501,1.43,50,46.0,40.08,-14.45,10.63,6,2.3,3747267.0
x60|d10|k5|s1|SMA15|h1|L2,60,10.0,5.0,1,SMA15,1,2.0,50,10,5.48,5.48,5.48,-2.61,-2.61,2.097,4.252,50,44.0,11.14,-6.75,1.119,7,2.3,3183406.0
x60|d20|k0|s0|ST_14_4|h0|L2,60,20.0,0.0,0,ST_14_4,0,2.0,3619,10,21.14,19.87,21.82,-33.66,-35.91,0.613,1.202,689,48.9,37.12,-11.57,12.302,14,31.8,64063534.0
x60|d20|k0|s0|SMA15|h1|L2,60,20.0,0.0,0,SMA15,1,2.0,3619,10,6.2,5.62,7.07,-27.2,-29.01,0.223,0.542,2406,35.3,12.44,-5.88,0.599,17,111.0,3686970.0
x60|d20|k0|s1|ST_14_4|h0|L2,60,20.0,0.0,1,ST_14_4,0,2.0,123,10,5.9,5.9,5.9,-18.34,-18.34,0.322,1.055,121,40.5,28.95,-11.98,4.591,7,5.6,3466917.0
x60|d20|k0|s1|SMA15|h1|L2,60,20.0,0.0,1,SMA15,1,2.0,123,10,5.28,5.28,5.28,-3.18,-3.18,1.661,2.756,123,38.2,9.98,-6.06,0.067,9,5.7,3055414.0
x60|d20|k2|s0|ST_14_4|h0|L2,60,20.0,2.0,0,ST_14_4,0,2.0,2772,10,20.41,19.76,21.29,-44.14,-44.14,0.464,1.148,641,47.1,41.72,-12.48,13.041,15,29.6,56161622.0
x60|d20|k2|s0|SMA15|h1|L2,60,20.0,2.0,0,SMA15,1,2.0,2772,10,5.08,4.96,5.59,-24.31,-26.86,0.212,0.479,1999,36.4,12.26,-6.36,0.395,15,92.2,2929548.0
x60|d20|k2|s1|ST_14_4|h0|L2,60,20.0,2.0,1,ST_14_4,0,2.0,98,10,6.17,6.17,6.17,-17.76,-17.76,0.347,1.166,97,44.3,30.25,-12.73,6.321,6,4.5,3662671.0
x60|d20|k2|s1|SMA15|h1|L2,60,20.0,2.0,1,SMA15,1,2.0,98,10,5.42,5.42,5.42,-2.98,-2.98,1.822,3.006,98,38.8,11.28,-6.27,0.54,9,4.5,3143642.0
x60|d20|k3|s0|ST_14_4|h0|L2,60,20.0,3.0,0,ST_14_4,0,2.0,2209,10,19.56,19.37,19.7,-39.52,-39.52,0.495,1.094,588,47.7,41.49,-12.32,13.344,13,27.1,48183778.0
x60|d20|k3|s0|SMA15|h1|L2,60,20.0,3.0,0,SMA15,1,2.0,2209,10,5.33,4.82,5.57,-22.76,-26.16,0.238,0.542,1692,37.5,12.21,-6.62,0.446,16,78.0,3086000.0
x60|d20|k3|s1|ST_14_4|h0|L2,60,20.0,3.0,1,ST_14_4,0,2.0,79,10,6.05,6.05,6.05,-15.86,-15.86,0.382,1.227,79,45.6,30.1,-13.51,6.367,5,3.6,3576845.0
x60|d20|k3|s1|SMA15|h1|L2,60,20.0,3.0,1,SMA15,1,2.0,79,10,5.43,5.43,5.43,-2.75,-2.75,1.974,3.323,79,41.8,10.39,-6.44,0.589,8,3.6,3145546.0
x60|d20|k5|s0|ST_14_4|h0|L2,60,20.0,5.0,0,ST_14_4,0,2.0,1555,10,17.85,17.43,17.85,-32.95,-32.95,0.542,1.115,519,45.9,43.2,-12.67,12.946,13,23.9,35217748.0
x60|d20|k5|s0|SMA15|h1|L2,60,20.0,5.0,0,SMA15,1,2.0,1555,10,6.38,6.3,6.44,-20.8,-22.1,0.309,0.688,1298,37.1,13.58,-6.78,0.773,15,59.9,3820590.0
x60|d20|k5|s1|ST_14_4|h0|L2,60,20.0,5.0,1,ST_14_4,0,2.0,50,10,6.28,6.28,6.28,-12.52,-12.52,0.501,1.43,50,46.0,40.08,-14.45,10.63,6,2.3,3747267.0
x60|d20|k5|s1|SMA15|h1|L2,60,20.0,5.0,1,SMA15,1,2.0,50,10,5.48,5.48,5.48,-2.61,-2.61,2.097,4.252,50,44.0,11.14,-6.75,1.119,7,2.3,3183406.0
x120|d0|k0|s0|ST_14_4|h0|L2,120,0.0,0.0,0,ST_14_4,0,2.0,3000,10,18.03,17.67,18.66,-30.97,-30.98,0.582,1.064,692,46.3,35.58,-11.19,10.365,15,31.9,36405176.0
x120|d0|k0|s0|SMA15|h1|L2,120,0.0,0.0,0,SMA15,1,2.0,3000,10,6.08,5.83,6.85,-21.0,-24.49,0.281,0.577,2188,36.0,11.69,-5.7,0.561,21,100.9,3595242.0
x120|d0|k0|s1|ST_14_4|h0|L2,120,0.0,0.0,1,ST_14_4,0,2.0,89,10,6.4,6.4,6.4,-14.88,-14.88,0.43,1.284,89,42.7,33.19,-11.58,7.535,7,4.1,3841732.0
x120|d0|k0|s1|SMA15|h1|L2,120,0.0,0.0,1,SMA15,1,2.0,89,10,5.34,5.34,5.34,-2.98,-2.98,1.789,3.448,89,39.3,9.35,-5.84,0.134,7,4.1,3088972.0
x120|d0|k2|s0|ST_14_4|h0|L2,120,0.0,2.0,0,ST_14_4,0,2.0,2252,10,18.09,17.34,18.54,-33.37,-33.37,0.542,1.067,622,46.5,37.83,-11.73,11.158,14,28.7,36817428.0
x120|d0|k2|s0|SMA15|h1|L2,120,0.0,2.0,0,SMA15,1,2.0,2252,10,5.5,5.1,5.89,-18.55,-20.46,0.299,0.561,1784,37.8,11.34,-6.2,0.451,17,82.3,3194364.0
x120|d0|k2|s1|ST_14_4|h0|L2,120,0.0,2.0,1,ST_14_4,0,2.0,69,10,6.58,6.58,6.58,-14.93,-14.93,0.441,1.406,69,47.8,34.68,-12.1,10.273,5,3.2,3985951.0
x120|d0|k2|s1|SMA15|h1|L2,120,0.0,2.0,1,SMA15,1,2.0,69,10,5.46,5.46,5.46,-2.78,-2.78,1.966,3.738,69,42.0,10.25,-6.1,0.77,7,3.2,3165523.0
x120|d0|k3|s0|ST_14_4|h0|L2,120,0.0,3.0,0,ST_14_4,0,2.0,1773,10,17.34,17.28,17.53,-34.7,-34.7,0.5,1.017,578,45.8,39.77,-12.23,11.559,12,26.7,32089930.0
x120|d0|k3|s0|SMA15|h1|L2,120,0.0,3.0,0,SMA15,1,2.0,1773,10,5.99,5.89,6.18,-15.34,-16.62,0.392,0.653,1493,39.5,11.45,-6.45,0.618,19,68.8,3529826.0
x120|d0|k3|s1|ST_14_4|h0|L2,120,0.0,3.0,1,ST_14_4,0,2.0,56,10,6.6,6.6,6.6,-12.25,-12.25,0.539,1.503,56,51.8,34.81,-12.48,12.008,3,2.6,4000738.0
x120|d0|k3|s1|SMA15|h1|L2,120,0.0,3.0,1,SMA15,1,2.0,56,10,5.6,5.6,5.6,-2.61,-2.61,2.145,3.993,56,48.2,10.74,-6.3,1.917,6,2.6,3261021.0
x120|d0|k5|s0|ST_14_4|h0|L2,120,0.0,5.0,0,ST_14_4,0,2.0,1235,10,15.29,15.04,15.44,-29.43,-29.43,0.52,1.027,506,43.9,42.86,-12.59,11.729,12,23.3,21889691.0
x120|d0|k5|s0|SMA15|h1|L2,120,0.0,5.0,0,SMA15,1,2.0,1235,10,7.12,7.06,7.2,-13.88,-13.88,0.513,0.851,1111,38.8,13.34,-6.64,1.106,14,51.2,4447871.0
x120|d0|k5|s1|ST_14_4|h0|L2,120,0.0,5.0,1,ST_14_4,0,2.0,35,10,6.71,6.71,6.71,-9.72,-9.72,0.691,1.656,35,54.3,46.98,-14.01,19.099,3,1.6,4089991.0
x120|d0|k5|s1|SMA15|h1|L2,120,0.0,5.0,1,SMA15,1,2.0,35,10,5.66,5.66,5.66,-2.61,-2.61,2.17,4.791,35,54.3,12.25,-6.93,3.485,4,1.6,3301679.0
x120|d10|k0|s0|ST_14_4|h0|L2,120,10.0,0.0,0,ST_14_4,0,2.0,2995,10,17.95,17.51,18.55,-30.97,-30.98,0.58,1.067,692,46.2,35.73,-11.16,10.299,15,31.9,35940548.0
x120|d10|k0|s0|SMA15|h1|L2,120,10.0,0.0,0,SMA15,1,2.0,2995,10,6.19,5.92,6.76,-21.12,-23.63,0.287,0.583,2180,36.1,11.74,-5.7,0.582,16,100.5,3679728.0
x120|d10|k0|s1|ST_14_4|h0|L2,120,10.0,0.0,1,ST_14_4,0,2.0,89,10,6.4,6.4,6.4,-14.88,-14.88,0.43,1.284,89,42.7,33.19,-11.58,7.535,7,4.1,3841732.0
x120|d10|k0|s1|SMA15|h1|L2,120,10.0,0.0,1,SMA15,1,2.0,89,10,5.34,5.34,5.34,-2.98,-2.98,1.789,3.448,89,39.3,9.35,-5.84,0.134,7,4.1,3088972.0
x120|d10|k2|s0|ST_14_4|h0|L2,120,10.0,2.0,0,ST_14_4,0,2.0,2248,10,17.52,16.74,18.31,-33.37,-33.37,0.525,1.048,622,46.3,37.42,-11.9,10.988,14,28.7,33169541.0
x120|d10|k2|s0|SMA15|h1|L2,120,10.0,2.0,0,SMA15,1,2.0,2248,10,5.57,5.16,5.99,-18.02,-20.29,0.306,0.567,1780,38.0,11.36,-6.22,0.469,17,82.1,3241355.0
x120|d10|k2|s1|ST_14_4|h0|L2,120,10.0,2.0,1,ST_14_4,0,2.0,69,10,6.58,6.58,6.58,-14.93,-14.93,0.441,1.406,69,47.8,34.68,-12.1,10.273,5,3.2,3985951.0
x120|d10|k2|s1|SMA15|h1|L2,120,10.0,2.0,1,SMA15,1,2.0,69,10,5.46,5.46,5.46,-2.78,-2.78,1.966,3.738,69,42.0,10.25,-6.1,0.77,7,3.2,3165523.0
x120|d10|k3|s0|ST_14_4|h0|L2,120,10.0,3.0,0,ST_14_4,0,2.0,1770,10,17.18,17.01,17.43,-34.7,-34.7,0.495,1.009,579,45.7,39.76,-12.34,11.433,12,26.7,31161132.0
x120|d10|k3|s0|SMA15|h1|L2,120,10.0,3.0,0,SMA15,1,2.0,1770,10,6.03,5.89,6.17,-15.32,-15.99,0.394,0.657,1490,39.6,11.46,-6.47,0.632,19,68.7,3560948.0
x120|d10|k3|s1|ST_14_4|h0|L2,120,10.0,3.0,1,ST_14_4,0,2.0,56,10,6.6,6.6,6.6,-12.25,-12.25,0.539,1.503,56,51.8,34.81,-12.48,12.008,3,2.6,4000738.0
x120|d10|k3|s1|SMA15|h1|L2,120,10.0,3.0,1,SMA15,1,2.0,56,10,5.6,5.6,5.6,-2.61,-2.61,2.145,3.993,56,48.2,10.74,-6.3,1.917,6,2.6,3261021.0
x120|d10|k5|s0|ST_14_4|h0|L2,120,10.0,5.0,0,ST_14_4,0,2.0,1235,10,15.29,15.04,15.44,-29.43,-29.43,0.52,1.027,506,43.9,42.86,-12.59,11.729,12,23.3,21889691.0
x120|d10|k5|s0|SMA15|h1|L2,120,10.0,5.0,0,SMA15,1,2.0,1235,10,7.12,7.06,7.2,-13.88,-13.88,0.513,0.851,1111,38.8,13.34,-6.64,1.106,14,51.2,4447871.0
x120|d10|k5|s1|ST_14_4|h0|L2,120,10.0,5.0,1,ST_14_4,0,2.0,35,10,6.71,6.71,6.71,-9.72,-9.72,0.691,1.656,35,54.3,46.98,-14.01,19.099,3,1.6,4089991.0
x120|d10|k5|s1|SMA15|h1|L2,120,10.0,5.0,1,SMA15,1,2.0,35,10,5.66,5.66,5.66,-2.61,-2.61,2.17,4.791,35,54.3,12.25,-6.93,3.485,4,1.6,3301679.0
x120|d20|k0|s0|ST_14_4|h0|L2,120,20.0,0.0,0,ST_14_4,0,2.0,2781,10,18.7,18.48,19.19,-31.94,-31.95,0.586,1.093,652,46.2,37.42,-11.27,11.225,24,30.1,41230230.0
x120|d20|k0|s0|SMA15|h1|L2,120,20.0,0.0,0,SMA15,1,2.0,2781,10,6.21,5.73,6.6,-22.62,-27.45,0.266,0.591,2055,35.9,12.14,-5.84,0.605,13,94.8,3691890.0
x120|d20|k0|s1|ST_14_4|h0|L2,120,20.0,0.0,1,ST_14_4,0,2.0,89,10,6.4,6.4,6.4,-14.88,-14.88,0.43,1.284,89,42.7,33.19,-11.58,7.535,7,4.1,3841732.0
x120|d20|k0|s1|SMA15|h1|L2,120,20.0,0.0,1,SMA15,1,2.0,89,10,5.34,5.34,5.34,-2.98,-2.98,1.789,3.448,89,39.3,9.35,-5.84,0.134,7,4.1,3088972.0
x120|d20|k2|s0|ST_14_4|h0|L2,120,20.0,2.0,0,ST_14_4,0,2.0,2102,10,18.31,17.82,18.61,-33.84,-33.84,0.542,1.082,590,45.2,41.37,-12.21,11.931,18,27.2,38372424.0
x120|d20|k2|s0|SMA15|h1|L2,120,20.0,2.0,0,SMA15,1,2.0,2102,10,5.48,5.29,5.9,-18.48,-19.34,0.309,0.567,1685,37.8,11.62,-6.31,0.448,16,77.7,3183542.0
x120|d20|k2|s1|ST_14_4|h0|L2,120,20.0,2.0,1,ST_14_4,0,2.0,69,10,6.58,6.58,6.58,-14.93,-14.93,0.441,1.406,69,47.8,34.68,-12.1,10.273,5,3.2,3985951.0
x120|d20|k2|s1|SMA15|h1|L2,120,20.0,2.0,1,SMA15,1,2.0,69,10,5.46,5.46,5.46,-2.78,-2.78,1.966,3.738,69,42.0,10.25,-6.1,0.77,7,3.2,3165523.0
x120|d20|k3|s0|ST_14_4|h0|L2,120,20.0,3.0,0,ST_14_4,0,2.0,1668,10,18.07,18.07,18.09,-34.53,-34.53,0.523,1.052,546,46.3,41.69,-12.58,12.564,12,25.2,36684450.0
x120|d20|k3|s0|SMA15|h1|L2,120,20.0,3.0,0,SMA15,1,2.0,1668,10,5.78,5.63,5.86,-16.61,-17.01,0.348,0.639,1425,38.9,11.81,-6.61,0.556,18,65.7,3376910.0
x120|d20|k3|s1|ST_14_4|h0|L2,120,20.0,3.0,1,ST_14_4,0,2.0,56,10,6.6,6.6,6.6,-12.25,-12.25,0.539,1.503,56,51.8,34.81,-12.48,12.008,3,2.6,4000738.0
x120|d20|k3|s1|SMA15|h1|L2,120,20.0,3.0,1,SMA15,1,2.0,56,10,5.6,5.6,5.6,-2.61,-2.61,2.145,3.993,56,48.2,10.74,-6.3,1.917,6,2.6,3261021.0
x120|d20|k5|s0|ST_14_4|h0|L2,120,20.0,5.0,0,ST_14_4,0,2.0,1169,10,16.72,15.84,16.85,-29.32,-29.32,0.57,1.087,475,44.4,46.08,-12.73,13.391,14,21.9,28591380.0
x120|d20|k5|s0|SMA15|h1|L2,120,20.0,5.0,0,SMA15,1,2.0,1169,10,6.79,6.73,6.81,-15.06,-15.06,0.451,0.823,1057,38.6,13.28,-6.75,0.991,15,48.7,4154940.0
x120|d20|k5|s1|ST_14_4|h0|L2,120,20.0,5.0,1,ST_14_4,0,2.0,35,10,6.71,6.71,6.71,-9.72,-9.72,0.691,1.656,35,54.3,46.98,-14.01,19.099,3,1.6,4089991.0
x120|d20|k5|s1|SMA15|h1|L2,120,20.0,5.0,1,SMA15,1,2.0,35,10,5.66,5.66,5.66,-2.61,-2.61,2.17,4.791,35,54.3,12.25,-6.93,3.485,4,1.6,3301679.0
x250|d0|k0|s0|ST_14_4|h0|L2,250,0.0,0.0,0,ST_14_4,0,2.0,1806,10,19.02,18.55,19.05,-33.05,-33.05,0.576,1.194,559,47.0,38.66,-10.99,12.368,13,25.8,43677024.0
x250|d0|k0|s0|SMA15|h1|L2,250,0.0,0.0,0,SMA15,1,2.0,1806,10,8.27,7.92,8.67,-21.49,-21.57,0.386,0.898,1484,37.5,13.07,-5.85,1.217,15,68.5,5597994.0
x250|d0|k0|s1|ST_14_4|h0|L2,250,0.0,0.0,1,ST_14_4,0,2.0,21,10,5.89,5.89,5.89,-3.63,-3.63,1.626,2.866,21,52.4,35.89,-12.29,12.947,4,1.0,3463701.0
x250|d0|k0|s1|SMA15|h1|L2,250,0.0,0.0,1,SMA15,1,2.0,21,10,5.32,5.32,5.32,-1.07,-1.07,4.976,7.107,21,47.6,6.76,-7.47,-0.696,4,1.0,3080172.0
x250|d0|k2|s0|ST_14_4|h0|L2,250,0.0,2.0,0,ST_14_4,0,2.0,1357,10,17.68,17.49,17.78,-32.12,-32.12,0.55,1.183,471,47.2,42.59,-11.59,14.007,10,21.7,34111078.0
x250|d0|k2|s0|SMA15|h1|L2,250,0.0,2.0,0,SMA15,1,2.0,1357,10,7.26,7.15,7.36,-14.93,-14.99,0.486,0.839,1186,38.8,12.85,-6.38,1.073,19,54.7,4573202.0
x250|d0|k3|s0|ST_14_4|h0|L2,250,0.0,3.0,0,ST_14_4,0,2.0,1062,10,17.2,17.11,17.32,-32.44,-32.44,0.53,1.18,416,46.4,46.65,-12.14,15.122,9,19.2,31253544.0
x250|d0|k3|s0|SMA15|h1|L2,250,0.0,3.0,0,SMA15,1,2.0,1062,10,7.01,6.9,7.21,-12.19,-12.65,0.574,0.917,974,40.0,12.68,-6.61,1.124,12,45.0,4348066.0
x250|d0|k5|s0|ST_14_4|h0|L2,250,0.0,5.0,0,ST_14_4,0,2.0,728,10,14.77,14.77,14.77,-26.34,-26.34,0.561,1.122,363,42.4,51.53,-12.73,14.529,9,16.7,19848266.0
x250|d0|k5|s0|SMA15|h1|L2,250,0.0,5.0,0,SMA15,1,2.0,728,10,6.78,6.78,6.81,-10.5,-10.65,0.646,1.029,706,38.8,13.95,-6.76,1.277,13,32.6,4149705.0
x250|d10|k0|s0|ST_14_4|h0|L2,250,10.0,0.0,0,ST_14_4,0,2.0,1806,10,19.02,18.55,19.05,-33.05,-33.05,0.576,1.194,559,47.0,38.66,-10.99,12.368,13,25.8,43677024.0
x250|d10|k0|s0|SMA15|h1|L2,250,10.0,0.0,0,SMA15,1,2.0,1806,10,8.27,7.92,8.67,-21.49,-21.57,0.386,0.898,1484,37.5,13.07,-5.85,1.217,15,68.5,5597994.0
x250|d10|k0|s1|ST_14_4|h0|L2,250,10.0,0.0,1,ST_14_4,0,2.0,21,10,5.89,5.89,5.89,-3.63,-3.63,1.626,2.866,21,52.4,35.89,-12.29,12.947,4,1.0,3463701.0
x250|d10|k0|s1|SMA15|h1|L2,250,10.0,0.0,1,SMA15,1,2.0,21,10,5.32,5.32,5.32,-1.07,-1.07,4.976,7.107,21,47.6,6.76,-7.47,-0.696,4,1.0,3080172.0
x250|d10|k2|s0|ST_14_4|h0|L2,250,10.0,2.0,0,ST_14_4,0,2.0,1357,10,17.68,17.49,17.78,-32.12,-32.12,0.55,1.183,471,47.2,42.59,-11.59,14.007,10,21.7,34111078.0
x250|d10|k2|s0|SMA15|h1|L2,250,10.0,2.0,0,SMA15,1,2.0,1357,10,7.26,7.15,7.36,-14.93,-14.99,0.486,0.839,1186,38.8,12.85,-6.38,1.073,19,54.7,4573202.0
x250|d10|k3|s0|ST_14_4|h0|L2,250,10.0,3.0,0,ST_14_4,0,2.0,1062,10,17.2,17.11,17.32,-32.44,-32.44,0.53,1.18,416,46.4,46.65,-12.14,15.122,9,19.2,31253544.0
x250|d10|k3|s0|SMA15|h1|L2,250,10.0,3.0,0,SMA15,1,2.0,1062,10,7.01,6.9,7.21,-12.19,-12.65,0.574,0.917,974,40.0,12.68,-6.61,1.124,12,45.0,4348066.0
x250|d10|k5|s0|ST_14_4|h0|L2,250,10.0,5.0,0,ST_14_4,0,2.0,728,10,14.77,14.77,14.77,-26.34,-26.34,0.561,1.122,363,42.4,51.53,-12.73,14.529,9,16.7,19848266.0
x250|d10|k5|s0|SMA15|h1|L2,250,10.0,5.0,0,SMA15,1,2.0,728,10,6.78,6.78,6.81,-10.5,-10.65,0.646,1.029,706,38.8,13.95,-6.76,1.277,13,32.6,4149705.0
x250|d20|k0|s0|ST_14_4|h0|L2,250,20.0,0.0,0,ST_14_4,0,2.0,1796,10,19.55,19.55,19.55,-33.05,-33.05,0.592,1.223,554,48.4,38.26,-11.12,12.769,18,25.5,48105964.0
x250|d20|k0|s0|SMA15|h1|L2,250,20.0,0.0,0,SMA15,1,2.0,1796,10,8.09,7.83,8.51,-21.47,-21.57,0.377,0.883,1478,37.1,13.16,-5.87,1.175,15,68.2,5410011.0
x250|d20|k0|s1|ST_14_4|h0|L2,250,20.0,0.0,1,ST_14_4,0,2.0,21,10,5.89,5.89,5.89,-3.63,-3.63,1.626,2.866,21,52.4,35.89,-12.29,12.947,4,1.0,3463701.0
x250|d20|k0|s1|SMA15|h1|L2,250,20.0,0.0,1,SMA15,1,2.0,21,10,5.32,5.32,5.32,-1.07,-1.07,4.976,7.107,21,47.6,6.76,-7.47,-0.696,4,1.0,3080172.0
x250|d20|k2|s0|ST_14_4|h0|L2,250,20.0,2.0,0,ST_14_4,0,2.0,1351,10,17.59,17.39,17.68,-32.12,-32.12,0.548,1.172,470,47.2,42.74,-11.67,13.967,10,21.7,33591182.0
x250|d20|k2|s0|SMA15|h1|L2,250,20.0,2.0,0,SMA15,1,2.0,1351,10,7.19,7.06,7.28,-14.97,-15.01,0.48,0.831,1182,38.5,12.91,-6.38,1.048,18,54.5,4504842.0
x250|d20|k3|s0|ST_14_4|h0|L2,250,20.0,3.0,0,ST_14_4,0,2.0,1058,10,17.11,16.94,17.12,-32.44,-32.44,0.527,1.176,416,46.2,46.63,-12.07,15.024,15,19.2,30719576.0
x250|d20|k3|s0|SMA15|h1|L2,250,20.0,3.0,0,SMA15,1,2.0,1058,10,6.97,6.86,7.17,-12.16,-12.63,0.572,0.911,972,40.0,12.7,-6.61,1.108,14,44.8,4313406.0
x250|d20|k5|s0|ST_14_4|h0|L2,250,20.0,5.0,0,ST_14_4,0,2.0,725,10,14.67,14.67,14.67,-26.34,-26.34,0.557,1.116,362,42.3,51.7,-12.79,14.467,9,16.7,19475926.0
x250|d20|k5|s0|SMA15|h1|L2,250,20.0,5.0,0,SMA15,1,2.0,725,10,6.83,6.83,6.86,-9.91,-9.91,0.689,1.027,704,38.6,14.12,-6.76,1.307,13,32.5,4193017.0
x0|d0|k0|s0|ST_14_4|h1|L2,0,0.0,0.0,0,ST_14_4,1,2.0,10293,10,19.72,17.65,20.94,-35.67,-48.26,0.55,1.146,1054,38.3,34.24,-8.61,7.844,22,48.6,49812672.0
x0|d0|k0|s0|DON20|h0|L2,0,0.0,0.0,0,DON20,0,2.0,10293,10,19.01,17.01,20.75,-37.7,-40.0,0.502,1.023,1615,43.0,23.48,-8.47,5.218,18,74.5,43811132.0
x0|d0|k0|s1|ST_14_4|h1|L2,0,0.0,0.0,1,ST_14_4,1,2.0,123,10,5.99,5.99,5.99,-17.62,-17.62,0.34,1.278,123,31.7,33.77,-9.44,4.261,11,5.7,3529162.0
x0|d0|k0|s1|DON20|h0|L2,0,0.0,0.0,1,DON20,0,2.0,123,10,5.3,5.3,5.3,-7.74,-7.74,0.684,1.528,123,36.6,16.69,-8.15,0.938,10,5.7,3063243.0
x0|d0|k2|s0|ST_14_4|h1|L2,0,0.0,2.0,0,ST_14_4,1,2.0,9064,10,17.55,15.98,18.37,-36.19,-39.0,0.486,0.99,1009,37.0,35.86,-8.61,7.885,30,46.5,33378682.0
x0|d0|k2|s0|DON20|h0|L2,0,0.0,2.0,0,DON20,0,2.0,9064,10,17.14,16.49,18.53,-35.24,-38.52,0.498,0.971,1538,43.2,24.0,-8.82,5.123,16,70.9,31001031.0
x0|d0|k2|s1|ST_14_4|h1|L2,0,0.0,2.0,1,ST_14_4,1,2.0,98,10,6.2,6.2,6.2,-16.35,-16.35,0.379,1.423,98,34.7,35.37,-9.82,5.857,10,4.5,3685248.0
x0|d0|k2|s1|DON20|h0|L2,0,0.0,2.0,1,DON20,0,2.0,98,10,5.53,5.53,5.53,-6.15,-6.15,0.899,1.759,98,40.8,16.99,-8.62,1.83,8,4.5,3214290.0
x0|d0|k3|s0|ST_14_4|h1|L2,0,0.0,3.0,0,ST_14_4,1,2.0,7743,10,18.14,16.63,19.7,-38.42,-40.66,0.477,1.054,998,37.2,35.72,-8.64,7.845,30,46.0,37157874.0
x0|d0|k3|s0|DON20|h0|L2,0,0.0,3.0,0,DON20,0,2.0,7743,10,19.54,17.8,20.1,-35.42,-40.24,0.548,1.083,1440,44.6,24.65,-9.05,6.019,16,66.4,47925314.0
x0|d0|k3|s1|ST_14_4|h1|L2,0,0.0,3.0,1,ST_14_4,1,2.0,79,10,6.2,6.2,6.2,-12.06,-12.06,0.515,1.562,79,36.7,35.36,-10.03,6.636,7,3.6,3690314.0
x0|d0|k3|s1|DON20|h0|L2,0,0.0,3.0,1,DON20,0,2.0,79,10,5.56,5.56,5.56,-5.76,-5.76,0.967,1.931,79,44.3,16.64,-9.31,2.19,7,3.6,3236402.0
x0|d0|k5|s0|ST_14_4|h1|L2,0,0.0,5.0,0,ST_14_4,1,2.0,5572,10,16.06,15.38,18.14,-38.1,-38.1,0.421,0.941,973,35.9,35.14,-8.83,6.955,24,44.8,25328863.0
x0|d0|k5|s0|DON20|h0|L2,0,0.0,5.0,0,DON20,0,2.0,5572,10,16.73,16.01,18.02,-35.45,-39.79,0.48,0.946,1340,42.9,25.03,-9.55,5.231,22,61.8,28639866.0
x0|d0|k5|s1|ST_14_4|h1|L2,0,0.0,5.0,1,ST_14_4,1,2.0,50,10,6.46,6.46,6.46,-9.08,-9.08,0.711,1.821,50,38.0,47.49,-10.52,11.525,6,2.3,3885734.0
x0|d0|k5|s1|DON20|h0|L2,0,0.0,5.0,1,DON20,0,2.0,50,10,5.51,5.51,5.51,-5.05,-5.05,1.092,2.315,50,44.0,18.34,-10.21,2.355,5,2.3,3203145.0
x0|d10|k0|s0|ST_14_4|h1|L2,0,10.0,0.0,0,ST_14_4,1,2.0,7161,10,16.98,15.34,18.51,-39.09,-40.79,0.44,1.02,1051,36.7,33.6,-8.59,6.906,28,48.5,30020908.0
x0|d10|k0|s0|DON20|h0|L2,0,10.0,0.0,0,DON20,0,2.0,7161,10,16.14,14.64,17.15,-35.11,-40.68,0.455,0.935,1557,42.3,22.01,-8.72,4.355,16,71.8,25695903.0
x0|d10|k0|s1|ST_14_4|h1|L2,0,10.0,0.0,1,ST_14_4,1,2.0,123,10,5.99,5.99,5.99,-17.62,-17.62,0.34,1.278,123,31.7,33.77,-9.44,4.261,11,5.7,3529162.0
x0|d10|k0|s1|DON20|h0|L2,0,10.0,0.0,1,DON20,0,2.0,123,10,5.3,5.3,5.3,-7.74,-7.74,0.684,1.528,123,36.6,16.69,-8.15,0.938,10,5.7,3063243.0
x0|d10|k2|s0|ST_14_4|h1|L2,0,10.0,2.0,0,ST_14_4,1,2.0,5442,10,17.29,16.75,18.22,-38.02,-42.17,0.446,1.004,1018,36.5,34.35,-8.6,7.063,26,46.9,31727573.0
x0|d10|k2|s0|DON20|h0|L2,0,10.0,2.0,0,DON20,0,2.0,5442,10,15.12,14.43,16.16,-41.03,-42.88,0.37,0.885,1424,44.0,21.99,-9.43,4.417,13,65.7,21178160.0
x0|d10|k2|s1|ST_14_4|h1|L2,0,10.0,2.0,1,ST_14_4,1,2.0,98,10,6.2,6.2,6.2,-16.35,-16.35,0.379,1.423,98,34.7,35.37,-9.82,5.857,10,4.5,3685248.0
x0|d10|k2|s1|DON20|h0|L2,0,10.0,2.0,1,DON20,0,2.0,98,10,5.53,5.53,5.53,-6.15,-6.15,0.899,1.759,98,40.8,16.99,-8.62,1.83,8,4.5,3214290.0
x0|d10|k3|s0|ST_14_4|h1|L2,0,10.0,3.0,0,ST_14_4,1,2.0,4317,10,15.59,14.75,17.11,-37.73,-40.91,0.414,0.958,972,35.4,34.89,-8.76,6.625,23,44.8,23162478.0
x0|d10|k3|s0|DON20|h0|L2,0,10.0,3.0,0,DON20,0,2.0,4317,10,15.15,14.3,15.5,-38.23,-42.26,0.4,0.897,1311,43.4,23.48,-9.74,4.799,16,60.5,21330378.0
x0|d10|k3|s1|ST_14_4|h1|L2,0,10.0,3.0,1,ST_14_4,1,2.0,79,10,6.2,6.2,6.2,-12.06,-12.06,0.515,1.562,79,36.7,35.36,-10.03,6.636,7,3.6,3690314.0
x0|d10|k3|s1|DON20|h0|L2,0,10.0,3.0,1,DON20,0,2.0,79,10,5.56,5.56,5.56,-5.76,-5.76,0.967,1.931,79,44.3,16.64,-9.31,2.19,7,3.6,3236402.0
x0|d10|k5|s0|ST_14_4|h1|L2,0,10.0,5.0,0,ST_14_4,1,2.0,2967,10,20.16,19.82,20.31,-36.04,-36.15,0.558,1.179,815,37.0,41.72,-8.99,9.802,17,37.6,53641282.0
x0|d10|k5|s0|DON20|h0|L2,0,10.0,5.0,0,DON20,0,2.0,2967,10,14.28,14.03,15.05,-34.75,-38.52,0.417,0.88,1084,41.5,26.44,-9.73,5.247,13,50.0,18084832.0
x0|d10|k5|s1|ST_14_4|h1|L2,0,10.0,5.0,1,ST_14_4,1,2.0,50,10,6.46,6.46,6.46,-9.08,-9.08,0.711,1.821,50,38.0,47.49,-10.52,11.525,6,2.3,3885734.0
x0|d10|k5|s1|DON20|h0|L2,0,10.0,5.0,1,DON20,0,2.0,50,10,5.51,5.51,5.51,-5.05,-5.05,1.092,2.315,50,44.0,18.34,-10.21,2.355,5,2.3,3203145.0
x0|d20|k0|s0|ST_14_4|h1|L2,0,20.0,0.0,0,ST_14_4,1,2.0,4055,10,20.05,19.19,20.5,-33.3,-33.68,0.607,1.149,930,37.3,37.44,-8.93,8.537,17,42.9,52596932.0
x0|d20|k0|s0|DON20|h0|L2,0,20.0,0.0,0,DON20,0,2.0,4055,10,17.62,17.43,18.32,-31.73,-32.84,0.558,1.022,1258,42.8,25.28,-9.18,5.536,16,58.0,33825964.0
x0|d20|k0|s1|ST_14_4|h1|L2,0,20.0,0.0,1,ST_14_4,1,2.0,123,10,5.99,5.99,5.99,-17.62,-17.62,0.34,1.278,123,31.7,33.77,-9.44,4.261,11,5.7,3529162.0
x0|d20|k0|s1|DON20|h0|L2,0,20.0,0.0,1,DON20,0,2.0,123,10,5.3,5.3,5.3,-7.74,-7.74,0.684,1.528,123,36.6,16.69,-8.15,0.938,10,5.7,3063243.0
x0|d20|k2|s0|ST_14_4|h1|L2,0,20.0,2.0,0,ST_14_4,1,2.0,3104,10,16.91,16.64,17.39,-33.61,-33.75,0.504,1.019,894,34.0,39.36,-9.1,7.397,22,41.2,29642179.0
x0|d20|k2|s0|DON20|h0|L2,0,20.0,2.0,0,DON20,0,2.0,3104,10,14.46,14.12,15.3,-35.49,-38.44,0.407,0.888,1143,41.8,25.78,-9.94,4.953,15,52.7,18730908.0
x0|d20|k2|s1|ST_14_4|h1|L2,0,20.0,2.0,1,ST_14_4,1,2.0,98,10,6.2,6.2,6.2,-16.35,-16.35,0.379,1.423,98,34.7,35.37,-9.82,5.857,10,4.5,3685248.0
x0|d20|k2|s1|DON20|h0|L2,0,20.0,2.0,1,DON20,0,2.0,98,10,5.53,5.53,5.53,-6.15,-6.15,0.899,1.759,98,40.8,16.99,-8.62,1.83,8,4.5,3214290.0
x0|d20|k3|s0|ST_14_4|h1|L2,0,20.0,3.0,0,ST_14_4,1,2.0,2478,10,14.55,14.41,14.87,-32.74,-32.74,0.445,0.923,837,33.7,37.29,-9.13,6.495,17,38.6,19031400.0
x0|d20|k3|s0|DON20|h0|L2,0,20.0,3.0,0,DON20,0,2.0,2478,10,13.17,12.87,13.7,-36.59,-37.29,0.359,0.833,1025,41.4,26.62,-10.45,4.882,15,47.3,14626380.0
x0|d20|k3|s1|ST_14_4|h1|L2,0,20.0,3.0,1,ST_14_4,1,2.0,79,10,6.2,6.2,6.2,-12.06,-12.06,0.515,1.562,79,36.7,35.36,-10.03,6.636,7,3.6,3690314.0
x0|d20|k3|s1|DON20|h0|L2,0,20.0,3.0,1,DON20,0,2.0,79,10,5.56,5.56,5.56,-5.76,-5.76,0.967,1.931,79,44.3,16.64,-9.31,2.19,7,3.6,3236402.0
x0|d20|k5|s0|ST_14_4|h1|L2,0,20.0,5.0,0,ST_14_4,1,2.0,1728,10,16.0,15.13,16.09,-32.8,-33.11,0.489,1.055,703,32.8,44.97,-9.14,8.619,15,32.4,25006523.0
x0|d20|k5|s0|DON20|h0|L2,0,20.0,5.0,0,DON20,0,2.0,1728,10,13.41,13.02,13.75,-30.92,-31.14,0.434,0.896,838,41.3,28.64,-10.59,5.676,14,38.6,15318915.0
x0|d20|k5|s1|ST_14_4|h1|L2,0,20.0,5.0,1,ST_14_4,1,2.0,50,10,6.46,6.46,6.46,-9.08,-9.08,0.711,1.821,50,38.0,47.49,-10.52,11.525,6,2.3,3885734.0
x0|d20|k5|s1|DON20|h0|L2,0,20.0,5.0,1,DON20,0,2.0,50,10,5.51,5.51,5.51,-5.05,-5.05,1.092,2.315,50,44.0,18.34,-10.21,2.355,5,2.3,3203145.0
x20|d0|k0|s0|ST_14_4|h1|L2,20,0.0,0.0,0,ST_14_4,1,2.0,7359,10,17.04,15.37,17.95,-32.94,-35.63,0.515,1.023,1006,37.1,34.3,-8.25,7.544,24,46.3,30310065.0
x20|d0|k0|s0|DON20|h0|L2,20,0.0,0.0,0,DON20,0,2.0,7359,10,16.09,15.39,17.05,-33.55,-37.45,0.482,0.938,1547,42.3,22.14,-8.12,4.653,16,71.3,25410196.0
x20|d0|k0|s1|ST_14_4|h1|L2,20,0.0,0.0,1,ST_14_4,1,2.0,123,10,5.99,5.99,5.99,-17.62,-17.62,0.34,1.278,123,31.7,33.77,-9.44,4.261,11,5.7,3529162.0
x20|d0|k0|s1|DON20|h0|L2,20,0.0,0.0,1,DON20,0,2.0,123,10,5.3,5.3,5.3,-7.74,-7.74,0.684,1.528,123,36.6,16.69,-8.15,0.938,10,5.7,3063243.0
x20|d0|k2|s0|ST_14_4|h1|L2,20,0.0,2.0,0,ST_14_4,1,2.0,5618,10,18.8,17.98,19.94,-38.13,-38.38,0.495,1.05,953,38.7,35.48,-8.43,8.576,22,44.0,41911374.0
x20|d0|k2|s0|DON20|h0|L2,20,0.0,2.0,0,DON20,0,2.0,5618,10,17.07,16.48,19.58,-28.85,-32.15,0.589,1.005,1409,45.3,22.55,-8.77,5.243,15,65.0,30533748.0
x20|d0|k2|s1|ST_14_4|h1|L2,20,0.0,2.0,1,ST_14_4,1,2.0,98,10,6.2,6.2,6.2,-16.35,-16.35,0.379,1.423,98,34.7,35.37,-9.82,5.857,10,4.5,3685248.0
x20|d0|k2|s1|DON20|h0|L2,20,0.0,2.0,1,DON20,0,2.0,98,10,5.53,5.53,5.53,-6.15,-6.15,0.899,1.759,98,40.8,16.99,-8.62,1.83,8,4.5,3214290.0
x20|d0|k3|s0|ST_14_4|h1|L2,20,0.0,3.0,0,ST_14_4,1,2.0,4482,10,16.96,16.52,17.94,-34.53,-35.29,0.49,0.972,909,38.3,34.03,-8.56,7.742,21,42.0,29933479.0
x20|d0|k3|s0|DON20|h0|L2,20,0.0,3.0,0,DON20,0,2.0,4482,10,15.28,14.53,16.5,-38.6,-40.98,0.387,0.905,1308,44.9,22.69,-9.07,5.158,17,60.3,21852325.0
x20|d0|k3|s1|ST_14_4|h1|L2,20,0.0,3.0,1,ST_14_4,1,2.0,79,10,6.2,6.2,6.2,-12.06,-12.06,0.515,1.562,79,36.7,35.36,-10.03,6.636,7,3.6,3690314.0
x20|d0|k3|s1|DON20|h0|L2,20,0.0,3.0,1,DON20,0,2.0,79,10,5.56,5.56,5.56,-5.76,-5.76,0.967,1.931,79,44.3,16.64,-9.31,2.19,7,3.6,3236402.0
x20|d0|k5|s0|ST_14_4|h1|L2,20,0.0,5.0,0,ST_14_4,1,2.0,3061,10,19.03,18.56,19.44,-33.72,-33.72,0.565,1.17,813,36.7,41.03,-8.77,9.491,18,37.5,43780290.0
x20|d0|k5|s0|DON20|h0|L2,20,0.0,5.0,0,DON20,0,2.0,3061,10,15.45,15.29,15.94,-33.16,-34.65,0.47,0.968,1086,42.8,25.51,-9.28,5.584,19,50.1,22529838.0
x20|d0|k5|s1|ST_14_4|h1|L2,20,0.0,5.0,1,ST_14_4,1,2.0,50,10,6.46,6.46,6.46,-9.08,-9.08,0.711,1.821,50,38.0,47.49,-10.52,11.525,6,2.3,3885734.0
x20|d0|k5|s1|DON20|h0|L2,20,0.0,5.0,1,DON20,0,2.0,50,10,5.51,5.51,5.51,-5.05,-5.05,1.092,2.315,50,44.0,18.34,-10.21,2.355,5,2.3,3203145.0
x20|d10|k0|s0|ST_14_4|h1|L2,20,10.0,0.0,0,ST_14_4,1,2.0,6587,10,17.2,16.05,18.29,-31.94,-34.93,0.536,1.05,1000,37.3,33.42,-8.34,7.311,24,46.2,31282406.0
x20|d10|k0|s0|DON20|h0|L2,20,10.0,0.0,0,DON20,0,2.0,6587,10,15.18,14.58,15.83,-33.56,-35.71,0.45,0.919,1516,43.6,20.25,-8.38,4.095,17,69.9,21462451.0
x20|d10|k0|s1|ST_14_4|h1|L2,20,10.0,0.0,1,ST_14_4,1,2.0,123,10,5.99,5.99,5.99,-17.62,-17.62,0.34,1.278,123,31.7,33.77,-9.44,4.261,11,5.7,3529162.0
x20|d10|k0|s1|DON20|h0|L2,20,10.0,0.0,1,DON20,0,2.0,123,10,5.3,5.3,5.3,-7.74,-7.74,0.684,1.528,123,36.6,16.69,-8.15,0.938,10,5.7,3063243.0
x20|d10|k2|s0|ST_14_4|h1|L2,20,10.0,2.0,0,ST_14_4,1,2.0,5014,10,17.78,16.61,18.06,-37.25,-38.08,0.471,1.021,978,37.8,33.58,-8.56,7.379,24,45.1,34792190.0
x20|d10|k2|s0|DON20|h0|L2,20,10.0,2.0,0,DON20,0,2.0,5014,10,15.75,14.71,16.44,-30.13,-39.06,0.524,0.94,1365,44.3,21.81,-9.02,4.708,15,63.0,23822093.0
x20|d10|k2|s1|ST_14_4|h1|L2,20,10.0,2.0,1,ST_14_4,1,2.0,98,10,6.2,6.2,6.2,-16.35,-16.35,0.379,1.423,98,34.7,35.37,-9.82,5.857,10,4.5,3685248.0
x20|d10|k2|s1|DON20|h0|L2,20,10.0,2.0,1,DON20,0,2.0,98,10,5.53,5.53,5.53,-6.15,-6.15,0.899,1.759,98,40.8,16.99,-8.62,1.83,8,4.5,3214290.0
x20|d10|k3|s0|ST_14_4|h1|L2,20,10.0,3.0,0,ST_14_4,1,2.0,3991,10,16.12,15.66,16.9,-35.38,-35.49,0.458,0.992,918,36.8,34.01,-8.72,7.027,21,42.3,25588491.0
x20|d10|k3|s0|DON20|h0|L2,20,10.0,3.0,0,DON20,0,2.0,3991,10,14.77,13.94,15.64,-35.51,-42.02,0.409,0.911,1258,43.8,22.83,-9.31,4.76,15,58.0,19839640.0
x20|d10|k3|s1|ST_14_4|h1|L2,20,10.0,3.0,1,ST_14_4,1,2.0,79,10,6.2,6.2,6.2,-12.06,-12.06,0.515,1.562,79,36.7,35.36,-10.03,6.636,7,3.6,3690314.0
x20|d10|k3|s1|DON20|h0|L2,20,10.0,3.0,1,DON20,0,2.0,79,10,5.56,5.56,5.56,-5.76,-5.76,0.967,1.931,79,44.3,16.64,-9.31,2.19,7,3.6,3236402.0
x20|d10|k5|s0|ST_14_4|h1|L2,20,10.0,5.0,0,ST_14_4,1,2.0,2740,10,18.65,18.48,18.96,-36.53,-36.53,0.51,1.144,791,36.3,41.53,-8.9,9.37,16,36.5,40812960.0
x20|d10|k5|s0|DON20|h0|L2,20,10.0,5.0,0,DON20,0,2.0,2740,10,15.14,14.01,15.7,-32.64,-34.4,0.46,0.944,1028,41.4,27.62,-9.61,5.82,19,47.4,21271200.0
x20|d10|k5|s1|ST_14_4|h1|L2,20,10.0,5.0,1,ST_14_4,1,2.0,50,10,6.46,6.46,6.46,-9.08,-9.08,0.711,1.821,50,38.0,47.49,-10.52,11.525,6,2.3,3885734.0
x20|d10|k5|s1|DON20|h0|L2,20,10.0,5.0,1,DON20,0,2.0,50,10,5.51,5.51,5.51,-5.05,-5.05,1.092,2.315,50,44.0,18.34,-10.21,2.355,5,2.3,3203145.0
x20|d20|k0|s0|ST_14_4|h1|L2,20,20.0,0.0,0,ST_14_4,1,2.0,4017,10,19.77,19.18,20.21,-32.64,-32.64,0.605,1.14,915,38.0,37.0,-8.89,8.539,17,42.2,49949284.0
x20|d20|k0|s0|DON20|h0|L2,20,20.0,0.0,0,DON20,0,2.0,4017,10,17.91,17.61,18.46,-32.17,-32.21,0.558,1.042,1253,43.2,25.17,-9.15,5.616,16,57.8,35680492.0
x20|d20|k0|s1|ST_14_4|h1|L2,20,20.0,0.0,1,ST_14_4,1,2.0,123,10,5.99,5.99,5.99,-17.62,-17.62,0.34,1.278,123,31.7,33.77,-9.44,4.261,11,5.7,3529162.0
x20|d20|k0|s1|DON20|h0|L2,20,20.0,0.0,1,DON20,0,2.0,123,10,5.3,5.3,5.3,-7.74,-7.74,0.684,1.528,123,36.6,16.69,-8.15,0.938,10,5.7,3063243.0
x20|d20|k2|s0|ST_14_4|h1|L2,20,20.0,2.0,0,ST_14_4,1,2.0,3084,10,16.89,16.38,17.67,-32.83,-34.79,0.514,1.02,884,34.3,39.36,-9.12,7.487,19,40.8,29530684.0
x20|d20|k2|s0|DON20|h0|L2,20,20.0,2.0,0,DON20,0,2.0,3084,10,14.53,13.93,14.88,-36.06,-39.59,0.402,0.893,1141,41.9,25.6,-9.96,4.993,15,52.7,18969472.0
x20|d20|k2|s1|ST_14_4|h1|L2,20,20.0,2.0,1,ST_14_4,1,2.0,98,10,6.2,6.2,6.2,-16.35,-16.35,0.379,1.423,98,34.7,35.37,-9.82,5.857,10,4.5,3685248.0
x20|d20|k2|s1|DON20|h0|L2,20,20.0,2.0,1,DON20,0,2.0,98,10,5.53,5.53,5.53,-6.15,-6.15,0.899,1.759,98,40.8,16.99,-8.62,1.83,8,4.5,3214290.0
x20|d20|k3|s0|ST_14_4|h1|L2,20,20.0,3.0,0,ST_14_4,1,2.0,2463,10,14.98,14.76,15.35,-32.73,-32.73,0.458,0.938,836,33.5,38.23,-9.16,6.71,18,38.5,20659201.0
x20|d20|k3|s0|DON20|h0|L2,20,20.0,3.0,0,DON20,0,2.0,2463,10,13.23,12.69,13.86,-37.01,-37.37,0.357,0.837,1021,41.7,26.44,-10.39,4.931,15,47.1,14810170.0
x20|d20|k3|s1|ST_14_4|h1|L2,20,20.0,3.0,1,ST_14_4,1,2.0,79,10,6.2,6.2,6.2,-12.06,-12.06,0.515,1.562,79,36.7,35.36,-10.03,6.636,7,3.6,3690314.0
x20|d20|k3|s1|DON20|h0|L2,20,20.0,3.0,1,DON20,0,2.0,79,10,5.56,5.56,5.56,-5.76,-5.76,0.967,1.931,79,44.3,16.64,-9.31,2.19,7,3.6,3236402.0
x20|d20|k5|s0|ST_14_4|h1|L2,20,20.0,5.0,0,ST_14_4,1,2.0,1723,10,14.9,14.68,15.04,-31.05,-31.59,0.48,0.996,716,32.6,43.46,-9.25,7.938,16,33.0,20342123.0
x20|d20|k5|s0|DON20|h0|L2,20,20.0,5.0,0,DON20,0,2.0,1723,10,13.39,12.81,13.8,-30.4,-30.61,0.442,0.897,835,41.3,28.79,-10.56,5.71,18,38.5,15273041.0
x20|d20|k5|s1|ST_14_4|h1|L2,20,20.0,5.0,1,ST_14_4,1,2.0,50,10,6.46,6.46,6.46,-9.08,-9.08,0.711,1.821,50,38.0,47.49,-10.52,11.525,6,2.3,3885734.0
x20|d20|k5|s1|DON20|h0|L2,20,20.0,5.0,1,DON20,0,2.0,50,10,5.51,5.51,5.51,-5.05,-5.05,1.092,2.315,50,44.0,18.34,-10.21,2.355,5,2.3,3203145.0
x40|d0|k0|s0|ST_14_4|h1|L2,40,0.0,0.0,0,ST_14_4,1,2.0,5776,10,19.59,18.86,20.83,-34.27,-37.36,0.575,1.172,957,39.9,33.67,-8.54,8.324,20,44.2,48440528.0
x40|d0|k0|s0|DON20|h0|L2,40,0.0,0.0,0,DON20,0,2.0,5776,10,16.0,15.45,16.63,-38.99,-40.92,0.41,0.972,1459,42.8,21.36,-8.17,4.483,20,67.3,25003387.0
x40|d0|k0|s1|ST_14_4|h1|L2,40,0.0,0.0,1,ST_14_4,1,2.0,123,10,5.99,5.99,5.99,-17.62,-17.62,0.34,1.278,123,31.7,33.77,-9.44,4.261,11,5.7,3529162.0
x40|d0|k0|s1|DON20|h0|L2,40,0.0,0.0,1,DON20,0,2.0,123,10,5.3,5.3,5.3,-7.74,-7.74,0.684,1.528,123,36.6,16.69,-8.15,0.938,10,5.7,3063243.0
x40|d0|k2|s0|ST_14_4|h1|L2,40,0.0,2.0,0,ST_14_4,1,2.0,4337,10,17.51,17.07,18.63,-33.54,-35.19,0.521,1.055,936,37.9,34.44,-8.73,7.604,20,43.2,33127783.0
x40|d0|k2|s0|DON20|h0|L2,40,0.0,2.0,0,DON20,0,2.0,4337,10,15.65,15.25,16.53,-30.01,-33.98,0.536,0.974,1301,44.6,21.76,-8.93,4.761,16,60.0,23437324.0
x40|d0|k2|s1|ST_14_4|h1|L2,40,0.0,2.0,1,ST_14_4,1,2.0,98,10,6.2,6.2,6.2,-16.35,-16.35,0.379,1.423,98,34.7,35.37,-9.82,5.857,10,4.5,3685248.0
x40|d0|k2|s1|DON20|h0|L2,40,0.0,2.0,1,DON20,0,2.0,98,10,5.53,5.53,5.53,-6.15,-6.15,0.899,1.759,98,40.8,16.99,-8.62,1.83,8,4.5,3214290.0
x40|d0|k3|s0|ST_14_4|h1|L2,40,0.0,3.0,0,ST_14_4,1,2.0,3428,10,15.39,15.08,15.99,-31.95,-33.02,0.481,0.984,877,37.0,33.85,-8.81,6.964,19,40.5,22312145.0
x40|d0|k3|s0|DON20|h0|L2,40,0.0,3.0,0,DON20,0,2.0,3428,10,16.23,15.57,16.55,-28.92,-30.0,0.558,1.006,1155,44.4,23.86,-9.29,5.415,13,53.3,26083614.0
x40|d0|k3|s1|ST_14_4|h1|L2,40,0.0,3.0,1,ST_14_4,1,2.0,79,10,6.2,6.2,6.2,-12.06,-12.06,0.515,1.562,79,36.7,35.36,-10.03,6.636,7,3.6,3690314.0
x40|d0|k3|s1|DON20|h0|L2,40,0.0,3.0,1,DON20,0,2.0,79,10,5.56,5.56,5.56,-5.76,-5.76,0.967,1.931,79,44.3,16.64,-9.31,2.19,7,3.6,3236402.0
x40|d0|k5|s0|ST_14_4|h1|L2,40,0.0,5.0,0,ST_14_4,1,2.0,2341,10,16.11,15.91,16.47,-31.65,-33.25,0.508,1.06,761,34.8,40.93,-8.94,8.394,12,35.1,25518279.0
x40|d0|k5|s0|DON20|h0|L2,40,0.0,5.0,0,DON20,0,2.0,2341,10,14.66,13.9,14.85,-35.06,-35.57,0.417,0.966,957,42.4,26.9,-9.88,5.689,16,44.2,19451654.0
x40|d0|k5|s1|ST_14_4|h1|L2,40,0.0,5.0,1,ST_14_4,1,2.0,50,10,6.46,6.46,6.46,-9.08,-9.08,0.711,1.821,50,38.0,47.49,-10.52,11.525,6,2.3,3885734.0
x40|d0|k5|s1|DON20|h0|L2,40,0.0,5.0,1,DON20,0,2.0,50,10,5.51,5.51,5.51,-5.05,-5.05,1.092,2.315,50,44.0,18.34,-10.21,2.355,5,2.3,3203145.0
x40|d10|k0|s0|ST_14_4|h1|L2,40,10.0,0.0,0,ST_14_4,1,2.0,5569,10,18.55,18.23,19.94,-33.54,-35.61,0.553,1.113,955,39.8,33.3,-8.6,8.028,18,44.0,40057236.0
x40|d10|k0|s0|DON20|h0|L2,40,10.0,0.0,0,DON20,0,2.0,5569,10,16.43,15.24,16.83,-36.0,-38.31,0.447,0.984,1439,42.8,21.81,-8.35,4.658,22,66.3,27105998.0
x40|d10|k0|s1|ST_14_4|h1|L2,40,10.0,0.0,1,ST_14_4,1,2.0,123,10,5.99,5.99,5.99,-17.62,-17.62,0.34,1.278,123,31.7,33.77,-9.44,4.261,11,5.7,3529162.0
x40|d10|k0|s1|DON20|h0|L2,40,10.0,0.0,1,DON20,0,2.0,123,10,5.3,5.3,5.3,-7.74,-7.74,0.684,1.528,123,36.6,16.69,-8.15,0.938,10,5.7,3063243.0
x40|d10|k2|s0|ST_14_4|h1|L2,40,10.0,2.0,0,ST_14_4,1,2.0,4195,10,17.3,16.7,17.7,-34.78,-35.24,0.5,1.039,929,37.5,34.71,-8.77,7.552,18,42.8,31813904.0
x40|d10|k2|s0|DON20|h0|L2,40,10.0,2.0,0,DON20,0,2.0,4195,10,15.47,15.09,16.11,-29.44,-35.05,0.53,0.956,1297,44.2,22.12,-9.1,4.712,15,59.8,22624706.0
x40|d10|k2|s1|ST_14_4|h1|L2,40,10.0,2.0,1,ST_14_4,1,2.0,98,10,6.2,6.2,6.2,-16.35,-16.35,0.379,1.423,98,34.7,35.37,-9.82,5.857,10,4.5,3685248.0
x40|d10|k2|s1|DON20|h0|L2,40,10.0,2.0,1,DON20,0,2.0,98,10,5.53,5.53,5.53,-6.15,-6.15,0.899,1.759,98,40.8,16.99,-8.62,1.83,8,4.5,3214290.0
x40|d10|k3|s0|ST_14_4|h1|L2,40,10.0,3.0,0,ST_14_4,1,2.0,3315,10,15.16,14.78,15.42,-33.27,-37.46,0.458,0.972,881,36.4,34.15,-8.82,6.806,19,40.7,21355727.0
x40|d10|k3|s0|DON20|h0|L2,40,10.0,3.0,0,DON20,0,2.0,3315,10,15.31,14.75,15.78,-27.47,-29.1,0.559,0.955,1153,43.5,23.92,-9.39,5.083,13,53.2,21952919.0
x40|d10|k3|s1|ST_14_4|h1|L2,40,10.0,3.0,1,ST_14_4,1,2.0,79,10,6.2,6.2,6.2,-12.06,-12.06,0.515,1.562,79,36.7,35.36,-10.03,6.636,7,3.6,3690314.0
x40|d10|k3|s1|DON20|h0|L2,40,10.0,3.0,1,DON20,0,2.0,79,10,5.56,5.56,5.56,-5.76,-5.76,0.967,1.931,79,44.3,16.64,-9.31,2.19,7,3.6,3236402.0
x40|d10|k5|s0|ST_14_4|h1|L2,40,10.0,5.0,0,ST_14_4,1,2.0,2281,10,16.97,16.52,17.1,-32.13,-34.03,0.53,1.093,756,35.3,41.24,-9.01,8.778,12,34.9,29944527.0
x40|d10|k5|s0|DON20|h0|L2,40,10.0,5.0,0,DON20,0,2.0,2281,10,13.46,13.06,14.07,-29.94,-30.17,0.45,0.901,955,41.9,26.12,-9.99,5.133,15,44.0,15467990.0
x40|d10|k5|s1|ST_14_4|h1|L2,40,10.0,5.0,1,ST_14_4,1,2.0,50,10,6.46,6.46,6.46,-9.08,-9.08,0.711,1.821,50,38.0,47.49,-10.52,11.525,6,2.3,3885734.0
x40|d10|k5|s1|DON20|h0|L2,40,10.0,5.0,1,DON20,0,2.0,50,10,5.51,5.51,5.51,-5.05,-5.05,1.092,2.315,50,44.0,18.34,-10.21,2.355,5,2.3,3203145.0
x40|d20|k0|s0|ST_14_4|h1|L2,40,20.0,0.0,0,ST_14_4,1,2.0,3881,10,19.4,18.75,20.19,-31.92,-31.92,0.607,1.143,896,38.6,36.37,-8.9,8.487,15,41.3,46772836.0
x40|d20|k0|s0|DON20|h0|L2,40,20.0,0.0,0,DON20,0,2.0,3881,10,17.37,16.8,18.34,-33.69,-34.71,0.511,1.035,1235,43.0,24.56,-8.91,5.46,18,57.0,32257957.0
x40|d20|k0|s1|ST_14_4|h1|L2,40,20.0,0.0,1,ST_14_4,1,2.0,123,10,5.99,5.99,5.99,-17.62,-17.62,0.34,1.278,123,31.7,33.77,-9.44,4.261,11,5.7,3529162.0
x40|d20|k0|s1|DON20|h0|L2,40,20.0,0.0,1,DON20,0,2.0,123,10,5.3,5.3,5.3,-7.74,-7.74,0.684,1.528,123,36.6,16.69,-8.15,0.938,10,5.7,3063243.0
x40|d20|k2|s0|ST_14_4|h1|L2,40,20.0,2.0,0,ST_14_4,1,2.0,2977,10,17.07,16.64,17.44,-33.61,-34.13,0.508,1.027,865,34.5,39.81,-9.18,7.773,19,39.9,30520216.0
x40|d20|k2|s0|DON20|h0|L2,40,20.0,2.0,0,DON20,0,2.0,2977,10,14.41,14.06,15.32,-35.94,-36.02,0.401,0.897,1115,42.0,25.46,-9.79,4.984,14,51.5,18542549.0
x40|d20|k2|s1|ST_14_4|h1|L2,40,20.0,2.0,1,ST_14_4,1,2.0,98,10,6.2,6.2,6.2,-16.35,-16.35,0.379,1.423,98,34.7,35.37,-9.82,5.857,10,4.5,3685248.0
x40|d20|k2|s1|DON20|h0|L2,40,20.0,2.0,1,DON20,0,2.0,98,10,5.53,5.53,5.53,-6.15,-6.15,0.899,1.759,98,40.8,16.99,-8.62,1.83,8,4.5,3214290.0
x40|d20|k3|s0|ST_14_4|h1|L2,40,20.0,3.0,0,ST_14_4,1,2.0,2375,10,16.46,16.21,16.59,-32.12,-32.12,0.512,1.026,789,34.2,40.85,-9.15,7.879,19,36.4,27254532.0
x40|d20|k3|s0|DON20|h0|L2,40,20.0,3.0,0,DON20,0,2.0,2375,10,13.64,13.13,14.06,-35.6,-35.6,0.383,0.869,991,42.2,26.08,-10.27,5.073,15,45.7,16013996.0
x40|d20|k3|s1|ST_14_4|h1|L2,40,20.0,3.0,1,ST_14_4,1,2.0,79,10,6.2,6.2,6.2,-12.06,-12.06,0.515,1.562,79,36.7,35.36,-10.03,6.636,7,3.6,3690314.0
x40|d20|k3|s1|DON20|h0|L2,40,20.0,3.0,1,DON20,0,2.0,79,10,5.56,5.56,5.56,-5.76,-5.76,0.967,1.931,79,44.3,16.64,-9.31,2.19,7,3.6,3236402.0
x40|d20|k5|s0|ST_14_4|h1|L2,40,20.0,5.0,0,ST_14_4,1,2.0,1668,10,15.99,15.85,16.13,-30.88,-32.11,0.519,1.059,687,32.3,46.39,-9.2,8.785,16,31.7,24961729.0
x40|d20|k5|s0|DON20|h0|L2,40,20.0,5.0,0,DON20,0,2.0,1668,10,12.55,12.36,12.84,-30.43,-30.71,0.413,0.865,818,41.3,28.03,-10.57,5.347,15,37.8,12985716.0
x40|d20|k5|s1|ST_14_4|h1|L2,40,20.0,5.0,1,ST_14_4,1,2.0,50,10,6.46,6.46,6.46,-9.08,-9.08,0.711,1.821,50,38.0,47.49,-10.52,11.525,6,2.3,3885734.0
x40|d20|k5|s1|DON20|h0|L2,40,20.0,5.0,1,DON20,0,2.0,50,10,5.51,5.51,5.51,-5.05,-5.05,1.092,2.315,50,44.0,18.34,-10.21,2.355,5,2.3,3203145.0
x60|d0|k0|s0|ST_14_4|h1|L2,60,0.0,0.0,0,ST_14_4,1,2.0,4651,10,18.77,18.58,19.64,-29.24,-31.06,0.64,1.149,934,40.6,32.4,-8.59,8.054,17,43.1,41691420.0
x60|d0|k0|s0|DON20|h0|L2,60,0.0,0.0,0,DON20,0,2.0,4651,10,16.27,15.22,16.85,-31.99,-37.31,0.522,1.0,1351,43.5,21.45,-8.17,4.81,12,62.3,26270682.0
x60|d0|k0|s1|ST_14_4|h1|L2,60,0.0,0.0,1,ST_14_4,1,2.0,123,10,5.99,5.99,5.99,-17.62,-17.62,0.34,1.278,123,31.7,33.77,-9.44,4.261,11,5.7,3529162.0
x60|d0|k0|s1|DON20|h0|L2,60,0.0,0.0,1,DON20,0,2.0,123,10,5.3,5.3,5.3,-7.74,-7.74,0.684,1.528,123,36.6,16.69,-8.15,0.938,10,5.7,3063243.0
x60|d0|k2|s0|ST_14_4|h1|L2,60,0.0,2.0,0,ST_14_4,1,2.0,3483,10,16.81,16.34,17.46,-33.4,-33.5,0.504,1.026,895,37.7,34.39,-8.82,7.5,16,41.3,29102222.0
x60|d0|k2|s0|DON20|h0|L2,60,0.0,2.0,0,DON20,0,2.0,3483,10,14.36,13.47,14.6,-37.41,-41.19,0.381,0.915,1213,43.2,22.74,-9.15,4.658,14,55.9,18333131.0
x60|d0|k2|s1|ST_14_4|h1|L2,60,0.0,2.0,1,ST_14_4,1,2.0,98,10,6.2,6.2,6.2,-16.35,-16.35,0.379,1.423,98,34.7,35.37,-9.82,5.857,10,4.5,3685248.0
x60|d0|k2|s1|DON20|h0|L2,60,0.0,2.0,1,DON20,0,2.0,98,10,5.53,5.53,5.53,-6.15,-6.15,0.899,1.759,98,40.8,16.99,-8.62,1.83,8,4.5,3214290.0
x60|d0|k3|s0|ST_14_4|h1|L2,60,0.0,3.0,0,ST_14_4,1,2.0,2744,10,15.68,15.24,16.11,-32.53,-33.74,0.482,0.998,836,36.9,34.71,-8.85,7.293,17,38.5,23561356.0
x60|d0|k3|s0|DON20|h0|L2,60,0.0,3.0,0,DON20,0,2.0,2744,10,12.23,11.49,12.84,-36.9,-40.81,0.334,0.812,1095,42.4,23.12,-9.69,4.239,15,50.5,12213387.0
x60|d0|k3|s1|ST_14_4|h1|L2,60,0.0,3.0,1,ST_14_4,1,2.0,79,10,6.2,6.2,6.2,-12.06,-12.06,0.515,1.562,79,36.7,35.36,-10.03,6.636,7,3.6,3690314.0
x60|d0|k3|s1|DON20|h0|L2,60,0.0,3.0,1,DON20,0,2.0,79,10,5.56,5.56,5.56,-5.76,-5.76,0.967,1.931,79,44.3,16.64,-9.31,2.19,7,3.6,3236402.0
x60|d0|k5|s0|ST_14_4|h1|L2,60,0.0,5.0,0,ST_14_4,1,2.0,1897,10,15.51,15.2,15.77,-33.46,-33.78,0.465,1.039,727,34.7,41.03,-8.99,8.341,12,33.5,22815640.0
x60|d0|k5|s0|DON20|h0|L2,60,0.0,5.0,0,DON20,0,2.0,1897,10,13.3,13.14,13.77,-30.19,-30.46,0.442,0.899,886,41.8,27.08,-10.09,5.411,14,40.9,15014123.0
x60|d0|k5|s1|ST_14_4|h1|L2,60,0.0,5.0,1,ST_14_4,1,2.0,50,10,6.46,6.46,6.46,-9.08,-9.08,0.711,1.821,50,38.0,47.49,-10.52,11.525,6,2.3,3885734.0
x60|d0|k5|s1|DON20|h0|L2,60,0.0,5.0,1,DON20,0,2.0,50,10,5.51,5.51,5.51,-5.05,-5.05,1.092,2.315,50,44.0,18.34,-10.21,2.355,5,2.3,3203145.0
x60|d10|k0|s0|ST_14_4|h1|L2,60,10.0,0.0,0,ST_14_4,1,2.0,4580,10,17.73,17.33,18.79,-31.02,-31.87,0.571,1.092,935,39.3,32.68,-8.57,7.579,17,43.2,34481650.0
x60|d10|k0|s0|DON20|h0|L2,60,10.0,0.0,0,DON20,0,2.0,4580,10,16.36,15.75,16.62,-30.98,-36.07,0.531,1.003,1342,43.4,21.95,-8.27,4.855,14,61.8,26758138.0
x60|d10|k0|s1|ST_14_4|h1|L2,60,10.0,0.0,1,ST_14_4,1,2.0,123,10,5.99,5.99,5.99,-17.62,-17.62,0.34,1.278,123,31.7,33.77,-9.44,4.261,11,5.7,3529162.0
x60|d10|k0|s1|DON20|h0|L2,60,10.0,0.0,1,DON20,0,2.0,123,10,5.3,5.3,5.3,-7.74,-7.74,0.684,1.528,123,36.6,16.69,-8.15,0.938,10,5.7,3063243.0
x60|d10|k2|s0|ST_14_4|h1|L2,60,10.0,2.0,0,ST_14_4,1,2.0,3439,10,16.73,16.33,17.04,-33.4,-33.44,0.502,1.019,891,37.4,34.85,-8.84,7.499,19,41.1,28686398.0
x60|d10|k2|s0|DON20|h0|L2,60,10.0,2.0,0,DON20,0,2.0,3439,10,14.46,13.57,14.7,-36.86,-39.48,0.395,0.921,1200,43.3,22.86,-9.21,4.697,15,55.3,18701150.0
x60|d10|k2|s1|ST_14_4|h1|L2,60,10.0,2.0,1,ST_14_4,1,2.0,98,10,6.2,6.2,6.2,-16.35,-16.35,0.379,1.423,98,34.7,35.37,-9.82,5.857,10,4.5,3685248.0
x60|d10|k2|s1|DON20|h0|L2,60,10.0,2.0,1,DON20,0,2.0,98,10,5.53,5.53,5.53,-6.15,-6.15,0.899,1.759,98,40.8,16.99,-8.62,1.83,8,4.5,3214290.0
x60|d10|k3|s0|ST_14_4|h1|L2,60,10.0,3.0,0,ST_14_4,1,2.0,2716,10,15.32,14.72,16.05,-32.53,-32.53,0.47,0.982,834,36.7,34.83,-8.87,7.097,17,38.5,21983172.0
x60|d10|k3|s0|DON20|h0|L2,60,10.0,3.0,0,DON20,0,2.0,2716,10,12.38,11.47,12.82,-33.8,-39.28,0.36,0.818,1083,42.0,23.67,-9.75,4.315,15,50.0,12575222.0
x60|d10|k3|s1|ST_14_4|h1|L2,60,10.0,3.0,1,ST_14_4,1,2.0,79,10,6.2,6.2,6.2,-12.06,-12.06,0.515,1.562,79,36.7,35.36,-10.03,6.636,7,3.6,3690314.0
x60|d10|k3|s1|DON20|h0|L2,60,10.0,3.0,1,DON20,0,2.0,79,10,5.56,5.56,5.56,-5.76,-5.76,0.967,1.931,79,44.3,16.64,-9.31,2.19,7,3.6,3236402.0
x60|d10|k5|s0|ST_14_4|h1|L2,60,10.0,5.0,0,ST_14_4,1,2.0,1882,10,15.41,15.33,15.52,-32.95,-33.26,0.468,1.027,726,34.2,41.36,-9.01,8.219,12,33.5,22379019.0
x60|d10|k5|s0|DON20|h0|L2,60,10.0,5.0,0,DON20,0,2.0,1882,10,13.4,13.08,13.59,-30.21,-30.46,0.441,0.906,881,42.0,26.95,-10.12,5.472,14,40.7,15294782.0
x60|d10|k5|s1|ST_14_4|h1|L2,60,10.0,5.0,1,ST_14_4,1,2.0,50,10,6.46,6.46,6.46,-9.08,-9.08,0.711,1.821,50,38.0,47.49,-10.52,11.525,6,2.3,3885734.0
x60|d10|k5|s1|DON20|h0|L2,60,10.0,5.0,1,DON20,0,2.0,50,10,5.51,5.51,5.51,-5.05,-5.05,1.092,2.315,50,44.0,18.34,-10.21,2.355,5,2.3,3203145.0
x60|d20|k0|s0|ST_14_4|h1|L2,60,20.0,0.0,0,ST_14_4,1,2.0,3619,10,19.99,19.3,20.84,-30.05,-30.05,0.665,1.187,858,39.5,36.78,-8.92,9.139,14,39.6,52089210.0
x60|d20|k0|s0|DON20|h0|L2,60,20.0,0.0,0,DON20,0,2.0,3619,10,16.82,16.71,17.32,-35.48,-36.07,0.479,1.028,1205,43.3,24.11,-8.85,5.423,23,55.6,29130262.0
x60|d20|k0|s1|ST_14_4|h1|L2,60,20.0,0.0,1,ST_14_4,1,2.0,123,10,5.99,5.99,5.99,-17.62,-17.62,0.34,1.278,123,31.7,33.77,-9.44,4.261,11,5.7,3529162.0
x60|d20|k0|s1|DON20|h0|L2,60,20.0,0.0,1,DON20,0,2.0,123,10,5.3,5.3,5.3,-7.74,-7.74,0.684,1.528,123,36.6,16.69,-8.15,0.938,10,5.7,3063243.0
x60|d20|k2|s0|ST_14_4|h1|L2,60,20.0,2.0,0,ST_14_4,1,2.0,2772,10,19.25,18.87,19.56,-32.37,-32.39,0.595,1.132,818,35.8,41.55,-9.1,9.042,17,37.7,45507642.0
x60|d20|k2|s0|DON20|h0|L2,60,20.0,2.0,0,DON20,0,2.0,2772,10,14.76,14.13,15.03,-34.32,-34.37,0.429,0.929,1067,42.5,25.44,-9.71,5.234,15,49.2,19798982.0
x60|d20|k2|s1|ST_14_4|h1|L2,60,20.0,2.0,1,ST_14_4,1,2.0,98,10,6.2,6.2,6.2,-16.35,-16.35,0.379,1.423,98,34.7,35.37,-9.82,5.857,10,4.5,3685248.0
x60|d20|k2|s1|DON20|h0|L2,60,20.0,2.0,1,DON20,0,2.0,98,10,5.53,5.53,5.53,-6.15,-6.15,0.899,1.759,98,40.8,16.99,-8.62,1.83,8,4.5,3214290.0
x60|d20|k3|s0|ST_14_4|h1|L2,60,20.0,3.0,0,ST_14_4,1,2.0,2209,10,17.2,16.25,17.82,-30.38,-36.75,0.566,1.079,755,35.5,40.72,-9.16,8.628,15,34.8,31301214.0
x60|d20|k3|s0|DON20|h0|L2,60,20.0,3.0,0,DON20,0,2.0,2209,10,13.14,12.54,13.75,-30.99,-35.2,0.424,0.855,959,42.2,25.62,-10.09,4.986,15,44.2,14546631.0
x60|d20|k3|s1|ST_14_4|h1|L2,60,20.0,3.0,1,ST_14_4,1,2.0,79,10,6.2,6.2,6.2,-12.06,-12.06,0.515,1.562,79,36.7,35.36,-10.03,6.636,7,3.6,3690314.0
x60|d20|k3|s1|DON20|h0|L2,60,20.0,3.0,1,DON20,0,2.0,79,10,5.56,5.56,5.56,-5.76,-5.76,0.967,1.931,79,44.3,16.64,-9.31,2.19,7,3.6,3236402.0
x60|d20|k5|s0|ST_14_4|h1|L2,60,20.0,5.0,0,ST_14_4,1,2.0,1555,10,15.2,15.11,15.25,-32.39,-32.58,0.468,1.046,667,32.7,44.97,-9.12,8.555,15,30.8,21530908.0
x60|d20|k5|s0|DON20|h0|L2,60,20.0,5.0,0,DON20,0,2.0,1555,10,13.16,12.92,13.49,-31.45,-31.53,0.42,0.911,785,42.1,28.38,-10.48,5.83,14,36.2,14620042.0
x60|d20|k5|s1|ST_14_4|h1|L2,60,20.0,5.0,1,ST_14_4,1,2.0,50,10,6.46,6.46,6.46,-9.08,-9.08,0.711,1.821,50,38.0,47.49,-10.52,11.525,6,2.3,3885734.0
x60|d20|k5|s1|DON20|h0|L2,60,20.0,5.0,1,DON20,0,2.0,50,10,5.51,5.51,5.51,-5.05,-5.05,1.092,2.315,50,44.0,18.34,-10.21,2.355,5,2.3,3203145.0
x120|d0|k0|s0|ST_14_4|h1|L2,120,0.0,0.0,0,ST_14_4,1,2.0,3000,10,19.02,17.85,19.65,-28.6,-28.65,0.665,1.168,832,37.9,37.67,-8.57,8.845,19,38.4,43678268.0
x120|d0|k0|s0|DON20|h0|L2,120,0.0,0.0,0,DON20,0,2.0,3000,10,14.52,14.22,15.49,-33.53,-35.7,0.438,0.956,1161,44.0,21.18,-8.41,4.604,15,53.5,18909149.0
x120|d0|k0|s1|ST_14_4|h1|L2,120,0.0,0.0,1,ST_14_4,1,2.0,89,10,6.52,6.52,6.52,-13.53,-13.53,0.482,1.52,89,36.0,37.9,-9.36,7.635,10,4.1,3935642.0
x120|d0|k0|s1|DON20|h0|L2,120,0.0,0.0,1,DON20,0,2.0,89,10,5.53,5.53,5.53,-7.34,-7.34,0.753,1.88,89,39.3,16.51,-7.7,1.819,8,4.1,3212315.0
x120|d0|k2|s0|ST_14_4|h1|L2,120,0.0,2.0,0,ST_14_4,1,2.0,2252,10,18.26,18.1,18.73,-31.12,-31.12,0.587,1.143,761,36.0,41.81,-8.81,9.353,16,35.1,37995666.0
x120|d0|k2|s0|DON20|h0|L2,120,0.0,2.0,0,DON20,0,2.0,2252,10,12.54,12.04,12.75,-29.8,-33.44,0.424,0.861,1016,42.3,22.49,-8.95,4.375,14,46.8,12965171.0
x120|d0|k2|s1|ST_14_4|h1|L2,120,0.0,2.0,1,ST_14_4,1,2.0,69,10,6.63,6.63,6.63,-13.34,-13.34,0.497,1.663,69,40.6,39.26,-9.92,10.035,8,3.2,4020702.0
x120|d0|k2|s1|DON20|h0|L2,120,0.0,2.0,1,DON20,0,2.0,69,10,5.65,5.65,5.65,-5.23,-5.23,1.079,2.155,69,44.9,16.36,-8.33,2.761,5,3.2,3291244.0
x120|d0|k3|s0|ST_14_4|h1|L2,120,0.0,3.0,0,ST_14_4,1,2.0,1773,10,16.37,16.26,16.4,-32.72,-32.72,0.5,1.059,711,35.9,39.79,-8.81,8.612,15,32.8,26801795.0
x120|d0|k3|s0|DON20|h0|L2,120,0.0,3.0,0,DON20,0,2.0,1773,10,13.44,13.27,13.49,-27.52,-29.55,0.487,0.938,879,43.3,24.52,-9.47,5.247,18,40.5,15404379.0
x120|d0|k3|s1|ST_14_4|h1|L2,120,0.0,3.0,1,ST_14_4,1,2.0,56,10,6.64,6.64,6.64,-11.13,-11.13,0.597,1.78,56,44.6,39.11,-10.04,11.902,6,2.6,4036413.0
x120|d0|k3|s1|DON20|h0|L2,120,0.0,3.0,1,DON20,0,2.0,56,10,5.83,5.83,5.83,-5.22,-5.22,1.117,2.334,56,51.8,17.06,-8.94,4.52,4,2.6,3415404.0
x120|d0|k5|s0|ST_14_4|h1|L2,120,0.0,5.0,0,ST_14_4,1,2.0,1235,10,13.88,13.8,14.05,-25.45,-25.45,0.545,1.007,621,33.2,41.76,-8.79,8.021,12,28.6,16738956.0
x120|d0|k5|s0|DON20|h0|L2,120,0.0,5.0,0,DON20,0,2.0,1235,10,11.01,10.73,11.22,-24.55,-26.19,0.447,0.871,736,40.1,26.42,-9.82,4.7,14,33.9,9638994.0
x120|d0|k5|s1|ST_14_4|h1|L2,120,0.0,5.0,1,ST_14_4,1,2.0,35,10,6.74,6.74,6.74,-8.69,-8.69,0.776,1.973,35,45.7,54.83,-11.03,19.075,4,1.6,4115627.0
x120|d0|k5|s1|DON20|h0|L2,120,0.0,5.0,1,DON20,0,2.0,35,10,5.75,5.75,5.75,-4.93,-4.93,1.165,2.647,35,51.4,20.35,-10.06,5.581,3,1.6,3360360.0
x120|d10|k0|s0|ST_14_4|h1|L2,120,10.0,0.0,0,ST_14_4,1,2.0,2995,10,19.09,17.82,19.66,-28.59,-28.65,0.667,1.169,831,37.9,37.79,-8.56,8.877,19,38.3,44227506.0
x120|d10|k0|s0|DON20|h0|L2,120,10.0,0.0,0,DON20,0,2.0,2995,10,14.69,14.07,15.44,-33.2,-35.39,0.449,0.959,1158,44.1,21.32,-8.41,4.68,15,53.4,19523637.0
x120|d10|k0|s1|ST_14_4|h1|L2,120,10.0,0.0,1,ST_14_4,1,2.0,89,10,6.52,6.52,6.52,-13.53,-13.53,0.482,1.52,89,36.0,37.9,-9.36,7.635,10,4.1,3935642.0
x120|d10|k0|s1|DON20|h0|L2,120,10.0,0.0,1,DON20,0,2.0,89,10,5.53,5.53,5.53,-7.34,-7.34,0.753,1.88,89,39.3,16.51,-7.7,1.819,8,4.1,3212315.0
x120|d10|k2|s0|ST_14_4|h1|L2,120,10.0,2.0,0,ST_14_4,1,2.0,2248,10,18.24,18.18,18.72,-31.12,-31.12,0.587,1.14,761,36.0,41.58,-8.82,9.327,15,35.1,37890060.0
x120|d10|k2|s0|DON20|h0|L2,120,10.0,2.0,0,DON20,0,2.0,2248,10,12.48,12.14,13.24,-30.73,-33.06,0.405,0.855,1011,42.5,22.33,-8.93,4.363,14,46.7,12798940.0
x120|d10|k2|s1|ST_14_4|h1|L2,120,10.0,2.0,1,ST_14_4,1,2.0,69,10,6.63,6.63,6.63,-13.34,-13.34,0.497,1.663,69,40.6,39.26,-9.92,10.035,8,3.2,4020702.0
x120|d10|k2|s1|DON20|h0|L2,120,10.0,2.0,1,DON20,0,2.0,69,10,5.65,5.65,5.65,-5.23,-5.23,1.079,2.155,69,44.9,16.36,-8.33,2.761,5,3.2,3291244.0
x120|d10|k3|s0|ST_14_4|h1|L2,120,10.0,3.0,0,ST_14_4,1,2.0,1770,10,16.41,16.31,16.44,-32.72,-32.72,0.502,1.062,709,36.0,39.79,-8.82,8.651,14,32.7,27020922.0
x120|d10|k3|s0|DON20|h0|L2,120,10.0,3.0,0,DON20,0,2.0,1770,10,13.54,13.3,13.67,-27.19,-30.23,0.499,0.941,874,43.1,24.74,-9.49,5.304,18,40.3,15712053.0
x120|d10|k3|s1|ST_14_4|h1|L2,120,10.0,3.0,1,ST_14_4,1,2.0,56,10,6.64,6.64,6.64,-11.13,-11.13,0.597,1.78,56,44.6,39.11,-10.04,11.902,6,2.6,4036413.0
x120|d10|k3|s1|DON20|h0|L2,120,10.0,3.0,1,DON20,0,2.0,56,10,5.83,5.83,5.83,-5.22,-5.22,1.117,2.334,56,51.8,17.06,-8.94,4.52,4,2.6,3415404.0
x120|d10|k5|s0|ST_14_4|h1|L2,120,10.0,5.0,0,ST_14_4,1,2.0,1235,10,13.88,13.8,14.05,-25.45,-25.45,0.545,1.007,621,33.2,41.76,-8.79,8.021,12,28.6,16738956.0
x120|d10|k5|s0|DON20|h0|L2,120,10.0,5.0,0,DON20,0,2.0,1235,10,11.01,10.73,11.22,-24.55,-26.19,0.447,0.871,736,40.1,26.42,-9.82,4.7,14,33.9,9638994.0
x120|d10|k5|s1|ST_14_4|h1|L2,120,10.0,5.0,1,ST_14_4,1,2.0,35,10,6.74,6.74,6.74,-8.69,-8.69,0.776,1.973,35,45.7,54.83,-11.03,19.075,4,1.6,4115627.0
x120|d10|k5|s1|DON20|h0|L2,120,10.0,5.0,1,DON20,0,2.0,35,10,5.75,5.75,5.75,-4.93,-4.93,1.165,2.647,35,51.4,20.35,-10.06,5.581,3,1.6,3360360.0
x120|d20|k0|s0|ST_14_4|h1|L2,120,20.0,0.0,0,ST_14_4,1,2.0,2781,10,18.84,17.72,19.15,-27.91,-27.92,0.679,1.16,821,36.8,38.72,-8.64,8.775,28,37.9,42202870.0
x120|d20|k0|s0|DON20|h0|L2,120,20.0,0.0,0,DON20,0,2.0,2781,10,14.16,13.74,15.12,-33.89,-34.48,0.423,0.924,1109,43.2,22.33,-8.74,4.67,23,51.2,17654059.0
x120|d20|k0|s1|ST_14_4|h1|L2,120,20.0,0.0,1,ST_14_4,1,2.0,89,10,6.52,6.52,6.52,-13.53,-13.53,0.482,1.52,89,36.0,37.9,-9.36,7.635,10,4.1,3935642.0
x120|d20|k0|s1|DON20|h0|L2,120,20.0,0.0,1,DON20,0,2.0,89,10,5.53,5.53,5.53,-7.34,-7.34,0.753,1.88,89,39.3,16.51,-7.7,1.819,8,4.1,3212315.0
x120|d20|k2|s0|ST_14_4|h1|L2,120,20.0,2.0,0,ST_14_4,1,2.0,2102,10,18.11,17.99,18.44,-31.11,-31.11,0.582,1.136,731,35.2,43.74,-9.0,9.495,19,33.7,36923258.0
x120|d20|k2|s0|DON20|h0|L2,120,20.0,2.0,0,DON20,0,2.0,2102,10,12.59,12.34,12.95,-25.58,-28.23,0.492,0.861,957,42.2,23.82,-9.35,4.585,16,44.2,13094737.0
x120|d20|k2|s1|ST_14_4|h1|L2,120,20.0,2.0,1,ST_14_4,1,2.0,69,10,6.63,6.63,6.63,-13.34,-13.34,0.497,1.663,69,40.6,39.26,-9.92,10.035,8,3.2,4020702.0
x120|d20|k2|s1|DON20|h0|L2,120,20.0,2.0,1,DON20,0,2.0,69,10,5.65,5.65,5.65,-5.23,-5.23,1.079,2.155,69,44.9,16.36,-8.33,2.761,5,3.2,3291244.0
x120|d20|k3|s0|ST_14_4|h1|L2,120,20.0,3.0,0,ST_14_4,1,2.0,1668,10,16.23,15.95,16.35,-32.75,-32.75,0.496,1.065,671,34.4,42.81,-8.88,8.927,17,30.9,26090438.0
x120|d20|k3|s0|DON20|h0|L2,120,20.0,3.0,0,DON20,0,2.0,1668,10,12.94,12.81,13.02,-28.76,-31.0,0.451,0.917,835,42.5,25.44,-9.73,5.224,12,38.5,13991464.0
x120|d20|k3|s1|ST_14_4|h1|L2,120,20.0,3.0,1,ST_14_4,1,2.0,56,10,6.64,6.64,6.64,-11.13,-11.13,0.597,1.78,56,44.6,39.11,-10.04,11.902,6,2.6,4036413.0
x120|d20|k3|s1|DON20|h0|L2,120,20.0,3.0,1,DON20,0,2.0,56,10,5.83,5.83,5.83,-5.22,-5.22,1.117,2.334,56,51.8,17.06,-8.94,4.52,4,2.6,3415404.0
x120|d20|k5|s0|ST_14_4|h1|L2,120,20.0,5.0,0,ST_14_4,1,2.0,1169,10,13.55,13.43,13.55,-26.03,-26.03,0.52,1.003,593,32.0,44.31,-8.93,8.132,17,27.3,15734142.0
x120|d20|k5|s0|DON20|h0|L2,120,20.0,5.0,0,DON20,0,2.0,1169,10,10.72,10.47,10.86,-29.11,-29.9,0.365,0.853,698,39.5,27.41,-10.06,4.724,17,32.2,9108266.0
x120|d20|k5|s1|ST_14_4|h1|L2,120,20.0,5.0,1,ST_14_4,1,2.0,35,10,6.74,6.74,6.74,-8.69,-8.69,0.776,1.973,35,45.7,54.83,-11.03,19.075,4,1.6,4115627.0
x120|d20|k5|s1|DON20|h0|L2,120,20.0,5.0,1,DON20,0,2.0,35,10,5.75,5.75,5.75,-4.93,-4.93,1.165,2.647,35,51.4,20.35,-10.06,5.581,3,1.6,3360360.0
x250|d0|k0|s0|ST_14_4|h1|L2,250,0.0,0.0,0,ST_14_4,1,2.0,1806,10,17.81,17.61,18.26,-30.96,-30.96,0.575,1.199,681,37.9,39.56,-8.67,9.591,16,31.4,35007006.0
x250|d0|k0|s0|DON20|h0|L2,250,0.0,0.0,0,DON20,0,2.0,1806,10,14.76,14.45,15.25,-32.71,-32.76,0.451,1.034,884,44.6,23.52,-8.77,5.658,16,40.8,19807659.0
x250|d0|k0|s1|ST_14_4|h1|L2,250,0.0,0.0,1,ST_14_4,1,2.0,21,10,5.9,5.9,5.9,-4.2,-4.2,1.404,3.173,21,42.9,41.93,-9.87,12.328,6,1.0,3469050.0
x250|d0|k0|s1|DON20|h0|L2,250,0.0,0.0,1,DON20,0,2.0,21,10,5.61,5.61,5.61,-1.88,-1.88,2.984,3.861,21,42.9,24.97,-9.0,5.555,3,1.0,3264586.0
x250|d0|k2|s0|ST_14_4|h1|L2,250,0.0,2.0,0,ST_14_4,1,2.0,1357,10,17.14,17.09,17.31,-30.54,-30.54,0.561,1.196,587,36.3,45.44,-8.9,10.815,19,27.1,30916782.0
x250|d0|k2|s0|DON20|h0|L2,250,0.0,2.0,0,DON20,0,2.0,1357,10,13.25,12.89,13.79,-29.0,-29.0,0.457,0.982,746,43.4,25.8,-9.41,5.816,18,34.4,14866496.0
x250|d0|k3|s0|ST_14_4|h1|L2,250,0.0,3.0,0,ST_14_4,1,2.0,1062,10,15.23,15.23,15.23,-28.95,-28.95,0.526,1.155,522,34.3,47.13,-8.85,10.346,20,24.1,21655192.0
x250|d0|k3|s0|DON20|h0|L2,250,0.0,3.0,0,DON20,0,2.0,1062,10,12.13,12.06,12.16,-28.5,-28.5,0.426,0.968,623,43.6,26.52,-9.84,6.039,15,28.7,11985414.0
x250|d0|k5|s0|ST_14_4|h1|L2,250,0.0,5.0,0,ST_14_4,1,2.0,728,10,13.0,13.0,13.0,-24.36,-24.36,0.534,1.158,428,32.2,50.16,-9.07,10.027,16,19.7,14172555.0
x250|d0|k5|s0|DON20|h0|L2,250,0.0,5.0,0,DON20,0,2.0,728,10,10.73,10.72,10.74,-26.75,-26.75,0.402,0.964,495,41.4,29.15,-10.28,6.049,13,22.8,9123910.0
x250|d10|k0|s0|ST_14_4|h1|L2,250,10.0,0.0,0,ST_14_4,1,2.0,1806,10,17.81,17.61,18.26,-30.96,-30.96,0.575,1.199,681,37.9,39.56,-8.67,9.591,16,31.4,35007006.0
x250|d10|k0|s0|DON20|h0|L2,250,10.0,0.0,0,DON20,0,2.0,1806,10,14.76,14.45,15.25,-32.71,-32.76,0.451,1.034,884,44.6,23.52,-8.77,5.658,16,40.8,19807659.0
x250|d10|k0|s1|ST_14_4|h1|L2,250,10.0,0.0,1,ST_14_4,1,2.0,21,10,5.9,5.9,5.9,-4.2,-4.2,1.404,3.173,21,42.9,41.93,-9.87,12.328,6,1.0,3469050.0
x250|d10|k0|s1|DON20|h0|L2,250,10.0,0.0,1,DON20,0,2.0,21,10,5.61,5.61,5.61,-1.88,-1.88,2.984,3.861,21,42.9,24.97,-9.0,5.555,3,1.0,3264586.0
x250|d10|k2|s0|ST_14_4|h1|L2,250,10.0,2.0,0,ST_14_4,1,2.0,1357,10,17.14,17.09,17.31,-30.54,-30.54,0.561,1.196,587,36.3,45.44,-8.9,10.815,19,27.1,30916782.0
x250|d10|k2|s0|DON20|h0|L2,250,10.0,2.0,0,DON20,0,2.0,1357,10,13.25,12.89,13.79,-29.0,-29.0,0.457,0.982,746,43.4,25.8,-9.41,5.816,18,34.4,14866496.0
x250|d10|k3|s0|ST_14_4|h1|L2,250,10.0,3.0,0,ST_14_4,1,2.0,1062,10,15.23,15.23,15.23,-28.95,-28.95,0.526,1.155,522,34.3,47.13,-8.85,10.346,20,24.1,21655192.0
x250|d10|k3|s0|DON20|h0|L2,250,10.0,3.0,0,DON20,0,2.0,1062,10,12.13,12.06,12.16,-28.5,-28.5,0.426,0.968,623,43.6,26.52,-9.84,6.039,15,28.7,11985414.0
x250|d10|k5|s0|ST_14_4|h1|L2,250,10.0,5.0,0,ST_14_4,1,2.0,728,10,13.0,13.0,13.0,-24.36,-24.36,0.534,1.158,428,32.2,50.16,-9.07,10.027,16,19.7,14172555.0
x250|d10|k5|s0|DON20|h0|L2,250,10.0,5.0,0,DON20,0,2.0,728,10,10.73,10.72,10.74,-26.75,-26.75,0.402,0.964,495,41.4,29.15,-10.28,6.049,13,22.8,9123910.0
x250|d20|k0|s0|ST_14_4|h1|L2,250,20.0,0.0,0,ST_14_4,1,2.0,1796,10,18.04,18.03,18.3,-30.96,-30.96,0.583,1.212,676,38.5,39.2,-8.69,9.713,15,31.2,36471918.0
x250|d20|k0|s0|DON20|h0|L2,250,20.0,0.0,0,DON20,0,2.0,1796,10,14.82,14.2,15.03,-32.59,-32.64,0.455,1.038,879,44.5,23.75,-8.84,5.696,14,40.5,20060679.0
x250|d20|k0|s1|ST_14_4|h1|L2,250,20.0,0.0,1,ST_14_4,1,2.0,21,10,5.9,5.9,5.9,-4.2,-4.2,1.404,3.173,21,42.9,41.93,-9.87,12.328,6,1.0,3469050.0
x250|d20|k0|s1|DON20|h0|L2,250,20.0,0.0,1,DON20,0,2.0,21,10,5.61,5.61,5.61,-1.88,-1.88,2.984,3.861,21,42.9,24.97,-9.0,5.555,3,1.0,3264586.0
x250|d20|k2|s0|ST_14_4|h1|L2,250,20.0,2.0,0,ST_14_4,1,2.0,1351,10,17.46,17.42,17.59,-30.54,-30.54,0.572,1.212,588,36.2,45.92,-8.9,10.956,20,27.1,32815564.0
x250|d20|k2|s0|DON20|h0|L2,250,20.0,2.0,0,DON20,0,2.0,1351,10,13.37,13.1,13.56,-29.0,-29.0,0.461,0.988,742,43.5,25.87,-9.41,5.918,17,34.2,15198930.0
x250|d20|k3|s0|ST_14_4|h1|L2,250,20.0,3.0,0,ST_14_4,1,2.0,1058,10,15.17,15.17,15.17,-28.95,-28.95,0.524,1.153,521,34.2,47.25,-8.86,10.31,20,24.0,21384094.0
x250|d20|k3|s0|DON20|h0|L2,250,20.0,3.0,0,DON20,0,2.0,1058,10,12.06,11.99,12.09,-28.51,-28.51,0.423,0.963,621,43.5,26.65,-9.86,6.011,15,28.6,11820833.0
x250|d20|k5|s0|ST_14_4|h1|L2,250,20.0,5.0,0,ST_14_4,1,2.0,725,10,12.94,12.94,12.94,-24.36,-24.36,0.531,1.155,427,32.1,50.34,-9.07,9.991,16,19.7,14011776.0
x250|d20|k5|s0|DON20|h0|L2,250,20.0,5.0,0,DON20,0,2.0,725,10,10.26,10.26,10.26,-26.75,-26.75,0.383,0.927,496,41.1,28.64,-10.33,5.698,13,22.9,8311725.0
x0|d0|k0|s0|ST_10_3|h0|L2,0,0.0,0.0,0,ST_10_3,0,2.0,10293,10,16.17,14.24,18.01,-38.53,-38.83,0.423,0.917,1279,43.5,24.8,-9.6,5.387,21,59.0,25908653.0
x0|d0|k0|s0|EMA50|h0|L2,0,0.0,0.0,0,EMA50,0,2.0,10293,10,19.28,18.08,20.06,-36.92,-37.21,0.522,1.033,1390,41.8,26.51,-8.6,6.099,16,64.1,45949782.0
x0|d0|k0|s1|ST_10_3|h0|L2,0,0.0,0.0,1,ST_10_3,0,2.0,123,10,6.06,6.06,6.06,-16.21,-16.21,0.374,1.312,123,32.5,31.47,-8.86,4.253,13,5.7,3585118.0
x0|d0|k0|s1|EMA50|h0|L2,0,0.0,0.0,1,EMA50,0,2.0,123,10,6.11,6.11,6.11,-11.42,-11.42,0.535,1.386,123,38.2,24.76,-8.71,4.078,10,5.7,3618092.0
x0|d0|k2|s0|ST_10_3|h0|L2,0,0.0,2.0,0,ST_10_3,0,2.0,9064,10,17.18,16.12,18.15,-37.71,-39.38,0.468,0.977,1243,43.6,26.42,-9.6,6.081,15,57.3,31171808.0
x0|d0|k2|s0|EMA50|h0|L2,0,0.0,2.0,0,EMA50,0,2.0,9064,10,18.36,17.24,19.05,-38.98,-41.25,0.472,0.992,1348,42.5,25.97,-8.73,6.051,20,62.2,38718778.0
x0|d0|k2|s1|ST_10_3|h0|L2,0,0.0,2.0,1,ST_10_3,0,2.0,98,10,6.08,6.08,6.08,-14.2,-14.2,0.428,1.415,98,36.7,30.95,-9.76,5.195,9,4.5,3600429.0
x0|d0|k2|s1|EMA50|h0|L2,0,0.0,2.0,1,EMA50,0,2.0,98,10,6.35,6.35,6.35,-8.72,-8.72,0.729,1.539,98,42.9,26.2,-9.37,5.876,7,4.5,3803347.0
x0|d0|k3|s0|ST_10_3|h0|L2,0,0.0,3.0,0,ST_10_3,0,2.0,7743,10,17.49,16.59,19.01,-32.98,-38.46,0.539,0.964,1158,45.0,27.35,-9.8,6.768,13,53.4,33024475.0
x0|d0|k3|s0|EMA50|h0|L2,0,0.0,3.0,0,EMA50,0,2.0,7743,10,18.66,17.15,19.58,-36.58,-38.9,0.504,1.026,1263,42.5,27.16,-8.97,6.506,20,58.2,40852386.0
x0|d0|k3|s1|ST_10_3|h0|L2,0,0.0,3.0,1,ST_10_3,0,2.0,79,10,6.08,6.08,6.08,-11.85,-11.85,0.513,1.563,79,40.5,29.61,-10.27,5.888,7,3.6,3595877.0
x0|d0|k3|s1|EMA50|h0|L2,0,0.0,3.0,1,EMA50,0,2.0,79,10,6.34,6.34,6.34,-9.08,-9.08,0.698,1.65,79,46.8,25.88,-10.08,6.765,5,3.6,3793096.0
x0|d0|k5|s0|ST_10_3|h0|L2,0,0.0,5.0,0,ST_10_3,0,2.0,5572,10,19.38,18.01,20.19,-33.49,-36.42,0.588,1.068,1047,45.3,30.03,-10.48,8.012,17,48.2,46566998.0
x0|d0|k5|s0|EMA50|h0|L2,0,0.0,5.0,0,EMA50,0,2.0,5572,10,16.77,15.41,17.51,-39.48,-39.99,0.431,0.961,1181,41.2,27.83,-9.62,5.804,19,54.5,28876057.0
x0|d0|k5|s1|ST_10_3|h0|L2,0,0.0,5.0,1,ST_10_3,0,2.0,50,10,6.15,6.15,6.15,-10.3,-10.3,0.597,1.787,50,40.0,38.84,-11.07,8.898,4,2.3,3648538.0
x0|d0|k5|s1|EMA50|h0|L2,0,0.0,5.0,1,EMA50,0,2.0,50,10,6.32,6.32,6.32,-9.89,-9.89,0.639,1.811,50,48.0,32.56,-11.1,9.855,3,2.3,3777857.0
x0|d10|k0|s0|ST_10_3|h0|L2,0,10.0,0.0,0,ST_10_3,0,2.0,7161,10,16.36,15.72,17.92,-38.8,-40.23,0.428,0.975,1239,43.1,25.78,-9.66,5.588,23,57.1,26712696.0
x0|d10|k0|s0|EMA50|h0|L2,0,10.0,0.0,0,EMA50,0,2.0,7161,10,18.8,18.12,19.43,-34.77,-36.23,0.546,1.051,1371,41.9,24.85,-8.4,5.54,16,63.2,41927278.0
x0|d10|k0|s1|ST_10_3|h0|L2,0,10.0,0.0,1,ST_10_3,0,2.0,123,10,6.06,6.06,6.06,-16.21,-16.21,0.374,1.312,123,32.5,31.47,-8.86,4.253,13,5.7,3585118.0
x0|d10|k0|s1|EMA50|h0|L2,0,10.0,0.0,1,EMA50,0,2.0,123,10,6.11,6.11,6.11,-11.42,-11.42,0.535,1.386,123,38.2,24.76,-8.71,4.078,10,5.7,3618092.0
x0|d10|k2|s0|ST_10_3|h0|L2,0,10.0,2.0,0,ST_10_3,0,2.0,5442,10,17.72,17.06,18.08,-37.42,-37.76,0.473,1.039,1138,43.8,27.97,-10.09,6.578,17,52.5,34390390.0
x0|d10|k2|s0|EMA50|h0|L2,0,10.0,2.0,0,EMA50,0,2.0,5442,10,17.14,16.01,17.65,-33.02,-33.82,0.52,0.989,1267,41.3,26.17,-9.09,5.526,14,58.5,30937213.0
x0|d10|k2|s1|ST_10_3|h0|L2,0,10.0,2.0,1,ST_10_3,0,2.0,98,10,6.08,6.08,6.08,-14.2,-14.2,0.428,1.415,98,36.7,30.95,-9.76,5.195,9,4.5,3600429.0
x0|d10|k2|s1|EMA50|h0|L2,0,10.0,2.0,1,EMA50,0,2.0,98,10,6.35,6.35,6.35,-8.72,-8.72,0.729,1.539,98,42.9,26.2,-9.37,5.876,7,4.5,3803347.0
x0|d10|k3|s0|ST_10_3|h0|L2,0,10.0,3.0,0,ST_10_3,0,2.0,4317,10,16.05,15.55,16.45,-38.35,-42.73,0.417,0.96,1068,43.7,27.65,-10.26,6.29,18,49.2,25212297.0
x0|d10|k3|s0|EMA50|h0|L2,0,10.0,3.0,0,EMA50,0,2.0,4317,10,19.43,18.6,20.02,-37.14,-37.47,0.527,1.082,1152,42.0,28.72,-9.12,6.734,18,53.1,46983176.0
x0|d10|k3|s1|ST_10_3|h0|L2,0,10.0,3.0,1,ST_10_3,0,2.0,79,10,6.08,6.08,6.08,-11.85,-11.85,0.513,1.563,79,40.5,29.61,-10.27,5.888,7,3.6,3595877.0
x0|d10|k3|s1|EMA50|h0|L2,0,10.0,3.0,1,EMA50,0,2.0,79,10,6.34,6.34,6.34,-9.08,-9.08,0.698,1.65,79,46.8,25.88,-10.08,6.765,5,3.6,3793096.0
x0|d10|k5|s0|ST_10_3|h0|L2,0,10.0,5.0,0,ST_10_3,0,2.0,2967,10,17.41,16.44,17.96,-31.96,-32.88,0.54,1.04,903,43.7,31.65,-10.96,7.694,16,41.7,32475820.0
x0|d10|k5|s0|EMA50|h0|L2,0,10.0,5.0,0,EMA50,0,2.0,2967,10,18.02,17.43,18.3,-33.82,-33.84,0.533,1.042,960,40.2,33.4,-9.95,7.512,16,44.3,36382176.0
x0|d10|k5|s1|ST_10_3|h0|L2,0,10.0,5.0,1,ST_10_3,0,2.0,50,10,6.15,6.15,6.15,-10.3,-10.3,0.597,1.787,50,40.0,38.84,-11.07,8.898,4,2.3,3648538.0
x0|d10|k5|s1|EMA50|h0|L2,0,10.0,5.0,1,EMA50,0,2.0,50,10,6.32,6.32,6.32,-9.89,-9.89,0.639,1.811,50,48.0,32.56,-11.1,9.855,3,2.3,3777857.0
x0|d20|k0|s0|ST_10_3|h0|L2,0,20.0,0.0,0,ST_10_3,0,2.0,4055,10,18.94,18.51,19.62,-32.45,-36.42,0.587,1.103,1056,42.3,30.71,-10.06,7.177,14,48.7,42997112.0
x0|d20|k0|s0|EMA50|h0|L2,0,20.0,0.0,0,EMA50,0,2.0,4055,10,20.58,20.2,21.08,-35.56,-39.32,0.573,1.127,1121,41.0,31.05,-9.34,7.229,17,51.7,57930212.0
x0|d20|k0|s1|ST_10_3|h0|L2,0,20.0,0.0,1,ST_10_3,0,2.0,123,10,6.06,6.06,6.06,-16.21,-16.21,0.374,1.312,123,32.5,31.47,-8.86,4.253,13,5.7,3585118.0
x0|d20|k0|s1|EMA50|h0|L2,0,20.0,0.0,1,EMA50,0,2.0,123,10,6.11,6.11,6.11,-11.42,-11.42,0.535,1.386,123,38.2,24.76,-8.71,4.078,10,5.7,3618092.0
x0|d20|k2|s0|ST_10_3|h0|L2,0,20.0,2.0,0,ST_10_3,0,2.0,3104,10,14.52,14.08,15.52,-32.21,-35.94,0.45,0.904,990,40.3,30.33,-10.7,5.858,12,45.7,18937165.0
x0|d20|k2|s0|EMA50|h0|L2,0,20.0,2.0,0,EMA50,0,2.0,3104,10,18.36,17.89,19.08,-38.58,-38.66,0.476,1.046,1013,39.8,32.52,-9.68,7.145,17,46.7,38690790.0
x0|d20|k2|s1|ST_10_3|h0|L2,0,20.0,2.0,1,ST_10_3,0,2.0,98,10,6.08,6.08,6.08,-14.2,-14.2,0.428,1.415,98,36.7,30.95,-9.76,5.195,9,4.5,3600429.0
x0|d20|k2|s1|EMA50|h0|L2,0,20.0,2.0,1,EMA50,0,2.0,98,10,6.35,6.35,6.35,-8.72,-8.72,0.729,1.539,98,42.9,26.2,-9.37,5.876,7,4.5,3803347.0
x0|d20|k3|s0|ST_10_3|h0|L2,0,20.0,3.0,0,ST_10_3,0,2.0,2478,10,14.66,14.2,15.31,-32.13,-34.81,0.45,0.912,896,40.8,31.01,-10.69,6.287,11,41.3,19406451.0
x0|d20|k3|s0|EMA50|h0|L2,0,20.0,3.0,0,EMA50,0,2.0,2478,10,16.3,15.72,16.59,-37.22,-39.72,0.438,0.968,919,38.6,33.21,-9.86,6.792,16,42.4,26404963.0
x0|d20|k3|s1|ST_10_3|h0|L2,0,20.0,3.0,1,ST_10_3,0,2.0,79,10,6.08,6.08,6.08,-11.85,-11.85,0.513,1.563,79,40.5,29.61,-10.27,5.888,7,3.6,3595877.0
x0|d20|k3|s1|EMA50|h0|L2,0,20.0,3.0,1,EMA50,0,2.0,79,10,6.34,6.34,6.34,-9.08,-9.08,0.698,1.65,79,46.8,25.88,-10.08,6.765,5,3.6,3793096.0
x0|d20|k5|s0|ST_10_3|h0|L2,0,20.0,5.0,0,ST_10_3,0,2.0,1728,10,13.95,13.55,14.19,-29.98,-32.13,0.47,0.931,747,41.2,32.86,-11.53,6.784,15,34.5,16977046.0
x0|d20|k5|s0|EMA50|h0|L2,0,20.0,5.0,0,EMA50,0,2.0,1728,10,16.38,16.15,16.5,-31.6,-31.6,0.518,1.029,752,40.5,35.78,-10.88,7.997,15,34.7,26858632.0
x0|d20|k5|s1|ST_10_3|h0|L2,0,20.0,5.0,1,ST_10_3,0,2.0,50,10,6.15,6.15,6.15,-10.3,-10.3,0.597,1.787,50,40.0,38.84,-11.07,8.898,4,2.3,3648538.0
x0|d20|k5|s1|EMA50|h0|L2,0,20.0,5.0,1,EMA50,0,2.0,50,10,6.32,6.32,6.32,-9.89,-9.89,0.639,1.811,50,48.0,32.56,-11.1,9.855,3,2.3,3777857.0
x20|d0|k0|s0|ST_10_3|h0|L2,20,0.0,0.0,0,ST_10_3,0,2.0,7359,10,17.59,17.34,18.8,-30.8,-32.49,0.576,1.014,1210,44.7,25.72,-9.1,6.425,16,55.8,33614608.0
x20|d0|k0|s0|EMA50|h0|L2,20,0.0,0.0,0,EMA50,0,2.0,7359,10,18.72,18.06,19.17,-36.25,-39.2,0.521,1.059,1368,42.8,24.56,-8.02,5.944,22,63.1,41318928.0
x20|d0|k0|s1|ST_10_3|h0|L2,20,0.0,0.0,1,ST_10_3,0,2.0,123,10,6.06,6.06,6.06,-16.21,-16.21,0.374,1.312,123,32.5,31.47,-8.86,4.253,13,5.7,3585118.0
x20|d0|k0|s1|EMA50|h0|L2,20,0.0,0.0,1,EMA50,0,2.0,123,10,6.11,6.11,6.11,-11.42,-11.42,0.535,1.386,123,38.2,24.76,-8.71,4.078,10,5.7,3618092.0
x20|d0|k2|s0|ST_10_3|h0|L2,20,0.0,2.0,0,ST_10_3,0,2.0,5618,10,16.05,15.44,17.37,-34.87,-35.8,0.459,0.963,1147,44.5,24.78,-9.42,5.791,14,52.9,25220712.0
x20|d0|k2|s0|EMA50|h0|L2,20,0.0,2.0,0,EMA50,0,2.0,5618,10,18.8,18.18,19.87,-32.67,-39.48,0.571,1.082,1270,42.8,25.69,-8.38,6.292,22,58.6,41895510.0
x20|d0|k2|s1|ST_10_3|h0|L2,20,0.0,2.0,1,ST_10_3,0,2.0,98,10,6.08,6.08,6.08,-14.2,-14.2,0.428,1.415,98,36.7,30.95,-9.76,5.195,9,4.5,3600429.0
x20|d0|k2|s1|EMA50|h0|L2,20,0.0,2.0,1,EMA50,0,2.0,98,10,6.35,6.35,6.35,-8.72,-8.72,0.729,1.539,98,42.9,26.2,-9.37,5.876,7,4.5,3803347.0
x20|d0|k3|s0|ST_10_3|h0|L2,20,0.0,3.0,0,ST_10_3,0,2.0,4482,10,17.48,16.9,18.35,-34.25,-35.43,0.522,0.996,1040,45.5,27.36,-9.62,7.139,15,48.0,32912629.0
x20|d0|k3|s0|EMA50|h0|L2,20,0.0,3.0,0,EMA50,0,2.0,4482,10,19.21,18.67,20.12,-35.56,-37.62,0.538,1.107,1173,43.2,26.49,-8.61,6.495,15,54.1,45221746.0
x20|d0|k3|s1|ST_10_3|h0|L2,20,0.0,3.0,1,ST_10_3,0,2.0,79,10,6.08,6.08,6.08,-11.85,-11.85,0.513,1.563,79,40.5,29.61,-10.27,5.888,7,3.6,3595877.0
x20|d0|k3|s1|EMA50|h0|L2,20,0.0,3.0,1,EMA50,0,2.0,79,10,6.34,6.34,6.34,-9.08,-9.08,0.698,1.65,79,46.8,25.88,-10.08,6.765,5,3.6,3793096.0
x20|d0|k5|s0|ST_10_3|h0|L2,20,0.0,5.0,0,ST_10_3,0,2.0,3061,10,18.21,17.9,18.94,-33.94,-36.81,0.543,1.111,908,44.3,30.74,-10.34,7.883,17,41.9,37696216.0
x20|d0|k5|s0|EMA50|h0|L2,20,0.0,5.0,0,EMA50,0,2.0,3061,10,19.36,18.98,19.64,-36.16,-36.23,0.535,1.145,975,41.8,32.08,-9.42,7.911,15,45.0,46387140.0
x20|d0|k5|s1|ST_10_3|h0|L2,20,0.0,5.0,1,ST_10_3,0,2.0,50,10,6.15,6.15,6.15,-10.3,-10.3,0.597,1.787,50,40.0,38.84,-11.07,8.898,4,2.3,3648538.0
x20|d0|k5|s1|EMA50|h0|L2,20,0.0,5.0,1,EMA50,0,2.0,50,10,6.32,6.32,6.32,-9.89,-9.89,0.639,1.811,50,48.0,32.56,-11.1,9.855,3,2.3,3777857.0
x20|d10|k0|s0|ST_10_3|h0|L2,20,10.0,0.0,0,ST_10_3,0,2.0,6587,10,16.74,15.89,17.39,-30.86,-31.88,0.54,1.015,1201,44.1,24.73,-9.16,5.783,13,55.4,28717434.0
x20|d10|k0|s0|EMA50|h0|L2,20,10.0,0.0,0,EMA50,0,2.0,6587,10,18.71,17.82,19.23,-31.48,-33.28,0.606,1.069,1328,42.9,23.92,-8.27,5.625,19,61.2,41316590.0
x20|d10|k0|s1|ST_10_3|h0|L2,20,10.0,0.0,1,ST_10_3,0,2.0,123,10,6.06,6.06,6.06,-16.21,-16.21,0.374,1.312,123,32.5,31.47,-8.86,4.253,13,5.7,3585118.0
x20|d10|k0|s1|EMA50|h0|L2,20,10.0,0.0,1,EMA50,0,2.0,123,10,6.11,6.11,6.11,-11.42,-11.42,0.535,1.386,123,38.2,24.76,-8.71,4.078,10,5.7,3618092.0
x20|d10|k2|s0|ST_10_3|h0|L2,20,10.0,2.0,0,ST_10_3,0,2.0,5014,10,16.65,15.77,17.19,-34.97,-34.97,0.476,1.002,1116,44.3,25.59,-9.52,6.016,14,51.5,28221071.0
x20|d10|k2|s0|EMA50|h0|L2,20,10.0,2.0,0,EMA50,0,2.0,5014,10,18.9,18.15,19.49,-32.26,-34.45,0.577,1.077,1222,42.4,26.5,-8.69,6.238,21,56.3,42692754.0
x20|d10|k2|s1|ST_10_3|h0|L2,20,10.0,2.0,1,ST_10_3,0,2.0,98,10,6.08,6.08,6.08,-14.2,-14.2,0.428,1.415,98,36.7,30.95,-9.76,5.195,9,4.5,3600429.0
x20|d10|k2|s1|EMA50|h0|L2,20,10.0,2.0,1,EMA50,0,2.0,98,10,6.35,6.35,6.35,-8.72,-8.72,0.729,1.539,98,42.9,26.2,-9.37,5.876,7,4.5,3803347.0
x20|d10|k3|s0|ST_10_3|h0|L2,20,10.0,3.0,0,ST_10_3,0,2.0,3991,10,16.69,15.4,17.2,-35.7,-36.1,0.467,1.01,1019,44.8,26.76,-10.01,6.53,18,47.0,28409267.0
x20|d10|k3|s0|EMA50|h0|L2,20,10.0,3.0,0,EMA50,0,2.0,3991,10,19.02,18.58,19.36,-36.82,-36.89,0.516,1.085,1121,41.8,28.51,-8.95,6.724,14,51.7,43616052.0
x20|d10|k3|s1|ST_10_3|h0|L2,20,10.0,3.0,1,ST_10_3,0,2.0,79,10,6.08,6.08,6.08,-11.85,-11.85,0.513,1.563,79,40.5,29.61,-10.27,5.888,7,3.6,3595877.0
x20|d10|k3|s1|EMA50|h0|L2,20,10.0,3.0,1,EMA50,0,2.0,79,10,6.34,6.34,6.34,-9.08,-9.08,0.698,1.65,79,46.8,25.88,-10.08,6.765,5,3.6,3793096.0
x20|d10|k5|s0|ST_10_3|h0|L2,20,10.0,5.0,0,ST_10_3,0,2.0,2740,10,16.55,16.32,16.99,-32.17,-34.77,0.52,1.04,876,44.0,30.26,-10.82,7.22,16,40.4,27715645.0
x20|d10|k5|s0|EMA50|h0|L2,20,10.0,5.0,0,EMA50,0,2.0,2740,10,18.27,18.14,18.63,-35.33,-35.39,0.518,1.083,931,39.9,34.3,-9.75,7.822,14,43.0,38057214.0
x20|d10|k5|s1|ST_10_3|h0|L2,20,10.0,5.0,1,ST_10_3,0,2.0,50,10,6.15,6.15,6.15,-10.3,-10.3,0.597,1.787,50,40.0,38.84,-11.07,8.898,4,2.3,3648538.0
x20|d10|k5|s1|EMA50|h0|L2,20,10.0,5.0,1,EMA50,0,2.0,50,10,6.32,6.32,6.32,-9.89,-9.89,0.639,1.811,50,48.0,32.56,-11.1,9.855,3,2.3,3777857.0
x20|d20|k0|s0|ST_10_3|h0|L2,20,20.0,0.0,0,ST_10_3,0,2.0,4017,10,18.75,17.95,19.45,-32.26,-32.69,0.581,1.102,1054,42.6,30.24,-9.97,7.054,16,48.6,41578212.0
x20|d20|k0|s0|EMA50|h0|L2,20,20.0,0.0,0,EMA50,0,2.0,4017,10,20.48,20.27,20.74,-36.19,-38.42,0.568,1.125,1112,41.5,30.62,-9.36,7.24,15,51.3,56848180.0
x20|d20|k0|s1|ST_10_3|h0|L2,20,20.0,0.0,1,ST_10_3,0,2.0,123,10,6.06,6.06,6.06,-16.21,-16.21,0.374,1.312,123,32.5,31.47,-8.86,4.253,13,5.7,3585118.0
x20|d20|k0|s1|EMA50|h0|L2,20,20.0,0.0,1,EMA50,0,2.0,123,10,6.11,6.11,6.11,-11.42,-11.42,0.535,1.386,123,38.2,24.76,-8.71,4.078,10,5.7,3618092.0
x20|d20|k2|s0|ST_10_3|h0|L2,20,20.0,2.0,0,ST_10_3,0,2.0,3084,10,14.46,13.93,14.88,-31.64,-37.26,0.46,0.904,991,40.4,29.89,-10.61,5.777,13,45.7,18696731.0
x20|d20|k2|s0|EMA50|h0|L2,20,20.0,2.0,0,EMA50,0,2.0,3084,10,18.76,17.99,19.25,-38.8,-38.86,0.483,1.071,1009,40.3,32.54,-9.72,7.295,17,46.5,41645652.0
x20|d20|k2|s1|ST_10_3|h0|L2,20,20.0,2.0,1,ST_10_3,0,2.0,98,10,6.08,6.08,6.08,-14.2,-14.2,0.428,1.415,98,36.7,30.95,-9.76,5.195,9,4.5,3600429.0
x20|d20|k2|s1|EMA50|h0|L2,20,20.0,2.0,1,EMA50,0,2.0,98,10,6.35,6.35,6.35,-8.72,-8.72,0.729,1.539,98,42.9,26.2,-9.37,5.876,7,4.5,3803347.0
x20|d20|k3|s0|ST_10_3|h0|L2,20,20.0,3.0,0,ST_10_3,0,2.0,2463,10,14.6,13.79,15.11,-34.64,-39.21,0.422,0.915,892,41.2,30.65,-10.65,6.283,12,41.2,19192625.0
x20|d20|k3|s0|EMA50|h0|L2,20,20.0,3.0,0,EMA50,0,2.0,2463,10,16.5,16.14,16.61,-37.42,-37.42,0.441,0.977,922,38.8,33.12,-9.9,6.809,15,42.5,27460383.0
x20|d20|k3|s1|ST_10_3|h0|L2,20,20.0,3.0,1,ST_10_3,0,2.0,79,10,6.08,6.08,6.08,-11.85,-11.85,0.513,1.563,79,40.5,29.61,-10.27,5.888,7,3.6,3595877.0
x20|d20|k3|s1|EMA50|h0|L2,20,20.0,3.0,1,EMA50,0,2.0,79,10,6.34,6.34,6.34,-9.08,-9.08,0.698,1.65,79,46.8,25.88,-10.08,6.765,5,3.6,3793096.0
x20|d20|k5|s0|ST_10_3|h0|L2,20,20.0,5.0,0,ST_10_3,0,2.0,1723,10,13.42,12.98,13.7,-29.93,-30.24,0.45,0.905,747,40.7,32.56,-11.57,6.446,15,34.5,15351658.0
x20|d20|k5|s0|EMA50|h0|L2,20,20.0,5.0,0,EMA50,0,2.0,1723,10,16.35,16.08,16.42,-31.6,-31.6,0.518,1.034,751,40.4,35.58,-10.77,7.946,14,34.6,26687222.0
x20|d20|k5|s1|ST_10_3|h0|L2,20,20.0,5.0,1,ST_10_3,0,2.0,50,10,6.15,6.15,6.15,-10.3,-10.3,0.597,1.787,50,40.0,38.84,-11.07,8.898,4,2.3,3648538.0
x20|d20|k5|s1|EMA50|h0|L2,20,20.0,5.0,1,EMA50,0,2.0,50,10,6.32,6.32,6.32,-9.89,-9.89,0.639,1.811,50,48.0,32.56,-11.1,9.855,3,2.3,3777857.0
x40|d0|k0|s0|ST_10_3|h0|L2,40,0.0,0.0,0,ST_10_3,0,2.0,5776,10,18.05,17.22,19.22,-32.16,-37.0,0.556,1.093,1152,44.1,26.2,-9.1,6.492,15,53.2,36592666.0
x40|d0|k0|s0|EMA50|h0|L2,40,0.0,0.0,0,EMA50,0,2.0,5776,10,20.23,19.38,20.8,-33.51,-36.61,0.609,1.117,1298,42.0,25.71,-8.05,6.135,21,59.9,54394560.0
x40|d0|k0|s1|ST_10_3|h0|L2,40,0.0,0.0,1,ST_10_3,0,2.0,123,10,6.06,6.06,6.06,-16.21,-16.21,0.374,1.312,123,32.5,31.47,-8.86,4.253,13,5.7,3585118.0
x40|d0|k0|s1|EMA50|h0|L2,40,0.0,0.0,1,EMA50,0,2.0,123,10,6.11,6.11,6.11,-11.42,-11.42,0.535,1.386,123,38.2,24.76,-8.71,4.078,10,5.7,3618092.0
x40|d0|k2|s0|ST_10_3|h0|L2,40,0.0,2.0,0,ST_10_3,0,2.0,4337,10,17.73,16.96,18.4,-29.81,-32.35,0.587,1.074,1058,43.8,27.51,-9.56,6.669,12,48.8,34531974.0
x40|d0|k2|s0|EMA50|h0|L2,40,0.0,2.0,0,EMA50,0,2.0,4337,10,20.12,19.68,20.52,-31.18,-35.66,0.651,1.164,1152,42.8,27.59,-8.58,6.898,18,53.2,53234180.0
x40|d0|k2|s1|ST_10_3|h0|L2,40,0.0,2.0,1,ST_10_3,0,2.0,98,10,6.08,6.08,6.08,-14.2,-14.2,0.428,1.415,98,36.7,30.95,-9.76,5.195,9,4.5,3600429.0
x40|d0|k2|s1|EMA50|h0|L2,40,0.0,2.0,1,EMA50,0,2.0,98,10,6.35,6.35,6.35,-8.72,-8.72,0.729,1.539,98,42.9,26.2,-9.37,5.876,7,4.5,3803347.0
x40|d0|k3|s0|ST_10_3|h0|L2,40,0.0,3.0,0,ST_10_3,0,2.0,3428,10,15.76,15.43,16.05,-35.34,-36.14,0.446,0.978,1001,42.8,28.12,-10.09,6.282,17,46.2,23911262.0
x40|d0|k3|s0|EMA50|h0|L2,40,0.0,3.0,0,EMA50,0,2.0,3428,10,18.19,18.03,18.69,-33.78,-34.07,0.542,1.08,1051,42.0,28.53,-9.0,6.729,18,48.5,37466896.0
x40|d0|k3|s1|ST_10_3|h0|L2,40,0.0,3.0,1,ST_10_3,0,2.0,79,10,6.08,6.08,6.08,-11.85,-11.85,0.513,1.563,79,40.5,29.61,-10.27,5.888,7,3.6,3595877.0
x40|d0|k3|s1|EMA50|h0|L2,40,0.0,3.0,1,EMA50,0,2.0,79,10,6.34,6.34,6.34,-9.08,-9.08,0.698,1.65,79,46.8,25.88,-10.08,6.765,5,3.6,3793096.0
x40|d0|k5|s0|ST_10_3|h0|L2,40,0.0,5.0,0,ST_10_3,0,2.0,2341,10,15.63,15.07,15.97,-35.73,-36.55,0.436,1.042,830,41.9,32.01,-10.65,7.216,15,38.3,23337539.0
x40|d0|k5|s0|EMA50|h0|L2,40,0.0,5.0,0,EMA50,0,2.0,2341,10,17.61,17.43,18.44,-29.62,-30.83,0.594,1.111,857,41.7,32.1,-9.74,7.701,18,39.5,33692088.0
x40|d0|k5|s1|ST_10_3|h0|L2,40,0.0,5.0,1,ST_10_3,0,2.0,50,10,6.15,6.15,6.15,-10.3,-10.3,0.597,1.787,50,40.0,38.84,-11.07,8.898,4,2.3,3648538.0
x40|d0|k5|s1|EMA50|h0|L2,40,0.0,5.0,1,EMA50,0,2.0,50,10,6.32,6.32,6.32,-9.89,-9.89,0.639,1.811,50,48.0,32.56,-11.1,9.855,3,2.3,3777857.0
x40|d10|k0|s0|ST_10_3|h0|L2,40,10.0,0.0,0,ST_10_3,0,2.0,5569,10,19.33,18.62,20.04,-29.09,-31.17,0.671,1.162,1133,44.8,26.9,-9.2,6.951,12,52.2,46151316.0
x40|d10|k0|s0|EMA50|h0|L2,40,10.0,0.0,0,EMA50,0,2.0,5569,10,20.54,19.1,21.25,-34.84,-35.72,0.595,1.161,1271,42.5,25.98,-8.18,6.378,21,58.7,57483132.0
x40|d10|k0|s1|ST_10_3|h0|L2,40,10.0,0.0,1,ST_10_3,0,2.0,123,10,6.06,6.06,6.06,-16.21,-16.21,0.374,1.312,123,32.5,31.47,-8.86,4.253,13,5.7,3585118.0
x40|d10|k0|s1|EMA50|h0|L2,40,10.0,0.0,1,EMA50,0,2.0,123,10,6.11,6.11,6.11,-11.42,-11.42,0.535,1.386,123,38.2,24.76,-8.71,4.078,10,5.7,3618092.0
x40|d10|k2|s0|ST_10_3|h0|L2,40,10.0,2.0,0,ST_10_3,0,2.0,4195,10,16.57,15.75,17.06,-30.01,-30.47,0.552,1.023,1068,43.4,26.6,-9.6,6.168,11,49.2,27806524.0
x40|d10|k2|s0|EMA50|h0|L2,40,10.0,2.0,0,EMA50,0,2.0,4195,10,20.19,19.54,20.75,-36.1,-36.23,0.558,1.158,1137,42.6,28.16,-8.8,7.015,16,52.4,53993576.0
x40|d10|k2|s1|ST_10_3|h0|L2,40,10.0,2.0,1,ST_10_3,0,2.0,98,10,6.08,6.08,6.08,-14.2,-14.2,0.428,1.415,98,36.7,30.95,-9.76,5.195,9,4.5,3600429.0
x40|d10|k2|s1|EMA50|h0|L2,40,10.0,2.0,1,EMA50,0,2.0,98,10,6.35,6.35,6.35,-8.72,-8.72,0.729,1.539,98,42.9,26.2,-9.37,5.876,7,4.5,3803347.0
x40|d10|k3|s0|ST_10_3|h0|L2,40,10.0,3.0,0,ST_10_3,0,2.0,3315,10,14.98,14.54,15.73,-35.58,-35.97,0.423,0.952,992,42.6,27.62,-10.06,5.887,15,45.8,20662582.0
x40|d10|k3|s0|EMA50|h0|L2,40,10.0,3.0,0,EMA50,0,2.0,3315,10,17.83,17.64,18.23,-33.68,-34.02,0.532,1.055,1041,41.6,28.77,-9.11,6.614,16,48.0,35075006.0
x40|d10|k3|s1|ST_10_3|h0|L2,40,10.0,3.0,1,ST_10_3,0,2.0,79,10,6.08,6.08,6.08,-11.85,-11.85,0.513,1.563,79,40.5,29.61,-10.27,5.888,7,3.6,3595877.0
x40|d10|k3|s1|EMA50|h0|L2,40,10.0,3.0,1,EMA50,0,2.0,79,10,6.34,6.34,6.34,-9.08,-9.08,0.698,1.65,79,46.8,25.88,-10.08,6.765,5,3.6,3793096.0
x40|d10|k5|s0|ST_10_3|h0|L2,40,10.0,5.0,0,ST_10_3,0,2.0,2281,10,14.21,13.75,14.86,-34.33,-36.07,0.409,0.95,836,42.0,30.19,-10.89,6.263,15,38.5,17839943.0
x40|d10|k5|s0|EMA50|h0|L2,40,10.0,5.0,0,EMA50,0,2.0,2281,10,18.45,18.38,18.91,-30.25,-30.33,0.611,1.132,855,41.1,33.93,-9.81,8.146,19,39.4,39304844.0
x40|d10|k5|s1|ST_10_3|h0|L2,40,10.0,5.0,1,ST_10_3,0,2.0,50,10,6.15,6.15,6.15,-10.3,-10.3,0.597,1.787,50,40.0,38.84,-11.07,8.898,4,2.3,3648538.0
x40|d10|k5|s1|EMA50|h0|L2,40,10.0,5.0,1,EMA50,0,2.0,50,10,6.32,6.32,6.32,-9.89,-9.89,0.639,1.811,50,48.0,32.56,-11.1,9.855,3,2.3,3777857.0
x40|d20|k0|s0|ST_10_3|h0|L2,40,20.0,0.0,0,ST_10_3,0,2.0,3881,10,19.68,18.8,19.93,-29.05,-30.61,0.673,1.167,1038,43.2,29.78,-9.7,7.464,16,47.8,49207070.0
x40|d20|k0|s0|EMA50|h0|L2,40,20.0,0.0,0,EMA50,0,2.0,3881,10,20.41,19.78,20.71,-35.91,-36.91,0.563,1.145,1086,42.5,29.56,-9.18,7.271,18,50.1,56120712.0
x40|d20|k0|s1|ST_10_3|h0|L2,40,20.0,0.0,1,ST_10_3,0,2.0,123,10,6.06,6.06,6.06,-16.21,-16.21,0.374,1.312,123,32.5,31.47,-8.86,4.253,13,5.7,3585118.0
x40|d20|k0|s1|EMA50|h0|L2,40,20.0,0.0,1,EMA50,0,2.0,123,10,6.11,6.11,6.11,-11.42,-11.42,0.535,1.386,123,38.2,24.76,-8.71,4.078,10,5.7,3618092.0
x40|d20|k2|s0|ST_10_3|h0|L2,40,20.0,2.0,0,ST_10_3,0,2.0,2977,10,15.25,14.54,16.2,-29.87,-32.89,0.518,0.942,972,40.7,30.42,-10.3,6.122,12,44.8,21746631.0
x40|d20|k2|s0|EMA50|h0|L2,40,20.0,2.0,0,EMA50,0,2.0,2977,10,17.92,17.6,18.41,-38.0,-38.0,0.472,1.041,994,40.2,32.02,-9.69,7.075,20,45.8,35726320.0
x40|d20|k2|s1|ST_10_3|h0|L2,40,20.0,2.0,1,ST_10_3,0,2.0,98,10,6.08,6.08,6.08,-14.2,-14.2,0.428,1.415,98,36.7,30.95,-9.76,5.195,9,4.5,3600429.0
x40|d20|k2|s1|EMA50|h0|L2,40,20.0,2.0,1,EMA50,0,2.0,98,10,6.35,6.35,6.35,-8.72,-8.72,0.729,1.539,98,42.9,26.2,-9.37,5.876,7,4.5,3803347.0
x40|d20|k3|s0|ST_10_3|h0|L2,40,20.0,3.0,0,ST_10_3,0,2.0,2375,10,14.91,14.25,15.62,-30.11,-33.42,0.504,0.939,876,40.9,30.68,-10.35,6.466,12,40.4,20357898.0
x40|d20|k3|s0|EMA50|h0|L2,40,20.0,3.0,0,EMA50,0,2.0,2375,10,16.43,15.95,16.75,-36.06,-36.06,0.456,0.984,901,39.2,32.76,-9.81,6.875,18,41.5,27087632.0
x40|d20|k3|s1|ST_10_3|h0|L2,40,20.0,3.0,1,ST_10_3,0,2.0,79,10,6.08,6.08,6.08,-11.85,-11.85,0.513,1.563,79,40.5,29.61,-10.27,5.888,7,3.6,3595877.0
x40|d20|k3|s1|EMA50|h0|L2,40,20.0,3.0,1,EMA50,0,2.0,79,10,6.34,6.34,6.34,-9.08,-9.08,0.698,1.65,79,46.8,25.88,-10.08,6.765,5,3.6,3793096.0
x40|d20|k5|s0|ST_10_3|h0|L2,40,20.0,5.0,0,ST_10_3,0,2.0,1668,10,13.0,12.74,13.56,-28.44,-29.46,0.456,0.895,726,40.1,32.95,-11.5,6.352,15,33.5,14167584.0
x40|d20|k5|s0|EMA50|h0|L2,40,20.0,5.0,0,EMA50,0,2.0,1668,10,15.93,15.68,16.09,-30.95,-30.95,0.514,1.025,735,40.5,35.08,-10.73,7.832,15,33.9,24676263.0
x40|d20|k5|s1|ST_10_3|h0|L2,40,20.0,5.0,1,ST_10_3,0,2.0,50,10,6.15,6.15,6.15,-10.3,-10.3,0.597,1.787,50,40.0,38.84,-11.07,8.898,4,2.3,3648538.0
x40|d20|k5|s1|EMA50|h0|L2,40,20.0,5.0,1,EMA50,0,2.0,50,10,6.32,6.32,6.32,-9.89,-9.89,0.639,1.811,50,48.0,32.56,-11.1,9.855,3,2.3,3777857.0
x60|d0|k0|s0|ST_10_3|h0|L2,60,0.0,0.0,0,ST_10_3,0,2.0,4651,10,18.5,17.87,19.33,-27.93,-32.46,0.663,1.139,1111,44.3,25.97,-8.78,6.612,13,51.2,39705336.0
x60|d0|k0|s0|EMA50|h0|L2,60,0.0,0.0,0,EMA50,0,2.0,4651,10,19.49,19.26,19.78,-31.39,-34.55,0.625,1.126,1209,42.8,25.88,-8.27,6.279,19,55.7,47529634.0
x60|d0|k0|s1|ST_10_3|h0|L2,60,0.0,0.0,1,ST_10_3,0,2.0,123,10,6.06,6.06,6.06,-16.21,-16.21,0.374,1.312,123,32.5,31.47,-8.86,4.253,13,5.7,3585118.0
x60|d0|k0|s1|EMA50|h0|L2,60,0.0,0.0,1,EMA50,0,2.0,123,10,6.11,6.11,6.11,-11.42,-11.42,0.535,1.386,123,38.2,24.76,-8.71,4.078,10,5.7,3618092.0
x60|d0|k2|s0|ST_10_3|h0|L2,60,0.0,2.0,0,ST_10_3,0,2.0,3483,10,14.11,13.28,15.25,-30.19,-31.01,0.465,0.912,1049,42.0,26.03,-9.71,5.309,12,48.4,17520798.0
x60|d0|k2|s0|EMA50|h0|L2,60,0.0,2.0,0,EMA50,0,2.0,3483,10,19.39,18.98,19.98,-31.61,-31.92,0.616,1.14,1069,42.8,28.73,-8.87,7.17,21,49.3,46736910.0
x60|d0|k2|s1|ST_10_3|h0|L2,60,0.0,2.0,1,ST_10_3,0,2.0,98,10,6.08,6.08,6.08,-14.2,-14.2,0.428,1.415,98,36.7,30.95,-9.76,5.195,9,4.5,3600429.0
x60|d0|k2|s1|EMA50|h0|L2,60,0.0,2.0,1,EMA50,0,2.0,98,10,6.35,6.35,6.35,-8.72,-8.72,0.729,1.539,98,42.9,26.2,-9.37,5.876,7,4.5,3803347.0
x60|d0|k3|s0|ST_10_3|h0|L2,60,0.0,3.0,0,ST_10_3,0,2.0,2744,10,14.65,14.07,15.14,-32.61,-33.67,0.446,0.934,959,42.6,26.8,-9.84,5.773,17,44.2,19391279.0
x60|d0|k3|s0|EMA50|h0|L2,60,0.0,3.0,0,EMA50,0,2.0,2744,10,16.45,16.22,16.54,-32.61,-32.61,0.506,0.996,988,41.2,28.6,-9.23,6.366,18,45.6,27161745.0
x60|d0|k3|s1|ST_10_3|h0|L2,60,0.0,3.0,1,ST_10_3,0,2.0,79,10,6.08,6.08,6.08,-11.85,-11.85,0.513,1.563,79,40.5,29.61,-10.27,5.888,7,3.6,3595877.0
x60|d0|k3|s1|EMA50|h0|L2,60,0.0,3.0,1,EMA50,0,2.0,79,10,6.34,6.34,6.34,-9.08,-9.08,0.698,1.65,79,46.8,25.88,-10.08,6.765,5,3.6,3793096.0
x60|d0|k5|s0|ST_10_3|h0|L2,60,0.0,5.0,0,ST_10_3,0,2.0,1897,10,12.89,12.43,13.15,-33.05,-35.06,0.39,0.895,794,41.0,30.17,-10.98,5.896,13,36.7,13865918.0
x60|d0|k5|s0|EMA50|h0|L2,60,0.0,5.0,0,EMA50,0,2.0,1897,10,16.73,16.39,16.86,-30.86,-30.86,0.542,1.065,806,40.2,34.26,-10.04,7.747,14,37.2,28661565.0
x60|d0|k5|s1|ST_10_3|h0|L2,60,0.0,5.0,1,ST_10_3,0,2.0,50,10,6.15,6.15,6.15,-10.3,-10.3,0.597,1.787,50,40.0,38.84,-11.07,8.898,4,2.3,3648538.0
x60|d0|k5|s1|EMA50|h0|L2,60,0.0,5.0,1,EMA50,0,2.0,50,10,6.32,6.32,6.32,-9.89,-9.89,0.639,1.811,50,48.0,32.56,-11.1,9.855,3,2.3,3777857.0
x60|d10|k0|s0|ST_10_3|h0|L2,60,10.0,0.0,0,ST_10_3,0,2.0,4580,10,17.99,17.04,19.21,-29.14,-29.59,0.625,1.115,1097,44.2,26.05,-8.95,6.538,13,50.6,36167586.0
x60|d10|k0|s0|EMA50|h0|L2,60,10.0,0.0,0,EMA50,0,2.0,4580,10,19.51,18.63,20.23,-31.5,-34.8,0.624,1.118,1196,42.7,26.24,-8.47,6.35,21,55.1,47717478.0
x60|d10|k0|s1|ST_10_3|h0|L2,60,10.0,0.0,1,ST_10_3,0,2.0,123,10,6.06,6.06,6.06,-16.21,-16.21,0.374,1.312,123,32.5,31.47,-8.86,4.253,13,5.7,3585118.0
x60|d10|k0|s1|EMA50|h0|L2,60,10.0,0.0,1,EMA50,0,2.0,123,10,6.11,6.11,6.11,-11.42,-11.42,0.535,1.386,123,38.2,24.76,-8.71,4.078,10,5.7,3618092.0
x60|d10|k2|s0|ST_10_3|h0|L2,60,10.0,2.0,0,ST_10_3,0,2.0,3439,10,14.71,13.91,15.4,-29.55,-30.6,0.504,0.941,1040,42.5,26.26,-9.78,5.531,12,48.0,19638067.0
x60|d10|k2|s0|EMA50|h0|L2,60,10.0,2.0,0,EMA50,0,2.0,3439,10,19.1,18.73,19.16,-31.25,-31.6,0.611,1.119,1063,43.0,28.58,-9.06,7.092,20,49.0,44279610.0
x60|d10|k2|s1|ST_10_3|h0|L2,60,10.0,2.0,1,ST_10_3,0,2.0,98,10,6.08,6.08,6.08,-14.2,-14.2,0.428,1.415,98,36.7,30.95,-9.76,5.195,9,4.5,3600429.0
x60|d10|k2|s1|EMA50|h0|L2,60,10.0,2.0,1,EMA50,0,2.0,98,10,6.35,6.35,6.35,-8.72,-8.72,0.729,1.539,98,42.9,26.2,-9.37,5.876,7,4.5,3803347.0
x60|d10|k3|s0|ST_10_3|h0|L2,60,10.0,3.0,0,ST_10_3,0,2.0,2716,10,14.56,14.22,15.21,-32.86,-34.19,0.442,0.929,955,42.7,26.9,-9.92,5.814,17,44.0,19060683.0
x60|d10|k3|s0|EMA50|h0|L2,60,10.0,3.0,0,EMA50,0,2.0,2716,10,16.36,16.11,16.88,-32.93,-33.62,0.495,0.99,982,41.3,28.56,-9.32,6.352,18,45.3,26702778.0
x60|d10|k3|s1|ST_10_3|h0|L2,60,10.0,3.0,1,ST_10_3,0,2.0,79,10,6.08,6.08,6.08,-11.85,-11.85,0.513,1.563,79,40.5,29.61,-10.27,5.888,7,3.6,3595877.0
x60|d10|k3|s1|EMA50|h0|L2,60,10.0,3.0,1,EMA50,0,2.0,79,10,6.34,6.34,6.34,-9.08,-9.08,0.698,1.65,79,46.8,25.88,-10.08,6.765,5,3.6,3793096.0
x60|d10|k5|s0|ST_10_3|h0|L2,60,10.0,5.0,0,ST_10_3,0,2.0,1882,10,12.93,12.82,13.2,-33.8,-35.65,0.383,0.9,791,41.5,29.92,-11.05,5.938,13,36.5,13964090.0
x60|d10|k5|s0|EMA50|h0|L2,60,10.0,5.0,0,EMA50,0,2.0,1882,10,16.73,16.2,16.87,-31.27,-31.29,0.535,1.062,802,40.5,34.01,-10.08,7.766,13,37.0,28627707.0
x60|d10|k5|s1|ST_10_3|h0|L2,60,10.0,5.0,1,ST_10_3,0,2.0,50,10,6.15,6.15,6.15,-10.3,-10.3,0.597,1.787,50,40.0,38.84,-11.07,8.898,4,2.3,3648538.0
x60|d10|k5|s1|EMA50|h0|L2,60,10.0,5.0,1,EMA50,0,2.0,50,10,6.32,6.32,6.32,-9.89,-9.89,0.639,1.811,50,48.0,32.56,-11.1,9.855,3,2.3,3777857.0
x60|d20|k0|s0|ST_10_3|h0|L2,60,20.0,0.0,0,ST_10_3,0,2.0,3619,10,18.5,17.75,19.63,-30.81,-31.65,0.603,1.123,1016,43.5,28.9,-9.59,7.213,15,46.8,39714110.0
x60|d20|k0|s0|EMA50|h0|L2,60,20.0,0.0,0,EMA50,0,2.0,3619,10,17.99,17.14,19.35,-35.2,-36.95,0.51,1.052,1076,41.2,28.69,-9.12,6.497,18,49.7,36179904.0
x60|d20|k0|s1|ST_10_3|h0|L2,60,20.0,0.0,1,ST_10_3,0,2.0,123,10,6.06,6.06,6.06,-16.21,-16.21,0.374,1.312,123,32.5,31.47,-8.86,4.253,13,5.7,3585118.0
x60|d20|k0|s1|EMA50|h0|L2,60,20.0,0.0,1,EMA50,0,2.0,123,10,6.11,6.11,6.11,-11.42,-11.42,0.535,1.386,123,38.2,24.76,-8.71,4.078,10,5.7,3618092.0
x60|d20|k2|s0|ST_10_3|h0|L2,60,20.0,2.0,0,ST_10_3,0,2.0,2772,10,15.32,14.51,15.87,-29.82,-31.9,0.52,0.959,952,41.7,29.18,-10.27,6.207,12,43.9,21996863.0
x60|d20|k2|s0|EMA50|h0|L2,60,20.0,2.0,0,EMA50,0,2.0,2772,10,18.31,17.93,18.82,-35.95,-36.02,0.51,1.062,957,41.0,31.83,-9.52,7.427,21,44.2,38356666.0
x60|d20|k2|s1|ST_10_3|h0|L2,60,20.0,2.0,1,ST_10_3,0,2.0,98,10,6.08,6.08,6.08,-14.2,-14.2,0.428,1.415,98,36.7,30.95,-9.76,5.195,9,4.5,3600429.0
x60|d20|k2|s1|EMA50|h0|L2,60,20.0,2.0,1,EMA50,0,2.0,98,10,6.35,6.35,6.35,-8.72,-8.72,0.729,1.539,98,42.9,26.2,-9.37,5.876,7,4.5,3803347.0
x60|d20|k3|s0|ST_10_3|h0|L2,60,20.0,3.0,0,ST_10_3,0,2.0,2209,10,15.06,14.84,15.63,-31.82,-32.4,0.477,0.954,849,42.2,29.67,-10.34,6.533,12,39.1,20966460.0
x60|d20|k3|s0|EMA50|h0|L2,60,20.0,3.0,0,EMA50,0,2.0,2209,10,16.87,16.58,17.35,-31.89,-31.89,0.529,1.01,871,40.0,32.87,-9.88,7.206,17,40.2,29364835.0
x60|d20|k3|s1|ST_10_3|h0|L2,60,20.0,3.0,1,ST_10_3,0,2.0,79,10,6.08,6.08,6.08,-11.85,-11.85,0.513,1.563,79,40.5,29.61,-10.27,5.888,7,3.6,3595877.0
x60|d20|k3|s1|EMA50|h0|L2,60,20.0,3.0,1,EMA50,0,2.0,79,10,6.34,6.34,6.34,-9.08,-9.08,0.698,1.65,79,46.8,25.88,-10.08,6.765,5,3.6,3793096.0
x60|d20|k5|s0|ST_10_3|h0|L2,60,20.0,5.0,0,ST_10_3,0,2.0,1555,10,13.44,13.27,13.6,-29.17,-29.42,0.46,0.933,698,41.0,33.21,-11.46,6.83,13,32.2,15408820.0
x60|d20|k5|s0|EMA50|h0|L2,60,20.0,5.0,0,EMA50,0,2.0,1555,10,15.91,15.65,16.11,-29.34,-29.34,0.542,1.031,715,40.3,35.4,-10.49,7.992,14,33.0,24625339.0
x60|d20|k5|s1|ST_10_3|h0|L2,60,20.0,5.0,1,ST_10_3,0,2.0,50,10,6.15,6.15,6.15,-10.3,-10.3,0.597,1.787,50,40.0,38.84,-11.07,8.898,4,2.3,3648538.0
x60|d20|k5|s1|EMA50|h0|L2,60,20.0,5.0,1,EMA50,0,2.0,50,10,6.32,6.32,6.32,-9.89,-9.89,0.639,1.811,50,48.0,32.56,-11.1,9.855,3,2.3,3777857.0
x120|d0|k0|s0|ST_10_3|h0|L2,120,0.0,0.0,0,ST_10_3,0,2.0,3000,10,16.32,16.11,16.87,-24.42,-27.28,0.671,1.05,965,45.5,25.11,-9.23,6.387,14,44.5,26570500.0
x120|d0|k0|s0|EMA50|h0|L2,120,0.0,0.0,0,EMA50,0,2.0,3000,10,18.34,17.74,18.86,-36.33,-38.04,0.503,1.105,1009,43.2,27.2,-8.69,6.828,19,46.5,38587954.0
x120|d0|k0|s1|ST_10_3|h0|L2,120,0.0,0.0,1,ST_10_3,0,2.0,89,10,6.5,6.5,6.5,-13.62,-13.62,0.477,1.592,89,36.0,34.67,-8.2,7.216,12,4.1,3918444.0
x120|d0|k0|s1|EMA50|h0|L2,120,0.0,0.0,1,EMA50,0,2.0,89,10,6.38,6.38,6.38,-11.27,-11.27,0.566,1.601,89,41.6,27.16,-8.43,6.366,9,4.1,3827682.0
x120|d0|k2|s0|ST_10_3|h0|L2,120,0.0,2.0,0,ST_10_3,0,2.0,2252,10,15.72,15.37,16.43,-29.59,-30.4,0.531,1.034,885,42.6,28.81,-9.8,6.652,17,40.8,23740021.0
x120|d0|k2|s0|EMA50|h0|L2,120,0.0,2.0,0,EMA50,0,2.0,2252,10,17.19,16.85,17.6,-27.12,-28.27,0.633,1.078,878,42.5,29.28,-9.13,7.251,19,40.5,31186223.0
x120|d0|k2|s1|ST_10_3|h0|L2,120,0.0,2.0,1,ST_10_3,0,2.0,69,10,6.46,6.46,6.46,-11.41,-11.41,0.566,1.709,69,40.6,34.46,-8.7,8.813,7,3.2,3887273.0
x120|d0|k2|s1|EMA50|h0|L2,120,0.0,2.0,1,EMA50,0,2.0,69,10,6.53,6.53,6.53,-8.53,-8.53,0.765,1.756,69,46.4,29.42,-9.09,8.77,4,3.2,3941694.0
x120|d0|k3|s0|ST_10_3|h0|L2,120,0.0,3.0,0,ST_10_3,0,2.0,1773,10,14.68,14.42,14.86,-27.5,-28.95,0.534,1.012,789,42.7,28.76,-9.84,6.644,14,36.4,19507973.0
x120|d0|k3|s0|EMA50|h0|L2,120,0.0,3.0,0,EMA50,0,2.0,1773,10,15.26,15.11,15.54,-27.03,-28.55,0.561,1.0,802,41.7,29.82,-9.57,6.859,14,37.0,21764411.0
x120|d0|k3|s1|ST_10_3|h0|L2,120,0.0,3.0,1,ST_10_3,0,2.0,56,10,6.57,6.57,6.57,-9.99,-9.99,0.658,1.854,56,48.2,32.99,-8.92,11.286,5,2.6,3979098.0
x120|d0|k3|s1|EMA50|h0|L2,120,0.0,3.0,1,EMA50,0,2.0,56,10,6.62,6.62,6.62,-8.39,-8.39,0.789,1.845,56,53.6,29.13,-9.72,11.096,3,2.6,4017053.0
x120|d0|k5|s0|ST_10_3|h0|L2,120,0.0,5.0,0,ST_10_3,0,2.0,1235,10,12.79,12.7,12.91,-24.79,-25.69,0.513,0.964,647,42.3,30.77,-10.9,6.737,9,29.8,13602632.0
x120|d0|k5|s0|EMA50|h0|L2,120,0.0,5.0,0,EMA50,0,2.0,1235,10,14.38,14.36,14.42,-24.23,-24.56,0.594,1.022,654,41.5,32.6,-10.18,7.554,12,30.2,18446836.0
x120|d0|k5|s1|ST_10_3|h0|L2,120,0.0,5.0,1,ST_10_3,0,2.0,35,10,6.48,6.48,6.48,-9.58,-9.58,0.677,2.019,35,45.7,46.79,-10.03,15.943,3,1.6,3904047.0
x120|d0|k5|s1|EMA50|h0|L2,120,0.0,5.0,1,EMA50,0,2.0,35,10,6.57,6.57,6.57,-9.22,-9.22,0.713,1.945,35,54.3,39.36,-10.82,16.421,3,1.6,3978370.0
x120|d10|k0|s0|ST_10_3|h0|L2,120,10.0,0.0,0,ST_10_3,0,2.0,2995,10,16.37,16.13,17.02,-24.42,-27.29,0.674,1.051,965,45.5,24.99,-9.2,6.386,14,44.5,26790459.0
x120|d10|k0|s0|EMA50|h0|L2,120,10.0,0.0,0,EMA50,0,2.0,2995,10,18.32,17.61,18.84,-36.52,-38.04,0.5,1.103,1009,43.2,27.2,-8.7,6.822,19,46.5,38437898.0
x120|d10|k0|s1|ST_10_3|h0|L2,120,10.0,0.0,1,ST_10_3,0,2.0,89,10,6.5,6.5,6.5,-13.62,-13.62,0.477,1.592,89,36.0,34.67,-8.2,7.216,12,4.1,3918444.0
x120|d10|k0|s1|EMA50|h0|L2,120,10.0,0.0,1,EMA50,0,2.0,89,10,6.38,6.38,6.38,-11.27,-11.27,0.566,1.601,89,41.6,27.16,-8.43,6.366,9,4.1,3827682.0
x120|d10|k2|s0|ST_10_3|h0|L2,120,10.0,2.0,0,ST_10_3,0,2.0,2248,10,15.99,15.18,16.57,-30.27,-30.4,0.534,1.05,882,43.0,28.83,-9.81,6.788,17,40.7,24952382.0
x120|d10|k2|s0|EMA50|h0|L2,120,10.0,2.0,0,EMA50,0,2.0,2248,10,17.3,16.97,17.69,-27.07,-28.28,0.637,1.085,874,42.6,29.3,-9.11,7.328,19,40.3,31854023.0
x120|d10|k2|s1|ST_10_3|h0|L2,120,10.0,2.0,1,ST_10_3,0,2.0,69,10,6.46,6.46,6.46,-11.41,-11.41,0.566,1.709,69,40.6,34.46,-8.7,8.813,7,3.2,3887273.0
x120|d10|k2|s1|EMA50|h0|L2,120,10.0,2.0,1,EMA50,0,2.0,69,10,6.53,6.53,6.53,-8.53,-8.53,0.765,1.756,69,46.4,29.42,-9.09,8.77,4,3.2,3941694.0
x120|d10|k3|s0|ST_10_3|h0|L2,120,10.0,3.0,0,ST_10_3,0,2.0,1770,10,14.7,14.43,14.88,-27.5,-28.94,0.534,1.012,787,42.8,28.76,-9.88,6.663,14,36.3,19547474.0
x120|d10|k3|s0|EMA50|h0|L2,120,10.0,3.0,0,EMA50,0,2.0,1770,10,15.29,15.15,15.57,-27.02,-28.55,0.563,1.002,800,41.7,29.93,-9.61,6.892,14,36.8,21890012.0
x120|d10|k3|s1|ST_10_3|h0|L2,120,10.0,3.0,1,ST_10_3,0,2.0,56,10,6.57,6.57,6.57,-9.99,-9.99,0.658,1.854,56,48.2,32.99,-8.92,11.286,5,2.6,3979098.0
x120|d10|k3|s1|EMA50|h0|L2,120,10.0,3.0,1,EMA50,0,2.0,56,10,6.62,6.62,6.62,-8.39,-8.39,0.789,1.845,56,53.6,29.13,-9.72,11.096,3,2.6,4017053.0
x120|d10|k5|s0|ST_10_3|h0|L2,120,10.0,5.0,0,ST_10_3,0,2.0,1235,10,12.79,12.7,12.91,-24.79,-25.69,0.513,0.964,647,42.3,30.77,-10.9,6.737,9,29.8,13602632.0
x120|d10|k5|s0|EMA50|h0|L2,120,10.0,5.0,0,EMA50,0,2.0,1235,10,14.38,14.36,14.42,-24.23,-24.56,0.594,1.022,654,41.5,32.6,-10.18,7.554,12,30.2,18446836.0
x120|d10|k5|s1|ST_10_3|h0|L2,120,10.0,5.0,1,ST_10_3,0,2.0,35,10,6.48,6.48,6.48,-9.58,-9.58,0.677,2.019,35,45.7,46.79,-10.03,15.943,3,1.6,3904047.0
x120|d10|k5|s1|EMA50|h0|L2,120,10.0,5.0,1,EMA50,0,2.0,35,10,6.57,6.57,6.57,-9.22,-9.22,0.713,1.945,35,54.3,39.36,-10.82,16.421,3,1.6,3978370.0
x120|d20|k0|s0|ST_10_3|h0|L2,120,20.0,0.0,0,ST_10_3,0,2.0,2781,10,17.02,16.66,17.5,-27.17,-27.5,0.629,1.084,946,44.6,26.52,-9.29,6.717,21,43.6,30240442.0
x120|d20|k0|s0|EMA50|h0|L2,120,20.0,0.0,0,EMA50,0,2.0,2781,10,18.48,18.02,19.03,-31.88,-32.94,0.582,1.111,960,42.7,28.67,-8.84,7.177,24,44.3,39531028.0
x120|d20|k0|s1|ST_10_3|h0|L2,120,20.0,0.0,1,ST_10_3,0,2.0,89,10,6.5,6.5,6.5,-13.62,-13.62,0.477,1.592,89,36.0,34.67,-8.2,7.216,12,4.1,3918444.0
x120|d20|k0|s1|EMA50|h0|L2,120,20.0,0.0,1,EMA50,0,2.0,89,10,6.38,6.38,6.38,-11.27,-11.27,0.566,1.601,89,41.6,27.16,-8.43,6.366,9,4.1,3827682.0
x120|d20|k2|s0|ST_10_3|h0|L2,120,20.0,2.0,0,ST_10_3,0,2.0,2102,10,17.09,16.52,17.28,-28.07,-28.09,0.611,1.105,831,42.7,31.22,-10.02,7.594,21,38.3,30591442.0
x120|d20|k2|s0|EMA50|h0|L2,120,20.0,2.0,0,EMA50,0,2.0,2102,10,17.32,17.13,17.54,-28.07,-28.07,0.619,1.085,829,41.7,31.44,-9.24,7.703,17,38.2,31976040.0
x120|d20|k2|s1|ST_10_3|h0|L2,120,20.0,2.0,1,ST_10_3,0,2.0,69,10,6.46,6.46,6.46,-11.41,-11.41,0.566,1.709,69,40.6,34.46,-8.7,8.813,7,3.2,3887273.0
x120|d20|k2|s1|EMA50|h0|L2,120,20.0,2.0,1,EMA50,0,2.0,69,10,6.53,6.53,6.53,-8.53,-8.53,0.765,1.756,69,46.4,29.42,-9.09,8.77,4,3.2,3941694.0
x120|d20|k3|s0|ST_10_3|h0|L2,120,20.0,3.0,0,ST_10_3,0,2.0,1668,10,15.24,15.07,15.43,-25.01,-25.83,0.609,1.038,743,42.6,30.45,-10.02,7.203,17,34.3,21682464.0
x120|d20|k3|s0|EMA50|h0|L2,120,20.0,3.0,0,EMA50,0,2.0,1668,10,15.62,15.4,15.74,-28.33,-31.05,0.552,1.026,752,41.1,31.86,-9.65,7.411,12,34.7,23274720.0
x120|d20|k3|s1|ST_10_3|h0|L2,120,20.0,3.0,1,ST_10_3,0,2.0,56,10,6.57,6.57,6.57,-9.99,-9.99,0.658,1.854,56,48.2,32.99,-8.92,11.286,5,2.6,3979098.0
x120|d20|k3|s1|EMA50|h0|L2,120,20.0,3.0,1,EMA50,0,2.0,56,10,6.62,6.62,6.62,-8.39,-8.39,0.789,1.845,56,53.6,29.13,-9.72,11.096,3,2.6,4017053.0
x120|d20|k5|s0|ST_10_3|h0|L2,120,20.0,5.0,0,ST_10_3,0,2.0,1169,10,12.86,12.83,12.95,-25.93,-25.93,0.496,0.972,616,41.7,32.28,-11.08,7.01,12,28.4,13773097.0
x120|d20|k5|s0|EMA50|h0|L2,120,20.0,5.0,0,EMA50,0,2.0,1169,10,13.94,13.94,14.04,-25.04,-25.04,0.557,1.011,617,41.5,32.9,-10.33,7.611,16,28.5,16962366.0
x120|d20|k5|s1|ST_10_3|h0|L2,120,20.0,5.0,1,ST_10_3,0,2.0,35,10,6.48,6.48,6.48,-9.58,-9.58,0.677,2.019,35,45.7,46.79,-10.03,15.943,3,1.6,3904047.0
x120|d20|k5|s1|EMA50|h0|L2,120,20.0,5.0,1,EMA50,0,2.0,35,10,6.57,6.57,6.57,-9.22,-9.22,0.713,1.945,35,54.3,39.36,-10.82,16.421,3,1.6,3978370.0
x250|d0|k0|s0|ST_10_3|h0|L2,250,0.0,0.0,0,ST_10_3,0,2.0,1806,10,16.63,16.38,16.79,-33.62,-35.61,0.495,1.139,770,44.2,29.67,-9.59,7.802,12,35.5,28098941.0
x250|d0|k0|s0|EMA50|h0|L2,250,0.0,0.0,0,EMA50,0,2.0,1806,10,16.6,16.31,16.74,-36.79,-36.79,0.451,1.082,780,42.5,30.22,-9.1,7.585,14,36.0,27936770.0
x250|d0|k0|s1|ST_10_3|h0|L2,250,0.0,0.0,1,ST_10_3,0,2.0,21,10,6.04,6.04,6.04,-4.04,-4.04,1.492,3.089,21,52.4,37.5,-9.89,14.936,4,1.0,3565248.0
x250|d0|k0|s1|EMA50|h0|L2,250,0.0,0.0,1,EMA50,0,2.0,21,10,5.92,5.92,5.92,-2.21,-2.21,2.674,3.212,21,42.9,41.48,-9.28,12.471,4,1.0,3480426.0
x250|d0|k2|s0|ST_10_3|h0|L2,250,0.0,2.0,0,ST_10_3,0,2.0,1357,10,15.3,15.23,15.33,-30.69,-30.69,0.499,1.089,668,43.5,31.42,-10.04,8.012,11,30.8,21951291.0
x250|d0|k2|s0|EMA50|h0|L2,250,0.0,2.0,0,EMA50,0,2.0,1357,10,15.04,14.84,15.15,-29.87,-29.87,0.504,1.02,669,42.5,31.33,-9.68,7.799,15,30.9,20857889.0
x250|d0|k3|s0|ST_10_3|h0|L2,250,0.0,3.0,0,ST_10_3,0,2.0,1062,10,14.39,14.29,14.39,-28.62,-28.62,0.503,1.087,577,43.3,32.67,-10.32,8.309,10,26.6,18478900.0
x250|d0|k3|s0|EMA50|h0|L2,250,0.0,3.0,0,EMA50,0,2.0,1062,10,13.68,13.68,13.82,-28.78,-28.78,0.475,1.008,571,42.9,31.09,-9.64,7.835,13,26.3,16138676.0
x250|d0|k5|s0|ST_10_3|h0|L2,250,0.0,5.0,0,ST_10_3,0,2.0,728,10,12.43,12.43,12.43,-25.28,-25.28,0.492,1.08,454,43.4,34.02,-11.22,8.409,11,20.9,12684951.0
x250|d0|k5|s0|EMA50|h0|L2,250,0.0,5.0,0,EMA50,0,2.0,728,10,12.68,12.68,12.68,-24.5,-24.5,0.517,1.033,453,42.2,34.92,-10.65,8.566,13,20.9,13312512.0
x250|d10|k0|s0|ST_10_3|h0|L2,250,10.0,0.0,0,ST_10_3,0,2.0,1806,10,16.63,16.38,16.79,-33.62,-35.61,0.495,1.139,770,44.2,29.67,-9.59,7.802,12,35.5,28098941.0
x250|d10|k0|s0|EMA50|h0|L2,250,10.0,0.0,0,EMA50,0,2.0,1806,10,16.6,16.31,16.74,-36.79,-36.79,0.451,1.082,780,42.5,30.22,-9.1,7.585,14,36.0,27936770.0
x250|d10|k0|s1|ST_10_3|h0|L2,250,10.0,0.0,1,ST_10_3,0,2.0,21,10,6.04,6.04,6.04,-4.04,-4.04,1.492,3.089,21,52.4,37.5,-9.89,14.936,4,1.0,3565248.0
x250|d10|k0|s1|EMA50|h0|L2,250,10.0,0.0,1,EMA50,0,2.0,21,10,5.92,5.92,5.92,-2.21,-2.21,2.674,3.212,21,42.9,41.48,-9.28,12.471,4,1.0,3480426.0
x250|d10|k2|s0|ST_10_3|h0|L2,250,10.0,2.0,0,ST_10_3,0,2.0,1357,10,15.3,15.23,15.33,-30.69,-30.69,0.499,1.089,668,43.5,31.42,-10.04,8.012,11,30.8,21951291.0
x250|d10|k2|s0|EMA50|h0|L2,250,10.0,2.0,0,EMA50,0,2.0,1357,10,15.04,14.84,15.15,-29.87,-29.87,0.504,1.02,669,42.5,31.33,-9.68,7.799,15,30.9,20857889.0
x250|d10|k3|s0|ST_10_3|h0|L2,250,10.0,3.0,0,ST_10_3,0,2.0,1062,10,14.39,14.29,14.39,-28.62,-28.62,0.503,1.087,577,43.3,32.67,-10.32,8.309,10,26.6,18478900.0
x250|d10|k3|s0|EMA50|h0|L2,250,10.0,3.0,0,EMA50,0,2.0,1062,10,13.68,13.68,13.82,-28.78,-28.78,0.475,1.008,571,42.9,31.09,-9.64,7.835,13,26.3,16138676.0
x250|d10|k5|s0|ST_10_3|h0|L2,250,10.0,5.0,0,ST_10_3,0,2.0,728,10,12.43,12.43,12.43,-25.28,-25.28,0.492,1.08,454,43.4,34.02,-11.22,8.409,11,20.9,12684951.0
x250|d10|k5|s0|EMA50|h0|L2,250,10.0,5.0,0,EMA50,0,2.0,728,10,12.68,12.68,12.68,-24.5,-24.5,0.517,1.033,453,42.2,34.92,-10.65,8.566,13,20.9,13312512.0
x250|d20|k0|s0|ST_10_3|h0|L2,250,20.0,0.0,0,ST_10_3,0,2.0,1796,10,16.42,16.23,16.7,-36.86,-37.32,0.445,1.125,772,43.7,30.02,-9.57,7.707,12,35.6,27041060.0
x250|d20|k0|s0|EMA50|h0|L2,250,20.0,0.0,0,EMA50,0,2.0,1796,10,16.69,16.43,16.7,-36.88,-36.88,0.453,1.087,773,42.1,30.67,-9.07,7.681,14,35.7,28450724.0
x250|d20|k0|s1|ST_10_3|h0|L2,250,20.0,0.0,1,ST_10_3,0,2.0,21,10,6.04,6.04,6.04,-4.04,-4.04,1.492,3.089,21,52.4,37.5,-9.89,14.936,4,1.0,3565248.0
x250|d20|k0|s1|EMA50|h0|L2,250,20.0,0.0,1,EMA50,0,2.0,21,10,5.92,5.92,5.92,-2.21,-2.21,2.674,3.212,21,42.9,41.48,-9.28,12.471,4,1.0,3480426.0
x250|d20|k2|s0|ST_10_3|h0|L2,250,20.0,2.0,0,ST_10_3,0,2.0,1351,10,15.77,15.67,15.77,-30.69,-30.69,0.514,1.111,670,43.6,31.84,-10.06,8.2,11,30.9,23937048.0
x250|d20|k2|s0|EMA50|h0|L2,250,20.0,2.0,0,EMA50,0,2.0,1351,10,14.89,14.76,14.91,-29.87,-29.87,0.498,1.011,670,42.5,31.39,-9.75,7.722,15,30.9,20291054.0
x250|d20|k3|s0|ST_10_3|h0|L2,250,20.0,3.0,0,ST_10_3,0,2.0,1058,10,14.27,14.25,14.33,-28.62,-28.62,0.498,1.086,574,43.7,32.16,-10.35,8.245,10,26.5,18037331.0
x250|d20|k3|s0|EMA50|h0|L2,250,20.0,3.0,0,EMA50,0,2.0,1058,10,13.79,13.79,13.9,-28.78,-28.78,0.479,1.015,570,43.0,31.14,-9.62,7.9,13,26.3,16472272.0
x250|d20|k5|s0|ST_10_3|h0|L2,250,20.0,5.0,0,ST_10_3,0,2.0,725,10,12.36,12.36,12.36,-25.28,-25.28,0.489,1.076,453,43.3,34.06,-11.22,8.372,11,20.9,12534091.0
x250|d20|k5|s0|EMA50|h0|L2,250,20.0,5.0,0,EMA50,0,2.0,725,10,12.61,12.61,12.61,-24.5,-24.5,0.515,1.028,452,42.0,34.95,-10.65,8.518,13,20.8,13135539.0
