date,0
2006-04-03,1.0002499312242776
2006-04-04,1.0004999249141722
2006-04-05,1.0007499810852956
2006-04-07,1.001000099753264
2006-04-10,1.0012502809336974
2006-04-12,1.0015005246422195
2006-04-13,1.001750830894458
2006-04-17,1.0020011997060447
2006-04-18,1.0022516310926148
2006-04-19,1.002502125069808
2006-04-20,1.0027526816532677
2006-04-21,1.003003300858641
2006-04-24,1.0032539827015792
2006-04-25,1.003504727197737
2006-04-26,1.003755534362774
2006-04-27,1.0040064042123527
2006-04-28,1.0042573367621401
2006-04-29,1.004319986715552
2006-05-02,1.0055696690526124
2006-05-03,1.006304379450303
2006-05-04,1.0119834023355374
2006-05-05,1.0145723191516764
2006-05-08,1.0215905216513745
2006-05-09,1.0217074195568254
2006-05-10,1.0238844797487041
2006-05-11,1.016791111949211
2006-05-12,1.011654901097335
2006-05-15,1.006312734514799
2006-05-16,1.0092625549340017
2006-05-17,1.0146845591734952
2006-05-18,1.0049133269288657
2006-05-19,1.0017089221013247
2006-05-22,1.0019592804385953
2006-05-23,1.0022097013482316
2006-05-24,1.0024601848458725
2006-05-25,1.0027107309471606
2006-05-26,1.0029613396677426
2006-05-29,1.003212011023269
2006-05-30,1.003462745029394
2006-05-31,1.0037135417017762
2006-06-01,1.0039644010560778
2006-06-02,1.004215323107965
2006-06-05,1.0044663078731075
2006-06-06,1.00471735536718
2006-06-07,1.00496846560586
2006-06-08,1.0052196386048293
2006-06-09,1.0054708743797738
2006-06-12,1.005722172946383
2006-06-13,1.0059735343203506
2006-06-14,1.0062249585173741
2006-06-15,1.0064764455531552
2006-06-16,1.006727995443399
2006-06-19,1.0069796082038147
2006-06-20,1.0072312838501156
2006-06-21,1.0074830223980191
2006-06-22,1.007734823863246
2006-06-23,1.0079866882615214
2006-06-25,1.008238615608574
2006-06-26,1.008490605920137
2006-06-27,1.0087426592119473
2006-06-28,1.0089947754997453
2006-06-29,1.0092469547992757
2006-06-30,1.0094991971262872
2006-07-03,1.0097515024965322
2006-07-04,1.0100038709257673
2006-07-05,1.0102563024297528
2006-07-06,1.0105087970242532
2006-07-07,1.010761354725037
2006-07-10,1.011013975547876
2006-07-11,1.0112666595085464
2006-07-12,1.0115194066228286
2006-07-13,1.0117722169065064
2006-07-14,1.012025090375368
2006-07-17,1.0122780270452052
2006-07-18,1.012531026931814
2006-07-19,1.0127840900509941
2006-07-20,1.0130372164185495
2006-07-21,1.0132904060502879
2006-07-24,1.0135436589620208
2006-07-25,1.0137969751695641
2006-07-26,1.0140503546887372
2006-07-27,1.0143037975353637
2006-07-28,1.014557303725271
2006-07-31,1.0148108732742909
2006-08-01,1.0150645061982586
2006-08-02,1.0153182025130134
2006-08-03,1.0155719622343988
2006-08-04,1.0158257853782622
2006-08-07,1.0160796719604546
2006-08-08,1.0163336219968313
2006-08-09,1.0165876355032515
2006-08-10,1.0168417124955784
2006-08-11,1.017095852989679
2006-08-14,1.0173500570014244
2006-08-16,1.0176043245466897
2006-08-17,1.0178586556413538
2006-08-18,1.0181130503012998
2006-08-21,1.0183675085424146
2006-08-22,1.0186220303805893
2006-08-23,1.0188766158317184
2006-08-24,1.019131264911701
2006-08-25,1.01938597763644
2006-08-28,1.0196407540218422
2006-08-29,1.0198955940838181
2006-08-30,1.020150497838283
2006-08-31,1.0188771495767899
2006-09-01,1.0394774165375948
2006-09-04,1.0517547531152933
2006-09-05,1.0482310771760717
2006-09-06,1.0609462158561493
2006-09-07,1.0587761060333072
2006-09-08,1.0696427525848997
2006-09-11,1.027872150858109
2006-09-12,1.0321777564731258
2006-09-13,1.0433688326783142
2006-09-14,1.0483498876139132
2006-09-15,1.0571823373306088
2006-09-18,1.0701193094359016
2006-09-19,1.0623208606812413
2006-09-20,1.0700135749466215
2006-09-21,1.0767542688877878
2006-09-22,1.082136392834923
2006-09-25,1.08278390011309
2006-09-26,1.10317953881191
2006-09-27,1.102713347922319
2006-09-28,1.0954412660529775
2006-09-29,1.1022638726901748
2006-10-03,1.11153038132085
2006-10-04,1.0932668286550484
2006-10-05,1.113247797767514
2006-10-06,1.106229884198064
2006-10-09,1.0947802215135884
2006-10-10,1.0905730737038992
2006-10-11,1.078249617180513
2006-10-12,1.087805025276296
2006-10-13,1.097043944413076
2006-10-16,1.0917022017814415
2006-10-17,1.0891000819900465
2006-10-18,1.0823704773981497
2006-10-19,1.0860857949325835
2006-10-20,1.0997937962941338
2006-10-21,1.0996020194182003
2006-10-23,1.0960102304112496
2006-10-26,1.0954023619043953
2006-10-27,1.105936871680126
2006-10-30,1.1047254880723347
2006-10-31,1.0929866865628568
2006-11-01,1.101612814665348
2006-11-02,1.112437615193436
2006-11-03,1.11017722871751
2006-11-06,1.1270061741908386
2006-11-07,1.1173446645285752
2006-11-08,1.0963464054516887
2006-11-09,1.1019107559772245
2006-11-10,1.1135682459977856
2006-11-13,1.1430966499712736
2006-11-14,1.1634983712906033
2006-11-15,1.1739164655023828
2006-11-16,1.186740258195222
2006-11-17,1.1683917272981081
2006-11-20,1.1749170461883187
2006-11-21,1.1940994425674978
2006-11-22,1.211311307510886
2006-11-23,1.208890295855325
2006-11-24,1.2033470476879935
2006-11-27,1.205849261257967
2006-11-28,1.1941740443648041
2006-11-29,1.189807991169862
2006-11-30,1.1822799446896226
2006-12-01,1.1993481467825227
2006-12-04,1.2073832139257963
2006-12-05,1.195332481743944
2006-12-06,1.1784154673260276
2006-12-07,1.1760368857479149
2006-12-08,1.1641018197686694
2006-12-11,1.1506262532003997
2006-12-12,1.1189090826263253
2006-12-13,1.1239481534635805
2006-12-14,1.1367088839950041
2006-12-15,1.1418384946574662
2006-12-18,1.1532378264183205
2006-12-19,1.13543330866467
2006-12-20,1.1214878942493778
2006-12-21,1.1170105142244044
2006-12-22,1.1228765597949886
2006-12-26,1.1228096065713844
2006-12-27,1.130524478798489
2006-12-28,1.1235340128144078
2006-12-29,1.123466074182394
2007-01-02,1.137303502070502
2007-01-03,1.1594143165470356
2007-01-04,1.1536826071234774
2007-01-05,1.1488923821784416
2007-01-08,1.137975996945318
2007-01-09,1.1249368287066697
2007-01-10,1.1045417223024314
2007-01-11,1.1272614567318668
2007-01-12,1.1288581260788355
2007-01-15,1.1439263963416826
2007-01-16,1.1442621532605828
2007-01-17,1.141113579610668
2007-01-18,1.1304974247602546
2007-01-19,1.1386265287352344
2007-01-22,1.1415903005172938
2007-01-23,1.1230398207609482
2007-01-24,1.1170336894701833
2007-01-25,1.1210145778760783
2007-01-29,1.116292298556442
2007-01-31,1.118437409441055
2007-02-01,1.1270253708954467
2007-02-02,1.1214178173982388
2007-02-05,1.1699627857138621
2007-02-06,1.1980839644097245
2007-02-07,1.2009903108633058
2007-02-08,1.1885092763970748
2007-02-09,1.1451520760169611
2007-02-12,1.0848065306101753
2007-02-13,1.0832514424204027
2007-02-14,1.1051360788425737
2007-02-15,1.1216899968701113
2007-02-19,1.110907321754561
2007-02-20,1.1154645708332718
2007-02-21,1.134969559771633
2007-02-22,1.1403067665111655
2007-02-23,1.1233468773908426
2007-02-26,1.135478998105951
2007-02-27,1.1391618133453216
2007-02-28,1.100527616859968
2007-03-01,1.1175443197606698
2007-03-02,1.0995741170541449
2007-03-05,1.0998489349594043
2007-03-06,1.1001238215502391
2007-03-07,1.1003987768438162
2007-03-08,1.1006738008573063
2007-03-09,1.1009488936078848
2007-03-12,1.1012240551127315
2007-03-13,1.1014992853890297
2007-03-14,1.101774584453968
2007-03-15,1.1020499523247385
2007-03-16,1.102325389018538
2007-03-19,1.1026008945525678
2007-03-20,1.102876468944033
2007-03-21,1.103152112210143
2007-03-22,1.1034278243681122
2007-03-23,1.1037036054351586
2007-03-26,1.1039794554285045
2007-03-28,1.1042553743653771
2007-03-29,1.1045313622630075
2007-03-30,1.104807419138631
2007-04-02,1.089547501150608
2007-04-03,1.0898198130914791
2007-04-04,1.0900921930916072
2007-04-05,1.0903646411680021
2007-04-09,1.0906371573376783
2007-04-10,1.0909097416176543
2007-04-11,1.0911823940249532
2007-04-12,1.091455114576602
2007-04-13,1.0917279032896323
2007-04-16,1.0920007601810795
2007-04-17,1.0922736852679837
2007-04-18,1.092546678567389
2007-04-19,1.0928197400963438
2007-04-20,1.0930928698719007
2007-04-23,1.093366067911117
2007-04-24,1.0936393342310538
2007-04-25,1.0939126688487764
2007-04-26,1.0941860717813545
2007-04-27,1.0944595430458623
2007-04-30,1.0930934424956342
2007-05-03,1.0914797374066747
2007-05-04,1.0877789090468852
2007-05-07,1.0744823709031401
2007-05-08,1.0673089784301188
2007-05-09,1.0853418709413891
2007-05-10,1.0762497801674102
2007-05-11,1.0855587465669616
2007-05-14,1.103481360576919
2007-05-15,1.1037237515319576
2007-05-16,1.120514960561991
2007-05-17,1.1377069210654758
2007-05-18,1.1396002569367374
2007-05-21,1.141502280142786
2007-05-22,1.1362256551954883
2007-05-23,1.122472835548637
2007-05-24,1.1187903179081415
2007-05-25,1.1137392230255023
2007-05-28,1.1345920293043334
2007-05-29,1.1446309774394503
2007-05-30,1.1246280353490867
2007-05-31,1.1278416247123817
2007-06-01,1.134245183972344
2007-06-04,1.1165503910116878
2007-06-05,1.1158467408977943
2007-06-06,1.1062080084038715
2007-06-07,1.1039832598621797
2007-06-08,1.1008395731043261
2007-06-11,1.1108930742180185
2007-06-12,1.1148191715988642
2007-06-13,1.1186529173458934
2007-06-14,1.1201422234151512
2007-06-15,1.1258322826617202
2007-06-18,1.1315096491642542
2007-06-19,1.1358759631130257
2007-06-20,1.1459824992632797
2007-06-21,1.138287249457694
2007-06-22,1.1389804155947507
2007-06-25,1.1362202744438052
2007-06-26,1.1415716228494592
2007-06-27,1.1407126660516411
2007-06-28,1.1346174125229098
2007-06-29,1.1341733228569855
2007-07-02,1.1791729534785353
2007-07-03,1.183707302404952
2007-07-04,1.1717743481485428
2007-07-05,1.1612653888354152
2007-07-06,1.1589699444970105
2007-07-09,1.178792045278419
2007-07-10,1.172909025209466
2007-07-11,1.1977595440840538
2007-07-12,1.2160482541258135
2007-07-13,1.2131091254735342
2007-07-16,1.2196940317394094
2007-07-17,1.213080613356686
2007-07-18,1.2157298303007957
2007-07-19,1.2187789013493975
2007-07-20,1.2050026254968365
2007-07-23,1.199363645921673
2007-07-24,1.2025714838464499
2007-07-25,1.1931775842206087
2007-07-26,1.2010238572549585
2007-07-27,1.1711442156179626
2007-07-30,1.174452230125676
2007-07-31,1.1750522486473518
2007-08-01,1.0913848747536505
2007-08-02,1.1052516773493357
2007-08-03,1.1165944942604509
2007-08-06,1.1203626734256287
2007-08-07,1.1275106068650143
2007-08-08,1.1290214728392045
2007-08-09,1.1209648860538597
2007-08-10,1.1284104371886845
2007-08-13,1.1289444263233182
2007-08-14,1.1274750716868807
2007-08-16,1.1102446272841093
2007-08-17,1.108800575416592
2007-08-20,1.1090776993018856
2007-08-21,1.1093548924490912
2007-08-22,1.1096321548755195
2007-08-23,1.1099094865984853
2007-08-24,1.1101868876353083
2007-08-27,1.110464358003312
2007-08-28,1.1107418977198245
2007-08-29,1.111019506802178
2007-08-30,1.1112971852677094
2007-08-31,1.109910068031712
2007-09-03,1.151445370637351
2007-09-04,1.144895675457421
2007-09-05,1.1339646142490243
2007-09-06,1.1469223571923788
2007-09-07,1.1544876355420062
2007-09-10,1.18706877843468
2007-09-11,1.195881440614063
2007-09-12,1.2147952191793578
2007-09-13,1.2651077467834344
2007-09-14,1.2773753912809824
2007-09-17,1.2994361954049682
2007-09-18,1.3286993617679954
2007-09-19,1.3467930025647137
2007-09-20,1.3657800037381855
2007-09-21,1.3792585740805916
2007-09-24,1.4181661951704891
2007-09-25,1.4188522662573853
2007-09-26,1.409972295955534
2007-09-27,1.400721028393885
2007-09-28,1.459665055470197
2007-10-01,1.5037999523279009
2007-10-03,1.5213878992805598
2007-10-04,1.5492131628161459
2007-10-05,1.5538160444287032
2007-10-08,1.4948325767333337
2007-10-09,1.5709634617193953
2007-10-10,1.6050168792126682
2007-10-11,1.6382721192871312
2007-10-12,1.6184800557304286
2007-10-15,1.6759725943049122
2007-10-16,1.6753896637720778
2007-10-17,1.6105012724952987
2007-10-18,1.5234632878169683
2007-10-19,1.449585059803667
2007-10-22,1.482160923924548
2007-10-23,1.5628148518479115
2007-10-24,1.575508710348691
2007-10-25,1.6136421878635077
2007-10-26,1.6949666489294537
2007-10-29,1.729365107841506
2007-10-30,1.7214129757155447
2007-10-31,1.809680944019063
2007-11-01,1.8150359702260437
2007-11-02,1.8236217593495234
2007-11-05,1.8190616247687879
2007-11-06,1.7890330884633743
2007-11-07,1.7445575193152592
2007-11-08,1.6963514611233863
2007-11-09,1.679212853572197
2007-11-12,1.6677065942865519
2007-11-13,1.723362389197053
2007-11-14,1.7683708016051158
2007-11-15,1.7583609925063042
2007-11-16,1.7341081679221126
2007-11-19,1.7492398999377057
2007-11-20,1.7528729522713675
2007-11-21,1.672333174821381
2007-11-22,1.6527341854666204
2007-11-23,1.6803215023374152
2007-11-26,1.69717619472635
2007-11-27,1.706965539493958
2007-11-28,1.67472407259122
2007-11-29,1.6720139236757863
2007-11-30,1.6888693579918552
2007-12-03,1.7581588733812412
2007-12-04,1.7841486897387309
2007-12-05,1.8160308376404102
2007-12-06,1.7947794325635267
2007-12-07,1.774718559321097
2007-12-10,1.788997589146595
2007-12-11,1.824091154742247
2007-12-12,1.8611692900933987
2007-12-13,1.8874568976120676
2007-12-14,1.8712576611001528
2007-12-17,1.7837158404705291
2007-12-18,1.7630513191493218
2007-12-19,1.7824743598392185
2007-12-20,1.7575541885092112
2007-12-24,1.7892941372510587
2007-12-26,1.8417201930751141
2007-12-27,1.8682639360942601
2007-12-28,1.9282914358315764
2007-12-31,1.9901381112246357
2008-01-01,2.0278767897605277
2008-01-02,2.0603203680829245
2008-01-03,2.0631797507541867
2008-01-04,2.0667350465200522
2008-01-07,2.0964395202428943
2008-01-08,2.0803944347937975
2008-01-09,2.057094856932787
2008-01-10,1.9687968443558521
2008-01-11,1.9459794829521682
2008-01-14,1.9825026687948628
2008-01-15,1.9589615162377072
2008-01-16,1.9117689218151273
2008-01-17,1.9454033796675119
2008-01-18,1.8014580470746622
2008-01-21,1.7580415779937948
2008-01-22,1.7584809674777138
2008-01-23,1.7589204667787843
2008-01-24,1.7593600759244534
2008-01-25,1.7597997949421744
2008-01-28,1.7602396238594078
2008-01-29,1.760679562703621
2008-01-30,1.761119611502288
2008-01-31,1.7615597702828902
2008-02-01,1.7620000390729154
2008-02-04,1.762440417899858
2008-02-05,1.7628809067912201
2008-02-06,1.7633215057745102
2008-02-07,1.7637622148772434
2008-02-08,1.7642030341269423
2008-02-11,1.764643963551136
2008-02-12,1.7650850031773604
2008-02-13,1.7655261530331585
2008-02-14,1.7659674131460803
2008-02-15,1.7664087835436824
2008-02-18,1.7668502642535282
2008-02-19,1.7672918553031884
2008-02-20,1.7677335567202404
2008-02-21,1.768175368532268
2008-02-22,1.768617290766863
2008-02-25,1.769059323451623
2008-02-26,1.769501466614153
2008-02-27,1.769943720282065
2008-02-28,1.7703860844829775
2008-02-29,1.7708285592445165
2008-03-03,1.7712711445943143
2008-03-04,1.7717138405600104
2008-03-05,1.7721566471692511
2008-03-07,1.77259956444969
2008-03-10,1.7730425924289868
2008-03-11,1.773485731134809
2008-03-12,1.7739289805948304
2008-03-13,1.774372340836732
2008-03-14,1.7748158118882018
2008-03-17,1.7752593937769343
2008-03-18,1.7757030865306314
2008-03-19,1.7761468901770014
2008-03-24,1.7765908047437602
2008-03-25,1.77703483025863
2008-03-26,1.7774789667493407
2008-03-27,1.777923214243628
2008-03-28,1.7783675727692356
2008-03-31,1.7788120423539135
2008-04-01,1.645872543190075
2008-04-02,1.6462838981297994
2008-04-03,1.6466953558799675
2008-04-04,1.6471069164662748
2008-04-07,1.6475185799144234
2008-04-08,1.6479303462501216
2008-04-09,1.648342215499084
2008-04-10,1.6487541876870322
2008-04-11,1.6491662628396937
2008-04-15,1.6495784409828025
2008-04-16,1.6499907221420993
2008-04-17,1.650403106343331
2008-04-21,1.650815593612251
2008-04-22,1.6512281839746192
2008-04-23,1.6516408774562017
2008-04-24,1.6520536740827714
2008-04-25,1.6524665738801072
2008-04-28,1.652879576873995
2008-04-29,1.6532926830902266
2008-04-30,1.6537058925546007
2008-05-02,1.654119205292922
2008-05-05,1.6545326213310019
2008-05-06,1.6549461406946584
2008-05-07,1.6553597634097157
2008-05-08,1.6557734895020046
2008-05-09,1.6561873189973624
2008-05-12,1.6566012519216324
2008-05-13,1.657015288300665
2008-05-14,1.6574294281603168
2008-05-15,1.6578436715264506
2008-05-16,1.6582580184249363
2008-05-20,1.6586724688816494
2008-05-21,1.6590870229224726
2008-05-22,1.6595016805732947
2008-05-23,1.6599164418600112
2008-05-26,1.660331306808524
2008-05-27,1.660746275444741
2008-05-28,1.6611613477945775
2008-05-29,1.6615765238839544
2008-05-30,1.6619918037387997
2008-06-02,1.6624071873850477
2008-06-03,1.6628226748486388
2008-06-04,1.6632382661555203
2008-06-05,1.663653961331646
2008-06-06,1.664069760402976
2008-06-09,1.6644856633954768
2008-06-10,1.6649016703351218
2008-06-11,1.6653177812478905
2008-06-12,1.665733996159769
2008-06-13,1.66615031509675
2008-06-16,1.6665667380848328
2008-06-17,1.6669832651500227
2008-06-18,1.667399896318332
2008-06-19,1.6678166316157794
2008-06-20,1.6682334710683897
2008-06-23,1.6686504147021948
2008-06-24,1.6690674625432327
2008-06-25,1.6694846146175482
2008-06-26,1.6699018709511921
2008-06-27,1.6703192315702224
2008-06-30,1.6707366965007033
2008-07-01,1.6711542657687053
2008-07-02,1.6715719394003057
2008-07-03,1.671989717421588
2008-07-04,1.672407599858643
2008-07-07,1.6728255867375668
2008-07-08,1.673243678084463
2008-07-09,1.6736618739254414
2008-07-10,1.6740801742866185
2008-07-11,1.674498579194117
2008-07-14,1.674917088674066
2008-07-15,1.675335702752602
2008-07-16,1.6757544214558668
2008-07-17,1.67617324481001
2008-07-18,1.6765921728411868
2008-07-21,1.6770112055755593
2008-07-22,1.677430343039296
2008-07-23,1.6778495852585724
2008-07-24,1.6782689322595699
2008-07-25,1.6786883840684765
2008-07-28,1.6791079407114875
2008-07-29,1.6795276022148038
2008-07-30,1.6799473686046333
2008-07-31,1.6803672399071907
2008-08-01,1.6807872161486967
2008-08-04,1.6812072973553789
2008-08-05,1.6816274835534715
2008-08-06,1.6820477747692149
2008-08-07,1.6824681710288565
2008-08-08,1.6828886723586498
2008-08-11,1.6833092787848554
2008-08-12,1.68372999033374
2008-08-13,1.684150807031577
2008-08-14,1.6845717289046465
2008-08-18,1.684992755979235
2008-08-19,1.6854138882816359
2008-08-20,1.6858351258381485
2008-08-21,1.6862564686750796
2008-08-22,1.6866779168187416
2008-08-25,1.687099470295454
2008-08-26,1.687521129131543
2008-08-27,1.6879428933533414
2008-08-28,1.6883647629871879
2008-08-29,1.6887867380594284
2008-09-01,1.6892088185964154
2008-09-02,1.6896310046245078
2008-09-04,1.690053296170071
2008-09-05,1.690475693259477
2008-09-08,1.690898195919105
2008-09-09,1.6913208041753398
2008-09-10,1.6917435180545737
2008-09-11,1.6921663375832048
2008-09-12,1.6925892627876384
2008-09-15,1.6930122936942862
2008-09-16,1.6934354303295662
2008-09-17,1.6938586727199036
2008-09-18,1.6942820208917297
2008-09-19,1.6947054748714827
2008-09-22,1.6951290346856074
2008-09-23,1.6955527003605548
2008-09-24,1.6959764719227832
2008-09-25,1.696400349398757
2008-09-26,1.6968243328149473
2008-09-29,1.6972484221978317
2008-09-30,1.6976726175738948
2008-10-01,1.6980969189696276
2008-10-03,1.6985213264115278
2008-10-06,1.6989458399260995
2008-10-07,1.6993704595398536
2008-10-08,1.6997951852793076
2008-10-10,1.7002200171709858
2008-10-13,1.7006449552414187
2008-10-14,1.7010699995171437
2008-10-15,1.7014951500247049
2008-10-16,1.701920406790653
2008-10-17,1.7023457698415454
2008-10-20,1.7027712392039458
2008-10-21,1.7031968149044248
2008-10-22,1.7036224969695597
2008-10-23,1.7040482854259342
2008-10-24,1.7044741803001389
2008-10-27,1.704900181618771
2008-10-28,1.7053262894084342
2008-10-29,1.7057525036957388
2008-10-31,1.7061788245073022
2008-11-03,1.7066052518697479
2008-11-04,1.7070317858097064
2008-11-05,1.7074584263538146
2008-11-06,1.7078851735287164
2008-11-07,1.7083120273610621
2008-11-10,1.7087389878775088
2008-11-11,1.7091660551047199
2008-11-12,1.709593229069366
2008-11-14,1.710020509798124
2008-11-17,1.7104478973176778
2008-11-18,1.7108753916547175
2008-11-19,1.7113029928359402
2008-11-20,1.7117307008880498
2008-11-21,1.7121585158377564
2008-11-24,1.712586437711777
2008-11-25,1.7130144665368356
2008-11-26,1.7134426023396625
2008-11-28,1.7138708451469946
2008-12-01,1.714299194985576
2008-12-02,1.7147276518821568
2008-12-03,1.7151562158634945
2008-12-04,1.7155848869563526
2008-12-05,1.7160136651875018
2008-12-08,1.7164425505837193
2008-12-10,1.716871543171789
2008-12-11,1.7173006429785014
2008-12-12,1.7177298500306537
2008-12-15,1.71815916435505
2008-12-16,1.718588585978501
2008-12-17,1.7190181149278243
2008-12-18,1.7194477512298436
2008-12-19,1.71987749491139
2008-12-22,1.7203073459993008
2008-12-23,1.7207373045204202
2008-12-24,1.721167370501599
2008-12-26,1.7215975439696953
2008-12-29,1.722027824951573
2008-12-30,1.7224582134741033
2008-12-31,1.722888709564164
2009-01-01,1.7233193132486395
2009-01-02,1.723750024554421
2009-01-05,1.7241808435084065
2009-01-06,1.7246117701375006
2009-01-07,1.7250428044686146
2009-01-09,1.7254739465286668
2009-01-12,1.725905196344582
2009-01-13,1.7263365539432916
2009-01-14,1.7267680193517339
2009-01-15,1.727199592596854
2009-01-16,1.7276312737056034
2009-01-19,1.728063062704941
2009-01-20,1.7284949596218318
2009-01-21,1.7289269644832477
2009-01-22,1.7293590773161676
2009-01-23,1.729791298147577
2009-01-27,1.7302236270044677
2009-01-28,1.730656063913839
2009-01-29,1.7310886089026967
2009-01-30,1.7315212619980527
2009-02-02,1.7319540232269266
2009-02-03,1.7323868926163444
2009-02-04,1.7328198701933386
2009-02-05,1.7332529559849486
2009-02-06,1.7336861500182208
2009-02-09,1.734119452320208
2009-02-10,1.73455286291797
2009-02-11,1.7349863818385733
2009-02-12,1.7354200091090912
2009-02-13,1.7358537447566038
2009-02-16,1.7362875888081977
2009-02-17,1.7367215412909665
2009-02-18,1.7371556022320107
2009-02-19,1.7375897716584372
2009-02-20,1.73802404959736
2009-02-24,1.7384584360759
2009-02-25,1.738892931121184
2009-02-26,1.739327534760347
2009-02-27,1.7397622470205294
2009-03-02,1.7401970679288792
2009-03-03,1.740631997512551
2009-03-04,1.7410670357987061
2009-03-05,1.7415021828145127
2009-03-06,1.7419374385871458
2009-03-09,1.7423728031437868
2009-03-12,1.7428082765116246
2009-03-13,1.7432438587178543
2009-03-16,1.743679549789678
2009-03-17,1.7441153497543047
2009-03-18,1.7445512586389502
2009-03-19,1.744987276470837
2009-03-20,1.7454234032771943
2009-03-23,1.745859639085258
2009-03-24,1.7462959839222716
2009-03-25,1.7467324378154845
2009-03-26,1.7471690007921532
2009-03-27,1.747605672879541
2009-03-30,1.7480424541049184
2009-03-31,1.7458605536650644
2009-04-01,1.7071136928052608
2009-04-02,1.7261202960618942
2009-04-06,1.6999457771770512
2009-04-08,1.7363889628929727
2009-04-09,1.7189741794521778
2009-04-13,1.6974304808985696
2009-04-15,1.7319400455449672
2009-04-16,1.7551879294462374
2009-04-17,1.775725151750945
2009-04-20,1.7948379688356888
2009-04-21,1.7758414635721473
2009-04-22,1.7388005601641885
2009-04-23,1.7672536184195304
2009-04-24,1.7815417249337324
2009-04-27,1.7629607338133884
2009-04-28,1.7471079711218773
2009-04-29,1.7807499568597356
2009-05-04,1.8055236083753317
2009-05-05,1.8066875518952574
2009-05-06,1.7690534680695416
2009-05-07,1.777262226223166
2009-05-08,1.7503273895971596
2009-05-11,1.7229936948904667
2009-05-12,1.7558968305719174
2009-05-13,1.7495987368206856
2009-05-14,1.780412707749135
2009-05-15,1.797709950108471
2009-05-18,1.9952271715612535
2009-05-19,1.9713299644344089
2009-05-20,2.0403042388513883
2009-05-21,2.009046596606572
2009-05-22,2.0087689020050683
2009-05-25,2.0246393497558635
2009-05-26,1.993966605553301
2009-05-27,2.057758149162799
2009-05-28,2.0797288856953746
2009-05-29,2.0932276586370504
2009-06-01,2.136260387215885
2009-06-02,2.130458313027833
2009-06-03,2.1338834378073974
2009-06-04,2.1191964043284157
2009-06-05,2.185027813013517
2009-06-08,2.083086804700987
2009-06-09,2.1137500943071865
2009-06-10,2.19638675258352
2009-06-11,2.1892669522162405
2009-06-12,2.1697413726932835
2009-06-15,2.1373237928732682
2009-06-16,2.1931896108144926
2009-06-17,2.119590905524742
2009-06-18,2.1279987818772486
2009-06-19,2.1581409940142082
2009-06-22,2.139029240855834
2009-06-23,2.149737360339697
2009-06-24,2.1955320788200705
2009-06-25,2.192866445588272
2009-06-26,2.227246211869092
2009-06-29,2.228815484024799
2009-06-30,2.180046777982285
2009-07-01,2.2126436778170624
2009-07-02,2.2367291969307956
2009-07-03,2.2799056510485465
2009-07-06,2.123934450890742
2009-07-07,2.1554585441770495
2009-07-08,2.104041125233361
2009-07-09,2.148158629800072
2009-07-10,2.12047786285929
2009-07-13,2.080944050982869
2009-07-14,2.1411950081963167
2009-07-15,2.1687937688352084
2009-07-16,2.1718867184297204
2009-07-17,2.205888854471562
2009-07-20,2.256068611713122
2009-07-21,2.2721837911451455
2009-07-22,2.2327617629420846
2009-07-23,2.248414984131769
2009-07-24,2.2773377881084866
2009-07-27,2.285721850610497
2009-07-28,2.3120306675308493
2009-07-29,2.3293971499091644
2009-07-30,2.3886138919925917
2009-07-31,2.374454420850685
2009-08-03,2.4611832799224986
2009-08-04,2.4473460718540503
2009-08-05,2.444061853803265
2009-08-06,2.3579053652163244
2009-08-07,2.3207615863457223
2009-08-10,2.279277788593939
2009-08-11,2.3239627199463944
2009-08-12,2.3411754207925
2009-08-13,2.4277728914674954
2009-08-14,2.45949624930797
2009-08-17,2.3445302977909255
2009-08-18,2.4511284870674412
2009-08-19,2.4183520564689918
2009-08-20,2.4273448693615194
2009-08-21,2.4507584939144387
2009-08-24,2.522910693014886
2009-08-25,2.5757960139285117
2009-08-26,2.5795426138823707
2009-08-27,2.5724914756843904
2009-08-28,2.562001737700149
2009-08-31,2.53930583679444
2009-09-01,2.563479900887083
2009-09-02,2.5648110328026212
2009-09-03,2.5577538407053915
2009-09-04,2.600351364049837
2009-09-07,2.655722175723876
2009-09-08,2.647184290384562
2009-09-09,2.649364082555972
2009-09-10,2.637912509818647
2009-09-11,2.606552607921402
2009-09-14,2.5995330954874007
2009-09-15,2.678227349533626
2009-09-16,2.751352109752802
2009-09-17,2.722596193537485
2009-09-18,2.752663125475616
2009-09-22,2.838164533451341
2009-09-23,2.8202205104132902
2009-09-24,2.801158070536243
2009-09-25,2.785863451030279
2009-09-29,2.795338868937315
2009-09-30,2.799618483375244
2009-10-01,2.81639815713421
2009-10-05,2.787164517498194
2009-10-06,2.772671111383693
2009-10-07,2.753677737649199
2009-10-08,2.755829143823487
2009-10-09,2.7395111938331467
2009-10-12,2.76222070250166
2009-10-14,2.8358370150679
2009-10-15,2.8748538922105817
2009-10-16,2.872953433886916
2009-10-17,2.8695576475582514
2009-10-20,2.911270656346868
2009-10-21,2.937346280663789
2009-10-22,2.90726683177992
2009-10-23,2.9635153780180885
2009-10-26,2.939613262782104
2009-10-27,2.8800179239379746
2009-10-28,2.901788156105571
2009-10-29,2.8357543522620707
2009-10-30,2.8420821582853524
2009-11-03,2.73087469784822
2009-11-04,2.7976031751542965
2009-11-05,2.8345997561150282
2009-11-06,2.9393029065617786
2009-11-09,3.0071309408771225
2009-11-10,3.0184769109012124
2009-11-11,3.11054025962285
2009-11-12,3.0397343591813253
2009-11-13,3.096751886066149
2009-11-16,3.119752983820289
2009-11-17,3.1329309530723624
2009-11-18,3.1488039857234638
2009-11-19,3.0945781455558614
2009-11-20,3.11991027131756
2009-11-23,3.0936873553456055
2009-11-24,3.0827968011407307
2009-11-25,3.051663567620875
2009-11-26,3.0231294646156357
2009-11-27,2.986931303246515
2009-11-30,3.015906117483871
2009-12-01,3.056918772581578
2009-12-02,3.0452114548077924
2009-12-03,3.059098380796601
2009-12-04,3.0561112007761286
2009-12-07,2.9864339116305416
2009-12-08,3.000720606910307
2009-12-09,2.9779151253650653
2009-12-10,2.9710399069046782
2009-12-11,2.981678855415612
2009-12-14,2.9494765342094262
2009-12-15,2.9455475650176632
2009-12-16,2.954065535746812
2009-12-17,2.9541148482755797
2009-12-18,2.947997302587593
2009-12-21,2.9339386635330444
2009-12-22,2.9435602048195593
2009-12-23,2.9681996075016417
2009-12-24,2.9642454869312425
2009-12-29,2.9690183936129926
2009-12-30,2.9590167193598615
2009-12-31,2.9490306193400944
2010-01-04,3.0079370346087346
2010-01-05,3.0131551125227376
2010-01-06,3.0052523984410144
2010-01-07,2.985406345035851
2010-01-08,2.9791649642828477
2010-01-11,2.977509777847263
2010-01-12,2.993432356660203
2010-01-13,3.0174890426073455
2010-01-14,3.0606091321114732
2010-01-15,3.0597812580536834
2010-01-18,3.0622262554376745
2010-01-19,3.0485644215612964
2010-01-20,3.0598753190773023
2010-01-21,2.9805401434435614
2010-01-22,2.9442854215534524
2010-01-25,2.933682147748804
2010-01-27,2.8983843170856947
2010-01-28,2.8991761543082357
2010-01-29,2.90020871570409
2010-02-01,2.9009335684190667
2010-02-02,2.9016586022973696
2010-02-03,2.9023838173842775
2010-02-04,2.90310921372508
2010-02-05,2.903834791365078
2010-02-06,2.904560550349584
2010-02-08,2.9052864907239218
2010-02-09,2.906012612533426
2010-02-10,2.9067389158234427
2010-02-11,2.90746540063933
2010-02-15,2.9081920670264565
2010-02-16,2.908918915030203
2010-02-17,2.909645944695961
2010-02-18,2.910373156069133
2010-02-19,2.911100549195134
2010-02-22,2.9118281241193897
2010-02-23,2.912555880887337
2010-02-24,2.913283819544424
2010-02-25,2.914011940136111
2010-02-26,2.914740242707869
2010-03-02,2.9154687273051803
2010-03-03,2.9161973939735386
2010-03-04,2.9169262427584495
2010-03-05,2.9176552737054298
2010-03-08,2.918384486860007
2010-03-09,2.919113882267721
2010-03-10,2.919843459974122
2010-03-11,2.9205732200247723
2010-03-12,2.9213031624652457
2010-03-15,2.9220332873411268
2010-03-16,2.922763594698012
2010-03-17,2.9234940845815087
2010-03-18,2.9242247570372366
2010-03-19,2.9249556121108258
2010-03-22,2.9256866498479184
2010-03-23,2.9264178702941677
2010-03-25,2.927149273495238
2010-03-26,2.927880859496806
2010-03-29,2.9286126283445593
2010-03-30,2.929344580084196
2010-03-31,2.925688182487697
2010-04-01,2.7836437720204406
2010-04-05,2.7916687557708744
2010-04-06,2.8095799210580106
2010-04-07,2.8270536879453014
2010-04-08,2.790399680518333
2010-04-09,2.7886124112118056
2010-04-12,2.809540212430088
2010-04-13,2.8307954468806114
2010-04-15,2.7947113685733784
2010-04-16,2.830476998936589
2010-04-19,2.7787608981631093
2010-04-20,2.8062376920116305
2010-04-21,2.8385992090875356
2010-04-22,2.82248857579909
2010-04-23,2.819736477995864
2010-04-26,2.8254377392413446
2010-04-27,2.8090570371754957
2010-04-28,2.7628725731120127
2010-04-29,2.7787205302408964
2010-04-30,2.817563866371563
2010-05-03,2.8296903528637127
2010-05-04,2.786788014139372
2010-05-05,2.77736019450969
2010-05-06,2.805966088774861
2010-05-07,2.723797743941589
2010-05-10,2.724478506046417
2010-05-11,2.7251594382949516
2010-05-12,2.7258405407297164
2010-05-13,2.7265218133932465
2010-05-14,2.7272032563280875
2010-05-17,2.7278848695767954
2010-05-18,2.7285666531819373
2010-05-19,2.72924860718609
2010-05-20,2.729930731631842
2010-05-21,2.7306130265617923
2010-05-24,2.7312954920185493
2010-05-25,2.7319781280447333
2010-05-26,2.732660934682975
2010-05-27,2.733343911975916
2010-05-28,2.734027059966208
2010-05-31,2.734710378696514
2010-06-01,2.7353938682095063
2010-06-02,2.7360775285478693
2010-06-03,2.736761359754298
2010-06-04,2.737445361871497
2010-06-07,2.7381295349421824
2010-06-08,2.738813879009081
2010-06-09,2.7394983941149302
2010-06-10,2.740183080302478
2010-06-11,2.740867937614483
2010-06-14,2.7415529660937143
2010-06-15,2.742238165782952
2010-06-16,2.7429235367249873
2010-06-17,2.743609078962621
2010-06-18,2.7442947925386654
2010-06-21,2.7449806774959433
2010-06-22,2.745666733877288
2010-06-23,2.7463529617255444
2010-06-24,2.747039361083567
2010-06-25,2.7477259319942213
2010-06-28,2.748412674500384
2010-06-29,2.7490995886449423
2010-06-30,2.745668172212475
2010-07-01,2.7105258161933703
2010-07-02,2.6992651117659694
2010-07-05,2.715671338415389
2010-07-06,2.752730424671643
2010-07-07,2.7517360237863664
2010-07-08,2.773754699998805
2010-07-09,2.788024080041402
2010-07-12,2.8079375179738952
2010-07-13,2.8090554245422723
2010-07-14,2.813852956540255
2010-07-15,2.831291218917546
2010-07-16,2.8293263439806187
2010-07-19,2.83479103378383
2010-07-20,2.8278400928042866
2010-07-21,2.8566906958031457
2010-07-22,2.865143037744435
2010-07-23,2.8806697720318937
2010-07-26,2.842032522778693
2010-07-27,2.86314744756616
2010-07-28,2.8712728401993086
2010-07-29,2.868118370917956
2010-07-30,2.8490615696445896
2010-08-02,2.921683300381673
2010-08-03,2.924572714827117
2010-08-04,2.9682810770660732
2010-08-05,2.9745160175007253
2010-08-06,2.986685830287585
2010-08-09,3.0381275543163184
2010-08-10,2.9952369319762377
2010-08-11,2.9753585383728662
2010-08-12,2.9737380638959228
2010-08-13,3.044746773000133
2010-08-16,3.0039813360198053
2010-08-17,3.0634532272516997
2010-08-18,3.0642668802795816
2010-08-19,3.095566098642037
2010-08-20,3.0783722814189787
2010-08-23,3.1100312949697027
2010-08-24,3.0920194375414174
2010-08-25,3.04767554881241
2010-08-26,3.032993525337541
2010-08-27,3.0015421123018307
2010-08-30,3.009030959431277
2010-08-31,2.9709269416290525
2010-09-01,3.0466367907230336
2010-09-02,3.0785173649280866
2010-09-03,3.120186258097602
2010-09-06,3.1353278867618672
2010-09-07,3.1157795015975633
2010-09-08,3.125955129144711
2010-09-09,3.1016089829610434
2010-09-13,3.1232881151830707
2010-09-14,3.129664907052748
2010-09-15,3.125892090156001
2010-09-16,3.123567313117301
2010-09-17,3.153489838556305
2010-09-20,3.145794397902078
2010-09-21,3.111300284424943
2010-09-22,3.1122701729692936
2010-09-23,3.1075896885033014
2010-09-24,3.179654504748137
2010-09-27,3.2047235196552513
2010-09-28,3.1996407820027333
2010-09-29,3.2148976034827905
2010-09-30,3.2078824462274054
2010-10-01,3.283914350078435
2010-10-04,3.3724862796318207
2010-10-05,3.4115405521452185
2010-10-06,3.385379277402851
2010-10-07,3.382219639439591
2010-10-08,3.403148685661775
2010-10-11,3.5350323948746047
2010-10-12,3.547139807920867
2010-10-13,3.554474589096104
2010-10-14,3.5656742248057083
2010-10-15,3.4816543498331716
2010-10-18,3.4359509052828074
2010-10-19,3.4180707542236566
2010-10-20,3.3486620181053475
2010-10-21,3.2755445083541668
2010-10-22,3.3068497225032227
2010-10-25,3.3167240941458815
2010-10-26,3.4037557426735314
2010-10-27,3.3566737038534566
2010-10-28,3.338970174301581
2010-10-29,3.3000883180809417
2010-11-01,3.3762130831869688
2010-11-02,3.3762002663282003
2010-11-03,3.3605557087769733
2010-11-04,3.359942805997759
2010-11-05,3.398168683358725
2010-11-08,3.417770899101235
2010-11-09,3.476444365701223
2010-11-10,3.511352827052344
2010-11-11,3.490112584583382
2010-11-12,3.448100413374929
2010-11-15,3.3470545735920227
2010-11-16,3.2975239386181574
2010-11-18,3.303997199397304
2010-11-19,3.265203409074819
2010-11-22,3.3071104539369243
2010-11-23,3.249232035092491
2010-11-24,3.301312434282896
2010-11-25,3.289455751932927
2010-11-26,3.2276807698373613
2010-11-29,3.202210784771896
2010-11-30,3.2076917680974484
2010-12-01,3.337658796494906
2010-12-02,3.3947397863855047
2010-12-03,3.2383508903529106
2010-12-06,3.113751713405684
2010-12-07,3.048200260965519
2010-12-08,2.992180829025914
2010-12-09,2.872353786567659
2010-12-10,2.8709679788496256
2010-12-13,2.8759194287463394
2010-12-14,2.8868990093807336
2010-12-15,2.8875229942429357
2010-12-16,2.886756063936368
2010-12-20,2.885216472332039
2010-12-21,2.885840925171085
2010-12-22,2.8898659301565663
2010-12-23,2.886008354892917
2010-12-24,2.8872515298918127
2010-12-27,2.8883402976200125
2010-12-28,2.892211363818702
2010-12-29,2.921276429938062
2010-12-30,2.920665468424368
2010-12-31,2.9187771178268154
2011-01-03,2.9605118695346593
2011-01-04,2.961643316677402
2011-01-05,2.9394073660697506
2011-01-06,2.91706146184529
2011-01-07,2.7967975364057747
2011-01-10,2.6790062612243566
2011-01-11,2.671610521613757
2011-01-12,2.682796391382807
2011-01-13,2.668772181482587
2011-01-14,2.6487453948070403
2011-01-17,2.649407398986364
2011-01-18,2.650069568621203
2011-01-19,2.6507319037529093
2011-01-20,2.651394404422846
2011-01-21,2.6520570706723863
2011-01-24,2.6527199025429136
2011-01-25,2.6533829000758216
2011-01-27,2.654046063312515
2011-01-28,2.654709392294408
2011-01-31,2.6553728870629256
2011-02-01,2.656036547659503
2011-02-02,2.6567003741255855
2011-02-03,2.6573643665026294
2011-02-04,2.658028524832101
2011-02-07,2.6586928491554773
2011-02-08,2.659357339514245
2011-02-09,2.6600219959499016
2011-02-10,2.660686818503955
2011-02-11,2.661351807217923
2011-02-14,2.6620169621333343
2011-02-15,2.662682283291728
2011-02-16,2.6633477707346533
2011-02-17,2.66401342450367
2011-02-18,2.6646792446403484
2011-02-21,2.6653452311862686
2011-02-22,2.6660113841830215
2011-02-23,2.6666777036722085
2011-02-24,2.667344189695441
2011-02-25,2.6680108422943416
2011-02-28,2.668677661510542
2011-03-01,2.6693446473856857
2011-03-03,2.6700117999614257
2011-03-04,2.6706791192794257
2011-03-07,2.67134660538136
2011-03-08,2.672014258308913
2011-03-09,2.6726820781037794
2011-03-10,2.6733500648076647
2011-03-11,2.674018218462285
2011-03-14,2.674686539109366
2011-03-15,2.6753550267906445
2011-03-16,2.6760236815478677
2011-03-17,2.676692503422793
2011-03-18,2.6773614924571882
2011-03-21,2.678030648692832
2011-03-22,2.678699972171513
2011-03-23,2.67936946293503
2011-03-24,2.6800391210251937
2011-03-25,2.6807089464838234
2011-03-28,2.6813789393527503
2011-03-29,2.682049099673815
2011-03-30,2.6827194274888693
2011-03-31,2.679370866539965
2011-04-01,2.767068243965447
2011-04-04,2.8265605453824607
2011-04-05,2.8556864270007494
2011-04-06,2.837578424181684
2011-04-07,2.887784552139812
2011-04-08,2.7979294942018886
2011-04-11,2.7494044390051755
2011-04-13,2.7978885517856393
2011-04-15,2.8055646909731085
2011-04-18,2.7615936978282
2011-04-19,2.7932882949329283
2011-04-20,2.8697831016383395
2011-04-21,2.8620194727370105
2011-04-25,2.8960769187044315
2011-04-26,2.8838530309014887
2011-04-27,2.9226544283545617
2011-04-28,2.8921387324988883
2011-04-29,2.831366661000046
2011-05-02,2.7862855549222285
2011-05-03,2.710726793202201
2011-05-04,2.7108526764369496
2011-05-05,2.6938073014479196
2011-05-06,2.7070762027333832
2011-05-09,2.707752785602945
2011-05-10,2.708429537571692
2011-05-11,2.709106458681887
2011-05-12,2.7097835489758038
2011-05-13,2.7104608084957267
2011-05-16,2.7111382372839508
2011-05-17,2.7118158353827813
2011-05-18,2.712493602834534
2011-05-19,2.713171539681536
2011-05-20,2.713849645966124
2011-05-23,2.7145279217306455
2011-05-24,2.7152063670174593
2011-05-25,2.7158849818689346
2011-05-26,2.7165637663274502
2011-05-27,2.717242720435397
2011-05-30,2.7179218442351747
2011-05-31,2.718601137769195
2011-06-01,2.7192806010798805
2011-06-02,2.7199602342096627
2011-06-03,2.7206400372009854
2011-06-06,2.7213200100963015
2011-06-07,2.722000152938076
2011-06-08,2.7226804657687835
2011-06-09,2.72336094863091
2011-06-10,2.724041601566951
2011-06-13,2.7247224246194137
2011-06-14,2.7254034178308157
2011-06-15,2.7260845812436845
2011-06-16,2.726765914900559
2011-06-17,2.727447418843989
2011-06-20,2.7281290931165336
2011-06-21,2.7288109377607634
2011-06-22,2.7294929528192604
2011-06-23,2.730175138334616
2011-06-24,2.730857494349432
2011-06-27,2.7315400209063223
2011-06-28,2.7322227180479106
2011-06-29,2.7329055858168316
2011-06-30,2.7294943826817075
2011-07-01,2.723046402060986
2011-07-04,2.7485716524950408
2011-07-05,2.7160206666315454
2011-07-06,2.721967619202206
2011-07-07,2.766675787694839
2011-07-08,2.7114800820263056
2011-07-11,2.735184479400456
2011-07-12,2.7015968654712967
2011-07-13,2.7578417263921113
2011-07-14,2.770732408682885
2011-07-15,2.795306918167879
2011-07-18,2.821317228432871
2011-07-19,2.8774579609870212
2011-07-20,2.8355487462719555
2011-07-21,2.8141022994190017
2011-07-22,2.833912045380397
2011-07-25,2.8336495960207477
2011-07-26,2.8068390300084802
2011-07-27,2.8032115440017886
2011-07-28,2.7966361218347053
2011-07-29,2.779668844439564
2011-08-01,2.780363570476941
2011-08-02,2.7810584701480474
2011-08-03,2.7817535434962792
2011-08-04,2.7824487905650437
2011-08-05,2.7831442113977594
2011-08-08,2.783839806037855
2011-08-09,2.7845355745287708
2011-08-10,2.7852315169139574
2011-08-11,2.7859276332368763
2011-08-12,2.786623923541
2011-08-16,2.787320387869812
2011-08-17,2.7880170262668065
2011-08-18,2.788713838775488
2011-08-19,2.7894108254393735
2011-08-22,2.790107986301989
2011-08-23,2.790805321406872
2011-08-24,2.7915028307975716
2011-08-25,2.7922005145176474
2011-08-26,2.7928983726106695
2011-08-29,2.793596405120219
2011-08-30,2.7942946120898884
2011-09-02,2.7949929935632802
2011-09-05,2.795691549584009
2011-09-06,2.7963902801956992
2011-09-07,2.797089185441987
2011-09-08,2.7977882653665183
2011-09-09,2.798487520012951
2011-09-12,2.7991869494249535
2011-09-13,2.799886553646205
2011-09-14,2.8005863327203966
2011-09-15,2.8012862866912287
2011-09-16,2.8019864156024137
2011-09-19,2.8026867194976743
2011-09-20,2.803387198420745
2011-09-21,2.8040878524153707
2011-09-22,2.804788681525307
2011-09-23,2.805489685794321
2011-09-26,2.8061908652661898
2011-09-27,2.8068922199847024
2011-09-28,2.8075937499936585
2011-09-29,2.808295455336869
2011-09-30,2.8089973360581544
2011-10-03,2.809699392201348
2011-10-04,2.810401623810293
2011-10-05,2.8111040309288438
2011-10-07,2.8118066136008655
2011-10-10,2.8125093718702345
2011-10-11,2.8132123057808385
2011-10-12,2.813915415376575
2011-10-13,2.8146187007013537
2011-10-14,2.8153221617990947
2011-10-17,2.816025798713729
2011-10-18,2.816729611489199
2011-10-19,2.8174336001694575
2011-10-20,2.8181377647984687
2011-10-21,2.8188421054202077
2011-10-24,2.819546622078661
2011-10-25,2.820251314817825
2011-10-26,2.820956183681708
2011-10-28,2.821661228714329
2011-10-31,2.818139241098071
2011-11-01,2.8333124250444732
2011-11-02,2.817477848476562
2011-11-03,2.813033797874422
2011-11-04,2.8228227855334014
2011-11-08,2.815514512581816
2011-11-09,2.7913528951952955
2011-11-11,2.786744761289124
2011-11-14,2.787441255819062
2011-11-15,2.788137924424731
2011-11-16,2.788834767149637
2011-11-17,2.789531784037299
2011-11-18,2.7902289751312446
2011-11-21,2.790926340475014
2011-11-22,2.791623880112158
2011-11-23,2.792321594086237
2011-11-24,2.793019482440824
2011-11-25,2.7937175452195016
2011-11-28,2.794415782465864
2011-11-29,2.7951141942235163
2011-11-30,2.795812780536074
2011-12-01,2.7965115414471646
2011-12-02,2.797210477000425
2011-12-05,2.797909587239504
2011-12-07,2.7986088722080606
2011-12-08,2.799308331949766
2011-12-09,2.8000079665083004
2011-12-12,2.800707775927357
2011-12-13,2.8014077602506386
2011-12-14,2.802107919521859
2011-12-15,2.802808253784743
2011-12-16,2.803508763083027
2011-12-19,2.8042094474604573
2011-12-20,2.804910306960792
2011-12-21,2.8056113416277997
2011-12-22,2.80631255150526
2011-12-23,2.807013936636963
2011-12-26,2.8077154970667113
2011-12-27,2.8084172328383166
2011-12-28,2.809119143995602
2011-12-29,2.8098212305824024
2011-12-30,2.810523492642563
2012-01-02,2.8112259302199405
2012-01-03,2.8119285433584014
2012-01-04,2.8126313321018244
2012-01-05,2.8133342964940984
2012-01-06,2.8140374365791234
2012-01-07,2.8147407524008106
2012-01-09,2.8154442440030825
2012-01-10,2.8161479114298715
2012-01-11,2.816851754725122
2012-01-12,2.817555773932789
2012-01-13,2.8182599690968386
2012-01-16,2.8189643402612474
2012-01-17,2.8196688874700038
2012-01-18,2.8203736107671067
2012-01-19,2.821078510196566
2012-01-20,2.8217835858024025
2012-01-23,2.8224888376286486
2012-01-24,2.823194265719347
2012-01-25,2.823899870118552
2012-01-27,2.824605650870328
2012-01-30,2.8253116080187515
2012-01-31,2.8217850640118916
2012-02-01,2.824919458603186
2012-02-02,2.858904624103449
2012-02-03,2.900301244998266
2012-02-06,2.9201576817163097
2012-02-07,2.8617244842826395
2012-02-08,2.8974811082883853
2012-02-09,2.967709293172859
2012-02-10,2.981099302431365
2012-02-13,2.9766020308065366
2012-02-14,2.990397620084441
2012-02-15,3.0491905404958213
2012-02-16,3.0401976290590054
2012-02-17,3.0050411452789825
2012-02-21,3.029024931518167
2012-02-22,2.912807902746713
2012-02-23,2.903923028241717
2012-02-24,2.922867568402517
2012-02-27,2.9270154000371402
2012-02-28,2.9555074260820646
2012-02-29,2.980651929479552
2012-03-01,2.958511084019632
2012-03-02,2.9250574997529313
2012-03-03,2.9251471567135865
2012-03-05,2.9096474257522393
2012-03-06,2.86683134233752
2012-03-07,2.8824570413175277
2012-03-09,2.9051411805794807
2012-03-12,2.9473794690044604
2012-03-13,2.9656835679586795
2012-03-14,2.932054890911057
2012-03-15,2.9161898760296214
2012-03-16,2.9150868515616812
2012-03-19,2.9165041505508604
2012-03-20,2.9179488541010734
2012-03-21,2.969617269749046
2012-03-22,2.908646211401793
2012-03-23,2.908063411860227
2012-03-26,2.878881044190207
2012-03-27,2.8885427644542068
2012-03-28,2.8878221731068363
2012-03-29,2.8779554692369205
2012-03-30,2.8942240135528676
2012-04-02,2.9625512767313067
2012-04-03,2.9724279835479828
2012-04-04,2.9727551278454625
2012-04-09,2.9765065240413526
2012-04-10,2.9768467462828827
2012-04-11,2.950186650164716
2012-04-12,2.9522932244196727
2012-04-13,2.9408619398364437
2012-04-16,3.056782840066662
2012-04-17,3.106453214214968
2012-04-18,3.1501558202687407
2012-04-19,3.1811464880482374
2012-04-20,3.1495287328204817
2012-04-23,3.1097634864584354
2012-04-24,3.1254384797399046
2012-04-25,3.1608620883267853
2012-04-26,3.1419061259323158
2012-04-27,3.1713538165392956
2012-04-28,3.1715357456730158
2012-04-30,3.1893077796500804
2012-05-02,3.1513799766597272
2012-05-03,3.11650001054194
2012-05-04,3.0129950737482702
2012-05-07,3.013748115295795
2012-05-08,3.014501345051915
2012-05-09,3.0152547630636706
2012-05-10,3.016008369378112
2012-05-11,3.0167621640423024
2012-05-14,3.017516147103316
2012-05-15,3.0182703186082387
2012-05-16,3.0190246786041692
2012-05-17,3.0197792271382173
2012-05-18,3.020533964257504
2012-05-21,3.021288890009163
2012-05-22,3.0220440044403394
2012-05-23,3.02279930759819
2012-05-24,3.0235547995298835
2012-05-25,3.0243104802826006
2012-05-28,3.0250663499035335
2012-05-29,3.025822408439886
2012-05-30,3.026578655938874
2012-05-31,3.0273350924477254
2012-06-01,3.0280917180136795
2012-06-04,3.0288485326839876
2012-06-05,3.0296055365059127
2012-06-06,3.03036272952673
2012-06-07,3.031120111793726
2012-06-08,3.031877683354199
2012-06-11,3.03263544425546
2012-06-12,3.0333933945448304
2012-06-13,3.0341515342696446
2012-06-14,3.0349098634772482
2012-06-15,3.0356683822149995
2012-06-18,3.0364270905302675
2012-06-19,3.0371859884704335
2012-06-20,3.0379450760828908
2012-06-21,3.0387043534150444
2012-06-22,3.039463820514311
2012-06-25,3.04022347742812
2012-06-26,3.040983324203911
2012-06-27,3.041743360889137
2012-06-28,3.0425035875312627
2012-06-29,3.038705945259874
2012-07-02,3.0708278351994953
2012-07-03,3.0802475049770237
2012-07-04,3.06424936610094
2012-07-05,3.0728351686883695
2012-07-06,3.0563685504797933
2012-07-09,3.071417144435427
2012-07-10,3.100613833974141
2012-07-11,3.0987523203745333
2012-07-12,3.0841931358534667
2012-07-13,3.104294336585835
2012-07-16,3.08985060690013
2012-07-17,3.060670418432917
2012-07-18,3.061956825550875
2012-07-19,3.099143677519219
2012-07-20,3.1110646734705876
2012-07-23,3.0986715797887565
2012-07-24,3.134850286511472
2012-07-25,3.1332209553734276
2012-07-26,3.076712199751656
2012-07-27,3.07882247825033
2012-07-30,3.0795919721216527
2012-07-31,3.075748036259131
2012-08-01,3.111029474297112
2012-08-02,3.1443157774225923
2012-08-03,3.149525893719629
2012-08-06,3.192704972958574
2012-08-07,3.2650424595120637
2012-08-08,3.3164907556679726
2012-08-09,3.329050505644498
2012-08-10,3.321971670202628
2012-08-13,3.3484927368754014
2012-08-14,3.3606672165625255
2012-08-16,3.405298019294685
2012-08-17,3.420862422134476
2012-08-21,3.3680629335010503
2012-08-22,3.3745789346584627
2012-08-23,3.371738130616364
2012-08-24,3.351887636911539
2012-08-27,3.341461464427581
2012-08-28,3.269080822334118
2012-08-29,3.280823022306466
2012-08-30,3.31546874071922
2012-08-31,3.3224686500525844
2012-09-03,3.2970685521323753
2012-09-04,3.2988358676943603
2012-09-05,3.3277227813491037
2012-09-06,3.34611171920185
2012-09-07,3.3914640007041648
2012-09-08,3.391554641568393
2012-09-10,3.4382490653256257
2012-09-11,3.427253970203396
2012-09-12,3.4064753211974015
2012-09-13,3.3845111440467424
2012-09-14,3.3830511521408466
2012-09-17,3.3316414567729846
2012-09-18,3.343136511661228
2012-09-20,3.3276885182818345
2012-09-21,3.357552716956117
2012-09-24,3.362725153488627
2012-09-25,3.3748938446545025
2012-09-26,3.3805790671471527
2012-09-27,3.428327599829432
2012-09-28,3.421497905356234
2012-10-01,3.4481179413279537
2012-10-03,3.466858400865433
2012-10-04,3.4434691413581646
2012-10-05,3.4133424576297138
2012-10-08,3.4017007966420505
2012-10-09,3.4210838868918256
2012-10-10,3.398186435801534
2012-10-11,3.4235841499213837
2012-10-12,3.4434456727430423
2012-10-15,3.4638697623428953
2012-10-16,3.4565478320771144
2012-10-17,3.4687733111060126
2012-10-18,3.4904918905696
2012-10-19,3.454397395141128
2012-10-22,3.481615391068125
2012-10-23,3.5070120124255895
2012-10-25,3.504719677134015
2012-10-26,3.4651092672568553
2012-10-29,3.4550006207470663
2012-10-30,3.4516243060961003
2012-10-31,3.4668958382547346
2012-11-01,3.4700611518486144
2012-11-02,3.503292482432946
2012-11-05,3.506808114154795
2012-11-06,3.5427949511456225
2012-11-07,3.5711561357262926
2012-11-08,3.6017333360738863
2012-11-09,3.56780513021589
2012-11-12,3.5737785343477455
2012-11-13,3.6378179836549718
2012-11-15,3.575303921437946
2012-11-16,3.535188076367559
2012-11-19,3.524068578216583
2012-11-20,3.4922432685974742
2012-11-21,3.4706878219354027
2012-11-22,3.491689431920085
2012-11-23,3.5051570474779625
2012-11-26,3.554093649103736
2012-11-27,3.5439247168827164
2012-11-29,3.5149307004125325
2012-11-30,3.517503576892566
2012-12-03,3.5701294295774026
2012-12-04,3.649285381688626
2012-12-05,3.614154089502924
2012-12-06,3.647061665940641
2012-12-07,3.610722820439701
2012-12-10,3.6576294940670375
2012-12-11,3.6149527536023074
2012-12-12,3.6210032520462216
2012-12-13,3.507593856067749
2012-12-14,3.5080151377633384
2012-12-17,3.539811379978511
2012-12-18,3.5984629910367607
2012-12-19,3.632470437640025
2012-12-20,3.6059105544419583
2012-12-21,3.5332909039930676
2012-12-24,3.5520098243002467
2012-12-26,3.5568904463152924
2012-12-27,3.5449025665557325
2012-12-28,3.5477453679310726
2012-12-31,3.5719721571756735
2013-01-01,3.6373944467766814
2013-01-02,3.6213637283157256
2013-01-03,3.6114557105341922
2013-01-04,3.630145462428639
2013-01-07,3.610399800892696
2013-01-08,3.6317613819674706
2013-01-09,3.6538273857478054
2013-01-10,3.6202425556099596
2013-01-11,3.535197176577527
2013-01-14,3.5577333614275384
2013-01-15,3.596523313893688
2013-01-16,3.561947755047238
2013-01-17,3.5844624987596116
2013-01-18,3.590428078220766
2013-01-21,3.605289011148823
2013-01-22,3.5798398492582963
2013-01-23,3.548484938552365
2013-01-24,3.495109752071894
2013-01-25,3.4666900883466245
2013-01-28,3.4654764387031305
2013-01-29,3.456217174561364
2013-01-30,3.4649797207090107
2013-01-31,3.4827529832257125
2013-02-01,3.4912264635403547
2013-02-04,3.4251977207369873
2013-02-05,3.421673691202491
2013-02-06,3.4363233026773927
2013-02-07,3.371297987956938
2013-02-08,3.3551257639058405
2013-02-11,3.3554797675441828
2013-02-12,3.357561415597134
2013-02-13,3.3597162242859664
2013-02-14,3.345689236043907
2013-02-15,3.3459504563996454
2013-02-18,3.3450861864595303
2013-02-19,3.378561978565953
2013-02-20,3.396147275325559
2013-02-21,3.4009687166129354
2013-02-22,3.394033497442425
2013-02-25,3.384465816307681
2013-02-26,3.382094903926577
2013-02-27,3.392030492554275
2013-02-28,3.394324219065586
2013-03-01,3.3945546470286923
2013-03-04,3.3954030522275014
2013-03-05,3.396251669469261
2013-03-06,3.3971004988069664
2013-03-07,3.3979495402936273
2013-03-08,3.3987987939822664
2013-03-11,3.39964825992592
2013-03-12,3.4004979381776366
2013-03-13,3.401347828790479
2013-03-14,3.4021979318175224
2013-03-15,3.4030482473118564
2013-03-18,3.403898775326583
2013-03-19,3.4047495159148173
2013-03-20,3.4056004691296886
2013-03-21,3.4064516350243386
2013-03-22,3.407303013651923
2013-03-25,3.4081546050656097
2013-03-26,3.4090064093185815
2013-03-28,3.409858426464033
2013-04-01,3.2945837788453365
2013-04-02,3.2954071982026685
2013-04-03,3.2962308233582087
2013-04-04,3.2970546543633925
2013-04-05,3.297878691269668
2013-04-08,3.2987029341284964
2013-04-09,3.2995273829913514
2013-04-10,3.30035203790972
2013-04-11,3.301176898935102
2013-04-12,3.30200196611901
2013-04-15,3.302827239512969
2013-04-16,3.303652719168518
2013-04-17,3.304478405137208
2013-04-18,3.305304297470603
2013-04-22,3.3061303962202797
2013-04-23,3.3069567014378287
2013-04-25,3.307783213174852
2013-04-26,3.308609931482966
2013-04-29,3.309436856413799
2013-04-30,3.310263988018992
2013-05-02,3.3110913263501995
2013-05-03,3.3119188714590893
2013-05-06,3.312746623397341
2013-05-07,3.3135745822166482
2013-05-08,3.314402747968717
2013-05-09,3.315231120705266
2013-05-10,3.3160597004780272
2013-05-11,3.3168884873387454
2013-05-13,3.3177174813391783
2013-05-14,3.3185466825310965
2013-05-15,3.319376090966284
2013-05-16,3.320205706696537
2013-05-17,3.321035529773665
2013-05-20,3.321865560249491
2013-05-21,3.32269579817585
2013-05-22,3.32352624360459
2013-05-23,3.324356896587573
2013-05-24,3.325187757176673
2013-05-27,3.3260188254237772
2013-05-28,3.326850101380786
2013-05-29,3.327681585099612
2013-05-30,3.328513276632182
2013-05-31,3.324358638073325
2013-06-03,3.339743142644681
2013-06-04,3.335371221218919
2013-06-05,3.3758891607601202
2013-06-06,3.409917916414849
2013-06-07,3.4291264112054174
2013-06-10,3.4299834569675727
2013-06-11,3.4308407169322246
2013-06-12,3.431698191152909
2013-06-13,3.432555879683175
2013-06-14,3.4334137825765856
2013-06-17,3.4342718998867166
2013-06-18,3.4351302316671575
2013-06-19,3.4359887779715113
2013-06-20,3.4368475388533937
2013-06-21,3.4377065143664347
2013-06-24,3.4385657045642777
2013-06-25,3.4394251095005783
2013-06-26,3.440284729229007
2013-06-27,3.4411445638032467
2013-06-28,3.436849339268092
2013-07-01,3.492184164298785
2013-07-02,3.4812793251928484
2013-07-03,3.4314425628510734
2013-07-04,3.4621088885975957
2013-07-05,3.4914108023237063
2013-07-08,3.536537260449329
2013-07-09,3.565665031690328
2013-07-10,3.5423315130272925
2013-07-11,3.548868173187799
2013-07-12,3.596963296994658
2013-07-15,3.663931070253004
2013-07-16,3.647051094327956
2013-07-17,3.602091687445666
2013-07-18,3.6084327057390526
2013-07-19,3.559693321773292
2013-07-22,3.549652075527283
2013-07-23,3.5225085221187795
2013-07-24,3.554250572753554
2013-07-25,3.5337713527006582
2013-07-26,3.5200324231516964
2013-07-29,3.5140868966177585
2013-07-30,3.5113612309076
2013-07-31,3.540661781843717
2013-08-01,3.5387766495071213
2013-08-02,3.5015080814227098
2013-08-05,3.5023832176243177
2013-08-06,3.503258572549788
2013-08-07,3.504134146253786
2013-08-08,3.5050099387909923
2013-08-12,3.5058859502160997
2013-08-13,3.506762180583815
2013-08-14,3.507638629948859
2013-08-16,3.5085152983659653
2013-08-19,3.5093921858898827
2013-08-20,3.5102692925753725
2013-08-21,3.51114661847721
2013-08-22,3.5120241636501843
2013-08-23,3.512901928149098
2013-08-26,3.5137799120287676
2013-08-27,3.514658115344023
2013-08-28,3.5155365381497083
2013-08-29,3.516415180500681
2013-08-30,3.517294042451812
2013-09-02,3.5181731240579865
2013-09-03,3.519052425374103
2013-09-04,3.519931946455074
2013-09-05,3.5208116873558253
2013-09-06,3.521691648131297
2013-09-10,3.522571828836443
2013-09-11,3.5234522295262303
2013-09-12,3.5243328502556395
2013-09-13,3.525213691079666
2013-09-16,3.5260947520533175
2013-09-17,3.526976033231617
2013-09-18,3.5278575346696
2013-09-19,3.528739256422317
2013-09-20,3.5296211985448314
2013-09-23,3.53050336109222
2013-09-24,3.531385744119574
2013-09-25,3.5322683476819985
2013-09-26,3.5331511718346116
2013-09-27,3.5340342166325462
2013-09-30,3.534917482130948
2013-10-01,3.5358009683849776
2013-10-03,3.5366846754498082
2013-10-04,3.5375686033806275
2013-10-07,3.5384527522326366
2013-10-08,3.5393371220610508
2013-10-09,3.540221712921099
2013-10-10,3.5411065248680234
2013-10-11,3.5419915579570813
2013-10-14,3.542876812243543
2013-10-15,3.5437622877826915
2013-10-17,3.544647984629826
2013-10-18,3.545533902840258
2013-10-21,3.546420042469313
2013-10-22,3.54730640357233
2013-10-23,3.5481929862046626
2013-10-24,3.549079790421678
2013-10-25,3.5499668162787574
2013-10-28,3.550854063831295
2013-10-29,3.5517415331346998
2013-10-30,3.5526292242443938
2013-10-31,3.5481948449483913
2013-11-01,3.5793944801127116
2013-11-03,3.5870522739685655
2013-11-05,3.6565511901546928
2013-11-06,3.7299187474333926
2013-11-07,3.660696851575212
2013-11-08,3.7861797650080495
2013-11-11,3.7890732621932646
2013-11-12,3.7458871425883267
2013-11-13,3.6762218978774173
2013-11-14,3.661459247646679
2013-11-18,3.7778914512532986
2013-11-19,3.8254220597229427
2013-11-20,3.83629533511718
2013-11-21,3.82136768179313
2013-11-22,3.783759210480547
2013-11-25,3.826846431994488
2013-11-26,3.7898981514245214
2013-11-27,3.8622079321025886
2013-11-28,3.900014575443323
2013-11-29,3.874647716125951
2013-12-02,3.9424866607724507
2013-12-03,3.942247042520475
2013-12-04,3.9952206450153276
2013-12-05,3.937865448691963
2013-12-06,3.931751201732949
2013-12-09,3.937693258043747
2013-12-10,3.9432224094938433
2013-12-11,3.9432763547582184
2013-12-12,3.9441348267018883
2013-12-13,3.9585056532051843
2013-12-16,4.0085498339943175
2013-12-17,3.98821361989328
2013-12-18,4.042224604894487
2013-12-19,4.076837176597682
2013-12-20,4.079674772587369
2013-12-23,4.098994239136977
2013-12-24,4.132532725751007
2013-12-26,4.121471888657109
2013-12-27,4.1181138300682845
2013-12-30,4.118348126277378
2013-12-31,4.153728597237697
2014-01-01,4.1739394785363295
2014-01-02,4.146480933174999
2014-01-03,4.2131710307249
2014-01-06,4.268629587241323
2014-01-07,4.2320475459804126
2014-01-08,4.21418580651057
2014-01-09,4.179808523762502
2014-01-10,4.175034052886443
2014-01-13,4.1629850570695455
2014-01-14,4.206870806924388
2014-01-15,4.174483770910399
2014-01-16,4.214670980483145
2014-01-17,4.081836725786646
2014-01-20,4.11871605201199
2014-01-21,4.177896306608112
2014-01-22,4.191479171758431
2014-01-23,4.202809549767153
2014-01-24,4.131572730041404
2014-01-27,4.0464407679968115
2014-01-28,4.0515615961274944
2014-01-29,4.0862066447638865
2014-01-30,4.116465121659328
2014-01-31,4.150266830786288
2014-02-03,4.151304112056385
2014-02-04,4.15234165257546
2014-02-05,4.153379452408307
2014-02-06,4.154417511619737
2014-02-07,4.155455830274577
2014-02-10,4.156494408437669
2014-02-11,4.157533246173873
2014-02-12,4.158572343548064
2014-02-13,4.159611700625134
2014-02-14,4.16065131746999
2014-02-17,4.161691194147558
2014-02-18,4.162731330722776
2014-02-19,4.1637717272606025
2014-02-20,4.16481238382601
2014-02-21,4.1658533004839855
2014-02-24,4.166894477299537
2014-02-25,4.167935914337684
2014-02-26,4.168977611663465
2014-02-28,4.163773908479214
2014-03-03,4.245218671918943
2014-03-04,4.322997346836751
2014-03-05,4.386531136662443
2014-03-06,4.406226460091627
2014-03-07,4.297967572936486
2014-03-10,4.385076961383324
2014-03-11,4.330342648482163
2014-03-12,4.365925212352326
2014-03-13,4.414648951071968
2014-03-14,4.386839663449352
2014-03-18,4.453322916524263
2014-03-19,4.43567052955818
2014-03-20,4.431190417823184
2014-03-21,4.510984554495442
2014-03-22,4.511360044368395
2014-03-24,4.509859689031555
2014-03-25,4.570524410846332
2014-03-26,4.539278328431563
2014-03-27,4.535283202264544
2014-03-28,4.572629009694179
2014-03-31,4.5954090395279605
2014-04-01,4.443206344436362
2014-04-02,4.46413416866429
2014-04-03,4.375147197362404
2014-04-04,4.38638396961453
2014-04-07,4.355000573459867
2014-04-09,4.431110555071053
2014-04-10,4.382779838814161
2014-04-11,4.347278175962821
2014-04-15,4.322438181815316
2014-04-16,4.2414208585025115
2014-04-17,4.312944927282491
2014-04-21,4.385234464881152
2014-04-22,4.393693245934945
2014-04-23,4.381675906571386
2014-04-24,4.38195376769727
2014-04-25,4.337860513589464
2014-04-28,4.373479179288103
2014-04-29,4.359985899608038
2014-04-30,4.353643714168059
2014-05-02,4.41683674362002
2014-05-05,4.375031178720957
2014-05-06,4.379723384422013
2014-05-07,4.3983202973815505
2014-05-08,4.451810998292702
2014-05-09,4.578161508928894
2014-05-12,4.6199045063384485
2014-05-13,4.7326747451887465
2014-05-14,4.731376512226652
2014-05-15,4.69525661857654
2014-05-16,4.8810370995211985
2014-05-19,5.1554047883078455
2014-05-20,5.178555218029805
2014-05-21,5.1957878219512015
2014-05-22,5.2364024418126895
2014-05-23,5.222012637239995
2014-05-26,5.254338797026415
2014-05-27,5.173771767281465
2014-05-28,5.109639506513378
2014-05-29,5.123012075254786
2014-05-30,5.146076335280684
2014-06-02,5.315175696713342
2014-06-03,5.329326548710226
2014-06-04,5.359834124664517
2014-06-05,5.522952120302868
2014-06-06,5.669658656451652
2014-06-09,5.685522622458341
2014-06-10,5.671929564172066
2014-06-11,5.652028316504209
2014-06-12,5.5995365991971715
2014-06-13,5.346240251070142
2014-06-16,5.396614162303491
2014-06-17,5.506789750419827
2014-06-18,5.582487176458912
2014-06-19,5.605991291141416
2014-06-20,5.632851476179476
2014-06-23,5.7818355205477365
2014-06-24,5.931494921517727
2014-06-25,5.99823483914729
2014-06-26,5.898614102346579
2014-06-27,5.91971042510235
2014-06-30,5.960616445224316
2014-07-01,5.986696032924902
2014-07-02,6.0355205772745215
2014-07-03,6.007534502197776
2014-07-04,5.996228056600305
2014-07-07,6.052788023807952
2014-07-08,5.829139256427133
2014-07-09,5.613833708463025
2014-07-10,5.653724749496076
2014-07-11,5.540564102289886
2014-07-14,5.531113924526202
2014-07-15,5.603967735937859
2014-07-16,5.65551396363604
2014-07-17,5.683288423809223
2014-07-18,5.67712619348283
2014-07-21,5.764577179363433
2014-07-22,5.763080003027406
2014-07-23,5.7080865015057345
2014-07-24,5.657112434494598
2014-07-25,5.583837337686067
2014-07-28,5.555490403089306
2014-07-30,5.534010467836291
2014-07-31,5.585704650807831
2014-08-01,5.601021915509427
2014-08-04,5.706249617182976
2014-08-05,5.818848798210791
2014-08-06,5.818219139812844
2014-08-07,5.732844922189046
2014-08-08,5.6080447748451325
2014-08-11,5.721919962003681
2014-08-12,5.737105437825906
2014-08-13,5.539956313384371
2014-08-14,5.595592665289946
2014-08-18,5.6648835242337965
2014-08-19,5.773243546824084
2014-08-20,5.8129297067307935
2014-08-21,5.868784279178516
2014-08-22,5.888005518283663
2014-08-25,5.887582744985568
2014-08-26,5.991530950924597
2014-08-27,6.1206917813875625
2014-08-28,6.104373109491773
2014-09-01,6.233510168803354
2014-09-02,6.314836634888977
2014-09-03,6.392254129671584
2014-09-04,6.508626654299317
2014-09-05,6.768512175113229
2014-09-08,7.0109970049468
2014-09-09,6.911852969370883
2014-09-10,6.930452917943017
2014-09-11,6.935612250621544
2014-09-12,6.9413063435745705
2014-09-15,6.883521819957612
2014-09-16,6.479279794392448
2014-09-17,6.485937462306257
2014-09-18,6.746513274449569
2014-09-19,6.72419314875944
2014-09-22,6.850044998288476
2014-09-23,6.848831990019932
2014-09-24,6.767682526680221
2014-09-25,6.539368585619133
2014-09-26,6.518801643974056
2014-09-29,6.618557895635267
2014-09-30,6.70180470530096
2014-10-01,6.687683471517025
2014-10-07,6.590428232720548
2014-10-08,6.597693344760751
2014-10-09,6.679736428297311
2014-10-10,6.566422435717804
2014-10-13,6.574548872820815
2014-10-14,6.626028928173791
2014-10-15,6.626232569199286
2014-10-16,6.492068798511922
2014-10-17,6.443106426348674
2014-10-20,6.616459115721183
2014-10-21,6.6603141429695025
2014-10-22,6.656767499858276
2014-10-23,6.660873397260951
2014-10-27,6.632667482338615
2014-10-28,6.62616250957443
2014-10-29,6.639794526198997
2014-10-30,6.690927914435292
2014-10-31,6.791738486276922
2014-11-03,6.877569009797296
2014-11-05,6.929152952877833
2014-11-07,6.9602029217407075
2014-11-10,7.032376884824113
2014-11-11,7.033824817743617
2014-11-12,7.053847899751287
2014-11-13,6.897029123878629
2014-11-14,6.7640996278732946
2014-11-17,6.809469230468794
2014-11-18,6.7908364716149805
2014-11-19,6.782087088306342
2014-11-20,6.780765051486654
2014-11-21,6.74064637340392
2014-11-24,6.714325156588677
2014-11-25,6.633953610658873
2014-11-26,6.640563906695691
2014-11-27,6.649948175995359
2014-11-28,6.651702882270608
2014-12-01,6.613129076206061
2014-12-02,6.626550028871605
2014-12-03,6.6636996665797845
2014-12-04,6.686828388422572
2014-12-05,6.653422210815136
2014-12-08,6.595599535598604
2014-12-09,6.533669927614405
2014-12-10,6.616039323776561
2014-12-11,6.557639097293416
2014-12-12,6.4506673627688444
2014-12-15,6.446269506608438
2014-12-16,6.34955734541711
2014-12-17,6.2769700331696345
2014-12-18,6.379146487349807
2014-12-19,6.4757844311038895
2014-12-22,6.499279772938337
2014-12-23,6.4309036082912385
2014-12-24,6.41967655833259
2014-12-26,6.387335990732492
2014-12-29,6.408713459437871
2014-12-30,6.4589805409369205
2014-12-31,6.5417534995971005
2015-01-01,6.593586982253892
2015-01-02,6.582176843220416
2015-01-05,6.621505177535443
2015-01-06,6.416817977605756
2015-01-07,6.432932755881029
2015-01-08,6.616975854030578
2015-01-09,6.641673442882723
2015-01-12,6.64429219014934
2015-01-13,6.640146342853516
2015-01-14,6.6004943692270235
2015-01-15,6.702989570384382
2015-01-16,6.656231078414665
2015-01-19,6.699217965867646
2015-01-20,6.754321582983397
2015-01-21,6.840621167176406
2015-01-22,6.82196450022928
2015-01-23,6.820114447783147
2015-01-27,6.781039783351776
2015-01-28,6.92831984019577
2015-01-29,7.039743579204249
2015-01-30,7.032003651404246
2015-02-02,7.022231695072592
2015-02-03,6.898732994799302
2015-02-04,6.831198402567002
2015-02-05,6.7996858112262615
2015-02-06,6.569057026865444
2015-02-09,6.485124181975185
2015-02-10,6.51774070217356
2015-02-11,6.58103971197581
2015-02-12,6.617955724344515
2015-02-13,6.753122086759316
2015-02-16,6.695737215822108
2015-02-18,6.700011986838312
2015-02-19,6.709405891971008
2015-02-20,6.725340672680934
2015-02-23,6.700707630556417
2015-02-24,6.77206800280983
2015-02-25,6.839098795642986
2015-02-26,6.780508286428192
2015-02-27,6.857585525961353
2015-02-28,6.857199197383901
2015-03-02,7.06807862599204
2015-03-03,7.063933963523242
2015-03-04,6.996006158563024
2015-03-05,6.998142935304424
2015-03-09,7.007082726929704
2015-03-10,6.996616686633875
2015-03-11,6.939575024306779
2015-03-12,6.950741665190124
2015-03-13,6.8999564729159655
2015-03-16,6.8711377791007155
2015-03-17,6.918181986083317
2015-03-18,7.018087363082599
2015-03-19,7.027818832499968
2015-03-20,7.001678036015495
2015-03-23,7.015419158445602
2015-03-24,7.021489227826365
2015-03-25,6.9920440624009
2015-03-26,6.935021359355434
2015-03-27,6.907721588957594
2015-03-30,6.909448044271292
2015-03-31,6.91117493108008
2015-04-01,6.31828212132483
2015-04-06,6.319861257310745
2015-04-07,6.321440787972049
2015-04-08,6.323020713407386
2015-04-09,6.324601033715421
2015-04-10,6.326181748994845
2015-04-13,6.327762859344374
2015-04-15,6.329344364862749
2015-04-16,6.330926265648734
2015-04-17,6.332508561801119
2015-04-20,6.334091253418719
2015-04-21,6.335674340600372
2015-04-22,6.337257823444943
2015-04-23,6.338841702051319
2015-04-24,6.340425976518414
2015-04-27,6.342010646945167
2015-04-28,6.34359571343054
2015-04-29,6.34518117607352
2015-04-30,6.34676703497312
2015-05-04,6.348353290228376
2015-05-05,6.3499399419383495
2015-05-06,6.351526990202128
2015-05-07,6.353114435118822
2015-05-08,6.354702276787567
2015-05-11,6.356290515307524
2015-05-12,6.35787915077788
2015-05-13,6.359468183297842
2015-05-14,6.361057612966649
2015-05-15,6.362647439883558
2015-05-18,6.364237664147855
2015-05-19,6.365828285858849
2015-05-20,6.367419305115875
2015-05-21,6.369010722018292
2015-05-22,6.3706025366654835
2015-05-25,6.372194749156859
2015-05-26,6.373787359591851
2015-05-27,6.375380368069918
2015-05-28,6.376973774690546
2015-05-29,6.37856757955324
2015-06-01,6.380161782757535
2015-06-02,6.38175638440299
2015-06-03,6.383351384589185
2015-06-04,6.38494678341573
2015-06-05,6.3865425809822565
2015-06-08,6.388138777388423
2015-06-09,6.38973537273391
2015-06-10,6.3913323671184274
2015-06-11,6.392929760641707
2015-06-12,6.394527553403504
2015-06-15,6.396125745503603
2015-06-16,6.397724337041811
2015-06-17,6.3993233281179585
2015-06-18,6.400922718831904
2015-06-19,6.402522509283528
2015-06-22,6.404122699572738
2015-06-23,6.405723289799466
2015-06-24,6.407324280063669
2015-06-25,6.4089256704653295
2015-06-26,6.410527461104453
2015-06-29,6.412129652081073
2015-06-30,6.413732243495245
2015-07-01,6.415335235447051
2015-07-02,6.416938628036598
2015-07-03,6.418542421364018
2015-07-06,6.420146615529467
2015-07-07,6.421751210633128
2015-07-08,6.423356206775209
2015-07-09,6.424961604055939
2015-07-10,6.426567402575578
2015-07-13,6.4281736024344065
2015-07-14,6.429780203732732
2015-07-15,6.4313872065708875
2015-07-16,6.432994611049229
2015-07-17,6.43460241726814
2015-07-20,6.436210625328028
2015-07-21,6.437819235329324
2015-07-22,6.439428247372488
2015-07-23,6.441037661558002
2015-07-24,6.442647477986373
2015-07-27,6.444257696758135
2015-07-28,6.445868317973846
2015-07-29,6.44747934173409
2015-07-30,6.449090768139475
2015-07-31,6.44104103573703
2015-08-03,6.493645017407509
2015-08-04,6.466325459333766
2015-08-05,6.457277271859773
2015-08-06,6.320948047759
2015-08-07,6.429914790943747
2015-08-10,6.38267833317221
2015-08-11,6.290797745673311
2015-08-12,6.035486809810232
2015-08-13,5.950893513318037
2015-08-14,5.982224100308278
2015-08-17,5.972996095808587
2015-08-18,5.984972440282304
2015-08-19,5.959127517022619
2015-08-20,5.92351343597808
2015-08-21,5.910124384052738
2015-08-24,5.911601508675677
2015-08-25,5.913079002478182
2015-08-26,5.914556865552521
2015-08-27,5.916035097990989
2015-08-28,5.917513699885899
2015-08-31,5.918992671329591
2015-09-01,5.920472012414427
2015-09-02,5.921951723232791
2015-09-03,5.923431803877092
2015-09-04,5.92491225443976
2015-09-07,5.92639307501325
2015-09-08,5.927874265690038
2015-09-09,5.929355826562626
2015-09-10,5.930837757723536
2015-09-11,5.932320059265316
2015-09-14,5.933802731280535
2015-09-15,5.935285773861786
2015-09-16,5.936769187101684
2015-09-18,5.93825297109287
2015-09-21,5.939737125928006
2015-09-22,5.9412216516997765
2015-09-23,5.94270654850089
2015-09-24,5.9441918164240795
2015-09-28,5.945677455562099
2015-09-29,5.947163466007727
2015-09-30,5.9486498478537655
2015-10-01,5.950136601193038
2015-10-05,5.9516237261183935
2015-10-06,5.953111222722702
2015-10-07,5.954599091098858
2015-10-08,5.956087331339779
2015-10-09,5.957575943538405
2015-10-12,5.959064927787701
2015-10-13,5.9605542841806525
2015-10-14,5.962044012810271
2015-10-15,5.963534113769589
2015-10-16,5.965024587151666
2015-10-19,5.966515433049579
2015-10-20,5.968006651556432
2015-10-21,5.9694982427653525
2015-10-23,5.97099020676949
2015-10-26,5.972482543662018
2015-10-27,5.973975253536132
2015-10-28,5.9754683364850525
2015-10-29,5.976961792602022
2015-10-30,5.978455621980308
2015-11-02,5.9799498247131995
2015-11-03,5.981444400894008
2015-11-04,5.982939350616072
2015-11-05,5.984434673972751
2015-11-06,5.985930371057426
2015-11-09,5.987426441963505
2015-11-10,5.988922886784417
2015-11-11,5.990419705613616
2015-11-13,5.991916898544576
2015-11-16,5.993414465670799
2015-11-17,5.994912407085808
2015-11-18,5.996410722883148
2015-11-19,5.99790941315639
2015-11-20,5.999408477999126
2015-11-23,6.000907917504974
2015-11-24,6.0024077317675735
2015-11-26,6.003907920880588
2015-11-27,6.005408484937703
2015-11-30,6.0069094240326315
2015-12-01,6.008410738259105
2015-12-02,6.009912427710881
2015-12-03,6.01141449248174
2015-12-04,6.012916932665487
2015-12-07,6.014419748355947
2015-12-08,6.015922939646973
2015-12-09,6.0174265066324395
2015-12-10,6.018930449406243
2015-12-11,6.020434768062305
2015-12-14,6.02193946269457
2015-12-15,6.023444533397007
2015-12-16,6.0249499802636075
2015-12-17,6.026455803388386
2015-12-18,6.027962002865382
2015-12-21,6.0294685787886575
2015-12-22,6.030975531252298
2015-12-23,6.032482860350412
2015-12-24,6.033990566177133
2015-12-28,6.035498648826617
2015-12-29,6.037007108393044
2015-12-30,6.038515944970618
2015-12-31,6.040025158653564
2016-01-01,6.041534749536134
2016-01-04,6.043044717712601
2016-01-05,6.044555063277264
2016-01-06,6.0460657863244425
2016-01-07,6.047576886948482
2016-01-08,6.04908836524375
2016-01-11,6.050600221304639
2016-01-12,6.052112455225564
2016-01-13,6.053625067100964
2016-01-14,6.055138057025302
2016-01-15,6.056651425093064
2016-01-18,6.058165171398761
2016-01-19,6.059679296036925
2016-01-20,6.061193799102113
2016-01-21,6.062708680688907
2016-01-22,6.06422394089191
2016-01-25,6.065739579805751
2016-01-27,6.067255597525081
2016-01-28,6.068771994144576
2016-01-29,6.0702887697589345
2016-02-01,6.071805924462879
2016-02-02,6.073323458351156
2016-02-03,6.074841371518536
2016-02-04,6.0763596640598125
2016-02-05,6.077878336069802
2016-02-08,6.079397387643347
2016-02-09,6.080916818875311
2016-02-10,6.082436629860583
2016-02-11,6.083956820694075
2016-02-12,6.085477391470723
2016-02-15,6.086998342285487
2016-02-16,6.088519673233351
2016-02-17,6.090041384409321
2016-02-18,6.091563475908427
2016-02-19,6.093085947825726
2016-02-22,6.094608800256295
2016-02-23,6.096132033295237
2016-02-24,6.097655647037676
2016-02-25,6.099179641578764
2016-02-26,6.100704017013673
2016-02-29,6.1022287734376
2016-03-01,6.103753910945768
2016-03-02,6.10527942963342
2016-03-03,6.106805329595825
2016-03-04,6.108331610928276
2016-03-08,6.109858273726089
2016-03-09,6.111385318084604
2016-03-10,6.1129127440991855
2016-03-11,6.11444055186522
2016-03-14,6.115968741478121
2016-03-15,6.117497313033322
2016-03-16,6.119026266626284
2016-03-17,6.120555602352488
2016-03-18,6.122085320307444
2016-03-21,6.12361542058668
2016-03-22,6.125145903285753
2016-03-23,6.12667676850024
2016-03-28,6.128208016325745
2016-03-29,6.129739646857893
2016-03-30,6.131271660192335
2016-03-31,6.1236186284820215
2016-04-01,6.272423296582026
2016-04-04,6.228818768368266
2016-04-05,6.0521319335194965
2016-04-06,6.1908937631375025
2016-04-07,6.048748684340357
2016-04-08,6.0268110457237185
2016-04-11,5.863455808804565
2016-04-12,5.791185527660948
2016-04-13,5.777987657523889
2016-04-18,5.976354332559753
2016-04-20,5.819770727254014
2016-04-21,5.768151762796173
2016-04-22,5.839617488633095
2016-04-25,5.820447144822652
2016-04-26,5.838334452648956
2016-04-27,5.826070806357253
2016-04-28,5.736043944282537
2016-04-29,5.76450313777117
2016-05-02,5.806381563768858
2016-05-03,5.850774596424887
2016-05-04,5.862899542842836
2016-05-05,5.8954367010381254
2016-05-06,5.96188257178261
2016-05-09,6.104728838213768
2016-05-10,6.150758569588823
2016-05-11,6.0516589394744535
2016-05-12,6.130053671769952
2016-05-13,6.148488611214489
2016-05-16,6.256460402157471
2016-05-17,6.2903898886351675
2016-05-18,6.36902826035054
2016-05-19,6.408200112224901
2016-05-20,6.306564390417978
2016-05-23,6.230939216311991
2016-05-24,6.217390523787454
2016-05-25,6.282361086374298
2016-05-26,6.207518498050991
2016-05-27,6.180242283387177
2016-05-30,6.114613677696906
2016-05-31,6.049151275739276
2016-06-01,6.161922358490345
2016-06-02,6.254569268384479
2016-06-03,6.2966482962176515
2016-06-06,6.4949696322712756
2016-06-07,6.6240188744398685
2016-06-08,6.593219649422205
2016-06-09,6.524320364004605
2016-06-10,6.5285968820421525
2016-06-13,6.611749081727098
2016-06-14,6.646740174859847
2016-06-15,6.694033309593732
2016-06-16,6.481218082723469
2016-06-17,6.3866702804826625
2016-06-20,6.4019210612602455
2016-06-21,6.51380572990374
2016-06-22,6.491896716454558
2016-06-23,6.462821609321568
2016-06-24,6.30253482072839
2016-06-27,6.396729500082551
2016-06-28,6.403640483569317
2016-06-29,6.44902456828272
2016-06-30,6.470362180011035
2016-07-01,6.56608341324589
2016-07-04,6.687931698623595
2016-07-05,6.422380593713986
2016-07-07,6.66628302361029
2016-07-08,6.539368168725526
2016-07-11,6.520541115719363
2016-07-12,6.4243217993393
2016-07-13,6.270461375857271
2016-07-14,6.338532317483249
2016-07-15,6.246617691634004
2016-07-18,6.199964643427396
2016-07-19,6.209147868738405
2016-07-20,6.280298855845661
2016-07-21,6.28952654067556
2016-07-22,6.342363533884323
2016-07-25,6.409786853492825
2016-07-26,6.376936562288606
2016-07-27,6.369499178588262
2016-07-28,6.439561064448216
2016-07-29,6.5285905350350255
2016-08-01,6.685456839649019
2016-08-02,6.721523967513463
2016-08-03,6.5439878016840485
2016-08-04,6.473773280952508
2016-08-05,6.440929795785667
2016-08-08,6.408021746825865
2016-08-09,6.106621986548296
2016-08-10,6.072221478672663
2016-08-11,6.012616946258889
2016-08-12,6.007125463491857
2016-08-16,6.109686585786637
2016-08-17,6.127155251038757
2016-08-18,6.194126533771039
2016-08-19,6.224404087879753
2016-08-22,6.218327185445764
2016-08-23,6.210661609572659
2016-08-24,6.173319356998314
2016-08-25,6.092693922857814
2016-08-26,6.0988136604406815
2016-08-29,6.1451890862206335
2016-08-30,6.19385881586221
2016-08-31,6.151927512590769
2016-09-01,6.0297220848465285
2016-09-02,6.081618193066362
2016-09-06,6.091775695109227
2016-09-07,6.07746103633094
2016-09-08,6.060881775960828
2016-09-09,6.019910985907355
2016-09-12,5.934586634026662
2016-09-14,6.095882457916744
2016-09-15,6.122496262261469
2016-09-16,6.17709105099399
2016-09-19,6.256606120092778
2016-09-20,6.302525952382772
2016-09-21,6.2816049193292836
2016-09-22,6.291451713852072
2016-09-23,6.275902344855457
2016-09-26,6.243700884162333
2016-09-27,6.267409915586313
2016-09-28,6.269818411753321
2016-09-29,6.039182922049659
2016-09-30,6.123602019197647
2016-10-03,6.525945042396752
2016-10-04,6.530424215124177
2016-10-05,6.605856700024745
2016-10-06,6.409789646243704
2016-10-07,6.430860536439483
2016-10-10,6.424311196909242
2016-10-13,6.288904906383777
2016-10-14,6.275593385264049
2016-10-17,6.30814876224845
2016-10-18,6.489148338563847
2016-10-19,6.476034109526798
2016-10-20,6.47668766064579
2016-10-21,6.436013491779513
2016-10-24,6.475254825887636
2016-10-25,6.574182695377127
2016-10-26,6.5304221473882516
2016-10-27,6.499031325319512
2016-10-28,6.748988139438752
2016-10-30,6.747595702827362
2016-11-01,6.937746053017443
2016-11-02,6.76753430986366
2016-11-03,6.691528826323738
2016-11-04,6.535079083367634
2016-11-07,6.536712403683691
2016-11-08,6.5383461322174945
2016-11-09,6.53998026907107
2016-11-10,6.54161481434647
2016-11-11,6.543249768145772
2016-11-15,6.544885130571079
2016-11-16,6.546520901724519
2016-11-17,6.548157081708246
2016-11-18,6.54979367062444
2016-11-21,6.551430668575305
2016-11-22,6.553068075663072
2016-11-23,6.554705891989997
2016-11-24,6.5563441176583614
2016-11-25,6.5579827527704735
2016-11-28,6.559621797428665
2016-11-29,6.561261251735295
2016-11-30,6.562901115792746
2016-12-01,6.56454138970343
2016-12-02,6.566182073569779
2016-12-05,6.567823167494256
2016-12-06,6.569464671579348
2016-12-07,6.571106585927565
2016-12-08,6.572748910641444
2016-12-09,6.57439164582355
2016-12-12,6.576034791576471
2016-12-13,6.577678348002822
2016-12-14,6.579322315205243
2016-12-15,6.580966693286399
2016-12-16,6.582611482348982
2016-12-19,6.58425668249571
2016-12-20,6.585902293829324
2016-12-21,6.587548316452594
2016-12-22,6.589194750468313
2016-12-23,6.590841595979302
2016-12-26,6.592488853088405
2016-12-27,6.594136521898494
2016-12-28,6.595784602512466
2016-12-29,6.597433095033243
2016-12-30,6.599081999563775
2017-01-02,6.6007313162070345
2017-01-03,6.602381045066021
2017-01-04,6.604031186243763
2017-01-05,6.605681739843308
2017-01-06,6.607332705967735
2017-01-09,6.608984084720148
2017-01-10,6.610635876203673
2017-01-11,6.612288080521466
2017-01-12,6.613940697776708
2017-01-13,6.615593728072603
2017-01-16,6.617247171512384
2017-01-17,6.618901028199308
2017-01-18,6.620555298236658
2017-01-19,6.622209981727744
2017-01-20,6.623865078775901
2017-01-23,6.6255205894844895
2017-01-24,6.627176513956896
2017-01-25,6.628832852296533
2017-01-27,6.630489604606839
2017-01-30,6.6321467709912785
2017-01-31,6.623868548730245
2017-02-01,6.707141748876525
2017-02-02,6.776396289332694
2017-02-03,6.742398986863722
2017-02-06,6.736643981134028
2017-02-07,6.748697386863167
2017-02-08,6.7423419276464305
2017-02-09,6.916863660674364
2017-02-10,6.919509550845838
2017-02-13,6.934726811034476
2017-02-14,6.901479336497173
2017-02-15,6.760890849446417
2017-02-16,6.843751639274672
2017-02-17,6.851275989202698
2017-02-20,6.9060332003378075
2017-02-21,6.901871861814891
2017-02-22,6.844284938531436
2017-02-23,6.839218195172464
2017-02-27,6.84011334946554
2017-02-28,6.822842909880182
2017-03-01,6.805524911066072
2017-03-02,6.718758409929398
2017-03-03,6.714871759973089
2017-03-06,6.70522384862001
2017-03-07,6.696498278826745
2017-03-08,6.6151505569645765
2017-03-09,6.602414498867148
2017-03-10,6.551630743236635
2017-03-14,6.586391600345626
2017-03-15,6.565227582228311
2017-03-16,6.589074991278183
2017-03-17,6.5470516613183465
2017-03-20,6.543521939005662
2017-03-21,6.539895454894079
2017-03-22,6.536754914185288
2017-03-23,6.540704308246407
2017-03-24,6.535427894008498
2017-03-27,6.539572235169549
2017-03-28,6.557119150089232
2017-03-29,6.550969746676121
2017-03-30,6.588717818101943
2017-03-31,6.555715611758979
2017-04-03,6.60169128278889
2017-04-05,6.559118262718207
2017-04-06,6.526955629592344
2017-04-07,6.413962255340176
2017-04-10,6.511128071769853
2017-04-11,6.465146773604218
2017-04-12,6.474829191393493
2017-04-13,6.543421123812148
2017-04-17,6.578124609444227
2017-04-18,6.457961684226238
2017-04-19,6.421507453768142
2017-04-20,6.552194034692858
2017-04-21,6.642885520778594
2017-04-24,6.830778529562991
2017-04-25,6.875280852679317
2017-04-26,6.899767167228305
2017-04-27,6.935138038939494
2017-04-28,7.015721875823746
2017-05-02,7.151926231380822
2017-05-03,7.111782183835629
2017-05-04,7.167579814307992
2017-05-05,7.093400181972917
2017-05-08,7.092166563416422
2017-05-09,7.12540627286555
2017-05-10,7.203393026426804
2017-05-11,7.189693608290665
2017-05-12,7.063846575944828
2017-05-15,7.080682131147335
2017-05-16,7.013061295992333
2017-05-17,6.978994955603689
2017-05-18,6.857581170041963
2017-05-19,6.851435261725272
2017-05-22,6.783473291528185
2017-05-23,6.736071378867359
2017-05-24,6.729378330936694
2017-05-25,6.776829816110607
2017-05-26,6.798138708316036
2017-05-29,6.844955219992991
2017-05-30,6.8427441217175184
2017-05-31,6.873671710867866
2017-06-01,7.013442071128881
2017-06-02,7.122737260738831
2017-06-05,7.2376911378598745
2017-06-06,7.16179632173559
2017-06-07,7.506897753207817
2017-06-08,7.599991838250347
2017-06-09,7.649713712926486
2017-06-12,7.591408726219611
2017-06-13,7.66053920865357
2017-06-14,7.692793868712782
2017-06-15,7.825660296484643
2017-06-16,7.778569664396044
2017-06-19,7.756499737591628
2017-06-20,7.844636995021219
2017-06-21,7.9002739631146985
2017-06-22,7.7844700665531255
2017-06-23,7.623496413683138
2017-06-27,7.458041174756147
2017-06-28,7.68732783753433
2017-06-29,7.853383214226214
2017-06-30,7.881004554174278
2017-07-03,7.928672267327228
2017-07-04,8.151715793314974
2017-07-05,8.548458732299707
2017-07-06,8.496752259183927
2017-07-07,8.591537096217232
2017-07-10,8.688507875271807
2017-07-11,8.660782678514336
2017-07-12,8.705285463797084
2017-07-13,8.669890881648094
2017-07-14,8.414293914126558
2017-07-17,8.366811963634005
2017-07-18,8.387429054805239
2017-07-19,8.406415117014381
2017-07-20,8.502122190143263
2017-07-21,8.474769126477172
2017-07-24,8.352062475685903
2017-07-25,8.414228732706782
2017-07-26,8.452994724401332
2017-07-27,8.303693650870626
2017-07-28,8.33898136945027
2017-07-31,8.347150120564432
2017-08-01,8.380037684811066
2017-08-02,8.394868358425091
2017-08-03,8.405976430932302
2017-08-04,8.496839445838171
2017-08-07,8.576805171662667
2017-08-08,8.472833848466365
2017-08-09,8.339365685491442
2017-08-10,7.867385333127941
2017-08-11,7.757608793006876
2017-08-14,7.814485572973822
2017-08-16,7.840979009930879
2017-08-17,7.846524776246132
2017-08-18,7.8034980231794755
2017-08-21,7.78052314603895
2017-08-22,7.776961739719372
2017-08-23,7.807871128741121
2017-08-24,7.829699969474759
2017-08-28,7.890038920770036
2017-08-29,7.8720600518486314
2017-08-30,7.965933525026677
2017-08-31,8.041353651122426
2017-09-01,8.064705839575883
2017-09-04,7.988654129659577
2017-09-05,8.190844621015488
2017-09-06,8.263861168815644
2017-09-07,8.25754927255096
2017-09-08,8.303608704100624
2017-09-11,8.515182740210166
2017-09-12,8.514451669563087
2017-09-13,8.424537289416328
2017-09-14,8.576815202143015
2017-09-15,8.67962399168131
2017-09-18,8.870844677054649
2017-09-19,8.914329739116324
2017-09-20,8.956449579135667
2017-09-21,8.968320444262346
2017-09-22,8.683080242214732
2017-09-25,8.398685284221031
2017-09-26,8.557703722051212
2017-09-27,8.372290517872223
2017-09-28,8.408540163304421
2017-09-29,8.476644996740523
2017-10-03,8.857942026189997
2017-10-04,9.213194043633013
2017-10-05,9.653712777250123
2017-10-06,9.80668233672814
2017-10-09,10.120895924409375
2017-10-10,10.358878911993424
2017-10-11,10.237557597895787
2017-10-12,10.346935889954509
2017-10-13,10.54158904126265
2017-10-16,10.662929462115628
2017-10-17,10.685747910181856
2017-10-18,10.778862038983819
2017-10-19,10.779904839547894
2017-10-23,10.769462389099747
2017-10-24,10.772155366254776
2017-10-25,10.722411837233649
2017-10-26,10.763962167021736
2017-10-27,10.967465522427462
2017-10-30,11.358741954841191
2017-10-31,11.634974021344098
2017-11-01,11.688906922988455
2017-11-02,11.756489977994033
2017-11-03,11.969656103009882
2017-11-06,12.438804744168364
2017-11-07,12.622203330707041
2017-11-08,12.216243450463558
2017-11-09,12.495491702326085
2017-11-10,12.403275230895618
2017-11-13,12.738144616506073
2017-11-14,13.005610644317548
2017-11-15,12.489002743717752
2017-11-16,12.494912930849784
2017-11-17,12.23035809819753
2017-11-20,11.956078030968888
2017-11-21,11.657605626072982
2017-11-22,11.884559382841806
2017-11-23,11.937918379913953
2017-11-24,11.785686967334119
2017-11-27,11.827828438564676
2017-11-28,11.77482772586503
2017-11-29,11.821705895364888
2017-11-30,11.783329299763743
2017-12-01,11.513505776314787
2017-12-04,11.300333782150485
2017-12-05,11.28415547820535
2017-12-06,11.237637956351495
2017-12-07,11.565657938195432
2017-12-08,11.687872405086061
2017-12-11,11.639118539544206
2017-12-12,11.620335834294787
2017-12-13,11.533507002758363
2017-12-14,11.564952168997156
2017-12-15,11.68766374966999
2017-12-18,11.630227555686197
2017-12-19,11.690592964664683
2017-12-20,11.53682430344044
2017-12-21,11.505467338348117
2017-12-22,11.58711771849298
2017-12-26,11.618740499080488
2017-12-27,11.682287681106505
2017-12-28,11.729986953592352
2017-12-29,11.845965783380855
2018-01-01,12.107184241301756
2018-01-02,12.545103716926246
2018-01-03,13.099315615980947
2018-01-04,13.047697876333707
2018-01-05,13.03276188954556
2018-01-08,13.650425739543891
2018-01-09,13.882760002205782
2018-01-10,13.661812038360885
2018-01-11,13.886795671256879
2018-01-12,14.04996404047976
2018-01-15,14.173999305507701
2018-01-16,13.726132499469177
2018-01-17,13.771712816874865
2018-01-18,13.288051561201812
2018-01-19,13.423672854284016
2018-01-22,13.729461336566182
2018-01-23,13.833292783394677
2018-01-24,13.731628404455854
2018-01-25,13.872501760433476
2018-01-29,13.854899833753368
2018-01-30,13.634674385382151
2018-01-31,13.394375129315014
2018-02-01,13.09388361203884
2018-02-02,12.76124187743128
2018-02-05,12.601281387125889
2018-02-06,12.598979234734534
2018-02-07,12.617592874362973
2018-02-08,12.623531387734982
2018-02-09,12.59235041015171
2018-02-12,12.595497631706252
2018-02-14,12.59864563984973
2018-02-15,12.601794434778737
2018-02-16,12.604944016689917
2018-02-19,12.608094385779959
2018-02-20,12.611245542245605
2018-02-21,12.614397486283645
2018-02-22,12.617550218090916
2018-02-23,12.620703737864307
2018-02-26,12.623858045800757
2018-02-27,12.627013142097251
2018-02-28,12.611252148727734
2018-03-01,12.4790770617054
2018-03-05,12.147648585037675
2018-03-06,12.076613366890472
2018-03-07,11.721856326801017
2018-03-08,11.758828962787302
2018-03-09,11.710091444952106
2018-03-12,11.713018162443346
2018-03-13,11.715945611412671
2018-03-14,11.718873792042901
2018-03-15,11.721802704516902
2018-03-16,11.724732349017582
2018-03-19,11.7276627257279
2018-03-20,11.730593834830856
2018-03-21,11.7335256765095
2018-03-22,11.736458250946923
2018-03-23,11.739391558326265
2018-03-26,11.742325598830712
2018-03-27,11.745260372643495
2018-03-28,11.74819587994789
2018-04-02,10.700472638874503
2018-04-03,10.703147021101486
2018-04-04,10.705822071740094
2018-04-05,10.708497790957383
2018-04-06,10.711174178920452
2018-04-09,10.71385123579644
2018-04-10,10.71652896175253
2018-04-11,10.719207356955948
2018-04-12,10.721886421573958
2018-04-13,10.724566155773868
2018-04-16,10.727246559723026
2018-04-17,10.729927633588826
2018-04-18,10.732609377538699
2018-04-19,10.73529179174012
2018-04-20,10.737974876360608
2018-04-23,10.740658631567719
2018-04-24,10.743343057529055
2018-04-25,10.746028154412258
2018-04-26,10.748713922385011
2018-04-27,10.751400361615044
2018-04-30,10.737980501517841
2018-05-02,10.522912954767033
2018-05-03,10.345701904476424
2018-05-04,10.447387513325754
2018-05-07,10.558673758377239
2018-05-08,10.609670296985158
2018-05-09,10.848917382661314
2018-05-10,10.699693465074258
2018-05-11,10.758024851711532
2018-05-14,10.844046203065002
2018-05-15,10.884756104801758
2018-05-16,11.075387820196015
2018-05-17,11.363003076845356
2018-05-18,11.015896951987086
2018-05-21,11.06794592366841
2018-05-22,11.091142085396172
2018-05-23,11.379255962367068
2018-05-24,11.34794108346481
2018-05-25,11.42743740018654
2018-05-28,11.490373628234877
2018-05-29,11.64280040299049
2018-05-30,11.60043745514569
2018-05-31,11.479712075516106
2018-06-01,11.160367831234284
2018-06-04,10.626664841514357
2018-06-05,10.40044562214683
2018-06-06,10.518934230059468
2018-06-07,10.6290119103252
2018-06-08,10.69363297511762
2018-06-11,10.703330774066155
2018-06-12,10.681488155968353
2018-06-13,10.632306242954117
2018-06-14,10.640961369437925
2018-06-15,10.616736964826703
2018-06-18,10.609346980796285
2018-06-19,10.60863805759197
2018-06-20,10.66265980139259
2018-06-21,10.606428607543323
2018-06-22,10.616680266475402
2018-06-25,10.694232975046495
2018-06-26,10.702491619930527
2018-06-27,10.613016291427385
2018-06-28,10.560987460247018
2018-06-29,10.626696221173708
2018-07-02,10.685471241016094
2018-07-03,10.848839588731876
2018-07-04,10.969703043145188
2018-07-05,10.83418181143863
2018-07-06,10.847232430108154
2018-07-09,11.256222499957596
2018-07-10,11.3458058862164
2018-07-11,11.316273464177872
2018-07-12,11.185089817932058
2018-07-13,10.999705491488616
2018-07-16,10.822065556750001
2018-07-17,10.909323663828658
2018-07-18,10.947044071249223
2018-07-19,10.955866323365019
2018-07-20,11.08289422512361
2018-07-23,10.991638099862943
2018-07-24,10.865696668891893
2018-07-25,10.906136664799217
2018-07-26,10.939296385462526
2018-07-27,10.962330585084494
2018-07-30,10.957440813822062
2018-07-31,11.09800774170867
2018-08-01,11.159172556452857
2018-08-02,11.126390970142191
2018-08-03,11.287976865497145
2018-08-06,11.199981912536906
2018-08-07,11.072089301968948
2018-08-08,11.294548405413234
2018-08-09,11.397389367458135
2018-08-10,11.326027387225441
2018-08-13,11.238049520187772
2018-08-14,11.272551416032073
2018-08-16,11.22793624757399
2018-08-17,11.204597843417659
2018-08-20,11.06535232904875
2018-08-21,11.229526846649847
2018-08-23,11.122058482131058
2018-08-24,11.112047300211646
2018-08-27,11.231400489184242
2018-08-28,11.247013579765618
2018-08-29,11.291353358289726
2018-08-30,11.334818767450987
2018-08-31,11.422840062622
2018-09-03,11.252811708782021
2018-09-04,10.965028917505272
2018-09-05,10.80834611786139
2018-09-06,10.890955347948307
2018-09-07,10.89556045771035
2018-09-10,10.87979328506253
2018-09-11,10.667143423685044
2018-09-12,10.571621058545414
2018-09-14,10.599294690350906
2018-09-17,10.61198732617174
2018-09-18,10.549331234971298
2018-09-19,10.4124528488597
2018-09-21,10.356449189820587
2018-09-24,10.302511682595975
2018-09-25,10.30508660195394
2018-09-26,10.307662164864654
2018-09-27,10.310238371488959
2018-09-28,10.312815221987739
2018-10-01,10.31539271652192
2018-10-03,10.317970855252465
2018-10-04,10.32054963834038
2018-10-05,10.323129065946707
2018-10-08,10.325709138232536
2018-10-09,10.328289855358989
2018-10-10,10.330871217487234
2018-10-11,10.333453224778475
2018-10-12,10.33603587739396
2018-10-15,10.338619175494975
2018-10-16,10.341203119242847
2018-10-17,10.343787708798942
2018-10-19,10.34637294432467
2018-10-22,10.348958825981478
2018-10-23,10.351545353930854
2018-10-24,10.354132528334327
2018-10-25,10.356720349353466
2018-10-26,10.35930881714988
2018-10-29,10.36189793188522
2018-10-30,10.364487693721177
2018-10-31,10.367078102819479
2018-11-01,10.369669159341898
2018-11-02,10.372260863450247
2018-11-05,10.374853215306377
2018-11-06,10.37744621507218
2018-11-07,10.380039862909587
2018-11-09,10.382634158980576
2018-11-12,10.385229103447157
2018-11-13,10.387824696471386
2018-11-14,10.390420938215357
2018-11-15,10.393017828841204
2018-11-16,10.395615368511105
2018-11-19,10.398213557387276
2018-11-20,10.400812395631974
2018-11-21,10.403411883407497
2018-11-22,10.406012020876181
2018-11-26,10.408612808200406
2018-11-27,10.411214245542592
2018-11-28,10.413816333065197
2018-11-29,10.416419070930722
2018-11-30,10.419022459301708
2018-12-03,10.421626498340737
2018-12-04,10.424231188210431
2018-12-05,10.426836529073453
2018-12-06,10.429442521092508
2018-12-07,10.432049164430337
2018-12-10,10.434656459249728
2018-12-11,10.437264405713504
2018-12-12,10.439873003984534
2018-12-13,10.442482254225723
2018-12-14,10.445092156600019
2018-12-17,10.447702711270411
2018-12-18,10.450313918399928
2018-12-19,10.45292577815164
2018-12-20,10.455538290688656
2018-12-21,10.458151456174129
2018-12-24,10.460765274771251
2018-12-26,10.463379746643255
2018-12-27,10.465994871953416
2018-12-28,10.468610650865047
2018-12-31,10.471227083541503
2019-01-01,10.473844170146181
2019-01-02,10.476461910842518
2019-01-03,10.479080305793993
2019-01-04,10.481699355164123
2019-01-07,10.48431905911647
2019-01-08,10.486939417814632
2019-01-09,10.489560431422252
2019-01-10,10.492182100103012
2019-01-11,10.494804424020634
2019-01-14,10.497427403338884
2019-01-15,10.500051038221565
2019-01-16,10.502675328832526
2019-01-17,10.505300275335651
2019-01-18,10.50792587789487
2019-01-21,10.51055213667415
2019-01-22,10.513179051837502
2019-01-23,10.515806623548977
2019-01-24,10.518434851972668
2019-01-25,10.521063737272705
2019-01-28,10.523693279613264
2019-01-29,10.52632347915856
2019-01-30,10.528954336072848
2019-01-31,10.51581213232194
2019-02-01,10.407160891497119
2019-02-04,10.206002999191458
2019-02-05,10.36161378819563
2019-02-06,10.606928782861065
2019-02-07,10.707658294165501
2019-02-08,10.806840641820871
2019-02-11,10.696608722952426
2019-02-12,10.606044844735063
2019-02-13,10.525387926845841
2019-02-14,10.611506538615354
2019-02-15,10.595358586407054
2019-02-18,10.504317701140275
2019-02-19,10.638095950723809
2019-02-20,10.655118857538973
2019-02-21,10.700814601158857
2019-02-22,10.766346136922897
2019-02-25,11.013729095735895
2019-02-26,10.836692726807481
2019-02-27,10.780982410354824
2019-02-28,10.883984700414233
2019-03-01,11.07469600623751
2019-03-05,11.211662221352487
2019-03-06,11.423564780258507
2019-03-07,11.227099254787564
2019-03-08,11.116513835673658
2019-03-11,11.191800847178706
2019-03-12,11.344048559316812
2019-03-13,11.13231053237065
2019-03-14,11.230090362791607
2019-03-15,11.133736749817212
2019-03-18,11.064699420934836
2019-03-19,10.938270650571715
2019-03-20,10.884917247154181
2019-03-22,10.894653415639256
2019-03-25,10.825829764844901
2019-03-26,10.846139579286435
2019-03-27,10.901792517613721
2019-03-28,10.9145616272262
2019-03-29,10.9646604682823
2019-04-01,11.02745307590908
2019-04-02,10.994895460623642
2019-04-03,10.86698269007647
2019-04-04,10.791488398159064
2019-04-05,11.094562536753768
2019-04-08,10.861992968535843
2019-04-09,11.040489238708888
2019-04-10,10.961443183812609
2019-04-11,11.000236364651764
2019-04-12,11.172499474134735
2019-04-15,11.240690444501716
2019-04-16,11.249925424937555
2019-04-18,11.19731875539768
2019-04-22,10.95744270041774
2019-04-23,10.90783791548526
2019-04-24,11.010991713804112
2019-04-25,10.976694779179729
2019-04-26,10.91895786654113
2019-04-30,10.877567415648567
2019-05-02,11.003774184874771
2019-05-03,10.948122842421371
2019-05-06,10.780431036889489
2019-05-07,10.64145709355088
2019-05-08,10.492747293119237
2019-05-09,10.536498611609874
2019-05-10,10.531973400917352
2019-05-13,10.453649830519149
2019-05-14,10.467268884868515
2019-05-15,10.467939480238767
2019-05-16,10.46213613226525
2019-05-17,10.55506971784223
2019-05-20,10.604300896280256
2019-05-21,10.572601203641181
2019-05-22,10.620214898504653
2019-05-23,10.619270300039197
2019-05-24,10.660410625281388
2019-05-27,10.667560317338909
2019-05-28,10.652049778466681
2019-05-29,10.638158441904435
2019-05-30,10.64854711201884
2019-05-31,10.671071230598562
2019-06-03,10.79975027610612
2019-06-04,10.698835650424787
2019-06-06,10.395927454531247
2019-06-07,10.450623049013064
2019-06-10,10.372223156558064
2019-06-11,10.38683616822702
2019-06-12,10.36719487437702
2019-06-13,10.349274488367666
2019-06-14,10.288471440292497
2019-06-17,10.166316529595305
2019-06-18,10.125147345926292
2019-06-19,10.054461987114014
2019-06-20,10.155459008514581
2019-06-21,10.193825676158246
2019-06-24,10.22482973281204
2019-06-25,10.272282820944277
2019-06-26,10.241149074928979
2019-06-27,10.2882124776898
2019-06-28,10.316879016642126
2019-07-01,10.639535381444205
2019-07-02,10.7987634743989
2019-07-03,10.760462694456002
2019-07-04,10.76928049693787
2019-07-05,10.685715608763818
2019-07-08,10.523045002479497
2019-07-09,10.602616612666555
2019-07-10,10.473829163605252
2019-07-11,10.39407455214354
2019-07-12,10.505825575698978
2019-07-15,10.414172876590971
2019-07-16,10.394120053231415
2019-07-17,10.451647676440643
2019-07-18,10.36875385047458
2019-07-19,10.19218393630521
2019-07-22,10.194731281314473
2019-07-23,10.197279262984793
2019-07-24,10.199827881475292
2019-07-25,10.20237713694513
2019-07-26,10.204927029553508
2019-07-29,10.207477559459669
2019-07-30,10.210028726822891
2019-07-31,10.212580531802496
2019-08-01,10.215132974557843
2019-08-02,10.217686055248333
2019-08-05,10.220239774033406
2019-08-06,10.222794131072542
2019-08-07,10.22534912652526
2019-08-08,10.227904760551118
2019-08-09,10.230461033309718
2019-08-13,10.233017944960697
2019-08-14,10.235575495663735
2019-08-16,10.238133685578552
2019-08-19,10.240692514864906
2019-08-20,10.243251983682596
2019-08-21,10.245812092191462
2019-08-22,10.248372840551383
2019-08-23,10.250934228922276
2019-08-26,10.2534962574641
2019-08-27,10.256058926336854
2019-08-28,10.258622235700576
2019-08-29,10.261186185715347
2019-08-30,10.263750776541285
2019-09-03,10.266316008338546
2019-09-04,10.268881881267331
2019-09-05,10.271448395487878
2019-09-06,10.274015551160467
2019-09-09,10.276583348445415
2019-09-11,10.279151787503084
2019-09-12,10.28172086849387
2019-09-13,10.284290591578214
2019-09-16,10.286860956916595
2019-09-17,10.28943196466953
2019-09-18,10.292003614997581
2019-09-19,10.294575908061347
2019-09-20,10.297148844021468
2019-09-23,10.299722423038624
2019-09-24,10.302296645273534
2019-09-25,10.304871510886958
2019-09-26,10.307447020039698
2019-09-27,10.310023172892594
2019-09-30,10.297154238249153
2019-10-01,10.225239157849217
2019-10-03,10.151534308211133
2019-10-04,10.079448482519592
2019-10-07,10.081967651418871
2019-10-09,10.084487449937118
2019-10-10,10.087007878231693
2019-10-11,10.089528936459997
2019-10-14,10.092050624779471
2019-10-15,10.094572943347595
2019-10-16,10.097095892321885
2019-10-17,10.099619471859901
2019-10-18,10.102143682119241
2019-10-22,10.104668523257542
2019-10-23,10.10719399543248
2019-10-24,10.10972009880177
2019-10-25,10.112246833523168
2019-10-27,10.114774199754468
2019-10-29,10.117302197653505
2019-10-30,10.11983082737815
2019-10-31,10.107199290151092
2019-11-01,10.028121899280633
2019-11-04,9.978260374210311
2019-11-05,9.800108835342163
2019-11-06,9.731312970599902
2019-11-07,9.761230112351969
2019-11-08,9.66199712871989
2019-11-11,9.836417066069622
2019-11-13,10.082072561913847
2019-11-14,10.081911649139668
2019-11-15,10.049844762196436
2019-11-18,9.991496110766434
2019-11-19,10.0309598786725
2019-11-20,10.074078172856929
2019-11-21,10.16942965681444
2019-11-22,10.257515647531989
2019-11-25,10.295940395542743
2019-11-26,10.303941793248713
2019-11-27,10.481193277421795
2019-11-28,10.567103826646381
2019-11-29,10.550957491608253
2019-12-02,10.387003920615575
2019-12-03,10.338892367798044
2019-12-04,10.426884154368564
2019-12-05,10.373879165189514
2019-12-06,10.335109633163398
2019-12-09,10.31511916461993
2019-12-10,10.275399128454495
2019-12-11,10.411065978843432
2019-12-12,10.468554177938099
2019-12-13,10.499444990756167
2019-12-16,10.516056190321809
2019-12-17,10.528752962550122
2019-12-18,10.510962803660785
2019-12-19,10.488598869354778
2019-12-20,10.474367150303543
2019-12-23,10.633446825047361
2019-12-24,10.736397526072537
2019-12-26,10.582001629454545
2019-12-27,10.50002441221818
2019-12-30,10.650193512006275
2019-12-31,10.79351865034109
2020-01-01,10.884896125276724
2020-01-02,11.064339343158007
2020-01-03,11.262431719550442
2020-01-06,11.129355629178633
2020-01-07,11.352983574514944
2020-01-08,11.415408299164735
2020-01-09,11.605862479817567
2020-01-10,11.461879504356116
2020-01-13,11.3195395870736
2020-01-14,11.165201310430415
2020-01-15,11.008553179164277
2020-01-16,10.876139508727078
2020-01-17,11.013132368287192
2020-01-20,11.167737408013341
2020-01-21,11.180836291886873
2020-01-22,11.109475456110818
2020-01-23,11.080278080918799
2020-01-24,11.026864864294065
2020-01-27,11.046609748946624
2020-01-28,11.037426412940075
2020-01-29,10.988997453437776
2020-01-30,10.962977494272296
2020-01-31,11.129211382087052
2020-02-01,10.90309745629527
2020-02-03,10.90582248079094
2020-02-04,10.908548186355318
2020-02-05,10.911274573158625
2020-02-06,10.914001641371124
2020-02-07,10.91672939116312
2020-02-10,10.919457822704961
2020-02-11,10.922186936167039
2020-02-12,10.924916731719785
2020-02-13,10.927647209533674
2020-02-14,10.930378369779227
2020-02-17,10.933110212627003
2020-02-18,10.935842738247608
2020-02-19,10.938575946811685
2020-02-20,10.941309838489925
2020-02-24,10.94404441345306
2020-02-25,10.946779671871862
2020-02-26,10.949515613917152
2020-02-27,10.952252239759785
2020-02-28,10.954989549570666
2020-03-02,10.957727543520738
2020-03-03,10.96046622178099
2020-03-04,10.963205584522454
2020-03-05,10.9659456319162
2020-03-06,10.968686364133347
2020-03-09,10.971427781345053
2020-03-11,10.974169883722519
2020-03-12,10.976912671436988
2020-03-13,10.97965614465975
2020-03-16,10.982400303562132
2020-03-17,10.985145148315508
2020-03-18,10.987890679091295
2020-03-19,10.99063689606095
2020-03-20,10.993383799395973
2020-03-23,10.99613138926791
2020-03-24,10.998879665848348
2020-03-25,11.001628629308916
2020-03-26,11.004378279821287
2020-03-27,11.007128617557177
2020-03-30,11.009879642688345
2020-03-31,11.012631355386592
2020-04-01,10.934061030964468
2020-04-03,10.936793794224263
2020-04-07,10.939527240486926
2020-04-08,10.942261369923159
2020-04-09,10.94499618270371
2020-04-13,10.947731678999366
2020-04-15,10.95046785898096
2020-04-16,10.953204722819368
2020-04-17,10.955942270685506
2020-04-20,10.958680502750333
2020-04-21,10.961419419184853
2020-04-22,10.96415902016011
2020-04-23,10.966899305847194
2020-04-24,10.969640276417234
2020-04-27,10.972381932041404
2020-04-28,10.975124272890922
2020-04-29,10.977867299137044
2020-04-30,10.980611010951074
2020-05-04,10.983355408504357
2020-05-05,10.986100491968282
2020-05-06,10.988846261514276
2020-05-07,10.991592717313814
2020-05-08,10.994339859538414
2020-05-11,10.997087688359633
2020-05-12,10.999836203949073
2020-05-13,11.00258540647838
2020-05-14,11.00533529611924
2020-05-15,11.008085873043385
2020-05-18,11.010837137422588
2020-05-19,11.013589089428665
2020-05-20,11.016341729233476
2020-05-21,11.019095057008924
2020-05-22,11.021849072926953
2020-05-26,11.024603777159554
2020-05-27,11.027359169878755
2020-05-28,11.030115251256632
2020-05-29,11.032872021465302
2020-06-01,11.035629480676924
2020-06-02,11.038387629063704
2020-06-03,11.041146466797887
2020-06-04,11.043905994051762
2020-06-05,11.046666210997662
2020-06-08,11.049427117807964
2020-06-09,11.052188714655085
2020-06-10,11.054951001711485
2020-06-11,11.057713979149673
2020-06-12,11.060477647142195
2020-06-15,11.06324200586164
2020-06-16,11.066007055480645
2020-06-17,11.068772796171887
2020-06-18,11.071539228108085
2020-06-19,11.074306351462004
2020-06-22,11.077074166406451
2020-06-23,11.079842673114275
2020-06-24,11.08261187175837
2020-06-25,11.085381762511673
2020-06-26,11.088152345547163
2020-06-29,11.090923621037863
2020-06-30,11.077079969203036
2020-07-01,11.327809154121113
2020-07-02,11.442835371758568
2020-07-03,11.772058943203122
2020-07-06,12.020307457063767
2020-07-07,12.125152253672168
2020-07-08,12.157710386745872
2020-07-09,12.316020744194525
2020-07-10,12.613420962067583
2020-07-13,12.893605918905868
2020-07-14,12.51239456439828
2020-07-15,12.547704261297449
2020-07-16,12.408696818320552
2020-07-17,12.79911623241498
2020-07-20,13.155944113136213
2020-07-21,13.250530483214742
2020-07-22,13.155130579236031
2020-07-23,13.303747749956937
2020-07-24,13.405148009744117
2020-07-27,13.412676593705825
2020-07-28,13.4649815583709
2020-07-29,13.550095675449477
2020-07-30,13.397150871165175
2020-07-31,13.744334277723802
2020-08-03,14.070062853179213
2020-08-04,14.133173926794097
2020-08-05,14.380366384563427
2020-08-06,14.77280610569676
2020-08-07,14.974639557075243
2020-08-10,15.602416153181828
2020-08-11,15.157222391808041
2020-08-12,14.915446846918176
2020-08-13,15.022489758806952
2020-08-14,14.894983442447785
2020-08-17,15.27464981585996
2020-08-18,15.40377181007684
2020-08-19,15.513813550930248
2020-08-20,16.021236387226118
2020-08-21,16.50282652000882
2020-08-24,17.198977890128337
2020-08-25,17.130228808067503
2020-08-26,16.72011835113253
2020-08-27,16.823452914172993
2020-08-28,16.812911091514383
2020-08-31,15.954177800901064
2020-09-01,16.335072567863914
2020-09-02,16.71731673611828
2020-09-03,16.858578936645774
2020-09-04,16.71258169020663
2020-09-07,16.958688759530297
2020-09-08,17.00834397175162
2020-09-09,17.07785645363127
2020-09-10,17.14383624827598
2020-09-11,17.233125130228963
2020-09-14,17.975849541910932
2020-09-15,18.31146609385876
2020-09-16,18.26359086252208
2020-09-17,18.249430526818987
2020-09-18,18.38016206600515
2020-09-21,17.804301088203843
2020-09-22,17.526740004555684
2020-09-23,17.382213097469624
2020-09-24,17.231305431480695
2020-09-25,17.816202276305276
2020-09-28,18.627616350625985
2020-09-29,18.567636000169102
2020-09-30,18.63557910158812
2020-10-01,18.84844617114326
2020-10-05,19.166083925925136
2020-10-06,19.402800946486124
2020-10-07,19.514144766710093
2020-10-08,19.876233872724345
2020-10-09,19.563708679183268
2020-10-12,19.074258536096803
2020-10-13,19.02088396536667
2020-10-14,19.17649816183512
2020-10-15,18.698425912511304
2020-10-16,18.93284444958039
2020-10-19,18.984608691852262
2020-10-20,18.999832720501814
2020-10-21,18.86861139413313
2020-10-22,18.97507521576719
2020-10-23,19.02742597638013
2020-10-26,18.660031220845333
2020-10-27,18.89132317454042
2020-10-28,18.99418470612631
2020-10-29,19.28697459441687
2020-10-30,19.514939128807857
2020-11-02,19.358529581520706
2020-11-03,19.225266422691718
2020-11-04,19.038634005553902
2020-11-05,19.194615717733853
2020-11-06,19.32358456190115
2020-11-09,19.598858072518887
2020-11-10,19.309157503506366
2020-11-11,19.46286654997163
2020-11-12,19.79157321180428
2020-11-13,20.254326985236702
2020-11-14,20.40861421465977
2020-11-17,20.641475086122618
2020-11-18,20.948888048882317
2020-11-19,21.01872510205623
2020-11-20,21.469431826161184
2020-11-23,21.931398718657938
2020-11-24,22.260479994863964
2020-11-25,22.19788144803391
2020-11-26,22.342921703574227
2020-11-27,22.804076515290074
2020-12-01,22.96004244455859
2020-12-02,23.125311442954384
2020-12-03,23.46079622288382
2020-12-04,23.828321322189776
2020-12-07,24.285308413864247
2020-12-08,24.628050372030327
2020-12-09,24.88126636437428
2020-12-10,25.080010964975727
2020-12-11,25.198613628117872
2020-12-14,25.16949286644983
2020-12-15,24.90671984808899
2020-12-16,24.822953685664523
2020-12-17,24.479310968704333
2020-12-18,24.098434812075475
2020-12-21,23.255481646204046
2020-12-22,23.159592397835716
2020-12-23,23.520887896230114
2020-12-24,23.681303140798292
2020-12-28,23.94564541537012
2020-12-29,23.82020041409288
2020-12-30,23.80781428228748
2020-12-31,23.814070058421382
2021-01-01,23.86952711650514
2021-01-04,24.44409578862737
2021-01-05,24.711992535281805
2021-01-06,24.665963161340546
2021-01-07,25.389931146668616
2021-01-08,25.21567927476073
2021-01-11,25.07320449782724
2021-01-12,24.999570220687723
2021-01-13,24.59087700798886
2021-01-14,25.08980577322967
2021-01-15,25.354267259170477
2021-01-18,25.066806908918892
2021-01-19,25.21998849785719
2021-01-20,25.228382702760854
2021-01-21,24.794145406717686
2021-01-22,24.352586509356854
2021-01-25,23.980078129873917
2021-01-27,23.7782231855234
2021-01-28,23.560317865626097
2021-01-29,23.397855941280742
2021-02-01,23.507216832334915
2021-02-02,23.479652398030474
2021-02-03,23.719280991691306
2021-02-04,24.205266637673002
2021-02-05,24.55918800356225
2021-02-08,24.470022211686675
2021-02-09,24.645510108743657
2021-02-10,24.95558176025917
2021-02-11,24.81203153142367
2021-02-12,24.710328805151065
2021-02-15,24.607702627128553
2021-02-16,24.458565962014536
2021-02-17,24.026097094473908
2021-02-18,24.20890814659969
2021-02-19,24.035637032456172
2021-02-22,23.98851447098789
2021-02-23,24.33213174185029
2021-02-24,24.34092132643999
2021-02-25,24.069543569287006
2021-02-26,23.986894319706508
2021-03-01,24.143850492745287
2021-03-02,23.971285521462743
2021-03-03,23.943984792363928
2021-03-04,23.846557231095264
2021-03-05,23.737463384813527
2021-03-08,23.7719815117701
2021-03-09,23.72568256479746
2021-03-10,23.790883048379822
2021-03-12,23.756659158067535
2021-03-15,23.599883911483495
2021-03-16,23.721603958468563
2021-03-17,23.210719198271022
2021-03-18,23.03818936354027
2021-03-19,23.1557503877467
2021-03-22,23.17742537127823
2021-03-23,23.225381373888744
2021-03-24,23.021123125250316
2021-03-25,22.8389180307234
2021-03-26,22.801871169780604
2021-03-30,22.648207341235377
2021-03-31,22.461555642424933
2021-04-01,21.17183545770426
2021-04-05,21.378962929446764
2021-04-06,22.045974338911556
2021-04-07,21.67778327790823
2021-04-08,21.338958517571474
2021-04-09,22.468731143320888
2021-04-12,21.0508819593824
2021-04-13,21.89705823253336
2021-04-15,21.880974066665082
2021-04-16,22.062345944646907
2021-04-19,22.24255822718341
2021-04-20,22.849093942779273
2021-04-22,22.85720273206437
2021-04-23,22.436499545506603
2021-04-26,22.68078106801151
2021-04-27,22.746379258447057
2021-04-28,22.673593944349076
2021-04-29,22.552223192672926
2021-04-30,22.441442437211407
2021-05-03,23.219793750038114
2021-05-04,22.79692871758741
2021-05-05,23.21048039126153
2021-05-06,24.400722839067562
2021-05-07,24.89075375334999
2021-05-10,25.26939408755444
2021-05-11,25.355782538628024
2021-05-12,24.897344687952902
2021-05-14,23.98352567156362
2021-05-17,24.519850477358272
2021-05-18,24.570257927449852
2021-05-19,24.585903408460013
2021-05-20,24.472427510672347
2021-05-21,24.405201070919247
2021-05-24,24.268707457012123
2021-05-25,24.56236513873576
2021-05-26,24.966931513845253
2021-05-27,24.93007018746454
2021-05-28,24.777252143225972
2021-05-31,24.798571007742893
2021-06-01,24.758798868968793
2021-06-02,25.716455547651137
2021-06-03,25.962912858690643
2021-06-04,26.400223904090986
2021-06-07,26.222693088926242
2021-06-08,26.465012109465075
2021-06-09,25.993222694486697
2021-06-10,26.42173435352562
2021-06-11,26.881728085232965
2021-06-14,26.945836907139633
2021-06-15,26.76160830244255
2021-06-16,26.17239397284534
2021-06-17,25.56194433264793
2021-06-18,25.60182369045327
2021-06-21,25.86409843884191
2021-06-22,25.845228504193912
2021-06-23,25.620675587161003
2021-06-24,25.687898312489736
2021-06-25,25.67528827910681
2021-06-28,25.597678645233664
2021-06-29,25.68995386617184
2021-06-30,25.59072935380173
2021-07-01,25.66183179935672
2021-07-02,25.862323879412298
2021-07-05,26.167486845140363
2021-07-06,26.066724424199393
2021-07-07,26.12975437836334
2021-07-08,26.050484291728115
2021-07-09,25.79902398232687
2021-07-12,26.004676270898656
2021-07-13,26.272127518687924
2021-07-14,26.346252959583886
2021-07-15,26.521256558732105
2021-07-16,26.537986690335998
2021-07-19,26.87423381693061
2021-07-20,26.988613442505226
2021-07-22,27.438275304332148
2021-07-23,27.75913648860773
2021-07-26,28.054771597773588
2021-07-27,28.308506832769815
2021-07-28,28.177537201761513
2021-07-29,27.957715425937934
2021-07-30,28.051363933906607
2021-08-02,28.41242373196988
2021-08-03,28.300315314123957
2021-08-04,27.808562333986654
2021-08-05,27.210899574144573
2021-08-06,27.215079392813376
2021-08-09,27.059421953745126
2021-08-10,26.132334325127033
2021-08-11,26.082146502426298
2021-08-12,26.109282640930026
2021-08-13,26.03154857081051
2021-08-16,25.965426183342526
2021-08-17,26.04573041777661
2021-08-18,25.929887323402156
2021-08-20,25.83406066705953
2021-08-23,25.495972698890917
2021-08-24,25.48351112016423
2021-08-25,25.434943653310622
2021-08-26,25.452574274994767
2021-08-27,25.46074962492949
2021-08-30,25.462908492584123
2021-08-31,25.339208770618736
2021-09-01,25.31366238222791
2021-09-02,25.37904898314926
2021-09-03,24.994574532192747
2021-09-06,24.95026626160386
2021-09-07,24.794240704282267
2021-09-08,25.691226111565523
2021-09-09,26.349200618250173
2021-09-13,26.905712392717437
2021-09-14,27.420584800663427
2021-09-15,27.980892064109142
2021-09-16,27.8537179893925
2021-09-17,27.868890917842656
2021-09-20,27.69836923109949
2021-09-21,28.548832010556467
2021-09-22,28.82057611617889
2021-09-23,29.23941888702097
2021-09-24,28.81400011789973
2021-09-27,28.80722773902631
2021-09-28,29.328129602813917
2021-09-29,29.73938339298908
2021-09-30,29.925771739706672
2021-10-01,30.380192081750202
2021-10-04,30.92746585732532
2021-10-05,31.635887807717257
2021-10-06,31.367203069827234
2021-10-07,32.0297900097091
2021-10-08,32.755750229686086
2021-10-11,33.133646830797765
2021-10-12,33.436886407636386
2021-10-13,33.56981199305762
2021-10-14,33.640795996682265
2021-10-18,33.937393388717524
2021-10-19,33.049982533308395
2021-10-20,32.156321402010306
2021-10-21,31.80673160427059
2021-10-22,31.36952045146448
2021-10-25,31.313549154803987
2021-10-26,31.87823744353478
2021-10-27,32.987617143039
2021-10-28,32.64860053374255
2021-10-29,32.120102595664775
2021-11-01,32.712554842510414
2021-11-02,33.67399730642647
2021-11-03,34.38385743288138
2021-11-04,34.96063594026833
2021-11-08,35.52907698326942
2021-11-09,36.49698167889262
2021-11-10,37.61289952779608
2021-11-11,38.50972490180215
2021-11-12,38.438657095077026
2021-11-15,38.75016260217784
2021-11-16,39.59583885969549
2021-11-17,40.51794361483028
2021-11-18,41.17173851941212
2021-11-22,41.46706263175038
2021-11-23,42.7082358611258
2021-11-24,43.61808064540308
2021-11-25,45.42076532998177
2021-11-26,45.511335542826735
2021-11-29,44.95760227540484
2021-11-30,46.31278713716148
2021-12-01,46.344250158492365
2021-12-02,46.78649165715334
2021-12-03,47.44180575240952
2021-12-06,48.274390619455644
2021-12-07,49.41148939987395
2021-12-08,49.20129280878338
2021-12-09,50.640360224357096
2021-12-10,51.66600490872614
2021-12-13,52.74977956737679
2021-12-14,53.91922899209264
2021-12-15,55.07684429205094
2021-12-16,56.42060619774708
2021-12-17,57.31643681086215
2021-12-20,57.33076197808552
2021-12-21,57.34509072561547
2021-12-22,57.359423054346834
2021-12-23,57.373758965174666
2021-12-24,57.38809845899424
2021-12-27,57.40244153670106
2021-12-28,57.416788199190854
2021-12-29,57.431138447359565
2021-12-30,57.44549228210337
2021-12-31,57.45984970431867
2022-01-03,57.47421071490208
2022-01-04,57.48857531475044
2022-01-05,57.502943504760836
2022-01-06,57.51731528583055
2022-01-07,57.5316906588571
2022-01-10,57.54606962473823
2022-01-11,57.560452184371904
2022-01-12,57.57483833865632
2022-01-13,57.58922808848989
2022-01-14,57.60362143477125
2022-01-17,57.61801837839926
2022-01-18,57.632418920273025
2022-01-19,57.64682306129185
2022-01-20,57.66123080235527
2022-01-21,57.67564214436306
2022-01-24,57.6900570882152
2022-01-25,57.7044756348119
2022-01-27,57.718897785053606
2022-01-28,57.73332353984098
2022-01-31,57.74775290007491
2022-02-01,57.7621858666565
2022-02-02,57.77662244048711
2022-02-03,57.79106262246829
2022-02-04,57.805506413501824
2022-02-07,57.819953814489736
2022-02-08,57.834404826334264
2022-02-09,57.848859449937876
2022-02-10,57.86331768620327
2022-02-11,57.877779536033344
2022-02-14,57.89224500033126
2022-02-15,57.90671408000037
2022-02-16,57.92118677594428
2022-02-17,57.9356630890668
2022-02-18,57.95014302027199
2022-02-21,57.964626570464105
2022-02-22,57.97911374054766
2022-02-23,57.993604531427366
2022-02-24,58.008098944008175
2022-02-25,58.02259697919527
2022-02-28,58.03709863789405
2022-03-02,58.05160392101014
2022-03-03,58.0661128294494
2022-03-04,58.08062536411791
2022-03-07,58.095141525921974
2022-03-08,58.10966131576813
2022-03-09,58.12418473456314
2022-03-10,58.138711783213985
2022-03-11,58.15324246262789
2022-03-14,58.16777677371228
2022-03-15,58.182314717374844
2022-03-16,58.196856294523464
2022-03-17,58.21140150606627
2022-03-21,58.225950352911596
2022-03-22,58.24050283596803
2022-03-23,58.25505895614437
2022-03-24,58.26961871434964
2022-03-25,58.28418211149311
2022-03-28,58.298749148484255
2022-03-29,58.31331982623279
2022-03-30,58.327894145648656
2022-03-31,58.25508947343185
2022-04-01,52.239908434483354
2022-04-04,52.893411233892365
2022-04-05,54.616276325397564
2022-04-06,56.003730155968704
2022-04-07,54.33644638442896
2022-04-08,54.64201283415965
2022-04-11,54.441528105652075
2022-04-12,52.949371598344335
2022-04-13,52.96425697769735
2022-04-18,52.09727699878703
2022-04-19,50.119561068695624
2022-04-20,50.09513314039522
2022-04-21,50.504105900065774
2022-04-22,49.95616670775907
2022-04-25,49.968652313664556
2022-04-26,49.98114104011282
2022-04-27,49.99363288788376
2022-04-28,50.00612785775752
2022-04-29,50.01862595051439
2022-05-02,50.03112716693489
2022-05-04,50.04363150779971
2022-05-05,50.05613897388975
2022-05-06,50.06864956598611
2022-05-09,50.08116328487006
2022-05-10,50.0936801313231
2022-05-11,50.10620010612689
2022-05-12,50.118723210063315
2022-05-13,50.13124944391444
2022-05-16,50.14377880846253
2022-05-17,50.15631130449003
2022-05-18,50.168846932779616
2022-05-19,50.18138569411412
2022-05-20,50.1939275892766
2022-05-23,50.20647261905029
2022-05-24,50.21902078421863
2022-05-25,50.231572085565254
2022-05-26,50.24412652387399
2022-05-27,50.25668409992886
2022-05-30,50.26924481451409
2022-05-31,50.281808668414094
2022-06-01,50.294375662413486
2022-06-02,50.306945797297075
2022-06-03,50.31951907384986
2022-06-06,50.33209549285705
2022-06-07,50.34467505510404
2022-06-08,50.357257761376424
2022-06-09,50.36984361245999
2022-06-10,50.38243260914072
2022-06-13,50.39502475220481
2022-06-14,50.40762004243863
2022-06-15,50.42021848062876
2022-06-16,50.43282006756197
2022-06-17,50.44542480402523
2022-06-20,50.4580326908057
2022-06-21,50.47064372869075
2022-06-22,50.48325791846794
2022-06-23,50.495875260925025
2022-06-24,50.50849575684996
2022-06-27,50.521119407030895
2022-06-28,50.53374621225617
2022-06-29,50.546376173314336
2022-06-30,50.55900929099413
2022-07-01,50.5716455660845
2022-07-04,50.58428499937457
2022-07-05,50.59692759165367
2022-07-06,50.60957334371134
2022-07-07,50.6222222563373
2022-07-08,50.63487433032148
2022-07-11,50.647529566454004
2022-07-12,50.66018796552518
2022-07-13,50.67284952832554
2022-07-14,50.68551425564579
2022-07-15,50.69818214827685
2022-07-18,50.71085320700982
2022-07-19,50.72352743263601
2022-07-20,50.73620482594693
2022-07-21,50.748885387734276
2022-07-22,50.76156911878996
2022-07-25,50.77425601990607
2022-07-26,50.78694609187491
2022-07-27,50.799639335488976
2022-07-28,50.81233575154096
2022-07-29,50.74891197286444
2022-08-01,51.733111715237285
2022-08-02,51.68728121959628
2022-08-03,52.08143349476011
2022-08-04,52.85216121066255
2022-08-05,53.09963830514271
2022-08-08,52.93086921343288
2022-08-10,53.104072299566795
2022-08-11,53.516952054491725
2022-08-12,53.88315920339757
2022-08-16,54.203727023254615
2022-08-17,55.65563031079469
2022-08-18,56.83061654342268
2022-08-19,57.47590618746847
2022-08-22,57.36677568437254
2022-08-23,57.90819758364502
2022-08-24,57.65129122111486
2022-08-25,57.95326975992028
2022-08-26,58.12869640743396
2022-08-29,59.02176730188779
2022-08-30,60.500120807716115
2022-09-01,61.36915840757285
2022-09-02,61.400683700549145
2022-09-05,61.59179578385551
2022-09-06,62.44576842273835
2022-09-07,61.84019410836669
2022-09-08,61.277787554375315
2022-09-09,60.70788787716761
2022-09-12,60.70953849763489
2022-09-13,61.138220297512085
2022-09-14,61.15149614973101
2022-09-15,61.57988582441631
2022-09-16,60.3484734613487
2022-09-19,59.78114550115382
2022-09-20,60.547380873630104
2022-09-21,59.4412162922072
2022-09-22,60.09060138206132
2022-09-23,59.07279397066502
2022-09-26,56.92811083931066
2022-09-27,56.9840839312947
2022-09-28,56.98973408137636
2022-09-29,56.983043277651035
2022-09-30,57.05311362132866
2022-10-03,56.14207596089594
2022-10-04,57.373036893515106
2022-10-06,58.30940396745309
2022-10-07,58.59713661853069
2022-10-10,58.13324454149948
2022-10-11,57.13293796819011
2022-10-12,56.88505829104194
2022-10-13,57.03383068802019
2022-10-14,57.33654678770417
2022-10-17,57.296749325396036
2022-10-18,58.22467398521532
2022-10-19,57.8347253481396
2022-10-20,58.08773335297606
2022-10-21,57.4065502964923
2022-10-24,57.601087365110615
2022-10-25,57.51679075016146
2022-10-27,58.15170838236891
2022-10-28,57.89627156697118
2022-10-31,57.82889923550662
2022-11-01,58.595274841065795
2022-11-02,59.19938373277014
2022-11-03,59.16419489703876
2022-11-04,60.01678685437279
2022-11-07,59.44318884802412
2022-11-09,58.79011073111954
2022-11-10,58.13413316879461
2022-11-11,58.35263996365197
2022-11-14,58.17366632584528
2022-11-15,58.78746367280222
2022-11-16,58.05876037863142
2022-11-17,57.94361024813972
2022-11-18,57.52206128398201
2022-11-21,56.991203301683164
2022-11-22,56.26283756842383
2022-11-23,56.6557671557449
2022-11-24,56.632718867531864
2022-11-25,56.22382726938913
2022-11-28,55.871451919812706
2022-11-29,55.71670747357297
2022-11-30,55.51837570295293
2022-12-01,56.02773441610905
2022-12-02,56.91091201399673
2022-12-05,56.824344586204305
2022-12-06,56.364104021047886
2022-12-07,56.30542717886805
2022-12-08,56.14292727876341
2022-12-09,55.52474069323922
2022-12-12,56.570286404006886
2022-12-13,56.62423577686801
2022-12-14,56.60302362897253
2022-12-15,56.38005438338443
2022-12-16,56.13976798639571
2022-12-19,55.910718893753995
2022-12-20,55.410031468302094
2022-12-21,54.183299230470276
2022-12-22,53.490075390334304
2022-12-23,53.503444230363314
2022-12-26,53.51681641168288
2022-12-27,53.530191935128094
2022-12-28,53.54357080153426
2022-12-29,53.55695301173688
2022-12-30,53.490103411454506
2023-01-02,54.15601410961506
2023-01-03,55.18944848293338
2023-01-04,54.55795310210287
2023-01-05,54.009375251055744
2023-01-06,54.25563043709014
2023-01-09,55.349316713909694
2023-01-10,55.00772380038976
2023-01-11,54.94180629167142
2023-01-12,54.6003339240756
2023-01-13,54.15508882439982
2023-01-16,53.33118162332488
2023-01-17,53.0985280902232
2023-01-18,53.979525206539996
2023-01-19,53.330127002806336
2023-01-20,53.26306022524648
2023-01-23,53.15381194569112
2023-01-24,52.79714815273715
2023-01-25,52.227293024105904
2023-01-27,51.40294872166578
2023-01-30,51.41579592357127
2023-01-31,51.428646336393655
2023-02-01,51.44149996093545
2023-02-02,51.45435679799937
2023-02-03,51.46721684838831
2023-02-06,51.48008011290539
2023-02-07,51.49294659235392
2023-02-08,51.50581628753741
2023-02-09,51.51868919925957
2023-02-10,51.53156532832432
2023-02-13,51.54444467553577
2023-02-14,51.55732724169824
2023-02-15,51.57021302761624
2023-02-16,51.583102034094495
2023-02-17,51.59599426193791
2023-02-20,51.60888971195162
2023-02-21,51.621788384940935
2023-02-22,51.634690281711386
2023-02-23,51.64759540306869
2023-02-24,51.66050374981878
2023-02-27,51.673415322767774
2023-02-28,51.686330122722
2023-03-01,51.69924815048799
2023-03-02,51.712169406872476
2023-03-03,51.72509389268239
2023-03-06,51.738021608724864
2023-03-08,51.75095255580724
2023-03-09,51.76388673473704
2023-03-10,51.77682414632202
2023-03-13,51.78976479137012
2023-03-14,51.802708670689476
2023-03-15,51.81565578508844
2023-03-16,51.82860613537555
2023-03-17,51.84155972235957
2023-03-20,51.85451654684944
2023-03-21,51.86747660965432
2023-03-22,51.88043991158356
2023-03-23,51.89340645344672
2023-03-24,51.90637623605357
2023-03-27,51.91934926021406
2023-03-28,51.93232552673837
2023-03-29,51.94530503643685
2023-03-31,51.95828779012008
2023-04-03,51.961415519634606
2023-04-05,51.97440229983063
2023-04-06,51.98739232582852
2023-04-10,52.00038559843952
2023-04-11,52.01338211847505
2023-04-12,52.02638188674674
2023-04-13,52.03938490406643
2023-04-17,52.05239117124616
2023-04-18,52.06540068909816
2023-04-19,52.078413458434895
2023-04-20,52.091429480068996
2023-04-21,52.10444875481332
2023-04-24,52.117471283480924
2023-04-25,52.130497066885056
2023-04-26,52.143526105839186
2023-04-27,52.15655840115697
2023-04-28,52.09145676849953
2023-05-02,52.692325448443405
2023-05-03,53.92962963507999
2023-05-04,53.82804897418761
2023-05-05,53.3686304611909
2023-05-08,52.92046575647325
2023-05-09,51.190962053528345
2023-05-10,50.981818200877
2023-05-11,51.47999386616081
2023-05-12,51.722640268785334
2023-05-15,51.60093457437026
2023-05-16,51.77053245577777
2023-05-17,52.00682290187806
2023-05-18,51.886234091055044
2023-05-19,51.7297443664611
2023-05-22,51.93041340896707
2023-05-23,51.933193288190566
2023-05-24,52.29861322950002
2023-05-25,52.673168420831175
2023-05-26,52.64189523463328
2023-05-29,52.828591943599605
2023-05-30,52.60711526111315
2023-05-31,52.7534444890309
2023-06-01,52.54911193440725
2023-06-02,52.74477268120873
2023-06-05,53.035698723403634
2023-06-06,54.0432572083428
2023-06-07,54.264859175394854
2023-06-08,53.300208491948105
2023-06-09,53.57592514153782
2023-06-12,54.162144108473655
2023-06-13,54.15028943070688
2023-06-14,53.99592238146245
2023-06-15,54.10416186463906
2023-06-16,54.12017101446034
2023-06-19,54.64646867975622
2023-06-20,54.36441204163036
2023-06-21,54.790191369554755
2023-06-22,54.564214517256254
2023-06-23,54.328217508161565
2023-06-26,55.83635421900661
2023-06-27,56.25622720612753
2023-06-28,56.28999890454303
2023-06-30,57.29945415163432
2023-07-03,58.194296111688644
2023-07-04,58.66526154723888
2023-07-05,59.2214522762245
2023-07-06,59.663422120508564
2023-07-07,59.656578282797234
2023-07-10,60.89596167659951
2023-07-11,62.16595846288361
2023-07-12,62.87269421061885
2023-07-13,63.099738034156786
2023-07-14,63.886320908871625
2023-07-17,64.43417694009334
2023-07-18,63.98523035290036
2023-07-19,66.57533710325342
2023-07-20,66.3764299320151
2023-07-21,67.1441541068244
2023-07-24,67.71220741055956
2023-07-25,68.88125190553892
2023-07-26,69.59090316341636
2023-07-27,70.39136441436172
2023-07-28,69.84340478737953
2023-07-31,70.18925715367091
2023-08-01,71.10694992707246
2023-08-02,68.57925309028504
2023-08-03,68.15639257385929
2023-08-04,67.40994027868518
2023-08-07,66.14299658613004
2023-08-08,65.62812504109397
2023-08-09,64.98973931503903
2023-08-10,64.74802496525663
2023-08-11,64.88765183625138
2023-08-14,64.80849319275629
2023-08-16,65.36495041067771
2023-08-17,66.20816882381118
2023-08-18,66.2091529444434
2023-08-21,66.47429481867549
2023-08-22,66.51707336879952
2023-08-23,66.23671781243183
2023-08-24,66.34151602070084
2023-08-25,66.5955648635468
2023-08-28,66.71911261521726
2023-08-29,66.69341660506113
2023-08-30,66.56278821164307
2023-08-31,66.5876510848071
2023-09-01,67.74165691850428
2023-09-04,69.52359283333077
2023-09-05,69.53770115473804
2023-09-06,69.24362861351219
2023-09-07,69.28163467489591
2023-09-08,70.03691407940825
2023-09-11,70.65619486993067
2023-09-12,67.31160180216987
2023-09-13,67.23473089531733
2023-09-14,69.20211950582491
2023-09-15,70.47103179298685
2023-09-18,69.28768746261674
2023-09-20,70.25541340145652
2023-09-21,70.23261830230615
2023-09-22,70.82879978692164
2023-09-25,71.51801347973063
2023-09-26,72.58319536648727
2023-09-27,72.3803385483362
2023-09-28,71.37815389521728
2023-09-29,71.96166552471465
2023-10-03,72.01253085363152
2023-10-04,71.46824855675055
2023-10-05,72.4608217812413
2023-10-06,73.14425287356782
2023-10-09,70.87209816859249
2023-10-10,70.54810086931805
2023-10-11,71.56099687817226
2023-10-12,72.36024703168769
2023-10-13,72.96197773532789
2023-10-16,73.47663573284359
2023-10-17,74.43215755987981
2023-10-18,73.94009499137796
2023-10-19,73.73135994689666
2023-10-20,74.51786482230293
2023-10-23,73.34668540044636
2023-10-25,72.86646258964649
2023-10-26,73.09852790268224
2023-10-27,72.94191463100174
2023-10-30,72.96014509302661
2023-10-31,72.97838011141319
2023-11-01,72.99661968730022
2023-11-02,73.0148638218268
2023-11-03,73.03311251613225
2023-11-06,73.05136577135622
2023-11-07,73.0696235886386
2023-11-08,73.08788596911963
2023-11-09,73.10615291393975
2023-11-10,73.12442442423976
2023-11-12,73.1427005011607
2023-11-13,73.16098114584393
2023-11-15,73.17926635943107
2023-11-16,73.19755614306402
2023-11-17,73.21585049788499
2023-11-20,73.23414942503645
2023-11-21,73.25245292566117
2023-11-22,73.27076100090223
2023-11-23,73.28907365190294
2023-11-24,73.30739087980693
2023-11-28,73.32571268575812
2023-11-29,73.3440390709007
2023-11-30,73.25249129943
2023-12-01,74.00475748179579
2023-12-04,74.7138944327284
2023-12-05,74.21058612756772
2023-12-06,75.29527441685971
2023-12-07,75.40399513860696
2023-12-08,74.66909558811494
2023-12-11,75.01648634685411
2023-12-12,74.09084187482223
2023-12-13,75.23103917680913
2023-12-14,75.24051599877066
2023-12-15,76.71761942562779
2023-12-18,77.19557435559624
2023-12-19,77.4470567498589
2023-12-20,74.67261440433008
2023-12-21,75.81597904273895
2023-12-22,76.01084205914745
2023-12-26,75.71790215401529
2023-12-27,75.98493558603575
2023-12-28,76.50593680973532
2023-12-29,76.13930542343118
2024-01-01,76.65443799372301
2024-01-02,76.70027829004104
2024-01-03,77.43605637332062
2024-01-04,78.69587903760137
2024-01-05,79.74357161177227
2024-01-08,79.78282887527077
2024-01-09,80.3006399545854
2024-01-10,80.44890609101788
2024-01-11,82.0516164471052
2024-01-12,82.69664277320942
2024-01-15,84.6968874606209
2024-01-16,85.7906160880785
2024-01-17,86.41145752451213
2024-01-18,85.88338632655208
2024-01-19,85.90222993684154
2024-01-20,86.90223352932992
2024-01-23,84.11607923759242
2024-01-24,85.38341056592553
2024-01-25,86.08901617683011
2024-01-29,87.18534432913913
2024-01-30,87.21894197121065
2024-01-31,87.38097397321725
2024-02-01,87.9442306579165
2024-02-02,88.21945535459902
2024-02-05,88.7656697063323
2024-02-06,91.3548567625186
2024-02-07,93.20543010712053
2024-02-08,93.21263154393476
2024-02-09,90.97883611585357
2024-02-12,85.4544997988511
2024-02-13,83.38701322462084
2024-02-14,82.83535707857428
2024-02-15,83.25987440826145
2024-02-16,83.46118167424792
2024-02-19,84.71772407072189
2024-02-20,85.03189735578091
2024-02-21,83.67835296676495
2024-02-22,83.64887522068835
2024-02-23,83.96535277997319
2024-02-26,84.40492734176081
2024-02-27,85.16162785350849
2024-02-28,86.15829300168096
2024-02-29,86.07718389718755
2024-03-01,86.01618049839858
2024-03-02,85.73603352848053
2024-03-04,83.57345009646659
2024-03-05,82.34684703868353
2024-03-06,80.86555020700584
2024-03-07,81.43133576894832
2024-03-11,79.61696668786576
2024-03-12,79.9929283367842
2024-03-13,77.69360061015918
2024-03-14,76.78032857046726
2024-03-15,76.79951837198732
2024-03-18,76.81871296963796
2024-03-19,76.83791236461789
2024-03-20,76.85711655812612
2024-03-21,76.87632555136194
2024-03-22,76.89553934552497
2024-03-26,76.91475794181508
2024-03-27,76.9339813414325
2024-03-28,76.83795261665273
2024-04-01,72.90309214764252
2024-04-02,73.77154409613178
2024-04-03,75.69259614351034
2024-04-04,77.8543694661756
2024-04-05,79.09646204077933
2024-04-08,80.72155512121921
2024-04-09,81.13090121532446
2024-04-10,80.69426089586588
2024-04-12,80.89474167706359
2024-04-15,78.07347455203595
2024-04-16,78.37990632677389
2024-04-18,79.18861973910558
2024-04-19,81.02589366994363
2024-04-22,83.10048062981464
2024-04-23,84.65241315382161
2024-04-24,86.33346527441891
2024-04-25,87.759255925102
2024-04-26,85.9321539582035
2024-04-29,85.53973733389365
2024-04-30,83.94371365475209
2024-05-02,84.42468580368022
2024-05-03,84.03342492467785
2024-05-06,82.8296641599184
2024-05-07,81.20489914579564
2024-05-08,81.6111118854683
2024-05-09,79.48464887522562
2024-05-10,78.86731880111417
2024-05-13,77.4687615111421
2024-05-14,78.04949484455
2024-05-15,78.65850835069836
2024-05-16,78.49078890379317
2024-05-17,78.36045869112182
2024-05-18,78.37701619890883
2024-05-21,78.39927100707568
2024-05-22,78.18317623285186
2024-05-23,78.26597661137092
2024-05-24,78.08063319436071
2024-05-27,77.8884621251574
2024-05-28,77.60880780741952
2024-05-29,77.62820467176957
2024-05-30,77.64760638400166
2024-05-31,77.55068691495502
2024-06-03,80.44373960595921
2024-06-04,73.82122822109297
2024-06-05,74.45158646191089
2024-06-06,75.57470969799552
2024-06-07,76.00788392151873
2024-06-10,75.78050605447271
2024-06-11,77.08823224384288
2024-06-12,78.09471961162899
2024-06-13,78.9378430321719
2024-06-14,79.99524794026709
2024-06-18,80.80659136692606
2024-06-19,79.65711931748731
2024-06-20,79.69203656476351
2024-06-21,79.11433390464931
2024-06-24,79.10969387272137
2024-06-25,79.09147712953452
2024-06-26,79.03262283125068
2024-06-27,78.33349796021577
2024-06-28,78.53930528473322
2024-07-01,79.21105243405808
2024-07-02,80.10580865088096
2024-07-03,81.82022254598415
2024-07-04,84.35392076853026
2024-07-05,85.67070697260512
2024-07-08,84.84261008744937
2024-07-09,83.99306171702678
2024-07-10,83.78543538687515
2024-07-11,84.69432871644545
2024-07-12,84.08600295384113
2024-07-15,83.79194029194431
2024-07-16,83.8584003861221
2024-07-18,82.3809620355227
2024-07-19,80.90483465114377
2024-07-22,82.25061709515407
2024-07-23,81.85394898398164
2024-07-24,82.4405558796152
2024-07-25,81.85266164989929
2024-07-26,81.804361517282
2024-07-29,82.33932184757231
2024-07-30,82.46030371921285
2024-07-31,82.07671137748719
2024-08-01,80.74067666412536
2024-08-02,81.39770316073636
2024-08-05,80.55825767599833
2024-08-06,80.24879541960402
2024-08-07,81.11578047663593
2024-08-08,80.74218758649289
2024-08-09,81.08362463704029
2024-08-12,82.57322779888295
2024-08-13,82.1630153774728
2024-08-14,81.50591764695189
2024-08-16,82.34895519652122
2024-08-19,82.7118382030461
2024-08-20,82.86291415206102
2024-08-21,83.73266738699448
2024-08-22,84.67245879607466
2024-08-23,84.7439298197505
2024-08-26,84.6984631416145
2024-08-27,85.98770771565421
2024-08-28,85.74146380011823
2024-08-29,84.34044350641804
2024-08-30,84.77952177637293
2024-09-02,83.51427875117973
2024-09-03,83.82861251048328
2024-09-04,85.2635425785069
2024-09-05,86.09829334973946
2024-09-06,86.90445341881862
2024-09-09,86.88158658034754
2024-09-10,85.31182905508985
2024-09-11,84.51695868543351
2024-09-12,84.1231268125969
2024-09-13,83.83616368164923
2024-09-16,83.26231920300802
2024-09-17,83.82824138743831
2024-09-18,83.23225792262966
2024-09-19,82.39620532740253
2024-09-20,84.018846089822
2024-09-23,84.75102515071461
2024-09-24,85.98896890239068
2024-09-25,87.2498593988519
2024-09-26,88.13898902529175
2024-09-27,88.0115500578041
2024-09-30,87.32016301950704
2024-10-01,85.91095939342709
2024-10-03,85.62225161869223
2024-10-04,84.07967259137774
2024-10-07,79.8938791247313
2024-10-08,80.78185042009962
2024-10-09,81.19117996068884
2024-10-10,82.17207489038651
2024-10-11,82.77973791316828
2024-10-14,83.53538143860074
2024-10-15,84.28790322633763
2024-10-16,85.15569628558038
2024-10-17,84.6565927459615
2024-10-18,84.84938219081451
2024-10-21,84.11106754555135
2024-10-22,82.5245655362124
2024-10-23,82.06889614704562
2024-10-24,80.93482739080335
2024-10-25,81.21002588923862
2024-10-28,81.23032281043274
2024-10-29,81.25062480446121
2024-10-30,81.27093187259192
2024-10-31,81.29124401609302
2024-11-01,81.31156123623302
2024-11-04,81.33188353428072
2024-11-05,81.35221091150525
2024-11-06,81.37254336917606
2024-11-07,81.3928809085629
2024-11-08,81.41322353093587
2024-11-11,81.43357123756535
2024-11-12,81.45392402972205
2024-11-13,81.47428190867701
2024-11-14,81.4946448757016
2024-11-18,81.51501293206745
2024-11-19,81.53538607904657
2024-11-21,81.55576431791125
2024-11-22,81.57614764993413
2024-11-25,81.59653607638813
2024-11-26,81.61692959854652
2024-11-27,81.63732821768286
2024-11-28,81.65773193507107
2024-11-29,81.67814075198534
2024-12-02,81.6985546697002
2024-12-03,81.71897368949051
2024-12-04,81.73939781263144
2024-12-05,81.75982704039846
2024-12-06,81.7802613740674
2024-12-09,81.80070081491436
2024-12-10,81.82114536421581
2024-12-11,81.84159502324849
2024-12-12,81.86204979328949
2024-12-13,81.8825096756162
2024-12-16,81.90297467150636
2024-12-17,81.92344478223798
2024-12-18,81.94392000908944
2024-12-19,81.96440035333941
2024-12-20,81.98488581626691
2024-12-23,82.00537639915123
2024-12-24,82.02587210327202
2024-12-26,82.04637292990924
2024-12-27,82.06687888034315
2024-12-30,82.08738995585436
2024-12-31,82.10790615772379
2025-01-01,82.12842748723266
2025-01-02,82.14895394566254
2025-01-03,82.1694855342953
2025-01-06,82.19002225441315
2025-01-07,82.21056410729861
2025-01-08,82.2311110942345
2025-01-09,82.251663216504
2025-01-10,82.27222047539057
2025-01-13,82.29278287217802
2025-01-14,82.31335040815048
2025-01-15,82.33392308459239
2025-01-16,82.3545009027885
2025-01-17,82.3750838640239
2025-01-20,82.39567196958401
2025-01-21,82.41626522075455
2025-01-22,82.43686361882156
2025-01-23,82.45746716507142
2025-01-24,82.47807586079082
2025-01-27,82.49868970726678
2025-01-28,82.51930870578661
2025-01-29,82.539932857638
2025-01-30,82.5605621641089
2025-01-31,82.58119662648762
2025-02-01,82.60183624606279
2025-02-03,82.62248102412335
2025-02-04,82.64313096195856
2025-02-05,82.66378606085802
2025-02-06,82.68444632211163
2025-02-07,82.70511174700962
2025-02-10,82.72578233684257
2025-02-11,82.74645809290135
2025-02-12,82.76713901647715
2025-02-13,82.7878251088615
2025-02-14,82.80851637134624
2025-02-17,82.82921280522355
2025-02-18,82.84991441178592
2025-02-19,82.87062119232615
2025-02-20,82.8913331481374
2025-02-21,82.91205028051313
2025-02-24,82.9327725907471
2025-02-25,82.95350008013345
2025-02-27,82.97423274996659
2025-02-28,82.99497060154128
2025-03-03,83.01571363615261
2025-03-04,83.03646185509598
2025-03-05,83.0572152596671
2025-03-06,83.07797385116204
2025-03-07,83.09873763087717
2025-03-10,83.11950660010918
2025-03-11,83.1402807601551
2025-03-12,83.16106011231227
2025-03-13,83.18184465787837
2025-03-17,83.20263439815139
2025-03-18,83.22342933442964
2025-03-19,83.24422946801178
2025-03-20,83.26503480019677
2025-03-21,83.28584533228391
2025-03-24,83.30666106557281
2025-03-25,83.3274820013634
2025-03-26,83.34830814095598
2025-03-27,83.36913948565112
2025-03-28,83.26507841912107
2025-04-01,80.55456462470106
2025-04-02,81.19856554270707
2025-04-03,83.19953637074445
2025-04-04,80.67335866371837
2025-04-07,80.69352145501578
2025-04-08,80.71368928562431
2025-04-09,80.73386215680344
2025-04-11,80.75404006981294
2025-04-15,80.77422302591296
2025-04-16,80.7944110263639
2025-04-17,80.81460407242652
2025-04-21,80.83480216536185
2025-04-22,80.85500530643128
2025-04-23,80.87521349689649
2025-04-24,80.89542673801948
2025-04-25,80.91564503106258
2025-04-28,80.93586837728841
2025-04-29,80.95609677795993
2025-04-30,80.85504766284612
2025-05-02,81.13564793057597
2025-05-05,81.35050327563917
2025-05-06,78.81340537894593
2025-05-07,79.27017568975582
2025-05-08,78.59902153369629
2025-05-09,78.6090084404297
2025-05-12,79.98814521866778
2025-05-13,79.57622814270725
2025-05-14,79.32021058710053
2025-05-15,80.32828505812034
2025-05-16,81.28222894723646
2025-05-19,81.81930782525373
2025-05-20,83.19999946754737
2025-05-21,83.23384541411478
2025-05-22,83.63126282993579
2025-05-23,83.08693857070813
2025-05-26,83.65096821091156
2025-05-27,82.70456955578047
2025-05-28,82.00765469132449
2025-05-29,81.98547669906826
2025-05-30,83.71661039025878
2025-06-02,83.09475510480415
2025-06-03,81.25112526249696
2025-06-04,81.15562900859271
2025-06-05,80.78717769752076
2025-06-06,79.93429328248885
2025-06-09,80.64509322876943
2025-06-10,80.79808127272473
2025-06-11,81.05892398774864
2025-06-12,80.5112473411327
2025-06-13,79.40767375205378
2025-06-16,79.82395051163684
2025-06-17,79.621450436261
2025-06-18,79.23838289468006
2025-06-19,78.52156881308089
2025-06-20,79.07892643660205
2025-06-23,79.4850988905183
2025-06-24,79.61383585467314
2025-06-25,79.95613918363307
2025-06-26,79.84838103963415
2025-06-27,79.61469705874147
2025-06-30,79.72847473076638
2025-07-01,78.43000504308776
2025-07-02,77.31590339037788
2025-07-03,77.02090738661835
2025-07-04,77.19934297892097
2025-07-07,77.97572427213763
2025-07-08,77.83103204773369
2025-07-09,79.05771734705914
2025-07-10,78.70088598925214
2025-07-11,78.39311303529338
2025-07-14,78.52742896112565
2025-07-15,79.60340630760568
2025-07-16,79.08159549046314
2025-07-17,79.30549449286639
2025-07-18,79.1680975778471
2025-07-21,78.98369723241728
2025-07-22,79.2870618886644
2025-07-23,78.4281158331458
2025-07-24,79.85830356590417
2025-07-25,78.03058713771983
2025-07-28,78.0579899839978
2025-07-29,78.0194780735628
2025-07-30,77.46803666333665
2025-07-31,77.04011031065816
2025-08-01,75.81661164294111
2025-08-04,78.10578321371725
2025-08-05,77.59233305314874
2025-08-06,77.1385004634472
2025-08-07,75.77011485692358
2025-08-08,74.84003747123205
2025-08-11,75.85632695003548
2025-08-12,74.99811701206767
2025-08-13,75.73203465371057
2025-08-14,73.85122510743918
2025-08-18,74.82491836336699
2025-08-19,75.9118468993255
2025-08-20,76.3447717127591
2025-08-21,77.64795543317734
2025-08-22,76.7290553156119
2025-08-25,76.29443684909684
2025-08-26,75.93602853676028
2025-08-28,75.44310040854953
2025-08-29,75.3471919630019
2025-09-01,75.3660235789351
2025-09-02,75.38485990147711
2025-09-03,75.4037009318043
2025-09-04,75.42254667109324
2025-09-05,75.44139712052089
2025-09-08,75.46025228126443
2025-09-09,75.47911215450138
2025-09-10,75.49797674140954
2025-09-11,75.516846043167
2025-09-12,75.53572006095216
2025-09-15,75.55459879594369
2025-09-16,75.57348224932056
2025-09-17,75.59237042226206
2025-09-18,75.61126331594775
2025-09-19,75.63016093155748
2025-09-22,75.64906327027143
2025-09-23,75.66797033327002
2025-09-24,75.68688212173402
2025-09-25,75.70579863684446
2025-09-26,75.72471987978268
2025-09-29,75.74364585173032
2025-09-30,75.7625765538693
2025-10-01,75.78151198738183
2025-10-03,75.80045215345045
2025-10-06,75.81939705325796
2025-10-07,75.83834668798747
2025-10-08,75.85730105882239
2025-10-09,75.87626016694641
2025-10-10,75.89522401354354
2025-10-13,75.91419259979807
2025-10-14,75.93316592689459
2025-10-15,75.95214399601798
2025-10-16,75.97112680835342
2025-10-17,75.99011436508638
2025-10-20,76.00910666740265
2025-10-21,76.02810371648827
2025-10-23,76.04710551352964
2025-10-24,76.0661120597134
2025-10-27,76.08512335622653
2025-10-28,76.10413940425627
2025-10-29,76.12316020499017
2025-10-30,76.14218575961608
2025-10-31,76.04714535129523
2025-11-03,76.45909210686534
2025-11-04,75.69169711725662
2025-11-06,74.30764637530656
2025-11-07,74.29185150141267
2025-11-10,73.68460297759137
2025-11-11,73.77791479506817
2025-11-12,75.53711551829808
2025-11-13,75.66945199569503
2025-11-14,76.02292565496712
2025-11-17,77.08016422483541
2025-11-18,77.60019183925833
2025-11-19,78.45735472119497
2025-11-20,78.61752591422747
2025-11-21,78.34932882838427
2025-11-24,78.00884723078741
2025-11-25,77.54414457267806
2025-11-26,77.71571938565515
2025-11-27,77.26537860647002
2025-11-28,77.65491774349564
2025-12-01,77.57261195841033
2025-12-02,77.40916573624895
2025-12-03,78.35640770793081
2025-12-04,78.30417823731888
2025-12-05,76.96584718012332
2025-12-08,77.30895551033416
2025-12-09,78.12694443447711
2025-12-10,77.62963122202342
2025-12-11,77.81025634692489
2025-12-12,77.67030560377056
2025-12-15,79.03455688263654
2025-12-16,78.89716795849347
2025-12-17,78.936008645593
2025-12-18,79.41531334257502
2025-12-19,79.87054551950877
2025-12-22,80.49523108966815
2025-12-23,80.84191259358721
2025-12-24,80.8337106435774
2025-12-26,80.98924911415325
2025-12-29,81.28958527485466
2025-12-30,82.2209374556064
2025-12-31,82.51056840045821
2026-01-01,82.35377942032501
2026-01-02,79.76638594802944
2026-01-05,79.14986116627824
2026-01-06,79.92845526758926
2026-01-07,80.17837386750924
2026-01-08,77.7220804754311
2026-01-09,78.04630543387174
2026-01-12,81.24402115266984
2026-01-13,82.01107136008483
2026-01-14,84.67193523406823
2026-01-16,85.56637613747591
2026-01-19,87.21653082274996
2026-01-20,89.95679209604177
2026-01-21,91.7436351331259
2026-01-22,85.9227912748312
2026-01-23,88.12160358193802
2026-01-27,88.14362792220656
2026-01-28,88.16565776704543
2026-01-29,88.18769311783039
2026-01-30,88.20973397593755
2026-02-01,88.23178034274336
2026-02-02,88.25383221962463
2026-02-03,88.27588960795848
2026-02-04,88.2979525091224
2026-02-05,88.32002092449422
2026-02-06,88.3420948554521
2026-02-09,88.36417430337458
2026-02-10,88.3862592696405
2026-02-11,88.40834975562909
2026-02-12,88.43044576271988
2026-02-13,88.45254729229278
2026-02-16,88.47465434572801
2026-02-17,88.49676692440617
2026-02-18,88.5188850297082
2026-02-19,88.54100866301536
2026-02-20,88.56313782570929
2026-02-23,88.58527251917194
2026-02-24,88.60741274478562
2026-02-25,88.629558503933
2026-02-26,88.65170979799707
2026-02-27,88.6738666283612
2026-03-02,88.69602899640905
2026-03-04,88.71819690352469
2026-03-05,88.7403703510925
2026-03-06,88.76254934049719
2026-03-09,88.78473387312386
2026-03-10,88.80692395035793
2026-03-11,88.82911957358517
2026-03-12,88.85132074419171
2026-03-13,88.87352746356399
2026-03-16,88.89573973308883
2026-03-17,88.91795755415339
2026-03-18,88.94018092814517
2026-03-19,88.96240985645201
2026-03-20,88.98464434046213
2026-03-23,89.00688438156405
2026-03-24,89.02912998114667
2026-03-25,89.05138114059923
2026-03-27,89.07363786131131
2026-03-30,89.09590014467285
2026-04-01,87.92964841870729
2026-04-02,87.95162478338688
2026-04-06,87.9736066406462
2026-04-07,87.99559399185802
2026-04-08,88.01758683839545
2026-04-09,88.03958518163194
2026-04-10,88.06158902294128
2026-04-13,88.08359836369762
2026-04-15,88.10561320527543
2026-04-16,88.12763354904956
2026-04-17,88.14965939639517
2026-04-20,88.17169074868777
2026-04-21,88.19372760730322
2026-04-22,88.21576997361772
2026-04-23,88.23781784900783
2026-04-24,88.25987123485041
2026-04-27,88.28193013252272
2026-04-28,88.30399454340233
2026-04-29,88.32606446886716
2026-04-30,88.34813991029549
2026-05-04,88.37022086906592
2026-05-05,88.3923073465574
2026-05-06,88.41439934414925
2026-05-07,88.4364968632211
2026-05-08,88.45859990515295
2026-05-11,88.48070847132513
2026-05-12,88.50282256311831
2026-05-13,88.52494218191354
2026-05-14,88.54706732909217
2026-05-15,88.56919800603593
2026-05-18,88.59133421412687
2026-05-19,88.6134759547474
2026-05-20,88.63562322928027
2026-05-21,88.65777603910857
2026-05-22,88.67993438561575
2026-05-25,88.70209827018562
2026-05-26,88.72426769420228
2026-05-27,88.74644265905023
2026-05-29,88.7686231661143
2026-06-01,88.79080921677964
2026-06-02,88.81300081243178
2026-06-03,88.8351979544566
2026-06-04,88.8574006442403
2026-06-05,88.87960888316944
2026-06-08,88.90182267263093
2026-06-09,88.92404201401202
2026-06-10,88.9462669087003
2026-06-11,88.96849735808371
2026-06-12,88.99073336355056
2026-06-15,89.01297492648948
2026-06-16,89.03522204828946
2026-06-17,89.05747473033982
2026-06-18,89.07973297403025
2026-06-19,89.10199678075078
2026-06-22,89.12426615189177
2026-06-23,89.14654108884396
2026-06-24,89.16882159299841
2026-06-25,89.19110766574654
2026-06-29,89.21339930848012
2026-06-30,89.23569652259125
2026-07-01,89.25799930947241
2026-07-02,89.2803076705164
2026-07-03,89.30262160711636
2026-07-06,89.32494112066583
2026-07-07,89.34726621255864
2026-07-08,89.36959688418901
2026-07-09,89.39193313695147
2026-07-10,89.41427497224093
2026-07-13,89.43662239145264
2026-07-14,89.4589753959822
2026-07-15,89.48133398722554
2026-07-16,89.50369816657896
2026-07-17,89.5260679354391
2026-07-20,89.54844329520297
2026-07-21,89.5708242472679
2026-07-22,89.59321079303157
2026-07-23,89.61560293389203
2026-07-24,89.63800067124768
2026-07-27,89.66040400649725
2026-07-28,89.68281294103981
2026-07-29,89.70522747627483
2026-07-30,89.72764761360207
2026-07-31,89.61564987960232
2026-08-03,91.22417502655404
2026-08-04,94.16559731344424
2026-08-05,95.42749573733907
2026-08-06,94.51995115666149
2026-08-07,94.66110515808701
2026-08-10,95.0400173533882
2026-08-11,96.85044047873717
2026-08-12,97.49758233783325
2026-08-13,98.62670732034354
2026-08-14,97.74100888661945
2026-08-17,96.90947071043887
2026-08-18,100.32047737925393
2026-08-19,98.94279571116518
2026-08-20,98.67997085789989
2026-08-21,99.69872048955942
2026-08-24,99.64023343323312
2026-08-25,97.60039126891344
2026-08-26,98.64671422348208
2026-08-27,98.70539360720923
2026-08-28,100.72935487208294
2026-08-31,101.8107433886673
2026-09-01,102.41242093582393
2026-09-02,101.67239612407727
2026-09-03,99.42001736979411
