symbol,mode,ipo_short_window,series_hash,split_cut,hist_bars,left_rim_date,left_rim_level,trough_date,trough_close,depth_pct,base_len_bars,trough_pos,fit_r2,fit_curvature,vertex_frac,flat_frac,vol_ratio,obv_gain,obv_filter_pass,base_qualify_date,tv20_cr_at_q,shelf_start_date,shelf_high,shelf_low,shelf_range_pct,shelf_S,shelf_ok_s20,shelf_ok_s30,ath_before_breakout,dist_to_ath_pct,ath_ge_095,ath_new_high,trigger_date,trigger_close,vol_multiple,volx_ge_5,volx_ge_9,days_q_to_trigger,trigger_day_move_pct,tv20_cr_at_trigger,entry_date,entry_open,pattern_quality,info_fwd60_pct,info_fwd120_pct,info_fwd250_pct,info_st73_exit_date,info_st73_ret_pct,info_st73_bars_held,info_st73_still_open,info_mfe_250_pct,info_mae_250_pct
5PAISA,L120,0,64bc97d69e34,0,899,2021-01-12,377.3,2021-02-23,243.25,35.53,120,0.345,0.703,7.775e-05,0.339,0.417,1.63,0.2955,1,2021-06-21,2.75,2021-06-16,436.15,415.8,4.67,15,0,0,444.65,2.99,1,1,2021-07-07,457.95,3.53,0,0,12,5.0,1.78,2021-07-08,467.0,0.291,0.14,-15.76,-41.56,2021-08-18,1.04,29,0,24.2,-43.29
AAKASH,VAR,0,632d8ed3050f,0,515,2021-09-06,29.19,2021-10-28,17.98,38.4,90,0.404,0.739,1.867e-04,0.498,0.433,1.116,0.4143,0,2022-01-13,3.72,2022-01-11,27.68,25.36,8.38,15,1,0,29.19,-3.29,1,0,2022-02-02,28.23,35.71,1,1,13,1.99,2.11,2022-02-03,29.4,0.4128,-5.78,-53.57,-78.06,2022-03-16,-7.65,29,0,14.97,-79.25
ABDL,L120,0,aab61d38784b,0,256,2025-01-03,433.83,2025-05-02,302.23,30.33,120,0.697,0.82,1.047e-04,0.506,0.458,1.297,0.4618,1,2025-06-23,24.01,2025-06-23,447.25,424.05,5.19,15,1,0,447.25,8.76,1,1,2025-07-14,486.45,5.15,1,0,15,8.76,16.41,2025-07-15,488.8,0.4094,11.51,12.8,26.72,2025-12-02,22.46,96,0,45.6,-21.83
ABREL,L120,0,12998d025a92,1,970,2022-12-02,810.7,2023-02-24,606.4,25.2,120,0.622,0.819,3.888e-05,0.693,0.417,1.755,0.4104,1,2023-05-08,16.03,2023-08-14,1072.05,977.4,8.83,15,1,1,1076.2,3.6,1,1,2023-09-05,1114.95,7.11,1,0,84,6.08,15.36,2023-09-06,1114.95,0.4304,18.63,30.08,111.22,2023-10-23,-4.76,32,0,126.47,-10.7
ABREL,L180,0,12998d025a92,1,970,2022-09-12,937.55,2023-02-24,606.4,35.32,180,0.682,0.746,2.264e-05,0.697,0.467,1.894,0.4616,1,2023-05-24,17.8,2023-08-14,1072.05,977.4,8.83,15,1,1,1076.2,3.6,1,1,2023-09-05,1114.95,7.11,1,0,72,6.08,15.36,2023-09-06,1114.95,0.4036,18.63,30.08,111.22,2023-10-23,-4.76,32,0,126.47,-10.7
ABREL,VAR,0,12998d025a92,1,970,2022-09-12,937.55,2023-02-24,606.4,35.32,171,0.676,0.751,2.460e-05,0.695,0.491,2.074,0.4512,1,2023-05-22,20.99,2023-08-14,1072.05,977.4,8.83,15,1,1,1076.2,3.6,1,1,2023-09-05,1114.95,7.11,1,0,74,6.08,15.36,2023-09-06,1114.95,0.4422,18.63,30.08,111.22,2023-10-23,-4.76,32,0,126.47,-10.7
ABSLAMC,L120,0,83fc23c016cb,0,930,2024-11-27,883.5,2025-03-13,591.2,33.08,120,0.639,0.878,5.627e-05,0.697,0.583,0.88,0.2335,0,2025-05-21,24.8,2025-06-19,817.3,735.25,10.04,15,1,1,883.5,-3.76,1,0,2025-07-10,850.3,4.84,0,0,36,4.05,18.09,2025-07-11,853.95,0.5948,-3.89,-2.38,29.33,2025-09-17,-4.39,47,0,39.94,-17.09
ABSLAMC,VAR,0,83fc23c016cb,0,930,2024-11-27,883.5,2025-03-13,591.2,33.08,119,0.636,0.882,5.811e-05,0.691,0.588,0.869,0.2335,0,2025-05-21,24.8,2025-06-19,817.3,735.25,10.04,15,1,1,883.5,-3.76,1,0,2025-07-10,850.3,4.84,0,0,36,4.05,18.09,2025-07-11,853.95,0.6028,-3.89,-2.38,29.33,2025-09-17,-4.39,47,0,39.94,-17.09
ACC,L120,0,b1f27164dea2,0,3045,2016-08-31,1709.8,2016-11-21,1272.25,25.59,120,0.479,0.771,4.288e-05,0.693,0.45,0.929,0.2454,0,2017-02-16,47.12,2017-04-13,1660.15,1492.85,10.08,15,1,0,1762.8,-2.92,1,0,2017-05-08,1711.25,3.92,0,0,52,3.08,60.69,2017-05-09,1701.0,0.4341,2.16,6.38,-12.18,2017-06-30,-7.82,38,0,9.93,-12.78
ACC,L180,0,b1f27164dea2,0,3045,2016-08-05,1721.05,2016-11-21,1272.25,26.08,180,0.458,0.704,1.768e-05,0.695,0.417,0.873,0.196,0,2017-04-11,37.76,2017-04-13,1660.15,1492.85,10.08,15,1,0,1762.8,-2.92,1,0,2017-05-08,1711.25,3.92,0,0,17,3.08,60.69,2017-05-09,1701.0,0.2972,2.16,6.38,-12.18,2017-06-30,-7.82,38,0,9.93,-12.78
ACC,L180,0,b1f27164dea2,0,4724,2022-12-14,2668.6,2023-03-28,1613.95,39.52,180,0.531,0.836,3.138e-05,0.7,0.667,1.056,0.3321,0,2023-08-01,94.45,2024-01-25,2637.65,2467.65,6.45,15,0,0,2747.7,-0.99,1,0,2024-02-16,2720.4,4.34,0,0,136,3.14,88.1,2024-02-19,2744.0,0.6899,-8.09,-16.01,-30.34,2024-03-13,-12.93,18,0,3.64,-33.0
ACC,L250,0,b1f27164dea2,0,4724,2022-12-14,2668.6,2023-03-28,1613.95,39.52,250,0.446,0.706,1.862e-05,0.611,0.516,0.93,0.2912,0,2023-10-19,45.25,2024-01-25,2637.65,2467.65,6.45,15,0,0,2747.7,-0.99,1,0,2024-02-16,2720.4,4.34,0,0,82,3.14,88.1,2024-02-19,2744.0,0.4457,-8.09,-16.01,-30.34,2024-03-13,-12.93,18,0,3.64,-33.0
ACC,VAR,0,b1f27164dea2,0,3045,2016-08-05,1721.05,2016-11-21,1272.25,26.08,149,0.466,0.733,2.644e-05,0.698,0.443,0.891,0.1523,0,2017-03-15,36.38,2017-04-13,1660.15,1492.85,10.08,15,1,0,1762.8,-2.92,1,0,2017-05-08,1711.25,3.92,0,0,35,3.08,60.69,2017-05-09,1701.0,0.3536,2.16,6.38,-12.18,2017-06-30,-7.82,38,0,9.93,-12.78
ACC,VAR,0,b1f27164dea2,0,4724,2022-12-14,2668.6,2023-03-28,1613.95,39.52,193,0.375,0.805,3.441e-05,0.558,0.663,1.042,0.3235,0,2023-09-22,106.96,2024-01-25,2637.65,2467.65,6.45,15,0,0,2747.7,-0.99,1,0,2024-02-16,2720.4,4.34,0,0,100,3.14,88.1,2024-02-19,2744.0,0.5556,-8.09,-16.01,-30.34,2024-03-13,-12.93,18,0,3.64,-33.0
ACCELYA,L250,0,603b8dcd6d46,0,4458,2021-10-14,1322.7,2022-06-20,793.3,40.02,250,0.699,0.771,1.824e-05,0.566,0.528,0.587,0.4374,0,2022-10-07,2.31,2022-12-30,1459.0,1324.4,9.23,15,0,0,1607.0,-4.56,1,0,2023-01-20,1533.8,3.96,0,0,73,5.48,2.32,2023-01-23,1556.7,0.4152,-12.72,-16.1,11.52,2023-01-25,-12.29,3,0,21.23,-35.6
ACCELYA,VAR,0,603b8dcd6d46,0,4458,2021-10-14,1322.7,2022-06-20,793.3,40.02,241,0.7,0.739,1.851e-05,0.561,0.548,0.568,0.4694,0,2022-10-03,2.12,2022-12-30,1459.0,1324.4,9.23,15,0,0,1607.0,-4.56,1,0,2023-01-20,1533.8,3.96,0,0,76,5.48,2.32,2023-01-23,1556.7,0.3982,-12.72,-16.1,11.52,2023-01-25,-12.29,3,0,21.23,-35.6
ACMESOLAR,L120,1,7f8628ee174f,0,161,2024-12-03,280.38,2025-01-28,173.53,38.11,119,0.432,0.719,5.195e-05,0.699,0.42,0.582,0.0826,0,2025-05-12,12.71,2025-06-19,262.72,245.38,6.6,15,1,1,280.38,2.3,1,1,2025-07-10,286.83,25.17,1,1,43,9.18,14.66,2025-07-11,293.64,0.3343,-1.28,-18.18,31.2,2025-09-26,-9.17,54,0,35.76,-33.34
ACMESOLAR,L180,1,7f8628ee174f,0,161,2024-12-03,280.38,2025-01-28,173.53,38.11,119,0.432,0.719,5.195e-05,0.699,0.42,0.582,0.0826,0,2025-05-12,12.71,2025-06-19,262.72,245.38,6.6,15,1,1,280.38,2.3,1,1,2025-07-10,286.83,25.17,1,1,43,9.18,14.66,2025-07-11,293.64,0.3343,-1.28,-18.18,31.2,2025-09-26,-9.17,54,0,35.76,-33.34
ACMESOLAR,L180,0,7f8628ee174f,0,377,2025-09-12,318.52,2026-01-23,198.78,37.59,180,0.609,0.71,4.027e-05,0.541,0.417,0.985,0.4051,0,2026-05-12,38.71,2026-05-07,305.6,275.6,9.82,15,1,1,318.52,-2.64,1,0,2026-05-29,310.1,3.81,0,0,12,1.47,36.49,2026-06-01,314.0,0.3476,30.3,27.96,27.96,,27.96,74,1,37.1,-5.76
ACMESOLAR,L250,1,7f8628ee174f,0,161,2024-12-03,280.38,2025-01-28,173.53,38.11,119,0.432,0.719,5.195e-05,0.699,0.42,0.582,0.0826,0,2025-05-12,12.71,2025-06-19,262.72,245.38,6.6,15,1,1,280.38,2.3,1,1,2025-07-10,286.83,25.17,1,1,43,9.18,14.66,2025-07-11,293.64,0.3343,-1.28,-18.18,31.2,2025-09-26,-9.17,54,0,35.76,-33.34
ACMESOLAR,VAR,1,7f8628ee174f,0,161,2024-12-03,280.38,2025-01-28,173.53,38.11,96,0.411,0.808,8.396e-05,0.699,0.51,1.224,0.1098,1,2025-04-24,18.43,2025-06-19,262.72,245.38,6.6,15,1,1,280.38,2.3,1,1,2025-07-10,286.83,25.17,1,1,54,9.18,14.66,2025-07-11,293.64,0.5112,-1.28,-18.18,31.2,2025-09-26,-9.17,54,0,35.76,-33.34
ACMESOLAR,VAR,0,7f8628ee174f,0,377,2025-09-12,318.52,2026-01-23,198.78,37.59,130,0.698,0.831,4.617e-05,0.682,0.577,0.717,0.4464,0,2026-03-23,13.79,2026-05-07,305.6,275.6,9.82,15,1,1,318.52,-2.64,1,0,2026-05-29,310.1,3.81,0,0,43,1.47,36.49,2026-06-01,314.0,0.546,30.3,27.96,27.96,,27.96,74,1,37.1,-5.76
ADANIENSOL,L120,0,277958e9e086,0,1340,2020-01-17,340.75,2020-03-12,163.85,51.91,120,0.395,0.779,1.144e-04,0.688,0.567,2.0,0.5672,1,2020-06-30,42.48,2020-12-15,441.2,395.75,10.3,15,1,0,441.2,2.96,1,1,2021-01-06,454.25,3.23,0,0,133,3.72,21.43,2021-01-07,457.0,0.5425,143.03,109.23,298.18,2021-01-18,-11.14,8,0,347.48,-13.1
ADANIENSOL,VAR,0,277958e9e086,0,1340,2020-01-02,356.65,2020-03-12,163.85,54.06,122,0.405,0.779,1.081e-04,0.698,0.557,1.996,0.5672,1,2020-06-30,42.48,2020-12-15,441.2,395.75,10.3,15,1,0,441.2,2.96,1,1,2021-01-06,454.25,3.23,0,0,133,3.72,21.43,2021-01-07,457.0,0.5318,143.03,109.23,298.18,2021-01-18,-11.14,8,0,347.48,-13.1
ADANIENT,L120,0,d0a7c0690915,1,1336,2020-02-20,250.8,2020-03-23,117.2,53.27,120,0.395,0.706,1.082e-04,0.679,0.658,0.912,0.403,0,2020-07-09,59.65,2020-10-09,318.9,297.6,6.68,15,1,0,320.0,2.91,1,1,2020-10-30,329.3,3.43,0,0,80,3.26,130.84,2020-11-02,328.8,0.3884,51.22,249.45,338.14,2021-06-17,303.28,155,0,406.33,-1.79
ADANIENT,L180,0,d0a7c0690915,1,1336,2020-02-20,250.8,2020-03-23,117.2,53.27,180,0.318,0.712,8.999e-05,0.492,0.483,1.094,0.3735,0,2020-09-17,200.4,2020-10-09,318.9,297.6,6.68,15,1,0,320.0,2.91,1,1,2020-10-30,329.3,3.43,0,0,30,3.26,130.84,2020-11-02,328.8,0.2366,51.22,249.45,338.14,2021-06-17,303.28,155,0,406.33,-1.79
ADANIGREEN,VAR,0,7e78d02464c6,0,841,2021-05-24,1360.95,2021-08-02,876.15,35.62,90,0.551,0.816,1.604e-04,0.558,0.411,2.696,0.3211,1,2021-09-29,139.61,2021-10-22,1292.3,1147.15,11.23,15,1,1,1360.95,-4.11,1,0,2021-11-15,1305.05,5.76,1,0,31,0.99,43.98,2021-11-16,1314.0,0.5855,46.1,101.53,60.02,2022-05-13,65.26,122,0,132.12,-6.01
ADANIPOWER,L120,0,20990b692e0c,0,3523,2022-11-16,69.05,2023-02-27,27.85,59.67,120,0.605,0.721,1.125e-04,0.697,0.442,4.03,0.2646,1,2023-05-11,144.2,2023-11-06,80.2,76.35,4.8,15,1,0,86.5,3.18,1,1,2023-11-28,89.25,5.38,1,0,137,12.33,505.14,2023-11-29,91.35,0.3246,23.1,55.72,21.46,2024-03-19,13.46,78,0,96.11,-8.7
ADOR,L180,0,1257dd324c75,0,4571,2022-09-21,1011.7,2022-12-23,776.1,23.29,180,0.458,0.738,2.995e-05,0.439,0.439,1.174,0.3407,0,2023-05-18,4.2,2023-06-16,1205.15,1090.0,9.55,15,1,1,1233.65,1.42,1,1,2023-07-10,1251.15,3.27,0,0,36,4.13,3.4,2023-07-11,1251.0,0.3778,-11.28,20.9,13.61,2023-08-03,-13.96,18,0,41.49,-18.31
ADSL,L120,0,5d07ef5db3df,0,2384,2024-01-15,191.85,2024-03-13,128.45,33.05,120,0.361,0.7,9.353e-05,0.529,0.483,0.765,0.6158,0,2024-07-05,20.76,2024-08-02,224.67,200.03,10.97,15,0,0,239.12,-1.56,1,0,2024-08-26,235.38,5.93,1,0,34,6.56,10.98,2024-08-27,238.0,0.3542,5.82,1.36,-33.89,2024-12-20,2.67,81,0,34.41,-37.98
ADSL,VAR,0,5d07ef5db3df,0,2384,2024-01-15,191.85,2024-03-13,128.45,33.05,101,0.41,0.832,6.598e-05,0.696,0.545,0.729,0.1728,0,2024-06-11,4.24,2024-08-02,224.67,200.03,10.97,15,0,0,239.12,-1.56,1,0,2024-08-26,235.38,5.93,1,0,51,6.56,10.98,2024-08-27,238.0,0.5461,5.82,1.36,-33.89,2024-12-20,2.67,81,0,34.41,-37.98
AEGISLOG,L250,0,5f0bdccc140a,0,4431,2021-07-09,374.6,2022-02-28,168.8,54.94,250,0.699,0.857,1.934e-05,0.682,0.692,1.015,0.3551,0,2022-06-20,11.44,2022-11-22,339.1,316.9,6.55,15,1,0,380.75,-4.82,1,0,2022-12-13,362.4,3.8,0,0,120,6.87,17.92,2022-12-14,362.5,0.4563,5.42,-5.26,2.01,2023-05-15,0.51,102,0,13.24,-22.76
AEGISLOG,VAR,0,5f0bdccc140a,0,4431,2021-07-09,374.6,2022-02-28,168.8,54.94,231,0.691,0.786,1.867e-05,0.669,0.732,0.975,0.3705,0,2022-06-14,10.98,2022-11-22,339.1,316.9,6.55,15,1,0,380.75,-4.82,1,0,2022-12-13,362.4,3.8,0,0,124,6.87,17.92,2022-12-14,362.5,0.3813,5.42,-5.26,2.01,2023-05-15,0.51,102,0,13.24,-22.76
AETHER,L250,0,f87aa934ff78,0,969,2025-03-11,932.95,2025-09-17,730.8,21.67,250,0.582,0.709,1.486e-05,0.425,0.512,1.405,0.4236,1,2026-02-17,20.14,2026-04-09,1190.2,1113.8,6.42,15,1,0,1224.65,2.23,1,1,2026-05-04,1252.0,4.71,0,0,48,6.84,31.36,2026-05-05,1256.0,0.3815,18.69,33.36,33.36,2026-05-22,-16.3,14,0,36.7,-18.5
AFFLE,L120,0,0d1caa01b0d6,0,1218,2024-01-01,1320.1,2024-03-19,1013.6,23.22,120,0.513,0.727,4.848e-05,0.575,0.417,1.093,0.3941,0,2024-06-14,31.84,2024-06-18,1370.55,1236.25,9.8,15,0,0,1486.45,-4.96,1,0,2024-07-09,1412.65,6.75,1,0,16,3.23,65.11,2024-07-10,1425.45,0.3819,7.6,24.33,37.54,2024-10-22,3.47,72,0,45.92,-12.59
AFFLE,L120,0,0d1caa01b0d6,0,1446,2024-12-16,1852.45,2025-02-28,1400.25,24.41,120,0.529,0.715,5.060e-05,0.573,0.4,0.693,0.2604,0,2025-05-27,25.81,2025-05-20,1868.7,1677.4,10.24,15,0,0,1868.7,3.76,1,1,2025-06-10,1939.0,7.66,1,0,10,3.76,41.64,2025-06-11,1947.0,0.3118,-2.08,-14.83,-23.66,2025-07-25,-7.47,33,0,12.27,-35.73
AFFLE,VAR,0,0d1caa01b0d6,0,1218,2024-01-01,1320.1,2024-03-19,1013.6,23.22,95,0.585,0.871,5.713e-05,0.685,0.505,1.004,0.3875,0,2024-05-18,17.22,2024-06-18,1370.55,1236.25,9.8,15,0,0,1486.45,-4.96,1,0,2024-07-09,1412.65,6.75,1,0,35,3.23,65.11,2024-07-10,1425.45,0.5503,7.6,24.33,37.54,2024-10-22,3.47,72,0,45.92,-12.59
AFFLE,VAR,0,0d1caa01b0d6,0,1446,2024-12-16,1852.45,2025-02-28,1400.25,24.41,90,0.596,0.718,7.250e-05,0.625,0.489,0.784,0.2652,0,2025-04-28,32.87,2025-05-20,1868.7,1677.4,10.24,15,0,0,1868.7,3.76,1,1,2025-06-10,1939.0,7.66,1,0,30,3.76,41.64,2025-06-11,1947.0,0.3242,-2.08,-14.83,-23.66,2025-07-25,-7.47,33,0,12.27,-35.73
AGARIND,L120,0,f0024cdefd38,0,2512,2024-02-01,1131.16,2024-03-13,786.48,30.47,120,0.353,0.7,9.782e-05,0.477,0.4,1.053,0.2882,0,2024-07-09,9.63,2024-07-18,1210.29,1116.2,7.77,15,0,0,1250.54,-2.95,1,0,2024-08-08,1213.67,3.24,0,0,21,3.85,7.01,2024-08-09,1287.22,0.2214,-17.07,-13.61,-26.79,2024-10-03,-13.6,38,0,6.83,-35.18
AGARIND,VAR,0,f0024cdefd38,0,2512,2024-02-01,1131.16,2024-03-13,786.48,30.47,90,0.315,0.772,1.365e-04,0.542,0.533,1.256,0.3602,1,2024-06-14,6.28,2024-07-18,1210.29,1116.2,7.77,15,0,0,1250.54,-2.95,1,0,2024-08-08,1213.67,3.24,0,0,37,3.85,7.01,2024-08-09,1287.22,0.4052,-17.07,-13.61,-26.79,2024-10-03,-13.6,38,0,6.83,-35.18
AGI,L120,0,53220914a444,1,893,2022-04-19,357.35,2022-06-20,185.15,48.19,120,0.513,0.711,1.488e-04,0.519,0.408,0.999,0.5138,0,2022-09-13,6.86,2023-02-28,375.05,336.35,10.32,15,1,0,395.1,-2.85,1,0,2023-03-22,383.85,4.45,0,0,131,5.34,6.23,2023-03-23,383.0,0.3938,52.98,85.99,89.27,2023-03-27,-15.86,3,0,184.33,-20.37
AGI,VAR,0,53220914a444,1,893,2022-04-19,357.35,2022-06-20,185.15,48.19,90,0.483,0.896,2.685e-04,0.528,0.544,0.944,0.5126,0,2022-08-25,5.98,2023-02-28,375.05,336.35,10.32,15,1,0,395.1,-2.85,1,0,2023-03-22,383.85,4.45,0,0,143,5.34,6.23,2023-03-23,383.0,0.7241,52.98,85.99,89.27,2023-03-27,-15.86,3,0,184.33,-20.37
AHLUCONT,VAR,0,dd54f01cf6a7,0,1982,2017-05-12,399.35,2017-08-11,260.95,34.66,100,0.646,0.837,7.519e-05,0.694,0.53,1.924,-0.0966,0,2017-10-04,2.09,2017-12-04,383.5,357.05,6.9,15,1,0,399.35,-2.34,1,0,2017-12-26,390.0,21.7,1,1,56,2.94,0.48,2017-12-27,414.0,0.5055,-10.99,-16.18,-21.68,2018-01-23,-15.25,20,0,7.0,-37.92
AIAENG,L180,0,cecf80ebd6c2,0,975,2008-09-08,322.76,2009-01-28,106.41,67.03,180,0.564,0.929,1.139e-04,0.578,0.711,2.342,0.3793,1,2009-05-29,2.05,2009-11-09,351.31,309.92,11.78,15,0,0,351.31,6.73,1,1,2009-11-30,374.94,5.09,1,0,125,6.73,2.07,2009-12-01,380.88,0.7038,-10.37,7.1,8.22,2010-01-27,-15.7,38,0,26.7,-18.22
AIAENG,L250,0,cecf80ebd6c2,0,975,2008-09-08,322.76,2009-01-28,106.41,67.03,250,0.442,0.752,6.246e-05,0.506,0.512,4.039,0.3648,1,2009-08-24,2.19,2009-11-09,351.31,309.92,11.78,15,0,0,351.31,6.73,1,1,2009-11-30,374.94,5.09,1,0,64,6.73,2.07,2009-12-01,380.88,0.4701,-10.37,7.1,8.22,2010-01-27,-15.7,38,0,26.7,-18.22
AIAENG,VAR,0,cecf80ebd6c2,0,975,2008-09-08,322.76,2009-01-28,106.41,67.03,172,0.544,0.932,1.221e-04,0.56,0.744,2.146,0.3793,1,2009-05-29,2.05,2009-11-09,351.31,309.92,11.78,15,0,0,351.31,6.73,1,1,2009-11-30,374.94,5.09,1,0,125,6.73,2.07,2009-12-01,380.88,0.7173,-10.37,7.1,8.22,2010-01-27,-15.7,38,0,26.7,-18.22
AKZOINDIA,L120,0,64eecc4600e1,0,3015,2016-09-28,1701.7,2017-01-16,1329.8,21.85,120,0.63,0.85,5.650e-05,0.546,0.45,1.46,0.5713,1,2017-03-22,2.01,2017-03-01,1646.65,1519.25,7.74,15,1,1,1720.0,0.21,1,1,2017-03-23,1723.55,11.33,1,1,1,4.67,2.05,2017-03-24,1720.0,0.4702,9.23,5.69,4.99,2017-05-23,3.11,40,0,21.45,-2.45
AKZOINDIA,L120,0,64eecc4600e1,0,3950,2020-03-11,2478.25,2020-05-18,1766.6,28.72,120,0.471,0.847,4.309e-05,0.697,0.65,0.611,0.2637,0,2020-08-14,2.5,2020-12-11,2401.55,2160.85,10.02,15,1,0,2478.25,-0.27,1,0,2021-01-04,2471.5,3.09,0,0,98,3.07,3.01,2021-01-05,2475.0,0.6471,-4.2,-4.86,-18.77,2021-01-29,-9.98,18,0,2.22,-20.84
AKZOINDIA,VAR,0,64eecc4600e1,0,3950,2020-03-11,2478.25,2020-05-18,1766.6,28.72,106,0.41,0.724,4.185e-05,0.67,0.736,0.68,0.2909,0,2020-08-13,2.1,2020-12-11,2401.55,2160.85,10.02,15,1,0,2478.25,-0.27,1,0,2021-01-04,2471.5,3.09,0,0,99,3.07,3.01,2021-01-05,2475.0,0.4442,-4.2,-4.86,-18.77,2021-01-29,-9.98,18,0,2.22,-20.84
ALIVUS,L250,0,b3aa7f1e7ade,0,383,2025-05-15,1199.62,2025-12-08,860.05,28.31,250,0.643,0.706,9.120e-06,0.62,0.62,0.936,0.2963,0,2026-04-22,10.08,2026-07-13,1168.4,1095.7,6.22,15,1,1,1230.6,-1.32,1,0,2026-08-03,1214.4,3.84,0,0,70,4.69,6.09,2026-08-04,1225.0,0.369,13.47,13.47,13.47,,13.47,28,1,21.94,-1.94
ALIVUS,VAR,0,b3aa7f1e7ade,0,383,2025-05-15,1199.62,2025-12-08,860.05,28.31,218,0.654,0.793,8.493e-06,0.694,0.711,0.893,0.2614,0,2026-03-30,6.28,2026-07-13,1168.4,1095.7,6.22,15,1,1,1230.6,-1.32,1,0,2026-08-03,1214.4,3.84,0,0,84,4.69,6.09,2026-08-04,1225.0,0.4542,13.47,13.47,13.47,,13.47,28,1,21.94,-1.94
ALKEM,L120,0,fd36ea56ab35,0,481,2017-04-20,2138.4,2017-08-11,1705.75,20.23,120,0.681,0.748,1.793e-05,0.696,0.567,1.073,0.1501,0,2017-10-09,4.63,2017-11-14,2020.5,1950.05,3.49,15,1,1,2211.3,-4.78,1,0,2017-12-05,2105.5,8.64,1,0,39,4.21,2.77,2017-12-06,2098.0,0.2959,5.89,-8.63,-9.59,2018-03-20,0.29,71,0,17.68,-17.73
ALKEM,L180,0,fd36ea56ab35,0,481,2017-03-27,2211.3,2017-08-11,1705.75,22.86,180,0.659,0.72,1.281e-05,0.687,0.517,0.892,0.1371,0,2017-11-13,3.44,2017-11-14,2020.5,1950.05,3.49,15,1,1,2211.3,-4.78,1,0,2017-12-05,2105.5,8.64,1,0,16,4.21,2.77,2017-12-06,2098.0,0.2513,5.89,-8.63,-9.59,2018-03-20,0.29,71,0,17.68,-17.73
ALKEM,VAR,0,fd36ea56ab35,0,481,2017-03-27,2211.3,2017-08-11,1705.75,22.86,137,0.699,0.88,2.278e-05,0.695,0.599,1.07,0.0614,0,2017-10-12,4.63,2017-11-14,2020.5,1950.05,3.49,15,1,1,2211.3,-4.78,1,0,2017-12-05,2105.5,8.64,1,0,36,4.21,2.77,2017-12-06,2098.0,0.4456,5.89,-8.63,-9.59,2018-03-20,0.29,71,0,17.68,-17.73
AMANTA-BE,L250,1,2d4f0336dd37,0,233,2025-09-10,148.72,2026-03-17,95.03,36.1,204,0.635,0.844,4.353e-05,0.47,0.446,1.299,0.6278,1,2026-07-08,2.12,2026-07-29,173.0,153.27,11.4,15,1,0,186.47,-4.74,1,0,2026-08-19,177.63,7.7,1,0,30,3.1,0.54,2026-08-20,177.63,0.5323,13.6,13.6,13.6,,13.6,16,1,18.2,-3.73
AMBER,VAR,0,bb4ccf660dca,0,616,2020-02-20,1639.75,2020-04-13,1004.65,38.73,90,0.36,0.743,1.835e-04,0.457,0.456,0.662,0.2641,0,2020-07-06,7.18,2020-07-13,1538.25,1459.7,5.11,15,1,1,1639.75,5.03,1,1,2020-08-03,1722.2,14.84,1,1,20,16.17,6.78,2020-08-04,1744.9,0.3523,25.66,43.6,73.24,2021-03-25,72.09,163,0,109.87,-5.89
AMBER,VAR,0,bb4ccf660dca,0,907,2021-03-08,3553.05,2021-06-01,2713.8,23.62,90,0.618,0.769,5.518e-05,0.691,0.411,1.148,0.2999,0,2021-07-19,27.8,2021-09-09,3263.7,3086.65,5.42,15,1,0,3553.05,-3.17,1,0,2021-10-01,3440.4,7.86,1,0,51,5.41,14.1,2021-10-04,3459.0,0.308,-3.38,3.19,-31.15,2021-10-25,-6.84,15,0,16.39,-41.02
AMBUJACEM,L120,0,41c20b972ef2,0,1563,2010-11-09,164.7,2011-02-11,116.45,29.3,120,0.597,0.712,6.500e-05,0.535,0.425,1.21,0.4628,1,2011-04-26,21.45,2011-04-05,157.8,149.0,5.58,15,0,0,164.7,-3.95,1,0,2011-04-29,158.2,42.77,1,1,3,4.84,23.84,2011-05-02,156.8,0.3421,-17.38,-1.85,-9.28,2011-05-04,-9.47,3,0,16.07,-23.41
AMBUJACEM,L180,0,41c20b972ef2,0,4725,2022-12-08,587.75,2023-02-27,329.9,43.87,180,0.453,0.702,4.309e-05,0.62,0.417,0.811,0.2179,0,2023-07-24,131.5,2024-01-25,576.2,555.0,3.68,15,1,1,587.75,-0.45,1,0,2024-02-16,585.1,3.4,0,0,142,2.25,175.09,2024-02-19,588.8,0.3242,5.42,6.05,-17.07,2024-03-13,-5.02,18,0,20.07,-23.06
AMBUJACEM,L250,0,41c20b972ef2,0,2879,2015-07-15,255.2,2016-01-20,186.95,26.74,250,0.59,0.71,1.339e-05,0.52,0.464,1.026,0.2124,0,2016-06-21,55.86,2016-08-09,276.45,259.7,6.06,15,1,1,285.45,-2.63,1,0,2016-08-31,277.95,4.38,0,0,49,1.05,61.46,2016-09-01,273.7,0.3046,-24.41,-16.0,3.25,2016-09-26,-6.89,16,0,4.79,-30.22
AMBUJACEM,VAR,0,41c20b972ef2,0,1563,2010-11-09,164.7,2011-02-11,116.45,29.3,97,0.677,0.739,5.261e-05,0.69,0.526,1.257,0.4712,1,2011-03-29,19.59,2011-04-05,157.8,149.0,5.58,15,0,0,164.7,-3.95,1,0,2011-04-29,158.2,42.77,1,1,20,4.84,23.84,2011-05-02,156.8,0.382,-17.38,-1.85,-9.28,2011-05-04,-9.47,3,0,16.07,-23.41
AMBUJACEM,VAR,0,41c20b972ef2,0,2879,2015-07-15,255.2,2016-01-20,186.95,26.74,187,0.688,0.741,2.076e-05,0.563,0.615,0.931,0.1268,0,2016-04-20,50.87,2016-08-09,276.45,259.7,6.06,15,1,1,285.45,-2.63,1,0,2016-08-31,277.95,4.38,0,0,93,1.05,61.46,2016-09-01,273.7,0.3221,-24.41,-16.0,3.25,2016-09-26,-6.89,16,0,4.79,-30.22
ANDHRAPAP,L180,0,96f3bb3bd89e,0,1619,2010-09-06,47.05,2011-02-10,25.85,45.06,180,0.67,0.715,9.838e-05,0.442,0.478,2.053,0.1922,1,2011-05-10,2.37,2011-07-27,75.7,72.45,4.29,15,1,1,79.5,-4.28,1,0,2011-08-18,76.1,4.91,0,0,71,0.53,2.7,2011-08-19,75.8,0.3086,-56.79,-57.85,-16.62,2011-08-26,-5.01,6,0,0.79,-68.54
ANTHEM,L120,0,b1207c0ac271,0,271,2025-09-24,820.75,2026-01-27,592.4,27.82,120,0.697,0.705,3.968e-05,0.644,0.5,0.578,-0.027,0,2026-03-19,11.26,2026-08-05,898.0,825.65,8.06,15,0,0,898.0,2.79,1,1,2026-08-26,923.05,3.9,0,0,107,5.53,52.43,2026-08-27,928.0,0.1839,1.36,1.36,1.36,,1.36,12,1,5.34,-4.31
ANTHEM,L180,0,b1207c0ac271,0,271,2025-09-17,864.5,2026-01-27,592.4,31.47,180,0.642,0.704,2.561e-05,0.615,0.45,0.619,0.2283,0,2026-05-05,17.91,2026-08-05,898.0,825.65,8.06,15,0,0,898.0,2.79,1,1,2026-08-26,923.05,3.9,0,0,79,5.53,52.43,2026-08-27,928.0,0.2634,1.36,1.36,1.36,,1.36,12,1,5.34,-4.31
ANTHEM,VAR,1,b1207c0ac271,0,271,2025-09-17,864.5,2026-01-27,592.4,31.47,128,0.693,0.763,3.845e-05,0.661,0.578,0.587,0.0195,0,2026-03-24,11.28,2026-08-05,898.0,825.65,8.06,15,0,0,898.0,2.79,1,1,2026-08-26,923.05,3.9,0,0,104,5.53,52.43,2026-08-27,928.0,0.3491,1.36,1.36,1.36,,1.36,12,1,5.34,-4.31
ANUP,L180,0,91f5731724aa,0,622,2020-12-14,395.11,2021-04-12,267.83,32.21,180,0.531,0.702,4.437e-05,0.365,0.417,1.989,0.4768,1,2021-08-12,6.55,2021-08-18,488.39,451.21,7.61,15,1,1,500.12,1.53,1,1,2021-09-09,507.78,3.17,0,0,19,4.33,2.42,2021-09-13,511.3,0.4481,-5.53,-22.75,-5.08,2021-10-21,-11.84,28,0,16.82,-41.84
APARINDS,L120,0,686223288866,0,4324,2022-01-25,822.75,2022-05-11,590.55,28.22,120,0.697,0.709,9.788e-05,0.457,0.475,1.907,0.4698,1,2022-06-30,31.51,2022-06-17,997.1,915.3,8.2,15,0,0,997.1,2.27,1,1,2022-07-08,1019.75,3.07,0,0,6,3.42,33.86,2022-07-11,1008.0,0.3089,46.1,80.97,244.06,2023-01-23,55.47,135,0,258.13,-8.73
APOLLOHOSP,L120,0,ef42b524eddf,0,2156,2010-10-13,572.9,2011-01-06,453.15,20.9,120,0.529,0.707,2.123e-05,0.699,0.7,0.995,0.2846,0,2011-03-29,2.5,2011-10-13,539.6,504.05,6.59,15,1,1,572.9,0.64,1,1,2011-11-08,576.55,8.7,1,0,150,6.85,2.01,2011-11-09,580.65,0.4367,3.76,6.23,38.55,2011-12-14,-4.1,24,0,54.91,-22.14
APOLLOTYRE,L120,0,194e2edcd088,0,1795,2011-07-18,81.1,2011-10-04,51.9,36.0,120,0.647,0.708,6.166e-05,0.679,0.517,0.719,0.1504,0,2011-12-09,11.5,2012-03-15,83.55,75.65,9.46,15,1,0,87.3,-3.09,1,0,2012-04-09,84.6,3.05,0,0,81,1.26,13.65,2012-04-10,84.8,0.3303,-8.08,9.26,-2.12,2012-05-04,-4.78,18,0,20.81,-13.03
APOLLOTYRE,L120,0,194e2edcd088,0,2297,2013-05-07,100.45,2013-06-25,56.35,43.9,120,0.387,0.717,7.568e-05,0.693,0.658,1.938,0.2155,1,2013-10-10,21.77,2014-03-25,167.95,155.35,7.5,15,0,0,167.95,3.19,1,1,2014-04-17,173.3,3.35,0,0,127,7.67,56.2,2014-04-21,174.1,0.4581,3.79,18.01,-0.46,2014-07-09,5.11,56,0,43.48,-11.26
APOLLOTYRE,L180,0,194e2edcd088,0,1795,2011-07-18,81.1,2011-10-04,51.9,36.0,180,0.453,0.706,4.446e-05,0.518,0.428,0.821,0.1389,0,2012-02-29,23.09,2012-03-15,83.55,75.65,9.46,15,1,0,87.3,-3.09,1,0,2012-04-09,84.6,3.05,0,0,25,1.26,13.65,2012-04-10,84.8,0.3517,-8.08,9.26,-2.12,2012-05-04,-4.78,18,0,20.81,-13.03
APOLLOTYRE,L250,0,194e2edcd088,0,1263,2008-08-26,40.25,2009-02-26,15.05,62.61,250,0.586,0.705,5.169e-05,0.526,0.44,3.666,0.207,1,2009-07-31,12.39,2010-01-25,57.4,51.25,10.71,15,1,1,61.2,-4.0,1,0,2010-02-17,58.75,3.16,0,0,132,4.44,11.63,2010-02-18,59.2,0.2941,16.89,9.63,-6.25,2010-05-04,11.74,50,0,50.34,-25.68
APOLLOTYRE,VAR,0,194e2edcd088,0,1795,2011-07-18,81.1,2011-10-04,51.9,36.0,90,0.596,0.806,1.292e-04,0.602,0.689,0.654,0.1828,0,2011-11-30,10.56,2012-03-15,83.55,75.65,9.46,15,1,0,87.3,-3.09,1,0,2012-04-09,84.6,3.05,0,0,87,1.26,13.65,2012-04-10,84.8,0.5593,-8.08,9.26,-2.12,2012-05-04,-4.78,18,0,20.81,-13.03
APOLLOTYRE,VAR,0,194e2edcd088,0,2297,2013-05-07,100.45,2013-06-25,56.35,43.9,95,0.372,0.71,1.165e-04,0.696,0.695,2.011,0.2557,1,2013-09-19,16.07,2014-03-25,167.95,155.35,7.5,15,0,0,167.95,3.19,1,1,2014-04-17,173.3,3.35,0,0,141,7.67,56.2,2014-04-21,174.1,0.4482,3.79,18.01,-0.46,2014-07-09,5.11,56,0,43.48,-11.26
APOLLOTYRE,VAR,0,194e2edcd088,0,3106,2016-10-05,229.45,2017-02-15,174.2,24.08,131,0.692,0.704,4.506e-05,0.51,0.542,1.39,0.4732,1,2017-04-18,93.82,2017-07-12,266.95,251.0,5.97,15,1,1,266.95,4.05,1,1,2017-08-02,277.75,3.08,0,0,74,4.05,75.52,2017-08-03,278.5,0.3139,-12.15,-6.27,2.93,2017-08-29,-10.54,17,0,10.32,-18.08
APTECHT-BE,L180,0,b1452e44f991,0,4537,2022-04-08,253.06,2022-06-20,136.89,45.91,180,0.413,0.704,5.871e-05,0.536,0.483,1.04,0.4207,0,2022-11-22,5.64,2023-04-26,304.26,287.8,5.41,15,1,0,309.39,5.75,1,1,2023-05-18,327.19,9.55,1,1,120,11.38,6.91,2023-05-19,330.55,0.3739,-8.82,-28.41,-35.07,2023-07-24,-6.72,46,0,22.75,-41.62
APTECHT-BE,L250,0,b1452e44f991,0,4537,2022-01-04,297.01,2022-06-20,136.89,53.91,250,0.47,0.703,3.156e-05,0.564,0.404,0.926,0.3604,0,2022-12-29,3.38,2023-04-26,304.26,287.8,5.41,15,1,0,309.39,5.75,1,1,2023-05-18,327.19,9.55,1,1,93,11.38,6.91,2023-05-19,330.55,0.3002,-8.82,-28.41,-35.07,2023-07-24,-6.72,46,0,22.75,-41.62
APTECHT-BE,VAR,0,b1452e44f991,0,4537,2022-01-04,297.01,2022-06-20,136.89,53.91,202,0.562,0.728,3.120e-05,0.699,0.5,1.039,0.4575,0,2022-10-27,5.74,2023-04-26,304.26,287.8,5.41,15,1,0,309.39,5.75,1,1,2023-05-18,327.19,9.55,1,1,137,11.38,6.91,2023-05-19,330.55,0.3993,-8.82,-28.41,-35.07,2023-07-24,-6.72,46,0,22.75,-41.62
ARIES,L180,0,cb0171872734,0,4343,2024-12-13,385.85,2025-03-03,227.52,41.03,180,0.43,0.721,4.588e-05,0.461,0.417,1.433,0.3043,1,2025-07-31,3.21,2025-07-25,402.7,354.95,11.86,15,1,0,402.7,2.23,1,1,2025-08-18,411.7,3.93,0,0,11,5.13,3.53,2025-08-19,411.0,0.3809,-8.09,-19.73,10.15,2025-09-30,-9.65,30,0,11.9,-30.57
ARIES,VAR,0,cb0171872734,0,4330,2024-12-13,385.85,2025-03-03,227.52,41.03,143,0.387,0.766,5.960e-05,0.437,0.517,2.351,0.2891,1,2025-07-10,2.09,2025-07-08,373.9,342.6,8.37,15,0,0,385.85,-0.57,1,0,2025-07-29,383.65,7.08,1,0,13,3.54,2.25,2025-07-30,378.65,0.5187,3.08,-19.13,-9.92,2025-09-30,-1.93,43,0,21.46,-24.64
ARIHANTSUP,L120,0,4e06b8e34873,0,1660,2023-04-10,219.12,2023-08-08,164.02,25.15,120,0.697,0.8,4.754e-05,0.641,0.633,0.931,0.1873,0,2023-09-29,2.15,2023-11-24,274.62,248.16,9.64,15,0,0,274.62,3.54,1,1,2023-12-18,284.35,3.37,0,0,52,6.79,2.5,2023-12-19,283.41,0.3862,16.89,20.62,55.48,2024-03-11,9.16,56,0,67.13,-15.89
ARVIND,L120,0,deb3d8178173,1,1201,2022-12-05,101.85,2023-02-24,79.85,21.6,120,0.529,0.864,8.134e-05,0.443,0.417,1.391,0.5424,1,2023-05-23,11.78,2023-09-08,174.3,158.95,8.81,15,1,1,175.95,5.48,1,1,2023-10-03,185.6,4.46,0,0,91,6.94,16.27,2023-10-04,186.9,0.5553,39.89,47.54,82.5,2024-02-12,45.51,90,0,125.41,-12.49
ASAHIINDIA,L120,0,f8182d7995f5,0,4355,2022-02-03,596.5,2022-05-12,387.75,35.0,120,0.697,0.701,7.366e-05,0.587,0.5,0.884,0.5036,0,2022-07-01,11.27,2022-08-01,587.7,524.7,10.72,15,1,1,596.5,4.48,1,1,2022-08-24,623.2,8.75,1,0,36,6.67,12.73,2022-08-25,634.0,0.3224,-2.52,-19.35,-6.55,2022-09-16,-4.47,16,0,9.46,-33.81
ASAHIINDIA,VAR,0,f8182d7995f5,0,4355,2022-02-03,596.5,2022-05-12,387.75,35.0,114,0.575,0.706,9.103e-05,0.461,0.526,1.115,0.4249,0,2022-07-19,20.15,2022-08-01,587.7,524.7,10.72,15,1,1,596.5,4.48,1,1,2022-08-24,623.2,8.75,1,0,24,6.67,12.73,2022-08-25,634.0,0.4634,-2.52,-19.35,-6.55,2022-09-16,-4.47,16,0,9.46,-33.81
ASHAPURMIN,L120,0,264d42834c30,0,5156,2025-01-23,543.8,2025-03-12,308.9,43.2,120,0.328,0.706,1.051e-04,0.535,0.45,0.661,0.4417,0,2025-07-10,14.22,2025-10-23,675.15,607.9,9.96,15,1,0,692.55,-0.38,1,0,2025-11-14,689.9,16.86,1,1,86,8.09,23.26,2025-11-17,695.95,0.2812,-8.96,-5.17,-22.37,2026-01-20,9.07,45,0,32.9,-34.61
ASHAPURMIN,VAR,0,264d42834c30,0,5156,2025-01-23,543.8,2025-03-12,308.9,43.2,90,0.382,0.707,1.612e-04,0.583,0.589,0.665,0.3851,0,2025-06-05,13.87,2025-10-23,675.15,607.9,9.96,15,1,0,692.55,-0.38,1,0,2025-11-14,689.9,16.86,1,1,111,8.09,23.26,2025-11-17,695.95,0.4336,-8.96,-5.17,-22.37,2026-01-20,9.07,45,0,32.9,-34.61
ASIANPAINT,L120,0,37869d7eb910,0,3561,2016-10-13,1216.6,2016-12-21,865.55,28.86,120,0.622,0.764,4.964e-05,0.692,0.508,1.05,0.2545,0,2017-02-23,80.81,2017-06-30,1155.85,1102.95,4.58,15,0,0,1216.6,-4.97,1,0,2017-07-21,1156.1,3.32,0,0,100,0.05,68.45,2017-07-24,1151.6,0.3969,2.44,4.55,27.45,2017-07-24,0.36,1,0,28.19,-5.34
ASIANPAINT,VAR,0,37869d7eb910,0,3561,2016-10-13,1216.6,2016-12-21,865.55,28.86,90,0.528,0.851,1.100e-04,0.577,0.678,0.826,0.2388,0,2017-02-20,82.15,2017-06-30,1155.85,1102.95,4.58,15,0,0,1216.6,-4.97,1,0,2017-07-21,1156.1,3.32,0,0,103,0.05,68.45,2017-07-24,1151.6,0.6494,2.44,4.55,27.45,2017-07-24,0.36,1,0,28.19,-5.34
ASTEC,L120,0,fef894cb80c8,0,1611,2016-01-05,248.95,2016-02-29,176.2,29.22,120,0.328,0.878,9.860e-05,0.359,0.4,0.894,0.3645,0,2016-06-28,2.24,2016-07-01,368.2,349.65,5.04,15,0,0,386.6,-0.57,1,0,2016-07-25,384.4,4.69,0,0,18,8.07,3.62,2016-07-26,387.9,0.414,18.82,55.48,52.53,2016-11-21,24.84,78,0,77.56,-10.75
ASTEC,L120,0,fef894cb80c8,0,2838,2021-01-04,1298.95,2021-03-31,996.2,23.31,120,0.597,0.718,8.058e-05,0.46,0.475,0.994,0.332,0,2021-06-11,5.9,2021-06-22,1368.35,1316.65,3.78,15,1,1,1461.65,-2.93,1,0,2021-07-13,1418.85,8.85,1,0,22,6.04,2.6,2021-07-14,1414.2,0.3192,-10.88,1.91,44.76,2021-08-11,-10.06,20,0,50.17,-21.75
ASTEC,L180,1,fef894cb80c8,0,214,2009-12-09,92.8,2010-02-26,45.6,50.86,151,0.413,0.754,8.578e-05,0.59,0.523,0.427,0.3868,0,2010-07-06,2.25,2010-09-14,87.95,78.55,10.69,15,1,0,92.8,-3.23,1,0,2010-10-05,89.8,6.42,1,0,64,2.1,1.22,2010-10-06,89.85,0.4274,-33.5,-49.47,-61.38,2010-11-15,-19.53,29,0,2.0,-69.17
ASTEC,L250,1,fef894cb80c8,0,214,2009-12-09,92.8,2010-02-26,45.6,50.86,151,0.413,0.754,8.578e-05,0.59,0.523,0.427,0.3868,0,2010-07-06,2.25,2010-09-14,87.95,78.55,10.69,15,1,0,92.8,-3.23,1,0,2010-10-05,89.8,6.42,1,0,64,2.1,1.22,2010-10-06,89.85,0.4274,-33.5,-49.47,-61.38,2010-11-15,-19.53,29,0,2.0,-69.17
ASTEC,VAR,1,fef894cb80c8,0,214,2009-12-09,92.8,2010-02-26,45.6,50.86,141,0.371,0.788,1.046e-04,0.565,0.56,0.551,0.3868,0,2010-07-06,2.25,2010-09-14,87.95,78.55,10.69,15,1,0,92.8,-3.23,1,0,2010-10-05,89.8,6.42,1,0,64,2.1,1.22,2010-10-06,89.85,0.4574,-33.5,-49.47,-61.38,2010-11-15,-19.53,29,0,2.0,-69.17
ASTEC,VAR,0,fef894cb80c8,0,2838,2021-01-04,1298.95,2021-03-31,996.2,23.31,90,0.663,0.799,1.102e-04,0.538,0.633,1.022,0.2885,0,2021-05-18,6.7,2021-06-22,1368.35,1316.65,3.78,15,1,1,1461.65,-2.93,1,0,2021-07-13,1418.85,8.85,1,0,40,6.04,2.6,2021-07-14,1414.2,0.4292,-10.88,1.91,44.76,2021-08-11,-10.06,20,0,50.17,-21.75
ASTRAZEN,L120,0,09e2fabe7d67,0,4808,2024-02-06,6927.05,2024-03-14,4928.05,28.86,120,0.387,0.715,7.118e-05,0.491,0.525,0.833,0.2338,0,2024-07-03,6.66,2024-06-12,6458.55,6250.75,3.22,15,1,0,6927.05,2.91,1,1,2024-07-04,7128.85,43.79,1,1,1,11.42,6.66,2024-07-05,7190.0,0.3536,10.85,-11.56,27.27,2024-11-14,-5.8,92,0,48.69,-13.49
ASTRAZEN,VAR,0,09e2fabe7d67,0,4808,2024-02-06,6927.05,2024-03-14,4928.05,28.86,90,0.303,0.75,1.018e-04,0.438,0.7,0.643,0.2928,0,2024-06-18,5.13,2024-06-12,6458.55,6250.75,3.22,15,1,0,6927.05,2.91,1,1,2024-07-04,7128.85,43.79,1,1,12,11.42,6.66,2024-07-05,7190.0,0.3698,10.85,-11.56,27.27,2024-11-14,-5.8,92,0,48.69,-13.49
ATGL,L120,0,77cf1c0930fd,0,442,2020-02-20,184.06,2020-03-24,81.4,55.78,120,0.479,0.701,1.504e-04,0.596,0.417,1.154,0.4714,0,2020-06-26,42.72,2020-08-04,170.93,153.2,10.37,15,0,0,184.06,0.52,1,1,2020-08-25,185.01,4.51,0,0,42,8.24,31.13,2020-08-26,184.56,0.336,86.74,131.03,605.71,2020-09-24,-5.17,22,0,808.54,-9.04
AUBANK,L120,1,6a833dd7ae68,0,133,2017-07-13,345.55,2017-08-23,262.6,24.01,94,0.333,0.714,6.269e-05,0.417,0.479,0.292,0.2805,0,2017-11-23,20.45,2017-12-29,356.0,330.7,7.11,15,1,0,362.1,-0.52,1,0,2018-01-19,360.2,3.62,0,0,40,1.74,8.33,2018-01-22,357.5,0.2405,-8.55,-11.2,-17.17,2018-01-31,-8.18,7,0,4.67,-30.0
AUBANK,L180,1,6a833dd7ae68,0,133,2017-07-13,345.55,2017-08-23,262.6,24.01,94,0.333,0.714,6.269e-05,0.417,0.479,0.292,0.2805,0,2017-11-23,20.45,2017-12-29,356.0,330.7,7.11,15,1,0,362.1,-0.52,1,0,2018-01-19,360.2,3.62,0,0,40,1.74,8.33,2018-01-22,357.5,0.2405,-8.55,-11.2,-17.17,2018-01-31,-8.18,7,0,4.67,-30.0
AUBANK,L250,1,6a833dd7ae68,0,133,2017-07-13,345.55,2017-08-23,262.6,24.01,94,0.333,0.714,6.269e-05,0.417,0.479,0.292,0.2805,0,2017-11-23,20.45,2017-12-29,356.0,330.7,7.11,15,1,0,362.1,-0.52,1,0,2018-01-19,360.2,3.62,0,0,40,1.74,8.33,2018-01-22,357.5,0.2405,-8.55,-11.2,-17.17,2018-01-31,-8.18,7,0,4.67,-30.0
AUBANK,VAR,1,6a833dd7ae68,0,133,2017-07-13,345.55,2017-08-23,262.6,24.01,90,0.315,0.762,6.828e-05,0.418,0.478,0.389,0.2763,0,2017-11-22,20.45,2017-12-29,356.0,330.7,7.11,15,1,0,362.1,-0.52,1,0,2018-01-19,360.2,3.62,0,0,41,1.74,8.33,2018-01-22,357.5,0.2779,-8.55,-11.2,-17.17,2018-01-31,-8.18,7,0,4.67,-30.0
AUBANK,VAR,0,6a833dd7ae68,0,1959,2024-09-19,752.5,2024-12-20,537.6,28.56,93,0.685,0.919,7.526e-05,0.7,0.645,1.183,0.3738,0,2025-01-31,177.3,2025-05-19,749.55,686.65,8.39,15,1,1,801.7,-3.7,1,0,2025-06-09,772.0,3.75,0,0,85,3.0,141.34,2025-06-10,772.5,0.6082,-7.58,23.04,31.46,2025-07-21,-2.54,30,0,39.75,-11.7
AUROPHARMA,L120,0,99bdcc251475,0,1172,2008-09-08,32.31,2008-11-06,10.63,67.1,120,0.437,0.798,1.633e-04,0.699,0.642,2.369,0.0777,1,2009-02-17,2.24,2009-09-07,75.31,68.15,9.51,15,1,0,81.03,-3.64,1,0,2009-09-30,78.08,5.23,1,0,150,3.68,6.55,2009-10-01,78.08,0.4884,16.79,22.53,38.88,2010-05-07,13.13,144,0,42.02,-5.83
AUROPHARMA,L180,0,99bdcc251475,0,1172,2008-09-08,32.31,2008-11-06,10.63,67.1,180,0.335,0.796,1.138e-04,0.554,0.572,2.234,0.1879,1,2009-05-13,4.94,2009-09-07,75.31,68.15,9.51,15,1,0,81.03,-3.64,1,0,2009-09-30,78.08,5.23,1,0,98,3.68,6.55,2009-10-01,78.08,0.3927,16.79,22.53,38.88,2010-05-07,13.13,144,0,42.02,-5.83
AUROPHARMA,L250,0,99bdcc251475,0,1172,2008-06-17,34.78,2008-11-06,10.63,69.44,250,0.398,0.707,7.271e-05,0.505,0.432,2.005,0.2509,1,2009-06-25,8.11,2009-09-07,75.31,68.15,9.51,15,1,0,81.03,-3.64,1,0,2009-09-30,78.08,5.23,1,0,67,3.68,6.55,2009-10-01,78.08,0.2334,16.79,22.53,38.88,2010-05-07,13.13,144,0,42.02,-5.83
AUROPHARMA,VAR,0,99bdcc251475,0,3949,2020-08-10,948.85,2020-09-24,743.75,21.62,90,0.371,0.702,7.475e-05,0.495,0.433,0.841,0.1658,0,2020-12-15,289.25,2020-12-09,909.0,845.75,6.96,15,1,1,948.85,-2.9,1,0,2020-12-31,921.3,3.95,0,0,11,1.6,193.53,2021-01-01,923.7,0.1886,-5.77,4.77,-21.81,2021-02-22,-7.29,36,0,15.18,-32.82
AVADHSUGAR,VAR,0,3d5e5d2bab38,0,1766,2023-11-29,807.1,2024-06-04,490.03,39.29,187,0.667,0.701,3.018e-05,0.521,0.401,2.211,0.4684,1,2024-09-03,10.47,2024-09-06,763.92,702.06,8.1,15,1,0,807.1,-2.56,1,0,2024-09-27,786.47,7.98,1,0,18,4.62,6.95,2024-09-30,789.21,0.3287,-36.2,-43.93,-45.96,2024-10-18,-15.39,14,0,2.36,-55.97
AVANTIFEED,L120,0,6b83ccedc3c0,0,3827,2025-05-12,881.52,2025-09-01,632.3,28.27,120,0.672,0.789,4.173e-05,0.7,0.508,0.822,0.5785,0,2025-10-28,15.48,2025-12-10,856.9,805.65,5.98,15,1,1,921.32,-4.65,1,0,2026-01-01,878.5,3.21,0,0,45,5.6,39.25,2026-01-02,880.45,0.4194,38.97,7.65,-7.22,2026-01-19,-10.03,11,0,81.02,-16.19
AVANTIFEED,VAR,0,6b83ccedc3c0,0,1640,2015-10-09,198.0,2016-01-19,102.54,48.21,195,0.345,0.854,4.678e-05,0.514,0.451,0.493,0.2973,0,2016-07-26,2.19,2017-02-01,179.84,169.43,5.79,15,1,1,198.0,-1.99,1,0,2017-02-22,194.06,17.11,1,1,143,8.91,0.91,2017-02-23,195.21,0.4182,107.03,196.94,279.6,2017-08-10,143.72,115,0,354.52,-1.34
AWHCL,L180,0,7af0bfa7e670,0,708,2022-11-23,337.7,2023-03-27,246.0,27.15,180,0.542,0.704,3.013e-05,0.568,0.444,1.288,0.4991,1,2023-07-27,2.7,2023-10-19,409.9,368.55,10.09,15,0,0,445.15,1.98,1,1,2023-11-10,453.95,15.3,1,1,72,12.8,9.45,2023-11-13,515.0,0.4017,-5.17,-8.52,19.77,2024-02-14,-6.83,62,0,75.15,-20.79
BAJAJCON,L180,0,d7d157b06c29,0,1005,2013-09-10,272.2,2013-12-17,202.95,25.44,180,0.391,0.776,1.555e-05,0.699,0.622,0.833,-0.0447,0,2014-05-29,2.67,2014-08-18,284.8,257.4,9.62,15,0,0,284.8,3.44,1,1,2014-09-09,294.6,3.26,0,0,70,4.06,3.14,2014-09-10,295.0,0.4098,16.51,55.1,58.14,2015-05-06,45.46,156,0,76.95,-15.22
BAJAJCON,L250,0,d7d157b06c29,0,1005,2013-09-10,272.2,2013-12-17,202.95,25.44,250,0.309,0.741,1.409e-05,0.526,0.48,1.08,0.1165,0,2014-08-28,2.05,2014-08-18,284.8,257.4,9.62,15,0,0,284.8,3.44,1,1,2014-09-09,294.6,3.26,0,0,7,4.06,3.14,2014-09-10,295.0,0.2301,16.51,55.1,58.14,2015-05-06,45.46,156,0,76.95,-15.22
BAJAJCON,VAR,0,d7d157b06c29,0,1005,2013-09-10,272.2,2013-12-17,202.95,25.44,188,0.353,0.802,1.789e-05,0.635,0.633,1.295,0.0837,0,2014-06-16,3.73,2014-08-18,284.8,257.4,9.62,15,0,0,284.8,3.44,1,1,2014-09-09,294.6,3.26,0,0,58,4.06,3.14,2014-09-10,295.0,0.4346,16.51,55.1,58.14,2015-05-06,45.46,156,0,76.95,-15.22
BAJAJELEC,VAR,0,4af99dfcce0d,0,2318,2016-09-23,179.9,2016-11-21,133.2,25.96,92,0.407,0.754,8.626e-05,0.608,0.424,0.581,0.4276,0,2017-02-06,2.09,2017-03-10,209.85,193.85,7.62,15,0,0,246.8,-1.78,1,0,2017-04-03,242.4,6.46,1,0,38,18.33,12.2,2017-04-05,246.05,0.3572,-13.11,-4.65,64.46,2017-05-22,-16.68,32,0,76.59,-21.48
BAJAJFINSV,L180,0,2e905b59817f,0,1485,2013-02-25,85.05,2013-08-21,56.45,33.63,180,0.676,0.869,2.319e-05,0.7,0.539,0.646,0.5085,0,2013-11-18,2.09,2014-05-14,90.7,81.9,9.7,15,1,0,95.4,-3.88,1,0,2014-06-04,91.7,3.36,0,0,134,4.38,6.75,2014-06-05,92.75,0.5693,15.09,34.18,61.62,2014-10-17,8.95,90,0,73.21,-5.01
BAJAJHCARE,L250,0,c8a56eb57ae0,0,818,2023-10-13,495.22,2024-06-04,277.91,43.88,250,0.699,0.787,2.224e-05,0.564,0.444,2.264,0.4028,1,2024-09-20,5.59,2025-02-21,674.42,596.5,11.55,15,0,0,695.07,-0.47,1,0,2025-03-19,691.83,5.16,1,0,122,4.44,21.61,2025-03-20,695.47,0.3979,-24.03,-38.95,-55.86,2025-04-07,-18.33,12,0,6.73,-60.71
BAJAJHCARE,VAR,0,c8a56eb57ae0,0,818,2023-10-13,495.22,2024-06-04,277.91,43.88,220,0.699,0.794,2.696e-05,0.541,0.505,2.485,0.3989,1,2024-09-09,8.01,2025-02-21,674.42,596.5,11.55,15,0,0,695.07,-0.47,1,0,2025-03-19,691.83,5.16,1,0,131,4.44,21.61,2025-03-20,695.47,0.467,-24.03,-38.95,-55.86,2025-04-07,-18.33,12,0,6.73,-60.71
BAJAJHLDNG,L120,0,72d8f52f6ae3,0,2851,2015-12-02,1733.65,2016-02-29,1349.15,22.18,120,0.563,0.8,3.794e-05,0.665,0.525,0.891,0.2404,0,2016-05-19,2.04,2016-06-29,1681.05,1600.95,4.76,15,1,1,1733.65,-1.62,1,0,2016-07-21,1705.55,4.75,0,0,44,2.64,3.19,2016-07-22,1707.1,0.4671,24.87,11.16,35.51,2016-11-16,15.73,77,0,42.63,0.0
BAJAJHLDNG,VAR,0,72d8f52f6ae3,0,2851,2015-12-02,1733.65,2016-02-29,1349.15,22.18,114,0.54,0.814,4.497e-05,0.638,0.553,0.99,0.2404,0,2016-05-19,2.04,2016-06-29,1681.05,1600.95,4.76,15,1,1,1733.65,-1.62,1,0,2016-07-21,1705.55,4.75,0,0,44,2.64,3.19,2016-07-22,1707.1,0.5302,24.87,11.16,35.51,2016-11-16,15.73,77,0,42.63,0.0
BAJAJHLDNG,VAR,0,72d8f52f6ae3,0,4367,2022-04-07,6242.95,2022-06-17,4471.7,28.37,90,0.539,0.749,8.690e-05,0.557,0.633,0.786,0.6101,0,2022-08-17,23.52,2022-08-17,5819.95,5378.45,7.59,15,1,0,6242.95,2.09,1,1,2022-09-08,6373.25,9.22,1,1,15,10.32,21.3,2022-09-09,6550.0,0.5651,-5.57,-3.76,9.7,2022-11-25,-2.72,53,0,16.64,-15.11
BALMLAWRIE,L250,0,09cee59c2aac,0,2371,2013-07-01,60.97,2014-02-20,46.27,24.11,250,0.699,0.738,2.134e-05,0.466,0.548,2.224,0.4994,1,2014-06-16,2.59,2014-07-15,92.92,83.48,10.16,15,0,0,94.56,-0.36,1,0,2014-08-06,94.22,4.51,0,0,36,3.05,1.41,2014-08-07,94.37,0.4005,-2.19,-0.41,7.56,2014-08-07,-2.3,1,0,16.09,-14.04
BALRAMCHIN,L180,0,8aeb90a6c564,0,4845,2023-11-29,473.9,2024-03-13,347.6,26.65,180,0.514,0.7,2.456e-05,0.513,0.483,0.871,0.2644,0,2024-07-23,67.6,2024-07-23,495.15,444.0,10.33,15,1,0,516.95,-1.07,1,0,2024-08-13,511.4,3.97,0,0,15,3.28,119.56,2024-08-14,514.9,0.3935,16.33,-9.72,6.49,2024-11-07,16.33,60,0,34.36,-18.62
BALRAMCHIN,L180,0,8aeb90a6c564,0,5333,2025-07-21,613.05,2026-01-21,397.8,35.11,180,0.698,0.875,2.946e-05,0.612,0.533,1.935,0.1746,1,2026-04-13,38.83,2026-07-13,624.75,584.85,6.39,15,1,0,680.55,-4.96,1,0,2026-08-03,646.8,8.43,1,0,76,10.34,21.77,2026-08-04,650.0,0.5402,6.62,6.62,6.62,,6.62,29,1,20.15,-8.84
BALRAMCHIN,L250,0,8aeb90a6c564,0,5333,2025-07-15,622.8,2026-01-21,397.8,36.13,250,0.699,0.716,1.434e-05,0.65,0.412,2.231,0.2533,1,2026-05-14,50.43,2026-07-13,624.75,584.85,6.39,15,1,0,680.55,-4.96,1,0,2026-08-03,646.8,8.43,1,0,55,10.34,21.77,2026-08-04,650.0,0.2843,6.62,6.62,6.62,,6.62,29,1,20.15,-8.84
BALRAMCHIN,VAR,0,8aeb90a6c564,0,4845,2023-11-29,473.9,2024-03-13,347.6,26.65,161,0.456,0.703,2.769e-05,0.467,0.54,0.838,0.2644,0,2024-07-23,67.6,2024-07-23,495.15,444.0,10.33,15,1,0,516.95,-1.07,1,0,2024-08-13,511.4,3.97,0,0,15,3.28,119.56,2024-08-14,514.9,0.4147,16.33,-9.72,6.49,2024-11-07,16.33,60,0,34.36,-18.62
BALRAMCHIN,VAR,0,8aeb90a6c564,0,5333,2025-07-15,622.8,2026-01-21,397.8,36.13,186,0.697,0.888,2.867e-05,0.617,0.554,1.937,0.1792,1,2026-04-16,37.77,2026-07-13,624.75,584.85,6.39,15,1,0,680.55,-4.96,1,0,2026-08-03,646.8,8.43,1,0,74,10.34,21.77,2026-08-04,650.0,0.581,6.62,6.62,6.62,,6.62,29,1,20.15,-8.84
BANCOINDIA,L120,0,d767706ee887,0,4565,2024-11-29,578.5,2025-03-03,308.25,46.72,120,0.58,0.793,9.087e-05,0.685,0.483,0.804,0.5869,0,2025-05-20,5.51,2025-06-09,609.35,559.8,8.13,15,1,0,609.35,5.19,1,1,2025-06-30,641.0,4.11,0,0,29,8.79,20.26,2025-07-01,655.0,0.4959,26.13,8.13,3.37,2025-07-28,-8.35,20,0,34.32,-23.36
BANCOINDIA,VAR,0,d767706ee887,0,4565,2024-11-29,578.5,2025-03-03,308.25,46.72,115,0.57,0.801,9.564e-05,0.686,0.504,0.854,0.4313,0,2025-05-19,5.51,2025-06-09,609.35,559.8,8.13,15,1,0,609.35,5.19,1,1,2025-06-30,641.0,4.11,0,0,30,8.79,20.26,2025-07-01,655.0,0.5186,26.13,8.13,3.37,2025-07-28,-8.35,20,0,34.32,-23.36
BASF,VAR,0,2d140d608ead,0,3174,2017-06-30,1783.2,2017-08-11,1393.3,21.87,90,0.337,0.732,1.067e-04,0.466,0.467,0.778,0.4813,0,2017-11-09,3.36,2017-10-24,1751.85,1662.75,5.09,15,1,0,1783.2,2.99,1,1,2017-11-14,1836.45,17.72,1,1,3,5.87,3.15,2017-11-15,1842.85,0.283,12.92,8.52,-15.19,2018-02-02,8.8,56,0,31.86,-17.25
BATAINDIA,L120,0,d86ad450eee7,0,2192,2012-11-27,468.4,2013-03-20,348.48,25.6,120,0.664,0.834,3.666e-05,0.696,0.4,0.972,0.3059,0,2013-05-22,16.8,2013-10-22,476.43,443.82,6.84,15,1,1,491.4,-1.57,1,0,2013-11-13,483.7,5.1,1,0,119,1.53,18.09,2013-11-14,486.15,0.3361,-0.05,5.69,30.0,2014-01-17,2.09,45,0,45.37,-8.0
BATAINDIA,VAR,0,d86ad450eee7,0,3132,2016-07-29,605.45,2016-11-24,402.55,33.51,127,0.611,0.777,3.934e-05,0.699,0.402,0.756,0.3234,0,2017-02-02,12.51,2017-08-18,693.8,667.75,3.75,15,1,0,740.28,-2.81,1,0,2017-09-11,719.45,3.01,0,0,149,3.92,55.43,2017-09-12,724.25,0.3729,0.75,-2.4,43.26,2017-09-27,-5.99,12,0,54.05,-9.82
BAYERCROP,L120,0,6c72bcd1f19a,0,1128,2014-01-01,1770.15,2014-03-21,1386.2,21.69,120,0.513,0.715,6.241e-05,0.545,0.492,1.279,0.0701,0,2014-06-18,2.82,2014-07-04,1852.6,1713.05,7.53,15,1,1,1892.7,1.92,1,1,2014-07-25,1928.95,11.2,1,1,27,6.05,2.57,2014-07-28,1954.0,0.3646,16.27,74.05,102.88,2014-10-20,14.75,54,0,116.79,-0.87
BAYERCROP,L180,0,6c72bcd1f19a,0,1565,2015-08-19,3996.55,2016-02-12,3167.95,20.73,180,0.698,0.821,2.152e-05,0.531,0.4,0.802,0.1396,0,2016-05-06,2.14,2016-04-21,3996.3,3673.8,8.07,15,1,1,4146.05,-1.97,1,0,2016-05-12,4064.5,4.55,0,0,4,2.67,3.25,2016-05-13,4097.8,0.2242,-1.57,-2.3,15.03,2016-11-01,1.71,116,0,21.01,-10.45
BAYERCROP,L180,0,6c72bcd1f19a,0,2558,2019-04-02,4416.45,2019-08-05,2985.9,32.39,180,0.564,0.85,2.937e-05,0.651,0.528,0.777,0.1539,0,2019-12-03,2.02,2020-05-04,4645.15,4410.8,5.05,15,0,0,4987.1,0.03,1,1,2020-05-26,4988.75,13.13,1,1,117,12.12,6.45,2020-05-27,5050.0,0.5727,19.02,3.47,4.15,2020-08-03,9.23,49,0,30.72,-2.54
BAYERCROP,VAR,0,6c72bcd1f19a,0,2558,2019-04-02,4416.45,2019-08-05,2985.9,32.39,163,0.519,0.886,3.917e-05,0.605,0.583,0.787,0.1539,0,2019-12-03,2.02,2020-05-04,4645.15,4410.8,5.05,15,0,0,4987.1,0.03,1,1,2020-05-26,4988.75,13.13,1,1,117,12.12,6.45,2020-05-27,5050.0,0.7052,19.02,3.47,4.15,2020-08-03,9.23,49,0,30.72,-2.54
BAYERCROP,VAR,0,6c72bcd1f19a,0,2865,2020-09-18,6352.2,2020-11-19,4998.55,21.31,90,0.483,0.806,7.352e-05,0.542,0.489,1.297,0.1344,1,2021-01-27,15.58,2021-07-23,6018.0,5773.95,4.06,15,1,1,6352.2,-4.09,1,0,2021-08-13,6092.45,4.7,0,0,135,3.57,9.4,2021-08-16,6052.0,0.4793,-21.48,-22.61,-12.05,2021-08-20,-7.52,4,0,0.46,-30.3
BDL,VAR,0,f0a1749185a2,0,1765,2024-07-05,1731.85,2024-11-21,926.9,46.48,136,0.696,0.817,5.728e-05,0.644,0.449,0.827,0.4577,0,2025-01-20,71.03,2025-04-21,1569.9,1409.9,10.19,15,0,0,1731.85,0.86,1,1,2025-05-13,1746.7,9.96,1,1,75,11.26,356.06,2025-05-14,1762.9,0.372,-10.0,-12.84,-24.82,2025-07-16,2.22,46,0,18.93,-38.4
BEL,L120,0,d253a3fcca11,0,2710,2015-02-18,40.35,2015-04-27,30.1,25.4,120,0.395,0.713,5.688e-05,0.472,0.417,0.532,0.4097,0,2015-08-06,48.99,2015-12-03,38.55,35.5,7.91,15,1,1,41.7,-4.32,1,0,2015-12-24,39.9,3.33,0,0,94,3.5,22.37,2015-12-28,40.15,0.2838,-10.09,-3.11,3.74,2016-01-15,-4.98,15,0,15.07,-23.91
BEPL,L120,0,3eb6d720e8fb,0,2942,2016-11-01,18.95,2016-12-26,14.35,24.27,120,0.387,0.702,8.879e-05,0.413,0.542,1.324,0.5329,1,2017-04-12,18.95,2017-05-18,29.0,26.0,10.34,15,1,0,30.85,9.72,1,1,2017-06-08,33.85,9.42,1,1,39,16.72,6.06,2017-06-09,34.1,0.3944,63.2,257.62,199.71,2017-12-06,209.09,123,0,338.86,-4.25
BHARATRAS,L120,0,90c4afcecf2e,0,3680,2020-08-10,2744.0,2020-11-02,2136.0,22.16,120,0.504,0.705,4.525e-05,0.492,0.492,0.809,0.3868,0,2021-01-27,4.38,2021-04-01,2522.0,2347.0,6.94,15,1,1,2744.0,-2.08,1,0,2021-04-27,2687.0,29.44,1,1,59,8.17,1.74,2021-04-28,2722.0,0.414,22.89,8.08,27.77,2021-08-20,14.25,80,0,38.98,-13.3
BHARATRAS,VAR,0,90c4afcecf2e,0,3680,2020-08-10,2744.0,2020-11-02,2136.0,22.16,90,0.663,0.734,6.529e-05,0.587,0.589,0.716,0.1959,0,2020-12-15,2.95,2021-04-01,2522.0,2347.0,6.94,15,1,1,2744.0,-2.08,1,0,2021-04-27,2687.0,29.44,1,1,88,8.17,1.74,2021-04-28,2722.0,0.3249,22.89,8.08,27.77,2021-08-20,14.25,80,0,38.98,-13.3
BIKAJI,L120,0,eac06f515680,0,167,2023-01-25,441.0,2023-03-22,343.01,22.22,120,0.496,0.758,4.668e-05,0.543,0.483,0.785,0.2152,0,2023-06-21,11.09,2023-06-27,429.26,405.92,5.44,15,1,1,441.0,1.46,1,1,2023-07-19,447.46,15.25,1,1,19,5.24,13.92,2023-07-20,451.8,0.4364,8.46,28.71,58.85,2023-10-06,3.88,54,0,65.13,-1.1
BIKAJI,VAR,1,eac06f515680,0,167,2023-01-25,441.0,2023-03-22,343.01,22.22,93,0.413,0.703,5.541e-05,0.487,0.624,1.164,0.2462,0,2023-06-13,16.31,2023-06-27,429.26,405.92,5.44,15,1,1,441.0,1.46,1,1,2023-07-19,447.46,15.25,1,1,25,5.24,13.92,2023-07-20,451.8,0.382,8.46,28.71,58.85,2023-10-06,3.88,54,0,65.13,-1.1
BIOCON,L180,1,1dca4fec02e0,0,177,2005-01-03,42.65,2005-05-02,32.9,22.86,146,0.559,0.747,2.557e-05,0.62,0.425,0.534,0.3409,0,2005-08-01,2.08,2005-08-25,39.35,37.2,5.46,15,1,1,42.65,-4.34,1,0,2005-09-16,40.8,4.69,0,0,32,3.68,1.81,2005-09-19,40.8,0.3484,1.59,-5.51,-21.57,2006-01-23,-5.15,86,0,9.44,-38.85
BIOCON,L180,0,1dca4fec02e0,0,3829,2019-04-11,314.8,2019-09-26,216.15,31.34,180,0.698,0.845,3.527e-05,0.56,0.406,1.434,0.2752,1,2019-12-17,100.84,2020-06-22,414.3,387.55,6.46,15,1,1,414.3,0.13,1,1,2020-07-13,414.85,4.09,0,0,141,0.13,192.8,2020-07-14,419.8,0.3696,9.05,10.86,-7.73,2020-08-25,-7.72,31,0,16.19,-13.47
BIOCON,L250,1,1dca4fec02e0,0,177,2005-01-03,42.65,2005-05-02,32.9,22.86,146,0.559,0.747,2.557e-05,0.62,0.425,0.534,0.3409,0,2005-08-01,2.08,2005-08-25,39.35,37.2,5.46,15,1,1,42.65,-4.34,1,0,2005-09-16,40.8,4.69,0,0,32,3.68,1.81,2005-09-19,40.8,0.3484,1.59,-5.51,-21.57,2006-01-23,-5.15,86,0,9.44,-38.85
BIOCON,VAR,1,1dca4fec02e0,0,177,2005-01-03,42.65,2005-05-02,32.9,22.86,146,0.559,0.747,2.557e-05,0.62,0.425,0.534,0.3409,0,2005-08-01,2.08,2005-08-25,39.35,37.2,5.46,15,1,1,42.65,-4.34,1,0,2005-09-16,40.8,4.69,0,0,32,3.68,1.81,2005-09-19,40.8,0.3484,1.59,-5.51,-21.57,2006-01-23,-5.15,86,0,9.44,-38.85
BLAL,L120,1,c1146b0e09f9,0,194,2023-04-19,272.65,2023-06-12,146.85,46.14,90,0.416,0.815,1.546e-04,0.585,0.878,0.843,0.1606,0,2023-08-25,3.59,2024-01-08,227.95,201.2,11.74,15,1,0,272.65,-4.53,1,0,2024-02-01,260.3,7.69,1,0,105,14.19,10.2,2024-02-02,263.05,0.5337,-4.79,25.85,-21.43,2024-03-05,0.32,23,0,43.49,-24.73
BLAL,L180,1,c1146b0e09f9,0,194,2023-04-19,272.65,2023-06-12,146.85,46.14,90,0.416,0.815,1.546e-04,0.585,0.878,0.843,0.1606,0,2023-08-25,3.59,2024-01-08,227.95,201.2,11.74,15,1,0,272.65,-4.53,1,0,2024-02-01,260.3,7.69,1,0,105,14.19,10.2,2024-02-02,263.05,0.5337,-4.79,25.85,-21.43,2024-03-05,0.32,23,0,43.49,-24.73
BLAL,L250,1,c1146b0e09f9,0,194,2023-04-19,272.65,2023-06-12,146.85,46.14,90,0.416,0.815,1.546e-04,0.585,0.878,0.843,0.1606,0,2023-08-25,3.59,2024-01-08,227.95,201.2,11.74,15,1,0,272.65,-4.53,1,0,2024-02-01,260.3,7.69,1,0,105,14.19,10.2,2024-02-02,263.05,0.5337,-4.79,25.85,-21.43,2024-03-05,0.32,23,0,43.49,-24.73
BLAL,VAR,1,c1146b0e09f9,0,194,2023-04-19,272.65,2023-06-12,146.85,46.14,90,0.416,0.815,1.546e-04,0.585,0.878,0.843,0.1606,0,2023-08-25,3.59,2024-01-08,227.95,201.2,11.74,15,1,0,272.65,-4.53,1,0,2024-02-01,260.3,7.69,1,0,105,14.19,10.2,2024-02-02,263.05,0.5337,-4.79,25.85,-21.43,2024-03-05,0.32,23,0,43.49,-24.73
BLISSGVS,L120,0,e35768cdc1af,0,2570,2020-01-16,144.91,2020-05-18,90.43,37.6,120,0.681,0.856,7.647e-05,0.698,0.725,1.138,0.3529,0,2020-07-10,2.19,2020-12-08,184.19,168.15,8.71,15,1,0,206.55,-3.04,1,0,2020-12-30,200.27,5.22,1,0,120,8.73,11.2,2020-12-31,199.69,0.5832,-50.34,-46.61,-49.14,2021-02-15,-13.43,32,0,7.42,-55.25
BLISSGVS,L180,0,e35768cdc1af,0,2570,2019-12-11,151.27,2020-05-18,90.43,40.22,180,0.654,0.737,3.680e-05,0.689,0.572,2.286,0.252,1,2020-08-13,6.91,2020-12-08,184.19,168.15,8.71,15,1,0,206.55,-3.04,1,0,2020-12-30,200.27,5.22,1,0,96,8.73,11.2,2020-12-31,199.69,0.4832,-50.34,-46.61,-49.14,2021-02-15,-13.43,32,0,7.42,-55.25
BLISSGVS,L250,0,e35768cdc1af,0,2570,2019-12-11,151.27,2020-05-18,90.43,40.22,250,0.53,0.702,3.705e-05,0.492,0.412,2.792,0.2792,1,2020-10-30,7.17,2020-12-08,184.19,168.15,8.71,15,1,0,206.55,-3.04,1,0,2020-12-30,200.27,5.22,1,0,41,8.73,11.2,2020-12-31,199.69,0.4617,-50.34,-46.61,-49.14,2021-02-15,-13.43,32,0,7.42,-55.25
BLISSGVS,VAR,0,e35768cdc1af,0,2570,2019-12-11,151.27,2020-05-18,90.43,40.22,162,0.652,0.828,4.617e-05,0.698,0.636,1.791,0.2848,1,2020-08-05,5.94,2020-12-08,184.19,168.15,8.71,15,1,0,206.55,-3.04,1,0,2020-12-30,200.27,5.22,1,0,102,8.73,11.2,2020-12-31,199.69,0.5819,-50.34,-46.61,-49.14,2021-02-15,-13.43,32,0,7.42,-55.25
BLISSGVS-BE,L120,0,535a1cf4ef65,0,2575,2020-01-16,149.1,2020-05-18,93.05,37.59,120,0.681,0.853,7.575e-05,0.699,0.725,1.169,0.3528,0,2020-07-10,2.26,2020-12-08,188.9,172.45,8.71,15,1,0,215.65,-4.75,1,0,2020-12-30,205.4,5.22,1,0,120,8.73,11.48,2020-12-31,204.8,0.5816,-50.34,-46.61,-49.37,2021-02-15,-13.43,32,0,7.42,-55.25
BLISSGVS-BE,L180,0,535a1cf4ef65,0,2575,2019-12-11,155.65,2020-05-18,93.05,40.22,180,0.654,0.743,3.711e-05,0.688,0.572,2.286,0.252,1,2020-08-13,7.11,2020-12-08,188.9,172.45,8.71,15,1,0,215.65,-4.75,1,0,2020-12-30,205.4,5.22,1,0,96,8.73,11.48,2020-12-31,204.8,0.4903,-50.34,-46.61,-49.37,2021-02-15,-13.43,32,0,7.42,-55.25
BLISSGVS-BE,L250,0,535a1cf4ef65,0,2575,2019-12-11,155.65,2020-05-18,93.05,40.22,250,0.53,0.703,3.698e-05,0.492,0.412,2.846,0.2792,1,2020-10-30,7.35,2020-12-08,188.9,172.45,8.71,15,1,0,215.65,-4.75,1,0,2020-12-30,205.4,5.22,1,0,41,8.73,11.48,2020-12-31,204.8,0.4654,-50.34,-46.61,-49.37,2021-02-15,-13.43,32,0,7.42,-55.25
BLISSGVS-BE,VAR,0,535a1cf4ef65,0,2575,2019-12-11,155.65,2020-05-18,93.05,40.22,164,0.65,0.821,4.615e-05,0.69,0.628,1.842,0.3169,1,2020-08-06,6.12,2020-12-08,188.9,172.45,8.71,15,1,0,215.65,-4.75,1,0,2020-12-30,205.4,5.22,1,0,101,8.73,11.48,2020-12-31,204.8,0.5847,-50.34,-46.61,-49.37,2021-02-15,-13.43,32,0,7.42,-55.25
BLS,L180,0,d3072e1e41ee,0,1481,2021-09-17,74.6,2021-12-06,45.78,38.63,180,0.374,0.721,5.128e-05,0.406,0.483,1.17,0.4426,0,2022-05-19,21.15,2022-05-24,96.28,87.06,9.58,15,0,0,96.4,4.32,1,1,2022-06-14,100.56,3.89,0,0,18,7.8,24.91,2022-06-15,102.96,0.4089,20.77,72.68,91.26,2022-12-23,50.94,132,0,99.63,-9.02
BLS,VAR,0,d3072e1e41ee,0,1481,2021-09-17,74.6,2021-12-06,45.78,38.63,90,0.596,0.755,8.730e-05,0.692,0.678,0.586,0.4483,0,2022-01-25,2.55,2022-05-24,96.28,87.06,9.58,15,0,0,96.4,4.32,1,1,2022-06-14,100.56,3.89,0,0,94,7.8,24.91,2022-06-15,102.96,0.553,20.77,72.68,91.26,2022-12-23,50.94,132,0,99.63,-9.02
BLUEDART,L120,0,731d3fa01f98,0,744,2007-01-17,535.26,2007-04-04,423.9,20.8,120,0.496,0.717,1.098e-04,0.462,0.4,0.944,0.461,0,2007-07-02,2.12,2007-12-06,714.06,630.88,11.65,15,0,0,779.7,-4.89,1,0,2007-12-31,741.58,4.58,0,0,126,3.85,0.16,2008-01-01,734.39,0.3588,-34.67,-11.14,-36.74,2008-01-22,-17.43,16,0,10.88,-47.62
BLUEDART,VAR,0,731d3fa01f98,0,4824,2023-12-19,7555.3,2024-03-19,5500.95,27.19,92,0.692,0.857,7.281e-05,0.685,0.467,3.261,0.4752,1,2024-05-03,16.31,2024-06-25,8611.3,7662.5,11.02,15,1,0,9369.45,-4.63,1,0,2024-07-16,8935.2,7.73,1,0,51,4.81,8.24,2024-07-18,8862.25,0.5351,-4.39,-24.9,-22.24,2024-07-22,-11.64,3,0,7.07,-39.46
BLUESTARCO,L180,0,a15ba181a034,0,3978,2020-01-20,429.9,2020-04-03,220.25,48.77,180,0.402,0.752,4.616e-05,0.693,0.589,1.428,0.2047,1,2020-09-08,9.34,2021-01-20,407.5,367.1,9.91,15,1,1,433.35,-4.63,1,0,2021-02-11,413.3,4.43,0,0,108,1.5,6.58,2021-02-12,417.0,0.459,-3.17,0.26,25.52,2021-04-19,-0.82,43,0,30.88,-9.11
BLUESTARCO,L250,0,a15ba181a034,0,3978,2020-01-20,429.9,2020-04-03,220.25,48.77,250,0.333,0.701,3.408e-05,0.561,0.424,1.571,0.187,1,2020-12-02,8.23,2021-01-20,407.5,367.1,9.91,15,1,1,433.35,-4.63,1,0,2021-02-11,413.3,4.43,0,0,49,1.5,6.58,2021-02-12,417.0,0.2026,-3.17,0.26,25.52,2021-04-19,-0.82,43,0,30.88,-9.11
BODALCHEM,L250,0,1dd88254e250,0,1013,2015-02-05,42.91,2015-06-12,24.54,42.81,250,0.438,0.702,3.162e-05,0.463,0.416,1.077,0.4659,0,2016-01-06,2.61,2016-05-16,87.5,79.17,9.52,15,0,0,91.02,-1.63,1,0,2016-06-06,89.54,3.15,0,0,101,5.79,4.18,2016-06-07,90.21,0.3689,14.41,35.1,71.22,2016-11-11,32.82,107,0,81.85,-1.59
BOROLTD,L120,1,c4838e13c526,0,210,2020-07-22,171.99,2020-10-13,111.88,34.95,117,0.5,0.706,9.497e-05,0.439,0.547,2.22,0.3979,1,2021-01-05,8.18,2021-05-04,196.31,173.08,11.83,15,0,0,202.65,0.99,1,1,2021-05-26,204.66,6.15,1,0,94,7.0,7.73,2021-05-27,206.24,0.6054,-17.3,33.96,16.29,2021-08-11,-16.75,54,0,102.88,-20.06
BOROLTD,L180,1,c4838e13c526,0,210,2020-07-22,171.99,2020-10-13,111.88,34.95,117,0.5,0.706,9.497e-05,0.439,0.547,2.22,0.3979,1,2021-01-05,8.18,2021-05-04,196.31,173.08,11.83,15,0,0,202.65,0.99,1,1,2021-05-26,204.66,6.15,1,0,94,7.0,7.73,2021-05-27,206.24,0.6054,-17.3,33.96,16.29,2021-08-11,-16.75,54,0,102.88,-20.06
BOROLTD,L250,1,c4838e13c526,0,210,2020-07-22,171.99,2020-10-13,111.88,34.95,117,0.5,0.706,9.497e-05,0.439,0.547,2.22,0.3979,1,2021-01-05,8.18,2021-05-04,196.31,173.08,11.83,15,0,0,202.65,0.99,1,1,2021-05-26,204.66,6.15,1,0,94,7.0,7.73,2021-05-27,206.24,0.6054,-17.3,33.96,16.29,2021-08-11,-16.75,54,0,102.88,-20.06
BOROLTD,VAR,0,c4838e13c526,0,552,2021-12-17,378.18,2022-03-07,263.66,30.28,90,0.607,0.738,6.258e-05,0.684,0.433,0.806,-0.023,0,2022-04-28,4.09,2022-09-16,349.11,310.6,11.03,15,1,0,378.18,-1.24,1,0,2022-10-10,373.48,5.27,1,0,112,7.85,9.29,2022-10-11,375.54,0.2731,-18.58,-26.75,-11.74,2022-12-16,-13.27,47,0,7.73,-32.98
BORORENEW,L120,0,63b1314dba0e,0,668,2020-06-26,141.95,2020-09-24,67.85,52.2,120,0.622,0.712,1.407e-04,0.507,0.642,2.07,0.47,1,2020-11-27,7.28,2021-01-18,274.45,247.7,9.75,15,1,0,307.9,-3.31,1,0,2021-02-09,297.7,3.58,0,0,49,9.85,14.44,2021-02-10,305.0,0.4521,-12.72,4.16,107.16,2021-03-09,-13.85,20,0,145.21,-30.08
BORORENEW,L180,0,63b1314dba0e,0,813,2020-06-26,141.95,2020-09-24,67.85,52.2,180,0.436,0.89,1.133e-04,0.32,0.45,3.264,0.3389,1,2021-02-18,16.43,2021-08-20,309.3,284.7,7.95,15,1,0,340.7,-4.95,1,0,2021-09-13,323.85,3.26,0,0,138,4.99,5.67,2021-09-14,335.0,0.6348,69.04,66.43,72.06,2021-09-14,-3.51,1,0,148.76,-12.54
BORORENEW,VAR,0,63b1314dba0e,0,668,2020-06-26,141.95,2020-09-24,67.85,52.2,93,0.696,0.706,1.788e-04,0.556,0.806,1.349,0.527,1,2020-11-04,3.18,2021-01-18,274.45,247.7,9.75,15,1,0,307.9,-3.31,1,0,2021-02-09,297.7,3.58,0,0,66,9.85,14.44,2021-02-10,305.0,0.3406,-12.72,4.16,107.16,2021-03-09,-13.85,20,0,145.21,-30.08
BPCL,L120,0,de55f4e45167,0,1855,2010-01-04,41.1,2010-04-29,28.6,30.41,120,0.697,0.729,5.287e-05,0.617,0.492,1.424,0.2246,1,2010-06-18,34.21,2010-08-02,44.85,40.55,9.59,15,0,0,45.85,11.12,1,1,2010-08-23,50.95,9.41,1,1,46,13.6,45.25,2010-08-24,51.3,0.2876,-8.38,-30.31,-15.11,2010-10-15,-13.06,38,0,9.16,-38.5
BPCL,VAR,0,de55f4e45167,0,1855,2010-01-04,41.1,2010-04-29,28.6,30.41,111,0.7,0.763,6.704e-05,0.591,0.505,1.394,0.2127,1,2010-06-15,34.5,2010-08-02,44.85,40.55,9.59,15,0,0,45.85,11.12,1,1,2010-08-23,50.95,9.41,1,1,49,13.6,45.25,2010-08-24,51.3,0.332,-8.38,-30.31,-15.11,2010-10-15,-13.06,38,0,9.16,-38.5
BRIGADE,L180,0,e264b978c401,0,3810,2022-09-14,580.5,2023-01-13,437.25,24.68,180,0.525,0.717,2.048e-05,0.542,0.478,0.703,0.2534,0,2023-05-23,7.96,2023-05-23,574.4,533.4,7.14,15,1,1,580.5,-0.25,1,0,2023-06-13,579.05,4.43,0,0,15,2.47,6.95,2023-06-14,581.05,0.3837,9.26,45.76,133.43,2023-09-21,-0.54,69,0,147.83,-5.33
BRIGADE,VAR,0,e264b978c401,0,3810,2022-09-14,580.5,2023-01-13,437.25,24.68,172,0.491,0.704,2.138e-05,0.511,0.5,0.721,0.2979,0,2023-05-25,9.57,2023-05-23,574.4,533.4,7.14,15,1,1,580.5,-0.25,1,0,2023-06-13,579.05,4.43,0,0,13,2.47,6.95,2023-06-14,581.05,0.4122,9.26,45.76,133.43,2023-09-21,-0.54,69,0,147.83,-5.33
BRITANNIA,VAR,0,c5633f0ed721,0,2149,2010-09-08,241.37,2011-02-28,168.17,30.33,197,0.607,0.705,2.182e-05,0.569,0.442,0.956,0.2882,0,2011-06-21,2.06,2011-10-04,229.97,221.5,3.68,15,1,1,244.77,-3.98,1,0,2011-10-28,235.02,3.84,0,0,87,3.18,0.47,2011-10-31,234.77,0.2976,-2.78,21.29,1.59,2011-10-31,-0.11,1,0,27.76,-19.07
BRITANNIA,VAR,0,c5633f0ed721,0,3483,2016-09-14,1769.95,2016-12-26,1403.65,20.7,100,0.697,0.774,5.102e-05,0.654,0.45,0.949,0.2572,0,2017-02-07,21.97,2017-03-08,1695.7,1539.3,9.22,15,1,1,1769.95,-4.09,1,0,2017-03-30,1697.57,7.95,1,0,35,0.11,21.35,2017-03-31,1690.0,0.234,7.58,26.34,49.94,2017-05-26,1.06,38,0,51.45,-3.17
BSOFT,L120,0,453cd20afb23,0,318,2005-07-13,21.35,2005-10-19,15.25,28.57,120,0.697,0.79,7.431e-05,0.551,0.567,1.603,0.4638,1,2005-12-13,3.26,2006-03-23,22.95,21.25,7.41,15,1,0,22.95,7.19,1,1,2006-04-18,24.6,18.08,1,1,83,7.19,0.45,2006-04-19,25.2,0.4685,-6.55,-0.79,53.77,2006-06-07,-13.49,35,0,104.37,-26.39
BSOFT,L250,0,453cd20afb23,0,3874,2019-03-06,115.5,2019-10-11,58.8,49.09,250,0.655,0.813,1.913e-05,0.698,0.552,0.338,0.4415,0,2020-02-12,7.51,2020-08-24,177.15,160.55,9.37,15,0,0,177.15,3.13,1,1,2020-09-14,182.7,3.45,0,0,145,9.93,33.66,2020-09-15,183.4,0.4762,12.46,27.45,130.67,2021-02-22,26.39,111,0,140.62,-6.22
BSOFT,VAR,0,453cd20afb23,0,3874,2019-03-06,115.5,2019-10-11,58.8,49.09,228,0.639,0.798,2.126e-05,0.692,0.605,0.326,0.4831,0,2020-02-06,5.37,2020-08-24,177.15,160.55,9.37,15,0,0,177.15,3.13,1,1,2020-09-14,182.7,3.45,0,0,149,9.93,33.66,2020-09-15,183.4,0.5063,12.46,27.45,130.67,2021-02-22,26.39,111,0,140.62,-6.22
BTML,L180,0,136c95c0940d,0,555,2023-04-06,20.39,2023-09-26,12.53,38.55,180,0.698,0.754,4.144e-05,0.548,0.489,6.209,0.2352,1,2023-12-15,2.96,2023-12-21,20.37,18.84,7.51,15,1,0,20.39,3.43,1,1,2024-01-12,21.09,3.1,0,0,19,3.53,3.79,2024-01-16,19.44,0.4318,-12.55,-29.42,-37.96,2024-02-12,-3.29,18,0,13.84,-51.65
BTML,VAR,0,136c95c0940d,0,555,2023-04-06,20.39,2023-09-26,12.53,38.55,169,0.696,0.865,4.915e-05,0.549,0.521,6.679,0.2391,1,2023-12-12,2.46,2023-12-21,20.37,18.84,7.51,15,1,0,20.39,3.43,1,1,2024-01-12,21.09,3.1,0,0,22,3.53,3.79,2024-01-16,19.44,0.5934,-12.55,-29.42,-37.96,2024-02-12,-3.29,18,0,13.84,-51.65
CANTABIL,L180,0,7ee255cf1d1d,0,1784,2017-04-11,17.08,2017-08-11,12.67,25.82,180,0.492,0.744,4.083e-05,0.459,0.55,1.606,0.4204,1,2017-12-22,2.02,2017-12-19,24.61,21.7,11.82,15,0,0,24.61,0.89,1,1,2018-01-10,24.83,5.67,1,0,12,4.86,1.3,2018-01-11,24.7,0.5632,11.5,-10.32,3.48,2018-03-23,-13.68,49,0,34.13,-19.03
CANTABIL,VAR,0,7ee255cf1d1d,0,3508,2024-01-15,270.81,2024-03-13,183.52,32.23,102,0.386,0.734,5.812e-05,0.683,0.402,0.808,0.2705,0,2024-06-18,3.15,2024-12-16,295.25,261.5,11.43,15,0,0,304.88,-0.58,1,0,2025-01-07,303.12,10.46,1,1,139,6.51,9.24,2025-01-08,300.83,0.3006,-12.42,-10.56,-4.7,2025-02-14,-11.6,29,0,10.6,-29.2
CAPLIPOINT,L120,0,477edbc1de29,0,2507,2024-02-19,1597.7,2024-06-04,1240.4,22.36,120,0.664,0.708,5.338e-05,0.47,0.475,1.187,0.3153,0,2024-08-01,16.45,2024-07-26,1639.35,1481.7,9.62,15,1,0,1639.35,12.6,1,1,2024-08-19,1845.95,57.17,1,1,11,16.43,15.7,2024-08-20,1815.55,0.2402,10.76,19.91,17.67,2025-01-15,22.98,103,0,45.47,-11.93
CAPLIPOINT,VAR,0,477edbc1de29,0,2507,2024-02-19,1597.7,2024-06-04,1240.4,22.36,109,0.657,0.702,5.921e-05,0.453,0.523,1.34,0.3287,1,2024-07-29,17.59,2024-07-26,1639.35,1481.7,9.62,15,1,0,1639.35,12.6,1,1,2024-08-19,1845.95,57.17,1,1,14,16.43,15.7,2024-08-20,1815.55,0.2895,10.76,19.91,17.67,2025-01-15,22.98,103,0,45.47,-11.93
CARBORUNIV,L120,0,963d19af39d7,0,3049,2016-10-10,299.75,2016-12-22,239.35,20.15,120,0.462,0.719,3.513e-05,0.561,0.5,0.893,0.2991,0,2017-03-27,2.95,2017-04-21,297.6,290.65,2.34,15,1,1,301.35,2.62,1,1,2017-05-15,309.25,9.13,1,1,32,4.83,2.44,2017-05-16,312.6,0.3737,6.94,14.73,11.55,2017-05-24,-7.68,7,0,36.6,-8.83
CARBORUNIV,L120,0,963d19af39d7,0,3945,2020-01-27,348.25,2020-03-24,188.05,46.0,120,0.445,0.701,8.986e-05,0.682,0.433,0.895,0.6219,0,2020-07-02,3.55,2020-12-04,387.25,365.35,5.66,15,0,0,420.5,-1.41,1,0,2020-12-28,414.55,4.68,0,0,124,7.05,10.05,2020-12-29,418.2,0.3732,12.23,39.99,124.53,2021-03-19,11.5,57,0,141.56,-7.76
CARBORUNIV,L180,0,963d19af39d7,0,4464,2022-01-03,1006.1,2022-06-22,662.65,34.14,180,0.698,0.795,3.149e-05,0.583,0.428,0.845,0.2788,0,2022-09-09,8.9,2023-01-06,941.45,897.3,4.69,15,1,1,1006.1,-4.03,1,0,2023-01-30,965.55,3.06,0,0,97,2.92,12.26,2023-01-31,975.0,0.3241,14.48,22.27,14.43,2023-08-09,15.55,130,0,33.84,-5.3
CARBORUNIV,VAR,0,963d19af39d7,0,3017,2016-10-10,299.75,2016-12-22,239.35,20.15,90,0.551,0.782,5.537e-05,0.602,0.567,0.927,0.2517,0,2017-02-17,4.05,2017-03-03,280.2,254.1,9.31,15,1,1,299.75,-4.85,1,0,2017-03-27,285.2,3.77,0,0,24,1.78,2.95,2017-03-28,284.85,0.4827,15.87,22.94,23.05,2017-05-24,1.32,39,0,49.9,-1.53
CARBORUNIV,VAR,0,963d19af39d7,0,4464,2022-01-03,1006.1,2022-06-22,662.65,34.14,167,0.699,0.823,3.686e-05,0.575,0.461,0.809,0.2426,0,2022-09-05,10.85,2023-01-06,941.45,897.3,4.69,15,1,1,1006.1,-4.03,1,0,2023-01-30,965.55,3.06,0,0,101,2.92,12.26,2023-01-31,975.0,0.3781,14.48,22.27,14.43,2023-08-09,15.55,130,0,33.84,-5.3
CARERATING,L120,0,c70de9a788b8,0,3077,2024-11-29,1517.8,2025-03-17,1075.15,29.16,120,0.689,0.706,4.198e-05,0.678,0.433,1.1,0.5917,0,2025-05-14,10.83,2025-05-21,1838.8,1667.3,9.33,15,0,0,1838.8,5.46,1,1,2025-06-11,1939.2,3.28,0,0,20,5.46,21.08,2025-06-12,1928.1,0.251,-16.94,-20.87,-14.94,2025-08-01,-13.56,37,0,0.36,-27.77
CARTRADE,L120,0,dc529790f4bc,0,1246,2026-01-06,2936.3,2026-04-30,1623.4,44.71,120,0.697,0.862,1.357e-04,0.578,0.617,2.078,0.4793,1,2026-06-23,185.79,2026-08-17,3147.1,2786.0,11.47,15,0,0,3268.0,-2.7,1,0,2026-09-07,3179.9,5.63,1,0,53,5.99,72.53,2026-09-08,3186.0,0.603,-3.14,-3.14,-3.14,,-3.14,4,1,1.25,-6.4
CARTRADE,L180,0,dc529790f4bc,0,1246,2025-11-17,3268.0,2026-04-30,1623.4,50.32,180,0.698,0.705,6.365e-05,0.591,0.433,1.745,0.4222,1,2026-07-20,122.97,2026-08-17,3147.1,2786.0,11.47,15,0,0,3268.0,-2.7,1,0,2026-09-07,3179.9,5.63,1,0,35,5.99,72.53,2026-09-08,3186.0,0.2301,-3.14,-3.14,-3.14,,-3.14,4,1,1.25,-6.4
CARTRADE,VAR,0,dc529790f4bc,0,1246,2025-11-17,3268.0,2026-04-30,1623.4,50.32,160,0.698,0.784,8.443e-05,0.586,0.487,1.764,0.4241,1,2026-07-10,138.95,2026-08-17,3147.1,2786.0,11.47,15,0,0,3268.0,-2.7,1,0,2026-09-07,3179.9,5.63,1,0,41,5.99,72.53,2026-09-08,3186.0,0.3713,-3.14,-3.14,-3.14,,-3.14,4,1,1.25,-6.4
CCL,L120,0,6d117c96c2d9,0,4371,2022-02-02,510.1,2022-05-12,323.15,36.65,120,0.605,0.72,4.737e-05,0.685,0.425,0.489,0.2944,0,2022-07-18,5.4,2022-08-25,520.75,471.5,9.46,15,0,0,520.75,0.98,1,1,2022-09-16,525.85,6.3,1,0,41,0.98,15.67,2022-09-19,535.0,0.3434,-0.93,8.4,17.07,2023-07-18,15.99,206,0,40.09,-11.95
CCL,L120,0,6d117c96c2d9,0,5085,2024-12-10,816.15,2025-04-04,550.8,32.51,120,0.697,0.843,1.053e-04,0.517,0.533,2.397,0.6057,1,2025-05-30,43.79,2025-07-11,888.6,841.0,5.36,15,1,1,897.6,-0.39,1,0,2025-08-01,894.1,5.22,1,0,45,4.84,14.26,2025-08-04,906.35,0.5756,-5.65,2.92,24.68,2025-10-08,-7.71,45,0,37.06,-10.02
CCL,VAR,0,6d117c96c2d9,0,4371,2022-02-02,510.1,2022-05-12,323.15,36.65,110,0.606,0.745,5.416e-05,0.697,0.464,0.526,0.231,0,2022-07-12,5.4,2022-08-25,520.75,471.5,9.46,15,0,0,520.75,0.98,1,1,2022-09-16,525.85,6.3,1,0,45,0.98,15.67,2022-09-19,535.0,0.3929,-0.93,8.4,17.07,2023-07-18,15.99,206,0,40.09,-11.95
CDSL,L120,0,4fdd0226d704,0,1597,2022-12-02,618.4,2023-03-28,442.85,28.39,120,0.672,0.908,3.682e-05,0.699,0.533,1.042,0.2732,0,2023-05-29,22.29,2023-11-21,963.7,859.5,10.81,15,1,0,963.7,1.42,1,1,2023-12-13,977.4,3.16,0,0,136,4.24,197.76,2023-12-14,987.0,0.5405,-7.26,5.46,98.37,2024-01-23,-12.19,28,0,100.61,-17.83
CDSL,L180,0,4fdd0226d704,0,1597,2022-11-14,628.1,2023-03-28,442.85,29.49,180,0.648,0.823,1.901e-05,0.698,0.4,1.275,0.0864,0,2023-07-03,56.68,2023-11-21,963.7,859.5,10.81,15,1,0,963.7,1.42,1,1,2023-12-13,977.4,3.16,0,0,112,4.24,197.76,2023-12-14,987.0,0.3325,-7.26,5.46,98.37,2024-01-23,-12.19,28,0,100.61,-17.83
CDSL,L250,0,4fdd0226d704,0,1597,2022-09-08,710.3,2023-03-28,442.85,37.65,250,0.602,0.705,1.588e-05,0.587,0.424,1.331,0.0532,1,2023-08-23,50.91,2023-11-21,963.7,859.5,10.81,15,1,0,963.7,1.42,1,1,2023-12-13,977.4,3.16,0,0,76,4.24,197.76,2023-12-14,987.0,0.3,-7.26,5.46,98.37,2024-01-23,-12.19,28,0,100.61,-17.83
CDSL,VAR,0,4fdd0226d704,0,1597,2022-09-08,710.3,2023-03-28,442.85,37.65,207,0.67,0.831,1.674e-05,0.699,0.512,1.247,0.0897,0,2023-07-10,89.45,2023-11-21,963.7,859.5,10.81,15,1,0,963.7,1.42,1,1,2023-12-13,977.4,3.16,0,0,107,4.24,197.76,2023-12-14,987.0,0.4595,-7.26,5.46,98.37,2024-01-23,-12.19,28,0,100.61,-17.83
CEATLTD,L120,0,367db3bbb7e1,0,4544,2022-12-02,1937.55,2023-03-27,1371.0,29.24,120,0.697,0.768,7.673e-05,0.564,0.508,2.949,0.6106,1,2023-05-23,73.76,2023-06-14,2093.5,2000.15,4.46,15,1,0,2160.65,15.03,1,1,2023-07-06,2485.3,26.13,1,1,31,18.72,42.48,2023-07-07,2440.0,0.4723,-12.14,-0.53,11.65,2023-09-11,-9.96,46,0,22.89,-15.72
CEATLTD,VAR,0,367db3bbb7e1,0,4544,2022-12-02,1937.55,2023-03-27,1371.0,29.24,114,0.699,0.755,7.739e-05,0.57,0.535,1.833,0.585,1,2023-05-19,58.75,2023-06-14,2093.5,2000.15,4.46,15,1,0,2160.65,15.03,1,1,2023-07-06,2485.3,26.13,1,1,33,18.72,42.48,2023-07-07,2440.0,0.4216,-12.14,-0.53,11.65,2023-09-11,-9.96,46,0,22.89,-15.72
CENTRALBK,L180,0,0d22c2abd00f,0,543,2008-09-02,52.14,2009-03-09,25.56,50.98,180,0.698,0.703,7.783e-05,0.493,0.556,2.701,0.3744,1,2009-06-03,4.83,2009-10-15,122.7,108.67,11.43,15,1,0,136.52,-2.24,1,0,2009-11-09,133.46,7.37,1,0,107,15.37,8.09,2009-11-10,134.44,0.3636,-5.88,-6.71,53.91,2010-02-25,-6.61,73,0,57.8,-14.59
CENTRALBK,L250,0,0d22c2abd00f,0,543,2008-06-20,62.95,2009-03-09,25.56,59.4,250,0.699,0.73,5.390e-05,0.501,0.488,3.025,0.383,1,2009-07-02,8.59,2009-10-15,122.7,108.67,11.43,15,1,0,136.52,-2.24,1,0,2009-11-09,133.46,7.37,1,0,86,15.37,8.09,2009-11-10,134.44,0.3054,-5.88,-6.71,53.91,2010-02-25,-6.61,73,0,57.8,-14.59
CENTUM,L250,0,9d4da8943d2b,0,3743,2022-01-17,639.95,2022-07-06,397.45,37.89,250,0.514,0.751,2.728e-05,0.457,0.476,1.375,0.1629,1,2022-12-30,2.18,2023-05-08,834.15,771.2,7.55,15,1,0,907.65,7.23,1,1,2023-05-29,973.25,7.26,1,0,99,20.0,2.08,2023-05-30,1015.0,0.5089,61.92,44.78,68.52,2023-08-14,35.75,54,0,106.8,-0.79
CENTUM,VAR,0,9d4da8943d2b,0,4443,2025-09-05,2965.7,2026-01-09,2092.6,29.44,124,0.699,0.721,4.397e-05,0.6,0.411,1.842,0.6345,1,2026-03-05,10.61,2026-02-26,2856.9,2619.1,8.32,15,0,0,2965.7,0.75,1,1,2026-03-20,2987.8,8.37,1,0,11,9.61,12.68,2026-03-23,2935.0,0.279,26.18,43.72,43.72,2026-08-17,14.57,99,0,51.62,-9.63
CENTURYPLY,L120,0,64a50a718efa,0,2715,2016-10-19,262.55,2016-12-22,155.1,40.93,120,0.555,0.72,1.241e-04,0.543,0.433,1.23,0.4104,1,2017-03-09,4.39,2017-03-08,249.85,241.8,3.22,15,1,1,262.55,-2.0,1,0,2017-03-30,257.3,3.55,0,0,14,2.98,4.43,2017-03-31,258.0,0.4198,16.61,-4.21,35.37,2017-05-24,-6.57,36,0,40.7,-8.82
CENTURYPLY,L120,0,64a50a718efa,0,4547,2024-01-20,804.35,2024-03-27,626.1,22.16,120,0.529,0.809,3.595e-05,0.696,0.517,0.859,0.5349,0,2024-06-20,10.78,2024-08-02,760.1,686.5,9.68,15,1,1,821.8,-4.1,1,0,2024-08-26,788.1,6.08,1,0,45,4.41,10.67,2024-08-27,804.95,0.5568,-13.06,-3.9,-8.12,2024-11-11,1.3,54,0,16.16,-21.61
CENTURYPLY,L250,0,64a50a718efa,0,2089,2013-07-17,53.0,2014-02-26,22.15,58.21,250,0.699,0.766,5.750e-05,0.467,0.688,56.554,0.4104,1,2014-06-20,5.58,2014-08-19,97.35,86.4,11.25,15,0,0,97.35,7.86,1,1,2014-09-10,105.0,3.27,0,0,55,8.08,2.97,2014-09-11,105.85,0.4388,36.84,122.86,50.07,2015-04-27,93.29,149,0,147.52,-1.75
CENTURYPLY,VAR,0,64a50a718efa,0,2715,2016-10-19,262.55,2016-12-22,155.1,40.93,90,0.494,0.909,2.295e-04,0.51,0.578,1.322,0.4236,1,2017-02-27,5.36,2017-03-08,249.85,241.8,3.22,15,1,1,262.55,-2.0,1,0,2017-03-30,257.3,3.55,0,0,22,2.98,4.43,2017-03-31,258.0,0.8238,16.61,-4.21,35.37,2017-05-24,-6.57,36,0,40.7,-8.82
CENTURYPLY,VAR,0,64a50a718efa,0,2878,2017-06-14,308.35,2017-09-06,239.1,22.46,91,0.633,0.74,5.820e-05,0.694,0.473,1.124,0.411,0,2017-10-26,6.42,2017-11-06,298.7,288.0,3.58,15,1,1,308.35,2.34,1,1,2017-11-27,315.55,3.26,0,0,22,6.77,7.75,2017-11-28,322.0,0.3236,-2.55,-15.98,-44.7,2018-01-29,-0.26,43,0,12.89,-53.42
CENTURYPLY,VAR,0,64a50a718efa,0,4367,2022-09-13,697.6,2023-03-28,442.15,36.62,194,0.699,0.865,2.948e-05,0.566,0.464,1.043,0.3291,0,2023-06-23,6.16,2023-11-10,677.05,634.9,6.23,15,1,1,719.7,-4.72,1,0,2023-12-04,685.7,3.67,0,0,110,1.28,4.49,2023-12-05,690.0,0.4641,3.64,-4.42,10.75,2024-02-06,6.4,44,0,35.51,-9.84
CENTURYPLY,VAR,0,64a50a718efa,0,4547,2023-12-19,821.8,2024-03-27,626.1,23.81,128,0.535,0.815,3.294e-05,0.694,0.516,0.811,0.5198,0,2024-06-25,10.78,2024-08-02,760.1,686.5,9.68,15,1,1,821.8,-4.1,1,0,2024-08-26,788.1,6.08,1,0,42,4.41,10.67,2024-08-27,804.95,0.5663,-13.06,-3.9,-8.12,2024-11-11,1.3,54,0,16.16,-21.61
CERA,L250,0,4b7a7e5e1d10,0,3757,2021-10-19,6302.5,2022-05-10,3839.15,39.09,250,0.582,0.701,1.897e-05,0.534,0.428,1.172,0.2282,0,2022-10-07,7.84,2023-04-20,6818.05,6060.2,11.12,15,1,1,6818.05,5.62,1,1,2023-05-12,7201.1,8.91,1,0,146,5.62,14.04,2023-05-15,7150.0,0.3368,10.9,16.59,0.33,2023-07-11,1.67,41,0,36.22,-7.82
CGCL,L120,0,bbd8187f502a,0,2395,2020-02-12,52.45,2020-04-13,27.85,46.9,120,0.37,0.707,1.198e-04,0.586,0.433,0.461,0.2092,0,2020-07-30,2.32,2020-09-17,56.15,51.55,8.19,15,1,1,56.15,1.51,1,1,2020-10-09,57.0,4.23,0,0,50,2.24,1.84,2020-10-12,57.2,0.2414,28.93,57.69,117.13,2021-02-16,38.2,89,0,139.07,-4.02
CHENNPETRO,L180,0,cdec222617c7,0,4641,2022-08-24,314.5,2022-12-23,189.1,39.87,180,0.514,0.706,4.041e-05,0.508,0.422,0.909,0.3714,0,2023-05-04,25.89,2023-09-25,528.8,482.9,8.68,15,1,0,536.85,9.03,1,1,2023-10-17,585.35,11.7,1,1,114,10.69,66.38,2023-10-18,592.0,0.4216,40.82,52.88,57.09,2024-01-24,27.55,68,0,115.37,-14.18
CHENNPETRO,L250,0,cdec222617c7,0,4641,2022-06-09,379.8,2022-12-23,189.1,50.21,250,0.61,0.7,2.410e-05,0.566,0.532,0.697,0.4418,0,2023-05-18,67.71,2023-09-25,528.8,482.9,8.68,15,1,0,536.85,9.03,1,1,2023-10-17,585.35,11.7,1,1,104,10.69,66.38,2023-10-18,592.0,0.3622,40.82,52.88,57.09,2024-01-24,27.55,68,0,115.37,-14.18
CHENNPETRO,VAR,1,cdec222617c7,0,167,2005-04-07,240.35,2005-07-12,180.1,25.07,97,0.698,0.757,5.689e-05,0.656,0.423,1.481,0.2951,1,2005-08-24,4.54,2005-08-10,214.25,197.05,8.03,15,1,0,240.35,-2.97,1,0,2005-09-01,233.2,8.87,1,0,6,9.66,3.88,2005-09-02,239.0,0.2481,8.35,-6.07,-9.87,2005-12-26,-4.87,77,0,22.18,-43.47
CHENNPETRO,VAR,0,cdec222617c7,0,4641,2022-06-09,379.8,2022-12-23,189.1,50.21,194,0.699,0.729,2.741e-05,0.661,0.619,0.548,0.3626,0,2023-03-17,13.72,2023-09-25,528.8,482.9,8.68,15,1,0,536.85,9.03,1,1,2023-10-17,585.35,11.7,1,1,143,10.69,66.38,2023-10-18,592.0,0.3317,40.82,52.88,57.09,2024-01-24,27.55,68,0,115.37,-14.18
CHOLAFIN,L120,0,9e8ec6196948,0,5061,2024-09-26,1641.75,2024-12-23,1171.1,28.67,120,0.664,0.712,4.355e-05,0.684,0.55,1.1,0.1846,0,2025-02-17,203.07,2025-06-06,1644.6,1544.4,6.09,15,1,0,1665.2,-0.67,1,0,2025-06-27,1654.1,3.83,0,0,87,1.67,271.06,2025-06-30,1656.0,0.3142,-1.94,-0.48,8.04,2025-07-25,-9.19,20,0,10.6,-21.53
CHOLAFIN,VAR,0,9e8ec6196948,0,5061,2024-09-26,1641.75,2024-12-23,1171.1,28.67,90,0.663,0.803,7.693e-05,0.663,0.722,1.101,0.2603,0,2025-02-03,205.85,2025-06-06,1644.6,1544.4,6.09,15,1,0,1665.2,-0.67,1,0,2025-06-27,1654.1,3.83,0,0,97,1.67,271.06,2025-06-30,1656.0,0.4643,-1.94,-0.48,8.04,2025-07-25,-9.19,20,0,10.6,-21.53
CIEINDIA,L180,0,f54202e7e30c,0,3771,2021-11-16,298.45,2022-03-23,166.95,44.06,180,0.615,0.787,2.956e-05,0.691,0.489,2.691,0.5244,1,2022-07-01,10.68,2022-11-25,314.85,284.45,9.66,15,1,1,336.65,-2.99,1,0,2022-12-16,326.6,16.64,1,1,114,3.73,6.84,2022-12-19,337.0,0.5589,10.19,48.19,38.01,2023-03-13,6.88,59,0,72.03,-11.71
CIEINDIA,VAR,0,f54202e7e30c,0,3771,2021-11-16,298.45,2022-03-23,166.95,44.06,148,0.592,0.747,3.462e-05,0.698,0.574,2.66,0.5118,1,2022-06-20,9.62,2022-11-25,314.85,284.45,9.66,15,1,1,336.65,-2.99,1,0,2022-12-16,326.6,16.64,1,1,123,3.73,6.84,2022-12-19,337.0,0.604,10.19,48.19,38.01,2023-03-13,6.88,59,0,72.03,-11.71
CIGNITITEC,L120,0,97fd02434613,0,2743,2024-12-16,1943.05,2025-04-07,1159.55,40.32,120,0.697,0.8,7.322e-05,0.631,0.4,0.865,0.2536,0,2025-06-02,18.05,2025-11-06,1819.9,1689.6,7.16,15,1,1,1943.05,-4.44,1,0,2025-11-27,1856.7,3.19,0,0,123,2.02,7.94,2025-11-28,1869.9,0.3063,-35.73,-31.93,-31.93,2025-12-10,-5.44,9,0,3.19,-46.71
CIGNITITEC,VAR,0,97fd02434613,0,2743,2024-12-16,1943.05,2025-04-07,1159.55,40.32,110,0.697,0.821,8.658e-05,0.623,0.436,0.825,0.214,0,2025-05-28,15.9,2025-11-06,1819.9,1689.6,7.16,15,1,1,1943.05,-4.44,1,0,2025-11-27,1856.7,3.19,0,0,126,2.02,7.94,2025-11-28,1869.9,0.3535,-35.73,-31.93,-31.93,2025-12-10,-5.44,9,0,3.19,-46.71
CIPLA,L120,0,bb8c8ea6500d,0,5049,2022-12-21,1128.0,2023-03-21,862.35,23.55,120,0.571,0.817,3.714e-05,0.697,0.483,1.452,0.194,1,2023-06-07,150.91,2023-07-06,1068.5,1016.7,4.85,15,1,1,1173.4,-0.17,1,0,2023-07-27,1171.45,12.94,1,1,35,9.64,114.38,2023-07-28,1171.45,0.4662,-1.2,13.36,31.83,2023-09-25,0.67,40,0,36.58,-3.37
CIPLA,L180,0,bb8c8ea6500d,0,5049,2022-11-01,1173.4,2023-03-21,862.35,26.51,180,0.592,0.75,1.738e-05,0.699,0.4,1.301,0.1491,1,2023-07-10,162.41,2023-07-06,1068.5,1016.7,4.85,15,1,1,1173.4,-0.17,1,0,2023-07-27,1171.45,12.94,1,1,13,9.64,114.38,2023-07-28,1171.45,0.2966,-1.2,13.36,31.83,2023-09-25,0.67,40,0,36.58,-3.37
CIPLA,VAR,0,bb8c8ea6500d,0,5049,2022-11-01,1173.4,2023-03-21,862.35,26.51,166,0.588,0.761,2.029e-05,0.697,0.434,1.314,0.1655,1,2023-07-03,162.41,2023-07-06,1068.5,1016.7,4.85,15,1,1,1173.4,-0.17,1,0,2023-07-27,1171.45,12.94,1,1,18,9.64,114.38,2023-07-28,1171.45,0.3468,-1.2,13.36,31.83,2023-09-25,0.67,40,0,36.58,-3.37
CMSINFO,VAR,0,67c3d398a705,0,359,2022-11-17,329.02,2023-03-28,256.67,21.99,131,0.7,0.719,2.833e-05,0.613,0.412,1.039,0.416,0,2023-05-29,5.87,2023-05-24,312.58,293.04,6.25,15,1,0,329.02,-4.48,1,0,2023-06-14,314.29,6.09,1,0,12,2.69,12.38,2023-06-15,312.67,0.1755,12.61,20.3,49.36,2023-08-17,8.02,44,0,57.46,-0.5
COALINDIA,VAR,0,0d4e7394cc73,0,1128,2014-06-10,401.95,2014-09-23,320.45,20.28,125,0.581,0.722,1.844e-05,0.698,0.584,0.811,0.0977,0,2014-12-15,91.25,2015-05-15,374.6,345.5,7.77,15,1,1,401.95,-3.58,1,0,2015-06-05,387.55,3.44,0,0,116,4.32,106.17,2015-06-08,388.55,0.3619,-12.02,1.43,-2.66,2015-08-10,0.39,46,0,10.02,-18.53
COCHINSHIP,L120,0,25b0deeee573,0,1461,2022-12-01,335.0,2023-03-27,207.0,38.21,120,0.697,0.857,7.851e-05,0.585,0.558,0.799,0.3541,0,2023-05-23,28.95,2023-06-19,297.8,279.8,6.04,15,1,0,338.75,-4.46,1,0,2023-07-11,323.65,16.18,1,1,34,11.11,69.93,2023-07-12,323.65,0.539,65.66,108.74,774.02,2023-09-22,54.83,51,0,820.58,-3.2
COCHINSHIP,L180,0,25b0deeee573,0,1486,2022-11-15,338.75,2023-03-27,207.0,38.89,180,0.575,0.702,4.063e-05,0.529,0.433,0.861,0.466,0,2023-07-19,73.15,2023-07-25,344.05,322.9,6.15,15,1,0,344.05,17.4,1,1,2023-08-16,403.9,16.44,1,1,19,17.43,93.65,2023-08-17,406.5,0.389,30.3,124.21,410.31,2023-09-22,23.27,26,0,632.95,-0.17
COCHINSHIP,VAR,0,25b0deeee573,0,1461,2022-11-15,338.75,2023-03-27,207.0,38.89,133,0.697,0.834,6.180e-05,0.619,0.556,0.635,0.3543,0,2023-05-29,27.05,2023-06-19,297.8,279.8,6.04,15,1,0,338.75,-4.46,1,0,2023-07-11,323.65,16.18,1,1,30,11.11,69.93,2023-07-12,323.65,0.507,65.66,108.74,774.02,2023-09-22,54.83,51,0,820.58,-3.2
COFORGE,L120,0,8f612b24e0c4,0,5352,2025-12-05,1977.9,2026-03-17,1073.9,45.71,120,0.588,0.795,8.253e-05,0.689,0.492,1.299,0.3652,1,2026-06-02,533.71,2026-08-07,1901.8,1768.5,7.01,15,1,0,1977.9,1.86,1,1,2026-08-28,2014.6,3.29,0,0,62,5.93,307.8,2026-08-31,2015.0,0.4905,-8.05,-8.05,-8.05,2026-09-10,-9.16,9,0,0.31,-11.63
COFORGE,VAR,0,8f612b24e0c4,0,5352,2025-12-05,1977.9,2026-03-17,1073.9,45.71,118,0.59,0.793,8.233e-05,0.697,0.5,1.282,0.3304,1,2026-06-01,465.7,2026-08-07,1901.8,1768.5,7.01,15,1,0,1977.9,1.86,1,1,2026-08-28,2014.6,3.29,0,0,63,5.93,307.8,2026-08-31,2015.0,0.4864,-8.05,-8.05,-8.05,2026-09-10,-9.16,9,0,0.31,-11.63
CONCOR,L120,0,0e74f713fa36,0,4676,2022-12-08,628.85,2023-03-28,450.6,28.35,120,0.697,0.885,5.143e-05,0.679,0.567,0.79,0.3727,0,2023-05-24,59.48,2023-11-15,640.7,598.9,6.52,15,1,0,647.7,4.05,1,1,2023-12-07,673.9,3.96,0,0,135,5.45,70.37,2023-12-08,688.0,0.5332,14.11,36.54,-0.97,2024-01-23,-4.03,32,0,37.21,-11.95
CONCOR,L180,0,0e74f713fa36,0,4676,2022-11-09,647.7,2023-03-28,450.6,30.43,180,0.631,0.706,2.163e-05,0.668,0.433,0.778,0.2053,0,2023-07-06,72.19,2023-11-15,640.7,598.9,6.52,15,1,0,647.7,4.05,1,1,2023-12-07,673.9,3.96,0,0,105,5.45,70.37,2023-12-08,688.0,0.2529,14.11,36.54,-0.97,2024-01-23,-4.03,32,0,37.21,-11.95
CONCOR,VAR,0,0e74f713fa36,0,4676,2022-11-09,647.7,2023-03-28,450.6,30.43,141,0.693,0.805,3.500e-05,0.693,0.532,0.736,0.3908,0,2023-06-02,57.56,2023-11-15,640.7,598.9,6.52,15,1,0,647.7,4.05,1,1,2023-12-07,673.9,3.96,0,0,128,5.45,70.37,2023-12-08,688.0,0.4282,14.11,36.54,-0.97,2024-01-23,-4.03,32,0,37.21,-11.95
CONFIPET,L120,0,c001d117495e,0,764,2022-12-20,85.58,2023-03-28,56.15,34.39,120,0.613,0.838,5.267e-05,0.694,0.567,1.159,0.2431,0,2023-06-07,5.39,2023-11-01,86.42,79.59,7.9,15,0,0,96.28,-4.81,1,0,2023-11-23,91.65,8.75,1,0,115,6.05,8.0,2023-11-24,92.7,0.5792,22.42,-7.75,-16.26,2024-01-18,-7.31,37,0,29.03,-32.74
CONFIPET,VAR,0,c001d117495e,0,764,2022-12-20,85.58,2023-03-28,56.15,34.39,111,0.618,0.885,6.197e-05,0.699,0.613,1.176,0.2363,0,2023-06-01,5.8,2023-11-01,86.42,79.59,7.9,15,0,0,96.28,-4.81,1,0,2023-11-23,91.65,8.75,1,0,119,6.05,8.0,2023-11-24,92.7,0.641,22.42,-7.75,-16.26,2024-01-18,-7.31,37,0,29.03,-32.74
COROMANDEL,L180,0,165f938e3039,0,1174,2008-09-10,95.0,2009-03-09,40.98,56.86,180,0.659,0.883,9.931e-05,0.48,0.622,3.699,0.4832,1,2009-06-12,2.03,2009-09-09,104.42,93.42,10.53,15,0,0,112.58,-4.6,1,0,2009-10-05,107.4,3.35,0,0,78,3.92,1.47,2009-10-06,107.5,0.6407,19.63,44.16,190.37,2010-11-23,178.31,282,0,214.28,-9.3
COROMANDEL,VAR,0,165f938e3039,0,4588,2022-09-01,1081.65,2023-03-20,852.5,21.19,197,0.699,0.762,1.321e-05,0.573,0.497,0.902,0.2183,0,2023-06-16,35.23,2023-07-10,1004.55,935.15,6.91,15,1,1,1081.65,-4.83,1,0,2023-07-31,1029.45,3.38,0,0,30,5.1,38.88,2023-08-01,1031.05,0.2525,4.23,9.39,58.96,2023-10-26,4.11,59,0,64.34,-1.36
CRAFTSMAN,L120,0,b69190adad08,0,863,2023-12-22,5410.72,2024-03-19,3824.08,29.32,120,0.639,0.713,4.014e-05,0.693,0.45,1.063,-0.012,0,2024-05-27,13.08,2024-09-04,6497.82,5927.5,8.78,15,1,0,6497.82,1.56,1,1,2024-09-25,6598.99,14.81,1,1,84,1.56,30.24,2024-09-26,6594.54,0.2228,-21.01,-28.34,1.89,2024-10-22,-16.75,18,0,10.01,-43.94
CRAFTSMAN,VAR,0,b69190adad08,0,863,2023-12-22,5410.72,2024-03-19,3824.08,29.32,90,0.64,0.805,9.310e-05,0.613,0.544,1.132,0.0602,0,2024-05-09,15.29,2024-09-04,6497.82,5927.5,8.78,15,1,0,6497.82,1.56,1,1,2024-09-25,6598.99,14.81,1,1,95,1.56,30.24,2024-09-26,6594.54,0.4251,-21.01,-28.34,1.89,2024-10-22,-16.75,18,0,10.01,-43.94
CREST,L120,0,58bdec253c45,0,2369,2024-02-05,493.0,2024-05-31,347.6,29.49,120,0.664,0.753,5.837e-05,0.573,0.417,2.115,0.3414,1,2024-07-30,2.34,2024-08-28,478.7,445.85,6.86,15,1,0,493.0,9.44,1,1,2024-09-18,539.55,14.87,1,1,35,13.46,2.95,2024-09-19,565.0,0.3393,-17.36,-32.58,-32.64,2024-11-13,-23.33,39,0,10.03,-43.52
CREST,VAR,0,58bdec253c45,0,2369,2024-02-05,493.0,2024-05-31,347.6,29.49,120,0.664,0.753,5.837e-05,0.573,0.417,2.115,0.3414,1,2024-07-30,2.34,2024-08-28,478.7,445.85,6.86,15,1,0,493.0,9.44,1,1,2024-09-18,539.55,14.87,1,1,35,13.46,2.95,2024-09-19,565.0,0.3393,-17.36,-32.58,-32.64,2024-11-13,-23.33,39,0,10.03,-43.52
CRISIL,L120,0,ee00631ca80d,0,4913,2024-03-18,5223.55,2024-06-03,4043.95,22.58,120,0.571,0.772,3.183e-05,0.697,0.617,1.285,0.1763,1,2024-08-16,16.57,2024-10-29,5531.75,5190.6,6.17,15,1,0,5531.75,1.04,1,1,2024-11-21,5589.5,4.7,0,0,66,6.08,27.98,2024-11-22,5589.5,0.4752,-8.82,-7.72,-18.8,2025-01-22,-4.41,43,0,24.34,-28.91
CRISIL,L180,0,ee00631ca80d,0,4913,2024-03-18,5223.55,2024-06-03,4043.95,22.58,180,0.402,0.717,2.484e-05,0.505,0.422,1.131,0.0451,0,2024-11-05,35.44,2024-10-29,5531.75,5190.6,6.17,15,1,0,5531.75,1.04,1,1,2024-11-21,5589.5,4.7,0,0,10,6.08,27.98,2024-11-22,5589.5,0.2172,-8.82,-7.72,-18.8,2025-01-22,-4.41,43,0,24.34,-28.91
CRISIL,VAR,0,ee00631ca80d,0,4913,2024-03-18,5223.55,2024-06-03,4043.95,22.58,90,0.562,0.838,6.408e-05,0.651,0.744,1.492,0.1909,1,2024-07-30,19.22,2024-10-29,5531.75,5190.6,6.17,15,1,0,5531.75,1.04,1,1,2024-11-21,5589.5,4.7,0,0,78,6.08,27.98,2024-11-22,5589.5,0.5768,-8.82,-7.72,-18.8,2025-01-22,-4.41,43,0,24.34,-28.91
CUMMINSIND,L120,0,420cc34085e8,0,453,2006-03-07,186.68,2006-06-14,109.86,41.15,120,0.563,0.744,6.730e-05,0.683,0.4,0.567,0.3988,0,2006-08-28,10.67,2006-10-06,182.29,170.0,6.74,15,0,0,186.68,2.54,1,1,2006-10-31,191.43,7.94,1,0,43,7.09,11.67,2006-11-01,193.5,0.3977,3.52,6.17,47.27,2006-12-12,-7.53,30,0,74.53,-24.33
CUMMINSIND,L120,0,420cc34085e8,0,5143,2024-12-16,3671.4,2025-02-19,2690.3,26.72,120,0.538,0.76,3.872e-05,0.687,0.667,0.827,0.0589,0,2025-05-16,132.88,2025-10-01,4073.9,3849.0,5.52,15,1,1,4134.0,1.19,1,1,2025-10-24,4183.2,3.78,0,0,111,2.68,107.07,2025-10-27,4220.0,0.4815,-5.2,23.5,20.71,2026-01-06,-2.13,50,0,44.55,-7.98
CUMMINSIND,L180,0,420cc34085e8,0,1237,2008-09-04,230.11,2009-03-12,107.07,53.47,180,0.698,0.804,6.242e-05,0.581,0.483,2.302,0.2541,1,2009-06-04,6.36,2009-12-15,311.89,284.46,8.79,15,1,0,322.61,-1.49,1,0,2010-01-08,317.79,5.97,1,0,147,3.68,3.9,2010-01-11,320.18,0.3658,18.04,33.44,68.85,2010-12-09,66.5,231,0,80.68,-4.74
CUMMINSIND,L180,0,420cc34085e8,0,5143,2024-10-01,3875.85,2025-02-19,2690.3,30.59,180,0.592,0.772,2.163e-05,0.688,0.517,0.99,0.2281,0,2025-06-11,188.18,2025-10-01,4073.9,3849.0,5.52,15,1,1,4134.0,1.19,1,1,2025-10-24,4183.2,3.78,0,0,93,2.68,107.07,2025-10-27,4220.0,0.4458,-5.2,23.5,20.71,2026-01-06,-2.13,50,0,44.55,-7.98
CUMMINSIND,VAR,0,420cc34085e8,0,453,2006-03-07,186.68,2006-06-14,109.86,41.15,117,0.569,0.752,6.750e-05,0.699,0.41,0.564,0.4174,0,2006-08-24,10.67,2006-10-06,182.29,170.0,6.74,15,0,0,186.68,2.54,1,1,2006-10-31,191.43,7.94,1,0,45,7.09,11.67,2006-11-01,193.5,0.413,3.52,6.17,47.27,2006-12-12,-7.53,30,0,74.53,-24.33
CUMMINSIND,VAR,0,420cc34085e8,0,1237,2008-09-04,230.11,2009-03-12,107.07,53.47,177,0.699,0.796,6.316e-05,0.581,0.492,2.265,0.2184,1,2009-06-03,6.17,2009-12-15,311.89,284.46,8.79,15,1,0,322.61,-1.49,1,0,2010-01-08,317.79,5.97,1,0,148,3.68,3.9,2010-01-11,320.18,0.3536,18.04,33.44,68.85,2010-12-09,66.5,231,0,80.68,-4.74
CUMMINSIND,VAR,0,420cc34085e8,0,2371,2013-05-10,523.2,2013-08-21,373.1,28.69,172,0.415,0.795,3.030e-05,0.529,0.465,1.01,0.0185,0,2014-01-16,5.92,2014-07-14,667.15,605.85,9.19,15,1,0,687.45,-2.43,1,0,2014-08-05,670.75,8.33,1,0,135,7.04,10.46,2014-08-06,669.75,0.3851,22.88,36.5,71.95,2014-10-07,-2.2,40,0,86.29,-4.05
CUMMINSIND,VAR,0,420cc34085e8,0,5143,2024-10-01,3875.85,2025-02-19,2690.3,30.59,197,0.5,0.758,2.617e-05,0.562,0.472,0.922,0.2078,0,2025-07-16,143.15,2025-10-01,4073.9,3849.0,5.52,15,1,1,4134.0,1.19,1,1,2025-10-24,4183.2,3.78,0,0,68,2.68,107.07,2025-10-27,4220.0,0.4803,-5.2,23.5,20.71,2026-01-06,-2.13,50,0,44.55,-7.98
DALMIASUG,L120,0,ea2231da55fc,0,3043,2016-08-04,164.65,2016-11-17,98.75,40.02,120,0.605,0.705,9.701e-05,0.426,0.592,0.895,0.5802,0,2017-01-23,5.16,2017-04-12,186.05,166.7,10.4,15,1,1,195.7,-4.22,1,0,2017-05-05,187.45,5.8,1,0,68,0.75,2.45,2017-05-08,172.0,0.4861,-10.58,9.3,-63.14,2017-05-08,-1.8,1,0,10.47,-64.71
DALMIASUG,L180,0,ea2231da55fc,0,3043,2016-08-04,164.65,2016-11-17,98.75,40.02,180,0.542,0.705,5.662e-05,0.412,0.406,1.038,0.3575,0,2017-03-16,3.62,2017-04-12,186.05,166.7,10.4,15,1,1,195.7,-4.22,1,0,2017-05-05,187.45,5.8,1,0,33,0.75,2.45,2017-05-08,172.0,0.3767,-10.58,9.3,-63.14,2017-05-08,-1.8,1,0,10.47,-64.71
DATAPATTNS,VAR,1,3c57fdb4bf17,0,201,2022-04-18,905.05,2022-07-01,629.28,30.47,90,0.596,0.732,1.291e-04,0.487,0.433,0.885,0.3939,0,2022-08-24,12.23,2022-09-23,1196.61,1077.19,9.98,15,0,0,1229.23,3.87,1,1,2022-10-17,1276.83,3.67,0,0,36,7.16,27.18,2022-10-18,1305.37,0.3577,-10.97,23.88,56.89,2022-12-15,-6.34,41,0,89.41,-24.23
DCAL,L120,1,13dc3e73d67e,0,147,2017-09-21,352.05,2017-11-16,278.5,20.89,90,0.416,0.882,1.040e-04,0.413,0.411,0.874,0.4743,0,2018-01-31,8.39,2018-04-06,356.7,327.8,8.1,15,0,0,390.05,-4.35,1,0,2018-04-27,373.1,5.15,1,0,58,4.6,4.27,2018-04-30,373.0,0.489,-33.06,-41.18,-42.05,2018-05-14,-9.32,10,0,3.49,-51.72
DCAL,L180,1,13dc3e73d67e,0,147,2017-09-21,352.05,2017-11-16,278.5,20.89,90,0.416,0.882,1.040e-04,0.413,0.411,0.874,0.4743,0,2018-01-31,8.39,2018-04-06,356.7,327.8,8.1,15,0,0,390.05,-4.35,1,0,2018-04-27,373.1,5.15,1,0,58,4.6,4.27,2018-04-30,373.0,0.489,-33.06,-41.18,-42.05,2018-05-14,-9.32,10,0,3.49,-51.72
DCAL,L250,1,13dc3e73d67e,0,147,2017-09-21,352.05,2017-11-16,278.5,20.89,90,0.416,0.882,1.040e-04,0.413,0.411,0.874,0.4743,0,2018-01-31,8.39,2018-04-06,356.7,327.8,8.1,15,0,0,390.05,-4.35,1,0,2018-04-27,373.1,5.15,1,0,58,4.6,4.27,2018-04-30,373.0,0.489,-33.06,-41.18,-42.05,2018-05-14,-9.32,10,0,3.49,-51.72
DCMSHRIRAM,L180,0,4878bb1a50c8,0,2332,2013-10-24,67.2,2013-11-11,51.0,24.11,180,0.313,0.885,5.165e-05,0.332,0.417,2.715,0.3161,1,2014-05-14,2.02,2014-05-21,133.65,121.95,8.75,15,0,0,139.65,-2.36,1,0,2014-06-11,136.35,3.51,0,0,20,9.87,1.67,2014-06-12,135.9,0.4672,73.69,28.88,-15.89,2014-07-11,4.42,22,0,85.32,-24.54
DCXINDIA,L120,0,8b780738ea94,0,169,2022-12-02,259.3,2023-03-28,140.1,45.97,120,0.697,0.835,8.834e-05,0.645,0.433,0.861,0.4828,0,2023-05-24,3.95,2023-06-26,281.0,252.5,10.14,15,1,0,308.45,-4.08,1,0,2023-07-18,295.85,5.33,1,0,38,5.28,13.41,2023-07-19,298.0,0.3878,-0.4,29.38,29.09,2023-08-07,-17.01,14,0,51.64,-21.04
DCXINDIA,L180,1,8b780738ea94,0,169,2022-11-11,308.45,2023-03-28,140.1,54.58,137,0.699,0.865,7.591e-05,0.655,0.555,0.74,0.3757,0,2023-05-31,4.7,2023-06-26,281.0,252.5,10.14,15,1,0,308.45,-4.08,1,0,2023-07-18,295.85,5.33,1,0,33,5.28,13.41,2023-07-19,298.0,0.4514,-0.4,29.38,29.09,2023-08-07,-17.01,14,0,51.64,-21.04
DCXINDIA,L250,1,8b780738ea94,0,169,2022-11-11,308.45,2023-03-28,140.1,54.58,137,0.699,0.865,7.591e-05,0.655,0.555,0.74,0.3757,0,2023-05-31,4.7,2023-06-26,281.0,252.5,10.14,15,1,0,308.45,-4.08,1,0,2023-07-18,295.85,5.33,1,0,33,5.28,13.41,2023-07-19,298.0,0.4514,-0.4,29.38,29.09,2023-08-07,-17.01,14,0,51.64,-21.04
DCXINDIA,VAR,1,8b780738ea94,0,169,2022-11-11,308.45,2023-03-28,140.1,54.58,137,0.699,0.865,7.591e-05,0.655,0.555,0.74,0.3757,0,2023-05-31,4.7,2023-06-26,281.0,252.5,10.14,15,1,0,308.45,-4.08,1,0,2023-07-18,295.85,5.33,1,0,33,5.28,13.41,2023-07-19,298.0,0.4514,-0.4,29.38,29.09,2023-08-07,-17.01,14,0,51.64,-21.04
DEEPAKFERT,VAR,0,d8fa9ae505ce,0,4094,2020-08-25,185.6,2020-11-10,136.85,26.27,90,0.607,0.74,9.581e-05,0.557,0.567,0.894,0.336,0,2020-12-31,7.94,2021-07-12,449.3,407.7,9.26,15,1,0,481.55,-2.56,1,0,2021-08-03,469.2,5.81,1,0,145,4.43,6.29,2021-08-04,480.0,0.4296,-15.98,2.89,66.59,2021-08-11,-11.39,6,0,69.79,-28.43
DEEPAKNTR,L120,0,0add705cd660,0,2026,2018-11-06,276.95,2018-12-26,208.05,24.88,120,0.319,0.702,6.738e-05,0.467,0.433,0.544,0.2501,0,2019-04-24,3.06,2019-04-09,273.05,255.85,6.3,15,1,1,298.75,-4.17,1,0,2019-05-06,286.3,25.9,1,1,6,4.85,2.79,2019-05-07,289.0,0.1739,-4.65,18.06,76.57,2019-06-11,0.45,25,0,96.44,-10.97
DEEPINDS,L120,0,c4a473db76da,0,489,2022-04-26,131.73,2022-08-11,88.16,33.08,120,0.697,0.817,9.820e-05,0.514,0.475,1.019,0.587,0,2022-10-04,2.52,2023-03-21,141.71,127.23,10.22,15,0,0,153.29,-4.17,1,0,2023-04-17,146.9,3.54,0,0,130,4.21,1.12,2023-04-18,149.79,0.4297,28.29,89.91,91.09,2023-10-23,64.58,130,0,118.53,-3.79
DELTACORP,L120,0,21974f0a7173,0,2316,2016-10-26,185.75,2016-12-26,95.55,48.56,120,0.504,0.7,1.470e-04,0.521,0.417,1.167,0.35,0,2017-03-22,71.33,2017-03-10,181.1,160.75,11.24,15,0,0,185.75,15.21,1,1,2017-04-03,214.0,5.69,1,0,8,18.17,76.65,2017-04-05,216.4,0.3722,-28.26,-7.9,29.6,2017-04-12,-21.93,6,0,85.58,-35.77
DELTACORP,L120,0,21974f0a7173,0,2433,2017-04-03,214.0,2017-05-23,141.8,33.74,120,0.345,0.71,5.689e-05,0.47,0.458,0.632,0.3608,0,2017-09-13,62.34,2017-08-31,201.1,186.6,7.21,15,1,0,214.0,-3.67,1,0,2017-09-21,206.15,3.14,0,0,6,4.43,68.63,2017-09-22,203.5,0.3051,49.61,45.65,7.67,2018-03-07,55.28,112,0,97.35,-10.42
DELTACORP,L180,0,21974f0a7173,0,730,2010-01-13,51.4,2010-06-08,31.1,39.49,180,0.603,0.711,4.379e-05,0.491,0.411,4.595,0.572,1,2010-09-16,3.01,2010-10-05,87.1,77.85,10.62,15,0,0,92.34,0.01,1,1,2010-10-26,92.35,6.78,1,0,28,6.03,16.27,2010-10-27,93.7,0.4566,-10.46,2.67,6.24,2010-11-26,10.09,22,0,51.44,-36.98
DELTACORP,VAR,0,21974f0a7173,0,2433,2017-04-03,214.0,2017-05-23,141.8,33.74,110,0.303,0.704,6.427e-05,0.456,0.5,0.632,0.3482,0,2017-09-11,56.55,2017-08-31,201.1,186.6,7.21,15,1,0,214.0,-3.67,1,0,2017-09-21,206.15,3.14,0,0,8,4.43,68.63,2017-09-22,203.5,0.2878,49.61,45.65,7.67,2018-03-07,55.28,112,0,97.35,-10.42
DEVYANI,L120,0,c71b4ad1085f,0,510,2022-12-13,193.75,2023-03-27,137.95,28.8,120,0.697,0.832,7.173e-05,0.566,0.4,1.497,0.3954,1,2023-05-23,32.5,2023-08-14,199.75,191.2,4.28,15,1,1,212.0,1.67,1,1,2023-09-05,215.55,14.58,1,1,73,8.56,23.81,2023-09-06,217.4,0.3631,-16.35,-29.81,-13.73,2023-10-18,-6.23,29,0,4.65,-34.57
DHANBANK,L180,0,052423d7fbb9,0,1121,2008-09-08,76.37,2008-11-28,31.85,58.3,180,0.33,0.763,9.086e-05,0.492,0.639,0.586,0.4565,0,2009-06-03,2.52,2009-06-26,85.09,81.15,4.63,15,1,0,91.31,-3.96,1,0,2009-07-17,87.69,3.94,0,0,32,3.8,1.2,2009-07-20,87.0,0.372,62.22,36.47,65.3,2009-10-26,36.43,66,0,80.97,-3.6
DHANBANK,L250,0,052423d7fbb9,0,1151,2008-09-08,76.37,2008-11-28,31.85,58.3,250,0.349,0.777,5.689e-05,0.448,0.46,0.987,0.3758,0,2009-07-31,2.0,2009-08-07,95.92,88.3,7.94,15,0,0,105.82,2.49,1,1,2009-08-28,108.46,22.19,1,1,20,13.31,1.32,2009-08-31,107.12,0.2924,8.04,6.22,40.31,2009-10-26,10.8,36,0,51.33,-6.7
DHANUKA,L180,0,975d4f316764,0,2248,2019-06-27,410.4,2019-12-03,273.89,33.26,180,0.698,0.801,6.035e-05,0.457,0.467,2.227,0.5064,1,2020-02-18,2.05,2020-08-03,792.48,742.79,6.27,15,1,0,857.32,-3.66,1,0,2020-08-24,825.97,5.21,1,0,126,7.78,5.74,2020-08-25,834.6,0.4646,-18.6,-12.01,0.87,2020-09-07,-14.25,10,0,21.84,-23.93
DHARMAJ,L250,1,3fd65d9f865a,0,239,2022-12-08,266.3,2023-03-29,140.35,47.3,182,0.425,0.701,3.875e-05,0.508,0.665,0.288,0.4056,0,2023-08-31,3.89,2023-11-03,253.6,236.15,6.88,15,1,1,266.3,0.68,1,1,2023-11-28,268.1,6.89,1,0,58,8.96,3.29,2023-11-29,271.75,0.4487,-11.21,-14.79,10.08,2024-02-06,-13.03,46,0,43.39,-27.53
DHARMAJ,VAR,1,3fd65d9f865a,0,239,2022-12-08,266.3,2023-03-29,140.35,47.3,182,0.425,0.701,3.875e-05,0.508,0.665,0.288,0.4056,0,2023-08-31,3.89,2023-11-03,253.6,236.15,6.88,15,1,1,266.3,0.68,1,1,2023-11-28,268.1,6.89,1,0,58,8.96,3.29,2023-11-29,271.75,0.4487,-11.21,-14.79,10.08,2024-02-06,-13.03,46,0,43.39,-27.53
DIVISLAB,VAR,0,9b48eac64834,0,847,2006-04-05,99.02,2006-06-14,56.41,43.03,90,0.517,0.753,1.979e-04,0.579,0.433,0.651,0.2245,0,2006-08-14,4.41,2006-08-11,95.44,88.31,7.47,15,0,0,101.08,4.95,1,1,2006-09-04,106.08,22.82,1,1,14,11.15,5.2,2006-09-05,107.5,0.436,39.77,39.27,168.82,2006-12-11,26.03,67,0,233.72,-13.02
DIXON,L120,0,b6e2d17bf034,0,1535,2022-12-01,4385.35,2023-02-22,2644.2,39.7,120,0.513,0.852,7.764e-05,0.687,0.625,1.322,0.2717,0,2023-05-23,55.04,2023-11-09,5510.6,5233.8,5.02,15,1,1,5753.45,3.44,1,1,2023-12-01,5951.65,8.81,1,0,132,8.0,132.01,2023-12-04,6110.0,0.7275,10.66,48.89,184.64,2024-01-19,-0.16,34,0,185.6,-5.35
DIXON,L180,0,b6e2d17bf034,0,1535,2022-11-14,4591.45,2023-02-22,2644.2,42.41,180,0.52,0.706,5.961e-05,0.566,0.428,2.073,0.4337,1,2023-07-03,321.68,2023-11-09,5510.6,5233.8,5.02,15,1,1,5753.45,3.44,1,1,2023-12-01,5951.65,8.81,1,0,104,8.0,132.01,2023-12-04,6110.0,0.472,10.66,48.89,184.64,2024-01-19,-0.16,34,0,185.6,-5.35
DOLATALGO,L120,0,cb01787a48bc,0,450,2020-08-24,61.79,2020-11-06,43.39,29.78,120,0.513,0.721,7.754e-05,0.469,0.442,3.547,0.3664,1,2021-02-01,2.0,2021-05-24,73.63,67.11,8.86,15,1,0,80.07,-4.53,1,0,2021-06-14,76.44,4.7,0,0,89,6.61,2.25,2021-06-15,76.44,0.5246,24.36,14.77,-9.69,2021-08-20,30.51,47,0,65.36,-20.75
DRREDDY,L250,0,4c3c3869f2fa,0,1645,2008-06-18,137.9,2009-03-05,74.8,45.76,250,0.699,0.828,3.646e-05,0.506,0.436,1.165,0.3108,0,2009-06-30,39.67,2009-08-26,165.7,153.3,7.48,15,1,1,168.4,-1.37,1,0,2009-09-16,166.1,3.3,0,0,56,0.24,23.61,2009-09-17,166.2,0.3552,41.34,50.9,79.6,2010-01-21,35.2,82,0,87.73,-1.56
DSSL,L120,0,a08789adcc5f,0,4068,2023-10-31,800.0,2023-11-30,596.4,25.45,120,0.311,0.717,6.508e-05,0.377,0.425,0.945,0.5686,0,2024-03-28,2.56,2024-07-23,1359.9,1207.65,11.2,15,1,0,1440.95,-0.28,1,0,2024-08-13,1436.9,22.29,1,1,92,13.74,3.81,2024-08-14,1469.95,0.2303,-10.22,-17.57,-29.15,2024-10-07,-11.22,37,0,18.16,-36.94
DSSL,L180,0,a08789adcc5f,0,3802,2022-06-14,415.85,2022-10-03,258.6,37.81,180,0.508,0.703,4.283e-05,0.4,0.494,1.781,0.3834,1,2023-02-08,3.77,2023-06-26,541.1,478.55,11.56,15,1,0,541.1,4.58,1,1,2023-07-18,565.9,4.63,0,0,107,4.58,2.44,2023-07-19,570.0,0.5377,26.75,20.28,123.44,2023-11-29,9.12,91,0,157.68,-6.13
DWARKESH,L120,0,711a5e416abe,0,239,2005-02-28,18.69,2005-06-10,12.88,31.09,120,0.697,0.705,7.584e-05,0.534,0.467,0.691,0.5671,0,2005-08-02,2.07,2005-11-28,20.69,18.42,10.97,15,0,0,22.7,-3.39,1,0,2005-12-19,21.93,22.72,1,1,93,8.51,0.88,2005-12-20,21.6,0.2754,8.94,-50.51,-58.7,2006-05-03,10.05,89,0,42.41,-61.11
DWARKESH,L120,0,711a5e416abe,0,3002,2016-08-03,36.08,2016-11-17,22.57,37.44,120,0.622,0.719,8.502e-05,0.377,0.575,1.531,0.5828,1,2017-01-19,30.08,2017-02-09,42.33,39.66,6.31,15,0,0,44.67,-4.41,1,0,2017-03-03,42.7,5.41,1,0,29,7.67,10.47,2017-03-06,42.98,0.5236,2.68,52.98,-34.97,2017-05-30,-1.54,58,0,87.06,-37.88
DWARKESH,VAR,1,711a5e416abe,0,239,2005-02-28,18.69,2005-06-10,12.88,31.09,104,0.699,0.702,9.019e-05,0.539,0.538,1.231,0.5909,1,2005-07-25,3.01,2005-11-28,20.69,18.42,10.97,15,0,0,22.7,-3.39,1,0,2005-12-19,21.93,22.72,1,1,98,8.51,0.88,2005-12-20,21.6,0.3421,8.94,-50.51,-58.7,2006-05-03,10.05,89,0,42.41,-61.11
DYCL,L180,0,b936e86b9b36,0,243,2023-01-03,110.35,2023-03-28,78.73,28.65,180,0.598,0.708,4.838e-05,0.336,0.422,1.895,0.6429,1,2023-07-14,5.17,2023-06-30,194.7,172.4,11.45,15,0,0,194.7,7.54,1,1,2023-07-21,209.39,4.5,0,0,5,7.54,3.47,2023-07-24,216.94,0.3716,7.62,2.01,27.49,2023-08-21,6.8,20,0,56.5,-22.31
DYNAMATECH,L120,0,d9818e3a4a3e,0,4607,2024-12-24,8736.4,2025-03-17,5738.9,34.31,120,0.605,0.831,5.351e-05,0.686,0.475,1.138,0.2722,0,2025-05-28,6.61,2025-10-16,8526.0,7679.0,9.93,15,1,0,8937.7,1.38,1,1,2025-11-10,9061.0,6.09,1,0,113,6.27,15.31,2025-11-11,8670.5,0.5064,2.05,43.07,32.63,2025-12-05,-2.21,19,0,48.49,-11.5
DYNAMATECH,VAR,0,d9818e3a4a3e,0,4607,2024-12-24,8736.4,2025-03-17,5738.9,34.31,95,0.606,0.899,7.937e-05,0.687,0.6,1.288,0.3104,1,2025-05-14,5.54,2025-10-16,8526.0,7679.0,9.93,15,1,0,8937.7,1.38,1,1,2025-11-10,9061.0,6.09,1,0,123,6.27,15.31,2025-11-11,8670.5,0.6892,2.05,43.07,32.63,2025-12-05,-2.21,19,0,48.49,-11.5
EICHERMOT,VAR,0,98c570a06304,0,3319,2015-07-21,2134.85,2015-11-16,1526.2,28.51,145,0.549,0.709,2.485e-05,0.691,0.414,0.736,0.1628,0,2016-02-18,9.28,2016-07-07,2033.95,1945.15,4.37,15,1,1,2134.85,-1.16,1,0,2016-07-28,2110.0,5.12,1,0,108,3.74,5.23,2016-07-29,2159.9,0.3022,13.39,5.27,44.24,2016-11-09,8.02,68,0,47.25,-9.58
EIDPARRY,L250,0,eda1dc6fe2aa,0,4713,2022-10-20,662.0,2023-03-28,439.15,33.66,250,0.47,0.849,1.060e-05,0.695,0.492,1.52,0.2546,1,2023-10-11,22.94,2024-01-10,627.4,561.9,10.44,15,1,0,662.0,-0.65,1,0,2024-02-01,657.7,3.16,0,0,77,5.27,28.29,2024-02-02,658.65,0.6292,-5.39,28.0,23.28,2024-02-09,-11.68,6,0,51.37,-18.12
EIDPARRY,VAR,0,eda1dc6fe2aa,0,4713,2022-10-20,662.0,2023-03-28,439.15,33.66,235,0.466,0.859,1.169e-05,0.7,0.519,1.685,0.2771,1,2023-09-29,35.64,2024-01-10,627.4,561.9,10.44,15,1,0,662.0,-0.65,1,0,2024-02-01,657.7,3.16,0,0,84,5.27,28.29,2024-02-02,658.65,0.6722,-5.39,28.0,23.28,2024-02-09,-11.68,6,0,51.37,-18.12
ELIN,VAR,0,779c1d3d25dd,0,418,2023-10-05,191.2,2023-12-20,145.65,23.82,90,0.573,0.703,7.712e-05,0.599,0.611,1.036,0.23,0,2024-02-16,3.55,2024-08-26,262.71,233.37,11.17,15,0,0,262.71,1.06,1,1,2024-09-16,265.49,4.69,0,0,141,1.06,12.9,2024-09-17,265.0,0.3965,-18.27,-55.38,-17.0,2024-10-03,-13.86,12,0,0.0,-59.17
EMAMILTD,L120,0,7762c4ed065d,0,4425,2024-01-01,572.7,2024-03-15,423.05,26.13,120,0.521,0.721,8.991e-05,0.469,0.4,1.189,0.5928,0,2024-06-11,45.23,2024-06-14,740.7,686.85,7.27,15,1,0,740.7,1.19,1,1,2024-07-08,749.5,3.61,0,0,18,3.49,43.68,2024-07-09,770.0,0.3952,-3.32,-21.98,-20.89,2024-09-16,-2.34,48,0,11.69,-34.06
EMAMILTD,VAR,0,7762c4ed065d,0,1220,2010-10-13,169.99,2011-03-15,118.49,30.3,151,0.7,0.753,3.302e-05,0.623,0.437,1.296,0.5653,1,2011-05-20,2.8,2011-06-21,167.92,149.92,10.72,15,1,0,169.99,1.66,1,1,2011-07-12,172.82,6.4,1,0,37,3.58,1.61,2011-07-13,174.54,0.3161,-21.68,-37.54,-5.36,2011-08-08,-12.26,19,0,4.66,-40.44
EMAMILTD,VAR,0,7762c4ed065d,0,4425,2024-01-01,572.7,2024-03-15,423.05,26.13,90,0.596,0.866,9.985e-05,0.591,0.533,1.066,0.366,0,2024-05-13,51.25,2024-06-14,740.7,686.85,7.27,15,1,0,740.7,1.19,1,1,2024-07-08,749.5,3.61,0,0,39,3.49,43.68,2024-07-09,770.0,0.5727,-3.32,-21.98,-20.89,2024-09-16,-2.34,48,0,11.69,-34.06
EMAMIREAL,L250,0,358250857089,0,698,2016-07-07,86.85,2016-11-21,54.0,37.82,250,0.41,0.737,2.936e-05,0.379,0.548,0.472,0.3597,0,2017-06-22,2.38,2017-10-09,186.9,179.0,4.23,15,1,1,195.65,0.64,1,1,2017-11-01,196.9,8.6,1,0,88,10.0,1.3,2017-11-02,201.05,0.498,68.52,52.7,-22.83,2018-02-02,40.94,65,0,101.94,-40.06
EMCURE,L120,0,b41fd51d8b1a,0,370,2025-01-02,1478.2,2025-04-09,905.6,38.74,120,0.697,0.72,9.408e-05,0.606,0.517,1.186,0.547,0,2025-06-04,12.56,2025-12-12,1438.6,1364.5,5.15,15,1,1,1526.6,-2.43,1,0,2026-01-05,1489.5,5.02,1,0,147,4.1,15.2,2026-01-06,1487.0,0.3751,4.38,23.68,32.24,2026-08-25,24.2,157,0,37.73,-7.13
EMIL,L180,1,77acf7cf67c7,0,204,2022-10-19,102.2,2023-03-27,63.15,38.21,169,0.661,0.705,2.191e-05,0.698,0.408,0.339,0.3113,0,2023-06-21,3.58,2023-07-21,116.95,103.75,11.29,15,0,0,116.95,2.22,1,1,2023-08-11,119.55,3.26,0,0,36,3.51,27.18,2023-08-14,121.1,0.2604,54.67,82.16,83.39,2023-09-13,4.95,22,0,116.35,-3.39
EMIL,L250,1,77acf7cf67c7,0,204,2022-10-19,102.2,2023-03-27,63.15,38.21,169,0.661,0.705,2.191e-05,0.698,0.408,0.339,0.3113,0,2023-06-21,3.58,2023-07-21,116.95,103.75,11.29,15,0,0,116.95,2.22,1,1,2023-08-11,119.55,3.26,0,0,36,3.51,27.18,2023-08-14,121.1,0.2604,54.67,82.16,83.39,2023-09-13,4.95,22,0,116.35,-3.39
EMIL,VAR,1,77acf7cf67c7,0,204,2022-10-19,102.2,2023-03-27,63.15,38.21,166,0.661,0.717,2.289e-05,0.698,0.416,0.35,0.3198,0,2023-06-20,3.58,2023-07-21,116.95,103.75,11.29,15,0,0,116.95,2.22,1,1,2023-08-11,119.55,3.26,0,0,37,3.51,27.18,2023-08-14,121.1,0.2831,54.67,82.16,83.39,2023-09-13,4.95,22,0,116.35,-3.39
ESABINDIA,L120,0,621d367f5c1d,0,5175,2024-12-12,6211.8,2025-04-04,4330.65,30.28,120,0.655,0.938,6.823e-05,0.595,0.558,1.126,0.0589,0,2025-06-06,2.11,2025-11-20,6160.0,5619.6,8.77,15,0,0,6634.5,-4.11,1,0,2025-12-11,6361.5,3.63,0,0,129,3.27,4.25,2025-12-12,6341.5,0.5866,-15.76,-11.37,-8.29,2026-01-09,-10.54,20,0,15.42,-22.71
ESCORTS,L120,0,08faefd65744,0,4122,2021-02-10,1442.4,2021-04-30,1118.6,22.45,120,0.445,0.77,2.941e-05,0.697,0.642,1.32,-0.0049,0,2021-08-04,67.5,2021-08-23,1397.4,1257.4,10.02,15,0,0,1442.4,1.64,1,1,2021-09-14,1466.0,3.46,0,0,27,6.32,163.81,2021-09-15,1462.0,0.4553,27.77,21.19,36.84,2022-02-07,24.75,100,0,42.91,-10.62
ESCORTS,L180,0,08faefd65744,0,4167,2021-02-10,1442.4,2021-04-30,1118.6,22.45,180,0.369,0.713,2.875e-05,0.472,0.467,1.118,0.1141,0,2021-10-12,162.47,2021-10-27,1640.5,1496.9,8.75,15,0,0,1640.5,9.9,1,1,2021-11-18,1802.85,11.2,1,1,25,10.54,284.55,2021-11-22,1811.0,0.2281,1.57,-9.15,22.16,2022-02-07,0.71,55,0,23.47,-27.85
ESCORTS,VAR,0,08faefd65744,0,4122,2021-02-10,1442.4,2021-04-30,1118.6,22.45,106,0.495,0.785,3.794e-05,0.699,0.613,1.383,-0.0335,0,2021-07-15,89.18,2021-08-23,1397.4,1257.4,10.02,15,0,0,1442.4,1.64,1,1,2021-09-14,1466.0,3.46,0,0,40,6.32,163.81,2021-09-15,1462.0,0.5258,27.77,21.19,36.84,2022-02-07,24.75,100,0,42.91,-10.62
ETERNAL,L120,0,eca1597f82e2,0,967,2024-12-06,302.95,2025-03-13,201.43,33.51,120,0.672,0.758,5.175e-05,0.691,0.575,1.006,0.2272,0,2025-05-15,944.44,2025-07-01,271.7,257.2,5.34,15,1,1,302.95,-1.04,1,0,2025-07-22,299.8,14.22,1,1,48,10.34,497.48,2025-07-23,298.0,0.4149,14.98,0.42,3.27,2025-10-23,10.18,63,0,23.64,-28.66
ETERNAL,VAR,0,eca1597f82e2,0,967,2024-12-06,302.95,2025-03-13,201.43,33.51,99,0.694,0.838,8.272e-05,0.675,0.657,1.269,0.2482,1,2025-05-02,1077.74,2025-07-01,271.7,257.2,5.34,15,1,1,302.95,-1.04,1,0,2025-07-22,299.8,14.22,1,1,57,10.34,497.48,2025-07-23,298.0,0.5107,14.98,0.42,3.27,2025-10-23,10.18,63,0,23.64,-28.66
EVEREADY,L120,0,69e779a9890f,0,5079,2024-12-18,419.15,2025-04-07,275.6,34.25,120,0.647,0.857,4.950e-05,0.69,0.6,0.996,0.249,0,2025-06-10,3.23,2025-08-11,448.8,406.4,9.45,15,1,1,481.7,-2.83,1,0,2025-09-03,468.05,3.44,0,0,59,4.29,17.07,2025-09-04,473.0,0.571,-31.66,-31.17,-30.84,2025-09-24,-14.12,15,0,0.47,-45.11
EVEREADY,L180,0,69e779a9890f,0,5079,2024-12-18,419.15,2025-04-07,275.6,34.25,180,0.615,0.701,2.135e-05,0.684,0.478,1.216,0.4405,1,2025-07-17,5.71,2025-08-11,448.8,406.4,9.45,15,1,1,481.7,-2.83,1,0,2025-09-03,468.05,3.44,0,0,32,4.29,17.07,2025-09-04,473.0,0.3805,-31.66,-31.17,-30.84,2025-09-24,-14.12,15,0,0.47,-45.11
EVEREADY,L250,0,69e779a9890f,0,5079,2024-08-23,481.7,2025-04-07,275.6,42.79,250,0.675,0.736,1.540e-05,0.694,0.4,0.909,0.3754,0,2025-08-04,18.97,2025-08-11,448.8,406.4,9.45,15,1,1,481.7,-2.83,1,0,2025-09-03,468.05,3.44,0,0,20,4.29,17.07,2025-09-04,473.0,0.2614,-31.66,-31.17,-30.84,2025-09-24,-14.12,15,0,0.47,-45.11
EVEREADY,VAR,0,69e779a9890f,0,5079,2024-08-23,481.7,2025-04-07,275.6,42.79,232,0.671,0.79,1.774e-05,0.699,0.431,0.99,0.3827,0,2025-07-28,17.22,2025-08-11,448.8,406.4,9.45,15,1,1,481.7,-2.83,1,0,2025-09-03,468.05,3.44,0,0,25,4.29,17.07,2025-09-04,473.0,0.3582,-31.66,-31.17,-30.84,2025-09-24,-14.12,15,0,0.47,-45.11
EVERESTIND-BE,L120,0,ac6feb3cf440,0,4377,2022-03-23,771.7,2022-06-20,508.95,34.05,120,0.504,0.839,8.624e-05,0.517,0.583,0.456,0.3202,0,2022-09-14,2.11,2022-09-14,707.1,647.95,8.37,15,1,1,771.7,3.34,1,1,2022-10-06,797.5,27.23,1,1,15,14.21,1.91,2022-10-07,801.5,0.706,-3.13,-8.0,38.96,2022-11-10,-1.68,23,0,55.21,-13.04
EVERESTIND-BE,L180,0,ac6feb3cf440,0,3176,2016-10-06,273.0,2016-12-26,185.1,32.2,180,0.313,0.883,5.556e-05,0.409,0.444,1.926,0.266,1,2017-06-23,2.32,2017-11-07,480.5,447.6,6.85,15,1,0,497.3,8.67,1,1,2017-11-28,540.4,29.69,1,1,106,13.26,2.24,2017-11-29,548.65,0.4875,-0.02,-16.3,-13.03,2018-01-31,0.84,44,0,16.28,-31.54
EVERESTIND-BE,L180,0,ac6feb3cf440,0,4545,2022-03-23,771.7,2022-06-20,508.95,34.05,180,0.48,0.7,4.337e-05,0.43,0.433,0.385,0.3326,0,2022-11-03,5.7,2023-05-22,855.8,802.4,6.24,15,1,0,937.45,-4.38,1,0,2023-06-12,896.4,9.01,1,1,149,4.74,0.83,2023-06-13,896.4,0.404,35.17,29.3,23.51,2023-07-10,-4.66,19,0,61.86,-7.12
EVERESTIND-BE,L250,0,ac6feb3cf440,0,3176,2016-07-04,318.1,2016-12-26,185.1,41.81,250,0.506,0.786,3.278e-05,0.516,0.4,2.737,0.266,1,2017-06-23,2.32,2017-11-07,480.5,447.6,6.85,15,1,0,497.3,8.67,1,1,2017-11-28,540.4,29.69,1,1,106,13.26,2.24,2017-11-29,548.65,0.5608,-0.02,-16.3,-13.03,2018-01-31,0.84,44,0,16.28,-31.54
EVERESTIND-BE,VAR,0,ac6feb3cf440,0,4377,2022-03-23,771.7,2022-06-20,508.95,34.05,120,0.504,0.839,8.624e-05,0.517,0.583,0.456,0.3202,0,2022-09-14,2.11,2022-09-14,707.1,647.95,8.37,15,1,1,771.7,3.34,1,1,2022-10-06,797.5,27.23,1,1,15,14.21,1.91,2022-10-07,801.5,0.706,-3.13,-8.0,38.96,2022-11-10,-1.68,23,0,55.21,-13.04
EXIDEIND,L180,0,42dc7af6047b,0,1151,2008-09-01,70.3,2009-03-06,35.05,50.14,180,0.698,0.822,6.625e-05,0.545,0.472,2.632,0.1169,1,2009-06-02,3.06,2009-08-07,89.85,81.05,9.79,15,1,0,90.6,2.87,1,1,2009-08-28,93.2,7.03,1,0,63,3.73,6.38,2009-08-31,92.8,0.3878,16.76,16.59,71.82,2010-01-28,17.19,99,0,73.38,-7.06
FACT,VAR,0,e900e803eeb8,0,4556,2022-12-30,373.35,2023-03-28,197.05,47.22,90,0.674,0.712,2.570e-04,0.523,0.4,1.846,0.5442,1,2023-05-15,37.64,2023-05-24,333.8,296.4,11.2,15,1,0,373.35,0.91,1,1,2023-06-14,376.75,48.22,1,1,22,14.62,11.35,2023-06-15,378.5,0.274,36.88,106.58,129.01,2023-08-14,10.59,42,0,139.89,-1.72
FCL,L250,0,496d865cb9aa,0,2040,2022-10-20,38.68,2023-03-27,21.31,44.91,250,0.546,0.701,2.662e-05,0.546,0.432,0.657,0.3263,0,2023-09-11,8.81,2024-01-17,34.9,31.85,8.74,15,1,0,38.68,-4.29,1,0,2024-02-09,37.02,8.2,1,0,101,6.07,11.4,2024-02-12,37.72,0.3521,-4.27,0.27,-26.17,2024-03-12,-3.79,21,0,20.41,-28.31
FDC,L120,0,6f8bd640f676,0,4058,2020-12-07,365.35,2021-03-19,272.25,25.48,120,0.672,0.713,5.298e-05,0.573,0.425,1.555,0.4119,1,2021-05-20,9.96,2021-05-24,365.1,329.15,9.85,15,1,0,367.4,3.78,1,1,2021-06-14,381.3,30.5,1,1,17,12.98,11.06,2021-06-15,381.3,0.2525,-8.43,-25.78,-37.91,2021-08-17,-10.27,45,0,6.19,-39.72
FDC,VAR,0,6f8bd640f676,0,4590,2022-11-11,314.45,2023-03-21,249.4,20.69,148,0.612,0.703,2.864e-05,0.463,0.439,1.854,0.5398,1,2023-06-15,5.45,2023-07-13,347.3,324.3,6.62,15,1,1,382.35,-2.46,1,0,2023-08-03,372.95,31.09,1,1,34,8.73,6.84,2023-08-04,374.0,0.3162,-2.49,10.67,38.48,2023-09-20,-3.07,32,0,46.31,-8.21
FEDERALBNK,L180,0,a6598e05e3a2,0,2913,2015-10-12,66.3,2016-04-07,42.75,35.52,180,0.698,0.735,3.138e-05,0.585,0.483,2.198,0.3258,1,2016-06-27,34.73,2016-09-06,74.4,70.9,4.7,15,1,0,78.4,-3.64,1,0,2016-09-28,75.55,4.22,0,0,63,4.35,51.29,2016-09-29,76.59,0.3767,-18.53,15.22,47.08,2016-11-16,-5.55,32,0,59.81,-19.31
FEDFINA,L120,0,d6226c9d34c7,0,438,2024-12-04,117.89,2025-03-28,82.51,30.01,120,0.672,0.911,4.263e-05,0.699,0.608,1.172,0.0311,0,2025-05-29,3.55,2025-08-20,143.04,134.34,6.08,15,1,1,147.7,2.74,1,1,2025-09-11,151.75,8.07,1,0,73,7.5,11.94,2025-09-12,152.5,0.5504,-5.87,-20.77,4.26,2025-10-23,-6.68,28,0,17.04,-21.92
FEDFINA,L180,0,d6226c9d34c7,0,438,2024-12-04,117.89,2025-03-28,82.51,30.01,180,0.536,0.702,3.953e-05,0.462,0.422,1.45,0.2097,1,2025-07-30,7.41,2025-08-20,143.04,134.34,6.08,15,1,1,147.7,2.74,1,1,2025-09-11,151.75,8.07,1,0,29,7.5,11.94,2025-09-12,152.5,0.3537,-5.87,-20.77,4.26,2025-10-23,-6.68,28,0,17.04,-21.92
FIEMIND,L120,0,e73352815f92,0,3894,2022-01-17,664.5,2022-05-12,408.6,38.51,120,0.697,0.771,9.032e-05,0.546,0.467,1.639,0.6672,1,2022-07-01,17.54,2022-07-13,823.5,734.8,10.77,15,1,0,823.5,1.86,1,1,2022-08-03,838.8,4.05,0,0,23,5.27,12.68,2022-08-04,847.0,0.4188,-7.96,-5.95,11.79,2022-09-26,-18.8,35,0,23.2,-19.48
FIEMIND,L250,0,e73352815f92,0,2386,2015-02-03,459.1,2015-09-08,240.0,47.72,250,0.699,0.824,2.791e-05,0.579,0.488,1.042,0.2882,0,2015-12-31,2.33,2016-06-08,424.15,410.2,3.29,15,1,1,459.1,1.09,1,1,2016-06-29,464.1,8.86,1,0,122,9.74,1.07,2016-06-30,463.5,0.3723,16.14,17.5,-0.54,2016-11-08,34.48,87,0,62.89,-9.39
FIEMIND,VAR,0,e73352815f92,0,2386,2015-02-03,459.1,2015-09-08,240.0,47.72,214,0.7,0.743,2.955e-05,0.572,0.57,1.051,0.3116,0,2015-12-15,3.51,2016-06-08,424.15,410.2,3.29,15,1,1,459.1,1.09,1,1,2016-06-29,464.1,8.86,1,0,133,9.74,1.07,2016-06-30,463.5,0.3479,16.14,17.5,-0.54,2016-11-08,34.48,87,0,62.89,-9.39
FIEMIND,VAR,0,e73352815f92,0,3894,2022-01-17,664.5,2022-05-12,408.6,38.51,111,0.7,0.786,9.373e-05,0.554,0.505,1.624,0.7184,1,2022-06-28,12.01,2022-07-13,823.5,734.8,10.77,15,1,0,823.5,1.86,1,1,2022-08-03,838.8,4.05,0,0,26,5.27,12.68,2022-08-04,847.0,0.466,-7.96,-5.95,11.79,2022-09-26,-18.8,35,0,23.2,-19.48
FILATEX,L180,0,dc70d3ac9165,0,1218,2016-10-24,8.5,2016-11-22,6.08,28.47,180,0.43,0.704,5.058e-05,0.353,0.433,0.464,0.6145,0,2017-04-20,3.62,2017-04-24,13.58,12.99,4.34,15,1,0,14.36,-2.09,1,0,2017-05-16,14.06,5.47,1,0,17,7.41,2.79,2017-05-17,14.28,0.3589,-3.92,41.11,32.56,2017-07-27,-5.95,51,0,72.9,-14.01
FILATEX,L180,0,dc70d3ac9165,0,2150,2020-04-27,17.84,2020-07-15,12.04,32.51,180,0.341,0.716,4.945e-05,0.441,0.622,1.713,0.2308,1,2020-12-31,5.74,2021-01-29,31.13,28.94,7.04,15,1,0,34.76,-4.32,1,0,2021-02-19,33.26,5.72,1,0,35,6.84,2.5,2021-02-22,33.85,0.4117,44.49,39.41,68.21,2021-08-10,39.35,115,0,108.24,-10.72
FILATEX,L250,0,dc70d3ac9165,0,1243,2016-07-29,8.39,2016-11-22,6.08,27.53,250,0.518,0.731,2.673e-05,0.323,0.404,0.599,0.4957,0,2017-05-17,3.07,2017-05-30,14.16,12.85,9.25,15,1,0,14.46,-0.55,1,0,2017-06-20,14.38,5.27,1,0,24,1.55,1.59,2017-06-21,14.31,0.4119,18.66,49.69,41.37,2017-07-27,-6.15,26,0,72.54,-14.19
FIVESTAR,L120,0,2692351bac9a,0,169,2023-01-05,647.46,2023-03-20,497.97,23.09,120,0.471,0.709,4.499e-05,0.548,0.517,2.055,0.3394,1,2023-06-22,12.59,2023-07-05,674.16,626.58,7.06,15,1,1,674.16,6.57,1,1,2023-07-26,718.46,5.47,1,0,23,6.72,12.81,2023-07-27,728.28,0.463,0.31,3.47,-1.15,2023-09-06,-3.63,29,0,19.94,-17.89
FIVESTAR,VAR,1,2692351bac9a,0,143,2023-01-05,647.46,2023-03-20,497.97,23.09,102,0.495,0.783,3.510e-05,0.677,0.608,1.6,0.0302,0,2023-06-06,8.76,2023-05-29,602.01,537.14,10.78,15,0,0,647.46,0.08,1,1,2023-06-19,647.95,9.43,1,1,9,8.42,10.44,2023-06-20,648.75,0.5447,6.91,7.76,21.85,2023-09-06,8.18,55,0,34.65,-7.83
FORCEMOT,L120,0,28f235c5c406,0,1337,2024-11-01,7915.2,2025-02-10,6295.0,20.47,120,0.613,0.804,7.173e-05,0.398,0.5,2.461,0.4224,1,2025-04-23,47.82,2025-04-07,9299.5,8345.2,10.26,15,1,0,9949.3,1.14,1,1,2025-05-02,10062.5,13.37,1,1,6,12.88,54.32,2025-05-05,10062.5,0.4995,77.59,65.71,100.48,2025-09-04,79.74,87,0,162.86,-6.79
FORCEMOT,L180,0,28f235c5c406,0,1337,2024-07-30,9486.85,2024-10-25,6209.5,34.55,180,0.436,0.732,2.107e-05,0.682,0.622,1.077,0.3935,0,2025-03-21,43.86,2025-04-07,9299.5,8345.2,10.26,15,1,0,9949.3,1.14,1,1,2025-05-02,10062.5,13.37,1,1,25,12.88,54.32,2025-05-05,10062.5,0.5392,77.59,65.71,100.48,2025-09-04,79.74,87,0,162.86,-6.79
GAIL,L250,0,885b604376c0,0,4638,2022-04-19,103.92,2022-10-19,76.41,26.47,250,0.578,0.71,1.338e-05,0.52,0.46,0.881,0.147,0,2023-03-21,241.44,2023-09-20,114.76,111.48,2.86,15,1,1,121.17,-1.51,1,0,2023-10-12,119.34,3.69,0,0,138,4.91,137.19,2023-10-13,118.9,0.2965,26.06,54.58,87.39,2023-10-23,-6.56,7,0,99.6,-10.33
GANECOS,L250,0,f10bb2cb90e9,0,1751,2021-05-21,606.94,2021-12-20,458.5,24.46,250,0.699,0.773,1.968e-05,0.418,0.408,3.469,0.5104,1,2022-04-07,3.18,2022-03-21,722.97,701.09,3.03,15,1,0,725.69,6.17,1,1,2022-04-11,770.45,7.6,1,0,2,7.97,3.11,2022-04-12,777.28,0.3667,-23.51,-16.83,18.88,2022-05-12,-15.08,20,0,24.09,-30.83
GARFIBRES,L180,0,2defc321d339,0,4109,2022-10-24,714.5,2023-03-28,534.25,25.23,180,0.693,0.81,1.532e-05,0.689,0.417,1.574,0.5207,1,2023-06-20,3.63,2023-12-15,680.1,660.15,2.93,15,1,1,768.55,-3.51,1,0,2024-01-08,741.6,20.93,1,1,137,9.55,4.12,2024-01-09,756.0,0.3587,-11.4,5.87,8.5,2024-03-06,-13.27,42,0,30.48,-17.14
GARFIBRES,VAR,0,2defc321d339,0,4109,2022-09-09,738.9,2023-03-28,534.25,27.7,200,0.688,0.797,1.241e-05,0.698,0.41,1.43,0.4074,1,2023-06-30,3.58,2023-12-15,680.1,660.15,2.93,15,1,1,768.55,-3.51,1,0,2024-01-08,741.6,20.93,1,1,130,9.55,4.12,2024-01-09,756.0,0.3304,-11.4,5.87,8.5,2024-03-06,-13.27,42,0,30.48,-17.14
GARUDA,L120,0,eb16d3d14f61,0,253,2025-01-08,146.87,2025-05-09,89.24,39.24,120,0.697,0.713,7.404e-05,0.558,0.417,1.063,0.2798,0,2025-06-30,10.95,2025-09-30,200.97,184.8,8.05,15,1,0,219.54,-3.11,1,0,2025-10-23,212.71,9.42,1,1,79,5.84,13.05,2025-10-24,214.5,0.2308,-20.16,-17.55,-16.32,2025-12-18,-8.17,39,0,16.22,-39.39
GARUDA,VAR,1,eb16d3d14f61,0,253,2025-01-08,146.87,2025-05-09,89.24,39.24,116,0.696,0.707,7.837e-05,0.552,0.431,1.102,0.295,0,2025-06-27,11.57,2025-09-30,200.97,184.8,8.05,15,1,0,219.54,-3.11,1,0,2025-10-23,212.71,9.42,1,1,80,5.84,13.05,2025-10-24,214.5,0.2423,-20.16,-17.55,-16.32,2025-12-18,-8.17,39,0,16.22,-39.39
GATEWAY,VAR,0,762ddf39dbbe,0,332,2022-11-10,67.34,2023-02-27,53.76,20.17,140,0.547,0.748,2.081e-05,0.617,0.479,0.701,0.2381,0,2023-06-02,3.3,2023-07-03,67.6,64.55,4.51,15,1,1,72.88,-4.31,1,0,2023-07-24,69.74,4.87,0,0,35,3.17,2.91,2023-07-25,71.93,0.37,14.82,41.36,40.58,2024-02-28,33.55,147,0,56.21,-4.75
GESHIP,L180,0,c148c08b2094,0,670,2006-11-06,266.89,2007-03-19,191.25,28.34,180,0.637,0.708,3.818e-05,0.429,0.4,0.576,0.3589,0,2007-06-22,18.84,2007-09-11,345.65,325.75,5.76,15,1,0,356.4,6.23,1,1,2007-10-03,378.6,3.83,0,0,71,9.53,12.97,2007-10-04,399.45,0.2394,40.68,-10.61,-25.07,2007-11-22,11.62,36,0,56.67,-32.91
GESHIP,L250,0,c148c08b2094,0,5220,2024-08-19,1388.0,2025-02-28,810.7,41.59,250,0.574,0.871,1.578e-05,0.699,0.6,0.877,0.2729,0,2025-08-05,22.05,2026-02-11,1354.6,1287.2,4.98,15,1,0,1454.05,-4.45,1,0,2026-03-05,1389.4,3.85,0,0,144,2.57,59.07,2026-03-06,1395.6,0.6604,4.9,-6.72,1.32,2026-05-29,1.67,55,0,28.83,-9.64
GHCL,VAR,0,e6458870b8fd,0,2852,2015-12-01,146.25,2016-01-20,98.95,32.34,91,0.389,0.777,9.733e-05,0.644,0.462,0.712,0.2498,0,2016-04-12,2.1,2016-06-30,200.3,185.9,7.19,15,0,0,200.3,1.37,1,1,2016-07-22,203.05,4.07,0,0,69,6.92,9.48,2016-07-25,204.95,0.4011,35.64,33.5,13.83,2016-11-03,27.81,68,0,45.89,-0.07
GICHSGFIN,L180,0,b73763de0576,0,1180,2008-09-10,53.94,2009-03-09,29.03,46.18,180,0.659,0.849,9.057e-05,0.444,0.55,2.705,0.5392,1,2009-06-12,2.1,2009-09-17,93.18,83.59,10.29,15,0,0,99.9,-3.34,1,0,2009-10-14,96.56,11.06,1,1,84,3.63,5.11,2009-10-15,97.43,0.6277,-11.76,-11.07,49.2,2009-11-03,-20.8,12,0,57.89,-22.29
GICHSGFIN,L250,0,b73763de0576,0,1180,2008-07-10,59.79,2009-03-09,29.03,51.45,250,0.699,0.775,5.511e-05,0.488,0.436,5.085,0.3644,1,2009-07-02,3.42,2009-09-17,93.18,83.59,10.29,15,0,0,99.9,-3.34,1,0,2009-10-14,96.56,11.06,1,1,70,3.63,5.11,2009-10-15,97.43,0.3608,-11.76,-11.07,49.2,2009-11-03,-20.8,12,0,57.89,-22.29
GICHSGFIN,VAR,0,b73763de0576,0,3016,2016-10-19,337.83,2016-12-20,250.21,25.94,90,0.472,0.81,1.256e-04,0.513,0.511,1.149,0.4125,0,2017-02-27,2.2,2017-03-01,318.76,290.69,8.81,15,1,1,337.83,-0.45,1,0,2017-03-23,336.32,4.68,0,0,17,5.51,3.15,2017-03-24,339.68,0.567,75.79,56.0,9.97,2017-06-27,58.31,64,0,78.57,-1.95
GILLETTE,L120,0,3a30d37b5a76,0,5073,2024-12-10,9997.2,2025-02-17,7451.6,25.46,120,0.454,0.778,4.013e-05,0.687,0.458,1.289,0.5056,1,2025-05-28,16.65,2025-06-24,10909.5,10321.0,5.39,15,1,1,10909.5,0.79,1,1,2025-07-15,10996.0,5.44,1,0,34,2.85,27.67,2025-07-16,11029.0,0.4879,-13.5,-27.97,-28.32,2025-08-26,-9.39,29,0,3.09,-34.66
GLAXO,L180,0,8a39bb4376b3,0,2446,2014-03-03,1526.53,2014-05-07,1188.23,22.16,180,0.458,0.811,1.653e-05,0.69,0.717,0.195,0.0585,0,2014-09-24,5.52,2014-11-11,1486.4,1383.03,6.95,15,1,1,1526.53,3.9,1,1,2014-12-02,1586.05,5.38,1,0,42,6.7,3.82,2014-12-03,1576.0,0.5104,-1.65,2.41,3.96,2014-12-17,-8.75,11,0,21.35,-9.58
GLAXO,L250,0,8a39bb4376b3,0,2483,2014-03-03,1526.53,2014-05-07,1188.23,22.16,250,0.386,0.714,1.522e-05,0.515,0.524,0.219,0.2048,0,2014-12-22,3.71,2015-01-02,1603.75,1565.95,2.36,15,1,1,1606.85,4.03,1,1,2015-01-23,1671.53,13.87,1,1,23,5.99,3.13,2015-01-27,1687.5,0.3041,-11.23,0.12,-4.11,2015-03-02,-8.43,24,0,13.33,-12.27
GOCOLORS,L120,1,c86c0d1c6d3f,0,208,2021-12-01,1302.05,2022-03-14,869.95,33.19,104,0.699,0.787,6.526e-05,0.644,0.519,0.421,0.1962,0,2022-04-29,5.17,2022-09-08,1299.05,1195.7,7.96,15,1,0,1302.05,2.66,1,1,2022-09-29,1336.65,4.7,0,0,105,2.89,6.31,2022-09-30,1337.0,0.368,-13.39,-30.04,-4.9,2022-11-10,-7.65,27,0,8.68,-34.48
GOCOLORS,L180,1,c86c0d1c6d3f,0,208,2021-12-01,1302.05,2022-03-14,869.95,33.19,104,0.699,0.787,6.526e-05,0.644,0.519,0.421,0.1962,0,2022-04-29,5.17,2022-09-08,1299.05,1195.7,7.96,15,1,0,1302.05,2.66,1,1,2022-09-29,1336.65,4.7,0,0,105,2.89,6.31,2022-09-30,1337.0,0.368,-13.39,-30.04,-4.9,2022-11-10,-7.65,27,0,8.68,-34.48
GOCOLORS,L250,1,c86c0d1c6d3f,0,208,2021-12-01,1302.05,2022-03-14,869.95,33.19,104,0.699,0.787,6.526e-05,0.644,0.519,0.421,0.1962,0,2022-04-29,5.17,2022-09-08,1299.05,1195.7,7.96,15,1,0,1302.05,2.66,1,1,2022-09-29,1336.65,4.7,0,0,105,2.89,6.31,2022-09-30,1337.0,0.368,-13.39,-30.04,-4.9,2022-11-10,-7.65,27,0,8.68,-34.48
GOCOLORS,VAR,1,c86c0d1c6d3f,0,208,2021-12-01,1302.05,2022-03-14,869.95,33.19,103,0.696,0.775,6.549e-05,0.64,0.524,0.423,0.1962,0,2022-04-29,5.17,2022-09-08,1299.05,1195.7,7.96,15,1,0,1302.05,2.66,1,1,2022-09-29,1336.65,4.7,0,0,105,2.89,6.31,2022-09-30,1337.0,0.361,-13.39,-30.04,-4.9,2022-11-10,-7.65,27,0,8.68,-34.48
GODFRYPHLP,L120,0,b7c03ca193aa,0,4633,2023-03-08,680.0,2023-06-26,542.0,20.29,120,0.63,0.717,6.352e-05,0.448,0.558,1.303,0.5219,1,2023-08-29,19.06,2023-09-15,726.0,681.0,6.2,15,1,1,732.0,3.14,1,1,2023-10-10,755.0,18.03,1,1,28,7.24,11.22,2023-10-11,753.0,0.3839,-1.86,45.95,210.09,2023-11-24,-9.96,32,0,275.43,-11.82
GOKULAGRO,L120,0,5ffde3fa3344,0,2343,2024-12-19,187.15,2025-03-17,101.25,45.9,120,0.521,0.824,7.193e-05,0.692,0.5,1.243,0.2378,1,2025-06-12,4.81,2025-08-20,171.02,163.18,4.58,15,0,0,187.15,-3.88,1,0,2025-09-11,179.88,4.29,0,0,63,5.86,7.67,2025-09-12,181.65,0.5699,7.01,-11.51,25.24,2025-10-14,-3.44,22,0,43.02,-16.87
GOKULAGRO,L120,0,5ffde3fa3344,0,2568,2025-12-01,217.01,2026-01-23,152.82,29.58,120,0.445,0.706,8.649e-05,0.478,0.4,1.073,0.2399,0,2026-05-06,17.29,2026-07-22,231.58,209.11,9.7,15,1,1,242.83,-2.57,1,0,2026-08-12,236.6,3.08,0,0,68,4.68,5.82,2026-08-13,237.4,0.3064,-4.17,-4.17,-4.17,,-4.17,21,1,9.44,-4.8
GOKULAGRO,VAR,0,5ffde3fa3344,0,2343,2024-12-19,187.15,2025-03-17,101.25,45.9,117,0.517,0.822,7.454e-05,0.692,0.513,1.236,0.2211,1,2025-06-11,4.81,2025-08-20,171.02,163.18,4.58,15,0,0,187.15,-3.88,1,0,2025-09-11,179.88,4.29,0,0,64,5.86,7.67,2025-09-12,181.65,0.5785,7.01,-11.51,25.24,2025-10-14,-3.44,22,0,43.02,-16.87
GOKULAGRO,VAR,0,5ffde3fa3344,0,2568,2025-12-01,217.01,2026-01-23,152.82,29.58,90,0.416,0.821,1.258e-04,0.521,0.522,0.995,0.0777,0,2026-04-15,14.64,2026-07-22,231.58,209.11,9.7,15,1,1,242.83,-2.57,1,0,2026-08-12,236.6,3.08,0,0,82,4.68,5.82,2026-08-13,237.4,0.4811,-4.17,-4.17,-4.17,,-4.17,21,1,9.44,-4.8
GPIL,L120,1,dcb18b662314,0,250,2006-05-02,6.3,2006-06-14,2.35,62.7,102,0.347,0.71,2.090e-04,0.562,0.441,0.533,0.5283,0,2006-09-15,2.13,2007-04-04,5.8,5.4,6.9,15,1,0,6.3,-3.17,1,0,2007-04-26,6.1,13.58,1,1,149,8.93,0.27,2007-04-27,6.25,0.1927,47.2,115.2,63.2,2008-01-18,125.6,185,0,220.0,-4.0
GPIL,L120,0,dcb18b662314,0,3940,2021-10-27,78.3,2021-12-20,48.1,38.57,120,0.454,0.716,1.038e-04,0.479,0.442,1.235,0.3304,1,2022-03-24,21.64,2022-03-16,83.95,73.9,11.97,15,0,0,88.7,-2.31,1,0,2022-04-07,86.65,3.37,0,0,10,4.84,23.42,2022-04-08,87.8,0.429,-41.4,-36.5,-14.07,2022-05-04,-7.69,16,0,13.38,-49.2
GPIL,L180,1,dcb18b662314,0,250,2006-05-02,6.3,2006-06-14,2.35,62.7,102,0.347,0.71,2.090e-04,0.562,0.441,0.533,0.5283,0,2006-09-15,2.13,2007-04-04,5.8,5.4,6.9,15,1,0,6.3,-3.17,1,0,2007-04-26,6.1,13.58,1,1,149,8.93,0.27,2007-04-27,6.25,0.1927,47.2,115.2,63.2,2008-01-18,125.6,185,0,220.0,-4.0
GPIL,L250,1,dcb18b662314,0,250,2006-05-02,6.3,2006-06-14,2.35,62.7,102,0.347,0.71,2.090e-04,0.562,0.441,0.533,0.5283,0,2006-09-15,2.13,2007-04-04,5.8,5.4,6.9,15,1,0,6.3,-3.17,1,0,2007-04-26,6.1,13.58,1,1,149,8.93,0.27,2007-04-27,6.25,0.1927,47.2,115.2,63.2,2008-01-18,125.6,185,0,220.0,-4.0
GRANULES,L120,0,65f1e73b565e,0,2530,2015-04-17,100.3,2015-06-12,77.65,22.58,120,0.546,0.707,7.259e-05,0.367,0.417,1.958,0.57,1,2015-08-27,23.08,2015-08-28,123.95,110.6,10.77,15,0,0,130.65,0.5,1,1,2015-09-21,131.3,3.08,0,0,16,8.65,21.88,2015-09-22,132.5,0.3845,18.98,-10.72,-7.32,2016-01-06,8.68,71,0,24.08,-23.47
GRANULES,L180,0,65f1e73b565e,0,4601,2022-11-03,378.65,2023-03-28,270.95,28.44,180,0.603,0.867,1.858e-05,0.698,0.611,1.657,0.0336,0,2023-07-13,54.79,2024-01-16,428.25,409.0,4.5,15,1,1,429.6,1.34,1,1,2024-02-07,435.35,3.28,0,0,142,1.66,44.77,2024-02-08,437.0,0.5818,-5.98,47.85,32.47,2024-03-12,-1.86,24,0,64.99,-10.9
GRANULES,L250,0,65f1e73b565e,0,4601,2022-11-03,378.65,2023-03-28,270.95,28.44,250,0.502,0.711,1.197e-05,0.597,0.508,1.603,0.1095,1,2023-09-28,54.35,2024-01-16,428.25,409.0,4.5,15,1,1,429.6,1.34,1,1,2024-02-07,435.35,3.28,0,0,89,1.66,44.77,2024-02-08,437.0,0.4489,-5.98,47.85,32.47,2024-03-12,-1.86,24,0,64.99,-10.9
GRANULES,VAR,0,65f1e73b565e,0,4601,2022-11-03,378.65,2023-03-28,270.95,28.44,168,0.599,0.869,2.029e-05,0.697,0.649,1.606,0.1416,0,2023-07-07,42.04,2024-01-16,428.25,409.0,4.5,15,1,1,429.6,1.34,1,1,2024-02-07,435.35,3.28,0,0,146,1.66,44.77,2024-02-08,437.0,0.6088,-5.98,47.85,32.47,2024-03-12,-1.86,24,0,64.99,-10.9
GRASIM,L120,0,a0e0a684a890,0,732,2005-03-10,237.4,2005-07-05,179.2,24.52,120,0.697,0.833,5.781e-05,0.532,0.508,1.726,0.403,1,2005-08-26,15.59,2006-01-09,248.45,240.15,3.34,15,1,1,251.15,0.68,1,1,2006-02-01,252.85,3.17,0,0,106,2.33,20.9,2006-02-02,254.7,0.4412,60.58,38.48,86.44,2006-05-15,41.77,67,0,96.13,-2.93
GRASIM,VAR,0,a0e0a684a890,0,732,2005-03-10,237.4,2005-07-05,179.2,24.52,117,0.698,0.815,5.824e-05,0.529,0.521,1.732,0.392,1,2005-08-25,15.59,2006-01-09,248.45,240.15,3.34,15,1,1,251.15,0.68,1,1,2006-02-01,252.85,3.17,0,0,107,2.33,20.9,2006-02-02,254.7,0.4284,60.58,38.48,86.44,2006-05-15,41.77,67,0,96.13,-2.93
GRSE,L120,0,49f8da17c0e9,0,451,2020-01-15,224.4,2020-03-23,121.55,45.83,120,0.529,0.705,7.684e-05,0.683,0.492,0.744,0.5177,0,2020-06-17,4.31,2020-07-21,217.0,194.95,10.16,15,1,0,240.1,-3.04,1,0,2020-08-11,232.8,6.88,1,0,39,7.28,5.84,2020-08-12,237.0,0.4528,-20.11,-22.22,-21.27,2020-09-08,-23.0,20,0,2.53,-29.94
GSFC,L120,0,69442aae741c,0,741,2007-02-12,42.58,2007-05-11,30.86,27.52,120,0.521,0.701,6.555e-05,0.499,0.533,0.538,0.764,0,2007-07-31,2.23,2007-12-03,57.21,51.32,10.3,15,0,0,59.78,-1.0,1,0,2007-12-26,59.18,8.4,1,0,102,7.42,0.69,2007-12-27,60.55,0.4816,-49.02,-45.4,-75.29,2008-01-21,-12.49,18,0,19.36,-80.26
GUJENERGY,L120,0,2f5dfc669a67,0,2842,2016-08-23,132.0,2016-12-26,102.0,22.73,120,0.697,0.823,4.630e-05,0.591,0.5,1.047,0.5866,0,2017-02-15,5.14,2017-03-03,147.25,132.0,10.36,15,0,0,157.75,-1.43,1,0,2017-03-27,155.5,4.19,0,0,26,5.6,4.69,2017-03-28,155.5,0.3974,0.0,8.68,7.72,2017-05-12,-0.96,31,0,25.72,-17.36
GUJENERGY,L180,0,2f5dfc669a67,0,3497,2018-08-31,154.75,2019-02-26,116.7,24.59,180,0.67,0.702,2.614e-05,0.383,0.433,4.863,0.5511,1,2019-05-28,5.39,2019-11-04,205.4,191.15,6.94,15,1,0,205.4,0.54,1,1,2019-11-26,206.5,5.85,1,0,121,8.03,12.16,2019-11-27,207.0,0.3318,38.29,20.77,56.18,2020-03-12,26.09,75,0,61.55,-7.97
GUJENERGY,VAR,0,2f5dfc669a67,0,2842,2016-08-19,135.5,2016-12-26,102.0,24.72,123,0.697,0.837,4.615e-05,0.591,0.488,0.893,0.5833,0,2017-02-16,5.14,2017-03-03,147.25,132.0,10.36,15,0,0,157.75,-1.43,1,0,2017-03-27,155.5,4.19,0,0,25,5.6,4.69,2017-03-28,155.5,0.4146,0.0,8.68,7.72,2017-05-12,-0.96,31,0,25.72,-17.36
GUJGASLTD,L120,0,32fda77324c8,0,2842,2016-08-23,132.0,2016-12-26,102.0,22.73,120,0.697,0.823,4.630e-05,0.591,0.5,1.047,0.5866,0,2017-02-15,5.14,2017-03-03,147.25,132.0,10.36,15,0,0,157.75,-1.43,1,0,2017-03-27,155.5,4.19,0,0,26,5.6,4.69,2017-03-28,155.5,0.3974,0.0,8.68,7.72,2017-05-12,-0.96,31,0,25.72,-17.36
GUJGASLTD,L180,0,32fda77324c8,0,3497,2018-08-31,154.75,2019-02-26,116.7,24.59,180,0.67,0.702,2.614e-05,0.383,0.433,4.863,0.5511,1,2019-05-28,5.39,2019-11-04,205.4,191.15,6.94,15,1,0,205.4,0.54,1,1,2019-11-26,206.5,5.85,1,0,121,8.03,12.16,2019-11-27,207.0,0.3318,38.29,20.77,56.18,2020-03-12,26.09,75,0,61.55,-7.97
GUJGASLTD,VAR,0,32fda77324c8,0,2842,2016-08-19,135.5,2016-12-26,102.0,24.72,123,0.697,0.837,4.615e-05,0.591,0.488,0.893,0.5833,0,2017-02-16,5.14,2017-03-03,147.25,132.0,10.36,15,0,0,157.75,-1.43,1,0,2017-03-27,155.5,4.19,0,0,25,5.6,4.69,2017-03-28,155.5,0.4146,0.0,8.68,7.72,2017-05-12,-0.96,31,0,25.72,-17.36
GVKPIL-BE,L120,0,ac9b1f0df5ee,0,295,2006-05-17,33.35,2006-07-24,13.26,60.24,120,0.513,0.785,1.456e-04,0.611,0.767,1.038,0.3035,0,2006-10-16,2.01,2007-04-17,33.94,31.89,6.04,15,1,1,34.76,5.35,1,1,2007-05-10,36.62,4.67,0,0,137,10.04,1.28,2007-05-11,36.0,0.5157,41.89,94.06,51.11,2007-08-21,34.47,72,0,158.06,-9.58
GVKPIL-BE,L180,0,ac9b1f0df5ee,0,295,2006-05-17,33.35,2006-07-24,13.26,60.24,180,0.458,0.702,8.446e-05,0.521,0.539,1.017,0.2698,0,2006-12-12,5.1,2007-04-17,33.94,31.89,6.04,15,1,1,34.76,5.35,1,1,2007-05-10,36.62,4.67,0,0,98,10.04,1.28,2007-05-11,36.0,0.3447,41.89,94.06,51.11,2007-08-21,34.47,72,0,158.06,-9.58
GVKPIL-BE,L250,1,ac9b1f0df5ee,0,295,2006-05-17,33.35,2006-07-24,13.26,60.24,214,0.469,0.701,6.283e-05,0.516,0.453,0.783,0.289,0,2007-01-05,3.18,2007-04-17,33.94,31.89,6.04,15,1,1,34.76,5.35,1,1,2007-05-10,36.62,4.67,0,0,82,10.04,1.28,2007-05-11,36.0,0.2864,41.89,94.06,51.11,2007-08-21,34.47,72,0,158.06,-9.58
GVKPIL-BE,VAR,1,ac9b1f0df5ee,0,295,2006-05-17,33.35,2006-07-24,13.26,60.24,134,0.361,0.701,1.192e-04,0.47,0.724,1.96,0.3149,1,2006-11-24,6.22,2007-04-17,33.94,31.89,6.04,15,1,1,34.76,5.35,1,1,2007-05-10,36.62,4.67,0,0,110,10.04,1.28,2007-05-11,36.0,0.337,41.89,94.06,51.11,2007-08-21,34.47,72,0,158.06,-9.58
GVPIL,L120,0,e031a901b69c,0,939,2006-03-13,426.15,2006-06-14,189.07,55.63,120,0.521,0.822,1.084e-04,0.689,0.475,0.576,0.3583,0,2006-09-04,3.34,2006-11-10,444.12,411.11,7.43,15,0,0,466.35,-0.98,1,0,2006-12-01,461.79,5.87,1,0,61,9.02,17.71,2006-12-04,470.57,0.5008,-5.09,21.4,105.99,2007-03-05,-11.89,61,0,152.95,-23.0
GVPIL,VAR,0,e031a901b69c,0,939,2006-03-10,428.98,2006-06-14,189.07,55.93,121,0.525,0.825,1.062e-04,0.694,0.471,0.557,0.3583,0,2006-09-04,3.34,2006-11-10,444.12,411.11,7.43,15,0,0,466.35,-0.98,1,0,2006-12-01,461.79,5.87,1,0,61,9.02,17.71,2006-12-04,470.57,0.4949,-5.09,21.4,105.99,2007-03-05,-11.89,61,0,152.95,-23.0
HAL,VAR,0,df76a2b37328,0,842,2020-08-14,646.8,2020-11-04,330.45,48.91,124,0.463,0.748,1.086e-04,0.506,0.629,0.651,0.4579,0,2021-02-09,50.7,2021-08-03,580.0,533.45,8.03,15,1,1,646.8,-3.51,1,0,2021-08-25,624.1,11.58,1,1,133,7.6,29.56,2021-08-26,628.5,0.5441,11.82,8.42,80.84,2021-10-22,5.58,40,0,86.95,-6.03
HATHWAY,VAR,1,baaddf788053,0,132,2010-04-20,44.98,2010-07-07,34.24,23.88,90,0.629,0.787,1.064e-04,0.541,0.544,6.286,0.6505,1,2010-08-23,5.12,2010-08-13,43.87,40.53,7.61,15,1,0,44.98,-1.47,1,0,2010-09-03,44.32,6.07,1,0,9,4.97,3.59,2010-09-06,44.6,0.5639,-26.39,-46.14,-61.73,2010-10-14,-13.52,28,0,7.62,-65.38
HAVELLS,L120,0,fd68a8961fe0,0,2775,2015-07-20,310.14,2015-11-06,241.8,22.04,120,0.697,0.827,6.017e-05,0.484,0.458,2.009,0.3045,1,2015-12-31,38.87,2016-03-08,312.65,283.45,9.34,15,0,0,329.83,-2.57,1,0,2016-03-31,321.35,3.02,0,0,61,2.78,30.5,2016-04-01,319.0,0.3723,12.1,28.59,45.13,2016-10-19,28.26,135,0,48.75,-5.08
HAVELLS,VAR,0,fd68a8961fe0,0,1738,2011-06-14,87.26,2011-08-26,62.41,28.48,90,0.584,0.761,6.002e-05,0.669,0.422,0.501,-0.0164,0,2011-10-21,4.28,2011-12-22,82.78,76.14,8.02,15,1,0,87.26,-0.37,1,0,2012-01-12,86.94,4.51,0,0,54,6.17,5.89,2012-01-13,88.09,0.3032,27.51,28.46,53.84,2012-05-15,19.62,82,0,59.18,-6.07
HAVELLS,VAR,0,fd68a8961fe0,0,3048,2016-10-04,452.3,2016-11-21,311.4,31.15,90,0.337,0.88,1.802e-04,0.506,0.422,0.76,0.2924,0,2017-02-13,55.43,2017-04-19,502.15,475.7,5.27,15,1,1,502.15,2.18,1,1,2017-05-11,513.1,6.2,1,0,58,2.18,44.53,2017-05-12,510.05,0.4422,-3.43,-3.23,6.7,2017-05-22,-6.65,7,0,16.17,-14.99
HAVELLS,VAR,0,fd68a8961fe0,0,4616,2022-08-30,1391.5,2022-12-30,1099.95,20.95,154,0.549,0.725,1.593e-05,0.668,0.403,0.911,0.145,0,2023-04-13,60.75,2023-08-18,1384.55,1286.15,7.11,15,1,1,1474.1,-1.62,1,0,2023-09-08,1450.25,6.61,1,0,102,5.83,94.55,2023-09-11,1465.85,0.263,-7.94,7.55,36.19,2023-10-18,-8.56,26,0,36.5,-15.9
HBLENGINE,VAR,0,2226e734da25,0,4593,2024-12-16,704.9,2025-03-17,406.4,42.35,91,0.7,0.789,1.082e-04,0.682,0.418,1.66,0.573,1,2025-04-29,91.02,2025-07-21,610.8,559.0,8.48,15,1,0,704.9,-2.97,1,0,2025-08-11,683.95,55.84,1,1,73,14.03,37.59,2025-08-12,693.0,0.3757,58.56,15.28,-2.67,2025-11-20,34.36,68,0,61.9,-11.54
HCG,L120,0,36ded5e18a4a,0,2557,2025-11-20,743.05,2026-03-23,521.75,29.78,120,0.697,0.878,4.955e-05,0.685,0.483,0.741,0.1397,0,2026-05-19,6.61,2026-07-21,715.65,661.25,7.6,15,1,0,776.3,-4.81,1,0,2026-08-11,738.95,4.3,0,0,58,3.26,8.71,2026-08-12,735.0,0.4169,-4.29,-4.29,-4.29,,-4.29,22,1,5.44,-7.95
HCG,VAR,0,36ded5e18a4a,0,2557,2025-10-29,776.3,2026-03-23,521.75,32.79,141,0.7,0.858,3.964e-05,0.686,0.454,0.855,0.1676,0,2026-05-27,8.57,2026-07-21,715.65,661.25,7.6,15,1,0,776.3,-4.81,1,0,2026-08-11,738.95,4.3,0,0,52,3.26,8.71,2026-08-12,735.0,0.3901,-4.29,-4.29,-4.29,,-4.29,22,1,5.44,-7.95
HCLTECH,L180,0,cd77c16a83fd,0,1628,2008-09-08,63.65,2009-03-12,22.25,65.04,180,0.698,0.897,8.549e-05,0.586,0.611,1.552,0.2486,1,2009-06-04,10.55,2009-08-27,79.75,73.8,7.46,15,0,0,87.65,-3.02,1,0,2009-09-17,85.0,5.04,1,0,75,6.58,19.43,2009-09-18,85.2,0.4658,6.34,7.45,22.71,2009-10-08,-13.15,12,0,25.76,-19.95
HCLTECH,L250,0,cd77c16a83fd,0,1628,2008-06-26,68.3,2009-03-12,22.25,67.42,250,0.699,0.747,4.401e-05,0.605,0.476,1.665,0.2505,1,2009-07-03,9.54,2009-08-27,79.75,73.8,7.46,15,0,0,87.65,-3.02,1,0,2009-09-17,85.0,5.04,1,0,54,6.58,19.43,2009-09-18,85.2,0.2047,6.34,7.45,22.71,2009-10-08,-13.15,12,0,25.76,-19.95
HCLTECH,VAR,0,cd77c16a83fd,0,1628,2008-06-26,68.3,2009-03-12,22.25,67.42,246,0.698,0.743,4.517e-05,0.603,0.484,1.65,0.2478,1,2009-07-02,9.54,2009-08-27,79.75,73.8,7.46,15,0,0,87.65,-3.02,1,0,2009-09-17,85.0,5.04,1,0,55,6.58,19.43,2009-09-18,85.2,0.2055,6.34,7.45,22.71,2009-10-08,-13.15,12,0,25.76,-19.95
HDFCAMC,L120,1,ff28a23f1af5,0,207,2018-08-27,953.0,2018-10-09,623.0,34.63,90,0.461,0.744,1.298e-04,0.591,0.511,0.262,0.4189,0,2018-12-20,24.23,2019-05-23,930.5,855.5,8.06,15,0,0,953.0,-0.26,1,0,2019-06-14,950.5,3.57,0,0,118,2.15,20.2,2019-06-17,949.5,0.5223,37.7,56.45,27.17,2019-07-08,-1.58,16,0,98.68,-8.0
HDFCAMC,L180,1,ff28a23f1af5,0,207,2018-08-27,953.0,2018-10-09,623.0,34.63,90,0.461,0.744,1.298e-04,0.591,0.511,0.262,0.4189,0,2018-12-20,24.23,2019-05-23,930.5,855.5,8.06,15,0,0,953.0,-0.26,1,0,2019-06-14,950.5,3.57,0,0,118,2.15,20.2,2019-06-17,949.5,0.5223,37.7,56.45,27.17,2019-07-08,-1.58,16,0,98.68,-8.0
HDFCAMC,L250,1,ff28a23f1af5,0,207,2018-08-27,953.0,2018-10-09,623.0,34.63,90,0.461,0.744,1.298e-04,0.591,0.511,0.262,0.4189,0,2018-12-20,24.23,2019-05-23,930.5,855.5,8.06,15,0,0,953.0,-0.26,1,0,2019-06-14,950.5,3.57,0,0,118,2.15,20.2,2019-06-17,949.5,0.5223,37.7,56.45,27.17,2019-07-08,-1.58,16,0,98.68,-8.0
HDFCLIFE,L120,0,4c6b0228f350,0,425,2018-07-27,508.4,2018-10-26,359.8,29.23,120,0.563,0.803,4.481e-05,0.7,0.642,0.753,0.1364,0,2019-01-14,27.36,2019-07-18,518.1,483.1,6.76,15,1,0,540.0,-3.17,1,0,2019-08-08,522.9,4.17,0,0,141,0.93,124.3,2019-08-09,524.3,0.5386,8.91,9.31,12.1,2019-11-08,8.32,59,0,23.52,-35.15
HDFCLIFE,L120,0,4c6b0228f350,0,1884,2024-10-21,745.85,2025-01-15,594.2,20.33,120,0.597,0.826,3.101e-05,0.682,0.617,0.913,0.2781,0,2025-03-25,159.1,2025-06-06,799.45,752.85,5.83,15,1,1,799.45,0.94,1,1,2025-06-27,806.95,7.71,1,0,63,0.94,170.76,2025-06-30,809.0,0.5077,-4.2,-5.26,-29.86,2025-07-11,-6.18,10,0,1.45,-32.88
HDFCLIFE,L180,0,4c6b0228f350,0,1884,2024-09-04,758.8,2025-01-15,594.2,21.69,180,0.553,0.704,2.217e-05,0.556,0.411,0.934,0.2442,0,2025-05-15,212.57,2025-06-06,799.45,752.85,5.83,15,1,1,799.45,0.94,1,1,2025-06-27,806.95,7.71,1,0,31,0.94,170.76,2025-06-30,809.0,0.2655,-4.2,-5.26,-29.86,2025-07-11,-6.18,10,0,1.45,-32.88
HDFCLIFE,L250,0,4c6b0228f350,0,425,2018-07-27,508.4,2019-02-20,346.3,31.88,250,0.699,0.739,1.387e-05,0.615,0.572,2.209,-0.0091,0,2019-06-14,83.84,2019-07-18,518.1,483.1,6.76,15,1,0,540.0,-3.17,1,0,2019-08-08,522.9,4.17,0,0,39,0.93,124.3,2019-08-09,524.3,0.3682,8.91,9.31,12.1,2019-11-08,8.32,59,0,23.52,-35.15
HDFCLIFE,VAR,0,4c6b0228f350,0,425,2018-07-27,508.4,2019-02-20,346.3,31.88,207,0.67,0.7,1.901e-05,0.579,0.691,2.422,0.0019,0,2019-06-04,102.79,2019-07-18,518.1,483.1,6.76,15,1,0,540.0,-3.17,1,0,2019-08-08,522.9,4.17,0,0,46,0.93,124.3,2019-08-09,524.3,0.3681,8.91,9.31,12.1,2019-11-08,8.32,59,0,23.52,-35.15
HDFCLIFE,VAR,0,4c6b0228f350,0,1884,2024-09-04,758.8,2025-01-15,594.2,21.69,147,0.623,0.704,1.914e-05,0.696,0.503,0.935,0.2922,0,2025-04-04,167.35,2025-06-06,799.45,752.85,5.83,15,1,1,799.45,0.94,1,1,2025-06-27,806.95,7.71,1,0,56,0.94,170.76,2025-06-30,809.0,0.2807,-4.2,-5.26,-29.86,2025-07-11,-6.18,10,0,1.45,-32.88
HEIDELBERG,L120,0,16cc28a06eae,0,433,2005-09-16,36.35,2005-10-31,21.83,39.94,120,0.361,0.702,6.938e-05,0.632,0.508,0.555,0.233,0,2006-02-22,2.49,2006-09-07,52.13,49.91,4.26,15,1,1,54.36,-1.97,1,0,2006-09-28,53.29,4.41,0,0,150,2.23,1.17,2006-09-29,54.46,0.3365,8.89,-30.5,8.17,2007-01-31,4.17,82,0,27.1,-36.89
HEROMOTOCO,L120,0,453119b6473f,0,5621,2024-11-27,4752.0,2025-03-17,3493.1,26.49,120,0.672,0.801,3.748e-05,0.683,0.425,1.168,0.3566,0,2025-05-16,337.03,2025-10-24,5646.5,5296.0,6.21,15,1,1,6039.0,-3.98,1,0,2025-11-17,5798.5,4.08,0,0,126,4.69,241.63,2025-11-18,5820.0,0.3337,-2.36,-12.77,-10.25,2025-12-10,2.16,17,0,9.77,-19.73
HEROMOTOCO,L180,0,453119b6473f,0,5621,2024-09-23,6039.0,2025-03-17,3493.1,42.16,180,0.698,0.923,3.141e-05,0.681,0.622,1.085,0.2639,0,2025-06-06,226.76,2025-10-24,5646.5,5296.0,6.21,15,1,1,6039.0,-3.98,1,0,2025-11-17,5798.5,4.08,0,0,111,4.69,241.63,2025-11-18,5820.0,0.5983,-2.36,-12.77,-10.25,2025-12-10,2.16,17,0,9.77,-19.73
HEROMOTOCO,L250,0,453119b6473f,0,5621,2024-09-23,6039.0,2025-03-17,3493.1,42.16,250,0.655,0.742,1.411e-05,0.695,0.516,0.901,0.1912,0,2025-07-22,201.17,2025-10-24,5646.5,5296.0,6.21,15,1,1,6039.0,-3.98,1,0,2025-11-17,5798.5,4.08,0,0,79,4.69,241.63,2025-11-18,5820.0,0.3525,-2.36,-12.77,-10.25,2025-12-10,2.16,17,0,9.77,-19.73
HEROMOTOCO,VAR,0,453119b6473f,0,5621,2024-09-23,6039.0,2025-03-17,3493.1,42.16,173,0.698,0.913,3.239e-05,0.677,0.636,1.112,0.2663,0,2025-06-04,303.69,2025-10-24,5646.5,5296.0,6.21,15,1,1,6039.0,-3.98,1,0,2025-11-17,5798.5,4.08,0,0,113,4.69,241.63,2025-11-18,5820.0,0.5893,-2.36,-12.77,-10.25,2025-12-10,2.16,17,0,9.77,-19.73
HFCL,L180,0,1fc60057f517,0,4687,2022-12-12,85.55,2023-03-28,56.5,33.96,180,0.542,0.79,1.900e-05,0.684,0.4,0.719,0.1564,0,2023-07-28,22.32,2024-01-01,91.95,84.0,8.65,15,1,0,96.35,3.48,1,1,2024-01-20,99.7,5.3,1,0,120,12.59,239.38,2024-01-23,101.25,0.4261,-6.07,16.39,-0.22,2024-03-12,-8.49,35,0,68.89,-20.74
HGINFRA,L180,0,7526fef84cb0,0,782,2020-08-24,226.11,2020-11-02,174.5,22.83,180,0.581,0.7,2.681e-05,0.319,0.433,2.941,0.5203,1,2021-02-18,6.5,2021-04-22,290.43,266.56,8.22,15,1,0,338.1,-2.34,1,0,2021-05-14,330.19,38.42,1,1,55,13.69,1.54,2021-05-17,347.41,0.406,61.76,124.73,62.21,2021-11-22,78.37,130,0,137.49,-4.77
HINDPETRO,L120,0,e4eb746755d3,1,672,2015-08-07,113.75,2015-11-10,81.3,28.53,120,0.664,0.711,5.337e-05,0.56,0.492,0.616,0.3185,0,2016-01-08,53.31,2016-05-06,97.15,91.45,5.87,15,1,1,113.75,-4.66,1,0,2016-05-27,108.45,7.98,1,0,93,11.63,50.96,2016-05-30,109.3,0.2861,26.72,53.34,86.14,2016-08-23,26.72,60,0,101.88,-6.86
HINDPETRO,L120,0,e4eb746755d3,1,2655,2023-07-07,169.55,2023-10-26,130.15,23.24,120,0.697,0.784,1.002e-04,0.43,0.433,2.028,0.359,1,2023-12-18,315.42,2024-05-13,334.05,294.55,11.82,15,1,0,345.05,1.32,1,1,2024-06-03,349.6,3.01,0,0,113,8.64,319.81,2024-06-04,350.8,0.3187,9.86,0.29,5.93,2024-06-04,-15.76,1,0,20.77,-24.05
HINDPETRO,L180,0,e4eb746755d3,1,2655,2023-07-07,169.55,2023-10-26,130.15,23.24,180,0.698,0.702,3.740e-05,0.332,0.456,2.469,0.3664,1,2024-01-12,291.79,2024-05-13,334.05,294.55,11.82,15,1,0,345.05,1.32,1,1,2024-06-03,349.6,3.01,0,0,95,8.64,319.81,2024-06-04,350.8,0.2616,9.86,0.29,5.93,2024-06-04,-15.76,1,0,20.77,-24.05
HINDUNILVR,L120,0,cfe5abbd29fc,0,738,2005-02-01,168.4,2005-04-19,126.9,24.64,120,0.513,0.7,6.007e-05,0.497,0.433,1.238,0.2842,1,2005-07-08,35.88,2006-01-18,197.8,184.6,6.67,15,1,1,215.45,-3.43,1,0,2006-02-10,208.05,4.76,0,0,145,5.5,37.66,2006-02-13,207.0,0.3568,32.13,6.52,-3.16,2006-05-18,24.76,64,0,43.0,-13.04
HINDUNILVR,L120,0,cfe5abbd29fc,0,1878,2009-12-08,277.0,2010-03-12,219.4,20.79,120,0.529,0.806,2.775e-05,0.696,0.517,0.958,0.2393,0,2010-06-03,34.34,2010-09-02,303.3,269.9,11.01,15,0,0,303.3,3.84,1,1,2010-09-24,314.95,4.4,0,0,80,3.84,63.82,2010-09-27,318.0,0.4923,-7.63,-14.87,4.14,2010-11-26,-7.83,44,0,11.57,-16.84
HINDUNILVR,L180,0,cfe5abbd29fc,0,1878,2009-10-14,293.85,2010-03-12,219.4,25.34,180,0.592,0.731,1.563e-05,0.686,0.456,0.971,0.3208,0,2010-06-28,51.78,2010-09-02,303.3,269.9,11.01,15,0,0,303.3,3.84,1,1,2010-09-24,314.95,4.4,0,0,63,3.84,63.82,2010-09-27,318.0,0.3324,-7.63,-14.87,4.14,2010-11-26,-7.83,44,0,11.57,-16.84
HINDUNILVR,L250,0,cfe5abbd29fc,0,2935,2013-09-19,677.6,2014-01-14,538.4,20.54,250,0.418,0.707,1.077e-05,0.459,0.436,0.933,0.1562,0,2014-08-18,60.86,2014-12-16,774.7,750.35,3.14,15,0,0,824.65,-2.76,1,0,2015-01-07,801.9,3.41,0,0,93,3.51,87.97,2015-01-08,803.9,0.2361,13.52,15.0,1.97,2015-03-26,7.71,53,0,22.03,-4.34
HINDUNILVR,VAR,0,cfe5abbd29fc,0,1878,2009-10-14,293.85,2010-03-12,219.4,25.34,204,0.488,0.719,1.727e-05,0.568,0.402,0.806,0.2536,0,2010-08-10,31.38,2010-09-02,303.3,269.9,11.01,15,0,0,303.3,3.84,1,1,2010-09-24,314.95,4.4,0,0,32,3.84,63.82,2010-09-27,318.0,0.3394,-7.63,-14.87,4.14,2010-11-26,-7.83,44,0,11.57,-16.84
HINDWAREAP,L250,1,8a30aefc2f4b,0,321,2020-01-10,187.21,2020-04-03,56.4,69.87,222,0.308,0.703,4.607e-05,0.643,0.761,1.663,0.4382,1,2020-11-12,2.54,2021-03-17,283.71,253.67,10.59,15,1,0,304.48,-2.27,1,0,2021-04-09,297.56,3.39,0,0,100,4.88,2.59,2021-04-12,289.44,0.2817,8.61,49.86,36.15,2021-11-22,36.67,152,0,66.96,-13.25
HINDZINC,L120,0,061678941677,0,4005,2022-04-13,352.45,2022-06-27,246.1,30.17,120,0.471,0.719,4.883e-05,0.624,0.4,0.965,0.2756,0,2022-09-27,13.6,2022-12-29,361.35,321.7,10.97,15,0,0,387.65,-2.61,1,0,2023-01-19,377.55,5.55,1,0,79,4.48,19.41,2023-01-20,345.0,0.3544,-5.91,-7.16,-9.78,2023-01-30,-4.35,6,0,4.35,-15.8
HIRECT,L120,0,fe1f58a18e60,0,4576,2024-12-16,776.4,2025-03-17,416.2,46.39,120,0.613,0.841,8.609e-05,0.693,0.558,1.52,0.1402,1,2025-05-27,6.27,2025-07-08,713.4,651.6,8.66,15,1,0,776.4,10.27,1,1,2025-07-29,856.1,20.51,1,1,45,20.0,7.32,2025-07-30,882.6,0.5379,-4.65,-29.23,49.6,2025-08-22,-6.36,17,0,58.51,-35.96
HIRECT,VAR,0,fe1f58a18e60,0,4576,2024-12-16,776.4,2025-03-17,416.2,46.39,105,0.606,0.889,1.052e-04,0.699,0.629,1.531,0.0007,0,2025-05-20,4.84,2025-07-08,713.4,651.6,8.66,15,1,0,776.4,10.27,1,1,2025-07-29,856.1,20.51,1,1,50,20.0,7.32,2025-07-30,882.6,0.5942,-4.65,-29.23,49.6,2025-08-22,-6.36,17,0,58.51,-35.96
HITECH,L120,0,6c83bec939eb,0,1811,2023-01-23,97.69,2023-03-28,71.21,27.11,120,0.37,0.769,3.548e-05,0.697,0.625,0.723,0.1371,0,2023-07-19,2.64,2023-09-21,87.87,80.52,8.36,15,1,0,97.69,-2.32,1,0,2023-10-13,95.42,10.04,1,1,59,8.59,9.03,2023-10-16,97.07,0.4179,53.96,38.56,80.52,2023-12-20,1.65,45,0,117.17,-6.18
HITECH,VAR,0,6c83bec939eb,0,1811,2023-01-23,97.69,2023-03-28,71.21,27.11,120,0.37,0.769,3.548e-05,0.697,0.625,0.723,0.1371,0,2023-07-19,2.64,2023-09-21,87.87,80.52,8.36,15,1,0,97.69,-2.32,1,0,2023-10-13,95.42,10.04,1,1,59,8.59,9.03,2023-10-16,97.07,0.4179,53.96,38.56,80.52,2023-12-20,1.65,45,0,117.17,-6.18
HOMEFIRST,VAR,0,5350bdd45a78,0,1160,2024-09-24,1340.75,2025-02-25,885.0,33.99,154,0.699,0.722,3.961e-05,0.554,0.435,1.589,0.3985,1,2025-05-09,69.97,2025-05-09,1207.4,1147.4,4.97,15,1,0,1340.75,-4.92,1,0,2025-05-30,1274.8,6.11,1,0,15,6.3,23.1,2025-06-02,1230.1,0.2942,8.15,-4.85,-13.9,2025-07-29,6.03,42,0,23.49,-27.35
HONAUT,L180,0,28f0459d2848,0,4779,2023-07-11,43922.2,2023-12-22,35109.35,20.06,180,0.698,0.811,1.177e-05,0.698,0.461,1.847,0.3036,1,2024-03-11,13.47,2024-04-18,45220.75,43255.3,4.35,15,1,0,49049.85,-4.54,1,0,2024-05-10,46823.2,5.09,1,0,39,8.25,19.42,2024-05-13,47050.0,0.3346,8.73,-2.72,-23.32,2024-08-06,8.73,60,0,27.51,-34.06
HONAUT,VAR,0,28f0459d2848,0,4779,2023-07-11,43922.2,2023-12-22,35109.35,20.06,163,0.698,0.863,1.633e-05,0.661,0.485,1.843,0.3543,1,2024-03-02,13.47,2024-04-18,45220.75,43255.3,4.35,15,1,0,49049.85,-4.54,1,0,2024-05-10,46823.2,5.09,1,0,44,8.25,19.42,2024-05-13,47050.0,0.427,8.73,-2.72,-23.32,2024-08-06,8.73,60,0,27.51,-34.06
HONDAPOWER,L120,0,7f12f07473c1,0,4624,2022-12-06,2659.3,2023-02-27,1765.8,33.6,120,0.588,0.719,7.685e-05,0.564,0.4,0.613,0.1502,0,2023-05-15,2.99,2023-09-08,2809.0,2575.0,8.33,15,1,0,2809.0,2.41,1,1,2023-10-03,2876.7,3.34,0,0,97,5.67,3.44,2023-10-04,2954.2,0.2908,-21.62,-28.07,32.15,2023-10-23,-12.54,14,0,39.18,-29.31
HONDAPOWER,L180,0,7f12f07473c1,0,4872,2023-10-11,2975.9,2024-03-19,2104.5,29.28,180,0.62,0.701,4.181e-05,0.475,0.55,1.041,0.5222,0,2024-07-01,4.64,2024-09-10,3926.9,3471.1,11.61,15,0,0,4034.9,-0.65,1,0,2024-10-01,4008.7,4.07,0,0,64,2.08,3.6,2024-10-03,4046.3,0.4085,-32.12,-50.97,-31.9,2024-10-25,-13.36,17,0,7.72,-56.55
HONDAPOWER,L250,0,7f12f07473c1,0,4872,2023-10-05,2998.4,2024-03-19,2104.5,29.81,250,0.59,0.706,2.749e-05,0.412,0.44,0.941,0.4606,0,2024-08-20,2.78,2024-09-10,3926.9,3471.1,11.61,15,0,0,4034.9,-0.65,1,0,2024-10-01,4008.7,4.07,0,0,30,2.08,3.6,2024-10-03,4046.3,0.3464,-32.12,-50.97,-31.9,2024-10-25,-13.36,17,0,7.72,-56.55
HONDAPOWER,VAR,0,7f12f07473c1,0,4624,2022-12-06,2659.3,2023-02-27,1765.8,33.6,91,0.644,0.765,7.878e-05,0.685,0.527,0.84,0.2611,0,2023-04-19,3.03,2023-09-08,2809.0,2575.0,8.33,15,1,0,2809.0,2.41,1,1,2023-10-03,2876.7,3.34,0,0,114,5.67,3.44,2023-10-04,2954.2,0.4192,-21.62,-28.07,32.15,2023-10-23,-12.54,14,0,39.18,-29.31
HONDAPOWER,VAR,0,7f12f07473c1,0,4872,2023-10-05,2998.4,2024-03-19,2104.5,29.81,164,0.699,0.728,3.004e-05,0.578,0.64,0.907,0.3287,0,2024-06-03,3.36,2024-09-10,3926.9,3471.1,11.61,15,0,0,4034.9,-0.65,1,0,2024-10-01,4008.7,4.07,0,0,83,2.08,3.6,2024-10-03,4046.3,0.3535,-32.12,-50.97,-31.9,2024-10-25,-13.36,17,0,7.72,-56.55
ICICIBANK,L120,0,73ba7576f0c8,0,4451,2020-02-12,549.3,2020-03-23,284.0,48.3,120,0.37,0.775,9.421e-05,0.698,0.633,2.615,0.2096,1,2020-07-14,1322.88,2021-01-08,556.5,522.35,6.14,15,1,1,556.5,8.5,1,1,2021-02-01,603.8,3.25,0,0,140,12.44,1169.85,2021-02-02,613.0,0.5181,-2.65,11.75,31.97,2021-02-26,-2.49,19,0,41.44,-13.35
ICICIBANK,L180,0,73ba7576f0c8,0,4451,2019-12-27,549.4,2020-03-23,284.0,48.31,180,0.385,0.738,4.056e-05,0.699,0.55,2.816,0.1716,1,2020-09-01,1322.68,2021-01-08,556.5,522.35,6.14,15,1,1,556.5,8.5,1,1,2021-02-01,603.8,3.25,0,0,105,12.44,1169.85,2021-02-02,613.0,0.4669,-2.65,11.75,31.97,2021-02-26,-2.49,19,0,41.44,-13.35
ICICIBANK,L250,0,73ba7576f0c8,0,4451,2019-12-27,549.4,2020-03-23,284.0,48.31,250,0.321,0.705,2.866e-05,0.588,0.46,2.348,0.2028,1,2020-11-24,1466.08,2021-01-08,556.5,522.35,6.14,15,1,1,556.5,8.5,1,1,2021-02-01,603.8,3.25,0,0,46,12.44,1169.85,2021-02-02,613.0,0.27,-2.65,11.75,31.97,2021-02-26,-2.49,19,0,41.44,-13.35
ICICIBANK,VAR,0,73ba7576f0c8,0,3892,2018-01-23,362.3,2018-04-02,261.85,27.73,90,0.494,0.812,7.004e-05,0.656,0.511,0.982,0.1991,0,2018-06-05,499.05,2018-10-05,327.1,306.25,6.37,15,1,1,362.3,-3.56,1,0,2018-10-29,349.4,3.43,0,0,98,10.69,734.45,2018-10-30,347.45,0.5523,2.81,13.8,37.73,2019-01-28,-1.12,61,0,39.27,-3.3
ICICIBANK,VAR,0,73ba7576f0c8,0,4451,2019-12-27,549.4,2020-03-23,284.0,48.31,163,0.37,0.75,4.946e-05,0.7,0.601,2.789,0.1502,1,2020-08-20,1300.17,2021-01-08,556.5,522.35,6.14,15,1,1,556.5,8.5,1,1,2021-02-01,603.8,3.25,0,0,113,12.44,1169.85,2021-02-02,613.0,0.4845,-2.65,11.75,31.97,2021-02-26,-2.49,19,0,41.44,-13.35
IDBI,VAR,1,5cf30a8120c3,0,176,2005-01-20,118.35,2005-05-03,77.4,34.6,100,0.697,0.733,8.742e-05,0.631,0.45,1.109,0.4314,0,2005-06-14,32.5,2005-08-24,110.55,104.2,5.74,15,1,1,118.35,-1.9,1,0,2005-09-15,116.1,3.51,0,0,64,5.02,21.39,2005-09-16,117.0,0.3083,-13.03,-27.78,-39.27,2005-10-18,-5.81,22,0,11.88,-58.72
IFCI,L250,0,d8177885d58c,0,601,2006-05-11,14.7,2006-07-19,7.9,46.26,250,0.438,0.704,4.146e-05,0.397,0.428,1.328,0.2873,1,2007-02-12,238.85,2007-05-17,49.2,46.3,5.89,15,1,0,49.2,1.63,1,1,2007-06-07,50.0,3.53,0,0,78,4.93,114.52,2007-06-08,50.0,0.3378,30.5,76.5,19.3,2007-07-23,-0.1,32,0,142.4,-26.9
IFCI,VAR,0,d8177885d58c,0,601,2006-05-11,14.7,2006-07-19,7.9,46.26,121,0.408,0.703,1.042e-04,0.498,0.785,0.529,0.0924,0,2006-11-01,11.62,2007-05-17,49.2,46.3,5.89,15,1,0,49.2,1.63,1,1,2007-06-07,50.0,3.53,0,0,147,4.93,114.52,2007-06-08,50.0,0.3779,30.5,76.5,19.3,2007-07-23,-0.1,32,0,142.4,-26.9
IGL,L120,0,18cf362dd926,0,744,2007-01-04,12.25,2007-04-18,9.3,24.08,120,0.63,0.719,5.945e-05,0.549,0.4,3.099,0.607,1,2007-06-21,2.99,2007-12-06,16.45,15.45,6.08,15,1,0,16.5,4.24,1,1,2007-12-31,17.2,5.35,1,0,133,7.84,4.18,2008-01-01,17.4,0.3616,-25.0,-32.47,-39.66,2008-01-18,-18.68,14,0,4.6,-46.84
IGL,L180,0,18cf362dd926,0,4070,2020-06-04,252.4,2020-10-13,182.7,27.61,180,0.676,0.707,3.017e-05,0.503,0.4,0.777,0.3129,0,2021-01-05,127.91,2021-06-08,269.45,256.3,4.88,15,1,1,284.5,-3.34,1,0,2021-06-29,275.0,3.39,0,0,118,3.07,150.04,2021-06-30,277.3,0.1859,-4.35,-10.28,-35.83,2021-08-09,-5.21,28,0,8.55,-42.12
IIFL,L120,0,d770315d21ea,0,2932,2016-10-28,232.9,2016-11-21,169.8,27.09,120,0.345,0.725,7.217e-05,0.371,0.5,0.896,0.5708,0,2017-03-14,6.14,2017-03-14,281.75,261.65,7.13,15,1,1,281.75,6.6,1,1,2017-04-05,300.35,3.37,0,0,15,7.54,7.88,2017-04-06,297.7,0.3452,41.67,41.95,83.46,2017-09-27,41.95,120,0,104.7,-2.17
IIFL,L120,0,d770315d21ea,0,5255,2026-01-06,665.15,2026-04-24,419.35,36.95,120,0.697,0.801,6.118e-05,0.66,0.575,1.754,0.5942,1,2026-06-17,108.95,2026-07-31,636.1,605.2,4.86,15,0,0,665.15,2.38,1,1,2026-08-21,681.0,8.03,1,0,46,7.41,91.82,2026-08-24,684.75,0.5535,-12.23,-12.23,-12.23,2026-09-09,-11.62,13,0,2.96,-13.11
IIFL,VAR,0,d770315d21ea,0,5255,2026-01-06,665.15,2026-04-24,419.35,36.95,104,0.699,0.866,8.327e-05,0.645,0.654,2.067,0.5883,1,2026-06-10,113.88,2026-07-31,636.1,605.2,4.86,15,0,0,665.15,2.38,1,1,2026-08-21,681.0,8.03,1,0,51,7.41,91.82,2026-08-24,684.75,0.65,-12.23,-12.23,-12.23,2026-09-09,-11.62,13,0,2.96,-13.11
IITL,VAR,0,5b7804eb54e3,0,2758,2024-02-12,278.8,2024-05-10,142.65,48.83,126,0.464,0.827,1.177e-04,0.536,0.46,2.692,0.4242,1,2024-08-19,2.04,2024-10-01,305.0,290.0,4.92,15,1,0,305.0,0.66,1,1,2024-10-23,307.0,4.16,0,0,46,1.99,0.14,2024-10-24,313.1,0.6176,16.94,-31.94,-38.89,2025-01-02,9.98,48,0,42.11,-51.13
IMFA,L180,0,71aac81b501d,0,3727,2024-12-11,968.44,2025-05-06,566.01,41.55,180,0.609,0.704,4.358e-05,0.573,0.45,0.826,0.3924,0,2025-08-12,3.87,2025-08-13,899.93,794.04,11.77,15,0,0,968.44,0.39,1,1,2025-09-05,972.21,5.54,1,0,16,8.03,6.46,2025-09-08,986.26,0.3416,36.54,25.97,29.63,2026-01-06,31.16,83,0,70.33,-1.51
IMFA,VAR,0,71aac81b501d,0,3727,2024-12-11,968.44,2025-05-06,566.01,41.55,139,0.696,0.873,7.814e-05,0.593,0.583,1.003,0.5272,0,2025-07-03,8.1,2025-08-13,899.93,794.04,11.77,15,0,0,968.44,0.39,1,1,2025-09-05,972.21,5.54,1,0,44,8.03,6.46,2025-09-08,986.26,0.5872,36.54,25.97,29.63,2026-01-06,31.16,83,0,70.33,-1.51
INDBANK,L120,0,4e0149771ff1,0,3800,2023-09-18,43.3,2023-10-26,30.55,29.45,120,0.387,0.739,6.992e-05,0.321,0.5,0.881,0.3747,0,2024-02-09,3.64,2024-02-14,52.55,47.0,10.56,15,0,0,59.1,-4.74,1,0,2024-03-05,56.3,26.2,1,1,18,19.79,1.19,2024-03-06,54.5,0.3935,-18.07,-10.29,-41.03,2024-03-13,-26.51,5,0,8.97,-48.59
INDHOTEL,L120,0,9e86dcfa7386,0,3051,2016-09-07,131.0,2016-11-17,87.85,32.94,120,0.437,0.703,7.098e-05,0.615,0.4,0.655,0.4034,0,2017-02-21,6.28,2017-04-24,133.0,121.95,8.31,15,1,1,143.05,-2.24,1,0,2017-05-16,139.85,4.46,0,0,55,5.15,4.12,2017-05-17,139.85,0.3436,-12.55,-23.56,-4.4,2017-06-12,-10.65,19,0,11.58,-28.32
INDIACEM,L120,0,d79d5589ac34,0,735,2007-01-16,249.8,2007-04-04,151.35,39.41,120,0.588,0.702,6.712e-05,0.671,0.508,0.626,0.1435,0,2007-06-15,22.82,2007-11-23,308.85,282.9,8.4,15,1,0,311.7,5.6,1,1,2007-12-14,329.15,4.92,0,0,128,9.81,44.55,2007-12-17,330.0,0.372,-38.76,-51.11,-71.32,2008-01-16,-20.88,21,0,0.3,-79.09
INDIACEM,L120,0,d79d5589ac34,0,5079,2024-12-30,380.45,2025-02-27,246.65,35.17,120,0.42,0.708,9.400e-05,0.528,0.475,0.481,0.5318,0,2025-06-12,11.74,2025-07-01,350.75,342.95,2.22,15,1,0,380.45,-2.5,1,0,2025-07-22,370.95,14.38,1,1,28,8.01,13.51,2025-07-23,368.6,0.4285,6.32,28.49,5.79,2025-12-03,1.93,91,0,31.8,-7.12
INDIACEM,VAR,0,d79d5589ac34,0,735,2007-01-16,249.8,2007-04-04,151.35,39.41,90,0.584,0.862,1.692e-04,0.581,0.544,0.564,0.1935,0,2007-05-30,35.53,2007-11-23,308.85,282.9,8.4,15,1,0,311.7,5.6,1,1,2007-12-14,329.15,4.92,0,0,140,9.81,44.55,2007-12-17,330.0,0.6077,-38.76,-51.11,-71.32,2008-01-16,-20.88,21,0,0.3,-79.09
INDIACEM,VAR,0,d79d5589ac34,0,5079,2024-12-30,380.45,2025-02-27,246.65,35.17,90,0.483,0.779,1.522e-04,0.585,0.633,0.506,0.5845,0,2025-05-12,16.78,2025-07-01,350.75,342.95,2.22,15,1,0,380.45,-2.5,1,0,2025-07-22,370.95,14.38,1,1,51,8.01,13.51,2025-07-23,368.6,0.664,6.32,28.49,5.79,2025-12-03,1.93,91,0,31.8,-7.12
INDIAGLYCO,VAR,0,43e91a016d09,0,5033,2025-07-04,1055.9,2025-08-14,806.8,23.59,90,0.326,0.813,1.138e-04,0.471,0.511,0.887,0.3245,0,2025-11-13,19.36,2025-10-24,1046.65,958.4,8.43,15,1,0,1055.9,4.22,1,1,2025-11-17,1100.5,8.45,1,0,2,5.85,19.36,2025-11-18,1101.0,0.386,-12.14,-1.52,4.22,2025-12-08,-8.25,15,0,10.99,-28.02
INDIAMART,VAR,0,50b09901a792,0,565,2021-02-05,4890.45,2021-05-12,3340.6,31.69,144,0.441,0.77,2.566e-05,0.7,0.569,0.569,0.2343,0,2021-09-06,35.69,2021-09-22,4403.3,4098.8,6.92,15,1,0,4890.45,-3.08,1,0,2021-10-13,4740.05,4.36,0,0,26,8.49,115.22,2021-10-14,4750.0,0.528,-30.5,-48.93,-53.97,2021-10-22,-16.72,6,0,2.22,-61.31
INDNIPPON,L180,0,4ebb5b4546a1,0,5256,2025-10-07,1079.9,2026-03-30,679.15,37.11,180,0.698,0.725,2.974e-05,0.59,0.522,0.948,0.579,0,2026-06-19,2.41,2026-06-15,1001.4,911.95,8.93,15,0,0,1079.9,-4.75,1,0,2026-07-07,1028.6,3.41,0,0,11,3.14,2.59,2026-07-08,1028.6,0.3807,30.27,30.27,30.27,2026-08-26,3.65,36,0,52.05,-4.52
INDNIPPON,VAR,0,4ebb5b4546a1,0,5256,2025-10-07,1079.9,2026-03-30,679.15,37.11,170,0.698,0.742,3.301e-05,0.587,0.553,0.968,0.5996,0,2026-06-16,2.16,2026-06-15,1001.4,911.95,8.93,15,0,0,1079.9,-4.75,1,0,2026-07-07,1028.6,3.41,0,0,14,3.14,2.59,2026-07-08,1028.6,0.427,30.27,30.27,30.27,2026-08-26,3.65,36,0,52.05,-4.52
INDOBORAX,VAR,0,72c79e15ed41,0,819,2024-09-18,246.9,2025-03-03,147.19,40.38,196,0.585,0.713,2.793e-05,0.543,0.408,0.68,0.3804,0,2025-07-03,2.02,2025-07-03,245.54,216.49,11.83,15,0,0,246.9,17.63,1,1,2025-07-24,290.44,29.24,1,1,15,19.28,3.54,2025-07-25,290.44,0.3466,-18.85,-15.68,29.08,2025-08-28,-17.04,23,0,57.52,-23.2
INDUSINDBK,L120,0,f2175e8e64ab,0,567,2004-07-01,51.55,2004-10-28,36.65,28.9,120,0.697,0.76,8.195e-05,0.503,0.542,2.336,0.4565,1,2004-12-21,5.25,2005-05-12,63.65,56.8,10.76,15,0,0,63.65,4.48,1,1,2005-06-02,66.5,4.01,0,0,113,6.4,6.23,2005-06-03,69.0,0.4497,11.52,-18.26,-52.61,2005-09-22,0.51,77,0,21.59,-53.41
INDUSINDBK,VAR,0,f2175e8e64ab,0,567,2004-05-07,62.25,2004-10-28,36.65,41.12,144,0.699,0.767,7.309e-05,0.515,0.486,2.512,0.4263,1,2004-12-30,9.15,2005-05-12,63.65,56.8,10.76,15,0,0,63.65,4.48,1,1,2005-06-02,66.5,4.01,0,0,106,6.4,6.23,2005-06-03,69.0,0.4414,11.52,-18.26,-52.61,2005-09-22,0.51,77,0,21.59,-53.41
INDUSTOWER,L120,0,e9862824bf26,0,3206,2025-07-03,425.75,2025-09-04,324.05,23.89,120,0.462,0.702,6.085e-05,0.51,0.417,1.171,0.3111,0,2025-12-08,186.62,2025-12-10,423.9,404.25,4.64,15,1,1,458.5,-4.95,1,0,2026-01-01,435.8,3.65,0,0,17,4.07,201.96,2026-01-02,438.0,0.3179,-3.37,-11.62,-11.16,2026-03-09,0.11,45,0,9.93,-16.13
INDUSTOWER,L250,0,e9862824bf26,0,3206,2024-08-30,458.5,2024-11-14,317.75,30.7,250,0.341,0.705,1.647e-05,0.526,0.444,0.817,0.2267,0,2025-07-16,200.22,2025-12-10,423.9,404.25,4.64,15,1,1,458.5,-4.95,1,0,2026-01-01,435.8,3.65,0,0,115,4.07,201.96,2026-01-02,438.0,0.2382,-3.37,-11.62,-11.16,2026-03-09,0.11,45,0,9.93,-16.13
INDUSTOWER,VAR,0,e9862824bf26,0,3206,2025-07-03,425.75,2025-09-04,324.05,23.89,90,0.483,0.768,9.906e-05,0.539,0.556,1.361,0.3384,1,2025-11-12,253.28,2025-12-10,423.9,404.25,4.64,15,1,1,458.5,-4.95,1,0,2026-01-01,435.8,3.65,0,0,35,4.07,201.96,2026-01-02,438.0,0.5482,-3.37,-11.62,-11.16,2026-03-09,0.11,45,0,9.93,-16.13
INFY,L120,0,8e9580970d99,0,2895,2014-03-06,478.99,2014-05-29,365.56,23.68,120,0.672,0.727,3.126e-05,0.687,0.4,1.221,0.1722,1,2014-07-23,297.1,2014-09-16,480.92,450.89,6.24,15,1,1,480.92,1.07,1,1,2014-10-10,486.08,5.55,1,0,51,6.63,400.4,2014-10-13,486.17,0.1733,6.67,14.88,12.6,2014-12-05,6.46,36,0,25.45,-4.61
INFY,VAR,0,8e9580970d99,0,2895,2014-03-06,478.99,2014-05-29,365.56,23.68,107,0.509,0.71,4.838e-05,0.5,0.449,1.031,0.2147,0,2014-08-12,281.03,2014-09-16,480.92,450.89,6.24,15,1,1,480.92,1.07,1,1,2014-10-10,486.08,5.55,1,0,38,6.63,400.4,2014-10-13,486.17,0.355,6.67,14.88,12.6,2014-12-05,6.46,36,0,25.45,-4.61
INNOVACAP,L120,0,b0f9d8020a7c,0,660,2025-10-30,832.53,2026-01-19,642.85,22.78,120,0.529,0.711,2.544e-05,0.692,0.467,1.285,0.2853,1,2026-04-15,2.2,2026-08-14,1125.4,1021.55,9.23,15,0,0,1236.34,-4.93,1,0,2026-09-04,1175.4,4.71,0,0,99,4.44,8.18,2026-09-07,1198.9,0.3719,-2.83,-2.83,-2.83,,-2.83,4,1,0.09,-3.66
INNOVACAP,L180,0,b0f9d8020a7c,0,660,2025-08-25,931.99,2026-01-19,642.85,31.02,180,0.609,0.862,2.192e-05,0.695,0.622,1.183,0.3349,0,2026-05-06,4.54,2026-08-14,1125.4,1021.55,9.23,15,0,0,1236.34,-4.93,1,0,2026-09-04,1175.4,4.71,0,0,85,4.44,8.18,2026-09-07,1198.9,0.6228,-2.83,-2.83,-2.83,,-2.83,4,1,0.09,-3.66
INNOVACAP,L250,0,b0f9d8020a7c,0,660,2025-08-25,931.99,2026-01-19,642.85,31.02,250,0.55,0.708,2.102e-05,0.531,0.448,1.17,0.3136,0,2026-07-07,5.1,2026-08-14,1125.4,1021.55,9.23,15,0,0,1236.34,-4.93,1,0,2026-09-04,1175.4,4.71,0,0,43,4.44,8.18,2026-09-07,1198.9,0.3822,-2.83,-2.83,-2.83,,-2.83,4,1,0.09,-3.66
INOXGREEN,L180,1,531e8b5e533e,0,165,2022-11-25,62.3,2023-04-13,38.7,37.88,139,0.696,0.719,5.669e-05,0.571,0.518,1.192,0.2751,0,2023-06-14,11.54,2023-07-03,59.65,55.75,6.54,15,1,0,62.3,3.37,1,1,2023-07-24,64.4,6.86,1,0,27,7.96,11.82,2023-07-25,65.0,0.3383,7.15,100.54,176.8,2023-09-12,-2.08,35,0,189.23,-7.08
INOXGREEN,L250,1,531e8b5e533e,0,165,2022-11-25,62.3,2023-04-13,38.7,37.88,139,0.696,0.719,5.669e-05,0.571,0.518,1.192,0.2751,0,2023-06-14,11.54,2023-07-03,59.65,55.75,6.54,15,1,0,62.3,3.37,1,1,2023-07-24,64.4,6.86,1,0,27,7.96,11.82,2023-07-25,65.0,0.3383,7.15,100.54,176.8,2023-09-12,-2.08,35,0,189.23,-7.08
INOXGREEN,VAR,1,531e8b5e533e,0,165,2022-11-25,62.3,2023-04-13,38.7,37.88,139,0.681,0.704,5.800e-05,0.552,0.518,1.247,0.3207,1,2023-06-16,13.45,2023-07-03,59.65,55.75,6.54,15,1,0,62.3,3.37,1,1,2023-07-24,64.4,6.86,1,0,25,7.96,11.82,2023-07-25,65.0,0.3461,7.15,100.54,176.8,2023-09-12,-2.08,35,0,189.23,-7.08
INSECTICID,L120,0,97ef19d0f34a,0,4478,2024-11-07,907.3,2025-02-12,557.65,38.54,120,0.63,0.809,5.808e-05,0.696,0.575,1.137,0.3787,0,2025-04-23,2.32,2025-06-24,983.25,930.35,5.38,15,1,0,1011.25,-0.69,1,0,2025-07-15,1004.25,4.01,0,0,58,2.75,5.05,2025-07-16,1007.0,0.5723,-26.27,-30.75,-38.03,2025-08-13,-10.0,21,0,9.04,-48.5
INSECTICID,L180,0,97ef19d0f34a,0,4478,2024-08-29,998.75,2025-02-12,557.65,44.17,180,0.648,0.829,3.298e-05,0.694,0.483,0.839,0.3165,0,2025-05-21,2.56,2025-06-24,983.25,930.35,5.38,15,1,0,1011.25,-0.69,1,0,2025-07-15,1004.25,4.01,0,0,39,2.75,5.05,2025-07-16,1007.0,0.4494,-26.27,-30.75,-38.03,2025-08-13,-10.0,21,0,9.04,-48.5
INSECTICID,L250,0,97ef19d0f34a,0,1782,2013-07-15,175.1,2013-11-12,92.75,47.03,250,0.394,0.876,3.789e-05,0.545,0.524,4.401,0.3909,1,2014-06-24,2.07,2014-07-23,204.35,192.1,5.99,15,1,0,204.35,10.18,1,1,2014-08-14,225.15,10.98,1,1,36,10.72,0.68,2014-08-18,228.45,0.6787,65.59,50.67,12.26,2015-02-06,59.4,115,0,84.37,-3.28
INSECTICID,VAR,0,97ef19d0f34a,0,4478,2024-08-28,1011.25,2025-02-12,557.65,44.86,181,0.65,0.833,3.279e-05,0.696,0.497,0.839,0.3165,0,2025-05-21,2.56,2025-06-24,983.25,930.35,5.38,15,1,0,1011.25,-0.69,1,0,2025-07-15,1004.25,4.01,0,0,39,2.75,5.05,2025-07-16,1007.0,0.46,-26.27,-30.75,-38.03,2025-08-13,-10.0,21,0,9.04,-48.5
INTELLECT,L250,0,d961842f46a9,0,2259,2022-07-21,700.95,2023-03-28,397.0,43.36,250,0.699,0.868,3.155e-05,0.523,0.524,1.14,0.4009,0,2023-07-19,40.85,2024-01-16,947.4,853.8,9.88,15,0,0,973.4,3.31,1,1,2024-02-07,1005.65,3.98,0,0,138,6.15,44.13,2024-02-08,1006.75,0.5083,3.49,-6.02,-19.09,2024-02-15,-10.08,6,0,19.1,-31.16
INTELLECT,VAR,0,d961842f46a9,0,2259,2022-07-21,700.95,2023-03-28,397.0,43.36,244,0.7,0.862,3.226e-05,0.52,0.537,1.114,0.4067,0,2023-07-17,40.85,2024-01-16,947.4,853.8,9.88,15,0,0,973.4,3.31,1,1,2024-02-07,1005.65,3.98,0,0,140,6.15,44.13,2024-02-08,1006.75,0.5103,3.49,-6.02,-19.09,2024-02-15,-10.08,6,0,19.1,-31.16
IOLCP,L120,0,f885bdc5c6c5,0,3769,2025-11-12,97.19,2026-01-23,68.15,29.88,120,0.546,0.783,4.606e-05,0.682,0.433,1.48,0.233,1,2026-04-17,11.58,2026-08-05,172.37,156.92,8.96,15,0,0,173.78,7.04,1,1,2026-08-26,186.01,6.77,1,0,90,7.91,40.86,2026-08-27,187.7,0.4561,3.89,3.89,3.89,,3.89,12,1,16.7,-1.86
IOLCP,L180,0,f885bdc5c6c5,0,3769,2025-09-19,118.33,2026-01-23,68.15,42.41,180,0.559,0.719,4.883e-05,0.558,0.478,1.298,0.4177,1,2026-05-25,29.5,2026-08-05,172.37,156.92,8.96,15,0,0,173.78,7.04,1,1,2026-08-26,186.01,6.77,1,0,65,7.91,40.86,2026-08-27,187.7,0.4479,3.89,3.89,3.89,,3.89,12,1,16.7,-1.86
IOLCP,VAR,0,f885bdc5c6c5,0,3769,2025-09-19,118.33,2026-01-23,68.15,42.41,143,0.599,0.859,4.317e-05,0.694,0.601,1.236,0.2594,1,2026-04-22,11.7,2026-08-05,172.37,156.92,8.96,15,0,0,173.78,7.04,1,1,2026-08-26,186.01,6.77,1,0,87,7.91,40.86,2026-08-27,187.7,0.6265,3.89,3.89,3.89,,3.89,12,1,16.7,-1.86
IPL,L250,0,a3452fc1277b,0,638,2022-09-22,320.44,2023-03-28,198.6,38.02,250,0.57,0.799,1.214e-05,0.688,0.608,0.835,0.6385,0,2023-09-04,2.34,2024-01-09,392.95,372.39,5.23,15,1,0,392.95,2.33,1,1,2024-02-02,402.09,3.18,0,0,100,2.91,98.14,2024-02-05,396.08,0.6453,-44.15,-45.08,-59.41,2024-03-11,-13.03,25,0,8.26,-63.98
IPL,VAR,0,a3452fc1277b,0,638,2022-09-22,320.44,2023-03-28,198.6,38.02,234,0.549,0.83,1.282e-05,0.686,0.65,0.842,0.7165,0,2023-08-31,2.26,2024-01-09,392.95,372.39,5.23,15,1,0,392.95,2.33,1,1,2024-02-02,402.09,3.18,0,0,102,2.91,98.14,2024-02-05,396.08,0.7035,-44.15,-45.08,-59.41,2024-03-11,-13.03,25,0,8.26,-63.98
JAMNAAUTO,L250,0,a960f5c15b80,0,3078,2022-08-01,129.7,2023-03-28,94.7,26.99,250,0.683,0.829,7.181e-06,0.698,0.544,1.34,0.2496,1,2023-07-25,23.26,2023-08-11,121.65,107.55,11.59,15,1,0,130.6,-4.4,1,0,2023-09-04,124.85,7.48,1,0,28,2.63,13.75,2023-09-05,125.7,0.4465,-11.18,-1.23,-2.79,2023-10-23,-11.69,33,0,19.06,-18.58
JAMNAAUTO,VAR,0,a960f5c15b80,0,3078,2022-08-01,129.7,2023-03-28,94.7,26.99,241,0.679,0.798,7.018e-06,0.699,0.564,1.365,0.2738,1,2023-07-21,26.86,2023-08-11,121.65,107.55,11.59,15,1,0,130.6,-4.4,1,0,2023-09-04,124.85,7.48,1,0,30,2.63,13.75,2023-09-05,125.7,0.4354,-11.18,-1.23,-2.79,2023-10-23,-11.69,33,0,19.06,-18.58
JAYBARMARU,L120,0,6facd3d8c976,0,4670,2023-08-07,130.9,2023-10-25,100.35,23.34,120,0.454,0.702,6.102e-05,0.478,0.525,1.389,0.2464,1,2024-01-29,4.25,2024-02-05,135.35,121.75,10.05,15,0,0,143.15,-4.05,1,0,2024-02-26,137.35,9.42,1,1,20,8.06,2.04,2024-02-27,139.8,0.3939,-24.46,-22.76,-50.71,2024-02-27,-7.08,1,0,1.86,-53.53
JAYNECOIND,L250,0,7b0a4e8412f8,1,1221,2022-09-19,33.85,2023-03-28,20.6,39.14,250,0.538,0.7,2.362e-05,0.476,0.612,1.865,0.4192,1,2023-09-14,3.21,2024-01-05,49.4,44.65,9.62,15,0,0,51.85,-4.53,1,0,2024-01-29,49.5,3.16,0,0,91,3.34,1.6,2024-01-30,49.9,0.5793,11.22,-6.19,-26.71,2024-03-11,1.5,30,0,31.06,-29.32
JAYSREETEA,L180,0,06809d290267,0,1139,2008-09-24,83.9,2009-02-25,34.23,59.2,180,0.575,0.908,1.174e-04,0.456,0.567,4.676,0.7223,1,2009-06-23,2.44,2009-07-22,101.92,91.03,10.68,15,1,0,106.08,-2.93,1,0,2009-08-12,102.97,6.1,1,0,36,8.28,1.94,2009-08-13,104.7,0.7324,46.88,54.08,55.64,2010-01-25,65.33,109,0,99.11,-6.4
JAYSREETEA,L250,0,06809d290267,0,1146,2008-08-13,85.03,2009-02-25,34.23,59.74,250,0.546,0.808,6.796e-05,0.462,0.412,4.481,0.6272,1,2009-08-13,2.05,2009-07-31,104.72,93.95,10.28,15,0,0,106.08,16.75,1,1,2009-08-21,123.85,12.55,1,1,6,20.01,3.83,2009-08-24,107.15,0.5102,59.12,47.97,43.54,2010-01-25,61.55,102,0,94.56,0.0
JBCHEPHARM,L120,0,2ec51852b35b,0,5193,2024-12-19,1913.25,2025-03-12,1504.4,21.37,120,0.546,0.752,2.917e-05,0.69,0.4,0.975,-0.4427,0,2025-06-04,20.42,2025-12-16,1878.2,1784.6,4.98,15,1,1,1970.6,-1.91,1,0,2026-01-07,1933.0,4.31,0,0,149,2.92,23.41,2026-01-08,1930.0,0.2696,0.65,25.39,25.19,2026-04-02,1.61,57,0,30.85,-7.99
JBCHEPHARM,L250,0,2ec51852b35b,0,2912,2015-10-20,153.55,2016-06-24,117.9,23.22,250,0.699,0.797,2.117e-05,0.438,0.428,1.411,0.5257,1,2016-10-17,4.09,2016-09-29,195.2,177.8,8.91,15,1,0,195.2,1.1,1,1,2016-10-24,197.35,3.27,0,0,5,3.22,3.36,2016-10-25,199.7,0.3259,-13.77,-16.2,-28.74,2016-11-04,-11.62,8,0,0.0,-35.15
JBMA,L180,0,ca98353e19b3,0,4297,2022-04-19,293.3,2022-09-28,182.2,37.88,180,0.682,0.702,2.154e-05,0.651,0.694,1.0,0.5355,0,2022-12-21,2.85,2023-02-15,296.9,263.1,11.38,15,0,0,326.25,-4.14,1,0,2023-03-09,312.75,4.59,0,0,54,5.34,21.57,2023-03-10,318.5,0.418,47.72,134.55,181.4,2023-05-23,18.08,48,0,281.22,-10.52
JBMA,L250,0,ca98353e19b3,0,4313,2022-04-19,293.3,2022-09-28,182.2,37.88,250,0.534,0.706,2.137e-05,0.452,0.512,2.27,0.4824,1,2023-03-16,32.53,2023-03-10,322.0,287.65,10.67,15,1,0,326.25,7.91,1,1,2023-04-03,352.05,5.62,1,0,11,9.33,34.44,2023-04-05,353.8,0.5742,96.76,93.89,150.51,2023-05-23,6.3,32,0,243.19,-2.47
JBMA,VAR,0,ca98353e19b3,0,4297,2022-04-19,293.3,2022-09-28,182.2,37.88,204,0.552,0.741,2.979e-05,0.483,0.613,1.69,0.5288,1,2023-02-08,9.06,2023-02-15,296.9,263.1,11.38,15,0,0,326.25,-4.14,1,0,2023-03-09,312.75,4.59,0,0,20,5.34,21.57,2023-03-10,318.5,0.6294,47.72,134.55,181.4,2023-05-23,18.08,48,0,281.22,-10.52
JGCHEM,L120,0,9d8009b3c81b,0,322,2024-12-11,457.71,2025-03-28,299.59,34.55,120,0.697,0.857,6.117e-05,0.663,0.608,0.734,0.1709,0,2025-05-26,2.33,2025-06-13,406.27,384.56,5.34,15,1,0,457.71,0.16,1,1,2025-07-04,458.46,30.75,1,1,29,13.54,5.16,2025-07-07,468.99,0.5075,-12.79,-23.88,-3.12,2025-09-22,-2.49,54,0,18.74,-36.37
JGCHEM,VAR,0,9d8009b3c81b,0,322,2024-12-11,457.71,2025-03-28,299.59,34.55,107,0.698,0.824,7.232e-05,0.642,0.645,0.773,0.1312,0,2025-05-20,2.43,2025-06-13,406.27,384.56,5.34,15,1,0,457.71,0.16,1,1,2025-07-04,458.46,30.75,1,1,33,13.54,5.16,2025-07-07,468.99,0.4595,-12.79,-23.88,-3.12,2025-09-22,-2.49,54,0,18.74,-36.37
JINDALSAW,L120,0,e45e6ef715aa,0,530,2006-05-03,38.75,2006-06-29,20.35,47.48,120,0.353,0.833,1.322e-04,0.541,0.542,1.407,0.386,1,2006-10-18,2.03,2007-01-31,42.1,39.0,7.36,15,0,0,43.55,-1.03,1,0,2007-02-22,43.1,3.04,0,0,84,4.36,2.77,2007-02-23,43.1,0.5185,13.46,25.75,66.59,2007-08-09,27.61,116,0,143.62,-14.97
JINDALSAW,L180,0,e45e6ef715aa,0,530,2006-03-13,43.55,2006-06-29,20.35,53.27,180,0.52,0.709,4.850e-05,0.651,0.478,1.105,0.3662,0,2006-11-02,3.26,2007-01-31,42.1,39.0,7.36,15,0,0,43.55,-1.03,1,0,2007-02-22,43.1,3.04,0,0,75,4.36,2.77,2007-02-23,43.1,0.39,13.46,25.75,66.59,2007-08-09,27.61,116,0,143.62,-14.97
JINDALSAW,VAR,0,e45e6ef715aa,0,530,2006-03-13,43.55,2006-06-29,20.35,53.27,151,0.487,0.803,7.676e-05,0.63,0.57,1.108,0.386,0,2006-10-18,2.03,2007-01-31,42.1,39.0,7.36,15,0,0,43.55,-1.03,1,0,2007-02-22,43.1,3.04,0,0,84,4.36,2.77,2007-02-23,43.1,0.5896,13.46,25.75,66.59,2007-08-09,27.61,116,0,143.62,-14.97
JINDALSTEL,L120,0,d17d73367b64,0,235,2005-03-04,40.18,2005-06-30,28.52,29.02,120,0.697,0.864,7.826e-05,0.529,0.4,0.846,0.1934,0,2005-08-23,2.37,2005-11-22,48.38,46.51,3.87,15,1,0,50.19,-0.74,1,0,2005-12-13,49.82,3.39,0,0,75,3.04,3.08,2005-12-14,51.0,0.3371,16.78,-14.86,33.31,2006-01-17,-5.2,24,0,49.67,-24.67
JINDALSTEL,VAR,1,d17d73367b64,0,235,2005-03-04,40.18,2005-06-30,28.52,29.02,119,0.695,0.878,8.046e-05,0.527,0.403,0.865,0.1934,0,2005-08-23,2.37,2005-11-22,48.38,46.51,3.87,15,1,0,50.19,-0.74,1,0,2005-12-13,49.82,3.39,0,0,75,3.04,3.08,2005-12-14,51.0,0.3595,16.78,-14.86,33.31,2006-01-17,-5.2,24,0,49.67,-24.67
JINDWORLD,L120,0,c082155f4701,0,2928,2022-05-18,58.92,2022-09-05,40.74,30.86,120,0.647,0.778,9.206e-05,0.476,0.433,3.354,0.5617,1,2022-11-04,2.03,2022-11-09,70.37,62.61,11.03,15,0,0,75.02,-4.43,1,0,2022-11-30,71.7,4.38,0,0,17,6.43,3.72,2022-12-01,71.7,0.4841,-16.23,-4.34,-7.75,2023-02-01,5.13,44,0,32.82,-23.33
JINDWORLD,VAR,0,c082155f4701,0,2928,2022-04-18,75.02,2022-09-05,40.74,45.69,139,0.696,0.863,8.643e-05,0.542,0.568,2.521,0.5617,1,2022-11-04,2.03,2022-11-09,70.37,62.61,11.03,15,0,0,75.02,-4.43,1,0,2022-11-30,71.7,4.38,0,0,17,6.43,3.72,2022-12-01,71.7,0.6172,-16.23,-4.34,-7.75,2023-02-01,5.13,44,0,32.82,-23.33
JISLJALEQS,L180,0,6494df009c54,0,1155,2008-08-11,117.96,2008-12-08,48.93,58.52,180,0.547,0.708,5.347e-05,0.597,0.589,0.63,0.0839,0,2009-04-15,2.24,2009-08-13,144.17,137.41,4.69,15,1,1,149.16,0.09,1,1,2009-09-03,149.29,5.09,1,0,99,5.06,1.77,2009-09-04,149.99,0.353,6.22,25.03,66.0,2009-12-04,6.22,60,0,76.28,-5.96
JISLJALEQS,L250,0,6494df009c54,0,1155,2008-04-11,134.94,2008-12-08,48.93,63.74,250,0.651,0.813,2.805e-05,0.699,0.472,0.98,0.0902,0,2009-04-23,4.47,2009-08-13,144.17,137.41,4.69,15,1,1,149.16,0.09,1,1,2009-09-03,149.29,5.09,1,0,93,5.06,1.77,2009-09-04,149.99,0.2625,6.22,25.03,66.0,2009-12-04,6.22,60,0,76.28,-5.96
JISLJALEQS,VAR,0,6494df009c54,0,1155,2008-04-11,134.94,2008-12-08,48.93,63.74,248,0.648,0.813,2.881e-05,0.694,0.476,0.984,0.0902,0,2009-04-23,4.47,2009-08-13,144.17,137.41,4.69,15,1,1,149.16,0.09,1,1,2009-09-03,149.29,5.09,1,0,93,5.06,1.77,2009-09-04,149.99,0.2686,6.22,25.03,66.0,2009-12-04,6.22,60,0,76.28,-5.96
JKCEMENT,L120,0,bf71b8527374,0,2739,2016-10-21,962.8,2016-12-26,638.95,33.64,120,0.395,0.701,8.871e-05,0.45,0.45,1.57,0.3134,1,2017-04-11,2.13,2017-03-30,945.05,909.6,3.75,15,1,1,968.0,-0.52,1,0,2017-04-24,963.0,7.91,1,0,8,2.5,2.42,2017-04-25,971.35,0.3556,0.84,-1.49,-0.51,2017-06-12,5.01,34,0,23.13,-5.16
JKCEMENT,L250,0,bf71b8527374,0,3334,2018-03-28,1015.05,2018-10-25,668.95,34.1,250,0.578,0.856,1.356e-05,0.694,0.52,1.017,0.1479,0,2019-03-29,2.59,2019-08-29,1086.15,981.25,9.66,15,1,1,1153.15,-3.14,1,0,2019-09-23,1116.9,19.82,1,1,117,2.83,1.72,2019-09-24,1120.05,0.5686,3.06,4.29,33.99,2020-03-04,19.8,112,0,44.19,-29.0
JKCEMENT,VAR,0,bf71b8527374,0,2725,2016-10-10,968.0,2016-12-26,638.95,33.99,90,0.573,0.832,1.586e-04,0.576,0.6,1.53,0.335,1,2017-02-17,3.52,2017-03-09,909.6,856.05,5.89,15,1,1,968.0,-3.41,1,0,2017-03-31,934.95,7.36,1,0,28,2.79,1.85,2017-04-03,937.1,0.658,-0.17,0.8,4.3,2017-06-12,8.85,48,0,27.63,-2.76
JKCEMENT,VAR,0,bf71b8527374,0,3334,2018-03-28,1015.05,2018-10-25,668.95,34.1,247,0.577,0.857,1.362e-05,0.697,0.526,1.03,0.1253,0,2019-03-28,2.37,2019-08-29,1086.15,981.25,9.66,15,1,1,1153.15,-3.14,1,0,2019-09-23,1116.9,19.82,1,1,118,2.83,1.72,2019-09-24,1120.05,0.5729,3.06,4.29,33.99,2020-03-04,19.8,112,0,44.19,-29.0
JKLAKSHMI,L120,0,c2d15a721854,0,319,2007-01-24,86.95,2007-04-05,49.12,43.51,120,0.395,0.799,1.093e-04,0.558,0.667,0.962,0.3486,0,2007-07-19,2.01,2007-09-06,87.58,78.75,10.08,15,0,0,90.65,2.32,1,1,2007-09-27,92.75,3.18,0,0,49,6.82,2.45,2007-09-28,92.75,0.547,5.69,-45.12,-67.58,2008-01-11,-2.88,73,0,20.22,-67.92
JKLAKSHMI,L120,0,c2d15a721854,0,2675,2016-10-05,509.55,2016-12-22,335.75,34.11,120,0.58,0.702,6.006e-05,0.684,0.558,1.485,0.3668,1,2017-03-06,3.91,2017-03-30,468.8,448.25,4.38,15,1,0,509.55,-4.03,1,0,2017-04-24,489.0,3.81,0,0,32,4.31,4.77,2017-04-25,484.7,0.4813,-2.88,-19.09,-17.38,2017-05-19,-3.13,18,0,10.78,-22.63
JKLAKSHMI,L180,0,c2d15a721854,0,319,2007-01-22,90.65,2007-04-05,49.12,45.81,180,0.352,0.705,5.771e-05,0.48,0.461,0.977,0.3204,0,2007-09-20,2.35,2007-09-06,87.58,78.75,10.08,15,0,0,90.65,2.32,1,1,2007-09-27,92.75,3.18,0,0,5,6.82,2.45,2007-09-28,92.75,0.2726,5.69,-45.12,-67.58,2008-01-11,-2.88,73,0,20.22,-67.92
JKLAKSHMI,L180,0,c2d15a721854,0,4064,2021-11-29,647.55,2022-05-12,377.25,41.74,180,0.626,0.8,2.966e-05,0.7,0.611,1.459,0.5314,1,2022-08-17,15.29,2022-11-11,714.55,630.4,11.78,15,0,0,736.3,1.66,1,1,2022-12-02,748.55,3.76,0,0,73,4.76,31.06,2022-12-05,748.55,0.5918,-7.96,-8.76,17.11,2023-01-06,1.72,25,0,19.82,-18.88
JKLAKSHMI,L180,0,c2d15a721854,0,4349,2023-04-05,824.7,2023-07-31,609.4,26.11,180,0.469,0.725,3.279e-05,0.5,0.4,1.19,0.3232,0,2023-12-18,15.49,2024-01-04,894.2,841.95,5.84,15,1,1,904.8,2.88,1,1,2024-01-25,930.9,11.78,1,1,27,5.42,13.08,2024-01-29,940.8,0.3552,-15.17,-10.92,-13.55,2024-03-13,-15.48,33,0,6.28,-27.14
JKLAKSHMI,L250,0,c2d15a721854,0,4064,2021-09-20,681.35,2022-05-12,377.25,44.63,250,0.639,0.721,1.759e-05,0.689,0.532,1.307,0.4857,1,2022-09-20,17.38,2022-11-11,714.55,630.4,11.78,15,0,0,736.3,1.66,1,1,2022-12-02,748.55,3.76,0,0,50,4.76,31.06,2022-12-05,748.55,0.416,-7.96,-8.76,17.11,2023-01-06,1.72,25,0,19.82,-18.88
JKLAKSHMI,VAR,0,c2d15a721854,0,319,2007-01-22,90.65,2007-04-05,49.12,45.81,122,0.405,0.82,1.099e-04,0.565,0.68,0.92,0.3486,0,2007-07-19,2.01,2007-09-06,87.58,78.75,10.08,15,0,0,90.65,2.32,1,1,2007-09-27,92.75,3.18,0,0,49,6.82,2.45,2007-09-28,92.75,0.5683,5.69,-45.12,-67.58,2008-01-11,-2.88,73,0,20.22,-67.92
JKLAKSHMI,VAR,0,c2d15a721854,0,2675,2016-10-05,509.55,2016-12-22,335.75,34.11,90,0.584,0.849,1.297e-04,0.656,0.689,1.432,0.3729,1,2017-02-14,4.88,2017-03-30,468.8,448.25,4.38,15,1,0,509.55,-4.03,1,0,2017-04-24,489.0,3.81,0,0,45,4.31,4.77,2017-04-25,484.7,0.6706,-2.88,-19.09,-17.38,2017-05-19,-3.13,18,0,10.78,-22.63
JKLAKSHMI,VAR,0,c2d15a721854,0,4064,2021-09-20,681.35,2022-05-12,377.25,44.63,250,0.639,0.721,1.759e-05,0.689,0.532,1.307,0.4857,1,2022-09-20,17.38,2022-11-11,714.55,630.4,11.78,15,0,0,736.3,1.66,1,1,2022-12-02,748.55,3.76,0,0,50,4.76,31.06,2022-12-05,748.55,0.416,-7.96,-8.76,17.11,2023-01-06,1.72,25,0,19.82,-18.88
JKPAPER,L120,0,b1d23ce91320,0,4591,2023-04-05,386.1,2023-07-10,307.15,20.45,120,0.588,0.711,5.914e-05,0.525,0.417,1.939,0.4526,1,2023-09-18,58.66,2023-12-29,417.45,389.35,6.73,15,1,1,447.05,-3.83,1,0,2024-01-19,429.95,6.42,1,0,84,7.46,27.83,2024-01-20,433.7,0.324,-19.07,33.86,-7.56,2024-02-12,-12.23,15,0,47.28,-26.42
JKTYRE,L120,0,d644d59698ab,0,2996,2016-10-05,157.8,2016-12-26,108.5,31.24,120,0.496,0.701,5.916e-05,0.613,0.583,0.712,0.3177,0,2017-03-23,16.93,2017-03-28,145.5,130.5,10.31,15,1,0,157.8,-2.22,1,0,2017-04-20,154.3,3.16,0,0,18,8.47,30.63,2017-04-21,155.7,0.5231,7.55,-3.73,-2.5,2017-06-27,2.06,46,0,23.96,-17.73
JKTYRE,L120,0,d644d59698ab,0,4527,2022-12-06,207.4,2023-03-20,144.2,30.47,120,0.664,0.712,7.872e-05,0.558,0.433,1.911,0.3072,1,2023-05-22,41.1,2023-06-06,201.2,184.35,8.37,15,1,0,207.4,0.94,1,1,2023-06-27,209.35,3.32,0,0,26,4.05,23.29,2023-06-28,208.8,0.293,33.33,74.74,113.51,2024-02-13,124.16,157,0,165.3,-1.22
JKTYRE,L250,0,d644d59698ab,0,1235,2008-09-11,17.2,2009-03-04,6.09,64.59,250,0.458,0.829,6.325e-05,0.416,0.448,3.215,0.4971,1,2009-09-22,2.6,2010-02-09,36.56,34.05,6.87,15,1,1,37.59,4.79,1,1,2010-03-04,39.39,19.62,1,1,106,13.68,2.7,2010-03-05,39.44,0.5524,-10.45,-5.83,-55.88,2010-05-06,-10.8,42,0,9.28,-60.75
JKTYRE,VAR,0,d644d59698ab,0,1364,2010-04-07,41.83,2010-07-05,31.67,24.29,100,0.626,0.861,5.060e-05,0.686,0.62,0.655,0.5469,0,2010-08-25,2.29,2010-08-16,37.14,32.71,11.93,15,0,0,41.83,-4.83,1,0,2010-09-06,39.81,22.55,1,1,8,8.06,3.12,2010-09-07,40.0,0.5879,-26.38,-57.1,-57.7,2010-10-20,-14.38,31,0,0.65,-61.3
JKTYRE,VAR,0,d644d59698ab,0,2996,2016-10-05,157.8,2016-12-26,108.5,31.24,91,0.6,0.741,9.649e-05,0.651,0.593,0.669,0.1391,0,2017-02-15,10.67,2017-03-28,145.5,130.5,10.31,15,1,0,157.8,-2.22,1,0,2017-04-20,154.3,3.16,0,0,42,8.47,30.63,2017-04-21,155.7,0.44,7.55,-3.73,-2.5,2017-06-27,2.06,46,0,23.96,-17.73
JKTYRE,VAR,0,d644d59698ab,0,4527,2022-12-06,207.4,2023-03-20,144.2,30.47,104,0.699,0.808,9.932e-05,0.583,0.5,2.274,0.516,1,2023-05-09,28.17,2023-06-06,201.2,184.35,8.37,15,1,0,207.4,0.94,1,1,2023-06-27,209.35,3.32,0,0,35,4.05,23.29,2023-06-28,208.8,0.486,33.33,74.74,113.51,2024-02-13,124.16,157,0,165.3,-1.22
JMFINANCIL,L120,0,e2ca98349c64,0,4640,2024-12-09,143.4,2025-03-17,84.06,41.38,120,0.655,0.847,6.652e-05,0.696,0.442,0.846,0.5071,0,2025-05-20,25.55,2025-07-02,172.18,162.24,5.77,15,1,0,186.3,-3.6,1,0,2025-07-23,179.59,3.02,0,0,46,5.49,105.67,2025-07-24,180.11,0.4829,-3.65,-23.7,-31.56,2025-07-30,-12.83,5,0,10.93,-37.82
JMFINANCIL,VAR,0,e2ca98349c64,0,4640,2024-10-16,161.96,2025-03-17,84.06,48.1,155,0.675,0.736,4.120e-05,0.697,0.426,0.706,0.5485,0,2025-06-02,39.16,2025-07-02,172.18,162.24,5.77,15,1,0,186.3,-3.6,1,0,2025-07-23,179.59,3.02,0,0,37,5.49,105.67,2025-07-24,180.11,0.2762,-3.65,-23.7,-31.56,2025-07-30,-12.83,5,0,10.93,-37.82
JSL,L120,0,d5da9da592eb,1,1804,2022-04-18,204.75,2022-06-20,97.6,52.33,120,0.546,0.802,1.169e-04,0.689,0.625,0.976,0.3669,0,2022-09-07,11.95,2023-02-13,279.55,256.0,8.42,15,1,1,279.55,7.08,1,1,2023-03-06,299.35,4.27,0,0,124,7.08,19.01,2023-03-08,301.85,0.5601,-0.43,50.6,129.17,2023-04-12,-12.11,23,0,134.54,-15.52
JSL,L180,0,d5da9da592eb,1,287,2015-12-07,30.9,2016-06-02,14.25,53.88,180,0.698,0.782,5.942e-05,0.617,0.606,2.0,0.5332,1,2016-08-19,4.22,2016-12-28,40.2,36.75,8.58,15,1,1,42.7,-2.93,1,0,2017-01-18,41.45,5.46,1,0,102,7.11,0.53,2017-01-19,42.0,0.4521,74.29,85.24,175.95,2017-05-03,67.26,69,0,216.07,-2.86
JSL,L180,0,d5da9da592eb,1,1804,2022-02-07,217.7,2022-06-20,97.6,55.17,180,0.52,0.727,4.821e-05,0.693,0.572,0.906,0.3485,0,2022-10-24,7.47,2023-02-13,279.55,256.0,8.42,15,1,1,279.55,7.08,1,1,2023-03-06,299.35,4.27,0,0,92,7.08,19.01,2023-03-08,301.85,0.4695,-0.43,50.6,129.17,2023-04-12,-12.11,23,0,134.54,-15.52
JSL,L250,1,d5da9da592eb,1,287,2015-12-07,30.9,2016-06-02,14.25,53.88,225,0.585,0.717,5.099e-05,0.514,0.484,1.721,0.5638,1,2016-10-19,2.15,2016-12-28,40.2,36.75,8.58,15,1,1,42.7,-2.93,1,0,2017-01-18,41.45,5.46,1,0,63,7.11,0.53,2017-01-19,42.0,0.3942,74.29,85.24,175.95,2017-05-03,67.26,69,0,216.07,-2.86
JSL,L250,0,d5da9da592eb,1,1804,2022-02-07,217.7,2022-06-20,97.6,55.17,250,0.458,0.701,4.397e-05,0.538,0.412,0.967,0.4192,0,2023-01-03,38.15,2023-02-13,279.55,256.0,8.42,15,1,1,279.55,7.08,1,1,2023-03-06,299.35,4.27,0,0,43,7.08,19.01,2023-03-08,301.85,0.2969,-0.43,50.6,129.17,2023-04-12,-12.11,23,0,134.54,-15.52
JSL,VAR,1,d5da9da592eb,1,287,2015-12-07,30.9,2016-06-02,14.25,53.88,173,0.698,0.845,6.655e-05,0.616,0.63,1.95,0.5247,1,2016-08-17,4.22,2016-12-28,40.2,36.75,8.58,15,1,1,42.7,-2.93,1,0,2017-01-18,41.45,5.46,1,0,104,7.11,0.53,2017-01-19,42.0,0.5249,74.29,85.24,175.95,2017-05-03,67.26,69,0,216.07,-2.86
JSL,VAR,0,d5da9da592eb,1,1804,2022-02-07,217.7,2022-06-20,97.6,55.17,173,0.523,0.721,5.124e-05,0.696,0.572,0.922,0.3461,0,2022-10-18,8.79,2023-02-13,279.55,256.0,8.42,15,1,1,279.55,7.08,1,1,2023-03-06,299.35,4.27,0,0,96,7.08,19.01,2023-03-08,301.85,0.4584,-0.43,50.6,129.17,2023-04-12,-12.11,23,0,134.54,-15.52
JSWDULUX,L120,0,1aba61454333,0,3478,2016-09-28,1701.7,2017-01-16,1329.8,21.85,120,0.63,0.85,5.650e-05,0.546,0.45,1.46,0.5713,1,2017-03-22,2.01,2017-03-01,1646.65,1519.25,7.74,15,1,1,1720.0,0.21,1,1,2017-03-23,1723.55,11.33,1,1,1,4.67,2.05,2017-03-24,1720.0,0.4702,9.23,5.69,4.99,2017-05-23,3.11,40,0,21.45,-2.45
JSWDULUX,L120,0,1aba61454333,0,4413,2020-03-11,2478.25,2020-05-18,1766.6,28.72,120,0.471,0.847,4.309e-05,0.697,0.65,0.611,0.2637,0,2020-08-14,2.5,2020-12-11,2401.55,2160.85,10.02,15,1,0,2478.25,-0.27,1,0,2021-01-04,2471.5,3.09,0,0,98,3.07,3.01,2021-01-05,2475.0,0.6471,-4.2,-4.86,-18.77,2021-01-29,-9.98,18,0,2.22,-20.84
JSWDULUX,VAR,0,1aba61454333,0,4413,2020-03-11,2478.25,2020-05-18,1766.6,28.72,106,0.41,0.724,4.185e-05,0.67,0.736,0.68,0.2909,0,2020-08-13,2.1,2020-12-11,2401.55,2160.85,10.02,15,1,0,2478.25,-0.27,1,0,2021-01-04,2471.5,3.09,0,0,99,3.07,3.01,2021-01-05,2475.0,0.4442,-4.2,-4.86,-18.77,2021-01-29,-9.98,18,0,2.22,-20.84
JSWINFRA,VAR,0,c696d7c76ff7,0,679,2025-09-24,342.75,2026-04-07,234.31,31.64,187,0.699,0.743,2.228e-05,0.542,0.449,1.781,0.4139,1,2026-06-30,124.98,2026-06-19,338.4,307.05,9.26,15,0,0,355.16,-0.75,1,0,2026-07-13,352.5,3.62,0,0,9,7.13,130.32,2026-07-14,350.95,0.3305,-2.12,-2.12,-2.12,,-2.12,44,1,1.15,-11.64
JSWSTEEL,L120,0,75ae2bf762ba,0,4387,2022-04-18,767.85,2022-05-25,528.45,31.18,120,0.37,0.702,7.638e-05,0.556,0.425,0.766,0.2621,0,2022-09-12,158.12,2022-12-06,757.95,727.85,3.97,15,1,1,767.85,-0.38,1,0,2022-12-27,764.95,3.4,0,0,73,4.47,110.53,2022-12-28,761.0,0.257,-12.25,-1.14,15.32,2023-01-24,-5.12,20,0,17.71,-14.71
JSWSTEEL,VAR,0,75ae2bf762ba,0,458,2006-04-17,36.74,2006-06-14,21.08,42.62,91,0.456,0.727,1.049e-04,0.699,0.407,0.481,0.2793,0,2006-08-23,2.2,2007-01-04,43.52,38.88,10.66,15,0,0,43.52,1.49,1,1,2007-01-25,44.17,5.81,1,0,106,2.77,14.85,2007-01-29,44.41,0.3691,32.56,64.65,119.79,2007-03-07,-7.0,26,0,212.77,-9.93
JUBLFOOD,L120,0,63017b76fc23,0,1177,2014-01-01,128.75,2014-04-30,94.6,26.52,120,0.697,0.796,7.239e-05,0.504,0.5,1.797,0.3586,1,2014-06-20,14.56,2014-10-20,134.35,120.55,10.27,15,1,1,137.7,2.9,1,1,2014-11-13,141.7,3.08,0,0,94,5.47,25.97,2014-11-14,142.0,0.3965,2.54,3.06,-0.53,2014-12-11,-8.2,20,0,37.99,-10.49
JUBLFOOD,VAR,0,63017b76fc23,0,1177,2013-12-05,136.9,2014-04-30,94.6,30.9,140,0.698,0.856,6.359e-05,0.526,0.464,1.683,0.3802,1,2014-06-30,17.42,2014-10-20,134.35,120.55,10.27,15,1,1,137.7,2.9,1,1,2014-11-13,141.7,3.08,0,0,88,5.47,25.97,2014-11-14,142.0,0.4637,2.54,3.06,-0.53,2014-12-11,-8.2,20,0,37.99,-10.49
JUBLPHARMA,L180,0,55b79194a655,0,5085,2024-11-01,1262.6,2025-04-09,828.1,34.41,180,0.642,0.706,3.935e-05,0.526,0.406,1.205,0.1432,1,2025-07-14,34.14,2025-07-09,1232.0,1148.9,6.75,15,1,1,1262.6,-2.08,1,0,2025-07-30,1236.3,9.06,1,1,12,7.23,26.75,2025-07-31,1220.0,0.24,-8.03,-21.63,-24.2,2025-08-05,-8.27,4,0,1.07,-35.57
JUBLPHARMA,VAR,0,55b79194a655,0,5085,2024-11-01,1262.6,2025-04-09,828.1,34.41,156,0.697,0.761,4.818e-05,0.568,0.468,1.174,0.237,0,2025-06-19,36.65,2025-07-09,1232.0,1148.9,6.75,15,1,1,1262.6,-2.08,1,0,2025-07-30,1236.3,9.06,1,1,29,7.23,26.75,2025-07-31,1220.0,0.3208,-8.03,-21.63,-24.2,2025-08-05,-8.27,4,0,1.07,-35.57
KABRAEXTRU,L120,0,e0e040bed9d6,0,4437,2022-03-31,526.5,2022-06-20,269.75,48.77,120,0.613,0.702,7.646e-05,0.677,0.475,1.608,0.4157,1,2022-08-25,2.78,2023-01-02,505.0,469.25,7.08,15,1,0,559.2,-0.67,1,0,2023-01-23,555.45,31.59,1,1,103,18.37,3.4,2023-01-24,557.0,0.3476,-10.31,-19.89,-24.48,2023-03-14,-7.94,34,0,15.57,-30.49
KAJARIACER,L120,0,1449ad708525,0,3963,2020-01-31,580.45,2020-05-18,300.4,48.25,120,0.664,0.811,9.462e-05,0.699,0.575,2.205,0.1936,1,2020-07-14,11.83,2020-12-31,783.2,703.6,10.16,15,0,0,783.2,1.54,1,1,2021-01-21,795.3,6.14,1,0,134,1.54,27.6,2021-01-22,816.0,0.4997,7.29,22.68,53.9,2021-03-24,6.9,42,0,68.49,-1.28
KAJARIACER,L180,0,1449ad708525,0,3963,2020-01-31,580.45,2020-05-18,300.4,48.25,180,0.525,0.708,5.288e-05,0.593,0.406,1.697,0.3555,1,2020-09-15,13.11,2020-12-31,783.2,703.6,10.16,15,0,0,783.2,1.54,1,1,2021-01-21,795.3,6.14,1,0,89,1.54,27.6,2021-01-22,816.0,0.3809,7.29,22.68,53.9,2021-03-24,6.9,42,0,68.49,-1.28
KAJARIACER,VAR,0,1449ad708525,0,3963,2020-01-31,580.45,2020-05-18,300.4,48.25,163,0.432,0.776,7.526e-05,0.523,0.448,1.566,0.3177,1,2020-09-24,8.17,2020-12-31,783.2,703.6,10.16,15,0,0,783.2,1.54,1,1,2021-01-21,795.3,6.14,1,0,82,1.54,27.6,2021-01-22,816.0,0.4407,7.29,22.68,53.9,2021-03-24,6.9,42,0,68.49,-1.28
KCP,L180,0,3030b95dfec5,0,4694,2022-11-07,135.0,2023-03-16,92.8,31.26,180,0.598,0.704,1.735e-05,0.668,0.489,1.006,0.1124,0,2023-07-04,2.12,2023-12-13,155.1,146.2,5.74,15,1,1,165.95,3.74,1,1,2024-01-04,172.15,12.43,1,1,126,10.99,7.08,2024-01-05,174.75,0.3167,8.1,43.71,34.82,2024-03-12,-2.98,47,0,61.25,-12.53
KCP,VAR,0,3030b95dfec5,0,4694,2022-11-07,135.0,2023-03-16,92.8,31.26,147,0.616,0.815,3.047e-05,0.648,0.544,1.058,0.1633,0,2023-06-09,2.04,2023-12-13,155.1,146.2,5.74,15,1,1,165.95,3.74,1,1,2024-01-04,172.15,12.43,1,1,142,10.99,7.08,2024-01-05,174.75,0.49,8.1,43.71,34.82,2024-03-12,-2.98,47,0,61.25,-12.53
KDDL,L120,0,e3ecad27010a,0,1672,2022-04-13,1068.62,2022-06-20,608.44,43.06,120,0.395,0.787,1.231e-04,0.492,0.417,1.281,0.5348,1,2022-10-03,2.16,2022-12-26,1037.29,972.18,6.28,15,1,1,1096.74,-4.61,1,0,2023-01-16,1046.22,4.47,0,0,72,2.66,1.13,2023-01-17,1062.39,0.4438,0.98,37.51,165.13,2023-02-27,-5.24,29,0,190.53,-9.36
KEC,L120,0,4be7959302fa,0,4149,2022-02-04,525.1,2022-05-12,349.1,33.52,120,0.647,0.866,5.235e-05,0.692,0.633,0.695,0.2623,0,2022-07-11,9.81,2022-12-08,489.35,455.55,6.91,15,0,0,526.35,-4.1,1,0,2022-12-29,504.75,3.48,0,0,117,6.12,22.42,2022-12-30,504.0,0.581,-9.81,9.73,18.46,2023-02-28,-10.86,42,0,48.35,-13.58
KEC,L180,1,4be7959302fa,0,233,2006-03-20,99.43,2006-07-24,43.11,56.64,173,0.529,0.823,7.560e-05,0.597,0.566,0.666,0.4958,0,2006-11-20,2.35,2007-01-25,109.24,96.46,11.7,15,0,0,109.24,4.9,1,1,2007-02-20,114.59,3.7,0,0,61,4.9,3.05,2007-02-21,114.99,0.5914,-7.84,0.1,21.16,2008-01-21,26.27,231,0,65.23,-23.82
KEC,L250,1,4be7959302fa,0,233,2006-03-20,99.43,2006-07-24,43.11,56.64,173,0.529,0.823,7.560e-05,0.597,0.566,0.666,0.4958,0,2006-11-20,2.35,2007-01-25,109.24,96.46,11.7,15,0,0,109.24,4.9,1,1,2007-02-20,114.59,3.7,0,0,61,4.9,3.05,2007-02-21,114.99,0.5914,-7.84,0.1,21.16,2008-01-21,26.27,231,0,65.23,-23.82
KEC,VAR,1,4be7959302fa,0,233,2006-03-20,99.43,2006-07-24,43.11,56.64,168,0.515,0.84,8.236e-05,0.586,0.583,0.697,0.4958,0,2006-11-20,2.35,2007-01-25,109.24,96.46,11.7,15,0,0,109.24,4.9,1,1,2007-02-20,114.59,3.7,0,0,61,4.9,3.05,2007-02-21,114.99,0.6372,-7.84,0.1,21.16,2008-01-21,26.27,231,0,65.23,-23.82
KEI,L120,0,904cdf9f12b8,0,205,2006-04-17,102.84,2006-07-24,40.84,60.29,120,0.647,0.717,1.071e-04,0.669,0.475,2.265,0.49,1,2006-09-21,2.51,2006-12-27,95.65,85.9,10.19,15,0,0,102.84,0.98,1,1,2007-01-18,103.85,7.34,1,0,80,10.83,1.14,2007-01-19,107.4,0.31,-35.66,-17.09,8.71,2007-02-12,-13.55,15,0,56.42,-40.36
KEI,VAR,1,904cdf9f12b8,0,205,2006-04-17,102.84,2006-07-24,40.84,60.29,104,0.67,0.844,1.595e-04,0.666,0.548,2.338,0.4814,1,2006-09-11,2.21,2006-12-27,95.65,85.9,10.19,15,0,0,102.84,0.98,1,1,2007-01-18,103.85,7.34,1,0,88,10.83,1.14,2007-01-19,107.4,0.5029,-35.66,-17.09,8.71,2007-02-12,-13.55,15,0,56.42,-40.36
KENNAMET,L120,0,27deeacd078b,0,959,2022-11-21,2815.1,2023-02-28,2000.95,28.92,120,0.605,0.872,5.606e-05,0.623,0.567,0.781,0.2638,0,2023-05-12,2.01,2023-06-09,2748.1,2493.35,9.27,15,0,0,2839.75,-2.41,1,0,2023-07-03,2771.3,4.38,0,0,35,4.74,2.16,2023-07-04,2800.0,0.5917,-0.57,5.57,79.27,2023-10-05,-7.39,65,0,83.43,-14.1
KENNAMET,L180,0,27deeacd078b,0,979,2022-11-15,2839.75,2023-02-28,2000.95,29.54,180,0.52,0.705,3.178e-05,0.527,0.4,0.675,0.1436,0,2023-07-07,2.05,2023-07-10,2740.65,2580.0,5.86,15,1,1,2839.75,-1.62,1,0,2023-07-31,2793.8,3.37,0,0,16,1.94,1.64,2023-08-01,2812.0,0.317,-10.92,-0.5,78.51,2023-10-05,-7.79,45,0,82.65,-14.47
KENNAMET,VAR,0,27deeacd078b,0,959,2022-11-15,2839.75,2023-02-28,2000.95,29.54,122,0.612,0.882,5.513e-05,0.63,0.59,0.754,0.2638,0,2023-05-12,2.01,2023-06-09,2748.1,2493.35,9.27,15,0,0,2839.75,-2.41,1,0,2023-07-03,2771.3,4.38,0,0,35,4.74,2.16,2023-07-04,2800.0,0.6114,-0.57,5.57,79.27,2023-10-05,-7.39,65,0,83.43,-14.1
KFINTECH,L120,1,d317a25f4abe,0,111,2022-12-29,359.38,2023-03-20,269.5,25.01,90,0.618,0.808,7.405e-05,0.62,0.456,1.175,0.4709,0,2023-05-12,4.76,2023-05-23,338.25,322.15,4.76,15,1,0,359.38,-2.2,1,0,2023-06-13,351.48,4.56,0,0,22,3.91,5.06,2023-06-14,359.04,0.4364,23.84,48.29,90.0,2023-12-19,34.31,128,0,126.13,-7.81
KFINTECH,L180,1,d317a25f4abe,0,111,2022-12-29,359.38,2023-03-20,269.5,25.01,90,0.618,0.808,7.405e-05,0.62,0.456,1.175,0.4709,0,2023-05-12,4.76,2023-05-23,338.25,322.15,4.76,15,1,0,359.38,-2.2,1,0,2023-06-13,351.48,4.56,0,0,22,3.91,5.06,2023-06-14,359.04,0.4364,23.84,48.29,90.0,2023-12-19,34.31,128,0,126.13,-7.81
KFINTECH,L250,1,d317a25f4abe,0,111,2022-12-29,359.38,2023-03-20,269.5,25.01,90,0.618,0.808,7.405e-05,0.62,0.456,1.175,0.4709,0,2023-05-12,4.76,2023-05-23,338.25,322.15,4.76,15,1,0,359.38,-2.2,1,0,2023-06-13,351.48,4.56,0,0,22,3.91,5.06,2023-06-14,359.04,0.4364,23.84,48.29,90.0,2023-12-19,34.31,128,0,126.13,-7.81
KFINTECH,VAR,1,d317a25f4abe,0,111,2022-12-29,359.38,2023-03-20,269.5,25.01,90,0.618,0.808,7.405e-05,0.62,0.456,1.175,0.4709,0,2023-05-12,4.76,2023-05-23,338.25,322.15,4.76,15,1,0,359.38,-2.2,1,0,2023-06-13,351.48,4.56,0,0,22,3.91,5.06,2023-06-14,359.04,0.4364,23.84,48.29,90.0,2023-12-19,34.31,128,0,126.13,-7.81
KICL,L180,0,444d41517c29,0,3133,2023-01-02,2242.4,2023-03-28,1659.65,25.99,180,0.397,0.714,2.901e-05,0.432,0.494,1.118,0.3451,0,2023-09-05,2.14,2023-10-27,2786.1,2567.2,7.86,15,1,0,2963.55,-0.87,1,0,2023-11-17,2937.65,5.24,1,0,50,5.51,0.82,2023-11-20,2937.65,0.3486,24.19,46.32,129.46,2024-03-13,22.81,80,0,180.21,-0.02
KIMS,L120,0,edad1a2b85e4,0,333,2022-04-12,288.55,2022-06-22,224.5,22.2,120,0.496,0.769,3.229e-05,0.635,0.4,0.735,0.1583,0,2022-09-19,4.85,2022-10-07,294.05,281.6,4.23,15,0,0,302.8,-1.9,1,0,2022-10-31,297.05,3.62,0,0,28,1.9,7.68,2022-11-01,297.0,0.3683,-3.62,-0.03,24.56,2022-12-14,-3.99,31,0,50.17,-13.67
KIOCL,L120,0,3161f3b95ade,0,2092,2025-01-07,430.5,2025-04-09,220.42,48.8,120,0.697,0.789,9.164e-05,0.683,0.55,0.832,0.6673,0,2025-06-04,3.2,2025-09-11,466.55,422.55,9.43,15,1,0,553.2,-4.41,1,0,2025-10-03,528.8,8.58,1,0,84,19.99,51.56,2025-10-06,547.05,0.4163,-26.6,-37.03,-32.61,2025-10-16,-16.86,9,0,15.99,-46.87
KIOCL,L180,0,3161f3b95ade,0,2092,2025-01-07,430.5,2025-04-09,220.42,48.8,180,0.508,0.701,5.598e-05,0.548,0.4,1.054,0.7827,0,2025-08-18,29.9,2025-09-11,466.55,422.55,9.43,15,1,0,553.2,-4.41,1,0,2025-10-03,528.8,8.58,1,0,32,19.99,51.56,2025-10-06,547.05,0.3781,-26.6,-37.03,-32.61,2025-10-16,-16.86,9,0,15.99,-46.87
KIOCL,VAR,0,3161f3b95ade,0,2092,2025-01-07,430.5,2025-04-09,220.42,48.8,146,0.434,0.705,8.049e-05,0.494,0.493,0.877,0.8471,0,2025-08-07,14.81,2025-09-11,466.55,422.55,9.43,15,1,0,553.2,-4.41,1,0,2025-10-03,528.8,8.58,1,0,38,19.99,51.56,2025-10-06,547.05,0.3998,-26.6,-37.03,-32.61,2025-10-16,-16.86,9,0,15.99,-46.87
KIRLFER,L120,0,d277e219dcba,1,744,2022-04-21,271.0,2022-07-04,189.0,30.26,120,0.445,0.705,7.853e-05,0.426,0.4,1.109,0.3853,0,2022-10-10,7.08,2022-10-17,287.55,256.9,10.66,15,0,0,308.9,-4.06,1,0,2022-11-09,296.35,3.81,0,0,20,4.22,5.02,2022-11-10,297.0,0.3409,25.67,48.2,54.93,2023-04-26,40.45,114,0,79.8,-4.49
KIRLFER,VAR,0,d277e219dcba,1,744,2022-04-21,271.0,2022-07-04,189.0,30.26,90,0.573,0.721,1.386e-04,0.51,0.533,0.896,0.3924,0,2022-08-29,6.82,2022-10-17,287.55,256.9,10.66,15,0,0,308.9,-4.06,1,0,2022-11-09,296.35,3.81,0,0,48,4.22,5.02,2022-11-10,297.0,0.4481,25.67,48.2,54.93,2023-04-26,40.45,114,0,79.8,-4.49
KKCL,VAR,0,4922139766fa,0,4248,2022-12-19,556.55,2023-02-27,377.65,32.14,90,0.551,0.799,8.431e-05,0.681,0.489,0.692,0.3472,0,2023-05-02,2.62,2023-06-19,575.0,521.85,9.24,15,0,0,575.0,9.09,1,1,2023-07-11,627.25,9.14,1,1,49,9.09,3.39,2023-07-12,638.0,0.53,17.3,19.84,5.64,2023-09-06,4.69,40,0,29.69,-2.81
KMEW,L120,0,66ef6ac38ffc,0,239,2024-12-27,1170.6,2025-04-07,657.65,43.82,120,0.613,0.889,7.329e-05,0.698,0.575,1.097,0.2391,0,2025-06-16,2.87,2025-10-10,1209.25,1099.35,9.09,15,1,0,1280.85,5.45,1,1,2025-11-03,1350.6,14.55,1,1,96,11.69,9.48,2025-11-04,1365.0,0.6239,30.81,49.17,113.33,2026-02-23,13.7,76,0,132.6,-8.93
KMEW,L180,1,66ef6ac38ffc,0,239,2024-12-05,1189.7,2025-04-07,657.65,44.72,168,0.581,0.768,3.688e-05,0.696,0.494,1.362,0.5012,1,2025-07-18,9.37,2025-10-10,1209.25,1099.35,9.09,15,1,0,1280.85,5.45,1,1,2025-11-03,1350.6,14.55,1,1,72,11.69,9.48,2025-11-04,1365.0,0.5043,30.81,49.17,113.33,2026-02-23,13.7,76,0,132.6,-8.93
KMEW,L250,1,66ef6ac38ffc,0,239,2024-12-05,1189.7,2025-04-07,657.65,44.72,168,0.581,0.768,3.688e-05,0.696,0.494,1.362,0.5012,1,2025-07-18,9.37,2025-10-10,1209.25,1099.35,9.09,15,1,0,1280.85,5.45,1,1,2025-11-03,1350.6,14.55,1,1,72,11.69,9.48,2025-11-04,1365.0,0.5043,30.81,49.17,113.33,2026-02-23,13.7,76,0,132.6,-8.93
KMEW,VAR,1,66ef6ac38ffc,0,239,2024-12-05,1189.7,2025-04-07,657.65,44.72,138,0.613,0.88,5.943e-05,0.697,0.522,1.104,0.4608,0,2025-06-25,3.2,2025-10-10,1209.25,1099.35,9.09,15,1,0,1280.85,5.45,1,1,2025-11-03,1350.6,14.55,1,1,89,11.69,9.48,2025-11-04,1365.0,0.6079,30.81,49.17,113.33,2026-02-23,13.7,76,0,132.6,-8.93
KNAGRI,L120,0,20cbba8330ec,0,647,2024-01-19,169.15,2024-03-13,117.3,30.65,120,0.336,0.712,1.329e-04,0.425,0.4,0.81,0.5352,0,2024-07-15,2.17,2024-11-08,280.85,259.25,7.69,15,1,0,300.9,-3.56,1,0,2024-12-03,290.2,4.43,0,0,96,3.33,0.4,2024-12-04,290.2,0.2598,-19.06,-14.97,-29.96,2024-12-23,-5.31,14,0,6.82,-40.52
KNRCON,L180,0,645f62202efe,0,3131,2020-01-30,152.3,2020-04-07,91.4,39.99,180,0.363,0.708,4.598e-05,0.566,0.556,0.991,0.0833,0,2020-09-18,5.13,2020-11-26,159.1,142.55,10.4,15,1,0,170.55,-4.28,1,0,2020-12-18,163.25,16.95,1,1,63,2.61,6.03,2020-12-21,163.25,0.3544,25.76,37.34,74.73,2021-04-23,19.54,83,0,110.66,-8.06
KOKUYOCMLN,L120,0,fbdcda6f49d3,1,2308,2017-07-10,117.35,2017-09-27,87.7,25.27,120,0.563,0.738,7.993e-05,0.463,0.45,1.163,0.4338,0,2017-12-13,2.31,2017-12-15,143.0,129.25,9.62,15,0,0,146.7,-0.17,1,0,2018-01-08,146.45,4.04,0,0,17,8.04,3.04,2018-01-09,146.45,0.3954,-18.27,-36.67,-24.79,2018-02-02,-16.05,18,0,7.2,-39.91
KOLTEPATIL,L180,0,48231096cf14,0,3839,2022-10-20,377.8,2023-03-28,232.2,38.54,180,0.698,0.726,3.358e-05,0.589,0.467,2.756,0.4883,1,2023-06-19,11.16,2023-06-16,370.25,326.95,11.69,15,1,0,383.3,-0.31,1,0,2023-07-10,382.1,4.89,0,0,14,4.81,7.49,2023-07-11,384.6,0.4179,21.74,34.58,7.02,2023-09-20,12.79,50,0,52.11,-5.93
KOLTEPATIL,VAR,0,48231096cf14,0,3839,2022-10-20,377.8,2023-03-28,232.2,38.54,157,0.699,0.706,3.761e-05,0.595,0.535,3.163,0.4975,1,2023-06-08,12.38,2023-06-16,370.25,326.95,11.69,15,1,0,383.3,-0.31,1,0,2023-07-10,382.1,4.89,0,0,21,4.81,7.49,2023-07-11,384.6,0.4644,21.74,34.58,7.02,2023-09-20,12.79,50,0,52.11,-5.93
KOTAKBANK,L120,0,8142a6197bb2,0,3974,2020-02-12,343.0,2020-03-23,219.6,35.98,120,0.345,0.708,7.209e-05,0.638,0.433,2.378,0.0838,1,2020-07-17,556.78,2021-01-14,382.1,342.6,10.34,15,0,0,403.6,-1.76,1,0,2021-02-05,396.5,3.31,0,0,141,3.77,916.72,2021-02-08,400.0,0.3081,-10.97,-15.72,-8.25,2021-02-26,-10.97,15,0,12.65,-18.7
KPITTECH,L120,0,672818cfa740,0,413,2020-01-17,104.4,2020-03-26,34.85,66.62,120,0.445,0.704,1.739e-04,0.639,0.433,1.356,0.1848,1,2020-07-06,3.37,2020-11-26,114.05,101.7,10.83,15,1,0,124.45,-3.86,1,0,2020-12-18,119.65,9.49,1,1,117,7.36,4.49,2020-12-21,119.0,0.2323,32.1,98.82,331.76,2021-10-25,157.61,209,0,346.22,-12.31
KPITTECH,L180,0,672818cfa740,0,869,2022-01-10,745.55,2022-06-20,454.45,39.05,180,0.626,0.705,2.923e-05,0.586,0.472,0.873,0.2492,0,2022-09-26,86.97,2022-09-29,681.45,645.55,5.27,15,1,0,745.55,-4.51,1,0,2022-10-21,711.95,5.39,1,0,18,9.04,131.97,2022-10-24,720.0,0.3307,-2.47,18.52,55.6,2022-12-23,-9.66,43,0,71.94,-13.53
KPITTECH,VAR,0,672818cfa740,0,413,2020-01-17,104.4,2020-03-26,34.85,66.62,100,0.485,0.737,2.167e-04,0.699,0.52,1.415,0.3357,1,2020-06-15,3.11,2020-11-26,114.05,101.7,10.83,15,1,0,124.45,-3.86,1,0,2020-12-18,119.65,9.49,1,1,132,7.36,4.49,2020-12-21,119.0,0.4171,32.1,98.82,331.76,2021-10-25,157.61,209,0,346.22,-12.31
KPITTECH,VAR,0,672818cfa740,0,869,2022-01-10,745.55,2022-06-20,454.45,39.05,157,0.699,0.721,2.845e-05,0.672,0.529,0.843,0.2962,0,2022-08-26,73.59,2022-09-29,681.45,645.55,5.27,15,1,0,745.55,-4.51,1,0,2022-10-21,711.95,5.39,1,0,38,9.04,131.97,2022-10-24,720.0,0.3341,-2.47,18.52,55.6,2022-12-23,-9.66,43,0,71.94,-13.53
KRBL,L120,0,fdf4c019131d,0,1425,2010-04-29,29.05,2010-08-17,22.1,23.92,120,0.697,0.818,1.085e-04,0.406,0.5,3.004,0.6219,1,2010-10-07,5.48,2010-09-20,38.05,34.8,8.54,15,1,0,38.05,7.49,1,1,2010-10-11,40.9,4.54,0,0,2,10.09,5.1,2010-10-12,42.0,0.4964,-4.52,-34.05,-39.17,2010-11-16,5.6,26,0,30.12,-49.88
KRISHNADEF,L120,0,6c0b44e1ed74,0,916,2025-06-06,963.87,2025-09-09,731.87,24.07,120,0.563,0.713,2.856e-05,0.693,0.475,0.947,0.1535,0,2025-11-25,2.1,2026-01-07,986.85,888.45,9.97,15,0,0,1094.06,-2.27,1,0,2026-01-30,1069.25,6.43,1,0,45,8.35,13.3,2026-02-02,1002.7,0.3149,5.09,21.54,7.7,2026-03-16,-7.16,30,0,39.62,-21.32
KRISHNADEF,VAR,0,6c0b44e1ed74,0,916,2025-06-06,963.87,2025-09-09,731.87,24.07,116,0.565,0.749,3.315e-05,0.675,0.474,0.956,0.1726,0,2025-11-21,2.1,2026-01-07,986.85,888.45,9.97,15,0,0,1094.06,-2.27,1,0,2026-01-30,1069.25,6.43,1,0,47,8.35,13.3,2026-02-02,1002.7,0.3592,5.09,21.54,7.7,2026-03-16,-7.16,30,0,39.62,-21.32
KSB,L250,0,f5de8c92e01f,0,3156,2016-07-11,152.35,2016-11-21,113.5,25.5,250,0.353,0.751,1.211e-05,0.408,0.596,1.271,0.3129,1,2017-07-13,2.21,2017-09-22,151.0,142.2,5.83,15,1,1,160.35,-3.55,1,0,2017-10-16,154.65,4.21,0,0,64,2.62,0.84,2017-10-17,152.6,0.4188,16.55,2.39,-4.13,2018-02-06,6.62,77,0,22.94,-11.66
KSCL,L120,0,85e4991fa84c,0,4309,2024-09-10,1175.55,2024-10-25,819.8,30.26,120,0.429,0.701,4.054e-05,0.694,0.617,0.589,0.3367,0,2025-02-01,7.37,2025-02-20,1067.4,975.9,8.57,15,0,0,1175.55,-4.57,1,0,2025-03-17,1121.8,3.54,0,0,29,7.69,16.75,2025-03-18,1125.0,0.4533,18.06,3.96,-31.88,2025-06-17,15.51,61,0,42.4,-37.32
LAOPALA,L120,0,f8ca7fe5a095,0,3839,2022-04-11,376.76,2022-06-16,239.92,36.32,120,0.597,0.709,7.968e-05,0.609,0.517,0.904,0.3782,0,2022-08-25,6.73,2022-10-20,403.09,379.63,5.82,15,1,0,426.89,-2.76,1,0,2022-11-14,415.11,5.09,1,0,53,2.98,10.26,2022-11-15,418.81,0.4301,-13.41,-13.7,-3.64,2022-12-22,-11.93,28,0,11.49,-24.01
LEMONTREE,L120,0,d3ec57db7179,0,1316,2022-11-30,100.9,2022-12-23,72.05,28.59,120,0.311,0.706,4.006e-05,0.679,0.617,0.669,0.2907,0,2023-04-26,39.5,2023-07-11,92.7,90.45,2.43,15,1,1,100.9,-4.21,1,0,2023-08-01,96.65,6.87,1,0,67,4.6,22.38,2023-08-02,96.7,0.3232,14.12,43.17,44.41,2023-10-25,11.17,57,0,63.39,-4.34
LEMONTREE,L120,0,d3ec57db7179,0,1798,2024-07-09,150.62,2024-10-07,114.03,24.29,120,0.513,0.707,6.973e-05,0.511,0.408,1.055,0.4937,0,2024-12-31,67.65,2025-06-19,146.79,133.43,9.1,15,1,1,159.02,-0.57,1,0,2025-07-10,158.11,15.66,1,1,131,8.29,20.06,2025-07-11,156.32,0.3748,6.98,-1.49,-26.84,2025-08-05,-8.11,18,0,15.58,-36.28
LEMONTREE,VAR,1,d3ec57db7179,0,227,2018-08-06,84.7,2018-12-10,65.1,23.14,123,0.664,0.71,2.480e-05,0.674,0.618,0.92,0.3965,0,2019-02-06,2.22,2019-02-14,80.25,71.3,11.15,15,0,0,84.7,1.3,1,1,2019-03-08,85.8,9.27,1,1,21,6.92,1.98,2019-03-11,85.6,0.341,-19.33,-38.03,-56.89,2019-05-06,-14.78,36,0,4.32,-63.96
LGBBROSLTD,L120,0,7c50bb390972,0,4682,2023-07-14,1225.35,2023-08-29,980.25,20.0,120,0.37,0.733,5.511e-05,0.46,0.458,0.987,0.3977,0,2023-12-18,7.56,2023-12-21,1317.1,1246.7,5.35,15,1,0,1338.4,1.7,1,1,2024-01-12,1361.1,5.93,1,0,18,3.34,3.66,2024-01-15,1370.0,0.2828,-8.31,2.54,-10.58,2024-02-12,-11.19,20,0,14.95,-19.56
LGBBROSLTD,VAR,0,7c50bb390972,0,4659,2023-07-14,1225.35,2023-08-29,980.25,20.0,101,0.31,0.708,6.172e-05,0.455,0.535,1.018,0.3718,0,2023-12-08,7.24,2023-11-17,1212.0,1110.2,8.4,15,1,0,1225.35,3.82,1,1,2023-12-11,1272.1,3.33,0,0,1,4.96,7.26,2023-12-12,1287.0,0.2526,-9.55,-6.4,5.06,2024-02-12,-5.46,43,0,22.36,-14.37
LICI,L120,0,9c7bc96d5d33,0,415,2022-12-20,361.55,2023-03-29,259.8,28.14,120,0.597,0.84,4.451e-05,0.694,0.592,0.662,0.4939,0,2023-06-12,47.8,2023-12-26,419.55,381.7,9.02,15,1,0,428.15,1.86,1,1,2024-01-16,436.1,4.34,0,0,149,4.43,258.45,2024-01-17,430.9,0.6138,9.03,19.89,-3.07,2024-03-13,3.16,40,0,38.55,-8.53
LICI,L180,0,9c7bc96d5d33,0,415,2022-12-20,361.55,2023-03-29,259.8,28.14,180,0.391,0.757,2.886e-05,0.518,0.411,0.65,0.4167,0,2023-09-07,48.96,2023-12-26,419.55,381.7,9.02,15,1,0,428.15,1.86,1,1,2024-01-16,436.1,4.34,0,0,88,4.43,258.45,2024-01-17,430.9,0.3459,9.03,19.89,-3.07,2024-03-13,3.16,40,0,38.55,-8.53
LINDEINDIA,L120,0,cad815102846,0,3876,2020-02-20,779.8,2020-03-23,413.5,46.97,120,0.395,0.704,1.048e-04,0.596,0.4,0.617,0.6215,0,2020-07-09,4.47,2020-08-26,760.15,684.25,9.98,15,1,0,791.15,2.96,1,1,2020-09-16,814.6,14.74,1,1,49,11.32,4.22,2020-09-17,819.0,0.2934,10.95,98.59,213.9,2021-01-27,9.82,91,0,237.87,-13.92
LMW,L120,0,db404d68ed37,0,4568,2022-12-13,13957.6,2023-03-28,9962.6,28.62,120,0.697,0.851,4.131e-05,0.675,0.533,1.877,0.2987,1,2023-05-24,9.26,2023-06-09,13154.0,12162.95,7.53,15,0,0,13957.6,-3.56,1,0,2023-07-03,13460.75,4.44,0,0,27,6.25,7.89,2023-07-04,13460.75,0.4957,9.11,-1.94,23.07,2023-08-17,-4.18,32,0,32.19,-5.49
LMW,VAR,0,db404d68ed37,0,4568,2022-12-13,13957.6,2023-03-28,9962.6,28.62,106,0.695,0.779,4.383e-05,0.665,0.575,1.958,0.2669,1,2023-05-18,9.7,2023-06-09,13154.0,12162.95,7.53,15,0,0,13957.6,-3.56,1,0,2023-07-03,13460.75,4.44,0,0,31,6.25,7.89,2023-07-04,13460.75,0.4442,9.11,-1.94,23.07,2023-08-17,-4.18,32,0,32.19,-5.49
LT,L120,0,f61e97e47c49,0,4452,2020-01-30,1370.2,2020-03-24,707.9,48.34,120,0.429,0.778,8.730e-05,0.696,0.45,1.804,0.2325,1,2020-07-06,488.94,2021-01-11,1448.85,1334.7,7.88,15,1,0,1596.0,-4.75,1,0,2021-02-02,1520.2,3.6,0,0,147,4.92,559.53,2021-02-03,1530.0,0.436,-12.58,4.31,27.32,2021-03-18,-6.66,31,0,35.85,-14.64
LT,L120,0,f61e97e47c49,0,5628,2024-12-10,3923.15,2025-04-09,3054.15,22.15,120,0.697,0.781,4.337e-05,0.548,0.408,1.093,0.2837,0,2025-06-04,720.05,2025-10-08,3972.8,3729.8,6.12,15,1,1,3972.8,0.37,1,1,2025-10-30,3987.5,3.05,0,0,102,0.74,607.67,2025-10-31,4001.1,0.2256,-5.18,0.91,-1.75,2026-01-13,-2.84,51,0,10.97,-17.82
LT,L180,0,f61e97e47c49,0,4452,2020-01-30,1370.2,2020-03-24,707.9,48.34,180,0.413,0.707,3.514e-05,0.698,0.406,1.59,0.1409,1,2020-08-26,352.82,2021-01-11,1448.85,1334.7,7.88,15,1,0,1596.0,-4.75,1,0,2021-02-02,1520.2,3.6,0,0,110,4.92,559.53,2021-02-03,1530.0,0.2687,-12.58,4.31,27.32,2021-03-18,-6.66,31,0,35.85,-14.64
LT,L250,0,f61e97e47c49,0,4452,2019-11-21,1392.7,2020-03-24,707.9,49.17,250,0.361,0.709,1.791e-05,0.694,0.452,1.57,0.1431,1,2020-11-11,502.0,2021-01-11,1448.85,1334.7,7.88,15,1,0,1596.0,-4.75,1,0,2021-02-02,1520.2,3.6,0,0,56,4.92,559.53,2021-02-03,1530.0,0.2531,-12.58,4.31,27.32,2021-03-18,-6.66,31,0,35.85,-14.64
LT,VAR,0,f61e97e47c49,0,4452,2019-11-21,1392.7,2020-03-24,707.9,49.17,245,0.352,0.702,1.857e-05,0.69,0.461,1.568,0.1331,1,2020-11-10,482.07,2021-01-11,1448.85,1334.7,7.88,15,1,0,1596.0,-4.75,1,0,2021-02-02,1520.2,3.6,0,0,57,4.92,559.53,2021-02-03,1530.0,0.2403,-12.58,4.31,27.32,2021-03-18,-6.66,31,0,35.85,-14.64
LT,VAR,0,f61e97e47c49,0,5628,2024-12-09,3947.3,2025-04-09,3054.15,22.63,121,0.7,0.791,4.339e-05,0.552,0.413,1.088,0.2837,0,2025-06-04,720.05,2025-10-08,3972.8,3729.8,6.12,15,1,1,3972.8,0.37,1,1,2025-10-30,3987.5,3.05,0,0,102,0.74,607.67,2025-10-31,4001.1,0.2423,-5.18,0.91,-1.75,2026-01-13,-2.84,51,0,10.97,-17.82
LTF,L120,0,d50488d07d1a,0,3398,2024-10-01,185.15,2025-01-13,128.82,30.42,120,0.681,0.747,4.153e-05,0.696,0.75,0.573,0.3202,0,2025-03-06,49.63,2025-05-15,175.22,168.47,3.85,15,1,1,187.1,-2.0,1,0,2025-06-05,183.36,3.48,0,0,58,4.65,81.36,2025-06-06,185.1,0.3974,20.25,66.53,40.65,2026-01-12,59.99,151,0,77.98,-2.43
LTF,L180,0,d50488d07d1a,0,302,2012-02-21,42.89,2012-05-14,33.42,22.08,180,0.369,0.71,2.405e-05,0.489,0.444,0.469,0.4216,0,2012-10-25,9.25,2012-10-15,45.91,42.65,7.1,15,1,0,45.91,5.34,1,1,2012-11-07,48.36,5.34,1,0,8,6.47,10.55,2012-11-08,47.67,0.2592,35.79,36.82,32.26,2013-01-30,38.18,56,0,66.25,-8.85
LTF,L180,0,d50488d07d1a,0,3398,2024-10-01,185.15,2025-01-13,128.82,30.42,180,0.547,0.702,3.141e-05,0.543,0.55,0.683,0.2546,0,2025-05-15,94.53,2025-05-15,175.22,168.47,3.85,15,1,1,187.1,-2.0,1,0,2025-06-05,183.36,3.48,0,0,15,4.65,81.36,2025-06-06,185.1,0.4382,20.25,66.53,40.65,2026-01-12,59.99,151,0,77.98,-2.43
LTF,L250,0,d50488d07d1a,0,3411,2024-07-01,187.1,2025-01-13,128.82,31.15,250,0.57,0.704,1.955e-05,0.531,0.404,0.702,0.2465,0,2025-06-20,108.04,2025-06-03,194.77,173.52,10.91,15,0,0,194.77,2.72,1,1,2025-06-24,200.06,3.06,0,0,2,3.5,113.56,2025-06-25,204.0,0.2989,21.26,47.45,51.96,2026-01-12,45.17,138,0,61.5,-4.71
LTTS,L120,0,b6f720e4026c,0,1000,2020-02-20,1743.0,2020-03-23,1018.25,41.58,120,0.395,0.71,7.903e-05,0.663,0.408,1.228,0.2469,1,2020-07-09,11.67,2020-09-21,1665.0,1586.95,4.69,15,1,1,1774.6,1.99,1,1,2020-10-13,1809.95,11.77,1,1,67,9.83,24.76,2020-10-14,1792.9,0.3003,33.5,58.44,168.67,2021-04-22,42.32,129,0,178.88,-10.48
LUMAXTECH,L180,0,a092403f7870,0,4283,2023-08-08,441.8,2023-10-26,344.15,22.1,180,0.419,0.701,1.848e-05,0.346,0.433,1.105,0.346,0,2024-03-26,10.4,2024-05-17,491.8,453.95,7.7,15,1,1,495.5,2.15,1,1,2024-06-07,506.15,5.31,1,0,49,3.7,6.84,2024-06-10,508.2,0.2798,1.63,3.87,97.28,2024-08-14,2.46,46,0,107.56,-11.65
LUMAXTECH,L180,0,a092403f7870,0,4606,2025-01-02,672.9,2025-04-07,475.0,29.41,180,0.654,0.701,5.388e-05,0.339,0.411,1.523,0.6522,1,2025-07-08,21.42,2025-09-03,1176.4,1048.0,10.91,15,0,0,1240.9,1.41,1,1,2025-09-24,1258.4,9.64,1,1,54,6.97,14.7,2025-09-25,1260.0,0.2847,25.78,25.02,54.56,2026-01-19,17.4,78,0,70.53,-11.11
LUPIN,L120,0,0f4ef820090f,0,1105,2008-10-03,154.04,2008-11-20,107.04,30.51,120,0.462,0.72,4.473e-05,0.7,0.475,0.583,0.1584,0,2009-02-26,4.51,2009-06-04,175.7,163.27,7.07,15,1,0,175.7,1.85,1,1,2009-06-25,178.95,3.36,0,0,77,3.11,7.7,2009-06-26,180.0,0.3886,19.96,68.78,114.44,2010-08-12,101.31,280,0,119.33,-14.68
M&MFIN,L120,0,588d81e16da5,0,2539,2015-07-07,163.65,2015-11-02,123.15,24.75,120,0.689,0.849,3.269e-05,0.692,0.608,0.692,0.0719,0,2015-12-28,15.16,2016-06-10,187.45,172.5,7.98,15,1,0,190.5,4.72,1,1,2016-07-01,199.5,3.3,0,0,127,6.43,37.4,2016-07-04,200.65,0.4273,-1.15,-27.66,1.07,2016-07-15,-10.19,9,0,13.83,-32.59
M&MFIN,L120,0,588d81e16da5,0,2801,2016-10-03,217.2,2016-12-26,138.7,36.14,120,0.563,0.701,5.796e-05,0.674,0.583,0.903,0.2189,0,2017-03-10,42.87,2017-07-04,209.25,196.85,5.93,15,1,1,218.85,2.9,1,1,2017-07-25,225.2,10.43,1,1,92,10.2,48.85,2017-07-26,225.25,0.4744,5.15,22.06,28.92,2017-09-22,2.71,41,0,34.58,-3.49
M&MFIN,VAR,0,588d81e16da5,0,2801,2016-10-03,217.2,2016-12-26,138.7,36.14,90,0.629,0.856,1.316e-04,0.648,0.6,0.921,0.3323,0,2017-02-10,53.03,2017-07-04,209.25,196.85,5.93,15,1,1,218.85,2.9,1,1,2017-07-25,225.2,10.43,1,1,111,10.2,48.85,2017-07-26,225.25,0.6166,5.15,22.06,28.92,2017-09-22,2.71,41,0,34.58,-3.49
MADRASFERT,VAR,0,006c3a9670d6,0,2205,2022-12-20,93.05,2023-02-27,54.3,41.64,90,0.539,0.828,1.635e-04,0.55,0.6,1.12,0.5437,0,2023-05-03,10.13,2023-11-10,81.75,76.25,6.73,15,1,1,93.05,0.11,1,1,2023-12-04,93.15,31.46,1,1,147,13.94,3.31,2023-12-05,93.25,0.6959,3.32,0.86,10.39,2024-02-12,2.95,48,0,43.7,-19.09
MAHLIFE,L180,0,3ebb4248ccf8,0,4603,2022-10-04,434.65,2023-03-28,301.3,30.68,180,0.698,0.765,3.192e-05,0.513,0.517,1.229,0.6006,1,2023-06-19,8.62,2023-07-31,477.65,458.5,4.01,15,1,1,495.9,-2.13,1,0,2023-08-22,485.35,16.33,1,1,44,3.51,5.71,2023-08-23,491.55,0.3975,-4.47,4.32,10.47,2023-09-27,-0.65,25,0,26.87,-11.22
MAHLIFE,L250,0,3ebb4248ccf8,0,4603,2022-09-12,495.9,2023-03-28,301.3,39.24,250,0.659,0.718,2.292e-05,0.511,0.5,0.876,0.4942,0,2023-08-02,6.46,2023-07-31,477.65,458.5,4.01,15,1,1,495.9,-2.13,1,0,2023-08-22,485.35,16.33,1,1,13,3.51,5.71,2023-08-23,491.55,0.3849,-4.47,4.32,10.47,2023-09-27,-0.65,25,0,26.87,-11.22
MAHLIFE,VAR,0,3ebb4248ccf8,0,4603,2022-09-12,495.9,2023-03-28,301.3,39.24,196,0.697,0.833,3.229e-05,0.529,0.638,1.043,0.5564,0,2023-06-26,8.62,2023-07-31,477.65,458.5,4.01,15,1,1,495.9,-2.13,1,0,2023-08-22,485.35,16.33,1,1,39,3.51,5.71,2023-08-23,491.55,0.5538,-4.47,4.32,10.47,2023-09-27,-0.65,25,0,26.87,-11.22
MAHSCOOTER,L120,0,b63a0bfcf5d0,0,5003,2024-10-21,12351.2,2025-01-28,9057.05,26.67,120,0.689,0.838,3.643e-05,0.694,0.742,0.912,0.1487,0,2025-03-21,6.87,2025-04-23,11761.0,10799.0,8.18,15,1,0,12533.15,-1.62,1,0,2025-05-15,12330.0,5.77,1,0,34,5.32,7.92,2025-05-16,12448.0,0.4412,17.31,17.68,-6.39,2025-10-28,30.02,114,0,48.92,-12.43
MAHSCOOTER,L180,0,b63a0bfcf5d0,0,5019,2024-09-25,12533.15,2025-01-28,9057.05,27.74,180,0.547,0.71,3.740e-05,0.48,0.522,0.919,0.3026,0,2025-05-29,9.1,2025-05-16,13888.0,12572.0,9.48,15,0,0,13888.0,2.99,1,1,2025-06-06,14303.0,5.4,1,0,6,5.62,15.4,2025-06-09,14349.0,0.4182,14.11,-0.84,-12.71,2025-10-28,12.8,98,0,29.19,-24.03
MAHSCOOTER,VAR,0,b63a0bfcf5d0,0,5003,2024-09-25,12533.15,2025-01-28,9057.05,27.74,122,0.694,0.856,3.743e-05,0.697,0.73,0.893,0.1487,0,2025-03-21,6.87,2025-04-23,11761.0,10799.0,8.18,15,1,0,12533.15,-1.62,1,0,2025-05-15,12330.0,5.77,1,0,34,5.32,7.92,2025-05-16,12448.0,0.4639,17.31,17.68,-6.39,2025-10-28,30.02,114,0,48.92,-12.43
MAHSEAMLES,L120,0,df0fb59445ac,0,4548,2022-10-17,436.7,2022-12-23,286.5,34.39,120,0.437,0.75,4.895e-05,0.688,0.45,0.763,0.3877,0,2023-03-31,7.56,2023-05-12,453.5,434.55,4.18,15,1,1,453.5,3.54,1,1,2023-06-02,469.55,3.82,0,0,41,4.97,14.85,2023-06-05,483.95,0.4477,6.47,90.47,28.87,2023-08-16,-2.26,51,0,126.68,-8.17
MAHSEAMLES,VAR,0,df0fb59445ac,0,4548,2022-10-17,436.7,2022-12-23,286.5,34.39,111,0.427,0.741,5.350e-05,0.697,0.486,0.78,0.3895,0,2023-03-24,7.36,2023-05-12,453.5,434.55,4.18,15,1,1,453.5,3.54,1,1,2023-06-02,469.55,3.82,0,0,45,4.97,14.85,2023-06-05,483.95,0.4579,6.47,90.47,28.87,2023-08-16,-2.26,51,0,126.68,-8.17
MANINFRA,L120,0,48030d0fc002,0,3299,2022-09-05,95.77,2022-12-23,69.24,27.7,120,0.664,0.809,3.926e-05,0.683,0.4,0.979,0.3304,0,2023-02-20,5.09,2023-07-03,113.05,107.75,4.69,15,1,1,124.3,-4.03,1,0,2023-07-24,119.29,9.47,1,1,103,5.7,9.66,2023-07-25,120.56,0.3243,34.26,81.61,62.18,2023-11-07,14.82,72,0,104.03,-3.74
MANYAVAR,L120,0,aeeeca6ac488,0,666,2023-12-08,1432.87,2024-03-20,873.92,39.01,120,0.639,0.931,7.291e-05,0.697,0.675,1.166,0.2076,0,2024-05-28,27.14,2024-10-10,1343.37,1238.14,7.83,15,1,1,1432.87,-3.21,1,0,2024-10-31,1386.86,5.07,1,0,108,4.24,13.06,2024-11-01,1388.19,0.6798,-23.82,-44.27,-53.51,2024-12-20,-7.41,34,0,7.77,-54.4
MANYAVAR,L180,0,aeeeca6ac488,0,666,2023-12-08,1432.87,2024-03-20,873.92,39.01,180,0.581,0.704,3.093e-05,0.662,0.533,1.112,0.1608,0,2024-07-12,15.29,2024-10-10,1343.37,1238.14,7.83,15,1,1,1432.87,-3.21,1,0,2024-10-31,1386.86,5.07,1,0,76,4.24,13.06,2024-11-01,1388.19,0.4141,-23.82,-44.27,-53.51,2024-12-20,-7.41,34,0,7.77,-54.4
MANYAVAR,L250,0,aeeeca6ac488,0,666,2023-12-08,1432.87,2024-03-20,873.92,39.01,250,0.458,0.704,2.387e-05,0.531,0.412,0.982,0.1994,0,2024-10-09,23.84,2024-10-10,1343.37,1238.14,7.83,15,1,1,1432.87,-3.21,1,0,2024-10-31,1386.86,5.07,1,0,16,4.24,13.06,2024-11-01,1388.19,0.3534,-23.82,-44.27,-53.51,2024-12-20,-7.41,34,0,7.77,-54.4
MANYAVAR,VAR,0,aeeeca6ac488,0,666,2023-12-08,1432.87,2024-03-20,873.92,39.01,107,0.642,0.933,8.395e-05,0.694,0.71,1.385,0.2279,1,2024-05-21,29.28,2024-10-10,1343.37,1238.14,7.83,15,1,1,1432.87,-3.21,1,0,2024-10-31,1386.86,5.07,1,0,113,4.24,13.06,2024-11-01,1388.19,0.6943,-23.82,-44.27,-53.51,2024-12-20,-7.41,34,0,7.77,-54.4
MAPMYINDIA,L120,0,9314deeaa35c,0,439,2022-10-10,1395.88,2023-01-06,1022.28,26.76,120,0.613,0.841,4.035e-05,0.699,0.475,0.72,0.1343,0,2023-03-15,4.83,2023-09-05,1767.65,1626.94,7.96,15,1,1,1842.28,2.62,1,1,2023-09-27,1890.48,9.44,1,1,132,6.95,12.66,2023-09-28,1905.38,0.4308,5.69,-4.78,11.65,2023-12-26,4.4,59,0,43.72,-16.32
MAPMYINDIA,L180,0,9314deeaa35c,0,439,2022-10-10,1395.88,2023-03-31,986.87,29.3,180,0.698,0.757,2.078e-05,0.646,0.528,1.274,0.5385,1,2023-06-21,11.23,2023-09-05,1767.65,1626.94,7.96,15,1,1,1842.28,2.62,1,1,2023-09-27,1890.48,9.44,1,1,67,6.95,12.66,2023-09-28,1905.38,0.391,5.69,-4.78,11.65,2023-12-26,4.4,59,0,43.72,-16.32
MAPMYINDIA,L250,0,9314deeaa35c,0,439,2022-09-12,1417.46,2023-03-31,986.87,30.38,250,0.627,0.706,2.205e-05,0.51,0.4,1.575,0.505,1,2023-08-17,19.1,2023-09-05,1767.65,1626.94,7.96,15,1,1,1842.28,2.62,1,1,2023-09-27,1890.48,9.44,1,1,28,6.95,12.66,2023-09-28,1905.38,0.3169,5.69,-4.78,11.65,2023-12-26,4.4,59,0,43.72,-16.32
MARICO,L120,0,744692a44b35,0,3012,2016-09-08,300.05,2016-12-26,239.15,20.3,120,0.689,0.756,2.692e-05,0.687,0.45,0.932,0.1046,0,2017-02-16,25.17,2017-02-22,293.15,268.9,8.27,15,1,0,300.85,-2.41,1,0,2017-03-17,293.6,3.26,0,0,19,0.15,31.29,2017-03-20,296.2,0.1872,6.63,9.37,9.99,2017-08-29,5.55,111,0,17.72,-5.42
MARICO,VAR,0,744692a44b35,0,3012,2016-08-19,300.85,2016-12-26,239.15,20.51,124,0.691,0.761,2.525e-05,0.693,0.435,0.986,0.1154,0,2017-02-17,25.17,2017-02-22,293.15,268.9,8.27,15,1,0,300.85,-2.41,1,0,2017-03-17,293.6,3.26,0,0,18,0.15,31.29,2017-03-20,296.2,0.1824,6.63,9.37,9.99,2017-08-29,5.55,111,0,17.72,-5.42
MARUTI,L120,0,2d3085e28af4,0,3208,2015-11-23,4736.25,2016-02-29,3236.5,31.67,120,0.563,0.82,4.700e-05,0.699,0.408,1.311,0.0546,1,2016-05-19,321.58,2016-07-07,4558.15,4141.1,9.15,15,1,1,4746.75,0.35,1,1,2016-07-28,4763.5,3.69,0,0,49,4.51,224.41,2016-07-29,4751.0,0.4291,23.35,19.97,64.08,2016-11-09,13.51,68,0,66.7,-0.64
MARUTI,VAR,0,2d3085e28af4,0,2559,2013-05-20,1742.25,2013-08-28,1236.35,29.04,104,0.68,0.767,4.814e-05,0.697,0.413,1.064,0.123,0,2013-10-17,73.78,2013-11-13,1682.55,1579.5,6.12,15,1,1,1742.25,-2.42,1,0,2013-12-05,1700.15,3.35,0,0,33,3.68,99.27,2013-12-06,1705.75,0.2388,-7.24,37.0,94.04,2014-01-27,-0.2,36,0,101.67,-9.69
MARUTI,VAR,0,2d3085e28af4,0,5449,2024-09-27,13495.6,2024-12-24,10736.6,20.44,90,0.663,0.858,8.695e-05,0.52,0.533,0.86,0.4493,0,2025-02-04,540.69,2025-07-25,12936.0,12302.0,4.9,15,1,1,13495.6,4.24,1,1,2025-08-18,14068.0,8.63,1,0,131,8.75,319.77,2025-08-19,14070.0,0.4756,11.47,7.65,-3.47,2025-11-03,11.24,52,0,23.45,-13.28
MAXIND,L120,0,bbe56095fd19,0,905,2023-08-01,183.85,2023-10-26,133.6,27.33,120,0.521,0.722,9.807e-05,0.459,0.533,0.717,0.5453,0,2024-01-18,3.05,2024-04-03,237.5,209.9,11.62,15,0,0,237.5,3.94,1,1,2024-04-26,246.85,4.84,0,0,64,5.0,1.16,2024-04-29,247.0,0.5051,27.21,7.47,-26.4,2024-08-19,15.45,76,0,36.84,-31.58
MCLEODRUSS,L250,0,505841168a70,0,1091,2008-08-04,95.4,2008-12-02,35.6,62.68,250,0.406,0.701,5.924e-05,0.465,0.4,1.367,0.3754,1,2009-07-15,7.27,2009-12-11,274.15,249.0,9.17,15,1,0,280.85,7.6,1,1,2010-01-06,302.2,5.79,1,0,116,10.23,10.71,2010-01-07,303.0,0.1999,-14.59,-30.31,-27.49,2010-01-22,-15.46,12,0,2.72,-45.5
MEDANTA,L250,0,340abb0d976b,0,671,2024-04-29,1457.38,2024-10-07,966.55,33.68,250,0.534,0.702,1.163e-05,0.65,0.472,0.769,0.1791,0,2025-03-25,31.0,2025-07-18,1354.91,1289.94,4.8,15,1,0,1486.52,-4.29,1,0,2025-08-08,1422.69,25.85,1,1,93,7.25,25.21,2025-08-11,1419.29,0.3911,-11.8,-20.89,-0.3,2025-09-26,-8.43,33,0,5.05,-32.64
MEDANTA,VAR,0,340abb0d976b,0,671,2024-04-29,1457.38,2024-10-07,966.55,33.68,210,0.522,0.707,1.388e-05,0.673,0.562,0.714,0.1772,0,2025-02-27,37.28,2025-07-18,1354.91,1289.94,4.8,15,1,0,1486.52,-4.29,1,0,2025-08-08,1422.69,25.85,1,1,109,7.25,25.21,2025-08-11,1419.29,0.4843,-11.8,-20.89,-0.3,2025-09-26,-8.43,33,0,5.05,-32.64
MHRIL,L120,0,7aca6cfc723b,0,3243,2021-11-11,263.35,2021-12-30,186.9,29.03,120,0.462,0.705,5.862e-05,0.561,0.583,1.22,0.3501,1,2022-04-04,6.35,2022-08-10,269.4,252.1,6.42,15,0,0,290.05,-2.07,1,0,2022-09-02,284.05,7.23,1,0,103,7.78,12.77,2022-09-05,289.5,0.498,0.24,-4.42,40.16,2022-12-22,-10.45,76,0,45.89,-16.89
MHRIL,VAR,0,7aca6cfc723b,0,3243,2021-11-11,263.35,2021-12-30,186.9,29.03,103,0.333,0.701,7.776e-05,0.469,0.68,1.284,0.4396,1,2022-04-08,9.12,2022-08-10,269.4,252.1,6.42,15,0,0,290.05,-2.07,1,0,2022-09-02,284.05,7.23,1,0,99,7.78,12.77,2022-09-05,289.5,0.386,0.24,-4.42,40.16,2022-12-22,-10.45,76,0,45.89,-16.89
MINDACORP,L180,0,1cbf6cfd94b6,0,942,2016-09-07,117.95,2016-11-22,87.7,25.65,180,0.33,0.702,3.332e-05,0.532,0.494,1.336,0.2446,1,2017-05-17,2.27,2017-08-18,114.15,106.7,6.53,15,1,1,138.05,-1.81,1,0,2017-09-11,135.55,68.32,1,1,80,18.96,1.62,2017-09-12,138.0,0.2548,32.75,29.17,4.82,2018-02-05,35.29,100,0,65.8,-12.93
MINDACORP,VAR,0,1cbf6cfd94b6,0,942,2016-07-12,138.05,2016-11-22,87.7,36.47,191,0.463,0.739,1.965e-05,0.693,0.565,1.348,0.291,1,2017-04-20,4.2,2017-08-18,114.15,106.7,6.53,15,1,1,138.05,-1.81,1,0,2017-09-11,135.55,68.32,1,1,98,18.96,1.62,2017-09-12,138.0,0.5674,32.75,29.17,4.82,2018-02-05,35.29,100,0,65.8,-12.93
MONARCH,L120,0,28735f66c5b6,0,433,2023-01-18,189.1,2023-03-31,95.57,49.46,120,0.445,0.767,1.182e-04,0.55,0.842,1.503,0.2383,1,2023-07-10,2.4,2023-09-13,171.02,160.29,6.27,15,1,1,199.55,-2.95,1,0,2023-10-06,193.67,7.48,1,0,61,13.24,9.06,2023-10-09,192.15,0.5274,17.05,60.0,134.84,2023-12-14,13.43,46,0,158.91,-5.41
MONARCH,L180,0,28735f66c5b6,0,433,2022-12-05,199.55,2023-03-31,95.57,52.11,180,0.598,0.759,4.851e-05,0.692,0.561,2.457,0.2133,1,2023-07-18,4.64,2023-09-13,171.02,160.29,6.27,15,1,1,199.55,-2.95,1,0,2023-10-06,193.67,7.48,1,0,55,13.24,9.06,2023-10-09,192.15,0.4854,17.05,60.0,134.84,2023-12-14,13.43,46,0,158.91,-5.41
MONARCH,L250,0,28735f66c5b6,0,454,2022-12-05,199.55,2023-03-31,95.57,52.11,250,0.478,0.704,4.099e-05,0.528,0.404,6.749,0.2765,1,2023-10-11,8.86,2023-10-16,206.84,188.67,8.78,15,1,0,206.84,3.62,1,1,2023-11-07,214.33,3.63,0,0,18,3.62,29.67,2023-11-08,216.05,0.4032,45.84,20.81,88.18,2023-12-14,0.88,25,0,130.27,-2.55
MONARCH,VAR,0,28735f66c5b6,0,433,2022-12-05,199.55,2023-03-31,95.57,52.11,148,0.551,0.864,8.640e-05,0.636,0.682,2.113,0.2383,1,2023-07-10,2.4,2023-09-13,171.02,160.29,6.27,15,1,1,199.55,-2.95,1,0,2023-10-06,193.67,7.48,1,0,61,13.24,9.06,2023-10-09,192.15,0.6617,17.05,60.0,134.84,2023-12-14,13.43,46,0,158.91,-5.41
MONTECARLO,L120,0,42789cfbcea5,0,1737,2020-12-16,232.94,2021-03-22,182.79,21.53,120,0.571,0.731,6.630e-05,0.444,0.417,1.859,0.4564,1,2021-06-08,2.75,2021-12-14,552.61,502.63,9.04,15,1,0,567.35,5.2,1,1,2022-01-04,596.83,10.53,1,1,144,9.55,2.74,2022-01-05,616.6,0.3675,-25.9,-0.52,3.16,2022-02-08,-17.79,24,0,32.36,-34.48
MOTILALOFS,L120,0,581104cc34c2,0,4465,2024-12-12,1012.5,2025-04-07,565.65,44.13,120,0.697,0.878,1.298e-04,0.582,0.558,1.112,0.2147,0,2025-06-02,165.42,2025-09-17,958.35,893.6,6.76,15,1,1,1029.7,-4.8,1,0,2025-10-09,980.25,6.0,1,0,90,6.09,58.99,2025-10-10,952.2,0.5064,-10.27,-26.61,7.98,2025-10-31,2.71,15,0,15.22,-35.42
MRF,L120,0,06d1277772ee,0,2212,2013-05-27,15397.25,2013-07-08,12207.9,20.71,120,0.319,0.712,6.318e-05,0.485,0.433,1.291,0.292,1,2013-11-06,14.13,2013-11-21,19115.95,16836.3,11.93,15,0,0,19115.95,2.36,1,1,2013-12-12,19567.35,4.2,0,0,25,2.36,19.47,2013-12-13,19450.0,0.1842,6.24,24.64,89.9,2014-04-23,11.55,88,0,103.08,-4.14
MRF,L180,0,06d1277772ee,0,4372,2021-10-13,86106.55,2022-02-24,63945.6,25.74,180,0.615,0.715,1.530e-05,0.664,0.4,0.956,0.1243,0,2022-06-08,66.7,2022-08-24,86071.7,84208.05,2.17,15,1,1,96973.85,-4.23,1,0,2022-09-15,92868.45,7.79,1,0,68,7.9,72.71,2022-09-16,92490.0,0.2076,-1.64,-7.45,17.85,2022-09-26,-14.42,7,0,21.88,-14.92
MRF,L250,0,06d1277772ee,0,1795,2010-10-28,9547.85,2011-02-09,5544.15,41.93,250,0.438,0.702,1.757e-05,0.635,0.428,1.083,0.2043,0,2011-09-02,7.66,2012-03-15,10658.2,9673.7,9.24,15,1,0,10658.2,2.77,1,1,2012-04-09,10953.55,3.18,0,0,145,2.77,16.23,2012-04-10,11000.0,0.3316,-7.77,-6.61,4.98,2012-05-04,-5.89,18,0,26.4,-13.44
MRF,L250,0,06d1277772ee,0,2968,2015-10-23,42631.1,2016-05-24,31164.45,26.9,250,0.59,0.707,2.145e-05,0.48,0.404,1.686,0.2706,1,2016-10-21,117.46,2016-12-21,53025.05,48234.65,9.03,15,1,1,53892.8,2.8,1,1,2017-01-11,55400.0,3.75,0,0,56,4.48,47.05,2017-01-12,55530.1,0.2967,11.77,25.71,28.82,2017-02-06,-9.53,17,0,34.16,-10.72
MRF,VAR,0,06d1277772ee,0,2968,2015-10-05,42877.75,2016-05-24,31164.45,27.32,223,0.698,0.727,1.064e-05,0.687,0.457,1.118,0.1208,0,2016-08-29,31.57,2016-12-21,53025.05,48234.65,9.03,15,1,1,53892.8,2.8,1,1,2017-01-11,55400.0,3.75,0,0,91,4.48,47.05,2017-01-12,55530.1,0.2005,11.77,25.71,28.82,2017-02-06,-9.53,17,0,34.16,-10.72
MRF,VAR,0,06d1277772ee,0,3957,2020-02-10,73247.9,2020-03-23,51970.25,29.05,90,0.315,0.768,1.003e-04,0.566,0.4,1.097,0.0695,0,2020-06-24,65.78,2020-12-21,82507.9,75277.7,8.76,15,1,1,82507.9,3.93,1,1,2021-01-12,85746.9,3.83,0,0,141,3.93,192.04,2021-01-13,86200.0,0.2145,-8.09,-6.71,-11.68,2021-03-18,-3.47,45,0,14.39,-20.3
MRF,VAR,0,06d1277772ee,0,4372,2021-10-13,86106.55,2022-02-24,63945.6,25.74,150,0.617,0.77,1.933e-05,0.692,0.473,1.033,0.1211,0,2022-05-23,77.62,2022-08-24,86071.7,84208.05,2.17,15,1,1,96973.85,-4.23,1,0,2022-09-15,92868.45,7.79,1,0,80,7.9,72.71,2022-09-16,92490.0,0.3333,-1.64,-7.45,17.85,2022-09-26,-14.42,7,0,21.88,-14.92
MRPL,L250,0,2826dcd80e5f,0,4700,2022-06-17,94.6,2023-02-27,49.85,47.3,250,0.699,0.809,2.099e-05,0.599,0.648,1.237,0.5004,1,2023-06-20,29.47,2023-12-20,134.25,123.7,7.86,15,1,1,144.5,11.14,1,1,2024-01-11,160.6,20.41,1,1,140,19.67,40.25,2024-01-12,163.5,0.4846,38.96,33.87,-16.32,2024-03-12,28.44,42,0,76.91,-18.95
MRPL,VAR,0,2826dcd80e5f,0,4700,2022-06-17,94.6,2023-02-27,49.85,47.3,250,0.699,0.809,2.099e-05,0.599,0.648,1.237,0.5004,1,2023-06-20,29.47,2023-12-20,134.25,123.7,7.86,15,1,1,144.5,11.14,1,1,2024-01-11,160.6,20.41,1,1,140,19.67,40.25,2024-01-12,163.5,0.4846,38.96,33.87,-16.32,2024-03-12,28.44,42,0,76.91,-18.95
MSUMI,L120,0,d435c5cf4997,0,356,2022-12-14,41.53,2023-03-17,30.83,25.76,120,0.697,0.765,3.859e-05,0.669,0.45,0.959,0.3692,0,2023-05-15,18.71,2023-08-10,41.4,39.43,4.76,15,1,1,43.47,1.15,1,1,2023-09-01,43.97,4.14,0,0,77,6.21,27.42,2023-09-04,44.57,0.2761,-7.85,8.37,4.67,2023-10-25,-10.25,35,0,19.65,-13.46
MTEDUCARE-BE,L120,0,13cae43dc14e,0,144,2012-04-20,113.05,2012-08-16,83.2,26.4,120,0.697,0.722,6.324e-05,0.485,0.45,7.518,0.3576,1,2012-10-10,2.93,2012-10-17,108.65,101.35,6.72,15,1,0,115.05,-4.74,1,0,2012-11-08,109.6,4.37,0,0,20,0.87,2.74,2012-11-09,109.3,0.326,-3.34,-10.02,-7.59,2013-01-24,8.51,52,0,30.56,-37.33
MTEDUCARE-BE,VAR,0,13cae43dc14e,0,865,2014-09-15,149.6,2015-03-24,96.95,35.19,235,0.534,0.818,1.664e-05,0.607,0.413,0.772,0.3397,0,2015-08-28,2.06,2015-09-22,136.6,126.15,7.65,15,1,0,149.6,-4.18,1,0,2015-10-15,143.35,5.43,1,0,31,6.9,0.94,2015-10-16,145.19,0.5223,26.7,20.77,-5.02,2016-01-18,-0.92,63,0,37.75,-16.66
MUNJALAU,L120,0,43c83a2f6dd5,1,4442,2024-01-15,113.85,2024-03-13,74.9,34.21,120,0.387,0.759,5.930e-05,0.622,0.592,0.441,0.345,0,2024-07-02,2.11,2024-07-09,94.14,83.61,11.19,15,1,1,113.85,-1.92,1,0,2024-07-31,111.66,69.22,1,1,20,20.0,1.45,2024-08-01,115.0,0.5061,5.99,-18.46,-33.37,2024-11-14,-1.51,74,0,26.7,-47.37
MUNJALAU,L180,0,43c83a2f6dd5,1,4494,2024-01-15,113.85,2024-03-13,74.9,34.21,180,0.302,0.724,4.385e-05,0.451,0.444,0.543,0.5248,0,2024-09-16,16.83,2024-09-23,129.91,115.93,10.76,15,1,0,132.66,-0.06,1,0,2024-10-15,132.58,3.36,0,0,20,2.22,7.9,2024-10-16,132.58,0.298,-30.54,-50.57,-29.61,2024-11-14,-14.57,22,0,9.9,-54.35
MUNJALAU,VAR,0,43c83a2f6dd5,1,4442,2024-01-15,113.85,2024-03-13,74.9,34.21,115,0.36,0.823,7.030e-05,0.603,0.617,0.457,0.345,0,2024-07-02,2.11,2024-07-09,94.14,83.61,11.19,15,1,1,113.85,-1.92,1,0,2024-07-31,111.66,69.22,1,1,20,20.0,1.45,2024-08-01,115.0,0.5569,5.99,-18.46,-33.37,2024-11-14,-1.51,74,0,26.7,-47.37
MUTHOOTFIN,L120,0,498b5afa5105,0,376,2012-02-02,182.95,2012-05-04,116.15,36.51,120,0.571,0.808,6.367e-05,0.691,0.567,0.245,0.5541,0,2012-07-16,2.19,2012-10-19,190.35,181.55,4.62,15,1,1,194.2,7.85,1,1,2012-11-12,209.45,9.66,1,1,80,10.82,1.5,2012-11-13,209.1,0.6417,2.73,-31.52,-48.45,2012-12-13,-11.48,21,0,17.65,-65.28
MUTHOOTFIN,L180,0,498b5afa5105,0,376,2012-02-02,182.95,2012-05-04,116.15,36.51,180,0.413,0.7,4.172e-05,0.554,0.589,0.39,0.5022,0,2012-10-04,4.48,2012-10-19,190.35,181.55,4.62,15,1,1,194.2,7.85,1,1,2012-11-12,209.45,9.66,1,1,26,10.82,1.5,2012-11-13,209.1,0.5076,2.73,-31.52,-48.45,2012-12-13,-11.48,21,0,17.65,-65.28
MUTHOOTFIN,L250,0,498b5afa5105,0,411,2012-02-02,182.95,2012-05-04,116.15,36.51,250,0.422,0.701,2.861e-05,0.475,0.424,0.561,0.3403,0,2012-12-03,3.62,2012-12-12,210.1,185.1,11.9,15,1,1,226.05,1.84,1,1,2013-01-03,230.2,45.29,1,1,22,9.7,2.93,2013-01-04,231.5,0.3545,-22.16,-56.11,-53.61,2013-03-04,-11.25,42,0,5.83,-68.64
NACLIND,L120,0,e45bb8f4a517,0,1051,2021-01-01,45.59,2021-04-26,36.11,20.79,120,0.697,0.804,1.294e-04,0.405,0.417,4.902,0.5861,1,2021-06-16,3.24,2021-06-21,78.13,73.31,6.17,15,1,0,83.74,-3.24,1,0,2021-07-12,81.03,4.09,0,0,18,9.72,1.2,2021-07-13,85.61,0.3904,-4.35,9.59,-13.32,2021-08-11,-25.35,21,0,20.63,-40.56
NAM-INDIA,L120,0,e4994f6805f2,0,1878,2024-12-10,805.9,2025-02-28,513.3,36.31,120,0.546,0.706,9.220e-05,0.56,0.45,1.151,0.3122,0,2025-05-23,55.75,2025-05-16,748.95,719.85,3.89,15,0,0,805.9,-1.91,1,0,2025-06-06,790.5,4.28,0,0,10,5.97,53.85,2025-06-09,802.0,0.4159,-1.47,9.18,29.88,2025-08-29,-2.15,58,0,42.69,-10.97
NAM-INDIA,VAR,0,e4994f6805f2,0,1878,2024-12-10,805.9,2025-02-28,513.3,36.31,90,0.64,0.87,1.165e-04,0.695,0.6,1.197,0.3957,0,2025-04-22,69.6,2025-05-16,748.95,719.85,3.89,15,0,0,805.9,-1.91,1,0,2025-06-06,790.5,4.28,0,0,32,5.97,53.85,2025-06-09,802.0,0.646,-1.47,9.18,29.88,2025-08-29,-2.15,58,0,42.69,-10.97
NATCOPHARM,L120,0,fcd42cdaeaf3,0,2874,2016-01-06,614.75,2016-03-29,393.1,36.06,120,0.563,0.701,5.972e-05,0.605,0.425,0.803,0.4213,0,2016-06-14,11.11,2016-08-03,658.15,608.1,7.6,15,1,1,658.15,3.76,1,1,2016-08-25,682.9,7.18,1,0,50,4.32,14.63,2016-08-26,685.0,0.3847,-12.58,14.01,4.96,2016-09-22,-7.77,18,0,59.12,-27.01
NATCOPHARM,L180,1,fcd42cdaeaf3,0,257,2005-01-03,30.56,2005-05-27,22.46,26.51,176,0.571,0.715,2.162e-05,0.616,0.523,1.035,0.3749,0,2005-09-14,2.03,2005-12-22,30.35,28.47,6.19,15,1,0,30.56,5.43,1,1,2006-01-13,32.22,6.79,1,0,82,6.23,1.97,2006-01-16,32.65,0.4099,-23.52,-37.21,-4.84,2006-02-10,-11.73,18,0,2.6,-53.48
NATCOPHARM,L250,1,fcd42cdaeaf3,0,257,2005-01-03,30.56,2005-05-27,22.46,26.51,176,0.571,0.715,2.162e-05,0.616,0.523,1.035,0.3749,0,2005-09-14,2.03,2005-12-22,30.35,28.47,6.19,15,1,0,30.56,5.43,1,1,2006-01-13,32.22,6.79,1,0,82,6.23,1.97,2006-01-16,32.65,0.4099,-23.52,-37.21,-4.84,2006-02-10,-11.73,18,0,2.6,-53.48
NATCOPHARM,VAR,1,fcd42cdaeaf3,0,257,2005-01-03,30.56,2005-05-27,22.46,26.51,176,0.571,0.715,2.162e-05,0.616,0.523,1.035,0.3749,0,2005-09-14,2.03,2005-12-22,30.35,28.47,6.19,15,1,0,30.56,5.43,1,1,2006-01-13,32.22,6.79,1,0,82,6.23,1.97,2006-01-16,32.65,0.4099,-23.52,-37.21,-4.84,2006-02-10,-11.73,18,0,2.6,-53.48
NATCOPHARM,VAR,0,fcd42cdaeaf3,0,2874,2016-01-06,614.75,2016-03-29,393.1,36.06,121,0.458,0.703,7.228e-05,0.504,0.421,0.771,0.5041,0,2016-07-01,11.61,2016-08-03,658.15,608.1,7.6,15,1,1,658.15,3.76,1,1,2016-08-25,682.9,7.18,1,0,37,4.32,14.63,2016-08-26,685.0,0.4216,-12.58,14.01,4.96,2016-09-22,-7.77,18,0,59.12,-27.01
NATIONALUM,L120,0,86b9ffcf6ee6,0,226,2005-03-08,46.7,2005-06-30,34.21,26.75,120,0.697,0.862,6.414e-05,0.567,0.55,1.226,0.4738,1,2005-08-23,8.45,2005-11-08,47.86,44.61,6.79,15,0,0,50.42,-3.43,1,0,2005-11-30,48.69,3.29,0,0,66,3.64,8.47,2005-12-01,49.25,0.5133,41.85,25.83,9.26,2006-05-15,43.23,110,0,67.9,-10.54
NAVA,L180,0,51fc4e3c02a9,0,1140,2008-08-05,67.2,2008-12-03,24.85,63.02,180,0.441,0.888,1.095e-04,0.566,0.65,1.242,0.2013,1,2009-05-11,2.09,2009-07-28,91.1,80.55,11.58,15,0,0,91.1,2.36,1,1,2009-08-18,93.25,4.54,0,0,70,6.51,2.47,2009-08-19,93.25,0.569,4.56,1.02,-5.47,2009-10-29,-4.24,47,0,23.97,-12.87
NAVA,L250,0,51fc4e3c02a9,0,1140,2008-05-21,74.9,2008-12-03,24.85,66.82,250,0.534,0.703,5.448e-05,0.596,0.48,1.198,0.2427,0,2009-06-03,2.05,2009-07-28,91.1,80.55,11.58,15,0,0,91.1,2.36,1,1,2009-08-18,93.25,4.54,0,0,54,6.51,2.47,2009-08-19,93.25,0.2943,4.56,1.02,-5.47,2009-10-29,-4.24,47,0,23.97,-12.87
NAVA,VAR,0,51fc4e3c02a9,0,1140,2008-05-20,75.1,2008-12-03,24.85,66.91,235,0.573,0.729,4.335e-05,0.692,0.511,1.182,0.2013,0,2009-05-11,2.09,2009-07-28,91.1,80.55,11.58,15,0,0,91.1,2.36,1,1,2009-08-18,93.25,4.54,0,0,70,6.51,2.47,2009-08-19,93.25,0.3038,4.56,1.02,-5.47,2009-10-29,-4.24,47,0,23.97,-12.87
NAVA,VAR,0,51fc4e3c02a9,0,4546,2022-08-18,133.05,2022-09-28,89.55,32.69,90,0.315,0.726,1.053e-04,0.6,0.678,0.561,0.4138,0,2022-12-27,9.43,2023-05-15,127.3,114.75,9.86,15,0,0,134.5,-3.31,1,0,2023-06-05,130.05,10.96,1,1,107,5.47,10.86,2023-06-06,131.0,0.3996,52.14,45.27,123.47,2023-11-09,52.9,108,0,127.18,-0.38
NBCC,VAR,0,db64a8643845,0,817,2015-03-05,47.15,2015-06-09,31.48,33.23,91,0.7,0.738,1.551e-04,0.551,0.473,1.418,0.5615,1,2015-07-16,62.08,2015-07-15,47.17,43.32,8.16,15,1,0,47.17,12.13,1,1,2015-08-05,52.89,5.66,1,0,14,12.51,47.13,2015-08-06,53.25,0.3517,-21.18,-19.76,-1.05,2015-08-13,-16.75,6,0,11.34,-32.28
NDTV,L120,0,8fed120ba9c5,0,527,2006-05-03,222.77,2006-06-14,108.75,51.18,120,0.429,0.721,1.192e-04,0.619,0.442,1.29,0.362,1,2006-09-19,9.24,2007-01-24,258.77,228.57,11.67,15,1,0,258.77,3.14,1,1,2007-02-19,266.9,6.06,1,0,101,9.01,10.46,2007-02-20,270.32,0.3436,22.2,3.79,18.29,2007-03-07,-19.92,12,0,50.55,-21.58
NDTV,VAR,0,8fed120ba9c5,0,527,2006-05-03,222.77,2006-06-14,108.75,51.18,90,0.337,0.834,2.311e-04,0.583,0.589,2.24,0.358,1,2006-09-06,8.73,2007-01-24,258.77,228.57,11.67,15,1,0,258.77,3.14,1,1,2007-02-19,266.9,6.06,1,0,110,9.01,10.46,2007-02-20,270.32,0.5496,22.2,3.79,18.29,2007-03-07,-19.92,12,0,50.55,-21.58
NECLIFE,L120,0,51f1da737719,0,161,2005-08-29,27.82,2005-10-31,19.03,31.6,120,0.403,0.813,8.049e-05,0.542,0.5,0.976,0.3207,0,2006-02-15,2.07,2006-02-21,26.34,24.93,5.35,15,1,0,27.82,-1.62,1,0,2006-03-14,27.37,6.72,1,0,19,3.91,2.15,2006-03-16,27.5,0.5008,-63.38,-49.2,-49.85,2006-05-18,-17.2,42,0,2.91,-67.02
NECLIFE,VAR,1,51f1da737719,0,161,2005-08-29,27.82,2005-10-31,19.03,31.6,115,0.377,0.83,8.831e-05,0.528,0.522,1.038,0.3207,0,2006-02-15,2.07,2006-02-21,26.34,24.93,5.35,15,1,0,27.82,-1.62,1,0,2006-03-14,27.37,6.72,1,0,19,3.91,2.15,2006-03-16,27.5,0.5151,-63.38,-49.2,-49.85,2006-05-18,-17.2,42,0,2.91,-67.02
NELCAST,L180,0,ba5aca46e706,0,4034,2023-01-16,128.15,2023-03-28,86.95,32.15,180,0.352,0.705,4.142e-05,0.454,0.489,0.722,0.2853,0,2023-09-15,4.88,2023-10-09,162.1,154.85,4.47,15,0,0,165.05,-1.15,1,0,2023-10-31,163.15,5.37,1,0,29,0.68,4.27,2023-11-01,163.8,0.3064,3.66,-6.07,-27.58,2023-12-20,-1.98,35,0,18.62,-35.15
NEOGEN,L180,0,0ca93ab24d88,0,1094,2022-09-13,1579.02,2023-02-06,1167.96,26.03,180,0.609,0.711,3.311e-05,0.51,0.456,1.477,0.0409,1,2023-05-23,6.2,2023-09-12,1776.24,1691.58,4.77,15,1,0,1898.07,-4.66,1,0,2023-10-05,1809.63,3.2,0,0,93,1.88,6.69,2023-10-06,1842.23,0.2635,-20.06,-32.15,12.94,2023-10-23,-15.38,12,0,29.65,-36.27
NESTLEIND,VAR,0,e37f3806e587,0,1140,2013-11-08,288.2,2014-05-20,228.3,20.78,184,0.699,0.704,1.246e-05,0.606,0.451,0.749,0.3909,0,2014-08-06,9.14,2014-07-22,270.2,256.4,5.11,15,1,1,288.2,-3.54,1,0,2014-08-13,278.0,3.63,0,0,5,4.24,11.22,2014-08-14,279.8,0.1761,10.08,21.94,8.86,2014-09-22,7.65,26,0,34.1,-2.97
NEWGEN,L250,0,fd0447083525,0,1349,2022-01-28,284.53,2022-06-20,161.67,43.18,250,0.394,0.841,1.638e-05,0.696,0.692,0.858,-0.0384,0,2023-01-25,5.02,2023-06-23,336.41,306.87,8.78,15,1,1,355.17,-3.89,1,0,2023-07-17,341.36,5.25,1,0,115,2.7,10.06,2023-07-18,343.74,0.5287,31.8,122.29,206.97,2023-09-01,18.96,33,0,234.94,-2.93
NEWGEN,VAR,0,fd0447083525,0,1349,2022-01-28,284.53,2022-06-20,161.67,43.18,247,0.39,0.835,1.628e-05,0.699,0.7,0.877,-0.032,0,2023-01-24,3.05,2023-06-23,336.41,306.87,8.78,15,1,1,355.17,-3.89,1,0,2023-07-17,341.36,5.25,1,0,116,2.7,10.06,2023-07-18,343.74,0.5182,31.8,122.29,206.97,2023-09-01,18.96,33,0,234.94,-2.93
NFL,L120,0,448ca94f6a8d,0,949,2010-02-03,145.3,2010-03-29,95.9,34.0,120,0.328,0.706,7.802e-05,0.543,0.558,0.187,0.3821,0,2010-07-21,4.89,2010-10-13,131.4,117.45,10.62,15,1,0,145.3,-4.51,1,0,2010-11-03,138.75,23.03,1,1,74,13.27,4.06,2010-11-04,139.45,0.3728,-29.15,-23.88,-50.38,2010-11-22,-21.3,12,0,0.22,-53.5
NFL,VAR,0,448ca94f6a8d,0,949,2010-02-03,145.3,2010-03-29,95.9,34.0,90,0.393,0.795,1.177e-04,0.626,0.711,0.241,0.466,0,2010-06-15,3.6,2010-10-13,131.4,117.45,10.62,15,1,0,145.3,-4.51,1,0,2010-11-03,138.75,23.03,1,1,100,13.27,4.06,2010-11-04,139.45,0.58,-29.15,-23.88,-50.38,2010-11-22,-21.3,12,0,0.22,-53.5
NH,VAR,0,d15a44dfb225,0,1362,2021-02-05,505.4,2021-03-25,383.2,24.18,90,0.371,0.778,1.033e-04,0.481,0.433,1.114,0.5612,0,2021-06-18,24.17,2021-06-22,504.5,473.1,6.22,15,1,1,505.4,3.47,1,1,2021-07-13,522.95,4.52,0,0,17,3.66,14.7,2021-07-14,522.0,0.3675,-3.28,25.23,20.7,2021-08-24,-9.2,28,0,48.85,-10.29
NIITLTD,L120,1,9d9b4990eb16,1,167,2023-06-09,97.95,2023-08-10,78.2,20.16,90,0.494,0.757,1.695e-04,0.348,0.5,1.637,0.3752,1,2023-10-17,8.82,2024-01-17,129.4,116.95,9.62,15,1,1,140.75,-4.62,1,0,2024-02-08,134.25,4.8,0,0,78,4.15,26.78,2024-02-09,135.3,0.4995,-26.9,-13.95,4.52,2024-03-13,-24.58,24,0,72.8,-33.07
NIITLTD,L180,1,9d9b4990eb16,1,167,2023-06-09,97.95,2023-08-10,78.2,20.16,90,0.494,0.757,1.695e-04,0.348,0.5,1.637,0.3752,1,2023-10-17,8.82,2024-01-17,129.4,116.95,9.62,15,1,1,140.75,-4.62,1,0,2024-02-08,134.25,4.8,0,0,78,4.15,26.78,2024-02-09,135.3,0.4995,-26.9,-13.95,4.52,2024-03-13,-24.58,24,0,72.8,-33.07
NIITLTD,L250,1,9d9b4990eb16,1,167,2023-06-09,97.95,2023-08-10,78.2,20.16,90,0.494,0.757,1.695e-04,0.348,0.5,1.637,0.3752,1,2023-10-17,8.82,2024-01-17,129.4,116.95,9.62,15,1,1,140.75,-4.62,1,0,2024-02-08,134.25,4.8,0,0,78,4.15,26.78,2024-02-09,135.3,0.4995,-26.9,-13.95,4.52,2024-03-13,-24.58,24,0,72.8,-33.07
NITINSPIN,L180,0,1a9d3e6e8c3b,0,5062,2025-06-10,402.8,2025-11-07,305.35,24.19,180,0.592,0.795,1.638e-05,0.686,0.561,0.698,0.8652,0,2026-02-20,3.26,2026-07-13,563.3,525.25,6.75,15,1,1,572.0,0.06,1,1,2026-08-03,572.35,4.64,0,0,108,5.17,3.6,2026-08-04,573.65,0.5267,13.66,13.66,13.66,,13.66,28,1,16.01,-8.38
NITINSPIN,L250,0,1a9d3e6e8c3b,0,5062,2025-05-14,409.0,2025-11-07,305.35,25.34,250,0.514,0.707,1.802e-05,0.51,0.424,1.001,0.7513,0,2026-05-07,8.55,2026-07-13,563.3,525.25,6.75,15,1,1,572.0,0.06,1,1,2026-08-03,572.35,4.64,0,0,60,5.17,3.6,2026-08-04,573.65,0.3914,13.66,13.66,13.66,,13.66,28,1,16.01,-8.38
NITINSPIN,VAR,0,1a9d3e6e8c3b,0,5062,2025-05-14,409.0,2025-11-07,305.35,25.34,199,0.616,0.76,1.367e-05,0.696,0.533,0.677,0.8244,0,2026-02-25,3.71,2026-07-13,563.3,525.25,6.75,15,1,1,572.0,0.06,1,1,2026-08-03,572.35,4.64,0,0,105,5.17,3.6,2026-08-04,573.65,0.4437,13.66,13.66,13.66,,13.66,28,1,16.01,-8.38
NOCIL,VAR,0,c02f98c9c907,0,2872,2015-12-15,62.3,2016-02-26,38.85,37.64,90,0.573,0.858,1.675e-04,0.577,0.444,0.566,0.2151,0,2016-04-28,5.14,2016-07-29,59.25,53.55,9.62,15,0,0,68.7,-4.95,1,0,2016-08-22,65.3,7.94,1,0,80,10.21,8.08,2016-08-23,65.35,0.5458,-4.82,22.88,109.87,2016-11-15,-4.36,55,0,129.38,-9.03
NOIDATOLL,L180,0,f50e297b4ea0,0,742,2006-11-08,41.05,2007-03-07,23.2,43.48,180,0.453,0.715,3.148e-05,0.67,0.422,0.753,0.1198,0,2007-07-27,2.07,2007-12-04,61.1,54.5,10.8,15,0,0,61.45,8.71,1,1,2007-12-27,66.8,5.84,1,0,105,10.05,9.83,2007-12-28,68.0,0.3272,-45.07,-44.26,-61.54,2008-01-16,-4.56,14,0,25.29,-76.62
NOIDATOLL,L250,0,f50e297b4ea0,0,742,2006-10-10,42.25,2007-03-07,23.2,45.09,250,0.446,0.721,1.597e-05,0.7,0.432,0.873,0.316,0,2007-09-24,4.67,2007-12-04,61.1,54.5,10.8,15,0,0,61.45,8.71,1,1,2007-12-27,66.8,5.84,1,0,65,10.05,9.83,2007-12-28,68.0,0.3657,-45.07,-44.26,-61.54,2008-01-16,-4.56,14,0,25.29,-76.62
NOIDATOLL,VAR,0,f50e297b4ea0,0,742,2006-10-10,42.25,2007-03-07,23.2,45.09,233,0.427,0.725,1.818e-05,0.697,0.464,0.862,0.2716,0,2007-09-17,2.55,2007-12-04,61.1,54.5,10.8,15,0,0,61.45,8.71,1,1,2007-12-27,66.8,5.84,1,0,70,10.05,9.83,2007-12-28,68.0,0.3681,-45.07,-44.26,-61.54,2008-01-16,-4.56,14,0,25.29,-76.62
OBEROIRLTY,L180,0,5e9b7f99023a,0,2566,2020-01-27,566.0,2020-05-22,292.9,48.25,180,0.581,0.722,3.736e-05,0.699,0.55,1.024,0.3416,0,2020-09-07,16.66,2021-02-19,570.2,530.55,6.95,15,1,1,623.75,-4.35,1,0,2021-03-15,596.6,4.71,0,0,130,6.8,14.99,2021-03-16,608.0,0.4259,7.8,27.34,50.15,2021-11-26,38.03,173,0,73.01,-15.28
OBEROIRLTY,L250,0,5e9b7f99023a,0,2566,2020-01-27,566.0,2020-05-22,292.9,48.25,250,0.442,0.701,2.897e-05,0.556,0.424,1.156,0.3511,0,2020-12-08,24.73,2021-02-19,570.2,530.55,6.95,15,1,1,623.75,-4.35,1,0,2021-03-15,596.6,4.71,0,0,66,6.8,14.99,2021-03-16,608.0,0.3266,7.8,27.34,50.15,2021-11-26,38.03,173,0,73.01,-15.28
OBEROIRLTY,VAR,0,5e9b7f99023a,0,2566,2020-01-27,566.0,2020-05-22,292.9,48.25,152,0.517,0.745,6.505e-05,0.615,0.638,0.938,0.3364,0,2020-09-03,14.15,2021-02-19,570.2,530.55,6.95,15,1,1,623.75,-4.35,1,0,2021-03-15,596.6,4.71,0,0,132,6.8,14.99,2021-03-16,608.0,0.5404,7.8,27.34,50.15,2021-11-26,38.03,173,0,73.01,-15.28
OBEROIRLTY,VAR,0,5e9b7f99023a,0,3219,2022-09-15,1076.7,2023-01-27,802.25,25.49,200,0.462,0.707,1.619e-05,0.463,0.465,1.005,0.2144,0,2023-07-06,47.86,2023-10-11,1164.7,1069.4,8.18,15,1,1,1196.65,1.16,1,1,2023-11-02,1210.5,3.26,0,0,81,3.93,49.74,2023-11-03,1211.9,0.3454,7.38,22.06,59.75,2024-01-23,13.03,56,0,70.41,-0.9
OFSS,L120,0,99f557bec746,0,2216,2013-01-25,2603.5,2013-05-16,1804.5,30.69,120,0.697,0.909,5.038e-05,0.677,0.567,2.062,0.4471,1,2013-07-05,8.71,2013-11-27,2479.0,2332.5,5.91,15,1,1,2636.0,-2.92,1,0,2013-12-18,2559.0,4.85,0,0,111,3.69,5.0,2013-12-19,2554.0,0.6435,-13.1,-11.57,18.44,2014-02-17,-7.05,42,0,30.07,-16.88
OFSS,L180,0,99f557bec746,0,2216,2013-01-08,2636.0,2013-05-16,1804.5,31.54,180,0.603,0.705,2.497e-05,0.619,0.417,1.0,0.3219,0,2013-08-27,7.01,2013-11-27,2479.0,2332.5,5.91,15,1,1,2636.0,-2.92,1,0,2013-12-18,2559.0,4.85,0,0,76,3.69,5.0,2013-12-19,2554.0,0.2952,-13.1,-11.57,18.44,2014-02-17,-7.05,42,0,30.07,-16.88
OFSS,VAR,0,99f557bec746,0,2216,2013-01-08,2636.0,2013-05-16,1804.5,31.54,126,0.696,0.908,4.542e-05,0.691,0.579,1.902,0.4275,1,2013-07-09,8.31,2013-11-27,2479.0,2332.5,5.91,15,1,1,2636.0,-2.92,1,0,2013-12-18,2559.0,4.85,0,0,109,3.69,5.0,2013-12-19,2554.0,0.6484,-13.1,-11.57,18.44,2014-02-17,-7.05,42,0,30.07,-16.88
OIL,L180,0,ee83d275412a,0,1217,2013-05-29,201.7,2013-08-29,138.8,31.18,180,0.441,0.777,2.003e-05,0.694,0.567,0.825,0.1488,0,2014-01-24,10.09,2014-08-08,206.75,188.45,8.85,15,1,1,216.0,-4.17,1,0,2014-09-02,207.0,3.7,0,0,147,0.12,14.88,2014-09-03,207.0,0.515,-5.14,-20.97,-29.78,2014-09-23,-2.71,15,0,7.87,-32.29
OIL,L250,0,ee83d275412a,0,1217,2013-05-29,201.7,2013-08-29,138.8,31.18,250,0.378,0.702,9.725e-06,0.681,0.548,0.829,0.0943,0,2014-04-17,16.89,2014-08-08,206.75,188.45,8.85,15,1,1,216.0,-4.17,1,0,2014-09-02,207.0,3.7,0,0,92,0.12,14.88,2014-09-03,207.0,0.3337,-5.14,-20.97,-29.78,2014-09-23,-2.71,15,0,7.87,-32.29
OLECTRA,L120,0,41c9dfb84202,0,1649,2021-03-12,226.8,2021-06-01,170.95,24.63,120,0.538,0.764,9.989e-05,0.356,0.433,1.344,0.2639,1,2021-08-18,10.6,2021-08-16,319.5,287.05,10.16,15,1,0,330.45,-1.07,1,0,2021-09-07,326.9,4.79,0,0,13,4.99,5.86,2021-09-08,341.9,0.4094,132.68,86.65,82.32,2022-02-14,116.51,109,0,175.29,-0.58
OMAXAUTO,L180,0,0d45d2c7f9ba,0,5318,2025-09-23,151.48,2025-11-28,85.82,43.35,180,0.33,0.701,8.277e-05,0.464,0.478,1.626,0.6314,1,2026-05-27,3.02,2026-06-19,242.25,216.43,10.66,15,1,0,257.15,-1.08,1,0,2026-07-13,254.36,3.06,0,0,31,5.0,0.89,2026-07-14,255.0,0.3413,-30.3,-30.3,-30.3,2026-07-28,-19.86,11,0,0.0,-34.37
ORIENTELEC,L120,0,a5f4e8a23b33,0,673,2020-02-20,275.95,2020-03-24,150.2,45.57,120,0.311,0.705,7.339e-05,0.676,0.65,0.874,0.0846,0,2020-07-24,6.54,2021-01-08,256.65,226.3,11.83,15,1,0,275.95,-1.74,1,0,2021-02-01,271.15,3.99,0,0,132,6.94,8.94,2021-02-02,287.7,0.2854,-6.8,20.14,16.51,2021-04-22,-3.81,53,0,41.81,-8.41
PAISALO,L180,0,7c3afd4fdfe4,0,3602,2023-01-13,39.8,2023-07-18,24.1,39.45,180,0.698,0.736,4.366e-05,0.526,0.533,1.964,0.3489,1,2023-10-05,5.25,2024-01-08,54.95,49.75,9.46,15,0,0,55.3,6.51,1,1,2024-01-30,58.9,6.08,1,0,79,7.19,22.82,2024-01-31,60.0,0.4128,21.25,13.93,-27.53,2024-03-12,16.83,30,0,66.0,-32.92
PAISALO,L250,0,7c3afd4fdfe4,0,3602,2022-11-04,45.45,2023-07-18,24.1,46.97,250,0.699,0.85,3.199e-05,0.563,0.532,2.306,0.4042,1,2023-11-06,14.74,2024-01-08,54.95,49.75,9.46,15,0,0,55.3,6.51,1,1,2024-01-30,58.9,6.08,1,0,58,7.19,22.82,2024-01-31,60.0,0.5299,21.25,13.93,-27.53,2024-03-12,16.83,30,0,66.0,-32.92
PAISALO,VAR,0,7c3afd4fdfe4,0,3602,2022-11-04,45.45,2023-07-18,24.1,46.97,249,0.698,0.848,3.219e-05,0.562,0.534,2.309,0.4042,1,2023-11-06,14.74,2024-01-08,54.95,49.75,9.46,15,0,0,55.3,6.51,1,1,2024-01-30,58.9,6.08,1,0,58,7.19,22.82,2024-01-31,60.0,0.5318,21.25,13.93,-27.53,2024-03-12,16.83,30,0,66.0,-32.92
PARAS,L250,0,cd1456aad02e,0,932,2024-07-04,780.2,2025-03-03,417.5,46.49,250,0.699,0.727,3.355e-05,0.494,0.476,4.33,0.3048,1,2025-06-24,108.9,2025-06-13,867.2,796.4,8.16,15,1,1,899.8,3.76,1,1,2025-07-04,933.6,3.54,0,0,8,9.99,110.03,2025-07-07,934.0,0.3539,-28.17,-26.74,34.16,2025-07-21,-17.03,11,0,54.5,-37.85
PASUPTAC,L120,0,e7208a642610,0,716,2024-03-01,47.0,2024-06-04,34.55,26.49,120,0.504,0.706,6.050e-05,0.415,0.525,1.695,0.5003,1,2024-08-29,2.34,2024-08-19,52.45,48.62,7.3,15,0,0,55.65,-1.42,1,0,2024-09-09,54.86,6.24,1,0,7,9.04,3.82,2024-09-10,55.3,0.5262,-20.42,-27.67,-13.62,2024-10-14,-11.18,24,0,28.35,-30.29
PCBL,L120,0,40f655939965,0,4555,2022-12-01,142.65,2023-03-28,110.15,22.78,120,0.697,0.847,4.985e-05,0.561,0.483,1.107,0.2325,0,2023-05-24,15.35,2023-05-24,146.1,134.05,8.25,15,1,0,152.05,4.27,1,1,2023-06-14,158.55,11.06,1,1,15,8.52,17.74,2023-06-15,160.85,0.3623,8.8,63.91,56.99,2023-08-08,-5.13,38,0,113.55,-5.97
PERSISTENT,L250,0,535254eb6dbe,0,3286,2022-04-05,2457.85,2022-07-15,1570.9,36.09,250,0.39,0.712,2.180e-05,0.48,0.432,1.174,0.2271,0,2023-02-23,165.3,2023-06-27,2505.5,2347.4,6.31,15,1,1,2613.25,-1.68,1,0,2023-07-19,2569.35,4.54,0,0,97,3.12,114.24,2023-07-20,2574.9,0.3262,11.87,43.52,86.81,2024-03-11,59.9,161,0,91.42,-10.01
PETRONET,L120,0,8d9d2ecc427a,0,667,2007-01-18,25.75,2007-04-02,19.05,26.02,120,0.513,0.727,7.270e-05,0.474,0.4,5.266,0.3147,1,2007-06-26,18.09,2007-08-20,29.65,26.75,9.78,15,1,1,32.3,-4.8,1,0,2007-09-10,30.75,3.02,0,0,53,3.71,19.22,2007-09-11,31.0,0.4633,63.23,10.48,-8.55,2007-09-11,0.0,1,0,81.29,-27.9
PETRONET,L120,0,8d9d2ecc427a,0,2687,2015-01-08,100.1,2015-04-24,77.0,23.08,120,0.697,0.777,2.896e-05,0.682,0.608,0.835,0.0113,0,2015-06-16,9.34,2015-10-29,97.65,89.35,8.5,15,1,0,100.1,1.45,1,1,2015-11-20,101.55,7.42,1,0,108,6.89,15.18,2015-11-23,101.65,0.3104,7.97,21.25,67.78,2016-01-20,9.79,41,0,86.28,0.0
PETRONET,L250,0,8d9d2ecc427a,0,2714,2015-01-08,100.1,2015-04-24,77.0,23.08,250,0.321,0.704,1.446e-05,0.421,0.448,0.678,0.2667,0,2015-12-29,28.52,2015-12-09,114.4,110.15,3.72,15,1,0,114.4,3.1,1,1,2015-12-31,117.95,5.96,1,0,2,3.33,28.52,2016-01-01,118.35,0.1831,-3.76,11.79,47.28,2016-01-20,-5.7,14,0,59.99,-10.56
PFIZER,L120,0,1354d0c9245d,0,3915,2020-05-04,5001.3,2020-06-30,3963.8,20.74,120,0.454,0.71,4.761e-05,0.412,0.45,0.769,0.26,0,2020-09-29,30.48,2020-10-21,5191.8,4916.4,5.3,15,1,1,5191.8,0.19,1,1,2020-11-11,5201.7,9.77,1,1,30,2.84,18.25,2020-11-12,5202.0,0.3084,-13.63,3.63,-0.57,2021-01-18,-4.95,46,0,18.7,-16.76
PFIZER,VAR,0,1354d0c9245d,0,2339,2013-12-03,1366.65,2014-02-03,1031.75,24.51,90,0.483,0.82,9.757e-05,0.481,0.444,0.961,0.4693,0,2014-04-11,2.9,2014-05-29,1294.4,1213.9,6.22,15,1,1,1366.65,-0.31,1,0,2014-06-19,1362.4,6.45,1,0,45,5.25,1.93,2014-06-20,1374.0,0.5305,22.85,45.57,46.89,2014-07-14,-2.5,17,0,76.83,-4.29
PFOCUS,L120,0,da870fec9680,0,4490,2024-02-05,136.3,2024-06-05,91.45,32.91,120,0.697,0.728,1.021e-04,0.469,0.5,1.086,0.5604,0,2024-07-29,2.56,2024-08-02,150.41,137.37,8.67,15,1,0,150.41,4.94,1,1,2024-08-26,157.84,3.62,0,0,19,4.94,1.29,2024-08-27,164.0,0.3465,-26.17,-34.44,-10.88,2024-09-19,-18.84,18,0,10.37,-48.17
PITTIENG,VAR,0,48bbdb5230b9,0,3999,2022-08-01,372.45,2022-11-04,270.7,27.32,93,0.696,0.8,8.883e-05,0.56,0.484,1.638,0.2407,1,2022-12-15,5.09,2023-05-15,360.95,339.75,5.87,15,1,0,372.45,3.28,1,1,2023-06-05,384.65,4.47,0,0,115,6.85,4.19,2023-06-06,388.0,0.3633,64.78,73.17,134.66,2023-09-12,43.69,69,0,144.33,-8.51
PIXTRANS,L120,0,08e641bf7327,0,301,2022-11-28,906.33,2023-01-31,699.98,22.77,120,0.395,0.784,5.154e-05,0.57,0.417,1.279,0.2783,1,2023-05-19,2.17,2023-06-22,993.24,905.14,8.87,15,1,1,1028.31,15.9,1,1,2023-07-14,1191.86,15.23,1,1,39,20.0,2.9,2023-07-17,1262.09,0.3403,-5.03,0.22,26.08,2023-08-14,-4.67,21,0,34.7,-19.36
PNCINFRA,L120,0,354b47208e5d,0,1407,2020-02-17,208.3,2020-03-25,84.95,59.22,120,0.403,0.703,1.436e-04,0.628,0.408,0.449,0.4258,0,2020-07-10,2.79,2021-01-11,196.75,186.95,4.98,15,1,0,217.2,-0.12,1,0,2021-02-02,216.95,3.1,0,0,143,10.27,25.47,2021-02-03,220.0,0.2186,1.55,42.27,33.91,2021-04-13,8.05,47,0,79.95,-1.27
POLYCAB,L120,0,12957d6d6948,0,426,2020-02-27,1163.45,2020-03-24,579.65,50.18,120,0.311,0.701,1.040e-04,0.599,0.492,0.712,0.3023,0,2020-07-24,19.3,2020-12-14,1059.8,997.4,5.89,15,1,0,1163.45,-1.62,1,0,2021-01-05,1144.65,6.54,1,0,114,8.01,38.65,2021-01-06,1150.4,0.2234,19.36,75.07,115.34,2021-07-27,56.68,137,0,130.18,-2.11
POLYPLEX,L180,1,8ac92eb94574,0,179,2005-01-03,126.78,2005-04-29,82.55,34.89,136,0.593,0.707,4.412e-05,0.575,0.581,0.963,0.3883,0,2005-07-15,2.02,2005-08-29,118.65,113.3,4.51,15,1,0,126.78,7.84,1,1,2005-09-20,136.72,16.57,1,1,44,16.44,1.23,2005-09-21,136.4,0.4776,-27.99,-43.53,-55.56,2005-10-20,-23.35,21,0,2.2,-68.72
POLYPLEX,L180,0,8ac92eb94574,0,3837,2019-05-27,649.85,2019-10-03,420.45,35.3,180,0.542,0.713,3.118e-05,0.52,0.578,0.882,0.3884,0,2020-01-31,2.26,2020-07-14,616.8,568.85,7.77,15,0,0,649.85,-0.87,1,0,2020-08-04,644.2,4.64,0,0,125,7.3,8.63,2020-08-05,648.7,0.5369,23.45,7.64,136.6,2020-08-31,7.52,19,0,145.88,-1.87
POLYPLEX,L250,1,8ac92eb94574,0,179,2005-01-03,126.78,2005-04-29,82.55,34.89,136,0.593,0.707,4.412e-05,0.575,0.581,0.963,0.3883,0,2005-07-15,2.02,2005-08-29,118.65,113.3,4.51,15,1,0,126.78,7.84,1,1,2005-09-20,136.72,16.57,1,1,44,16.44,1.23,2005-09-21,136.4,0.4776,-27.99,-43.53,-55.56,2005-10-20,-23.35,21,0,2.2,-68.72
POLYPLEX,VAR,1,8ac92eb94574,0,179,2005-01-03,126.78,2005-04-29,82.55,34.89,136,0.593,0.707,4.412e-05,0.575,0.581,0.963,0.3883,0,2005-07-15,2.02,2005-08-29,118.65,113.3,4.51,15,1,0,126.78,7.84,1,1,2005-09-20,136.72,16.57,1,1,44,16.44,1.23,2005-09-21,136.4,0.4776,-27.99,-43.53,-55.56,2005-10-20,-23.35,21,0,2.2,-68.72
POONAWALLA,VAR,0,f5dece3b4b3a,0,4351,2022-04-18,332.7,2022-06-20,216.45,34.94,93,0.478,0.7,1.408e-04,0.5,0.462,0.78,0.3824,0,2022-08-29,98.53,2022-08-26,314.8,296.55,5.8,15,0,0,332.7,-2.04,1,0,2022-09-19,325.9,3.22,0,0,14,3.92,107.36,2022-09-20,328.0,0.4414,-11.98,-12.85,15.7,2022-09-26,-13.05,5,0,37.65,-25.91
PRECWIRE,L120,0,123e009bec34,0,5109,2024-12-10,195.65,2025-04-08,127.05,35.06,120,0.697,0.756,8.682e-05,0.558,0.508,0.874,0.5502,0,2025-06-03,5.06,2025-09-11,191.41,180.11,5.9,15,1,1,216.35,-3.54,1,0,2025-10-03,208.69,19.55,1,1,85,9.03,3.04,2025-10-06,209.7,0.3948,13.04,39.29,121.65,2026-01-19,4.32,72,0,150.31,-7.94
PRESTIGE,VAR,0,66fcc55166c5,0,3096,2022-12-02,507.8,2023-03-14,394.35,22.34,101,0.7,0.768,7.173e-05,0.567,0.446,1.953,0.4357,1,2023-05-02,24.82,2023-04-21,493.05,460.5,6.6,15,1,0,526.65,-3.38,1,0,2023-05-15,508.85,3.43,0,0,9,4.83,22.28,2023-05-16,514.2,0.3131,16.98,55.7,196.54,2023-07-21,5.48,48,0,207.74,-8.34
PRICOLLTD,L120,0,f9ee1a430a38,0,2163,2024-12-24,576.05,2025-02-28,397.85,30.93,120,0.437,0.807,4.776e-05,0.698,0.617,0.806,0.252,0,2025-06-11,9.75,2025-10-15,539.05,517.8,3.94,15,1,1,576.05,-1.68,1,0,2025-11-07,566.4,102.7,1,1,102,9.39,7.49,2025-11-10,587.95,0.5759,-1.56,-0.35,25.81,2026-01-14,3.84,47,0,39.98,-13.44
PRICOLLTD,VAR,0,f9ee1a430a38,0,2163,2024-12-24,576.05,2025-02-28,397.85,30.93,103,0.461,0.804,6.366e-05,0.699,0.602,0.986,0.2984,0,2025-05-26,8.6,2025-10-15,539.05,517.8,3.94,15,1,1,576.05,-1.68,1,0,2025-11-07,566.4,102.7,1,1,114,9.39,7.49,2025-11-10,587.95,0.6056,-1.56,-0.35,25.81,2026-01-14,3.84,47,0,39.98,-13.44
PRINCEPIPE,L120,0,0b023702a186,0,220,2020-02-18,180.95,2020-05-22,74.38,58.89,120,0.513,0.706,1.585e-04,0.524,0.683,0.971,0.4121,0,2020-08-13,2.38,2020-10-23,236.9,220.68,6.85,15,1,0,245.89,5.67,1,1,2020-11-13,259.84,7.67,1,0,65,10.12,2.16,2020-11-14,262.02,0.4483,57.39,116.17,217.83,2021-07-27,150.82,172,0,239.5,-7.72
PRINCEPIPE,L180,1,0b023702a186,0,220,2020-02-14,185.28,2020-05-22,74.38,59.86,176,0.554,0.703,9.987e-05,0.526,0.517,0.948,0.4233,0,2020-09-10,14.4,2020-10-23,236.9,220.68,6.85,15,1,0,245.89,5.67,1,1,2020-11-13,259.84,7.67,1,0,45,10.12,2.16,2020-11-14,262.02,0.3474,57.39,116.17,217.83,2021-07-27,150.82,172,0,239.5,-7.72
PRINCEPIPE,L250,1,0b023702a186,0,220,2020-02-14,185.28,2020-05-22,74.38,59.86,176,0.554,0.703,9.987e-05,0.526,0.517,0.948,0.4233,0,2020-09-10,14.4,2020-10-23,236.9,220.68,6.85,15,1,0,245.89,5.67,1,1,2020-11-13,259.84,7.67,1,0,45,10.12,2.16,2020-11-14,262.02,0.3474,57.39,116.17,217.83,2021-07-27,150.82,172,0,239.5,-7.72
PRINCEPIPE,VAR,1,0b023702a186,0,220,2020-02-14,185.28,2020-05-22,74.38,59.86,91,0.7,0.852,2.728e-04,0.609,0.791,1.372,0.1859,1,2020-07-01,2.71,2020-10-23,236.9,220.68,6.85,15,1,0,245.89,5.67,1,1,2020-11-13,259.84,7.67,1,0,96,10.12,2.16,2020-11-14,262.02,0.4046,57.39,116.17,217.83,2021-07-27,150.82,172,0,239.5,-7.72
PRSMJOHNSN,L120,0,65a25f4df5f6,0,295,2005-03-03,23.95,2005-06-30,18.05,24.63,120,0.697,0.704,6.293e-05,0.511,0.492,1.428,0.314,1,2005-08-23,3.0,2006-02-17,27.15,24.1,11.23,15,1,0,27.4,-0.18,1,0,2006-03-10,27.35,3.07,0,0,135,0.74,5.71,2006-03-13,26.5,0.2409,-6.6,38.11,22.26,2006-05-18,33.02,44,0,83.02,-18.68
PRSMJOHNSN,L120,0,65a25f4df5f6,0,735,2007-01-22,44.15,2007-04-04,30.1,31.82,120,0.412,0.711,9.890e-05,0.495,0.575,0.548,0.5704,0,2007-07-16,8.15,2007-11-23,64.6,60.3,6.66,15,0,0,70.35,0.07,1,1,2007-12-14,70.4,8.33,1,0,107,8.98,5.83,2007-12-17,71.5,0.4869,-40.91,-49.72,-73.29,2008-01-10,-14.55,17,0,11.05,-81.12
PRSMJOHNSN,L180,1,65a25f4df5f6,0,295,2005-02-10,27.4,2005-06-30,18.05,34.12,179,0.697,0.705,3.984e-05,0.53,0.419,1.381,0.1446,1,2005-09-19,8.05,2006-02-17,27.15,24.1,11.23,15,1,0,27.4,-0.18,1,0,2006-03-10,27.35,3.07,0,0,117,0.74,5.71,2006-03-13,26.5,0.2033,-6.6,38.11,22.26,2006-05-18,33.02,44,0,83.02,-18.68
PRSMJOHNSN,L180,0,65a25f4df5f6,0,735,2007-01-22,44.15,2007-04-04,30.1,31.82,180,0.413,0.712,4.822e-05,0.368,0.444,0.921,0.4325,0,2007-09-04,4.12,2007-11-23,64.6,60.3,6.66,15,0,0,70.35,0.07,1,1,2007-12-14,70.4,8.33,1,0,72,8.98,5.83,2007-12-17,71.5,0.3671,-40.91,-49.72,-73.29,2008-01-10,-14.55,17,0,11.05,-81.12
PRSMJOHNSN,L250,1,65a25f4df5f6,0,295,2005-02-10,27.4,2005-06-30,18.05,34.12,179,0.697,0.705,3.984e-05,0.53,0.419,1.381,0.1446,1,2005-09-19,8.05,2006-02-17,27.15,24.1,11.23,15,1,0,27.4,-0.18,1,0,2006-03-10,27.35,3.07,0,0,117,0.74,5.71,2006-03-13,26.5,0.2033,-6.6,38.11,22.26,2006-05-18,33.02,44,0,83.02,-18.68
PRSMJOHNSN,L250,0,65a25f4df5f6,0,2372,2013-06-05,45.75,2014-02-14,22.9,49.95,250,0.699,0.832,4.729e-05,0.431,0.612,6.355,0.4674,1,2014-06-10,5.74,2014-07-15,75.45,70.05,7.16,15,1,1,78.3,-2.62,1,0,2014-08-06,76.25,3.56,0,0,40,1.06,0.93,2014-08-07,76.55,0.579,1.18,28.87,27.37,2014-08-28,-1.37,15,0,74.32,-14.7
PRSMJOHNSN,VAR,1,65a25f4df5f6,0,295,2005-02-10,27.4,2005-06-30,18.05,34.12,141,0.7,0.811,6.111e-05,0.526,0.532,1.539,0.2842,1,2005-08-31,8.37,2006-02-17,27.15,24.1,11.23,15,1,0,27.4,-0.18,1,0,2006-03-10,27.35,3.07,0,0,129,0.74,5.71,2006-03-13,26.5,0.4567,-6.6,38.11,22.26,2006-05-18,33.02,44,0,83.02,-18.68
PTC,L120,0,5b6c02f9d021,0,228,2005-02-10,56.0,2005-05-03,41.6,25.71,120,0.471,0.823,4.143e-05,0.688,0.583,0.614,0.4106,0,2005-08-01,2.39,2005-11-10,55.4,50.2,9.39,15,0,0,58.95,5.43,1,1,2005-12-02,62.15,18.05,1,1,83,12.18,2.77,2005-12-05,62.0,0.6301,-8.31,-0.16,-17.18,2006-03-21,-9.44,73,0,33.31,-27.42
PTC,L120,0,5b6c02f9d021,0,4680,2023-01-24,114.1,2023-03-31,85.05,25.46,120,0.471,0.716,5.315e-05,0.406,0.625,1.085,0.2627,0,2023-07-05,15.94,2023-11-21,173.7,154.2,11.23,15,1,0,193.1,2.15,1,1,2023-12-13,197.25,8.84,1,0,110,16.23,49.86,2023-12-14,199.9,0.474,-2.78,4.8,-18.67,2024-02-12,-3.85,41,0,27.36,-20.96
PTC,L180,1,5b6c02f9d021,0,228,2005-01-11,58.95,2005-05-03,41.6,29.43,160,0.516,0.762,2.409e-05,0.695,0.5,0.582,0.378,0,2005-08-22,2.81,2005-11-10,55.4,50.2,9.39,15,0,0,58.95,5.43,1,1,2005-12-02,62.15,18.05,1,1,69,12.18,2.77,2005-12-05,62.0,0.5191,-8.31,-0.16,-17.18,2006-03-21,-9.44,73,0,33.31,-27.42
PTC,L250,1,5b6c02f9d021,0,228,2005-01-11,58.95,2005-05-03,41.6,29.43,160,0.516,0.762,2.409e-05,0.695,0.5,0.582,0.378,0,2005-08-22,2.81,2005-11-10,55.4,50.2,9.39,15,0,0,58.95,5.43,1,1,2005-12-02,62.15,18.05,1,1,69,12.18,2.77,2005-12-05,62.0,0.5191,-8.31,-0.16,-17.18,2006-03-21,-9.44,73,0,33.31,-27.42
PTC,VAR,1,5b6c02f9d021,0,228,2005-01-11,58.95,2005-05-03,41.6,29.43,151,0.507,0.765,2.633e-05,0.697,0.53,0.58,0.4106,0,2005-08-17,3.01,2005-11-10,55.4,50.2,9.39,15,0,0,58.95,5.43,1,1,2005-12-02,62.15,18.05,1,1,72,12.18,2.77,2005-12-05,62.0,0.5627,-8.31,-0.16,-17.18,2006-03-21,-9.44,73,0,33.31,-27.42
PVRINOX,L120,0,61d8848339f3,0,2122,2014-01-03,638.3,2014-03-31,460.4,27.87,120,0.597,0.708,5.678e-05,0.584,0.408,1.574,0.2769,1,2014-06-12,8.25,2014-07-16,647.8,597.6,7.75,15,1,0,669.2,-1.85,1,0,2014-08-07,656.8,3.28,0,0,39,2.17,3.03,2014-08-08,652.45,0.2962,8.22,3.43,21.86,2014-10-08,-3.54,39,0,33.19,-8.95
PVRINOX,VAR,0,61d8848339f3,0,2122,2014-01-03,638.3,2014-03-31,460.4,27.87,94,0.634,0.793,5.712e-05,0.695,0.521,1.574,0.4029,1,2014-05-23,3.2,2014-07-16,647.8,597.6,7.75,15,1,0,669.2,-1.85,1,0,2014-08-07,656.8,3.28,0,0,53,2.17,3.03,2014-08-08,652.45,0.4803,8.22,3.43,21.86,2014-10-08,-3.54,39,0,33.19,-8.95
QUICKHEAL,VAR,0,aa8abdcff7b0,0,1934,2022-09-08,218.04,2023-03-29,126.91,41.8,231,0.604,0.765,1.886e-05,0.643,0.411,1.496,0.0119,1,2023-08-11,2.09,2023-11-28,376.58,351.89,6.56,15,1,0,376.58,3.16,1,1,2023-12-19,388.48,3.06,0,0,86,3.16,8.0,2023-12-20,388.48,0.3338,30.63,27.8,67.81,2024-04-16,19.62,78,0,112.37,-10.0
RADHIKAJWE,VAR,1,be641b648ccc,0,366,2023-01-24,52.98,2023-03-29,28.15,46.87,108,0.411,0.72,1.163e-04,0.506,0.657,0.844,0.1419,0,2023-07-04,2.07,2023-12-19,47.17,43.63,7.5,15,1,1,52.98,-2.19,1,0,2024-01-10,51.82,14.02,1,1,129,12.12,2.96,2024-01-11,52.71,0.4077,23.77,12.69,98.29,2024-06-04,3.6,94,0,198.54,-12.31
RAINBOW,VAR,0,b1fcf0ea7ccf,0,653,2024-05-06,1571.3,2024-07-24,1105.1,29.67,110,0.505,0.702,5.733e-05,0.496,0.418,0.859,0.4968,0,2024-10-10,16.27,2024-10-07,1468.95,1346.7,8.32,15,1,0,1571.3,-4.69,1,0,2024-10-28,1497.65,7.61,1,0,12,5.41,8.85,2024-10-29,1497.65,0.4149,-1.75,-4.15,-7.83,2025-01-14,-1.9,53,0,14.15,-18.67
RAINBOW,VAR,0,b1fcf0ea7ccf,0,837,2024-12-04,1677.25,2025-02-28,1239.6,26.09,90,0.685,0.781,7.035e-05,0.695,0.444,2.51,0.4251,1,2025-04-15,42.14,2025-07-03,1599.4,1505.7,5.86,15,1,1,1677.25,-3.18,1,0,2025-07-24,1623.9,6.84,1,0,70,5.83,25.44,2025-07-25,1620.0,0.3914,-16.05,-22.28,-5.52,2025-09-12,-9.71,34,0,0.03,-33.09
RALLIS,L120,0,cc0f0f759372,0,5073,2024-12-06,336.6,2025-04-07,202.06,39.97,120,0.697,0.865,1.140e-04,0.554,0.583,1.046,0.4121,0,2025-06-02,9.32,2025-06-23,343.55,305.2,11.16,15,1,1,368.05,-3.82,1,0,2025-07-14,354.0,13.27,1,1,30,3.04,13.52,2025-07-15,372.15,0.5705,-18.46,-27.58,-35.54,2025-09-10,-8.46,40,0,3.69,-42.09
RALLIS,L180,0,cc0f0f759372,0,5073,2024-10-16,368.05,2025-04-07,202.06,45.1,180,0.676,0.713,5.422e-05,0.557,0.411,1.026,0.3518,0,2025-07-02,12.87,2025-06-23,343.55,305.2,11.16,15,1,1,368.05,-3.82,1,0,2025-07-14,354.0,13.27,1,1,8,3.04,13.52,2025-07-15,372.15,0.2251,-18.46,-27.58,-35.54,2025-09-10,-8.46,40,0,3.69,-42.09
RALLIS,L250,0,cc0f0f759372,0,1156,2008-08-19,38.58,2008-12-12,20.03,48.08,250,0.309,0.825,3.891e-05,0.36,0.44,5.657,0.3896,1,2009-08-27,2.1,2009-08-14,54.59,48.29,11.54,15,0,0,54.59,4.84,1,1,2009-09-04,57.23,3.57,0,0,6,4.84,2.31,2009-09-07,58.47,0.4573,1.25,47.82,166.75,2009-11-03,-1.88,36,0,171.76,-7.03
RALLIS,L250,0,cc0f0f759372,0,4824,2023-01-16,255.3,2023-05-22,187.65,26.5,250,0.333,0.701,9.203e-06,0.304,0.468,2.664,0.303,1,2024-01-18,16.23,2024-06-21,339.15,306.05,9.76,15,1,0,353.65,-2.36,1,0,2024-07-12,345.3,4.16,0,0,119,2.42,33.88,2024-07-15,347.8,0.3193,-9.89,-14.02,1.55,2024-10-07,-10.48,58,0,10.91,-43.65
RALLIS,VAR,0,cc0f0f759372,0,5073,2024-10-16,368.05,2025-04-07,202.06,45.1,170,0.698,0.732,5.859e-05,0.574,0.435,0.985,0.3907,0,2025-06-23,12.53,2025-06-23,343.55,305.2,11.16,15,1,1,368.05,-3.82,1,0,2025-07-14,354.0,13.27,1,1,15,3.04,13.52,2025-07-15,372.15,0.2523,-18.46,-27.58,-35.54,2025-09-10,-8.46,40,0,3.69,-42.09
RAMASTEEL,L120,0,410162705024,0,527,2017-05-10,2.13,2017-08-11,1.63,23.47,120,0.664,0.701,7.369e-05,0.44,0.508,2.025,0.6654,1,2017-10-11,2.36,2017-09-22,2.35,2.13,9.36,15,1,0,2.35,5.96,1,1,2017-10-16,2.49,4.21,0,0,3,5.96,2.03,2017-10-17,2.49,0.3449,32.93,0.0,-50.6,2018-02-06,20.08,78,0,55.02,-56.63
RAMCOCEM,L250,0,b34b23a0b542,0,2395,2013-05-08,259.1,2013-08-28,138.0,46.74,250,0.43,0.717,1.707e-05,0.674,0.456,0.579,0.0469,0,2014-03-26,2.59,2014-08-19,345.35,306.8,11.16,15,0,0,345.35,1.3,1,1,2014-09-10,349.85,5.65,1,0,112,1.3,5.28,2014-09-11,348.5,0.3002,-9.94,-7.65,-7.62,2014-10-07,-12.02,16,0,9.04,-20.52
RAMCOCEM,VAR,0,b34b23a0b542,0,2395,2013-05-08,259.1,2013-08-28,138.0,46.74,237,0.331,0.7,2.577e-05,0.561,0.481,0.675,0.0932,0,2014-04-22,4.99,2014-08-19,345.35,306.8,11.16,15,0,0,345.35,1.3,1,1,2014-09-10,349.85,5.65,1,0,96,1.3,5.28,2014-09-11,348.5,0.2116,-9.94,-7.65,-7.62,2014-10-07,-12.02,16,0,9.04,-20.52
RAMCOCEM,VAR,0,b34b23a0b542,0,3909,2020-01-24,868.4,2020-04-08,464.0,46.57,90,0.562,0.772,1.542e-04,0.688,0.478,1.485,0.2355,1,2020-06-08,53.59,2020-10-13,802.45,755.35,5.87,15,1,0,868.4,-4.76,1,0,2020-11-03,827.05,3.19,0,0,105,3.07,56.63,2020-11-04,827.0,0.456,-5.56,19.17,32.52,2020-12-21,-4.49,33,0,36.96,-7.37
RAMCOCEM,VAR,0,b34b23a0b542,0,5072,2024-12-16,1047.65,2025-03-13,801.55,23.49,90,0.697,0.818,8.621e-05,0.543,0.4,1.829,0.4159,1,2025-04-28,60.4,2025-06-20,1105.3,1012.1,8.43,15,1,1,1126.0,1.3,1,1,2025-07-11,1140.6,3.51,0,0,53,3.19,47.56,2025-07-14,1146.0,0.3359,-12.86,-5.92,-19.64,2025-08-08,-6.47,20,0,5.98,-26.85
RAMRAT,L180,0,9f927d9a6e79,0,239,2022-09-23,112.24,2022-12-23,72.84,35.1,180,0.358,0.846,4.845e-05,0.496,0.439,0.501,0.5597,0,2023-06-13,2.28,2023-06-27,145.44,135.09,7.12,15,0,0,149.09,-0.46,1,0,2023-07-19,148.41,4.5,0,0,25,5.2,2.42,2023-07-20,149.36,0.5013,-15.3,4.04,42.89,2023-08-25,-9.34,26,0,54.22,-25.27
RAMRAT,L180,0,9f927d9a6e79,0,736,2024-10-14,369.89,2025-03-04,233.12,36.98,180,0.57,0.702,3.678e-05,0.499,0.444,1.676,0.3644,1,2025-06-30,2.71,2025-07-07,356.07,324.06,8.99,15,1,1,369.89,-3.26,1,0,2025-07-28,357.83,3.17,0,0,20,2.23,1.79,2025-07-29,355.69,0.4236,-12.42,-20.82,20.68,2025-08-01,-5.0,4,0,46.19,-24.65
RAMRAT,L180,0,9f927d9a6e79,0,937,2025-09-09,379.75,2026-01-20,278.25,26.73,180,0.57,0.707,3.599e-05,0.454,0.422,1.578,0.4756,1,2026-05-18,8.77,2026-05-04,455.4,420.4,7.69,15,0,0,455.4,3.3,1,1,2026-05-25,470.45,3.39,0,0,5,8.74,6.23,2026-05-26,468.45,0.3664,3.46,15.06,15.06,2026-06-01,-14.56,4,0,28.6,-24.43
RBZJEWEL,L180,0,87095b77539b,0,251,2024-02-16,179.95,2024-06-05,123.1,31.59,180,0.425,0.876,4.824e-05,0.462,0.406,0.481,0.3744,0,2024-11-01,2.0,2024-12-13,217.42,194.18,10.69,15,0,0,232.15,-1.66,1,0,2025-01-06,228.29,3.74,0,0,43,5.0,3.1,2025-01-07,235.01,0.5304,-37.68,-41.43,-34.02,2025-01-13,-15.23,5,0,7.09,-46.6
RBZJEWEL,VAR,1,87095b77539b,0,251,2024-01-12,232.15,2024-06-05,123.1,46.97,197,0.474,0.903,4.827e-05,0.509,0.594,0.42,0.3744,0,2024-11-01,2.0,2024-12-13,217.42,194.18,10.69,15,0,0,232.15,-1.66,1,0,2025-01-06,228.29,3.74,0,0,43,5.0,3.1,2025-01-07,235.01,0.7362,-37.68,-41.43,-34.02,2025-01-13,-15.23,5,0,7.09,-46.6
RCF,L120,0,c013526c4996,0,4640,2022-12-15,140.9,2023-03-28,90.85,35.52,120,0.613,0.74,4.659e-05,0.689,0.508,0.606,0.5774,0,2023-06-07,21.03,2023-09-22,130.3,120.9,7.21,15,1,1,143.25,-3.07,1,0,2023-10-16,138.85,13.6,1,1,89,6.56,37.66,2023-10-17,139.5,0.4635,22.01,4.44,25.53,2023-10-26,-12.97,7,0,75.63,-15.7
RCF,VAR,0,c013526c4996,0,4640,2022-12-15,140.9,2023-03-28,90.85,35.52,107,0.67,0.732,5.664e-05,0.699,0.486,0.686,0.5517,0,2023-05-23,32.15,2023-09-22,130.3,120.9,7.21,15,1,1,143.25,-3.07,1,0,2023-10-16,138.85,13.6,1,1,100,6.56,37.66,2023-10-17,139.5,0.3788,22.01,4.44,25.53,2023-10-26,-12.97,7,0,75.63,-15.7
REDINGTON,L120,0,576eed65b12a,0,1792,2013-06-07,38.7,2013-09-27,23.45,39.41,120,0.647,0.803,8.733e-05,0.566,0.442,2.092,0.2426,1,2013-12-02,2.02,2014-04-30,45.65,40.4,11.5,15,0,0,49.05,-2.55,1,0,2014-05-22,47.8,4.48,0,0,115,4.94,1.39,2014-05-23,47.3,0.453,2.64,19.13,23.78,2014-10-28,-4.12,105,0,53.28,-11.1
REDINGTON,L120,0,576eed65b12a,0,4189,2023-07-05,193.9,2023-10-25,139.6,28.0,120,0.697,0.785,5.193e-05,0.61,0.467,0.895,0.5864,0,2023-12-15,26.68,2024-01-12,188.55,173.0,8.25,15,1,1,199.4,2.23,1,1,2024-02-05,203.85,9.62,1,1,34,8.11,17.76,2024-02-06,205.0,0.3528,2.39,3.58,-1.24,2024-05-29,-3.34,77,0,15.88,-22.63
REDINGTON,VAR,0,576eed65b12a,0,4189,2023-07-05,193.9,2023-10-25,139.6,28.0,112,0.685,0.754,5.716e-05,0.593,0.5,0.912,0.5696,0,2023-12-14,25.07,2024-01-12,188.55,173.0,8.25,15,1,1,199.4,2.23,1,1,2024-02-05,203.85,9.62,1,1,35,8.11,17.76,2024-02-06,205.0,0.3566,2.39,3.58,-1.24,2024-05-29,-3.34,77,0,15.88,-22.63
REFEX,L120,0,100e694fe508,0,2648,2020-06-30,13.6,2020-09-24,8.75,35.66,120,0.563,0.706,1.556e-04,0.417,0.767,0.855,0.2458,0,2020-12-09,4.97,2021-04-30,27.65,25.4,8.14,15,0,0,29.6,1.35,1,1,2021-05-24,30.0,4.24,0,0,110,8.5,4.4,2021-05-25,30.3,0.4824,-14.52,-16.17,-25.08,2021-07-20,-11.55,41,0,14.52,-29.87
REFEX,L120,0,100e694fe508,0,3419,2023-08-01,177.5,2023-11-02,104.9,40.9,120,0.563,0.702,5.868e-05,0.649,0.542,0.599,0.2433,0,2024-01-17,3.68,2024-06-07,168.6,151.2,10.32,15,0,0,177.5,4.99,1,1,2024-07-01,186.35,14.98,1,1,111,19.52,8.58,2024-07-02,190.0,0.4359,158.55,156.03,136.5,2024-12-20,157.32,119,0,215.79,-0.72
RELINFRA-BE,VAR,0,87a75280834d,0,626,2006-03-06,654.75,2006-06-08,377.15,42.4,193,0.328,0.786,3.601e-05,0.586,0.44,0.965,0.1375,0,2006-12-12,28.79,2007-06-21,625.9,560.5,10.45,15,0,0,658.1,1.67,1,1,2007-07-12,669.1,4.9,0,0,143,6.9,60.21,2007-07-13,673.0,0.3136,105.07,251.55,19.06,2007-10-19,98.24,69,0,292.42,-1.89
REPCOHOME,VAR,0,8255e5f05e61,0,1029,2016-09-16,799.4,2016-12-26,467.93,41.46,97,0.698,0.805,1.511e-04,0.625,0.443,1.104,0.7763,0,2017-02-06,4.62,2017-05-22,735.24,671.07,8.73,15,1,1,799.4,-3.2,1,0,2017-06-12,773.81,8.91,1,0,85,5.25,3.18,2017-06-13,777.14,0.3951,-19.98,-27.94,-33.11,2017-07-11,-7.4,20,0,8.67,-39.84
REPRO,L180,0,f74fa96489c9,0,4354,2022-10-18,462.2,2023-03-29,347.95,24.72,180,0.631,0.871,5.683e-05,0.404,0.406,6.193,0.6578,1,2023-07-07,2.07,2023-07-24,821.15,727.5,11.4,15,1,0,862.25,-3.11,1,0,2023-08-14,835.4,5.31,1,0,26,1.74,1.71,2023-08-16,852.1,0.5517,-10.63,-2.83,-32.5,2023-10-11,-14.85,39,0,15.01,-34.13
REPRO,L250,0,f74fa96489c9,0,4354,2022-09-05,507.9,2023-03-29,347.95,31.49,250,0.691,0.714,3.186e-05,0.435,0.436,4.44,0.6368,1,2023-07-24,2.56,2023-07-24,821.15,727.5,11.4,15,1,0,862.25,-3.11,1,0,2023-08-14,835.4,5.31,1,0,15,1.74,1.71,2023-08-16,852.1,0.3702,-10.63,-2.83,-32.5,2023-10-11,-14.85,39,0,15.01,-34.13
RHIM,VAR,0,9d0846ba46d9,0,2592,2022-04-18,652.02,2022-06-22,459.71,29.49,90,0.517,0.718,7.238e-05,0.64,0.411,0.561,0.308,0,2022-08-24,6.87,2022-08-30,645.07,583.38,9.56,15,0,0,652.02,4.33,1,1,2022-09-21,680.22,9.25,1,1,19,5.45,15.0,2022-09-22,680.22,0.3779,18.54,-12.75,6.34,2022-11-07,-7.82,31,0,29.6,-17.19
RITES,VAR,0,f5ab9474fce6,0,1375,2023-09-11,283.6,2023-11-10,219.4,22.64,90,0.461,0.704,7.408e-05,0.461,0.411,1.174,0.51,0,2024-01-19,62.92,2024-01-01,276.7,250.65,9.41,15,1,0,283.6,10.9,1,1,2024-01-20,314.5,15.37,1,1,1,13.66,75.32,2024-01-23,320.0,0.3441,3.81,14.41,-17.33,2024-03-13,-8.5,36,0,29.06,-20.55
RPEL,L120,0,9963d4d403fa,0,497,2025-12-03,1053.8,2026-03-30,566.4,46.25,120,0.697,0.812,9.897e-05,0.618,0.442,1.981,0.6284,1,2026-05-25,11.03,2026-07-23,1313.8,1216.3,7.42,15,1,1,1316.4,5.5,1,1,2026-08-13,1388.8,6.25,1,0,56,7.72,5.34,2026-08-14,1399.0,0.4188,24.72,24.72,24.72,,24.72,20,1,38.93,-0.67
RPEL,VAR,0,9963d4d403fa,0,497,2025-11-19,1054.85,2026-03-30,566.4,46.31,127,0.698,0.8,9.178e-05,0.616,0.417,1.915,0.5882,1,2026-05-27,13.07,2026-07-23,1313.8,1216.3,7.42,15,1,1,1316.4,5.5,1,1,2026-08-13,1388.8,6.25,1,0,54,7.72,5.34,2026-08-14,1399.0,0.3788,24.72,24.72,24.72,,24.72,20,1,38.93,-0.67
RPGLIFE,L180,0,ac5d86c2f3f8,0,2029,2015-12-03,340.8,2016-02-26,207.65,39.07,180,0.341,0.705,5.792e-05,0.447,0.417,1.077,0.4757,0,2016-08-22,7.88,2016-08-16,441.7,412.8,6.54,15,1,0,453.8,2.91,1,1,2016-09-07,467.0,6.79,1,0,11,7.0,4.27,2016-09-08,470.05,0.3001,1.84,-5.89,-10.9,2016-11-04,-4.01,38,0,14.07,-36.88
RRKABEL,VAR,1,b2bff2e71de6,0,163,2023-11-21,1781.98,2024-03-13,1347.83,24.36,109,0.694,0.798,6.400e-05,0.544,0.431,0.591,0.4485,0,2024-05-06,14.2,2024-05-03,1761.13,1590.32,9.7,15,1,1,1781.98,0.67,1,1,2024-05-27,1793.89,9.32,1,1,14,2.99,14.53,2024-05-28,1808.88,0.3095,-10.33,-17.82,-24.34,2024-06-04,-13.06,6,0,4.01,-53.07
RTNINDIA,L250,0,7c5ced74c041,0,2791,2022-08-24,56.4,2023-03-28,32.9,41.67,250,0.618,0.704,1.219e-05,0.691,0.412,1.004,0.2721,0,2023-08-17,14.18,2023-12-14,83.75,75.1,10.33,15,1,0,83.75,2.69,1,1,2024-01-05,86.0,3.27,0,0,95,5.39,64.27,2024-01-08,86.4,0.2762,-11.81,-7.25,-34.03,2024-03-11,-12.67,42,0,9.78,-36.92
RTNINDIA,VAR,0,7c5ced74c041,0,2791,2022-08-24,56.4,2023-03-28,32.9,41.67,242,0.614,0.735,1.288e-05,0.694,0.426,0.975,0.2629,0,2023-08-14,11.23,2023-12-14,83.75,75.1,10.33,15,1,0,83.75,2.69,1,1,2024-01-05,86.0,3.27,0,0,97,5.39,64.27,2024-01-08,86.4,0.3263,-11.81,-7.25,-34.03,2024-03-11,-12.67,42,0,9.78,-36.92
RUSHIL,L120,0,99c9b3e58676,0,363,2012-05-02,18.98,2012-08-07,14.52,23.5,120,0.697,0.809,6.886e-05,0.511,0.55,1.659,0.2872,1,2012-10-01,3.06,2012-12-11,21.8,20.05,8.03,15,1,0,23.46,0.13,1,1,2013-01-02,23.49,15.22,1,1,60,11.75,1.63,2013-01-03,23.64,0.415,-86.59,-91.24,-84.26,2013-01-16,-14.97,10,0,11.21,-91.75
RVNL,L120,0,1a11edaa8ca8,0,536,2020-08-17,23.1,2020-11-02,18.1,21.65,120,0.546,0.721,9.043e-05,0.39,0.425,2.776,0.624,1,2021-01-19,46.24,2021-05-24,31.8,28.9,9.12,15,1,0,34.9,-4.3,1,0,2021-06-14,33.4,7.91,1,0,97,5.03,13.78,2021-06-15,33.8,0.4429,-8.28,1.63,-9.32,2021-07-20,-10.06,26,0,32.54,-18.64
SADBHAV,L120,0,5db095079c71,0,2892,2017-05-15,342.7,2017-08-22,263.65,23.07,120,0.639,0.756,2.663e-05,0.693,0.45,1.186,0.3489,0,2017-10-26,2.85,2017-11-01,339.2,308.15,9.15,15,1,0,372.4,-4.99,1,0,2017-11-22,353.8,3.45,0,0,19,4.3,10.02,2017-11-23,357.0,0.3122,10.66,2.83,-42.27,2018-05-04,3.99,110,0,23.25,-47.49
SADBHAV,VAR,0,5db095079c71,0,2892,2017-05-15,342.7,2017-08-22,263.65,23.07,112,0.622,0.724,2.746e-05,0.689,0.482,1.145,0.3174,0,2017-10-25,2.1,2017-11-01,339.2,308.15,9.15,15,1,0,372.4,-4.99,1,0,2017-11-22,353.8,3.45,0,0,20,4.3,10.02,2017-11-23,357.0,0.3099,10.66,2.83,-42.27,2018-05-04,3.99,110,0,23.25,-47.49
SAIL,L120,0,34661d6ec95f,0,303,2005-03-21,68.6,2005-06-30,48.1,29.88,120,0.697,0.821,7.638e-05,0.567,0.583,0.836,0.3628,0,2005-08-23,84.1,2006-03-01,70.35,64.85,7.82,15,0,0,70.35,4.26,1,1,2006-03-23,73.35,5.01,1,0,143,7.71,70.86,2006-03-24,74.0,0.4742,-4.53,2.03,48.65,2006-05-19,3.11,37,0,63.51,-17.5
SAIL,VAR,1,34661d6ec95f,0,303,2005-03-21,68.6,2005-06-30,48.1,29.88,103,0.696,0.809,9.089e-05,0.558,0.68,0.889,0.4725,0,2005-08-16,84.1,2006-03-01,70.35,64.85,7.82,15,0,0,70.35,4.26,1,1,2006-03-23,73.35,5.01,1,0,148,7.71,70.86,2006-03-24,74.0,0.484,-4.53,2.03,48.65,2006-05-19,3.11,37,0,63.51,-17.5
SANGAMIND,VAR,0,802bbc05dd3e,0,4593,2022-08-23,345.7,2023-02-16,195.2,43.53,209,0.587,0.769,3.068e-05,0.579,0.464,0.859,0.2618,0,2023-06-26,2.03,2023-07-19,341.95,318.65,6.81,15,0,0,404.55,-4.18,1,0,2023-08-09,387.65,14.1,1,1,31,13.36,2.05,2023-08-10,387.65,0.4153,-19.24,53.41,0.99,2023-10-23,-18.93,50,0,62.5,-29.38
SANSERA,L120,0,a54b5a178c97,0,1028,2024-12-09,1618.93,2025-04-09,1028.28,36.48,120,0.697,0.863,6.784e-05,0.629,0.525,0.919,0.4592,0,2025-06-04,13.84,2025-11-03,1627.7,1514.8,6.94,15,1,0,1720.95,-3.51,1,0,2025-11-25,1660.6,4.85,0,0,119,2.02,14.13,2025-11-26,1678.8,0.5376,36.13,73.05,145.15,2026-01-22,1.01,40,0,148.39,-4.84
SAPPHIRE,L120,0,76141f2e3cd8,0,219,2022-03-31,296.45,2022-06-08,186.75,37.0,120,0.487,0.707,9.058e-05,0.526,0.425,1.405,0.38,1,2022-09-06,18.75,2022-09-14,297.75,281.95,5.31,15,1,0,297.75,0.86,1,1,2022-10-06,300.3,3.37,0,0,21,1.06,13.63,2022-10-07,300.0,0.4605,-13.27,-18.65,-6.23,2022-11-10,-10.23,23,0,4.52,-26.5
SAPPHIRE,VAR,1,76141f2e3cd8,0,219,2022-03-31,296.45,2022-06-08,186.75,37.0,90,0.517,0.846,1.521e-04,0.567,0.567,1.05,0.4306,0,2022-08-08,10.09,2022-09-14,297.75,281.95,5.31,15,1,0,297.75,0.86,1,1,2022-10-06,300.3,3.37,0,0,39,1.06,13.63,2022-10-07,300.0,0.7331,-13.27,-18.65,-6.23,2022-11-10,-10.23,23,0,4.52,-26.5
SARDAEN,L120,0,8d732a30b127,0,3902,2025-03-18,556.4,2025-05-08,418.05,24.87,120,0.319,0.72,8.181e-05,0.475,0.55,0.427,0.4683,0,2025-09-02,82.41,2025-08-22,601.2,559.75,6.89,15,1,0,601.2,4.15,1,1,2025-09-15,626.15,6.25,1,0,9,6.15,60.93,2025-09-16,639.75,0.3361,-23.96,-14.83,-16.11,2025-09-30,-15.69,11,0,0.0,-29.18
SARLAPOLY,L120,0,a30b41ca6a81,0,4185,2024-07-31,113.54,2024-10-22,82.43,27.4,120,0.613,0.701,8.318e-05,0.478,0.433,1.443,0.3167,1,2024-12-30,13.67,2025-06-30,120.02,112.52,6.25,15,1,1,127.83,-3.93,1,0,2025-07-21,122.8,3.25,0,0,139,4.99,0.88,2025-07-22,126.89,0.2903,-28.53,-32.9,-20.73,2025-08-06,-14.45,12,0,0.48,-46.1
SARLAPOLY,VAR,0,a30b41ca6a81,0,4185,2024-12-19,127.83,2025-03-03,70.25,45.04,90,0.573,0.902,2.015e-04,0.573,0.611,1.143,0.3454,0,2025-05-02,2.16,2025-06-30,120.02,112.52,6.25,15,1,1,127.83,-3.93,1,0,2025-07-21,122.8,3.25,0,0,56,4.99,0.88,2025-07-22,126.89,0.7008,-28.53,-32.9,-20.73,2025-08-06,-14.45,12,0,0.48,-46.1
SBCL,L120,0,fb2b7fd78408,0,313,2022-04-13,371.08,2022-06-20,246.5,33.57,120,0.521,0.723,1.152e-04,0.488,0.467,0.828,0.3962,0,2022-09-12,3.98,2022-09-06,414.2,371.94,10.2,15,0,0,423.06,-1.73,1,0,2022-09-27,415.76,4.07,0,0,11,11.78,2.66,2022-09-28,407.45,0.4683,-12.46,1.01,28.69,2022-11-18,-3.74,35,0,81.59,-13.18
SBCL,VAR,0,fb2b7fd78408,0,313,2022-04-13,371.08,2022-06-20,246.5,33.57,90,0.506,0.74,1.531e-04,0.522,0.622,0.797,0.3232,0,2022-08-23,2.0,2022-09-06,414.2,371.94,10.2,15,0,0,423.06,-1.73,1,0,2022-09-27,415.76,4.07,0,0,24,11.78,2.66,2022-09-28,407.45,0.5831,-12.46,1.01,28.69,2022-11-18,-3.74,35,0,81.59,-13.18
SBCL,VAR,0,fb2b7fd78408,0,434,2022-10-03,489.76,2022-12-23,356.7,27.17,97,0.583,0.7,4.929e-05,0.678,0.433,0.566,0.3122,0,2023-02-20,2.1,2023-02-28,419.01,382.37,8.74,15,0,0,489.76,-3.05,1,0,2023-03-22,474.8,27.27,1,1,21,15.36,2.25,2023-03-23,469.57,0.2947,36.08,15.32,17.5,2023-08-04,31.66,91,0,57.56,-3.11
SBILIFE,L180,0,b310a6465298,0,1997,2024-09-23,1920.15,2025-03-13,1385.55,27.84,180,0.698,0.897,3.640e-05,0.507,0.572,0.85,0.2816,0,2025-06-05,162.53,2025-10-03,1852.7,1770.9,4.42,15,1,1,1928.65,-1.32,1,0,2025-10-27,1903.1,3.27,0,0,98,3.44,158.84,2025-10-28,1903.1,0.5296,6.25,-3.94,-11.13,2026-02-01,3.74,66,0,12.03,-12.2
SBILIFE,L250,0,b310a6465298,0,1997,2024-09-03,1928.65,2025-03-13,1385.55,28.16,250,0.606,0.707,1.828e-05,0.481,0.42,0.818,0.1449,0,2025-08-06,157.19,2025-10-03,1852.7,1770.9,4.42,15,1,1,1928.65,-1.32,1,0,2025-10-27,1903.1,3.27,0,0,54,3.44,158.84,2025-10-28,1903.1,0.2411,6.25,-3.94,-11.13,2026-02-01,3.74,66,0,12.03,-12.2
SBILIFE,VAR,0,b310a6465298,0,1997,2024-09-03,1928.65,2025-03-13,1385.55,28.16,191,0.7,0.9,3.406e-05,0.519,0.55,0.869,0.2847,0,2025-06-10,193.08,2025-10-03,1852.7,1770.9,4.42,15,1,1,1928.65,-1.32,1,0,2025-10-27,1903.1,3.27,0,0,95,3.44,158.84,2025-10-28,1903.1,0.5162,6.25,-3.94,-11.13,2026-02-01,3.74,66,0,12.03,-12.2
SBIN,L250,0,216f585b4056,0,4524,2019-11-28,349.3,2020-05-22,150.85,56.81,250,0.514,0.78,2.721e-05,0.693,0.636,1.202,0.2244,1,2020-11-11,989.88,2021-04-29,384.55,350.6,8.83,15,0,0,415.2,-3.37,1,0,2021-05-21,401.2,3.96,0,0,128,4.33,1773.78,2021-05-24,417.0,0.5216,1.88,22.63,10.8,2021-08-20,-2.47,63,0,31.65,-3.96
SBIN,VAR,0,216f585b4056,0,4524,2019-11-28,349.3,2020-05-22,150.85,56.81,227,0.527,0.792,3.259e-05,0.698,0.661,1.135,0.1723,0,2020-10-22,804.77,2021-04-29,384.55,350.6,8.83,15,0,0,415.2,-3.37,1,0,2021-05-21,401.2,3.96,0,0,142,4.33,1773.78,2021-05-24,417.0,0.5088,1.88,22.63,10.8,2021-08-20,-2.47,63,0,31.65,-3.96
SCHNEIDER,L120,0,8390f3ca6e7e,0,2782,2023-01-11,206.45,2023-03-27,149.35,27.66,120,0.521,0.771,9.598e-05,0.393,0.417,1.152,0.5775,0,2023-06-21,18.41,2023-06-13,267.0,241.2,9.66,15,1,0,267.0,3.88,1,1,2023-07-05,277.35,5.24,1,0,9,3.88,17.69,2023-07-06,278.1,0.4772,30.91,47.14,198.13,2023-10-23,12.32,75,0,252.39,-3.42
SCI,L120,0,319336898210,0,450,2006-04-03,65.79,2006-07-19,46.96,28.62,120,0.639,0.754,6.703e-05,0.581,0.433,0.418,0.5107,0,2006-09-19,2.24,2006-10-03,63.99,61.71,3.56,15,1,1,67.58,-1.94,1,0,2006-10-26,66.27,14.02,1,1,24,5.73,1.98,2006-10-27,67.19,0.3503,1.24,0.37,54.38,2006-12-12,-11.33,33,0,61.75,-13.5
SCI,VAR,0,319336898210,0,450,2006-04-03,65.79,2006-07-19,46.96,28.62,117,0.629,0.767,7.224e-05,0.572,0.444,0.44,0.5107,0,2006-09-19,2.24,2006-10-03,63.99,61.71,3.56,15,1,1,67.58,-1.94,1,0,2006-10-26,66.27,14.02,1,1,24,5.73,1.98,2006-10-27,67.19,0.3848,1.24,0.37,54.38,2006-12-12,-11.33,33,0,61.75,-13.5
SEAMECLTD,L250,0,f66d1e6d0840,0,5282,2024-11-29,1290.35,2025-08-06,781.25,39.45,250,0.687,0.745,1.081e-05,0.696,0.668,1.695,0.377,1,2025-12-01,2.39,2026-04-28,1592.3,1480.1,7.05,15,1,1,1607.55,0.6,1,1,2026-05-20,1617.2,6.49,1,0,114,3.56,6.24,2026-05-21,1617.0,0.4661,-4.64,9.71,9.71,2026-06-17,-18.26,19,0,13.1,-20.46
SEAMECLTD,VAR,0,f66d1e6d0840,0,5282,2024-11-29,1290.35,2025-08-06,781.25,39.45,250,0.687,0.745,1.081e-05,0.696,0.668,1.695,0.377,1,2025-12-01,2.39,2026-04-28,1592.3,1480.1,7.05,15,1,1,1607.55,0.6,1,1,2026-05-20,1617.2,6.49,1,0,114,3.56,6.24,2026-05-21,1617.0,0.4661,-4.64,9.71,9.71,2026-06-17,-18.26,19,0,13.1,-20.46
SECURKLOUD,L250,0,86e3152b7b8d,0,428,2014-10-27,387.52,2015-03-26,232.26,40.07,250,0.474,0.754,3.310e-05,0.414,0.464,0.605,0.3888,0,2015-10-06,4.88,2015-10-08,684.98,632.33,7.69,15,0,0,684.98,0.12,1,1,2015-10-30,685.79,4.89,0,0,17,4.66,7.74,2015-11-02,689.85,0.5044,19.06,16.8,13.57,2016-01-18,13.48,53,0,38.96,-31.52
SHAILY,VAR,0,f4b0d301d8b7,0,1022,2025-11-17,2748.9,2026-01-29,1821.6,33.73,93,0.543,0.737,7.991e-05,0.7,0.409,1.205,0.3667,1,2026-04-01,62.86,2026-05-07,2793.5,2636.8,5.61,15,1,0,2793.5,7.02,1,1,2026-05-29,2989.5,4.27,0,0,38,12.34,63.31,2026-06-01,3004.9,0.4188,8.69,9.07,9.07,,9.07,74,1,20.31,-12.55
SHAKTIPUMP,L180,0,6dacc38b3d36,0,2916,2022-09-12,95.3,2022-12-23,63.64,33.22,180,0.469,0.788,2.398e-05,0.65,0.683,0.858,0.3623,0,2023-05-16,2.12,2023-08-08,120.74,110.93,8.12,15,1,0,143.13,-0.15,1,0,2023-08-30,142.92,25.68,1,1,74,20.0,9.78,2023-08-31,150.17,0.6214,12.43,49.49,382.33,2023-12-19,7.66,74,0,462.11,-19.32
SHAKTIPUMP,L250,0,6dacc38b3d36,0,2916,2022-09-12,95.3,2022-12-23,63.64,33.22,250,0.418,0.707,2.459e-05,0.458,0.492,1.343,0.5519,1,2023-07-26,6.0,2023-08-08,120.74,110.93,8.12,15,1,0,143.13,-0.15,1,0,2023-08-30,142.92,25.68,1,1,24,20.0,9.78,2023-08-31,150.17,0.4442,12.43,49.49,382.33,2023-12-19,7.66,74,0,462.11,-19.32
SHAKTIPUMP,VAR,0,6dacc38b3d36,0,2916,2022-09-12,95.3,2022-12-23,63.64,33.22,167,0.428,0.814,2.969e-05,0.614,0.737,0.898,0.3623,0,2023-05-16,2.12,2023-08-08,120.74,110.93,8.12,15,1,0,143.13,-0.15,1,0,2023-08-30,142.92,25.68,1,1,74,20.0,9.78,2023-08-31,150.17,0.6114,12.43,49.49,382.33,2023-12-19,7.66,74,0,462.11,-19.32
SHARDACROP,L120,0,ac1b6db87039,0,2654,2025-01-07,840.38,2025-04-09,451.12,46.32,120,0.697,0.824,1.157e-04,0.586,0.567,2.282,0.5848,1,2025-06-04,45.64,2025-06-12,835.66,764.29,8.54,15,1,0,840.38,4.39,1,1,2025-07-03,877.3,7.02,1,0,21,4.98,20.03,2025-07-04,882.35,0.551,-7.04,-3.31,3.67,2025-07-14,-12.42,7,0,46.99,-14.81
SHARDACROP,L250,0,ac1b6db87039,0,450,2015-07-15,308.08,2016-02-29,181.66,41.03,250,0.699,0.756,3.025e-05,0.539,0.408,0.656,0.5426,0,2016-06-21,2.11,2016-07-07,344.47,329.47,4.35,15,0,0,358.43,-3.53,1,0,2016-07-28,345.76,4.32,0,0,26,1.87,0.94,2016-07-29,347.06,0.3041,9.13,23.91,19.92,2016-11-15,-0.8,71,0,48.4,-13.53
SHARDACROP,VAR,0,ac1b6db87039,0,2654,2025-01-07,840.38,2025-04-09,451.12,46.32,96,0.663,0.706,1.369e-04,0.54,0.708,1.556,0.6015,1,2025-05-29,33.33,2025-06-12,835.66,764.29,8.54,15,1,0,840.38,4.39,1,1,2025-07-03,877.3,7.02,1,0,25,4.98,20.03,2025-07-04,882.35,0.4187,-7.04,-3.31,3.67,2025-07-14,-12.42,7,0,46.99,-14.81
SHOPERSTOP,L120,0,aa01406e0ea9,0,4726,2023-08-11,816.7,2023-11-01,627.45,23.17,120,0.622,0.795,3.494e-05,0.693,0.483,0.688,0.0512,0,2024-01-05,3.16,2024-06-19,788.25,732.9,7.02,15,1,1,825.75,8.5,1,1,2024-07-10,895.95,41.73,1,1,126,16.8,2.68,2024-07-11,872.35,0.3357,-13.62,-30.01,-41.37,2024-08-05,-18.96,17,0,8.14,-46.45
SHOPERSTOP,VAR,0,aa01406e0ea9,0,4726,2023-07-12,825.75,2023-11-01,627.45,24.01,123,0.623,0.804,3.359e-05,0.698,0.52,0.701,0.0386,0,2024-01-08,3.16,2024-06-19,788.25,732.9,7.02,15,1,1,825.75,8.5,1,1,2024-07-10,895.95,41.73,1,1,125,16.8,2.68,2024-07-11,872.35,0.3793,-13.62,-30.01,-41.37,2024-08-05,-18.96,17,0,8.14,-46.45
SHRIPISTON,L120,0,b6b58bf4aaed,0,1868,2023-08-03,1501.55,2023-10-12,973.69,35.15,120,0.462,0.734,1.147e-04,0.48,0.642,6.821,0.1068,1,2024-01-16,20.18,2024-01-03,1589.93,1514.26,4.76,15,0,0,1589.93,1.73,1,1,2024-01-25,1617.46,3.29,0,0,6,4.9,26.39,2024-01-29,1641.92,0.61,26.17,16.7,20.86,2024-03-13,-12.82,32,0,45.21,-14.87
SHRIPISTON,L180,0,b6b58bf4aaed,0,2014,2023-08-03,1501.55,2023-10-12,973.69,35.15,180,0.385,0.71,4.320e-05,0.324,0.5,9.772,0.0885,1,2024-03-26,24.46,2024-08-09,2135.86,1888.84,11.57,15,0,0,2148.66,1.12,1,1,2024-09-02,2172.68,3.76,0,0,106,1.72,22.67,2024-09-03,2186.34,0.435,-4.98,-7.27,17.51,2024-10-04,-6.55,23,0,22.61,-24.24
SIEMENS,L120,0,d6e7ac116d41,0,3971,2020-01-24,1237.9,2020-03-23,758.8,38.7,120,0.361,0.877,6.443e-05,0.694,0.683,1.131,0.1605,0,2020-07-15,69.38,2021-01-11,1284.6,1208.55,5.92,15,1,0,1284.6,7.86,1,1,2021-02-02,1385.6,3.44,0,0,140,7.86,61.48,2021-02-03,1372.75,0.6051,4.28,8.42,34.45,2021-04-12,-4.01,46,0,43.0,-4.67
SIEMENS,L180,0,d6e7ac116d41,0,3971,2020-01-24,1237.9,2020-03-23,758.8,38.7,180,0.408,0.787,2.853e-05,0.696,0.572,1.435,0.1882,1,2020-08-26,79.92,2021-01-11,1284.6,1208.55,5.92,15,1,0,1284.6,7.86,1,1,2021-02-02,1385.6,3.44,0,0,110,7.86,61.48,2021-02-03,1372.75,0.5578,4.28,8.42,34.45,2021-04-12,-4.01,46,0,43.0,-4.67
SIEMENS,L250,0,d6e7ac116d41,0,3971,2019-11-04,1282.45,2020-03-23,758.8,40.83,250,0.45,0.776,1.560e-05,0.699,0.492,1.21,0.2151,1,2020-10-09,70.97,2021-01-11,1284.6,1208.55,5.92,15,1,0,1284.6,7.86,1,1,2021-02-02,1385.6,3.44,0,0,79,7.86,61.48,2021-02-03,1372.75,0.5012,4.28,8.42,34.45,2021-04-12,-4.01,46,0,43.0,-4.67
SIEMENS,VAR,0,d6e7ac116d41,0,469,2006-04-05,461.0,2006-06-14,282.75,38.67,93,0.5,0.758,1.048e-04,0.683,0.441,0.907,0.3383,0,2006-08-18,49.37,2006-11-01,469.75,434.5,7.5,15,1,0,469.75,5.15,1,1,2006-11-22,493.95,5.14,1,0,65,9.66,54.47,2006-11-23,507.1,0.5142,-12.08,-8.1,41.12,2006-11-29,-16.64,5,0,55.27,-29.17
SIEMENS,VAR,0,d6e7ac116d41,0,3971,2019-11-04,1282.45,2020-03-23,758.8,40.83,224,0.435,0.773,1.874e-05,0.699,0.54,1.244,0.2273,1,2020-09-23,68.39,2021-01-11,1284.6,1208.55,5.92,15,1,0,1284.6,7.86,1,1,2021-02-02,1385.6,3.44,0,0,90,7.86,61.48,2021-02-03,1372.75,0.5266,4.28,8.42,34.45,2021-04-12,-4.01,46,0,43.0,-4.67
SIGACHI,L120,0,99a12e60169f,0,528,2023-01-18,34.3,2023-03-29,22.03,35.77,120,0.479,0.841,7.552e-05,0.599,0.658,0.545,0.441,0,2023-07-03,2.13,2023-12-11,53.34,50.4,5.51,15,1,1,62.17,-4.58,1,0,2024-01-02,59.32,11.42,1,1,124,15.3,9.11,2024-01-03,59.86,0.7262,17.39,5.51,-18.83,2024-03-04,17.56,41,0,59.57,-27.75
SIGACHI,L180,0,99a12e60169f,0,528,2023-01-18,34.3,2023-03-29,22.03,35.77,180,0.413,0.7,4.468e-05,0.453,0.45,1.067,0.3011,0,2023-09-01,12.67,2023-12-11,53.34,50.4,5.51,15,1,1,62.17,-4.58,1,0,2024-01-02,59.32,11.42,1,1,81,15.3,9.11,2024-01-03,59.86,0.3589,17.39,5.51,-18.83,2024-03-04,17.56,41,0,59.57,-27.75
SIRCA,L180,0,508afee90633,0,1252,2022-12-15,376.44,2023-04-25,285.81,24.08,180,0.587,0.703,2.332e-05,0.464,0.422,1.666,0.4027,1,2023-08-09,4.34,2023-07-27,394.06,357.98,9.16,15,0,0,394.06,5.31,1,1,2023-08-18,415.0,5.65,1,0,6,5.33,5.85,2023-08-21,417.63,0.3191,-7.76,-13.2,-19.5,2023-09-26,-9.52,26,0,5.5,-32.98
SJS,L120,0,8f5753ffca74,0,928,2024-12-09,1300.33,2025-03-17,816.09,37.24,120,0.681,0.773,6.293e-05,0.684,0.483,1.003,0.3517,0,2025-05-16,7.13,2025-07-28,1251.3,1151.9,7.94,15,1,1,1300.33,0.45,1,1,2025-08-19,1306.2,13.71,1,1,66,7.46,9.62,2025-08-20,1305.0,0.3948,33.61,45.86,95.5,2026-01-20,20.98,104,0,98.47,-1.46
SJS,VAR,0,8f5753ffca74,0,928,2024-12-09,1300.33,2025-03-17,816.09,37.24,100,0.687,0.896,8.691e-05,0.695,0.57,0.952,0.0393,0,2025-05-07,6.47,2025-07-28,1251.3,1151.9,7.94,15,1,1,1300.33,0.45,1,1,2025-08-19,1306.2,13.71,1,1,73,7.46,9.62,2025-08-20,1305.0,0.5467,33.61,45.86,95.5,2026-01-20,20.98,104,0,98.47,-1.46
SJVN,L120,0,cb2a664323e1,0,3236,2022-12-05,41.1,2023-03-24,30.55,25.67,120,0.697,0.824,5.853e-05,0.549,0.567,1.161,0.5682,0,2023-05-22,15.49,2023-05-31,39.3,35.55,9.54,15,1,1,41.1,-0.97,1,0,2023-06-21,40.7,4.57,0,0,22,3.56,21.7,2023-06-22,40.7,0.4777,85.14,139.43,217.79,2023-12-20,106.27,124,0,318.92,-4.3
SJVN,L250,0,cb2a664323e1,0,3340,2022-12-05,41.1,2023-03-24,30.55,25.67,250,0.55,0.788,2.279e-05,0.328,0.408,3.125,0.4097,1,2023-09-07,111.15,2023-10-31,76.9,71.05,7.61,15,0,0,81.75,-0.31,1,0,2023-11-21,81.5,4.69,0,0,50,7.31,150.9,2023-11-22,81.8,0.5235,47.31,64.73,38.12,2023-12-20,2.63,20,0,108.44,-1.96
SJVN,VAR,0,cb2a664323e1,0,3236,2022-12-05,41.1,2023-03-24,30.55,25.67,111,0.7,0.806,6.473e-05,0.536,0.613,1.269,0.6049,1,2023-05-17,15.49,2023-05-31,39.3,35.55,9.54,15,1,1,41.1,-0.97,1,0,2023-06-21,40.7,4.57,0,0,25,3.56,21.7,2023-06-22,40.7,0.4695,85.14,139.43,217.79,2023-12-20,106.27,124,0,318.92,-4.3
SKFINDIA,L180,0,dfc077af331c,0,3992,2020-01-16,1063.3,2020-03-23,583.2,45.15,180,0.397,0.745,3.245e-05,0.697,0.472,3.11,0.0279,0,2020-08-28,3.8,2021-02-11,1107.9,1045.0,5.68,15,0,0,1135.8,-2.06,1,0,2021-03-04,1112.4,5.49,1,0,130,3.25,9.31,2021-03-05,1112.4,0.4204,0.7,29.75,39.71,2021-09-20,24.56,133,0,78.69,-13.57
SKFINDIA,L250,0,dfc077af331c,0,3992,2020-01-16,1063.3,2020-03-23,583.2,45.15,250,0.313,0.711,1.532e-05,0.699,0.56,3.211,-0.0415,0,2020-11-26,3.47,2021-02-11,1107.9,1045.0,5.68,15,0,0,1135.8,-2.06,1,0,2021-03-04,1112.4,5.49,1,0,67,3.25,9.31,2021-03-05,1112.4,0.3639,0.7,29.75,39.71,2021-09-20,24.56,133,0,78.69,-13.57
SKFINDIA,VAR,0,dfc077af331c,0,4564,2022-11-21,2402.1,2023-03-27,1903.9,20.74,136,0.652,0.739,1.682e-05,0.7,0.434,0.787,0.0099,0,2023-06-07,8.03,2023-06-06,2319.5,2177.5,6.12,15,1,0,2402.1,-2.41,1,0,2023-06-27,2344.2,7.57,1,0,14,1.06,7.21,2023-06-28,2364.0,0.174,1.49,-7.9,29.59,2023-10-26,-1.16,82,0,45.76,-20.19
SKIPPER,L120,0,4f1c9fe89984,0,2096,2022-12-29,136.75,2023-03-28,87.41,36.08,120,0.58,0.703,8.410e-05,0.487,0.417,1.137,0.5601,0,2023-06-13,3.05,2023-10-27,233.15,215.67,7.5,15,1,1,268.26,-4.39,1,0,2023-11-20,256.49,10.25,1,1,108,10.01,5.81,2023-11-21,263.67,0.3861,22.26,20.5,113.37,2023-12-20,-20.48,21,0,134.68,-21.48
SKIPPER,VAR,0,4f1c9fe89984,0,2096,2022-12-29,136.75,2023-03-28,87.41,36.08,90,0.685,0.81,1.419e-04,0.535,0.556,0.933,0.5864,0,2023-05-12,2.4,2023-10-27,233.15,215.67,7.5,15,1,1,268.26,-4.39,1,0,2023-11-20,256.49,10.25,1,1,130,10.01,5.81,2023-11-21,263.67,0.5172,22.26,20.5,113.37,2023-12-20,-20.48,21,0,134.68,-21.48
SMLMAH,L120,0,d20bbf3bc5af,0,319,2026-02-26,5023.4,2026-05-18,3502.6,30.27,120,0.429,0.701,7.826e-05,0.411,0.517,0.892,0.4523,0,2026-08-24,68.18,2026-08-14,5726.0,5108.0,10.79,15,1,0,5808.0,8.45,1,1,2026-09-04,6298.5,4.97,0,0,9,10.0,45.59,2026-09-07,6339.0,0.4241,3.98,3.98,3.98,,3.98,5,1,4.97,-4.33
SOLARINDS,L120,0,44a05250a265,0,4032,2021-11-23,2861.4,2022-02-14,2208.7,22.81,120,0.563,0.723,7.314e-05,0.461,0.483,0.493,0.468,0,2022-05-04,8.47,2022-07-14,2837.8,2641.25,6.93,15,1,1,3036.15,-1.61,1,0,2022-08-04,2987.15,9.83,1,1,66,6.87,6.28,2022-08-05,3015.0,0.3899,32.13,33.67,31.2,2022-09-26,14.16,34,0,50.51,-0.16
SOLARINDS,L180,0,44a05250a265,0,4966,2025-06-30,17598.0,2025-12-18,11772.0,33.11,180,0.693,0.765,1.655e-05,0.697,0.4,1.292,0.1102,1,2026-03-10,138.1,2026-04-23,16665.0,15056.0,9.65,15,1,0,17598.0,-1.61,1,0,2026-05-15,17314.0,4.8,0,0,43,3.89,181.65,2026-05-18,17509.0,0.2454,6.84,27.73,27.73,2026-06-16,-3.48,21,0,29.22,-3.87
SOLARINDS,L250,0,44a05250a265,0,4342,2023-01-03,4496.35,2023-07-11,3543.85,21.18,250,0.691,0.709,1.537e-05,0.413,0.424,1.191,0.323,0,2023-11-01,26.32,2023-10-16,5585.75,5097.75,8.74,15,1,0,5585.75,6.37,1,1,2023-11-07,5941.45,4.08,0,0,4,6.37,26.32,2023-11-08,5969.0,0.1662,8.07,50.78,71.17,2023-12-01,3.68,17,0,122.78,-1.0
SOLARINDS,VAR,0,44a05250a265,0,3668,2020-01-30,1294.45,2020-04-24,850.8,34.27,144,0.392,0.792,6.264e-05,0.549,0.535,0.809,0.2324,0,2020-08-27,2.25,2021-01-25,1250.0,1176.95,5.84,15,1,0,1294.45,-0.36,1,0,2021-02-16,1289.85,15.96,1,1,119,3.33,1.84,2021-02-17,1284.5,0.4911,-2.02,34.34,78.28,2021-04-05,-2.86,31,0,128.73,-6.58
SOLARINDS,VAR,0,44a05250a265,0,4032,2021-11-23,2861.4,2022-02-14,2208.7,22.81,90,0.652,0.84,1.086e-04,0.544,0.644,0.512,0.3792,0,2022-03-31,6.26,2022-07-14,2837.8,2641.25,6.93,15,1,1,3036.15,-1.61,1,0,2022-08-04,2987.15,9.83,1,1,87,6.87,6.28,2022-08-05,3015.0,0.5037,32.13,33.67,31.2,2022-09-26,14.16,34,0,50.51,-0.16
SOLARINDS,VAR,0,44a05250a265,0,4966,2025-06-30,17598.0,2025-12-18,11772.0,33.11,174,0.682,0.707,1.565e-05,0.692,0.414,1.337,0.1102,1,2026-03-10,138.1,2026-04-23,16665.0,15056.0,9.65,15,1,0,17598.0,-1.61,1,0,2026-05-15,17314.0,4.8,0,0,43,3.89,181.65,2026-05-18,17509.0,0.2008,6.84,27.73,27.73,2026-06-16,-3.48,21,0,29.22,-3.87
SONATSOFTW,L120,0,e102c85464ec,0,3215,2017-02-23,73.5,2017-05-24,54.75,25.51,120,0.513,0.782,3.446e-05,0.67,0.408,1.073,0.2227,0,2017-08-16,2.4,2017-12-20,106.35,93.8,11.8,15,0,0,106.35,3.43,1,1,2018-01-11,110.0,6.19,1,0,101,4.46,8.24,2018-01-12,110.2,0.4187,11.62,-3.54,4.17,2018-06-05,7.58,97,0,45.83,-13.16
SONATSOFTW,L180,0,e102c85464ec,0,4479,2022-01-05,331.3,2022-06-20,232.7,29.76,180,0.67,0.754,1.773e-05,0.699,0.417,0.966,0.3841,0,2022-09-14,6.84,2023-01-30,340.0,302.45,11.04,15,0,0,360.45,2.07,1,1,2023-02-20,367.9,21.96,1,1,109,8.21,14.14,2023-02-21,364.0,0.2881,27.17,40.19,130.59,2023-09-22,43.35,145,0,137.82,-5.77
SONATSOFTW,L250,0,e102c85464ec,0,3282,2017-01-19,83.6,2017-09-27,54.5,34.81,250,0.699,0.872,3.302e-05,0.446,0.556,2.452,0.5654,1,2018-01-16,9.96,2018-04-02,129.8,118.1,9.01,15,0,0,129.8,3.51,1,1,2018-04-23,134.35,3.06,0,0,64,3.51,9.74,2018-04-24,135.3,0.6441,-7.83,-5.06,-8.17,2018-06-05,-12.38,30,0,18.77,-26.53
SONATSOFTW,L250,0,e102c85464ec,0,4479,2021-11-30,342.85,2022-06-20,232.7,32.13,250,0.554,0.702,8.713e-06,0.699,0.496,0.869,0.2802,0,2022-11-30,4.66,2023-01-30,340.0,302.45,11.04,15,0,0,360.45,2.07,1,1,2023-02-20,367.9,21.96,1,1,57,8.21,14.14,2023-02-21,364.0,0.4022,27.17,40.19,130.59,2023-09-22,43.35,145,0,137.82,-5.77
SONATSOFTW,VAR,0,e102c85464ec,0,2697,2015-04-08,67.4,2015-06-30,48.2,28.49,90,0.64,0.768,1.009e-04,0.583,0.422,1.441,0.3356,1,2015-08-13,4.49,2015-11-16,64.35,58.4,9.25,15,1,0,67.4,-2.67,1,0,2015-12-08,65.6,3.77,0,0,77,1.94,4.53,2015-12-09,66.0,0.3442,-14.85,-13.64,-2.88,2016-01-18,-11.36,28,0,5.68,-28.64
SONATSOFTW,VAR,0,e102c85464ec,0,4479,2021-11-30,342.85,2022-06-20,232.7,32.13,250,0.554,0.702,8.713e-06,0.699,0.496,0.869,0.2802,0,2022-11-30,4.66,2023-01-30,340.0,302.45,11.04,15,0,0,360.45,2.07,1,1,2023-02-20,367.9,21.96,1,1,57,8.21,14.14,2023-02-21,364.0,0.4022,27.17,40.19,130.59,2023-09-22,43.35,145,0,137.82,-5.77
SOUTHBANK,L250,0,a98884f0d51f,0,2345,2013-06-06,21.35,2013-09-04,16.0,25.06,250,0.378,0.707,1.252e-05,0.567,0.548,1.149,0.2761,0,2014-04-25,11.88,2014-06-06,24.75,22.95,7.27,15,1,0,25.1,2.19,1,1,2014-06-27,25.65,4.17,0,0,44,4.48,18.65,2014-06-30,25.9,0.3474,-11.78,-10.04,-14.48,2014-07-25,-1.93,20,0,13.13,-22.2
SPARC,VAR,0,58b87cd0f7ef,0,1635,2013-05-29,167.21,2013-08-07,109.5,34.51,90,0.562,0.741,8.446e-05,0.692,0.433,1.181,0.2056,0,2013-10-07,3.57,2014-02-05,163.98,151.62,7.54,15,1,1,174.66,-2.81,1,0,2014-02-26,169.75,4.59,0,0,98,3.52,5.03,2014-02-28,167.86,0.3975,-7.81,14.61,209.31,2014-03-20,-10.83,14,0,256.25,-14.94
SPCENET,L120,0,91fd94a92887,1,1054,2023-01-25,26.45,2023-05-23,14.95,43.48,120,0.647,0.815,7.154e-05,0.663,0.742,2.047,0.2433,1,2023-07-21,2.27,2024-01-16,34.75,31.0,10.79,15,0,0,36.25,2.21,1,1,2024-02-07,37.05,4.47,0,0,136,8.18,10.23,2024-02-08,37.45,0.5566,-24.17,-18.5,-78.05,2024-03-12,-18.16,24,0,5.21,-83.23
SPCENET,L180,0,91fd94a92887,1,1054,2023-01-05,30.7,2023-05-23,14.95,51.3,180,0.642,0.764,4.178e-05,0.696,0.617,4.488,0.3913,1,2023-08-23,3.13,2024-01-16,34.75,31.0,10.79,15,0,0,36.25,2.21,1,1,2024-02-07,37.05,4.47,0,0,114,8.18,10.23,2024-02-08,37.45,0.5299,-24.17,-18.5,-78.05,2024-03-12,-18.16,24,0,5.21,-83.23
SPCENET,L250,0,91fd94a92887,1,1054,2023-01-05,30.7,2023-05-23,14.95,51.3,250,0.462,0.703,3.633e-05,0.505,0.444,4.875,0.2562,1,2023-12-05,2.87,2024-01-16,34.75,31.0,10.79,15,0,0,36.25,2.21,1,1,2024-02-07,37.05,4.47,0,0,44,8.18,10.23,2024-02-08,37.45,0.42,-24.17,-18.5,-78.05,2024-03-12,-18.16,24,0,5.21,-83.23
SPCENET,VAR,0,91fd94a92887,1,1054,2023-01-05,30.7,2023-05-23,14.95,51.3,134,0.684,0.911,7.379e-05,0.697,0.709,3.706,0.2433,1,2023-07-21,2.27,2024-01-16,34.75,31.0,10.79,15,0,0,36.25,2.21,1,1,2024-02-07,37.05,4.47,0,0,136,8.18,10.23,2024-02-08,37.45,0.6345,-24.17,-18.5,-78.05,2024-03-12,-18.16,24,0,5.21,-83.23
SPLPETRO,L180,0,81ebe52b955a,1,755,2024-09-20,887.9,2025-02-28,536.55,39.57,180,0.687,0.827,2.693e-05,0.692,0.417,1.169,0.4113,0,2025-05-27,4.23,2025-06-02,804.15,712.3,11.42,15,0,0,901.75,-1.59,1,0,2025-06-23,887.45,13.84,1,1,19,11.65,2.95,2025-06-24,877.45,0.4074,-8.21,-25.98,-16.68,2025-08-07,-12.85,33,0,11.57,-47.31
SPMLINFRA,L120,0,401559325ad5,0,2599,2024-12-19,275.88,2025-03-17,143.28,48.06,120,0.571,0.702,9.472e-05,0.619,0.558,1.493,0.3387,1,2025-06-03,2.2,2025-07-10,290.72,261.32,10.11,15,0,0,297.05,3.68,1,1,2025-07-31,307.97,4.1,0,0,42,9.04,27.44,2025-08-01,313.7,0.4422,-27.97,-45.4,-37.93,2025-09-26,-21.77,39,0,3.09,-51.86
SRF,L120,0,9167fd8ce831,0,3182,2017-05-16,368.25,2017-08-09,287.1,22.04,120,0.655,0.738,2.870e-05,0.673,0.525,1.222,0.2932,1,2017-10-10,13.82,2017-11-02,356.1,327.35,8.07,15,1,1,384.95,-3.08,1,0,2017-11-23,373.1,7.89,1,0,30,4.77,29.32,2017-11-24,372.0,0.3217,1.52,0.94,16.37,2018-01-25,-1.09,44,0,31.53,-17.74
SRF,VAR,0,9167fd8ce831,0,3182,2017-05-16,368.25,2017-08-09,287.1,22.04,115,0.526,0.711,4.380e-05,0.517,0.548,1.361,0.2814,1,2017-10-31,33.83,2017-11-02,356.1,327.35,8.07,15,1,1,384.95,-3.08,1,0,2017-11-23,373.1,7.89,1,0,17,4.77,29.32,2017-11-24,372.0,0.4412,1.52,0.94,16.37,2018-01-25,-1.09,44,0,31.53,-17.74
SRF,VAR,0,9167fd8ce831,0,3505,2018-05-08,480.4,2018-07-20,312.65,34.92,90,0.596,0.765,1.370e-04,0.527,0.422,1.314,0.3802,1,2018-09-12,80.14,2019-02-21,480.65,440.05,8.45,15,1,0,480.65,0.61,1,1,2019-03-15,483.6,3.11,0,0,123,2.4,64.0,2019-03-18,486.65,0.4276,17.64,14.01,10.41,2019-05-09,-0.39,34,0,75.07,-10.72
SRHHYPOLTD,L120,0,9e04039710ed,0,3586,2021-10-05,403.15,2021-11-22,305.65,24.18,120,0.319,0.711,6.301e-05,0.411,0.475,0.7,0.415,0,2022-03-17,3.6,2022-06-24,468.8,412.65,11.98,15,0,0,502.8,-4.54,1,0,2022-07-15,479.95,4.94,0,0,82,2.38,0.36,2022-07-18,486.7,0.2482,53.48,6.61,56.42,2022-10-14,52.03,61,0,95.58,-22.95
SRM,L120,1,df0cddf2f3af,0,115,2024-04-04,237.3,2024-06-04,155.35,34.53,90,0.449,0.896,2.124e-04,0.427,0.411,1.631,0.6392,1,2024-08-14,6.65,2024-08-30,268.65,251.5,6.38,15,1,0,294.4,-4.3,1,0,2024-09-20,281.75,4.04,0,0,26,4.9,0.8,2024-09-23,285.0,0.6573,27.21,11.58,96.05,2025-02-10,17.21,98,0,101.82,-13.68
SRM,L180,1,df0cddf2f3af,0,115,2024-04-04,237.3,2024-06-04,155.35,34.53,90,0.449,0.896,2.124e-04,0.427,0.411,1.631,0.6392,1,2024-08-14,6.65,2024-08-30,268.65,251.5,6.38,15,1,0,294.4,-4.3,1,0,2024-09-20,281.75,4.04,0,0,26,4.9,0.8,2024-09-23,285.0,0.6573,27.21,11.58,96.05,2025-02-10,17.21,98,0,101.82,-13.68
SRM,L250,1,df0cddf2f3af,0,115,2024-04-04,237.3,2024-06-04,155.35,34.53,90,0.449,0.896,2.124e-04,0.427,0.411,1.631,0.6392,1,2024-08-14,6.65,2024-08-30,268.65,251.5,6.38,15,1,0,294.4,-4.3,1,0,2024-09-20,281.75,4.04,0,0,26,4.9,0.8,2024-09-23,285.0,0.6573,27.21,11.58,96.05,2025-02-10,17.21,98,0,101.82,-13.68
STYLAMIND,L250,0,477bb51e498b,0,1173,2024-10-17,2662.95,2025-03-03,1504.75,43.49,250,0.398,0.752,1.535e-05,0.699,0.648,1.189,0.2014,0,2025-10-13,8.14,2026-04-15,2322.6,2234.7,3.78,15,1,1,2662.95,-2.08,1,0,2026-05-07,2607.5,6.01,1,0,137,12.27,8.22,2026-05-08,2700.0,0.474,27.89,22.22,22.22,2026-09-02,20.92,82,0,53.7,-9.95
STYLAMIND,VAR,0,477bb51e498b,0,1173,2024-10-17,2662.95,2025-03-03,1504.75,43.49,243,0.388,0.758,1.604e-05,0.7,0.667,1.195,0.2095,0,2025-10-09,7.0,2026-04-15,2322.6,2234.7,3.78,15,1,1,2662.95,-2.08,1,0,2026-05-07,2607.5,6.01,1,0,139,12.27,8.22,2026-05-08,2700.0,0.4735,27.89,22.22,22.22,2026-09-02,20.92,82,0,53.7,-9.95
STYRENIX,L120,0,dc7716aaa507,0,4012,2020-07-22,885.9,2020-09-09,495.0,44.12,120,0.479,0.709,1.353e-04,0.546,0.683,0.598,0.5809,0,2020-12-08,3.85,2021-03-25,1055.8,930.75,11.84,15,1,1,1141.5,-4.87,1,0,2021-04-20,1085.9,7.87,1,0,89,2.85,2.54,2021-04-22,1100.0,0.5504,29.66,44.07,-22.16,2021-08-10,21.07,77,0,71.0,-26.28
STYRENIX,L180,0,dc7716aaa507,0,4012,2020-07-22,885.9,2020-09-09,495.0,44.12,180,0.408,0.713,7.017e-05,0.417,0.511,1.565,0.5276,1,2021-02-10,2.33,2021-03-25,1055.8,930.75,11.84,15,1,1,1141.5,-4.87,1,0,2021-04-20,1085.9,7.87,1,0,45,2.85,2.54,2021-04-22,1100.0,0.4547,29.66,44.07,-22.16,2021-08-10,21.07,77,0,71.0,-26.28
STYRENIX,VAR,0,dc7716aaa507,0,4012,2020-07-22,885.9,2020-09-09,495.0,44.12,97,0.365,0.711,1.440e-04,0.441,0.845,0.623,0.6665,0,2020-12-07,3.83,2021-03-25,1055.8,930.75,11.84,15,1,1,1141.5,-4.87,1,0,2021-04-20,1085.9,7.87,1,0,90,2.85,2.54,2021-04-22,1100.0,0.438,29.66,44.07,-22.16,2021-08-10,21.07,77,0,71.0,-26.28
SUBEXLTD,L120,0,4dd0f1c4934f,0,498,2006-05-03,563.65,2006-08-03,390.1,30.79,120,0.563,0.773,6.842e-05,0.543,0.533,1.083,0.3506,0,2006-10-18,2.1,2006-12-12,663.25,614.1,7.41,15,1,1,666.35,5.93,1,1,2007-01-04,705.85,5.49,1,0,52,7.84,1.74,2007-01-05,710.0,0.5203,-22.44,-15.15,-49.32,2007-02-12,-9.94,25,0,11.27,-61.55
SUBEXLTD,L180,0,4dd0f1c4934f,0,498,2006-04-25,630.3,2006-08-03,390.1,38.11,180,0.492,0.708,4.306e-05,0.418,0.578,1.575,0.2668,1,2006-12-14,2.42,2006-12-12,663.25,614.1,7.41,15,1,1,666.35,5.93,1,1,2007-01-04,705.85,5.49,1,0,13,7.84,1.74,2007-01-05,710.0,0.5775,-22.44,-15.15,-49.32,2007-02-12,-9.94,25,0,11.27,-61.55
SUBEXLTD,VAR,0,4dd0f1c4934f,0,498,2006-04-25,630.3,2006-08-03,390.1,38.11,124,0.577,0.82,7.178e-05,0.56,0.734,1.019,0.3506,0,2006-10-18,2.1,2006-12-12,663.25,614.1,7.41,15,1,1,666.35,5.93,1,1,2007-01-04,705.85,5.49,1,0,52,7.84,1.74,2007-01-05,710.0,0.6345,-22.44,-15.15,-49.32,2007-02-12,-9.94,25,0,11.27,-61.55
SUBROS,L180,0,406f9827a002,0,4543,2022-10-12,374.55,2023-03-02,280.05,25.23,180,0.559,0.726,3.291e-05,0.458,0.578,1.086,0.4891,0,2023-06-30,2.39,2023-11-16,444.5,404.8,8.93,15,1,0,467.35,-3.64,1,0,2023-12-08,450.35,3.4,0,0,110,1.32,9.16,2023-12-11,530.0,0.4988,11.99,7.78,19.36,2024-03-06,7.4,62,0,56.11,-8.86
SUBROS,L250,0,406f9827a002,0,4543,2022-09-12,395.0,2023-03-02,280.05,29.1,250,0.566,0.7,2.219e-05,0.445,0.48,2.183,0.3942,1,2023-08-10,2.98,2023-11-16,444.5,404.8,8.93,15,1,0,467.35,-3.64,1,0,2023-12-08,450.35,3.4,0,0,81,1.32,9.16,2023-12-11,530.0,0.4381,11.99,7.78,19.36,2024-03-06,7.4,62,0,56.11,-8.86
SUNDARMFIN,L120,0,b2eaa7b9452b,0,3940,2020-02-10,1699.95,2020-03-24,1047.9,38.36,120,0.445,0.724,6.395e-05,0.687,0.442,1.09,0.2683,0,2020-07-02,4.33,2020-11-26,1849.2,1694.95,8.34,15,1,0,1908.9,0.48,1,1,2020-12-18,1918.1,4.93,0,0,119,4.2,18.76,2020-12-21,1918.1,0.4121,33.93,35.46,17.3,2021-01-27,-11.1,26,0,49.52,-13.9
SUNDARMFIN,VAR,0,b2eaa7b9452b,0,3940,2020-02-10,1699.95,2020-03-24,1047.9,38.36,90,0.326,0.764,1.284e-04,0.62,0.589,0.825,0.2527,0,2020-06-24,3.91,2020-11-26,1849.2,1694.95,8.34,15,1,0,1908.9,0.48,1,1,2020-12-18,1918.1,4.93,0,0,125,4.2,18.76,2020-12-21,1918.1,0.4483,33.93,35.46,17.3,2021-01-27,-11.1,26,0,49.52,-13.9
SUNFLAG,L120,0,1761948f09ea,0,4286,2022-04-22,128.05,2022-06-20,75.85,40.77,120,0.37,0.736,6.120e-05,0.655,0.667,0.584,0.1971,0,2022-10-07,2.76,2023-01-18,141.1,125.7,10.91,15,0,0,141.1,4.85,1,1,2023-02-09,147.95,3.0,0,0,86,10.49,20.8,2023-02-10,147.4,0.4328,17.64,64.42,36.6,2023-05-30,-0.37,72,0,68.79,-13.26
SUNFLAG,VAR,0,1761948f09ea,0,4286,2022-04-22,128.05,2022-06-20,75.85,40.77,90,0.449,0.848,1.089e-04,0.685,0.611,0.617,0.2396,0,2022-08-30,3.9,2023-01-18,141.1,125.7,10.91,15,0,0,141.1,4.85,1,1,2023-02-09,147.95,3.0,0,0,112,10.49,20.8,2023-02-10,147.4,0.6551,17.64,64.42,36.6,2023-05-30,-0.37,72,0,68.79,-13.26
SUPREMEIND,L250,0,e436c8df2282,0,4431,2021-10-11,2605.5,2022-06-23,1688.25,35.2,250,0.699,0.776,1.065e-05,0.677,0.432,0.773,0.1583,0,2022-10-12,11.09,2022-11-21,2508.1,2257.6,9.99,15,1,0,2612.55,-2.92,1,0,2022-12-12,2536.3,3.62,0,0,41,4.76,10.92,2022-12-13,2536.0,0.2874,8.54,12.27,75.45,2023-03-15,-1.87,65,0,92.74,-10.15
SUPREMEIND,VAR,0,e436c8df2282,0,4431,2021-10-11,2605.5,2022-06-23,1688.25,35.2,250,0.699,0.776,1.065e-05,0.677,0.432,0.773,0.1583,0,2022-10-12,11.09,2022-11-21,2508.1,2257.6,9.99,15,1,0,2612.55,-2.92,1,0,2022-12-12,2536.3,3.62,0,0,41,4.76,10.92,2022-12-13,2536.0,0.2874,8.54,12.27,75.45,2023-03-15,-1.87,65,0,92.74,-10.15
SURYAROSNI,L120,0,0884342b0b85,0,3038,2016-10-27,60.0,2016-12-26,42.0,30.0,120,0.429,0.733,5.304e-05,0.601,0.6,0.812,0.3211,0,2017-04-05,2.07,2017-04-05,55.5,52.25,5.86,15,1,0,60.0,6.58,1,1,2017-04-27,63.95,29.14,1,1,15,15.23,2.66,2017-04-28,64.4,0.4868,12.73,22.9,61.18,2017-08-10,-1.71,73,0,102.17,-8.23
SURYAROSNI,L180,0,0884342b0b85,0,3076,2016-10-27,60.0,2016-12-26,42.0,30.0,180,0.397,0.719,4.550e-05,0.446,0.406,0.869,0.3996,0,2017-06-02,7.24,2017-05-31,73.4,70.35,4.16,15,1,1,73.4,2.38,1,1,2017-06-21,75.15,7.05,1,0,13,2.95,5.1,2017-06-22,75.5,0.3093,2.38,22.12,7.22,2017-08-10,-16.16,35,0,72.45,-21.72
SURYAROSNI,VAR,0,0884342b0b85,0,3038,2016-10-27,60.0,2016-12-26,42.0,30.0,118,0.342,0.705,5.797e-05,0.52,0.61,0.947,0.2666,0,2017-04-19,2.51,2017-04-05,55.5,52.25,5.86,15,1,0,60.0,6.58,1,1,2017-04-27,63.95,29.14,1,1,6,15.23,2.66,2017-04-28,64.4,0.3566,12.73,22.9,61.18,2017-08-10,-1.71,73,0,102.17,-8.23
SWANCORP,L120,0,d5bf250c8732,0,2612,2022-05-02,328.78,2022-07-08,182.44,44.51,120,0.521,0.709,8.091e-05,0.671,0.583,0.867,0.13,0,2022-09-30,9.56,2022-12-13,310.53,274.55,11.59,15,0,0,328.78,0.19,1,1,2023-01-03,329.41,11.11,1,1,64,6.08,11.12,2023-01-04,330.36,0.4737,-35.33,-21.25,63.65,2023-02-01,-5.82,20,0,73.99,-41.73
SWANCORP,L120,0,d5bf250c8732,0,2838,2023-01-24,363.54,2023-03-27,202.3,44.35,120,0.504,0.761,6.676e-05,0.699,0.592,0.334,0.6056,0,2023-06-23,3.11,2023-11-10,433.54,415.09,4.26,15,1,0,433.54,3.38,1,1,2023-12-05,448.18,8.91,1,0,110,7.29,85.53,2023-12-06,459.58,0.6283,65.78,23.4,69.77,2024-03-12,18.76,66,0,73.32,-6.69
SWANCORP,L180,0,d5bf250c8732,0,2612,2022-05-02,328.78,2022-07-08,182.44,44.51,180,0.346,0.701,5.290e-05,0.53,0.578,1.004,0.2681,0,2022-12-28,10.69,2022-12-13,310.53,274.55,11.59,15,0,0,328.78,0.19,1,1,2023-01-03,329.41,11.11,1,1,4,6.08,11.12,2023-01-04,330.36,0.3572,-35.33,-21.25,63.65,2023-02-01,-5.82,20,0,73.99,-41.73
SWANCORP,L250,0,d5bf250c8732,0,1087,2015-10-07,74.09,2016-05-16,57.53,22.35,250,0.618,0.771,7.255e-06,0.691,0.484,1.152,0.0755,0,2016-09-30,2.0,2016-10-13,106.69,100.32,5.97,15,0,0,106.69,5.69,1,1,2016-11-04,112.76,3.58,0,0,22,5.69,2.24,2016-11-07,116.44,0.3181,46.2,35.68,26.91,2017-01-30,46.88,59,0,82.78,-22.56
SWANCORP,VAR,0,d5bf250c8732,0,1087,2015-10-07,74.09,2016-05-16,57.53,22.35,215,0.682,0.79,9.798e-06,0.697,0.47,1.239,0.1315,1,2016-08-22,2.49,2016-10-13,106.69,100.32,5.97,15,0,0,106.69,5.69,1,1,2016-11-04,112.76,3.58,0,0,49,5.69,2.24,2016-11-07,116.44,0.2814,46.2,35.68,26.91,2017-01-30,46.88,59,0,82.78,-22.56
SWANCORP,VAR,0,d5bf250c8732,0,1375,2017-01-25,195.56,2017-08-10,114.85,41.27,223,0.604,0.724,2.560e-05,0.483,0.426,0.566,0.1871,0,2017-12-18,5.88,2017-12-08,190.84,179.53,5.93,15,1,0,200.24,-4.15,1,0,2018-01-01,191.93,4.1,0,0,9,0.97,6.7,2018-01-02,192.53,0.3119,-2.95,-20.17,-48.82,2018-02-26,-2.9,38,0,22.03,-51.33
SWANCORP,VAR,0,d5bf250c8732,0,2612,2022-05-02,328.78,2022-07-08,182.44,44.51,90,0.539,0.805,1.405e-04,0.689,0.667,0.734,0.2213,0,2022-09-08,2.38,2022-12-13,310.53,274.55,11.59,15,0,0,328.78,0.19,1,1,2023-01-03,329.41,11.11,1,1,80,6.08,11.12,2023-01-04,330.36,0.5895,-35.33,-21.25,63.65,2023-02-01,-5.82,20,0,73.99,-41.73
SWANCORP,VAR,0,d5bf250c8732,0,2838,2023-01-24,363.54,2023-03-27,202.3,44.35,90,0.472,0.762,1.175e-04,0.654,0.678,0.378,0.397,0,2023-06-07,2.58,2023-11-10,433.54,415.09,4.26,15,1,0,433.54,3.38,1,1,2023-12-05,448.18,8.91,1,0,122,7.29,85.53,2023-12-06,459.58,0.5843,65.78,23.4,69.77,2024-03-12,18.76,66,0,73.32,-6.69
SYNGENE,L250,0,b8bc8d62f618,0,606,2016-12-12,317.1,2017-08-23,218.9,30.97,250,0.699,0.713,1.185e-05,0.588,0.556,0.648,0.4507,0,2017-12-12,2.87,2018-01-03,320.05,283.25,11.5,15,0,0,320.05,2.8,1,1,2018-01-24,329.0,3.62,0,0,30,2.8,5.43,2018-01-25,323.25,0.3483,5.06,-7.07,-10.56,2018-02-22,-11.38,19,0,8.28,-22.65
SYNGENE,VAR,0,b8bc8d62f618,0,606,2016-12-12,317.1,2017-08-23,218.9,30.97,250,0.699,0.713,1.185e-05,0.588,0.556,0.648,0.4507,0,2017-12-12,2.87,2018-01-03,320.05,283.25,11.5,15,0,0,320.05,2.8,1,1,2018-01-24,329.0,3.62,0,0,30,2.8,5.43,2018-01-25,323.25,0.3483,5.06,-7.07,-10.56,2018-02-22,-11.38,19,0,8.28,-22.65
SYRMA,L120,0,c550ea6f6f1a,0,749,2025-01-03,627.6,2025-03-13,413.75,34.07,120,0.555,0.702,8.310e-05,0.565,0.433,0.753,0.3343,0,2025-06-04,46.46,2025-08-11,760.3,673.3,11.44,15,1,1,762.95,3.74,1,1,2025-09-03,791.5,4.2,0,0,63,4.1,70.05,2025-09-04,804.9,0.372,1.01,3.6,103.11,2025-12-05,-7.66,64,0,104.37,-21.17
TAJGVK,L180,0,5971293674d1,0,4775,2023-08-01,279.75,2023-11-10,218.45,21.91,180,0.542,0.707,4.321e-05,0.413,0.517,1.391,0.519,1,2024-03-07,14.73,2024-04-09,383.7,360.8,5.97,15,1,0,398.4,2.05,1,1,2024-05-03,406.55,23.54,1,1,35,8.27,7.11,2024-05-06,409.4,0.4399,-19.53,-27.42,-5.13,2024-05-29,-15.9,18,0,28.99,-31.35
TAJGVK,L250,0,5971293674d1,0,4775,2023-08-01,279.75,2023-11-10,218.45,21.91,250,0.546,0.725,1.962e-05,0.325,0.496,1.291,0.4549,1,2024-04-26,8.12,2024-04-09,383.7,360.8,5.97,15,1,0,398.4,2.05,1,1,2024-05-03,406.55,23.54,1,1,4,8.27,7.11,2024-05-06,409.4,0.4262,-19.53,-27.42,-5.13,2024-05-29,-15.9,18,0,28.99,-31.35
TAKE,L120,0,6b686fdf147e,0,2030,2015-03-03,169.45,2015-05-07,91.25,46.15,120,0.395,0.712,1.146e-04,0.527,0.4,0.829,0.4181,0,2015-08-17,10.38,2015-10-29,191.55,176.05,8.09,15,1,0,195.35,0.9,1,1,2015-11-20,197.1,3.97,0,0,64,5.97,10.88,2015-11-23,198.0,0.2908,-30.93,-24.92,-36.69,2015-12-11,-11.67,14,0,5.96,-38.89
TAKE,VAR,0,6b686fdf147e,0,2030,2015-03-03,169.45,2015-05-07,91.25,46.15,107,0.396,0.702,1.329e-04,0.544,0.449,0.851,0.484,0,2015-08-05,8.19,2015-10-29,191.55,176.05,8.09,15,1,0,195.35,0.9,1,1,2015-11-20,197.1,3.97,0,0,72,5.97,10.88,2015-11-23,198.0,0.3338,-30.93,-24.92,-36.69,2015-12-11,-11.67,14,0,5.96,-38.89
TALBROAUTO,L120,0,a9942e4e5192,0,3745,2021-08-03,69.15,2021-10-22,53.1,23.21,120,0.605,0.711,9.026e-05,0.436,0.533,1.062,0.5272,0,2021-12-30,3.55,2021-12-14,81.3,73.75,9.29,15,1,0,82.95,5.67,1,1,2022-01-04,87.65,9.71,1,1,3,11.94,2.76,2022-01-05,91.4,0.3861,3.12,1.37,19.86,2022-02-10,8.21,26,0,43.98,-19.09
TATACHEM,L250,0,1e7ac72bf47f,1,996,2022-10-10,1199.65,2022-12-23,891.7,25.67,250,0.325,0.702,8.168e-06,0.626,0.456,0.571,0.1427,0,2023-08-29,71.58,2024-02-15,1061.3,939.2,11.5,15,1,1,1199.65,-1.77,1,0,2024-03-06,1178.45,25.21,1,1,131,11.04,72.33,2024-03-07,1187.05,0.1824,-10.42,-6.63,-31.41,2024-03-20,-13.12,9,0,13.64,-36.31
TATACONSUM,L250,0,d71841353feb,0,1628,2008-05-21,93.75,2008-11-24,44.65,52.37,250,0.578,0.772,1.800e-05,0.697,0.416,0.965,0.1122,0,2009-05-08,6.97,2009-08-03,92.7,83.45,9.98,15,0,0,99.55,-3.37,1,0,2009-08-24,96.2,6.08,1,0,76,3.78,8.82,2009-08-25,95.3,0.3051,-6.19,-3.57,21.88,2009-10-26,-11.86,40,0,29.54,-14.9
TATACONSUM,VAR,0,d71841353feb,0,1628,2008-05-21,93.75,2008-11-24,44.65,52.37,229,0.557,0.716,1.876e-05,0.694,0.454,0.958,0.0892,0,2009-05-04,6.36,2009-08-03,92.7,83.45,9.98,15,0,0,99.55,-3.37,1,0,2009-08-24,96.2,6.08,1,0,80,3.78,8.82,2009-08-25,95.3,0.2855,-6.19,-3.57,21.88,2009-10-26,-11.86,40,0,29.54,-14.9
TATACONSUM,VAR,0,d71841353feb,0,4137,2018-07-03,277.55,2019-02-11,177.55,36.03,220,0.68,0.721,1.083e-05,0.699,0.414,1.067,0.3583,0,2019-05-28,53.85,2019-10-09,288.15,263.4,8.59,15,1,0,321.75,-2.69,1,0,2019-10-31,313.1,10.59,1,1,104,8.66,54.98,2019-11-01,312.9,0.2723,20.71,10.27,55.31,2020-02-28,9.27,84,0,86.86,-32.53
TATAELXSI,VAR,0,8ccfcf9a13a9,0,460,2006-05-02,127.48,2006-07-24,74.48,41.58,90,0.663,0.808,1.962e-04,0.54,0.5,1.238,0.4431,1,2006-09-05,2.08,2006-10-17,119.88,109.3,8.83,15,1,1,127.48,-3.92,1,0,2006-11-09,122.48,3.17,0,0,44,6.6,1.08,2006-11-10,123.0,0.4762,22.6,29.01,-0.73,2006-12-12,-8.78,23,0,48.29,-10.53
TCI,L180,0,3d812dd5ee41,1,1778,2022-10-20,827.8,2022-12-23,575.7,30.45,180,0.408,0.713,2.023e-05,0.634,0.628,0.374,0.2134,0,2023-05-31,4.0,2023-10-13,818.8,785.85,4.02,15,1,1,836.9,5.14,1,1,2023-11-06,879.9,13.12,1,1,108,7.69,2.35,2023-11-07,889.95,0.4239,9.32,-1.78,35.74,2023-12-20,-9.89,31,0,39.83,-14.87
TCI,L250,0,3d812dd5ee41,1,1778,2022-10-20,827.8,2022-12-23,575.7,30.45,250,0.349,0.702,1.571e-05,0.496,0.452,0.416,0.2288,0,2023-08-21,2.87,2023-10-13,818.8,785.85,4.02,15,1,1,836.9,5.14,1,1,2023-11-06,879.9,13.12,1,1,52,7.69,2.35,2023-11-07,889.95,0.2483,9.32,-1.78,35.74,2023-12-20,-9.89,31,0,39.83,-14.87
TCS,L120,0,fe9bded726ff,0,3155,2016-08-12,1369.23,2016-11-11,1050.58,23.27,120,0.513,0.701,2.561e-05,0.677,0.4,1.054,0.1876,0,2017-02-03,319.92,2017-05-16,1312.3,1214.58,7.45,15,1,0,1388.0,-2.88,1,0,2017-06-06,1348.0,3.3,0,0,82,3.53,234.18,2017-06-07,1348.5,0.2929,-8.92,-1.44,29.56,2017-06-12,-7.78,4,0,36.26,-13.86
TCS,L250,0,fe9bded726ff,0,1329,2008-06-17,226.79,2009-03-03,109.84,51.57,250,0.699,0.811,3.647e-05,0.574,0.524,1.288,0.0684,0,2009-06-26,120.95,2009-12-18,370.16,344.53,6.92,15,1,1,370.16,4.88,1,1,2010-01-13,388.22,3.49,0,0,134,5.13,117.43,2010-01-14,393.1,0.331,2.91,-2.71,37.58,2010-02-05,-9.39,16,0,48.64,-14.18
TCS,VAR,0,fe9bded726ff,0,1329,2008-06-17,226.79,2009-03-03,109.84,51.57,249,0.698,0.811,3.679e-05,0.573,0.526,1.295,0.0684,0,2009-06-26,120.95,2009-12-18,370.16,344.53,6.92,15,1,1,370.16,4.88,1,1,2010-01-13,388.22,3.49,0,0,134,5.13,117.43,2010-01-14,393.1,0.3344,2.91,-2.71,37.58,2010-02-05,-9.39,16,0,48.64,-14.18
TCS,VAR,0,fe9bded726ff,0,3155,2016-08-12,1369.23,2016-11-11,1050.58,23.27,110,0.541,0.701,2.992e-05,0.672,0.4,0.997,0.1894,0,2017-01-23,231.84,2017-05-16,1312.3,1214.58,7.45,15,1,0,1388.0,-2.88,1,0,2017-06-06,1348.0,3.3,0,0,90,3.53,234.18,2017-06-07,1348.5,0.2621,-8.92,-1.44,29.56,2017-06-12,-7.78,4,0,36.26,-13.86
TDPOWERSYS,L120,0,146d2b0a524d,0,2689,2022-01-20,47.0,2022-04-25,33.5,28.72,120,0.613,0.703,8.792e-05,0.48,0.433,1.963,0.446,1,2022-06-29,2.2,2022-07-19,58.9,52.5,10.87,15,0,0,58.9,5.6,1,1,2022-08-10,62.2,5.67,1,0,29,8.36,3.82,2022-08-11,63.0,0.3528,-17.46,1.59,94.29,2022-09-23,-7.78,30,0,114.13,-23.97
TEAMLEASE,L120,0,99cf602c3733,0,1228,2020-01-17,2802.1,2020-05-19,1480.0,47.18,120,0.681,0.847,9.636e-05,0.699,0.633,1.093,0.1009,0,2020-07-13,4.42,2021-01-13,2850.9,2688.95,5.68,15,1,0,3248.15,-3.27,1,0,2021-02-04,3141.8,11.19,1,1,144,15.53,4.53,2021-02-05,3195.0,0.4626,4.74,29.68,35.62,2021-04-15,3.96,46,0,73.71,-13.47
TEAMLEASE,L180,0,99cf602c3733,0,1228,2020-01-17,2802.1,2020-05-19,1480.0,47.18,180,0.581,0.705,5.562e-05,0.596,0.511,1.356,0.3062,1,2020-09-02,10.93,2021-01-13,2850.9,2688.95,5.68,15,1,0,3248.15,-3.27,1,0,2021-02-04,3141.8,11.19,1,1,107,15.53,4.53,2021-02-05,3195.0,0.389,4.74,29.68,35.62,2021-04-15,3.96,46,0,73.71,-13.47
TECHM,VAR,0,a18e8cb7e78f,0,3325,2019-05-02,794.5,2019-08-01,586.9,26.13,94,0.688,0.855,5.640e-05,0.692,0.426,1.196,0.4076,0,2019-09-17,181.41,2020-01-13,762.2,727.7,4.53,15,1,1,794.5,-3.64,1,0,2020-02-01,765.6,3.92,0,0,94,1.43,122.91,2020-02-03,766.0,0.3928,-39.49,-16.87,19.13,2020-02-28,-8.16,19,0,35.07,-43.16
TECHNOE,L250,0,67f6c07c7caa,0,544,2020-01-20,307.15,2020-05-19,174.05,43.33,250,0.345,0.791,2.505e-05,0.594,0.696,3.82,0.4857,1,2021-01-07,2.16,2021-02-04,288.0,266.25,7.55,15,0,0,307.15,2.73,1,1,2021-02-25,315.55,4.5,0,0,34,16.01,3.24,2021-02-26,301.9,0.6167,8.66,-9.64,-20.93,2021-07-20,-1.95,97,0,20.17,-26.47
TECHNOE,VAR,0,67f6c07c7caa,0,544,2020-01-20,307.15,2020-05-19,174.05,43.33,244,0.329,0.782,2.624e-05,0.585,0.713,4.062,0.4857,1,2021-01-07,2.16,2021-02-04,288.0,266.25,7.55,15,0,0,307.15,2.73,1,1,2021-02-25,315.55,4.5,0,0,34,16.01,3.24,2021-02-26,301.9,0.5902,8.66,-9.64,-20.93,2021-07-20,-1.95,97,0,20.17,-26.47
TEJASNET,L120,0,e02e18935cd3,0,1479,2022-10-10,756.93,2023-01-27,516.69,31.74,120,0.639,0.756,3.612e-05,0.696,0.483,0.927,0.2869,0,2023-03-31,19.87,2023-05-30,718.62,664.61,7.52,15,1,1,756.93,-0.68,1,0,2023-06-20,751.75,4.36,0,0,53,6.1,27.43,2023-06-21,749.21,0.3702,14.97,8.67,87.94,2023-11-22,8.32,105,0,98.83,-13.39
TEJASNET,VAR,0,e02e18935cd3,0,1479,2022-10-10,756.93,2023-01-27,516.69,31.74,115,0.667,0.762,3.989e-05,0.697,0.461,0.972,0.2881,0,2023-03-23,26.23,2023-05-30,718.62,664.61,7.52,15,1,1,756.93,-0.68,1,0,2023-06-20,751.75,4.36,0,0,58,6.1,27.43,2023-06-21,749.21,0.3313,14.97,8.67,87.94,2023-11-22,8.32,105,0,98.83,-13.39
TEXRAIL,L120,0,b453d5e52866,0,958,2014-07-07,132.35,2014-08-27,68.85,47.98,120,0.487,0.704,1.130e-04,0.524,0.642,1.865,0.513,1,2014-12-02,21.05,2015-01-01,125.85,113.1,10.13,15,1,0,132.35,0.79,1,1,2015-01-22,133.4,5.35,1,0,36,6.0,8.4,2015-01-23,134.3,0.5725,-9.87,-9.12,-4.02,2015-02-25,-5.92,22,0,15.6,-32.24
TEXRAIL,VAR,0,b453d5e52866,0,958,2014-07-07,132.35,2014-08-27,68.85,47.98,91,0.389,0.709,1.489e-04,0.461,0.846,1.748,0.5205,1,2014-11-24,21.28,2015-01-01,125.85,113.1,10.13,15,1,0,132.35,0.79,1,1,2015-01-22,133.4,5.35,1,0,42,6.0,8.4,2015-01-23,134.3,0.4741,-9.87,-9.12,-4.02,2015-02-25,-5.92,22,0,15.6,-32.24
TFCILTD,L180,0,722664ecb08f,0,4702,2023-01-11,18.8,2023-03-27,13.5,28.19,180,0.453,0.707,3.404e-05,0.483,0.561,0.547,0.3913,0,2023-08-21,31.43,2023-12-22,28.5,25.15,11.75,15,1,0,35.25,-2.98,1,0,2024-01-15,34.2,21.44,1,1,100,20.0,34.37,2024-01-16,36.0,0.4672,-4.44,9.58,-15.28,2024-03-06,16.53,37,0,48.61,-27.36
TFCILTD,L250,0,722664ecb08f,0,4702,2023-01-11,18.8,2023-03-27,13.5,28.19,250,0.414,0.704,1.942e-05,0.401,0.404,0.708,0.3341,0,2023-10-31,5.74,2023-12-22,28.5,25.15,11.75,15,1,0,35.25,-2.98,1,0,2024-01-15,34.2,21.44,1,1,52,20.0,34.37,2024-01-16,36.0,0.2833,-4.44,9.58,-15.28,2024-03-06,16.53,37,0,48.61,-27.36
TFCILTD,VAR,0,722664ecb08f,0,4702,2023-01-11,18.8,2023-03-27,13.5,28.19,136,0.378,0.702,4.404e-05,0.486,0.743,0.751,0.3189,0,2023-07-31,16.68,2023-12-22,28.5,25.15,11.75,15,1,0,35.25,-2.98,1,0,2024-01-15,34.2,21.44,1,1,114,20.0,34.37,2024-01-16,36.0,0.3885,-4.44,9.58,-15.28,2024-03-06,16.53,37,0,48.61,-27.36
THERMAX,L180,0,6654d9ab8ae3,0,4584,2022-09-22,2600.0,2022-12-23,1869.2,28.11,180,0.464,0.705,2.736e-05,0.511,0.4,0.491,0.3968,0,2023-05-17,4.7,2023-07-04,2469.75,2240.1,9.3,15,1,1,2600.0,0.92,1,1,2023-07-25,2623.95,22.81,1,1,48,7.22,6.92,2023-07-26,2641.9,0.3421,18.44,16.91,91.16,2023-09-15,3.28,37,0,121.05,-7.6
THERMAX,L250,0,6654d9ab8ae3,0,4026,2020-01-01,1116.55,2020-03-23,677.75,39.3,250,0.337,0.743,1.569e-05,0.694,0.68,0.996,0.2757,0,2020-11-18,2.03,2021-04-01,1410.75,1275.4,9.59,15,1,1,1435.1,2.96,1,1,2021-04-27,1477.65,4.09,0,0,106,4.74,6.23,2021-04-28,1482.0,0.4331,-3.82,-7.96,42.48,2021-08-09,-8.18,72,0,58.37,-13.16
THERMAX,VAR,0,6654d9ab8ae3,0,504,2006-04-13,391.9,2006-06-14,209.65,46.5,90,0.472,0.83,1.640e-04,0.627,0.444,0.621,0.352,0,2006-08-21,2.17,2006-12-20,394.85,363.95,7.83,15,1,1,394.85,3.43,1,1,2007-01-12,408.4,7.4,1,0,99,7.32,1.47,2007-01-15,414.8,0.5315,-2.27,31.4,88.36,2007-02-14,-5.41,21,0,127.82,-21.25
THYROCARE,L120,0,6c30faf210b5,0,2296,2024-12-02,345.9,2025-03-03,221.0,36.11,120,0.647,0.725,6.138e-05,0.691,0.45,0.923,0.6709,0,2025-05-08,7.7,2025-07-23,451.0,401.8,10.91,15,0,0,482.7,-4.97,1,0,2025-08-13,458.7,3.02,0,0,69,1.89,14.06,2025-08-14,458.7,0.3661,1.68,-11.57,26.99,2025-09-12,-11.07,20,0,44.32,-25.32
THYROCARE,VAR,0,6c30faf210b5,0,1259,2020-10-27,400.8,2021-03-22,280.2,30.09,144,0.699,0.731,4.118e-05,0.541,0.458,2.423,0.3491,1,2021-05-27,17.92,2021-05-21,377.2,334.3,11.37,15,1,1,400.8,2.2,1,1,2021-06-11,409.6,14.68,1,1,11,10.29,17.78,2021-06-14,412.7,0.3336,0.9,-10.83,-46.57,2021-08-23,1.19,49,0,18.32,-49.36
THYROCARE,VAR,0,6c30faf210b5,0,2296,2024-12-02,345.9,2025-03-03,221.0,36.11,102,0.634,0.847,8.740e-05,0.693,0.529,1.049,0.6774,0,2025-04-30,2.96,2025-07-23,451.0,401.8,10.91,15,0,0,482.7,-4.97,1,0,2025-08-13,458.7,3.02,0,0,74,1.89,14.06,2025-08-14,458.7,0.5952,1.68,-11.57,26.99,2025-09-12,-11.07,20,0,44.32,-25.32
TI,L120,0,801c96eabdd7,0,3769,2025-01-03,452.97,2025-03-03,218.44,51.78,120,0.479,0.7,1.478e-04,0.584,0.45,0.976,0.3369,0,2025-06-06,38.39,2025-10-07,495.1,453.1,8.48,15,1,1,526.21,-3.18,1,0,2025-10-29,509.5,5.21,1,0,99,2.91,33.76,2025-10-30,511.15,0.3529,-21.34,-9.55,2.1,2025-11-27,-8.12,20,0,16.32,-25.35
TI,VAR,0,801c96eabdd7,0,3769,2025-01-03,452.97,2025-03-03,218.44,51.78,90,0.461,0.817,2.537e-04,0.606,0.6,0.933,0.412,0,2025-05-19,28.2,2025-10-07,495.1,453.1,8.48,15,1,1,526.21,-3.18,1,0,2025-10-29,509.5,5.21,1,0,113,2.91,33.76,2025-10-30,511.15,0.5978,-21.34,-9.55,2.1,2025-11-27,-8.12,20,0,16.32,-25.35
TIMETECHNO,L180,0,719bafeeae71,0,2396,2016-01-05,30.6,2016-02-26,22.2,27.45,180,0.313,0.701,4.093e-05,0.448,0.511,3.022,0.5732,1,2016-08-29,4.62,2017-02-07,48.5,45.6,5.98,15,1,1,52.65,-4.46,1,0,2017-03-01,50.3,6.77,1,0,124,3.71,1.22,2017-03-02,50.75,0.3965,33.0,81.58,59.61,2017-11-09,77.04,171,0,129.36,-4.14
TIMKEN,L180,0,9104a5caf772,0,1173,2011-01-03,211.2,2011-02-28,154.95,26.63,180,0.464,0.708,2.707e-05,0.336,0.406,2.134,0.5135,1,2011-07-18,7.93,2011-10-13,226.2,213.9,5.44,15,1,1,253.2,-4.4,1,0,2011-11-08,242.05,32.22,1,1,74,10.17,1.07,2011-11-09,243.75,0.4197,-9.76,-9.31,-17.21,2011-11-21,-15.24,8,0,10.36,-33.89
TITAN,L120,0,f726df689a7a,0,4403,2020-02-19,1329.6,2020-03-23,800.95,39.76,120,0.311,0.704,7.862e-05,0.623,0.525,1.589,0.0358,0,2020-07-23,331.65,2020-10-30,1305.4,1165.75,10.7,15,1,1,1374.55,-0.68,1,0,2020-11-20,1365.15,4.36,0,0,85,5.62,305.83,2020-11-23,1375.0,0.2929,6.21,11.37,66.71,2021-01-15,7.44,38,0,94.76,-5.43
TITAN,L250,0,f726df689a7a,0,3337,2015-01-29,441.8,2015-08-04,315.95,28.49,250,0.558,0.708,7.976e-06,0.699,0.476,0.945,0.0713,0,2016-01-14,37.68,2016-07-07,417.75,401.45,3.9,15,1,0,441.8,-3.44,1,0,2016-07-28,426.6,3.14,0,0,132,3.62,25.39,2016-07-29,425.1,0.3247,-13.15,-14.38,30.04,2016-09-29,-7.52,42,0,33.9,-30.33
TITAN,VAR,0,f726df689a7a,0,1733,2008-08-11,64.24,2009-03-04,35.12,45.33,215,0.631,0.7,3.888e-05,0.541,0.428,1.065,0.1971,0,2009-07-03,4.99,2010-01-08,77.78,73.47,5.54,15,1,0,87.95,-2.88,1,0,2010-02-01,85.42,10.4,1,1,141,13.82,5.41,2010-02-02,85.75,0.2387,27.69,63.1,102.22,2010-11-18,116.86,201,0,147.35,-3.77
TMB,L180,0,970c90629e6f,0,230,2022-12-01,495.24,2023-04-10,378.5,23.57,180,0.553,0.861,1.577e-05,0.692,0.517,1.048,0.1532,0,2023-08-03,4.68,2023-07-28,458.52,416.81,9.1,15,1,0,495.24,9.43,1,1,2023-08-21,541.95,43.64,1,1,11,18.2,6.29,2023-08-22,542.94,0.5373,-7.86,-12.22,-17.11,2023-09-22,-5.32,23,0,7.63,-22.88
TMB,VAR,1,970c90629e6f,0,230,2022-12-01,495.24,2023-04-10,378.5,23.57,160,0.547,0.883,1.886e-05,0.698,0.569,0.898,0.1321,0,2023-07-24,4.4,2023-07-28,458.52,416.81,9.1,15,1,0,495.24,9.43,1,1,2023-08-21,541.95,43.64,1,1,19,18.2,6.29,2023-08-22,542.94,0.6058,-7.86,-12.22,-17.11,2023-09-22,-5.32,23,0,7.63,-22.88
TNPL,L250,0,aa6b883b8a26,0,2706,2014-08-11,172.7,2015-03-26,118.0,31.67,250,0.663,0.776,1.983e-05,0.516,0.4,0.59,0.5421,0,2015-07-28,2.51,2015-11-30,245.0,223.45,8.8,15,1,1,248.35,5.45,1,1,2015-12-21,261.89,4.12,0,0,98,6.89,4.98,2015-12-22,260.55,0.3433,-20.86,4.2,25.04,2016-01-13,-7.02,16,0,50.59,-28.94
TORNTPHARM,L180,0,d2e64704a8c1,0,1869,2011-07-20,168.65,2011-12-28,129.1,23.45,180,0.659,0.811,1.791e-05,0.614,0.478,1.066,0.0137,0,2012-03-27,2.08,2012-07-03,162.2,153.1,5.61,15,1,1,172.65,-4.23,1,0,2012-07-24,165.35,3.23,0,0,82,4.69,2.15,2012-07-25,165.85,0.3103,2.2,10.25,23.73,2012-11-22,-3.35,81,0,38.2,-7.3
TORNTPHARM,VAR,0,d2e64704a8c1,0,1869,2011-07-20,168.65,2011-12-28,129.1,23.45,168,0.635,0.794,2.026e-05,0.586,0.512,1.104,0.0137,0,2012-03-27,2.08,2012-07-03,162.2,153.1,5.61,15,1,1,172.65,-4.23,1,0,2012-07-24,165.35,3.23,0,0,82,4.69,2.15,2012-07-25,165.85,0.3446,2.2,10.25,23.73,2012-11-22,-3.35,81,0,38.2,-7.3
TORNTPHARM,VAR,0,d2e64704a8c1,0,3673,2019-03-29,974.85,2019-07-23,733.9,24.72,111,0.7,0.852,6.415e-05,0.553,0.423,0.923,0.5303,0,2019-09-12,29.15,2019-11-05,909.65,855.9,5.91,15,1,1,974.85,-3.87,1,0,2019-11-27,937.1,4.65,0,0,50,4.82,23.56,2019-11-28,935.0,0.3758,19.9,39.09,40.25,2020-03-12,6.3,74,0,62.1,-15.34
TORNTPOWER,L180,0,9687596d24aa,0,687,2008-08-20,120.3,2008-10-24,58.0,51.79,180,0.341,0.705,5.388e-05,0.597,0.606,0.679,0.3891,0,2009-04-28,2.47,2009-08-20,239.1,226.65,5.21,15,1,0,250.8,4.13,1,1,2009-09-10,261.15,10.39,1,1,95,9.41,8.4,2009-09-11,264.7,0.3392,16.58,11.86,25.77,2010-01-22,7.29,87,0,41.67,-4.78
TORNTPOWER,L250,0,9687596d24aa,0,687,2008-08-20,120.3,2008-10-24,58.0,51.79,250,0.345,0.709,4.681e-05,0.463,0.436,1.149,0.4004,0,2009-07-02,13.76,2009-08-20,239.1,226.65,5.21,15,1,0,250.8,4.13,1,1,2009-09-10,261.15,10.39,1,1,50,9.41,8.4,2009-09-11,264.7,0.2375,16.58,11.86,25.77,2010-01-22,7.29,87,0,41.67,-4.78
TPLPLASTEH,L120,0,8666e990daee,0,298,2016-01-04,23.22,2016-03-18,14.06,39.45,120,0.655,0.765,1.865e-04,0.374,0.542,37.913,0.3455,1,2016-05-24,2.35,2016-07-22,42.29,38.39,9.22,15,1,0,45.74,-1.73,1,0,2016-08-12,44.95,4.11,0,0,57,8.29,0.55,2016-08-16,45.19,0.5484,-33.72,-2.66,-12.7,2016-09-29,-18.65,31,0,16.97,-43.33
TRACXN,L120,0,79fcf69028d7,0,283,2023-01-17,100.1,2023-03-28,61.4,38.66,120,0.513,0.721,6.522e-05,0.643,0.467,0.306,0.3947,0,2023-06-23,4.95,2023-11-20,95.3,85.25,10.55,15,0,0,100.1,-3.85,1,0,2023-12-12,96.25,5.26,1,0,116,1.0,26.73,2023-12-13,97.0,0.4907,-4.43,-13.14,-16.48,2024-02-01,3.14,35,0,28.04,-25.67
TRACXN,VAR,1,79fcf69028d7,0,283,2023-01-17,100.1,2023-03-28,61.4,38.66,95,0.511,0.915,9.443e-05,0.694,0.589,0.26,0.3346,0,2023-06-07,2.29,2023-11-20,95.3,85.25,10.55,15,0,0,100.1,-3.85,1,0,2023-12-12,96.25,5.26,1,0,128,1.0,26.73,2023-12-13,97.0,0.8076,-4.43,-13.14,-16.48,2024-02-01,3.14,35,0,28.04,-25.67
TRANSRAILL,L120,0,268f23730ec4,0,127,2025-01-09,676.45,2025-04-09,441.2,34.78,120,0.555,0.718,9.261e-05,0.483,0.408,0.496,0.4281,0,2025-06-27,66.82,2025-06-12,670.96,614.17,8.46,15,1,0,677.5,6.22,1,1,2025-07-03,719.61,16.51,1,1,4,7.25,66.82,2025-07-04,728.75,0.3937,1.41,-17.92,-30.46,2025-07-28,-7.79,17,0,17.31,-38.24
TRENT,L120,0,ce444f280cec,0,2395,2014-01-01,122.62,2014-05-07,95.44,22.17,120,0.697,0.795,5.675e-05,0.514,0.617,2.705,0.3034,1,2014-06-26,2.71,2014-08-20,123.28,113.2,8.18,15,1,1,131.61,-1.09,1,0,2014-09-11,130.18,10.41,1,1,52,5.6,1.1,2014-09-12,130.93,0.4707,11.01,14.93,-2.01,2015-04-15,4.87,140,0,21.65,-16.37
TRENT,VAR,0,ce444f280cec,0,2395,2013-12-31,126.21,2014-05-07,95.44,24.38,121,0.7,0.805,5.730e-05,0.519,0.653,2.702,0.3034,1,2014-06-26,2.71,2014-08-20,123.28,113.2,8.18,15,1,1,131.61,-1.09,1,0,2014-09-11,130.18,10.41,1,1,52,5.6,1.1,2014-09-12,130.93,0.4931,11.01,14.93,-2.01,2015-04-15,4.87,140,0,21.65,-16.37
TTKHLTCARE,L180,0,e0948cb87d7e,0,836,2012-02-15,415.99,2012-05-17,302.06,27.39,180,0.419,0.701,2.466e-05,0.569,0.478,0.467,0.4151,0,2012-10-16,2.15,2013-05-03,480.23,444.15,7.51,15,1,0,583.57,-1.25,1,0,2013-05-24,576.26,9.67,1,1,147,20.0,1.8,2013-05-27,590.76,0.357,-22.22,-20.04,-11.6,2013-08-08,-23.78,54,0,2.13,-30.24
TTKPRESTIG,L180,0,5d11e31dba14,0,3496,2018-01-22,722.4,2018-05-21,476.25,34.07,180,0.587,0.841,2.306e-05,0.694,0.661,0.891,0.192,0,2018-09-04,3.79,2019-02-11,666.5,631.2,5.3,15,1,1,722.4,-0.8,1,0,2019-03-05,716.6,5.31,1,0,121,7.52,2.24,2019-03-06,716.65,0.6007,0.71,-19.93,-21.08,2019-03-20,-9.5,11,0,7.91,-29.8
TTKPRESTIG,VAR,0,5d11e31dba14,0,3496,2018-01-22,722.4,2018-05-21,476.25,34.07,146,0.545,0.877,2.714e-05,0.689,0.795,0.958,0.1534,0,2018-08-23,3.61,2019-02-11,666.5,631.2,5.3,15,1,1,722.4,-0.8,1,0,2019-03-05,716.6,5.31,1,0,129,7.52,2.24,2019-03-06,716.65,0.6782,0.71,-19.93,-21.08,2019-03-20,-9.5,11,0,7.91,-29.8
TVSHLTD,L120,0,9f20b2e61a7c,1,4297,2024-12-10,11806.5,2025-04-08,8007.4,32.18,120,0.697,0.87,9.673e-05,0.515,0.492,1.124,0.4181,0,2025-06-03,7.93,2025-12-16,14824.0,13506.0,8.89,15,1,1,15713.0,-3.26,1,0,2026-01-07,15201.0,3.15,0,0,149,3.36,5.88,2026-01-08,15300.0,0.4903,-9.24,-7.24,-13.77,2026-01-23,-11.98,11,0,3.27,-15.48
TVSHLTD,L180,0,9f20b2e61a7c,1,4297,2024-10-21,14032.8,2025-04-08,8007.4,42.94,180,0.698,0.809,4.715e-05,0.575,0.483,1.256,0.3431,1,2025-06-27,5.31,2025-12-16,14824.0,13506.0,8.89,15,1,1,15713.0,-3.26,1,0,2026-01-07,15201.0,3.15,0,0,131,3.36,5.88,2026-01-08,15300.0,0.4011,-9.24,-7.24,-13.77,2026-01-23,-11.98,11,0,3.27,-15.48
TVSHLTD,VAR,0,9f20b2e61a7c,1,4297,2024-09-25,14749.75,2025-04-08,8007.4,45.71,189,0.697,0.824,4.406e-05,0.583,0.471,1.194,0.3566,0,2025-07-02,5.77,2025-12-16,14824.0,13506.0,8.89,15,1,1,15713.0,-3.26,1,0,2026-01-07,15201.0,3.15,0,0,128,3.36,5.88,2026-01-08,15300.0,0.3925,-9.24,-7.24,-13.77,2026-01-23,-11.98,11,0,3.27,-15.48
TVSMOTOR,L120,1,8805a3a34f23,0,134,2005-01-04,42.92,2005-03-29,33.23,22.58,119,0.492,0.752,3.286e-05,0.614,0.58,0.612,0.0571,0,2005-06-22,2.05,2005-06-23,39.9,35.77,10.35,15,1,1,42.92,-4.29,1,0,2005-07-14,41.08,4.75,0,0,16,6.56,2.64,2005-07-15,41.5,0.4753,18.87,37.16,-1.01,2005-10-28,-0.12,72,0,124.7,-9.64
TVSMOTOR,L120,0,8805a3a34f23,0,2280,2013-05-07,41.35,2013-07-30,29.3,29.14,120,0.563,0.731,9.390e-05,0.522,0.492,1.679,0.5908,1,2013-10-17,4.5,2014-02-26,93.65,85.45,8.76,15,1,0,93.65,2.62,1,1,2014-03-21,96.1,3.62,0,0,106,2.62,9.63,2014-03-24,99.6,0.4839,44.53,113.96,153.77,2014-07-11,49.4,75,0,223.54,-13.6
TVSMOTOR,L180,1,8805a3a34f23,0,134,2005-01-04,42.92,2005-03-29,33.23,22.58,119,0.492,0.752,3.286e-05,0.614,0.58,0.612,0.0571,0,2005-06-22,2.05,2005-06-23,39.9,35.77,10.35,15,1,1,42.92,-4.29,1,0,2005-07-14,41.08,4.75,0,0,16,6.56,2.64,2005-07-15,41.5,0.4753,18.87,37.16,-1.01,2005-10-28,-0.12,72,0,124.7,-9.64
TVSMOTOR,L250,1,8805a3a34f23,0,134,2005-01-04,42.92,2005-03-29,33.23,22.58,119,0.492,0.752,3.286e-05,0.614,0.58,0.612,0.0571,0,2005-06-22,2.05,2005-06-23,39.9,35.77,10.35,15,1,1,42.92,-4.29,1,0,2005-07-14,41.08,4.75,0,0,16,6.56,2.64,2005-07-15,41.5,0.4753,18.87,37.16,-1.01,2005-10-28,-0.12,72,0,124.7,-9.64
TVSMOTOR,VAR,1,8805a3a34f23,0,134,2005-01-04,42.92,2005-03-29,33.23,22.58,118,0.487,0.736,3.252e-05,0.611,0.585,0.613,0.0571,0,2005-06-22,2.05,2005-06-23,39.9,35.77,10.35,15,1,1,42.92,-4.29,1,0,2005-07-14,41.08,4.75,0,0,16,6.56,2.64,2005-07-15,41.5,0.4521,18.87,37.16,-1.01,2005-10-28,-0.12,72,0,124.7,-9.64
UBL,L180,0,2b83b425784e,0,1006,2011-06-10,606.95,2011-10-05,354.9,41.53,180,0.542,0.805,2.599e-05,0.691,0.572,1.475,0.3144,1,2012-02-07,10.48,2012-08-03,577.35,518.8,10.14,15,1,0,613.85,2.61,1,1,2012-08-28,629.85,4.64,0,0,138,9.11,15.03,2012-08-29,634.0,0.64,19.27,8.21,12.86,2012-09-12,-13.02,11,0,61.58,-13.95
UBL,L180,0,2b83b425784e,0,2325,2016-10-14,948.65,2017-04-18,731.75,22.86,180,0.698,0.759,1.155e-05,0.666,0.561,0.982,0.41,0,2017-07-05,8.7,2017-12-14,1080.6,1018.5,5.75,15,1,1,1170.45,-1.63,1,0,2018-01-05,1151.35,5.81,1,0,126,6.72,26.9,2018-01-08,1169.0,0.351,-14.32,-4.52,18.05,2018-02-16,-13.57,28,0,25.49,-22.3
UBL,L250,0,2b83b425784e,0,1006,2011-06-10,606.95,2011-10-05,354.9,41.53,250,0.442,0.709,2.304e-05,0.523,0.412,1.467,0.3017,1,2012-05-03,6.84,2012-08-03,577.35,518.8,10.14,15,1,0,613.85,2.61,1,1,2012-08-28,629.85,4.64,0,0,81,9.11,15.03,2012-08-29,634.0,0.372,19.27,8.21,12.86,2012-09-12,-13.02,11,0,61.58,-13.95
UBL,L250,0,2b83b425784e,0,2325,2016-10-04,962.3,2017-04-18,731.75,23.96,250,0.574,0.709,7.089e-06,0.628,0.56,0.871,0.2927,0,2017-09-19,16.72,2017-12-14,1080.6,1018.5,5.75,15,1,1,1170.45,-1.63,1,0,2018-01-05,1151.35,5.81,1,0,74,6.72,26.9,2018-01-08,1169.0,0.3972,-14.32,-4.52,18.05,2018-02-16,-13.57,28,0,25.49,-22.3
UBL,L250,0,2b83b425784e,0,3882,2022-12-14,1783.55,2023-04-11,1369.55,23.21,250,0.442,0.7,1.069e-05,0.554,0.408,1.169,0.2322,0,2023-11-01,39.98,2024-04-01,1860.2,1779.55,4.34,15,1,1,1892.4,7.32,1,1,2024-04-24,2030.95,9.66,1,1,118,9.18,49.59,2024-04-25,2022.4,0.2676,-0.38,0.31,6.75,2024-05-24,-7.31,21,0,13.71,-10.5
UBL,VAR,0,2b83b425784e,0,1292,2012-12-04,1000.65,2013-02-27,600.35,40.0,92,0.659,0.782,1.100e-04,0.696,0.467,0.794,0.2731,0,2013-04-15,25.68,2013-10-01,883.35,829.45,6.1,15,1,1,1000.65,-3.7,1,0,2013-10-24,963.65,7.44,1,0,130,9.09,18.49,2013-10-25,957.95,0.3847,-17.15,-15.57,-26.25,2013-11-07,-14.1,9,0,5.02,-35.73
UBL,VAR,0,2b83b425784e,0,2325,2016-10-04,962.3,2017-04-18,731.75,23.96,189,0.697,0.811,1.225e-05,0.663,0.608,0.954,0.4116,0,2017-07-10,7.84,2017-12-14,1080.6,1018.5,5.75,15,1,1,1170.45,-1.63,1,0,2018-01-05,1151.35,5.81,1,0,123,6.72,26.9,2018-01-08,1169.0,0.437,-14.32,-4.52,18.05,2018-02-16,-13.57,28,0,25.49,-22.3
UGARSUGAR,L120,0,c926d9003e86,0,3018,2022-04-18,80.54,2022-06-20,44.15,45.18,120,0.454,0.776,1.146e-04,0.549,0.533,0.801,0.4384,0,2022-09-22,2.45,2022-11-04,80.95,73.35,9.39,15,1,1,82.32,8.41,1,1,2022-11-28,89.24,12.73,1,1,44,10.38,3.58,2022-11-29,90.03,0.5471,6.4,19.26,-0.11,2023-02-02,-1.66,47,0,50.49,-15.33
UGARSUGAR,VAR,0,c926d9003e86,0,3018,2022-03-25,82.32,2022-06-20,44.15,46.37,91,0.644,0.824,1.545e-04,0.675,0.571,0.62,0.3634,0,2022-08-03,2.04,2022-11-04,80.95,73.35,9.39,15,1,1,82.32,8.41,1,1,2022-11-28,89.24,12.73,1,1,77,10.38,3.58,2022-11-29,90.03,0.5167,6.4,19.26,-0.11,2023-02-02,-1.66,47,0,50.49,-15.33
UGROCAP,L180,0,f185de8ce086,0,444,2022-09-19,201.1,2022-12-23,139.37,30.7,180,0.514,0.707,1.934e-05,0.678,0.533,0.973,0.172,0,2023-05-04,6.4,2023-05-08,208.74,184.2,11.76,15,0,0,219.32,4.76,1,1,2023-05-29,229.76,3.32,0,0,17,11.62,14.7,2023-05-30,231.23,0.449,31.78,13.81,18.48,2023-10-03,16.33,87,0,35.23,-9.75
UGROCAP,L250,0,f185de8ce086,0,548,2022-09-19,201.1,2022-12-23,139.37,30.7,250,0.418,0.719,2.475e-05,0.43,0.4,2.743,0.2386,1,2023-07-26,5.9,2023-10-05,288.06,263.32,8.59,15,1,1,309.07,-3.63,1,0,2023-10-27,297.85,5.94,1,0,63,3.47,5.62,2023-10-30,300.21,0.3847,-11.74,-17.95,-21.17,2023-12-07,-14.88,28,0,3.46,-30.49
UGROCAP,VAR,0,f185de8ce086,0,444,2022-09-19,201.1,2022-12-23,139.37,30.7,147,0.452,0.838,2.842e-05,0.659,0.653,1.017,0.0394,0,2023-04-24,2.1,2023-05-08,208.74,184.2,11.76,15,0,0,219.32,4.76,1,1,2023-05-29,229.76,3.32,0,0,24,11.62,14.7,2023-05-30,231.23,0.586,31.78,13.81,18.48,2023-10-03,16.33,87,0,35.23,-9.75
ULTRACEMCO,L120,0,8e0d8b3e810f,0,1550,2010-04-08,1163.1,2010-07-26,829.15,28.71,120,0.697,0.815,5.474e-05,0.632,0.483,1.621,0.4701,1,2010-09-15,21.1,2010-11-05,1147.55,1075.85,6.25,15,1,1,1165.15,-0.85,1,0,2010-11-29,1155.2,3.82,0,0,52,2.82,35.61,2010-11-30,1156.05,0.4327,-16.19,-11.22,1.79,2010-12-15,-8.88,12,0,4.49,-23.58
ULTRACEMCO,VAR,0,8e0d8b3e810f,0,1550,2010-04-08,1163.1,2010-07-26,829.15,28.71,110,0.697,0.777,5.387e-05,0.644,0.527,1.633,0.5623,1,2010-09-09,19.88,2010-11-05,1147.55,1075.85,6.25,15,1,1,1165.15,-0.85,1,0,2010-11-29,1155.2,3.82,0,0,55,2.82,35.61,2010-11-30,1156.05,0.4298,-16.19,-11.22,1.79,2010-12-15,-8.88,12,0,4.49,-23.58
ULTRACEMCO,VAR,0,8e0d8b3e810f,0,3990,2020-01-27,4676.95,2020-03-24,3018.1,35.47,92,0.44,0.742,1.209e-04,0.63,0.424,1.179,0.3253,0,2020-06-11,276.06,2020-09-29,4544.35,4047.15,10.94,15,0,0,4841.05,-4.38,1,0,2020-10-21,4629.1,3.86,0,0,93,1.86,230.66,2020-10-22,4675.0,0.4219,16.63,43.64,52.94,2021-04-20,32.64,122,0,72.69,-5.03
UNITDSPR,VAR,1,ff6814b62c0a,0,249,2025-01-02,1666.26,2025-02-28,1267.49,23.93,90,0.461,0.765,9.416e-05,0.479,0.444,0.818,0.2249,0,2025-05-15,102.86,2025-05-15,1567.56,1504.22,4.04,15,1,1,1666.26,-4.39,1,0,2025-06-05,1593.19,3.04,0,0,15,1.64,116.27,2025-06-06,1606.54,0.3898,-18.13,-10.41,-21.58,2025-06-12,-8.52,5,0,1.32,-24.63
UNIVCABLES,L120,0,606a5eacf06c,0,5052,2025-01-08,841.7,2025-04-09,411.15,51.15,120,0.697,0.75,9.578e-05,0.676,0.492,1.941,0.6478,1,2025-06-04,5.61,2025-10-23,778.55,701.75,9.86,15,0,0,889.35,-3.24,1,0,2025-11-14,860.5,63.62,1,1,112,10.53,2.57,2025-11-17,889.9,0.3545,-17.52,12.32,76.12,2025-12-18,-6.73,24,0,99.45,-35.27
UNOMINDA,L120,0,a1df4888e94a,0,3407,2020-01-24,210.05,2020-03-23,107.05,49.04,120,0.42,0.721,8.292e-05,0.692,0.433,1.722,0.195,1,2020-07-06,4.53,2020-12-30,207.75,194.85,6.21,15,1,1,221.85,-0.38,1,0,2021-01-20,221.0,5.28,1,0,139,6.38,5.7,2021-01-21,228.0,0.3294,18.53,57.87,134.98,2022-01-25,124.47,251,0,175.75,-3.97
UPL,L120,0,16324b5fbb09,0,678,2006-05-10,98.0,2006-07-20,67.4,31.22,120,0.571,0.704,3.678e-05,0.697,0.625,0.962,0.28,0,2006-10-03,2.51,2006-10-23,97.75,88.55,9.41,15,0,0,98.0,0.66,1,1,2006-11-15,98.65,4.33,0,0,29,1.44,4.29,2006-11-16,99.15,0.4515,3.13,-6.66,13.57,2007-03-06,-7.26,74,0,30.96,-13.57
UPL,L120,0,16324b5fbb09,0,1643,2010-01-05,117.0,2010-04-20,92.35,21.07,120,0.647,0.701,5.253e-05,0.464,0.425,2.237,0.4946,1,2010-06-17,17.72,2010-09-23,122.2,114.75,6.1,15,1,1,132.2,-4.84,1,0,2010-10-14,125.8,5.36,1,0,84,2.95,9.46,2010-10-15,127.25,0.2865,-21.73,-23.97,-27.74,2010-11-16,-5.23,23,0,10.41,-38.43
UPL,L180,0,16324b5fbb09,0,3069,2015-08-05,362.25,2016-01-20,238.8,34.08,180,0.693,0.807,2.249e-05,0.686,0.4,0.67,0.2108,0,2016-04-12,25.44,2016-07-05,373.55,349.35,6.48,15,1,1,391.15,-0.47,1,0,2016-07-27,389.3,3.96,0,0,72,5.3,51.51,2016-07-28,391.85,0.3077,14.1,19.74,45.91,2016-11-03,9.24,65,0,47.29,-6.02
UPL,VAR,0,16324b5fbb09,0,678,2006-05-10,98.0,2006-07-20,67.4,31.22,91,0.567,0.762,6.956e-05,0.65,0.714,1.177,0.1639,0,2006-09-14,2.49,2006-10-23,97.75,88.55,9.41,15,0,0,98.0,0.66,1,1,2006-11-15,98.65,4.33,0,0,41,1.44,4.29,2006-11-16,99.15,0.5122,3.13,-6.66,13.57,2007-03-06,-7.26,74,0,30.96,-13.57
UPL,VAR,0,16324b5fbb09,0,3069,2015-08-05,362.25,2016-01-20,238.8,34.08,163,0.698,0.82,2.559e-05,0.695,0.442,0.694,0.1929,0,2016-04-04,27.03,2016-07-05,373.55,349.35,6.48,15,1,1,391.15,-0.47,1,0,2016-07-27,389.3,3.96,0,0,78,5.3,51.51,2016-07-28,391.85,0.3494,14.1,19.74,45.91,2016-11-03,9.24,65,0,47.29,-6.02
USHAMART,L180,0,66d5eb9905e2,0,312,2005-03-21,22.57,2005-06-30,15.06,33.27,180,0.603,0.855,6.790e-05,0.306,0.544,3.361,0.3701,1,2005-10-13,14.17,2006-03-14,40.11,36.29,9.52,15,1,0,42.66,-1.73,1,0,2006-04-05,41.92,3.73,0,0,117,6.31,2.62,2006-04-07,42.78,0.7012,-26.02,-29.5,-9.86,2006-05-18,-11.59,27,0,16.69,-36.89
USHAMART,L180,0,66d5eb9905e2,0,5120,2024-11-01,428.15,2025-04-30,289.25,32.44,180,0.698,0.755,2.788e-05,0.623,0.511,1.022,0.4503,0,2025-07-16,24.28,2025-08-29,415.85,376.0,9.58,15,1,0,440.85,-3.24,1,0,2025-09-19,426.55,5.44,1,0,45,2.57,19.55,2025-09-22,424.0,0.3715,7.33,-6.31,16.53,2025-11-24,-1.67,43,0,24.83,-10.38
USHAMART,VAR,0,66d5eb9905e2,0,5120,2024-10-15,440.85,2025-04-30,289.25,34.39,191,0.7,0.761,2.606e-05,0.623,0.508,0.985,0.4518,0,2025-07-21,18.41,2025-08-29,415.85,376.0,9.58,15,1,0,440.85,-3.24,1,0,2025-09-19,426.55,5.44,1,0,42,2.57,19.55,2025-09-22,424.0,0.3849,7.33,-6.31,16.53,2025-11-24,-1.67,43,0,24.83,-10.38
UTIAMC,L120,0,596cfa3f1bbc,0,1171,2024-12-11,1349.44,2025-03-11,888.7,34.14,120,0.63,0.724,5.656e-05,0.683,0.517,1.156,0.4108,0,2025-05-21,16.81,2025-06-19,1301.85,1197.38,8.02,15,1,0,1349.44,-0.04,1,0,2025-07-10,1348.86,15.69,1,1,36,3.73,32.75,2025-07-11,1359.99,0.4161,-2.4,-17.08,-30.87,2025-08-01,-4.63,16,0,6.32,-35.69
UTIAMC,VAR,0,596cfa3f1bbc,0,1171,2024-12-11,1349.44,2025-03-11,888.7,34.14,91,0.7,0.802,1.031e-04,0.684,0.571,1.213,0.4069,1,2025-04-25,16.63,2025-06-19,1301.85,1197.38,8.02,15,1,0,1349.44,-0.04,1,0,2025-07-10,1348.86,15.69,1,1,53,3.73,32.75,2025-07-11,1359.99,0.4877,-2.4,-17.08,-30.87,2025-08-01,-4.63,16,0,6.32,-35.69
VAISHALI,VAR,0,cd220ca5879b,0,1230,2023-02-28,18.35,2023-07-14,11.68,36.35,195,0.469,0.725,2.449e-05,0.548,0.646,0.777,0.5175,0,2023-12-14,2.4,2023-12-26,18.95,17.67,6.75,15,1,0,18.95,4.7,1,1,2024-01-16,19.84,16.85,1,1,22,12.28,1.62,2024-01-17,19.38,0.592,-15.48,-19.04,-22.86,2024-02-09,-16.46,16,0,28.53,-35.55
VASWANI,L120,0,49d5732b4f84,0,2996,2023-09-26,33.95,2023-11-01,23.35,31.22,120,0.311,0.867,1.219e-04,0.381,0.425,1.473,0.5184,1,2024-03-01,2.21,2024-09-03,51.6,47.71,7.54,15,1,1,57.45,-3.08,1,0,2024-09-24,55.68,15.65,1,1,137,13.03,0.66,2024-09-25,55.84,0.4683,-14.85,-29.66,-2.27,2024-10-23,-12.0,20,0,32.31,-40.37
VENUSREM-BE,L120,0,bbf37a65a7ce,0,4713,2025-07-17,552.8,2025-09-19,431.3,21.98,120,0.487,0.717,1.086e-04,0.379,0.508,2.407,0.6336,1,2025-12-18,5.44,2026-01-07,781.5,708.15,9.39,15,1,0,833.4,-1.78,1,0,2026-01-30,818.55,3.85,0,0,28,4.74,1.63,2026-02-01,835.0,0.5253,15.86,83.32,94.37,2026-02-25,-17.89,19,0,144.83,-25.5
VGUARD,L180,0,f9c2a041a737,0,2426,2017-05-16,216.9,2017-06-30,172.55,20.45,180,0.346,0.703,2.055e-05,0.341,0.472,1.043,0.1282,0,2017-12-19,26.9,2018-01-01,243.6,231.95,4.78,15,1,1,243.8,1.56,1,1,2018-01-22,247.6,3.01,0,0,23,3.32,22.98,2018-01-23,250.0,0.1852,-2.32,-22.96,-19.88,2018-02-02,-13.96,8,0,1.96,-36.24
VGUARD,L250,0,f9c2a041a737,0,3245,2019-12-04,230.0,2020-03-25,150.55,34.54,250,0.313,0.74,1.123e-05,0.697,0.628,1.764,0.1986,1,2020-12-01,11.97,2021-04-28,233.8,221.4,5.3,15,1,0,252.35,-3.92,1,0,2021-05-20,242.45,7.77,1,0,114,3.7,7.92,2021-05-21,246.0,0.421,-3.86,2.76,-8.88,2021-07-28,0.69,48,0,15.85,-26.42
VGUARD,VAR,0,f9c2a041a737,0,3245,2019-12-04,230.0,2020-03-25,150.55,34.54,250,0.313,0.74,1.123e-05,0.697,0.628,1.764,0.1986,1,2020-12-01,11.97,2021-04-28,233.8,221.4,5.3,15,1,0,252.35,-3.92,1,0,2021-05-20,242.45,7.77,1,0,114,3.7,7.92,2021-05-21,246.0,0.421,-3.86,2.76,-8.88,2021-07-28,0.69,48,0,15.85,-26.42
VIMTALABS,L120,0,dbf782344018,0,4617,2023-08-24,299.8,2023-12-20,196.0,34.62,120,0.689,0.75,6.422e-05,0.686,0.55,1.081,0.3563,0,2024-02-13,2.29,2024-08-06,279.0,247.05,11.45,15,1,0,299.8,1.37,1,1,2024-08-28,303.9,14.63,1,1,133,8.92,2.42,2024-08-29,304.5,0.4037,42.59,60.92,118.8,2024-09-30,-10.82,23,0,139.23,-17.41
VIMTALABS,VAR,0,dbf782344018,0,4617,2023-08-24,299.8,2023-12-20,196.0,34.62,116,0.696,0.759,6.617e-05,0.698,0.569,1.086,0.4137,0,2024-02-09,2.04,2024-08-06,279.0,247.05,11.45,15,1,0,299.8,1.37,1,1,2024-08-28,303.9,14.63,1,1,135,8.92,2.42,2024-08-29,304.5,0.4357,42.59,60.92,118.8,2024-09-30,-10.82,23,0,139.23,-17.41
VINCOFE,L120,0,4fa2a68cf391,0,458,2026-01-07,174.33,2026-03-16,122.35,29.82,120,0.42,0.706,5.768e-05,0.531,0.417,0.886,0.3076,0,2026-06-30,26.17,2026-08-06,164.09,146.28,10.85,15,1,1,174.33,0.18,1,1,2026-08-27,174.65,4.88,0,0,42,6.44,30.55,2026-08-28,175.0,0.3062,-0.02,-0.02,-0.02,,-0.02,11,1,8.23,-3.9
VINCOFE,VAR,0,4fa2a68cf391,0,458,2026-01-07,174.33,2026-03-16,122.35,29.82,123,0.369,0.703,5.597e-05,0.491,0.407,0.921,0.3044,0,2026-07-10,36.92,2026-08-06,164.09,146.28,10.85,15,1,1,174.33,0.18,1,1,2026-08-27,174.65,4.88,0,0,34,6.44,30.55,2026-08-28,175.0,0.243,-0.02,-0.02,-0.02,,-0.02,11,1,8.23,-3.9
VINYLINDIA,VAR,0,d2b951f40b66,0,4086,2021-10-05,315.1,2021-12-21,211.5,32.88,90,0.584,0.702,1.254e-04,0.535,0.411,1.395,0.4892,1,2022-02-11,3.48,2022-04-11,286.4,263.85,7.87,15,1,0,315.1,-4.32,1,0,2022-05-05,301.5,6.47,1,0,54,5.27,1.73,2022-05-06,300.55,0.3673,14.94,89.72,48.84,2022-05-12,-16.07,5,0,208.98,-23.51
VIPIND,L120,0,6a0553a5a2fc,0,3136,2016-10-26,151.15,2016-12-26,114.05,24.55,120,0.529,0.714,7.792e-05,0.451,0.425,0.794,0.432,0,2017-03-17,3.99,2017-08-28,238.45,216.2,9.33,15,0,0,238.45,9.21,1,1,2017-09-18,260.4,4.82,0,0,125,15.97,16.06,2017-09-19,263.95,0.3674,27.94,20.67,92.65,2018-03-09,23.89,117,0,145.12,-12.46
VMM,L120,0,7cab9c03f358,0,126,2025-02-04,125.4,2025-03-13,99.44,20.7,120,0.454,0.701,3.785e-05,0.312,0.508,0.692,0.3641,0,2025-06-23,163.03,2025-06-03,131.01,122.88,6.21,15,1,1,131.01,1.53,1,1,2025-06-24,133.02,4.59,0,0,1,3.03,176.8,2025-06-25,133.7,0.3669,9.46,1.72,-11.44,2025-11-11,2.63,95,0,17.88,-26.13
VMM,L180,1,7cab9c03f358,0,140,2025-02-04,125.4,2025-03-13,99.44,20.7,128,0.472,0.707,3.274e-05,0.302,0.516,0.666,0.4039,0,2025-06-25,187.37,2025-06-23,134.66,127.54,5.29,15,1,1,134.66,1.8,1,1,2025-07-14,137.09,3.14,0,0,13,2.6,247.83,2025-07-15,137.8,0.4076,7.53,-4.66,-19.09,2025-11-11,-0.43,81,0,14.37,-28.32
VMM,L250,1,7cab9c03f358,0,140,2025-02-04,125.4,2025-03-13,99.44,20.7,128,0.472,0.707,3.274e-05,0.302,0.516,0.666,0.4039,0,2025-06-25,187.37,2025-06-23,134.66,127.54,5.29,15,1,1,134.66,1.8,1,1,2025-07-14,137.09,3.14,0,0,13,2.6,247.83,2025-07-15,137.8,0.4076,7.53,-4.66,-19.09,2025-11-11,-0.43,81,0,14.37,-28.32
VOLTAS,VAR,0,0342de773b27,0,456,2006-05-12,108.45,2006-07-19,63.66,41.3,90,0.539,0.822,1.930e-04,0.5,0.411,1.609,0.4477,1,2006-09-15,16.25,2006-10-11,99.78,90.39,9.41,15,1,0,110.67,-0.63,1,0,2006-11-03,109.97,24.59,1,1,32,10.21,6.19,2006-11-06,110.87,0.5636,-7.34,-11.81,84.59,2006-12-12,-11.67,27,0,103.6,-32.34
VOLTAS,VAR,0,0342de773b27,0,3897,2020-02-19,733.15,2020-05-19,436.3,40.49,90,0.64,0.784,1.755e-04,0.572,0.489,1.192,0.1755,0,2020-07-03,120.39,2020-09-24,692.3,650.05,6.1,15,1,1,733.15,-4.45,1,0,2020-10-16,700.5,5.77,1,0,74,4.18,97.55,2020-10-19,706.05,0.4107,27.92,34.59,76.7,2021-03-25,35.77,110,0,92.18,-3.65
VPRPL,L120,0,35af4e9855a9,0,213,2023-12-27,224.7,2024-03-13,144.65,35.63,120,0.479,0.74,5.822e-05,0.699,0.45,0.801,0.485,0,2024-06-18,23.17,2024-07-02,212.39,196.62,7.43,15,1,0,224.7,-0.64,1,0,2024-07-24,223.27,4.28,0,0,25,5.12,23.58,2024-07-25,221.82,0.5038,41.06,12.84,-26.41,2024-11-21,19.58,82,0,55.87,-33.28
VPRPL,VAR,1,35af4e9855a9,0,213,2023-12-27,224.7,2024-03-13,144.65,35.63,112,0.459,0.801,7.240e-05,0.686,0.482,0.777,0.4536,0,2024-06-13,21.39,2024-07-02,212.39,196.62,7.43,15,1,0,224.7,-0.64,1,0,2024-07-24,223.27,4.28,0,0,27,5.12,23.58,2024-07-25,221.82,0.579,41.06,12.84,-26.41,2024-11-21,19.58,82,0,55.87,-33.28
VSTTILLERS,L120,0,0f9b754ef387,0,3246,2023-11-30,4080.99,2024-03-13,2999.88,26.49,120,0.697,0.792,4.247e-05,0.687,0.55,0.874,0.3586,0,2024-05-09,3.93,2024-08-07,4031.22,3709.37,7.98,15,0,0,4293.53,-2.67,1,0,2024-08-29,4179.1,3.05,0,0,76,3.67,2.13,2024-08-30,4234.04,0.3932,6.34,-20.06,22.39,2025-01-13,9.61,93,0,30.54,-27.49
VSTTILLERS,L120,0,0f9b754ef387,0,3484,2025-01-01,5252.28,2025-03-04,3157.81,39.88,120,0.496,0.815,6.913e-05,0.696,0.575,1.456,0.1289,1,2025-06-05,3.07,2025-07-23,4975.9,4436.88,10.83,15,0,0,5252.28,-0.85,1,0,2025-08-13,5207.7,6.61,1,0,49,4.66,6.95,2025-08-14,5245.65,0.6642,12.67,12.12,-15.51,2025-11-17,6.18,63,0,21.51,-18.5
VSTTILLERS,L180,0,0f9b754ef387,0,3246,2023-11-30,4080.99,2024-03-13,2999.88,26.49,180,0.497,0.708,3.518e-05,0.48,0.444,0.833,0.3122,0,2024-07-29,3.26,2024-08-07,4031.22,3709.37,7.98,15,0,0,4293.53,-2.67,1,0,2024-08-29,4179.1,3.05,0,0,22,3.67,2.13,2024-08-30,4234.04,0.3897,6.34,-20.06,22.39,2025-01-13,9.61,93,0,30.54,-27.49
VSTTILLERS,L180,0,0f9b754ef387,0,3484,2025-01-01,5252.28,2025-03-04,3157.81,39.88,180,0.397,0.708,4.383e-05,0.561,0.483,2.041,0.445,1,2025-08-12,6.95,2025-07-23,4975.9,4436.88,10.83,15,0,0,5252.28,-0.85,1,0,2025-08-13,5207.7,6.61,1,0,1,4.66,6.95,2025-08-14,5245.65,0.4528,12.67,12.12,-15.51,2025-11-17,6.18,63,0,21.51,-18.5
VSTTILLERS,VAR,0,0f9b754ef387,0,3246,2023-11-30,4080.99,2024-03-13,2999.88,26.49,101,0.7,0.897,7.085e-05,0.64,0.634,0.731,0.6068,0,2024-04-30,2.42,2024-08-07,4031.22,3709.37,7.98,15,0,0,4293.53,-2.67,1,0,2024-08-29,4179.1,3.05,0,0,82,3.67,2.13,2024-08-30,4234.04,0.5708,6.34,-20.06,22.39,2025-01-13,9.61,93,0,30.54,-27.49
VSTTILLERS,VAR,0,0f9b754ef387,0,3484,2025-01-01,5252.28,2025-03-04,3157.81,39.88,90,0.494,0.811,1.198e-04,0.678,0.622,1.195,0.1668,0,2025-05-15,2.0,2025-07-23,4975.9,4436.88,10.83,15,0,0,5252.28,-0.85,1,0,2025-08-13,5207.7,6.61,1,0,64,4.66,6.95,2025-08-14,5245.65,0.6562,12.67,12.12,-15.51,2025-11-17,6.18,63,0,21.51,-18.5
VTL,L250,0,14f539f19651,0,4075,2020-02-26,218.15,2020-05-12,123.0,43.62,250,0.349,0.703,3.233e-05,0.516,0.512,2.102,0.368,1,2020-12-30,6.86,2021-06-17,278.8,272.45,2.28,15,0,0,299.95,-4.47,1,0,2021-07-08,286.55,3.3,0,0,129,4.89,10.34,2021-07-09,288.0,0.3878,31.48,61.01,-2.01,2021-08-23,15.05,30,0,100.0,-14.76
WAAREEENER,L120,0,c638d9d30765,0,216,2024-12-12,3290.4,2025-01-28,2090.78,36.46,120,0.345,0.711,9.268e-05,0.538,0.492,0.715,0.2152,0,2025-05-27,407.53,2025-08-20,3475.85,3149.33,9.39,15,0,0,3634.56,2.84,1,1,2025-09-11,3737.7,6.09,1,0,75,7.53,750.72,2025-09-12,3763.79,0.3207,-22.7,-30.17,-30.19,2025-09-26,-14.83,11,0,2.63,-36.15
WESTLIFE,L120,0,9852293dd70b,0,330,2020-02-19,483.55,2020-05-27,276.29,42.86,120,0.681,0.81,8.601e-05,0.691,0.7,1.347,0.2452,1,2020-07-20,9.39,2020-11-24,437.52,385.87,11.81,15,0,0,483.55,-3.32,1,0,2020-12-16,467.48,21.14,1,1,105,12.34,7.71,2020-12-17,477.63,0.4852,9.12,0.18,17.24,2021-03-23,-4.07,66,0,31.07,-19.75
WESTLIFE,L180,0,9852293dd70b,0,330,2020-02-19,483.55,2020-05-27,276.29,42.86,180,0.458,0.705,5.320e-05,0.526,0.489,0.975,0.294,0,2020-10-12,4.68,2020-11-24,437.52,385.87,11.81,15,0,0,483.55,-3.32,1,0,2020-12-16,467.48,21.14,1,1,46,12.34,7.71,2020-12-17,477.63,0.4152,9.12,0.18,17.24,2021-03-23,-4.07,66,0,31.07,-19.75
WESTLIFE,L180,0,9852293dd70b,0,732,2021-11-25,600.84,2022-05-12,413.53,31.17,180,0.698,0.799,2.452e-05,0.618,0.444,0.761,0.5041,0,2022-07-27,2.51,2022-07-08,535.01,510.87,4.51,15,1,0,600.84,-3.21,1,0,2022-07-29,581.54,38.42,1,1,2,9.32,2.83,2022-08-01,586.51,0.3695,23.15,15.59,56.08,2023-01-16,17.94,115,0,64.08,-0.5
WESTLIFE,VAR,1,9852293dd70b,0,330,2020-02-19,483.55,2020-05-27,276.29,42.86,90,0.697,0.86,1.594e-04,0.643,0.822,1.548,0.3271,1,2020-07-03,7.17,2020-11-24,437.52,385.87,11.81,15,0,0,483.55,-3.32,1,0,2020-12-16,467.48,21.14,1,1,116,12.34,7.71,2020-12-17,477.63,0.5557,9.12,0.18,17.24,2021-03-23,-4.07,66,0,31.07,-19.75
WESTLIFE,VAR,0,9852293dd70b,0,732,2021-11-25,600.84,2022-05-12,413.53,31.17,164,0.699,0.793,2.863e-05,0.61,0.488,0.744,0.5053,0,2022-07-20,2.83,2022-07-08,535.01,510.87,4.51,15,1,0,600.84,-3.21,1,0,2022-07-29,581.54,38.42,1,1,7,9.32,2.83,2022-08-01,586.51,0.3978,23.15,15.59,56.08,2023-01-16,17.94,115,0,64.08,-0.5
WHEELS,L180,0,e6bef9f34992,0,2356,2013-07-15,236.59,2013-09-03,177.71,24.89,180,0.341,0.704,3.700e-05,0.386,0.4,0.574,0.5146,0,2014-02-24,2.48,2014-07-14,386.93,360.63,6.8,15,1,0,413.63,2.37,1,1,2014-08-05,423.45,12.83,1,1,108,12.37,2.83,2014-08-06,429.18,0.2199,15.74,54.42,45.76,2014-12-16,2.12,86,0,87.1,-6.8
WHIRLPOOL,L120,0,2d62c8ab9f92,0,1110,2013-07-01,198.1,2013-09-03,147.55,25.52,120,0.387,0.747,7.006e-05,0.476,0.442,1.814,0.511,1,2013-12-20,2.27,2014-06-10,335.5,303.8,9.45,15,1,0,335.5,0.27,1,1,2014-07-01,336.4,6.63,1,0,129,0.27,0.72,2014-07-02,330.05,0.3959,29.69,96.82,117.22,2015-04-27,112.27,197,0,145.43,-6.14
WHIRLPOOL,L120,0,2d62c8ab9f92,0,1872,2016-10-20,1176.8,2016-12-26,841.1,28.53,120,0.471,0.716,7.291e-05,0.497,0.433,0.481,0.4831,0,2017-03-28,5.92,2017-07-17,1170.65,1142.05,2.44,15,1,1,1234.2,-3.3,1,0,2017-08-07,1193.5,16.68,1,1,90,3.0,1.88,2017-08-08,1192.0,0.4101,17.26,23.9,46.07,2017-08-08,-1.04,1,0,49.33,-5.87
WHIRLPOOL,VAR,0,2d62c8ab9f92,0,1776,2016-10-20,1176.8,2016-12-26,841.1,28.53,90,0.506,0.769,1.205e-04,0.529,0.578,0.373,0.1893,0,2017-02-28,3.43,2017-02-23,1104.55,1017.4,7.89,15,1,0,1176.8,-3.68,1,0,2017-03-20,1133.45,3.27,0,0,13,2.62,3.64,2017-03-21,1135.15,0.5593,-1.63,7.5,32.06,2017-06-12,-0.18,57,0,46.06,-3.79
WHIRLPOOL,VAR,0,2d62c8ab9f92,0,2708,2020-02-07,2529.45,2020-03-24,1666.9,34.1,90,0.337,0.72,1.037e-04,0.569,0.467,0.506,0.2784,0,2020-06-23,11.72,2020-12-03,2262.4,2084.6,7.86,15,1,1,2529.45,-0.06,1,0,2020-12-24,2528.0,10.75,1,1,130,11.74,16.81,2020-12-28,2561.3,0.3018,-10.4,-14.13,-31.75,2021-02-09,-8.89,31,0,8.81,-33.16
WINDLAS,L250,0,79447ab167bc,0,1245,2025-08-18,1070.8,2026-03-16,705.75,34.09,250,0.643,0.702,1.225e-05,0.625,0.468,1.258,0.0005,0,2026-07-28,3.97,2026-08-12,1008.35,894.7,11.27,15,0,0,1137.06,-3.56,1,0,2026-09-02,1096.6,19.71,1,1,26,8.75,8.88,2026-09-03,1105.35,0.2596,2.68,2.68,2.68,,2.68,6,1,6.93,-1.39
WINDLAS,VAR,0,79447ab167bc,0,1245,2025-08-18,1070.8,2026-03-16,705.75,34.09,204,0.7,0.744,1.738e-05,0.649,0.559,1.177,0.0237,0,2026-06-17,4.23,2026-08-12,1008.35,894.7,11.27,15,0,0,1137.06,-3.56,1,0,2026-09-02,1096.6,19.71,1,1,54,8.75,8.88,2026-09-03,1105.35,0.3283,2.68,2.68,2.68,,2.68,6,1,6.93,-1.39
WINDMACHIN,L180,0,775c3ca17be7,0,3063,2017-04-10,70.0,2017-08-11,52.35,25.21,180,0.486,0.834,5.119e-05,0.418,0.422,1.771,0.4471,1,2017-12-27,2.05,2018-04-16,125.45,113.7,9.37,15,0,0,137.15,0.26,1,1,2018-05-08,137.5,6.99,1,0,88,10.62,3.19,2018-05-09,137.0,0.5702,-26.28,-53.32,-54.56,2018-06-05,-16.72,20,0,17.52,-62.7
WIPRO,L180,0,b9c852f3c6c9,0,3944,2018-01-16,122.35,2018-06-05,94.1,23.09,180,0.609,0.701,2.016e-05,0.569,0.406,1.109,0.4654,0,2018-09-17,108.4,2018-12-26,122.0,115.2,5.57,15,0,0,125.6,-1.23,1,0,2019-01-16,124.05,3.09,0,0,80,2.01,76.91,2019-01-17,124.25,0.2595,11.83,2.21,-1.85,2019-03-07,6.08,35,0,18.99,-8.37
WIPRO,L180,0,b9c852f3c6c9,0,4353,2019-06-17,146.7,2019-10-01,114.5,21.95,180,0.458,0.779,1.220e-05,0.697,0.65,0.592,0.2104,0,2020-02-19,52.23,2020-08-21,139.55,132.35,5.16,15,1,1,146.7,-1.98,1,0,2020-09-11,143.8,4.38,0,0,139,3.05,265.82,2020-09-14,143.75,0.5011,24.03,49.67,129.88,2020-10-27,13.91,31,0,135.34,0.0
WIPRO,L250,0,b9c852f3c6c9,0,1722,2008-06-17,48.05,2009-03-03,19.5,59.42,250,0.699,0.765,4.661e-05,0.561,0.504,1.173,0.0804,0,2009-06-26,40.11,2009-12-21,69.5,64.25,7.55,15,1,0,69.5,3.6,1,1,2010-01-14,72.0,3.51,0,0,135,3.6,56.0,2010-01-15,70.25,0.2092,-0.14,-7.47,7.83,2010-01-27,-9.32,8,0,15.3,-14.23
WIPRO,VAR,0,b9c852f3c6c9,0,1722,2008-06-17,48.05,2009-03-03,19.5,59.42,249,0.698,0.765,4.700e-05,0.559,0.506,1.169,0.0804,0,2009-06-26,40.11,2009-12-21,69.5,64.25,7.55,15,1,0,69.5,3.6,1,1,2010-01-14,72.0,3.51,0,0,135,3.6,56.0,2010-01-15,70.25,0.2115,-0.14,-7.47,7.83,2010-01-27,-9.32,8,0,15.3,-14.23
WIPRO,VAR,0,b9c852f3c6c9,0,3858,2018-01-16,122.35,2018-06-05,94.1,23.09,145,0.653,0.745,1.685e-05,0.698,0.49,1.047,0.2469,0,2018-08-14,49.79,2018-08-13,115.5,103.0,10.82,15,1,0,123.95,-4.48,1,0,2018-09-06,118.4,4.18,0,0,14,2.51,53.11,2018-09-07,118.65,0.2917,1.47,14.62,0.93,2018-10-23,-3.96,29,0,24.61,-8.01
WONDERLA,L250,0,f070e8bb64f1,0,396,2015-01-23,329.24,2015-06-08,234.36,28.82,250,0.494,0.702,1.886e-05,0.459,0.512,0.449,0.3783,0,2015-12-10,3.49,2015-12-01,375.75,342.87,8.75,15,1,0,379.6,5.0,1,1,2015-12-22,398.59,5.79,1,0,8,6.08,3.0,2015-12-23,404.74,0.4631,-14.28,-4.23,-17.83,2016-01-15,-14.17,17,0,2.11,-24.52
WONDERLA,VAR,0,f070e8bb64f1,0,396,2015-01-23,329.24,2015-06-08,234.36,28.82,189,0.473,0.792,2.249e-05,0.503,0.651,0.522,0.4207,0,2015-10-29,2.1,2015-12-01,375.75,342.87,8.75,15,1,0,379.6,5.0,1,1,2015-12-22,398.59,5.79,1,0,35,6.08,3.0,2015-12-23,404.74,0.6164,-14.28,-4.23,-17.83,2016-01-15,-14.17,17,0,2.11,-24.52
XPROINDIA,L120,0,7827e18e1ace,0,4913,2024-02-27,1265.45,2024-06-04,905.8,28.42,120,0.597,0.752,2.824e-05,0.696,0.4,1.002,0.1247,0,2024-08-13,3.53,2024-10-31,1153.0,1093.75,5.14,15,1,1,1265.45,-3.99,1,0,2024-11-25,1215.0,4.06,0,0,70,6.02,2.35,2024-11-26,1219.85,0.2866,-7.41,-1.82,-16.21,2025-01-15,8.21,36,0,37.48,-22.45
XPROINDIA,VAR,0,7827e18e1ace,0,4913,2024-02-27,1265.45,2024-06-04,905.8,28.42,112,0.586,0.718,2.940e-05,0.697,0.429,0.982,0.0453,0,2024-08-09,3.43,2024-10-31,1153.0,1093.75,5.14,15,1,1,1265.45,-3.99,1,0,2024-11-25,1215.0,4.06,0,0,72,6.02,2.35,2024-11-26,1219.85,0.2642,-7.41,-1.82,-16.21,2025-01-15,8.21,36,0,37.48,-22.45
YATHARTH,L120,0,6786867040ff,0,496,2024-11-05,672.05,2025-02-28,358.85,46.6,120,0.672,0.751,8.390e-05,0.696,0.483,1.075,0.4035,0,2025-05-02,13.74,2025-07-15,650.8,607.05,6.72,15,1,0,685.95,-0.15,1,0,2025-08-05,684.9,4.35,0,0,67,5.24,26.9,2025-08-06,692.0,0.3387,17.64,-15.14,25.1,2025-11-12,6.94,66,0,32.88,-22.22
YATHARTH,VAR,0,6786867040ff,0,496,2024-11-04,685.95,2025-02-28,358.85,47.69,122,0.669,0.756,8.232e-05,0.694,0.484,1.087,0.4085,0,2025-05-05,13.55,2025-07-15,650.8,607.05,6.72,15,1,0,685.95,-0.15,1,0,2025-08-05,684.9,4.35,0,0,66,5.24,26.9,2025-08-06,692.0,0.3423,17.64,-15.14,25.1,2025-11-12,6.94,66,0,32.88,-22.22
ZAGGLE,L120,0,a517b83a454c,0,234,2024-03-04,380.4,2024-06-04,260.05,31.64,120,0.538,0.732,6.586e-05,0.453,0.558,1.297,0.3522,1,2024-08-23,87.96,2024-08-20,368.4,347.75,5.61,15,1,0,380.4,7.61,1,1,2024-09-11,409.35,7.93,1,0,12,11.39,50.32,2024-09-12,419.0,0.5323,37.2,-11.78,-16.46,2025-01-22,16.16,89,0,41.26,-28.72
ZAGGLE,VAR,1,a517b83a454c,0,234,2024-03-04,380.4,2024-06-04,260.05,31.64,114,0.522,0.708,6.436e-05,0.428,0.588,1.371,0.3451,1,2024-08-22,87.96,2024-08-20,368.4,347.75,5.61,15,1,0,380.4,7.61,1,1,2024-09-11,409.35,7.93,1,0,13,11.39,50.32,2024-09-12,419.0,0.5394,37.2,-11.78,-16.46,2025-01-22,16.16,89,0,41.26,-28.72
ZEEL,L180,1,e37b300898a8,0,165,2005-01-04,51.66,2005-04-18,38.06,26.33,139,0.514,0.703,4.362e-05,0.486,0.41,1.044,0.3889,0,2005-07-20,20.34,2005-08-08,51.53,48.73,5.43,15,1,0,56.37,-3.32,1,0,2005-08-30,54.5,3.32,0,0,27,6.59,21.3,2005-08-31,55.52,0.3607,-18.43,-10.34,60.73,2005-09-22,-9.87,16,0,66.26,-26.68
ZEEL,L250,1,e37b300898a8,0,165,2005-01-04,51.66,2005-04-18,38.06,26.33,139,0.514,0.703,4.362e-05,0.486,0.41,1.044,0.3889,0,2005-07-20,20.34,2005-08-08,51.53,48.73,5.43,15,1,0,56.37,-3.32,1,0,2005-08-30,54.5,3.32,0,0,27,6.59,21.3,2005-08-31,55.52,0.3607,-18.43,-10.34,60.73,2005-09-22,-9.87,16,0,66.26,-26.68
ZEEMEDIA,L120,0,7d7f7c137751,0,2385,2015-12-17,24.25,2016-02-23,17.35,28.45,120,0.395,0.793,7.438e-05,0.552,0.658,0.544,0.3862,0,2016-06-10,2.53,2016-08-22,25.75,23.3,9.51,15,1,1,27.8,-2.52,1,0,2016-09-14,27.1,10.46,1,1,64,11.75,1.8,2016-09-15,27.35,0.5295,42.41,32.54,28.34,2016-11-21,10.97,44,0,55.03,-11.52
ZEEMEDIA,L180,0,7d7f7c137751,0,2385,2015-12-07,25.55,2016-02-23,17.35,32.09,180,0.419,0.702,4.791e-05,0.492,0.45,0.667,0.2723,0,2016-07-27,2.22,2016-08-22,25.75,23.3,9.51,15,1,1,27.8,-2.52,1,0,2016-09-14,27.1,10.46,1,1,32,11.75,1.8,2016-09-15,27.35,0.3351,42.41,32.54,28.34,2016-11-21,10.97,44,0,55.03,-11.52
ZEEMEDIA,VAR,0,7d7f7c137751,0,2385,2015-12-07,25.55,2016-02-23,17.35,32.09,127,0.429,0.814,6.826e-05,0.574,0.638,0.489,0.3862,0,2016-06-10,2.53,2016-08-22,25.75,23.3,9.51,15,1,1,27.8,-2.52,1,0,2016-09-14,27.1,10.46,1,1,64,11.75,1.8,2016-09-15,27.35,0.6105,42.41,32.54,28.34,2016-11-21,10.97,44,0,55.03,-11.52
ZENSARTECH,L120,0,05f759a87042,0,4123,2021-03-16,331.65,2021-04-19,263.05,20.68,120,0.303,0.926,7.781e-05,0.322,0.417,2.361,0.1595,1,2021-08-17,60.39,2021-08-24,488.35,435.3,10.86,15,0,0,488.35,18.62,1,1,2021-09-15,579.3,10.98,1,1,19,18.92,40.69,2021-09-16,585.6,0.4363,-23.27,-38.21,-61.55,2021-10-25,-23.91,27,0,0.24,-62.13
ZENSARTECH,L180,0,05f759a87042,0,4613,2022-06-27,278.2,2022-12-23,202.9,27.07,180,0.698,0.786,3.373e-05,0.51,0.467,1.903,0.2938,1,2023-03-13,52.49,2023-08-14,536.15,496.9,7.32,15,1,0,579.3,-3.52,1,0,2023-09-05,558.9,3.44,0,0,119,4.24,61.72,2023-09-06,561.8,0.3523,-4.61,-3.12,36.07,2023-10-23,-14.51,32,0,49.43,-18.78
ZENSARTECH,L250,0,05f759a87042,0,4613,2022-04-13,358.1,2022-12-23,202.9,43.34,250,0.699,0.876,2.420e-05,0.562,0.564,1.836,0.2701,1,2023-04-17,28.03,2023-08-14,536.15,496.9,7.32,15,1,0,579.3,-3.52,1,0,2023-09-05,558.9,3.44,0,0,98,4.24,61.72,2023-09-06,561.8,0.5595,-4.61,-3.12,36.07,2023-10-23,-14.51,32,0,49.43,-18.78
ZENSARTECH,VAR,0,05f759a87042,0,4613,2022-04-13,358.1,2022-12-23,202.9,43.34,249,0.698,0.872,2.416e-05,0.56,0.566,1.842,0.2701,1,2023-04-17,28.03,2023-08-14,536.15,496.9,7.32,15,1,0,579.3,-3.52,1,0,2023-09-05,558.9,3.44,0,0,98,4.24,61.72,2023-09-06,561.8,0.5586,-4.61,-3.12,36.07,2023-10-23,-14.51,32,0,49.43,-18.78
ZOTA,L180,0,00e32c4e4961,0,1063,2021-01-04,180.49,2021-03-31,136.79,24.21,180,0.469,0.839,5.779e-05,0.336,0.444,2.936,0.5036,1,2021-08-18,2.31,2021-08-09,349.02,314.95,9.76,15,0,0,367.39,3.76,1,1,2021-08-31,381.22,3.49,0,0,8,9.99,3.88,2021-09-01,397.22,0.6401,-6.12,-21.24,-33.68,2021-10-25,-9.45,37,0,11.69,-43.92
