label,axis,slots,slot_pct,select,idle,cost_bps,rot_score,rot_margin,rot_max_per_day,rot_entrant,trim_mult,trim_when,min_fill_frac,rot_sell_only,hard_stop,hard_stop_pct,rot_dest,rot_trigger,rot_spill,topup_rank,topup_split,topup_cap,seed,cagr,maxdd,calmar,sharpe,trades,trades_per_yr,win_rate,avg_win,avg_loss,expectancy,max_loss_streak,invested_pct,w1_cagr,w1_dd,w2_cagr,w2_dd,w3_cagr,w3_dd,days_signal,days_bind,days_full,turned_away,cash_refused,entries_taken,swaps,swap_attempts,swaps_per_yr,trims,trims_per_yr,trim_notional,partial_fills,tax_paid,tax_st,tax_lt,turnover_x,pos_rs_med,cap_pct_med,cap_pct_p95,cap_over1pct,profit_total,top10_share,top10_share_all,mult_all,mult_drop10,topups,topups_per_yr,topup_notional,spills,topup_refused,elig_days,elig_total,elig_ge1,elig_ge2,elig_ge3,elig_max,elig_ge2_pct,elig_mean,max_pos_w
REF_base,REF,16,0.0625,random,0.052,25.0,,0.0,1,tv,0.0,month,0.0,0,0,0.92,entrant,signal,none,rs,1,0.0,7001,20.8,-34.89,0.596,1.181,687,31.7,48.6,37.24,-11.52,12.184,14,72.94,18.9,-32.65,22.65,-34.89,19.39,-16.83,1880,469,41,984,1948,687,0,0,0.0,0,0.0,0.0,0,8.428977e+06,7.463866e+06,965110.0,2.44,528557.0,0.41,4.549,32.6,65798807.0,35.3,35.3,5.264237549341282e+20,4854263305994240.0,0,0.0,0.0,0,0,0,0,0,0,0,0,0.0,0.0,19.32
REF_base,REF,16,0.0625,random,0.052,25.0,,0.0,1,tv,0.0,month,0.0,0,0,0.92,entrant,signal,none,rs,1,0.0,7002,20.81,-37.69,0.552,1.181,686,31.6,48.8,37.38,-11.63,12.299,14,72.87,19.1,-32.58,22.47,-37.69,23.5,-17.07,1880,474,53,995,1938,686,0,0,0.0,0,0.0,0.0,0,7.847673e+06,6.912727e+06,934946.0,2.425,536313.0,0.419,4.252,32.5,65379854.0,39.3,39.3,5.8156463250300155e+20,4372661375336448.0,0,0.0,0.0,0,0,0,0,0,0,0,0,0.0,0.0,19.32
REF_base,REF,16,0.0625,random,0.052,25.0,,0.0,1,tv,0.0,month,0.0,0,0,0.92,entrant,signal,none,rs,1,0.0,7003,20.78,-36.93,0.563,1.179,685,31.6,48.5,37.61,-11.57,12.268,14,72.74,19.06,-32.59,22.44,-36.93,22.71,-18.61,1880,461,41,944,1990,685,0,0,0.0,0,0.0,0.0,0,7.789715e+06,6.856731e+06,932985.0,2.424,537901.0,0.418,4.209,32.3,64958347.0,39.4,39.4,4.3555233826848794e+20,3274827737595904.0,0,0.0,0.0,0,0,0,0,0,0,0,0,0.0,0.0,19.32
REF_base,REF,16,0.0625,random,0.052,25.0,,0.0,1,tv,0.0,month,0.0,0,0,0.92,entrant,signal,none,rs,1,0.0,7004,21.63,-35.44,0.61,1.216,687,31.7,49.2,37.5,-11.46,12.629,14,72.97,18.99,-32.64,24.26,-35.44,23.88,-20.54,1880,468,41,960,1972,687,0,0,0.0,0,0.0,0.0,0,8.998892e+06,7.997028e+06,1.001864e+06,2.482,541352.0,0.433,4.61,33.9,75828557.0,39.3,39.3,4.1800728520892214e+21,3.142908676092723e+16,0,0.0,0.0,0,0,0,0,0,0,0,0,0.0,0.0,19.32
REF_base,REF,16,0.0625,random,0.052,25.0,,0.0,1,tv,0.0,month,0.0,0,0,0.92,entrant,signal,none,rs,1,0.0,7005,20.21,-32.64,0.619,1.163,693,32.0,48.6,36.65,-11.68,11.823,14,72.91,18.99,-32.64,21.34,-32.52,13.59,-22.45,1880,472,41,1006,1920,693,0,0,0.0,0,0.0,0.0,0,7.751487e+06,6.731283e+06,1.020204e+06,2.536,553139.0,0.445,4.891,33.8,58943383.0,38.1,38.1,1.0124746391649727e+20,933623347806208.0,0,0.0,0.0,0,0,0,0,0,0,0,0,0.0,0.0,19.32
REF_base,REF,16,0.0625,random,0.052,25.0,,0.0,1,tv,0.0,month,0.0,0,0,0.92,entrant,signal,none,rs,1,0.0,7006,20.9,-32.65,0.64,1.196,690,31.8,49.4,36.54,-11.59,12.195,14,72.94,18.95,-32.65,22.81,-32.51,18.33,-19.67,1880,465,41,962,1967,690,0,0,0.0,0,0.0,0.0,0,8.570868e+06,7.574304e+06,996565.0,2.513,549132.0,0.425,5.09,33.6,66942407.0,35.4,35.4,9.301741003557998e+20,8577338526662656.0,0,0.0,0.0,0,0,0,0,0,0,0,0,0.0,0.0,19.31
REF_base,REF,16,0.0625,random,0.052,25.0,,0.0,1,tv,0.0,month,0.0,0,0,0.92,entrant,signal,none,rs,1,0.0,7007,20.57,-32.64,0.63,1.176,687,31.7,48.6,37.23,-11.59,12.142,14,72.86,18.99,-32.64,22.09,-32.52,22.9,-20.16,1880,470,41,981,1951,687,0,0,0.0,0,0.0,0.0,0,7.357846e+06,6.384109e+06,973738.0,2.458,550568.0,0.42,4.329,32.2,62298734.0,40.5,40.5,2.7158829129899652e+20,2042013880942592.0,0,0.0,0.0,0,0,0,0,0,0,0,0,0.0,0.0,19.32
REF_base,REF,16,0.0625,random,0.052,25.0,,0.0,1,tv,0.0,month,0.0,0,0,0.92,entrant,signal,none,rs,1,0.0,7008,21.08,-32.59,0.647,1.199,689,31.8,49.8,36.58,-11.68,12.342,14,72.78,19.06,-32.59,23.05,-32.52,15.23,-20.76,1880,470,41,955,1975,689,0,0,0.0,0,0.0,0.0,0,9.04939e+06,8.049506e+06,999885.0,2.498,555254.0,0.43,5.017,33.2,69305211.0,35.7,35.7,1.7433567858165128e+21,1.607586931539968e+16,0,0.0,0.0,0,0,0,0,0,0,0,0,0.0,0.0,19.32
REF_base,REF,16,0.0625,random,0.052,25.0,,0.0,1,tv,0.0,month,0.0,0,0,0.92,entrant,signal,none,rs,1,0.0,7009,21.41,-35.44,0.604,1.207,684,31.5,49.0,37.94,-11.64,12.643,14,72.96,18.99,-32.64,23.82,-35.44,23.24,-18.62,1880,468,41,967,1968,684,0,0,0.0,0,0.0,0.0,0,8.824433e+06,7.832636e+06,991796.0,2.44,541016.0,0.426,4.685,32.9,73056707.0,39.5,39.5,2.433348358913854e+21,1.8295836978970624e+16,0,0.0,0.0,0,0,0,0,0,0,0,0,0.0,0.0,19.32
REF_base,REF,16,0.0625,random,0.052,25.0,,0.0,1,tv,0.0,month,0.0,0,0,0.92,entrant,signal,none,rs,1,0.0,7010,21.81,-32.59,0.669,1.231,685,31.6,49.9,37.16,-11.51,12.786,14,72.86,19.06,-32.59,24.57,-32.52,20.41,-19.8,1880,465,41,951,1983,685,0,0,0.0,0,0.0,0.0,0,9.503842e+06,8.494146e+06,1.009697e+06,2.466,554162.0,0.433,4.778,33.9,78650086.0,39.4,39.4,1.009980292363856e+22,7.593832891809792e+16,0,0.0,0.0,0,0,0,0,0,0,0,0,0.0,0.0,19.32
REF_base,REF,16,0.0625,random,0.052,25.0,,0.0,1,tv,0.0,month,0.0,0,0,0.92,entrant,signal,none,rs,1,0.0,7011,20.73,-35.44,0.585,1.179,691,31.9,48.3,37.56,-11.6,12.162,14,72.88,19.1,-32.58,22.3,-35.44,21.52,-20.58,1880,472,53,957,1971,691,0,0,0.0,0,0.0,0.0,0,7.634014e+06,6.67275e+06,961264.0,2.474,547751.0,0.431,4.53,32.6,64247359.0,40.1,40.1,3.5211077027247423e+20,2647444684800000.0,0,0.0,0.0,0,0,0,0,0,0,0,0,0.0,0.0,19.32
REF_base,REF,16,0.0625,random,0.052,25.0,,0.0,1,tv,0.0,month,0.0,0,0,0.92,entrant,signal,none,rs,1,0.0,7012,21.55,-35.44,0.608,1.215,684,31.5,48.8,37.9,-11.42,12.664,14,73.04,18.99,-32.64,24.1,-35.44,21.82,-18.62,1880,467,41,965,1970,684,0,0,0.0,0,0.0,0.0,0,9.081265e+06,8.088872e+06,992394.0,2.456,541016.0,0.426,4.661,33.2,74981323.0,39.3,39.3,3.7008929479617445e+21,2.782621264248832e+16,0,0.0,0.0,0,0,0,0,0,0,0,0,0.0,0.0,19.32
REF_base,REF,16,0.0625,random,0.052,25.0,,0.0,1,tv,0.0,month,0.0,0,0,0.92,entrant,signal,none,rs,1,0.0,7013,21.28,-35.44,0.6,1.199,685,31.6,49.2,37.28,-11.45,12.523,14,72.96,18.99,-32.64,23.54,-35.44,23.72,-17.47,1880,463,41,978,1956,685,0,0,0.0,0,0.0,0.0,0,8.603015e+06,7.635063e+06,967952.0,2.448,541224.0,0.413,4.507,32.6,71283109.0,38.9,38.9,2.6757326538088875e+21,2.011823025736909e+16,0,0.0,0.0,0,0,0,0,0,0,0,0,0.0,0.0,19.32
REF_base,REF,16,0.0625,random,0.052,25.0,,0.0,1,tv,0.0,month,0.0,0,0,0.92,entrant,signal,none,rs,1,0.0,7014,21.19,-32.64,0.649,1.206,689,31.8,49.1,37.4,-11.64,12.418,14,72.87,18.94,-32.64,23.4,-32.51,22.49,-20.79,1880,467,41,991,1939,689,0,0,0.0,0,0.0,0.0,0,8.339183e+06,7.349077e+06,990107.0,2.485,548694.0,0.438,4.945,33.2,69927869.0,40.0,40.0,1.2456741240949608e+21,9365960020459520.0,0,0.0,0.0,0,0,0,0,0,0,0,0,0.0,0.0,19.31
REF_base,REF,16,0.0625,random,0.052,25.0,,0.0,1,tv,0.0,month,0.0,0,0,0.92,entrant,signal,none,rs,1,0.0,7015,20.69,-32.59,0.635,1.183,686,31.6,49.3,36.56,-11.52,12.171,14,72.87,19.06,-32.59,22.26,-32.52,17.88,-19.94,1880,467,41,980,1953,686,0,0,0.0,0,0.0,0.0,0,8.170749e+06,7.198537e+06,972212.0,2.463,554311.0,0.423,4.777,32.8,64330519.0,35.0,35.0,7.376668898589179e+20,6802183982940160.0,0,0.0,0.0,0,0,0,0,0,0,0,0,0.0,0.0,19.32
REF_base,REF,16,0.0625,random,0.052,25.0,,0.0,1,tv,0.0,month,0.0,0,0,0.92,entrant,signal,none,rs,1,0.0,7016,20.42,-32.64,0.626,1.169,685,31.6,48.9,36.66,-11.56,12.024,14,72.89,18.94,-32.64,21.81,-32.51,17.75,-17.82,1880,471,41,986,1948,685,0,0,0.0,0,0.0,0.0,0,7.808521e+06,6.846084e+06,962437.0,2.445,548227.0,0.418,4.71,32.6,61136892.0,35.7,35.7,2.542338284645987e+20,2344342400270336.0,0,0.0,0.0,0,0,0,0,0,0,0,0,0.0,0.0,19.31
REF_base,REF,16,0.0625,random,0.052,25.0,,0.0,1,tv,0.0,month,0.0,0,0,0.92,entrant,signal,none,rs,1,0.0,7017,21.17,-32.59,0.65,1.2,688,31.7,49.0,37.6,-11.7,12.448,14,72.84,19.12,-32.59,23.17,-32.48,23.86,-19.75,1880,477,41,973,1958,688,0,0,0.0,0,0.0,0.0,0,8.366314e+06,7.359824e+06,1.00649e+06,2.463,557696.0,0.431,4.81,33.4,69728589.0,40.2,40.2,1.1969830345111796e+21,8999851639439360.0,0,0.0,0.0,0,0,0,0,0,0,0,0,0.0,0.0,19.32
REF_base,REF,16,0.0625,random,0.052,25.0,,0.0,1,tv,0.0,month,0.0,0,0,0.92,entrant,signal,none,rs,1,0.0,7018,21.1,-35.44,0.595,1.195,689,31.8,48.9,37.26,-11.51,12.348,14,72.93,19.1,-32.58,23.07,-35.44,21.88,-21.23,1880,475,53,966,1964,689,0,0,0.0,0,0.0,0.0,0,8.222475e+06,7.252688e+06,969787.0,2.471,547107.0,0.426,4.415,33.2,68897646.0,39.8,39.8,1.200648120182929e+21,9027418887028736.0,0,0.0,0.0,0,0,0,0,0,0,0,0,0.0,0.0,19.32
REF_base,REF,16,0.0625,random,0.052,25.0,,0.0,1,tv,0.0,month,0.0,0,0,0.92,entrant,signal,none,rs,1,0.0,7019,21.42,-35.93,0.596,1.221,686,31.6,48.8,37.85,-11.5,12.598,14,72.89,19.16,-32.58,23.64,-35.93,21.8,-20.48,1880,480,53,1010,1923,686,0,0,0.0,0,0.0,0.0,0,8.775863e+06,7.774194e+06,1.001668e+06,2.466,545157.0,0.431,4.774,33.2,73050818.0,39.9,39.9,2.7661790080753226e+21,2.079829537901773e+16,0,0.0,0.0,0,0,0,0,0,0,0,0,0.0,0.0,19.32
REF_base,REF,16,0.0625,random,0.052,25.0,,0.0,1,tv,0.0,month,0.0,0,0,0.92,entrant,signal,none,rs,1,0.0,7020,20.84,-32.58,0.64,1.187,685,31.6,49.3,36.81,-11.63,12.271,14,72.89,19.16,-32.58,22.45,-32.07,16.56,-20.18,1880,476,53,961,1973,685,0,0,0.0,0,0.0,0.0,0,8.626405e+06,7.635299e+06,991106.0,2.462,560097.0,0.427,4.82,33.0,66278896.0,35.4,35.4,9.481996874956061e+20,8743540339245056.0,0,0.0,0.0,0,0,0,0,0,0,0,0,0.0,0.0,19.31
REF_base,REF,16,0.0625,random,0.052,25.0,,0.0,1,tv,0.0,month,0.0,0,0,0.92,entrant,signal,none,rs,1,0.0,7021,20.75,-35.44,0.585,1.177,691,31.9,48.5,37.26,-11.53,12.122,14,72.85,18.94,-32.64,22.49,-35.44,17.87,-20.17,1880,471,41,1004,1924,691,0,0,0.0,0,0.0,0.0,0,8.444144e+06,7.463789e+06,980355.0,2.5,539791.0,0.423,4.659,32.7,65133550.0,36.3,36.3,4.6960665869457084e+20,4330345210052608.0,0,0.0,0.0,0,0,0,0,0,0,0,0,0.0,0.0,19.32
REF_base,REF,16,0.0625,random,0.052,25.0,,0.0,1,tv,0.0,month,0.0,0,0,0.92,entrant,signal,none,rs,1,0.0,7022,21.06,-32.58,0.646,1.198,691,31.9,49.1,37.14,-11.7,12.259,14,72.9,19.1,-32.58,22.97,-32.07,19.65,-21.82,1880,483,53,985,1943,691,0,0,0.0,0,0.0,0.0,0,8.788527e+06,7.78471e+06,1.003818e+06,2.512,558873.0,0.426,5.269,33.3,68888931.0,36.5,36.5,1.0477166432552862e+21,9661208957288448.0,0,0.0,0.0,0,0,0,0,0,0,0,0,0.0,0.0,19.32
REF_base,REF,16,0.0625,random,0.052,25.0,,0.0,1,tv,0.0,month,0.0,0,0,0.92,entrant,signal,none,rs,1,0.0,7023,21.5,-35.93,0.598,1.22,685,31.6,49.2,37.59,-11.5,12.652,14,72.92,19.16,-32.58,23.8,-35.93,21.52,-18.64,1880,477,53,967,1967,685,0,0,0.0,0,0.0,0.0,0,8.975343e+06,7.983906e+06,991438.0,2.458,544551.0,0.432,4.545,34.0,74196458.0,39.6,39.6,3.794987780876303e+21,2.853371186774016e+16,0,0.0,0.0,0,0,0,0,0,0,0,0,0.0,0.0,19.32
REF_base,REF,16,0.0625,random,0.052,25.0,,0.0,1,tv,0.0,month,0.0,0,0,0.92,entrant,signal,none,rs,1,0.0,7024,20.33,-32.58,0.624,1.169,694,32.0,49.0,36.38,-11.7,11.856,14,72.88,19.1,-32.58,21.47,-32.07,20.73,-21.37,1880,473,53,962,1963,694,0,0,0.0,0,0.0,0.0,0,7.415648e+06,6.438784e+06,976864.0,2.516,560940.0,0.425,4.888,32.6,59810269.0,35.7,35.7,1.9719466606060267e+20,1818372652138496.0,0,0.0,0.0,0,0,0,0,0,0,0,0,0.0,0.0,19.32
REF_base,REF,16,0.0625,random,0.052,25.0,,0.0,1,tv,0.0,month,0.0,0,0,0.92,entrant,signal,none,rs,1,0.0,7025,20.68,-36.93,0.56,1.171,692,31.9,48.0,37.89,-11.61,12.14,14,72.68,19.12,-32.59,22.17,-36.93,26.89,-22.22,1880,478,41,987,1940,692,0,0,0.0,0,0.0,0.0,0,7.192122e+06,6.253056e+06,939066.0,2.476,541017.0,0.406,4.643,31.6,63244804.0,40.1,40.1,2.7607165991241594e+20,2075723334418432.0,0,0.0,0.0,0,0,0,0,0,0,0,0,0.0,0.0,19.32
REF_base,REF,16,0.0625,random,0.052,25.0,,0.0,1,tv,0.0,month,0.0,0,0,0.92,entrant,signal,none,rs,1,0.0,7026,21.53,-32.58,0.661,1.222,687,31.7,49.5,37.25,-11.55,12.601,14,73.0,19.16,-32.58,23.86,-32.07,20.93,-21.03,1880,477,53,975,1957,687,0,0,0.0,0,0.0,0.0,0,8.964872e+06,7.947398e+06,1.017474e+06,2.475,561189.0,0.428,4.762,33.0,74544992.0,39.8,39.8,3.684438202298216e+21,2.770250899442893e+16,0,0.0,0.0,0,0,0,0,0,0,0,0,0.0,0.0,19.31
REF_base,REF,16,0.0625,random,0.052,25.0,,0.0,1,tv,0.0,month,0.0,0,0,0.92,entrant,signal,none,rs,1,0.0,7027,20.16,-34.89,0.578,1.153,693,32.0,48.3,36.5,-11.46,11.725,14,72.85,18.9,-32.65,21.33,-34.89,17.81,-18.96,1880,461,41,937,1989,693,0,0,0.0,0,0.0,0.0,0,7.377629e+06,6.435045e+06,942584.0,2.484,530105.0,0.416,4.546,32.2,58183500.0,35.9,35.9,9.318190401196969e+19,859249815060480.0,0,0.0,0.0,0,0,0,0,0,0,0,0,0.0,0.0,19.32
REF_base,REF,16,0.0625,random,0.052,25.0,,0.0,1,tv,0.0,month,0.0,0,0,0.92,entrant,signal,none,rs,1,0.0,7028,20.61,-37.69,0.547,1.175,688,31.7,48.7,37.1,-11.58,12.124,14,72.82,19.1,-32.58,22.05,-37.69,17.79,-18.4,1880,474,53,971,1960,688,0,0,0.0,0,0.0,0.0,0,8.0924e+06,7.131006e+06,961394.0,2.456,536406.0,0.434,4.502,33.0,63370410.0,35.7,35.7,3.9685480662658607e+20,3659479103045632.0,0,0.0,0.0,0,0,0,0,0,0,0,0,0.0,0.0,19.32
REF_base,REF,16,0.0625,random,0.052,25.0,,0.0,1,tv,0.0,month,0.0,0,0,0.92,entrant,signal,none,rs,1,0.0,7029,20.92,-35.93,0.582,1.192,685,31.6,48.2,38.16,-11.69,12.322,14,72.97,19.1,-32.58,22.69,-35.93,18.89,-20.04,1880,453,53,910,2024,685,0,0,0.0,0,0.0,0.0,0,7.928326e+06,6.581039e+06,1.347286e+06,2.446,541665.0,0.419,5.032,32.6,66570607.0,47.8,47.8,2.1101197360016602e+20,1402857785917440.0,0,0.0,0.0,0,0,0,0,0,0,0,0,0.0,0.0,24.4
REF_base,REF,16,0.0625,random,0.052,25.0,,0.0,1,tv,0.0,month,0.0,0,0,0.92,entrant,signal,none,rs,1,0.0,7030,20.97,-35.93,0.584,1.189,696,32.1,48.6,37.56,-11.7,12.223,14,72.75,19.1,-32.58,22.79,-35.93,20.46,-22.32,1880,484,53,979,1944,696,0,0,0.0,0,0.0,0.0,0,8.00335e+06,7.028824e+06,974524.0,2.538,545601.0,0.437,4.86,33.5,67106858.0,40.5,40.5,5.8605809903121046e+20,4406442635296768.0,0,0.0,0.0,0,0,0,0,0,0,0,0,0.0,0.0,19.32
REF_rot1,REF,16,0.0625,random,0.052,25.0,unreal,10.0,1,rs,0.0,month,0.0,0,0,0.92,entrant,signal,none,rs,1,0.0,7001,22.47,-31.78,0.707,1.267,744,34.3,47.3,38.29,-10.84,12.404,15,73.13,19.93,-31.78,25.05,-30.64,20.08,-21.17,1880,494,84,962,2005,744,92,2911,4.24,0,0.0,0.0,0,1.0830891e+07,9.59635e+06,1.234541e+06,2.759,634137.0,0.475,7.256,36.6,88709162.0,38.4,38.4,7.82375595473953e+22,4.309400791296246e+17,0,0.0,0.0,0,0,1412,101,92,8,1,3,0.57,0.072,19.47
REF_rot1,REF,16,0.0625,random,0.052,25.0,unreal,10.0,1,rs,0.0,month,0.0,0,0,0.92,entrant,signal,none,rs,1,0.0,7002,23.06,-31.78,0.726,1.268,745,34.4,47.4,38.9,-10.9,12.696,15,73.32,20.36,-31.78,25.81,-31.39,22.46,-23.9,1880,520,84,1050,1924,745,100,2906,4.61,0,0.0,0.0,0,1.2196649e+07,1.0874974e+07,1.321674e+06,2.817,668080.0,0.518,7.394,37.9,98863929.0,44.2,44.2,2.0602703684444654e+23,9.564381582479852e+17,0,0.0,0.0,0,0,1419,113,100,11,2,3,0.78,0.08,19.47
REF_rot1,REF,16,0.0625,random,0.052,25.0,unreal,10.0,1,rs,0.0,month,0.0,0,0,0.92,entrant,signal,none,rs,1,0.0,7003,22.04,-31.78,0.694,1.251,746,34.4,46.9,38.44,-10.87,12.264,15,73.3,20.36,-31.78,23.71,-30.64,24.36,-23.46,1880,526,84,1069,1905,746,101,2908,4.66,0,0.0,0.0,0,9.022335e+06,7.409746e+06,1.612589e+06,2.752,666173.0,0.48,6.692,37.1,81077335.0,42.4,42.4,1.6208124044333803e+22,5.686769487131443e+16,0,0.0,0.0,0,0,1417,118,101,14,2,4,0.99,0.083,19.62
REF_rot1,REF,16,0.0625,random,0.052,25.0,unreal,10.0,1,rs,0.0,month,0.0,0,0,0.92,entrant,signal,none,rs,1,0.0,7004,21.94,-31.78,0.69,1.231,745,34.4,47.4,37.93,-10.93,12.221,15,73.24,19.93,-31.78,23.96,-31.39,20.69,-22.03,1880,523,84,1023,1945,745,94,2913,4.33,0,0.0,0.0,0,9.83002e+06,8.644677e+06,1.185342e+06,2.746,636236.0,0.461,6.227,36.2,80580475.0,44.3,44.3,1.6647044864017332e+22,7.728051478803251e+16,0,0.0,0.0,0,0,1411,106,94,9,3,3,0.64,0.075,19.47
REF_rot1,REF,16,0.0625,random,0.052,25.0,unreal,10.0,1,rs,0.0,month,0.0,0,0,0.92,entrant,signal,none,rs,1,0.0,7005,22.96,-31.78,0.722,1.276,735,33.9,48.3,38.28,-10.86,12.875,15,73.35,20.36,-31.78,25.61,-30.64,19.16,-20.31,1880,502,84,988,1988,735,92,2927,4.24,0,0.0,0.0,0,1.1919114e+07,1.0315733e+07,1.603381e+06,2.738,656533.0,0.484,7.196,38.2,97103279.0,38.8,38.8,4.293310708097879e+23,1.7514185315152036e+18,0,0.0,0.0,0,0,1419,108,96,8,3,4,0.56,0.076,19.62
REF_rot1,REF,16,0.0625,random,0.052,25.0,unreal,10.0,1,rs,0.0,month,0.0,0,0,0.92,entrant,signal,none,rs,1,0.0,7006,22.35,-31.78,0.703,1.247,743,34.3,47.1,38.89,-10.95,12.525,15,73.26,20.36,-31.78,24.34,-30.64,18.93,-24.58,1880,497,84,969,2006,743,99,2917,4.57,0,0.0,0.0,0,1.0515976e+07,8.909208e+06,1.606768e+06,2.794,662183.0,0.48,7.02,37.1,86657331.0,45.3,45.3,3.6442903004700685e+22,1.2786328093589504e+17,0,0.0,0.0,0,0,1418,117,99,12,4,5,0.85,0.083,19.62
REF_rot1,REF,16,0.0625,random,0.052,25.0,unreal,10.0,1,rs,0.0,month,0.0,0,0,0.92,entrant,signal,none,rs,1,0.0,7007,21.59,-31.78,0.679,1.225,751,34.6,46.9,37.76,-10.93,11.893,15,73.25,20.36,-31.78,22.78,-30.93,17.69,-21.53,1880,529,84,1087,1881,751,100,2890,4.61,0,0.0,0.0,0,9.475471e+06,8.255688e+06,1.219782e+06,2.784,670115.0,0.47,6.131,36.6,75679877.0,39.5,39.5,7.392952648204355e+21,4.072113039422259e+16,0,0.0,0.0,0,0,1411,116,100,13,2,4,0.92,0.082,19.47
REF_rot1,REF,16,0.0625,random,0.052,25.0,unreal,10.0,1,rs,0.0,month,0.0,0,0,0.92,entrant,signal,none,rs,1,0.0,7008,22.48,-31.78,0.707,1.252,747,34.4,46.9,38.81,-10.86,12.411,15,73.46,19.93,-31.78,25.06,-30.64,18.22,-23.18,1880,515,84,1010,1961,747,99,2915,4.57,0,0.0,0.0,0,1.0377937e+07,8.461116e+06,1.916821e+06,2.792,635377.0,0.497,6.706,36.7,88454395.0,47.1,47.1,2.0969998354934556e+22,7.718963328004915e+16,0,0.0,0.0,0,0,1413,113,99,13,1,3,0.92,0.08,24.72
REF_rot1,REF,16,0.0625,random,0.052,25.0,unreal,10.0,1,rs,0.0,month,0.0,0,0,0.92,entrant,signal,none,rs,1,0.0,7009,22.11,-31.78,0.696,1.231,750,34.6,46.7,38.41,-10.89,12.113,15,73.39,20.36,-31.78,23.85,-30.64,17.82,-25.3,1880,507,84,995,1971,750,97,2910,4.47,0,0.0,0.0,0,9.56584e+06,8.091616e+06,1.474224e+06,2.81,669412.0,0.495,6.304,37.7,82503360.0,45.8,45.8,1.1524918612023958e+22,5.613048091482522e+16,0,0.0,0.0,0,0,1408,108,97,9,2,3,0.64,0.077,24.57
REF_rot1,REF,16,0.0625,random,0.052,25.0,unreal,10.0,1,rs,0.0,month,0.0,0,0,0.92,entrant,signal,none,rs,1,0.0,7010,22.94,-31.78,0.722,1.269,749,34.5,47.9,38.17,-10.98,12.579,15,73.38,20.36,-31.78,25.57,-31.39,23.29,-20.84,1880,525,84,1021,1946,749,97,2904,4.47,0,0.0,0.0,0,1.1607592e+07,1.0308542e+07,1.299051e+06,2.86,670134.0,0.511,7.527,37.5,96498311.0,45.1,45.1,1.6756714270343245e+23,7.77895611839021e+17,0,0.0,0.0,0,0,1412,111,97,11,2,4,0.78,0.079,19.47
REF_rot1,REF,16,0.0625,random,0.052,25.0,unreal,10.0,1,rs,0.0,month,0.0,0,0,0.92,entrant,signal,none,rs,1,0.0,7011,22.63,-31.78,0.712,1.256,750,34.6,46.9,38.83,-10.94,12.419,15,73.25,19.93,-31.78,25.39,-31.39,22.59,-21.12,1880,518,84,1021,1943,750,95,2913,4.38,0,0.0,0.0,0,1.0920815e+07,9.655511e+06,1.265303e+06,2.812,640950.0,0.511,7.188,37.6,91201376.0,45.6,45.6,4.763201971770902e+22,2.211216495906652e+17,0,0.0,0.0,0,0,1412,109,95,11,2,4,0.78,0.077,19.47
REF_rot1,REF,16,0.0625,random,0.052,25.0,unreal,10.0,1,rs,0.0,month,0.0,0,0,0.92,entrant,signal,none,rs,1,0.0,7012,22.13,-31.78,0.696,1.252,747,34.4,47.3,38.2,-10.95,12.277,15,73.21,19.93,-31.78,24.35,-31.39,25.42,-22.3,1880,508,84,994,1972,747,94,2906,4.33,0,0.0,0.0,0,9.017867e+06,7.479078e+06,1.538789e+06,2.747,637750.0,0.46,6.532,36.4,82308729.0,41.7,41.7,1.7910877642547339e+22,6.284195572534477e+16,0,0.0,0.0,0,0,1412,106,94,9,3,3,0.64,0.075,19.62
REF_rot1,REF,16,0.0625,random,0.052,25.0,unreal,10.0,1,rs,0.0,month,0.0,0,0,0.92,entrant,signal,none,rs,1,0.0,7013,22.35,-31.78,0.703,1.245,757,34.9,46.0,39.48,-10.9,12.261,15,73.18,19.93,-31.78,24.79,-30.64,18.81,-27.21,1880,499,84,973,1989,757,100,2897,4.61,0,0.0,0.0,0,1.0536938e+07,8.942735e+06,1.594202e+06,2.874,644153.0,0.499,7.469,37.9,86665996.0,46.3,46.3,1.1733172940092918e+22,4.116688787000525e+16,0,0.0,0.0,0,0,1408,122,104,16,1,4,1.14,0.087,19.62
REF_rot1,REF,16,0.0625,random,0.052,25.0,unreal,10.0,1,rs,0.0,month,0.0,0,0,0.92,entrant,signal,none,rs,1,0.0,7014,22.16,-31.78,0.697,1.235,741,34.2,47.4,38.31,-10.91,12.404,15,73.17,20.36,-31.78,23.96,-30.64,15.33,-27.31,1880,496,84,969,2004,741,95,2911,4.38,0,0.0,0.0,0,1.067274e+07,9.043976e+06,1.628765e+06,2.772,660307.0,0.48,7.259,37.5,84164901.0,39.6,39.6,3.5033510508514343e+22,1.4291605897661645e+17,0,0.0,0.0,0,0,1412,111,95,13,2,4,0.92,0.079,19.62
REF_rot1,REF,16,0.0625,random,0.052,25.0,unreal,10.0,1,rs,0.0,month,0.0,0,0,0.92,entrant,signal,none,rs,1,0.0,7015,21.46,-31.78,0.675,1.225,745,34.4,47.2,37.65,-10.97,12.0,15,73.29,20.36,-31.78,22.52,-30.64,17.42,-26.41,1880,523,84,1034,1936,745,96,2909,4.43,0,0.0,0.0,0,9.043746e+06,7.444291e+06,1.599454e+06,2.751,664922.0,0.48,6.461,36.9,73714891.0,39.4,39.4,5.284228816980947e+21,2.1556533200420864e+16,0,0.0,0.0,0,0,1412,116,100,12,3,4,0.85,0.082,19.62
REF_rot1,REF,16,0.0625,random,0.052,25.0,unreal,10.0,1,rs,0.0,month,0.0,0,0,0.92,entrant,signal,none,rs,1,0.0,7016,22.25,-31.78,0.7,1.257,748,34.5,47.1,38.38,-10.86,12.311,15,73.22,20.36,-31.78,24.14,-30.64,22.11,-23.92,1880,513,84,1004,1968,748,101,2908,4.66,0,0.0,0.0,0,1.0023956e+07,8.41135e+06,1.612604e+06,2.817,668067.0,0.477,6.831,36.8,84780529.0,43.2,43.2,2.692783732358075e+22,9.447874066225562e+16,0,0.0,0.0,0,0,1417,115,101,12,2,3,0.85,0.081,19.62
REF_rot1,REF,16,0.0625,random,0.052,25.0,unreal,10.0,1,rs,0.0,month,0.0,0,0,0.92,entrant,signal,none,rs,1,0.0,7017,21.77,-31.78,0.685,1.233,753,34.7,46.6,38.29,-10.97,11.989,15,73.24,20.36,-31.78,23.15,-31.39,20.61,-20.88,1880,514,84,1008,1959,753,101,2903,4.66,0,0.0,0.0,0,9.390047e+06,8.177828e+06,1.212219e+06,2.822,673055.0,0.502,6.481,37.6,77848373.0,44.7,44.7,6.263012449546026e+21,2.9074744603049984e+16,0,0.0,0.0,0,0,1412,115,101,12,2,3,0.85,0.081,19.47
REF_rot1,REF,16,0.0625,random,0.052,25.0,unreal,10.0,1,rs,0.0,month,0.0,0,0,0.92,entrant,signal,none,rs,1,0.0,7018,22.49,-31.78,0.708,1.254,737,34.0,47.5,38.63,-10.85,12.649,15,73.24,20.36,-31.78,24.64,-30.64,17.28,-23.41,1880,494,84,977,2001,737,96,2913,4.43,0,0.0,0.0,0,1.1192792e+07,9.56283e+06,1.629962e+06,2.741,659472.0,0.479,7.297,37.0,89317123.0,41.0,41.0,9.55134127539848e+22,3.896386771788759e+17,0,0.0,0.0,0,0,1418,110,96,11,2,4,0.78,0.078,19.62
REF_rot1,REF,16,0.0625,random,0.052,25.0,unreal,10.0,1,rs,0.0,month,0.0,0,0,0.92,entrant,signal,none,rs,1,0.0,7019,22.61,-31.78,0.711,1.253,743,34.3,47.2,38.77,-10.85,12.592,15,73.23,20.36,-31.78,24.87,-30.64,21.03,-23.72,1880,493,84,961,2014,743,99,2912,4.57,0,0.0,0.0,0,1.0713176e+07,9.084412e+06,1.628764e+06,2.805,662183.0,0.505,7.299,38.0,90516614.0,44.2,44.2,7.470589526640651e+22,2.6211249104617472e+17,0,0.0,0.0,0,0,1416,117,99,12,4,5,0.85,0.083,19.62
REF_rot1,REF,16,0.0625,random,0.052,25.0,unreal,10.0,1,rs,0.0,month,0.0,0,0,0.92,entrant,signal,none,rs,1,0.0,7020,22.21,-31.78,0.699,1.256,747,34.4,46.6,39.05,-10.96,12.34,15,73.24,20.36,-31.78,24.05,-30.64,24.33,-21.33,1880,510,84,995,1974,747,97,2915,4.47,0,0.0,0.0,0,9.433629e+06,7.85226e+06,1.581369e+06,2.771,664922.0,0.485,6.831,37.3,83673032.0,43.7,43.7,1.5745804772786271e+22,5.524558880283034e+16,0,0.0,0.0,0,0,1411,109,97,11,1,3,0.78,0.077,19.62
REF_rot1,REF,16,0.0625,random,0.052,25.0,unreal,10.0,1,rs,0.0,month,0.0,0,0,0.92,entrant,signal,none,rs,1,0.0,7021,22.83,-31.78,0.718,1.281,741,34.2,47.1,38.94,-10.77,12.644,15,73.19,20.36,-31.78,25.34,-30.64,23.31,-23.9,1880,500,84,971,2001,741,94,2920,4.33,0,0.0,0.0,0,1.1040074e+07,9.744024e+06,1.296051e+06,2.777,660307.0,0.514,7.619,37.5,94138930.0,43.4,43.4,1.3986889710959556e+23,6.493127434924196e+17,0,0.0,0.0,0,0,1415,106,94,10,1,4,0.71,0.075,19.47
REF_rot1,REF,16,0.0625,random,0.052,25.0,unreal,10.0,1,rs,0.0,month,0.0,0,0,0.92,entrant,signal,none,rs,1,0.0,7022,21.99,-31.78,0.692,1.226,744,34.3,47.6,37.84,-10.92,12.278,15,73.27,20.36,-31.78,23.61,-30.64,15.37,-26.19,1880,512,84,1037,1936,744,98,2906,4.52,0,0.0,0.0,0,1.0562706e+07,8.950118e+06,1.612588e+06,2.786,663552.0,0.477,6.879,36.8,81852613.0,39.9,39.9,2.356790880718248e+22,9.614317792840909e+16,0,0.0,0.0,0,0,1414,113,98,11,4,3,0.78,0.08,19.62
REF_rot1,REF,16,0.0625,random,0.052,25.0,unreal,10.0,1,rs,0.0,month,0.0,0,0,0.92,entrant,signal,none,rs,1,0.0,7023,21.37,-31.78,0.673,1.22,751,34.6,46.6,37.77,-10.89,11.788,15,73.19,19.93,-31.78,22.79,-31.39,19.57,-20.33,1880,529,84,1075,1891,751,98,2903,4.52,0,0.0,0.0,0,8.830971e+06,7.653432e+06,1.177539e+06,2.764,641520.0,0.461,5.996,35.4,72484739.0,39.4,39.4,3.879084904093076e+21,2.1366362785972224e+16,0,0.0,0.0,0,0,1410,111,98,10,3,3,0.71,0.079,19.47
REF_rot1,REF,16,0.0625,random,0.052,25.0,unreal,10.0,1,rs,0.0,month,0.0,0,0,0.92,entrant,signal,none,rs,1,0.0,7024,22.35,-31.78,0.703,1.245,742,34.2,47.7,38.12,-11.01,12.433,15,73.25,19.93,-31.78,24.79,-31.39,22.87,-23.23,1880,518,84,1009,1963,742,95,2910,4.38,0,0.0,0.0,0,1.0217499e+07,9.025957e+06,1.191542e+06,2.728,635046.0,0.468,6.144,36.4,86434410.0,42.1,42.1,5.018178668994035e+22,2.3295833894027264e+17,0,0.0,0.0,0,0,1413,105,95,9,1,3,0.64,0.074,19.47
REF_rot1,REF,16,0.0625,random,0.052,25.0,unreal,10.0,1,rs,0.0,month,0.0,0,0,0.92,entrant,signal,none,rs,1,0.0,7025,22.67,-31.78,0.713,1.257,740,34.1,47.4,38.42,-10.86,12.515,15,73.41,19.93,-31.78,25.47,-30.64,21.22,-19.44,1880,494,84,971,2005,740,97,2922,4.47,0,0.0,0.0,0,1.0773382e+07,9.020768e+06,1.752615e+06,2.725,632633.0,0.467,6.812,36.6,91723962.0,44.0,44.0,7.407611639811465e+22,3.607774590224302e+17,0,0.0,0.0,0,0,1415,109,97,10,2,3,0.71,0.077,24.65
REF_rot1,REF,16,0.0625,random,0.052,25.0,unreal,10.0,1,rs,0.0,month,0.0,0,0,0.92,entrant,signal,none,rs,1,0.0,7026,21.74,-31.78,0.684,1.228,753,34.7,46.3,38.44,-10.94,11.947,15,73.32,20.36,-31.78,23.09,-31.39,22.38,-20.67,1880,516,84,1047,1918,753,99,2900,4.57,0,0.0,0.0,0,9.066102e+06,7.842388e+06,1.223714e+06,2.81,673055.0,0.48,6.296,37.1,77189220.0,44.9,44.9,4.830500724672578e+21,2.24246148104192e+16,0,0.0,0.0,0,0,1410,111,99,11,1,3,0.78,0.079,19.47
REF_rot1,REF,16,0.0625,random,0.052,25.0,unreal,10.0,1,rs,0.0,month,0.0,0,0,0.92,entrant,signal,none,rs,1,0.0,7027,22.12,-31.78,0.696,1.238,736,33.9,47.7,37.91,-10.88,12.388,15,73.24,20.36,-31.78,23.86,-30.64,18.04,-22.04,1880,511,84,1004,1974,736,95,2917,4.38,0,0.0,0.0,0,1.0474164e+07,9.22715e+06,1.247013e+06,2.702,658003.0,0.492,6.498,37.5,83423654.0,38.9,38.9,4.316192687156616e+22,2.377400634698629e+17,0,0.0,0.0,0,0,1416,110,95,12,2,4,0.85,0.078,19.47
REF_rot1,REF,16,0.0625,random,0.052,25.0,unreal,10.0,1,rs,0.0,month,0.0,0,0,0.92,entrant,signal,none,rs,1,0.0,7028,22.44,-31.78,0.706,1.258,745,34.4,47.1,38.45,-10.86,12.373,15,73.38,20.36,-31.78,24.52,-30.64,17.75,-25.78,1880,521,84,1053,1917,745,96,2913,4.43,0,0.0,0.0,0,1.1174687e+07,9.870702e+06,1.303986e+06,2.805,664922.0,0.509,7.42,38.0,88582937.0,44.3,44.3,4.1484083808791515e+22,1.9258131703083827e+17,0,0.0,0.0,0,0,1411,106,96,9,1,3,0.64,0.075,19.47
REF_rot1,REF,16,0.0625,random,0.052,25.0,unreal,10.0,1,rs,0.0,month,0.0,0,0,0.92,entrant,signal,none,rs,1,0.0,7029,21.79,-31.78,0.686,1.234,748,34.5,46.8,38.26,-10.98,12.062,15,73.16,19.93,-31.78,23.65,-30.94,25.6,-22.72,1880,512,84,1008,1958,748,95,2909,4.38,0,0.0,0.0,0,8.809573e+06,7.652082e+06,1.15749e+06,2.726,636080.0,0.459,6.116,35.8,77653562.0,41.4,41.4,8.950748885211717e+21,4.15519789327319e+16,0,0.0,0.0,0,0,1405,109,95,11,2,4,0.78,0.078,19.47
REF_rot1,REF,16,0.0625,random,0.052,25.0,unreal,10.0,1,rs,0.0,month,0.0,0,0,0.92,entrant,signal,none,rs,1,0.0,7030,22.42,-31.78,0.706,1.265,749,34.5,47.7,37.99,-10.92,12.394,15,73.28,20.36,-31.78,24.5,-30.64,19.64,-22.81,1880,515,84,1009,1958,749,97,2907,4.47,0,0.0,0.0,0,1.0370098e+07,8.762966e+06,1.607132e+06,2.846,668710.0,0.48,7.067,37.2,87596983.0,43.0,43.0,5.523751412082759e+22,1.938057950270587e+17,0,0.0,0.0,0,0,1412,108,97,9,2,3,0.64,0.076,19.62
A_k2,A_K,16,0.0625,random,0.052,25.0,unreal,10.0,2,rs,0.0,month,0.0,0,0,0.92,entrant,signal,none,rs,1,0.0,7001,21.69,-31.78,0.683,1.219,749,34.5,47.5,37.62,-11.21,11.998,15,73.29,19.93,-31.78,23.45,-31.31,19.05,-20.54,1880,515,84,1011,1954,749,95,2964,4.38,0,0.0,0.0,0,9.857422e+06,8.680522e+06,1.1769e+06,2.764,641815.0,0.461,6.421,36.0,77398216.0,39.9,39.9,8.563899810319752e+21,4.717073245877043e+16,0,0.0,0.0,0,0,1406,104,92,8,3,4,0.57,0.074,19.47
A_k2,A_K,16,0.0625,random,0.052,25.0,unreal,10.0,2,rs,0.0,month,0.0,0,0,0.92,entrant,signal,none,rs,1,0.0,7002,22.75,-31.78,0.716,1.254,735,33.9,48.0,38.15,-10.96,12.623,15,73.45,20.36,-31.78,25.18,-31.48,17.08,-23.08,1880,498,84,983,1990,735,89,2972,4.1,0,0.0,0.0,0,1.1160386e+07,9.58168e+06,1.578705e+06,2.713,681225.0,0.48,6.921,37.1,93197490.0,46.6,46.6,8.457398911511676e+22,4.119057461464269e+17,0,0.0,0.0,0,0,1416,95,87,7,1,3,0.49,0.067,25.26
A_k2,A_K,16,0.0625,random,0.052,25.0,unreal,10.0,2,rs,0.0,month,0.0,0,0,0.92,entrant,signal,none,rs,1,0.0,7003,22.05,-31.78,0.694,1.237,749,34.5,47.4,37.91,-11.01,12.177,15,73.24,20.36,-31.78,23.72,-30.72,20.76,-26.92,1880,507,84,980,1984,749,94,2962,4.33,0,0.0,0.0,0,1.0201098e+07,8.939938e+06,1.261159e+06,2.805,680496.0,0.48,7.085,37.1,82188048.0,42.5,42.5,1.9583310756269603e+22,9.091142672554394e+16,0,0.0,0.0,0,0,1411,103,91,9,2,4,0.64,0.073,19.47
A_k2,A_K,16,0.0625,random,0.052,25.0,unreal,10.0,2,rs,0.0,month,0.0,0,0,0.92,entrant,signal,none,rs,1,0.0,7004,22.53,-31.78,0.709,1.245,758,35.0,46.7,38.96,-11.05,12.302,15,73.11,19.93,-31.78,25.17,-31.47,20.3,-29.48,1880,499,84,976,1985,758,100,2957,4.61,0,0.0,0.0,0,1.1995021e+07,1.0712684e+07,1.282337e+06,2.889,663154.0,0.513,7.3,37.5,90633088.0,45.1,45.1,3.9362248873152925e+22,1.8273127339393024e+17,0,0.0,0.0,0,0,1406,109,96,10,3,3,0.71,0.078,19.47
A_k2,A_K,16,0.0625,random,0.052,25.0,unreal,10.0,2,rs,0.0,month,0.0,0,0,0.92,entrant,signal,none,rs,1,0.0,7005,21.71,-32.41,0.67,1.238,749,34.5,47.5,37.44,-11.02,12.011,15,73.38,20.36,-31.78,23.03,-32.41,22.59,-27.86,1880,542,93,1072,1891,749,93,2959,4.29,0,0.0,0.0,0,1.0048243e+07,8.77906e+06,1.269184e+06,2.817,673118.0,0.484,6.77,37.2,77763409.0,44.2,44.2,8.773788945053448e+21,4.073051060279706e+16,0,0.0,0.0,0,0,1409,106,93,9,3,4,0.64,0.075,19.47
A_k2,A_K,16,0.0625,random,0.052,25.0,unreal,10.0,2,rs,0.0,month,0.0,0,0,0.92,entrant,signal,none,rs,1,0.0,7006,22.65,-32.11,0.705,1.265,749,34.5,47.1,38.71,-10.99,12.436,15,73.25,20.36,-31.78,24.97,-32.11,25.48,-28.23,1880,508,84,987,1975,749,92,2958,4.24,0,0.0,0.0,0,1.0955051e+07,9.666948e+06,1.288103e+06,2.807,669189.0,0.509,7.598,37.5,91416918.0,41.9,41.9,6.78399955048936e+22,3.149331842633564e+17,0,0.0,0.0,0,0,1405,97,88,8,1,3,0.57,0.069,19.46
A_k2,A_K,16,0.0625,random,0.052,25.0,unreal,10.0,2,rs,0.0,month,0.0,0,0,0.92,entrant,signal,none,rs,1,0.0,7007,23.2,-32.21,0.72,1.277,751,34.6,47.0,39.17,-10.96,12.605,15,73.47,20.36,-31.78,26.1,-32.21,19.23,-23.1,1880,515,93,989,1980,751,101,2967,4.66,0,0.0,0.0,0,1.1981307e+07,1.0492772e+07,1.488534e+06,2.884,683477.0,0.529,7.825,38.1,100900662.0,51.7,51.7,8.738874788942258e+22,3.660595128822661e+17,0,0.0,0.0,0,0,1411,109,98,9,2,3,0.64,0.077,25.53
A_k2,A_K,16,0.0625,random,0.052,25.0,unreal,10.0,2,rs,0.0,month,0.0,0,0,0.92,entrant,signal,none,rs,1,0.0,7008,22.7,-31.78,0.714,1.28,756,34.9,47.2,38.71,-11.06,12.442,15,73.34,19.93,-31.78,25.52,-31.0,25.32,-20.83,1880,545,84,1106,1857,756,100,2962,4.61,0,0.0,0.0,0,1.0795094e+07,9.1871e+06,1.607995e+06,2.867,651661.0,0.497,7.471,37.6,91988434.0,45.4,45.4,4.519606771526059e+22,1.5857421265770906e+17,0,0.0,0.0,0,0,1412,114,101,11,2,3,0.78,0.081,19.62
A_k2,A_K,16,0.0625,random,0.052,25.0,unreal,10.0,2,rs,0.0,month,0.0,0,0,0.92,entrant,signal,none,rs,1,0.0,7009,23.48,-31.78,0.739,1.291,752,34.7,46.5,40.19,-10.93,12.862,15,73.44,20.36,-31.78,26.69,-30.72,24.66,-24.44,1880,531,84,1038,1933,752,104,2970,4.8,0,0.0,0.0,0,1.1491241e+07,9.57522e+06,1.91602e+06,2.872,683550.0,0.537,7.719,37.9,105157491.0,48.7,48.7,1.557043730545624e+23,4.9487307251227034e+17,0,0.0,0.0,0,0,1415,117,105,11,1,3,0.78,0.083,25.56
A_k2,A_K,16,0.0625,random,0.052,25.0,unreal,10.0,2,rs,0.0,month,0.0,0,0,0.92,entrant,signal,none,rs,1,0.0,7010,22.91,-31.78,0.721,1.26,757,34.9,47.2,38.74,-11.05,12.431,15,73.37,20.36,-31.78,25.5,-31.48,24.11,-22.46,1880,505,84,993,1970,757,101,2962,4.66,0,0.0,0.0,0,1.185039e+07,1.0514205e+07,1.336186e+06,2.902,695338.0,0.522,7.957,37.8,96230178.0,45.6,45.6,8.6084361322148e+22,3.996294239444009e+17,0,0.0,0.0,0,0,1413,110,98,8,3,4,0.57,0.078,19.47
A_k2,A_K,16,0.0625,random,0.052,25.0,unreal,10.0,2,rs,0.0,month,0.0,0,0,0.92,entrant,signal,none,rs,1,0.0,7011,20.99,-31.78,0.661,1.198,757,34.9,46.4,37.68,-10.98,11.579,15,72.99,19.93,-31.78,22.01,-31.47,16.99,-30.49,1880,527,84,1032,1928,757,98,2956,4.52,0,0.0,0.0,0,9.388462e+06,8.19896e+06,1.189502e+06,2.807,658948.0,0.461,6.146,36.1,68550979.0,39.7,39.7,1.5474010846424602e+21,8523230528667648.0,0,0.0,0.0,0,0,1402,108,94,11,3,3,0.78,0.077,19.47
A_k2,A_K,16,0.0625,random,0.052,25.0,unreal,10.0,2,rs,0.0,month,0.0,0,0,0.92,entrant,signal,none,rs,1,0.0,7012,22.06,-31.78,0.694,1.243,762,35.1,46.5,38.25,-10.88,11.947,15,73.11,19.93,-31.78,24.2,-31.47,19.55,-24.72,1880,523,84,1020,1935,762,98,2953,4.52,0,0.0,0.0,0,1.0235201e+07,8.98263e+06,1.25257e+06,2.879,670141.0,0.491,6.902,37.0,82407558.0,43.4,43.4,1.2216788608378378e+22,5.671392215721574e+16,0,0.0,0.0,0,0,1403,105,94,9,1,4,0.64,0.075,19.47
A_k2,A_K,16,0.0625,random,0.052,25.0,unreal,10.0,2,rs,0.0,month,0.0,0,0,0.92,entrant,signal,none,rs,1,0.0,7013,21.12,-32.22,0.656,1.194,756,34.9,46.3,38.09,-11.06,11.693,15,73.17,19.93,-31.78,22.27,-32.22,19.74,-28.54,1880,523,93,1030,1933,756,100,2958,4.61,0,0.0,0.0,0,8.974266e+06,7.7452e+06,1.229066e+06,2.803,656305.0,0.479,6.551,36.6,69640139.0,38.5,38.5,2.049227902446123e+21,1.1287339410128896e+16,0,0.0,0.0,0,0,1407,113,96,12,4,4,0.85,0.08,19.47
A_k2,A_K,16,0.0625,random,0.052,25.0,unreal,10.0,2,rs,0.0,month,0.0,0,0,0.92,entrant,signal,none,rs,1,0.0,7014,22.04,-32.11,0.686,1.234,752,34.7,47.3,38.18,-11.13,12.212,15,73.39,20.36,-31.78,23.71,-32.11,21.73,-23.68,1880,506,84,986,1980,752,99,2965,4.57,0,0.0,0.0,0,9.991652e+06,8.394814e+06,1.596836e+06,2.834,670590.0,0.475,6.905,36.2,81960412.0,45.8,45.8,1.0264391475620441e+22,3.6013532705193984e+16,0,0.0,0.0,0,0,1413,110,96,9,4,4,0.64,0.078,19.62
A_k2,A_K,16,0.0625,random,0.052,25.0,unreal,10.0,2,rs,0.0,month,0.0,0,0,0.92,entrant,signal,none,rs,1,0.0,7015,22.1,-31.78,0.695,1.252,749,34.5,47.0,38.3,-10.88,12.236,15,73.37,20.36,-31.78,23.84,-30.72,22.83,-23.9,1880,530,84,1072,1900,749,102,2971,4.7,0,0.0,0.0,0,9.776375e+06,8.158587e+06,1.617788e+06,2.792,680496.0,0.477,6.727,36.4,82584733.0,44.3,44.3,1.472979157095158e+22,5.168078742198682e+16,0,0.0,0.0,0,0,1413,110,99,9,2,3,0.64,0.078,19.62
A_k2,A_K,16,0.0625,random,0.052,25.0,unreal,10.0,2,rs,0.0,month,0.0,0,0,0.92,entrant,signal,none,rs,1,0.0,7016,21.97,-31.78,0.691,1.239,759,35.0,46.5,38.47,-11.0,12.007,15,73.29,20.36,-31.78,23.56,-31.0,16.62,-29.38,1880,506,84,995,1962,759,97,2956,4.47,0,0.0,0.0,0,1.04841e+07,9.200443e+06,1.283658e+06,2.899,684676.0,0.508,7.461,37.2,81413497.0,45.0,45.0,9.235997878410109e+21,4.28762333142057e+16,0,0.0,0.0,0,0,1404,104,94,8,2,3,0.57,0.074,19.47
A_k2,A_K,16,0.0625,random,0.052,25.0,unreal,10.0,2,rs,0.0,month,0.0,0,0,0.92,entrant,signal,none,rs,1,0.0,7017,21.22,-32.58,0.652,1.202,760,35.0,46.6,37.58,-11.0,11.629,15,73.18,20.36,-31.78,22.04,-32.58,16.29,-32.58,1880,513,84,1011,1945,760,97,2954,4.47,0,0.0,0.0,0,9.417935e+06,8.173818e+06,1.244118e+06,2.87,697122.0,0.483,6.387,36.8,71213848.0,44.3,44.3,1.796076767479442e+21,8337920406585344.0,0,0.0,0.0,0,0,1404,106,94,8,2,5,0.57,0.075,19.47
A_k2,A_K,16,0.0625,random,0.052,25.0,unreal,10.0,2,rs,0.0,month,0.0,0,0,0.92,entrant,signal,none,rs,1,0.0,7018,22.72,-32.11,0.708,1.252,755,34.8,47.4,38.46,-11.11,12.395,15,73.28,20.36,-31.78,25.11,-32.11,22.86,-26.68,1880,512,84,998,1968,755,102,2964,4.7,0,0.0,0.0,0,1.1565008e+07,1.0272178e+07,1.292831e+06,2.869,673055.0,0.5,7.269,37.5,93047228.0,43.7,43.7,6.915555099924405e+22,3.210403185206231e+17,0,0.0,0.0,0,0,1410,116,99,13,3,4,0.92,0.082,19.46
A_k2,A_K,16,0.0625,random,0.052,25.0,unreal,10.0,2,rs,0.0,month,0.0,0,0,0.92,entrant,signal,none,rs,1,0.0,7019,22.72,-32.21,0.705,1.27,748,34.5,47.2,38.71,-10.93,12.499,15,73.24,20.36,-31.78,25.11,-32.21,25.72,-28.34,1880,524,93,1011,1955,748,95,2963,4.38,0,0.0,0.0,0,1.1210094e+07,9.869774e+06,1.34032e+06,2.816,680774.0,0.511,7.445,37.7,92708969.0,43.7,43.7,9.15254392551512e+22,4.248880235329618e+17,0,0.0,0.0,0,0,1410,105,92,10,2,4,0.71,0.074,19.46
A_k2,A_K,16,0.0625,random,0.052,25.0,unreal,10.0,2,rs,0.0,month,0.0,0,0,0.92,entrant,signal,none,rs,1,0.0,7020,21.79,-31.78,0.686,1.237,754,34.8,46.7,38.34,-10.9,12.087,15,73.27,20.36,-31.78,23.19,-31.0,20.28,-27.78,1880,540,84,1052,1910,754,97,2958,4.47,0,0.0,0.0,0,9.890046e+06,8.281308e+06,1.608738e+06,2.832,680376.0,0.508,6.717,37.1,78500471.0,39.4,39.4,1.196403421239137e+22,4.880614433593754e+16,0,0.0,0.0,0,0,1407,111,97,12,2,3,0.85,0.079,19.62
A_k2,A_K,16,0.0625,random,0.052,25.0,unreal,10.0,2,rs,0.0,month,0.0,0,0,0.92,entrant,signal,none,rs,1,0.0,7021,23.69,-31.78,0.745,1.299,752,34.7,46.8,40.24,-11.06,12.954,15,73.5,20.36,-31.78,27.12,-31.28,24.62,-24.52,1880,536,84,1047,1918,752,98,2964,4.52,0,0.0,0.0,0,1.1923122e+07,9.899765e+06,2.023356e+06,2.88,673919.0,0.543,7.864,37.9,109110048.0,48.2,48.2,2.4639559253633726e+23,7.83116230486655e+17,0,0.0,0.0,0,0,1412,111,99,10,1,4,0.71,0.079,25.75
A_k2,A_K,16,0.0625,random,0.052,25.0,unreal,10.0,2,rs,0.0,month,0.0,0,0,0.92,entrant,signal,none,rs,1,0.0,7022,22.6,-31.78,0.711,1.269,752,34.7,47.3,38.15,-10.88,12.332,15,73.23,20.36,-31.78,24.85,-30.72,24.55,-25.54,1880,507,84,982,1981,752,96,2961,4.43,0,0.0,0.0,0,1.0940322e+07,9.618597e+06,1.321725e+06,2.842,683881.0,0.489,7.57,37.4,90543935.0,42.9,42.9,6.576805594952665e+22,3.0531445038514176e+17,0,0.0,0.0,0,0,1409,106,93,10,2,4,0.71,0.075,19.47
A_k2,A_K,16,0.0625,random,0.052,25.0,unreal,10.0,2,rs,0.0,month,0.0,0,0,0.92,entrant,signal,none,rs,1,0.0,7023,21.92,-31.78,0.69,1.226,754,34.8,46.9,38.35,-11.09,12.12,15,73.23,19.93,-31.78,23.92,-31.47,19.97,-22.73,1880,505,84,997,1965,754,97,2961,4.47,0,0.0,0.0,0,1.0055543e+07,8.493913e+06,1.561629e+06,2.834,656932.0,0.464,6.839,36.2,80489488.0,40.4,40.4,1.2175499606994645e+22,4.966874986263347e+16,0,0.0,0.0,0,0,1407,105,94,8,2,4,0.57,0.075,19.62
A_k2,A_K,16,0.0625,random,0.052,25.0,unreal,10.0,2,rs,0.0,month,0.0,0,0,0.92,entrant,signal,none,rs,1,0.0,7024,22.08,-31.78,0.695,1.249,754,34.8,47.5,37.64,-11.02,12.086,15,73.1,19.93,-31.78,24.24,-31.47,22.55,-19.0,1880,527,84,1043,1918,754,96,2960,4.43,0,0.0,0.0,0,9.781056e+06,8.585716e+06,1.19534e+06,2.801,656932.0,0.464,6.157,36.3,82268736.0,43.1,43.1,1.969968602244067e+22,9.145170784157696e+16,0,0.0,0.0,0,0,1405,102,93,8,1,3,0.57,0.073,19.47
A_k2,A_K,16,0.0625,random,0.052,25.0,unreal,10.0,2,rs,0.0,month,0.0,0,0,0.92,entrant,signal,none,rs,1,0.0,7025,22.55,-31.78,0.71,1.252,750,34.6,47.5,38.51,-11.04,12.478,15,73.24,19.93,-31.78,25.22,-31.0,23.8,-22.72,1880,511,84,1007,1961,750,99,2966,4.57,0,0.0,0.0,0,1.0229641e+07,8.679066e+06,1.550574e+06,2.796,648116.0,0.48,6.877,37.2,89338357.0,42.7,42.7,5.580871917236587e+22,1.9580999856606413e+17,0,0.0,0.0,0,0,1406,108,97,9,2,3,0.64,0.077,19.62
A_k2,A_K,16,0.0625,random,0.052,25.0,unreal,10.0,2,rs,0.0,month,0.0,0,0,0.92,entrant,signal,none,rs,1,0.0,7026,23.36,-31.78,0.735,1.284,741,34.2,47.8,39.23,-11.03,12.984,15,73.29,20.36,-31.78,26.44,-31.48,24.46,-20.82,1880,509,84,1004,1970,741,96,2973,4.43,0,0.0,0.0,0,1.2553352e+07,1.0858856e+07,1.694497e+06,2.768,684091.0,0.577,8.135,39.5,104118392.0,40.7,40.7,4.675151104664263e+23,1.9071853817495552e+18,0,0.0,0.0,0,0,1415,110,97,10,2,4,0.71,0.078,19.62
A_k2,A_K,16,0.0625,random,0.052,25.0,unreal,10.0,2,rs,0.0,month,0.0,0,0,0.92,entrant,signal,none,rs,1,0.0,7027,21.76,-31.78,0.685,1.233,755,34.8,47.5,37.23,-11.04,11.914,15,73.44,20.36,-31.78,23.14,-31.28,21.35,-23.2,1880,540,84,1064,1894,755,94,2956,4.33,0,0.0,0.0,0,9.355848e+06,8.087039e+06,1.268808e+06,2.825,674783.0,0.479,6.386,36.3,77813067.0,44.1,44.1,7.230994761354811e+21,3.3568390643712e+16,0,0.0,0.0,0,0,1406,102,91,9,1,4,0.64,0.073,19.47
A_k2,A_K,16,0.0625,random,0.052,25.0,unreal,10.0,2,rs,0.0,month,0.0,0,0,0.92,entrant,signal,none,rs,1,0.0,7028,21.59,-31.78,0.679,1.212,744,34.3,47.2,38.04,-11.04,12.111,15,73.3,20.36,-31.78,22.78,-31.0,17.04,-23.92,1880,510,84,1000,1974,744,99,2973,4.57,0,0.0,0.0,0,9.382098e+06,7.794172e+06,1.587926e+06,2.733,669723.0,0.484,6.424,37.1,75550257.0,40.7,40.7,5.414794362627906e+21,2.208913706241229e+16,0,0.0,0.0,0,0,1411,112,99,9,3,4,0.64,0.079,19.62
A_k2,A_K,16,0.0625,random,0.052,25.0,unreal,10.0,2,rs,0.0,month,0.0,0,0,0.92,entrant,signal,none,rs,1,0.0,7029,21.67,-31.78,0.682,1.224,755,34.8,46.2,38.56,-11.15,11.831,15,73.29,19.93,-31.78,23.39,-30.73,17.28,-21.76,1880,507,84,984,1979,755,99,2961,4.57,0,0.0,0.0,0,9.320081e+06,7.779688e+06,1.540394e+06,2.8,652999.0,0.475,6.178,36.2,76534819.0,46.8,46.8,2.093348542095565e+21,1.0195336458928128e+16,0,0.0,0.0,0,0,1404,108,96,10,1,4,0.71,0.077,26.15
A_k2,A_K,16,0.0625,random,0.052,25.0,unreal,10.0,2,rs,0.0,month,0.0,0,0,0.92,entrant,signal,none,rs,1,0.0,7030,22.98,-31.78,0.723,1.262,744,34.3,47.7,38.8,-10.97,12.774,15,73.35,20.36,-31.78,25.66,-30.72,26.21,-27.27,1880,523,84,1019,1949,744,93,2964,4.29,0,0.0,0.0,0,1.180417e+07,1.0486054e+07,1.318116e+06,2.767,677600.0,0.521,7.794,37.8,97327239.0,42.1,42.1,2.8112070554956853e+23,1.3050433363561677e+18,0,0.0,0.0,0,0,1406,98,89,8,1,3,0.57,0.07,19.47
A_k3,A_K,16,0.0625,random,0.052,25.0,unreal,10.0,3,rs,0.0,month,0.0,0,0,0.92,entrant,signal,none,rs,1,0.0,7001,21.69,-31.78,0.683,1.219,749,34.5,47.5,37.62,-11.21,11.998,15,73.29,19.93,-31.78,23.45,-31.31,19.05,-20.54,1880,515,84,1011,1954,749,95,2964,4.38,0,0.0,0.0,0,9.857422e+06,8.680522e+06,1.1769e+06,2.764,641815.0,0.461,6.421,36.0,77398216.0,39.9,39.9,8.563899810319752e+21,4.717073245877043e+16,0,0.0,0.0,0,0,1406,104,92,8,3,4,0.57,0.074,19.47
A_k3,A_K,16,0.0625,random,0.052,25.0,unreal,10.0,3,rs,0.0,month,0.0,0,0,0.92,entrant,signal,none,rs,1,0.0,7002,22.75,-31.78,0.716,1.254,735,33.9,48.0,38.15,-10.96,12.623,15,73.45,20.36,-31.78,25.18,-31.48,17.08,-23.08,1880,498,84,983,1990,735,89,2972,4.1,0,0.0,0.0,0,1.1160386e+07,9.58168e+06,1.578705e+06,2.713,681225.0,0.48,6.921,37.1,93197490.0,46.6,46.6,8.457398911511676e+22,4.119057461464269e+17,0,0.0,0.0,0,0,1416,95,87,7,1,3,0.49,0.067,25.26
A_k3,A_K,16,0.0625,random,0.052,25.0,unreal,10.0,3,rs,0.0,month,0.0,0,0,0.92,entrant,signal,none,rs,1,0.0,7003,22.05,-31.78,0.694,1.237,749,34.5,47.4,37.91,-11.01,12.177,15,73.24,20.36,-31.78,23.72,-30.72,20.76,-26.92,1880,507,84,980,1984,749,94,2963,4.33,0,0.0,0.0,0,1.0201098e+07,8.939938e+06,1.261159e+06,2.805,680496.0,0.48,7.085,37.1,82188048.0,42.5,42.5,1.9583310756269603e+22,9.091142672554394e+16,0,0.0,0.0,0,0,1411,103,91,9,2,4,0.64,0.073,19.47
A_k3,A_K,16,0.0625,random,0.052,25.0,unreal,10.0,3,rs,0.0,month,0.0,0,0,0.92,entrant,signal,none,rs,1,0.0,7004,22.53,-31.78,0.709,1.245,758,35.0,46.7,38.96,-11.05,12.302,15,73.11,19.93,-31.78,25.17,-31.47,20.3,-29.48,1880,499,84,976,1985,758,100,2960,4.61,0,0.0,0.0,0,1.1995021e+07,1.0712684e+07,1.282337e+06,2.889,663154.0,0.513,7.3,37.5,90633088.0,45.1,45.1,3.9362248873152925e+22,1.8273127339393024e+17,0,0.0,0.0,0,0,1406,109,96,10,3,3,0.71,0.078,19.47
A_k3,A_K,16,0.0625,random,0.052,25.0,unreal,10.0,3,rs,0.0,month,0.0,0,0,0.92,entrant,signal,none,rs,1,0.0,7005,21.61,-32.41,0.667,1.233,751,34.6,47.4,37.35,-10.97,11.937,15,73.32,20.36,-31.78,22.82,-32.41,19.5,-30.11,1880,542,93,1073,1887,751,92,2957,4.24,0,0.0,0.0,0,1.0048243e+07,8.77906e+06,1.269184e+06,2.821,674582.0,0.492,6.72,37.4,76453380.0,44.0,44.0,6.89678488480746e+21,3.2016913164926976e+16,0,0.0,0.0,0,0,1406,104,91,9,3,4,0.64,0.074,19.47
A_k3,A_K,16,0.0625,random,0.052,25.0,unreal,10.0,3,rs,0.0,month,0.0,0,0,0.92,entrant,signal,none,rs,1,0.0,7006,22.65,-32.11,0.705,1.265,749,34.5,47.1,38.71,-10.99,12.436,15,73.25,20.36,-31.78,24.97,-32.11,25.48,-28.23,1880,508,84,987,1975,749,92,2961,4.24,0,0.0,0.0,0,1.0955051e+07,9.666948e+06,1.288103e+06,2.807,669189.0,0.509,7.598,37.5,91416918.0,41.9,41.9,6.78399955048936e+22,3.149331842633564e+17,0,0.0,0.0,0,0,1405,97,88,8,1,3,0.57,0.069,19.46
A_k3,A_K,16,0.0625,random,0.052,25.0,unreal,10.0,3,rs,0.0,month,0.0,0,0,0.92,entrant,signal,none,rs,1,0.0,7007,23.2,-32.21,0.72,1.277,751,34.6,47.0,39.17,-10.96,12.605,15,73.47,20.36,-31.78,26.1,-32.21,19.23,-23.1,1880,515,93,989,1980,751,101,2967,4.66,0,0.0,0.0,0,1.1981307e+07,1.0492772e+07,1.488534e+06,2.884,683477.0,0.529,7.825,38.1,100900662.0,51.7,51.7,8.738874788942258e+22,3.660595128822661e+17,0,0.0,0.0,0,0,1411,109,98,9,2,3,0.64,0.077,25.53
A_k3,A_K,16,0.0625,random,0.052,25.0,unreal,10.0,3,rs,0.0,month,0.0,0,0,0.92,entrant,signal,none,rs,1,0.0,7008,22.7,-31.78,0.714,1.28,756,34.9,47.2,38.71,-11.06,12.442,15,73.34,19.93,-31.78,25.52,-31.0,25.32,-20.83,1880,545,84,1106,1857,756,100,2962,4.61,0,0.0,0.0,0,1.0795094e+07,9.1871e+06,1.607995e+06,2.867,651661.0,0.497,7.471,37.6,91988434.0,45.4,45.4,4.519606771526059e+22,1.5857421265770906e+17,0,0.0,0.0,0,0,1412,114,101,11,2,3,0.78,0.081,19.62
A_k3,A_K,16,0.0625,random,0.052,25.0,unreal,10.0,3,rs,0.0,month,0.0,0,0,0.92,entrant,signal,none,rs,1,0.0,7009,23.48,-31.78,0.739,1.291,752,34.7,46.5,40.19,-10.93,12.862,15,73.44,20.36,-31.78,26.69,-30.72,24.66,-24.44,1880,531,84,1038,1933,752,104,2970,4.8,0,0.0,0.0,0,1.1491241e+07,9.57522e+06,1.91602e+06,2.872,683550.0,0.537,7.719,37.9,105157491.0,48.7,48.7,1.557043730545624e+23,4.9487307251227034e+17,0,0.0,0.0,0,0,1415,117,105,11,1,3,0.78,0.083,25.56
A_k3,A_K,16,0.0625,random,0.052,25.0,unreal,10.0,3,rs,0.0,month,0.0,0,0,0.92,entrant,signal,none,rs,1,0.0,7010,22.91,-31.78,0.721,1.26,757,34.9,47.2,38.74,-11.05,12.431,15,73.37,20.36,-31.78,25.5,-31.48,24.11,-22.46,1880,505,84,993,1970,757,101,2962,4.66,0,0.0,0.0,0,1.185039e+07,1.0514205e+07,1.336186e+06,2.902,695338.0,0.522,7.957,37.8,96230178.0,45.6,45.6,8.6084361322148e+22,3.996294239444009e+17,0,0.0,0.0,0,0,1413,110,98,8,3,4,0.57,0.078,19.47
A_k3,A_K,16,0.0625,random,0.052,25.0,unreal,10.0,3,rs,0.0,month,0.0,0,0,0.92,entrant,signal,none,rs,1,0.0,7011,20.99,-31.78,0.661,1.198,757,34.9,46.4,37.68,-10.98,11.579,15,72.99,19.93,-31.78,22.01,-31.47,16.99,-30.49,1880,527,84,1032,1928,757,98,2959,4.52,0,0.0,0.0,0,9.388462e+06,8.19896e+06,1.189502e+06,2.807,658948.0,0.461,6.146,36.1,68550979.0,39.7,39.7,1.5474010846424602e+21,8523230528667648.0,0,0.0,0.0,0,0,1402,108,94,11,3,3,0.78,0.077,19.47
A_k3,A_K,16,0.0625,random,0.052,25.0,unreal,10.0,3,rs,0.0,month,0.0,0,0,0.92,entrant,signal,none,rs,1,0.0,7012,22.06,-31.78,0.694,1.243,762,35.1,46.5,38.25,-10.88,11.947,15,73.11,19.93,-31.78,24.2,-31.47,19.55,-24.72,1880,523,84,1020,1935,762,98,2954,4.52,0,0.0,0.0,0,1.0235201e+07,8.98263e+06,1.25257e+06,2.879,670141.0,0.491,6.902,37.0,82407558.0,43.4,43.4,1.2216788608378378e+22,5.671392215721574e+16,0,0.0,0.0,0,0,1403,105,94,9,1,4,0.64,0.075,19.47
A_k3,A_K,16,0.0625,random,0.052,25.0,unreal,10.0,3,rs,0.0,month,0.0,0,0,0.92,entrant,signal,none,rs,1,0.0,7013,21.68,-32.22,0.673,1.222,754,34.8,46.8,38.1,-11.11,11.929,15,73.18,19.93,-31.78,23.42,-32.22,25.12,-26.51,1880,519,93,1019,1946,754,100,2962,4.61,0,0.0,0.0,0,8.974266e+06,7.7452e+06,1.229066e+06,2.79,654304.0,0.475,6.514,37.0,76356526.0,42.5,42.5,4.913360765366707e+21,2.280925919654707e+16,0,0.0,0.0,0,0,1407,112,95,12,4,4,0.85,0.08,19.47
A_k3,A_K,16,0.0625,random,0.052,25.0,unreal,10.0,3,rs,0.0,month,0.0,0,0,0.92,entrant,signal,none,rs,1,0.0,7014,22.04,-32.11,0.686,1.234,752,34.7,47.3,38.18,-11.13,12.212,15,73.39,20.36,-31.78,23.71,-32.11,21.73,-23.68,1880,506,84,986,1980,752,99,2965,4.57,0,0.0,0.0,0,9.991652e+06,8.394814e+06,1.596836e+06,2.834,670590.0,0.475,6.905,36.2,81960412.0,45.8,45.8,1.0264391475620441e+22,3.6013532705193984e+16,0,0.0,0.0,0,0,1413,110,96,9,4,4,0.64,0.078,19.62
A_k3,A_K,16,0.0625,random,0.052,25.0,unreal,10.0,3,rs,0.0,month,0.0,0,0,0.92,entrant,signal,none,rs,1,0.0,7015,22.1,-31.78,0.695,1.252,749,34.5,47.0,38.3,-10.88,12.236,15,73.37,20.36,-31.78,23.84,-30.72,22.83,-23.9,1880,530,84,1072,1900,749,102,2971,4.7,0,0.0,0.0,0,9.776375e+06,8.158587e+06,1.617788e+06,2.792,680496.0,0.477,6.727,36.4,82584733.0,44.3,44.3,1.472979157095158e+22,5.168078742198682e+16,0,0.0,0.0,0,0,1413,110,99,9,2,3,0.64,0.078,19.62
A_k3,A_K,16,0.0625,random,0.052,25.0,unreal,10.0,3,rs,0.0,month,0.0,0,0,0.92,entrant,signal,none,rs,1,0.0,7016,21.97,-31.78,0.691,1.239,759,35.0,46.5,38.47,-11.0,12.007,15,73.29,20.36,-31.78,23.56,-31.0,16.62,-29.38,1880,506,84,995,1962,759,97,2956,4.47,0,0.0,0.0,0,1.04841e+07,9.200443e+06,1.283658e+06,2.899,684676.0,0.508,7.461,37.2,81413497.0,45.0,45.0,9.235997878410109e+21,4.28762333142057e+16,0,0.0,0.0,0,0,1404,104,94,8,2,3,0.57,0.074,19.47
A_k3,A_K,16,0.0625,random,0.052,25.0,unreal,10.0,3,rs,0.0,month,0.0,0,0,0.92,entrant,signal,none,rs,1,0.0,7017,21.22,-32.58,0.652,1.202,760,35.0,46.6,37.58,-11.0,11.629,15,73.18,20.36,-31.78,22.04,-32.58,16.29,-32.58,1880,513,84,1011,1945,760,97,2955,4.47,0,0.0,0.0,0,9.417935e+06,8.173818e+06,1.244118e+06,2.87,697122.0,0.483,6.387,36.8,71213848.0,44.3,44.3,1.796076767479442e+21,8337920406585344.0,0,0.0,0.0,0,0,1404,106,94,8,2,5,0.57,0.075,19.47
A_k3,A_K,16,0.0625,random,0.052,25.0,unreal,10.0,3,rs,0.0,month,0.0,0,0,0.92,entrant,signal,none,rs,1,0.0,7018,22.72,-32.11,0.708,1.252,755,34.8,47.4,38.46,-11.11,12.395,15,73.28,20.36,-31.78,25.11,-32.11,22.86,-26.68,1880,512,84,998,1968,755,102,2965,4.7,0,0.0,0.0,0,1.1565008e+07,1.0272178e+07,1.292831e+06,2.869,673055.0,0.5,7.269,37.5,93047228.0,43.7,43.7,6.915555099924405e+22,3.210403185206231e+17,0,0.0,0.0,0,0,1410,116,99,13,3,4,0.92,0.082,19.46
A_k3,A_K,16,0.0625,random,0.052,25.0,unreal,10.0,3,rs,0.0,month,0.0,0,0,0.92,entrant,signal,none,rs,1,0.0,7019,22.72,-32.21,0.705,1.27,748,34.5,47.2,38.71,-10.93,12.499,15,73.24,20.36,-31.78,25.11,-32.21,25.72,-28.34,1880,524,93,1011,1955,748,95,2964,4.38,0,0.0,0.0,0,1.1210094e+07,9.869774e+06,1.34032e+06,2.816,680774.0,0.511,7.445,37.7,92708969.0,43.7,43.7,9.15254392551512e+22,4.248880235329618e+17,0,0.0,0.0,0,0,1410,105,92,10,2,4,0.71,0.074,19.46
A_k3,A_K,16,0.0625,random,0.052,25.0,unreal,10.0,3,rs,0.0,month,0.0,0,0,0.92,entrant,signal,none,rs,1,0.0,7020,21.79,-31.78,0.686,1.237,754,34.8,46.7,38.34,-10.9,12.087,15,73.27,20.36,-31.78,23.19,-31.0,20.28,-27.78,1880,540,84,1052,1910,754,97,2961,4.47,0,0.0,0.0,0,9.890046e+06,8.281308e+06,1.608738e+06,2.832,680376.0,0.508,6.717,37.1,78500471.0,39.4,39.4,1.196403421239137e+22,4.880614433593754e+16,0,0.0,0.0,0,0,1407,111,97,12,2,3,0.85,0.079,19.62
A_k3,A_K,16,0.0625,random,0.052,25.0,unreal,10.0,3,rs,0.0,month,0.0,0,0,0.92,entrant,signal,none,rs,1,0.0,7021,23.69,-31.78,0.745,1.299,752,34.7,46.8,40.24,-11.06,12.954,15,73.5,20.36,-31.78,27.12,-31.28,24.62,-24.52,1880,536,84,1047,1918,752,98,2964,4.52,0,0.0,0.0,0,1.1923122e+07,9.899765e+06,2.023356e+06,2.88,673919.0,0.543,7.864,37.9,109110048.0,48.2,48.2,2.4639559253633726e+23,7.83116230486655e+17,0,0.0,0.0,0,0,1412,111,99,10,1,4,0.71,0.079,25.75
A_k3,A_K,16,0.0625,random,0.052,25.0,unreal,10.0,3,rs,0.0,month,0.0,0,0,0.92,entrant,signal,none,rs,1,0.0,7022,22.6,-31.78,0.711,1.269,752,34.7,47.3,38.15,-10.88,12.332,15,73.23,20.36,-31.78,24.85,-30.72,24.55,-25.54,1880,507,84,982,1981,752,96,2962,4.43,0,0.0,0.0,0,1.0940322e+07,9.618597e+06,1.321725e+06,2.842,683881.0,0.489,7.57,37.4,90543935.0,42.9,42.9,6.576805594952665e+22,3.0531445038514176e+17,0,0.0,0.0,0,0,1409,106,93,10,2,4,0.71,0.075,19.47
A_k3,A_K,16,0.0625,random,0.052,25.0,unreal,10.0,3,rs,0.0,month,0.0,0,0,0.92,entrant,signal,none,rs,1,0.0,7023,21.92,-31.78,0.69,1.226,754,34.8,46.9,38.35,-11.09,12.12,15,73.23,19.93,-31.78,23.92,-31.47,19.97,-22.73,1880,505,84,997,1965,754,97,2961,4.47,0,0.0,0.0,0,1.0055543e+07,8.493913e+06,1.561629e+06,2.834,656932.0,0.464,6.839,36.2,80489488.0,40.4,40.4,1.2175499606994645e+22,4.966874986263347e+16,0,0.0,0.0,0,0,1407,105,94,8,2,4,0.57,0.075,19.62
A_k3,A_K,16,0.0625,random,0.052,25.0,unreal,10.0,3,rs,0.0,month,0.0,0,0,0.92,entrant,signal,none,rs,1,0.0,7024,22.08,-31.78,0.695,1.249,754,34.8,47.5,37.64,-11.02,12.086,15,73.1,19.93,-31.78,24.24,-31.47,22.55,-19.0,1880,527,84,1043,1918,754,96,2960,4.43,0,0.0,0.0,0,9.781056e+06,8.585716e+06,1.19534e+06,2.801,656932.0,0.464,6.157,36.3,82268736.0,43.1,43.1,1.969968602244067e+22,9.145170784157696e+16,0,0.0,0.0,0,0,1405,102,93,8,1,3,0.57,0.073,19.47
A_k3,A_K,16,0.0625,random,0.052,25.0,unreal,10.0,3,rs,0.0,month,0.0,0,0,0.92,entrant,signal,none,rs,1,0.0,7025,22.55,-31.78,0.71,1.252,750,34.6,47.5,38.51,-11.04,12.478,15,73.24,19.93,-31.78,25.22,-31.0,23.8,-22.72,1880,511,84,1007,1961,750,99,2967,4.57,0,0.0,0.0,0,1.0229641e+07,8.679066e+06,1.550574e+06,2.796,648116.0,0.48,6.877,37.2,89338357.0,42.7,42.7,5.580871917236587e+22,1.9580999856606413e+17,0,0.0,0.0,0,0,1406,108,97,9,2,3,0.64,0.077,19.62
A_k3,A_K,16,0.0625,random,0.052,25.0,unreal,10.0,3,rs,0.0,month,0.0,0,0,0.92,entrant,signal,none,rs,1,0.0,7026,23.36,-31.78,0.735,1.284,741,34.2,47.8,39.23,-11.03,12.984,15,73.29,20.36,-31.78,26.44,-31.48,24.46,-20.82,1880,509,84,1004,1970,741,96,2973,4.43,0,0.0,0.0,0,1.2553352e+07,1.0858856e+07,1.694497e+06,2.768,684091.0,0.577,8.135,39.5,104118392.0,40.7,40.7,4.675151104664263e+23,1.9071853817495552e+18,0,0.0,0.0,0,0,1415,110,97,10,2,4,0.71,0.078,19.62
A_k3,A_K,16,0.0625,random,0.052,25.0,unreal,10.0,3,rs,0.0,month,0.0,0,0,0.92,entrant,signal,none,rs,1,0.0,7027,21.76,-31.78,0.685,1.233,755,34.8,47.5,37.23,-11.04,11.914,15,73.44,20.36,-31.78,23.14,-31.28,21.35,-23.2,1880,540,84,1064,1894,755,94,2957,4.33,0,0.0,0.0,0,9.355848e+06,8.087039e+06,1.268808e+06,2.825,674783.0,0.479,6.386,36.3,77813067.0,44.1,44.1,7.230994761354811e+21,3.3568390643712e+16,0,0.0,0.0,0,0,1406,102,91,9,1,4,0.64,0.073,19.47
A_k3,A_K,16,0.0625,random,0.052,25.0,unreal,10.0,3,rs,0.0,month,0.0,0,0,0.92,entrant,signal,none,rs,1,0.0,7028,21.59,-31.78,0.679,1.212,744,34.3,47.2,38.04,-11.04,12.111,15,73.3,20.36,-31.78,22.78,-31.0,17.04,-23.92,1880,510,84,1000,1974,744,99,2973,4.57,0,0.0,0.0,0,9.382098e+06,7.794172e+06,1.587926e+06,2.733,669723.0,0.484,6.424,37.1,75550257.0,40.7,40.7,5.414794362627906e+21,2.208913706241229e+16,0,0.0,0.0,0,0,1411,112,99,9,3,4,0.64,0.079,19.62
A_k3,A_K,16,0.0625,random,0.052,25.0,unreal,10.0,3,rs,0.0,month,0.0,0,0,0.92,entrant,signal,none,rs,1,0.0,7029,21.67,-31.78,0.682,1.224,755,34.8,46.2,38.56,-11.15,11.831,15,73.29,19.93,-31.78,23.39,-30.73,17.28,-21.76,1880,507,84,984,1979,755,99,2962,4.57,0,0.0,0.0,0,9.320081e+06,7.779688e+06,1.540394e+06,2.8,652999.0,0.475,6.178,36.2,76534819.0,46.8,46.8,2.093348542095565e+21,1.0195336458928128e+16,0,0.0,0.0,0,0,1404,108,96,10,1,4,0.71,0.077,26.15
A_k3,A_K,16,0.0625,random,0.052,25.0,unreal,10.0,3,rs,0.0,month,0.0,0,0,0.92,entrant,signal,none,rs,1,0.0,7030,22.98,-31.78,0.723,1.262,744,34.3,47.7,38.8,-10.97,12.774,15,73.35,20.36,-31.78,25.66,-30.72,26.21,-27.27,1880,523,84,1019,1949,744,93,2967,4.29,0,0.0,0.0,0,1.180417e+07,1.0486054e+07,1.318116e+06,2.767,677600.0,0.521,7.794,37.8,97327239.0,42.1,42.1,2.8112070554956853e+23,1.3050433363561677e+18,0,0.0,0.0,0,0,1406,98,89,8,1,3,0.57,0.07,19.47
A_k4,A_K,16,0.0625,random,0.052,25.0,unreal,10.0,4,rs,0.0,month,0.0,0,0,0.92,entrant,signal,none,rs,1,0.0,7001,21.69,-31.78,0.683,1.219,749,34.5,47.5,37.62,-11.21,11.998,15,73.29,19.93,-31.78,23.45,-31.31,19.05,-20.54,1880,515,84,1011,1954,749,95,2964,4.38,0,0.0,0.0,0,9.857422e+06,8.680522e+06,1.1769e+06,2.764,641815.0,0.461,6.421,36.0,77398216.0,39.9,39.9,8.563899810319752e+21,4.717073245877043e+16,0,0.0,0.0,0,0,1406,104,92,8,3,4,0.57,0.074,19.47
A_k4,A_K,16,0.0625,random,0.052,25.0,unreal,10.0,4,rs,0.0,month,0.0,0,0,0.92,entrant,signal,none,rs,1,0.0,7002,22.75,-31.78,0.716,1.254,735,33.9,48.0,38.15,-10.96,12.623,15,73.45,20.36,-31.78,25.18,-31.48,17.08,-23.08,1880,498,84,983,1990,735,89,2972,4.1,0,0.0,0.0,0,1.1160386e+07,9.58168e+06,1.578705e+06,2.713,681225.0,0.48,6.921,37.1,93197490.0,46.6,46.6,8.457398911511676e+22,4.119057461464269e+17,0,0.0,0.0,0,0,1416,95,87,7,1,3,0.49,0.067,25.26
A_k4,A_K,16,0.0625,random,0.052,25.0,unreal,10.0,4,rs,0.0,month,0.0,0,0,0.92,entrant,signal,none,rs,1,0.0,7003,22.05,-31.78,0.694,1.237,749,34.5,47.4,37.91,-11.01,12.177,15,73.24,20.36,-31.78,23.72,-30.72,20.76,-26.92,1880,507,84,980,1984,749,94,2963,4.33,0,0.0,0.0,0,1.0201098e+07,8.939938e+06,1.261159e+06,2.805,680496.0,0.48,7.085,37.1,82188048.0,42.5,42.5,1.9583310756269603e+22,9.091142672554394e+16,0,0.0,0.0,0,0,1411,103,91,9,2,4,0.64,0.073,19.47
A_k4,A_K,16,0.0625,random,0.052,25.0,unreal,10.0,4,rs,0.0,month,0.0,0,0,0.92,entrant,signal,none,rs,1,0.0,7004,22.53,-31.78,0.709,1.245,758,35.0,46.7,38.96,-11.05,12.302,15,73.11,19.93,-31.78,25.17,-31.47,20.3,-29.48,1880,499,84,976,1985,758,100,2960,4.61,0,0.0,0.0,0,1.1995021e+07,1.0712684e+07,1.282337e+06,2.889,663154.0,0.513,7.3,37.5,90633088.0,45.1,45.1,3.9362248873152925e+22,1.8273127339393024e+17,0,0.0,0.0,0,0,1406,109,96,10,3,3,0.71,0.078,19.47
A_k4,A_K,16,0.0625,random,0.052,25.0,unreal,10.0,4,rs,0.0,month,0.0,0,0,0.92,entrant,signal,none,rs,1,0.0,7005,21.61,-32.41,0.667,1.233,751,34.6,47.4,37.35,-10.97,11.937,15,73.32,20.36,-31.78,22.82,-32.41,19.5,-30.11,1880,542,93,1073,1887,751,92,2958,4.24,0,0.0,0.0,0,1.0048243e+07,8.77906e+06,1.269184e+06,2.821,674582.0,0.492,6.72,37.4,76453380.0,44.0,44.0,6.89678488480746e+21,3.2016913164926976e+16,0,0.0,0.0,0,0,1406,104,91,9,3,4,0.64,0.074,19.47
A_k4,A_K,16,0.0625,random,0.052,25.0,unreal,10.0,4,rs,0.0,month,0.0,0,0,0.92,entrant,signal,none,rs,1,0.0,7006,22.65,-32.11,0.705,1.265,749,34.5,47.1,38.71,-10.99,12.436,15,73.25,20.36,-31.78,24.97,-32.11,25.48,-28.23,1880,508,84,987,1975,749,92,2961,4.24,0,0.0,0.0,0,1.0955051e+07,9.666948e+06,1.288103e+06,2.807,669189.0,0.509,7.598,37.5,91416918.0,41.9,41.9,6.78399955048936e+22,3.149331842633564e+17,0,0.0,0.0,0,0,1405,97,88,8,1,3,0.57,0.069,19.46
A_k4,A_K,16,0.0625,random,0.052,25.0,unreal,10.0,4,rs,0.0,month,0.0,0,0,0.92,entrant,signal,none,rs,1,0.0,7007,23.2,-32.21,0.72,1.277,751,34.6,47.0,39.17,-10.96,12.605,15,73.47,20.36,-31.78,26.1,-32.21,19.23,-23.1,1880,515,93,989,1980,751,101,2967,4.66,0,0.0,0.0,0,1.1981307e+07,1.0492772e+07,1.488534e+06,2.884,683477.0,0.529,7.825,38.1,100900662.0,51.7,51.7,8.738874788942258e+22,3.660595128822661e+17,0,0.0,0.0,0,0,1411,109,98,9,2,3,0.64,0.077,25.53
A_k4,A_K,16,0.0625,random,0.052,25.0,unreal,10.0,4,rs,0.0,month,0.0,0,0,0.92,entrant,signal,none,rs,1,0.0,7008,22.7,-31.78,0.714,1.28,756,34.9,47.2,38.71,-11.06,12.442,15,73.34,19.93,-31.78,25.52,-31.0,25.32,-20.83,1880,545,84,1106,1857,756,100,2962,4.61,0,0.0,0.0,0,1.0795094e+07,9.1871e+06,1.607995e+06,2.867,651661.0,0.497,7.471,37.6,91988434.0,45.4,45.4,4.519606771526059e+22,1.5857421265770906e+17,0,0.0,0.0,0,0,1412,114,101,11,2,3,0.78,0.081,19.62
A_k4,A_K,16,0.0625,random,0.052,25.0,unreal,10.0,4,rs,0.0,month,0.0,0,0,0.92,entrant,signal,none,rs,1,0.0,7009,23.48,-31.78,0.739,1.291,752,34.7,46.5,40.19,-10.93,12.862,15,73.44,20.36,-31.78,26.69,-30.72,24.66,-24.44,1880,531,84,1038,1933,752,104,2970,4.8,0,0.0,0.0,0,1.1491241e+07,9.57522e+06,1.91602e+06,2.872,683550.0,0.537,7.719,37.9,105157491.0,48.7,48.7,1.557043730545624e+23,4.9487307251227034e+17,0,0.0,0.0,0,0,1415,117,105,11,1,3,0.78,0.083,25.56
A_k4,A_K,16,0.0625,random,0.052,25.0,unreal,10.0,4,rs,0.0,month,0.0,0,0,0.92,entrant,signal,none,rs,1,0.0,7010,22.91,-31.78,0.721,1.26,757,34.9,47.2,38.74,-11.05,12.431,15,73.37,20.36,-31.78,25.5,-31.48,24.11,-22.46,1880,505,84,993,1970,757,101,2962,4.66,0,0.0,0.0,0,1.185039e+07,1.0514205e+07,1.336186e+06,2.902,695338.0,0.522,7.957,37.8,96230178.0,45.6,45.6,8.6084361322148e+22,3.996294239444009e+17,0,0.0,0.0,0,0,1413,110,98,8,3,4,0.57,0.078,19.47
A_k4,A_K,16,0.0625,random,0.052,25.0,unreal,10.0,4,rs,0.0,month,0.0,0,0,0.92,entrant,signal,none,rs,1,0.0,7011,20.99,-31.78,0.661,1.198,757,34.9,46.4,37.68,-10.98,11.579,15,72.99,19.93,-31.78,22.01,-31.47,16.99,-30.49,1880,527,84,1032,1928,757,98,2959,4.52,0,0.0,0.0,0,9.388462e+06,8.19896e+06,1.189502e+06,2.807,658948.0,0.461,6.146,36.1,68550979.0,39.7,39.7,1.5474010846424602e+21,8523230528667648.0,0,0.0,0.0,0,0,1402,108,94,11,3,3,0.78,0.077,19.47
A_k4,A_K,16,0.0625,random,0.052,25.0,unreal,10.0,4,rs,0.0,month,0.0,0,0,0.92,entrant,signal,none,rs,1,0.0,7012,22.06,-31.78,0.694,1.243,762,35.1,46.5,38.25,-10.88,11.947,15,73.11,19.93,-31.78,24.2,-31.47,19.55,-24.72,1880,523,84,1020,1935,762,98,2954,4.52,0,0.0,0.0,0,1.0235201e+07,8.98263e+06,1.25257e+06,2.879,670141.0,0.491,6.902,37.0,82407558.0,43.4,43.4,1.2216788608378378e+22,5.671392215721574e+16,0,0.0,0.0,0,0,1403,105,94,9,1,4,0.64,0.075,19.47
A_k4,A_K,16,0.0625,random,0.052,25.0,unreal,10.0,4,rs,0.0,month,0.0,0,0,0.92,entrant,signal,none,rs,1,0.0,7013,21.68,-32.22,0.673,1.222,754,34.8,46.8,38.1,-11.11,11.929,15,73.18,19.93,-31.78,23.42,-32.22,25.12,-26.51,1880,519,93,1019,1946,754,100,2963,4.61,0,0.0,0.0,0,8.974266e+06,7.7452e+06,1.229066e+06,2.79,654304.0,0.475,6.514,37.0,76356526.0,42.5,42.5,4.913360765366707e+21,2.280925919654707e+16,0,0.0,0.0,0,0,1407,112,95,12,4,4,0.85,0.08,19.47
A_k4,A_K,16,0.0625,random,0.052,25.0,unreal,10.0,4,rs,0.0,month,0.0,0,0,0.92,entrant,signal,none,rs,1,0.0,7014,22.04,-32.11,0.686,1.234,752,34.7,47.3,38.18,-11.13,12.212,15,73.39,20.36,-31.78,23.71,-32.11,21.73,-23.68,1880,506,84,986,1980,752,99,2965,4.57,0,0.0,0.0,0,9.991652e+06,8.394814e+06,1.596836e+06,2.834,670590.0,0.475,6.905,36.2,81960412.0,45.8,45.8,1.0264391475620441e+22,3.6013532705193984e+16,0,0.0,0.0,0,0,1413,110,96,9,4,4,0.64,0.078,19.62
A_k4,A_K,16,0.0625,random,0.052,25.0,unreal,10.0,4,rs,0.0,month,0.0,0,0,0.92,entrant,signal,none,rs,1,0.0,7015,22.1,-31.78,0.695,1.252,749,34.5,47.0,38.3,-10.88,12.236,15,73.37,20.36,-31.78,23.84,-30.72,22.83,-23.9,1880,530,84,1072,1900,749,102,2971,4.7,0,0.0,0.0,0,9.776375e+06,8.158587e+06,1.617788e+06,2.792,680496.0,0.477,6.727,36.4,82584733.0,44.3,44.3,1.472979157095158e+22,5.168078742198682e+16,0,0.0,0.0,0,0,1413,110,99,9,2,3,0.64,0.078,19.62
A_k4,A_K,16,0.0625,random,0.052,25.0,unreal,10.0,4,rs,0.0,month,0.0,0,0,0.92,entrant,signal,none,rs,1,0.0,7016,21.97,-31.78,0.691,1.239,759,35.0,46.5,38.47,-11.0,12.007,15,73.29,20.36,-31.78,23.56,-31.0,16.62,-29.38,1880,506,84,995,1962,759,97,2956,4.47,0,0.0,0.0,0,1.04841e+07,9.200443e+06,1.283658e+06,2.899,684676.0,0.508,7.461,37.2,81413497.0,45.0,45.0,9.235997878410109e+21,4.28762333142057e+16,0,0.0,0.0,0,0,1404,104,94,8,2,3,0.57,0.074,19.47
A_k4,A_K,16,0.0625,random,0.052,25.0,unreal,10.0,4,rs,0.0,month,0.0,0,0,0.92,entrant,signal,none,rs,1,0.0,7017,21.22,-32.58,0.652,1.202,760,35.0,46.6,37.58,-11.0,11.629,15,73.18,20.36,-31.78,22.04,-32.58,16.29,-32.58,1880,513,84,1011,1945,760,97,2955,4.47,0,0.0,0.0,0,9.417935e+06,8.173818e+06,1.244118e+06,2.87,697122.0,0.483,6.387,36.8,71213848.0,44.3,44.3,1.796076767479442e+21,8337920406585344.0,0,0.0,0.0,0,0,1404,106,94,8,2,5,0.57,0.075,19.47
A_k4,A_K,16,0.0625,random,0.052,25.0,unreal,10.0,4,rs,0.0,month,0.0,0,0,0.92,entrant,signal,none,rs,1,0.0,7018,22.72,-32.11,0.708,1.252,755,34.8,47.4,38.46,-11.11,12.395,15,73.28,20.36,-31.78,25.11,-32.11,22.86,-26.68,1880,512,84,998,1968,755,102,2965,4.7,0,0.0,0.0,0,1.1565008e+07,1.0272178e+07,1.292831e+06,2.869,673055.0,0.5,7.269,37.5,93047228.0,43.7,43.7,6.915555099924405e+22,3.210403185206231e+17,0,0.0,0.0,0,0,1410,116,99,13,3,4,0.92,0.082,19.46
A_k4,A_K,16,0.0625,random,0.052,25.0,unreal,10.0,4,rs,0.0,month,0.0,0,0,0.92,entrant,signal,none,rs,1,0.0,7019,22.72,-32.21,0.705,1.27,748,34.5,47.2,38.71,-10.93,12.499,15,73.24,20.36,-31.78,25.11,-32.21,25.72,-28.34,1880,524,93,1011,1955,748,95,2964,4.38,0,0.0,0.0,0,1.1210094e+07,9.869774e+06,1.34032e+06,2.816,680774.0,0.511,7.445,37.7,92708969.0,43.7,43.7,9.15254392551512e+22,4.248880235329618e+17,0,0.0,0.0,0,0,1410,105,92,10,2,4,0.71,0.074,19.46
A_k4,A_K,16,0.0625,random,0.052,25.0,unreal,10.0,4,rs,0.0,month,0.0,0,0,0.92,entrant,signal,none,rs,1,0.0,7020,21.79,-31.78,0.686,1.237,754,34.8,46.7,38.34,-10.9,12.087,15,73.27,20.36,-31.78,23.19,-31.0,20.28,-27.78,1880,540,84,1052,1910,754,97,2961,4.47,0,0.0,0.0,0,9.890046e+06,8.281308e+06,1.608738e+06,2.832,680376.0,0.508,6.717,37.1,78500471.0,39.4,39.4,1.196403421239137e+22,4.880614433593754e+16,0,0.0,0.0,0,0,1407,111,97,12,2,3,0.85,0.079,19.62
A_k4,A_K,16,0.0625,random,0.052,25.0,unreal,10.0,4,rs,0.0,month,0.0,0,0,0.92,entrant,signal,none,rs,1,0.0,7021,23.69,-31.78,0.745,1.299,752,34.7,46.8,40.24,-11.06,12.954,15,73.5,20.36,-31.78,27.12,-31.28,24.62,-24.52,1880,536,84,1047,1918,752,98,2964,4.52,0,0.0,0.0,0,1.1923122e+07,9.899765e+06,2.023356e+06,2.88,673919.0,0.543,7.864,37.9,109110048.0,48.2,48.2,2.4639559253633726e+23,7.83116230486655e+17,0,0.0,0.0,0,0,1412,111,99,10,1,4,0.71,0.079,25.75
A_k4,A_K,16,0.0625,random,0.052,25.0,unreal,10.0,4,rs,0.0,month,0.0,0,0,0.92,entrant,signal,none,rs,1,0.0,7022,22.6,-31.78,0.711,1.269,752,34.7,47.3,38.15,-10.88,12.332,15,73.23,20.36,-31.78,24.85,-30.72,24.55,-25.54,1880,507,84,982,1981,752,96,2962,4.43,0,0.0,0.0,0,1.0940322e+07,9.618597e+06,1.321725e+06,2.842,683881.0,0.489,7.57,37.4,90543935.0,42.9,42.9,6.576805594952665e+22,3.0531445038514176e+17,0,0.0,0.0,0,0,1409,106,93,10,2,4,0.71,0.075,19.47
A_k4,A_K,16,0.0625,random,0.052,25.0,unreal,10.0,4,rs,0.0,month,0.0,0,0,0.92,entrant,signal,none,rs,1,0.0,7023,21.92,-31.78,0.69,1.226,754,34.8,46.9,38.35,-11.09,12.12,15,73.23,19.93,-31.78,23.92,-31.47,19.97,-22.73,1880,505,84,997,1965,754,97,2961,4.47,0,0.0,0.0,0,1.0055543e+07,8.493913e+06,1.561629e+06,2.834,656932.0,0.464,6.839,36.2,80489488.0,40.4,40.4,1.2175499606994645e+22,4.966874986263347e+16,0,0.0,0.0,0,0,1407,105,94,8,2,4,0.57,0.075,19.62
A_k4,A_K,16,0.0625,random,0.052,25.0,unreal,10.0,4,rs,0.0,month,0.0,0,0,0.92,entrant,signal,none,rs,1,0.0,7024,22.08,-31.78,0.695,1.249,754,34.8,47.5,37.64,-11.02,12.086,15,73.1,19.93,-31.78,24.24,-31.47,22.55,-19.0,1880,527,84,1043,1918,754,96,2960,4.43,0,0.0,0.0,0,9.781056e+06,8.585716e+06,1.19534e+06,2.801,656932.0,0.464,6.157,36.3,82268736.0,43.1,43.1,1.969968602244067e+22,9.145170784157696e+16,0,0.0,0.0,0,0,1405,102,93,8,1,3,0.57,0.073,19.47
A_k4,A_K,16,0.0625,random,0.052,25.0,unreal,10.0,4,rs,0.0,month,0.0,0,0,0.92,entrant,signal,none,rs,1,0.0,7025,22.55,-31.78,0.71,1.252,750,34.6,47.5,38.51,-11.04,12.478,15,73.24,19.93,-31.78,25.22,-31.0,23.8,-22.72,1880,511,84,1007,1961,750,99,2967,4.57,0,0.0,0.0,0,1.0229641e+07,8.679066e+06,1.550574e+06,2.796,648116.0,0.48,6.877,37.2,89338357.0,42.7,42.7,5.580871917236587e+22,1.9580999856606413e+17,0,0.0,0.0,0,0,1406,108,97,9,2,3,0.64,0.077,19.62
A_k4,A_K,16,0.0625,random,0.052,25.0,unreal,10.0,4,rs,0.0,month,0.0,0,0,0.92,entrant,signal,none,rs,1,0.0,7026,23.36,-31.78,0.735,1.284,741,34.2,47.8,39.23,-11.03,12.984,15,73.29,20.36,-31.78,26.44,-31.48,24.46,-20.82,1880,509,84,1004,1970,741,96,2973,4.43,0,0.0,0.0,0,1.2553352e+07,1.0858856e+07,1.694497e+06,2.768,684091.0,0.577,8.135,39.5,104118392.0,40.7,40.7,4.675151104664263e+23,1.9071853817495552e+18,0,0.0,0.0,0,0,1415,110,97,10,2,4,0.71,0.078,19.62
A_k4,A_K,16,0.0625,random,0.052,25.0,unreal,10.0,4,rs,0.0,month,0.0,0,0,0.92,entrant,signal,none,rs,1,0.0,7027,21.76,-31.78,0.685,1.233,755,34.8,47.5,37.23,-11.04,11.914,15,73.44,20.36,-31.78,23.14,-31.28,21.35,-23.2,1880,540,84,1064,1894,755,94,2957,4.33,0,0.0,0.0,0,9.355848e+06,8.087039e+06,1.268808e+06,2.825,674783.0,0.479,6.386,36.3,77813067.0,44.1,44.1,7.230994761354811e+21,3.3568390643712e+16,0,0.0,0.0,0,0,1406,102,91,9,1,4,0.64,0.073,19.47
A_k4,A_K,16,0.0625,random,0.052,25.0,unreal,10.0,4,rs,0.0,month,0.0,0,0,0.92,entrant,signal,none,rs,1,0.0,7028,21.59,-31.78,0.679,1.212,744,34.3,47.2,38.04,-11.04,12.111,15,73.3,20.36,-31.78,22.78,-31.0,17.04,-23.92,1880,510,84,1000,1974,744,99,2973,4.57,0,0.0,0.0,0,9.382098e+06,7.794172e+06,1.587926e+06,2.733,669723.0,0.484,6.424,37.1,75550257.0,40.7,40.7,5.414794362627906e+21,2.208913706241229e+16,0,0.0,0.0,0,0,1411,112,99,9,3,4,0.64,0.079,19.62
A_k4,A_K,16,0.0625,random,0.052,25.0,unreal,10.0,4,rs,0.0,month,0.0,0,0,0.92,entrant,signal,none,rs,1,0.0,7029,21.67,-31.78,0.682,1.224,755,34.8,46.2,38.56,-11.15,11.831,15,73.29,19.93,-31.78,23.39,-30.73,17.28,-21.76,1880,507,84,984,1979,755,99,2962,4.57,0,0.0,0.0,0,9.320081e+06,7.779688e+06,1.540394e+06,2.8,652999.0,0.475,6.178,36.2,76534819.0,46.8,46.8,2.093348542095565e+21,1.0195336458928128e+16,0,0.0,0.0,0,0,1404,108,96,10,1,4,0.71,0.077,26.15
A_k4,A_K,16,0.0625,random,0.052,25.0,unreal,10.0,4,rs,0.0,month,0.0,0,0,0.92,entrant,signal,none,rs,1,0.0,7030,22.98,-31.78,0.723,1.262,744,34.3,47.7,38.8,-10.97,12.774,15,73.35,20.36,-31.78,25.66,-30.72,26.21,-27.27,1880,523,84,1019,1949,744,93,2967,4.29,0,0.0,0.0,0,1.180417e+07,1.0486054e+07,1.318116e+06,2.767,677600.0,0.521,7.794,37.8,97327239.0,42.1,42.1,2.8112070554956853e+23,1.3050433363561677e+18,0,0.0,0.0,0,0,1406,98,89,8,1,3,0.57,0.07,19.47
A_k6,A_K,16,0.0625,random,0.052,25.0,unreal,10.0,6,rs,0.0,month,0.0,0,0,0.92,entrant,signal,none,rs,1,0.0,7001,21.69,-31.78,0.683,1.219,749,34.5,47.5,37.62,-11.21,11.998,15,73.29,19.93,-31.78,23.45,-31.31,19.05,-20.54,1880,515,84,1011,1954,749,95,2964,4.38,0,0.0,0.0,0,9.857422e+06,8.680522e+06,1.1769e+06,2.764,641815.0,0.461,6.421,36.0,77398216.0,39.9,39.9,8.563899810319752e+21,4.717073245877043e+16,0,0.0,0.0,0,0,1406,104,92,8,3,4,0.57,0.074,19.47
A_k6,A_K,16,0.0625,random,0.052,25.0,unreal,10.0,6,rs,0.0,month,0.0,0,0,0.92,entrant,signal,none,rs,1,0.0,7002,22.75,-31.78,0.716,1.254,735,33.9,48.0,38.15,-10.96,12.623,15,73.45,20.36,-31.78,25.18,-31.48,17.08,-23.08,1880,498,84,983,1990,735,89,2972,4.1,0,0.0,0.0,0,1.1160386e+07,9.58168e+06,1.578705e+06,2.713,681225.0,0.48,6.921,37.1,93197490.0,46.6,46.6,8.457398911511676e+22,4.119057461464269e+17,0,0.0,0.0,0,0,1416,95,87,7,1,3,0.49,0.067,25.26
A_k6,A_K,16,0.0625,random,0.052,25.0,unreal,10.0,6,rs,0.0,month,0.0,0,0,0.92,entrant,signal,none,rs,1,0.0,7003,22.05,-31.78,0.694,1.237,749,34.5,47.4,37.91,-11.01,12.177,15,73.24,20.36,-31.78,23.72,-30.72,20.76,-26.92,1880,507,84,980,1984,749,94,2963,4.33,0,0.0,0.0,0,1.0201098e+07,8.939938e+06,1.261159e+06,2.805,680496.0,0.48,7.085,37.1,82188048.0,42.5,42.5,1.9583310756269603e+22,9.091142672554394e+16,0,0.0,0.0,0,0,1411,103,91,9,2,4,0.64,0.073,19.47
A_k6,A_K,16,0.0625,random,0.052,25.0,unreal,10.0,6,rs,0.0,month,0.0,0,0,0.92,entrant,signal,none,rs,1,0.0,7004,22.53,-31.78,0.709,1.245,758,35.0,46.7,38.96,-11.05,12.302,15,73.11,19.93,-31.78,25.17,-31.47,20.3,-29.48,1880,499,84,976,1985,758,100,2960,4.61,0,0.0,0.0,0,1.1995021e+07,1.0712684e+07,1.282337e+06,2.889,663154.0,0.513,7.3,37.5,90633088.0,45.1,45.1,3.9362248873152925e+22,1.8273127339393024e+17,0,0.0,0.0,0,0,1406,109,96,10,3,3,0.71,0.078,19.47
A_k6,A_K,16,0.0625,random,0.052,25.0,unreal,10.0,6,rs,0.0,month,0.0,0,0,0.92,entrant,signal,none,rs,1,0.0,7005,21.61,-32.41,0.667,1.233,751,34.6,47.4,37.35,-10.97,11.937,15,73.32,20.36,-31.78,22.82,-32.41,19.5,-30.11,1880,542,93,1073,1887,751,92,2958,4.24,0,0.0,0.0,0,1.0048243e+07,8.77906e+06,1.269184e+06,2.821,674582.0,0.492,6.72,37.4,76453380.0,44.0,44.0,6.89678488480746e+21,3.2016913164926976e+16,0,0.0,0.0,0,0,1406,104,91,9,3,4,0.64,0.074,19.47
A_k6,A_K,16,0.0625,random,0.052,25.0,unreal,10.0,6,rs,0.0,month,0.0,0,0,0.92,entrant,signal,none,rs,1,0.0,7006,22.65,-32.11,0.705,1.265,749,34.5,47.1,38.71,-10.99,12.436,15,73.25,20.36,-31.78,24.97,-32.11,25.48,-28.23,1880,508,84,987,1975,749,92,2961,4.24,0,0.0,0.0,0,1.0955051e+07,9.666948e+06,1.288103e+06,2.807,669189.0,0.509,7.598,37.5,91416918.0,41.9,41.9,6.78399955048936e+22,3.149331842633564e+17,0,0.0,0.0,0,0,1405,97,88,8,1,3,0.57,0.069,19.46
A_k6,A_K,16,0.0625,random,0.052,25.0,unreal,10.0,6,rs,0.0,month,0.0,0,0,0.92,entrant,signal,none,rs,1,0.0,7007,23.2,-32.21,0.72,1.277,751,34.6,47.0,39.17,-10.96,12.605,15,73.47,20.36,-31.78,26.1,-32.21,19.23,-23.1,1880,515,93,989,1980,751,101,2967,4.66,0,0.0,0.0,0,1.1981307e+07,1.0492772e+07,1.488534e+06,2.884,683477.0,0.529,7.825,38.1,100900662.0,51.7,51.7,8.738874788942258e+22,3.660595128822661e+17,0,0.0,0.0,0,0,1411,109,98,9,2,3,0.64,0.077,25.53
A_k6,A_K,16,0.0625,random,0.052,25.0,unreal,10.0,6,rs,0.0,month,0.0,0,0,0.92,entrant,signal,none,rs,1,0.0,7008,22.7,-31.78,0.714,1.28,756,34.9,47.2,38.71,-11.06,12.442,15,73.34,19.93,-31.78,25.52,-31.0,25.32,-20.83,1880,545,84,1106,1857,756,100,2962,4.61,0,0.0,0.0,0,1.0795094e+07,9.1871e+06,1.607995e+06,2.867,651661.0,0.497,7.471,37.6,91988434.0,45.4,45.4,4.519606771526059e+22,1.5857421265770906e+17,0,0.0,0.0,0,0,1412,114,101,11,2,3,0.78,0.081,19.62
A_k6,A_K,16,0.0625,random,0.052,25.0,unreal,10.0,6,rs,0.0,month,0.0,0,0,0.92,entrant,signal,none,rs,1,0.0,7009,23.48,-31.78,0.739,1.291,752,34.7,46.5,40.19,-10.93,12.862,15,73.44,20.36,-31.78,26.69,-30.72,24.66,-24.44,1880,531,84,1038,1933,752,104,2970,4.8,0,0.0,0.0,0,1.1491241e+07,9.57522e+06,1.91602e+06,2.872,683550.0,0.537,7.719,37.9,105157491.0,48.7,48.7,1.557043730545624e+23,4.9487307251227034e+17,0,0.0,0.0,0,0,1415,117,105,11,1,3,0.78,0.083,25.56
A_k6,A_K,16,0.0625,random,0.052,25.0,unreal,10.0,6,rs,0.0,month,0.0,0,0,0.92,entrant,signal,none,rs,1,0.0,7010,22.91,-31.78,0.721,1.26,757,34.9,47.2,38.74,-11.05,12.431,15,73.37,20.36,-31.78,25.5,-31.48,24.11,-22.46,1880,505,84,993,1970,757,101,2962,4.66,0,0.0,0.0,0,1.185039e+07,1.0514205e+07,1.336186e+06,2.902,695338.0,0.522,7.957,37.8,96230178.0,45.6,45.6,8.6084361322148e+22,3.996294239444009e+17,0,0.0,0.0,0,0,1413,110,98,8,3,4,0.57,0.078,19.47
A_k6,A_K,16,0.0625,random,0.052,25.0,unreal,10.0,6,rs,0.0,month,0.0,0,0,0.92,entrant,signal,none,rs,1,0.0,7011,20.99,-31.78,0.661,1.198,757,34.9,46.4,37.68,-10.98,11.579,15,72.99,19.93,-31.78,22.01,-31.47,16.99,-30.49,1880,527,84,1032,1928,757,98,2959,4.52,0,0.0,0.0,0,9.388462e+06,8.19896e+06,1.189502e+06,2.807,658948.0,0.461,6.146,36.1,68550979.0,39.7,39.7,1.5474010846424602e+21,8523230528667648.0,0,0.0,0.0,0,0,1402,108,94,11,3,3,0.78,0.077,19.47
A_k6,A_K,16,0.0625,random,0.052,25.0,unreal,10.0,6,rs,0.0,month,0.0,0,0,0.92,entrant,signal,none,rs,1,0.0,7012,22.06,-31.78,0.694,1.243,762,35.1,46.5,38.25,-10.88,11.947,15,73.11,19.93,-31.78,24.2,-31.47,19.55,-24.72,1880,523,84,1020,1935,762,98,2954,4.52,0,0.0,0.0,0,1.0235201e+07,8.98263e+06,1.25257e+06,2.879,670141.0,0.491,6.902,37.0,82407558.0,43.4,43.4,1.2216788608378378e+22,5.671392215721574e+16,0,0.0,0.0,0,0,1403,105,94,9,1,4,0.64,0.075,19.47
A_k6,A_K,16,0.0625,random,0.052,25.0,unreal,10.0,6,rs,0.0,month,0.0,0,0,0.92,entrant,signal,none,rs,1,0.0,7013,21.68,-32.22,0.673,1.222,754,34.8,46.8,38.1,-11.11,11.929,15,73.18,19.93,-31.78,23.42,-32.22,25.12,-26.51,1880,519,93,1019,1946,754,100,2963,4.61,0,0.0,0.0,0,8.974266e+06,7.7452e+06,1.229066e+06,2.79,654304.0,0.475,6.514,37.0,76356526.0,42.5,42.5,4.913360765366707e+21,2.280925919654707e+16,0,0.0,0.0,0,0,1407,112,95,12,4,4,0.85,0.08,19.47
A_k6,A_K,16,0.0625,random,0.052,25.0,unreal,10.0,6,rs,0.0,month,0.0,0,0,0.92,entrant,signal,none,rs,1,0.0,7014,22.04,-32.11,0.686,1.234,752,34.7,47.3,38.18,-11.13,12.212,15,73.39,20.36,-31.78,23.71,-32.11,21.73,-23.68,1880,506,84,986,1980,752,99,2965,4.57,0,0.0,0.0,0,9.991652e+06,8.394814e+06,1.596836e+06,2.834,670590.0,0.475,6.905,36.2,81960412.0,45.8,45.8,1.0264391475620441e+22,3.6013532705193984e+16,0,0.0,0.0,0,0,1413,110,96,9,4,4,0.64,0.078,19.62
A_k6,A_K,16,0.0625,random,0.052,25.0,unreal,10.0,6,rs,0.0,month,0.0,0,0,0.92,entrant,signal,none,rs,1,0.0,7015,22.1,-31.78,0.695,1.252,749,34.5,47.0,38.3,-10.88,12.236,15,73.37,20.36,-31.78,23.84,-30.72,22.83,-23.9,1880,530,84,1072,1900,749,102,2971,4.7,0,0.0,0.0,0,9.776375e+06,8.158587e+06,1.617788e+06,2.792,680496.0,0.477,6.727,36.4,82584733.0,44.3,44.3,1.472979157095158e+22,5.168078742198682e+16,0,0.0,0.0,0,0,1413,110,99,9,2,3,0.64,0.078,19.62
A_k6,A_K,16,0.0625,random,0.052,25.0,unreal,10.0,6,rs,0.0,month,0.0,0,0,0.92,entrant,signal,none,rs,1,0.0,7016,21.97,-31.78,0.691,1.239,759,35.0,46.5,38.47,-11.0,12.007,15,73.29,20.36,-31.78,23.56,-31.0,16.62,-29.38,1880,506,84,995,1962,759,97,2956,4.47,0,0.0,0.0,0,1.04841e+07,9.200443e+06,1.283658e+06,2.899,684676.0,0.508,7.461,37.2,81413497.0,45.0,45.0,9.235997878410109e+21,4.28762333142057e+16,0,0.0,0.0,0,0,1404,104,94,8,2,3,0.57,0.074,19.47
A_k6,A_K,16,0.0625,random,0.052,25.0,unreal,10.0,6,rs,0.0,month,0.0,0,0,0.92,entrant,signal,none,rs,1,0.0,7017,21.22,-32.58,0.652,1.202,760,35.0,46.6,37.58,-11.0,11.629,15,73.18,20.36,-31.78,22.04,-32.58,16.29,-32.58,1880,513,84,1011,1945,760,97,2955,4.47,0,0.0,0.0,0,9.417935e+06,8.173818e+06,1.244118e+06,2.87,697122.0,0.483,6.387,36.8,71213848.0,44.3,44.3,1.796076767479442e+21,8337920406585344.0,0,0.0,0.0,0,0,1404,106,94,8,2,5,0.57,0.075,19.47
A_k6,A_K,16,0.0625,random,0.052,25.0,unreal,10.0,6,rs,0.0,month,0.0,0,0,0.92,entrant,signal,none,rs,1,0.0,7018,22.72,-32.11,0.708,1.252,755,34.8,47.4,38.46,-11.11,12.395,15,73.28,20.36,-31.78,25.11,-32.11,22.86,-26.68,1880,512,84,998,1968,755,102,2965,4.7,0,0.0,0.0,0,1.1565008e+07,1.0272178e+07,1.292831e+06,2.869,673055.0,0.5,7.269,37.5,93047228.0,43.7,43.7,6.915555099924405e+22,3.210403185206231e+17,0,0.0,0.0,0,0,1410,116,99,13,3,4,0.92,0.082,19.46
A_k6,A_K,16,0.0625,random,0.052,25.0,unreal,10.0,6,rs,0.0,month,0.0,0,0,0.92,entrant,signal,none,rs,1,0.0,7019,22.72,-32.21,0.705,1.27,748,34.5,47.2,38.71,-10.93,12.499,15,73.24,20.36,-31.78,25.11,-32.21,25.72,-28.34,1880,524,93,1011,1955,748,95,2964,4.38,0,0.0,0.0,0,1.1210094e+07,9.869774e+06,1.34032e+06,2.816,680774.0,0.511,7.445,37.7,92708969.0,43.7,43.7,9.15254392551512e+22,4.248880235329618e+17,0,0.0,0.0,0,0,1410,105,92,10,2,4,0.71,0.074,19.46
A_k6,A_K,16,0.0625,random,0.052,25.0,unreal,10.0,6,rs,0.0,month,0.0,0,0,0.92,entrant,signal,none,rs,1,0.0,7020,21.79,-31.78,0.686,1.237,754,34.8,46.7,38.34,-10.9,12.087,15,73.27,20.36,-31.78,23.19,-31.0,20.28,-27.78,1880,540,84,1052,1910,754,97,2961,4.47,0,0.0,0.0,0,9.890046e+06,8.281308e+06,1.608738e+06,2.832,680376.0,0.508,6.717,37.1,78500471.0,39.4,39.4,1.196403421239137e+22,4.880614433593754e+16,0,0.0,0.0,0,0,1407,111,97,12,2,3,0.85,0.079,19.62
A_k6,A_K,16,0.0625,random,0.052,25.0,unreal,10.0,6,rs,0.0,month,0.0,0,0,0.92,entrant,signal,none,rs,1,0.0,7021,23.69,-31.78,0.745,1.299,752,34.7,46.8,40.24,-11.06,12.954,15,73.5,20.36,-31.78,27.12,-31.28,24.62,-24.52,1880,536,84,1047,1918,752,98,2964,4.52,0,0.0,0.0,0,1.1923122e+07,9.899765e+06,2.023356e+06,2.88,673919.0,0.543,7.864,37.9,109110048.0,48.2,48.2,2.4639559253633726e+23,7.83116230486655e+17,0,0.0,0.0,0,0,1412,111,99,10,1,4,0.71,0.079,25.75
A_k6,A_K,16,0.0625,random,0.052,25.0,unreal,10.0,6,rs,0.0,month,0.0,0,0,0.92,entrant,signal,none,rs,1,0.0,7022,22.6,-31.78,0.711,1.269,752,34.7,47.3,38.15,-10.88,12.332,15,73.23,20.36,-31.78,24.85,-30.72,24.55,-25.54,1880,507,84,982,1981,752,96,2962,4.43,0,0.0,0.0,0,1.0940322e+07,9.618597e+06,1.321725e+06,2.842,683881.0,0.489,7.57,37.4,90543935.0,42.9,42.9,6.576805594952665e+22,3.0531445038514176e+17,0,0.0,0.0,0,0,1409,106,93,10,2,4,0.71,0.075,19.47
A_k6,A_K,16,0.0625,random,0.052,25.0,unreal,10.0,6,rs,0.0,month,0.0,0,0,0.92,entrant,signal,none,rs,1,0.0,7023,21.92,-31.78,0.69,1.226,754,34.8,46.9,38.35,-11.09,12.12,15,73.23,19.93,-31.78,23.92,-31.47,19.97,-22.73,1880,505,84,997,1965,754,97,2961,4.47,0,0.0,0.0,0,1.0055543e+07,8.493913e+06,1.561629e+06,2.834,656932.0,0.464,6.839,36.2,80489488.0,40.4,40.4,1.2175499606994645e+22,4.966874986263347e+16,0,0.0,0.0,0,0,1407,105,94,8,2,4,0.57,0.075,19.62
A_k6,A_K,16,0.0625,random,0.052,25.0,unreal,10.0,6,rs,0.0,month,0.0,0,0,0.92,entrant,signal,none,rs,1,0.0,7024,22.08,-31.78,0.695,1.249,754,34.8,47.5,37.64,-11.02,12.086,15,73.1,19.93,-31.78,24.24,-31.47,22.55,-19.0,1880,527,84,1043,1918,754,96,2960,4.43,0,0.0,0.0,0,9.781056e+06,8.585716e+06,1.19534e+06,2.801,656932.0,0.464,6.157,36.3,82268736.0,43.1,43.1,1.969968602244067e+22,9.145170784157696e+16,0,0.0,0.0,0,0,1405,102,93,8,1,3,0.57,0.073,19.47
A_k6,A_K,16,0.0625,random,0.052,25.0,unreal,10.0,6,rs,0.0,month,0.0,0,0,0.92,entrant,signal,none,rs,1,0.0,7025,22.55,-31.78,0.71,1.252,750,34.6,47.5,38.51,-11.04,12.478,15,73.24,19.93,-31.78,25.22,-31.0,23.8,-22.72,1880,511,84,1007,1961,750,99,2967,4.57,0,0.0,0.0,0,1.0229641e+07,8.679066e+06,1.550574e+06,2.796,648116.0,0.48,6.877,37.2,89338357.0,42.7,42.7,5.580871917236587e+22,1.9580999856606413e+17,0,0.0,0.0,0,0,1406,108,97,9,2,3,0.64,0.077,19.62
A_k6,A_K,16,0.0625,random,0.052,25.0,unreal,10.0,6,rs,0.0,month,0.0,0,0,0.92,entrant,signal,none,rs,1,0.0,7026,23.36,-31.78,0.735,1.284,741,34.2,47.8,39.23,-11.03,12.984,15,73.29,20.36,-31.78,26.44,-31.48,24.46,-20.82,1880,509,84,1004,1970,741,96,2973,4.43,0,0.0,0.0,0,1.2553352e+07,1.0858856e+07,1.694497e+06,2.768,684091.0,0.577,8.135,39.5,104118392.0,40.7,40.7,4.675151104664263e+23,1.9071853817495552e+18,0,0.0,0.0,0,0,1415,110,97,10,2,4,0.71,0.078,19.62
A_k6,A_K,16,0.0625,random,0.052,25.0,unreal,10.0,6,rs,0.0,month,0.0,0,0,0.92,entrant,signal,none,rs,1,0.0,7027,21.76,-31.78,0.685,1.233,755,34.8,47.5,37.23,-11.04,11.914,15,73.44,20.36,-31.78,23.14,-31.28,21.35,-23.2,1880,540,84,1064,1894,755,94,2957,4.33,0,0.0,0.0,0,9.355848e+06,8.087039e+06,1.268808e+06,2.825,674783.0,0.479,6.386,36.3,77813067.0,44.1,44.1,7.230994761354811e+21,3.3568390643712e+16,0,0.0,0.0,0,0,1406,102,91,9,1,4,0.64,0.073,19.47
A_k6,A_K,16,0.0625,random,0.052,25.0,unreal,10.0,6,rs,0.0,month,0.0,0,0,0.92,entrant,signal,none,rs,1,0.0,7028,21.59,-31.78,0.679,1.212,744,34.3,47.2,38.04,-11.04,12.111,15,73.3,20.36,-31.78,22.78,-31.0,17.04,-23.92,1880,510,84,1000,1974,744,99,2973,4.57,0,0.0,0.0,0,9.382098e+06,7.794172e+06,1.587926e+06,2.733,669723.0,0.484,6.424,37.1,75550257.0,40.7,40.7,5.414794362627906e+21,2.208913706241229e+16,0,0.0,0.0,0,0,1411,112,99,9,3,4,0.64,0.079,19.62
A_k6,A_K,16,0.0625,random,0.052,25.0,unreal,10.0,6,rs,0.0,month,0.0,0,0,0.92,entrant,signal,none,rs,1,0.0,7029,21.67,-31.78,0.682,1.224,755,34.8,46.2,38.56,-11.15,11.831,15,73.29,19.93,-31.78,23.39,-30.73,17.28,-21.76,1880,507,84,984,1979,755,99,2962,4.57,0,0.0,0.0,0,9.320081e+06,7.779688e+06,1.540394e+06,2.8,652999.0,0.475,6.178,36.2,76534819.0,46.8,46.8,2.093348542095565e+21,1.0195336458928128e+16,0,0.0,0.0,0,0,1404,108,96,10,1,4,0.71,0.077,26.15
A_k6,A_K,16,0.0625,random,0.052,25.0,unreal,10.0,6,rs,0.0,month,0.0,0,0,0.92,entrant,signal,none,rs,1,0.0,7030,22.98,-31.78,0.723,1.262,744,34.3,47.7,38.8,-10.97,12.774,15,73.35,20.36,-31.78,25.66,-30.72,26.21,-27.27,1880,523,84,1019,1949,744,93,2967,4.29,0,0.0,0.0,0,1.180417e+07,1.0486054e+07,1.318116e+06,2.767,677600.0,0.521,7.794,37.8,97327239.0,42.1,42.1,2.8112070554956853e+23,1.3050433363561677e+18,0,0.0,0.0,0,0,1406,98,89,8,1,3,0.57,0.07,19.47
A_kall,A_K,16,0.0625,random,0.052,25.0,unreal,10.0,99,rs,0.0,month,0.0,0,0,0.92,entrant,signal,none,rs,1,0.0,7001,21.69,-31.78,0.683,1.219,749,34.5,47.5,37.62,-11.21,11.998,15,73.29,19.93,-31.78,23.45,-31.31,19.05,-20.54,1880,515,84,1011,1954,749,95,2964,4.38,0,0.0,0.0,0,9.857422e+06,8.680522e+06,1.1769e+06,2.764,641815.0,0.461,6.421,36.0,77398216.0,39.9,39.9,8.563899810319752e+21,4.717073245877043e+16,0,0.0,0.0,0,0,1406,104,92,8,3,4,0.57,0.074,19.47
A_kall,A_K,16,0.0625,random,0.052,25.0,unreal,10.0,99,rs,0.0,month,0.0,0,0,0.92,entrant,signal,none,rs,1,0.0,7002,22.75,-31.78,0.716,1.254,735,33.9,48.0,38.15,-10.96,12.623,15,73.45,20.36,-31.78,25.18,-31.48,17.08,-23.08,1880,498,84,983,1990,735,89,2972,4.1,0,0.0,0.0,0,1.1160386e+07,9.58168e+06,1.578705e+06,2.713,681225.0,0.48,6.921,37.1,93197490.0,46.6,46.6,8.457398911511676e+22,4.119057461464269e+17,0,0.0,0.0,0,0,1416,95,87,7,1,3,0.49,0.067,25.26
A_kall,A_K,16,0.0625,random,0.052,25.0,unreal,10.0,99,rs,0.0,month,0.0,0,0,0.92,entrant,signal,none,rs,1,0.0,7003,22.05,-31.78,0.694,1.237,749,34.5,47.4,37.91,-11.01,12.177,15,73.24,20.36,-31.78,23.72,-30.72,20.76,-26.92,1880,507,84,980,1984,749,94,2963,4.33,0,0.0,0.0,0,1.0201098e+07,8.939938e+06,1.261159e+06,2.805,680496.0,0.48,7.085,37.1,82188048.0,42.5,42.5,1.9583310756269603e+22,9.091142672554394e+16,0,0.0,0.0,0,0,1411,103,91,9,2,4,0.64,0.073,19.47
A_kall,A_K,16,0.0625,random,0.052,25.0,unreal,10.0,99,rs,0.0,month,0.0,0,0,0.92,entrant,signal,none,rs,1,0.0,7004,22.53,-31.78,0.709,1.245,758,35.0,46.7,38.96,-11.05,12.302,15,73.11,19.93,-31.78,25.17,-31.47,20.3,-29.48,1880,499,84,976,1985,758,100,2960,4.61,0,0.0,0.0,0,1.1995021e+07,1.0712684e+07,1.282337e+06,2.889,663154.0,0.513,7.3,37.5,90633088.0,45.1,45.1,3.9362248873152925e+22,1.8273127339393024e+17,0,0.0,0.0,0,0,1406,109,96,10,3,3,0.71,0.078,19.47
A_kall,A_K,16,0.0625,random,0.052,25.0,unreal,10.0,99,rs,0.0,month,0.0,0,0,0.92,entrant,signal,none,rs,1,0.0,7005,21.61,-32.41,0.667,1.233,751,34.6,47.4,37.35,-10.97,11.937,15,73.32,20.36,-31.78,22.82,-32.41,19.5,-30.11,1880,542,93,1073,1887,751,92,2958,4.24,0,0.0,0.0,0,1.0048243e+07,8.77906e+06,1.269184e+06,2.821,674582.0,0.492,6.72,37.4,76453380.0,44.0,44.0,6.89678488480746e+21,3.2016913164926976e+16,0,0.0,0.0,0,0,1406,104,91,9,3,4,0.64,0.074,19.47
A_kall,A_K,16,0.0625,random,0.052,25.0,unreal,10.0,99,rs,0.0,month,0.0,0,0,0.92,entrant,signal,none,rs,1,0.0,7006,22.65,-32.11,0.705,1.265,749,34.5,47.1,38.71,-10.99,12.436,15,73.25,20.36,-31.78,24.97,-32.11,25.48,-28.23,1880,508,84,987,1975,749,92,2961,4.24,0,0.0,0.0,0,1.0955051e+07,9.666948e+06,1.288103e+06,2.807,669189.0,0.509,7.598,37.5,91416918.0,41.9,41.9,6.78399955048936e+22,3.149331842633564e+17,0,0.0,0.0,0,0,1405,97,88,8,1,3,0.57,0.069,19.46
A_kall,A_K,16,0.0625,random,0.052,25.0,unreal,10.0,99,rs,0.0,month,0.0,0,0,0.92,entrant,signal,none,rs,1,0.0,7007,23.2,-32.21,0.72,1.277,751,34.6,47.0,39.17,-10.96,12.605,15,73.47,20.36,-31.78,26.1,-32.21,19.23,-23.1,1880,515,93,989,1980,751,101,2967,4.66,0,0.0,0.0,0,1.1981307e+07,1.0492772e+07,1.488534e+06,2.884,683477.0,0.529,7.825,38.1,100900662.0,51.7,51.7,8.738874788942258e+22,3.660595128822661e+17,0,0.0,0.0,0,0,1411,109,98,9,2,3,0.64,0.077,25.53
A_kall,A_K,16,0.0625,random,0.052,25.0,unreal,10.0,99,rs,0.0,month,0.0,0,0,0.92,entrant,signal,none,rs,1,0.0,7008,22.7,-31.78,0.714,1.28,756,34.9,47.2,38.71,-11.06,12.442,15,73.34,19.93,-31.78,25.52,-31.0,25.32,-20.83,1880,545,84,1106,1857,756,100,2962,4.61,0,0.0,0.0,0,1.0795094e+07,9.1871e+06,1.607995e+06,2.867,651661.0,0.497,7.471,37.6,91988434.0,45.4,45.4,4.519606771526059e+22,1.5857421265770906e+17,0,0.0,0.0,0,0,1412,114,101,11,2,3,0.78,0.081,19.62
A_kall,A_K,16,0.0625,random,0.052,25.0,unreal,10.0,99,rs,0.0,month,0.0,0,0,0.92,entrant,signal,none,rs,1,0.0,7009,23.48,-31.78,0.739,1.291,752,34.7,46.5,40.19,-10.93,12.862,15,73.44,20.36,-31.78,26.69,-30.72,24.66,-24.44,1880,531,84,1038,1933,752,104,2970,4.8,0,0.0,0.0,0,1.1491241e+07,9.57522e+06,1.91602e+06,2.872,683550.0,0.537,7.719,37.9,105157491.0,48.7,48.7,1.557043730545624e+23,4.9487307251227034e+17,0,0.0,0.0,0,0,1415,117,105,11,1,3,0.78,0.083,25.56
A_kall,A_K,16,0.0625,random,0.052,25.0,unreal,10.0,99,rs,0.0,month,0.0,0,0,0.92,entrant,signal,none,rs,1,0.0,7010,22.91,-31.78,0.721,1.26,757,34.9,47.2,38.74,-11.05,12.431,15,73.37,20.36,-31.78,25.5,-31.48,24.11,-22.46,1880,505,84,993,1970,757,101,2962,4.66,0,0.0,0.0,0,1.185039e+07,1.0514205e+07,1.336186e+06,2.902,695338.0,0.522,7.957,37.8,96230178.0,45.6,45.6,8.6084361322148e+22,3.996294239444009e+17,0,0.0,0.0,0,0,1413,110,98,8,3,4,0.57,0.078,19.47
A_kall,A_K,16,0.0625,random,0.052,25.0,unreal,10.0,99,rs,0.0,month,0.0,0,0,0.92,entrant,signal,none,rs,1,0.0,7011,20.99,-31.78,0.661,1.198,757,34.9,46.4,37.68,-10.98,11.579,15,72.99,19.93,-31.78,22.01,-31.47,16.99,-30.49,1880,527,84,1032,1928,757,98,2959,4.52,0,0.0,0.0,0,9.388462e+06,8.19896e+06,1.189502e+06,2.807,658948.0,0.461,6.146,36.1,68550979.0,39.7,39.7,1.5474010846424602e+21,8523230528667648.0,0,0.0,0.0,0,0,1402,108,94,11,3,3,0.78,0.077,19.47
A_kall,A_K,16,0.0625,random,0.052,25.0,unreal,10.0,99,rs,0.0,month,0.0,0,0,0.92,entrant,signal,none,rs,1,0.0,7012,22.06,-31.78,0.694,1.243,762,35.1,46.5,38.25,-10.88,11.947,15,73.11,19.93,-31.78,24.2,-31.47,19.55,-24.72,1880,523,84,1020,1935,762,98,2954,4.52,0,0.0,0.0,0,1.0235201e+07,8.98263e+06,1.25257e+06,2.879,670141.0,0.491,6.902,37.0,82407558.0,43.4,43.4,1.2216788608378378e+22,5.671392215721574e+16,0,0.0,0.0,0,0,1403,105,94,9,1,4,0.64,0.075,19.47
A_kall,A_K,16,0.0625,random,0.052,25.0,unreal,10.0,99,rs,0.0,month,0.0,0,0,0.92,entrant,signal,none,rs,1,0.0,7013,21.68,-32.22,0.673,1.222,754,34.8,46.8,38.1,-11.11,11.929,15,73.18,19.93,-31.78,23.42,-32.22,25.12,-26.51,1880,519,93,1019,1946,754,100,2963,4.61,0,0.0,0.0,0,8.974266e+06,7.7452e+06,1.229066e+06,2.79,654304.0,0.475,6.514,37.0,76356526.0,42.5,42.5,4.913360765366707e+21,2.280925919654707e+16,0,0.0,0.0,0,0,1407,112,95,12,4,4,0.85,0.08,19.47
A_kall,A_K,16,0.0625,random,0.052,25.0,unreal,10.0,99,rs,0.0,month,0.0,0,0,0.92,entrant,signal,none,rs,1,0.0,7014,22.04,-32.11,0.686,1.234,752,34.7,47.3,38.18,-11.13,12.212,15,73.39,20.36,-31.78,23.71,-32.11,21.73,-23.68,1880,506,84,986,1980,752,99,2965,4.57,0,0.0,0.0,0,9.991652e+06,8.394814e+06,1.596836e+06,2.834,670590.0,0.475,6.905,36.2,81960412.0,45.8,45.8,1.0264391475620441e+22,3.6013532705193984e+16,0,0.0,0.0,0,0,1413,110,96,9,4,4,0.64,0.078,19.62
A_kall,A_K,16,0.0625,random,0.052,25.0,unreal,10.0,99,rs,0.0,month,0.0,0,0,0.92,entrant,signal,none,rs,1,0.0,7015,22.1,-31.78,0.695,1.252,749,34.5,47.0,38.3,-10.88,12.236,15,73.37,20.36,-31.78,23.84,-30.72,22.83,-23.9,1880,530,84,1072,1900,749,102,2971,4.7,0,0.0,0.0,0,9.776375e+06,8.158587e+06,1.617788e+06,2.792,680496.0,0.477,6.727,36.4,82584733.0,44.3,44.3,1.472979157095158e+22,5.168078742198682e+16,0,0.0,0.0,0,0,1413,110,99,9,2,3,0.64,0.078,19.62
A_kall,A_K,16,0.0625,random,0.052,25.0,unreal,10.0,99,rs,0.0,month,0.0,0,0,0.92,entrant,signal,none,rs,1,0.0,7016,21.97,-31.78,0.691,1.239,759,35.0,46.5,38.47,-11.0,12.007,15,73.29,20.36,-31.78,23.56,-31.0,16.62,-29.38,1880,506,84,995,1962,759,97,2956,4.47,0,0.0,0.0,0,1.04841e+07,9.200443e+06,1.283658e+06,2.899,684676.0,0.508,7.461,37.2,81413497.0,45.0,45.0,9.235997878410109e+21,4.28762333142057e+16,0,0.0,0.0,0,0,1404,104,94,8,2,3,0.57,0.074,19.47
A_kall,A_K,16,0.0625,random,0.052,25.0,unreal,10.0,99,rs,0.0,month,0.0,0,0,0.92,entrant,signal,none,rs,1,0.0,7017,21.22,-32.58,0.652,1.202,760,35.0,46.6,37.58,-11.0,11.629,15,73.18,20.36,-31.78,22.04,-32.58,16.29,-32.58,1880,513,84,1011,1945,760,97,2955,4.47,0,0.0,0.0,0,9.417935e+06,8.173818e+06,1.244118e+06,2.87,697122.0,0.483,6.387,36.8,71213848.0,44.3,44.3,1.796076767479442e+21,8337920406585344.0,0,0.0,0.0,0,0,1404,106,94,8,2,5,0.57,0.075,19.47
A_kall,A_K,16,0.0625,random,0.052,25.0,unreal,10.0,99,rs,0.0,month,0.0,0,0,0.92,entrant,signal,none,rs,1,0.0,7018,22.72,-32.11,0.708,1.252,755,34.8,47.4,38.46,-11.11,12.395,15,73.28,20.36,-31.78,25.11,-32.11,22.86,-26.68,1880,512,84,998,1968,755,102,2965,4.7,0,0.0,0.0,0,1.1565008e+07,1.0272178e+07,1.292831e+06,2.869,673055.0,0.5,7.269,37.5,93047228.0,43.7,43.7,6.915555099924405e+22,3.210403185206231e+17,0,0.0,0.0,0,0,1410,116,99,13,3,4,0.92,0.082,19.46
A_kall,A_K,16,0.0625,random,0.052,25.0,unreal,10.0,99,rs,0.0,month,0.0,0,0,0.92,entrant,signal,none,rs,1,0.0,7019,22.72,-32.21,0.705,1.27,748,34.5,47.2,38.71,-10.93,12.499,15,73.24,20.36,-31.78,25.11,-32.21,25.72,-28.34,1880,524,93,1011,1955,748,95,2964,4.38,0,0.0,0.0,0,1.1210094e+07,9.869774e+06,1.34032e+06,2.816,680774.0,0.511,7.445,37.7,92708969.0,43.7,43.7,9.15254392551512e+22,4.248880235329618e+17,0,0.0,0.0,0,0,1410,105,92,10,2,4,0.71,0.074,19.46
A_kall,A_K,16,0.0625,random,0.052,25.0,unreal,10.0,99,rs,0.0,month,0.0,0,0,0.92,entrant,signal,none,rs,1,0.0,7020,21.79,-31.78,0.686,1.237,754,34.8,46.7,38.34,-10.9,12.087,15,73.27,20.36,-31.78,23.19,-31.0,20.28,-27.78,1880,540,84,1052,1910,754,97,2961,4.47,0,0.0,0.0,0,9.890046e+06,8.281308e+06,1.608738e+06,2.832,680376.0,0.508,6.717,37.1,78500471.0,39.4,39.4,1.196403421239137e+22,4.880614433593754e+16,0,0.0,0.0,0,0,1407,111,97,12,2,3,0.85,0.079,19.62
A_kall,A_K,16,0.0625,random,0.052,25.0,unreal,10.0,99,rs,0.0,month,0.0,0,0,0.92,entrant,signal,none,rs,1,0.0,7021,23.69,-31.78,0.745,1.299,752,34.7,46.8,40.24,-11.06,12.954,15,73.5,20.36,-31.78,27.12,-31.28,24.62,-24.52,1880,536,84,1047,1918,752,98,2964,4.52,0,0.0,0.0,0,1.1923122e+07,9.899765e+06,2.023356e+06,2.88,673919.0,0.543,7.864,37.9,109110048.0,48.2,48.2,2.4639559253633726e+23,7.83116230486655e+17,0,0.0,0.0,0,0,1412,111,99,10,1,4,0.71,0.079,25.75
A_kall,A_K,16,0.0625,random,0.052,25.0,unreal,10.0,99,rs,0.0,month,0.0,0,0,0.92,entrant,signal,none,rs,1,0.0,7022,22.6,-31.78,0.711,1.269,752,34.7,47.3,38.15,-10.88,12.332,15,73.23,20.36,-31.78,24.85,-30.72,24.55,-25.54,1880,507,84,982,1981,752,96,2962,4.43,0,0.0,0.0,0,1.0940322e+07,9.618597e+06,1.321725e+06,2.842,683881.0,0.489,7.57,37.4,90543935.0,42.9,42.9,6.576805594952665e+22,3.0531445038514176e+17,0,0.0,0.0,0,0,1409,106,93,10,2,4,0.71,0.075,19.47
A_kall,A_K,16,0.0625,random,0.052,25.0,unreal,10.0,99,rs,0.0,month,0.0,0,0,0.92,entrant,signal,none,rs,1,0.0,7023,21.92,-31.78,0.69,1.226,754,34.8,46.9,38.35,-11.09,12.12,15,73.23,19.93,-31.78,23.92,-31.47,19.97,-22.73,1880,505,84,997,1965,754,97,2961,4.47,0,0.0,0.0,0,1.0055543e+07,8.493913e+06,1.561629e+06,2.834,656932.0,0.464,6.839,36.2,80489488.0,40.4,40.4,1.2175499606994645e+22,4.966874986263347e+16,0,0.0,0.0,0,0,1407,105,94,8,2,4,0.57,0.075,19.62
A_kall,A_K,16,0.0625,random,0.052,25.0,unreal,10.0,99,rs,0.0,month,0.0,0,0,0.92,entrant,signal,none,rs,1,0.0,7024,22.08,-31.78,0.695,1.249,754,34.8,47.5,37.64,-11.02,12.086,15,73.1,19.93,-31.78,24.24,-31.47,22.55,-19.0,1880,527,84,1043,1918,754,96,2960,4.43,0,0.0,0.0,0,9.781056e+06,8.585716e+06,1.19534e+06,2.801,656932.0,0.464,6.157,36.3,82268736.0,43.1,43.1,1.969968602244067e+22,9.145170784157696e+16,0,0.0,0.0,0,0,1405,102,93,8,1,3,0.57,0.073,19.47
A_kall,A_K,16,0.0625,random,0.052,25.0,unreal,10.0,99,rs,0.0,month,0.0,0,0,0.92,entrant,signal,none,rs,1,0.0,7025,22.55,-31.78,0.71,1.252,750,34.6,47.5,38.51,-11.04,12.478,15,73.24,19.93,-31.78,25.22,-31.0,23.8,-22.72,1880,511,84,1007,1961,750,99,2967,4.57,0,0.0,0.0,0,1.0229641e+07,8.679066e+06,1.550574e+06,2.796,648116.0,0.48,6.877,37.2,89338357.0,42.7,42.7,5.580871917236587e+22,1.9580999856606413e+17,0,0.0,0.0,0,0,1406,108,97,9,2,3,0.64,0.077,19.62
A_kall,A_K,16,0.0625,random,0.052,25.0,unreal,10.0,99,rs,0.0,month,0.0,0,0,0.92,entrant,signal,none,rs,1,0.0,7026,23.36,-31.78,0.735,1.284,741,34.2,47.8,39.23,-11.03,12.984,15,73.29,20.36,-31.78,26.44,-31.48,24.46,-20.82,1880,509,84,1004,1970,741,96,2973,4.43,0,0.0,0.0,0,1.2553352e+07,1.0858856e+07,1.694497e+06,2.768,684091.0,0.577,8.135,39.5,104118392.0,40.7,40.7,4.675151104664263e+23,1.9071853817495552e+18,0,0.0,0.0,0,0,1415,110,97,10,2,4,0.71,0.078,19.62
A_kall,A_K,16,0.0625,random,0.052,25.0,unreal,10.0,99,rs,0.0,month,0.0,0,0,0.92,entrant,signal,none,rs,1,0.0,7027,21.76,-31.78,0.685,1.233,755,34.8,47.5,37.23,-11.04,11.914,15,73.44,20.36,-31.78,23.14,-31.28,21.35,-23.2,1880,540,84,1064,1894,755,94,2957,4.33,0,0.0,0.0,0,9.355848e+06,8.087039e+06,1.268808e+06,2.825,674783.0,0.479,6.386,36.3,77813067.0,44.1,44.1,7.230994761354811e+21,3.3568390643712e+16,0,0.0,0.0,0,0,1406,102,91,9,1,4,0.64,0.073,19.47
A_kall,A_K,16,0.0625,random,0.052,25.0,unreal,10.0,99,rs,0.0,month,0.0,0,0,0.92,entrant,signal,none,rs,1,0.0,7028,21.59,-31.78,0.679,1.212,744,34.3,47.2,38.04,-11.04,12.111,15,73.3,20.36,-31.78,22.78,-31.0,17.04,-23.92,1880,510,84,1000,1974,744,99,2973,4.57,0,0.0,0.0,0,9.382098e+06,7.794172e+06,1.587926e+06,2.733,669723.0,0.484,6.424,37.1,75550257.0,40.7,40.7,5.414794362627906e+21,2.208913706241229e+16,0,0.0,0.0,0,0,1411,112,99,9,3,4,0.64,0.079,19.62
A_kall,A_K,16,0.0625,random,0.052,25.0,unreal,10.0,99,rs,0.0,month,0.0,0,0,0.92,entrant,signal,none,rs,1,0.0,7029,21.67,-31.78,0.682,1.224,755,34.8,46.2,38.56,-11.15,11.831,15,73.29,19.93,-31.78,23.39,-30.73,17.28,-21.76,1880,507,84,984,1979,755,99,2962,4.57,0,0.0,0.0,0,9.320081e+06,7.779688e+06,1.540394e+06,2.8,652999.0,0.475,6.178,36.2,76534819.0,46.8,46.8,2.093348542095565e+21,1.0195336458928128e+16,0,0.0,0.0,0,0,1404,108,96,10,1,4,0.71,0.077,26.15
A_kall,A_K,16,0.0625,random,0.052,25.0,unreal,10.0,99,rs,0.0,month,0.0,0,0,0.92,entrant,signal,none,rs,1,0.0,7030,22.98,-31.78,0.723,1.262,744,34.3,47.7,38.8,-10.97,12.774,15,73.35,20.36,-31.78,25.66,-30.72,26.21,-27.27,1880,523,84,1019,1949,744,93,2967,4.29,0,0.0,0.0,0,1.180417e+07,1.0486054e+07,1.318116e+06,2.767,677600.0,0.521,7.794,37.8,97327239.0,42.1,42.1,2.8112070554956853e+23,1.3050433363561677e+18,0,0.0,0.0,0,0,1406,98,89,8,1,3,0.57,0.07,19.47
A_k2_m075,A_MARGIN,16,0.0625,random,0.052,25.0,unreal,7.5,2,rs,0.0,month,0.0,0,0,0.92,entrant,signal,none,rs,1,0.0,7001,21.75,-32.13,0.677,1.197,776,35.8,45.9,36.69,-10.05,11.397,16,72.88,21.43,-32.13,21.95,-30.67,17.5,-21.86,1880,468,36,929,2054,776,140,2982,6.46,0,0.0,0.0,0,1.0301148e+07,9.002654e+06,1.298493e+06,2.861,762492.0,0.523,6.486,39.2,78361776.0,34.9,34.9,4.83449620567199e+22,4.457989479868662e+17,0,0.0,0.0,0,0,1425,160,133,22,5,3,1.54,0.112,19.33
A_k2_m075,A_MARGIN,16,0.0625,random,0.052,25.0,unreal,7.5,2,rs,0.0,month,0.0,0,0,0.92,entrant,signal,none,rs,1,0.0,7002,21.97,-32.13,0.684,1.225,785,36.2,45.6,36.59,-9.96,11.267,16,73.22,21.52,-32.13,22.31,-30.68,20.56,-18.18,1880,465,36,923,2064,785,153,2986,7.06,0,0.0,0.0,0,1.0151271e+07,8.00279e+06,2.14848e+06,2.96,775398.0,0.551,6.689,40.0,81215604.0,40.2,40.2,3.428474428626754e+22,2.7044321577192653e+17,0,0.0,0.0,0,0,1424,175,145,24,6,3,1.69,0.123,25.2
A_k2_m075,A_MARGIN,16,0.0625,random,0.052,25.0,unreal,7.5,2,rs,0.0,month,0.0,0,0,0.92,entrant,signal,none,rs,1,0.0,7003,22.74,-32.13,0.708,1.248,771,35.6,45.4,38.32,-10.07,11.897,15,73.14,21.52,-32.13,23.87,-30.68,14.57,-20.56,1880,454,36,891,2100,771,143,2987,6.59,0,0.0,0.0,0,1.1401209e+07,9.033714e+06,2.367494e+06,2.878,766019.0,0.541,6.659,39.9,93058808.0,42.6,42.6,1.3554341484748757e+23,7.918617459739853e+17,0,0.0,0.0,0,0,1429,167,132,27,6,4,1.89,0.117,25.43
A_k2_m075,A_MARGIN,16,0.0625,random,0.052,25.0,unreal,7.5,2,rs,0.0,month,0.0,0,0,0.92,entrant,signal,none,rs,1,0.0,7004,22.05,-32.13,0.686,1.206,782,36.1,45.3,37.25,-10.01,11.382,16,73.1,21.52,-32.13,22.47,-30.68,19.61,-19.11,1880,458,36,913,2071,782,147,2983,6.78,0,0.0,0.0,0,1.0548829e+07,8.597926e+06,1.950903e+06,2.948,774134.0,0.542,6.529,39.5,82558387.0,42.5,42.5,3.385043740440225e+22,2.6701744677742182e+17,0,0.0,0.0,0,0,1419,167,138,24,5,3,1.69,0.118,26.46
A_k2_m075,A_MARGIN,16,0.0625,random,0.052,25.0,unreal,7.5,2,rs,0.0,month,0.0,0,0,0.92,entrant,signal,none,rs,1,0.0,7005,21.87,-32.13,0.681,1.224,776,35.8,46.1,36.4,-10.02,11.393,16,72.95,21.52,-32.13,22.1,-30.68,17.55,-24.46,1880,485,36,955,2030,776,142,2984,6.55,0,0.0,0.0,0,9.914888e+06,8.566331e+06,1.348556e+06,2.878,769952.0,0.544,6.626,40.2,79458807.0,35.5,35.5,5.521762172127349e+22,5.091729771457413e+17,0,0.0,0.0,0,0,1423,164,136,24,4,3,1.69,0.115,19.33
A_k2_m075,A_MARGIN,16,0.0625,random,0.052,25.0,unreal,7.5,2,rs,0.0,month,0.0,0,0,0.92,entrant,signal,none,rs,1,0.0,7006,21.89,-32.13,0.681,1.198,785,36.2,45.1,37.12,-9.98,11.261,16,73.15,21.52,-32.13,22.14,-30.68,16.8,-18.99,1880,454,36,901,2084,785,151,2984,6.96,0,0.0,0.0,0,1.0270956e+07,8.341828e+06,1.929129e+06,2.967,775398.0,0.549,6.428,39.9,80195988.0,42.6,42.6,2.052910045501461e+22,1.619365707550556e+17,0,0.0,0.0,0,0,1421,169,141,24,4,3,1.69,0.119,25.91
A_k2_m075,A_MARGIN,16,0.0625,random,0.052,25.0,unreal,7.5,2,rs,0.0,month,0.0,0,0,0.92,entrant,signal,none,rs,1,0.0,7007,21.95,-32.13,0.683,1.232,781,36.0,44.9,37.47,-10.06,11.302,16,73.11,21.43,-32.13,22.36,-30.67,12.67,-22.14,1880,472,36,927,2057,781,146,2983,6.73,0,0.0,0.0,0,1.030174e+07,8.501961e+06,1.799778e+06,2.915,767189.0,0.52,6.582,39.1,81008272.0,42.1,42.1,1.908983333070011e+22,1.5058376960088474e+17,0,0.0,0.0,0,0,1423,167,138,24,5,3,1.69,0.117,25.41
A_k2_m075,A_MARGIN,16,0.0625,random,0.052,25.0,unreal,7.5,2,rs,0.0,month,0.0,0,0,0.92,entrant,signal,none,rs,1,0.0,7008,22.78,-32.13,0.709,1.249,768,35.4,46.4,37.18,-10.08,11.828,16,73.16,21.43,-32.13,24.03,-30.67,20.48,-18.82,1880,449,36,879,2108,768,136,2986,6.27,0,0.0,0.0,0,1.1193241e+07,8.958007e+06,2.235234e+06,2.833,756683.0,0.553,6.781,40.1,93505702.0,41.5,41.5,1.9544671222546652e+23,1.5417171999646024e+18,0,0.0,0.0,0,0,1422,153,128,21,4,3,1.48,0.108,24.38
A_k2_m075,A_MARGIN,16,0.0625,random,0.052,25.0,unreal,7.5,2,rs,0.0,month,0.0,0,0,0.92,entrant,signal,none,rs,1,0.0,7009,22.57,-32.13,0.703,1.242,772,35.6,45.7,37.52,-10.0,11.733,15,73.15,21.52,-32.13,23.53,-30.68,14.85,-19.7,1880,461,36,910,2076,772,139,2985,6.41,0,0.0,0.0,0,1.1727926e+07,9.71172e+06,2.016205e+06,2.877,766582.0,0.538,6.637,39.5,90916743.0,42.5,42.5,1.3612139781646504e+23,1.0737461533270344e+18,0,0.0,0.0,0,0,1426,161,131,25,5,3,1.75,0.113,25.96
A_k2_m075,A_MARGIN,16,0.0625,random,0.052,25.0,unreal,7.5,2,rs,0.0,month,0.0,0,0,0.92,entrant,signal,none,rs,1,0.0,7010,21.86,-32.13,0.681,1.196,779,35.9,45.6,37.0,-10.01,11.416,16,72.95,21.52,-32.13,22.09,-30.68,17.2,-22.39,1880,465,36,922,2060,779,142,2981,6.55,0,0.0,0.0,0,1.0378114e+07,9.072827e+06,1.305287e+06,2.89,772649.0,0.528,6.577,39.4,79880711.0,36.4,36.4,5.474950856880535e+22,5.048571191288136e+17,0,0.0,0.0,0,0,1423,159,134,21,4,3,1.48,0.112,19.33
A_k2_m075,A_MARGIN,16,0.0625,random,0.052,25.0,unreal,7.5,2,rs,0.0,month,0.0,0,0,0.92,entrant,signal,none,rs,1,0.0,7011,22.97,-32.13,0.715,1.257,772,35.6,46.0,37.64,-10.01,11.901,15,73.22,21.43,-32.13,24.43,-30.67,20.0,-18.6,1880,463,36,915,2073,772,141,2987,6.5,0,0.0,0.0,0,1.1561044e+07,9.285444e+06,2.2756e+06,2.853,759251.0,0.549,6.73,39.6,96852445.0,41.3,41.3,3.712920294903597e+23,2.9288120038604145e+18,0,0.0,0.0,0,0,1422,162,133,24,5,3,1.69,0.114,25.27
A_k2_m075,A_MARGIN,16,0.0625,random,0.052,25.0,unreal,7.5,2,rs,0.0,month,0.0,0,0,0.92,entrant,signal,none,rs,1,0.0,7012,22.65,-32.13,0.705,1.238,774,35.7,45.1,38.53,-10.11,11.822,15,73.1,21.52,-32.13,23.69,-30.68,15.56,-19.04,1880,465,36,916,2075,774,146,2987,6.73,0,0.0,0.0,0,1.1423171e+07,8.728379e+06,2.694792e+06,2.91,768070.0,0.527,6.671,39.5,91804110.0,43.7,43.7,9.44732433696488e+22,5.519240164582359e+17,0,0.0,0.0,0,0,1428,168,137,23,6,4,1.61,0.118,25.51
A_k2_m075,A_MARGIN,16,0.0625,random,0.052,25.0,unreal,7.5,2,rs,0.0,month,0.0,0,0,0.92,entrant,signal,none,rs,1,0.0,7013,22.31,-32.13,0.694,1.229,781,36.0,45.3,37.53,-10.09,11.492,16,73.13,21.52,-32.13,22.99,-30.68,12.3,-21.51,1880,462,36,915,2066,781,143,2980,6.59,0,0.0,0.0,0,1.1269791e+07,9.531107e+06,1.738683e+06,2.962,773235.0,0.534,6.482,39.3,86708779.0,42.5,42.5,5.538567354136882e+22,4.368905329799332e+17,0,0.0,0.0,0,0,1421,165,135,25,5,3,1.76,0.116,26.06
A_k2_m075,A_MARGIN,16,0.0625,random,0.052,25.0,unreal,7.5,2,rs,0.0,month,0.0,0,0,0.92,entrant,signal,none,rs,1,0.0,7014,22.46,-32.13,0.699,1.231,766,35.3,46.0,37.84,-10.11,11.924,16,72.94,21.52,-32.13,23.31,-30.68,19.09,-21.02,1880,473,36,926,2064,766,137,2986,6.32,0,0.0,0.0,0,1.0958958e+07,9.26504e+06,1.693918e+06,2.797,761989.0,0.524,6.619,39.3,88588953.0,38.2,38.2,1.70217547112937e+23,1.1246462574285292e+18,0,0.0,0.0,0,0,1429,158,128,23,5,4,1.61,0.111,19.48
A_k2_m075,A_MARGIN,16,0.0625,random,0.052,25.0,unreal,7.5,2,rs,0.0,month,0.0,0,0,0.92,entrant,signal,none,rs,1,0.0,7015,21.08,-32.13,0.656,1.186,790,36.4,45.6,35.82,-10.04,10.857,16,72.87,21.43,-32.13,20.59,-30.67,10.19,-24.56,1880,477,36,952,2024,790,147,2975,6.78,0,0.0,0.0,0,1.0099195e+07,8.788141e+06,1.311054e+06,2.995,775721.0,0.548,6.544,40.0,70086670.0,35.4,35.4,6.932772023529871e+21,6.392856956633088e+16,0,0.0,0.0,0,0,1420,166,140,22,4,3,1.55,0.117,19.33
A_k2_m075,A_MARGIN,16,0.0625,random,0.052,25.0,unreal,7.5,2,rs,0.0,month,0.0,0,0,0.92,entrant,signal,none,rs,1,0.0,7016,22.62,-32.13,0.704,1.241,771,35.6,45.8,37.87,-10.1,11.864,15,73.13,21.43,-32.13,23.72,-30.67,15.53,-20.48,1880,461,36,911,2075,771,138,2982,6.36,0,0.0,0.0,0,1.089806e+07,8.5558e+06,2.34226e+06,2.851,758231.0,0.53,6.389,38.9,90893760.0,43.3,43.3,1.132814283350526e+23,6.61805257168257e+17,0,0.0,0.0,0,0,1425,160,128,25,5,4,1.75,0.112,24.18
A_k2_m075,A_MARGIN,16,0.0625,random,0.052,25.0,unreal,7.5,2,rs,0.0,month,0.0,0,0,0.92,entrant,signal,none,rs,1,0.0,7017,22.31,-32.13,0.694,1.217,777,35.8,46.1,36.96,-10.0,11.638,16,72.93,21.43,-32.13,23.07,-30.67,16.67,-22.85,1880,463,36,919,2063,777,140,2981,6.46,0,0.0,0.0,0,1.1122051e+07,9.810996e+06,1.311054e+06,2.87,763376.0,0.53,6.69,39.3,86523809.0,35.0,35.0,2.05338274331835e+23,1.8934674623645614e+18,0,0.0,0.0,0,0,1422,156,134,18,4,3,1.27,0.11,19.33
A_k2_m075,A_MARGIN,16,0.0625,random,0.052,25.0,unreal,7.5,2,rs,0.0,month,0.0,0,0,0.92,entrant,signal,none,rs,1,0.0,7018,21.64,-32.13,0.674,1.191,779,35.9,45.6,36.88,-10.06,11.331,16,72.95,21.43,-32.13,21.72,-30.67,17.78,-22.91,1880,473,36,938,2045,779,143,2982,6.59,0,0.0,0.0,0,1.0203223e+07,8.90473e+06,1.298493e+06,2.87,764948.0,0.534,6.396,39.5,76914486.0,36.8,36.8,2.977966973001908e+22,2.7460469548436685e+17,0,0.0,0.0,0,0,1423,163,135,23,5,3,1.62,0.115,19.33
A_k2_m075,A_MARGIN,16,0.0625,random,0.052,25.0,unreal,7.5,2,rs,0.0,month,0.0,0,0,0.92,entrant,signal,none,rs,1,0.0,7019,21.76,-32.13,0.677,1.215,787,36.3,45.4,37.13,-10.17,11.289,16,72.79,21.43,-32.13,21.96,-30.67,22.53,-27.44,1880,464,36,914,2068,787,150,2976,6.92,0,0.0,0.0,0,9.181838e+06,7.484899e+06,1.69694e+06,2.937,773974.0,0.553,6.391,40.3,77313937.0,38.1,38.1,1.9373179553055936e+22,1.280009775874048e+17,0,0.0,0.0,0,0,1422,175,140,28,5,4,1.97,0.123,19.48
A_k2_m075,A_MARGIN,16,0.0625,random,0.052,25.0,unreal,7.5,2,rs,0.0,month,0.0,0,0,0.92,entrant,signal,none,rs,1,0.0,7020,22.33,-32.13,0.695,1.222,779,35.9,45.2,37.97,-10.14,11.599,16,73.08,21.52,-32.13,23.03,-30.68,12.89,-21.5,1880,462,36,908,2079,779,147,2983,6.78,0,0.0,0.0,0,1.0830093e+07,8.464008e+06,2.366086e+06,2.951,772649.0,0.549,6.679,39.5,86506696.0,43.8,43.8,3.962030062820163e+22,2.3146678269771776e+17,0,0.0,0.0,0,0,1428,173,138,27,6,4,1.89,0.121,25.37
A_k2_m075,A_MARGIN,16,0.0625,random,0.052,25.0,unreal,7.5,2,rs,0.0,month,0.0,0,0,0.92,entrant,signal,none,rs,1,0.0,7021,22.63,-32.13,0.704,1.243,768,35.4,45.4,38.28,-10.09,11.893,16,73.17,21.43,-32.13,23.73,-30.67,15.75,-18.74,1880,460,36,904,2088,768,141,2988,6.5,0,0.0,0.0,0,1.1061511e+07,8.471173e+06,2.590338e+06,2.829,756683.0,0.546,6.844,39.8,91176991.0,42.1,42.1,1.0722130361166956e+23,6.26400432998056e+17,0,0.0,0.0,0,0,1428,164,130,27,5,4,1.89,0.115,24.36
A_k2_m075,A_MARGIN,16,0.0625,random,0.052,25.0,unreal,7.5,2,rs,0.0,month,0.0,0,0,0.92,entrant,signal,none,rs,1,0.0,7022,20.93,-32.13,0.651,1.182,791,36.5,45.3,36.06,-10.1,10.791,16,72.9,21.52,-32.13,20.19,-30.68,7.75,-30.4,1880,479,36,944,2032,791,148,2975,6.82,0,0.0,0.0,0,1.0010357e+07,8.703219e+06,1.307138e+06,3.005,789867.0,0.558,6.731,39.8,68266726.0,37.5,37.5,3.5183645883392087e+21,3.2443512939085824e+16,0,0.0,0.0,0,0,1418,169,140,25,4,3,1.76,0.119,19.33
A_k2_m075,A_MARGIN,16,0.0625,random,0.052,25.0,unreal,7.5,2,rs,0.0,month,0.0,0,0,0.92,entrant,signal,none,rs,1,0.0,7023,22.0,-32.13,0.685,1.226,782,36.1,45.3,37.46,-10.07,11.446,16,72.89,21.43,-32.13,22.44,-30.67,21.57,-26.4,1880,478,36,937,2050,782,150,2983,6.92,0,0.0,0.0,0,9.747606e+06,8.057272e+06,1.690334e+06,2.921,767378.0,0.55,6.6,40.2,80948429.0,37.6,37.6,3.894618832517793e+22,2.573220047833006e+17,0,0.0,0.0,0,0,1427,173,140,26,5,4,1.82,0.121,19.48
A_k2_m075,A_MARGIN,16,0.0625,random,0.052,25.0,unreal,7.5,2,rs,0.0,month,0.0,0,0,0.92,entrant,signal,none,rs,1,0.0,7024,22.8,-32.13,0.71,1.248,779,35.9,45.6,37.78,-10.09,11.725,16,73.09,21.52,-32.13,24.0,-30.68,17.14,-19.08,1880,456,36,895,2089,779,144,2983,6.64,0,0.0,0.0,0,1.1752897e+07,9.46646e+06,2.286438e+06,2.954,772649.0,0.541,6.786,39.8,94327427.0,40.6,40.6,2.0966172997411068e+23,1.6538431967419433e+18,0,0.0,0.0,0,0,1423,163,135,23,5,3,1.62,0.115,25.71
A_k2_m075,A_MARGIN,16,0.0625,random,0.052,25.0,unreal,7.5,2,rs,0.0,month,0.0,0,0,0.92,entrant,signal,none,rs,1,0.0,7025,22.4,-32.13,0.697,1.232,782,36.1,45.0,38.08,-10.08,11.598,16,73.08,21.52,-32.13,23.19,-30.68,15.53,-18.64,1880,468,36,924,2064,782,151,2984,6.96,0,0.0,0.0,0,1.0656386e+07,8.199999e+06,2.456388e+06,2.942,774134.0,0.55,7.181,40.2,87484102.0,43.2,43.2,4.920598275147873e+22,2.8746781329824154e+17,0,0.0,0.0,0,0,1426,174,141,25,6,4,1.75,0.122,25.35
A_k2_m075,A_MARGIN,16,0.0625,random,0.052,25.0,unreal,7.5,2,rs,0.0,month,0.0,0,0,0.92,entrant,signal,none,rs,1,0.0,7026,22.48,-32.13,0.7,1.224,776,35.8,45.5,37.51,-9.92,11.656,16,73.16,21.52,-32.13,23.34,-30.68,15.65,-21.53,1880,459,36,904,2083,776,144,2986,6.64,0,0.0,0.0,0,1.1389984e+07,9.343672e+06,2.046312e+06,2.915,769952.0,0.548,6.608,39.8,89291550.0,41.3,41.3,1.2866776929638103e+23,1.014951005982294e+18,0,0.0,0.0,0,0,1427,164,136,23,5,3,1.61,0.115,24.61
A_k2_m075,A_MARGIN,16,0.0625,random,0.052,25.0,unreal,7.5,2,rs,0.0,month,0.0,0,0,0.92,entrant,signal,none,rs,1,0.0,7027,21.8,-32.13,0.679,1.205,786,36.2,44.7,37.85,-10.16,11.279,16,73.07,21.43,-32.13,22.05,-30.67,11.85,-22.28,1880,464,36,916,2069,786,152,2981,7.01,0,0.0,0.0,0,9.949608e+06,8.01669e+06,1.932919e+06,2.987,771721.0,0.543,6.578,39.3,78659378.0,45.3,45.3,8.250453779854393e+21,4.820026188942541e+16,0,0.0,0.0,0,0,1425,179,142,29,6,4,2.04,0.126,26.25
A_k2_m075,A_MARGIN,16,0.0625,random,0.052,25.0,unreal,7.5,2,rs,0.0,month,0.0,0,0,0.92,entrant,signal,none,rs,1,0.0,7028,22.5,-32.13,0.7,1.24,770,35.5,45.8,37.35,-10.08,11.665,15,73.09,21.43,-32.13,23.46,-30.67,15.83,-21.41,1880,434,36,856,2129,770,136,2984,6.27,0,0.0,0.0,0,1.1003248e+07,8.910536e+06,2.092711e+06,2.831,757566.0,0.553,6.546,39.4,89125899.0,41.3,41.3,7.785419513271501e+22,6.141255539050414e+17,0,0.0,0.0,0,0,1421,153,127,22,4,3,1.55,0.108,24.11
A_k2_m075,A_MARGIN,16,0.0625,random,0.052,25.0,unreal,7.5,2,rs,0.0,month,0.0,0,0,0.92,entrant,signal,none,rs,1,0.0,7029,22.13,-32.13,0.689,1.223,778,35.9,45.1,37.85,-10.11,11.523,16,73.09,21.52,-32.13,22.62,-30.68,16.38,-18.99,1880,458,36,904,2084,778,147,2984,6.78,0,0.0,0.0,0,1.0209318e+07,7.866519e+06,2.342798e+06,2.91,771846.0,0.531,6.537,39.2,83229937.0,43.9,43.9,2.306841457251082e+22,1.3476853178590822e+17,0,0.0,0.0,0,0,1428,172,137,27,6,4,1.89,0.12,25.89
A_k2_m075,A_MARGIN,16,0.0625,random,0.052,25.0,unreal,7.5,2,rs,0.0,month,0.0,0,0,0.92,entrant,signal,none,rs,1,0.0,7030,21.65,-32.13,0.674,1.192,778,35.9,45.6,36.87,-10.06,11.356,16,72.88,21.43,-32.13,21.73,-30.67,17.74,-22.59,1880,469,36,931,2048,778,138,2978,6.36,0,0.0,0.0,0,1.0035452e+07,8.736252e+06,1.299199e+06,2.856,764162.0,0.531,6.428,39.3,76755550.0,37.0,37.0,3.2089840698474675e+22,2.9590730377579725e+17,0,0.0,0.0,0,0,1422,160,131,24,5,3,1.69,0.113,19.33
A_k2_m125,A_MARGIN,16,0.0625,random,0.052,25.0,unreal,12.5,2,rs,0.0,month,0.0,0,0,0.92,entrant,signal,none,rs,1,0.0,7001,20.96,-37.35,0.561,1.194,714,32.9,48.0,37.42,-11.29,12.111,16,73.11,18.73,-31.78,23.15,-37.35,18.75,-20.49,1880,533,93,1069,1891,714,55,2957,2.54,0,0.0,0.0,0,8.373002e+06,7.223036e+06,1.149966e+06,2.528,526655.0,0.399,5.122,31.8,67412910.0,34.5,34.5,1.8079883662813718e+21,8959726444347392.0,0,0.0,0.0,0,0,1412,56,54,2,0,2,0.14,0.04,19.62
A_k2_m125,A_MARGIN,16,0.0625,random,0.052,25.0,unreal,12.5,2,rs,0.0,month,0.0,0,0,0.92,entrant,signal,none,rs,1,0.0,7002,21.62,-33.26,0.65,1.232,713,32.9,48.1,38.3,-11.37,12.527,16,73.1,18.84,-31.78,24.45,-33.26,14.99,-21.68,1880,510,93,1042,1916,713,52,2955,2.4,0,0.0,0.0,0,9.687233e+06,8.444481e+06,1.242752e+06,2.601,554785.0,0.436,6.305,34.4,76349816.0,34.3,34.3,1.164850977069798e+22,5.772574773267661e+16,0,0.0,0.0,0,0,1412,54,52,2,0,2,0.14,0.038,19.46
A_k2_m125,A_MARGIN,16,0.0625,random,0.052,25.0,unreal,12.5,2,rs,0.0,month,0.0,0,0,0.92,entrant,signal,none,rs,1,0.0,7003,21.18,-37.34,0.567,1.208,717,33.1,47.1,38.74,-11.32,12.279,16,73.13,18.84,-31.78,23.55,-37.34,12.65,-23.78,1880,550,93,1112,1845,717,55,2954,2.54,0,0.0,0.0,0,9.236051e+06,8.025729e+06,1.210322e+06,2.588,532252.0,0.427,6.032,33.2,70747903.0,35.5,35.5,2.3436161066633339e+21,1.161408548962304e+16,0,0.0,0.0,0,0,1413,57,54,2,1,3,0.14,0.04,19.46
A_k2_m125,A_MARGIN,16,0.0625,random,0.052,25.0,unreal,12.5,2,rs,0.0,month,0.0,0,0,0.92,entrant,signal,none,rs,1,0.0,7004,21.47,-37.35,0.575,1.213,725,33.4,47.4,38.39,-11.29,12.281,15,73.16,18.73,-31.78,24.22,-37.35,11.8,-24.25,1880,540,93,1102,1847,725,55,2946,2.54,0,0.0,0.0,0,1.0002728e+07,8.790764e+06,1.211963e+06,2.685,531084.0,0.444,6.394,34.2,74868979.0,35.5,35.5,5.535434537646093e+21,2.743156098256077e+16,0,0.0,0.0,0,0,1409,57,54,2,1,3,0.14,0.04,19.46
A_k2_m125,A_MARGIN,16,0.0625,random,0.052,25.0,unreal,12.5,2,rs,0.0,month,0.0,0,0,0.92,entrant,signal,none,rs,1,0.0,7005,21.87,-33.26,0.658,1.228,705,32.5,48.4,38.01,-11.15,12.627,16,73.31,18.84,-31.78,24.97,-33.26,15.5,-20.44,1880,521,93,1005,1959,705,50,2961,2.31,0,0.0,0.0,0,9.74971e+06,7.712677e+06,2.037034e+06,2.539,550792.0,0.427,5.482,33.3,79693707.0,41.6,41.6,9.637966663151063e+21,4.223216431346483e+16,0,0.0,0.0,0,0,1415,51,50,1,0,2,0.07,0.036,23.6
A_k2_m125,A_MARGIN,16,0.0625,random,0.052,25.0,unreal,12.5,2,rs,0.0,month,0.0,0,0,0.92,entrant,signal,none,rs,1,0.0,7006,21.32,-33.26,0.641,1.218,711,32.8,48.0,38.09,-11.3,12.388,16,73.03,18.85,-31.78,23.84,-33.26,14.97,-20.6,1880,512,93,1004,1956,711,52,2957,2.4,0,0.0,0.0,0,9.33634e+06,8.091392e+06,1.244948e+06,2.575,554904.0,0.424,5.622,33.3,72412546.0,35.3,35.3,4.529241997748837e+21,2.244522206350541e+16,0,0.0,0.0,0,0,1413,54,52,1,1,3,0.07,0.038,19.46
A_k2_m125,A_MARGIN,16,0.0625,random,0.052,25.0,unreal,12.5,2,rs,0.0,month,0.0,0,0,0.92,entrant,signal,none,rs,1,0.0,7007,21.3,-33.26,0.641,1.213,711,32.8,48.1,37.61,-11.17,12.294,16,73.07,18.84,-31.78,23.8,-33.26,15.26,-23.36,1880,515,93,1014,1945,711,51,2956,2.35,0,0.0,0.0,0,9.210008e+06,7.990386e+06,1.219621e+06,2.579,554904.0,0.407,5.699,32.6,72113425.0,35.0,35.0,4.6645357600545807e+21,2.311573947285504e+16,0,0.0,0.0,0,0,1415,52,51,1,0,2,0.07,0.037,19.61
A_k2_m125,A_MARGIN,16,0.0625,random,0.052,25.0,unreal,12.5,2,rs,0.0,month,0.0,0,0,0.92,entrant,signal,none,rs,1,0.0,7008,21.43,-33.26,0.644,1.216,709,32.7,47.8,38.56,-11.32,12.527,16,73.24,18.73,-31.78,24.14,-33.26,15.48,-21.76,1880,515,93,1034,1930,709,54,2961,2.49,0,0.0,0.0,0,9.544285e+06,8.325026e+06,1.219259e+06,2.543,546933.0,0.425,5.557,33.6,74029440.0,34.8,34.8,7.93085808409786e+21,3.930233519262925e+16,0,0.0,0.0,0,0,1420,57,54,2,1,3,0.14,0.04,19.46
A_k2_m125,A_MARGIN,16,0.0625,random,0.052,25.0,unreal,12.5,2,rs,0.0,month,0.0,0,0,0.92,entrant,signal,none,rs,1,0.0,7009,21.58,-37.34,0.578,1.225,716,33.0,46.9,39.05,-11.2,12.386,16,73.12,18.84,-31.78,24.37,-37.34,15.88,-22.43,1880,530,93,1057,1900,716,54,2954,2.49,0,0.0,0.0,0,9.224514e+06,7.35579e+06,1.868725e+06,2.606,532029.0,0.426,6.286,33.2,75455888.0,41.7,41.7,2.6202449286999625e+21,1.1481519176548352e+16,0,0.0,0.0,0,0,1415,57,53,3,1,3,0.21,0.04,25.06
A_k2_m125,A_MARGIN,16,0.0625,random,0.052,25.0,unreal,12.5,2,rs,0.0,month,0.0,0,0,0.92,entrant,signal,none,rs,1,0.0,7010,21.89,-33.26,0.658,1.244,699,32.2,48.6,38.31,-11.2,12.88,16,73.2,18.84,-31.78,25.02,-33.26,25.22,-19.47,1880,533,93,1058,1915,699,53,2970,2.44,0,0.0,0.0,0,9.041994e+06,7.810128e+06,1.231867e+06,2.448,548071.0,0.415,5.662,33.0,79268779.0,37.6,37.6,2.2819869916275497e+22,9.531107096448205e+16,0,0.0,0.0,0,0,1424,55,53,2,0,2,0.14,0.039,19.46
A_k2_m125,A_MARGIN,16,0.0625,random,0.052,25.0,unreal,12.5,2,rs,0.0,month,0.0,0,0,0.92,entrant,signal,none,rs,1,0.0,7011,20.87,-33.26,0.627,1.191,724,33.4,47.2,38.02,-11.36,11.966,15,73.28,18.73,-31.78,22.98,-33.26,13.39,-23.03,1880,511,93,1004,1947,724,56,2948,2.58,0,0.0,0.0,0,8.711456e+06,7.491948e+06,1.219509e+06,2.679,551883.0,0.438,5.929,34.1,66780048.0,36.2,36.2,9.661024811768223e+20,4787641920782336.0,0,0.0,0.0,0,0,1411,56,55,1,0,2,0.07,0.04,19.46
A_k2_m125,A_MARGIN,16,0.0625,random,0.052,25.0,unreal,12.5,2,rs,0.0,month,0.0,0,0,0.92,entrant,signal,none,rs,1,0.0,7012,20.28,-37.35,0.543,1.167,716,33.0,47.6,37.21,-11.39,11.755,16,73.1,18.73,-31.78,21.77,-37.35,14.26,-22.65,1880,533,93,1065,1894,716,56,2956,2.58,0,0.0,0.0,0,7.516842e+06,6.366855e+06,1.149986e+06,2.535,527520.0,0.413,4.995,32.3,59546526.0,35.8,35.8,2.1743078174563395e+20,1077506497052672.0,0,0.0,0.0,0,0,1411,60,55,4,1,3,0.28,0.043,19.61
A_k2_m125,A_MARGIN,16,0.0625,random,0.052,25.0,unreal,12.5,2,rs,0.0,month,0.0,0,0,0.92,entrant,signal,none,rs,1,0.0,7013,22.55,-37.35,0.604,1.267,716,33.0,47.9,39.12,-11.17,12.917,16,73.17,18.73,-31.78,26.46,-37.35,25.89,-22.28,1880,531,93,1073,1881,716,51,2951,2.35,0,0.0,0.0,0,9.735854e+06,7.726876e+06,2.008979e+06,2.577,527520.0,0.427,5.68,33.1,88908667.0,44.5,44.5,3.7044689749508627e+22,1.3961073804496077e+17,0,0.0,0.0,0,0,1411,52,50,2,0,2,0.14,0.037,24.15
A_k2_m125,A_MARGIN,16,0.0625,random,0.052,25.0,unreal,12.5,2,rs,0.0,month,0.0,0,0,0.92,entrant,signal,none,rs,1,0.0,7014,21.57,-33.26,0.649,1.228,707,32.6,47.9,38.09,-11.19,12.438,16,73.3,18.84,-31.78,24.35,-33.26,18.8,-23.02,1880,515,93,1022,1944,707,54,2963,2.49,0,0.0,0.0,0,9.114031e+06,7.095894e+06,2.018136e+06,2.554,550804.0,0.415,5.563,32.7,75282739.0,41.1,41.1,3.929350705434065e+21,1.721784206360576e+16,0,0.0,0.0,0,0,1423,56,54,2,0,2,0.14,0.039,25.05
A_k2_m125,A_MARGIN,16,0.0625,random,0.052,25.0,unreal,12.5,2,rs,0.0,month,0.0,0,0,0.92,entrant,signal,none,rs,1,0.0,7015,21.65,-33.26,0.651,1.233,713,32.9,48.1,38.32,-11.35,12.544,16,73.12,18.84,-31.78,24.52,-33.26,15.19,-21.37,1880,509,93,1040,1919,713,53,2956,2.44,0,0.0,0.0,0,9.714163e+06,8.46973e+06,1.244433e+06,2.593,555430.0,0.425,6.01,33.8,76778740.0,34.3,34.3,1.3207372234917121e+22,6.545088636465971e+16,0,0.0,0.0,0,0,1414,55,53,2,0,2,0.14,0.039,19.46
A_k2_m125,A_MARGIN,16,0.0625,random,0.052,25.0,unreal,12.5,2,rs,0.0,month,0.0,0,0,0.92,entrant,signal,none,rs,1,0.0,7016,21.65,-33.26,0.651,1.229,715,33.0,48.1,38.21,-11.31,12.518,16,73.19,18.84,-31.78,24.52,-33.26,21.76,-20.96,1880,525,93,1068,1893,715,57,2958,2.63,0,0.0,0.0,0,8.840586e+06,7.606774e+06,1.233812e+06,2.597,555722.0,0.424,5.235,32.2,75997770.0,39.1,39.1,9.026962738755754e+21,3.770264885343027e+16,0,0.0,0.0,0,0,1418,59,57,2,0,2,0.14,0.042,19.46
A_k2_m125,A_MARGIN,16,0.0625,random,0.052,25.0,unreal,12.5,2,rs,0.0,month,0.0,0,0,0.92,entrant,signal,none,rs,1,0.0,7017,22.1,-36.21,0.61,1.243,709,32.7,48.1,38.77,-11.43,12.712,16,73.12,18.84,-31.78,25.45,-36.21,21.28,-21.79,1880,505,93,964,2001,709,55,2962,2.54,0,0.0,0.0,0,9.818888e+06,7.786808e+06,2.032081e+06,2.55,529011.0,0.421,5.432,31.6,82761065.0,40.8,40.8,1.2258086616961366e+22,5.371319601122509e+16,0,0.0,0.0,0,0,1418,58,55,3,0,2,0.21,0.041,24.78
A_k2_m125,A_MARGIN,16,0.0625,random,0.052,25.0,unreal,12.5,2,rs,0.0,month,0.0,0,0,0.92,entrant,signal,none,rs,1,0.0,7018,21.36,-37.34,0.572,1.204,717,33.1,47.4,38.34,-11.33,12.224,16,73.2,18.84,-31.78,23.91,-37.34,19.42,-23.5,1880,515,93,1006,1951,717,55,2954,2.54,0,0.0,0.0,0,8.362834e+06,6.549969e+06,1.812865e+06,2.595,532252.0,0.416,5.012,31.7,72023984.0,47.3,47.3,8.324433144295813e+20,3137238191833088.0,0,0.0,0.0,0,0,1413,55,54,1,0,2,0.07,0.039,23.72
A_k2_m125,A_MARGIN,16,0.0625,random,0.052,25.0,unreal,12.5,2,rs,0.0,month,0.0,0,0,0.92,entrant,signal,none,rs,1,0.0,7019,21.21,-33.26,0.638,1.214,712,32.8,47.8,38.12,-11.28,12.31,16,73.23,18.84,-31.78,23.61,-33.26,14.87,-20.61,1880,517,93,1014,1947,712,54,2958,2.49,0,0.0,0.0,0,9.072173e+06,7.827419e+06,1.244754e+06,2.569,555167.0,0.425,5.811,33.1,70938504.0,35.1,35.1,3.316552941012179e+21,1.6435623292305408e+16,0,0.0,0.0,0,0,1416,55,54,1,0,2,0.07,0.039,19.46
A_k2_m125,A_MARGIN,16,0.0625,random,0.052,25.0,unreal,12.5,2,rs,0.0,month,0.0,0,0,0.92,entrant,signal,none,rs,1,0.0,7020,21.6,-33.26,0.65,1.228,715,33.0,48.1,38.12,-11.37,12.438,16,73.1,18.84,-31.78,24.42,-33.26,19.86,-21.61,1880,506,93,994,1967,715,57,2958,2.63,0,0.0,0.0,0,8.816064e+06,7.582252e+06,1.233812e+06,2.593,555722.0,0.425,5.72,33.0,75320295.0,39.4,39.4,5.22947123796161e+21,2.184177486345011e+16,0,0.0,0.0,0,0,1416,58,57,1,0,2,0.07,0.041,19.46
A_k2_m125,A_MARGIN,16,0.0625,random,0.052,25.0,unreal,12.5,2,rs,0.0,month,0.0,0,0,0.92,entrant,signal,none,rs,1,0.0,7021,21.26,-37.34,0.569,1.212,718,33.1,47.8,37.87,-11.31,12.18,16,72.96,18.84,-31.78,23.72,-37.34,24.12,-20.44,1880,526,93,1046,1906,718,51,2949,2.35,0,0.0,0.0,0,8.127864e+06,6.926437e+06,1.201427e+06,2.561,532777.0,0.426,5.169,32.6,70605818.0,39.3,39.3,1.7047768403461318e+21,7120288051363840.0,0,0.0,0.0,0,0,1407,52,50,2,0,2,0.14,0.037,19.46
A_k2_m125,A_MARGIN,16,0.0625,random,0.052,25.0,unreal,12.5,2,rs,0.0,month,0.0,0,0,0.92,entrant,signal,none,rs,1,0.0,7022,21.64,-37.34,0.58,1.227,712,32.8,47.9,38.34,-11.19,12.534,16,73.19,18.84,-31.78,24.51,-37.34,16.84,-20.13,1880,541,93,1072,1884,712,49,2953,2.26,0,0.0,0.0,0,9.621229e+06,8.399757e+06,1.221472e+06,2.559,530754.0,0.425,6.221,33.1,76697749.0,34.7,34.7,1.0067007711152047e+22,4.988834724551066e+16,0,0.0,0.0,0,0,1411,52,48,3,1,3,0.21,0.037,19.46
A_k2_m125,A_MARGIN,16,0.0625,random,0.052,25.0,unreal,12.5,2,rs,0.0,month,0.0,0,0,0.92,entrant,signal,none,rs,1,0.0,7023,21.78,-36.21,0.602,1.23,711,32.8,47.3,39.19,-11.27,12.574,16,73.25,18.73,-31.78,24.86,-36.21,14.95,-23.54,1880,529,93,1052,1910,711,54,2959,2.49,0,0.0,0.0,0,9.67722e+06,7.924056e+06,1.753164e+06,2.56,524109.0,0.419,6.131,33.1,78450743.0,41.5,41.5,5.205764289523131e+21,2.281088484166861e+16,0,0.0,0.0,0,0,1419,56,53,2,1,3,0.14,0.039,25.05
A_k2_m125,A_MARGIN,16,0.0625,random,0.052,25.0,unreal,12.5,2,rs,0.0,month,0.0,0,0,0.92,entrant,signal,none,rs,1,0.0,7024,21.87,-37.35,0.586,1.233,717,33.1,48.1,38.29,-11.23,12.597,16,73.21,18.73,-31.78,25.06,-37.35,15.87,-19.21,1880,551,93,1114,1842,717,54,2953,2.49,0,0.0,0.0,0,1.0184948e+07,8.986162e+06,1.198787e+06,2.598,527805.0,0.429,5.85,33.3,80151176.0,34.6,34.6,2.254471348984204e+22,1.1172324910406042e+17,0,0.0,0.0,0,0,1411,55,53,2,0,2,0.14,0.039,19.46
A_k2_m125,A_MARGIN,16,0.0625,random,0.052,25.0,unreal,12.5,2,rs,0.0,month,0.0,0,0,0.92,entrant,signal,none,rs,1,0.0,7025,21.21,-36.21,0.586,1.201,712,32.8,47.5,38.14,-11.28,12.179,16,73.18,18.73,-31.78,23.67,-36.21,19.37,-20.09,1880,513,93,1017,1945,712,55,2959,2.54,0,0.0,0.0,0,8.273435e+06,6.474985e+06,1.79845e+06,2.541,525059.0,0.392,5.009,30.6,70148848.0,42.3,42.3,9.95391922828403e+20,4361661695655936.0,0,0.0,0.0,0,0,1422,57,55,2,0,2,0.14,0.04,25.41
A_k2_m125,A_MARGIN,16,0.0625,random,0.052,25.0,unreal,12.5,2,rs,0.0,month,0.0,0,0,0.92,entrant,signal,none,rs,1,0.0,7026,21.0,-33.26,0.631,1.204,709,32.7,48.1,37.69,-11.33,12.246,16,73.11,18.84,-31.78,23.17,-33.26,16.23,-19.32,1880,523,93,1040,1925,709,55,2962,2.54,0,0.0,0.0,0,8.420728e+06,7.177317e+06,1.24341e+06,2.546,553420.0,0.416,5.35,32.6,67877690.0,35.3,35.3,2.053333214981448e+21,1.0175560282013696e+16,0,0.0,0.0,0,0,1420,59,55,3,1,3,0.21,0.042,19.46
A_k2_m125,A_MARGIN,16,0.0625,random,0.052,25.0,unreal,12.5,2,rs,0.0,month,0.0,0,0,0.92,entrant,signal,none,rs,1,0.0,7027,21.0,-33.7,0.623,1.202,714,32.9,47.5,38.24,-11.34,12.198,16,73.11,18.85,-31.78,23.17,-33.7,13.59,-23.03,1880,516,93,1015,1945,714,55,2957,2.54,0,0.0,0.0,0,8.820769e+06,7.590119e+06,1.23065e+06,2.573,547754.0,0.412,5.759,32.4,68256273.0,35.3,35.3,1.5828569393463296e+21,7844059833958400.0,0,0.0,0.0,0,0,1417,56,54,2,0,2,0.14,0.04,19.46
A_k2_m125,A_MARGIN,16,0.0625,random,0.052,25.0,unreal,12.5,2,rs,0.0,month,0.0,0,0,0.92,entrant,signal,none,rs,1,0.0,7028,21.42,-37.34,0.573,1.217,714,32.9,47.8,38.33,-11.24,12.434,16,73.12,18.84,-31.78,24.03,-37.34,13.16,-21.96,1880,546,93,1107,1850,714,52,2954,2.4,0,0.0,0.0,0,9.451101e+06,8.241798e+06,1.209303e+06,2.569,531286.0,0.425,5.886,33.3,73720939.0,35.1,35.1,6.198628989273138e+21,3.0718117202100224e+16,0,0.0,0.0,0,0,1412,53,51,2,0,2,0.14,0.038,19.46
A_k2_m125,A_MARGIN,16,0.0625,random,0.052,25.0,unreal,12.5,2,rs,0.0,month,0.0,0,0,0.92,entrant,signal,none,rs,1,0.0,7029,21.35,-33.3,0.641,1.214,709,32.7,48.2,37.89,-11.25,12.454,16,73.22,18.73,-31.78,23.97,-33.3,20.13,-20.61,1880,527,93,1049,1916,709,55,2962,2.54,0,0.0,0.0,0,8.612216e+06,7.398179e+06,1.214038e+06,2.527,550362.0,0.413,5.109,32.2,72126645.0,39.6,39.6,4.983244246684522e+21,2.0813362124292096e+16,0,0.0,0.0,0,0,1419,58,55,2,1,3,0.14,0.041,19.62
A_k2_m125,A_MARGIN,16,0.0625,random,0.052,25.0,unreal,12.5,2,rs,0.0,month,0.0,0,0,0.92,entrant,signal,none,rs,1,0.0,7030,21.91,-33.26,0.659,1.242,705,32.5,48.5,38.24,-11.19,12.79,16,73.15,18.84,-31.78,25.06,-33.26,22.15,-22.48,1880,534,93,1074,1889,705,49,2960,2.26,0,0.0,0.0,0,9.152178e+06,7.907336e+06,1.244842e+06,2.497,550792.0,0.407,5.216,32.8,79609113.0,37.8,37.8,2.391297461063161e+22,9.987651812091494e+16,0,0.0,0.0,0,0,1420,50,49,1,0,2,0.07,0.035,19.46
A_k2_spillcash,A_SPILL,16,0.0625,random,0.052,25.0,unreal,10.0,2,rs,0.0,month,0.0,0,0,0.92,entrant,signal,cash,rs,1,0.0,7001,22.51,-31.78,0.708,1.25,756,34.9,47.1,38.37,-10.95,12.273,15,73.21,19.93,-31.78,25.14,-30.66,15.15,-22.23,1880,517,84,1008,1948,756,100,4356,4.61,0,0.0,0.0,0,1.1726683e+07,1.0462434e+07,1.264248e+06,2.866,659088.0,0.487,7.157,37.0,90170681.0,39.5,39.5,6.47384745279146e+22,3.5658563966101094e+17,0,0.0,0.0,7,0,1404,101,91,9,1,3,0.64,0.072,19.46
A_k2_spillcash,A_SPILL,16,0.0625,random,0.052,25.0,unreal,10.0,2,rs,0.0,month,0.0,0,0,0.92,entrant,signal,cash,rs,1,0.0,7002,21.73,-32.07,0.678,1.232,756,34.9,46.8,37.82,-10.97,11.876,15,73.21,20.36,-31.78,23.07,-32.07,13.02,-27.13,1880,516,84,1014,1938,756,92,4350,4.24,0,0.0,0.0,0,1.0514372e+07,9.202716e+06,1.311655e+06,2.862,688440.0,0.51,7.666,37.3,78366500.0,39.8,39.8,7.891739254784566e+21,4.346841052007629e+16,0,0.0,0.0,3,0,1403,93,86,6,1,3,0.43,0.066,19.47
A_k2_spillcash,A_SPILL,16,0.0625,random,0.052,25.0,unreal,10.0,2,rs,0.0,month,0.0,0,0,0.92,entrant,signal,cash,rs,1,0.0,7003,22.29,-31.78,0.702,1.24,742,34.2,47.8,37.9,-10.96,12.417,15,73.31,20.36,-31.78,24.23,-31.33,21.72,-17.66,1880,527,84,1024,1944,742,97,4371,4.47,0,0.0,0.0,0,1.040404e+07,9.148701e+06,1.255339e+06,2.72,671355.0,0.485,6.52,36.9,85809012.0,39.7,39.7,6.513581361223862e+22,3.5877390831845376e+17,0,0.0,0.0,6,0,1407,98,88,9,1,3,0.64,0.07,19.47
A_k2_spillcash,A_SPILL,16,0.0625,random,0.052,25.0,unreal,10.0,2,rs,0.0,month,0.0,0,0,0.92,entrant,signal,cash,rs,1,0.0,7004,22.25,-32.06,0.694,1.235,754,34.8,46.7,38.77,-11.07,12.199,15,73.14,19.93,-31.78,24.59,-32.06,18.21,-22.03,1880,506,84,999,1962,754,104,4359,4.8,0,0.0,0.0,0,1.0636971e+07,9.379596e+06,1.257374e+06,2.809,656070.0,0.483,6.957,37.0,85344133.0,41.3,41.3,2.043469374782586e+22,1.1255635250040013e+17,0,0.0,0.0,8,0,1402,105,93,11,1,3,0.78,0.075,19.46
A_k2_spillcash,A_SPILL,16,0.0625,random,0.052,25.0,unreal,10.0,2,rs,0.0,month,0.0,0,0,0.92,entrant,signal,cash,rs,1,0.0,7005,23.17,-32.51,0.713,1.276,751,34.6,46.9,39.16,-10.8,12.615,15,73.4,20.36,-31.78,26.05,-32.51,19.57,-23.42,1880,533,93,1031,1927,751,95,4360,4.38,0,0.0,0.0,0,1.1598227e+07,9.701069e+06,1.897159e+06,2.858,673099.0,0.522,7.713,38.1,100172476.0,50.2,50.2,1.2457070060017402e+23,5.2180925196691046e+17,0,0.0,0.0,5,0,1406,96,88,7,1,3,0.5,0.068,25.3
A_k2_spillcash,A_SPILL,16,0.0625,random,0.052,25.0,unreal,10.0,2,rs,0.0,month,0.0,0,0,0.92,entrant,signal,cash,rs,1,0.0,7006,23.48,-32.57,0.721,1.291,746,34.4,47.5,39.49,-10.97,12.975,15,73.37,20.36,-31.78,26.69,-32.57,24.99,-20.54,1880,523,93,1021,1948,746,103,4377,4.75,0,0.0,0.0,0,1.2418004e+07,1.0699673e+07,1.718331e+06,2.83,669774.0,0.525,8.313,38.6,106012199.0,45.6,45.6,3.8801537208746416e+23,1.3613856106982932e+18,0,0.0,0.0,7,0,1413,105,93,10,1,4,0.71,0.074,19.62
A_k2_spillcash,A_SPILL,16,0.0625,random,0.052,25.0,unreal,10.0,2,rs,0.0,month,0.0,0,0,0.92,entrant,signal,cash,rs,1,0.0,7007,22.78,-32.27,0.706,1.262,752,34.7,47.2,38.72,-11.01,12.466,15,73.3,20.36,-31.78,25.22,-32.27,21.09,-22.6,1880,537,93,1043,1920,752,102,4364,4.7,0,0.0,0.0,0,1.1869753e+07,1.0525906e+07,1.343847e+06,2.848,683473.0,0.528,7.937,37.8,94152682.0,41.5,41.5,1.1748190868590329e+23,6.471027251205898e+17,0,0.0,0.0,6,0,1410,105,91,11,2,4,0.78,0.074,19.47
A_k2_spillcash,A_SPILL,16,0.0625,random,0.052,25.0,unreal,10.0,2,rs,0.0,month,0.0,0,0,0.92,entrant,signal,cash,rs,1,0.0,7008,23.61,-31.78,0.743,1.315,748,34.5,48.5,38.09,-10.94,12.854,15,73.27,19.93,-31.78,27.42,-31.06,26.02,-18.16,1880,517,84,1007,1955,748,95,4362,4.38,0,0.0,0.0,0,1.2731709e+07,1.1463552e+07,1.268156e+06,2.78,648212.0,0.477,7.235,36.5,108525631.0,40.5,40.5,1.3638105915802057e+24,6.331207305303949e+18,0,0.0,0.0,4,0,1406,95,87,8,0,2,0.57,0.068,19.47
A_k2_spillcash,A_SPILL,16,0.0625,random,0.052,25.0,unreal,10.0,2,rs,0.0,month,0.0,0,0,0.92,entrant,signal,cash,rs,1,0.0,7009,23.52,-31.78,0.74,1.296,752,34.7,47.6,39.16,-10.98,12.887,15,73.38,20.36,-31.78,26.77,-31.33,26.15,-19.09,1880,528,84,1031,1931,752,100,4368,4.61,0,0.0,0.0,0,1.2176911e+07,1.0498506e+07,1.678405e+06,2.865,680014.0,0.506,8.334,37.6,106402658.0,43.7,43.7,4.3171034050732626e+23,1.5146942278108447e+18,0,0.0,0.0,5,0,1409,102,93,7,1,4,0.5,0.072,19.62
A_k2_spillcash,A_SPILL,16,0.0625,random,0.052,25.0,unreal,10.0,2,rs,0.0,month,0.0,0,0,0.92,entrant,signal,cash,rs,1,0.0,7010,22.18,-32.07,0.692,1.244,761,35.1,46.5,38.54,-10.99,12.051,15,73.21,20.36,-31.78,24.0,-32.07,17.82,-29.48,1880,523,84,1035,1919,761,102,4355,4.7,0,0.0,0.0,0,1.0725676e+07,9.41606e+06,1.309616e+06,2.911,691350.0,0.521,7.181,38.1,84530171.0,44.3,44.3,1.5594931933469546e+22,7.239624361928294e+16,0,0.0,0.0,6,0,1406,102,93,9,0,2,0.64,0.073,19.47
A_k2_spillcash,A_SPILL,16,0.0625,random,0.052,25.0,unreal,10.0,2,rs,0.0,month,0.0,0,0,0.92,entrant,signal,cash,rs,1,0.0,7011,22.09,-32.06,0.689,1.236,751,34.6,46.9,38.5,-11.05,12.176,15,73.17,19.93,-31.78,24.25,-32.06,25.49,-19.0,1880,517,84,1016,1946,751,99,4367,4.57,0,0.0,0.0,0,9.495627e+06,8.264988e+06,1.230639e+06,2.771,653018.0,0.476,6.791,36.9,82110726.0,44.6,44.6,1.2157793705059638e+22,5.644007504242278e+16,0,0.0,0.0,5,0,1409,103,91,8,2,5,0.57,0.073,19.46
A_k2_spillcash,A_SPILL,16,0.0625,random,0.052,25.0,unreal,10.0,2,rs,0.0,month,0.0,0,0,0.92,entrant,signal,cash,rs,1,0.0,7012,21.14,-32.06,0.659,1.211,760,35.0,46.1,38.37,-11.16,11.652,15,73.14,19.93,-31.78,22.32,-32.06,12.57,-24.07,1880,487,84,953,2005,760,103,4356,4.75,0,0.0,0.0,0,9.22961e+06,7.694487e+06,1.535123e+06,2.853,658903.0,0.479,6.756,35.9,70130110.0,43.0,43.0,7.678441739557882e+20,3132348371566592.0,0,0.0,0.0,4,0,1402,104,96,7,1,3,0.5,0.074,19.62
A_k2_spillcash,A_SPILL,16,0.0625,random,0.052,25.0,unreal,10.0,2,rs,0.0,month,0.0,0,0,0.92,entrant,signal,cash,rs,1,0.0,7013,23.11,-32.27,0.716,1.272,750,34.6,47.2,38.95,-10.93,12.614,15,73.31,19.93,-31.78,26.37,-32.27,13.62,-25.91,1880,521,93,1010,1949,750,97,4362,4.47,0,0.0,0.0,0,1.2474433e+07,1.1091414e+07,1.383019e+06,2.87,650235.0,0.496,7.078,37.2,99926265.0,46.3,46.3,1.7834259928706717e+23,8.685926080273449e+17,0,0.0,0.0,7,0,1407,97,88,9,0,2,0.64,0.069,24.12
A_k2_spillcash,A_SPILL,16,0.0625,random,0.052,25.0,unreal,10.0,2,rs,0.0,month,0.0,0,0,0.92,entrant,signal,cash,rs,1,0.0,7014,21.88,-32.57,0.672,1.23,748,34.5,47.1,38.34,-11.0,12.216,15,73.32,20.36,-31.78,23.38,-32.57,17.76,-23.43,1880,524,93,1020,1945,748,100,4370,4.61,0,0.0,0.0,0,9.861486e+06,8.245975e+06,1.615512e+06,2.797,671108.0,0.501,6.982,37.7,79727902.0,40.1,40.1,1.5540129881403888e+22,6.339452474281165e+16,0,0.0,0.0,6,0,1408,101,93,7,1,3,0.5,0.072,19.62
A_k2_spillcash,A_SPILL,16,0.0625,random,0.052,25.0,unreal,10.0,2,rs,0.0,month,0.0,0,0,0.92,entrant,signal,cash,rs,1,0.0,7015,21.3,-31.78,0.67,1.217,752,34.7,46.9,37.55,-10.96,11.813,15,73.28,20.36,-31.78,22.19,-31.33,13.31,-27.66,1880,515,84,1030,1937,752,105,4370,4.84,0,0.0,0.0,0,9.720204e+06,8.111122e+06,1.609082e+06,2.818,680014.0,0.479,6.491,36.4,72397222.0,41.7,41.7,2.483001389230544e+21,1.0129177856442368e+16,0,0.0,0.0,5,0,1408,107,96,9,1,4,0.64,0.076,19.62
A_k2_spillcash,A_SPILL,16,0.0625,random,0.052,25.0,unreal,10.0,2,rs,0.0,month,0.0,0,0,0.92,entrant,signal,cash,rs,1,0.0,7016,22.75,-31.78,0.716,1.279,749,34.5,47.8,38.05,-10.96,12.465,15,73.27,20.36,-31.78,25.18,-30.38,22.37,-20.59,1880,510,84,1016,1944,749,95,4363,4.38,0,0.0,0.0,0,1.1103891e+07,9.779075e+06,1.324816e+06,2.829,687925.0,0.496,7.708,37.1,93068145.0,43.8,43.8,1.0277090050309756e+23,4.7709338537558016e+17,0,0.0,0.0,5,0,1406,96,88,7,1,3,0.5,0.068,19.47
A_k2_spillcash,A_SPILL,16,0.0625,random,0.052,25.0,unreal,10.0,2,rs,0.0,month,0.0,0,0,0.92,entrant,signal,cash,rs,1,0.0,7017,21.61,-32.07,0.674,1.21,757,34.9,46.4,38.05,-10.87,11.817,15,73.29,20.36,-31.78,22.84,-32.07,14.83,-25.06,1880,522,84,1024,1939,757,104,4364,4.8,0,0.0,0.0,0,1.0232834e+07,8.929322e+06,1.303511e+06,2.859,689408.0,0.518,6.958,37.6,76693628.0,42.6,42.6,4.6403674741292736e+21,2.555957801176269e+16,0,0.0,0.0,3,0,1409,107,96,8,2,4,0.57,0.076,19.47
A_k2_spillcash,A_SPILL,16,0.0625,random,0.052,25.0,unreal,10.0,2,rs,0.0,month,0.0,0,0,0.92,entrant,signal,cash,rs,1,0.0,7018,21.84,-32.57,0.67,1.235,751,34.6,46.9,38.22,-11.08,12.031,15,73.25,20.36,-31.78,23.29,-32.57,24.94,-19.49,1880,525,93,1017,1951,751,106,4374,4.89,0,0.0,0.0,0,9.277513e+06,8.057974e+06,1.219538e+06,2.776,671617.0,0.477,6.491,36.8,78616684.0,43.3,43.3,8.098173565654115e+21,3.759414509463142e+16,0,0.0,0.0,6,0,1411,107,97,9,1,3,0.64,0.076,19.47
A_k2_spillcash,A_SPILL,16,0.0625,random,0.052,25.0,unreal,10.0,2,rs,0.0,month,0.0,0,0,0.92,entrant,signal,cash,rs,1,0.0,7019,22.5,-32.27,0.697,1.265,751,34.6,47.3,38.29,-10.94,12.331,15,73.2,20.36,-31.78,24.65,-32.27,19.64,-26.5,1880,513,93,989,1970,751,97,4359,4.47,0,0.0,0.0,0,1.100455e+07,9.675031e+06,1.329519e+06,2.836,683469.0,0.49,7.205,37.3,89153926.0,43.4,43.4,4.9637751854954e+22,2.304330356091781e+17,0,0.0,0.0,6,0,1406,99,88,9,2,3,0.64,0.07,19.47
A_k2_spillcash,A_SPILL,16,0.0625,random,0.052,25.0,unreal,10.0,2,rs,0.0,month,0.0,0,0,0.92,entrant,signal,cash,rs,1,0.0,7020,22.51,-31.78,0.708,1.253,744,34.3,47.6,38.36,-11.0,12.489,15,73.32,20.36,-31.78,24.68,-30.38,23.77,-21.01,1880,534,84,1037,1933,744,99,4370,4.57,0,0.0,0.0,0,1.0265475e+07,9.023911e+06,1.241564e+06,2.745,684411.0,0.497,6.697,37.5,88749881.0,42.7,42.7,7.053613396861411e+22,3.27449612317098e+17,0,0.0,0.0,4,0,1406,101,92,7,1,4,0.5,0.072,19.47
A_k2_spillcash,A_SPILL,16,0.0625,random,0.052,25.0,unreal,10.0,2,rs,0.0,month,0.0,0,0,0.92,entrant,signal,cash,rs,1,0.0,7021,23.06,-31.78,0.726,1.276,754,34.8,47.3,38.61,-10.83,12.582,15,73.31,20.36,-31.78,25.82,-30.66,25.32,-20.79,1880,524,84,1022,1938,754,101,4364,4.66,0,0.0,0.0,0,1.1583658e+07,1.026724e+07,1.316418e+06,2.891,691580.0,0.515,7.777,37.1,98340121.0,45.1,45.1,2.2437115288984757e+23,1.0415965707698176e+18,0,0.0,0.0,6,0,1407,105,93,8,2,5,0.57,0.075,19.47
A_k2_spillcash,A_SPILL,16,0.0625,random,0.052,25.0,unreal,10.0,2,rs,0.0,month,0.0,0,0,0.92,entrant,signal,cash,rs,1,0.0,7022,23.01,-31.78,0.724,1.288,740,34.1,48.2,38.04,-10.95,12.685,15,73.3,20.36,-31.78,25.71,-31.32,19.08,-18.24,1880,506,84,1005,1961,740,92,4375,4.24,0,0.0,0.0,0,1.2116262e+07,1.081087e+07,1.305393e+06,2.74,670949.0,0.491,7.679,37.7,98044471.0,37.6,37.6,3.4912016000646844e+23,1.9229857761575567e+18,0,0.0,0.0,5,0,1412,93,85,7,1,3,0.5,0.066,19.47
A_k2_spillcash,A_SPILL,16,0.0625,random,0.052,25.0,unreal,10.0,2,rs,0.0,month,0.0,0,0,0.92,entrant,signal,cash,rs,1,0.0,7023,22.07,-32.06,0.688,1.239,746,34.4,47.1,38.54,-10.98,12.32,15,73.18,19.93,-31.78,24.23,-32.06,19.09,-17.98,1880,508,84,996,1970,746,100,4371,4.61,0,0.0,0.0,0,9.955095e+06,8.405554e+06,1.549541e+06,2.754,652107.0,0.471,6.629,37.0,82370961.0,39.7,39.7,2.3950597681918662e+22,9.770436418076672e+16,0,0.0,0.0,7,0,1408,101,91,9,1,3,0.64,0.072,19.62
A_k2_spillcash,A_SPILL,16,0.0625,random,0.052,25.0,unreal,10.0,2,rs,0.0,month,0.0,0,0,0.92,entrant,signal,cash,rs,1,0.0,7024,22.62,-32.06,0.705,1.268,754,34.8,47.3,38.33,-11.1,12.304,15,73.16,19.93,-31.78,25.35,-32.06,25.36,-19.37,1880,514,84,1021,1938,754,100,4361,4.61,0,0.0,0.0,0,1.0516322e+07,9.25947e+06,1.256852e+06,2.805,656070.0,0.475,7.021,36.2,90526561.0,42.9,42.9,4.379608774229545e+22,2.0331438876393472e+17,0,0.0,0.0,6,0,1406,101,91,9,1,3,0.64,0.072,19.46
A_k2_spillcash,A_SPILL,16,0.0625,random,0.052,25.0,unreal,10.0,2,rs,0.0,month,0.0,0,0,0.92,entrant,signal,cash,rs,1,0.0,7025,22.21,-31.78,0.699,1.24,753,34.7,46.6,38.66,-10.97,12.162,15,73.41,19.93,-31.78,24.51,-31.06,14.09,-22.57,1880,504,84,976,1986,753,102,4371,4.7,0,0.0,0.0,0,1.0377273e+07,8.458157e+06,1.919116e+06,2.843,652660.0,0.495,6.577,36.7,84629517.0,48.0,48.0,7.730212587599343e+21,2.8454549178023936e+16,0,0.0,0.0,6,0,1411,102,95,7,0,2,0.5,0.072,24.21
A_k2_spillcash,A_SPILL,16,0.0625,random,0.052,25.0,unreal,10.0,2,rs,0.0,month,0.0,0,0,0.92,entrant,signal,cash,rs,1,0.0,7026,23.7,-32.07,0.739,1.295,756,34.9,46.7,40.24,-11.06,12.895,15,73.36,20.36,-31.78,27.15,-32.07,22.43,-25.59,1880,513,84,993,1969,756,103,4369,4.75,0,0.0,0.0,0,1.2203147e+07,1.0177602e+07,2.025544e+06,2.928,688440.0,0.535,8.072,38.0,109621030.0,48.7,48.7,2.4372627300839775e+23,7.746328798030725e+17,0,0.0,0.0,4,0,1410,103,97,6,0,2,0.43,0.073,25.26
A_k2_spillcash,A_SPILL,16,0.0625,random,0.052,25.0,unreal,10.0,2,rs,0.0,month,0.0,0,0,0.92,entrant,signal,cash,rs,1,0.0,7027,24.03,-31.78,0.756,1.31,738,34.0,48.4,38.95,-10.94,13.195,15,73.55,20.36,-31.78,27.84,-30.66,21.43,-19.61,1880,515,84,1006,1964,738,94,4382,4.33,0,0.0,0.0,0,1.3712194e+07,1.1518126e+07,2.194068e+06,2.774,675679.0,0.511,7.68,37.8,117164394.0,49.6,49.6,1.38209520606733e+24,5.7893982117057e+18,0,0.0,0.0,5,0,1415,94,87,7,0,2,0.49,0.066,24.82
A_k2_spillcash,A_SPILL,16,0.0625,random,0.052,25.0,unreal,10.0,2,rs,0.0,month,0.0,0,0,0.92,entrant,signal,cash,rs,1,0.0,7028,23.06,-31.78,0.726,1.274,754,34.8,47.1,38.78,-10.93,12.473,15,73.48,20.36,-31.78,25.81,-30.38,16.69,-23.72,1880,522,84,1013,1949,754,102,4369,4.7,0,0.0,0.0,0,1.1939203e+07,1.0228831e+07,1.710372e+06,2.889,692781.0,0.529,7.93,37.4,98635469.0,45.9,45.9,1.2433874720496593e+23,6.055749955732111e+17,0,0.0,0.0,5,0,1410,102,95,7,0,2,0.5,0.072,25.16
A_k2_spillcash,A_SPILL,16,0.0625,random,0.052,25.0,unreal,10.0,2,rs,0.0,month,0.0,0,0,0.92,entrant,signal,cash,rs,1,0.0,7029,22.58,-31.78,0.711,1.268,752,34.7,47.1,38.66,-11.0,12.375,15,73.2,19.93,-31.78,25.28,-31.33,26.03,-22.6,1880,502,84,987,1971,752,94,4354,4.33,0,0.0,0.0,0,1.037693e+07,9.157516e+06,1.219414e+06,2.795,652439.0,0.493,6.783,36.6,89882857.0,43.3,43.3,4.9179771801647435e+22,2.2830685499896627e+17,0,0.0,0.0,3,0,1401,95,88,6,1,3,0.43,0.068,19.47
A_k2_spillcash,A_SPILL,16,0.0625,random,0.052,25.0,unreal,10.0,2,rs,0.0,month,0.0,0,0,0.92,entrant,signal,cash,rs,1,0.0,7030,22.63,-31.78,0.712,1.251,749,34.5,47.4,38.45,-10.97,12.455,15,73.35,20.36,-31.78,24.92,-31.32,19.61,-21.23,1880,521,84,1018,1945,749,96,4365,4.43,0,0.0,0.0,0,1.1333872e+07,1.0021762e+07,1.312109e+06,2.823,674139.0,0.511,7.648,37.2,91433203.0,38.9,38.9,1.0554126279227676e+23,5.813312452170875e+17,0,0.0,0.0,3,0,1407,97,90,6,1,3,0.43,0.069,19.47
A_k2_spilltopup,A_SPILL,16,0.0625,random,0.052,25.0,unreal,10.0,2,rs,0.0,month,0.0,0,0,0.92,entrant,signal,topup,rs,1,3.0,7001,22.61,-31.78,0.711,1.257,743,34.3,47.5,38.56,-11.02,12.54,15,73.34,19.93,-31.78,25.33,-31.05,23.41,-21.88,1880,515,84,1008,1961,743,99,4370,4.57,0,0.0,0.0,0,1.1150217e+07,9.877296e+06,1.272922e+06,2.78,646552.0,0.473,7.352,36.2,91044294.0,46.0,46.0,5.351300926231376e+22,2.4842309024402637e+17,6,0.28,9018855.0,0,0,1409,103,88,11,3,4,0.78,0.073,21.69
A_k2_spilltopup,A_SPILL,16,0.0625,random,0.052,25.0,unreal,10.0,2,rs,0.0,month,0.0,0,0,0.92,entrant,signal,topup,rs,1,3.0,7002,22.8,-32.46,0.703,1.261,748,34.5,47.2,38.92,-10.89,12.617,15,73.25,20.36,-31.78,25.28,-32.46,25.73,-23.61,1880,512,84,1006,1960,748,99,4368,4.57,0,0.0,0.0,0,1.1310534e+07,1.00196e+07,1.290934e+06,2.828,674085.0,0.507,7.583,37.8,94054729.0,43.7,43.7,1.5271753173849477e+23,7.089594625928724e+17,4,0.18,6739985.0,0,0,1410,103,90,9,3,4,0.64,0.073,19.47
A_k2_spilltopup,A_SPILL,16,0.0625,random,0.052,25.0,unreal,10.0,2,rs,0.0,month,0.0,0,0,0.92,entrant,signal,topup,rs,1,3.0,7003,21.31,-31.86,0.669,1.21,758,35.0,46.6,37.25,-10.93,11.507,15,73.38,20.36,-31.78,22.2,-31.86,21.3,-31.86,1880,505,84,981,1978,758,104,4355,4.8,0,0.0,0.0,0,9.506521e+06,8.242235e+06,1.264286e+06,2.897,699334.0,0.48,6.859,36.8,72342150.0,43.6,43.6,1.0733773798758574e+21,4982934083731456.0,6,0.28,11172185.0,0,0,1404,106,94,10,2,3,0.71,0.075,20.46
A_k2_spilltopup,A_SPILL,16,0.0625,random,0.052,25.0,unreal,10.0,2,rs,0.0,month,0.0,0,0,0.92,entrant,signal,topup,rs,1,3.0,7004,22.49,-32.45,0.693,1.249,743,34.3,47.0,38.75,-11.06,12.332,15,73.14,19.93,-31.78,25.1,-32.45,23.01,-23.29,1880,477,84,926,2044,743,103,4375,4.75,0,0.0,0.0,0,1.056163e+07,9.301518e+06,1.260112e+06,2.771,645412.0,0.479,7.262,37.3,88771830.0,44.6,44.6,1.5168359983964267e+22,7.04159931128873e+16,9,0.42,16751577.0,0,0,1409,105,91,12,1,4,0.85,0.075,21.69
A_k2_spilltopup,A_SPILL,16,0.0625,random,0.052,25.0,unreal,10.0,2,rs,0.0,month,0.0,0,0,0.92,entrant,signal,topup,rs,1,3.0,7005,23.13,-31.78,0.728,1.278,737,34.0,47.5,39.14,-10.91,12.858,15,73.58,20.36,-31.78,25.97,-31.09,22.78,-21.28,1880,494,84,965,2006,737,94,4383,4.33,0,0.0,0.0,0,1.0999057e+07,8.768521e+06,2.230534e+06,2.787,668730.0,0.477,6.958,36.6,99025684.0,49.3,49.3,1.0904601806549201e+23,3.46579396653482e+17,5,0.23,10465956.0,0,0,1415,94,87,7,0,2,0.49,0.066,25.07
A_k2_spilltopup,A_SPILL,16,0.0625,random,0.052,25.0,unreal,10.0,2,rs,0.0,month,0.0,0,0,0.92,entrant,signal,topup,rs,1,3.0,7006,23.12,-31.78,0.728,1.28,745,34.4,47.0,39.24,-10.89,12.663,15,73.5,20.36,-31.78,25.94,-31.2,22.48,-20.0,1880,513,84,992,1973,745,96,4372,4.43,0,0.0,0.0,0,1.1520974e+07,9.659642e+06,1.861332e+06,2.834,672429.0,0.492,7.214,36.6,99253050.0,50.1,50.1,9.311452537646962e+22,3.900432974578975e+17,5,0.23,11836716.0,0,0,1410,96,89,7,0,2,0.5,0.068,25.55
A_k2_spilltopup,A_SPILL,16,0.0625,random,0.052,25.0,unreal,10.0,2,rs,0.0,month,0.0,0,0,0.92,entrant,signal,topup,rs,1,3.0,7007,23.08,-31.78,0.726,1.292,751,34.6,47.4,38.89,-10.99,12.658,15,73.38,20.36,-31.78,25.86,-30.79,20.25,-24.04,1880,533,84,1056,1907,751,99,4368,4.57,0,0.0,0.0,0,1.1932435e+07,1.0248686e+07,1.683748e+06,2.862,682975.0,0.52,8.054,38.1,98956152.0,44.1,44.1,1.3503015761235466e+23,4.737649231601336e+17,4,0.18,6589737.0,0,0,1409,100,92,7,1,3,0.5,0.071,19.92
A_k2_spilltopup,A_SPILL,16,0.0625,random,0.052,25.0,unreal,10.0,2,rs,0.0,month,0.0,0,0,0.92,entrant,signal,topup,rs,1,3.0,7008,22.9,-31.78,0.721,1.278,751,34.6,47.9,38.05,-10.97,12.527,15,73.25,19.93,-31.78,25.94,-30.77,27.03,-26.71,1880,526,84,1025,1939,751,100,4360,4.61,0,0.0,0.0,0,1.0929434e+07,9.658071e+06,1.271363e+06,2.823,652660.0,0.509,7.235,37.4,95179675.0,41.1,41.1,1.910817333946265e+23,8.870576001457848e+17,4,0.18,7507840.0,0,0,1401,102,93,7,1,4,0.5,0.073,19.47
A_k2_spilltopup,A_SPILL,16,0.0625,random,0.052,25.0,unreal,10.0,2,rs,0.0,month,0.0,0,0,0.92,entrant,signal,topup,rs,1,3.0,7009,21.82,-31.78,0.687,1.223,742,34.2,48.0,37.33,-11.03,12.174,15,73.26,20.36,-31.78,23.26,-30.46,21.72,-27.83,1880,507,84,992,1979,742,100,4373,4.61,0,0.0,0.0,0,1.068064e+07,9.40457e+06,1.276069e+06,2.807,687247.0,0.48,7.39,36.7,79762339.0,39.6,39.6,2.080475452920689e+22,1.1459452064078234e+17,6,0.28,11086798.0,0,0,1409,104,90,10,3,4,0.71,0.074,21.26
A_k2_spilltopup,A_SPILL,16,0.0625,random,0.052,25.0,unreal,10.0,2,rs,0.0,month,0.0,0,0,0.92,entrant,signal,topup,rs,1,3.0,7010,22.44,-32.46,0.691,1.242,748,34.5,47.1,38.72,-11.04,12.378,15,73.16,20.36,-31.78,24.54,-32.46,26.48,-28.61,1880,482,84,932,2039,748,106,4370,4.89,0,0.0,0.0,0,1.1149447e+07,9.824965e+06,1.324482e+06,2.841,674085.0,0.506,7.492,37.4,88581461.0,44.4,44.4,2.9973437103986694e+22,1.3914549859752346e+17,6,0.28,9185134.0,0,0,1409,110,94,12,3,4,0.85,0.078,21.69
A_k2_spilltopup,A_SPILL,16,0.0625,random,0.052,25.0,unreal,10.0,2,rs,0.0,month,0.0,0,0,0.92,entrant,signal,topup,rs,1,3.0,7011,21.25,-32.45,0.655,1.198,749,34.5,46.9,37.71,-11.1,11.774,15,73.2,19.93,-31.78,22.54,-32.45,20.19,-23.75,1880,517,84,1010,1953,749,98,4364,4.52,0,0.0,0.0,0,9.30956e+06,8.091402e+06,1.218158e+06,2.771,646625.0,0.463,6.649,36.2,71511297.0,41.7,41.7,1.8158837393781057e+21,1.0002056488157184e+16,5,0.23,6741609.0,0,0,1408,102,89,9,3,4,0.64,0.072,19.99
A_k2_spilltopup,A_SPILL,16,0.0625,random,0.052,25.0,unreal,10.0,2,rs,0.0,month,0.0,0,0,0.92,entrant,signal,topup,rs,1,3.0,7012,21.13,-32.45,0.651,1.208,758,35.0,46.2,38.16,-11.11,11.643,15,73.04,19.93,-31.78,22.29,-32.45,15.56,-26.43,1880,488,84,954,2002,758,100,4353,4.61,0,0.0,0.0,0,8.83116e+06,7.313657e+06,1.517503e+06,2.849,649963.0,0.467,6.547,36.1,69578872.0,41.8,41.8,7.930105701485112e+20,3235015001374720.0,5,0.23,7242779.0,0,0,1401,101,92,8,1,3,0.57,0.072,19.99
A_k2_spilltopup,A_SPILL,16,0.0625,random,0.052,25.0,unreal,10.0,2,rs,0.0,month,0.0,0,0,0.92,entrant,signal,topup,rs,1,3.0,7013,21.33,-31.78,0.671,1.217,756,34.9,46.2,38.26,-10.95,11.767,15,73.14,19.93,-31.78,22.71,-31.13,19.66,-31.13,1880,500,84,984,1977,756,101,4355,4.66,0,0.0,0.0,0,9.978622e+06,8.765342e+06,1.21328e+06,2.833,656814.0,0.475,6.73,36.2,73041077.0,39.3,39.3,3.0656278508988143e+21,1.6885780962082816e+16,3,0.14,5592090.0,0,0,1403,105,93,8,3,4,0.57,0.075,19.47
A_k2_spilltopup,A_SPILL,16,0.0625,random,0.052,25.0,unreal,10.0,2,rs,0.0,month,0.0,0,0,0.92,entrant,signal,topup,rs,1,3.0,7014,21.65,-31.78,0.681,1.218,748,34.5,47.3,37.94,-11.15,12.083,15,73.42,20.36,-31.78,22.91,-31.2,21.32,-24.76,1880,508,84,990,1979,748,104,4377,4.8,0,0.0,0.0,0,9.681756e+06,8.085874e+06,1.595882e+06,2.818,673287.0,0.479,7.097,37.2,76672251.0,40.7,40.7,5.731655810460672e+21,2.3381765452201984e+16,6,0.28,11291718.0,0,0,1412,108,95,9,2,5,0.64,0.076,21.14
A_k2_spilltopup,A_SPILL,16,0.0625,random,0.052,25.0,unreal,10.0,2,rs,0.0,month,0.0,0,0,0.92,entrant,signal,topup,rs,1,3.0,7015,22.19,-31.78,0.698,1.251,734,33.8,47.8,37.73,-10.96,12.323,14,73.37,20.36,-31.78,24.02,-30.46,19.68,-21.45,1880,516,84,995,1977,734,94,4379,4.33,0,0.0,0.0,0,9.891418e+06,8.265558e+06,1.625859e+06,2.726,681003.0,0.474,6.416,36.0,83925538.0,44.8,44.8,1.9869269066409306e+22,9.67702345636905e+16,7,0.32,12786194.0,0,0,1411,94,85,9,0,2,0.64,0.067,26.06
A_k2_spilltopup,A_SPILL,16,0.0625,random,0.052,25.0,unreal,10.0,2,rs,0.0,month,0.0,0,0,0.92,entrant,signal,topup,rs,1,3.0,7016,22.35,-31.78,0.703,1.254,753,34.7,46.5,38.83,-10.95,12.19,15,73.49,20.36,-31.78,24.34,-30.77,16.4,-26.85,1880,501,84,986,1977,753,102,4363,4.7,0,0.0,0.0,0,1.039818e+07,9.0973e+06,1.300879e+06,2.914,688722.0,0.524,7.836,38.1,86595139.0,50.3,50.3,1.2534992691850054e+22,5.250731522339635e+16,5,0.23,9440690.0,0,0,1404,104,95,7,1,4,0.5,0.074,25.23
A_k2_spilltopup,A_SPILL,16,0.0625,random,0.052,25.0,unreal,10.0,2,rs,0.0,month,0.0,0,0,0.92,entrant,signal,topup,rs,1,3.0,7017,22.83,-32.46,0.704,1.261,737,34.0,47.8,38.45,-10.78,12.734,15,73.3,20.36,-31.78,25.35,-32.46,23.9,-21.51,1880,516,84,1015,1955,737,93,4382,4.29,0,0.0,0.0,0,1.1534371e+07,1.0231565e+07,1.302806e+06,2.749,669969.0,0.516,7.613,38.1,94765968.0,39.1,39.1,3.34068733735029e+23,1.840081362472665e+18,5,0.23,8703569.0,0,0,1415,95,86,7,1,4,0.49,0.067,20.07
A_k2_spilltopup,A_SPILL,16,0.0625,random,0.052,25.0,unreal,10.0,2,rs,0.0,month,0.0,0,0,0.92,entrant,signal,topup,rs,1,3.0,7018,21.54,-31.78,0.678,1.22,750,34.6,47.2,37.62,-11.1,11.896,15,73.33,20.36,-31.78,22.68,-31.2,19.7,-27.42,1880,498,84,976,1989,750,102,4370,4.7,0,0.0,0.0,0,9.51198e+06,8.269624e+06,1.242357e+06,2.833,673633.0,0.477,6.583,36.7,75067501.0,44.6,44.6,3.204738132413778e+21,1.4877324331712512e+16,6,0.28,11446983.0,0,0,1409,104,93,9,2,3,0.64,0.074,21.29
A_k2_spilltopup,A_SPILL,16,0.0625,random,0.052,25.0,unreal,10.0,2,rs,0.0,month,0.0,0,0,0.92,entrant,signal,topup,rs,1,3.0,7019,22.89,-31.78,0.72,1.276,737,34.0,47.6,38.88,-10.85,12.834,15,73.44,20.36,-31.78,25.45,-30.79,20.38,-22.79,1880,511,84,1031,1941,737,95,4387,4.38,0,0.0,0.0,0,1.139311e+07,9.715223e+06,1.677888e+06,2.79,678155.0,0.477,6.988,37.0,95423514.0,47.6,47.6,1.1202899529307937e+23,3.609428324431954e+17,5,0.23,10056162.0,0,0,1418,95,88,7,0,2,0.49,0.067,20.64
A_k2_spilltopup,A_SPILL,16,0.0625,random,0.052,25.0,unreal,10.0,2,rs,0.0,month,0.0,0,0,0.92,entrant,signal,topup,rs,1,3.0,7020,21.74,-31.78,0.684,1.236,742,34.2,47.6,37.29,-10.91,12.016,15,73.27,20.36,-31.78,23.09,-30.77,17.57,-22.22,1880,527,84,1038,1927,742,93,4370,4.29,0,0.0,0.0,0,9.800636e+06,8.535898e+06,1.264738e+06,2.763,677632.0,0.474,6.253,36.7,77822254.0,38.6,38.6,1.0995089256162236e+22,6.056201958090342e+16,5,0.23,8597858.0,0,0,1408,93,86,7,0,2,0.5,0.066,20.46
A_k2_spilltopup,A_SPILL,16,0.0625,random,0.052,25.0,unreal,10.0,2,rs,0.0,month,0.0,0,0,0.92,entrant,signal,topup,rs,1,3.0,7021,22.47,-31.78,0.707,1.252,749,34.5,47.4,38.26,-10.87,12.417,15,73.26,20.36,-31.78,24.6,-31.05,23.57,-24.91,1880,523,84,1020,1945,749,100,4366,4.61,0,0.0,0.0,0,1.0865504e+07,9.562208e+06,1.303296e+06,2.843,680674.0,0.526,7.752,37.9,88763842.0,44.6,44.6,6.053628731280513e+22,2.8102716624050586e+17,5,0.23,9091655.0,0,0,1408,104,91,9,3,4,0.64,0.074,19.47
A_k2_spilltopup,A_SPILL,16,0.0625,random,0.052,25.0,unreal,10.0,2,rs,0.0,month,0.0,0,0,0.92,entrant,signal,topup,rs,1,3.0,7022,22.1,-31.78,0.695,1.246,745,34.4,47.7,37.45,-10.9,12.14,15,73.28,20.36,-31.78,23.82,-30.46,23.65,-25.17,1880,507,84,988,1976,745,96,4362,4.43,0,0.0,0.0,0,9.767145e+06,8.503246e+06,1.2639e+06,2.802,690281.0,0.48,6.694,37.7,82476808.0,42.6,42.6,1.8863560100522039e+22,8.7570088198144e+16,6,0.28,9079660.0,0,0,1402,98,88,8,1,4,0.57,0.07,20.46
A_k2_spilltopup,A_SPILL,16,0.0625,random,0.052,25.0,unreal,10.0,2,rs,0.0,month,0.0,0,0,0.92,entrant,signal,topup,rs,1,3.0,7023,21.79,-32.45,0.671,1.218,749,34.5,46.7,38.45,-11.08,12.065,15,73.21,19.93,-31.78,23.65,-32.45,22.12,-26.17,1880,484,84,948,2015,749,102,4369,4.7,0,0.0,0.0,0,9.639379e+06,8.100989e+06,1.53839e+06,2.839,646935.0,0.459,6.648,36.0,78411812.0,44.0,44.0,4.22555780095078e+21,1.4825744995713024e+16,9,0.42,16906946.0,0,0,1410,104,91,11,1,4,0.78,0.074,20.86
A_k2_spilltopup,A_SPILL,16,0.0625,random,0.052,25.0,unreal,10.0,2,rs,0.0,month,0.0,0,0,0.92,entrant,signal,topup,rs,1,3.0,7024,21.93,-32.45,0.676,1.24,746,34.4,48.0,37.22,-11.16,12.055,15,73.15,19.93,-31.78,23.94,-32.45,14.92,-24.44,1880,500,84,984,1973,746,91,4353,4.2,0,0.0,0.0,0,1.075858e+07,9.505026e+06,1.253555e+06,2.802,646138.0,0.462,7.1,36.5,81268513.0,39.8,39.8,1.2890510224134402e+22,7.100212300480512e+16,7,0.32,11760908.0,0,0,1400,93,82,9,1,4,0.64,0.066,21.75
A_k2_spilltopup,A_SPILL,16,0.0625,random,0.052,25.0,unreal,10.0,2,rs,0.0,month,0.0,0,0,0.92,entrant,signal,topup,rs,1,3.0,7025,20.95,-31.78,0.659,1.183,757,34.9,46.4,37.6,-10.93,11.573,15,73.01,19.93,-31.78,21.93,-30.77,15.04,-29.3,1880,488,84,936,2026,757,109,4362,5.03,0,0.0,0.0,0,9.178752e+06,7.600442e+06,1.578311e+06,2.869,658005.0,0.505,6.595,37.1,67881324.0,44.0,44.0,6.460274335349505e+20,2635405354598400.0,8,0.37,10520943.0,0,0,1404,111,98,11,1,4,0.78,0.079,19.99
A_k2_spilltopup,A_SPILL,16,0.0625,random,0.052,25.0,unreal,10.0,2,rs,0.0,month,0.0,0,0,0.92,entrant,signal,topup,rs,1,3.0,7026,23.43,-32.46,0.722,1.291,744,34.3,47.0,39.74,-10.99,12.875,15,73.38,20.36,-31.78,26.59,-32.46,21.09,-18.99,1880,504,84,976,1991,744,98,4376,4.52,0,0.0,0.0,0,1.2282361e+07,9.968544e+06,2.313816e+06,2.836,672153.0,0.486,7.753,37.2,105050029.0,46.2,46.2,1.818723945742106e+23,6.694634243751936e+17,6,0.28,10322765.0,0,0,1412,98,90,8,0,2,0.57,0.069,25.36
A_k2_spilltopup,A_SPILL,16,0.0625,random,0.052,25.0,unreal,10.0,2,rs,0.0,month,0.0,0,0,0.92,entrant,signal,topup,rs,1,3.0,7027,22.75,-31.78,0.716,1.258,741,34.2,47.8,38.51,-10.93,12.685,15,73.42,20.36,-31.78,25.16,-31.05,25.62,-27.31,1880,523,84,1026,1942,741,97,4370,4.47,0,0.0,0.0,0,1.1701878e+07,1.0364957e+07,1.336922e+06,2.805,673055.0,0.513,7.561,37.7,93628960.0,45.0,45.0,1.3057953833100055e+23,6.06187767147266e+17,7,0.32,13053600.0,0,0,1409,101,86,11,3,4,0.78,0.072,21.69
A_k2_spilltopup,A_SPILL,16,0.0625,random,0.052,25.0,unreal,10.0,2,rs,0.0,month,0.0,0,0,0.92,entrant,signal,topup,rs,1,3.0,7028,22.88,-31.78,0.72,1.271,746,34.4,47.9,38.29,-10.93,12.628,15,73.29,20.36,-31.78,25.43,-30.77,21.94,-22.5,1880,508,84,987,1980,746,99,4376,4.57,0,0.0,0.0,0,1.186602e+07,1.0545934e+07,1.320086e+06,2.855,681851.0,0.515,8.026,37.1,95676901.0,45.0,45.0,1.7748097060635865e+23,8.239180762012713e+17,5,0.23,10421110.0,0,0,1414,103,90,9,2,5,0.64,0.073,19.47
A_k2_spilltopup,A_SPILL,16,0.0625,random,0.052,25.0,unreal,10.0,2,rs,0.0,month,0.0,0,0,0.92,entrant,signal,topup,rs,1,3.0,7029,22.17,-31.78,0.698,1.24,752,34.7,46.5,38.44,-10.8,12.12,15,73.32,19.93,-31.78,24.43,-30.47,14.34,-25.1,1880,512,84,994,1965,752,98,4362,4.52,0,0.0,0.0,0,1.0523739e+07,9.136392e+06,1.387347e+06,2.881,664834.0,0.48,6.996,36.6,84217859.0,48.2,48.2,1.2805294237885204e+22,6.236624085267251e+16,6,0.28,11754058.0,0,0,1406,98,90,8,0,2,0.57,0.07,25.46
A_k2_spilltopup,A_SPILL,16,0.0625,random,0.052,25.0,unreal,10.0,2,rs,0.0,month,0.0,0,0,0.92,entrant,signal,topup,rs,1,3.0,7030,22.18,-31.78,0.698,1.236,740,34.1,47.2,38.45,-11.01,12.317,15,73.46,20.36,-31.78,24.0,-30.46,15.99,-24.81,1880,494,84,965,2003,740,96,4376,4.43,0,0.0,0.0,0,1.0388304e+07,8.729104e+06,1.6592e+06,2.81,684863.0,0.482,7.6,37.2,84240845.0,47.4,47.4,1.037068205632592e+22,3.81739957443625e+16,7,0.32,13512130.0,0,0,1412,97,87,9,1,3,0.64,0.069,27.86
B_S_k1_rs_c20,B_TOPUP,16,0.0625,random,0.052,25.0,unreal,10.0,1,rs,0.0,month,0.0,0,0,0.92,topup,signal,none,rs,1,2.0,7001,20.68,-34.39,0.601,1.14,694,32.0,45.1,34.84,-10.79,9.791,15,72.56,19.18,-32.5,22.11,-34.39,16.84,-25.63,1880,223,2,429,2496,694,78,1388,3.6,0,0.0,0.0,0,7.495012e+06,6.256256e+06,1.238757e+06,2.678,568000.0,0.431,5.55,33.3,63550298.0,62.3,62.3,5409934900461568.0,63409729536.0,78,3.6,55434111.0,0,26,1388,124,104,15,3,4,1.08,0.089,33.45
B_S_k1_rs_c20,B_TOPUP,16,0.0625,random,0.052,25.0,unreal,10.0,1,rs,0.0,month,0.0,0,0,0.92,topup,signal,none,rs,1,2.0,7002,20.6,-38.31,0.538,1.141,696,32.1,46.4,33.91,-10.76,9.967,15,72.52,19.41,-32.4,21.69,-38.31,22.04,-24.77,1880,260,2,482,2441,696,77,1383,3.55,0,0.0,0.0,0,7.563854e+06,6.628847e+06,935007.0,2.717,581070.0,0.47,5.077,34.2,62651845.0,50.9,50.9,5.47520240460759e+16,839289995264.0,77,3.55,61138314.0,0,26,1383,123,103,17,2,4,1.23,0.089,26.08
B_S_k1_rs_c20,B_TOPUP,16,0.0625,random,0.052,25.0,unreal,10.0,1,rs,0.0,month,0.0,0,0,0.92,topup,signal,none,rs,1,2.0,7003,21.32,-37.78,0.564,1.166,692,31.9,46.1,34.81,-10.57,10.352,14,72.63,19.31,-32.43,23.27,-37.78,21.56,-24.35,1880,253,2,464,2463,692,76,1396,3.5,0,0.0,0.0,0,7.539494e+06,6.197663e+06,1.34183e+06,2.657,559155.0,0.473,4.955,33.7,70664317.0,52.2,52.2,2.6681188964263526e+17,3445722710016.0,76,3.5,58183752.0,0,26,1396,118,102,14,2,3,1.0,0.085,29.18
B_S_k1_rs_c20,B_TOPUP,16,0.0625,random,0.052,25.0,unreal,10.0,1,rs,0.0,month,0.0,0,0,0.92,topup,signal,none,rs,1,2.0,7004,20.48,-34.11,0.6,1.139,689,31.8,46.0,34.03,-10.67,9.894,15,72.56,19.14,-32.48,21.74,-34.11,19.52,-24.34,1880,222,2,420,2510,689,82,1383,3.78,0,0.0,0.0,0,7.814446e+06,6.660872e+06,1.153573e+06,2.7,591473.0,0.466,6.187,34.8,61677762.0,50.1,50.1,2.915856303731507e+16,520850931712.0,82,3.78,62844541.0,0,26,1383,133,108,18,5,5,1.3,0.096,26.09
B_S_k1_rs_c20,B_TOPUP,16,0.0625,random,0.052,25.0,unreal,10.0,1,rs,0.0,month,0.0,0,0,0.92,topup,signal,none,rs,1,2.0,7005,20.38,-37.81,0.539,1.128,698,32.2,45.8,34.05,-10.78,9.773,15,72.49,19.14,-32.48,21.54,-37.81,23.39,-23.13,1880,244,2,468,2453,698,78,1376,3.6,0,0.0,0.0,0,7.078494e+06,6.181487e+06,897007.0,2.709,558059.0,0.462,5.299,33.7,60030228.0,50.7,50.7,1.7726734484897792e+16,272299163648.0,78,3.6,54262461.0,0,26,1376,122,104,15,3,3,1.09,0.089,26.08
B_S_k1_rs_c20,B_TOPUP,16,0.0625,random,0.052,25.0,unreal,10.0,1,rs,0.0,month,0.0,0,0,0.92,topup,signal,none,rs,1,2.0,7006,20.75,-38.33,0.541,1.147,688,31.7,45.2,34.95,-10.57,10.006,15,72.64,19.18,-32.5,22.25,-38.33,15.75,-22.13,1880,262,2,491,2440,688,75,1391,3.46,0,0.0,0.0,0,7.703599e+06,6.481493e+06,1.222106e+06,2.61,558715.0,0.428,5.161,33.4,64545378.0,55.4,55.4,3.587949321833677e+16,628885225472.0,75,3.46,51226192.0,0,26,1391,118,101,15,2,3,1.08,0.085,30.89
B_S_k1_rs_c20,B_TOPUP,16,0.0625,random,0.052,25.0,unreal,10.0,1,rs,0.0,month,0.0,0,0,0.92,topup,signal,none,rs,1,2.0,7007,20.37,-34.11,0.597,1.128,691,31.9,45.9,34.87,-10.74,10.183,14,72.55,19.14,-32.48,21.51,-34.11,19.96,-31.61,1880,254,2,469,2459,691,80,1384,3.69,0,0.0,0.0,0,8.189955e+06,7.238148e+06,951807.0,2.712,592742.0,0.458,5.664,34.7,60931757.0,51.7,51.7,8.065653088138035e+16,1057709031424.0,80,3.69,63592346.0,0,26,1384,130,106,18,4,4,1.3,0.094,26.09
B_S_k1_rs_c20,B_TOPUP,16,0.0625,random,0.052,25.0,unreal,10.0,1,rs,0.0,month,0.0,0,0,0.92,topup,signal,none,rs,1,2.0,7008,20.43,-38.31,0.533,1.13,693,32.0,45.7,34.62,-10.81,9.973,14,72.52,19.31,-32.43,21.45,-38.31,24.11,-27.34,1880,242,2,450,2476,693,80,1381,3.69,0,0.0,0.0,0,7.632978e+06,6.711566e+06,921412.0,2.696,573000.0,0.466,5.59,34.2,61027348.0,50.9,50.9,3.5158039644340224e+16,538998112256.0,80,3.69,60726661.0,0,26,1381,128,106,16,4,5,1.16,0.093,26.09
B_S_k1_rs_c20,B_TOPUP,16,0.0625,random,0.052,25.0,unreal,10.0,1,rs,0.0,month,0.0,0,0,0.92,topup,signal,none,rs,1,2.0,7009,19.62,-37.81,0.519,1.097,703,32.4,45.9,32.94,-10.83,9.276,15,72.34,19.14,-32.48,19.98,-37.81,12.84,-29.93,1880,253,2,469,2447,703,81,1374,3.74,0,0.0,0.0,0,7.554621e+06,6.658128e+06,896494.0,2.772,559407.0,0.478,5.399,34.0,53260049.0,50.1,50.1,3290514300338176.0,68849770496.0,81,3.74,54962641.0,0,26,1374,131,107,18,3,5,1.31,0.095,26.08
B_S_k1_rs_c20,B_TOPUP,16,0.0625,random,0.052,25.0,unreal,10.0,1,rs,0.0,month,0.0,0,0,0.92,topup,signal,none,rs,1,2.0,7010,21.46,-38.31,0.56,1.172,685,31.6,46.3,34.97,-10.64,10.465,15,72.64,19.31,-32.43,23.58,-38.31,18.66,-22.38,1880,269,2,481,2453,685,73,1392,3.37,0,0.0,0.0,0,8.333626e+06,6.753248e+06,1.580378e+06,2.619,567328.0,0.465,4.888,34.3,73157763.0,54.2,54.2,2.702047591876526e+17,3470052818944.0,73,3.37,53376113.0,0,26,1392,115,99,14,2,3,1.01,0.083,29.18
B_S_k1_rs_c20,B_TOPUP,16,0.0625,random,0.052,25.0,unreal,10.0,1,rs,0.0,month,0.0,0,0,0.92,topup,signal,none,rs,1,2.0,7011,20.8,-34.42,0.604,1.153,688,31.7,46.2,34.33,-10.78,10.069,15,72.36,19.51,-32.4,22.02,-34.42,19.15,-28.91,1880,236,2,435,2496,688,79,1383,3.64,0,0.0,0.0,0,8.501692e+06,7.338613e+06,1.163079e+06,2.668,581247.0,0.455,6.038,34.7,65688148.0,53.4,53.4,4.029551202009088e+16,549990629376.0,79,3.64,63688100.0,0,26,1383,128,105,17,4,4,1.23,0.093,26.09
B_S_k1_rs_c20,B_TOPUP,16,0.0625,random,0.052,25.0,unreal,10.0,1,rs,0.0,month,0.0,0,0,0.92,topup,signal,none,rs,1,2.0,7012,20.62,-34.39,0.6,1.145,694,32.0,46.1,33.88,-10.81,9.795,14,72.34,19.22,-32.48,21.94,-34.39,15.64,-30.35,1880,229,2,432,2493,694,78,1377,3.6,0,0.0,0.0,0,8.693002e+06,7.53445e+06,1.158551e+06,2.709,571251.0,0.461,6.115,34.3,63952121.0,50.3,50.3,1.834556625780736e+16,359755808768.0,78,3.6,60786086.0,0,26,1377,125,104,16,3,4,1.16,0.091,26.08
B_S_k1_rs_c20,B_TOPUP,16,0.0625,random,0.052,25.0,unreal,10.0,1,rs,0.0,month,0.0,0,0,0.92,topup,signal,none,rs,1,2.0,7013,20.15,-37.81,0.533,1.112,698,32.2,46.1,33.91,-10.92,9.762,15,72.59,19.14,-32.48,21.06,-37.81,20.08,-27.69,1880,263,2,496,2425,698,75,1381,3.46,0,0.0,0.0,0,7.293648e+06,6.396449e+06,897199.0,2.722,558059.0,0.462,5.009,34.0,57985480.0,51.0,51.0,1.4370546108071936e+16,220744941568.0,75,3.46,56658453.0,0,26,1381,121,101,15,3,4,1.09,0.088,26.08
B_S_k1_rs_c20,B_TOPUP,16,0.0625,random,0.052,25.0,unreal,10.0,1,rs,0.0,month,0.0,0,0,0.92,topup,signal,none,rs,1,2.0,7014,20.84,-34.11,0.611,1.154,684,31.5,45.8,34.91,-10.44,10.31,15,72.79,19.14,-32.48,22.48,-34.11,18.02,-19.74,1880,265,2,502,2433,684,76,1397,3.5,0,0.0,0.0,0,7.948723e+06,6.847249e+06,1.101474e+06,2.639,588502.0,0.431,5.727,33.9,65687483.0,55.4,55.4,1.6208914517327872e+17,2450691457024.0,76,3.5,59086453.0,0,26,1397,127,102,18,5,5,1.29,0.091,32.88
B_S_k1_rs_c20,B_TOPUP,16,0.0625,random,0.052,25.0,unreal,10.0,1,rs,0.0,month,0.0,0,0,0.92,topup,signal,none,rs,1,2.0,7015,21.05,-37.78,0.557,1.164,688,31.7,46.5,34.5,-10.69,10.331,15,72.7,19.31,-32.43,22.72,-37.78,22.02,-21.04,1880,277,2,507,2424,688,74,1397,3.41,0,0.0,0.0,0,7.612708e+06,6.39529e+06,1.217418e+06,2.592,555698.0,0.469,4.713,33.7,67684638.0,53.7,53.7,1.776781756507095e+17,2292544176128.0,74,3.41,44498177.0,0,26,1397,119,100,15,3,4,1.07,0.085,32.25
B_S_k1_rs_c20,B_TOPUP,16,0.0625,random,0.052,25.0,unreal,10.0,1,rs,0.0,month,0.0,0,0,0.92,topup,signal,none,rs,1,2.0,7016,20.1,-37.81,0.532,1.112,699,32.2,45.4,34.48,-10.79,9.739,15,72.46,19.14,-32.48,20.97,-37.81,24.33,-28.12,1880,245,2,456,2464,699,81,1377,3.74,0,0.0,0.0,0,7.231573e+06,6.329885e+06,901688.0,2.718,558852.0,0.458,5.179,33.9,57450178.0,51.9,51.9,1.1748658626166784e+16,180470513664.0,81,3.74,55622696.0,0,26,1377,128,107,16,3,4,1.16,0.093,26.08
B_S_k1_rs_c20,B_TOPUP,16,0.0625,random,0.052,25.0,unreal,10.0,1,rs,0.0,month,0.0,0,0,0.92,topup,signal,none,rs,1,2.0,7017,20.79,-38.31,0.543,1.148,688,31.7,45.8,34.43,-10.63,9.999,15,72.75,19.31,-32.43,22.19,-38.31,18.09,-16.73,1880,245,2,455,2476,688,78,1400,3.6,0,0.0,0.0,0,7.962687e+06,6.363875e+06,1.598813e+06,2.641,570505.0,0.452,5.656,33.7,65151250.0,54.2,54.2,4.901417537188659e+16,868148641792.0,78,3.6,58508276.0,0,26,1400,121,104,14,3,3,1.0,0.086,31.94
B_S_k1_rs_c20,B_TOPUP,16,0.0625,random,0.052,25.0,unreal,10.0,1,rs,0.0,month,0.0,0,0,0.92,topup,signal,none,rs,1,2.0,7018,19.86,-34.42,0.577,1.114,701,32.3,46.4,33.23,-10.75,9.638,15,72.54,19.41,-32.4,20.2,-34.42,16.71,-28.93,1880,271,2,521,2397,701,73,1376,3.37,0,0.0,0.0,0,7.80099e+06,6.810851e+06,990138.0,2.739,590060.0,0.491,5.429,35.1,55720102.0,51.6,51.6,1.5838011879063552e+16,310617833472.0,73,3.37,53419478.0,0,26,1376,117,99,16,1,4,1.16,0.085,26.09
B_S_k1_rs_c20,B_TOPUP,16,0.0625,random,0.052,25.0,unreal,10.0,1,rs,0.0,month,0.0,0,0,0.92,topup,signal,none,rs,1,2.0,7019,20.81,-38.31,0.543,1.146,696,32.1,46.1,34.35,-10.79,10.032,15,72.47,19.41,-32.4,22.13,-38.31,23.38,-23.13,1880,250,2,469,2454,696,77,1378,3.55,0,0.0,0.0,0,7.708459e+06,6.778775e+06,929684.0,2.707,581070.0,0.481,5.77,34.9,65059034.0,49.8,49.8,6.98726711600087e+16,1071074443264.0,77,3.55,55982888.0,0,26,1378,121,103,15,3,3,1.09,0.088,26.08
B_S_k1_rs_c20,B_TOPUP,16,0.0625,random,0.052,25.0,unreal,10.0,1,rs,0.0,month,0.0,0,0,0.92,topup,signal,none,rs,1,2.0,7020,20.74,-38.31,0.541,1.148,694,32.0,46.4,34.17,-10.83,10.048,14,72.44,19.41,-32.4,21.98,-38.31,22.03,-24.67,1880,246,2,459,2466,694,78,1383,3.6,0,0.0,0.0,0,7.787648e+06,6.853604e+06,934045.0,2.71,579181.0,0.47,5.385,34.4,64361213.0,50.2,50.2,7.187549171954483e+16,1101775241216.0,78,3.6,61202788.0,0,26,1383,124,104,17,2,4,1.23,0.09,26.08
B_S_k1_rs_c20,B_TOPUP,16,0.0625,random,0.052,25.0,unreal,10.0,1,rs,0.0,month,0.0,0,0,0.92,topup,signal,none,rs,1,2.0,7021,19.91,-37.81,0.527,1.102,702,32.4,45.6,34.07,-10.81,9.646,15,72.52,19.14,-32.48,20.57,-37.81,23.36,-29.87,1880,256,2,486,2431,702,77,1375,3.55,0,0.0,0.0,0,7.158044e+06,6.260588e+06,897456.0,2.717,559277.0,0.462,5.124,33.9,55582808.0,52.5,52.5,8863030624387072.0,136144412672.0,77,3.55,50413175.0,0,26,1375,123,103,15,3,4,1.09,0.089,26.08
B_S_k1_rs_c20,B_TOPUP,16,0.0625,random,0.052,25.0,unreal,10.0,1,rs,0.0,month,0.0,0,0,0.92,topup,signal,none,rs,1,2.0,7022,20.98,-34.42,0.61,1.158,692,31.9,46.4,34.19,-10.85,10.043,15,72.43,19.41,-32.4,22.48,-34.42,20.05,-28.07,1880,233,2,429,2498,692,79,1381,3.64,0,0.0,0.0,0,8.689718e+06,7.51715e+06,1.172568e+06,2.709,581498.0,0.471,6.712,34.8,67823687.0,53.4,53.4,3.923251190929818e+16,564873003008.0,79,3.64,64694170.0,0,26,1381,126,105,16,3,4,1.16,0.091,26.09
B_S_k1_rs_c20,B_TOPUP,16,0.0625,random,0.052,25.0,unreal,10.0,1,rs,0.0,month,0.0,0,0,0.92,topup,signal,none,rs,1,2.0,7023,20.32,-34.42,0.59,1.124,695,32.0,45.9,33.45,-10.71,9.562,15,72.51,19.51,-32.4,21.03,-34.42,11.43,-23.88,1880,240,2,453,2471,695,81,1389,3.74,0,0.0,0.0,0,7.6631e+06,6.447039e+06,1.216061e+06,2.718,587482.0,0.449,5.591,35.1,59901467.0,57.7,57.7,5751895901601792.0,89729589248.0,81,3.74,60163499.0,0,26,1389,129,107,17,3,4,1.22,0.093,33.72
B_S_k1_rs_c20,B_TOPUP,16,0.0625,random,0.052,25.0,unreal,10.0,1,rs,0.0,month,0.0,0,0,0.92,topup,signal,none,rs,1,2.0,7024,19.52,-38.32,0.509,1.083,707,32.6,45.7,33.13,-10.82,9.259,15,72.46,19.51,-32.4,19.4,-38.32,17.11,-28.97,1880,264,2,496,2416,707,78,1377,3.6,0,0.0,0.0,0,7.276622e+06,6.33217e+06,944451.0,2.768,594458.0,0.478,4.985,35.2,52158404.0,51.0,51.0,2907599980724224.0,60694564864.0,78,3.6,53682669.0,0,26,1377,127,104,17,4,4,1.23,0.092,26.08
B_S_k1_rs_c20,B_TOPUP,16,0.0625,random,0.052,25.0,unreal,10.0,1,rs,0.0,month,0.0,0,0,0.92,topup,signal,none,rs,1,2.0,7025,20.5,-37.78,0.543,1.129,690,31.8,45.8,34.11,-10.69,9.828,15,72.69,19.31,-32.43,21.6,-37.78,17.97,-22.62,1880,260,2,488,2441,690,79,1391,3.64,0,0.0,0.0,0,7.352496e+06,6.286806e+06,1.06569e+06,2.638,557037.0,0.465,4.812,33.6,61548631.0,55.6,55.6,1.8981270809739264e+16,333292765184.0,79,3.64,53721425.0,0,26,1391,128,105,16,4,6,1.15,0.092,33.28
B_S_k1_rs_c20,B_TOPUP,16,0.0625,random,0.052,25.0,unreal,10.0,1,rs,0.0,month,0.0,0,0,0.92,topup,signal,none,rs,1,2.0,7026,20.7,-38.31,0.54,1.145,687,31.7,45.9,34.35,-10.55,10.035,15,72.7,19.41,-32.4,21.91,-38.31,13.52,-20.47,1880,274,2,499,2433,687,72,1394,3.32,0,0.0,0.0,0,8.002768e+06,6.658924e+06,1.343844e+06,2.62,573077.0,0.452,5.147,34.5,64237563.0,56.4,56.4,5.650764776289075e+16,990588370944.0,72,3.32,49510295.0,0,26,1394,115,98,15,2,3,1.08,0.082,30.89
B_S_k1_rs_c20,B_TOPUP,16,0.0625,random,0.052,25.0,unreal,10.0,1,rs,0.0,month,0.0,0,0,0.92,topup,signal,none,rs,1,2.0,7027,20.67,-34.39,0.601,1.145,695,32.0,45.6,34.48,-10.82,9.845,15,72.51,19.1,-32.5,22.17,-34.39,23.31,-26.9,1880,230,2,437,2487,695,79,1376,3.64,0,0.0,0.0,0,7.81184e+06,6.67076e+06,1.14108e+06,2.705,567333.0,0.47,5.928,33.8,63686220.0,54.1,54.1,1.2698155636228096e+16,182895984640.0,79,3.64,58835272.0,0,26,1376,123,105,14,2,4,1.02,0.089,26.1
B_S_k1_rs_c20,B_TOPUP,16,0.0625,random,0.052,25.0,unreal,10.0,1,rs,0.0,month,0.0,0,0,0.92,topup,signal,none,rs,1,2.0,7028,20.8,-34.42,0.604,1.149,698,32.2,46.6,33.94,-10.74,10.064,15,72.55,19.41,-32.4,22.1,-34.42,20.94,-23.42,1880,274,2,514,2407,698,74,1379,3.41,0,0.0,0.0,0,8.073042e+06,7.100906e+06,972136.0,2.738,586765.0,0.487,5.558,35.2,65262425.0,51.7,51.7,7.494251498071654e+16,1079027957760.0,74,3.41,61156660.0,0,26,1379,120,100,16,2,4,1.16,0.087,26.09
B_S_k1_rs_c20,B_TOPUP,16,0.0625,random,0.052,25.0,unreal,10.0,1,rs,0.0,month,0.0,0,0,0.92,topup,signal,none,rs,1,2.0,7029,21.3,-34.42,0.619,1.18,683,31.5,46.0,34.67,-10.51,10.263,15,72.68,19.51,-32.4,23.03,-34.42,17.27,-19.73,1880,237,2,438,2498,683,77,1393,3.55,0,0.0,0.0,0,8.398851e+06,6.862198e+06,1.536653e+06,2.618,580281.0,0.436,5.876,33.7,71236376.0,57.1,57.1,1.0687057171474022e+17,1665819738112.0,77,3.55,62513693.0,0,26,1393,123,103,17,2,4,1.22,0.088,31.7
B_S_k1_rs_c20,B_TOPUP,16,0.0625,random,0.052,25.0,unreal,10.0,1,rs,0.0,month,0.0,0,0,0.92,topup,signal,none,rs,1,2.0,7030,19.93,-34.42,0.579,1.115,703,32.4,46.5,33.23,-10.8,9.681,15,72.48,19.41,-32.4,20.33,-34.42,19.44,-33.19,1880,283,2,540,2376,703,73,1379,3.37,0,0.0,0.0,0,7.80099e+06,6.810851e+06,990138.0,2.727,590228.0,0.496,5.414,34.7,56310757.0,50.3,50.3,2.0581004393578496e+16,403638386688.0,73,3.37,50696058.0,0,26,1379,115,99,14,2,3,1.02,0.083,26.09
B_S_k1_rs_c30,B_TOPUP,16,0.0625,random,0.052,25.0,unreal,10.0,1,rs,0.0,month,0.0,0,0,0.92,topup,signal,none,rs,1,3.0,7001,20.69,-41.8,0.495,1.129,697,32.1,45.9,32.67,-10.74,9.19,19,72.27,19.17,-32.45,22.13,-41.8,17.31,-26.63,1880,275,2,526,2396,697,74,1384,3.41,0,0.0,0.0,0,7.960945e+06,7.035902e+06,925043.0,2.755,552831.0,0.453,5.358,34.1,63966300.0,48.7,48.7,3405072620847104.0,88252506112.0,74,3.41,77513067.0,0,26,1384,119,100,14,3,5,1.01,0.086,32.87
B_S_k1_rs_c30,B_TOPUP,16,0.0625,random,0.052,25.0,unreal,10.0,1,rs,0.0,month,0.0,0,0,0.92,topup,signal,none,rs,1,3.0,7002,20.44,-41.8,0.489,1.118,697,32.1,45.5,32.36,-10.8,8.828,19,72.49,19.12,-32.39,21.68,-41.8,16.0,-24.71,1880,240,2,446,2476,697,75,1386,3.46,0,0.0,0.0,0,7.924393e+06,6.992278e+06,932116.0,2.782,549793.0,0.461,5.742,34.0,61409845.0,52.0,52.0,375291323088896.0,9727624192.0,75,3.46,82257181.0,0,26,1386,117,101,13,2,4,0.94,0.084,32.87
B_S_k1_rs_c30,B_TOPUP,16,0.0625,random,0.052,25.0,unreal,10.0,1,rs,0.0,month,0.0,0,0,0.92,topup,signal,none,rs,1,3.0,7003,20.42,-41.79,0.489,1.126,695,32.0,45.5,32.18,-10.65,8.822,19,72.6,19.01,-32.43,21.75,-41.79,17.03,-26.51,1880,255,2,488,2436,695,76,1388,3.5,0,0.0,0.0,0,7.263164e+06,6.308576e+06,954587.0,2.731,542906.0,0.435,5.168,33.4,60590455.0,54.2,54.2,342723894706176.0,6712076800.0,76,3.5,72909470.0,0,26,1388,116,102,13,1,3,0.94,0.084,32.87
B_S_k1_rs_c30,B_TOPUP,16,0.0625,random,0.052,25.0,unreal,10.0,1,rs,0.0,month,0.0,0,0,0.92,topup,signal,none,rs,1,3.0,7004,20.94,-41.78,0.501,1.135,698,32.2,46.0,32.55,-10.85,9.11,19,72.48,18.94,-32.44,22.89,-41.78,21.17,-26.28,1880,251,2,475,2446,698,75,1390,3.46,0,0.0,0.0,0,8.088485e+06,7.163152e+06,925334.0,2.772,541501.0,0.457,5.763,34.4,66844795.0,52.7,52.7,1199225467568128.0,22821388288.0,75,3.46,73594334.0,0,26,1390,118,101,13,2,4,0.94,0.085,32.87
B_S_k1_rs_c30,B_TOPUP,16,0.0625,random,0.052,25.0,unreal,10.0,1,rs,0.0,month,0.0,0,0,0.92,topup,signal,none,rs,1,3.0,7005,20.53,-41.78,0.491,1.123,687,31.7,44.3,33.37,-10.51,8.904,19,72.73,18.94,-32.44,22.05,-41.78,17.17,-19.79,1880,241,2,438,2494,687,78,1402,3.6,0,0.0,0.0,0,7.451524e+06,6.253646e+06,1.197878e+06,2.722,535220.0,0.433,5.642,33.2,61947541.0,59.0,59.0,283154543804416.0,7113630720.0,78,3.6,89021698.0,0,26,1402,122,104,15,2,4,1.07,0.087,34.03
B_S_k1_rs_c30,B_TOPUP,16,0.0625,random,0.052,25.0,unreal,10.0,1,rs,0.0,month,0.0,0,0,0.92,topup,signal,none,rs,1,3.0,7006,21.46,-41.8,0.513,1.164,695,32.0,44.6,33.88,-10.69,9.187,19,72.39,19.17,-32.45,23.72,-41.8,15.41,-29.89,1880,226,2,411,2513,695,77,1386,3.55,0,0.0,0.0,0,8.404084e+06,7.433782e+06,970302.0,2.8,550682.0,0.436,5.467,34.1,73137405.0,58.7,58.7,1054411048615936.0,20062720000.0,77,3.55,89794269.0,0,26,1386,119,103,13,2,4,0.94,0.086,32.87
B_S_k1_rs_c30,B_TOPUP,16,0.0625,random,0.052,25.0,unreal,10.0,1,rs,0.0,month,0.0,0,0,0.92,topup,signal,none,rs,1,3.0,7007,21.89,-41.78,0.524,1.179,681,31.4,46.5,33.34,-10.7,9.8,19,72.51,18.94,-32.44,24.86,-41.78,23.18,-21.59,1880,250,2,462,2476,681,72,1398,3.32,0,0.0,0.0,0,8.935744e+06,8.009641e+06,926103.0,2.626,532111.0,0.468,5.733,35.1,79095796.0,50.3,50.3,2.2360282642776064e+16,425518268416.0,72,3.32,79080803.0,0,26,1398,112,98,13,1,3,0.93,0.08,32.87
B_S_k1_rs_c30,B_TOPUP,16,0.0625,random,0.052,25.0,unreal,10.0,1,rs,0.0,month,0.0,0,0,0.92,topup,signal,none,rs,1,3.0,7008,21.35,-41.79,0.511,1.152,689,31.8,45.7,32.87,-10.83,9.153,19,72.48,19.01,-32.43,23.66,-41.79,22.2,-23.34,1880,245,2,457,2473,689,75,1385,3.46,0,0.0,0.0,0,8.368588e+06,7.441505e+06,927083.0,2.707,538368.0,0.443,5.884,34.3,71801881.0,55.4,55.4,850468955750400.0,16185388032.0,75,3.46,82883904.0,0,26,1385,118,101,14,2,4,1.01,0.085,32.87
B_S_k1_rs_c30,B_TOPUP,16,0.0625,random,0.052,25.0,unreal,10.0,1,rs,0.0,month,0.0,0,0,0.92,topup,signal,none,rs,1,3.0,7009,21.44,-39.16,0.548,1.159,679,31.3,44.8,33.64,-10.54,9.242,15,72.91,18.94,-32.44,23.94,-39.16,24.21,-21.28,1880,217,2,404,2536,679,79,1403,3.64,0,0.0,0.0,0,7.948969e+06,6.844924e+06,1.104045e+06,2.712,559539.0,0.46,6.11,33.9,72643312.0,58.7,58.7,934614277292032.0,19471450112.0,79,3.64,95445028.0,0,26,1403,124,105,15,3,4,1.07,0.088,33.57
B_S_k1_rs_c30,B_TOPUP,16,0.0625,random,0.052,25.0,unreal,10.0,1,rs,0.0,month,0.0,0,0,0.92,topup,signal,none,rs,1,3.0,7010,20.82,-39.13,0.532,1.131,689,31.8,46.3,31.92,-10.8,8.98,15,72.8,19.01,-32.43,22.57,-39.13,18.56,-21.6,1880,225,2,426,2504,689,76,1395,3.5,0,0.0,0.0,0,8.24868e+06,7.296416e+06,952264.0,2.766,571077.0,0.463,6.052,34.8,65713435.0,51.2,51.2,909314235564032.0,26318657536.0,76,3.5,85836478.0,0,26,1395,121,102,15,3,4,1.08,0.087,32.32
B_S_k1_rs_c30,B_TOPUP,16,0.0625,random,0.052,25.0,unreal,10.0,1,rs,0.0,month,0.0,0,0,0.92,topup,signal,none,rs,1,3.0,7011,21.14,-41.78,0.506,1.166,690,31.8,45.9,32.6,-10.66,9.215,19,72.28,19.38,-32.39,22.84,-41.78,19.37,-25.3,1880,261,2,496,2433,690,74,1388,3.41,0,0.0,0.0,0,8.28154e+06,7.315844e+06,965697.0,2.67,558447.0,0.428,5.503,33.9,69265188.0,52.7,52.7,2598985105670144.0,50903068672.0,74,3.41,72202567.0,0,26,1388,114,100,13,1,3,0.94,0.082,32.87
B_S_k1_rs_c30,B_TOPUP,16,0.0625,random,0.052,25.0,unreal,10.0,1,rs,0.0,month,0.0,0,0,0.92,topup,signal,none,rs,1,3.0,7012,21.38,-41.81,0.511,1.153,689,31.8,46.0,32.76,-10.87,9.204,19,72.2,19.2,-32.44,23.52,-41.81,15.59,-28.11,1880,235,2,447,2483,689,76,1383,3.5,0,0.0,0.0,0,9.07853e+06,8.161714e+06,916815.0,2.704,550044.0,0.445,5.816,34.4,72803475.0,53.9,53.9,1181105940070400.0,22477969408.0,76,3.5,80566094.0,0,26,1383,118,102,14,2,3,1.01,0.085,32.87
B_S_k1_rs_c30,B_TOPUP,16,0.0625,random,0.052,25.0,unreal,10.0,1,rs,0.0,month,0.0,0,0,0.92,topup,signal,none,rs,1,3.0,7013,21.04,-41.78,0.504,1.142,691,31.9,45.6,33.09,-10.78,9.221,19,72.45,18.94,-32.44,23.11,-41.78,19.93,-26.81,1880,238,2,454,2474,691,75,1388,3.46,0,0.0,0.0,0,8.155472e+06,7.23341e+06,922063.0,2.715,537528.0,0.435,5.569,34.0,68071435.0,52.9,52.9,1366641950588928.0,26007308288.0,75,3.46,79457586.0,0,26,1388,118,101,14,2,4,1.01,0.085,32.87
B_S_k1_rs_c30,B_TOPUP,16,0.0625,random,0.052,25.0,unreal,10.0,1,rs,0.0,month,0.0,0,0,0.92,topup,signal,none,rs,1,3.0,7014,20.36,-39.16,0.52,1.111,693,32.0,45.7,32.22,-10.87,8.842,15,72.61,18.94,-32.44,21.71,-39.16,19.07,-31.4,1880,236,2,456,2470,693,76,1386,3.5,0,0.0,0.0,0,7.796208e+06,6.851601e+06,944607.0,2.781,574264.0,0.446,5.767,33.3,60515373.0,53.9,53.9,276861812736000.0,5835960832.0,76,3.5,79222246.0,0,26,1386,120,102,14,2,5,1.01,0.087,32.33
B_S_k1_rs_c30,B_TOPUP,16,0.0625,random,0.052,25.0,unreal,10.0,1,rs,0.0,month,0.0,0,0,0.92,topup,signal,none,rs,1,3.0,7015,20.8,-39.13,0.532,1.133,689,31.8,46.0,32.34,-10.83,9.028,15,72.75,19.01,-32.43,22.54,-39.13,18.03,-23.67,1880,227,2,429,2501,689,76,1391,3.5,0,0.0,0.0,0,8.24868e+06,7.296416e+06,952264.0,2.765,571077.0,0.463,6.093,34.5,65527436.0,50.8,50.8,973960741126144.0,28189745152.0,76,3.5,85752110.0,0,26,1391,120,102,14,3,4,1.01,0.086,32.32
B_S_k1_rs_c30,B_TOPUP,16,0.0625,random,0.052,25.0,unreal,10.0,1,rs,0.0,month,0.0,0,0,0.92,topup,signal,none,rs,1,3.0,7016,20.73,-41.78,0.496,1.126,687,31.7,46.1,32.44,-10.76,9.174,19,72.38,18.94,-32.44,22.46,-41.78,13.06,-26.04,1880,269,2,513,2419,687,75,1389,3.46,0,0.0,0.0,0,8.337948e+06,7.41159e+06,926360.0,2.683,535220.0,0.465,5.418,34.2,64763623.0,47.4,47.4,1858888152383488.0,48185339904.0,75,3.46,77178139.0,0,26,1389,116,101,13,2,3,0.94,0.084,32.87
B_S_k1_rs_c30,B_TOPUP,16,0.0625,random,0.052,25.0,unreal,10.0,1,rs,0.0,month,0.0,0,0,0.92,topup,signal,none,rs,1,3.0,7017,21.74,-39.13,0.555,1.172,680,31.4,46.9,32.49,-10.69,9.57,15,72.78,19.01,-32.43,24.47,-39.13,17.44,-23.01,1880,246,2,454,2485,680,73,1399,3.37,0,0.0,0.0,0,9.457406e+06,8.490585e+06,966821.0,2.69,564311.0,0.475,6.092,35.4,77602442.0,48.8,48.8,1.7049767108411392e+16,493478215680.0,73,3.37,87567999.0,0,26,1399,115,99,14,2,3,1.0,0.082,32.32
B_S_k1_rs_c30,B_TOPUP,16,0.0625,random,0.052,25.0,unreal,10.0,1,rs,0.0,month,0.0,0,0,0.92,topup,signal,none,rs,1,3.0,7018,21.6,-41.8,0.517,1.17,690,31.8,45.9,33.18,-10.7,9.46,19,72.5,19.12,-32.39,24.08,-41.8,18.64,-26.35,1880,248,2,463,2466,690,73,1390,3.37,0,0.0,0.0,0,9.066974e+06,8.126265e+06,940709.0,2.689,544816.0,0.448,5.677,34.3,75584904.0,52.7,52.7,5478964688584704.0,104259518464.0,73,3.37,77930827.0,0,26,1390,112,99,13,0,2,0.94,0.081,32.87
B_S_k1_rs_c30,B_TOPUP,16,0.0625,random,0.052,25.0,unreal,10.0,1,rs,0.0,month,0.0,0,0,0.92,topup,signal,none,rs,1,3.0,7019,21.14,-41.8,0.506,1.142,698,32.2,45.6,32.83,-10.82,9.069,19,72.48,19.12,-32.39,23.12,-41.8,17.46,-26.95,1880,232,2,440,2481,698,75,1383,3.46,0,0.0,0.0,0,8.681778e+06,7.744982e+06,936797.0,2.779,549811.0,0.466,5.758,34.7,69707191.0,53.1,53.1,809600865533952.0,15405942784.0,75,3.46,78403343.0,0,26,1383,118,101,14,2,4,1.01,0.085,32.87
B_S_k1_rs_c30,B_TOPUP,16,0.0625,random,0.052,25.0,unreal,10.0,1,rs,0.0,month,0.0,0,0,0.92,topup,signal,none,rs,1,3.0,7020,20.37,-41.8,0.487,1.123,696,32.1,45.5,32.01,-10.65,8.78,19,72.56,19.12,-32.39,21.53,-41.8,15.69,-27.91,1880,259,2,492,2431,696,75,1388,3.46,0,0.0,0.0,0,7.339061e+06,6.375262e+06,963800.0,2.737,549327.0,0.441,5.261,33.6,60121629.0,54.6,54.6,292467005980672.0,5727192576.0,75,3.46,73162637.0,0,26,1388,115,101,13,1,3,0.94,0.083,32.87
B_S_k1_rs_c30,B_TOPUP,16,0.0625,random,0.052,25.0,unreal,10.0,1,rs,0.0,month,0.0,0,0,0.92,topup,signal,none,rs,1,3.0,7021,21.38,-39.16,0.546,1.157,677,31.2,46.5,32.83,-10.75,9.53,15,72.71,18.94,-32.44,23.81,-39.16,13.69,-26.55,1880,246,2,457,2485,677,72,1397,3.32,0,0.0,0.0,0,9.379315e+06,8.424511e+06,954804.0,2.661,557268.0,0.469,6.087,35.2,73177649.0,49.0,49.0,8534700775702528.0,247005757440.0,72,3.32,82126179.0,0,26,1397,114,98,14,2,3,1.0,0.082,32.33
B_S_k1_rs_c30,B_TOPUP,16,0.0625,random,0.052,25.0,unreal,10.0,1,rs,0.0,month,0.0,0,0,0.92,topup,signal,none,rs,1,3.0,7022,20.96,-41.8,0.501,1.134,694,32.0,46.1,32.19,-10.83,9.005,19,72.43,19.12,-32.39,22.74,-41.8,27.27,-22.2,1880,247,2,462,2463,694,78,1390,3.6,0,0.0,0.0,0,7.385278e+06,6.422366e+06,962913.0,2.751,547734.0,0.441,5.632,34.1,66385559.0,52.8,52.8,673591532191744.0,12817808384.0,78,3.6,84051634.0,0,26,1390,122,104,14,2,4,1.01,0.088,32.87
B_S_k1_rs_c30,B_TOPUP,16,0.0625,random,0.052,25.0,unreal,10.0,1,rs,0.0,month,0.0,0,0,0.92,topup,signal,none,rs,1,3.0,7023,21.69,-39.16,0.554,1.173,687,31.7,46.4,33.0,-10.78,9.548,15,72.63,19.38,-32.39,23.97,-39.16,15.68,-27.02,1880,234,2,442,2490,687,73,1391,3.37,0,0.0,0.0,0,9.641788e+06,8.679546e+06,962242.0,2.756,588591.0,0.461,6.256,35.8,77158366.0,54.6,54.6,9766564505059328.0,205903265792.0,73,3.37,87988266.0,0,26,1391,117,99,15,3,3,1.08,0.084,32.32
B_S_k1_rs_c30,B_TOPUP,16,0.0625,random,0.052,25.0,unreal,10.0,1,rs,0.0,month,0.0,0,0,0.92,topup,signal,none,rs,1,3.0,7024,21.36,-39.16,0.545,1.161,685,31.6,46.7,32.82,-10.69,9.638,15,72.63,19.38,-32.39,23.28,-39.16,20.09,-27.11,1880,280,2,539,2395,685,71,1392,3.27,0,0.0,0.0,0,8.547922e+06,7.575356e+06,972567.0,2.683,587482.0,0.467,5.559,34.9,72049383.0,50.3,50.3,1.7998273054769152e+16,379447541760.0,71,3.27,81013494.0,0,26,1392,114,97,15,2,3,1.08,0.082,32.32
B_S_k1_rs_c30,B_TOPUP,16,0.0625,random,0.052,25.0,unreal,10.0,1,rs,0.0,month,0.0,0,0,0.92,topup,signal,none,rs,1,3.0,7025,20.93,-39.13,0.535,1.155,680,31.4,46.2,31.9,-10.6,9.023,15,72.71,19.01,-32.43,22.79,-39.13,17.6,-24.52,1880,249,2,476,2463,680,79,1396,3.64,0,0.0,0.0,0,8.197066e+06,7.212287e+06,984780.0,2.674,564311.0,0.439,5.974,34.3,66798469.0,49.7,49.7,1349202638536704.0,42441011200.0,79,3.64,82969515.0,0,26,1396,121,105,14,2,3,1.0,0.087,32.32
B_S_k1_rs_c30,B_TOPUP,16,0.0625,random,0.052,25.0,unreal,10.0,1,rs,0.0,month,0.0,0,0,0.92,topup,signal,none,rs,1,3.0,7026,21.37,-41.8,0.511,1.158,687,31.7,46.4,32.62,-10.64,9.446,19,72.55,19.12,-32.39,23.59,-41.8,14.21,-23.97,1880,260,2,476,2456,687,69,1395,3.18,0,0.0,0.0,0,9.278648e+06,8.33717e+06,941478.0,2.669,543634.0,0.468,5.52,34.8,72917810.0,48.7,48.7,9255185297702912.0,239896035328.0,69,3.18,75176432.0,0,26,1395,107,95,12,0,2,0.86,0.077,32.87
B_S_k1_rs_c30,B_TOPUP,16,0.0625,random,0.052,25.0,unreal,10.0,1,rs,0.0,month,0.0,0,0,0.92,topup,signal,none,rs,1,3.0,7027,21.02,-39.09,0.538,1.142,686,31.6,46.4,32.27,-10.93,9.099,15,72.6,18.9,-32.45,23.11,-39.09,14.91,-25.83,1880,222,2,429,2504,686,76,1385,3.5,0,0.0,0.0,0,8.852799e+06,7.921526e+06,931274.0,2.734,551985.0,0.475,6.142,35.0,68559614.0,50.4,50.4,1083044454727680.0,29627774976.0,76,3.5,81022090.0,0,26,1385,121,102,15,3,4,1.08,0.087,29.92
B_S_k1_rs_c30,B_TOPUP,16,0.0625,random,0.052,25.0,unreal,10.0,1,rs,0.0,month,0.0,0,0,0.92,topup,signal,none,rs,1,3.0,7028,21.84,-41.8,0.523,1.176,686,31.6,46.4,33.45,-10.69,9.769,19,72.57,19.12,-32.39,24.57,-41.8,20.1,-25.82,1880,259,2,476,2457,686,69,1394,3.18,0,0.0,0.0,0,9.278648e+06,8.33717e+06,941478.0,2.644,543054.0,0.465,5.521,34.8,78853114.0,50.4,50.4,2.3790367165906944e+16,452708270080.0,69,3.18,75057648.0,0,26,1394,107,95,12,0,2,0.86,0.077,32.87
B_S_k1_rs_c30,B_TOPUP,16,0.0625,random,0.052,25.0,unreal,10.0,1,rs,0.0,month,0.0,0,0,0.92,topup,signal,none,rs,1,3.0,7029,21.15,-41.78,0.506,1.144,690,31.8,46.5,32.09,-10.64,9.241,19,72.38,19.38,-32.39,22.86,-41.78,15.07,-24.12,1880,268,2,493,2436,690,71,1389,3.27,0,0.0,0.0,0,8.70216e+06,7.759452e+06,942709.0,2.706,558447.0,0.479,5.24,35.4,69811536.0,50.0,50.0,4666367613599744.0,120973910016.0,71,3.27,81133191.0,0,26,1389,113,97,15,1,3,1.08,0.081,32.87
B_S_k1_rs_c30,B_TOPUP,16,0.0625,random,0.052,25.0,unreal,10.0,1,rs,0.0,month,0.0,0,0,0.92,topup,signal,none,rs,1,3.0,7030,20.96,-41.8,0.502,1.138,686,31.6,44.5,33.4,-10.57,8.98,19,72.77,19.12,-32.39,22.75,-41.8,16.69,-20.72,1880,235,2,437,2496,686,76,1402,3.5,0,0.0,0.0,0,8.027163e+06,6.641242e+06,1.385921e+06,2.691,543054.0,0.429,5.875,33.5,67161649.0,58.8,58.8,401212490907648.0,10031340544.0,76,3.5,83269454.0,0,26,1402,117,102,14,1,3,1.0,0.083,33.36
B_S_k1_rs_c00,B_TOPUP,16,0.0625,random,0.052,25.0,unreal,10.0,1,rs,0.0,month,0.0,0,0,0.92,topup,signal,none,rs,1,0.0,7001,21.36,-35.73,0.598,1.158,686,31.6,45.9,32.83,-10.68,9.301,15,72.41,19.17,-32.45,23.51,-35.73,13.14,-26.61,1880,249,2,508,2425,686,78,1384,3.6,0,0.0,0.0,0,9.371766e+06,8.367419e+06,1.004348e+06,2.851,605482.0,0.472,7.035,37.6,72773657.0,52.0,52.0,4787216719020032.0,163913793536.0,78,3.6,122122580.0,0,26,1384,120,104,13,2,4,0.94,0.087,67.66
B_S_k1_rs_c00,B_TOPUP,16,0.0625,random,0.052,25.0,unreal,10.0,1,rs,0.0,month,0.0,0,0,0.92,topup,signal,none,rs,1,0.0,7002,21.71,-35.72,0.608,1.168,691,31.9,46.3,33.16,-10.73,9.595,15,72.55,19.11,-32.39,24.3,-35.72,21.94,-28.28,1880,271,2,529,2399,691,75,1387,3.46,0,0.0,0.0,0,9.680332e+06,8.643158e+06,1.037174e+06,2.878,606372.0,0.519,7.154,37.6,77403521.0,56.3,56.3,1.4491019940724736e+16,350575919104.0,75,3.46,116500727.0,0,26,1387,121,101,16,2,4,1.15,0.087,42.4
B_S_k1_rs_c00,B_TOPUP,16,0.0625,random,0.052,25.0,unreal,10.0,1,rs,0.0,month,0.0,0,0,0.92,topup,signal,none,rs,1,0.0,7003,21.6,-35.75,0.604,1.163,690,31.8,46.5,32.83,-10.67,9.565,15,72.79,19.0,-32.43,24.18,-35.75,24.79,-23.64,1880,267,2,524,2405,690,80,1395,3.69,0,0.0,0.0,0,8.875434e+06,7.852187e+06,1.023248e+06,2.895,598263.0,0.495,6.709,36.7,75311277.0,52.8,52.8,1.4708488093564928e+16,355813195776.0,80,3.69,122763118.0,0,26,1395,125,106,16,2,4,1.15,0.09,45.59
B_S_k1_rs_c00,B_TOPUP,16,0.0625,random,0.052,25.0,unreal,10.0,1,rs,0.0,month,0.0,0,0,0.92,topup,signal,none,rs,1,0.0,7004,21.31,-35.75,0.596,1.164,687,31.7,45.6,33.15,-10.55,9.358,15,72.4,18.94,-32.44,23.65,-35.75,17.47,-28.27,1880,251,2,508,2424,687,78,1390,3.6,0,0.0,0.0,0,8.684648e+06,7.67537e+06,1.009278e+06,2.841,593779.0,0.469,6.501,36.2,71470664.0,56.7,56.7,3572818474172416.0,89100599296.0,78,3.6,114328096.0,0,26,1390,121,104,15,2,3,1.08,0.087,43.91
B_S_k1_rs_c00,B_TOPUP,16,0.0625,random,0.052,25.0,unreal,10.0,1,rs,0.0,month,0.0,0,0,0.92,topup,signal,none,rs,1,0.0,7005,20.96,-35.75,0.586,1.15,682,31.4,45.7,32.42,-10.55,9.112,14,72.55,18.94,-32.44,22.93,-35.75,20.29,-27.04,1880,264,2,517,2420,682,79,1393,3.64,0,0.0,0.0,0,7.843804e+06,6.797647e+06,1.046157e+06,2.793,590953.0,0.493,6.011,35.9,66762916.0,58.5,58.5,968174078001152.0,24144773120.0,79,3.64,111872094.0,0,26,1393,125,105,17,2,4,1.22,0.09,62.7
B_S_k1_rs_c00,B_TOPUP,16,0.0625,random,0.052,25.0,unreal,10.0,1,rs,0.0,month,0.0,0,0,0.92,topup,signal,none,rs,1,0.0,7006,21.87,-35.73,0.612,1.17,684,31.5,46.6,32.92,-10.66,9.663,15,72.53,19.17,-32.45,24.57,-35.73,19.98,-26.23,1880,266,2,521,2414,684,75,1393,3.46,0,0.0,0.0,0,1.0110961e+07,9.088648e+06,1.022314e+06,2.813,604233.0,0.514,6.998,37.9,79866656.0,49.8,49.8,2.6377223820804096e+16,870693273600.0,75,3.46,121026208.0,0,26,1393,120,101,16,2,4,1.15,0.086,45.6
B_S_k1_rs_c00,B_TOPUP,16,0.0625,random,0.052,25.0,unreal,10.0,1,rs,0.0,month,0.0,0,0,0.92,topup,signal,none,rs,1,0.0,7007,21.7,-38.32,0.566,1.169,682,31.4,44.9,32.96,-10.63,8.93,14,73.07,18.94,-32.44,24.46,-38.32,15.89,-34.47,1880,255,2,514,2423,682,78,1393,3.6,0,0.0,0.0,0,9.03307e+06,7.839733e+06,1.193337e+06,2.808,590953.0,0.494,6.805,37.1,76837205.0,64.1,64.1,408423573225472.0,13984593920.0,78,3.6,121069664.0,0,26,1393,120,104,14,2,3,1.01,0.086,68.04
B_S_k1_rs_c00,B_TOPUP,16,0.0625,random,0.052,25.0,unreal,10.0,1,rs,0.0,month,0.0,0,0,0.92,topup,signal,none,rs,1,0.0,7008,20.97,-35.75,0.586,1.143,692,31.9,46.5,32.03,-10.79,9.136,15,72.55,19.0,-32.43,22.88,-35.75,18.11,-30.93,1880,268,2,532,2395,692,77,1389,3.55,0,0.0,0.0,0,8.71605e+06,7.700902e+06,1.015148e+06,2.867,600263.0,0.473,6.282,36.4,67665881.0,55.8,55.8,1947382866509824.0,48563871744.0,77,3.55,110089901.0,0,26,1389,123,103,15,3,4,1.08,0.089,47.74
B_S_k1_rs_c00,B_TOPUP,16,0.0625,random,0.052,25.0,unreal,10.0,1,rs,0.0,month,0.0,0,0,0.92,topup,signal,none,rs,1,0.0,7009,20.53,-38.53,0.533,1.128,687,31.7,45.1,33.2,-10.91,8.993,15,72.5,18.94,-32.44,22.06,-38.53,17.58,-30.32,1880,258,2,485,2447,687,78,1385,3.6,0,0.0,0.0,0,7.727017e+06,6.810747e+06,916270.0,2.803,538368.0,0.469,5.897,34.9,62183979.0,59.3,59.3,279334388498432.0,6965521920.0,78,3.6,101496421.0,0,26,1385,124,104,16,3,4,1.16,0.09,71.43
B_S_k1_rs_c00,B_TOPUP,16,0.0625,random,0.052,25.0,unreal,10.0,1,rs,0.0,month,0.0,0,0,0.92,topup,signal,none,rs,1,0.0,7010,20.62,-38.53,0.535,1.139,689,31.8,46.2,32.26,-10.65,9.152,15,72.6,19.0,-32.43,22.17,-38.53,11.05,-29.25,1880,272,2,525,2405,689,74,1388,3.41,0,0.0,0.0,0,8.41162e+06,7.454856e+06,956765.0,2.815,541516.0,0.458,5.814,34.7,63746734.0,51.0,51.0,2790015318884352.0,95521701888.0,74,3.41,102392373.0,0,26,1388,118,100,15,2,4,1.08,0.085,64.0
B_S_k1_rs_c00,B_TOPUP,16,0.0625,random,0.052,25.0,unreal,10.0,1,rs,0.0,month,0.0,0,0,0.92,topup,signal,none,rs,1,0.0,7011,21.28,-35.71,0.596,1.166,688,31.7,46.2,32.38,-10.65,9.237,15,72.36,19.38,-32.39,23.13,-35.71,17.03,-28.53,1880,263,2,541,2390,688,76,1393,3.5,0,0.0,0.0,0,9.017751e+06,7.98537e+06,1.032381e+06,2.834,617532.0,0.457,6.906,36.0,71502560.0,55.5,55.5,2705098178297856.0,67450474496.0,76,3.5,116948578.0,0,26,1393,121,102,16,2,4,1.15,0.087,49.03
B_S_k1_rs_c00,B_TOPUP,16,0.0625,random,0.052,25.0,unreal,10.0,1,rs,0.0,month,0.0,0,0,0.92,topup,signal,none,rs,1,0.0,7012,22.23,-35.73,0.622,1.186,680,31.4,46.3,33.25,-10.72,9.646,15,72.39,19.2,-32.44,25.27,-35.73,19.57,-24.88,1880,246,2,484,2455,680,77,1393,3.55,0,0.0,0.0,0,1.0282209e+07,9.260016e+06,1.022193e+06,2.791,604790.0,0.501,7.399,38.1,84707809.0,55.2,55.2,1.0081714172854272e+16,243875135488.0,77,3.55,123597027.0,0,26,1393,121,103,15,2,4,1.08,0.087,55.94
B_S_k1_rs_c00,B_TOPUP,16,0.0625,random,0.052,25.0,unreal,10.0,1,rs,0.0,month,0.0,0,0,0.92,topup,signal,none,rs,1,0.0,7013,21.09,-38.3,0.551,1.15,685,31.6,46.0,32.24,-10.78,9.002,17,72.52,18.94,-32.44,23.2,-38.3,14.9,-25.78,1880,256,2,499,2435,685,80,1385,3.69,0,0.0,0.0,0,8.538771e+06,7.564695e+06,974077.0,2.82,592758.0,0.47,6.528,36.5,68854104.0,56.0,56.0,751119584198656.0,25718644736.0,80,3.69,115038478.0,0,26,1385,125,106,16,2,4,1.16,0.09,68.67
B_S_k1_rs_c00,B_TOPUP,16,0.0625,random,0.052,25.0,unreal,10.0,1,rs,0.0,month,0.0,0,0,0.92,topup,signal,none,rs,1,0.0,7014,20.27,-38.53,0.526,1.108,687,31.7,45.7,32.81,-10.71,9.177,14,72.53,18.94,-32.44,21.52,-38.53,12.92,-30.19,1880,299,2,588,2344,687,75,1389,3.46,0,0.0,0.0,0,8.196493e+06,7.241082e+06,955411.0,2.803,538368.0,0.509,5.741,35.8,59990712.0,54.3,54.3,1759100224405504.0,58062114816.0,75,3.46,101444630.0,0,26,1389,122,101,15,4,5,1.08,0.088,61.15
B_S_k1_rs_c00,B_TOPUP,16,0.0625,random,0.052,25.0,unreal,10.0,1,rs,0.0,month,0.0,0,0,0.92,topup,signal,none,rs,1,0.0,7015,20.27,-38.53,0.526,1.105,696,32.1,45.5,33.14,-10.73,9.251,15,72.56,19.0,-32.43,21.46,-38.53,12.24,-33.54,1880,300,2,596,2327,696,72,1384,3.32,0,0.0,0.0,0,8.434373e+06,7.470444e+06,963929.0,2.859,547646.0,0.514,6.044,35.9,60221906.0,52.0,52.0,3729080658690048.0,123083735040.0,72,3.32,96041106.0,0,26,1384,117,98,14,3,4,1.01,0.085,43.93
B_S_k1_rs_c00,B_TOPUP,16,0.0625,random,0.052,25.0,unreal,10.0,1,rs,0.0,month,0.0,0,0,0.92,topup,signal,none,rs,1,0.0,7016,21.84,-35.75,0.611,1.174,678,31.3,47.1,32.79,-10.77,9.725,15,72.6,18.94,-32.44,24.76,-35.75,17.77,-26.43,1880,275,2,528,2413,678,75,1399,3.46,0,0.0,0.0,0,9.859099e+06,8.834734e+06,1.024365e+06,2.772,587310.0,0.514,6.725,37.2,79273260.0,53.7,53.7,1.394485149827072e+16,337346035712.0,75,3.46,115800899.0,0,26,1399,120,101,16,2,4,1.14,0.086,51.82
B_S_k1_rs_c00,B_TOPUP,16,0.0625,random,0.052,25.0,unreal,10.0,1,rs,0.0,month,0.0,0,0,0.92,topup,signal,none,rs,1,0.0,7017,21.54,-38.53,0.559,1.178,690,31.8,46.5,32.93,-10.83,9.528,15,72.71,19.0,-32.43,24.07,-38.53,23.47,-24.87,1880,262,2,532,2397,690,76,1387,3.5,0,0.0,0.0,0,8.824889e+06,7.866848e+06,958042.0,2.862,542074.0,0.45,6.51,35.4,74605306.0,52.9,52.9,1.2487743040913408e+16,311394009088.0,76,3.5,109872671.0,0,26,1387,120,102,15,2,4,1.08,0.087,44.63
B_S_k1_rs_c00,B_TOPUP,16,0.0625,random,0.052,25.0,unreal,10.0,1,rs,0.0,month,0.0,0,0,0.92,topup,signal,none,rs,1,0.0,7018,22.37,-36.97,0.605,1.166,679,31.3,45.5,33.64,-10.59,9.536,15,72.98,19.11,-32.39,25.67,-36.97,22.18,-36.97,1880,269,2,535,2405,679,79,1402,3.64,0,0.0,0.0,0,9.610412e+06,8.394367e+06,1.216045e+06,2.812,598711.0,0.488,6.373,37.4,86293240.0,64.1,64.1,5034065669390336.0,121787351040.0,79,3.64,134916828.0,0,26,1402,125,105,16,2,4,1.14,0.089,83.77
B_S_k1_rs_c00,B_TOPUP,16,0.0625,random,0.052,25.0,unreal,10.0,1,rs,0.0,month,0.0,0,0,0.92,topup,signal,none,rs,1,0.0,7019,21.5,-35.72,0.602,1.155,688,31.7,46.5,32.52,-10.74,9.38,15,72.71,19.11,-32.39,23.86,-35.72,20.33,-25.19,1880,254,2,509,2422,688,79,1392,3.64,0,0.0,0.0,0,9.495314e+06,8.448439e+06,1.046875e+06,2.882,604042.0,0.483,6.812,36.8,74654485.0,51.3,51.3,7651054204223488.0,252572024832.0,79,3.64,126468452.0,0,26,1392,124,105,16,2,4,1.15,0.089,45.83
B_S_k1_rs_c00,B_TOPUP,16,0.0625,random,0.052,25.0,unreal,10.0,1,rs,0.0,month,0.0,0,0,0.92,topup,signal,none,rs,1,0.0,7020,22.01,-35.72,0.616,1.178,680,31.4,46.3,33.24,-10.61,9.704,15,72.57,19.11,-32.39,24.91,-35.72,20.17,-23.65,1880,255,2,491,2448,680,74,1390,3.41,0,0.0,0.0,0,9.535018e+06,8.507292e+06,1.027726e+06,2.756,598873.0,0.482,6.834,37.8,81077592.0,56.1,56.1,1.4667793278435328e+16,354852470784.0,74,3.41,112081568.0,0,26,1390,115,100,14,1,3,1.01,0.083,64.8
B_S_k1_rs_c00,B_TOPUP,16,0.0625,random,0.052,25.0,unreal,10.0,1,rs,0.0,month,0.0,0,0,0.92,topup,signal,none,rs,1,0.0,7021,21.35,-38.53,0.554,1.15,682,31.4,46.3,33.26,-10.72,9.66,15,72.54,18.94,-32.44,23.74,-38.53,17.15,-28.49,1880,277,2,540,2397,682,76,1396,3.5,0,0.0,0.0,0,9.275381e+06,8.291136e+06,984246.0,2.796,534385.0,0.48,6.456,35.8,72645775.0,50.7,50.7,1.9829900512854016e+16,654519238656.0,76,3.5,116205492.0,0,26,1396,122,102,16,3,4,1.15,0.087,61.52
B_S_k1_rs_c00,B_TOPUP,16,0.0625,random,0.052,25.0,unreal,10.0,1,rs,0.0,month,0.0,0,0,0.92,topup,signal,none,rs,1,0.0,7022,21.78,-35.72,0.61,1.171,681,31.4,46.3,33.19,-10.74,9.58,15,72.54,19.11,-32.39,24.45,-35.72,16.48,-27.54,1880,250,2,470,2468,681,76,1396,3.5,0,0.0,0.0,0,9.76326e+06,8.727994e+06,1.035265e+06,2.792,599035.0,0.497,6.858,37.4,78370920.0,55.9,55.9,6553655700357120.0,158550179840.0,76,3.5,119016006.0,0,26,1396,121,102,16,2,4,1.15,0.087,53.26
B_S_k1_rs_c00,B_TOPUP,16,0.0625,random,0.052,25.0,unreal,10.0,1,rs,0.0,month,0.0,0,0,0.92,topup,signal,none,rs,1,0.0,7023,20.9,-38.53,0.542,1.138,692,31.9,46.1,32.74,-10.91,9.209,15,72.26,19.38,-32.39,22.34,-38.53,15.64,-31.55,1880,263,2,527,2400,692,75,1383,3.46,0,0.0,0.0,0,8.631208e+06,7.674091e+06,957117.0,2.856,562841.0,0.494,6.247,35.5,66798349.0,53.3,53.3,3142374704283648.0,107588837376.0,75,3.46,111069135.0,0,26,1383,121,101,15,3,4,1.08,0.087,47.5
B_S_k1_rs_c00,B_TOPUP,16,0.0625,random,0.052,25.0,unreal,10.0,1,rs,0.0,month,0.0,0,0,0.92,topup,signal,none,rs,1,0.0,7024,21.73,-38.53,0.564,1.144,679,31.3,45.2,33.61,-10.65,9.358,15,72.87,19.38,-32.39,24.05,-38.53,22.26,-33.79,1880,270,2,535,2405,679,78,1401,3.6,0,0.0,0.0,0,8.699916e+06,7.482272e+06,1.217644e+06,2.78,554419.0,0.44,5.988,34.9,76863952.0,64.9,64.9,1841112356487168.0,44536135680.0,78,3.6,125552893.0,0,26,1401,125,104,16,3,4,1.14,0.089,83.3
B_S_k1_rs_c00,B_TOPUP,16,0.0625,random,0.052,25.0,unreal,10.0,1,rs,0.0,month,0.0,0,0,0.92,topup,signal,none,rs,1,0.0,7025,21.3,-38.53,0.553,1.137,684,31.5,44.2,34.5,-10.58,9.321,15,73.01,19.0,-32.43,23.56,-38.53,15.72,-37.92,1880,256,2,499,2436,684,80,1397,3.69,0,0.0,0.0,0,8.428e+06,7.476013e+06,951987.0,2.851,537590.0,0.465,5.975,34.5,71401300.0,64.5,64.5,1391519206473728.0,33659494400.0,80,3.69,125085614.0,0,26,1397,122,106,13,3,3,0.93,0.087,63.96
B_S_k1_rs_c00,B_TOPUP,16,0.0625,random,0.052,25.0,unreal,10.0,1,rs,0.0,month,0.0,0,0,0.92,topup,signal,none,rs,1,0.0,7026,21.01,-35.72,0.588,1.139,692,31.9,46.5,32.11,-10.91,9.108,15,72.5,19.11,-32.39,22.86,-35.72,12.67,-31.76,1880,275,2,532,2395,692,74,1385,3.41,0,0.0,0.0,0,9.88866e+06,8.819919e+06,1.068741e+06,2.879,607119.0,0.526,7.024,38.2,69296900.0,56.3,56.3,1749259917459456.0,57745539072.0,74,3.41,112519288.0,0,26,1385,117,100,13,2,4,0.94,0.084,41.82
B_S_k1_rs_c00,B_TOPUP,16,0.0625,random,0.052,25.0,unreal,10.0,1,rs,0.0,month,0.0,0,0,0.92,topup,signal,none,rs,1,0.0,7027,20.57,-38.53,0.534,1.135,688,31.7,45.5,33.11,-10.95,9.091,15,72.47,18.9,-32.45,22.17,-38.53,18.02,-29.73,1880,265,2,518,2413,688,74,1384,3.41,0,0.0,0.0,0,7.813998e+06,6.900656e+06,913342.0,2.779,535666.0,0.455,5.826,34.2,62616166.0,56.7,56.7,537776244129792.0,13410949120.0,74,3.41,93452682.0,0,26,1384,120,100,14,4,5,1.01,0.087,48.73
B_S_k1_rs_c00,B_TOPUP,16,0.0625,random,0.052,25.0,unreal,10.0,1,rs,0.0,month,0.0,0,0,0.92,topup,signal,none,rs,1,0.0,7028,20.62,-35.72,0.577,1.128,690,31.8,45.9,32.0,-10.6,8.969,15,72.66,19.11,-32.39,22.06,-35.72,11.56,-28.33,1880,261,2,529,2400,690,81,1390,3.74,0,0.0,0.0,0,8.297632e+06,7.261588e+06,1.036044e+06,2.891,605660.0,0.477,6.339,35.7,63583120.0,53.9,53.9,1255565774815232.0,42993180672.0,81,3.74,122908272.0,0,26,1390,127,107,17,2,4,1.22,0.091,66.74
B_S_k1_rs_c00,B_TOPUP,16,0.0625,random,0.052,25.0,unreal,10.0,1,rs,0.0,month,0.0,0,0,0.92,topup,signal,none,rs,1,0.0,7029,21.89,-35.71,0.613,1.181,688,31.7,47.1,32.66,-10.72,9.707,15,72.49,19.38,-32.39,24.38,-35.71,14.49,-26.3,1880,287,2,550,2381,688,69,1390,3.18,0,0.0,0.0,0,1.0642076e+07,9.575596e+06,1.06648e+06,2.811,617532.0,0.529,7.018,38.1,80572450.0,50.1,50.1,4.745438068893286e+16,1566214717440.0,69,3.18,110104349.0,0,26,1390,114,95,14,3,5,1.01,0.082,44.11
B_S_k1_rs_c00,B_TOPUP,16,0.0625,random,0.052,25.0,unreal,10.0,1,rs,0.0,month,0.0,0,0,0.92,topup,signal,none,rs,1,0.0,7030,21.43,-35.72,0.6,1.168,683,31.5,46.9,32.32,-10.82,9.391,15,72.47,19.11,-32.39,23.73,-35.72,17.44,-27.17,1880,267,2,537,2399,683,74,1391,3.41,0,0.0,0.0,0,9.189892e+06,8.170217e+06,1.019674e+06,2.778,600384.0,0.478,6.542,37.0,73475936.0,51.9,51.9,6225675354636288.0,213180088320.0,74,3.41,109942735.0,0,26,1391,119,100,14,3,5,1.01,0.086,48.21
B_S_k1_unre_c20,B_TOPUP,16,0.0625,random,0.052,25.0,unreal,10.0,1,rs,0.0,month,0.0,0,0,0.92,topup,signal,none,unreal,1,2.0,7001,21.33,-35.71,0.597,1.172,694,32.0,46.1,32.79,-10.51,9.451,15,72.93,20.35,-33.32,22.21,-35.71,14.88,-21.27,1880,279,2,550,2375,694,72,1390,3.32,0,0.0,0.0,0,8.869684e+06,7.281563e+06,1.588121e+06,2.696,632381.0,0.457,6.38,35.7,72039125.0,48.4,48.4,2.1323056630726656e+16,673410056192.0,72,3.32,56325678.0,0,0,1390,81,72,8,1,3,0.58,0.058,31.11
B_S_k1_unre_c20,B_TOPUP,16,0.0625,random,0.052,25.0,unreal,10.0,1,rs,0.0,month,0.0,0,0,0.92,topup,signal,none,unreal,1,2.0,7002,20.95,-35.71,0.587,1.159,695,32.0,45.9,32.78,-10.66,9.281,15,72.98,19.96,-33.32,21.85,-35.71,14.97,-22.49,1880,260,2,493,2431,695,77,1392,3.55,0,0.0,0.0,0,7.868694e+06,6.415936e+06,1.452758e+06,2.729,608533.0,0.444,6.105,35.0,66760331.0,54.8,54.8,3728649282912256.0,88427347968.0,77,3.55,61150731.0,0,0,1392,90,77,8,2,5,0.57,0.065,31.63
B_S_k1_unre_c20,B_TOPUP,16,0.0625,random,0.052,25.0,unreal,10.0,1,rs,0.0,month,0.0,0,0,0.92,topup,signal,none,unreal,1,2.0,7003,21.65,-35.73,0.606,1.189,694,32.0,47.0,32.17,-10.76,9.405,15,72.87,19.7,-33.34,23.54,-35.73,26.39,-21.52,1880,269,2,529,2396,694,73,1386,3.37,0,0.0,0.0,0,9.066303e+06,8.085601e+06,980702.0,2.677,590486.0,0.452,5.795,34.7,76135035.0,50.0,50.0,1.7785176104894464e+16,564342489088.0,73,3.37,62951552.0,0,0,1386,87,73,9,3,5,0.65,0.063,27.09
B_S_k1_unre_c20,B_TOPUP,16,0.0625,random,0.052,25.0,unreal,10.0,1,rs,0.0,month,0.0,0,0,0.92,topup,signal,none,unreal,1,2.0,7004,21.28,-35.71,0.596,1.182,688,31.7,45.1,33.27,-10.54,9.197,15,72.7,19.95,-31.12,22.53,-35.71,13.8,-23.93,1880,252,2,490,2441,688,79,1390,3.64,0,0.0,0.0,0,8.541957e+06,7.107294e+06,1.434663e+06,2.615,597766.0,0.437,6.137,34.9,71102604.0,47.8,47.8,2972919990845440.0,94217158656.0,79,3.64,53905727.0,0,0,1390,87,79,7,1,3,0.5,0.063,30.01
B_S_k1_unre_c20,B_TOPUP,16,0.0625,random,0.052,25.0,unreal,10.0,1,rs,0.0,month,0.0,0,0,0.92,topup,signal,none,unreal,1,2.0,7005,20.63,-35.71,0.578,1.142,699,32.2,46.1,31.45,-10.79,8.666,15,72.78,19.09,-31.55,22.1,-35.71,19.99,-21.8,1880,267,2,511,2409,699,77,1387,3.55,0,0.0,0.0,0,7.435858e+06,6.50127e+06,934587.0,2.718,557711.0,0.449,5.357,33.6,62986202.0,52.2,52.2,350633479634944.0,11320776704.0,77,3.55,62369707.0,0,0,1387,84,77,7,0,2,0.5,0.061,27.09
B_S_k1_unre_c20,B_TOPUP,16,0.0625,random,0.052,25.0,unreal,10.0,1,rs,0.0,month,0.0,0,0,0.92,topup,signal,none,unreal,1,2.0,7006,21.5,-36.03,0.597,1.188,696,32.1,45.8,32.17,-10.72,8.937,15,72.99,20.35,-33.32,22.56,-36.03,23.99,-19.43,1880,263,2,503,2420,696,75,1385,3.46,0,0.0,0.0,0,8.314207e+06,6.601585e+06,1.712622e+06,2.713,614187.0,0.444,5.868,34.8,73626750.0,58.8,58.8,820714026303488.0,20098494464.0,75,3.46,61869258.0,0,0,1385,81,75,6,0,2,0.43,0.058,31.68
B_S_k1_unre_c20,B_TOPUP,16,0.0625,random,0.052,25.0,unreal,10.0,1,rs,0.0,month,0.0,0,0,0.92,topup,signal,none,unreal,1,2.0,7007,21.36,-35.7,0.598,1.18,693,32.0,46.3,32.5,-10.72,9.304,15,72.86,20.33,-33.34,22.3,-35.7,28.13,-21.28,1880,256,2,519,2407,693,79,1391,3.64,0,0.0,0.0,0,8.123135e+06,7.060806e+06,1.062329e+06,2.7,622744.0,0.473,5.912,36.2,71706275.0,51.3,51.3,7273429405270016.0,205626097664.0,79,3.64,69992035.0,0,0,1391,90,79,8,2,4,0.58,0.065,27.09
B_S_k1_unre_c20,B_TOPUP,16,0.0625,random,0.052,25.0,unreal,10.0,1,rs,0.0,month,0.0,0,0,0.92,topup,signal,none,unreal,1,2.0,7008,21.64,-35.7,0.606,1.191,688,31.7,45.8,33.86,-10.47,9.824,15,72.91,20.33,-33.34,22.86,-35.7,22.68,-21.51,1880,268,2,526,2405,688,69,1392,3.18,0,0.0,0.0,0,8.376232e+06,6.804466e+06,1.571767e+06,2.626,618108.0,0.466,6.245,35.3,75275881.0,52.4,52.4,5.749144008681062e+16,1540002414592.0,69,3.18,55699201.0,0,0,1392,75,69,6,0,2,0.43,0.054,31.51
B_S_k1_unre_c20,B_TOPUP,16,0.0625,random,0.052,25.0,unreal,10.0,1,rs,0.0,month,0.0,0,0,0.92,topup,signal,none,unreal,1,2.0,7009,20.27,-36.03,0.563,1.127,701,32.3,45.6,32.01,-10.76,8.76,15,72.84,19.96,-33.32,20.46,-36.03,24.13,-25.42,1880,267,2,531,2387,701,72,1382,3.32,0,0.0,0.0,0,7.206513e+06,6.194842e+06,1.011671e+06,2.719,598687.0,0.466,5.417,34.5,58989072.0,54.4,54.4,409414737592320.0,11170595840.0,72,3.32,57270896.0,0,0,1382,83,72,7,2,4,0.51,0.06,27.09
B_S_k1_unre_c20,B_TOPUP,16,0.0625,random,0.052,25.0,unreal,10.0,1,rs,0.0,month,0.0,0,0,0.92,topup,signal,none,unreal,1,2.0,7010,20.31,-35.72,0.569,1.133,694,32.0,45.5,32.13,-10.7,8.802,15,73.0,19.21,-31.55,21.33,-35.72,15.28,-18.39,1880,248,2,465,2460,694,72,1393,3.32,0,0.0,0.0,0,7.429474e+06,5.884116e+06,1.545359e+06,2.691,564324.0,0.437,5.652,32.7,59769462.0,51.8,51.8,448613192826880.0,13494676480.0,72,3.32,52461022.0,0,0,1393,76,72,4,0,2,0.29,0.055,31.94
B_S_k1_unre_c20,B_TOPUP,16,0.0625,random,0.052,25.0,unreal,10.0,1,rs,0.0,month,0.0,0,0,0.92,topup,signal,none,unreal,1,2.0,7011,20.05,-36.0,0.557,1.119,696,32.1,45.0,32.72,-10.68,8.836,15,72.97,19.21,-31.55,20.78,-36.0,14.83,-21.28,1880,274,2,527,2396,696,75,1390,3.46,0,0.0,0.0,0,6.986645e+06,5.776331e+06,1.210314e+06,2.671,551320.0,0.426,5.258,32.9,56763482.0,51.6,51.6,454737547755520.0,13133902848.0,75,3.46,47604796.0,0,0,1390,86,75,8,2,4,0.58,0.062,32.54
B_S_k1_unre_c20,B_TOPUP,16,0.0625,random,0.052,25.0,unreal,10.0,1,rs,0.0,month,0.0,0,0,0.92,topup,signal,none,unreal,1,2.0,7012,21.15,-35.73,0.592,1.167,691,31.9,45.9,32.33,-10.51,9.14,15,72.84,19.7,-33.34,22.53,-35.73,12.3,-16.99,1880,256,2,479,2449,691,75,1391,3.46,0,0.0,0.0,0,9.036162e+06,7.292547e+06,1.743616e+06,2.654,588123.0,0.439,6.091,34.3,70120200.0,49.7,49.7,3807711577767936.0,126734180352.0,75,3.46,58189625.0,0,0,1391,84,75,8,1,3,0.58,0.06,29.81
B_S_k1_unre_c20,B_TOPUP,16,0.0625,random,0.052,25.0,unreal,10.0,1,rs,0.0,month,0.0,0,0,0.92,topup,signal,none,unreal,1,2.0,7013,21.97,-35.7,0.615,1.208,691,31.9,47.3,32.35,-10.7,9.676,15,72.94,20.33,-33.34,23.54,-35.7,26.44,-18.74,1880,269,2,535,2393,691,70,1393,3.23,0,0.0,0.0,0,9.590904e+06,8.517866e+06,1.073039e+06,2.685,621710.0,0.475,6.047,36.8,80725374.0,50.0,50.0,6.210555781264179e+16,1756535717888.0,70,3.23,67214142.0,0,0,1393,79,70,8,1,3,0.57,0.057,27.09
B_S_k1_unre_c20,B_TOPUP,16,0.0625,random,0.052,25.0,unreal,10.0,1,rs,0.0,month,0.0,0,0,0.92,topup,signal,none,unreal,1,2.0,7014,20.44,-35.72,0.572,1.139,686,31.6,44.8,32.71,-10.59,8.791,15,72.88,19.21,-31.55,21.57,-35.72,8.76,-21.39,1880,242,2,469,2464,686,76,1394,3.5,0,0.0,0.0,0,7.854486e+06,6.387633e+06,1.466853e+06,2.654,558080.0,0.418,5.404,32.7,61329947.0,53.1,53.1,317741009469440.0,9469165568.0,76,3.5,60026784.0,0,0,1394,84,76,8,0,2,0.57,0.06,28.6
B_S_k1_unre_c20,B_TOPUP,16,0.0625,random,0.052,25.0,unreal,10.0,1,rs,0.0,month,0.0,0,0,0.92,topup,signal,none,unreal,1,2.0,7015,20.95,-35.7,0.587,1.161,692,31.9,45.4,33.37,-10.46,9.43,15,72.87,20.33,-33.34,21.45,-35.7,15.92,-21.27,1880,260,2,505,2422,692,73,1392,3.37,0,0.0,0.0,0,8.111822e+06,6.539847e+06,1.571975e+06,2.673,622227.0,0.455,5.885,34.7,66884808.0,50.3,50.3,1.119424706772992e+16,334893383680.0,73,3.37,58221341.0,0,0,1392,81,73,7,1,3,0.5,0.058,31.06
B_S_k1_unre_c20,B_TOPUP,16,0.0625,random,0.052,25.0,unreal,10.0,1,rs,0.0,month,0.0,0,0,0.92,topup,signal,none,unreal,1,2.0,7016,21.13,-36.03,0.586,1.163,689,31.8,45.0,33.34,-10.58,9.184,15,72.83,20.35,-33.32,21.8,-36.03,6.2,-24.17,1880,244,2,468,2462,689,75,1388,3.46,0,0.0,0.0,0,9.264811e+06,7.876e+06,1.388812e+06,2.68,610830.0,0.452,5.979,36.0,70018163.0,54.5,54.5,2606182665551872.0,79003451392.0,75,3.46,64998319.0,0,0,1388,86,75,10,1,3,0.72,0.062,29.81
B_S_k1_unre_c20,B_TOPUP,16,0.0625,random,0.052,25.0,unreal,10.0,1,rs,0.0,month,0.0,0,0,0.92,topup,signal,none,unreal,1,2.0,7017,21.24,-35.72,0.595,1.178,686,31.6,46.8,32.45,-10.79,9.441,15,72.96,19.21,-31.55,23.23,-35.72,16.36,-21.18,1880,271,2,528,2405,686,76,1394,3.5,0,0.0,0.0,0,8.434864e+06,6.817321e+06,1.617543e+06,2.632,558080.0,0.426,5.83,32.5,70706270.0,46.5,46.5,1.1682947774021632e+16,349749542912.0,76,3.5,53915361.0,0,0,1394,87,76,8,2,4,0.57,0.062,30.2
B_S_k1_unre_c20,B_TOPUP,16,0.0625,random,0.052,25.0,unreal,10.0,1,rs,0.0,month,0.0,0,0,0.92,topup,signal,none,unreal,1,2.0,7018,20.56,-35.71,0.576,1.142,700,32.3,44.7,32.7,-10.65,8.733,15,72.8,19.09,-31.55,21.96,-35.71,20.59,-21.51,1880,251,2,494,2425,700,80,1383,3.69,0,0.0,0.0,0,7.113604e+06,5.961148e+06,1.152456e+06,2.691,558429.0,0.425,5.481,32.9,61977957.0,54.5,54.5,339000359387136.0,9871271936.0,80,3.69,51536625.0,0,0,1383,91,80,8,2,4,0.58,0.066,32.55
B_S_k1_unre_c20,B_TOPUP,16,0.0625,random,0.052,25.0,unreal,10.0,1,rs,0.0,month,0.0,0,0,0.92,topup,signal,none,unreal,1,2.0,7019,21.56,-35.71,0.604,1.181,689,31.8,46.2,33.69,-10.52,9.888,15,72.92,19.96,-33.32,23.09,-35.71,19.9,-21.55,1880,281,2,546,2384,689,70,1393,3.23,0,0.0,0.0,0,8.489897e+06,6.934738e+06,1.555159e+06,2.626,602594.0,0.459,6.164,34.5,74407278.0,51.4,51.4,7.598195719589069e+16,1646348468224.0,70,3.23,53830577.0,0,0,1393,79,70,8,1,3,0.57,0.057,31.11
B_S_k1_unre_c20,B_TOPUP,16,0.0625,random,0.052,25.0,unreal,10.0,1,rs,0.0,month,0.0,0,0,0.92,topup,signal,none,unreal,1,2.0,7020,20.59,-35.72,0.576,1.145,691,31.9,44.6,33.58,-10.62,9.079,15,72.86,19.21,-31.55,21.89,-35.72,18.89,-21.51,1880,265,2,511,2417,691,75,1391,3.46,0,0.0,0.0,0,7.223606e+06,5.914611e+06,1.308996e+06,2.646,561366.0,0.423,5.574,33.0,62322134.0,54.3,54.3,767263426740224.0,16639282176.0,75,3.46,49070538.0,0,0,1391,85,75,7,2,4,0.5,0.061,31.7
B_S_k1_unre_c20,B_TOPUP,16,0.0625,random,0.052,25.0,unreal,10.0,1,rs,0.0,month,0.0,0,0,0.92,topup,signal,none,unreal,1,2.0,7021,20.67,-35.71,0.579,1.151,695,32.0,45.5,32.05,-10.57,8.807,15,72.78,19.09,-31.55,22.17,-35.71,26.8,-15.9,1880,258,2,508,2416,695,77,1391,3.55,0,0.0,0.0,0,7.106007e+06,6.184951e+06,921056.0,2.654,556075.0,0.423,5.257,33.4,63048084.0,52.9,52.9,651502246952960.0,21042835456.0,77,3.55,56475143.0,0,0,1391,83,77,6,0,2,0.43,0.06,27.09
B_S_k1_unre_c20,B_TOPUP,16,0.0625,random,0.052,25.0,unreal,10.0,1,rs,0.0,month,0.0,0,0,0.92,topup,signal,none,unreal,1,2.0,7022,20.59,-35.72,0.576,1.146,693,32.0,45.7,32.28,-10.65,8.992,15,72.84,19.21,-31.55,21.89,-35.72,21.13,-20.35,1880,258,2,521,2405,693,74,1388,3.41,0,0.0,0.0,0,7.272769e+06,6.308706e+06,964063.0,2.685,562296.0,0.44,5.327,33.5,62364638.0,52.3,52.3,1202979671638016.0,34008205312.0,74,3.41,56703824.0,0,0,1388,84,74,8,2,3,0.58,0.061,27.09
B_S_k1_unre_c20,B_TOPUP,16,0.0625,random,0.052,25.0,unreal,10.0,1,rs,0.0,month,0.0,0,0,0.92,topup,signal,none,unreal,1,2.0,7023,20.97,-35.72,0.587,1.159,692,31.9,45.2,33.69,-10.63,9.415,15,72.9,19.21,-31.55,22.67,-35.72,20.24,-23.31,1880,264,2,516,2411,692,73,1394,3.37,0,0.0,0.0,0,7.628746e+06,6.382243e+06,1.246503e+06,2.642,561830.0,0.437,5.63,32.8,66784663.0,52.4,52.4,5335123549487104.0,116204707840.0,73,3.37,46806566.0,0,0,1394,83,73,7,2,4,0.5,0.06,32.28
B_S_k1_unre_c20,B_TOPUP,16,0.0625,random,0.052,25.0,unreal,10.0,1,rs,0.0,month,0.0,0,0,0.92,topup,signal,none,unreal,1,2.0,7024,21.47,-35.72,0.601,1.185,692,31.9,45.8,33.54,-10.59,9.623,14,72.81,20.11,-31.12,22.74,-35.72,21.05,-21.51,1880,277,2,540,2387,692,75,1394,3.46,0,0.0,0.0,0,8.469436e+06,7.041806e+06,1.42763e+06,2.635,605937.0,0.443,6.007,35.0,73304560.0,52.0,52.0,2.107940957847552e+16,457207218176.0,75,3.46,54853760.0,0,0,1394,84,75,8,1,3,0.57,0.06,31.95
B_S_k1_unre_c20,B_TOPUP,16,0.0625,random,0.052,25.0,unreal,10.0,1,rs,0.0,month,0.0,0,0,0.92,topup,signal,none,unreal,1,2.0,7025,20.96,-36.03,0.582,1.158,694,32.0,46.0,32.5,-10.59,9.215,15,72.83,19.96,-33.32,21.87,-36.03,24.28,-18.34,1880,261,2,522,2403,694,75,1392,3.46,0,0.0,0.0,0,7.780652e+06,6.769559e+06,1.011094e+06,2.675,590446.0,0.453,5.708,34.9,66801082.0,48.3,48.3,4975631028715520.0,135609507840.0,75,3.46,57023504.0,0,0,1392,86,75,8,2,4,0.57,0.062,27.09
B_S_k1_unre_c20,B_TOPUP,16,0.0625,random,0.052,25.0,unreal,10.0,1,rs,0.0,month,0.0,0,0,0.92,topup,signal,none,unreal,1,2.0,7026,21.71,-35.72,0.608,1.196,694,32.0,46.8,32.5,-10.8,9.479,14,72.81,20.11,-31.12,23.24,-35.72,24.06,-21.47,1880,270,2,532,2393,694,73,1391,3.37,0,0.0,0.0,0,9.071257e+06,8.020618e+06,1.050639e+06,2.677,608349.0,0.464,6.149,36.3,76936057.0,49.9,49.9,1.8552265853894656e+16,524912721920.0,73,3.37,61631235.0,0,0,1391,85,73,8,2,4,0.58,0.061,27.09
B_S_k1_unre_c20,B_TOPUP,16,0.0625,random,0.052,25.0,unreal,10.0,1,rs,0.0,month,0.0,0,0,0.92,topup,signal,none,unreal,1,2.0,7027,21.77,-36.04,0.604,1.197,696,32.1,46.4,32.58,-10.76,9.355,15,72.83,20.11,-31.12,23.36,-36.04,27.8,-22.11,1880,265,2,521,2402,696,77,1391,3.55,0,0.0,0.0,0,8.702669e+06,7.670957e+06,1.031712e+06,2.683,592174.0,0.463,5.865,35.8,77306225.0,49.9,49.9,1.143437332054016e+16,312170446848.0,77,3.55,63170605.0,0,0,1391,91,77,9,3,5,0.65,0.065,27.09
B_S_k1_unre_c20,B_TOPUP,16,0.0625,random,0.052,25.0,unreal,10.0,1,rs,0.0,month,0.0,0,0,0.92,topup,signal,none,unreal,1,2.0,7028,21.56,-35.7,0.604,1.188,694,32.0,46.8,32.5,-10.74,9.509,15,72.88,20.33,-33.34,22.69,-35.7,25.7,-18.89,1880,284,2,556,2369,694,72,1395,3.32,0,0.0,0.0,0,8.422329e+06,7.349034e+06,1.073295e+06,2.68,624941.0,0.471,5.866,36.0,74314119.0,50.9,50.9,2.241753885179904e+16,633771982848.0,72,3.32,59667343.0,0,0,1395,84,72,9,2,4,0.65,0.06,27.09
B_S_k1_unre_c20,B_TOPUP,16,0.0625,random,0.052,25.0,unreal,10.0,1,rs,0.0,month,0.0,0,0,0.92,topup,signal,none,unreal,1,2.0,7029,21.02,-35.73,0.588,1.167,689,31.8,45.4,33.33,-10.47,9.426,15,72.92,19.7,-33.34,22.27,-35.73,16.41,-21.27,1880,276,2,542,2388,689,71,1388,3.27,0,0.0,0.0,0,8.355045e+06,6.915333e+06,1.439712e+06,2.636,585652.0,0.427,6.383,33.8,68075567.0,49.4,49.4,1.152434214797312e+16,387089268736.0,71,3.27,54918742.0,0,0,1388,77,71,6,0,2,0.43,0.055,31.76
B_S_k1_unre_c20,B_TOPUP,16,0.0625,random,0.052,25.0,unreal,10.0,1,rs,0.0,month,0.0,0,0,0.92,topup,signal,none,unreal,1,2.0,7030,20.01,-35.72,0.56,1.117,696,32.1,44.7,32.32,-10.63,8.563,15,72.9,19.21,-31.55,20.69,-35.72,10.85,-23.57,1880,255,2,495,2428,696,78,1388,3.6,0,0.0,0.0,0,7.071956e+06,5.836241e+06,1.235715e+06,2.712,567270.0,0.442,5.372,32.9,56385738.0,54.0,54.0,149687931764736.0,4463093760.0,78,3.6,54508873.0,0,0,1388,86,78,7,1,3,0.5,0.062,31.3
B_S_k1_unre_c30,B_TOPUP,16,0.0625,random,0.052,25.0,unreal,10.0,1,rs,0.0,month,0.0,0,0,0.92,topup,signal,none,unreal,1,3.0,7001,21.8,-37.69,0.578,1.194,676,31.2,47.6,29.92,-10.59,8.703,15,72.63,19.79,-31.8,23.77,-37.69,24.25,-21.02,1880,277,36,528,2415,676,77,1398,3.55,0,0.0,0.0,0,9.040212e+06,7.979522e+06,1.060691e+06,2.664,604269.0,0.472,5.91,37.1,77914618.0,47.0,47.0,1073839534505984.0,66414682112.0,77,3.55,81853877.0,0,0,1398,89,77,9,3,3,0.64,0.064,29.76
B_S_k1_unre_c30,B_TOPUP,16,0.0625,random,0.052,25.0,unreal,10.0,1,rs,0.0,month,0.0,0,0,0.92,topup,signal,none,unreal,1,3.0,7002,20.92,-37.68,0.555,1.142,681,31.4,46.1,29.99,-10.58,8.125,15,72.85,20.46,-32.46,21.26,-37.68,18.02,-28.94,1880,248,36,505,2433,681,83,1394,3.83,0,0.0,0.0,0,8.83005e+06,7.72166e+06,1.10839e+06,2.731,652660.0,0.494,6.129,37.4,67224311.0,49.7,49.7,50473495166976.0,3759018496.0,83,3.83,89214049.0,0,0,1394,97,83,10,2,4,0.72,0.07,29.76
B_S_k1_unre_c30,B_TOPUP,16,0.0625,random,0.052,25.0,unreal,10.0,1,rs,0.0,month,0.0,0,0,0.92,topup,signal,none,unreal,1,3.0,7003,20.98,-38.89,0.54,1.147,670,30.9,44.5,31.34,-10.32,8.213,20,73.09,20.09,-32.46,21.77,-38.89,6.61,-30.16,1880,265,36,494,2455,670,77,1401,3.55,0,0.0,0.0,0,8.441352e+06,7.05078e+06,1.390571e+06,2.599,590689.0,0.459,5.563,35.2,67644030.0,55.4,55.4,44460331237376.0,3376399360.0,77,3.55,83773812.0,0,0,1401,90,77,10,3,3,0.71,0.064,39.11
B_S_k1_unre_c30,B_TOPUP,16,0.0625,random,0.052,25.0,unreal,10.0,1,rs,0.0,month,0.0,0,0,0.92,topup,signal,none,unreal,1,3.0,7004,21.61,-37.67,0.574,1.181,675,31.1,45.6,30.94,-10.62,8.343,15,73.0,19.49,-31.83,23.7,-37.67,13.72,-26.51,1880,236,36,434,2510,675,82,1404,3.78,0,0.0,0.0,0,8.951933e+06,7.466751e+06,1.485181e+06,2.69,586679.0,0.438,5.898,34.7,75596248.0,57.7,57.7,51633513824256.0,2247115776.0,82,3.78,96035465.0,0,0,1404,98,82,12,3,4,0.85,0.07,42.1
B_S_k1_unre_c30,B_TOPUP,16,0.0625,random,0.052,25.0,unreal,10.0,1,rs,0.0,month,0.0,0,0,0.92,topup,signal,none,unreal,1,3.0,7005,21.18,-37.67,0.562,1.167,679,31.3,45.4,30.51,-10.56,8.07,15,72.91,19.49,-31.83,22.8,-37.67,10.42,-26.38,1880,241,36,468,2472,679,81,1400,3.74,0,0.0,0.0,0,8.739735e+06,7.46587e+06,1.273865e+06,2.726,590001.0,0.448,5.891,35.5,70126800.0,54.5,54.5,25683025723392.0,1610829440.0,81,3.74,91753357.0,0,0,1400,98,81,13,3,4,0.93,0.07,36.08
B_S_k1_unre_c30,B_TOPUP,16,0.0625,random,0.052,25.0,unreal,10.0,1,rs,0.0,month,0.0,0,0,0.92,topup,signal,none,unreal,1,3.0,7006,21.38,-38.88,0.55,1.17,675,31.1,45.9,30.72,-10.5,8.432,20,73.1,20.46,-32.46,22.2,-38.88,10.44,-22.14,1880,250,36,474,2470,675,80,1406,3.69,0,0.0,0.0,0,9.345825e+06,7.757908e+06,1.587917e+06,2.717,619329.0,0.481,6.299,36.9,73081786.0,53.3,53.3,179677792567296.0,13180771328.0,80,3.69,93171416.0,0,0,1406,98,80,11,4,5,0.78,0.07,36.45
B_S_k1_unre_c30,B_TOPUP,16,0.0625,random,0.052,25.0,unreal,10.0,1,rs,0.0,month,0.0,0,0,0.92,topup,signal,none,unreal,1,3.0,7007,21.23,-37.68,0.563,1.154,667,30.8,45.6,30.57,-10.39,8.279,15,73.13,20.46,-32.46,21.89,-37.68,3.87,-30.44,1880,266,36,492,2460,667,80,1405,3.69,0,0.0,0.0,0,9.25231e+06,7.821424e+06,1.430887e+06,2.658,639487.0,0.482,6.373,37.0,71170256.0,54.2,54.2,62054668959744.0,4033789184.0,80,3.69,99248124.0,0,0,1405,91,80,10,1,3,0.71,0.065,38.71
B_S_k1_unre_c30,B_TOPUP,16,0.0625,random,0.052,25.0,unreal,10.0,1,rs,0.0,month,0.0,0,0,0.92,topup,signal,none,unreal,1,3.0,7008,20.86,-38.86,0.537,1.141,675,31.1,44.3,31.57,-10.37,8.209,20,73.0,19.79,-31.8,21.83,-38.86,16.78,-28.7,1880,238,36,447,2497,675,80,1402,3.69,0,0.0,0.0,0,7.513792e+06,6.351454e+06,1.162338e+06,2.668,577431.0,0.453,5.485,34.1,65441388.0,61.0,61.0,24713210363904.0,1046636608.0,80,3.69,85084787.0,0,0,1402,89,80,7,2,3,0.5,0.063,43.55
B_S_k1_unre_c30,B_TOPUP,16,0.0625,random,0.052,25.0,unreal,10.0,1,rs,0.0,month,0.0,0,0,0.92,topup,signal,none,unreal,1,3.0,7009,22.62,-37.68,0.6,1.216,665,30.7,45.7,32.34,-10.42,9.127,15,73.01,20.46,-32.46,24.75,-37.68,14.21,-30.52,1880,222,36,419,2535,665,77,1405,3.55,0,0.0,0.0,0,1.0430842e+07,8.800092e+06,1.63075e+06,2.601,638520.0,0.465,6.26,36.8,90540513.0,58.2,58.2,1452194477899776.0,61069721600.0,77,3.55,93112570.0,0,0,1405,86,77,8,1,3,0.57,0.061,39.73
B_S_k1_unre_c30,B_TOPUP,16,0.0625,random,0.052,25.0,unreal,10.0,1,rs,0.0,month,0.0,0,0,0.92,topup,signal,none,unreal,1,3.0,7010,21.09,-38.89,0.542,1.149,673,31.0,44.1,31.99,-10.39,8.311,20,73.04,20.09,-32.46,22.0,-38.89,18.25,-26.55,1880,224,36,410,2536,673,78,1403,3.6,0,0.0,0.0,0,7.921892e+06,6.738454e+06,1.183438e+06,2.605,591473.0,0.452,5.484,34.8,68419200.0,62.4,62.4,31331905961984.0,1580974848.0,78,3.6,81570902.0,0,0,1403,91,78,9,3,4,0.64,0.065,45.04
B_S_k1_unre_c30,B_TOPUP,16,0.0625,random,0.052,25.0,unreal,10.0,1,rs,0.0,month,0.0,0,0,0.92,topup,signal,none,unreal,1,3.0,7011,21.18,-37.67,0.562,1.167,680,31.4,45.6,30.44,-10.6,8.109,15,72.9,19.59,-31.8,22.7,-37.67,10.61,-26.01,1880,246,36,477,2462,680,82,1401,3.78,0,0.0,0.0,0,8.769632e+06,7.533066e+06,1.236567e+06,2.737,594975.0,0.458,6.122,35.9,70165479.0,54.8,54.8,34575386411008.0,2190828032.0,82,3.78,92995569.0,0,0,1401,99,82,11,3,5,0.79,0.071,36.77
B_S_k1_unre_c30,B_TOPUP,16,0.0625,random,0.052,25.0,unreal,10.0,1,rs,0.0,month,0.0,0,0,0.92,topup,signal,none,unreal,1,3.0,7012,20.94,-37.69,0.556,1.149,682,31.4,45.2,30.49,-10.45,8.039,15,72.93,20.21,-32.42,21.56,-37.69,10.98,-24.81,1880,241,36,468,2469,682,81,1396,3.74,0,0.0,0.0,0,8.206188e+06,6.831741e+06,1.374446e+06,2.723,630967.0,0.48,6.009,36.8,66833263.0,54.9,54.9,27767382999040.0,1702423552.0,81,3.74,91415368.0,0,0,1396,96,81,10,2,5,0.72,0.069,35.63
B_S_k1_unre_c30,B_TOPUP,16,0.0625,random,0.052,25.0,unreal,10.0,1,rs,0.0,month,0.0,0,0,0.92,topup,signal,none,unreal,1,3.0,7013,21.46,-37.68,0.57,1.163,671,30.9,45.8,30.4,-10.49,8.22,15,73.07,20.09,-32.46,22.75,-37.68,8.54,-27.89,1880,258,36,482,2466,671,82,1400,3.78,0,0.0,0.0,0,9.083805e+06,7.555772e+06,1.528034e+06,2.667,616911.0,0.472,6.112,36.7,73768398.0,53.7,53.7,55012453515264.0,3576577280.0,82,3.78,102431615.0,0,0,1400,93,82,10,1,3,0.71,0.066,38.71
B_S_k1_unre_c30,B_TOPUP,16,0.0625,random,0.052,25.0,unreal,10.0,1,rs,0.0,month,0.0,0,0,0.92,topup,signal,none,unreal,1,3.0,7014,21.75,-37.68,0.577,1.181,673,31.0,46.4,30.68,-10.57,8.549,15,73.09,20.46,-32.46,22.95,-37.68,10.16,-25.84,1880,221,36,431,2515,673,79,1404,3.64,0,0.0,0.0,0,9.741995e+06,8.352431e+06,1.389565e+06,2.692,644153.0,0.492,6.164,37.7,77908010.0,55.8,55.8,262955329388544.0,16394051584.0,79,3.64,95203382.0,0,0,1404,88,79,8,1,3,0.57,0.063,37.92
B_S_k1_unre_c30,B_TOPUP,16,0.0625,random,0.052,25.0,unreal,10.0,1,rs,0.0,month,0.0,0,0,0.92,topup,signal,none,unreal,1,3.0,7015,21.15,-37.68,0.561,1.149,680,31.4,44.4,31.43,-10.43,8.162,15,73.06,20.09,-32.46,22.12,-37.68,15.66,-28.78,1880,225,36,420,2519,680,82,1394,3.78,0,0.0,0.0,0,8.023604e+06,6.829665e+06,1.193939e+06,2.698,622227.0,0.461,5.996,35.7,69111610.0,62.6,62.6,20217556107264.0,867212864.0,82,3.78,90922600.0,0,0,1394,90,82,7,1,3,0.5,0.065,43.97
B_S_k1_unre_c30,B_TOPUP,16,0.0625,random,0.052,25.0,unreal,10.0,1,rs,0.0,month,0.0,0,0,0.92,topup,signal,none,unreal,1,3.0,7016,20.73,-38.86,0.533,1.141,677,31.2,46.4,30.6,-10.62,8.499,20,72.83,19.79,-31.8,21.56,-38.86,23.13,-22.44,1880,284,36,538,2404,677,80,1395,3.69,0,0.0,0.0,0,7.796744e+06,6.759664e+06,1.03708e+06,2.664,578142.0,0.463,5.423,35.0,64260915.0,45.2,45.2,218218312499200.0,11292452864.0,80,3.69,78360313.0,0,0,1395,99,80,12,5,5,0.86,0.071,29.77
B_S_k1_unre_c30,B_TOPUP,16,0.0625,random,0.052,25.0,unreal,10.0,1,rs,0.0,month,0.0,0,0,0.92,topup,signal,none,unreal,1,3.0,7017,21.22,-38.86,0.546,1.183,677,31.2,47.0,30.22,-10.55,8.6,20,72.89,19.79,-31.8,22.58,-38.86,21.19,-18.77,1880,275,36,548,2394,677,77,1403,3.55,0,0.0,0.0,0,8.452439e+06,7.3989e+06,1.05354e+06,2.647,578142.0,0.464,6.052,35.3,70422155.0,43.5,43.5,627006974722048.0,37353127936.0,77,3.55,70378717.0,0,0,1403,91,77,10,3,4,0.71,0.065,29.77
B_S_k1_unre_c30,B_TOPUP,16,0.0625,random,0.052,25.0,unreal,10.0,1,rs,0.0,month,0.0,0,0,0.92,topup,signal,none,unreal,1,3.0,7018,21.49,-38.86,0.553,1.167,672,31.0,45.1,31.56,-10.38,8.53,20,73.02,20.21,-32.42,22.68,-38.86,5.59,-28.91,1880,255,36,477,2470,672,76,1403,3.5,0,0.0,0.0,0,9.601352e+06,8.111328e+06,1.490025e+06,2.646,597963.0,0.46,6.068,36.3,74592974.0,56.6,56.6,195875439640576.0,14814772224.0,76,3.5,90758962.0,0,0,1403,89,76,11,2,3,0.78,0.063,38.86
B_S_k1_unre_c30,B_TOPUP,16,0.0625,random,0.052,25.0,unreal,10.0,1,rs,0.0,month,0.0,0,0,0.92,topup,signal,none,unreal,1,3.0,7019,21.06,-38.87,0.542,1.163,675,31.1,45.3,30.73,-10.54,8.17,20,72.91,19.85,-31.83,22.17,-38.87,10.61,-26.02,1880,251,36,482,2462,675,82,1406,3.78,0,0.0,0.0,0,8.554213e+06,7.325334e+06,1.228878e+06,2.728,587186.0,0.457,5.95,35.0,68575741.0,54.8,54.8,42388324089856.0,3195348992.0,82,3.78,91369425.0,0,0,1406,100,82,11,4,5,0.78,0.071,36.77
B_S_k1_unre_c30,B_TOPUP,16,0.0625,random,0.052,25.0,unreal,10.0,1,rs,0.0,month,0.0,0,0,0.92,topup,signal,none,unreal,1,3.0,7020,22.06,-37.7,0.585,1.199,668,30.8,45.7,31.3,-10.57,8.549,15,73.07,19.85,-31.83,24.22,-37.7,16.35,-28.58,1880,218,36,402,2549,668,80,1412,3.69,0,0.0,0.0,0,9.332159e+06,7.885512e+06,1.446646e+06,2.634,606865.0,0.461,5.867,36.7,81634897.0,60.0,60.0,105060277157888.0,4561489920.0,80,3.69,87110473.0,0,0,1412,88,80,7,1,3,0.5,0.062,42.38
B_S_k1_unre_c30,B_TOPUP,16,0.0625,random,0.052,25.0,unreal,10.0,1,rs,0.0,month,0.0,0,0,0.92,topup,signal,none,unreal,1,3.0,7021,20.96,-37.69,0.556,1.151,676,31.2,46.0,30.36,-10.59,8.247,15,73.03,19.79,-31.8,22.04,-37.69,10.26,-21.92,1880,232,36,451,2492,676,78,1405,3.6,0,0.0,0.0,0,8.543709e+06,6.943248e+06,1.600461e+06,2.679,604269.0,0.468,5.813,36.7,67525129.0,54.7,54.7,52131222519808.0,2667884544.0,78,3.6,79697317.0,0,0,1405,92,78,9,2,5,0.64,0.065,36.2
B_S_k1_unre_c30,B_TOPUP,16,0.0625,random,0.052,25.0,unreal,10.0,1,rs,0.0,month,0.0,0,0,0.92,topup,signal,none,unreal,1,3.0,7022,20.42,-38.88,0.525,1.127,682,31.4,45.9,30.77,-10.58,8.394,21,72.85,20.46,-32.46,20.24,-38.88,20.8,-30.01,1880,261,36,536,2401,682,77,1396,3.55,0,0.0,0.0,0,8.283492e+06,7.172592e+06,1.1109e+06,2.682,625454.0,0.482,5.825,37.0,61451076.0,50.5,50.5,119002756022272.0,7418544640.0,77,3.55,72666817.0,0,0,1396,92,77,9,4,5,0.64,0.066,29.77
B_S_k1_unre_c30,B_TOPUP,16,0.0625,random,0.052,25.0,unreal,10.0,1,rs,0.0,month,0.0,0,0,0.92,topup,signal,none,unreal,1,3.0,7023,20.74,-37.67,0.55,1.129,673,31.0,45.0,30.37,-10.64,7.825,15,72.84,19.59,-31.8,21.79,-37.67,11.48,-24.29,1880,221,36,429,2517,673,83,1402,3.83,0,0.0,0.0,0,7.91375e+06,6.601904e+06,1.311846e+06,2.658,590330.0,0.452,5.534,36.0,64406804.0,56.2,56.2,5847783047168.0,424105536.0,83,3.83,86724187.0,0,0,1402,101,83,14,3,4,1.0,0.072,35.31
B_S_k1_unre_c30,B_TOPUP,16,0.0625,random,0.052,25.0,unreal,10.0,1,rs,0.0,month,0.0,0,0,0.92,topup,signal,none,unreal,1,3.0,7024,22.08,-37.69,0.586,1.195,675,31.1,45.6,31.56,-10.46,8.712,15,72.99,19.79,-31.8,24.36,-37.69,15.9,-28.65,1880,226,36,416,2528,675,78,1405,3.6,0,0.0,0.0,0,9.645921e+06,8.346244e+06,1.299677e+06,2.688,603425.0,0.464,5.871,36.6,82297447.0,60.8,60.8,301727861440512.0,10563859456.0,78,3.6,92189144.0,0,0,1405,90,78,10,2,3,0.71,0.064,43.27
B_S_k1_unre_c30,B_TOPUP,16,0.0625,random,0.052,25.0,unreal,10.0,1,rs,0.0,month,0.0,0,0,0.92,topup,signal,none,unreal,1,3.0,7025,19.98,-37.7,0.53,1.108,686,31.6,45.9,29.37,-10.67,7.719,15,72.77,19.85,-31.83,19.98,-37.7,20.26,-29.86,1880,246,36,511,2422,686,81,1394,3.74,0,0.0,0.0,0,7.546068e+06,6.495224e+06,1.050844e+06,2.738,625621.0,0.469,5.369,36.3,56525328.0,50.2,50.2,4998478430208.0,268417520.0,81,3.74,77223883.0,0,0,1394,93,81,8,2,4,0.57,0.067,29.77
B_S_k1_unre_c30,B_TOPUP,16,0.0625,random,0.052,25.0,unreal,10.0,1,rs,0.0,month,0.0,0,0,0.92,topup,signal,none,unreal,1,3.0,7026,21.22,-37.68,0.563,1.181,675,31.1,46.7,30.37,-10.6,8.522,15,72.97,20.46,-32.46,21.86,-37.68,17.7,-22.16,1880,262,36,528,2416,675,75,1404,3.46,0,0.0,0.0,0,8.591525e+06,7.447576e+06,1.143949e+06,2.627,649378.0,0.482,5.858,36.7,70377434.0,47.9,47.9,245025568980992.0,14858817536.0,75,3.46,75415382.0,0,0,1404,88,75,9,2,4,0.64,0.063,29.76
B_S_k1_unre_c30,B_TOPUP,16,0.0625,random,0.052,25.0,unreal,10.0,1,rs,0.0,month,0.0,0,0,0.92,topup,signal,none,unreal,1,3.0,7027,21.08,-37.69,0.559,1.156,679,31.3,46.2,30.58,-10.5,8.493,15,72.83,20.21,-32.42,21.84,-37.69,19.13,-21.93,1880,254,36,509,2431,679,76,1393,3.5,0,0.0,0.0,0,8.402798e+06,7.286786e+06,1.116011e+06,2.64,627806.0,0.471,6.208,36.7,68555887.0,49.0,49.0,205530459013120.0,10753136640.0,76,3.5,77082229.0,0,0,1393,86,76,8,2,3,0.57,0.062,29.76
B_S_k1_unre_c30,B_TOPUP,16,0.0625,random,0.052,25.0,unreal,10.0,1,rs,0.0,month,0.0,0,0,0.92,topup,signal,none,unreal,1,3.0,7028,21.73,-37.67,0.577,1.19,680,31.4,47.1,29.75,-10.65,8.362,15,72.78,19.59,-31.8,23.83,-37.67,21.3,-19.54,1880,262,36,500,2439,680,76,1395,3.5,0,0.0,0.0,0,9.24902e+06,8.214959e+06,1.034061e+06,2.695,594975.0,0.466,5.452,36.2,77331831.0,46.9,46.9,267072927956992.0,20438415360.0,76,3.5,80973674.0,0,0,1395,85,76,8,1,3,0.57,0.061,29.77
B_S_k1_unre_c30,B_TOPUP,16,0.0625,random,0.052,25.0,unreal,10.0,1,rs,0.0,month,0.0,0,0,0.92,topup,signal,none,unreal,1,3.0,7029,22.07,-37.68,0.586,1.2,674,31.1,47.5,30.26,-10.53,8.837,15,72.91,20.46,-32.46,23.6,-37.68,20.68,-20.31,1880,259,36,512,2433,674,77,1399,3.55,0,0.0,0.0,0,1.0042471e+07,8.916509e+06,1.125962e+06,2.664,646765.0,0.481,6.197,38.0,82320285.0,44.9,44.9,1755561976659968.0,91834982400.0,77,3.55,87094103.0,0,0,1399,89,77,10,2,3,0.71,0.064,29.76
B_S_k1_unre_c30,B_TOPUP,16,0.0625,random,0.052,25.0,unreal,10.0,1,rs,0.0,month,0.0,0,0,0.92,topup,signal,none,unreal,1,3.0,7030,21.44,-37.68,0.569,1.172,676,31.2,47.0,30.25,-10.56,8.635,15,72.84,20.46,-32.46,22.32,-37.68,20.61,-21.12,1880,255,36,528,2415,676,78,1399,3.6,0,0.0,0.0,0,8.849913e+06,7.741524e+06,1.10839e+06,2.669,650371.0,0.484,6.124,37.3,73227700.0,46.6,46.6,491433010135040.0,25707274240.0,78,3.6,84255640.0,0,0,1399,92,78,9,3,5,0.64,0.066,29.76
B_S_k1_unre_c00,B_TOPUP,16,0.0625,random,0.052,25.0,unreal,10.0,1,rs,0.0,month,0.0,0,0,0.92,topup,signal,none,unreal,1,0.0,7001,20.68,-37.98,0.545,1.113,676,31.2,45.4,30.07,-10.47,7.94,15,73.09,19.79,-31.8,21.48,-37.98,12.15,-33.29,1880,283,37,517,2426,676,76,1395,3.5,0,0.0,0.0,0,8.01955e+06,6.85012e+06,1.16943e+06,2.735,596689.0,0.464,6.214,35.5,64058043.0,58.4,58.4,16459004641280.0,1638172288.0,76,3.5,100611318.0,0,0,1395,90,76,9,3,5,0.65,0.065,75.7
B_S_k1_unre_c00,B_TOPUP,16,0.0625,random,0.052,25.0,unreal,10.0,1,rs,0.0,month,0.0,0,0,0.92,topup,signal,none,unreal,1,0.0,7002,21.86,-38.01,0.575,1.154,670,30.9,46.7,30.22,-10.51,8.518,15,73.27,20.46,-32.46,23.17,-38.01,14.3,-35.66,1880,259,37,501,2448,670,75,1404,3.46,0,0.0,0.0,0,9.448008e+06,7.860967e+06,1.587041e+06,2.696,634890.0,0.488,6.177,36.9,79143254.0,60.8,60.8,246156688883712.0,19374635008.0,75,3.46,110622589.0,0,0,1404,80,75,5,0,2,0.36,0.057,72.4
B_S_k1_unre_c00,B_TOPUP,16,0.0625,random,0.052,25.0,unreal,10.0,1,rs,0.0,month,0.0,0,0,0.92,topup,signal,none,unreal,1,0.0,7003,21.03,-38.78,0.542,1.126,674,31.1,45.7,30.54,-10.46,8.276,20,73.19,20.09,-32.46,21.87,-38.78,15.16,-32.19,1880,287,37,525,2420,674,74,1398,3.41,0,0.0,0.0,0,8.154803e+06,6.73747e+06,1.417333e+06,2.677,588219.0,0.452,5.875,34.4,68010231.0,59.3,59.3,79056070508544.0,6463064576.0,74,3.41,96357216.0,0,0,1398,89,74,10,3,4,0.72,0.064,75.68
B_S_k1_unre_c00,B_TOPUP,16,0.0625,random,0.052,25.0,unreal,10.0,1,rs,0.0,month,0.0,0,0,0.92,topup,signal,none,unreal,1,0.0,7004,21.78,-38.18,0.57,1.147,668,30.8,46.3,29.65,-10.57,8.032,15,73.21,19.49,-31.83,24.04,-38.18,15.14,-38.18,1880,241,37,452,2499,668,79,1405,3.64,0,0.0,0.0,0,9.111512e+06,7.517306e+06,1.594205e+06,2.702,573806.0,0.451,6.007,34.9,77970057.0,64.9,64.9,27693340950528.0,3077823488.0,79,3.64,118498132.0,0,0,1405,84,79,5,0,2,0.36,0.06,82.44
B_S_k1_unre_c00,B_TOPUP,16,0.0625,random,0.052,25.0,unreal,10.0,1,rs,0.0,month,0.0,0,0,0.92,topup,signal,none,unreal,1,0.0,7005,21.6,-38.12,0.567,1.143,667,30.8,46.2,30.08,-10.55,8.21,15,73.19,19.49,-31.83,23.68,-38.12,14.03,-38.12,1880,246,37,462,2490,667,78,1408,3.6,0,0.0,0.0,0,9.032997e+06,7.517306e+06,1.51569e+06,2.677,573796.0,0.45,5.841,34.9,75663066.0,63.3,63.3,45935518285824.0,3709793280.0,78,3.6,114209789.0,0,0,1408,84,78,5,1,3,0.36,0.06,82.53
B_S_k1_unre_c00,B_TOPUP,16,0.0625,random,0.052,25.0,unreal,10.0,1,rs,0.0,month,0.0,0,0,0.92,topup,signal,none,unreal,1,0.0,7006,21.43,-38.77,0.553,1.133,665,30.7,45.7,30.84,-10.46,8.424,20,73.24,20.46,-32.46,22.29,-38.77,14.04,-37.96,1880,280,37,510,2444,665,77,1402,3.55,0,0.0,0.0,0,8.638988e+06,7.215093e+06,1.423896e+06,2.683,608330.0,0.465,6.271,35.8,73035493.0,62.9,62.9,126945928937472.0,13760951296.0,77,3.55,113513886.0,0,0,1402,89,77,9,2,4,0.64,0.063,81.29
B_S_k1_unre_c00,B_TOPUP,16,0.0625,random,0.052,25.0,unreal,10.0,1,rs,0.0,month,0.0,0,0,0.92,topup,signal,none,unreal,1,0.0,7007,21.38,-38.13,0.561,1.105,664,30.6,45.6,29.72,-10.48,7.865,15,73.25,20.46,-32.46,22.2,-38.13,15.76,-38.13,1880,244,37,455,2500,664,81,1406,3.74,0,0.0,0.0,0,8.335373e+06,6.770442e+06,1.564932e+06,2.666,629843.0,0.48,6.237,36.0,72175403.0,67.3,67.3,8100479238144.0,1040795968.0,81,3.74,117623384.0,0,0,1406,88,81,6,1,3,0.43,0.063,82.59
B_S_k1_unre_c00,B_TOPUP,16,0.0625,random,0.052,25.0,unreal,10.0,1,rs,0.0,month,0.0,0,0,0.92,topup,signal,none,unreal,1,0.0,7008,20.94,-38.78,0.54,1.102,666,30.7,45.2,30.64,-10.52,8.086,20,73.17,19.79,-31.8,22.01,-38.78,14.05,-38.04,1880,254,37,473,2480,666,79,1408,3.64,0,0.0,0.0,0,7.892286e+06,6.454234e+06,1.438053e+06,2.661,569425.0,0.453,5.752,33.8,66830908.0,64.3,64.3,16342373629952.0,1228792576.0,79,3.64,104949775.0,0,0,1408,86,79,5,2,3,0.36,0.061,82.14
B_S_k1_unre_c00,B_TOPUP,16,0.0625,random,0.052,25.0,unreal,10.0,1,rs,0.0,month,0.0,0,0,0.92,topup,signal,none,unreal,1,0.0,7009,20.67,-38.01,0.544,1.125,682,31.4,47.2,29.1,-10.55,8.175,15,72.69,20.46,-32.46,20.74,-38.01,14.24,-27.38,1880,275,37,516,2421,682,78,1389,3.6,0,0.0,0.0,0,8.578782e+06,7.460461e+06,1.118322e+06,2.778,648912.0,0.492,6.732,37.2,64165455.0,44.4,44.4,193048008982528.0,24817211392.0,78,3.6,103153711.0,0,0,1389,89,78,9,1,4,0.65,0.064,44.04
B_S_k1_unre_c00,B_TOPUP,16,0.0625,random,0.052,25.0,unreal,10.0,1,rs,0.0,month,0.0,0,0,0.92,topup,signal,none,unreal,1,0.0,7010,20.51,-38.78,0.529,1.087,678,31.3,45.0,29.68,-10.39,7.638,20,73.14,20.09,-32.46,20.82,-38.78,10.13,-32.93,1880,285,37,545,2396,678,79,1400,3.64,0,0.0,0.0,0,7.821209e+06,6.317072e+06,1.504136e+06,2.729,590773.0,0.457,5.677,34.4,62087331.0,61.1,61.1,6093396770816.0,887116288.0,79,3.64,100302184.0,0,0,1400,87,79,6,2,3,0.43,0.062,75.95
B_S_k1_unre_c00,B_TOPUP,16,0.0625,random,0.052,25.0,unreal,10.0,1,rs,0.0,month,0.0,0,0,0.92,topup,signal,none,unreal,1,0.0,7011,20.65,-38.01,0.543,1.138,682,31.4,47.2,29.19,-10.67,8.15,15,72.56,19.59,-31.8,21.62,-38.01,18.73,-28.03,1880,284,37,551,2386,682,76,1392,3.5,0,0.0,0.0,0,8.242125e+06,7.20207e+06,1.040055e+06,2.732,591509.0,0.448,5.848,35.0,63829198.0,46.8,46.8,83115787681792.0,6725101056.0,76,3.5,91951948.0,0,0,1392,89,76,8,3,5,0.57,0.064,38.87
B_S_k1_unre_c00,B_TOPUP,16,0.0625,random,0.052,25.0,unreal,10.0,1,rs,0.0,month,0.0,0,0,0.92,topup,signal,none,unreal,1,0.0,7012,21.73,-38.1,0.57,1.126,668,30.8,46.0,29.99,-10.49,8.114,15,73.22,20.21,-32.42,23.17,-38.1,15.16,-38.1,1880,249,37,464,2487,668,77,1401,3.55,0,0.0,0.0,0,8.95929e+06,7.326444e+06,1.632846e+06,2.677,612238.0,0.462,6.53,36.1,77069853.0,65.7,65.7,40009323249664.0,5113712128.0,77,3.55,117153315.0,0,0,1401,82,77,5,0,2,0.36,0.059,82.04
B_S_k1_unre_c00,B_TOPUP,16,0.0625,random,0.052,25.0,unreal,10.0,1,rs,0.0,month,0.0,0,0,0.92,topup,signal,none,unreal,1,0.0,7013,21.34,-37.98,0.562,1.109,665,30.7,45.6,30.04,-10.55,7.942,15,73.21,20.09,-32.46,22.5,-37.98,15.74,-37.92,1880,244,37,456,2498,665,82,1402,3.78,0,0.0,0.0,0,8.307257e+06,6.876092e+06,1.431165e+06,2.654,604506.0,0.459,6.122,35.3,71645643.0,64.8,64.8,12687758065664.0,1626971520.0,82,3.78,118793000.0,0,0,1402,94,82,9,2,4,0.64,0.067,81.49
B_S_k1_unre_c00,B_TOPUP,16,0.0625,random,0.052,25.0,unreal,10.0,1,rs,0.0,month,0.0,0,0,0.92,topup,signal,none,unreal,1,0.0,7014,21.96,-38.01,0.578,1.16,669,30.8,46.0,30.76,-10.44,8.529,15,73.37,20.46,-32.46,23.39,-38.01,14.94,-35.37,1880,294,37,540,2410,669,75,1407,3.46,0,0.0,0.0,0,9.331106e+06,7.592159e+06,1.738947e+06,2.694,632264.0,0.478,6.45,36.2,80490327.0,62.9,62.9,200210823249920.0,15758323712.0,75,3.46,108469919.0,0,0,1407,80,75,5,0,2,0.36,0.057,77.92
B_S_k1_unre_c00,B_TOPUP,16,0.0625,random,0.052,25.0,unreal,10.0,1,rs,0.0,month,0.0,0,0,0.92,topup,signal,none,unreal,1,0.0,7015,21.86,-38.11,0.574,1.146,669,30.8,46.3,30.21,-10.51,8.357,15,73.28,20.09,-32.46,23.58,-38.11,14.19,-38.11,1880,246,37,462,2488,669,79,1405,3.64,0,0.0,0.0,0,9.394875e+06,7.711521e+06,1.683354e+06,2.687,606143.0,0.472,6.001,36.0,79228399.0,63.4,63.4,105973620408320.0,8340684800.0,79,3.64,122255746.0,0,0,1405,84,79,5,0,2,0.36,0.06,82.44
B_S_k1_unre_c00,B_TOPUP,16,0.0625,random,0.052,25.0,unreal,10.0,1,rs,0.0,month,0.0,0,0,0.92,topup,signal,none,unreal,1,0.0,7016,20.49,-38.78,0.528,1.082,674,31.1,44.8,29.88,-10.46,7.616,20,73.16,19.79,-31.8,21.07,-38.78,8.79,-36.49,1880,264,37,488,2457,674,79,1398,3.64,0,0.0,0.0,0,7.78763e+06,6.262851e+06,1.524779e+06,2.733,572010.0,0.457,5.822,34.0,61839800.0,63.6,63.6,4197326258176.0,516505568.0,79,3.64,103262383.0,0,0,1398,85,79,5,1,3,0.36,0.061,76.94
B_S_k1_unre_c00,B_TOPUP,16,0.0625,random,0.052,25.0,unreal,10.0,1,rs,0.0,month,0.0,0,0,0.92,topup,signal,none,unreal,1,0.0,7017,21.16,-38.78,0.545,1.122,666,30.7,45.5,30.67,-10.55,8.205,20,73.19,19.79,-31.8,22.44,-38.78,15.16,-37.99,1880,277,37,507,2446,666,79,1404,3.64,0,0.0,0.0,0,8.028728e+06,6.527124e+06,1.501604e+06,2.674,569425.0,0.46,5.716,34.1,69358688.0,63.4,63.4,35948821741568.0,3209850112.0,79,3.64,108813055.0,0,0,1404,92,79,9,3,4,0.64,0.066,81.47
B_S_k1_unre_c00,B_TOPUP,16,0.0625,random,0.052,25.0,unreal,10.0,1,rs,0.0,month,0.0,0,0,0.92,topup,signal,none,unreal,1,0.0,7018,21.25,-38.78,0.548,1.103,670,30.9,45.4,30.05,-10.48,7.909,20,73.12,20.21,-32.42,22.19,-38.78,15.17,-38.06,1880,248,37,461,2488,670,77,1402,3.55,0,0.0,0.0,0,8.102848e+06,6.510888e+06,1.59196e+06,2.673,591681.0,0.46,6.023,34.9,70438197.0,67.2,67.2,13607892942848.0,1739865472.0,77,3.55,108759482.0,0,0,1402,85,77,6,2,3,0.43,0.061,81.83
B_S_k1_unre_c00,B_TOPUP,16,0.0625,random,0.052,25.0,unreal,10.0,1,rs,0.0,month,0.0,0,0,0.92,topup,signal,none,unreal,1,0.0,7019,20.32,-38.79,0.524,1.114,684,31.5,46.5,29.73,-10.65,8.124,20,72.7,19.86,-31.83,20.66,-38.79,18.38,-30.43,1880,298,37,568,2367,684,80,1392,3.69,0,0.0,0.0,0,7.829468e+06,6.800916e+06,1.028552e+06,2.795,590152.0,0.46,5.725,34.2,60062331.0,46.9,46.9,67453161832448.0,5447079424.0,80,3.69,95252447.0,0,0,1392,90,80,7,2,4,0.5,0.065,38.88
B_S_k1_unre_c00,B_TOPUP,16,0.0625,random,0.052,25.0,unreal,10.0,1,rs,0.0,month,0.0,0,0,0.92,topup,signal,none,unreal,1,0.0,7020,21.73,-37.99,0.572,1.155,669,30.8,46.6,29.07,-10.53,7.938,15,73.31,19.86,-31.83,23.54,-37.99,13.34,-28.4,1880,268,37,508,2442,669,77,1410,3.55,0,0.0,0.0,0,9.854835e+06,7.997165e+06,1.85767e+06,2.715,603417.0,0.46,5.854,35.9,78019663.0,57.5,57.5,29471778275328.0,3909390848.0,77,3.55,107043388.0,0,0,1410,83,77,6,0,2,0.43,0.059,70.9
B_S_k1_unre_c00,B_TOPUP,16,0.0625,random,0.052,25.0,unreal,10.0,1,rs,0.0,month,0.0,0,0,0.92,topup,signal,none,unreal,1,0.0,7021,21.28,-37.99,0.56,1.106,664,30.6,45.6,29.78,-10.51,7.877,15,73.15,19.79,-31.8,22.71,-37.99,15.63,-37.99,1880,244,37,459,2496,664,79,1409,3.64,0,0.0,0.0,0,8.128312e+06,6.511408e+06,1.616904e+06,2.652,588624.0,0.46,5.886,34.9,70888332.0,66.9,66.9,7781242372096.0,806616896.0,79,3.64,110585448.0,0,0,1409,86,79,6,1,3,0.43,0.061,81.85
B_S_k1_unre_c00,B_TOPUP,16,0.0625,random,0.052,25.0,unreal,10.0,1,rs,0.0,month,0.0,0,0,0.92,topup,signal,none,unreal,1,0.0,7022,22.01,-38.77,0.568,1.165,668,30.8,46.4,30.18,-10.39,8.435,20,73.32,20.46,-32.46,23.49,-38.77,18.1,-32.49,1880,259,37,497,2454,668,76,1403,3.5,0,0.0,0.0,0,9.291609e+06,7.684388e+06,1.607221e+06,2.686,610608.0,0.481,6.219,36.2,81082254.0,61.6,61.6,229180360884224.0,24898523136.0,76,3.5,110978514.0,0,0,1403,82,76,5,1,3,0.36,0.058,72.28
B_S_k1_unre_c00,B_TOPUP,16,0.0625,random,0.052,25.0,unreal,10.0,1,rs,0.0,month,0.0,0,0,0.92,topup,signal,none,unreal,1,0.0,7023,21.17,-38.01,0.557,1.126,667,30.8,45.6,30.0,-10.56,7.926,15,73.2,19.59,-31.8,22.68,-38.01,15.26,-37.88,1880,276,37,508,2444,667,81,1401,3.74,0,0.0,0.0,0,8.117235e+06,6.756019e+06,1.361216e+06,2.675,579185.0,0.456,5.784,34.9,69638205.0,62.4,62.4,14033470095360.0,1633438592.0,81,3.74,113393637.0,0,0,1401,92,81,9,1,4,0.64,0.066,81.3
B_S_k1_unre_c00,B_TOPUP,16,0.0625,random,0.052,25.0,unreal,10.0,1,rs,0.0,month,0.0,0,0,0.92,topup,signal,none,unreal,1,0.0,7024,21.55,-37.98,0.567,1.137,663,30.6,45.9,30.65,-10.53,8.352,15,73.23,19.79,-31.8,23.25,-37.98,17.06,-37.9,1880,277,37,510,2446,663,79,1406,3.64,0,0.0,0.0,0,8.434642e+06,6.859095e+06,1.575548e+06,2.646,588363.0,0.463,5.915,35.4,74371891.0,61.8,61.8,71082279174144.0,6359327744.0,79,3.64,113231122.0,0,0,1406,91,79,9,2,4,0.64,0.065,81.42
B_S_k1_unre_c00,B_TOPUP,16,0.0625,random,0.052,25.0,unreal,10.0,1,rs,0.0,month,0.0,0,0,0.92,topup,signal,none,unreal,1,0.0,7025,21.32,-37.99,0.561,1.143,669,30.8,46.6,29.63,-10.53,8.199,15,73.27,19.86,-31.83,22.71,-37.99,14.67,-32.27,1880,289,37,549,2401,669,74,1403,3.41,0,0.0,0.0,0,8.650753e+06,7.037149e+06,1.613604e+06,2.693,603417.0,0.451,6.215,35.1,71918964.0,59.6,59.6,60584951283712.0,5100019200.0,74,3.41,97951425.0,0,0,1403,79,74,5,0,2,0.36,0.056,76.06
B_S_k1_unre_c00,B_TOPUP,16,0.0625,random,0.052,25.0,unreal,10.0,1,rs,0.0,month,0.0,0,0,0.92,topup,signal,none,unreal,1,0.0,7026,21.74,-38.01,0.572,1.141,664,30.6,46.2,30.36,-10.53,8.378,15,73.29,20.46,-32.46,22.93,-38.01,15.16,-37.99,1880,274,37,504,2451,664,79,1402,3.64,0,0.0,0.0,0,8.971219e+06,7.332347e+06,1.638873e+06,2.678,629843.0,0.481,6.345,36.3,77192801.0,63.2,63.2,101857749893120.0,11038152704.0,79,3.64,120582349.0,0,0,1402,91,79,9,2,4,0.64,0.065,81.47
B_S_k1_unre_c00,B_TOPUP,16,0.0625,random,0.052,25.0,unreal,10.0,1,rs,0.0,month,0.0,0,0,0.92,topup,signal,none,unreal,1,0.0,7027,21.69,-37.99,0.571,1.137,669,30.8,46.2,30.12,-10.55,8.235,15,73.28,20.21,-32.42,23.1,-37.99,16.46,-36.52,1880,270,37,492,2458,669,80,1400,3.69,0,0.0,0.0,0,8.921402e+06,7.314845e+06,1.606557e+06,2.692,612608.0,0.464,5.921,35.7,76622360.0,62.6,62.6,66597221826560.0,7212933632.0,80,3.69,122884977.0,0,0,1400,93,80,10,2,4,0.71,0.066,82.19
B_S_k1_unre_c00,B_TOPUP,16,0.0625,random,0.052,25.0,unreal,10.0,1,rs,0.0,month,0.0,0,0,0.92,topup,signal,none,unreal,1,0.0,7028,20.23,-38.01,0.532,1.11,685,31.6,46.6,29.45,-10.7,7.996,15,72.55,19.59,-31.8,20.75,-38.01,15.4,-34.67,1880,286,37,550,2384,685,77,1390,3.55,0,0.0,0.0,0,8.242125e+06,7.20207e+06,1.040055e+06,2.757,592340.0,0.456,5.792,34.7,59522309.0,47.9,47.9,33625418498048.0,2720713984.0,77,3.55,92010102.0,0,0,1390,91,77,8,3,6,0.58,0.065,38.87
B_S_k1_unre_c00,B_TOPUP,16,0.0625,random,0.052,25.0,unreal,10.0,1,rs,0.0,month,0.0,0,0,0.92,topup,signal,none,unreal,1,0.0,7029,21.74,-38.01,0.572,1.141,664,30.6,46.2,30.36,-10.53,8.378,15,73.29,20.46,-32.46,22.93,-38.01,15.16,-37.99,1880,274,37,504,2451,664,79,1402,3.64,0,0.0,0.0,0,8.971219e+06,7.332347e+06,1.638873e+06,2.678,629843.0,0.481,6.345,36.3,77192801.0,63.2,63.2,101857749893120.0,11038152704.0,79,3.64,120582349.0,0,0,1402,91,79,9,2,4,0.64,0.065,81.47
B_S_k1_unre_c00,B_TOPUP,16,0.0625,random,0.052,25.0,unreal,10.0,1,rs,0.0,month,0.0,0,0,0.92,topup,signal,none,unreal,1,0.0,7030,21.35,-38.01,0.562,1.162,677,31.2,47.9,29.14,-10.52,8.461,15,72.75,20.46,-32.46,22.14,-38.01,19.83,-21.85,1880,301,37,581,2361,677,76,1395,3.5,0,0.0,0.0,0,8.766698e+06,7.652737e+06,1.11396e+06,2.739,639870.0,0.482,6.235,37.1,72042416.0,44.3,44.3,695747188097024.0,77264404480.0,76,3.5,102170301.0,0,0,1395,87,76,9,1,4,0.65,0.062,38.87
B_S_k1_cush_c20,B_TOPUP,16,0.0625,random,0.052,25.0,unreal,10.0,1,rs,0.0,month,0.0,0,0,0.92,topup,signal,none,cushion,1,2.0,7001,20.76,-41.24,0.503,1.142,686,31.6,45.6,35.12,-10.77,10.166,22,72.27,19.72,-30.22,21.76,-41.24,27.51,-16.98,1880,204,2,365,2568,686,85,1389,3.92,0,0.0,0.0,0,6.890658e+06,5.938554e+06,952104.0,2.651,559071.0,0.471,5.269,32.9,63734751.0,51.0,51.0,2.532195894611149e+16,264272265216.0,85,3.92,73648853.0,0,0,1389,99,85,10,3,4,0.72,0.071,25.5
B_S_k1_cush_c20,B_TOPUP,16,0.0625,random,0.052,25.0,unreal,10.0,1,rs,0.0,month,0.0,0,0,0.92,topup,signal,none,cushion,1,2.0,7002,20.39,-41.25,0.494,1.124,685,31.6,45.4,35.04,-10.67,10.082,22,72.33,19.48,-31.61,21.25,-41.25,29.3,-16.15,1880,193,2,339,2595,685,80,1390,3.69,0,0.0,0.0,0,6.597626e+06,5.679338e+06,918289.0,2.608,544362.0,0.475,5.082,32.6,59658789.0,48.7,48.7,1.6342869178580992e+16,170480369664.0,80,3.69,63278063.0,0,0,1390,93,80,9,3,4,0.65,0.067,25.5
B_S_k1_cush_c20,B_TOPUP,16,0.0625,random,0.052,25.0,unreal,10.0,1,rs,0.0,month,0.0,0,0,0.92,topup,signal,none,cushion,1,2.0,7003,20.27,-41.25,0.491,1.119,687,31.7,45.6,35.61,-10.72,10.388,22,72.44,19.92,-31.61,20.5,-41.25,22.77,-19.41,1880,209,2,379,2553,687,80,1384,3.69,0,0.0,0.0,0,6.831902e+06,5.886792e+06,945109.0,2.649,568986.0,0.475,5.333,34.1,58687000.0,43.8,43.8,1.0100596567074406e+17,1110104342528.0,80,3.69,65946370.0,0,0,1384,92,80,8,3,4,0.58,0.066,25.5
B_S_k1_cush_c20,B_TOPUP,16,0.0625,random,0.052,25.0,unreal,10.0,1,rs,0.0,month,0.0,0,0,0.92,topup,signal,none,cushion,1,2.0,7004,20.03,-41.23,0.486,1.11,691,31.9,45.7,34.41,-10.72,9.92,22,72.43,19.2,-31.0,20.76,-41.23,21.81,-18.41,1880,210,2,382,2546,691,81,1389,3.74,0,0.0,0.0,0,6.707313e+06,5.809564e+06,897749.0,2.694,537452.0,0.47,4.942,32.9,56326934.0,44.4,44.4,1.49483115511808e+16,164246257664.0,81,3.74,63253259.0,0,0,1389,92,81,8,3,3,0.58,0.066,26.31
B_S_k1_cush_c20,B_TOPUP,16,0.0625,random,0.052,25.0,unreal,10.0,1,rs,0.0,month,0.0,0,0,0.92,topup,signal,none,cushion,1,2.0,7005,19.45,-41.23,0.472,1.087,690,31.8,45.5,34.0,-10.7,9.643,22,72.38,19.2,-31.0,19.57,-41.23,14.44,-20.0,1880,208,2,381,2548,690,82,1388,3.78,0,0.0,0.0,0,6.657502e+06,5.759752e+06,897749.0,2.692,535225.0,0.47,4.944,32.8,51010721.0,42.1,42.1,5136546810298368.0,74704674816.0,82,3.78,63782689.0,0,0,1388,93,82,8,3,3,0.58,0.067,26.31
B_S_k1_cush_c20,B_TOPUP,16,0.0625,random,0.052,25.0,unreal,10.0,1,rs,0.0,month,0.0,0,0,0.92,topup,signal,none,cushion,1,2.0,7006,19.52,-41.38,0.472,1.088,687,31.7,44.3,35.31,-10.68,9.669,21,72.51,19.48,-31.61,19.48,-41.38,12.71,-22.24,1880,190,2,340,2592,687,84,1386,3.87,0,0.0,0.0,0,6.263521e+06,4.931552e+06,1.331969e+06,2.66,555576.0,0.449,4.984,32.2,51213641.0,53.4,53.4,1761507285139456.0,20902578176.0,84,3.87,64821026.0,0,0,1386,96,84,8,3,4,0.58,0.069,28.92
B_S_k1_cush_c20,B_TOPUP,16,0.0625,random,0.052,25.0,unreal,10.0,1,rs,0.0,month,0.0,0,0,0.92,topup,signal,none,cushion,1,2.0,7007,19.28,-41.38,0.466,1.081,689,31.8,45.6,34.16,-10.9,9.639,21,72.2,19.48,-31.61,19.0,-41.38,10.7,-22.21,1880,218,2,374,2556,689,79,1385,3.64,0,0.0,0.0,0,6.434784e+06,5.480304e+06,954480.0,2.669,556052.0,0.45,5.074,32.4,49289790.0,47.8,47.8,3028164007690240.0,38515937280.0,79,3.64,63758185.0,0,0,1385,90,79,7,3,4,0.51,0.065,25.42
B_S_k1_cush_c20,B_TOPUP,16,0.0625,random,0.052,25.0,unreal,10.0,1,rs,0.0,month,0.0,0,0,0.92,topup,signal,none,cushion,1,2.0,7008,20.8,-41.41,0.502,1.151,680,31.4,44.9,35.99,-10.7,10.24,21,72.51,19.72,-30.22,21.84,-41.41,30.64,-17.04,1880,194,2,348,2591,680,85,1389,3.92,0,0.0,0.0,0,6.91113e+06,5.339634e+06,1.571496e+06,2.616,564586.0,0.49,5.2,33.7,64243887.0,56.5,56.5,1.58649112592384e+16,157778132992.0,85,3.92,72319004.0,0,0,1389,100,85,9,4,5,0.65,0.072,31.13
B_S_k1_cush_c20,B_TOPUP,16,0.0625,random,0.052,25.0,unreal,10.0,1,rs,0.0,month,0.0,0,0,0.92,topup,signal,none,cushion,1,2.0,7009,20.35,-41.38,0.492,1.122,686,31.6,45.2,35.18,-10.67,10.05,21,72.39,19.48,-31.61,21.17,-41.38,27.5,-16.2,1880,192,2,339,2594,686,79,1390,3.64,0,0.0,0.0,0,6.546034e+06,5.619144e+06,926891.0,2.631,555442.0,0.485,5.123,33.2,59195385.0,49.1,49.1,1.4028119102980096e+16,146229772288.0,79,3.64,63670249.0,0,0,1390,92,79,9,3,4,0.65,0.066,25.42
B_S_k1_cush_c20,B_TOPUP,16,0.0625,random,0.052,25.0,unreal,10.0,1,rs,0.0,month,0.0,0,0,0.92,topup,signal,none,cushion,1,2.0,7010,20.26,-41.25,0.491,1.121,690,31.8,45.8,35.25,-10.84,10.266,22,72.35,19.92,-31.61,20.47,-41.25,21.31,-27.29,1880,207,2,378,2551,690,83,1390,3.83,0,0.0,0.0,0,6.884968e+06,5.928764e+06,956204.0,2.682,571984.0,0.488,5.354,33.6,58574106.0,45.4,45.4,5.312547698140774e+16,583874904064.0,83,3.83,72232976.0,0,0,1390,95,83,9,3,3,0.65,0.068,25.5
B_S_k1_cush_c20,B_TOPUP,16,0.0625,random,0.052,25.0,unreal,10.0,1,rs,0.0,month,0.0,0,0,0.92,topup,signal,none,cushion,1,2.0,7011,19.22,-41.24,0.466,1.07,694,32.0,44.7,34.32,-10.6,9.465,22,72.36,19.7,-30.22,18.6,-41.24,13.46,-19.45,1880,194,2,343,2582,694,82,1384,3.78,0,0.0,0.0,0,6.325797e+06,5.410169e+06,915628.0,2.692,565181.0,0.493,5.073,33.4,48695774.0,46.9,46.9,1791797139341312.0,22825050112.0,82,3.78,63880424.0,0,0,1384,94,82,8,3,4,0.58,0.068,25.5
B_S_k1_cush_c20,B_TOPUP,16,0.0625,random,0.052,25.0,unreal,10.0,1,rs,0.0,month,0.0,0,0,0.92,topup,signal,none,cushion,1,2.0,7012,21.05,-41.25,0.51,1.149,678,31.3,44.7,36.35,-10.75,10.299,22,72.73,20.29,-33.18,21.71,-41.25,28.59,-24.03,1880,196,2,333,2608,678,83,1397,3.83,0,0.0,0.0,0,7.340685e+06,5.72813e+06,1.612556e+06,2.618,582344.0,0.453,5.408,33.2,67451780.0,64.3,64.3,1.5365205772992512e+16,158419058688.0,83,3.83,77653467.0,0,0,1397,90,83,6,1,3,0.43,0.064,32.81
B_S_k1_cush_c20,B_TOPUP,16,0.0625,random,0.052,25.0,unreal,10.0,1,rs,0.0,month,0.0,0,0,0.92,topup,signal,none,cushion,1,2.0,7013,19.37,-41.25,0.47,1.075,692,31.9,44.1,35.56,-10.68,9.702,22,72.38,19.92,-31.61,18.68,-41.25,13.15,-23.18,1880,197,2,345,2582,692,89,1382,4.1,0,0.0,0.0,0,6.324748e+06,5.322548e+06,1.0022e+06,2.733,574394.0,0.455,5.323,33.2,49940010.0,51.8,51.8,2972908179685376.0,36947570688.0,89,4.1,75119002.0,0,0,1382,101,89,9,2,4,0.65,0.073,31.34
B_S_k1_cush_c20,B_TOPUP,16,0.0625,random,0.052,25.0,unreal,10.0,1,rs,0.0,month,0.0,0,0,0.92,topup,signal,none,cushion,1,2.0,7014,20.01,-41.25,0.485,1.111,690,31.8,44.8,35.48,-10.6,10.034,22,72.3,19.48,-31.61,20.49,-41.25,16.06,-20.23,1880,210,2,377,2552,690,85,1378,3.92,0,0.0,0.0,0,7.015559e+06,5.489164e+06,1.526395e+06,2.704,549311.0,0.475,5.008,32.8,56381165.0,49.0,49.0,1.5721602159214592e+16,170664411136.0,85,3.92,69720708.0,0,0,1378,96,85,10,1,3,0.73,0.07,25.5
B_S_k1_cush_c20,B_TOPUP,16,0.0625,random,0.052,25.0,unreal,10.0,1,rs,0.0,month,0.0,0,0,0.92,topup,signal,none,cushion,1,2.0,7015,20.63,-41.25,0.5,1.129,684,31.5,45.0,35.59,-10.73,10.123,22,72.38,19.92,-31.61,21.22,-41.25,33.56,-22.28,1880,193,2,328,2607,684,86,1388,3.97,0,0.0,0.0,0,6.542426e+06,5.56721e+06,975216.0,2.622,565039.0,0.468,5.217,34.5,61997769.0,51.8,51.8,1.5815931452194816e+16,175278686208.0,86,3.97,72364142.0,0,0,1388,101,86,9,4,5,0.65,0.073,25.5
B_S_k1_cush_c20,B_TOPUP,16,0.0625,random,0.052,25.0,unreal,10.0,1,rs,0.0,month,0.0,0,0,0.92,topup,signal,none,cushion,1,2.0,7016,20.37,-41.41,0.492,1.121,684,31.5,43.9,36.46,-10.7,9.986,21,72.5,19.72,-30.22,20.97,-41.41,26.07,-20.1,1880,197,2,337,2598,684,88,1388,4.06,0,0.0,0.0,0,6.506646e+06,5.305479e+06,1.201166e+06,2.664,567917.0,0.462,5.375,32.9,59394781.0,60.9,60.9,4114554241941504.0,40922861568.0,88,4.06,75184926.0,0,0,1388,100,88,9,2,4,0.65,0.072,31.33
B_S_k1_cush_c20,B_TOPUP,16,0.0625,random,0.052,25.0,unreal,10.0,1,rs,0.0,month,0.0,0,0,0.92,topup,signal,none,cushion,1,2.0,7017,20.61,-41.41,0.498,1.14,685,31.6,45.1,36.27,-10.82,10.423,21,72.57,19.72,-30.22,21.44,-41.41,26.16,-24.1,1880,222,2,390,2544,685,82,1388,3.78,0,0.0,0.0,0,7.221283e+06,5.673324e+06,1.54796e+06,2.673,568028.0,0.459,5.245,33.0,62496935.0,56.4,56.4,4.419143390461952e+16,446217584640.0,82,3.78,70153973.0,0,0,1388,94,82,8,3,4,0.58,0.068,32.41
B_S_k1_cush_c20,B_TOPUP,16,0.0625,random,0.052,25.0,unreal,10.0,1,rs,0.0,month,0.0,0,0,0.92,topup,signal,none,cushion,1,2.0,7018,20.57,-41.25,0.499,1.123,686,31.6,45.2,35.51,-10.67,10.201,22,72.59,20.29,-33.18,20.71,-41.25,28.98,-16.92,1880,190,2,329,2604,686,82,1390,3.78,0,0.0,0.0,0,6.817883e+06,5.845166e+06,972717.0,2.655,588783.0,0.499,5.42,35.0,61637831.0,49.4,49.4,3.383165925405491e+16,371726548992.0,82,3.78,72671452.0,0,0,1390,95,82,9,3,4,0.65,0.068,25.5
B_S_k1_cush_c20,B_TOPUP,16,0.0625,random,0.052,25.0,unreal,10.0,1,rs,0.0,month,0.0,0,0,0.92,topup,signal,none,cushion,1,2.0,7019,19.55,-41.4,0.472,1.1,685,31.6,44.1,35.44,-10.67,9.662,21,72.42,18.77,-31.0,20.27,-41.4,21.58,-17.18,1880,195,2,342,2592,685,87,1388,4.01,0,0.0,0.0,0,6.422856e+06,4.979841e+06,1.443014e+06,2.672,519991.0,0.421,4.802,30.8,51701333.0,54.4,54.4,1361836553273344.0,15920873472.0,87,4.01,67065510.0,0,0,1388,99,87,9,2,4,0.65,0.071,31.34
B_S_k1_cush_c20,B_TOPUP,16,0.0625,random,0.052,25.0,unreal,10.0,1,rs,0.0,month,0.0,0,0,0.92,topup,signal,none,cushion,1,2.0,7020,19.5,-41.24,0.473,1.091,687,31.7,43.7,35.66,-10.81,9.479,22,72.49,18.77,-31.0,20.17,-41.24,24.26,-25.23,1880,203,2,365,2567,687,84,1390,3.87,0,0.0,0.0,0,5.58463e+06,4.694904e+06,889727.0,2.639,511513.0,0.445,4.813,31.1,50508022.0,61.0,61.0,286419255820288.0,2878276864.0,84,3.87,63544010.0,0,0,1390,92,84,7,1,3,0.5,0.066,34.86
B_S_k1_cush_c20,B_TOPUP,16,0.0625,random,0.052,25.0,unreal,10.0,1,rs,0.0,month,0.0,0,0,0.92,topup,signal,none,cushion,1,2.0,7021,20.14,-41.24,0.488,1.11,685,31.6,44.8,35.69,-10.78,10.049,22,72.26,19.72,-30.22,20.5,-41.24,29.24,-20.33,1880,190,2,341,2593,685,90,1388,4.15,0,0.0,0.0,0,6.071954e+06,5.134152e+06,937803.0,2.65,558449.0,0.475,4.895,33.1,56686485.0,53.3,53.3,8782232089001984.0,91670732800.0,90,4.15,76440560.0,0,0,1388,107,90,11,4,5,0.79,0.077,25.5
B_S_k1_cush_c20,B_TOPUP,16,0.0625,random,0.052,25.0,unreal,10.0,1,rs,0.0,month,0.0,0,0,0.92,topup,signal,none,cushion,1,2.0,7022,20.57,-41.38,0.497,1.137,684,31.5,45.2,35.51,-10.72,10.164,21,72.27,19.48,-31.61,21.62,-41.38,34.67,-18.53,1880,200,2,357,2578,684,84,1389,3.87,0,0.0,0.0,0,6.263209e+06,5.336767e+06,926442.0,2.611,554362.0,0.489,4.978,33.5,61135785.0,51.6,51.6,1.832519952288973e+16,191063670784.0,84,3.87,68907774.0,0,0,1389,99,84,9,4,5,0.65,0.071,25.42
B_S_k1_cush_c20,B_TOPUP,16,0.0625,random,0.052,25.0,unreal,10.0,1,rs,0.0,month,0.0,0,0,0.92,topup,signal,none,cushion,1,2.0,7023,20.18,-41.41,0.487,1.113,687,31.7,44.7,35.68,-10.68,10.039,21,72.37,19.7,-30.22,20.54,-41.41,30.93,-23.2,1880,200,2,353,2579,687,85,1389,3.92,0,0.0,0.0,0,6.211596e+06,5.287893e+06,923703.0,2.639,568349.0,0.495,5.088,33.9,57158188.0,53.5,53.5,1.0535416264392704e+16,109936672768.0,85,3.92,69436157.0,0,0,1389,97,85,8,3,4,0.58,0.07,25.42
B_S_k1_cush_c20,B_TOPUP,16,0.0625,random,0.052,25.0,unreal,10.0,1,rs,0.0,month,0.0,0,0,0.92,topup,signal,none,cushion,1,2.0,7024,20.18,-41.24,0.489,1.12,685,31.6,44.1,36.02,-10.73,9.877,22,72.46,19.72,-30.22,20.56,-41.24,23.42,-20.05,1880,188,2,332,2602,685,92,1388,4.24,0,0.0,0.0,0,6.294102e+06,5.199359e+06,1.094744e+06,2.675,558449.0,0.451,5.212,33.1,57248788.0,61.1,61.1,2222854015811584.0,22115577856.0,92,4.24,77746315.0,0,0,1388,107,92,9,4,5,0.65,0.077,31.13
B_S_k1_cush_c20,B_TOPUP,16,0.0625,random,0.052,25.0,unreal,10.0,1,rs,0.0,month,0.0,0,0,0.92,topup,signal,none,cushion,1,2.0,7025,20.11,-41.4,0.486,1.114,682,31.4,44.6,35.21,-10.76,9.729,21,72.4,18.77,-31.0,21.43,-41.4,30.9,-17.9,1880,178,2,314,2623,682,84,1392,3.87,0,0.0,0.0,0,6.0111e+06,5.135864e+06,875235.0,2.598,517026.0,0.458,4.794,31.4,56487942.0,52.4,52.4,1473230153973760.0,15358558208.0,84,3.87,64337225.0,0,0,1392,97,84,9,3,4,0.65,0.07,26.31
B_S_k1_cush_c20,B_TOPUP,16,0.0625,random,0.052,25.0,unreal,10.0,1,rs,0.0,month,0.0,0,0,0.92,topup,signal,none,cushion,1,2.0,7026,19.8,-41.38,0.478,1.099,687,31.7,45.7,35.45,-10.92,10.271,21,72.26,19.48,-31.61,20.05,-41.38,20.37,-28.5,1880,214,2,379,2553,687,82,1386,3.78,0,0.0,0.0,0,6.378603e+06,5.424124e+06,954480.0,2.664,555576.0,0.458,5.15,32.9,53769669.0,46.1,46.1,3.619322984189133e+16,374227763200.0,82,3.78,70382825.0,0,0,1386,90,82,7,1,3,0.51,0.065,25.42
B_S_k1_cush_c20,B_TOPUP,16,0.0625,random,0.052,25.0,unreal,10.0,1,rs,0.0,month,0.0,0,0,0.92,topup,signal,none,cushion,1,2.0,7027,20.68,-41.25,0.501,1.132,685,31.6,44.2,36.72,-10.63,10.315,22,72.65,20.29,-33.18,20.95,-41.25,26.21,-25.58,1880,203,2,362,2572,685,86,1384,3.97,0,0.0,0.0,0,7.353675e+06,5.733957e+06,1.619718e+06,2.673,588144.0,0.475,5.436,33.6,63364174.0,56.4,56.4,2.578851909599232e+16,258359017472.0,86,3.97,74595265.0,0,0,1384,98,86,9,2,4,0.65,0.071,32.28
B_S_k1_cush_c20,B_TOPUP,16,0.0625,random,0.052,25.0,unreal,10.0,1,rs,0.0,month,0.0,0,0,0.92,topup,signal,none,cushion,1,2.0,7028,20.23,-41.24,0.49,1.118,684,31.5,44.9,35.76,-10.67,10.168,22,72.43,19.7,-30.22,20.64,-41.24,23.92,-17.77,1880,192,2,344,2591,684,88,1389,4.06,0,0.0,0.0,0,6.736677e+06,5.249163e+06,1.487514e+06,2.638,555914.0,0.454,5.295,32.7,58159685.0,49.9,49.9,2.208033882190643e+16,258553872384.0,88,4.06,72213341.0,0,0,1389,100,88,9,2,4,0.65,0.072,30.88
B_S_k1_cush_c20,B_TOPUP,16,0.0625,random,0.052,25.0,unreal,10.0,1,rs,0.0,month,0.0,0,0,0.92,topup,signal,none,cushion,1,2.0,7029,20.3,-41.25,0.492,1.122,687,31.7,43.8,36.41,-10.65,9.967,22,72.36,19.48,-31.61,21.08,-41.25,28.05,-19.45,1880,186,2,328,2604,687,89,1385,4.1,0,0.0,0.0,0,6.132542e+06,5.075579e+06,1.056962e+06,2.663,545997.0,0.449,5.147,32.0,58383689.0,59.6,59.6,3770951489552384.0,37501706240.0,89,4.1,72982534.0,0,0,1385,101,89,9,2,4,0.65,0.073,31.33
B_S_k1_cush_c20,B_TOPUP,16,0.0625,random,0.052,25.0,unreal,10.0,1,rs,0.0,month,0.0,0,0,0.92,topup,signal,none,cushion,1,2.0,7030,19.11,-41.38,0.462,1.066,693,32.0,44.7,34.6,-10.75,9.535,21,72.37,19.48,-31.61,18.65,-41.38,15.22,-24.91,1880,200,2,351,2575,693,83,1382,3.83,0,0.0,0.0,0,6.155753e+06,5.22495e+06,930803.0,2.697,560839.0,0.49,5.023,33.6,47663154.0,44.8,44.8,1949360564731904.0,24794359808.0,83,3.83,66791823.0,0,0,1382,95,83,8,3,4,0.58,0.069,25.42
B_S_k1_cush_c30,B_TOPUP,16,0.0625,random,0.052,25.0,unreal,10.0,1,rs,0.0,month,0.0,0,0,0.92,topup,signal,none,cushion,1,3.0,7001,18.78,-41.32,0.455,1.04,680,31.4,44.9,33.9,-10.86,9.218,20,72.55,19.63,-30.38,17.78,-41.32,7.8,-28.39,1880,184,2,320,2619,680,80,1391,3.69,0,0.0,0.0,0,6.394228e+06,5.458668e+06,935559.0,2.704,585611.0,0.482,4.928,32.2,45295107.0,47.8,47.8,287566280523776.0,4506064896.0,80,3.69,75568917.0,0,0,1391,97,80,10,5,5,0.72,0.07,36.24
B_S_k1_cush_c30,B_TOPUP,16,0.0625,random,0.052,25.0,unreal,10.0,1,rs,0.0,month,0.0,0,0,0.92,topup,signal,none,cushion,1,3.0,7002,20.63,-41.33,0.499,1.124,666,30.7,45.3,34.54,-10.73,9.797,20,72.46,19.89,-30.39,21.26,-41.33,28.55,-22.56,1880,177,2,306,2647,666,83,1404,3.83,0,0.0,0.0,0,6.825321e+06,5.869203e+06,956118.0,2.599,589066.0,0.476,5.195,33.3,62274686.0,56.4,56.4,1873947918336000.0,22363019264.0,83,3.83,84217366.0,0,0,1404,96,83,9,4,3,0.64,0.068,36.22
B_S_k1_cush_c30,B_TOPUP,16,0.0625,random,0.052,25.0,unreal,10.0,1,rs,0.0,month,0.0,0,0,0.92,topup,signal,none,cushion,1,3.0,7003,18.98,-41.34,0.459,1.052,681,31.4,44.2,34.34,-10.73,9.189,20,72.62,19.51,-30.39,18.3,-41.34,14.31,-22.34,1880,185,2,326,2612,681,82,1393,3.78,0,0.0,0.0,0,5.999083e+06,5.08792e+06,911163.0,2.717,574861.0,0.464,4.773,32.6,46472417.0,47.3,47.3,263452354412544.0,4127202816.0,82,3.78,79667978.0,0,0,1393,93,82,8,3,3,0.57,0.067,36.22
B_S_k1_cush_c30,B_TOPUP,16,0.0625,random,0.052,25.0,unreal,10.0,1,rs,0.0,month,0.0,0,0,0.92,topup,signal,none,cushion,1,3.0,7004,20.22,-41.34,0.489,1.105,671,30.9,44.9,34.73,-10.85,9.595,20,72.39,19.53,-30.34,20.8,-41.34,28.56,-22.54,1880,175,2,305,2643,671,83,1399,3.83,0,0.0,0.0,0,6.281706e+06,5.369634e+06,912072.0,2.607,570800.0,0.47,4.882,32.2,57631515.0,57.0,57.0,651918590345216.0,7779811328.0,83,3.83,79183533.0,0,0,1399,96,83,9,4,3,0.64,0.069,36.0
B_S_k1_cush_c30,B_TOPUP,16,0.0625,random,0.052,25.0,unreal,10.0,1,rs,0.0,month,0.0,0,0,0.92,topup,signal,none,cushion,1,3.0,7005,18.08,-41.34,0.437,1.01,683,31.5,44.1,33.97,-10.93,8.861,20,72.61,19.53,-30.34,16.48,-41.34,10.02,-28.75,1880,200,2,359,2577,683,81,1392,3.74,0,0.0,0.0,0,5.966916e+06,5.027448e+06,939467.0,2.724,580872.0,0.461,4.928,31.9,39924845.0,53.2,53.2,35946816864256.0,563088512.0,81,3.74,77020139.0,0,0,1392,97,81,9,5,5,0.65,0.07,36.0
B_S_k1_cush_c30,B_TOPUP,16,0.0625,random,0.052,25.0,unreal,10.0,1,rs,0.0,month,0.0,0,0,0.92,topup,signal,none,cushion,1,3.0,7006,20.65,-41.05,0.503,1.126,672,31.0,46.1,34.59,-10.7,10.195,20,72.72,19.89,-30.39,21.31,-41.05,25.15,-19.24,1880,199,2,349,2598,672,77,1405,3.55,0,0.0,0.0,0,6.985193e+06,6.031745e+06,953448.0,2.644,600027.0,0.483,5.231,33.8,62739686.0,49.4,49.4,2.6150116687609856e+16,294168821760.0,77,3.55,77388231.0,0,0,1405,90,77,9,4,3,0.64,0.064,36.22
B_S_k1_cush_c30,B_TOPUP,16,0.0625,random,0.052,25.0,unreal,10.0,1,rs,0.0,month,0.0,0,0,0.92,topup,signal,none,cushion,1,3.0,7007,18.4,-41.33,0.445,1.02,686,31.6,44.8,33.62,-10.89,9.029,20,72.64,19.89,-30.39,16.75,-41.33,9.59,-29.58,1880,200,2,351,2582,686,82,1392,3.78,0,0.0,0.0,0,6.246005e+06,5.293986e+06,952019.0,2.76,605289.0,0.475,4.973,33.1,42353851.0,51.7,51.7,133448987574272.0,2090395904.0,82,3.78,81512150.0,0,0,1392,96,82,8,4,4,0.57,0.069,36.22
B_S_k1_cush_c30,B_TOPUP,16,0.0625,random,0.052,25.0,unreal,10.0,1,rs,0.0,month,0.0,0,0,0.92,topup,signal,none,cushion,1,3.0,7008,20.74,-41.32,0.502,1.124,668,30.8,44.0,35.69,-10.77,9.677,20,72.76,19.63,-30.38,21.76,-41.32,28.23,-20.89,1880,171,2,297,2654,668,86,1406,3.97,0,0.0,0.0,0,6.507364e+06,5.338012e+06,1.169352e+06,2.642,574385.0,0.465,5.16,32.5,63267195.0,63.8,63.8,587292351660032.0,6892354048.0,86,3.97,93288875.0,0,0,1406,101,86,10,4,4,0.71,0.072,37.07
B_S_k1_cush_c30,B_TOPUP,16,0.0625,random,0.052,25.0,unreal,10.0,1,rs,0.0,month,0.0,0,0,0.92,topup,signal,none,cushion,1,3.0,7009,21.01,-41.33,0.508,1.136,666,30.7,44.3,35.96,-10.73,9.951,20,72.79,19.89,-30.39,22.04,-41.33,30.03,-20.87,1880,174,2,300,2653,666,85,1407,3.92,0,0.0,0.0,0,6.693078e+06,5.508706e+06,1.184373e+06,2.614,589066.0,0.458,5.338,33.0,66384846.0,62.0,62.0,2132057199214592.0,25012756480.0,85,3.92,92440747.0,0,0,1407,100,85,10,4,4,0.71,0.071,37.06
B_S_k1_cush_c30,B_TOPUP,16,0.0625,random,0.052,25.0,unreal,10.0,1,rs,0.0,month,0.0,0,0,0.92,topup,signal,none,cushion,1,3.0,7010,18.54,-41.34,0.449,1.031,688,31.7,44.0,34.89,-10.86,9.289,20,72.43,19.51,-30.39,17.43,-41.34,14.23,-33.61,1880,187,2,318,2613,688,88,1388,4.06,0,0.0,0.0,0,5.97332e+06,5.06299e+06,910329.0,2.789,581353.0,0.461,4.751,32.3,43139770.0,50.7,50.7,265762610610176.0,3145390080.0,88,4.06,86785511.0,0,0,1388,105,88,11,4,4,0.79,0.076,36.22
B_S_k1_cush_c30,B_TOPUP,16,0.0625,random,0.052,25.0,unreal,10.0,1,rs,0.0,month,0.0,0,0,0.92,topup,signal,none,cushion,1,3.0,7011,19.98,-41.32,0.484,1.094,675,31.1,45.2,34.56,-10.83,9.679,20,72.46,19.62,-30.38,20.22,-41.32,25.61,-21.81,1880,202,2,360,2584,675,76,1398,3.5,0,0.0,0.0,0,6.095858e+06,5.148207e+06,947651.0,2.616,577856.0,0.468,4.911,32.3,55147448.0,52.3,52.3,1531133560881152.0,18272765952.0,76,3.5,68292214.0,0,0,1398,89,76,8,4,4,0.57,0.064,36.24
B_S_k1_cush_c30,B_TOPUP,16,0.0625,random,0.052,25.0,unreal,10.0,1,rs,0.0,month,0.0,0,0,0.92,topup,signal,none,cushion,1,3.0,7012,21.82,-41.34,0.528,1.169,671,30.9,44.4,36.5,-10.55,10.345,20,72.6,19.5,-33.14,24.12,-41.34,26.1,-21.33,1880,208,2,374,2574,671,78,1398,3.6,0,0.0,0.0,0,8.242367e+06,6.825897e+06,1.41647e+06,2.663,564159.0,0.458,6.049,34.0,77527495.0,62.8,62.8,2.0002442234036224e+16,226394914816.0,78,3.6,104022640.0,0,0,1398,86,78,6,2,3,0.43,0.062,36.08
B_S_k1_cush_c30,B_TOPUP,16,0.0625,random,0.052,25.0,unreal,10.0,1,rs,0.0,month,0.0,0,0,0.92,topup,signal,none,cushion,1,3.0,7013,20.07,-41.34,0.486,1.095,676,31.2,45.1,34.31,-10.86,9.518,20,72.4,19.51,-30.39,20.52,-41.34,26.82,-19.94,1880,191,2,325,2618,676,80,1395,3.69,0,0.0,0.0,0,6.136956e+06,5.198244e+06,938711.0,2.644,571600.0,0.459,4.981,32.1,56071610.0,52.8,52.8,639541299904512.0,7630491136.0,80,3.69,75738756.0,0,0,1395,95,80,10,4,4,0.72,0.068,36.22
B_S_k1_cush_c30,B_TOPUP,16,0.0625,random,0.052,25.0,unreal,10.0,1,rs,0.0,month,0.0,0,0,0.92,topup,signal,none,cushion,1,3.0,7014,20.44,-41.33,0.495,1.106,666,30.7,43.5,35.9,-10.75,9.564,20,72.77,19.89,-30.39,20.87,-41.33,27.08,-21.59,1880,154,2,256,2697,666,84,1405,3.87,0,0.0,0.0,0,6.282923e+06,5.21874e+06,1.064184e+06,2.618,589066.0,0.456,5.005,32.6,59878572.0,65.4,65.4,220080147267584.0,2579744000.0,84,3.87,91464634.0,0,0,1405,95,84,8,3,3,0.57,0.068,38.13
B_S_k1_cush_c30,B_TOPUP,16,0.0625,random,0.052,25.0,unreal,10.0,1,rs,0.0,month,0.0,0,0,0.92,topup,signal,none,cushion,1,3.0,7015,20.88,-41.34,0.505,1.13,669,30.8,44.2,35.64,-10.72,9.792,20,72.74,19.51,-30.39,22.16,-41.34,24.0,-22.44,1880,175,2,300,2650,669,82,1405,3.78,0,0.0,0.0,0,6.738703e+06,5.353852e+06,1.38485e+06,2.631,567963.0,0.458,5.141,31.8,64961448.0,63.5,63.5,1161993738256384.0,13691152384.0,82,3.78,89463697.0,0,0,1405,94,82,8,4,3,0.57,0.067,36.22
B_S_k1_cush_c30,B_TOPUP,16,0.0625,random,0.052,25.0,unreal,10.0,1,rs,0.0,month,0.0,0,0,0.92,topup,signal,none,cushion,1,3.0,7016,19.97,-41.02,0.487,1.097,674,31.1,45.1,34.7,-10.87,9.683,20,72.61,19.63,-30.38,20.17,-41.02,30.86,-24.6,1880,182,2,317,2628,674,82,1401,3.78,0,0.0,0.0,0,5.926696e+06,4.990293e+06,936403.0,2.634,585664.0,0.484,4.848,32.5,54896642.0,55.4,55.4,1241218436562944.0,13973243904.0,82,3.78,79847939.0,0,0,1401,95,82,8,4,4,0.57,0.068,36.24
B_S_k1_cush_c30,B_TOPUP,16,0.0625,random,0.052,25.0,unreal,10.0,1,rs,0.0,month,0.0,0,0,0.92,topup,signal,none,cushion,1,3.0,7017,19.36,-41.02,0.472,1.069,677,31.2,44.5,35.18,-10.73,9.682,20,72.73,19.63,-30.38,18.95,-41.02,18.3,-22.57,1880,181,2,324,2618,677,80,1397,3.69,0,0.0,0.0,0,6.071199e+06,5.134475e+06,936724.0,2.689,587256.0,0.489,4.809,32.6,49689787.0,48.9,48.9,1442285183041536.0,16101538816.0,80,3.69,78093377.0,0,0,1397,91,80,8,3,3,0.57,0.065,36.24
B_S_k1_cush_c30,B_TOPUP,16,0.0625,random,0.052,25.0,unreal,10.0,1,rs,0.0,month,0.0,0,0,0.92,topup,signal,none,cushion,1,3.0,7018,21.16,-41.34,0.512,1.148,675,31.1,46.1,35.31,-10.66,10.52,20,72.51,19.5,-33.14,22.74,-41.34,24.66,-22.38,1880,252,2,471,2473,675,73,1396,3.37,0,0.0,0.0,0,7.911122e+06,6.909413e+06,1.001709e+06,2.65,567333.0,0.461,6.057,34.4,69077335.0,50.5,50.5,1.3479485134549811e+17,1553001218048.0,73,3.37,83752010.0,0,0,1396,83,73,6,3,4,0.43,0.059,33.33
B_S_k1_cush_c30,B_TOPUP,16,0.0625,random,0.052,25.0,unreal,10.0,1,rs,0.0,month,0.0,0,0,0.92,topup,signal,none,cushion,1,3.0,7019,18.93,-41.33,0.458,1.047,679,31.3,44.3,33.65,-10.78,8.918,20,72.44,19.36,-30.34,18.41,-41.33,8.71,-28.12,1880,173,2,299,2641,679,82,1392,3.78,0,0.0,0.0,0,6.324362e+06,5.407341e+06,917021.0,2.727,571731.0,0.459,4.983,32.5,46385041.0,51.5,51.5,82991426568192.0,1540767488.0,82,3.78,80163330.0,0,0,1392,95,82,7,4,4,0.5,0.068,36.0
B_S_k1_cush_c30,B_TOPUP,16,0.0625,random,0.052,25.0,unreal,10.0,1,rs,0.0,month,0.0,0,0,0.92,topup,signal,none,cushion,1,3.0,7020,20.76,-41.04,0.506,1.128,666,30.7,44.0,35.81,-10.69,9.766,20,72.7,19.36,-30.34,22.15,-41.04,24.03,-22.24,1880,154,2,265,2688,666,81,1404,3.74,0,0.0,0.0,0,6.591183e+06,5.234286e+06,1.356898e+06,2.619,566277.0,0.454,5.367,31.8,63584451.0,62.8,62.8,1018221587070976.0,12012971008.0,81,3.74,85202479.0,0,0,1404,93,81,8,4,3,0.57,0.066,36.0
B_S_k1_cush_c30,B_TOPUP,16,0.0625,random,0.052,25.0,unreal,10.0,1,rs,0.0,month,0.0,0,0,0.92,topup,signal,none,cushion,1,3.0,7021,19.52,-41.32,0.472,1.068,673,31.0,45.3,33.69,-10.72,9.405,20,72.6,19.63,-30.38,19.26,-41.32,18.78,-26.08,1880,190,2,331,2615,673,81,1400,3.74,0,0.0,0.0,0,6.304552e+06,5.341767e+06,962785.0,2.643,577856.0,0.468,4.963,33.4,51193753.0,48.2,48.2,742725943033856.0,11638254592.0,81,3.74,78639365.0,0,0,1400,98,81,10,5,5,0.71,0.07,36.24
B_S_k1_cush_c30,B_TOPUP,16,0.0625,random,0.052,25.0,unreal,10.0,1,rs,0.0,month,0.0,0,0,0.92,topup,signal,none,cushion,1,3.0,7022,18.77,-41.05,0.457,1.043,676,31.2,44.5,34.25,-10.75,9.289,20,72.64,19.89,-30.39,17.5,-41.05,8.63,-26.27,1880,199,2,356,2587,676,79,1400,3.64,0,0.0,0.0,0,6.277181e+06,5.304975e+06,972206.0,2.689,602661.0,0.476,5.096,33.0,45102772.0,52.0,52.0,321447062929408.0,4747515392.0,79,3.64,78154452.0,0,0,1400,92,79,8,4,4,0.57,0.066,36.22
B_S_k1_cush_c30,B_TOPUP,16,0.0625,random,0.052,25.0,unreal,10.0,1,rs,0.0,month,0.0,0,0,0.92,topup,signal,none,cushion,1,3.0,7023,20.13,-41.02,0.491,1.099,675,31.1,45.3,34.59,-10.83,9.757,20,72.47,19.62,-30.38,20.53,-41.02,26.55,-20.5,1880,174,2,306,2638,675,82,1400,3.78,0,0.0,0.0,0,6.357264e+06,5.436e+06,921263.0,2.665,584107.0,0.466,5.048,32.1,56868803.0,50.5,50.5,2368290601041920.0,26653325312.0,82,3.78,80324033.0,0,0,1400,95,82,9,4,3,0.64,0.068,36.24
B_S_k1_cush_c30,B_TOPUP,16,0.0625,random,0.052,25.0,unreal,10.0,1,rs,0.0,month,0.0,0,0,0.92,topup,signal,none,cushion,1,3.0,7024,19.95,-41.02,0.486,1.094,674,31.1,45.4,34.27,-10.83,9.646,20,72.56,19.63,-30.38,20.14,-41.02,26.69,-24.78,1880,186,2,324,2621,674,80,1400,3.69,0,0.0,0.0,0,6.022938e+06,5.077428e+06,945510.0,2.637,585664.0,0.486,4.822,32.3,54794739.0,57.8,57.8,1160664580096000.0,13066381312.0,80,3.69,79233031.0,0,0,1400,93,80,8,4,4,0.57,0.066,36.24
B_S_k1_cush_c30,B_TOPUP,16,0.0625,random,0.052,25.0,unreal,10.0,1,rs,0.0,month,0.0,0,0,0.92,topup,signal,none,cushion,1,3.0,7025,19.83,-41.04,0.483,1.098,674,31.1,45.3,33.56,-10.74,9.309,20,72.43,19.36,-30.34,20.23,-41.04,26.91,-23.33,1880,166,2,282,2663,674,87,1396,4.01,0,0.0,0.0,0,6.06685e+06,5.1516e+06,915251.0,2.682,573046.0,0.462,4.87,32.8,53738793.0,50.7,50.7,411822435860480.0,5490179072.0,87,4.01,84239059.0,0,0,1396,103,87,11,4,4,0.79,0.074,36.0
B_S_k1_cush_c30,B_TOPUP,16,0.0625,random,0.052,25.0,unreal,10.0,1,rs,0.0,month,0.0,0,0,0.92,topup,signal,none,cushion,1,3.0,7026,20.04,-41.33,0.485,1.097,677,31.2,45.1,34.74,-10.75,9.745,20,72.52,19.89,-30.39,20.06,-41.33,28.26,-25.01,1880,179,2,303,2639,677,87,1397,4.01,0,0.0,0.0,0,6.504728e+06,5.549252e+06,955476.0,2.725,599816.0,0.458,5.03,33.7,56108140.0,50.6,50.6,2533158020972544.0,30220802048.0,87,4.01,89894379.0,0,0,1397,104,87,11,4,4,0.79,0.074,36.22
B_S_k1_cush_c30,B_TOPUP,16,0.0625,random,0.052,25.0,unreal,10.0,1,rs,0.0,month,0.0,0,0,0.92,topup,signal,none,cushion,1,3.0,7027,21.45,-41.34,0.519,1.159,673,31.0,45.9,35.58,-10.72,10.537,20,72.5,19.5,-33.14,23.34,-41.34,26.21,-26.33,1880,232,2,419,2527,673,76,1394,3.5,0,0.0,0.0,0,8.072754e+06,7.105434e+06,967320.0,2.635,565330.0,0.458,6.009,34.3,72629465.0,55.6,55.6,1.1851037117356442e+17,1365791735808.0,76,3.5,91600296.0,0,0,1394,85,76,6,3,3,0.43,0.061,33.33
B_S_k1_cush_c30,B_TOPUP,16,0.0625,random,0.052,25.0,unreal,10.0,1,rs,0.0,month,0.0,0,0,0.92,topup,signal,none,cushion,1,3.0,7028,20.63,-41.32,0.499,1.116,669,30.8,43.5,35.72,-10.67,9.511,20,72.59,19.62,-30.38,21.55,-41.32,26.37,-20.94,1880,156,2,262,2688,669,83,1402,3.83,0,0.0,0.0,0,6.41141e+06,5.080674e+06,1.330736e+06,2.629,573630.0,0.458,5.172,31.8,61989630.0,64.5,64.5,218887689863168.0,2566782464.0,83,3.83,88526860.0,0,0,1402,93,83,8,2,3,0.57,0.066,36.24
B_S_k1_cush_c30,B_TOPUP,16,0.0625,random,0.052,25.0,unreal,10.0,1,rs,0.0,month,0.0,0,0,0.92,topup,signal,none,cushion,1,3.0,7029,20.63,-41.33,0.499,1.116,664,30.6,43.8,35.79,-10.65,9.701,20,72.73,19.89,-30.39,21.25,-41.33,26.15,-22.32,1880,165,2,278,2677,664,85,1407,3.92,0,0.0,0.0,0,6.483952e+06,5.348993e+06,1.13496e+06,2.618,588037.0,0.458,5.232,33.3,61974709.0,63.9,63.9,513088772112384.0,6022618112.0,85,3.92,93555380.0,0,0,1407,99,85,9,4,4,0.64,0.07,37.37
B_S_k1_cush_c30,B_TOPUP,16,0.0625,random,0.052,25.0,unreal,10.0,1,rs,0.0,month,0.0,0,0,0.92,topup,signal,none,cushion,1,3.0,7030,19.9,-41.33,0.482,1.088,678,31.3,45.0,34.5,-10.84,9.555,20,72.57,19.89,-30.39,19.78,-41.33,25.7,-25.38,1880,178,2,311,2630,678,84,1397,3.87,0,0.0,0.0,0,6.505748e+06,5.563092e+06,942656.0,2.697,599994.0,0.479,4.995,33.3,54835672.0,52.4,52.4,930216700542976.0,11097559040.0,84,3.87,81845947.0,0,0,1397,98,84,9,4,4,0.64,0.07,36.22
B_S_k1_cush_c00,B_TOPUP,16,0.0625,random,0.052,25.0,unreal,10.0,1,rs,0.0,month,0.0,0,0,0.92,topup,signal,none,cushion,1,0.0,7001,18.13,-42.0,0.432,1.002,677,31.2,44.6,33.14,-10.91,8.741,21,72.35,19.79,-30.74,16.36,-42.0,6.1,-36.55,1880,184,2,316,2626,677,85,1396,3.92,0,0.0,0.0,0,6.335025e+06,5.35221e+06,982815.0,2.77,583355.0,0.464,5.02,32.6,40475869.0,53.2,53.2,26825178742784.0,485730432.0,85,3.92,98864442.0,0,0,1396,98,85,7,4,4,0.5,0.07,40.82
B_S_k1_cush_c00,B_TOPUP,16,0.0625,random,0.052,25.0,unreal,10.0,1,rs,0.0,month,0.0,0,0,0.92,topup,signal,none,cushion,1,0.0,7002,20.52,-42.01,0.488,1.103,660,30.4,45.0,34.56,-10.61,9.715,21,72.87,19.85,-30.88,21.06,-42.01,19.95,-20.14,1880,196,2,348,2611,660,80,1408,3.69,0,0.0,0.0,0,7.01265e+06,5.434042e+06,1.578607e+06,2.579,573012.0,0.46,5.051,32.4,61344109.0,51.2,51.2,1867557141217280.0,33820796928.0,80,3.69,90024105.0,0,0,1408,89,80,6,3,3,0.43,0.063,47.13
B_S_k1_cush_c00,B_TOPUP,16,0.0625,random,0.052,25.0,unreal,10.0,1,rs,0.0,month,0.0,0,0,0.92,topup,signal,none,cushion,1,0.0,7003,18.54,-42.01,0.441,1.023,676,31.2,45.1,33.37,-10.75,9.155,21,72.6,19.83,-30.88,17.09,-42.01,6.37,-30.11,1880,207,2,386,2557,676,82,1400,3.78,0,0.0,0.0,0,6.270906e+06,5.316842e+06,954064.0,2.743,584430.0,0.459,4.914,33.0,43364089.0,49.6,49.6,329573979914240.0,5968459776.0,82,3.78,95220947.0,0,0,1400,89,82,5,2,3,0.36,0.064,40.82
B_S_k1_cush_c00,B_TOPUP,16,0.0625,random,0.052,25.0,unreal,10.0,1,rs,0.0,month,0.0,0,0,0.92,topup,signal,none,cushion,1,0.0,7004,17.88,-42.0,0.426,0.993,674,31.1,43.9,33.95,-10.77,8.873,21,72.39,19.69,-30.81,15.92,-42.0,6.78,-33.24,1880,182,2,319,2626,674,87,1401,4.01,0,0.0,0.0,0,6.080682e+06,5.146791e+06,933891.0,2.741,575337.0,0.437,4.979,32.0,38647840.0,51.0,51.0,40549637685248.0,734160832.0,87,4.01,98034023.0,0,0,1401,100,87,8,4,4,0.57,0.071,42.75
B_S_k1_cush_c00,B_TOPUP,16,0.0625,random,0.052,25.0,unreal,10.0,1,rs,0.0,month,0.0,0,0,0.92,topup,signal,none,cushion,1,0.0,7005,19.61,-42.0,0.467,1.069,674,31.1,44.8,34.14,-10.76,9.359,21,72.49,19.69,-30.81,19.39,-42.0,26.23,-23.45,1880,183,2,332,2613,674,82,1400,3.78,0,0.0,0.0,0,6.080682e+06,5.146791e+06,933891.0,2.677,575337.0,0.452,4.821,32.2,51781978.0,52.0,52.0,396291028811776.0,5268520448.0,82,3.78,85155953.0,0,0,1400,95,82,8,4,4,0.57,0.068,40.82
B_S_k1_cush_c00,B_TOPUP,16,0.0625,random,0.052,25.0,unreal,10.0,1,rs,0.0,month,0.0,0,0,0.92,topup,signal,none,cushion,1,0.0,7006,21.58,-42.09,0.513,1.143,658,30.3,44.2,35.5,-10.69,9.739,21,72.9,19.85,-30.88,23.25,-42.09,35.29,-25.25,1880,176,2,305,2656,658,79,1416,3.64,0,0.0,0.0,0,7.663152e+06,6.089699e+06,1.573453e+06,2.541,575986.0,0.455,5.064,32.7,74045720.0,65.7,65.7,705220409556992.0,9378779136.0,79,3.64,89804494.0,0,0,1416,89,79,7,3,3,0.49,0.063,41.07
B_S_k1_cush_c00,B_TOPUP,16,0.0625,random,0.052,25.0,unreal,10.0,1,rs,0.0,month,0.0,0,0,0.92,topup,signal,none,cushion,1,0.0,7007,19.86,-42.01,0.473,1.083,668,30.8,44.8,34.22,-10.82,9.339,21,72.5,19.85,-30.88,19.73,-42.01,28.72,-26.05,1880,181,2,327,2624,668,84,1403,3.87,0,0.0,0.0,0,6.151778e+06,5.191652e+06,960126.0,2.633,580237.0,0.473,4.861,32.9,54062483.0,58.2,58.2,241239504977920.0,3208638720.0,84,3.87,89093007.0,0,0,1403,97,84,8,4,4,0.57,0.069,40.82
B_S_k1_cush_c00,B_TOPUP,16,0.0625,random,0.052,25.0,unreal,10.0,1,rs,0.0,month,0.0,0,0,0.92,topup,signal,none,cushion,1,0.0,7008,19.52,-42.0,0.465,1.069,668,30.8,45.2,34.07,-10.85,9.457,21,72.43,19.79,-30.74,19.16,-42.0,32.79,-32.36,1880,199,2,357,2594,668,83,1402,3.83,0,0.0,0.0,0,6.057306e+06,5.074812e+06,982494.0,2.634,577181.0,0.469,4.836,32.2,50988523.0,57.8,57.8,417741404110848.0,5555509248.0,83,3.83,90085471.0,0,0,1402,95,83,8,4,3,0.57,0.068,47.32
B_S_k1_cush_c00,B_TOPUP,16,0.0625,random,0.052,25.0,unreal,10.0,1,rs,0.0,month,0.0,0,0,0.92,topup,signal,none,cushion,1,0.0,7009,17.94,-42.09,0.426,0.991,671,30.9,44.1,34.19,-10.84,9.024,21,72.56,19.85,-30.88,15.87,-42.09,11.08,-40.21,1880,175,2,299,2649,671,92,1402,4.24,0,0.0,0.0,0,6.423856e+06,5.461801e+06,962055.0,2.795,586003.0,0.456,5.026,32.9,39319121.0,52.7,52.7,70625125203968.0,1278743040.0,92,4.24,116986432.0,0,0,1402,105,92,9,4,3,0.64,0.075,46.44
B_S_k1_cush_c00,B_TOPUP,16,0.0625,random,0.052,25.0,unreal,10.0,1,rs,0.0,month,0.0,0,0,0.92,topup,signal,none,cushion,1,0.0,7010,19.39,-42.01,0.462,1.069,669,30.8,45.0,33.91,-10.87,9.276,21,72.46,19.83,-30.88,18.81,-42.01,27.65,-32.9,1880,183,2,343,2607,669,88,1401,4.06,0,0.0,0.0,0,6.109902e+06,5.164177e+06,945724.0,2.695,579297.0,0.445,5.044,32.3,49931645.0,53.9,53.9,183250282610688.0,2527437824.0,88,4.06,102888113.0,0,0,1401,101,88,9,4,3,0.64,0.072,41.59
B_S_k1_cush_c00,B_TOPUP,16,0.0625,random,0.052,25.0,unreal,10.0,1,rs,0.0,month,0.0,0,0,0.92,topup,signal,none,cushion,1,0.0,7011,19.81,-42.0,0.471,1.078,670,30.9,45.2,34.09,-10.87,9.465,21,72.42,19.78,-30.74,19.7,-42.0,28.34,-23.45,1880,183,2,331,2618,670,83,1401,3.83,0,0.0,0.0,0,6.129819e+06,5.189803e+06,940016.0,2.643,577181.0,0.47,4.879,33.0,53560488.0,51.7,51.7,550624169033728.0,7320468480.0,83,3.83,86848369.0,0,0,1401,96,83,8,4,4,0.57,0.069,40.82
B_S_k1_cush_c00,B_TOPUP,16,0.0625,random,0.052,25.0,unreal,10.0,1,rs,0.0,month,0.0,0,0,0.92,topup,signal,none,cushion,1,0.0,7012,19.51,-42.02,0.464,1.065,677,31.2,45.2,34.54,-10.83,9.674,21,72.4,19.5,-33.14,19.38,-42.02,22.67,-28.55,1880,183,2,323,2619,677,80,1398,3.69,0,0.0,0.0,0,6.044478e+06,5.156616e+06,887862.0,2.675,561666.0,0.457,4.782,31.2,50890405.0,52.2,52.2,2157463675600896.0,27588839424.0,80,3.69,86157971.0,0,0,1398,96,80,9,5,5,0.64,0.069,40.82
B_S_k1_cush_c00,B_TOPUP,16,0.0625,random,0.052,25.0,unreal,10.0,1,rs,0.0,month,0.0,0,0,0.92,topup,signal,none,cushion,1,0.0,7013,19.45,-42.01,0.463,1.062,672,31.0,44.9,34.19,-10.88,9.379,21,72.48,19.83,-30.88,18.92,-42.01,23.18,-26.36,1880,182,2,333,2614,672,83,1401,3.83,0,0.0,0.0,0,6.161724e+06,5.217344e+06,944380.0,2.667,581420.0,0.471,4.9,32.1,50456208.0,52.7,52.7,340002898706432.0,4521223168.0,83,3.83,89214648.0,0,0,1401,96,83,8,4,4,0.57,0.069,40.82
B_S_k1_cush_c00,B_TOPUP,16,0.0625,random,0.052,25.0,unreal,10.0,1,rs,0.0,month,0.0,0,0,0.92,topup,signal,none,cushion,1,0.0,7014,21.67,-42.01,0.516,1.15,655,30.2,44.0,35.87,-10.67,9.792,21,72.85,19.85,-30.88,23.43,-42.01,34.78,-24.94,1880,151,2,260,2704,655,80,1412,3.69,0,0.0,0.0,0,7.823468e+06,6.263582e+06,1.559886e+06,2.527,571077.0,0.438,5.162,32.1,75282052.0,65.1,65.1,727791939092480.0,9680879616.0,80,3.69,91667116.0,0,0,1412,89,80,6,3,3,0.42,0.063,40.82
B_S_k1_cush_c00,B_TOPUP,16,0.0625,random,0.052,25.0,unreal,10.0,1,rs,0.0,month,0.0,0,0,0.92,topup,signal,none,cushion,1,0.0,7015,17.69,-42.01,0.421,0.992,671,30.9,44.0,33.99,-10.8,8.889,21,72.38,19.83,-30.88,15.4,-42.01,9.08,-40.28,1880,183,2,331,2617,671,89,1402,4.1,0,0.0,0.0,0,6.109902e+06,5.164177e+06,945724.0,2.761,581178.0,0.43,4.977,32.0,37421567.0,53.6,53.6,40104445870080.0,772619904.0,89,4.1,110892632.0,0,0,1402,102,89,9,4,3,0.64,0.073,50.9
B_S_k1_cush_c00,B_TOPUP,16,0.0625,random,0.052,25.0,unreal,10.0,1,rs,0.0,month,0.0,0,0,0.92,topup,signal,none,cushion,1,0.0,7016,17.62,-43.49,0.405,0.988,675,31.1,43.9,33.55,-10.87,8.607,21,72.37,19.79,-30.74,15.35,-43.49,8.06,-43.49,1880,171,2,303,2641,675,91,1397,4.2,0,0.0,0.0,0,6.491556e+06,5.534002e+06,957554.0,2.784,585478.0,0.445,5.041,32.9,37364209.0,53.4,53.4,11140783407104.0,214596752.0,91,4.2,106311458.0,0,0,1397,109,91,12,4,4,0.86,0.078,41.07
B_S_k1_cush_c00,B_TOPUP,16,0.0625,random,0.052,25.0,unreal,10.0,1,rs,0.0,month,0.0,0,0,0.92,topup,signal,none,cushion,1,0.0,7017,18.0,-42.08,0.428,0.992,676,31.2,44.4,33.59,-10.79,8.905,21,72.44,19.79,-30.74,16.11,-42.08,6.86,-32.14,1880,199,2,364,2579,676,84,1405,3.87,0,0.0,0.0,0,6.164934e+06,5.198841e+06,966094.0,2.749,587816.0,0.459,5.234,32.7,39503171.0,51.6,51.6,56293163270144.0,1019292992.0,84,3.87,95026199.0,0,0,1405,97,84,8,4,4,0.57,0.069,45.29
B_S_k1_cush_c00,B_TOPUP,16,0.0625,random,0.052,25.0,unreal,10.0,1,rs,0.0,month,0.0,0,0,0.92,topup,signal,none,cushion,1,0.0,7018,19.11,-42.02,0.455,1.05,682,31.4,45.2,34.29,-10.92,9.498,21,72.47,19.5,-33.14,18.58,-42.02,26.36,-33.39,1880,194,2,343,2594,682,82,1399,3.78,0,0.0,0.0,0,6.206014e+06,5.305326e+06,900688.0,2.717,565030.0,0.451,4.767,32.4,47756569.0,53.4,53.4,991363411738624.0,12676207616.0,82,3.78,87821889.0,0,0,1399,92,82,7,3,3,0.5,0.066,40.82
B_S_k1_cush_c00,B_TOPUP,16,0.0625,random,0.052,25.0,unreal,10.0,1,rs,0.0,month,0.0,0,0,0.92,topup,signal,none,cushion,1,0.0,7019,18.4,-42.0,0.438,1.012,673,31.0,44.6,33.31,-10.79,8.868,21,72.43,19.7,-30.81,16.95,-42.0,7.41,-33.24,1880,184,2,317,2629,673,85,1400,3.92,0,0.0,0.0,0,6.352088e+06,5.371221e+06,980866.0,2.748,576046.0,0.456,5.209,32.4,42411467.0,51.8,51.8,48196520771584.0,872765376.0,85,3.92,100691979.0,0,0,1400,97,85,7,4,4,0.5,0.069,40.83
B_S_k1_cush_c00,B_TOPUP,16,0.0625,random,0.052,25.0,unreal,10.0,1,rs,0.0,month,0.0,0,0,0.92,topup,signal,none,cushion,1,0.0,7020,17.84,-42.0,0.425,0.999,671,30.9,44.0,33.64,-10.78,8.75,21,72.44,19.7,-30.81,15.82,-42.0,11.66,-39.04,1880,182,2,329,2619,671,89,1401,4.1,0,0.0,0.0,0,6.016062e+06,5.066162e+06,949900.0,2.757,574055.0,0.431,4.912,31.6,38266507.0,53.5,53.5,22766677917696.0,438576000.0,89,4.1,107136992.0,0,0,1401,102,89,9,4,3,0.64,0.073,50.9
B_S_k1_cush_c00,B_TOPUP,16,0.0625,random,0.052,25.0,unreal,10.0,1,rs,0.0,month,0.0,0,0,0.92,topup,signal,none,cushion,1,0.0,7021,19.68,-42.0,0.468,1.07,672,31.0,45.4,33.9,-10.96,9.401,21,72.44,19.79,-30.74,19.48,-42.0,25.08,-27.96,1880,174,2,310,2637,672,86,1398,3.97,0,0.0,0.0,0,6.196032e+06,5.242762e+06,953270.0,2.698,579336.0,0.47,4.918,32.6,52483289.0,52.1,52.1,375515835793408.0,4992421376.0,86,3.97,95273810.0,0,0,1398,98,86,7,4,4,0.5,0.07,40.82
B_S_k1_cush_c00,B_TOPUP,16,0.0625,random,0.052,25.0,unreal,10.0,1,rs,0.0,month,0.0,0,0,0.92,topup,signal,none,cushion,1,0.0,7022,18.13,-42.09,0.431,1.003,676,31.2,44.1,34.51,-10.89,9.121,21,72.62,19.85,-30.88,16.26,-42.09,13.52,-39.47,1880,176,2,310,2633,676,87,1397,4.01,0,0.0,0.0,0,6.166514e+06,5.204651e+06,961863.0,2.744,591130.0,0.472,4.795,32.7,40401868.0,54.0,54.0,74043541684224.0,976430528.0,87,4.01,96193151.0,0,0,1397,100,87,8,4,4,0.57,0.072,41.07
B_S_k1_cush_c00,B_TOPUP,16,0.0625,random,0.052,25.0,unreal,10.0,1,rs,0.0,month,0.0,0,0,0.92,topup,signal,none,cushion,1,0.0,7023,19.66,-42.09,0.467,1.069,668,30.8,44.6,34.58,-10.86,9.409,21,72.42,19.78,-30.74,19.41,-42.09,25.88,-28.24,1880,167,2,295,2656,668,87,1403,4.01,0,0.0,0.0,0,6.400898e+06,5.454814e+06,946084.0,2.666,579181.0,0.464,5.174,32.9,52532619.0,51.9,51.9,287856761241600.0,3826243840.0,87,4.01,95697721.0,0,0,1403,100,87,8,4,4,0.57,0.071,42.75
B_S_k1_cush_c00,B_TOPUP,16,0.0625,random,0.052,25.0,unreal,10.0,1,rs,0.0,month,0.0,0,0,0.92,topup,signal,none,cushion,1,0.0,7024,19.71,-42.08,0.468,1.075,672,31.0,46.0,33.62,-10.88,9.581,21,72.67,19.79,-30.74,19.55,-42.08,21.5,-25.35,1880,206,2,389,2558,672,78,1401,3.6,0,0.0,0.0,0,6.253085e+06,5.287248e+06,965837.0,2.655,583977.0,0.482,4.888,32.7,52902167.0,52.0,52.0,1388173426950144.0,18456567808.0,78,3.6,82621091.0,0,0,1401,86,78,5,3,3,0.36,0.061,41.07
B_S_k1_cush_c00,B_TOPUP,16,0.0625,random,0.052,25.0,unreal,10.0,1,rs,0.0,month,0.0,0,0,0.92,topup,signal,none,cushion,1,0.0,7025,19.51,-42.0,0.465,1.063,674,31.1,45.3,33.96,-10.89,9.404,21,72.56,19.7,-30.81,19.18,-42.0,28.78,-28.34,1880,174,2,309,2636,674,84,1400,3.87,0,0.0,0.0,0,6.14716e+06,5.199472e+06,947688.0,2.703,576826.0,0.457,4.851,31.6,50989567.0,52.3,52.3,452027121401856.0,6010488832.0,84,3.87,90566434.0,0,0,1400,97,84,8,4,4,0.57,0.069,40.83
B_S_k1_cush_c00,B_TOPUP,16,0.0625,random,0.052,25.0,unreal,10.0,1,rs,0.0,month,0.0,0,0,0.92,topup,signal,none,cushion,1,0.0,7026,20.3,-42.01,0.483,1.093,661,30.5,44.5,34.6,-10.61,9.499,21,72.79,19.85,-30.88,20.62,-42.01,20.09,-20.24,1880,168,2,289,2669,661,81,1406,3.74,0,0.0,0.0,0,6.865118e+06,5.333116e+06,1.532003e+06,2.592,573796.0,0.457,4.994,32.1,58976208.0,54.1,54.1,568862848319488.0,10301899776.0,81,3.74,91753653.0,0,0,1406,89,81,6,2,3,0.43,0.063,49.02
B_S_k1_cush_c00,B_TOPUP,16,0.0625,random,0.052,25.0,unreal,10.0,1,rs,0.0,month,0.0,0,0,0.92,topup,signal,none,cushion,1,0.0,7027,17.58,-42.02,0.418,0.983,681,31.4,44.5,34.03,-10.87,9.11,21,72.41,19.5,-33.14,15.51,-42.02,7.27,-37.02,1880,182,2,327,2611,681,86,1396,3.97,0,0.0,0.0,0,5.97592e+06,5.088442e+06,887477.0,2.771,564274.0,0.429,4.75,31.3,36673525.0,52.0,52.0,184571974909952.0,3214336512.0,86,3.97,98733516.0,0,0,1396,99,86,8,4,4,0.57,0.071,40.82
B_S_k1_cush_c00,B_TOPUP,16,0.0625,random,0.052,25.0,unreal,10.0,1,rs,0.0,month,0.0,0,0,0.92,topup,signal,none,cushion,1,0.0,7028,18.34,-42.0,0.437,1.015,675,31.1,44.6,33.86,-10.8,9.117,21,72.47,19.78,-30.74,16.75,-42.0,7.58,-33.9,1880,197,2,344,2600,675,85,1406,3.92,0,0.0,0.0,0,6.470749e+06,5.521306e+06,949444.0,2.778,580572.0,0.441,5.296,32.9,42098768.0,49.7,49.7,176096964247552.0,3188635648.0,85,3.92,105707794.0,0,0,1406,98,85,8,4,4,0.57,0.07,40.82
B_S_k1_cush_c00,B_TOPUP,16,0.0625,random,0.052,25.0,unreal,10.0,1,rs,0.0,month,0.0,0,0,0.92,topup,signal,none,cushion,1,0.0,7029,20.45,-42.01,0.487,1.103,659,30.4,44.6,34.53,-10.56,9.556,21,72.9,19.85,-30.88,20.93,-42.01,20.1,-19.91,1880,192,2,341,2619,659,81,1411,3.74,0,0.0,0.0,0,6.96266e+06,5.384053e+06,1.578607e+06,2.58,572229.0,0.464,5.093,32.5,60648733.0,52.8,52.8,813103478472704.0,14725001216.0,81,3.74,92305571.0,0,0,1411,90,81,6,3,3,0.43,0.064,47.31
B_S_k1_cush_c00,B_TOPUP,16,0.0625,random,0.052,25.0,unreal,10.0,1,rs,0.0,month,0.0,0,0,0.92,topup,signal,none,cushion,1,0.0,7030,18.41,-42.09,0.437,1.014,673,31.0,44.0,34.33,-10.82,9.037,21,72.49,19.85,-30.88,16.81,-42.09,7.62,-30.94,1880,172,2,310,2636,673,86,1401,3.97,0,0.0,0.0,0,6.423708e+06,5.457933e+06,965775.0,2.738,588144.0,0.448,5.115,33.0,42502576.0,48.8,48.8,85383832403968.0,1545964928.0,86,3.97,97717963.0,0,0,1401,99,86,8,4,4,0.57,0.071,41.07
B_S_k2_rs_c20,B_TOPUP,16,0.0625,random,0.052,25.0,unreal,10.0,2,rs,0.0,month,0.0,0,0,0.92,topup,signal,none,rs,1,2.0,7001,20.47,-37.37,0.548,1.131,698,32.2,45.6,34.01,-10.86,9.584,15,72.28,19.19,-32.5,21.66,-37.37,18.78,-31.54,1880,226,2,425,2496,698,86,1453,3.97,0,0.0,0.0,0,7.714504e+06,6.611948e+06,1.102557e+06,2.721,561645.0,0.456,5.386,33.1,61483693.0,52.9,52.9,4616425197010944.0,70868107264.0,86,3.97,61107105.0,0,26,1377,123,102,16,4,4,1.16,0.089,26.08
B_S_k2_rs_c20,B_TOPUP,16,0.0625,random,0.052,25.0,unreal,10.0,2,rs,0.0,month,0.0,0,0,0.92,topup,signal,none,rs,1,2.0,7002,21.41,-36.71,0.583,1.176,693,32.0,46.6,34.18,-10.7,10.218,14,72.47,19.43,-32.4,23.34,-36.71,19.92,-26.74,1880,233,2,419,2507,693,79,1449,3.64,0,0.0,0.0,0,8.973883e+06,7.792699e+06,1.181184e+06,2.71,588112.0,0.491,6.147,35.4,72995462.0,51.6,51.6,1.2683014373271142e+17,1754633863168.0,79,3.64,62022162.0,0,26,1379,115,96,15,3,4,1.09,0.083,26.09
B_S_k2_rs_c20,B_TOPUP,16,0.0625,random,0.052,25.0,unreal,10.0,2,rs,0.0,month,0.0,0,0,0.92,topup,signal,none,rs,1,2.0,7003,20.29,-37.39,0.543,1.123,703,32.4,45.8,33.28,-10.79,9.394,15,72.48,19.32,-32.43,21.16,-37.39,17.7,-23.92,1880,228,2,442,2474,703,87,1453,4.01,0,0.0,0.0,0,7.453822e+06,6.34384e+06,1.109982e+06,2.781,579894.0,0.474,5.975,34.4,59473890.0,50.2,50.2,5438954920738816.0,113760174080.0,87,4.01,59873609.0,0,26,1375,123,104,15,3,4,1.09,0.089,26.07
B_S_k2_rs_c20,B_TOPUP,16,0.0625,random,0.052,25.0,unreal,10.0,2,rs,0.0,month,0.0,0,0,0.92,topup,signal,none,rs,1,2.0,7004,20.66,-36.68,0.563,1.143,699,32.2,46.6,33.36,-10.75,9.82,15,72.48,19.15,-32.48,22.11,-36.68,18.33,-20.53,1880,263,2,470,2450,699,79,1453,3.64,0,0.0,0.0,0,7.938735e+06,6.984636e+06,954099.0,2.745,577591.0,0.476,5.723,34.9,63709361.0,47.7,47.7,4.055953654467789e+16,764054929408.0,79,3.64,59277705.0,0,26,1382,115,97,14,3,4,1.01,0.083,26.08
B_S_k2_rs_c20,B_TOPUP,16,0.0625,random,0.052,25.0,unreal,10.0,2,rs,0.0,month,0.0,0,0,0.92,topup,signal,none,rs,1,2.0,7005,20.3,-37.37,0.543,1.131,700,32.3,46.0,33.7,-10.89,9.622,15,72.32,19.15,-32.48,21.35,-37.37,18.96,-27.79,1880,240,2,431,2488,700,84,1451,3.87,0,0.0,0.0,0,7.478298e+06,6.580428e+06,897869.0,2.727,565018.0,0.444,5.531,33.1,59518078.0,50.9,50.9,8721107188187136.0,133893120000.0,84,3.87,53255277.0,0,26,1376,119,101,15,3,3,1.09,0.086,26.09
B_S_k2_rs_c20,B_TOPUP,16,0.0625,random,0.052,25.0,unreal,10.0,2,rs,0.0,month,0.0,0,0,0.92,topup,signal,none,rs,1,2.0,7006,21.29,-36.68,0.58,1.173,692,31.9,46.1,34.37,-10.76,10.045,15,72.41,19.19,-32.5,23.35,-36.68,21.91,-25.01,1880,228,2,413,2514,692,83,1453,3.83,0,0.0,0.0,0,8.568842e+06,7.406746e+06,1.162096e+06,2.702,570281.0,0.46,6.069,34.2,71317136.0,51.5,51.5,4.001985242909901e+16,553417506816.0,83,3.83,65969091.0,0,26,1379,119,100,15,3,4,1.09,0.086,26.08
B_S_k2_rs_c20,B_TOPUP,16,0.0625,random,0.052,25.0,unreal,10.0,2,rs,0.0,month,0.0,0,0,0.92,topup,signal,none,rs,1,2.0,7007,19.61,-36.68,0.535,1.101,699,32.2,46.1,33.05,-10.72,9.444,15,72.41,19.15,-32.48,19.96,-36.68,15.43,-32.72,1880,262,2,490,2430,699,80,1443,3.69,0,0.0,0.0,0,7.719574e+06,6.748892e+06,970682.0,2.713,577591.0,0.479,5.53,34.5,53371971.0,52.5,52.5,4184261024284672.0,78822588416.0,80,3.69,52800488.0,0,26,1372,116,97,15,3,4,1.09,0.085,26.08
B_S_k2_rs_c20,B_TOPUP,16,0.0625,random,0.052,25.0,unreal,10.0,2,rs,0.0,month,0.0,0,0,0.92,topup,signal,none,rs,1,2.0,7008,19.9,-36.7,0.542,1.114,701,32.3,46.1,33.23,-10.69,9.547,15,72.47,19.32,-32.43,20.37,-36.7,17.26,-29.42,1880,276,2,514,2404,701,82,1449,3.78,0,0.0,0.0,0,7.80807e+06,6.820632e+06,987438.0,2.721,589021.0,0.518,5.36,35.5,56065097.0,51.7,51.7,8981895991787520.0,169222946816.0,82,3.78,51707558.0,0,26,1376,118,99,15,3,4,1.09,0.086,26.07
B_S_k2_rs_c20,B_TOPUP,16,0.0625,random,0.052,25.0,unreal,10.0,2,rs,0.0,month,0.0,0,0,0.92,topup,signal,none,rs,1,2.0,7009,19.73,-37.37,0.528,1.101,697,32.1,46.2,32.97,-10.88,9.376,15,72.32,19.15,-32.48,20.19,-37.37,18.23,-28.32,1880,245,2,452,2470,697,85,1453,3.92,0,0.0,0.0,0,7.056734e+06,6.158288e+06,898446.0,2.672,562726.0,0.458,5.136,33.0,53760799.0,49.2,49.2,3195961400623104.0,66835795968.0,85,3.92,52541989.0,0,26,1378,122,101,16,4,4,1.16,0.089,26.09
B_S_k2_rs_c20,B_TOPUP,16,0.0625,random,0.052,25.0,unreal,10.0,2,rs,0.0,month,0.0,0,0,0.92,topup,signal,none,rs,1,2.0,7010,20.23,-36.7,0.551,1.126,696,32.1,46.4,33.62,-10.7,9.867,15,72.51,19.32,-32.43,21.03,-36.7,19.12,-32.18,1880,275,2,504,2419,696,81,1448,3.74,0,0.0,0.0,0,8.019428e+06,7.032567e+06,986860.0,2.704,583609.0,0.492,5.416,35.3,59386623.0,53.9,53.9,2.2581353199435776e+16,312335040512.0,81,3.74,56761059.0,0,26,1377,117,97,16,3,4,1.16,0.085,26.07
B_S_k2_rs_c20,B_TOPUP,16,0.0625,random,0.052,25.0,unreal,10.0,2,rs,0.0,month,0.0,0,0,0.92,topup,signal,none,rs,1,2.0,7011,20.97,-37.36,0.561,1.157,699,32.2,46.4,33.92,-10.85,9.902,15,72.4,19.52,-32.4,22.35,-37.36,21.08,-25.73,1880,240,2,451,2469,699,83,1454,3.83,0,0.0,0.0,0,8.136694e+06,7.00036e+06,1.136335e+06,2.721,581231.0,0.47,5.899,34.8,67221809.0,50.1,50.1,4.072793362241946e+16,625203675136.0,83,3.83,55810205.0,0,26,1381,120,99,16,4,4,1.16,0.087,26.09
B_S_k2_rs_c20,B_TOPUP,16,0.0625,random,0.052,25.0,unreal,10.0,2,rs,0.0,month,0.0,0,0,0.92,topup,signal,none,rs,1,2.0,7012,19.81,-37.38,0.53,1.109,701,32.3,45.9,33.01,-10.78,9.336,15,72.37,19.23,-32.48,20.27,-37.38,16.74,-27.71,1880,283,2,524,2394,701,83,1452,3.83,0,0.0,0.0,0,7.340523e+06,6.39904e+06,941483.0,2.72,567898.0,0.466,5.184,34.4,54793627.0,49.2,49.2,4015587726458880.0,83980435456.0,83,3.83,52944055.0,0,26,1378,120,100,15,4,4,1.09,0.087,26.08
B_S_k2_rs_c20,B_TOPUP,16,0.0625,random,0.052,25.0,unreal,10.0,2,rs,0.0,month,0.0,0,0,0.92,topup,signal,none,rs,1,2.0,7013,20.6,-37.37,0.551,1.143,693,32.0,45.9,33.97,-10.77,9.761,15,72.55,19.15,-32.48,21.98,-37.37,14.92,-23.06,1880,252,2,442,2484,693,79,1457,3.64,0,0.0,0.0,0,7.603424e+06,6.313604e+06,1.28982e+06,2.695,560119.0,0.444,4.875,33.2,62802320.0,54.5,54.5,1.533962065281024e+16,268910395392.0,79,3.64,55453291.0,0,26,1387,115,96,15,3,4,1.08,0.083,31.38
B_S_k2_rs_c20,B_TOPUP,16,0.0625,random,0.052,25.0,unreal,10.0,2,rs,0.0,month,0.0,0,0,0.92,topup,signal,none,rs,1,2.0,7014,19.97,-36.68,0.544,1.114,699,32.2,45.8,33.82,-10.74,9.66,15,72.41,19.15,-32.48,20.68,-36.68,18.84,-33.28,1880,262,2,486,2434,699,80,1444,3.69,0,0.0,0.0,0,7.719574e+06,6.748892e+06,970682.0,2.714,577591.0,0.47,5.242,33.9,56573899.0,54.6,54.6,6951624685649920.0,96138592256.0,80,3.69,53081363.0,0,26,1373,116,97,15,3,4,1.09,0.084,26.08
B_S_k2_rs_c20,B_TOPUP,16,0.0625,random,0.052,25.0,unreal,10.0,2,rs,0.0,month,0.0,0,0,0.92,topup,signal,none,rs,1,2.0,7015,21.11,-37.39,0.565,1.163,702,32.4,45.7,34.28,-10.58,9.934,15,72.43,19.32,-32.43,22.83,-37.39,20.67,-22.23,1880,258,2,468,2449,702,85,1470,3.92,0,0.0,0.0,0,7.552836e+06,6.122201e+06,1.430634e+06,2.759,577314.0,0.452,5.379,33.8,68193215.0,54.4,54.4,6.210609897852109e+16,967568457728.0,85,3.92,58453387.0,0,26,1393,120,103,14,3,3,1.01,0.086,30.37
B_S_k2_rs_c20,B_TOPUP,16,0.0625,random,0.052,25.0,unreal,10.0,2,rs,0.0,month,0.0,0,0,0.92,topup,signal,none,rs,1,2.0,7016,20.02,-37.37,0.536,1.117,698,32.2,46.1,32.99,-10.76,9.42,15,72.39,19.15,-32.48,20.78,-37.37,17.4,-22.18,1880,245,2,454,2467,698,83,1452,3.83,0,0.0,0.0,0,7.056734e+06,6.158288e+06,898446.0,2.683,563804.0,0.458,5.594,33.7,56450488.0,47.9,47.9,5520794985693184.0,115454140416.0,83,3.83,49680906.0,0,26,1378,120,100,15,4,4,1.09,0.087,26.09
B_S_k2_rs_c20,B_TOPUP,16,0.0625,random,0.052,25.0,unreal,10.0,2,rs,0.0,month,0.0,0,0,0.92,topup,signal,none,rs,1,2.0,7017,19.64,-37.12,0.529,1.095,705,32.5,45.7,33.63,-10.79,9.499,15,72.5,19.32,-32.43,19.84,-37.12,14.12,-37.12,1880,259,2,480,2434,705,83,1447,3.83,0,0.0,0.0,0,8.27418e+06,7.310921e+06,963259.0,2.791,595052.0,0.474,5.631,34.6,54172165.0,51.5,51.5,7866149387632640.0,148201914368.0,83,3.83,60906455.0,0,26,1373,119,100,15,3,4,1.09,0.087,26.07
B_S_k2_rs_c20,B_TOPUP,16,0.0625,random,0.052,25.0,unreal,10.0,2,rs,0.0,month,0.0,0,0,0.92,topup,signal,none,rs,1,2.0,7018,20.03,-37.36,0.536,1.115,699,32.2,46.2,33.55,-10.84,9.672,15,72.49,19.43,-32.4,20.51,-37.36,19.59,-31.37,1880,268,2,501,2419,699,84,1456,3.87,0,0.0,0.0,0,7.740125e+06,6.789347e+06,950778.0,2.725,579667.0,0.471,5.231,34.3,57210335.0,51.4,51.4,1.2353439413567488e+16,189642522624.0,84,3.87,56593364.0,0,26,1382,121,100,16,4,4,1.16,0.088,26.08
B_S_k2_rs_c20,B_TOPUP,16,0.0625,random,0.052,25.0,unreal,10.0,2,rs,0.0,month,0.0,0,0,0.92,topup,signal,none,rs,1,2.0,7019,21.47,-36.71,0.585,1.173,697,32.1,46.2,34.56,-10.67,10.223,15,72.68,19.43,-32.4,23.48,-36.71,22.47,-23.13,1880,239,2,446,2476,697,81,1450,3.74,0,0.0,0.0,0,8.60601e+06,7.42457e+06,1.18144e+06,2.774,591473.0,0.524,6.507,35.9,73525061.0,51.7,51.7,1.644387328023593e+17,2274928361472.0,81,3.74,70103166.0,0,26,1377,115,99,14,2,3,1.02,0.084,26.09
B_S_k2_rs_c20,B_TOPUP,16,0.0625,random,0.052,25.0,unreal,10.0,2,rs,0.0,month,0.0,0,0,0.92,topup,signal,none,rs,1,2.0,7020,21.0,-36.71,0.572,1.156,690,31.8,45.7,34.67,-10.54,10.099,15,72.8,19.43,-32.4,22.49,-36.71,10.34,-24.72,1880,269,2,493,2436,690,76,1458,3.5,0,0.0,0.0,0,8.508806e+06,7.200006e+06,1.3088e+06,2.696,585949.0,0.465,6.105,34.5,67901248.0,56.2,56.2,6.800213129822208e+16,1082786709504.0,76,3.5,64580078.0,0,26,1390,111,94,15,2,3,1.08,0.08,30.22
B_S_k2_rs_c20,B_TOPUP,16,0.0625,random,0.052,25.0,unreal,10.0,2,rs,0.0,month,0.0,0,0,0.92,topup,signal,none,rs,1,2.0,7021,20.04,-37.37,0.536,1.118,703,32.4,45.9,33.38,-10.93,9.432,15,72.34,19.15,-32.48,20.83,-37.37,16.98,-26.04,1880,241,2,443,2473,703,84,1450,3.87,0,0.0,0.0,0,7.408562e+06,6.506204e+06,902358.0,2.738,570366.0,0.458,5.864,34.1,56969408.0,48.4,48.4,5794184149598208.0,121171279872.0,84,3.87,51545482.0,0,26,1375,119,101,15,3,3,1.09,0.087,26.09
B_S_k2_rs_c20,B_TOPUP,16,0.0625,random,0.052,25.0,unreal,10.0,2,rs,0.0,month,0.0,0,0,0.92,topup,signal,none,rs,1,2.0,7022,20.01,-37.36,0.536,1.111,705,32.5,45.4,34.08,-10.66,9.647,15,72.48,19.43,-32.4,20.48,-37.36,24.44,-26.36,1880,261,2,490,2424,705,89,1462,4.1,0,0.0,0.0,0,7.006635e+06,6.075436e+06,931199.0,2.788,585697.0,0.47,5.318,33.5,56342133.0,51.5,51.5,1.5710579125649408e+16,241179475968.0,89,4.1,64827529.0,0,26,1382,126,106,15,3,5,1.09,0.091,26.08
B_S_k2_rs_c20,B_TOPUP,16,0.0625,random,0.052,25.0,unreal,10.0,2,rs,0.0,month,0.0,0,0,0.92,topup,signal,none,rs,1,2.0,7023,19.88,-37.36,0.532,1.113,703,32.4,45.9,33.11,-10.72,9.417,15,72.35,19.52,-32.4,20.12,-37.36,20.63,-30.3,1880,283,2,527,2389,703,84,1452,3.87,0,0.0,0.0,0,7.361034e+06,6.394845e+06,966188.0,2.715,583589.0,0.47,5.122,34.1,55445297.0,53.9,53.9,3873705360883712.0,59464282112.0,84,3.87,49839840.0,0,26,1378,121,100,16,4,4,1.16,0.088,26.09
B_S_k2_rs_c20,B_TOPUP,16,0.0625,random,0.052,25.0,unreal,10.0,2,rs,0.0,month,0.0,0,0,0.92,topup,signal,none,rs,1,2.0,7024,21.48,-36.67,0.586,1.176,698,32.2,45.8,34.56,-10.74,10.031,15,72.56,19.52,-32.4,23.38,-36.67,22.48,-23.13,1880,228,2,427,2494,698,84,1450,3.87,0,0.0,0.0,0,8.415084e+06,7.218226e+06,1.196858e+06,2.783,593521.0,0.505,6.754,36.4,73321207.0,51.8,51.8,5.403223477190656e+16,747108761600.0,84,3.87,72142118.0,0,26,1374,118,102,14,2,3,1.02,0.086,26.08
B_S_k2_rs_c20,B_TOPUP,16,0.0625,random,0.052,25.0,unreal,10.0,2,rs,0.0,month,0.0,0,0,0.92,topup,signal,none,rs,1,2.0,7025,20.99,-37.39,0.561,1.153,688,31.7,45.6,34.07,-10.56,9.809,15,72.62,19.32,-32.43,22.58,-37.39,15.39,-18.65,1880,218,2,409,2522,688,83,1467,3.83,0,0.0,0.0,0,7.999387e+06,6.257764e+06,1.741622e+06,2.644,567408.0,0.436,5.729,33.3,67299379.0,57.0,57.0,1.494947656105984e+16,261837783040.0,83,3.83,61195405.0,0,26,1393,119,100,16,3,3,1.15,0.085,29.77
B_S_k2_rs_c20,B_TOPUP,16,0.0625,random,0.052,25.0,unreal,10.0,2,rs,0.0,month,0.0,0,0,0.92,topup,signal,none,rs,1,2.0,7026,21.51,-36.71,0.586,1.182,694,32.0,46.5,34.42,-10.58,10.365,14,72.61,19.43,-32.4,23.54,-36.71,20.46,-20.54,1880,263,2,464,2461,694,79,1460,3.64,0,0.0,0.0,0,8.55993e+06,6.891228e+06,1.668703e+06,2.716,589093.0,0.472,6.125,34.6,73838960.0,51.7,51.7,2.7816618544542515e+17,3338124394496.0,79,3.64,61256147.0,0,26,1389,113,97,14,2,3,1.01,0.081,30.36
B_S_k2_rs_c20,B_TOPUP,16,0.0625,random,0.052,25.0,unreal,10.0,2,rs,0.0,month,0.0,0,0,0.92,topup,signal,none,rs,1,2.0,7027,20.55,-37.37,0.55,1.134,698,32.2,46.3,33.68,-10.95,9.706,15,72.41,19.11,-32.5,21.91,-37.37,18.27,-28.99,1880,229,2,428,2493,698,84,1451,3.87,0,0.0,0.0,0,7.84596e+06,6.756272e+06,1.089687e+06,2.727,559923.0,0.456,5.43,33.4,62486437.0,53.1,53.1,1.0957910049816576e+16,168208793600.0,84,3.87,58659562.0,0,26,1378,121,99,17,4,4,1.23,0.088,26.09
B_S_k2_rs_c20,B_TOPUP,16,0.0625,random,0.052,25.0,unreal,10.0,2,rs,0.0,month,0.0,0,0,0.92,topup,signal,none,rs,1,2.0,7028,20.26,-37.36,0.542,1.124,702,32.4,46.2,33.62,-10.74,9.737,15,72.44,19.43,-32.4,20.99,-37.36,22.41,-24.37,1880,262,2,495,2422,702,84,1461,3.87,0,0.0,0.0,0,7.006635e+06,6.075436e+06,931199.0,2.761,583002.0,0.443,5.276,33.0,58731342.0,50.6,50.6,2.4623150587183104e+16,378000113664.0,84,3.87,64097692.0,0,26,1387,121,100,16,3,5,1.15,0.087,26.08
B_S_k2_rs_c20,B_TOPUP,16,0.0625,random,0.052,25.0,unreal,10.0,2,rs,0.0,month,0.0,0,0,0.92,topup,signal,none,rs,1,2.0,7029,20.73,-37.36,0.555,1.143,692,31.9,45.1,34.4,-10.6,9.686,14,72.66,19.52,-32.4,21.84,-37.36,16.84,-20.99,1880,223,2,418,2509,692,84,1464,3.87,0,0.0,0.0,0,7.53641e+06,6.149156e+06,1.387253e+06,2.681,576702.0,0.431,5.606,33.2,64043849.0,58.6,58.6,6851743610568704.0,120009834496.0,84,3.87,66222857.0,0,26,1389,122,101,16,3,5,1.15,0.088,31.69
B_S_k2_rs_c20,B_TOPUP,16,0.0625,random,0.052,25.0,unreal,10.0,2,rs,0.0,month,0.0,0,0,0.92,topup,signal,none,rs,1,2.0,7030,21.59,-37.36,0.578,1.188,688,31.7,46.4,34.69,-10.76,10.315,15,72.73,19.43,-32.4,23.71,-37.36,21.21,-19.09,1880,242,2,433,2498,688,77,1465,3.55,0,0.0,0.0,0,8.37247e+06,6.512606e+06,1.859865e+06,2.655,571251.0,0.453,5.618,33.3,74741921.0,55.7,55.7,1.2395099522596864e+17,1593279512576.0,77,3.55,58359755.0,0,26,1396,112,95,14,3,3,1.0,0.08,31.29
B_S_k2_rs_c30,B_TOPUP,16,0.0625,random,0.052,25.0,unreal,10.0,2,rs,0.0,month,0.0,0,0,0.92,topup,signal,none,rs,1,3.0,7001,20.49,-40.05,0.511,1.121,697,32.1,45.9,32.21,-10.68,9.011,18,72.24,19.21,-32.45,21.67,-40.05,18.77,-24.05,1880,277,2,527,2395,697,78,1451,3.6,0,0.0,0.0,0,8.103118e+06,7.155342e+06,947775.0,2.763,570007.0,0.471,5.794,35.6,61997361.0,49.7,49.7,1498235453571072.0,38839709696.0,78,3.6,79166004.0,0,26,1382,115,95,15,3,4,1.09,0.083,32.87
B_S_k2_rs_c30,B_TOPUP,16,0.0625,random,0.052,25.0,unreal,10.0,2,rs,0.0,month,0.0,0,0,0.92,topup,signal,none,rs,1,3.0,7002,21.16,-40.08,0.528,1.151,691,31.9,46.2,32.45,-10.72,9.21,18,72.46,19.16,-32.39,23.12,-40.08,20.79,-26.03,1880,240,2,424,2504,691,76,1455,3.5,0,0.0,0.0,0,8.380462e+06,7.426139e+06,954323.0,2.723,560758.0,0.449,5.712,34.7,69601367.0,54.6,54.6,1664356198645760.0,31665645568.0,76,3.5,80221130.0,0,26,1386,111,95,13,2,4,0.94,0.08,32.87
B_S_k2_rs_c30,B_TOPUP,16,0.0625,random,0.052,25.0,unreal,10.0,2,rs,0.0,month,0.0,0,0,0.92,topup,signal,none,rs,1,3.0,7003,21.04,-40.07,0.525,1.163,687,31.7,46.1,32.25,-10.57,9.19,18,72.55,19.05,-32.43,22.99,-40.07,20.48,-24.52,1880,248,2,461,2471,687,79,1463,3.64,0,0.0,0.0,0,7.895488e+06,6.917372e+06,978117.0,2.686,550801.0,0.425,5.505,33.3,67828043.0,54.4,54.4,2177186568077312.0,42637078528.0,79,3.64,77036523.0,0,26,1391,113,98,13,1,4,0.93,0.081,32.87
B_S_k2_rs_c30,B_TOPUP,16,0.0625,random,0.052,25.0,unreal,10.0,2,rs,0.0,month,0.0,0,0,0.92,topup,signal,none,rs,1,3.0,7004,20.87,-40.06,0.521,1.141,696,32.1,46.1,32.6,-10.79,9.223,18,72.47,18.98,-32.44,22.71,-40.06,21.01,-28.47,1880,252,2,508,2415,696,78,1454,3.6,0,0.0,0.0,0,8.423925e+06,7.476138e+06,947787.0,2.796,557752.0,0.466,6.027,35.1,66399351.0,53.7,53.7,2159315611811840.0,41087467520.0,78,3.6,79912666.0,0,26,1384,115,96,14,2,5,1.01,0.083,32.87
B_S_k2_rs_c30,B_TOPUP,16,0.0625,random,0.052,25.0,unreal,10.0,2,rs,0.0,month,0.0,0,0,0.92,topup,signal,none,rs,1,3.0,7005,21.34,-40.06,0.533,1.15,686,31.6,45.0,33.61,-10.53,9.35,18,72.6,18.98,-32.44,23.69,-40.06,18.71,-26.41,1880,232,2,413,2520,686,81,1470,3.74,0,0.0,0.0,0,8.091014e+06,6.700719e+06,1.390296e+06,2.765,550202.0,0.436,5.933,33.8,71500501.0,59.8,59.8,1930858382491648.0,33828440064.0,81,3.74,96981421.0,0,26,1396,117,100,13,3,4,0.93,0.084,43.84
B_S_k2_rs_c30,B_TOPUP,16,0.0625,random,0.052,25.0,unreal,10.0,2,rs,0.0,month,0.0,0,0,0.92,topup,signal,none,rs,1,3.0,7006,20.85,-40.05,0.521,1.14,696,32.1,46.3,32.29,-10.73,9.169,18,72.26,19.21,-32.45,22.42,-40.05,21.06,-26.57,1880,251,2,503,2420,696,78,1454,3.6,0,0.0,0.0,0,8.46223e+06,7.524522e+06,937707.0,2.767,568921.0,0.453,5.909,35.5,66183972.0,49.4,49.4,3477149151395840.0,90140311552.0,78,3.6,80144753.0,0,26,1384,113,96,14,2,4,1.01,0.082,32.87
B_S_k2_rs_c30,B_TOPUP,16,0.0625,random,0.052,25.0,unreal,10.0,2,rs,0.0,month,0.0,0,0,0.92,topup,signal,none,rs,1,3.0,7007,21.19,-40.06,0.529,1.151,691,31.9,46.7,32.55,-10.77,9.48,18,72.4,18.98,-32.44,23.36,-40.06,20.02,-28.24,1880,277,2,535,2393,691,77,1454,3.55,0,0.0,0.0,0,8.470167e+06,7.52161e+06,948557.0,2.733,552850.0,0.471,5.663,35.5,69964490.0,50.1,50.1,8378454160441344.0,159425282048.0,77,3.55,78903024.0,0,26,1385,112,95,14,2,4,1.01,0.081,32.87
B_S_k2_rs_c30,B_TOPUP,16,0.0625,random,0.052,25.0,unreal,10.0,2,rs,0.0,month,0.0,0,0,0.92,topup,signal,none,rs,1,3.0,7008,20.94,-40.07,0.523,1.131,692,31.9,45.7,32.44,-10.77,8.963,18,72.39,19.05,-32.43,22.79,-40.07,24.16,-30.45,1880,237,2,442,2485,692,84,1453,3.87,0,0.0,0.0,0,8.566852e+06,7.617322e+06,949530.0,2.777,555331.0,0.469,5.905,35.5,67333416.0,56.1,56.1,409619386073088.0,7795145728.0,84,3.87,90295976.0,0,26,1378,120,101,15,2,4,1.09,0.087,32.87
B_S_k2_rs_c30,B_TOPUP,16,0.0625,random,0.052,25.0,unreal,10.0,2,rs,0.0,month,0.0,0,0,0.92,topup,signal,none,rs,1,3.0,7009,21.27,-35.9,0.593,1.158,691,31.9,46.9,32.64,-10.68,9.632,15,72.4,18.98,-32.44,23.54,-35.9,18.74,-27.21,1880,271,2,523,2405,691,74,1453,3.41,0,0.0,0.0,0,8.938404e+06,7.952267e+06,986137.0,2.77,590228.0,0.511,5.966,36.6,71380348.0,51.7,51.7,2.004626808032461e+16,359582400512.0,74,3.41,80412623.0,0,26,1386,107,93,13,1,3,0.94,0.077,29.92
B_S_k2_rs_c30,B_TOPUP,16,0.0625,random,0.052,25.0,unreal,10.0,2,rs,0.0,month,0.0,0,0,0.92,topup,signal,none,rs,1,3.0,7010,21.22,-35.91,0.591,1.158,689,31.8,46.7,32.58,-10.68,9.537,15,72.58,19.05,-32.43,23.36,-35.91,19.18,-24.62,1880,258,2,502,2428,689,74,1455,3.41,0,0.0,0.0,0,9.030309e+06,8.043106e+06,987203.0,2.752,591545.0,0.514,6.322,36.7,70928501.0,46.8,46.8,1.6790314576510976e+16,410269253632.0,74,3.41,81130100.0,0,26,1388,109,93,13,1,5,0.94,0.079,29.92
B_S_k2_rs_c30,B_TOPUP,16,0.0625,random,0.052,25.0,unreal,10.0,2,rs,0.0,month,0.0,0,0,0.92,topup,signal,none,rs,1,3.0,7011,19.88,-40.07,0.496,1.107,704,32.5,45.9,31.6,-10.77,8.67,18,72.36,19.42,-32.39,20.22,-40.07,21.27,-34.59,1880,271,2,536,2379,704,83,1455,3.83,0,0.0,0.0,0,7.614092e+06,6.624146e+06,989945.0,2.833,586484.0,0.448,5.51,34.9,55686105.0,56.7,56.7,289161894428672.0,5662112768.0,83,3.83,82148946.0,0,26,1380,121,101,14,2,6,1.01,0.088,32.87
B_S_k2_rs_c30,B_TOPUP,16,0.0625,random,0.052,25.0,unreal,10.0,2,rs,0.0,month,0.0,0,0,0.92,topup,signal,none,rs,1,3.0,7012,21.64,-40.05,0.54,1.169,686,31.6,46.5,32.61,-10.68,9.452,18,72.24,19.25,-32.44,24.01,-40.05,26.98,-23.48,1880,236,2,452,2481,686,80,1456,3.69,0,0.0,0.0,0,8.756052e+06,7.81626e+06,939792.0,2.688,563517.0,0.444,6.156,35.3,75609770.0,53.3,53.3,5744029668999168.0,109313851392.0,80,3.69,83729309.0,0,26,1384,115,98,14,2,4,1.01,0.083,32.87
B_S_k2_rs_c30,B_TOPUP,16,0.0625,random,0.052,25.0,unreal,10.0,2,rs,0.0,month,0.0,0,0,0.92,topup,signal,none,rs,1,3.0,7013,20.63,-40.06,0.515,1.119,695,32.0,45.9,32.11,-10.8,8.895,18,72.33,18.98,-32.44,22.22,-40.06,18.83,-29.54,1880,243,2,457,2467,695,82,1456,3.78,0,0.0,0.0,0,8.343944e+06,7.399555e+06,944388.0,2.785,556659.0,0.441,5.747,34.1,63758780.0,50.2,50.2,561002454188032.0,14540485632.0,82,3.78,82972198.0,0,26,1382,119,100,14,3,4,1.01,0.086,32.87
B_S_k2_rs_c30,B_TOPUP,16,0.0625,random,0.052,25.0,unreal,10.0,2,rs,0.0,month,0.0,0,0,0.92,topup,signal,none,rs,1,3.0,7014,20.44,-35.9,0.569,1.121,689,31.8,46.3,31.37,-10.67,8.79,15,72.44,18.98,-32.44,21.82,-35.9,15.18,-25.41,1880,247,2,467,2463,689,82,1460,3.78,0,0.0,0.0,0,7.769832e+06,6.765748e+06,1.004084e+06,2.803,590060.0,0.472,5.889,36.0,61148432.0,53.6,53.6,345745269981184.0,8447774208.0,82,3.78,91469204.0,0,26,1385,117,101,13,2,4,0.94,0.084,29.92
B_S_k2_rs_c30,B_TOPUP,16,0.0625,random,0.052,25.0,unreal,10.0,2,rs,0.0,month,0.0,0,0,0.92,topup,signal,none,rs,1,3.0,7015,21.23,-35.91,0.591,1.161,691,31.9,46.9,32.37,-10.68,9.505,15,72.61,19.05,-32.43,23.38,-35.91,21.92,-24.1,1880,265,2,523,2405,691,74,1456,3.41,0,0.0,0.0,0,9.056223e+06,8.069661e+06,986562.0,2.776,593849.0,0.516,6.293,37.2,71051953.0,47.0,47.0,1.8439879444660224e+16,450576056320.0,74,3.41,80220655.0,0,26,1389,108,93,13,2,3,0.94,0.078,29.92
B_S_k2_rs_c30,B_TOPUP,16,0.0625,random,0.052,25.0,unreal,10.0,2,rs,0.0,month,0.0,0,0,0.92,topup,signal,none,rs,1,3.0,7016,20.23,-40.06,0.505,1.104,697,32.1,45.8,32.46,-10.64,9.086,18,72.43,18.98,-32.44,21.4,-40.06,19.05,-28.23,1880,282,2,533,2389,697,81,1456,3.74,0,0.0,0.0,0,7.895484e+06,6.946606e+06,948878.0,2.806,558846.0,0.483,5.474,34.6,59330039.0,48.5,48.5,2086628793253888.0,54082875392.0,81,3.74,84220507.0,0,26,1383,116,99,14,2,4,1.01,0.084,32.87
B_S_k2_rs_c30,B_TOPUP,16,0.0625,random,0.052,25.0,unreal,10.0,2,rs,0.0,month,0.0,0,0,0.92,topup,signal,none,rs,1,3.0,7017,20.75,-35.91,0.578,1.137,691,31.9,46.5,32.29,-10.69,9.279,15,72.48,19.05,-32.43,22.4,-35.91,14.37,-28.81,1880,256,2,509,2419,691,76,1450,3.5,0,0.0,0.0,0,8.73979e+06,7.763362e+06,976429.0,2.77,593849.0,0.509,5.875,36.5,65388630.0,50.5,50.5,4827893280538624.0,117968953344.0,76,3.5,81116416.0,0,26,1381,109,95,13,1,3,0.94,0.079,29.92
B_S_k2_rs_c30,B_TOPUP,16,0.0625,random,0.052,25.0,unreal,10.0,2,rs,0.0,month,0.0,0,0,0.92,topup,signal,none,rs,1,3.0,7018,20.52,-40.08,0.512,1.117,700,32.3,45.7,32.6,-10.76,9.061,18,72.38,19.16,-32.39,21.79,-40.08,18.0,-35.5,1880,260,2,486,2433,700,80,1452,3.69,0,0.0,0.0,0,8.421014e+06,7.457841e+06,963173.0,2.8,567963.0,0.482,5.68,35.0,62623576.0,54.5,54.5,951690597498880.0,18106640384.0,80,3.69,81331709.0,0,26,1380,115,98,14,2,4,1.01,0.083,32.87
B_S_k2_rs_c30,B_TOPUP,16,0.0625,random,0.052,25.0,unreal,10.0,2,rs,0.0,month,0.0,0,0,0.92,topup,signal,none,rs,1,3.0,7019,20.93,-40.08,0.522,1.135,692,31.9,46.1,32.61,-10.79,9.217,18,72.3,19.16,-32.39,22.65,-40.08,21.57,-31.61,1880,242,2,450,2477,692,79,1453,3.64,0,0.0,0.0,0,8.482172e+06,7.522975e+06,959197.0,2.737,561212.0,0.446,5.649,34.5,67052867.0,52.7,52.7,1688643433398272.0,32127721472.0,79,3.64,83415762.0,0,26,1382,114,97,14,2,4,1.01,0.082,32.87
B_S_k2_rs_c30,B_TOPUP,16,0.0625,random,0.052,25.0,unreal,10.0,2,rs,0.0,month,0.0,0,0,0.92,topup,signal,none,rs,1,3.0,7020,21.21,-40.08,0.529,1.17,687,31.7,46.4,32.1,-10.6,9.229,18,72.53,19.16,-32.39,23.21,-40.08,21.88,-23.02,1880,247,2,456,2476,687,79,1464,3.64,0,0.0,0.0,0,7.975278e+06,6.98808e+06,987199.0,2.695,556550.0,0.428,5.628,33.6,69765939.0,54.0,54.0,2818524506488832.0,55183855616.0,79,3.64,80156512.0,0,26,1392,113,98,13,1,4,0.93,0.081,32.87
B_S_k2_rs_c30,B_TOPUP,16,0.0625,random,0.052,25.0,unreal,10.0,2,rs,0.0,month,0.0,0,0,0.92,topup,signal,none,rs,1,3.0,7021,21.13,-35.9,0.589,1.145,695,32.0,46.0,32.57,-10.71,9.217,15,72.48,18.98,-32.44,23.25,-35.9,19.2,-32.69,1880,227,2,413,2511,695,78,1457,3.6,0,0.0,0.0,0,8.554345e+06,7.583279e+06,971066.0,2.846,596108.0,0.521,6.265,36.7,69461170.0,55.7,55.7,1969120635518976.0,35321323520.0,78,3.6,92300481.0,0,26,1386,112,97,13,1,4,0.94,0.081,29.92
B_S_k2_rs_c30,B_TOPUP,16,0.0625,random,0.052,25.0,unreal,10.0,2,rs,0.0,month,0.0,0,0,0.92,topup,signal,none,rs,1,3.0,7022,21.09,-40.08,0.526,1.146,690,31.8,46.5,32.04,-10.73,9.167,18,72.44,19.16,-32.39,22.97,-40.08,26.88,-21.17,1880,254,2,481,2448,690,81,1461,3.74,0,0.0,0.0,0,7.53641e+06,6.550143e+06,986267.0,2.731,559716.0,0.44,5.654,34.3,67971709.0,52.5,52.5,1650418492899328.0,31400460288.0,81,3.74,86204387.0,0,26,1388,118,99,14,3,4,1.01,0.085,32.87
B_S_k2_rs_c30,B_TOPUP,16,0.0625,random,0.052,25.0,unreal,10.0,2,rs,0.0,month,0.0,0,0,0.92,topup,signal,none,rs,1,3.0,7023,19.66,-39.21,0.501,1.091,696,32.1,45.1,31.61,-10.63,8.429,15,72.34,19.42,-32.39,19.77,-39.21,16.02,-31.87,1880,265,2,520,2403,696,80,1453,3.69,0,0.0,0.0,0,7.459257e+06,6.455829e+06,1.003428e+06,2.773,598678.0,0.441,5.564,34.5,53493827.0,56.5,56.5,74354742263808.0,1994121984.0,80,3.69,78691267.0,0,26,1382,116,97,15,3,4,1.09,0.084,32.32
B_S_k2_rs_c30,B_TOPUP,16,0.0625,random,0.052,25.0,unreal,10.0,2,rs,0.0,month,0.0,0,0,0.92,topup,signal,none,rs,1,3.0,7024,21.8,-39.21,0.556,1.172,685,31.6,45.3,33.63,-10.53,9.454,15,72.68,19.42,-32.39,24.16,-39.21,17.04,-26.2,1880,224,2,403,2531,685,77,1466,3.55,0,0.0,0.0,0,8.864756e+06,7.295867e+06,1.56889e+06,2.752,589371.0,0.441,6.163,34.9,77875016.0,60.4,60.4,3373195105140736.0,58932117504.0,77,3.55,94896584.0,0,26,1397,111,95,14,2,3,1.0,0.079,42.66
B_S_k2_rs_c30,B_TOPUP,16,0.0625,random,0.052,25.0,unreal,10.0,2,rs,0.0,month,0.0,0,0,0.92,topup,signal,none,rs,1,3.0,7025,20.87,-35.91,0.581,1.135,691,31.9,46.3,32.46,-10.55,9.371,15,72.55,19.05,-32.43,22.64,-35.91,23.4,-25.77,1880,278,2,521,2407,691,79,1453,3.64,0,0.0,0.0,0,8.373754e+06,7.386936e+06,986818.0,2.786,593849.0,0.524,5.666,36.9,66382128.0,52.8,52.8,5162755774480384.0,92612902912.0,79,3.64,87967727.0,0,26,1381,112,98,13,1,3,0.94,0.081,29.92
B_S_k2_rs_c30,B_TOPUP,16,0.0625,random,0.052,25.0,unreal,10.0,2,rs,0.0,month,0.0,0,0,0.92,topup,signal,none,rs,1,3.0,7026,20.57,-40.08,0.513,1.126,693,32.0,46.0,32.32,-10.7,9.106,18,72.36,19.16,-32.39,21.9,-40.08,18.32,-29.02,1880,270,2,513,2413,693,78,1453,3.6,0,0.0,0.0,0,8.538888e+06,7.574882e+06,964007.0,2.743,561666.0,0.461,5.671,34.9,63242003.0,51.9,51.9,1724968924610560.0,44703748096.0,78,3.6,79358222.0,0,26,1382,114,97,13,2,4,0.94,0.082,32.87
B_S_k2_rs_c30,B_TOPUP,16,0.0625,random,0.052,25.0,unreal,10.0,2,rs,0.0,month,0.0,0,0,0.92,topup,signal,none,rs,1,3.0,7027,20.8,-39.21,0.531,1.139,689,31.8,46.4,32.42,-10.63,9.362,15,72.62,18.94,-32.45,22.61,-39.21,22.68,-23.11,1880,278,2,557,2373,689,77,1461,3.55,0,0.0,0.0,0,8.154179e+06,7.1959e+06,958279.0,2.756,566367.0,0.51,5.889,35.4,65443320.0,47.3,47.3,7939771032666112.0,205270679552.0,77,3.55,82502881.0,0,26,1392,113,95,14,2,5,1.01,0.081,32.33
B_S_k2_rs_c30,B_TOPUP,16,0.0625,random,0.052,25.0,unreal,10.0,2,rs,0.0,month,0.0,0,0,0.92,topup,signal,none,rs,1,3.0,7028,21.05,-40.08,0.525,1.141,698,32.2,46.4,32.65,-10.73,9.405,18,72.36,19.16,-32.39,22.88,-40.08,17.69,-31.67,1880,285,2,545,2376,698,75,1449,3.46,0,0.0,0.0,0,8.538888e+06,7.574882e+06,964007.0,2.771,566829.0,0.489,5.719,35.2,68407889.0,51.0,51.0,7010559153143808.0,133381079040.0,75,3.46,77237501.0,0,26,1382,110,93,14,2,4,1.01,0.08,32.87
B_S_k2_rs_c30,B_TOPUP,16,0.0625,random,0.052,25.0,unreal,10.0,2,rs,0.0,month,0.0,0,0,0.92,topup,signal,none,rs,1,3.0,7029,21.23,-40.07,0.53,1.145,681,31.4,45.7,32.99,-10.57,9.325,18,72.53,19.42,-32.39,22.98,-40.07,18.85,-23.94,1880,250,2,453,2485,681,80,1469,3.69,0,0.0,0.0,0,8.353951e+06,7.222025e+06,1.131926e+06,2.663,568966.0,0.457,5.598,35.2,70404715.0,59.0,59.0,2175216520265728.0,49288028160.0,80,3.69,95100531.0,0,26,1398,118,97,16,3,4,1.14,0.084,37.81
B_S_k2_rs_c30,B_TOPUP,16,0.0625,random,0.052,25.0,unreal,10.0,2,rs,0.0,month,0.0,0,0,0.92,topup,signal,none,rs,1,3.0,7030,20.99,-40.08,0.524,1.131,690,31.8,44.3,33.14,-10.52,8.839,19,72.79,19.16,-32.39,22.76,-40.08,16.53,-27.74,1880,240,2,432,2497,690,82,1468,3.78,0,0.0,0.0,0,7.919561e+06,6.933551e+06,986011.0,2.781,559716.0,0.446,5.991,34.5,67282525.0,65.3,65.3,239299740041216.0,5666912768.0,82,3.78,96301958.0,0,26,1394,119,100,15,2,4,1.08,0.085,46.32
B_S_k2_rs_c00,B_TOPUP,16,0.0625,random,0.052,25.0,unreal,10.0,2,rs,0.0,month,0.0,0,0,0.92,topup,signal,none,rs,1,0.0,7001,22.44,-36.03,0.623,1.199,677,31.2,46.7,33.4,-10.53,9.977,14,72.5,19.17,-32.45,25.74,-36.03,24.74,-21.65,1880,268,2,498,2444,677,78,1469,3.6,0,0.0,0.0,0,9.896578e+06,8.85801e+06,1.038567e+06,2.738,598711.0,0.505,6.944,37.7,87363533.0,53.2,53.2,6.086997732596122e+16,1472608337920.0,78,3.6,122560842.0,0,26,1397,112,98,12,2,3,0.86,0.08,60.66
B_S_k2_rs_c00,B_TOPUP,16,0.0625,random,0.052,25.0,unreal,10.0,2,rs,0.0,month,0.0,0,0,0.92,topup,signal,none,rs,1,0.0,7002,21.42,-36.03,0.594,1.151,695,32.0,46.2,32.82,-10.78,9.362,15,72.53,19.17,-32.39,23.64,-36.03,19.28,-31.08,1880,264,2,499,2425,695,81,1460,3.74,0,0.0,0.0,0,9.684308e+06,8.645862e+06,1.038445e+06,2.95,611868.0,0.538,7.196,38.4,73795285.0,57.5,57.5,5069923814473728.0,122655645696.0,81,3.74,127344810.0,0,26,1385,116,101,12,2,4,0.87,0.084,43.92
B_S_k2_rs_c00,B_TOPUP,16,0.0625,random,0.052,25.0,unreal,10.0,2,rs,0.0,month,0.0,0,0,0.92,topup,signal,none,rs,1,0.0,7003,21.07,-36.02,0.585,1.13,690,31.8,46.2,32.77,-10.67,9.415,15,72.43,19.06,-32.43,23.03,-36.02,15.57,-30.69,1880,282,2,549,2380,690,80,1466,3.69,0,0.0,0.0,0,8.927084e+06,7.899031e+06,1.028053e+06,2.866,599779.0,0.516,6.499,36.7,68950430.0,50.9,50.9,1.0118146232942592e+16,333939933184.0,80,3.69,118195755.0,0,26,1393,115,99,13,2,4,0.93,0.083,59.42
B_S_k2_rs_c00,B_TOPUP,16,0.0625,random,0.052,25.0,unreal,10.0,2,rs,0.0,month,0.0,0,0,0.92,topup,signal,none,rs,1,0.0,7004,21.13,-36.09,0.586,1.15,687,31.7,45.4,33.06,-10.65,9.199,15,72.49,19.0,-32.44,23.23,-36.09,16.13,-28.38,1880,240,2,494,2438,687,83,1467,3.83,0,0.0,0.0,0,8.606108e+06,7.595063e+06,1.011045e+06,2.87,596004.0,0.477,6.574,36.2,69438130.0,57.1,57.1,1237547044831232.0,30860005376.0,83,3.83,121670082.0,0,26,1391,117,102,13,2,3,0.93,0.084,61.8
B_S_k2_rs_c00,B_TOPUP,16,0.0625,random,0.052,25.0,unreal,10.0,2,rs,0.0,month,0.0,0,0,0.92,topup,signal,none,rs,1,0.0,7005,21.03,-36.09,0.583,1.155,683,31.5,46.1,32.81,-10.47,9.488,14,72.52,19.0,-32.44,23.02,-36.09,18.33,-26.24,1880,275,2,560,2376,683,78,1462,3.6,0,0.0,0.0,0,8.143178e+06,7.095234e+06,1.047943e+06,2.794,592758.0,0.458,6.032,35.7,67821000.0,53.4,53.4,8450988641878016.0,210737364992.0,78,3.6,108058517.0,0,26,1391,110,97,13,0,2,0.93,0.079,55.9
B_S_k2_rs_c00,B_TOPUP,16,0.0625,random,0.052,25.0,unreal,10.0,2,rs,0.0,month,0.0,0,0,0.92,topup,signal,none,rs,1,0.0,7006,21.31,-36.03,0.592,1.157,688,31.7,45.5,33.03,-10.58,9.259,15,72.58,19.17,-32.45,23.41,-36.03,14.52,-29.77,1880,250,2,493,2438,688,83,1468,3.83,0,0.0,0.0,0,9.023531e+06,7.995536e+06,1.027995e+06,2.879,605660.0,0.476,6.772,36.2,71946652.0,54.7,54.7,2753553730895872.0,68672880640.0,83,3.83,125218301.0,0,26,1392,117,102,13,2,3,0.93,0.084,69.61
B_S_k2_rs_c00,B_TOPUP,16,0.0625,random,0.052,25.0,unreal,10.0,2,rs,0.0,month,0.0,0,0,0.92,topup,signal,none,rs,1,0.0,7007,21.33,-38.32,0.557,1.151,687,31.7,44.5,32.76,-10.54,8.744,17,73.01,19.0,-32.44,23.65,-38.32,12.48,-35.68,1880,253,2,491,2441,687,81,1467,3.74,0,0.0,0.0,0,8.873303e+06,7.84052e+06,1.032784e+06,2.886,596004.0,0.473,6.477,36.8,72232669.0,66.6,66.6,202475663523840.0,6932289536.0,81,3.74,123655572.0,0,26,1392,115,101,12,2,3,0.86,0.083,70.42
B_S_k2_rs_c00,B_TOPUP,16,0.0625,random,0.052,25.0,unreal,10.0,2,rs,0.0,month,0.0,0,0,0.92,topup,signal,none,rs,1,0.0,7008,20.97,-36.02,0.582,1.133,688,31.7,46.5,32.03,-10.71,9.17,15,72.37,19.06,-32.43,22.84,-36.02,16.33,-30.5,1880,264,2,529,2402,688,80,1466,3.69,0,0.0,0.0,0,8.766945e+06,7.747055e+06,1.019889e+06,2.839,598601.0,0.466,6.335,36.0,67712570.0,51.8,51.8,3407367743995904.0,116649558016.0,80,3.69,114704194.0,0,26,1393,115,99,13,2,4,0.93,0.083,65.94
B_S_k2_rs_c00,B_TOPUP,16,0.0625,random,0.052,25.0,unreal,10.0,2,rs,0.0,month,0.0,0,0,0.92,topup,signal,none,rs,1,0.0,7009,20.37,-40.4,0.504,1.116,690,31.8,45.1,33.29,-10.82,9.066,15,72.3,19.0,-32.44,21.66,-40.4,12.37,-27.94,1880,264,2,532,2397,690,80,1454,3.69,0,0.0,0.0,0,7.884958e+06,6.981056e+06,903902.0,2.834,530576.0,0.463,6.25,34.9,60613744.0,53.2,53.2,1089888753549312.0,37317885952.0,80,3.69,100616856.0,0,26,1381,114,99,13,2,3,0.94,0.083,54.78
B_S_k2_rs_c00,B_TOPUP,16,0.0625,random,0.052,25.0,unreal,10.0,2,rs,0.0,month,0.0,0,0,0.92,topup,signal,none,rs,1,0.0,7010,20.55,-40.41,0.509,1.125,689,31.8,45.6,32.7,-10.63,9.115,15,72.44,19.06,-32.43,21.97,-40.41,11.9,-30.22,1880,271,2,524,2406,689,79,1461,3.64,0,0.0,0.0,0,8.228104e+06,7.285223e+06,942880.0,2.811,530286.0,0.469,5.701,34.5,62809826.0,51.0,51.0,1780449164656640.0,60970471424.0,79,3.64,103533332.0,0,26,1389,114,98,13,3,3,0.94,0.082,65.13
B_S_k2_rs_c00,B_TOPUP,16,0.0625,random,0.052,25.0,unreal,10.0,2,rs,0.0,month,0.0,0,0,0.92,topup,signal,none,rs,1,0.0,7011,21.45,-36.02,0.595,1.162,685,31.6,46.7,32.09,-10.69,9.299,15,72.35,19.43,-32.39,23.42,-36.02,15.39,-27.42,1880,264,2,541,2393,685,80,1468,3.69,0,0.0,0.0,0,9.171889e+06,8.138366e+06,1.033522e+06,2.83,617271.0,0.461,6.915,36.5,73617883.0,50.5,50.5,6300321349369856.0,215693672448.0,80,3.69,127476939.0,0,26,1395,116,99,13,2,4,0.93,0.083,70.19
B_S_k2_rs_c00,B_TOPUP,16,0.0625,random,0.052,25.0,unreal,10.0,2,rs,0.0,month,0.0,0,0,0.92,topup,signal,none,rs,1,0.0,7012,22.07,-36.08,0.612,1.178,682,31.4,46.0,33.17,-10.67,9.514,15,72.28,19.26,-32.44,24.9,-36.08,15.69,-29.34,1880,240,2,453,2484,682,78,1463,3.6,0,0.0,0.0,0,1.037214e+07,9.352388e+06,1.019751e+06,2.802,607154.0,0.483,7.262,37.4,82697413.0,56.8,56.8,5770661687459840.0,139606392832.0,78,3.6,120846481.0,0,26,1391,110,98,12,0,2,0.86,0.079,66.01
B_S_k2_rs_c00,B_TOPUP,16,0.0625,random,0.052,25.0,unreal,10.0,2,rs,0.0,month,0.0,0,0,0.92,topup,signal,none,rs,1,0.0,7013,21.17,-38.3,0.553,1.155,689,31.8,45.6,33.12,-10.75,9.244,17,72.52,19.0,-32.44,23.32,-38.3,17.94,-28.08,1880,254,2,516,2414,689,81,1456,3.74,0,0.0,0.0,0,8.524948e+06,7.549177e+06,975772.0,2.871,597916.0,0.481,6.546,37.2,69853969.0,56.4,56.4,1879409908776960.0,46865801216.0,81,3.74,114858805.0,0,26,1381,115,101,12,1,4,0.87,0.083,50.15
B_S_k2_rs_c00,B_TOPUP,16,0.0625,random,0.052,25.0,unreal,10.0,2,rs,0.0,month,0.0,0,0,0.92,topup,signal,none,rs,1,0.0,7014,20.9,-40.4,0.517,1.127,686,31.6,45.6,33.93,-10.58,9.728,14,72.32,19.0,-32.44,22.76,-40.4,16.41,-30.88,1880,297,2,593,2340,686,76,1458,3.5,0,0.0,0.0,0,8.226258e+06,7.284e+06,942257.0,2.778,528304.0,0.475,5.744,34.7,66543777.0,53.0,53.0,1.981750308975411e+16,479408979968.0,76,3.5,97735585.0,0,26,1389,110,95,13,2,3,0.94,0.079,54.54
B_S_k2_rs_c00,B_TOPUP,16,0.0625,random,0.052,25.0,unreal,10.0,2,rs,0.0,month,0.0,0,0,0.92,topup,signal,none,rs,1,0.0,7015,20.67,-40.41,0.512,1.121,688,31.7,45.8,33.09,-10.57,9.417,15,72.61,19.06,-32.43,22.21,-40.41,19.55,-25.71,1880,287,2,564,2367,688,78,1462,3.6,0,0.0,0.0,0,8.222262e+06,7.272416e+06,949845.0,2.809,529787.0,0.475,5.973,35.2,64119383.0,50.2,50.2,8124950695116800.0,268233981952.0,78,3.6,102169198.0,0,26,1391,114,97,13,2,5,0.93,0.082,45.38
B_S_k2_rs_c00,B_TOPUP,16,0.0625,random,0.052,25.0,unreal,10.0,2,rs,0.0,month,0.0,0,0,0.92,topup,signal,none,rs,1,0.0,7016,22.19,-36.09,0.615,1.186,678,31.3,47.1,33.02,-10.6,9.922,15,72.6,19.0,-32.44,25.41,-36.09,18.97,-25.72,1880,263,2,499,2442,678,76,1469,3.5,0,0.0,0.0,0,1.012962e+07,9.103482e+06,1.026139e+06,2.773,589300.0,0.513,6.554,37.5,84111655.0,52.2,52.2,4.998434835451085e+16,1209095815168.0,76,3.5,115698831.0,0,26,1398,110,97,11,1,4,0.79,0.079,53.12
B_S_k2_rs_c00,B_TOPUP,16,0.0625,random,0.052,25.0,unreal,10.0,2,rs,0.0,month,0.0,0,0,0.92,topup,signal,none,rs,1,0.0,7017,20.87,-40.41,0.516,1.133,692,31.9,45.7,33.07,-10.8,9.233,15,72.4,19.06,-32.43,22.62,-40.41,15.67,-32.87,1880,269,2,531,2396,692,80,1461,3.69,0,0.0,0.0,0,8.480012e+06,7.535891e+06,944121.0,2.861,533521.0,0.444,6.154,34.4,66383545.0,55.3,55.3,2224773195104256.0,55488786432.0,80,3.69,107093556.0,0,26,1389,116,98,14,3,4,1.01,0.084,60.52
B_S_k2_rs_c00,B_TOPUP,16,0.0625,random,0.052,25.0,unreal,10.0,2,rs,0.0,month,0.0,0,0,0.92,topup,signal,none,rs,1,0.0,7018,21.97,-36.03,0.61,1.15,681,31.4,44.9,33.05,-10.54,9.047,15,72.88,19.17,-32.39,24.77,-36.03,16.15,-34.4,1880,258,2,503,2435,681,82,1475,3.78,0,0.0,0.0,0,9.86655e+06,8.39744e+06,1.46911e+06,2.868,600743.0,0.48,6.679,37.9,81009865.0,65.4,65.4,785228201197568.0,25921679360.0,82,3.78,139649039.0,0,26,1399,117,102,12,1,5,0.86,0.084,80.21
B_S_k2_rs_c00,B_TOPUP,16,0.0625,random,0.052,25.0,unreal,10.0,2,rs,0.0,month,0.0,0,0,0.92,topup,signal,none,rs,1,0.0,7019,21.25,-36.03,0.59,1.139,689,31.8,46.2,32.48,-10.64,9.265,15,72.33,19.17,-32.39,23.3,-36.03,14.66,-33.03,1880,262,2,508,2422,689,81,1465,3.74,0,0.0,0.0,0,9.499164e+06,8.450954e+06,1.04821e+06,2.888,606372.0,0.516,6.759,37.0,71599229.0,52.8,52.8,4575568246865920.0,151046782976.0,81,3.74,127262633.0,0,26,1391,116,100,13,2,4,0.93,0.083,54.69
B_S_k2_rs_c00,B_TOPUP,16,0.0625,random,0.052,25.0,unreal,10.0,2,rs,0.0,month,0.0,0,0,0.92,topup,signal,none,rs,1,0.0,7020,22.18,-36.03,0.616,1.178,679,31.3,46.1,33.21,-10.68,9.555,15,72.45,19.17,-32.39,25.21,-36.03,23.8,-22.66,1880,240,2,455,2485,679,81,1469,3.74,0,0.0,0.0,0,9.383556e+06,8.354494e+06,1.029061e+06,2.77,599035.0,0.516,7.196,38.0,83175860.0,57.2,57.2,4959043328147456.0,119973191680.0,81,3.74,124618060.0,0,26,1395,115,100,13,2,3,0.93,0.082,65.5
B_S_k2_rs_c00,B_TOPUP,16,0.0625,random,0.052,25.0,unreal,10.0,2,rs,0.0,month,0.0,0,0,0.92,topup,signal,none,rs,1,0.0,7021,21.15,-40.4,0.523,1.138,683,31.5,46.0,32.99,-10.65,9.417,14,72.37,19.0,-32.44,23.27,-40.4,14.53,-26.61,1880,273,2,502,2434,683,79,1466,3.64,0,0.0,0.0,0,9.047794e+06,8.077383e+06,970410.0,2.779,525537.0,0.472,6.057,35.3,70085906.0,53.8,53.8,5470030619738112.0,180562673664.0,79,3.64,109997020.0,0,26,1394,114,98,13,3,3,0.93,0.082,71.87
B_S_k2_rs_c00,B_TOPUP,16,0.0625,random,0.052,25.0,unreal,10.0,2,rs,0.0,month,0.0,0,0,0.92,topup,signal,none,rs,1,0.0,7022,21.51,-36.03,0.597,1.155,683,31.5,45.8,32.53,-10.68,9.121,15,72.42,19.17,-32.39,23.83,-36.03,14.64,-24.98,1880,254,2,473,2463,683,81,1466,3.74,0,0.0,0.0,0,9.499662e+06,8.463069e+06,1.036593e+06,2.835,603136.0,0.528,7.194,38.4,74680661.0,56.5,56.5,1195252757037056.0,39457255424.0,81,3.74,126581520.0,0,26,1392,115,100,13,2,3,0.93,0.083,54.28
B_S_k2_rs_c00,B_TOPUP,16,0.0625,random,0.052,25.0,unreal,10.0,2,rs,0.0,month,0.0,0,0,0.92,topup,signal,none,rs,1,0.0,7023,20.58,-40.4,0.51,1.125,686,31.6,45.8,32.22,-10.73,8.927,15,72.22,19.43,-32.39,21.64,-40.4,12.63,-30.05,1880,258,2,487,2446,686,80,1458,3.69,0,0.0,0.0,0,8.416541e+06,7.473413e+06,943127.0,2.803,548089.0,0.478,6.069,35.6,63276802.0,55.9,55.9,565049051578368.0,19345807360.0,80,3.69,110979582.0,0,26,1385,116,99,13,3,4,0.94,0.084,72.59
B_S_k2_rs_c00,B_TOPUP,16,0.0625,random,0.052,25.0,unreal,10.0,2,rs,0.0,month,0.0,0,0,0.92,topup,signal,none,rs,1,0.0,7024,21.69,-40.4,0.537,1.129,685,31.6,44.5,33.86,-10.65,9.17,15,72.7,19.43,-32.39,23.91,-40.4,21.63,-38.26,1880,265,2,521,2413,685,86,1472,3.97,0,0.0,0.0,0,8.3825e+06,7.208356e+06,1.174144e+06,2.862,547813.0,0.444,6.061,34.6,76044887.0,67.4,67.4,727319492689920.0,17593356288.0,86,3.97,132147243.0,0,26,1395,121,103,15,3,3,1.08,0.087,89.95
B_S_k2_rs_c00,B_TOPUP,16,0.0625,random,0.052,25.0,unreal,10.0,2,rs,0.0,month,0.0,0,0,0.92,topup,signal,none,rs,1,0.0,7025,21.01,-40.41,0.52,1.123,691,31.9,43.7,34.47,-10.51,9.147,15,72.85,19.06,-32.43,22.91,-40.41,11.48,-39.51,1880,258,2,512,2416,691,81,1465,3.74,0,0.0,0.0,0,8.250104e+06,7.311937e+06,938167.0,2.904,533498.0,0.469,5.964,34.4,67895768.0,66.2,66.2,951135405867008.0,23012020224.0,81,3.74,118787290.0,0,26,1391,115,100,13,2,3,0.93,0.083,62.53
B_S_k2_rs_c00,B_TOPUP,16,0.0625,random,0.052,25.0,unreal,10.0,2,rs,0.0,month,0.0,0,0,0.92,topup,signal,none,rs,1,0.0,7026,21.39,-36.03,0.594,1.15,689,31.8,46.4,31.95,-10.74,9.084,15,72.67,19.17,-32.39,23.59,-36.03,14.97,-26.32,1880,262,2,507,2423,689,78,1461,3.6,0,0.0,0.0,0,9.920887e+06,8.850855e+06,1.070032e+06,2.895,606372.0,0.522,7.122,38.2,73791245.0,56.8,56.8,1691694470791168.0,55845588992.0,78,3.6,122706270.0,0,26,1388,112,99,11,2,3,0.79,0.081,52.31
B_S_k2_rs_c00,B_TOPUP,16,0.0625,random,0.052,25.0,unreal,10.0,2,rs,0.0,month,0.0,0,0,0.92,topup,signal,none,rs,1,0.0,7027,19.86,-40.4,0.492,1.094,694,32.0,44.8,32.9,-10.85,8.758,17,72.24,18.95,-32.45,20.67,-40.4,10.61,-32.51,1880,258,2,491,2434,694,80,1455,3.69,0,0.0,0.0,0,7.618368e+06,6.717585e+06,900784.0,2.841,529056.0,0.453,5.906,34.1,55501760.0,55.1,55.1,219210248617984.0,7506697728.0,80,3.69,96585020.0,0,26,1382,116,99,13,3,4,0.94,0.084,53.6
B_S_k2_rs_c00,B_TOPUP,16,0.0625,random,0.052,25.0,unreal,10.0,2,rs,0.0,month,0.0,0,0,0.92,topup,signal,none,rs,1,0.0,7028,21.05,-36.03,0.584,1.146,688,31.7,46.1,31.9,-10.5,9.039,15,72.62,19.17,-32.39,22.87,-36.03,14.8,-23.82,1880,257,2,514,2417,688,83,1469,3.83,0,0.0,0.0,0,8.458994e+06,7.421614e+06,1.037379e+06,2.891,605660.0,0.482,6.425,36.5,68336140.0,53.2,53.2,2182231812472832.0,74724745216.0,83,3.83,126602798.0,0,26,1393,116,102,13,1,3,0.93,0.083,70.58
B_S_k2_rs_c00,B_TOPUP,16,0.0625,random,0.052,25.0,unreal,10.0,2,rs,0.0,month,0.0,0,0,0.92,topup,signal,none,rs,1,0.0,7029,22.18,-36.02,0.616,1.187,683,31.5,46.9,33.05,-10.68,9.808,15,72.32,19.43,-32.39,24.93,-36.02,16.7,-27.37,1880,277,2,505,2431,683,76,1464,3.5,0,0.0,0.0,0,1.0645658e+07,9.578036e+06,1.067621e+06,2.809,615447.0,0.525,7.109,37.8,84373034.0,54.0,54.0,3.309684618428416e+16,800542949376.0,76,3.5,126628588.0,0,26,1394,110,96,12,2,3,0.86,0.079,60.66
B_S_k2_rs_c00,B_TOPUP,16,0.0625,random,0.052,25.0,unreal,10.0,2,rs,0.0,month,0.0,0,0,0.92,topup,signal,none,rs,1,0.0,7030,21.36,-36.03,0.593,1.163,682,31.4,46.3,32.24,-10.68,9.209,15,72.44,19.17,-32.39,23.51,-36.03,12.87,-27.1,1880,262,2,511,2426,682,76,1459,3.5,0,0.0,0.0,0,9.535826e+06,8.514824e+06,1.021002e+06,2.784,601940.0,0.498,6.458,37.4,72867957.0,52.4,52.4,2556039727677440.0,87524843520.0,76,3.5,111328645.0,0,26,1390,108,95,13,0,2,0.94,0.078,58.07
B_S_k2_unre_c20,B_TOPUP,16,0.0625,random,0.052,25.0,unreal,10.0,2,rs,0.0,month,0.0,0,0,0.92,topup,signal,none,unreal,1,2.0,7001,20.78,-35.7,0.582,1.147,695,32.0,45.5,32.63,-10.6,9.055,15,72.88,20.36,-33.32,21.07,-35.7,10.56,-25.22,1880,252,2,471,2453,695,77,1458,3.55,0,0.0,0.0,0,8.554452e+06,7.504871e+06,1.049582e+06,2.743,633408.0,0.469,6.098,35.5,65450898.0,53.8,53.8,1840960958889984.0,57342193664.0,77,3.55,68477698.0,0,0,1388,78,70,7,1,3,0.5,0.056,33.28
B_S_k2_unre_c20,B_TOPUP,16,0.0625,random,0.052,25.0,unreal,10.0,2,rs,0.0,month,0.0,0,0,0.92,topup,signal,none,unreal,1,2.0,7002,21.03,-35.7,0.589,1.16,693,32.0,45.5,33.76,-10.51,9.616,18,72.87,20.48,-33.32,21.47,-35.7,20.78,-23.72,1880,259,2,493,2433,693,77,1462,3.55,0,0.0,0.0,0,7.927191e+06,6.744768e+06,1.182423e+06,2.693,630930.0,0.466,6.084,35.1,67635361.0,55.0,55.0,1.7405187463315456e+16,374618587136.0,77,3.55,66024380.0,0,0,1392,78,70,7,1,3,0.5,0.056,33.85
B_S_k2_unre_c20,B_TOPUP,16,0.0625,random,0.052,25.0,unreal,10.0,2,rs,0.0,month,0.0,0,0,0.92,topup,signal,none,unreal,1,2.0,7003,20.8,-35.72,0.582,1.154,686,31.6,45.2,33.03,-10.49,9.176,15,72.79,20.23,-33.34,21.25,-35.72,13.38,-21.73,1880,236,2,448,2485,686,80,1464,3.69,0,0.0,0.0,0,8.283812e+06,7.122494e+06,1.161318e+06,2.681,614903.0,0.444,5.87,35.0,65423707.0,53.2,53.2,2464908574720000.0,77156933632.0,80,3.69,73716216.0,0,0,1391,81,73,7,1,3,0.5,0.058,32.89
B_S_k2_unre_c20,B_TOPUP,16,0.0625,random,0.052,25.0,unreal,10.0,2,rs,0.0,month,0.0,0,0,0.92,topup,signal,none,unreal,1,2.0,7004,20.29,-35.7,0.568,1.13,692,31.9,43.9,33.13,-10.45,8.693,15,72.68,19.96,-31.12,20.49,-35.7,9.87,-24.39,1880,240,2,474,2453,692,87,1466,4.01,0,0.0,0.0,0,7.85042e+06,6.847468e+06,1.002952e+06,2.69,602270.0,0.438,6.17,34.1,59753492.0,53.9,53.9,203638022602752.0,6364376576.0,87,4.01,66879192.0,0,0,1386,88,80,7,1,3,0.51,0.063,33.29
B_S_k2_unre_c20,B_TOPUP,16,0.0625,random,0.052,25.0,unreal,10.0,2,rs,0.0,month,0.0,0,0,0.92,topup,signal,none,unreal,1,2.0,7005,21.63,-35.71,0.606,1.191,687,31.7,45.4,32.64,-10.72,8.973,15,72.9,19.62,-31.55,23.6,-35.71,22.87,-20.5,1880,226,2,422,2510,687,80,1465,3.69,0,0.0,0.0,0,8.238063e+06,6.577002e+06,1.661062e+06,2.669,582637.0,0.45,5.882,34.4,75191101.0,58.5,58.5,628386598748160.0,15648006144.0,80,3.69,69685800.0,0,0,1391,82,74,6,1,4,0.43,0.059,31.12
B_S_k2_unre_c20,B_TOPUP,16,0.0625,random,0.052,25.0,unreal,10.0,2,rs,0.0,month,0.0,0,0,0.92,topup,signal,none,unreal,1,2.0,7006,20.24,-35.5,0.57,1.125,699,32.2,44.9,31.9,-10.56,8.514,15,72.81,20.36,-33.32,19.98,-35.5,9.91,-24.73,1880,249,2,475,2445,699,81,1462,3.74,0,0.0,0.0,0,7.454065e+06,6.288981e+06,1.165085e+06,2.739,628529.0,0.447,5.564,34.6,58838756.0,54.6,54.6,129338309607424.0,3992324096.0,81,3.74,63701882.0,0,0,1387,83,75,6,1,4,0.43,0.06,32.44
B_S_k2_unre_c20,B_TOPUP,16,0.0625,random,0.052,25.0,unreal,10.0,2,rs,0.0,month,0.0,0,0,0.92,topup,signal,none,unreal,1,2.0,7007,20.92,-35.69,0.586,1.163,692,31.9,46.7,32.34,-10.68,9.403,15,72.78,20.34,-33.34,21.37,-35.69,21.83,-20.76,1880,261,2,516,2411,692,81,1466,3.74,0,0.0,0.0,0,8.176394e+06,7.112863e+06,1.063531e+06,2.694,622542.0,0.474,6.412,36.1,66617072.0,46.6,46.6,1.1544758275014656e+16,299818024960.0,81,3.74,68965397.0,0,0,1391,82,75,6,1,3,0.43,0.059,27.09
B_S_k2_unre_c20,B_TOPUP,16,0.0625,random,0.052,25.0,unreal,10.0,2,rs,0.0,month,0.0,0,0,0.92,topup,signal,none,unreal,1,2.0,7008,20.79,-35.69,0.583,1.159,688,31.7,45.3,33.18,-10.43,9.346,15,72.79,20.34,-33.34,21.12,-35.69,12.31,-22.4,1880,253,2,480,2451,688,75,1459,3.46,0,0.0,0.0,0,8.138255e+06,6.813639e+06,1.324616e+06,2.674,618900.0,0.452,5.914,35.0,65176244.0,53.4,53.4,6551168377421824.0,193995784192.0,75,3.46,68293204.0,0,0,1390,76,69,6,1,3,0.43,0.055,32.47
B_S_k2_unre_c20,B_TOPUP,16,0.0625,random,0.052,25.0,unreal,10.0,2,rs,0.0,month,0.0,0,0,0.92,topup,signal,none,unreal,1,2.0,7009,21.48,-35.51,0.605,1.182,690,31.8,45.8,32.96,-10.5,9.406,15,72.77,20.48,-33.32,22.39,-35.51,29.81,-18.68,1880,256,2,495,2434,690,78,1457,3.6,0,0.0,0.0,0,7.891975e+06,6.830201e+06,1.061774e+06,2.633,614573.0,0.467,5.954,36.1,72887138.0,51.7,51.7,1.1061722630586368e+16,301795966976.0,78,3.6,67282054.0,0,0,1387,79,70,8,1,3,0.58,0.057,27.09
B_S_k2_unre_c20,B_TOPUP,16,0.0625,random,0.052,25.0,unreal,10.0,2,rs,0.0,month,0.0,0,0,0.92,topup,signal,none,unreal,1,2.0,7010,20.13,-35.72,0.564,1.126,692,31.9,45.1,32.1,-10.57,8.668,15,72.95,19.23,-31.55,20.93,-35.72,13.65,-23.78,1880,248,2,467,2460,692,79,1465,3.64,0,0.0,0.0,0,7.067402e+06,5.897764e+06,1.169639e+06,2.7,562919.0,0.43,5.337,32.8,57607738.0,53.1,53.1,218677353906176.0,6568496128.0,79,3.64,63940850.0,0,0,1391,79,74,5,0,2,0.36,0.057,32.41
B_S_k2_unre_c20,B_TOPUP,16,0.0625,random,0.052,25.0,unreal,10.0,2,rs,0.0,month,0.0,0,0,0.92,topup,signal,none,unreal,1,2.0,7011,19.88,-35.47,0.56,1.116,690,31.8,44.5,32.97,-10.61,8.778,15,72.86,19.23,-31.55,20.41,-35.47,12.74,-23.63,1880,256,2,474,2455,690,79,1466,3.64,0,0.0,0.0,0,6.829843e+06,5.839756e+06,990087.0,2.655,550822.0,0.426,5.361,32.5,54950373.0,53.3,53.3,230251284135936.0,6559169536.0,79,3.64,58576340.0,0,0,1393,80,73,6,1,3,0.43,0.057,32.89
B_S_k2_unre_c20,B_TOPUP,16,0.0625,random,0.052,25.0,unreal,10.0,2,rs,0.0,month,0.0,0,0,0.92,topup,signal,none,unreal,1,2.0,7012,20.86,-35.72,0.584,1.158,684,31.5,45.2,33.1,-10.43,9.234,15,72.84,20.23,-33.34,21.37,-35.72,12.08,-23.62,1880,256,2,484,2451,684,77,1465,3.55,0,0.0,0.0,0,8.366573e+06,7.244018e+06,1.122555e+06,2.652,613527.0,0.449,6.108,35.2,66147516.0,52.3,52.3,3257487344009216.0,102094929920.0,77,3.55,67734544.0,0,0,1393,78,72,5,1,3,0.36,0.056,32.74
B_S_k2_unre_c20,B_TOPUP,16,0.0625,random,0.052,25.0,unreal,10.0,2,rs,0.0,month,0.0,0,0,0.92,topup,signal,none,unreal,1,2.0,7013,21.26,-35.69,0.595,1.168,694,32.0,45.4,32.78,-10.56,9.113,15,72.97,20.34,-33.34,22.07,-35.69,18.41,-25.16,1880,236,2,445,2480,694,79,1466,3.64,0,0.0,0.0,0,8.290624e+06,7.216383e+06,1.074241e+06,2.723,625256.0,0.469,6.004,35.6,70604683.0,60.7,60.7,1854356156579840.0,44931518464.0,79,3.64,68190878.0,0,0,1394,79,72,7,0,2,0.5,0.057,32.3
B_S_k2_unre_c20,B_TOPUP,16,0.0625,random,0.052,25.0,unreal,10.0,2,rs,0.0,month,0.0,0,0,0.92,topup,signal,none,unreal,1,2.0,7014,20.6,-35.72,0.577,1.145,693,32.0,44.9,32.74,-10.77,8.756,15,72.95,19.23,-31.55,21.9,-35.72,15.43,-23.13,1880,231,2,437,2489,693,81,1467,3.74,0,0.0,0.0,0,7.209377e+06,5.840778e+06,1.368599e+06,2.717,563555.0,0.45,5.707,34.1,62488786.0,56.7,56.7,206930299584512.0,5254573568.0,81,3.74,61956043.0,0,0,1392,81,75,6,0,2,0.43,0.058,31.18
B_S_k2_unre_c20,B_TOPUP,16,0.0625,random,0.052,25.0,unreal,10.0,2,rs,0.0,month,0.0,0,0,0.92,topup,signal,none,unreal,1,2.0,7015,20.67,-35.69,0.579,1.154,694,32.0,45.4,32.81,-10.49,9.16,15,72.99,20.34,-33.34,20.88,-35.69,16.25,-20.87,1880,246,2,470,2455,694,77,1463,3.55,0,0.0,0.0,0,7.811552e+06,6.54799e+06,1.263562e+06,2.704,625256.0,0.457,5.653,34.9,63698065.0,52.9,52.9,3199691848155136.0,94427070464.0,77,3.55,64882758.0,0,0,1393,77,70,7,0,2,0.5,0.055,32.29
B_S_k2_unre_c20,B_TOPUP,16,0.0625,random,0.052,25.0,unreal,10.0,2,rs,0.0,month,0.0,0,0,0.92,topup,signal,none,unreal,1,2.0,7016,20.85,-35.5,0.587,1.148,697,32.1,45.3,31.95,-10.53,8.731,15,72.99,20.36,-33.32,21.23,-35.5,14.66,-20.87,1880,243,2,455,2467,697,82,1463,3.78,0,0.0,0.0,0,8.366206e+06,7.120748e+06,1.245458e+06,2.753,620101.0,0.463,5.944,35.3,66173958.0,53.3,53.3,654689917992960.0,20790468608.0,82,3.78,68925426.0,0,0,1389,82,74,8,0,2,0.58,0.059,32.3
B_S_k2_unre_c20,B_TOPUP,16,0.0625,random,0.052,25.0,unreal,10.0,2,rs,0.0,month,0.0,0,0,0.92,topup,signal,none,unreal,1,2.0,7017,20.34,-35.72,0.57,1.132,698,32.2,45.3,32.79,-10.63,9.026,15,72.94,19.23,-31.55,21.36,-35.72,12.49,-23.29,1880,259,2,504,2417,698,76,1460,3.5,0,0.0,0.0,0,7.561165e+06,6.463366e+06,1.0978e+06,2.738,569520.0,0.446,5.505,33.1,60159292.0,51.8,51.8,1743254613655552.0,51458912256.0,76,3.5,52626668.0,0,0,1389,78,71,5,1,4,0.36,0.056,32.64
B_S_k2_unre_c20,B_TOPUP,16,0.0625,random,0.052,25.0,unreal,10.0,2,rs,0.0,month,0.0,0,0,0.92,topup,signal,none,unreal,1,2.0,7018,20.32,-35.71,0.569,1.132,694,32.0,44.5,32.89,-10.68,8.723,15,72.9,19.62,-31.55,20.91,-35.71,12.59,-26.43,1880,240,2,458,2467,694,82,1465,3.78,0,0.0,0.0,0,7.237108e+06,6.252363e+06,984744.0,2.705,590773.0,0.445,5.503,33.4,59626623.0,57.5,57.5,169899997528064.0,3881877760.0,82,3.78,62050591.0,0,0,1390,83,75,7,1,3,0.5,0.06,32.48
B_S_k2_unre_c20,B_TOPUP,16,0.0625,random,0.052,25.0,unreal,10.0,2,rs,0.0,month,0.0,0,0,0.92,topup,signal,none,unreal,1,2.0,7019,21.41,-35.7,0.6,1.182,696,32.1,45.5,33.14,-10.6,9.322,15,73.01,20.48,-33.32,22.24,-35.7,18.04,-25.55,1880,245,2,458,2465,696,74,1460,3.41,0,0.0,0.0,0,8.592357e+06,7.505176e+06,1.087181e+06,2.729,633408.0,0.472,5.934,35.6,72691728.0,60.6,60.6,4938589620142080.0,114913107968.0,74,3.41,65803763.0,0,0,1393,74,67,7,0,2,0.5,0.053,32.3
B_S_k2_unre_c20,B_TOPUP,16,0.0625,random,0.052,25.0,unreal,10.0,2,rs,0.0,month,0.0,0,0,0.92,topup,signal,none,unreal,1,2.0,7020,20.1,-35.72,0.563,1.123,693,32.0,45.2,32.18,-10.67,8.687,15,72.91,19.23,-31.55,20.87,-35.72,14.28,-20.71,1880,246,2,476,2450,693,79,1462,3.64,0,0.0,0.0,0,7.11748e+06,5.928245e+06,1.189235e+06,2.7,563555.0,0.429,5.654,33.2,57392716.0,54.0,54.0,234465502691328.0,6902386688.0,79,3.64,58782148.0,0,0,1390,80,72,7,1,3,0.5,0.058,32.93
B_S_k2_unre_c20,B_TOPUP,16,0.0625,random,0.052,25.0,unreal,10.0,2,rs,0.0,month,0.0,0,0,0.92,topup,signal,none,unreal,1,2.0,7021,19.82,-35.51,0.558,1.107,697,32.1,44.6,32.12,-10.64,8.439,15,72.83,19.62,-31.55,19.89,-35.51,10.59,-25.7,1880,243,2,464,2458,697,83,1463,3.83,0,0.0,0.0,0,6.971346e+06,6.011442e+06,959903.0,2.719,578565.0,0.435,5.271,32.7,54553596.0,54.7,54.7,67040954023936.0,2028087296.0,83,3.83,60360207.0,0,0,1387,83,76,7,0,2,0.5,0.06,33.04
B_S_k2_unre_c20,B_TOPUP,16,0.0625,random,0.052,25.0,unreal,10.0,2,rs,0.0,month,0.0,0,0,0.92,topup,signal,none,unreal,1,2.0,7022,20.52,-35.72,0.575,1.14,695,32.0,45.5,32.4,-10.62,8.94,15,72.77,19.23,-31.55,21.73,-35.72,26.71,-24.48,1880,256,2,517,2407,695,81,1461,3.74,0,0.0,0.0,0,7.289047e+06,6.323349e+06,965698.0,2.683,566352.0,0.441,5.245,33.7,61692079.0,52.2,52.2,1001666769846272.0,28330088448.0,81,3.74,58398868.0,0,0,1387,82,74,7,1,3,0.5,0.059,27.09
B_S_k2_unre_c20,B_TOPUP,16,0.0625,random,0.052,25.0,unreal,10.0,2,rs,0.0,month,0.0,0,0,0.92,topup,signal,none,unreal,1,2.0,7023,20.37,-35.72,0.57,1.139,692,31.9,45.2,32.65,-10.59,8.963,15,72.94,19.23,-31.55,21.41,-35.72,15.26,-22.27,1880,246,2,470,2457,692,79,1465,3.64,0,0.0,0.0,0,7.450286e+06,6.39702e+06,1.053266e+06,2.705,562919.0,0.435,5.411,33.4,60308783.0,52.3,52.3,978021028724736.0,28860010496.0,79,3.64,62059748.0,0,0,1393,80,72,7,1,3,0.5,0.057,33.13
B_S_k2_unre_c20,B_TOPUP,16,0.0625,random,0.052,25.0,unreal,10.0,2,rs,0.0,month,0.0,0,0,0.92,topup,signal,none,unreal,1,2.0,7024,20.61,-35.7,0.577,1.148,693,32.0,44.9,33.02,-10.64,8.954,14,72.81,19.57,-31.12,21.55,-35.7,13.11,-21.73,1880,242,2,452,2474,693,82,1464,3.78,0,0.0,0.0,0,8.021542e+06,6.882396e+06,1.139146e+06,2.712,578306.0,0.42,5.569,33.3,63190632.0,53.6,53.6,769789404381184.0,22609162240.0,82,3.78,70028974.0,0,0,1390,83,74,8,1,3,0.58,0.06,32.89
B_S_k2_unre_c20,B_TOPUP,16,0.0625,random,0.052,25.0,unreal,10.0,2,rs,0.0,month,0.0,0,0,0.92,topup,signal,none,unreal,1,2.0,7025,21.26,-35.51,0.599,1.177,692,31.9,46.5,32.23,-10.49,9.385,15,72.75,20.48,-33.32,21.94,-35.51,20.6,-19.1,1880,263,2,520,2407,692,78,1458,3.6,0,0.0,0.0,0,8.380415e+06,7.319282e+06,1.061133e+06,2.675,616346.0,0.469,6.276,36.3,70742940.0,48.4,48.4,1.5729306256801792e+16,428774391808.0,78,3.6,65981810.0,0,0,1388,79,70,8,1,3,0.58,0.057,27.09
B_S_k2_unre_c20,B_TOPUP,16,0.0625,random,0.052,25.0,unreal,10.0,2,rs,0.0,month,0.0,0,0,0.92,topup,signal,none,unreal,1,2.0,7026,20.92,-35.7,0.586,1.156,692,31.9,45.8,31.89,-10.57,8.879,14,72.76,19.57,-31.12,22.18,-35.7,23.01,-20.21,1880,261,2,508,2419,692,85,1470,3.92,0,0.0,0.0,0,7.809171e+06,6.803678e+06,1.005493e+06,2.679,577129.0,0.432,5.637,33.8,66323398.0,51.7,51.7,901570006876160.0,27346018304.0,85,3.92,66899633.0,0,0,1392,85,78,7,0,2,0.5,0.061,27.09
B_S_k2_unre_c20,B_TOPUP,16,0.0625,random,0.052,25.0,unreal,10.0,2,rs,0.0,month,0.0,0,0,0.92,topup,signal,none,unreal,1,2.0,7027,20.4,-35.5,0.575,1.132,695,32.0,44.5,32.61,-10.54,8.644,15,72.84,19.57,-31.12,21.13,-35.5,13.6,-21.74,1880,243,2,449,2475,695,87,1468,4.01,0,0.0,0.0,0,7.63614e+06,6.521494e+06,1.114646e+06,2.729,571077.0,0.419,6.013,33.1,60775356.0,53.4,53.4,215191518183424.0,6564197888.0,87,4.01,71017487.0,0,0,1389,88,79,8,1,3,0.58,0.063,32.89
B_S_k2_unre_c20,B_TOPUP,16,0.0625,random,0.052,25.0,unreal,10.0,2,rs,0.0,month,0.0,0,0,0.92,topup,signal,none,unreal,1,2.0,7028,22.02,-35.69,0.617,1.204,688,31.7,46.5,32.83,-10.54,9.633,15,72.83,20.34,-33.34,23.62,-35.69,28.62,-17.66,1880,256,2,488,2443,688,78,1467,3.6,0,0.0,0.0,0,9.004284e+06,7.929787e+06,1.074497e+06,2.668,618900.0,0.475,5.918,36.0,80754651.0,50.6,50.6,3.960166005342208e+16,1119511904256.0,78,3.6,75324239.0,0,0,1396,78,71,7,0,2,0.5,0.056,27.09
B_S_k2_unre_c20,B_TOPUP,16,0.0625,random,0.052,25.0,unreal,10.0,2,rs,0.0,month,0.0,0,0,0.92,topup,signal,none,unreal,1,2.0,7029,20.78,-35.72,0.582,1.152,689,31.8,45.4,32.36,-10.48,8.977,15,72.85,20.23,-33.34,21.21,-35.72,11.97,-22.6,1880,240,2,445,2485,689,83,1470,3.83,0,0.0,0.0,0,8.10513e+06,6.765016e+06,1.340114e+06,2.715,617139.0,0.443,5.866,34.4,65094930.0,53.3,53.3,1248211985498112.0,39415963648.0,83,3.83,75453461.0,0,0,1393,83,77,6,0,2,0.43,0.06,32.42
B_S_k2_unre_c20,B_TOPUP,16,0.0625,random,0.052,25.0,unreal,10.0,2,rs,0.0,month,0.0,0,0,0.92,topup,signal,none,unreal,1,2.0,7030,19.97,-35.72,0.559,1.123,692,31.9,44.8,32.39,-10.68,8.611,15,72.99,19.23,-31.55,20.61,-35.72,14.83,-20.86,1880,237,2,455,2472,692,80,1465,3.69,0,0.0,0.0,0,6.995524e+06,5.849812e+06,1.145711e+06,2.684,562919.0,0.42,5.035,32.4,56057205.0,54.1,54.1,144941690912768.0,4266010880.0,80,3.69,58897624.0,0,0,1392,80,73,7,0,2,0.5,0.057,32.3
B_S_k2_unre_c30,B_TOPUP,16,0.0625,random,0.052,25.0,unreal,10.0,2,rs,0.0,month,0.0,0,0,0.92,topup,signal,none,unreal,1,3.0,7001,21.4,-36.32,0.589,1.135,675,31.1,44.7,31.49,-10.39,8.348,15,73.03,19.79,-31.8,22.93,-36.32,16.71,-28.79,1880,235,36,427,2517,675,83,1476,3.83,0,0.0,0.0,0,8.30094e+06,7.005485e+06,1.295456e+06,2.699,614974.0,0.461,5.811,36.4,72256664.0,61.4,61.4,49557639528448.0,2024979456.0,83,3.83,93613074.0,0,0,1401,83,75,8,0,2,0.57,0.059,44.0
B_S_k2_unre_c30,B_TOPUP,16,0.0625,random,0.052,25.0,unreal,10.0,2,rs,0.0,month,0.0,0,0,0.92,topup,signal,none,unreal,1,3.0,7002,21.01,-36.31,0.579,1.149,673,31.0,45.3,30.52,-10.35,8.173,15,73.17,20.46,-32.46,21.45,-36.31,8.23,-26.97,1880,259,36,473,2473,673,80,1467,3.69,0,0.0,0.0,0,8.866904e+06,7.668163e+06,1.198742e+06,2.702,656758.0,0.496,6.052,37.7,68304670.0,59.6,59.6,42306681962496.0,2814407680.0,80,3.69,93228420.0,0,0,1394,81,73,7,1,3,0.5,0.058,45.42
B_S_k2_unre_c30,B_TOPUP,16,0.0625,random,0.052,25.0,unreal,10.0,2,rs,0.0,month,0.0,0,0,0.92,topup,signal,none,unreal,1,3.0,7003,21.45,-38.09,0.563,1.173,684,31.5,45.8,30.74,-10.44,8.405,20,72.77,20.09,-32.46,22.73,-38.09,20.26,-25.1,1880,238,36,455,2480,684,83,1465,3.83,0,0.0,0.0,0,8.737341e+06,7.67057e+06,1.066771e+06,2.746,603569.0,0.475,6.235,37.3,73285031.0,49.6,49.6,253091383345152.0,18289821696.0,83,3.83,93509625.0,0,0,1390,88,75,8,3,4,0.58,0.063,30.73
B_S_k2_unre_c30,B_TOPUP,16,0.0625,random,0.052,25.0,unreal,10.0,2,rs,0.0,month,0.0,0,0,0.92,topup,signal,none,unreal,1,3.0,7004,22.0,-36.3,0.606,1.184,670,30.9,45.1,31.92,-10.44,8.656,15,73.2,19.49,-31.83,24.5,-36.3,18.25,-26.98,1880,224,36,408,2541,670,81,1473,3.74,0,0.0,0.0,0,9.30704e+06,7.921433e+06,1.385607e+06,2.65,597227.0,0.458,5.971,36.4,80983681.0,59.3,59.3,171861103083520.0,7534715904.0,81,3.74,92990830.0,0,0,1401,82,72,9,1,3,0.64,0.059,44.02
B_S_k2_unre_c30,B_TOPUP,16,0.0625,random,0.052,25.0,unreal,10.0,2,rs,0.0,month,0.0,0,0,0.92,topup,signal,none,unreal,1,3.0,7005,21.08,-36.3,0.581,1.124,675,31.1,44.4,30.93,-10.49,7.919,15,73.05,19.49,-31.83,22.6,-36.3,13.55,-29.46,1880,229,36,416,2528,675,86,1479,3.97,0,0.0,0.0,0,7.829868e+06,6.557782e+06,1.272086e+06,2.673,599383.0,0.437,6.157,35.3,68191715.0,61.9,61.9,5630615093248.0,284746144.0,86,3.97,87937968.0,0,0,1401,87,78,8,1,3,0.57,0.062,43.61
B_S_k2_unre_c30,B_TOPUP,16,0.0625,random,0.052,25.0,unreal,10.0,2,rs,0.0,month,0.0,0,0,0.92,topup,signal,none,unreal,1,3.0,7006,21.68,-38.09,0.569,1.198,673,31.0,46.5,30.47,-10.45,8.584,20,72.93,20.46,-32.46,22.81,-38.09,19.9,-21.78,1880,254,36,504,2442,673,80,1470,3.69,0,0.0,0.0,0,9.115866e+06,8.010131e+06,1.105736e+06,2.645,621485.0,0.485,6.243,37.0,76498219.0,48.1,48.1,634111521718272.0,65057734656.0,80,3.69,85123478.0,0,0,1398,84,72,8,3,4,0.57,0.06,29.77
B_S_k2_unre_c30,B_TOPUP,16,0.0625,random,0.052,25.0,unreal,10.0,2,rs,0.0,month,0.0,0,0,0.92,topup,signal,none,unreal,1,3.0,7007,20.3,-36.31,0.559,1.121,685,31.6,46.7,29.13,-10.54,7.988,15,72.92,20.46,-32.46,20.0,-36.31,14.96,-32.06,1880,277,36,549,2385,685,86,1464,3.97,0,0.0,0.0,0,9.015181e+06,7.876549e+06,1.138632e+06,2.804,675214.0,0.486,6.178,38.0,60921253.0,48.1,48.1,42387090964480.0,3081058304.0,86,3.97,98217876.0,0,0,1388,88,76,10,2,3,0.72,0.063,29.77
B_S_k2_unre_c30,B_TOPUP,16,0.0625,random,0.052,25.0,unreal,10.0,2,rs,0.0,month,0.0,0,0,0.92,topup,signal,none,unreal,1,3.0,7008,20.5,-38.09,0.538,1.129,679,31.3,44.2,31.05,-10.28,7.978,20,72.96,19.79,-31.8,21.1,-38.09,9.1,-30.05,1880,278,36,505,2435,679,80,1469,3.69,0,0.0,0.0,0,7.863087e+06,6.821268e+06,1.041819e+06,2.721,588512.0,0.464,5.554,35.5,61947659.0,59.7,59.7,18001587863552.0,1175676672.0,80,3.69,84495057.0,0,0,1396,83,73,7,2,4,0.5,0.059,45.42
B_S_k2_unre_c30,B_TOPUP,16,0.0625,random,0.052,25.0,unreal,10.0,2,rs,0.0,month,0.0,0,0,0.92,topup,signal,none,unreal,1,3.0,7009,20.77,-36.31,0.572,1.118,673,31.0,44.3,30.74,-10.3,7.869,19,73.12,20.46,-32.46,20.95,-36.31,6.74,-30.08,1880,221,36,408,2538,673,87,1477,4.01,0,0.0,0.0,0,8.419102e+06,7.283562e+06,1.135539e+06,2.749,656758.0,0.482,6.432,37.3,65177418.0,62.4,62.4,8379765358592.0,659691072.0,87,4.01,107794787.0,0,0,1399,87,78,9,0,2,0.64,0.062,43.58
B_S_k2_unre_c30,B_TOPUP,16,0.0625,random,0.052,25.0,unreal,10.0,2,rs,0.0,month,0.0,0,0,0.92,topup,signal,none,unreal,1,3.0,7010,21.14,-38.09,0.555,1.148,671,30.9,43.7,31.71,-10.29,8.053,20,72.96,20.09,-32.46,22.09,-38.09,14.74,-29.04,1880,250,36,445,2503,671,85,1480,3.92,0,0.0,0.0,0,7.98187e+06,6.818702e+06,1.163168e+06,2.645,595354.0,0.464,6.065,36.5,68925789.0,63.3,63.3,15376566976512.0,1159624960.0,85,3.92,95008414.0,0,0,1402,88,78,7,2,4,0.5,0.063,44.72
B_S_k2_unre_c30,B_TOPUP,16,0.0625,random,0.052,25.0,unreal,10.0,2,rs,0.0,month,0.0,0,0,0.92,topup,signal,none,unreal,1,3.0,7011,20.34,-36.31,0.56,1.104,677,31.2,44.0,30.27,-10.45,7.472,19,73.09,19.59,-31.8,20.97,-36.31,6.75,-30.08,1880,218,36,405,2537,677,89,1476,4.1,0,0.0,0.0,0,7.77296e+06,6.722527e+06,1.050433e+06,2.756,606472.0,0.456,6.09,35.7,60230443.0,62.5,62.5,1216623280128.0,98189160.0,89,4.1,101519206.0,0,0,1397,90,79,10,1,3,0.72,0.064,43.58
B_S_k2_unre_c30,B_TOPUP,16,0.0625,random,0.052,25.0,unreal,10.0,2,rs,0.0,month,0.0,0,0,0.92,topup,signal,none,unreal,1,3.0,7012,20.24,-36.33,0.557,1.115,687,31.7,45.9,30.09,-10.55,8.086,15,72.79,20.21,-32.42,20.13,-36.33,18.6,-34.6,1880,261,36,510,2422,687,83,1458,3.83,0,0.0,0.0,0,8.663898e+06,7.550568e+06,1.11333e+06,2.733,651364.0,0.5,5.91,38.0,59973195.0,52.3,52.3,37864607842304.0,1981558784.0,83,3.83,86837949.0,0,0,1383,84,75,8,1,3,0.58,0.061,29.77
B_S_k2_unre_c30,B_TOPUP,16,0.0625,random,0.052,25.0,unreal,10.0,2,rs,0.0,month,0.0,0,0,0.92,topup,signal,none,unreal,1,3.0,7013,21.1,-36.31,0.581,1.169,686,31.6,46.8,30.21,-10.72,8.435,15,72.94,20.09,-32.46,22.01,-36.31,18.1,-28.33,1880,261,36,529,2404,686,80,1458,3.69,0,0.0,0.0,0,8.807376e+06,7.703438e+06,1.103938e+06,2.712,642833.0,0.478,6.188,36.9,69223749.0,49.8,49.8,239228503982080.0,14508895232.0,80,3.69,80999127.0,0,0,1386,83,72,8,2,4,0.58,0.06,29.77
B_S_k2_unre_c30,B_TOPUP,16,0.0625,random,0.052,25.0,unreal,10.0,2,rs,0.0,month,0.0,0,0,0.92,topup,signal,none,unreal,1,3.0,7014,21.78,-36.31,0.6,1.185,683,31.5,46.4,30.02,-10.59,8.256,15,73.02,20.46,-32.46,23.01,-36.31,19.45,-26.9,1880,232,36,443,2493,683,85,1469,3.92,0,0.0,0.0,0,9.421849e+06,8.277766e+06,1.144083e+06,2.809,666873.0,0.496,6.519,38.1,77976240.0,52.4,52.4,124835766206464.0,10777670656.0,85,3.92,106646904.0,0,0,1393,90,76,9,3,4,0.65,0.065,30.74
B_S_k2_unre_c30,B_TOPUP,16,0.0625,random,0.052,25.0,unreal,10.0,2,rs,0.0,month,0.0,0,0,0.92,topup,signal,none,unreal,1,3.0,7015,21.02,-36.31,0.579,1.167,687,31.7,46.9,29.77,-10.62,8.309,15,73.03,20.09,-32.46,21.85,-36.31,11.93,-21.37,1880,263,36,534,2398,687,80,1460,3.69,0,0.0,0.0,0,9.159009e+06,8.056851e+06,1.102158e+06,2.742,643701.0,0.477,6.039,37.3,68672769.0,44.0,44.0,205088731693056.0,12438355968.0,80,3.69,80798181.0,0,0,1389,80,71,9,0,2,0.65,0.058,29.77
B_S_k2_unre_c30,B_TOPUP,16,0.0625,random,0.052,25.0,unreal,10.0,2,rs,0.0,month,0.0,0,0,0.92,topup,signal,none,unreal,1,3.0,7016,19.53,-38.09,0.513,1.091,685,31.6,45.4,29.99,-10.45,7.908,20,72.69,19.79,-31.8,19.13,-38.09,14.32,-30.58,1880,269,36,528,2406,685,85,1464,3.92,0,0.0,0.0,0,7.842112e+06,6.794902e+06,1.047211e+06,2.763,591473.0,0.464,5.502,35.5,52742151.0,49.1,49.1,14956740214784.0,773951424.0,85,3.92,83906992.0,0,0,1388,90,76,9,3,4,0.65,0.065,29.77
B_S_k2_unre_c30,B_TOPUP,16,0.0625,random,0.052,25.0,unreal,10.0,2,rs,0.0,month,0.0,0,0,0.92,topup,signal,none,unreal,1,3.0,7017,20.42,-38.09,0.536,1.109,673,31.0,44.1,31.12,-10.27,7.992,20,72.92,19.79,-31.8,20.94,-38.09,10.18,-26.21,1880,235,36,427,2519,673,85,1481,3.92,0,0.0,0.0,0,7.650084e+06,6.388297e+06,1.261787e+06,2.704,582092.0,0.464,5.563,35.8,60956584.0,57.0,57.0,16088550080512.0,1118098688.0,85,3.92,90862541.0,0,0,1404,87,77,8,1,4,0.57,0.062,43.58
B_S_k2_unre_c30,B_TOPUP,16,0.0625,random,0.052,25.0,unreal,10.0,2,rs,0.0,month,0.0,0,0,0.92,topup,signal,none,unreal,1,3.0,7018,21.23,-38.09,0.557,1.152,671,30.9,44.3,32.01,-10.36,8.394,20,72.99,20.21,-32.42,22.15,-38.09,15.02,-29.04,1880,253,36,450,2498,671,83,1476,3.83,0,0.0,0.0,0,8.091588e+06,6.913212e+06,1.178376e+06,2.629,602901.0,0.457,6.28,35.8,70103727.0,61.2,61.2,55606018834432.0,2870200064.0,83,3.83,91329810.0,0,0,1401,87,75,8,3,4,0.57,0.062,44.72
B_S_k2_unre_c30,B_TOPUP,16,0.0625,random,0.052,25.0,unreal,10.0,2,rs,0.0,month,0.0,0,0,0.92,topup,signal,none,unreal,1,3.0,7019,20.69,-38.09,0.543,1.136,669,30.8,43.9,31.31,-10.27,8.002,21,72.98,19.85,-31.83,21.41,-38.09,10.14,-30.19,1880,232,36,427,2523,669,86,1478,3.97,0,0.0,0.0,0,7.915412e+06,6.808506e+06,1.106906e+06,2.684,588112.0,0.46,5.923,35.9,63949734.0,58.5,58.5,14243785080832.0,1131503744.0,86,3.97,94996410.0,0,0,1402,89,76,10,2,4,0.71,0.063,43.6
B_S_k2_unre_c30,B_TOPUP,16,0.0625,random,0.052,25.0,unreal,10.0,2,rs,0.0,month,0.0,0,0,0.92,topup,signal,none,unreal,1,3.0,7020,21.35,-36.29,0.588,1.136,671,30.9,44.6,30.53,-10.48,7.795,15,73.07,19.85,-31.83,22.78,-36.29,14.64,-29.46,1880,228,36,413,2535,671,88,1484,4.06,0,0.0,0.0,0,8.101503e+06,6.785002e+06,1.316502e+06,2.703,622744.0,0.46,6.372,36.4,71585544.0,63.8,63.8,4149791424512.0,303238656.0,88,4.06,97231655.0,0,0,1404,89,80,8,1,3,0.57,0.063,43.61
B_S_k2_unre_c30,B_TOPUP,16,0.0625,random,0.052,25.0,unreal,10.0,2,rs,0.0,month,0.0,0,0,0.92,topup,signal,none,unreal,1,3.0,7021,20.63,-36.32,0.568,1.106,679,31.3,44.5,30.87,-10.32,8.001,17,72.98,19.79,-31.8,21.37,-36.32,7.77,-29.22,1880,249,36,456,2484,679,85,1475,3.92,0,0.0,0.0,0,8.159746e+06,7.005485e+06,1.154261e+06,2.771,618336.0,0.464,6.063,36.5,63534322.0,58.5,58.5,17339767586816.0,1079651328.0,85,3.92,99086371.0,0,0,1399,85,76,9,0,2,0.64,0.061,43.58
B_S_k2_unre_c30,B_TOPUP,16,0.0625,random,0.052,25.0,unreal,10.0,2,rs,0.0,month,0.0,0,0,0.92,topup,signal,none,unreal,1,3.0,7022,21.66,-38.09,0.569,1.172,670,30.9,44.3,32.01,-10.26,8.478,20,73.02,20.46,-32.46,22.76,-38.09,16.73,-28.94,1880,230,36,419,2530,670,83,1479,3.83,0,0.0,0.0,0,8.389618e+06,7.012894e+06,1.376723e+06,2.641,619758.0,0.481,6.088,37.2,75511316.0,60.3,60.3,80936267939840.0,4172975616.0,83,3.83,90612703.0,0,0,1403,86,76,7,2,4,0.5,0.061,43.4
B_S_k2_unre_c30,B_TOPUP,16,0.0625,random,0.052,25.0,unreal,10.0,2,rs,0.0,month,0.0,0,0,0.92,topup,signal,none,unreal,1,3.0,7023,21.04,-36.31,0.58,1.157,678,31.3,45.3,30.32,-10.45,8.012,15,73.18,19.59,-31.8,22.42,-36.31,7.68,-29.85,1880,261,36,483,2458,678,81,1469,3.74,0,0.0,0.0,0,8.918431e+06,7.774635e+06,1.143795e+06,2.726,607367.0,0.455,5.753,35.4,68849623.0,60.3,60.3,22414580776960.0,1537063424.0,81,3.74,91925941.0,0,0,1395,82,74,7,1,3,0.5,0.059,45.44
B_S_k2_unre_c30,B_TOPUP,16,0.0625,random,0.052,25.0,unreal,10.0,2,rs,0.0,month,0.0,0,0,0.92,topup,signal,none,unreal,1,3.0,7024,22.1,-36.32,0.608,1.191,669,30.8,45.1,31.83,-10.58,8.564,15,73.12,19.79,-31.8,24.39,-36.32,16.52,-28.65,1880,228,36,420,2530,669,82,1479,3.78,0,0.0,0.0,0,9.333978e+06,7.918242e+06,1.415735e+06,2.654,612240.0,0.463,6.245,36.9,82266053.0,62.1,62.1,92426773463040.0,4832982528.0,82,3.78,95600279.0,0,0,1405,83,74,8,1,3,0.57,0.059,43.34
B_S_k2_unre_c30,B_TOPUP,16,0.0625,random,0.052,25.0,unreal,10.0,2,rs,0.0,month,0.0,0,0,0.92,topup,signal,none,unreal,1,3.0,7025,21.4,-36.29,0.59,1.164,666,30.7,44.9,31.57,-10.51,8.381,15,73.13,19.85,-31.83,22.87,-36.29,15.77,-29.32,1880,248,36,444,2509,666,84,1482,3.87,0,0.0,0.0,0,8.26199e+06,7.096456e+06,1.165535e+06,2.635,618436.0,0.46,6.4,36.3,72295643.0,60.3,60.3,35846354894848.0,1575923200.0,84,3.87,90936624.0,0,0,1405,85,77,7,1,3,0.5,0.06,44.72
B_S_k2_unre_c30,B_TOPUP,16,0.0625,random,0.052,25.0,unreal,10.0,2,rs,0.0,month,0.0,0,0,0.92,topup,signal,none,unreal,1,3.0,7026,21.67,-36.31,0.597,1.171,665,30.7,45.1,31.79,-10.41,8.628,15,73.15,20.46,-32.46,22.79,-36.31,15.19,-28.83,1880,248,36,444,2510,665,83,1480,3.83,0,0.0,0.0,0,8.827296e+06,7.518758e+06,1.308538e+06,2.627,651763.0,0.465,6.737,36.8,76071112.0,61.1,61.1,126725191106560.0,5487351296.0,83,3.83,99130190.0,0,0,1404,84,76,7,1,3,0.5,0.06,44.27
B_S_k2_unre_c30,B_TOPUP,16,0.0625,random,0.052,25.0,unreal,10.0,2,rs,0.0,month,0.0,0,0,0.92,topup,signal,none,unreal,1,3.0,7027,20.75,-36.33,0.571,1.108,676,31.2,44.2,30.85,-10.28,7.913,20,73.09,20.21,-32.42,21.18,-36.33,9.03,-28.12,1880,236,36,429,2514,676,84,1470,3.87,0,0.0,0.0,0,8.440534e+06,7.322593e+06,1.11794e+06,2.712,639306.0,0.474,5.935,36.7,65074696.0,61.0,61.0,12965600296960.0,1017511104.0,84,3.87,103075834.0,0,0,1394,84,76,8,0,2,0.57,0.06,44.86
B_S_k2_unre_c30,B_TOPUP,16,0.0625,random,0.052,25.0,unreal,10.0,2,rs,0.0,month,0.0,0,0,0.92,topup,signal,none,unreal,1,3.0,7028,20.63,-36.31,0.568,1.117,672,31.0,44.2,30.78,-10.38,7.811,20,73.03,19.59,-31.8,21.56,-36.31,10.14,-30.19,1880,222,36,412,2535,672,86,1477,3.97,0,0.0,0.0,0,7.812028e+06,6.709762e+06,1.102267e+06,2.68,603168.0,0.46,5.845,36.0,63185953.0,59.4,59.4,6008583225344.0,466992640.0,86,3.97,95121681.0,0,0,1400,86,77,9,0,2,0.64,0.061,43.58
B_S_k2_unre_c30,B_TOPUP,16,0.0625,random,0.052,25.0,unreal,10.0,2,rs,0.0,month,0.0,0,0,0.92,topup,signal,none,unreal,1,3.0,7029,21.79,-36.31,0.6,1.176,670,30.9,45.1,31.42,-10.46,8.416,15,73.2,20.46,-32.46,23.03,-36.31,14.58,-28.67,1880,222,36,409,2540,670,84,1478,3.87,0,0.0,0.0,0,8.934942e+06,7.483375e+06,1.451567e+06,2.657,653595.0,0.467,6.659,36.9,77664618.0,62.1,62.1,45002566664192.0,1946813696.0,84,3.87,96641681.0,0,0,1402,86,76,8,2,3,0.57,0.061,43.4
B_S_k2_unre_c30,B_TOPUP,16,0.0625,random,0.052,25.0,unreal,10.0,2,rs,0.0,month,0.0,0,0,0.92,topup,signal,none,unreal,1,3.0,7030,20.62,-36.31,0.568,1.105,671,30.9,44.6,30.63,-10.26,7.959,20,73.13,20.46,-32.46,20.65,-36.31,5.6,-28.03,1880,240,36,433,2515,671,83,1475,3.83,0,0.0,0.0,0,8.701206e+06,7.493365e+06,1.207841e+06,2.699,654528.0,0.481,6.013,36.7,63884453.0,61.3,61.3,13727065702400.0,1080001280.0,83,3.83,100108564.0,0,0,1400,84,75,8,1,3,0.57,0.06,44.37
B_S_k2_unre_c00,B_TOPUP,16,0.0625,random,0.052,25.0,unreal,10.0,2,rs,0.0,month,0.0,0,0,0.92,topup,signal,none,unreal,1,0.0,7001,21.61,-38.16,0.566,1.134,666,30.7,45.9,30.27,-10.48,8.243,15,73.19,19.79,-31.8,23.37,-38.16,15.19,-38.16,1880,266,37,489,2464,666,80,1477,3.69,0,0.0,0.0,0,8.727486e+06,7.089575e+06,1.637911e+06,2.697,607949.0,0.463,6.347,35.9,75344083.0,65.4,65.4,45483720441856.0,4059458048.0,80,3.69,117254757.0,0,0,1404,82,73,7,2,3,0.5,0.058,82.36
B_S_k2_unre_c00,B_TOPUP,16,0.0625,random,0.052,25.0,unreal,10.0,2,rs,0.0,month,0.0,0,0,0.92,topup,signal,none,unreal,1,0.0,7002,22.31,-36.06,0.619,1.176,670,30.9,47.0,30.06,-10.36,8.64,15,73.39,20.46,-32.46,24.11,-36.06,16.07,-31.64,1880,262,37,505,2444,670,76,1473,3.5,0,0.0,0.0,0,1.0055911e+07,8.133454e+06,1.922457e+06,2.722,652499.0,0.497,6.512,37.3,85900900.0,61.1,61.1,605345709817856.0,47644807168.0,76,3.5,113478584.0,0,0,1402,76,71,5,0,2,0.36,0.054,72.75
B_S_k2_unre_c00,B_TOPUP,16,0.0625,random,0.052,25.0,unreal,10.0,2,rs,0.0,month,0.0,0,0,0.92,topup,signal,none,unreal,1,0.0,7003,21.49,-38.09,0.564,1.128,665,30.7,45.3,31.19,-10.3,8.481,19,73.12,20.09,-32.46,22.82,-38.09,14.24,-38.09,1880,275,37,503,2451,665,79,1478,3.64,0,0.0,0.0,0,8.684522e+06,7.02831e+06,1.656212e+06,2.66,600705.0,0.46,6.139,35.6,73865746.0,64.0,64.0,122073649250304.0,9606699008.0,79,3.64,113926183.0,0,0,1406,83,72,7,3,4,0.5,0.059,82.37
B_S_k2_unre_c00,B_TOPUP,16,0.0625,random,0.052,25.0,unreal,10.0,2,rs,0.0,month,0.0,0,0,0.92,topup,signal,none,unreal,1,0.0,7004,21.95,-37.49,0.585,1.154,663,30.6,46.3,30.04,-10.44,8.302,15,73.16,19.49,-31.83,24.39,-37.49,14.23,-37.49,1880,240,37,450,2506,663,80,1484,3.69,0,0.0,0.0,0,9.520692e+06,7.77781e+06,1.742883e+06,2.666,590282.0,0.458,5.915,35.0,80483166.0,64.7,64.7,69461541388288.0,5609916928.0,80,3.69,119918707.0,0,0,1410,80,74,6,0,2,0.43,0.057,79.25
B_S_k2_unre_c00,B_TOPUP,16,0.0625,random,0.052,25.0,unreal,10.0,2,rs,0.0,month,0.0,0,0,0.92,topup,signal,none,unreal,1,0.0,7005,22.11,-38.33,0.577,1.154,665,30.7,46.3,29.66,-10.47,8.115,15,73.25,19.49,-31.83,24.72,-38.33,15.08,-38.33,1880,235,37,443,2511,665,81,1482,3.74,0,0.0,0.0,0,9.590985e+06,7.77781e+06,1.813175e+06,2.7,591473.0,0.46,6.027,35.2,82742408.0,66.4,66.4,41159791476736.0,4574438912.0,81,3.74,124280984.0,0,0,1406,81,76,5,0,2,0.36,0.058,83.25
B_S_k2_unre_c00,B_TOPUP,16,0.0625,random,0.052,25.0,unreal,10.0,2,rs,0.0,month,0.0,0,0,0.92,topup,signal,none,unreal,1,0.0,7006,22.09,-36.41,0.607,1.156,656,30.2,46.2,30.87,-10.3,8.715,19,73.2,20.46,-32.46,23.66,-36.41,16.69,-36.41,1880,277,37,506,2457,656,79,1480,3.64,0,0.0,0.0,0,9.445462e+06,7.525309e+06,1.920152e+06,2.642,621612.0,0.477,6.46,36.1,82258945.0,63.1,63.1,464012965838848.0,50220826624.0,79,3.64,122033602.0,0,0,1408,82,72,7,2,4,0.5,0.058,81.64
B_S_k2_unre_c00,B_TOPUP,16,0.0625,random,0.052,25.0,unreal,10.0,2,rs,0.0,month,0.0,0,0,0.92,topup,signal,none,unreal,1,0.0,7007,21.35,-36.06,0.592,1.117,670,30.9,46.4,29.32,-10.46,8.006,15,73.31,20.46,-32.46,22.13,-36.06,15.59,-32.57,1880,262,37,506,2443,670,79,1472,3.64,0,0.0,0.0,0,8.647424e+06,7.009529e+06,1.637895e+06,2.717,652499.0,0.48,6.429,36.6,72055445.0,62.9,62.9,25374406737920.0,2464337408.0,79,3.64,108285613.0,0,0,1399,79,73,6,0,2,0.43,0.056,77.54
B_S_k2_unre_c00,B_TOPUP,16,0.0625,random,0.052,25.0,unreal,10.0,2,rs,0.0,month,0.0,0,0,0.92,topup,signal,none,unreal,1,0.0,7008,21.29,-37.42,0.569,1.115,663,30.6,45.2,30.23,-10.38,7.999,19,73.1,19.79,-31.8,22.73,-37.42,15.18,-37.42,1880,248,37,461,2495,663,82,1484,3.78,0,0.0,0.0,0,8.2525e+06,6.736594e+06,1.515907e+06,2.686,585130.0,0.46,6.135,35.0,71134740.0,65.7,65.7,15301763661824.0,1583474688.0,82,3.78,113733931.0,0,0,1407,84,77,5,1,4,0.36,0.06,78.47
B_S_k2_unre_c00,B_TOPUP,16,0.0625,random,0.052,25.0,unreal,10.0,2,rs,0.0,month,0.0,0,0,0.92,topup,signal,none,unreal,1,0.0,7009,21.53,-36.06,0.597,1.164,674,31.1,47.6,29.77,-10.47,8.695,15,72.88,20.46,-32.46,22.51,-36.06,19.01,-18.61,1880,272,37,529,2416,674,77,1465,3.55,0,0.0,0.0,0,9.260946e+06,8.121689e+06,1.139256e+06,2.728,656930.0,0.483,7.089,37.1,74723671.0,45.8,45.8,1183467500994560.0,93146906624.0,77,3.55,102609483.0,0,0,1395,77,70,7,0,2,0.5,0.055,42.59
B_S_k2_unre_c00,B_TOPUP,16,0.0625,random,0.052,25.0,unreal,10.0,2,rs,0.0,month,0.0,0,0,0.92,topup,signal,none,unreal,1,0.0,7010,20.48,-38.19,0.536,1.081,678,31.3,44.5,29.52,-10.27,7.453,19,73.16,20.09,-32.46,20.75,-38.19,5.65,-38.19,1880,284,37,537,2404,678,82,1475,3.78,0,0.0,0.0,0,7.99467e+06,6.593003e+06,1.401666e+06,2.78,608852.0,0.473,5.976,35.3,61906693.0,63.2,63.2,2864958668800.0,436937792.0,82,3.78,108272950.0,0,0,1399,84,76,6,1,4,0.43,0.06,76.26
B_S_k2_unre_c00,B_TOPUP,16,0.0625,random,0.052,25.0,unreal,10.0,2,rs,0.0,month,0.0,0,0,0.92,topup,signal,none,unreal,1,0.0,7011,21.0,-36.06,0.582,1.147,681,31.4,47.3,29.48,-10.54,8.381,15,72.68,19.59,-31.8,22.33,-36.06,19.68,-25.32,1880,293,37,563,2375,681,79,1463,3.64,0,0.0,0.0,0,8.512748e+06,7.452929e+06,1.059819e+06,2.762,610175.0,0.46,6.266,36.0,67904738.0,45.4,45.4,300272874160128.0,24294791168.0,79,3.64,98430839.0,0,0,1391,82,72,7,2,4,0.5,0.059,42.28
B_S_k2_unre_c00,B_TOPUP,16,0.0625,random,0.052,25.0,unreal,10.0,2,rs,0.0,month,0.0,0,0,0.92,topup,signal,none,unreal,1,0.0,7012,21.92,-37.48,0.585,1.133,663,30.6,46.0,30.39,-10.36,8.386,15,73.18,20.21,-32.42,23.56,-37.48,14.23,-37.48,1880,248,37,462,2494,663,78,1478,3.6,0,0.0,0.0,0,9.384997e+06,7.58179e+06,1.803206e+06,2.642,630225.0,0.46,6.622,35.9,79826574.0,65.6,65.6,100720397254656.0,9356534784.0,78,3.6,118850618.0,0,0,1406,78,72,6,0,2,0.43,0.055,79.18
B_S_k2_unre_c00,B_TOPUP,16,0.0625,random,0.052,25.0,unreal,10.0,2,rs,0.0,month,0.0,0,0,0.92,topup,signal,none,unreal,1,0.0,7013,21.64,-38.21,0.566,1.115,666,30.7,45.8,29.81,-10.52,7.948,15,73.26,20.09,-32.46,23.13,-38.21,15.18,-38.21,1880,239,37,447,2506,666,84,1477,3.87,0,0.0,0.0,0,8.773287e+06,7.114473e+06,1.658815e+06,2.694,624037.0,0.463,6.402,35.9,75816696.0,66.7,66.7,15179857264640.0,1942215424.0,84,3.87,125273624.0,0,0,1399,86,78,6,2,3,0.43,0.061,82.57
B_S_k2_unre_c00,B_TOPUP,16,0.0625,random,0.052,25.0,unreal,10.0,2,rs,0.0,month,0.0,0,0,0.92,topup,signal,none,unreal,1,0.0,7014,21.94,-38.14,0.575,1.145,667,30.8,46.5,29.95,-10.45,8.322,15,73.34,20.46,-32.46,23.34,-38.14,15.21,-38.14,1880,273,37,516,2436,667,81,1478,3.74,0,0.0,0.0,0,9.316461e+06,7.609552e+06,1.706909e+06,2.731,650663.0,0.481,6.602,36.4,80130288.0,64.5,64.5,105389840400384.0,11420284928.0,81,3.74,127725910.0,0,0,1403,83,75,6,2,3,0.43,0.059,82.23
B_S_k2_unre_c00,B_TOPUP,16,0.0625,random,0.052,25.0,unreal,10.0,2,rs,0.0,month,0.0,0,0,0.92,topup,signal,none,unreal,1,0.0,7015,22.32,-36.07,0.619,1.162,666,30.7,46.7,29.64,-10.45,8.272,15,73.25,20.09,-32.46,24.52,-36.07,16.78,-35.94,1880,235,37,440,2513,666,82,1480,3.78,0,0.0,0.0,0,9.916243e+06,7.991504e+06,1.924739e+06,2.694,624037.0,0.477,6.075,36.3,85819253.0,65.3,65.3,97928710455296.0,10597223424.0,82,3.78,131182184.0,0,0,1404,82,76,6,0,2,0.43,0.058,79.25
B_S_k2_unre_c00,B_TOPUP,16,0.0625,random,0.052,25.0,unreal,10.0,2,rs,0.0,month,0.0,0,0,0.92,topup,signal,none,unreal,1,0.0,7016,21.7,-37.43,0.58,1.146,664,30.6,45.9,30.13,-10.4,8.222,19,73.12,19.79,-31.8,23.56,-37.43,15.18,-37.43,1880,244,37,454,2501,664,82,1486,3.78,0,0.0,0.0,0,8.970082e+06,7.414746e+06,1.555337e+06,2.711,585212.0,0.464,6.011,35.5,76724651.0,64.7,64.7,54875522072576.0,4898018304.0,82,3.78,122102611.0,0,0,1409,84,77,5,1,4,0.35,0.06,78.54
B_S_k2_unre_c00,B_TOPUP,16,0.0625,random,0.052,25.0,unreal,10.0,2,rs,0.0,month,0.0,0,0,0.92,topup,signal,none,unreal,1,0.0,7017,21.4,-38.17,0.561,1.125,662,30.5,45.3,30.72,-10.41,8.228,19,73.17,19.79,-31.8,22.95,-38.17,15.19,-38.17,1880,271,37,495,2462,662,82,1481,3.78,0,0.0,0.0,0,8.396094e+06,6.811292e+06,1.584802e+06,2.683,584424.0,0.461,5.943,35.0,72569140.0,65.0,65.0,36356692639744.0,3247046912.0,82,3.78,116132684.0,0,0,1406,86,75,7,3,4,0.5,0.061,82.39
B_S_k2_unre_c00,B_TOPUP,16,0.0625,random,0.052,25.0,unreal,10.0,2,rs,0.0,month,0.0,0,0,0.92,topup,signal,none,unreal,1,0.0,7018,21.35,-36.37,0.587,1.119,671,30.9,45.6,30.05,-10.27,8.119,19,73.13,20.21,-32.42,22.39,-36.37,17.71,-32.63,1880,268,37,508,2440,671,77,1470,3.55,0,0.0,0.0,0,8.391856e+06,6.793851e+06,1.598004e+06,2.698,610234.0,0.464,6.317,36.1,71841912.0,62.9,62.9,41748197801984.0,3877863680.0,77,3.55,104063538.0,0,0,1399,79,71,6,1,4,0.43,0.056,77.54
B_S_k2_unre_c00,B_TOPUP,16,0.0625,random,0.052,25.0,unreal,10.0,2,rs,0.0,month,0.0,0,0,0.92,topup,signal,none,unreal,1,0.0,7019,19.31,-36.37,0.531,1.068,675,31.1,46.1,28.84,-10.45,7.651,19,72.67,19.86,-31.83,18.61,-36.37,3.12,-33.34,1880,301,37,584,2360,675,82,1472,3.78,0,0.0,0.0,0,8.148004e+06,7.095739e+06,1.052265e+06,2.767,602902.0,0.459,5.98,35.1,51105053.0,46.5,46.5,8136419704832.0,1079120640.0,82,3.78,99902426.0,0,0,1397,87,75,7,2,5,0.5,0.062,49.71
B_S_k2_unre_c00,B_TOPUP,16,0.0625,random,0.052,25.0,unreal,10.0,2,rs,0.0,month,0.0,0,0,0.92,topup,signal,none,unreal,1,0.0,7020,22.1,-36.05,0.613,1.162,669,30.8,46.2,29.64,-10.41,8.092,15,73.3,19.86,-31.83,24.3,-36.05,14.73,-35.17,1880,253,37,482,2468,669,82,1482,3.78,0,0.0,0.0,0,9.544331e+06,7.653002e+06,1.891328e+06,2.766,617077.0,0.46,6.197,36.0,82502837.0,62.9,62.9,45242480852992.0,5032337408.0,82,3.78,122519080.0,0,0,1405,82,77,5,0,2,0.36,0.058,71.51
B_S_k2_unre_c00,B_TOPUP,16,0.0625,random,0.052,25.0,unreal,10.0,2,rs,0.0,month,0.0,0,0,0.92,topup,signal,none,unreal,1,0.0,7021,21.51,-36.67,0.586,1.112,664,30.6,46.1,29.43,-10.45,7.927,15,73.2,19.79,-31.8,23.16,-36.67,16.86,-36.67,1880,243,37,471,2484,664,82,1483,3.78,0,0.0,0.0,0,8.470734e+06,6.740891e+06,1.729843e+06,2.684,607485.0,0.461,6.068,35.5,73887317.0,66.6,66.6,12164230283264.0,1258398464.0,82,3.78,117173751.0,0,0,1407,82,76,6,0,2,0.43,0.058,82.97
B_S_k2_unre_c00,B_TOPUP,16,0.0625,random,0.052,25.0,unreal,10.0,2,rs,0.0,month,0.0,0,0,0.92,topup,signal,none,unreal,1,0.0,7022,21.57,-36.37,0.593,1.144,668,30.8,46.0,30.07,-10.17,8.322,19,73.22,20.46,-32.46,22.58,-36.37,9.45,-34.11,1880,260,37,502,2449,668,78,1474,3.6,0,0.0,0.0,0,9.680915e+06,8.011127e+06,1.669788e+06,2.74,629241.0,0.484,6.657,36.5,75709428.0,59.3,59.3,182096513466368.0,22455330816.0,78,3.6,116192045.0,0,0,1402,80,72,6,1,4,0.43,0.057,72.68
B_S_k2_unre_c00,B_TOPUP,16,0.0625,random,0.052,25.0,unreal,10.0,2,rs,0.0,month,0.0,0,0,0.92,topup,signal,none,unreal,1,0.0,7023,21.62,-38.11,0.567,1.135,663,30.6,45.9,30.48,-10.45,8.317,15,73.24,19.59,-31.8,23.59,-38.11,14.07,-38.11,1880,272,37,504,2452,663,81,1478,3.74,0,0.0,0.0,0,8.819453e+06,7.017278e+06,1.802174e+06,2.652,595753.0,0.452,5.564,35.1,75611353.0,63.7,63.7,62034628575232.0,5019159552.0,81,3.74,115012237.0,0,0,1404,81,74,7,0,2,0.5,0.058,82.49
B_S_k2_unre_c00,B_TOPUP,16,0.0625,random,0.052,25.0,unreal,10.0,2,rs,0.0,month,0.0,0,0,0.92,topup,signal,none,unreal,1,0.0,7024,21.52,-38.09,0.565,1.131,662,30.5,45.9,30.7,-10.48,8.433,15,73.24,19.79,-31.8,23.19,-38.09,14.24,-38.09,1880,272,37,501,2456,662,81,1481,3.74,0,0.0,0.0,0,8.752523e+06,7.099104e+06,1.65342e+06,2.66,606573.0,0.462,5.914,35.5,74319515.0,63.4,63.4,76564125450240.0,4966431232.0,81,3.74,116821552.0,0,0,1407,83,74,7,2,3,0.5,0.059,82.39
B_S_k2_unre_c00,B_TOPUP,16,0.0625,random,0.052,25.0,unreal,10.0,2,rs,0.0,month,0.0,0,0,0.92,topup,signal,none,unreal,1,0.0,7025,21.39,-37.88,0.565,1.133,660,30.4,46.2,30.3,-10.44,8.384,15,73.16,19.86,-31.83,22.86,-37.88,14.01,-37.88,1880,277,37,511,2448,660,79,1481,3.64,0,0.0,0.0,0,8.575687e+06,7.007412e+06,1.568276e+06,2.645,611695.0,0.46,6.123,36.1,72583519.0,62.7,62.7,75083687133184.0,6064086528.0,79,3.64,110971017.0,0,0,1408,81,73,6,1,4,0.43,0.058,81.32
B_S_k2_unre_c00,B_TOPUP,16,0.0625,random,0.052,25.0,unreal,10.0,2,rs,0.0,month,0.0,0,0,0.92,topup,signal,none,unreal,1,0.0,7026,21.93,-37.94,0.578,1.147,660,30.4,46.4,30.79,-10.4,8.694,15,73.3,20.46,-32.46,23.32,-37.94,14.13,-37.94,1880,278,37,512,2447,660,80,1478,3.69,0,0.0,0.0,0,9.406809e+06,7.588878e+06,1.817931e+06,2.654,646283.0,0.481,6.316,36.5,80045121.0,62.3,62.3,350206600151040.0,27563628544.0,80,3.69,122969503.0,0,0,1405,81,73,7,1,3,0.5,0.058,81.6
B_S_k2_unre_c00,B_TOPUP,16,0.0625,random,0.052,25.0,unreal,10.0,2,rs,0.0,month,0.0,0,0,0.92,topup,signal,none,unreal,1,0.0,7027,21.83,-38.11,0.573,1.14,667,30.8,46.0,30.64,-10.44,8.469,15,73.29,20.21,-32.42,23.38,-38.11,14.24,-38.11,1880,274,37,500,2452,667,81,1476,3.74,0,0.0,0.0,0,9.292972e+06,7.570193e+06,1.722778e+06,2.689,632005.0,0.464,6.113,35.8,78699974.0,63.1,63.1,154143742230528.0,12132554752.0,81,3.74,125521251.0,0,0,1402,83,74,7,2,3,0.5,0.059,82.45
B_S_k2_unre_c00,B_TOPUP,16,0.0625,random,0.052,25.0,unreal,10.0,2,rs,0.0,month,0.0,0,0,0.92,topup,signal,none,unreal,1,0.0,7028,21.05,-36.06,0.584,1.145,677,31.2,47.1,29.56,-10.59,8.328,15,72.63,19.59,-31.8,22.43,-36.06,18.28,-26.36,1880,286,37,549,2393,677,77,1465,3.55,0,0.0,0.0,0,8.536144e+06,7.476324e+06,1.059819e+06,2.708,607623.0,0.455,6.141,34.7,68398613.0,46.1,46.1,182989480787968.0,14805509120.0,77,3.55,94626938.0,0,0,1395,80,70,7,1,5,0.5,0.057,42.28
B_S_k2_unre_c00,B_TOPUP,16,0.0625,random,0.052,25.0,unreal,10.0,2,rs,0.0,month,0.0,0,0,0.92,topup,signal,none,unreal,1,0.0,7029,21.87,-38.09,0.574,1.142,660,30.4,46.2,30.74,-10.41,8.604,15,73.31,20.46,-32.46,23.19,-38.09,14.24,-38.09,1880,273,37,502,2457,660,81,1480,3.74,0,0.0,0.0,0,9.338063e+06,7.588878e+06,1.749184e+06,2.66,646283.0,0.481,6.319,36.5,79168833.0,63.3,63.3,205064975155200.0,16140009472.0,81,3.74,124465910.0,0,0,1406,83,74,7,2,3,0.5,0.059,82.39
B_S_k2_unre_c00,B_TOPUP,16,0.0625,random,0.052,25.0,unreal,10.0,2,rs,0.0,month,0.0,0,0,0.92,topup,signal,none,unreal,1,0.0,7030,21.07,-36.06,0.584,1.143,676,31.2,47.5,29.71,-10.51,8.584,15,72.72,20.46,-32.46,21.57,-36.06,18.58,-28.25,1880,288,37,552,2391,676,80,1466,3.69,0,0.0,0.0,0,8.964266e+06,7.8295e+06,1.134767e+06,2.745,658528.0,0.481,6.52,36.1,68986310.0,45.8,45.8,591068097675264.0,46521057280.0,80,3.69,106657591.0,0,0,1393,83,73,7,2,4,0.5,0.06,43.47
B_S_k2_cush_c20,B_TOPUP,16,0.0625,random,0.052,25.0,unreal,10.0,2,rs,0.0,month,0.0,0,0,0.92,topup,signal,none,cushion,1,2.0,7001,20.94,-40.33,0.519,1.148,689,31.8,45.4,35.02,-10.57,10.143,21,72.39,19.72,-30.22,22.13,-40.33,26.87,-20.23,1880,198,2,337,2593,689,85,1468,3.92,0,0.0,0.0,0,7.278347e+06,6.311086e+06,967260.0,2.663,562768.0,0.472,5.489,34.1,66100630.0,51.5,51.5,3.892017329759846e+16,406304522240.0,85,3.92,67401853.0,0,0,1391,88,77,8,2,4,0.58,0.063,25.5
B_S_k2_cush_c20,B_TOPUP,16,0.0625,random,0.052,25.0,unreal,10.0,2,rs,0.0,month,0.0,0,0,0.92,topup,signal,none,cushion,1,2.0,7002,19.55,-40.31,0.485,1.086,696,32.1,45.3,34.14,-10.66,9.614,21,72.15,19.48,-31.61,19.55,-40.31,12.21,-24.36,1880,217,2,393,2530,696,85,1458,3.92,0,0.0,0.0,0,7.095424e+06,6.153465e+06,941959.0,2.712,554776.0,0.47,5.349,32.9,52225229.0,46.8,46.8,5458278515474432.0,69480939520.0,85,3.92,62760697.0,0,0,1381,88,77,8,2,4,0.58,0.064,25.5
B_S_k2_cush_c20,B_TOPUP,16,0.0625,random,0.052,25.0,unreal,10.0,2,rs,0.0,month,0.0,0,0,0.92,topup,signal,none,cushion,1,2.0,7003,20.36,-40.31,0.505,1.126,692,31.9,45.4,34.67,-10.56,9.963,21,72.42,19.92,-31.61,20.68,-40.31,20.13,-21.15,1880,211,2,372,2555,692,85,1462,3.92,0,0.0,0.0,0,7.173188e+06,6.201426e+06,971762.0,2.664,574510.0,0.463,5.224,33.4,59894165.0,48.9,48.9,2.1065884726460416e+16,231546634240.0,85,3.92,62769465.0,0,0,1385,89,77,8,2,5,0.58,0.064,25.5
B_S_k2_cush_c20,B_TOPUP,16,0.0625,random,0.052,25.0,unreal,10.0,2,rs,0.0,month,0.0,0,0,0.92,topup,signal,none,cushion,1,2.0,7004,20.28,-40.33,0.503,1.115,689,31.8,45.6,34.49,-10.84,9.82,21,72.32,19.2,-31.0,21.27,-40.33,28.64,-24.82,1880,217,2,382,2548,689,87,1465,4.01,0,0.0,0.0,0,6.570314e+06,5.655048e+06,915265.0,2.65,535476.0,0.446,5.047,32.7,58587298.0,52.6,52.6,6624638624858112.0,73379586048.0,87,4.01,63871248.0,0,0,1386,91,79,8,2,5,0.58,0.066,26.31
B_S_k2_cush_c20,B_TOPUP,16,0.0625,random,0.052,25.0,unreal,10.0,2,rs,0.0,month,0.0,0,0,0.92,topup,signal,none,cushion,1,2.0,7005,20.11,-40.33,0.499,1.112,689,31.8,45.1,34.96,-10.63,9.951,21,72.33,19.2,-31.0,20.92,-40.33,21.66,-24.94,1880,201,2,360,2570,689,90,1471,4.15,0,0.0,0.0,0,6.69056e+06,5.778374e+06,912187.0,2.671,535476.0,0.45,4.977,32.1,57040847.0,46.2,46.2,1.239638693904384e+16,136169865216.0,90,4.15,68316607.0,0,0,1389,94,82,8,2,5,0.58,0.068,26.31
B_S_k2_cush_c20,B_TOPUP,16,0.0625,random,0.052,25.0,unreal,10.0,2,rs,0.0,month,0.0,0,0,0.92,topup,signal,none,cushion,1,2.0,7006,20.45,-40.49,0.505,1.128,688,31.7,45.5,35.75,-10.73,10.415,20,72.32,19.48,-31.61,21.39,-40.49,23.99,-27.99,1880,215,2,408,2523,688,84,1461,3.87,0,0.0,0.0,0,7.225566e+06,6.274328e+06,951238.0,2.664,556961.0,0.475,5.343,33.4,60883768.0,46.1,46.1,1.043815522673623e+17,1079372742656.0,84,3.87,69141240.0,0,0,1385,87,76,8,3,3,0.58,0.063,25.43
B_S_k2_cush_c20,B_TOPUP,16,0.0625,random,0.052,25.0,unreal,10.0,2,rs,0.0,month,0.0,0,0,0.92,topup,signal,none,cushion,1,2.0,7007,20.56,-40.49,0.508,1.132,688,31.7,45.3,35.88,-10.67,10.438,20,72.25,19.48,-31.61,21.6,-40.49,23.74,-29.4,1880,214,2,398,2533,688,87,1465,4.01,0,0.0,0.0,0,7.225566e+06,6.274328e+06,951238.0,2.656,556961.0,0.483,5.474,33.7,61951583.0,45.0,45.0,1.1866118465519616e+17,1227033542656.0,87,4.01,68872967.0,0,0,1386,90,79,8,2,4,0.58,0.065,25.43
B_S_k2_cush_c20,B_TOPUP,16,0.0625,random,0.052,25.0,unreal,10.0,2,rs,0.0,month,0.0,0,0,0.92,topup,signal,none,cushion,1,2.0,7008,20.63,-40.47,0.51,1.132,687,31.7,45.4,35.85,-10.66,10.463,20,72.32,19.72,-30.22,21.48,-40.47,22.94,-27.41,1880,214,2,398,2534,687,86,1465,3.97,0,0.0,0.0,0,7.398793e+06,6.42647e+06,972323.0,2.648,571077.0,0.485,5.523,33.8,62757869.0,46.0,46.0,1.367269509735383e+17,1415271415808.0,86,3.97,66492677.0,0,0,1387,89,78,8,2,4,0.58,0.064,25.43
B_S_k2_cush_c20,B_TOPUP,16,0.0625,random,0.052,25.0,unreal,10.0,2,rs,0.0,month,0.0,0,0,0.92,topup,signal,none,cushion,1,2.0,7009,19.98,-40.49,0.493,1.109,685,31.6,45.8,34.34,-10.69,9.947,20,72.28,19.48,-31.61,20.41,-40.49,15.43,-19.07,1880,202,2,339,2595,685,82,1464,3.78,0,0.0,0.0,0,7.211682e+06,6.25602e+06,955663.0,2.652,555369.0,0.475,5.292,33.9,56171471.0,47.0,47.0,1.7802565353734144e+16,226455601152.0,82,3.78,68714152.0,0,0,1390,84,74,8,2,3,0.58,0.06,25.43
B_S_k2_cush_c20,B_TOPUP,16,0.0625,random,0.052,25.0,unreal,10.0,2,rs,0.0,month,0.0,0,0,0.92,topup,signal,none,cushion,1,2.0,7010,20.06,-40.31,0.497,1.105,693,32.0,45.7,34.21,-10.69,9.85,21,72.47,19.92,-31.61,20.06,-40.31,17.1,-23.01,1880,216,2,403,2523,693,85,1459,3.92,0,0.0,0.0,0,7.415796e+06,6.44461e+06,971185.0,2.714,575691.0,0.476,5.573,34.8,57143178.0,44.9,44.9,2.244658571562189e+16,326574374912.0,85,3.92,69983911.0,0,0,1382,88,77,8,3,3,0.58,0.064,25.5
B_S_k2_cush_c20,B_TOPUP,16,0.0625,random,0.052,25.0,unreal,10.0,2,rs,0.0,month,0.0,0,0,0.92,topup,signal,none,cushion,1,2.0,7011,20.15,-40.34,0.499,1.116,688,31.7,45.6,35.0,-10.53,10.25,21,72.23,19.7,-30.22,20.47,-40.34,16.39,-21.32,1880,214,2,379,2552,688,82,1454,3.78,0,0.0,0.0,0,7.131162e+06,6.191882e+06,939280.0,2.639,561533.0,0.456,5.461,33.6,57666106.0,43.2,43.2,1.0638432128729088e+17,1355321049088.0,82,3.78,63008436.0,0,0,1380,86,74,8,3,4,0.58,0.062,25.5
B_S_k2_cush_c20,B_TOPUP,16,0.0625,random,0.052,25.0,unreal,10.0,2,rs,0.0,month,0.0,0,0,0.92,topup,signal,none,cushion,1,2.0,7012,20.95,-40.34,0.519,1.141,691,31.9,45.9,34.89,-10.64,10.251,21,72.45,20.29,-33.18,21.5,-40.34,27.97,-23.18,1880,212,2,386,2542,691,84,1457,3.87,0,0.0,0.0,0,7.313944e+06,6.310672e+06,1.003272e+06,2.673,594849.0,0.48,5.608,34.7,66185725.0,51.9,51.9,8.405762958373683e+16,923687845888.0,84,3.87,70006578.0,0,0,1381,88,76,8,2,5,0.58,0.064,25.5
B_S_k2_cush_c20,B_TOPUP,16,0.0625,random,0.052,25.0,unreal,10.0,2,rs,0.0,month,0.0,0,0,0.92,topup,signal,none,cushion,1,2.0,7013,20.63,-40.31,0.512,1.129,694,32.0,45.2,34.9,-10.61,9.979,21,72.36,19.92,-31.61,21.23,-40.31,26.12,-23.35,1880,205,2,374,2551,694,88,1463,4.06,0,0.0,0.0,0,7.05824e+06,6.082245e+06,975995.0,2.706,575883.0,0.46,5.416,33.9,62505834.0,52.4,52.4,2.184868331834573e+16,242110726144.0,88,4.06,71485815.0,0,0,1383,92,80,8,2,5,0.58,0.067,25.5
B_S_k2_cush_c20,B_TOPUP,16,0.0625,random,0.052,25.0,unreal,10.0,2,rs,0.0,month,0.0,0,0,0.92,topup,signal,none,cushion,1,2.0,7014,20.25,-40.31,0.502,1.116,691,31.9,45.2,35.72,-10.68,10.269,21,72.19,19.48,-31.61,20.98,-40.31,20.93,-29.41,1880,213,2,397,2531,691,88,1465,4.06,0,0.0,0.0,0,7.095424e+06,6.153465e+06,941959.0,2.675,550682.0,0.475,5.354,32.7,58740963.0,46.4,46.4,5.462953157879398e+16,565308293120.0,88,4.06,68169094.0,0,0,1385,91,80,8,2,4,0.58,0.066,25.5
B_S_k2_cush_c20,B_TOPUP,16,0.0625,random,0.052,25.0,unreal,10.0,2,rs,0.0,month,0.0,0,0,0.92,topup,signal,none,cushion,1,2.0,7015,21.41,-40.31,0.531,1.163,688,31.7,45.8,35.23,-10.63,10.367,21,72.29,19.92,-31.61,22.82,-40.31,33.41,-22.96,1880,216,2,394,2537,688,85,1462,3.92,0,0.0,0.0,0,7.440633e+06,6.469447e+06,971185.0,2.609,571751.0,0.475,5.65,34.6,71556905.0,50.4,50.4,1.3256849491807437e+17,1469309124608.0,85,3.92,61909881.0,0,0,1385,88,77,8,2,4,0.58,0.064,25.5
B_S_k2_cush_c20,B_TOPUP,16,0.0625,random,0.052,25.0,unreal,10.0,2,rs,0.0,month,0.0,0,0,0.92,topup,signal,none,cushion,1,2.0,7016,20.58,-40.47,0.509,1.133,687,31.7,45.7,35.72,-10.73,10.499,20,72.39,19.72,-30.22,21.39,-40.47,24.0,-27.99,1880,215,2,408,2524,687,85,1463,3.92,0,0.0,0.0,0,7.398793e+06,6.42647e+06,972323.0,2.665,571077.0,0.486,5.468,33.8,62325511.0,46.0,46.0,1.659596666212188e+17,1717861744640.0,85,3.92,70836291.0,0,0,1386,88,77,8,3,3,0.58,0.063,25.43
B_S_k2_cush_c20,B_TOPUP,16,0.0625,random,0.052,25.0,unreal,10.0,2,rs,0.0,month,0.0,0,0,0.92,topup,signal,none,cushion,1,2.0,7017,20.64,-40.47,0.51,1.14,686,31.6,46.2,34.62,-10.69,10.244,20,72.46,19.72,-30.22,21.51,-40.47,28.32,-22.99,1880,213,2,396,2537,686,80,1459,3.69,0,0.0,0.0,0,7.064962e+06,6.088278e+06,976684.0,2.618,570810.0,0.473,5.32,33.5,62644948.0,52.1,52.1,6.179451198609818e+16,645002362880.0,80,3.69,63967625.0,0,0,1385,82,74,6,2,3,0.43,0.059,25.43
B_S_k2_cush_c20,B_TOPUP,16,0.0625,random,0.052,25.0,unreal,10.0,2,rs,0.0,month,0.0,0,0,0.92,topup,signal,none,cushion,1,2.0,7018,20.8,-40.34,0.516,1.129,686,31.6,44.9,35.77,-10.74,10.137,21,72.6,20.29,-33.18,21.19,-40.34,25.01,-24.89,1880,193,2,330,2603,686,85,1471,3.92,0,0.0,0.0,0,6.813064e+06,5.674773e+06,1.138291e+06,2.663,591865.0,0.477,5.524,34.1,64047482.0,60.6,60.6,1.2685710968487936e+16,128643489792.0,85,3.92,76905527.0,0,0,1393,88,78,7,2,4,0.5,0.063,33.41
B_S_k2_cush_c20,B_TOPUP,16,0.0625,random,0.052,25.0,unreal,10.0,2,rs,0.0,month,0.0,0,0,0.92,topup,signal,none,cushion,1,2.0,7019,19.97,-40.51,0.493,1.11,689,31.8,45.4,34.72,-10.76,9.902,20,72.3,18.77,-31.0,21.13,-40.51,22.37,-26.27,1880,220,2,416,2514,689,84,1460,3.87,0,0.0,0.0,0,6.745438e+06,5.850938e+06,894499.0,2.667,522450.0,0.463,5.024,31.9,55745181.0,47.9,47.9,9166394365050880.0,94742003712.0,84,3.87,62409553.0,0,0,1384,87,76,8,3,3,0.58,0.063,26.31
B_S_k2_cush_c20,B_TOPUP,16,0.0625,random,0.052,25.0,unreal,10.0,2,rs,0.0,month,0.0,0,0,0.92,topup,signal,none,cushion,1,2.0,7020,19.99,-40.33,0.496,1.101,683,31.5,44.4,35.2,-10.76,9.626,21,72.43,18.77,-31.0,21.17,-40.33,24.55,-23.36,1880,188,2,318,2618,683,87,1478,4.01,0,0.0,0.0,0,5.848822e+06,4.858825e+06,989996.0,2.628,510473.0,0.445,4.813,30.7,55133743.0,59.7,59.7,765015749558272.0,7628992000.0,87,4.01,69473728.0,0,0,1398,90,80,7,2,4,0.5,0.064,33.4
B_S_k2_cush_c20,B_TOPUP,16,0.0625,random,0.052,25.0,unreal,10.0,2,rs,0.0,month,0.0,0,0,0.92,topup,signal,none,cushion,1,2.0,7021,20.6,-40.33,0.511,1.127,687,31.7,44.8,35.42,-10.74,9.957,21,72.41,19.72,-30.22,21.43,-40.33,26.15,-25.32,1880,191,2,328,2604,687,88,1473,4.06,0,0.0,0.0,0,6.442182e+06,5.339565e+06,1.102617e+06,2.67,562101.0,0.475,5.246,33.3,61647153.0,61.0,61.0,5319191905173504.0,53129740288.0,88,4.06,75976124.0,0,0,1392,91,81,7,2,4,0.5,0.065,33.36
B_S_k2_cush_c20,B_TOPUP,16,0.0625,random,0.052,25.0,unreal,10.0,2,rs,0.0,month,0.0,0,0,0.92,topup,signal,none,cushion,1,2.0,7022,20.65,-40.49,0.51,1.135,684,31.5,45.0,35.81,-10.72,10.231,20,72.46,19.48,-31.61,21.78,-40.49,27.58,-23.63,1880,200,2,351,2584,684,83,1467,3.83,0,0.0,0.0,0,6.569668e+06,5.28184e+06,1.287828e+06,2.652,554254.0,0.455,5.197,32.9,62301762.0,57.5,57.5,2.035939911349043e+16,203528617984.0,83,3.83,72317479.0,0,0,1391,87,76,8,2,4,0.58,0.063,33.34
B_S_k2_cush_c20,B_TOPUP,16,0.0625,random,0.052,25.0,unreal,10.0,2,rs,0.0,month,0.0,0,0,0.92,topup,signal,none,cushion,1,2.0,7023,20.11,-40.48,0.497,1.11,683,31.5,44.9,35.39,-10.52,10.116,20,72.58,19.7,-30.22,20.4,-40.48,12.23,-19.95,1880,200,2,339,2597,683,84,1472,3.87,0,0.0,0.0,0,7.181396e+06,5.725612e+06,1.455785e+06,2.66,568592.0,0.454,5.382,33.1,57427263.0,54.1,54.1,2.188493928477491e+16,258191065088.0,84,3.87,73678562.0,0,0,1394,86,78,6,2,3,0.43,0.062,32.34
B_S_k2_cush_c20,B_TOPUP,16,0.0625,random,0.052,25.0,unreal,10.0,2,rs,0.0,month,0.0,0,0,0.92,topup,signal,none,cushion,1,2.0,7024,20.81,-40.33,0.516,1.138,688,31.7,44.6,35.89,-10.65,10.115,21,72.52,19.72,-30.22,21.86,-40.33,24.78,-20.1,1880,213,2,355,2576,688,88,1471,4.06,0,0.0,0.0,0,6.888834e+06,5.353322e+06,1.535512e+06,2.679,562435.0,0.469,5.368,32.8,64323281.0,59.8,59.8,1.4771735781965824e+16,146860867584.0,88,4.06,72814631.0,0,0,1391,91,80,8,2,4,0.58,0.065,31.41
B_S_k2_cush_c20,B_TOPUP,16,0.0625,random,0.052,25.0,unreal,10.0,2,rs,0.0,month,0.0,0,0,0.92,topup,signal,none,cushion,1,2.0,7025,20.03,-40.51,0.494,1.111,689,31.8,45.3,35.17,-10.79,10.023,20,72.32,18.77,-31.0,21.25,-40.51,23.14,-29.9,1880,214,2,406,2524,689,88,1466,4.06,0,0.0,0.0,0,6.745438e+06,5.850938e+06,894499.0,2.697,522450.0,0.463,4.96,31.9,56326787.0,46.9,46.9,1.4977354120036352e+16,154802929664.0,88,4.06,70868811.0,0,0,1386,91,80,8,3,3,0.58,0.066,26.31
B_S_k2_cush_c20,B_TOPUP,16,0.0625,random,0.052,25.0,unreal,10.0,2,rs,0.0,month,0.0,0,0,0.92,topup,signal,none,cushion,1,2.0,7026,21.36,-40.49,0.528,1.159,683,31.5,45.5,35.59,-10.63,10.415,20,72.46,19.48,-31.61,23.24,-40.49,29.04,-18.42,1880,203,2,343,2593,683,85,1467,3.92,0,0.0,0.0,0,7.246352e+06,5.66413e+06,1.582222e+06,2.641,553139.0,0.461,5.236,33.2,70895390.0,55.7,55.7,6.806816642039808e+16,675556753408.0,85,3.92,74503863.0,0,0,1390,87,77,8,2,3,0.58,0.063,30.77
B_S_k2_cush_c20,B_TOPUP,16,0.0625,random,0.052,25.0,unreal,10.0,2,rs,0.0,month,0.0,0,0,0.92,topup,signal,none,cushion,1,2.0,7027,20.3,-40.34,0.503,1.115,695,32.0,45.3,35.59,-10.68,10.292,21,72.41,20.29,-33.18,20.17,-40.34,20.68,-30.54,1880,210,2,384,2540,695,89,1462,4.1,0,0.0,0.0,0,7.313944e+06,6.310672e+06,1.003272e+06,2.734,599171.0,0.479,5.483,34.4,59313425.0,47.4,47.4,9.229875270175949e+16,1006036058112.0,89,4.1,77296353.0,0,0,1382,93,80,9,2,5,0.65,0.067,25.5
B_S_k2_cush_c20,B_TOPUP,16,0.0625,random,0.052,25.0,unreal,10.0,2,rs,0.0,month,0.0,0,0,0.92,topup,signal,none,cushion,1,2.0,7028,20.76,-40.34,0.515,1.135,691,31.9,45.4,35.23,-10.65,10.199,21,72.45,19.7,-30.22,21.72,-40.34,27.51,-24.06,1880,209,2,392,2536,691,86,1464,3.97,0,0.0,0.0,0,7.289786e+06,6.350122e+06,939665.0,2.686,563372.0,0.465,5.484,33.9,64159306.0,51.3,51.3,5.381406331817165e+16,561874075648.0,86,3.97,72018786.0,0,0,1386,89,78,8,3,3,0.58,0.064,25.5
B_S_k2_cush_c20,B_TOPUP,16,0.0625,random,0.052,25.0,unreal,10.0,2,rs,0.0,month,0.0,0,0,0.92,topup,signal,none,cushion,1,2.0,7029,20.22,-40.31,0.502,1.115,690,31.8,44.9,34.82,-10.51,9.856,21,72.38,19.48,-31.61,20.9,-40.31,12.52,-24.08,1880,184,2,323,2606,690,85,1472,3.92,0,0.0,0.0,0,7.373608e+06,6.428058e+06,945550.0,2.735,550539.0,0.459,5.416,33.2,58670735.0,53.4,53.4,1.0073195105222656e+16,118382059520.0,85,3.92,81135810.0,0,0,1394,87,78,7,2,3,0.5,0.062,33.42
B_S_k2_cush_c20,B_TOPUP,16,0.0625,random,0.052,25.0,unreal,10.0,2,rs,0.0,month,0.0,0,0,0.92,topup,signal,none,cushion,1,2.0,7030,19.47,-40.49,0.481,1.082,694,32.0,44.8,35.3,-10.7,9.914,20,72.16,19.48,-31.61,19.38,-40.49,23.96,-34.34,1880,207,2,364,2561,694,90,1467,4.15,0,0.0,0.0,0,6.561453e+06,5.610921e+06,950533.0,2.718,561721.0,0.462,4.754,33.0,51028457.0,48.2,48.2,9409329526472704.0,97298530304.0,90,4.15,72167484.0,0,0,1384,93,83,7,2,4,0.51,0.067,25.43
B_S_k2_cush_c30,B_TOPUP,16,0.0625,random,0.052,25.0,unreal,10.0,2,rs,0.0,month,0.0,0,0,0.92,topup,signal,none,cushion,1,3.0,7001,18.7,-42.91,0.436,1.044,684,31.5,44.4,33.09,-10.69,8.765,20,72.32,19.63,-30.38,17.62,-42.91,18.47,-33.27,1880,182,2,335,2600,684,88,1470,4.06,0,0.0,0.0,0,5.938521e+06,5.011383e+06,927138.0,2.733,573447.0,0.499,4.881,33.5,44230748.0,52.2,52.2,50583650172928.0,822344256.0,88,4.06,80037478.0,0,0,1390,93,80,8,3,4,0.58,0.067,36.24
B_S_k2_cush_c30,B_TOPUP,16,0.0625,random,0.052,25.0,unreal,10.0,2,rs,0.0,month,0.0,0,0,0.92,topup,signal,none,cushion,1,3.0,7002,19.03,-42.09,0.452,1.062,676,31.2,44.5,33.63,-10.66,9.058,19,72.54,19.89,-30.39,18.01,-42.09,11.32,-27.4,1880,184,2,342,2601,676,89,1481,4.1,0,0.0,0.0,0,6.5372e+06,5.584284e+06,952916.0,2.747,590983.0,0.481,5.507,33.7,47326119.0,50.6,50.6,156184019468288.0,2537564672.0,89,4.1,92564735.0,0,0,1401,92,80,9,2,4,0.64,0.066,36.22
B_S_k2_cush_c30,B_TOPUP,16,0.0625,random,0.052,25.0,unreal,10.0,2,rs,0.0,month,0.0,0,0,0.92,topup,signal,none,cushion,1,3.0,7003,19.69,-42.1,0.468,1.096,678,31.3,44.4,34.66,-10.75,9.41,19,72.28,19.51,-30.39,19.75,-42.1,27.27,-29.36,1880,205,2,411,2530,678,87,1477,4.01,0,0.0,0.0,0,6.006405e+06,5.096212e+06,910193.0,2.652,567173.0,0.465,5.083,32.6,52441115.0,58.0,58.0,453560357617664.0,5411776000.0,87,4.01,75956944.0,0,0,1398,93,79,8,3,5,0.57,0.067,36.22
B_S_k2_cush_c30,B_TOPUP,16,0.0625,random,0.052,25.0,unreal,10.0,2,rs,0.0,month,0.0,0,0,0.92,topup,signal,none,cushion,1,3.0,7004,19.81,-42.1,0.471,1.094,680,31.4,44.6,34.38,-10.72,9.375,19,72.33,19.53,-30.34,19.96,-42.1,25.39,-23.24,1880,189,2,344,2595,680,87,1474,4.01,0,0.0,0.0,0,5.846124e+06,4.925806e+06,920318.0,2.708,571952.0,0.458,5.055,32.4,53308721.0,53.5,53.5,460455726284800.0,5491946496.0,87,4.01,80567515.0,0,0,1396,94,78,9,3,6,0.64,0.067,36.0
B_S_k2_cush_c30,B_TOPUP,16,0.0625,random,0.052,25.0,unreal,10.0,2,rs,0.0,month,0.0,0,0,0.92,topup,signal,none,cushion,1,3.0,7005,19.38,-42.1,0.46,1.083,674,31.1,44.2,34.98,-10.78,9.454,19,72.36,19.53,-30.34,19.09,-42.1,28.47,-33.21,1880,201,2,400,2545,674,87,1478,4.01,0,0.0,0.0,0,6.017948e+06,5.106575e+06,911373.0,2.656,566907.0,0.459,5.242,32.2,49726296.0,59.3,59.3,406951775174656.0,4855245824.0,87,4.01,82527484.0,0,0,1399,93,79,8,4,4,0.57,0.066,36.0
B_S_k2_cush_c30,B_TOPUP,16,0.0625,random,0.052,25.0,unreal,10.0,2,rs,0.0,month,0.0,0,0,0.92,topup,signal,none,cushion,1,3.0,7006,20.08,-41.8,0.48,1.091,673,31.0,44.3,35.27,-10.51,9.76,19,72.65,19.89,-30.39,20.15,-41.8,25.69,-21.17,1880,180,2,316,2630,673,88,1484,4.06,0,0.0,0.0,0,6.306679e+06,5.359742e+06,946938.0,2.709,593950.0,0.458,5.705,32.8,56359515.0,58.1,58.1,1573978544013312.0,16840360960.0,88,4.06,91399926.0,0,0,1404,91,80,8,2,4,0.57,0.065,36.22
B_S_k2_cush_c30,B_TOPUP,16,0.0625,random,0.052,25.0,unreal,10.0,2,rs,0.0,month,0.0,0,0,0.92,topup,signal,none,cushion,1,3.0,7007,19.29,-42.09,0.458,1.08,681,31.4,45.4,33.38,-10.67,9.315,19,72.44,19.89,-30.39,18.55,-42.09,19.08,-27.54,1880,211,2,407,2531,681,83,1468,3.83,0,0.0,0.0,0,6.251634e+06,5.302492e+06,949142.0,2.702,594164.0,0.474,5.023,33.3,49196718.0,48.3,48.3,924133282021376.0,15014650880.0,83,3.83,76114524.0,0,0,1392,88,76,7,3,4,0.5,0.063,36.22
B_S_k2_cush_c30,B_TOPUP,16,0.0625,random,0.052,25.0,unreal,10.0,2,rs,0.0,month,0.0,0,0,0.92,topup,signal,none,cushion,1,3.0,7008,18.68,-42.91,0.435,1.046,683,31.5,43.8,33.8,-10.67,8.801,20,72.41,19.63,-30.38,17.57,-42.91,10.77,-26.84,1880,179,2,324,2612,683,89,1475,4.1,0,0.0,0.0,0,6.128843e+06,5.201898e+06,926946.0,2.777,571752.0,0.463,5.381,32.9,44225794.0,53.1,53.1,44752028303360.0,727538752.0,89,4.1,87279167.0,0,0,1395,95,80,9,4,4,0.65,0.068,36.24
B_S_k2_cush_c30,B_TOPUP,16,0.0625,random,0.052,25.0,unreal,10.0,2,rs,0.0,month,0.0,0,0,0.92,topup,signal,none,cushion,1,3.0,7009,20.25,-42.09,0.481,1.113,677,31.2,45.3,34.11,-10.56,9.7,19,72.52,19.89,-30.39,20.49,-42.09,24.96,-22.85,1880,207,2,418,2524,677,85,1474,3.92,0,0.0,0.0,0,6.521765e+06,5.580254e+06,941511.0,2.7,592426.0,0.458,5.604,33.4,58185468.0,50.2,50.2,3843511740792832.0,45850353664.0,85,3.92,82783911.0,0,0,1396,88,78,7,2,4,0.5,0.063,36.22
B_S_k2_cush_c30,B_TOPUP,16,0.0625,random,0.052,25.0,unreal,10.0,2,rs,0.0,month,0.0,0,0,0.92,topup,signal,none,cushion,1,3.0,7010,18.68,-42.1,0.444,1.044,687,31.7,44.4,33.07,-10.71,8.727,19,72.27,19.51,-30.39,17.7,-42.1,17.99,-33.71,1880,182,2,334,2598,687,88,1470,4.06,0,0.0,0.0,0,5.973657e+06,5.063208e+06,910449.0,2.746,574127.0,0.486,4.89,33.0,44110412.0,52.2,52.2,46148727341056.0,749723328.0,88,4.06,80069626.0,0,0,1390,93,80,8,3,4,0.58,0.067,36.22
B_S_k2_cush_c30,B_TOPUP,16,0.0625,random,0.052,25.0,unreal,10.0,2,rs,0.0,month,0.0,0,0,0.92,topup,signal,none,cushion,1,3.0,7011,20.07,-42.91,0.468,1.092,678,31.3,43.5,35.88,-10.52,9.667,20,72.53,19.62,-30.38,20.4,-42.91,28.11,-25.48,1880,190,2,346,2595,678,88,1475,4.06,0,0.0,0.0,0,6.561055e+06,5.118378e+06,1.442678e+06,2.729,568402.0,0.463,5.35,32.6,56497776.0,57.8,57.8,871758236221440.0,9967199232.0,88,4.06,88097445.0,0,0,1395,91,80,8,2,4,0.57,0.065,36.24
B_S_k2_cush_c30,B_TOPUP,16,0.0625,random,0.052,25.0,unreal,10.0,2,rs,0.0,month,0.0,0,0,0.92,topup,signal,none,cushion,1,3.0,7012,19.32,-42.09,0.459,1.08,688,31.7,45.1,34.36,-10.72,9.591,19,72.46,19.5,-33.14,19.0,-42.09,25.56,-25.06,1880,201,2,382,2549,688,85,1472,3.92,0,0.0,0.0,0,5.682148e+06,4.791474e+06,890674.0,2.733,570415.0,0.458,4.731,32.0,48937100.0,52.1,52.1,2854821543542784.0,32888760320.0,85,3.92,80067207.0,0,0,1394,90,78,7,3,4,0.5,0.065,33.33
B_S_k2_cush_c30,B_TOPUP,16,0.0625,random,0.052,25.0,unreal,10.0,2,rs,0.0,month,0.0,0,0,0.92,topup,signal,none,cushion,1,3.0,7013,18.77,-42.1,0.446,1.047,684,31.5,44.0,34.06,-10.74,8.976,19,72.43,19.51,-30.39,17.88,-42.1,27.31,-35.84,1880,173,2,314,2621,684,91,1478,4.2,0,0.0,0.0,0,5.973657e+06,5.063208e+06,910449.0,2.735,572232.0,0.46,5.306,32.9,44855873.0,55.4,55.4,66513990057984.0,793393216.0,91,4.2,83251966.0,0,0,1395,99,83,8,4,5,0.57,0.071,36.22
B_S_k2_cush_c30,B_TOPUP,16,0.0625,random,0.052,25.0,unreal,10.0,2,rs,0.0,month,0.0,0,0,0.92,topup,signal,none,cushion,1,3.0,7014,19.71,-42.09,0.468,1.087,677,31.2,44.6,34.03,-10.64,9.289,19,72.41,19.89,-30.39,19.39,-42.09,27.51,-30.23,1880,178,2,326,2616,677,88,1478,4.06,0,0.0,0.0,0,6.198058e+06,5.256354e+06,941703.0,2.686,592426.0,0.484,4.995,33.8,52751990.0,58.7,58.7,313991972782080.0,3746816256.0,88,4.06,84703246.0,0,0,1397,92,81,7,3,4,0.5,0.066,36.22
B_S_k2_cush_c30,B_TOPUP,16,0.0625,random,0.052,25.0,unreal,10.0,2,rs,0.0,month,0.0,0,0,0.92,topup,signal,none,cushion,1,3.0,7015,18.21,-42.1,0.433,1.023,686,31.6,43.6,34.23,-10.61,8.936,19,72.23,19.51,-30.39,16.76,-42.1,11.68,-34.91,1880,193,2,357,2576,686,91,1478,4.2,0,0.0,0.0,0,5.93095e+06,5.020758e+06,910193.0,2.792,573246.0,0.458,4.981,32.4,40702222.0,50.1,50.1,96013901627392.0,1559822592.0,91,4.2,89760472.0,0,0,1394,95,84,7,3,4,0.5,0.068,36.22
B_S_k2_cush_c30,B_TOPUP,16,0.0625,random,0.052,25.0,unreal,10.0,2,rs,0.0,month,0.0,0,0,0.92,topup,signal,none,cushion,1,3.0,7016,18.84,-42.63,0.442,1.049,678,31.3,44.7,33.51,-10.6,9.112,20,72.44,19.63,-30.38,17.89,-42.63,18.48,-27.64,1880,176,2,326,2615,678,88,1476,4.06,0,0.0,0.0,0,5.957642e+06,5.02885e+06,928793.0,2.711,574299.0,0.49,4.859,33.5,45297010.0,48.1,48.1,265896023031808.0,4076489216.0,88,4.06,83825585.0,0,0,1395,92,81,7,3,4,0.5,0.066,36.24
B_S_k2_cush_c30,B_TOPUP,16,0.0625,random,0.052,25.0,unreal,10.0,2,rs,0.0,month,0.0,0,0,0.92,topup,signal,none,cushion,1,3.0,7017,18.16,-42.63,0.426,1.018,686,31.6,44.2,33.64,-10.57,8.953,20,72.39,19.63,-30.38,16.53,-42.63,8.7,-35.37,1880,189,2,347,2586,686,87,1469,4.01,0,0.0,0.0,0,6.115618e+06,5.186569e+06,929050.0,2.779,581006.0,0.481,5.0,33.4,40515348.0,48.4,48.4,130203787460608.0,1996174208.0,87,4.01,82627086.0,0,0,1389,91,80,7,3,4,0.5,0.066,36.24
B_S_k2_cush_c30,B_TOPUP,16,0.0625,random,0.052,25.0,unreal,10.0,2,rs,0.0,month,0.0,0,0,0.92,topup,signal,none,cushion,1,3.0,7018,18.68,-42.09,0.444,1.047,686,31.6,44.6,33.78,-10.75,9.115,19,72.4,19.5,-33.14,17.7,-42.09,21.82,-32.24,1880,180,2,328,2605,686,87,1469,4.01,0,0.0,0.0,0,5.987728e+06,5.103788e+06,883940.0,2.733,568069.0,0.467,4.779,32.7,44138201.0,50.5,50.5,366098516017152.0,5744245760.0,87,4.01,83727318.0,0,0,1390,92,79,8,4,4,0.58,0.066,33.33
B_S_k2_cush_c30,B_TOPUP,16,0.0625,random,0.052,25.0,unreal,10.0,2,rs,0.0,month,0.0,0,0,0.92,topup,signal,none,cushion,1,3.0,7019,17.58,-42.08,0.418,0.997,687,31.7,43.4,33.04,-10.76,8.239,19,72.37,19.36,-30.34,15.71,-42.08,11.22,-40.44,1880,172,2,307,2625,687,92,1476,4.24,0,0.0,0.0,0,6.123524e+06,5.209058e+06,914466.0,2.792,571779.0,0.476,4.872,33.6,36834231.0,56.5,56.5,3551497289728.0,70265600.0,92,4.24,85331572.0,0,0,1392,99,84,8,3,5,0.57,0.071,36.0
B_S_k2_cush_c30,B_TOPUP,16,0.0625,random,0.052,25.0,unreal,10.0,2,rs,0.0,month,0.0,0,0,0.92,topup,signal,none,cushion,1,3.0,7020,18.12,-41.8,0.433,1.016,688,31.7,43.9,33.02,-10.66,8.513,19,72.32,19.36,-30.34,16.78,-41.8,10.36,-33.12,1880,180,2,330,2601,688,92,1476,4.24,0,0.0,0.0,0,6.053084e+06,5.147623e+06,905461.0,2.811,577376.0,0.486,5.199,33.0,40209249.0,52.9,52.9,18863869657088.0,351953760.0,92,4.24,86555651.0,0,0,1392,97,84,8,3,4,0.57,0.07,36.0
B_S_k2_cush_c30,B_TOPUP,16,0.0625,random,0.052,25.0,unreal,10.0,2,rs,0.0,month,0.0,0,0,0.92,topup,signal,none,cushion,1,3.0,7021,19.59,-42.91,0.457,1.075,680,31.4,44.9,33.57,-10.64,9.186,20,72.41,19.63,-30.38,19.41,-42.91,26.05,-27.93,1880,173,2,320,2619,680,86,1471,3.97,0,0.0,0.0,0,6.186978e+06,5.248822e+06,938155.0,2.715,570731.0,0.49,4.934,33.7,51716433.0,52.2,52.2,248096839696384.0,2961407744.0,86,3.97,81854295.0,0,0,1392,89,79,7,2,4,0.5,0.064,36.24
B_S_k2_cush_c30,B_TOPUP,16,0.0625,random,0.052,25.0,unreal,10.0,2,rs,0.0,month,0.0,0,0,0.92,topup,signal,none,cushion,1,3.0,7022,19.79,-41.8,0.473,1.08,677,31.2,45.5,34.3,-10.58,9.841,19,72.61,19.89,-30.39,19.55,-41.8,25.25,-25.08,1880,207,2,384,2558,677,86,1480,3.97,0,0.0,0.0,0,6.392874e+06,5.436829e+06,956044.0,2.708,595840.0,0.459,5.576,33.1,53698142.0,50.8,50.8,5545343945015296.0,62371581952.0,86,3.97,85034655.0,0,0,1402,92,78,8,4,4,0.57,0.066,36.22
B_S_k2_cush_c30,B_TOPUP,16,0.0625,random,0.052,25.0,unreal,10.0,2,rs,0.0,month,0.0,0,0,0.92,topup,signal,none,cushion,1,3.0,7023,19.35,-42.63,0.454,1.08,674,31.1,44.4,34.93,-10.77,9.504,20,72.37,19.62,-30.38,18.94,-42.63,30.17,-34.24,1880,186,2,346,2599,674,89,1481,4.1,0,0.0,0.0,0,5.927323e+06,5.013976e+06,913347.0,2.652,571557.0,0.463,4.939,32.8,49398992.0,57.9,57.9,520340992163840.0,5857916928.0,89,4.1,82168552.0,0,0,1400,94,81,8,4,4,0.57,0.067,36.24
B_S_k2_cush_c30,B_TOPUP,16,0.0625,random,0.052,25.0,unreal,10.0,2,rs,0.0,month,0.0,0,0,0.92,topup,signal,none,cushion,1,3.0,7024,18.1,-42.63,0.425,1.014,685,31.6,43.6,33.6,-10.61,8.69,20,72.45,19.63,-30.38,16.42,-42.63,9.44,-31.9,1880,173,2,323,2611,685,90,1475,4.15,0,0.0,0.0,0,5.957642e+06,5.02885e+06,928793.0,2.789,580902.0,0.489,5.02,33.1,40002441.0,52.6,52.6,29623282827264.0,454158880.0,90,4.15,87523697.0,0,0,1392,94,83,7,3,4,0.5,0.068,36.24
B_S_k2_cush_c30,B_TOPUP,16,0.0625,random,0.052,25.0,unreal,10.0,2,rs,0.0,month,0.0,0,0,0.92,topup,signal,none,cushion,1,3.0,7025,17.72,-41.8,0.424,1.003,684,31.5,43.7,33.13,-10.72,8.448,19,72.4,19.36,-30.34,15.98,-41.8,12.01,-39.11,1880,173,2,309,2626,684,91,1478,4.2,0,0.0,0.0,0,6.143744e+06,5.227608e+06,916136.0,2.777,574564.0,0.484,4.907,33.5,37692792.0,54.7,54.7,10169655230464.0,189740720.0,91,4.2,85717869.0,0,0,1395,98,83,8,3,5,0.57,0.07,36.0
B_S_k2_cush_c30,B_TOPUP,16,0.0625,random,0.052,25.0,unreal,10.0,2,rs,0.0,month,0.0,0,0,0.92,topup,signal,none,cushion,1,3.0,7026,19.64,-42.09,0.467,1.089,674,31.1,45.1,34.42,-10.74,9.627,19,72.54,19.89,-30.39,19.25,-42.09,27.0,-31.01,1880,200,2,398,2547,674,85,1477,3.92,0,0.0,0.0,0,6.491113e+06,5.538197e+06,952916.0,2.688,588268.0,0.464,5.452,33.5,52463268.0,52.6,52.6,1475004914991104.0,17595746304.0,85,3.92,85204729.0,0,0,1400,90,77,8,3,4,0.57,0.064,36.22
B_S_k2_cush_c30,B_TOPUP,16,0.0625,random,0.052,25.0,unreal,10.0,2,rs,0.0,month,0.0,0,0,0.92,topup,signal,none,cushion,1,3.0,7027,19.03,-42.09,0.452,1.059,687,31.7,45.0,33.55,-10.7,9.201,19,72.35,19.5,-33.14,18.42,-42.09,18.57,-32.66,1880,185,2,340,2592,687,83,1463,3.83,0,0.0,0.0,0,6.40031e+06,5.505089e+06,895221.0,2.718,569164.0,0.48,5.017,33.5,47231254.0,49.9,49.9,481298195939328.0,7551788544.0,83,3.83,77007538.0,0,0,1388,87,75,8,2,4,0.58,0.063,33.33
B_S_k2_cush_c30,B_TOPUP,16,0.0625,random,0.052,25.0,unreal,10.0,2,rs,0.0,month,0.0,0,0,0.92,topup,signal,none,cushion,1,3.0,7028,19.46,-42.91,0.454,1.076,675,31.1,45.0,34.44,-10.67,9.646,20,72.27,19.62,-30.38,19.17,-42.91,24.86,-22.9,1880,197,2,358,2586,675,83,1468,3.83,0,0.0,0.0,0,5.965372e+06,5.049983e+06,915390.0,2.641,565615.0,0.458,4.88,32.3,50363669.0,47.1,47.1,2318429788831744.0,36336484352.0,83,3.83,74820129.0,0,0,1393,88,75,8,4,4,0.57,0.063,36.24
B_S_k2_cush_c30,B_TOPUP,16,0.0625,random,0.052,25.0,unreal,10.0,2,rs,0.0,month,0.0,0,0,0.92,topup,signal,none,cushion,1,3.0,7029,19.63,-42.09,0.466,1.077,682,31.4,45.2,33.41,-10.7,9.22,19,72.46,19.89,-30.39,19.22,-42.09,25.4,-30.11,1880,175,2,321,2616,682,87,1474,4.01,0,0.0,0.0,0,6.455564e+06,5.502456e+06,953108.0,2.739,594290.0,0.481,5.116,34.2,52265733.0,52.7,52.7,332842752016384.0,3970578944.0,87,4.01,84064057.0,0,0,1395,91,79,8,2,4,0.57,0.065,36.22
B_S_k2_cush_c30,B_TOPUP,16,0.0625,random,0.052,25.0,unreal,10.0,2,rs,0.0,month,0.0,0,0,0.92,topup,signal,none,cushion,1,3.0,7030,18.22,-42.09,0.433,1.026,684,31.5,44.2,34.0,-10.66,9.058,19,72.43,19.89,-30.39,16.39,-42.09,10.09,-38.35,1880,198,2,356,2579,684,90,1477,4.15,0,0.0,0.0,0,6.440504e+06,5.498993e+06,941511.0,2.777,596901.0,0.472,5.188,33.5,41208233.0,49.3,49.3,194369499955200.0,3157972736.0,90,4.15,86715976.0,0,0,1395,96,82,8,3,5,0.57,0.069,36.22
B_S_k2_cush_c00,B_TOPUP,16,0.0625,random,0.052,25.0,unreal,10.0,2,rs,0.0,month,0.0,0,0,0.92,topup,signal,none,cushion,1,0.0,7001,21.06,-42.15,0.5,1.125,660,30.4,44.4,35.64,-10.61,9.92,20,72.6,19.79,-30.74,22.3,-42.15,30.56,-24.99,1880,186,2,327,2632,660,83,1484,3.83,0,0.0,0.0,0,7.235595e+06,5.669794e+06,1.565802e+06,2.608,570101.0,0.464,5.709,32.9,67437327.0,59.7,59.7,2123490618507264.0,28005490688.0,83,3.83,95314927.0,0,0,1407,87,77,6,3,4,0.43,0.062,41.38
B_S_k2_cush_c00,B_TOPUP,16,0.0625,random,0.052,25.0,unreal,10.0,2,rs,0.0,month,0.0,0,0,0.92,topup,signal,none,cushion,1,0.0,7002,19.41,-42.15,0.46,1.053,672,31.0,44.9,34.07,-10.84,9.345,20,72.5,19.85,-30.88,18.83,-42.15,28.95,-33.22,1880,180,2,322,2625,672,89,1479,4.1,0,0.0,0.0,0,6.449311e+06,5.487448e+06,961863.0,2.73,581871.0,0.5,5.05,33.8,50412725.0,54.2,54.2,296563431702528.0,3942671872.0,89,4.1,100636567.0,0,0,1398,94,81,8,4,4,0.57,0.067,41.38
B_S_k2_cush_c00,B_TOPUP,16,0.0625,random,0.052,25.0,unreal,10.0,2,rs,0.0,month,0.0,0,0,0.92,topup,signal,none,cushion,1,0.0,7003,17.46,-43.0,0.406,0.967,674,31.1,43.6,34.22,-10.77,8.858,20,72.36,19.83,-30.88,14.95,-43.0,7.11,-43.0,1880,177,2,307,2638,674,93,1484,4.29,0,0.0,0.0,0,6.459164e+06,5.51304e+06,946125.0,2.809,581871.0,0.44,5.267,32.9,36363888.0,56.0,56.0,32885430026240.0,595451072.0,93,4.29,113496246.0,0,0,1399,99,85,8,4,4,0.57,0.071,41.38
B_S_k2_cush_c00,B_TOPUP,16,0.0625,random,0.052,25.0,unreal,10.0,2,rs,0.0,month,0.0,0,0,0.92,topup,signal,none,cushion,1,0.0,7004,17.55,-42.15,0.416,0.973,673,31.0,44.0,33.95,-10.67,8.952,20,72.43,19.69,-30.81,15.26,-42.15,8.45,-38.57,1880,178,2,319,2627,673,91,1486,4.2,0,0.0,0.0,0,6.117645e+06,5.18224e+06,935406.0,2.808,574326.0,0.432,5.105,31.8,36610901.0,52.6,52.6,67656518467584.0,1225377664.0,91,4.2,113776058.0,0,0,1401,95,85,6,3,4,0.43,0.068,46.76
B_S_k2_cush_c00,B_TOPUP,16,0.0625,random,0.052,25.0,unreal,10.0,2,rs,0.0,month,0.0,0,0,0.92,topup,signal,none,cushion,1,0.0,7005,20.11,-42.15,0.477,1.08,663,30.6,45.2,34.24,-10.67,9.655,20,72.47,19.69,-30.81,20.4,-42.15,25.5,-25.39,1880,201,2,373,2583,663,83,1479,3.83,0,0.0,0.0,0,6.299166e+06,5.335196e+06,963970.0,2.628,567335.0,0.465,5.441,32.7,56567212.0,52.7,52.7,1108730238205952.0,14744026112.0,83,3.83,91649848.0,0,0,1403,89,76,7,3,5,0.5,0.063,45.34
B_S_k2_cush_c00,B_TOPUP,16,0.0625,random,0.052,25.0,unreal,10.0,2,rs,0.0,month,0.0,0,0,0.92,topup,signal,none,cushion,1,0.0,7006,19.28,-42.23,0.457,1.041,668,30.8,44.6,34.21,-10.72,9.319,20,72.64,19.85,-30.88,18.56,-42.23,11.99,-31.16,1880,185,2,316,2635,668,85,1478,3.92,0,0.0,0.0,0,6.625762e+06,5.628468e+06,997294.0,2.715,582836.0,0.49,5.313,33.4,49441290.0,52.6,52.6,214012717432832.0,2822300928.0,85,3.92,99617501.0,0,0,1400,90,78,7,4,4,0.5,0.064,45.61
B_S_k2_cush_c00,B_TOPUP,16,0.0625,random,0.052,25.0,unreal,10.0,2,rs,0.0,month,0.0,0,0,0.92,topup,signal,none,cushion,1,0.0,7007,18.15,-42.15,0.43,0.992,672,31.0,44.0,33.92,-10.62,9.0,20,72.4,19.85,-30.88,16.29,-42.15,5.35,-33.29,1880,191,2,335,2612,672,87,1482,4.01,0,0.0,0.0,0,6.185051e+06,5.212928e+06,972124.0,2.748,581871.0,0.467,5.589,33.3,40439550.0,53.2,53.2,81253885804544.0,1471249920.0,87,4.01,101685547.0,0,0,1402,93,80,7,4,4,0.5,0.066,41.48
B_S_k2_cush_c00,B_TOPUP,16,0.0625,random,0.052,25.0,unreal,10.0,2,rs,0.0,month,0.0,0,0,0.92,topup,signal,none,cushion,1,0.0,7008,20.08,-42.15,0.476,1.076,672,31.0,44.3,34.81,-10.62,9.529,20,72.51,19.79,-30.74,20.29,-42.15,16.94,-25.73,1880,196,2,346,2601,672,81,1476,3.74,0,0.0,0.0,0,6.477664e+06,5.226118e+06,1.251546e+06,2.713,578732.0,0.47,5.608,33.3,56412882.0,54.5,54.5,738852352294912.0,9744295936.0,81,3.74,92204559.0,0,0,1401,85,75,6,3,4,0.43,0.061,41.38
B_S_k2_cush_c00,B_TOPUP,16,0.0625,random,0.052,25.0,unreal,10.0,2,rs,0.0,month,0.0,0,0,0.92,topup,signal,none,cushion,1,0.0,7009,17.69,-42.23,0.419,0.978,676,31.2,43.9,33.91,-10.79,8.849,20,72.51,19.85,-30.88,15.39,-42.23,6.85,-40.76,1880,181,2,323,2620,676,92,1482,4.24,0,0.0,0.0,0,6.478358e+06,5.514373e+06,963985.0,2.828,589327.0,0.46,5.166,33.7,37805681.0,54.7,54.7,38011588837376.0,688254400.0,92,4.24,111587915.0,0,0,1398,97,84,8,4,4,0.57,0.069,41.38
B_S_k2_cush_c00,B_TOPUP,16,0.0625,random,0.052,25.0,unreal,10.0,2,rs,0.0,month,0.0,0,0,0.92,topup,signal,none,cushion,1,0.0,7010,19.41,-42.15,0.46,1.063,671,30.9,44.3,33.99,-10.57,9.156,20,72.32,19.83,-30.88,18.84,-42.15,23.45,-24.88,1880,183,2,330,2618,671,87,1483,4.01,0,0.0,0.0,0,5.651976e+06,4.699866e+06,952109.0,2.683,579696.0,0.458,5.38,31.9,49584960.0,54.7,54.7,151183603793920.0,2085005312.0,87,4.01,94311530.0,0,0,1404,92,79,8,3,4,0.57,0.066,51.48
B_S_k2_cush_c00,B_TOPUP,16,0.0625,random,0.052,25.0,unreal,10.0,2,rs,0.0,month,0.0,0,0,0.92,topup,signal,none,cushion,1,0.0,7011,20.88,-42.15,0.495,1.112,661,30.5,44.3,34.94,-10.56,9.609,20,72.65,19.78,-30.74,21.89,-42.15,27.38,-22.78,1880,186,2,343,2615,661,86,1490,3.97,0,0.0,0.0,0,6.634522e+06,5.388025e+06,1.246496e+06,2.633,569484.0,0.47,5.504,33.1,64824439.0,60.6,60.6,779152231759872.0,10361826304.0,86,3.97,103687059.0,0,0,1410,90,80,6,3,4,0.43,0.064,41.38
B_S_k2_cush_c00,B_TOPUP,16,0.0625,random,0.052,25.0,unreal,10.0,2,rs,0.0,month,0.0,0,0,0.92,topup,signal,none,cushion,1,0.0,7012,20.01,-42.15,0.475,1.077,671,30.9,45.3,34.61,-10.68,9.84,20,72.33,19.5,-33.14,20.4,-42.15,28.81,-24.64,1880,185,2,327,2621,671,83,1474,3.83,0,0.0,0.0,0,6.09649e+06,5.206714e+06,889777.0,2.653,555112.0,0.458,5.075,32.5,55444491.0,52.7,52.7,4555086084702208.0,58235052032.0,83,3.83,90108821.0,0,0,1398,89,76,7,3,5,0.5,0.064,49.52
B_S_k2_cush_c00,B_TOPUP,16,0.0625,random,0.052,25.0,unreal,10.0,2,rs,0.0,month,0.0,0,0,0.92,topup,signal,none,cushion,1,0.0,7013,20.61,-42.15,0.489,1.106,662,30.5,44.7,34.62,-10.53,9.658,20,72.7,19.83,-30.88,21.28,-42.15,19.03,-19.56,1880,190,2,354,2603,662,82,1484,3.78,0,0.0,0.0,0,7.452919e+06,5.908371e+06,1.544547e+06,2.643,571718.0,0.444,5.656,32.6,62760586.0,52.1,52.1,2069488920952832.0,37471891456.0,82,3.78,98056438.0,0,0,1408,87,76,6,4,4,0.43,0.062,41.38
B_S_k2_cush_c00,B_TOPUP,16,0.0625,random,0.052,25.0,unreal,10.0,2,rs,0.0,month,0.0,0,0,0.92,topup,signal,none,cushion,1,0.0,7014,17.78,-42.15,0.422,0.982,677,31.2,44.0,33.62,-10.77,8.771,20,72.46,19.85,-30.88,15.55,-42.15,8.06,-40.76,1880,180,2,321,2621,677,93,1482,4.29,0,0.0,0.0,0,6.449311e+06,5.487448e+06,961863.0,2.836,584312.0,0.471,5.144,33.7,38299654.0,54.7,54.7,30866766036992.0,558899520.0,93,4.29,112951193.0,0,0,1397,98,85,8,4,4,0.57,0.07,41.38
B_S_k2_cush_c00,B_TOPUP,16,0.0625,random,0.052,25.0,unreal,10.0,2,rs,0.0,month,0.0,0,0,0.92,topup,signal,none,cushion,1,0.0,7015,19.2,-42.15,0.455,1.054,669,30.8,44.5,34.14,-10.7,9.272,20,72.38,19.83,-30.88,18.42,-42.15,26.24,-35.73,1880,183,2,345,2605,669,89,1483,4.1,0,0.0,0.0,0,6.446622e+06,5.501952e+06,944670.0,2.719,578037.0,0.449,5.475,32.0,48623529.0,54.2,54.2,224196185554944.0,3091938048.0,89,4.1,106660638.0,0,0,1403,92,80,9,2,4,0.64,0.066,49.25
B_S_k2_cush_c00,B_TOPUP,16,0.0625,random,0.052,25.0,unreal,10.0,2,rs,0.0,month,0.0,0,0,0.92,topup,signal,none,cushion,1,0.0,7016,19.25,-42.23,0.456,1.06,671,30.9,44.3,33.69,-10.71,8.942,20,72.37,19.79,-30.74,18.62,-42.23,28.33,-36.45,1880,171,2,316,2632,671,90,1478,4.15,0,0.0,0.0,0,6.198616e+06,5.241994e+06,956621.0,2.699,581534.0,0.474,4.994,33.1,48825465.0,60.3,60.3,43114064510976.0,594639808.0,90,4.15,97304305.0,0,0,1397,94,81,9,3,4,0.64,0.067,41.38
B_S_k2_cush_c00,B_TOPUP,16,0.0625,random,0.052,25.0,unreal,10.0,2,rs,0.0,month,0.0,0,0,0.92,topup,signal,none,cushion,1,0.0,7017,19.55,-42.23,0.463,1.057,667,30.8,45.0,34.49,-10.66,9.648,20,72.41,19.79,-30.74,19.22,-42.23,14.01,-30.23,1880,201,2,357,2595,667,82,1476,3.78,0,0.0,0.0,0,6.630286e+06,5.662656e+06,967631.0,2.686,578213.0,0.495,5.252,33.4,51708110.0,50.8,50.8,1226968406163456.0,16178570240.0,82,3.78,93584774.0,0,0,1401,86,75,7,3,4,0.5,0.061,41.38
B_S_k2_cush_c00,B_TOPUP,16,0.0625,random,0.052,25.0,unreal,10.0,2,rs,0.0,month,0.0,0,0,0.92,topup,signal,none,cushion,1,0.0,7018,19.68,-42.15,0.467,1.064,673,31.0,45.0,34.63,-10.73,9.693,20,72.35,19.5,-33.14,19.73,-42.15,26.22,-25.76,1880,179,2,318,2628,673,84,1476,3.87,0,0.0,0.0,0,6.040942e+06,5.151166e+06,889777.0,2.678,557518.0,0.457,5.021,32.1,52370642.0,53.7,53.7,2051411940474880.0,26226456576.0,84,3.87,91883893.0,0,0,1399,90,77,7,3,5,0.5,0.064,51.03
B_S_k2_cush_c00,B_TOPUP,16,0.0625,random,0.052,25.0,unreal,10.0,2,rs,0.0,month,0.0,0,0,0.92,topup,signal,none,cushion,1,0.0,7019,18.54,-42.15,0.44,1.012,667,30.8,44.5,33.95,-10.63,9.22,20,72.51,19.7,-30.81,17.23,-42.15,6.13,-31.73,1880,204,2,375,2577,667,84,1481,3.87,0,0.0,0.0,0,6.285837e+06,5.307236e+06,978601.0,2.717,571077.0,0.451,5.546,32.7,43394493.0,50.6,50.6,227431671660544.0,4117797632.0,84,3.87,98991821.0,0,0,1404,90,77,7,3,5,0.5,0.064,45.33
B_S_k2_cush_c00,B_TOPUP,16,0.0625,random,0.052,25.0,unreal,10.0,2,rs,0.0,month,0.0,0,0,0.92,topup,signal,none,cushion,1,0.0,7020,18.95,-42.15,0.45,1.044,675,31.1,44.1,33.52,-10.72,8.815,20,72.5,19.7,-30.81,18.06,-42.15,26.1,-37.02,1880,168,2,315,2629,675,92,1481,4.24,0,0.0,0.0,0,6.121078e+06,5.17211e+06,948967.0,2.751,574861.0,0.466,5.124,33.3,46399011.0,55.1,55.1,27354776731648.0,377201632.0,92,4.24,100499610.0,0,0,1398,96,83,9,3,4,0.64,0.069,41.38
B_S_k2_cush_c00,B_TOPUP,16,0.0625,random,0.052,25.0,unreal,10.0,2,rs,0.0,month,0.0,0,0,0.92,topup,signal,none,cushion,1,0.0,7021,20.16,-42.15,0.478,1.082,665,30.7,43.8,35.0,-10.65,9.322,20,72.46,19.79,-30.74,20.47,-42.15,26.56,-25.67,1880,153,2,266,2688,665,87,1485,4.01,0,0.0,0.0,0,6.31376e+06,5.353574e+06,960187.0,2.675,572949.0,0.46,5.229,32.6,57100156.0,63.5,63.5,134822798295040.0,1792991616.0,87,4.01,102630945.0,0,0,1404,90,81,6,2,4,0.43,0.064,41.38
B_S_k2_cush_c00,B_TOPUP,16,0.0625,random,0.052,25.0,unreal,10.0,2,rs,0.0,month,0.0,0,0,0.92,topup,signal,none,cushion,1,0.0,7022,19.42,-42.23,0.46,1.054,665,30.7,45.0,34.55,-10.77,9.605,20,72.65,19.85,-30.88,18.85,-42.23,30.23,-30.92,1880,197,2,352,2602,665,84,1480,3.87,0,0.0,0.0,0,6.26506e+06,5.271934e+06,993126.0,2.645,579926.0,0.474,5.166,33.2,50378232.0,53.0,53.0,853458454315008.0,11346106368.0,84,3.87,91132858.0,0,0,1403,88,77,7,3,4,0.5,0.063,41.38
B_S_k2_cush_c00,B_TOPUP,16,0.0625,random,0.052,25.0,unreal,10.0,2,rs,0.0,month,0.0,0,0,0.92,topup,signal,none,cushion,1,0.0,7023,18.72,-42.23,0.443,1.019,668,30.8,43.7,34.66,-10.63,9.169,20,72.72,19.78,-30.74,17.51,-42.23,9.05,-32.7,1880,180,2,307,2644,668,87,1486,4.01,0,0.0,0.0,0,6.548572e+06,5.595662e+06,952910.0,2.746,577810.0,0.446,5.608,32.6,45024960.0,55.2,55.2,138404566138880.0,2506519552.0,87,4.01,106825089.0,0,0,1405,91,81,6,3,4,0.43,0.065,41.43
B_S_k2_cush_c00,B_TOPUP,16,0.0625,random,0.052,25.0,unreal,10.0,2,rs,0.0,month,0.0,0,0,0.92,topup,signal,none,cushion,1,0.0,7024,20.08,-42.23,0.475,1.079,663,30.6,43.7,35.09,-10.7,9.33,20,72.49,19.79,-30.74,20.29,-42.23,26.4,-26.57,1880,153,2,265,2691,663,86,1485,3.97,0,0.0,0.0,0,6.27362e+06,5.315224e+06,958396.0,2.654,575996.0,0.469,5.206,32.7,56232050.0,63.7,63.7,116751782117376.0,1552355200.0,86,3.97,100126442.0,0,0,1405,90,80,6,3,4,0.43,0.064,41.38
B_S_k2_cush_c00,B_TOPUP,16,0.0625,random,0.052,25.0,unreal,10.0,2,rs,0.0,month,0.0,0,0,0.92,topup,signal,none,cushion,1,0.0,7025,20.09,-42.15,0.476,1.082,661,30.5,44.5,34.31,-10.51,9.424,20,72.79,19.7,-30.81,20.35,-42.15,14.63,-24.33,1880,203,2,397,2561,661,81,1483,3.74,0,0.0,0.0,0,6.81437e+06,5.526556e+06,1.287814e+06,2.622,567046.0,0.465,5.389,32.7,56896658.0,52.4,52.4,515081100066816.0,9325869056.0,81,3.74,91943693.0,0,0,1408,86,75,6,3,4,0.43,0.061,46.0
B_S_k2_cush_c00,B_TOPUP,16,0.0625,random,0.052,25.0,unreal,10.0,2,rs,0.0,month,0.0,0,0,0.92,topup,signal,none,cushion,1,0.0,7026,19.79,-42.15,0.47,1.062,669,30.8,44.8,34.4,-10.67,9.542,20,72.48,19.85,-30.88,19.6,-42.15,22.48,-28.15,1880,184,2,329,2621,669,84,1478,3.87,0,0.0,0.0,0,6.262e+06,5.299881e+06,962119.0,2.68,579696.0,0.472,5.147,32.7,53537645.0,53.6,53.6,821744013148160.0,10925552640.0,84,3.87,93603984.0,0,0,1401,90,77,7,3,5,0.5,0.064,45.77
B_S_k2_cush_c00,B_TOPUP,16,0.0625,random,0.052,25.0,unreal,10.0,2,rs,0.0,month,0.0,0,0,0.92,topup,signal,none,cushion,1,0.0,7027,19.97,-42.15,0.474,1.078,670,30.9,43.9,35.35,-10.66,9.53,20,72.42,19.5,-33.14,20.31,-42.15,26.47,-25.69,1880,156,2,270,2679,670,85,1481,3.92,0,0.0,0.0,0,6.116616e+06,5.226583e+06,890033.0,2.676,554371.0,0.434,5.033,32.1,55059711.0,63.6,63.6,461899674157056.0,5906854400.0,85,3.92,99260359.0,0,0,1402,88,79,6,2,4,0.43,0.063,41.38
B_S_k2_cush_c00,B_TOPUP,16,0.0625,random,0.052,25.0,unreal,10.0,2,rs,0.0,month,0.0,0,0,0.92,topup,signal,none,cushion,1,0.0,7028,20.89,-42.15,0.496,1.114,660,30.4,44.4,34.89,-10.53,9.634,20,72.65,19.78,-30.74,21.92,-42.15,27.38,-22.78,1880,186,2,343,2616,660,86,1491,3.97,0,0.0,0.0,0,6.66008e+06,5.4169e+06,1.24318e+06,2.628,568668.0,0.464,5.465,32.9,65022214.0,60.6,60.6,866773524021248.0,11527116800.0,86,3.97,103854453.0,0,0,1411,90,80,6,3,4,0.43,0.064,41.38
B_S_k2_cush_c00,B_TOPUP,16,0.0625,random,0.052,25.0,unreal,10.0,2,rs,0.0,month,0.0,0,0,0.92,topup,signal,none,cushion,1,0.0,7029,19.14,-42.15,0.454,1.039,673,31.0,45.3,33.91,-10.8,9.464,20,72.63,19.85,-30.88,18.28,-42.15,24.67,-33.22,1880,195,2,359,2587,673,85,1479,3.92,0,0.0,0.0,0,6.362313e+06,5.390831e+06,971482.0,2.734,582081.0,0.472,5.141,32.8,48111983.0,53.9,53.9,656936789868544.0,8734328832.0,85,3.92,100448622.0,0,0,1400,90,79,6,3,4,0.43,0.064,41.38
B_S_k2_cush_c00,B_TOPUP,16,0.0625,random,0.052,25.0,unreal,10.0,2,rs,0.0,month,0.0,0,0,0.92,topup,signal,none,cushion,1,0.0,7030,18.49,-42.23,0.438,1.006,672,31.0,43.9,34.32,-10.59,9.124,20,72.42,19.85,-30.88,16.97,-42.23,4.77,-33.4,1880,188,2,331,2616,672,87,1480,4.01,0,0.0,0.0,0,6.290706e+06,5.326528e+06,964177.0,2.771,584896.0,0.457,5.426,33.2,42920484.0,51.4,51.4,167628647694336.0,3035157760.0,87,4.01,104131637.0,0,0,1400,93,80,7,4,4,0.5,0.066,41.38
C_hyb_k1,C_HYBRID,16,0.0625,random,0.052,25.0,unreal,10.0,1,rs,0.0,month,0.0,0,0,0.92,hybrid,signal,none,rs,1,3.0,7001,22.24,-31.28,0.711,1.231,762,35.1,46.2,35.79,-10.89,10.673,15,72.9,19.79,-31.28,24.67,-30.3,22.38,-25.97,1880,672,298,1432,1524,762,99,1406,4.57,0,0.0,0.0,0,1.0004365e+07,8.853262e+06,1.151102e+06,2.715,642498.0,0.455,6.56,35.4,84589909.0,43.8,43.8,7.964937842473114e+19,867964157981067.8,95,4.38,60934038.0,0,0,1406,110,99,9,2,3,0.64,0.078,26.33
C_hyb_k1,C_HYBRID,16,0.0625,random,0.052,25.0,unreal,10.0,1,rs,0.0,month,0.0,0,0,0.92,hybrid,signal,none,rs,1,3.0,7002,20.91,-33.86,0.618,1.157,769,35.5,45.9,34.45,-10.89,9.918,15,72.92,19.75,-31.31,21.98,-33.86,16.61,-27.44,1880,709,337,1497,1448,769,95,1402,4.38,0,0.0,0.0,0,8.687238e+06,7.447181e+06,1.240058e+06,2.75,620799.0,0.453,6.126,35.1,66991143.0,44.7,44.7,3.323791423627114e+18,70390679516898.6,91,4.2,53680785.0,0,0,1402,114,95,14,4,4,1.0,0.081,26.18
C_hyb_k1,C_HYBRID,16,0.0625,random,0.052,25.0,unreal,10.0,1,rs,0.0,month,0.0,0,0,0.92,hybrid,signal,none,rs,1,3.0,7003,21.68,-31.31,0.693,1.195,772,35.6,45.6,35.13,-10.76,10.165,15,73.08,19.61,-31.31,23.71,-30.12,15.6,-24.33,1880,682,332,1448,1503,772,104,1406,4.8,0,0.0,0.0,0,9.619842e+06,8.496068e+06,1.123774e+06,2.813,641333.0,0.451,6.181,35.5,76974619.0,50.0,50.0,7.973790497195265e+18,102815685897634.56,100,4.61,69410049.0,0,0,1406,116,104,10,2,3,0.71,0.083,28.03
C_hyb_k1,C_HYBRID,16,0.0625,random,0.052,25.0,unreal,10.0,1,rs,0.0,month,0.0,0,0,0.92,hybrid,signal,none,rs,1,3.0,7004,21.95,-34.59,0.634,1.205,756,34.9,45.6,36.41,-10.67,10.812,14,73.0,19.79,-31.28,24.07,-34.59,20.55,-22.74,1880,635,260,1344,1609,756,90,1407,4.15,0,0.0,0.0,0,8.816152e+06,7.141161e+06,1.674991e+06,2.717,595764.0,0.454,6.107,34.9,79685261.0,53.4,53.4,4.716806195715677e+19,387652932006117.06,86,3.97,56587507.0,0,0,1407,104,90,11,3,3,0.78,0.074,34.03
C_hyb_k1,C_HYBRID,16,0.0625,random,0.052,25.0,unreal,10.0,1,rs,0.0,month,0.0,0,0,0.92,hybrid,signal,none,rs,1,3.0,7005,20.72,-32.28,0.642,1.178,763,35.2,46.5,33.55,-10.86,9.803,14,72.66,19.68,-31.34,21.65,-32.28,12.15,-25.77,1880,682,309,1452,1500,763,96,1407,4.43,0,0.0,0.0,0,8.394048e+06,7.015174e+06,1.378872e+06,2.738,625640.0,0.437,5.629,34.6,64530660.0,44.3,44.3,2.854938852689489e+18,48682961246730.1,92,4.24,56034363.0,0,0,1407,109,96,11,2,3,0.78,0.077,26.22
C_hyb_k1,C_HYBRID,16,0.0625,random,0.052,25.0,unreal,10.0,1,rs,0.0,month,0.0,0,0,0.92,hybrid,signal,none,rs,1,3.0,7006,22.21,-32.79,0.677,1.213,758,35.0,46.3,36.01,-10.85,10.849,14,73.08,19.66,-31.32,24.74,-32.79,22.01,-18.16,1880,642,308,1366,1585,758,90,1409,4.15,0,0.0,0.0,0,9.504276e+06,7.662388e+06,1.841888e+06,2.708,621587.0,0.443,6.145,34.7,83830868.0,46.6,46.6,1.5792249545843173e+20,1852774622979299.5,86,3.97,53102721.0,0,0,1409,103,90,11,2,3,0.78,0.073,27.26
C_hyb_k1,C_HYBRID,16,0.0625,random,0.052,25.0,unreal,10.0,1,rs,0.0,month,0.0,0,0,0.92,hybrid,signal,none,rs,1,3.0,7007,21.22,-32.86,0.646,1.176,763,35.2,45.0,35.01,-10.87,9.754,15,73.0,19.66,-31.32,22.71,-32.86,15.43,-26.39,1880,690,320,1466,1495,763,105,1414,4.84,0,0.0,0.0,0,8.4354e+06,7.20349e+06,1.231911e+06,2.708,612131.0,0.424,5.504,33.6,70372173.0,56.6,56.6,6.710726457951726e+17,11571978967419.97,101,4.66,61622900.0,0,0,1414,125,105,14,5,4,0.99,0.088,29.27
C_hyb_k1,C_HYBRID,16,0.0625,random,0.052,25.0,unreal,10.0,1,rs,0.0,month,0.0,0,0,0.92,hybrid,signal,none,rs,1,3.0,7008,21.0,-33.74,0.622,1.184,773,35.6,45.9,34.66,-10.88,10.031,15,72.96,19.79,-31.28,22.12,-33.74,22.29,-27.13,1880,706,343,1509,1434,773,97,1400,4.47,0,0.0,0.0,0,8.311523e+06,7.241384e+06,1.070139e+06,2.77,623896.0,0.434,5.611,34.0,67675069.0,48.3,48.3,3.7286271185307735e+18,40670371850518.71,93,4.29,53173508.0,0,0,1400,116,97,14,4,4,1.0,0.083,26.36
C_hyb_k1,C_HYBRID,16,0.0625,random,0.052,25.0,unreal,10.0,1,rs,0.0,month,0.0,0,0,0.92,hybrid,signal,none,rs,1,3.0,7009,23.25,-31.34,0.742,1.254,758,35.0,46.3,37.51,-10.81,11.565,14,73.11,19.68,-31.34,26.88,-29.88,14.87,-29.76,1880,688,298,1458,1497,758,94,1411,4.33,0,0.0,0.0,0,1.196115e+07,1.0498676e+07,1.462474e+06,2.773,652294.0,0.492,6.609,36.3,101668287.0,51.1,51.1,3.689157534402306e+21,3.217160358676294e+16,90,4.15,72931277.0,0,0,1411,106,94,10,1,4,0.71,0.075,30.12
C_hyb_k1,C_HYBRID,16,0.0625,random,0.052,25.0,unreal,10.0,1,rs,0.0,month,0.0,0,0,0.92,hybrid,signal,none,rs,1,3.0,7010,22.38,-31.31,0.715,1.228,756,34.9,46.0,35.53,-10.96,10.437,14,73.06,19.61,-31.31,25.15,-30.33,25.88,-20.82,1880,673,305,1432,1529,756,98,1413,4.52,0,0.0,0.0,0,9.28031e+06,7.602596e+06,1.677714e+06,2.646,630177.0,0.445,5.993,34.4,86009610.0,50.5,50.5,1.8928419469524775e+19,345096823184804.94,94,4.33,56110355.0,0,0,1413,113,98,10,3,4,0.71,0.08,29.88
C_hyb_k1,C_HYBRID,16,0.0625,random,0.052,25.0,unreal,10.0,1,rs,0.0,month,0.0,0,0,0.92,hybrid,signal,none,rs,1,3.0,7011,21.63,-32.39,0.668,1.202,768,35.4,45.4,35.88,-10.88,10.371,15,72.78,19.65,-31.28,23.56,-32.39,20.33,-27.93,1880,687,306,1461,1492,768,102,1398,4.7,0,0.0,0.0,0,9.375748e+06,8.285043e+06,1.090706e+06,2.694,619728.0,0.436,5.852,34.2,76022464.0,44.9,44.9,1.3405837030153347e+19,146167154179238.0,98,4.52,53656132.0,0,0,1398,119,102,12,3,5,0.86,0.085,26.09
C_hyb_k1,C_HYBRID,16,0.0625,random,0.052,25.0,unreal,10.0,1,rs,0.0,month,0.0,0,0,0.92,hybrid,signal,none,rs,1,3.0,7012,20.37,-34.61,0.589,1.139,771,35.6,45.4,34.19,-10.93,9.552,15,72.6,19.61,-31.31,21.02,-34.61,10.83,-28.0,1880,673,282,1438,1510,771,100,1402,4.61,0,0.0,0.0,0,8.123926e+06,6.94743e+06,1.176497e+06,2.735,589913.0,0.43,5.229,33.5,60748822.0,43.6,43.6,5.261840404347153e+17,10446293028700.979,96,4.43,54304207.0,0,0,1402,118,100,13,5,3,0.93,0.084,23.96
C_hyb_k1,C_HYBRID,16,0.0625,random,0.052,25.0,unreal,10.0,1,rs,0.0,month,0.0,0,0,0.92,hybrid,signal,none,rs,1,3.0,7013,22.33,-32.39,0.689,1.226,764,35.2,46.2,35.6,-10.91,10.583,15,72.89,19.65,-31.28,25.01,-32.39,24.58,-21.25,1880,719,317,1511,1443,764,99,1410,4.57,0,0.0,0.0,0,9.613641e+06,8.221922e+06,1.39172e+06,2.719,620487.0,0.435,6.466,34.9,85606416.0,41.9,41.9,8.721990749104867e+19,1284861166343561.0,95,4.38,53902458.0,0,0,1410,115,99,11,4,4,0.78,0.082,26.09
C_hyb_k1,C_HYBRID,16,0.0625,random,0.052,25.0,unreal,10.0,1,rs,0.0,month,0.0,0,0,0.92,hybrid,signal,none,rs,1,3.0,7014,20.22,-32.39,0.624,1.157,773,35.6,45.0,34.14,-10.85,9.406,15,72.61,19.65,-31.28,20.68,-32.39,16.21,-30.48,1880,694,308,1489,1460,773,103,1396,4.75,0,0.0,0.0,0,7.383933e+06,6.028651e+06,1.355281e+06,2.737,624632.0,0.431,5.552,33.5,58544953.0,47.2,47.2,2.2597229055660374e+17,3383138269031.216,99,4.57,54565152.0,0,0,1396,120,103,13,3,4,0.93,0.086,26.09
C_hyb_k1,C_HYBRID,16,0.0625,random,0.052,25.0,unreal,10.0,1,rs,0.0,month,0.0,0,0,0.92,hybrid,signal,none,rs,1,3.0,7015,21.24,-35.28,0.602,1.178,757,34.9,46.0,35.24,-10.92,10.301,14,72.69,19.66,-31.32,22.76,-35.28,20.7,-27.22,1880,673,311,1416,1541,757,95,1404,4.38,0,0.0,0.0,0,8.680613e+06,7.325569e+06,1.355044e+06,2.655,596681.0,0.424,5.654,34.1,70749107.0,47.5,47.5,8.978742398338655e+18,132168198683987.47,91,4.2,50975336.0,0,0,1404,111,95,13,3,3,0.93,0.079,26.07
C_hyb_k1,C_HYBRID,16,0.0625,random,0.052,25.0,unreal,10.0,1,rs,0.0,month,0.0,0,0,0.92,hybrid,signal,none,rs,1,3.0,7016,22.31,-31.28,0.713,1.223,758,35.0,45.5,36.46,-10.84,10.691,18,73.17,19.65,-31.28,24.97,-30.04,21.34,-22.95,1880,669,321,1429,1530,758,98,1412,4.52,0,0.0,0.0,0,1.0205122e+07,9.081024e+06,1.124098e+06,2.715,636234.0,0.455,6.625,35.8,85986755.0,52.0,52.0,3.767231330542723e+19,394334304275615.8,94,4.33,63811861.0,0,0,1412,114,98,10,4,5,0.71,0.081,29.91
C_hyb_k1,C_HYBRID,16,0.0625,random,0.052,25.0,unreal,10.0,1,rs,0.0,month,0.0,0,0,0.92,hybrid,signal,none,rs,1,3.0,7017,20.92,-34.59,0.605,1.16,772,35.6,45.5,35.27,-10.91,10.087,15,72.79,19.75,-31.31,22.0,-34.59,16.96,-25.12,1880,685,296,1463,1484,772,100,1395,4.61,0,0.0,0.0,0,8.465258e+06,7.421298e+06,1.04396e+06,2.74,594649.0,0.426,5.797,33.8,66904793.0,41.3,41.3,4.943022774199429e+18,59807144296537.8,96,4.43,53985978.0,0,0,1395,122,100,14,6,5,1.0,0.087,23.95
C_hyb_k1,C_HYBRID,16,0.0625,random,0.052,25.0,unreal,10.0,1,rs,0.0,month,0.0,0,0,0.92,hybrid,signal,none,rs,1,3.0,7018,21.54,-31.28,0.689,1.205,785,36.2,45.4,35.06,-10.88,9.953,15,72.79,19.79,-31.28,23.23,-29.71,10.89,-29.4,1880,727,323,1565,1378,785,110,1396,5.07,0,0.0,0.0,0,1.0418532e+07,9.262512e+06,1.15602e+06,2.869,658113.0,0.47,7.077,36.6,75841089.0,40.0,40.0,6.230250556889341e+18,80257199504633.28,106,4.89,69709794.0,0,0,1396,128,110,13,4,4,0.93,0.092,26.05
C_hyb_k1,C_HYBRID,16,0.0625,random,0.052,25.0,unreal,10.0,1,rs,0.0,month,0.0,0,0,0.92,hybrid,signal,none,rs,1,3.0,7019,21.78,-31.32,0.695,1.216,774,35.7,46.0,35.4,-10.98,10.349,15,72.81,19.66,-31.32,23.86,-30.04,17.98,-29.55,1880,706,317,1515,1429,774,99,1396,4.57,0,0.0,0.0,0,9.952086e+06,8.8014e+06,1.150685e+06,2.778,641382.0,0.45,6.255,35.4,78397103.0,45.5,45.5,2.0946816758191026e+19,228201377182752.1,95,4.38,53617444.0,0,0,1396,115,99,11,3,5,0.79,0.082,26.36
C_hyb_k1,C_HYBRID,16,0.0625,random,0.052,25.0,unreal,10.0,1,rs,0.0,month,0.0,0,0,0.92,hybrid,signal,none,rs,1,3.0,7020,21.3,-31.28,0.681,1.176,779,35.9,44.9,34.9,-10.81,9.729,15,72.76,19.79,-31.28,22.74,-30.01,16.04,-27.03,1880,709,331,1512,1437,779,109,1403,5.03,0,0.0,0.0,0,9.098699e+06,7.673957e+06,1.424743e+06,2.817,649908.0,0.456,6.371,35.7,71782169.0,43.8,43.8,1.9488339475999836e+18,33227280439247.96,105,4.84,61928902.0,0,0,1403,125,109,13,3,3,0.93,0.089,26.36
C_hyb_k1,C_HYBRID,16,0.0625,random,0.052,25.0,unreal,10.0,1,rs,0.0,month,0.0,0,0,0.92,hybrid,signal,none,rs,1,3.0,7021,20.87,-33.2,0.629,1.17,775,35.7,46.2,33.8,-11.01,9.688,15,72.83,19.75,-31.31,21.91,-33.2,17.8,-29.63,1880,722,334,1547,1398,775,101,1400,4.66,0,0.0,0.0,0,7.876718e+06,6.645787e+06,1.23093e+06,2.754,624396.0,0.452,5.464,34.7,65793866.0,44.7,44.7,1.8230028019648292e+18,33932542045905.547,97,4.47,56894885.0,0,0,1400,111,101,9,1,3,0.64,0.079,26.33
C_hyb_k1,C_HYBRID,16,0.0625,random,0.052,25.0,unreal,10.0,1,rs,0.0,month,0.0,0,0,0.92,hybrid,signal,none,rs,1,3.0,7022,21.39,-34.61,0.618,1.199,767,35.4,46.3,35.08,-10.91,10.376,15,72.69,19.68,-31.34,23.04,-34.61,15.88,-24.45,1880,701,320,1508,1438,767,94,1391,4.33,0,0.0,0.0,0,9.218123e+06,8.124133e+06,1.093989e+06,2.705,590009.0,0.437,5.874,34.2,73024085.0,41.1,41.1,2.584530595899735e+19,312730992593641.8,90,4.15,52189406.0,0,0,1391,110,94,12,4,3,0.86,0.079,23.96
C_hyb_k1,C_HYBRID,16,0.0625,random,0.052,25.0,unreal,10.0,1,rs,0.0,month,0.0,0,0,0.92,hybrid,signal,none,rs,1,3.0,7023,21.51,-34.59,0.622,1.189,782,36.1,45.0,35.48,-10.87,9.99,15,72.77,19.79,-31.28,23.17,-34.59,22.39,-28.48,1880,694,293,1479,1461,782,103,1395,4.75,0,0.0,0.0,0,9.732426e+06,8.644737e+06,1.08769e+06,2.792,596865.0,0.441,5.996,35.2,75014599.0,48.1,48.1,2.606144324824161e+18,26764679620452.336,98,4.52,53723645.0,0,0,1395,125,103,16,5,4,1.15,0.09,24.66
C_hyb_k1,C_HYBRID,16,0.0625,random,0.052,25.0,unreal,10.0,1,rs,0.0,month,0.0,0,0,0.92,hybrid,signal,none,rs,1,3.0,7024,21.57,-34.61,0.623,1.185,774,35.7,45.0,36.07,-10.91,10.213,15,72.99,19.61,-31.31,23.48,-34.61,24.92,-20.58,1880,664,291,1423,1523,774,101,1402,4.66,0,0.0,0.0,0,8.484545e+06,7.346195e+06,1.138351e+06,2.748,587276.0,0.423,5.993,33.5,74665389.0,54.7,54.7,4.393818138841623e+18,45057639674716.02,97,4.47,58187105.0,0,0,1402,124,101,15,5,5,1.07,0.088,33.72
C_hyb_k1,C_HYBRID,16,0.0625,random,0.052,25.0,unreal,10.0,1,rs,0.0,month,0.0,0,0,0.92,hybrid,signal,none,rs,1,3.0,7025,21.59,-33.77,0.639,1.192,769,35.5,45.6,35.08,-11.08,9.988,15,72.61,19.65,-31.28,23.47,-33.77,24.03,-28.14,1880,677,319,1421,1525,769,96,1393,4.43,0,0.0,0.0,0,8.74097e+06,7.538049e+06,1.202922e+06,2.712,607704.0,0.434,5.478,33.8,74883159.0,46.8,46.8,4.009496999110956e+18,74512597072406.36,92,4.24,49721753.0,0,0,1393,115,96,12,4,5,0.86,0.083,26.36
C_hyb_k1,C_HYBRID,16,0.0625,random,0.052,25.0,unreal,10.0,1,rs,0.0,month,0.0,0,0,0.92,hybrid,signal,none,rs,1,3.0,7026,21.59,-31.34,0.689,1.207,773,35.6,46.2,35.12,-10.82,10.394,15,72.98,19.68,-31.34,23.44,-30.01,16.59,-25.49,1880,703,334,1520,1425,773,99,1401,4.57,0,0.0,0.0,0,9.479984e+06,8.353189e+06,1.126796e+06,2.833,653570.0,0.468,6.369,35.7,75645310.0,43.5,43.5,4.559050081024648e+19,587131375116940.5,95,4.38,66655297.0,0,0,1401,114,99,12,2,4,0.86,0.081,26.36
C_hyb_k1,C_HYBRID,16,0.0625,random,0.052,25.0,unreal,10.0,1,rs,0.0,month,0.0,0,0,0.92,hybrid,signal,none,rs,1,3.0,7027,20.91,-33.19,0.63,1.16,767,35.4,46.2,34.13,-10.99,9.836,15,72.66,19.68,-31.34,22.05,-33.19,12.31,-27.44,1880,698,326,1457,1492,767,97,1404,4.47,0,0.0,0.0,0,8.944924e+06,7.71519e+06,1.229734e+06,2.716,615766.0,0.451,5.606,35.5,67210373.0,43.5,43.5,2.586911391080932e+18,54755045598556.57,93,4.29,52690768.0,0,0,1404,114,97,13,4,3,0.93,0.081,26.32
C_hyb_k1,C_HYBRID,16,0.0625,random,0.052,25.0,unreal,10.0,1,rs,0.0,month,0.0,0,0,0.92,hybrid,signal,none,rs,1,3.0,7028,20.71,-32.92,0.629,1.153,775,35.7,45.5,34.85,-11.03,9.864,15,72.81,19.75,-31.31,21.58,-32.92,14.32,-29.6,1880,684,323,1445,1499,775,100,1394,4.61,0,0.0,0.0,0,8.679338e+06,7.630772e+06,1.048566e+06,2.751,623314.0,0.434,5.558,33.8,64837292.0,45.1,45.1,1.2723597243192765e+18,16381831496507.955,96,4.43,54183528.0,0,0,1394,120,100,15,3,4,1.08,0.086,26.36
C_hyb_k1,C_HYBRID,16,0.0625,random,0.052,25.0,unreal,10.0,1,rs,0.0,month,0.0,0,0,0.92,hybrid,signal,none,rs,1,3.0,7029,22.47,-32.79,0.685,1.225,774,35.7,45.7,36.13,-10.97,10.572,15,73.1,19.61,-31.31,25.35,-32.79,27.17,-19.89,1880,705,334,1522,1427,774,104,1402,4.8,0,0.0,0.0,0,9.768369e+06,8.464435e+06,1.303934e+06,2.75,619733.0,0.459,6.089,35.3,87854084.0,52.7,52.7,4.13255224357609e+19,451087174122413.06,100,4.61,63598586.0,0,0,1402,125,104,14,4,6,1.0,0.089,36.4
C_hyb_k1,C_HYBRID,16,0.0625,random,0.052,25.0,unreal,10.0,1,rs,0.0,month,0.0,0,0,0.92,hybrid,signal,none,rs,1,3.0,7030,22.24,-32.74,0.679,1.226,758,35.0,47.2,35.17,-10.94,10.839,14,72.75,19.48,-31.34,25.01,-32.74,26.28,-21.52,1880,729,328,1547,1413,758,99,1410,4.57,0,0.0,0.0,0,9.243067e+06,7.889417e+06,1.35365e+06,2.641,595661.0,0.45,5.928,35.2,84021142.0,40.1,40.1,4.1364507826943164e+20,6287865376616817.0,95,4.38,53309083.0,0,0,1410,112,99,11,2,3,0.78,0.079,25.9
C_els_k1,C_HYBRID,16,0.0625,random,0.052,25.0,unreal,10.0,1,rs,0.0,month,0.0,0,0,0.92,entrant,any,topup,rs,1,3.0,7001,22.67,-34.43,0.658,1.192,713,32.9,42.2,33.07,-9.91,8.234,17,72.68,20.51,-30.95,24.87,-34.43,11.04,-29.99,1880,235,26,476,2467,713,195,7941,8.99,0,0.0,0.0,0,1.280893e+07,1.1184263e+07,1.624668e+06,3.07,760922.0,0.566,9.444,39.1,93320959.0,53.8,53.8,54796568494080.0,1352764160.0,158,7.29,176749495.0,0,34,1400,38,37,1,0,2,0.07,0.027,38.05
C_els_k1,C_HYBRID,16,0.0625,random,0.052,25.0,unreal,10.0,1,rs,0.0,month,0.0,0,0,0.92,entrant,any,topup,rs,1,3.0,7002,23.47,-31.27,0.751,1.222,715,33.0,42.7,33.1,-9.86,8.47,12,72.59,20.51,-30.95,26.53,-31.27,18.33,-25.64,1880,238,26,486,2456,715,195,7923,8.99,0,0.0,0.0,0,1.3270896e+07,1.1605798e+07,1.665098e+06,3.047,778823.0,0.57,9.151,40.1,106425237.0,50.3,50.3,268009901916160.0,6614091264.0,157,7.24,177139937.0,0,34,1397,39,38,1,0,2,0.07,0.028,37.87
C_els_k1,C_HYBRID,16,0.0625,random,0.052,25.0,unreal,10.0,1,rs,0.0,month,0.0,0,0,0.92,entrant,any,topup,rs,1,3.0,7003,23.32,-31.27,0.746,1.216,715,33.0,42.5,33.25,-9.93,8.426,12,72.39,20.51,-30.95,26.22,-31.27,17.62,-28.88,1880,236,26,483,2460,715,195,7920,8.99,0,0.0,0.0,0,1.2883261e+07,1.1218523e+07,1.664737e+06,3.028,778823.0,0.594,9.291,39.6,103443991.0,50.9,50.9,176162915483648.0,4347450880.0,156,7.19,173506610.0,0,34,1397,40,39,1,0,2,0.07,0.029,37.87
C_els_k1,C_HYBRID,16,0.0625,random,0.052,25.0,unreal,10.0,1,rs,0.0,month,0.0,0,0,0.92,entrant,any,topup,rs,1,3.0,7004,22.49,-34.43,0.653,1.178,719,33.2,42.1,32.62,-9.94,7.996,17,72.56,20.51,-30.95,24.5,-34.43,14.19,-34.12,1880,228,26,472,2472,719,203,7929,9.36,0,0.0,0.0,0,1.1462602e+07,9.855086e+06,1.607516e+06,3.095,763994.0,0.608,8.452,40.2,89317828.0,53.1,53.1,50086092472320.0,2525847296.0,159,7.33,167979862.0,0,34,1398,45,44,1,0,2,0.07,0.032,38.05
C_els_k1,C_HYBRID,16,0.0625,random,0.052,25.0,unreal,10.0,1,rs,0.0,month,0.0,0,0,0.92,entrant,any,topup,rs,1,3.0,7005,23.64,-31.27,0.756,1.234,713,32.9,42.8,33.5,-9.86,8.69,12,72.44,20.51,-30.95,26.88,-31.27,19.38,-23.56,1880,249,26,517,2429,713,193,7914,8.9,0,0.0,0.0,0,1.2870645e+07,1.1205907e+07,1.664737e+06,3.007,777479.0,0.596,9.154,41.0,108824293.0,50.7,50.7,762280929132544.0,18812008448.0,153,7.06,169383446.0,0,34,1399,41,40,1,0,2,0.07,0.029,37.87
C_els_k1,C_HYBRID,16,0.0625,random,0.052,25.0,unreal,10.0,1,rs,0.0,month,0.0,0,0,0.92,entrant,any,topup,rs,1,3.0,7006,23.53,-31.27,0.753,1.23,713,32.9,42.8,33.08,-9.8,8.541,12,72.52,20.51,-30.95,26.65,-31.27,17.51,-23.44,1880,242,26,498,2447,713,193,7924,8.9,0,0.0,0.0,0,1.3507035e+07,1.1841937e+07,1.665098e+06,3.005,777479.0,0.586,9.157,40.4,107611321.0,50.2,50.2,394564888166400.0,9737285632.0,154,7.1,168886422.0,0,34,1398,40,39,1,0,2,0.07,0.029,37.87
C_els_k1,C_HYBRID,16,0.0625,random,0.052,25.0,unreal,10.0,1,rs,0.0,month,0.0,0,0,0.92,entrant,any,topup,rs,1,3.0,7007,23.21,-31.27,0.742,1.212,715,33.0,42.4,33.36,-9.94,8.412,12,72.42,20.51,-30.95,25.98,-31.27,17.7,-30.06,1880,237,26,487,2456,715,197,7921,9.08,0,0.0,0.0,0,1.2595973e+07,1.0930875e+07,1.665098e+06,3.044,778823.0,0.594,9.547,39.4,101299381.0,51.2,51.2,157173137014784.0,3878805248.0,158,7.29,178899403.0,0,34,1397,40,39,1,0,2,0.07,0.029,37.87
C_els_k1,C_HYBRID,16,0.0625,random,0.052,25.0,unreal,10.0,1,rs,0.0,month,0.0,0,0,0.92,entrant,any,topup,rs,1,3.0,7008,22.89,-34.43,0.665,1.201,711,32.8,42.5,33.49,-9.89,8.539,17,72.52,20.51,-30.95,25.34,-34.43,16.2,-31.89,1880,235,26,485,2462,711,197,7941,9.08,0,0.0,0.0,0,1.2156342e+07,1.0531675e+07,1.624668e+06,3.047,760911.0,0.578,9.086,39.2,95998798.0,51.8,51.8,260849251909632.0,6439592960.0,158,7.29,177740477.0,0,34,1400,40,39,1,0,2,0.07,0.029,38.05
C_els_k1,C_HYBRID,16,0.0625,random,0.052,25.0,unreal,10.0,1,rs,0.0,month,0.0,0,0,0.92,entrant,any,topup,rs,1,3.0,7009,23.73,-31.27,0.759,1.239,715,33.0,42.9,33.17,-9.85,8.618,12,72.43,20.51,-30.95,27.08,-31.27,20.56,-21.98,1880,247,26,515,2429,715,193,7912,8.9,0,0.0,0.0,0,1.2875793e+07,1.1210695e+07,1.665098e+06,3.018,778823.0,0.605,9.256,41.1,110529305.0,49.5,49.5,684492427624448.0,16892271616.0,153,7.06,166437718.0,0,34,1397,41,40,1,0,2,0.07,0.029,37.87
C_els_k1,C_HYBRID,16,0.0625,random,0.052,25.0,unreal,10.0,1,rs,0.0,month,0.0,0,0,0.92,entrant,any,topup,rs,1,3.0,7010,23.67,-31.27,0.757,1.229,715,33.0,42.8,33.26,-9.84,8.605,12,72.43,20.51,-30.95,26.94,-31.27,18.41,-26.99,1880,242,26,502,2441,715,192,7921,8.85,0,0.0,0.0,0,1.317712e+07,1.1512382e+07,1.664737e+06,3.029,778823.0,0.589,9.717,40.1,109649874.0,50.1,50.1,581701445091328.0,14355560448.0,153,7.06,171175917.0,0,34,1396,40,39,1,0,2,0.07,0.029,37.87
C_els_k1,C_HYBRID,16,0.0625,random,0.052,25.0,unreal,10.0,1,rs,0.0,month,0.0,0,0,0.92,entrant,any,topup,rs,1,3.0,7011,23.26,-35.04,0.664,1.215,715,33.0,42.1,33.9,-9.96,8.505,18,72.45,20.51,-30.95,26.1,-35.04,19.9,-35.04,1880,237,26,481,2462,715,198,7937,9.13,0,0.0,0.0,0,1.2199872e+07,1.0575205e+07,1.624668e+06,3.077,762427.0,0.578,9.387,39.6,101866960.0,58.7,58.7,130406506561536.0,2365611520.0,159,7.33,179713228.0,0,34,1397,40,39,1,0,2,0.07,0.029,38.05
C_els_k1,C_HYBRID,16,0.0625,random,0.052,25.0,unreal,10.0,1,rs,0.0,month,0.0,0,0,0.92,entrant,any,topup,rs,1,3.0,7012,22.43,-34.61,0.648,1.177,721,33.2,42.2,32.54,-9.96,7.958,17,72.54,20.51,-30.95,24.38,-34.61,13.93,-34.61,1880,231,26,478,2464,721,203,7927,9.36,0,0.0,0.0,0,1.1432954e+07,9.827337e+06,1.605617e+06,3.109,764494.0,0.605,8.302,40.2,88486948.0,53.3,53.3,43032535629824.0,2170137344.0,159,7.33,167095658.0,0,34,1396,45,44,1,0,2,0.07,0.032,38.05
C_els_k1,C_HYBRID,16,0.0625,random,0.052,25.0,unreal,10.0,1,rs,0.0,month,0.0,0,0,0.92,entrant,any,topup,rs,1,3.0,7013,22.98,-34.43,0.668,1.21,710,32.7,42.5,33.32,-9.91,8.479,17,72.56,20.51,-30.95,25.52,-34.43,13.24,-28.84,1880,237,26,487,2460,710,194,7943,8.95,0,0.0,0.0,0,1.3037571e+07,1.1412904e+07,1.624668e+06,3.019,759500.0,0.568,9.122,39.4,98243717.0,52.0,52.0,195322630373376.0,4821933568.0,156,7.19,169705144.0,0,34,1401,39,38,1,0,2,0.07,0.028,38.05
C_els_k1,C_HYBRID,16,0.0625,random,0.052,25.0,unreal,10.0,1,rs,0.0,month,0.0,0,0,0.92,entrant,any,topup,rs,1,3.0,7014,22.88,-31.27,0.732,1.192,724,33.4,42.1,32.45,-9.93,7.924,12,72.5,20.51,-30.95,25.32,-31.27,17.1,-30.44,1880,230,26,474,2465,724,203,7908,9.36,0,0.0,0.0,0,1.1849166e+07,1.0203143e+07,1.646023e+06,3.115,791932.0,0.608,8.761,40.3,95567643.0,52.4,52.4,45544948891648.0,2303038464.0,159,7.33,172055166.0,0,34,1395,45,44,1,0,2,0.07,0.032,37.87
C_els_k1,C_HYBRID,16,0.0625,random,0.052,25.0,unreal,10.0,1,rs,0.0,month,0.0,0,0,0.92,entrant,any,topup,rs,1,3.0,7015,23.36,-31.27,0.747,1.216,714,32.9,42.4,33.35,-9.87,8.473,12,72.46,20.51,-30.95,26.31,-31.27,21.89,-27.35,1880,235,26,482,2463,714,197,7921,9.08,0,0.0,0.0,0,1.2504954e+07,1.0839856e+07,1.665098e+06,3.036,778151.0,0.6,9.379,40.2,103827430.0,51.0,51.0,225653269987328.0,5568790016.0,157,7.24,177314738.0,0,34,1401,41,40,1,0,2,0.07,0.029,37.87
C_els_k1,C_HYBRID,16,0.0625,random,0.052,25.0,unreal,10.0,1,rs,0.0,month,0.0,0,0,0.92,entrant,any,topup,rs,1,3.0,7016,23.0,-31.27,0.735,1.2,723,33.3,42.5,32.25,-9.99,7.946,12,72.43,20.51,-30.95,25.55,-31.27,20.31,-29.79,1880,237,26,482,2458,723,202,7909,9.31,0,0.0,0.0,0,1.1849166e+07,1.0203143e+07,1.646023e+06,3.069,791707.0,0.612,8.542,40.5,97269770.0,51.9,51.9,46896806625280.0,2371399168.0,158,7.29,162094065.0,0,34,1396,45,44,1,0,2,0.07,0.032,37.87
C_els_k1,C_HYBRID,16,0.0625,random,0.052,25.0,unreal,10.0,1,rs,0.0,month,0.0,0,0,0.92,entrant,any,topup,rs,1,3.0,7017,23.32,-31.27,0.746,1.219,718,33.1,42.3,33.43,-9.91,8.44,12,72.36,20.51,-30.95,26.22,-31.27,15.49,-30.05,1880,242,26,501,2440,718,197,7909,9.08,0,0.0,0.0,0,1.2875793e+07,1.1210695e+07,1.665098e+06,3.067,785638.0,0.597,9.29,40.0,103395655.0,50.8,50.8,222418102648832.0,5488954368.0,157,7.24,175096691.0,0,34,1395,41,40,1,0,2,0.07,0.029,37.87
C_els_k1,C_HYBRID,16,0.0625,random,0.052,25.0,unreal,10.0,1,rs,0.0,month,0.0,0,0,0.92,entrant,any,topup,rs,1,3.0,7018,24.24,-31.27,0.775,1.254,714,32.9,42.6,33.8,-9.84,8.741,12,72.46,20.51,-30.95,28.14,-31.27,26.54,-27.36,1880,243,26,494,2450,714,193,7923,8.9,0,0.0,0.0,0,1.3501906e+07,1.1837168e+07,1.664737e+06,2.99,778151.0,0.587,9.227,40.5,120570118.0,56.3,56.3,588213152382976.0,10665981952.0,154,7.1,167289027.0,0,34,1394,40,39,1,0,2,0.07,0.029,37.87
C_els_k1,C_HYBRID,16,0.0625,random,0.052,25.0,unreal,10.0,1,rs,0.0,month,0.0,0,0,0.92,entrant,any,topup,rs,1,3.0,7019,24.01,-31.27,0.768,1.25,709,32.7,43.2,33.25,-9.83,8.764,12,72.53,20.51,-30.95,27.66,-31.27,23.57,-18.59,1880,245,26,508,2440,709,191,7928,8.81,0,0.0,0.0,0,1.3507035e+07,1.1841937e+07,1.665098e+06,2.951,776144.0,0.598,9.705,40.9,116283082.0,48.5,48.5,1177185440235520.0,29051222016.0,153,7.06,166212930.0,0,34,1401,39,38,1,0,2,0.07,0.028,37.87
C_els_k1,C_HYBRID,16,0.0625,random,0.052,25.0,unreal,10.0,1,rs,0.0,month,0.0,0,0,0.92,entrant,any,topup,rs,1,3.0,7020,22.76,-31.93,0.713,1.185,724,33.4,42.0,32.4,-9.93,7.847,12,72.49,20.51,-30.95,25.06,-31.93,17.79,-31.93,1880,229,26,466,2474,724,205,7906,9.45,0,0.0,0.0,0,1.1845468e+07,1.0199798e+07,1.64567e+06,3.116,791488.0,0.603,8.649,40.2,93681589.0,52.8,52.8,28081697849344.0,1418121984.0,160,7.38,173051258.0,0,34,1397,46,45,1,0,2,0.07,0.033,37.87
C_els_k1,C_HYBRID,16,0.0625,random,0.052,25.0,unreal,10.0,1,rs,0.0,month,0.0,0,0,0.92,entrant,any,topup,rs,1,3.0,7021,22.66,-31.27,0.725,1.187,723,33.3,42.2,32.05,-9.92,7.784,12,72.51,20.51,-30.95,24.86,-31.27,16.6,-29.73,1880,235,26,475,2466,723,202,7907,9.31,0,0.0,0.0,0,1.1845468e+07,1.0199798e+07,1.64567e+06,3.083,791269.0,0.618,8.539,40.9,92227004.0,53.6,53.6,21242390249472.0,1072738624.0,157,7.24,164515134.0,0,34,1397,46,45,1,0,2,0.07,0.033,37.87
C_els_k1,C_HYBRID,16,0.0625,random,0.052,25.0,unreal,10.0,1,rs,0.0,month,0.0,0,0,0.92,entrant,any,topup,rs,1,3.0,7022,23.77,-31.71,0.75,1.229,716,33.0,42.0,33.8,-9.9,8.473,12,72.51,20.51,-30.95,27.15,-31.71,22.44,-31.71,1880,238,26,480,2461,716,196,7920,9.04,0,0.0,0.0,0,1.3202859e+07,1.1538121e+07,1.664737e+06,3.047,782215.0,0.579,9.384,39.8,111518911.0,57.3,57.3,127831094853632.0,2318084864.0,158,7.29,181364998.0,0,34,1396,39,38,1,0,2,0.07,0.028,37.87
C_els_k1,C_HYBRID,16,0.0625,random,0.052,25.0,unreal,10.0,1,rs,0.0,month,0.0,0,0,0.92,entrant,any,topup,rs,1,3.0,7023,23.61,-34.43,0.686,1.229,708,32.6,43.1,33.34,-9.83,8.766,17,72.65,20.51,-30.95,26.82,-34.43,22.44,-22.42,1880,235,26,483,2465,708,192,7946,8.85,0,0.0,0.0,0,1.280893e+07,1.1184263e+07,1.624668e+06,3.009,757848.0,0.568,9.407,39.4,108394477.0,49.7,49.7,995263174934528.0,24570079232.0,155,7.15,173293736.0,0,34,1404,38,37,1,0,2,0.07,0.027,38.05
C_els_k1,C_HYBRID,16,0.0625,random,0.052,25.0,unreal,10.0,1,rs,0.0,month,0.0,0,0,0.92,entrant,any,topup,rs,1,3.0,7024,23.16,-34.43,0.673,1.21,716,33.0,43.2,32.35,-9.93,8.318,18,72.59,20.51,-30.95,25.88,-34.43,22.35,-24.67,1880,235,26,487,2460,716,198,7932,9.13,0,0.0,0.0,0,1.1462602e+07,9.855086e+06,1.607516e+06,3.04,763015.0,0.608,8.595,40.5,99564903.0,51.2,51.2,324570745667584.0,16368135168.0,154,7.1,157566868.0,0,34,1403,45,44,1,0,2,0.07,0.032,38.05
C_els_k1,C_HYBRID,16,0.0625,random,0.052,25.0,unreal,10.0,1,rs,0.0,month,0.0,0,0,0.92,entrant,any,topup,rs,1,3.0,7025,22.77,-34.43,0.661,1.192,718,33.1,42.3,32.66,-9.91,8.114,18,72.55,20.51,-30.95,25.07,-34.43,17.81,-29.73,1880,228,26,472,2473,718,202,7930,9.31,0,0.0,0.0,0,1.1462602e+07,9.855086e+06,1.607516e+06,3.091,763798.0,0.601,8.53,40.3,93406604.0,52.3,52.3,101542782828544.0,5120816128.0,158,7.29,168384988.0,0,34,1401,45,44,1,0,2,0.07,0.032,38.05
C_els_k1,C_HYBRID,16,0.0625,random,0.052,25.0,unreal,10.0,1,rs,0.0,month,0.0,0,0,0.92,entrant,any,topup,rs,1,3.0,7026,23.25,-31.27,0.744,1.214,715,33.0,42.4,33.38,-9.93,8.422,12,72.4,20.51,-30.95,26.07,-31.27,18.23,-29.52,1880,237,26,487,2456,715,195,7921,8.99,0,0.0,0.0,0,1.2591056e+07,1.0926318e+07,1.664737e+06,3.033,778823.0,0.589,9.533,39.2,101957830.0,51.1,51.1,168006571261952.0,4146162688.0,156,7.19,174965465.0,0,34,1396,40,39,1,0,2,0.07,0.029,37.87
C_els_k1,C_HYBRID,16,0.0625,random,0.052,25.0,unreal,10.0,1,rs,0.0,month,0.0,0,0,0.92,entrant,any,topup,rs,1,3.0,7027,23.02,-31.27,0.736,1.196,723,33.3,42.3,32.35,-9.91,7.975,12,72.51,20.51,-30.95,25.59,-31.27,18.48,-28.79,1880,230,26,474,2466,723,200,7909,9.22,0,0.0,0.0,0,1.1845468e+07,1.0199798e+07,1.64567e+06,3.087,791269.0,0.596,8.854,40.0,97605115.0,52.0,52.0,62611638976512.0,3161878528.0,156,7.19,165766741.0,0,34,1395,45,44,1,0,2,0.07,0.032,37.87
C_els_k1,C_HYBRID,16,0.0625,random,0.052,25.0,unreal,10.0,1,rs,0.0,month,0.0,0,0,0.92,entrant,any,topup,rs,1,3.0,7028,23.65,-31.27,0.756,1.232,715,33.0,42.8,33.39,-9.85,8.653,12,72.56,20.51,-30.95,26.91,-31.27,19.1,-24.1,1880,242,26,502,2441,715,192,7921,8.85,0,0.0,0.0,0,1.3140237e+07,1.1475139e+07,1.665098e+06,3.019,778823.0,0.59,9.407,40.8,109428309.0,50.6,50.6,686849492254720.0,16950436864.0,153,7.06,167112236.0,0,34,1396,40,39,1,0,2,0.07,0.029,37.87
C_els_k1,C_HYBRID,16,0.0625,random,0.052,25.0,unreal,10.0,1,rs,0.0,month,0.0,0,0,0.92,entrant,any,topup,rs,1,3.0,7029,23.0,-34.43,0.668,1.209,716,33.0,42.6,33.11,-9.82,8.467,18,72.62,20.51,-30.95,25.55,-34.43,13.5,-27.44,1880,239,26,495,2448,716,195,7936,8.99,0,0.0,0.0,0,1.2682713e+07,1.1058046e+07,1.624668e+06,3.102,763015.0,0.572,9.41,39.9,98199345.0,52.7,52.7,294005946449920.0,7258127360.0,155,7.15,172749272.0,0,34,1401,41,40,1,0,2,0.07,0.029,38.05
C_els_k1,C_HYBRID,16,0.0625,random,0.052,25.0,unreal,10.0,1,rs,0.0,month,0.0,0,0,0.92,entrant,any,topup,rs,1,3.0,7030,22.86,-31.27,0.731,1.198,721,33.2,42.3,32.21,-9.9,7.916,12,72.51,20.51,-30.95,25.26,-31.27,16.6,-27.47,1880,236,26,483,2459,721,199,7911,9.18,0,0.0,0.0,0,1.1875542e+07,1.0228014e+07,1.647527e+06,3.065,790832.0,0.62,8.559,40.9,95129907.0,52.9,52.9,43978351181824.0,2220903680.0,155,7.15,163154796.0,0,34,1397,45,44,1,0,2,0.07,0.032,37.87
C_hyb_k2,C_HYBRID,16,0.0625,random,0.052,25.0,unreal,10.0,2,rs,0.0,month,0.0,0,0,0.92,hybrid,signal,none,rs,1,3.0,7001,21.35,-31.28,0.683,1.197,755,34.8,46.5,33.87,-10.79,9.971,14,72.78,19.84,-31.28,22.79,-30.8,16.58,-24.94,1880,657,246,1330,1625,755,98,1496,4.52,0,0.0,0.0,0,8.699279e+06,7.441808e+06,1.257471e+06,2.706,645241.0,0.452,5.581,35.0,72019205.0,47.7,47.7,3.9121303136195937e+18,68129914855619.12,94,4.33,65540902.0,0,0,1408,99,88,11,0,2,0.78,0.07,28.09
C_hyb_k2,C_HYBRID,16,0.0625,random,0.052,25.0,unreal,10.0,2,rs,0.0,month,0.0,0,0,0.92,hybrid,signal,none,rs,1,3.0,7002,21.49,-31.31,0.686,1.203,754,34.8,47.1,33.52,-10.92,10.005,14,72.87,19.81,-31.31,23.11,-30.95,16.38,-28.33,1880,637,249,1289,1665,754,96,1486,4.43,0,0.0,0.0,0,8.872694e+06,7.441177e+06,1.431516e+06,2.713,636265.0,0.432,5.864,34.7,73829017.0,48.9,48.9,3.598604344181347e+18,50718582598201.32,92,4.24,65758785.0,0,0,1399,98,87,10,1,3,0.71,0.07,26.85
C_hyb_k2,C_HYBRID,16,0.0625,random,0.052,25.0,unreal,10.0,2,rs,0.0,month,0.0,0,0,0.92,hybrid,signal,none,rs,1,3.0,7003,21.08,-31.31,0.673,1.162,775,35.7,46.1,34.42,-10.9,9.975,15,72.8,19.8,-31.31,22.28,-31.03,19.21,-29.78,1880,652,249,1333,1606,775,101,1483,4.66,0,0.0,0.0,0,8.896507e+06,7.81671e+06,1.079796e+06,2.798,643084.0,0.441,5.871,35.2,69067981.0,48.3,48.3,2.496594327393642e+18,25560170945663.223,97,4.47,59431468.0,0,0,1391,103,92,10,1,3,0.72,0.074,24.89
C_hyb_k2,C_HYBRID,16,0.0625,random,0.052,25.0,unreal,10.0,2,rs,0.0,month,0.0,0,0,0.92,hybrid,signal,none,rs,1,3.0,7004,21.06,-36.51,0.577,1.169,755,34.8,46.1,35.38,-10.99,10.38,15,72.76,19.84,-31.28,22.2,-36.51,16.58,-27.5,1880,615,233,1232,1720,755,96,1483,4.43,0,0.0,0.0,0,8.263664e+06,7.101868e+06,1.161795e+06,2.694,580167.0,0.411,5.427,33.5,68340930.0,49.1,49.1,4.461283181868022e+18,36556963352864.6,92,4.24,57701866.0,0,0,1398,100,85,12,2,4,0.86,0.072,31.39
C_hyb_k2,C_HYBRID,16,0.0625,random,0.052,25.0,unreal,10.0,2,rs,0.0,month,0.0,0,0,0.92,hybrid,signal,none,rs,1,3.0,7005,21.76,-31.37,0.693,1.193,757,34.9,45.3,36.5,-10.82,10.624,23,73.05,19.67,-31.34,23.8,-31.37,17.96,-29.48,1880,642,267,1268,1685,757,98,1501,4.52,0,0.0,0.0,0,8.695818e+06,7.424525e+06,1.271294e+06,2.764,625350.0,0.428,6.011,34.1,77032415.0,56.1,56.1,1.235941573012078e+19,98400857984660.95,94,4.33,69557518.0,0,0,1412,99,89,9,1,3,0.64,0.07,38.09
C_hyb_k2,C_HYBRID,16,0.0625,random,0.052,25.0,unreal,10.0,2,rs,0.0,month,0.0,0,0,0.92,hybrid,signal,none,rs,1,3.0,7006,22.13,-31.32,0.707,1.218,744,34.3,47.2,34.66,-10.9,10.598,15,72.84,19.71,-31.32,24.53,-30.94,17.05,-26.03,1880,631,240,1252,1709,744,92,1490,4.24,0,0.0,0.0,0,1.0061063e+07,8.67882e+06,1.382243e+06,2.642,626560.0,0.429,5.977,34.5,83265022.0,47.0,47.0,5.265734959168027e+19,741875653240746.1,88,4.06,59526186.0,0,0,1407,93,83,10,0,2,0.71,0.066,29.16
C_hyb_k2,C_HYBRID,16,0.0625,random,0.052,25.0,unreal,10.0,2,rs,0.0,month,0.0,0,0,0.92,hybrid,signal,none,rs,1,3.0,7007,22.11,-31.32,0.706,1.227,766,35.3,47.4,34.59,-10.96,10.627,15,72.84,19.71,-31.32,24.48,-31.32,18.2,-26.1,1880,663,251,1349,1595,766,95,1484,4.38,0,0.0,0.0,0,9.908309e+06,8.782931e+06,1.125377e+06,2.767,634948.0,0.44,6.058,35.6,82721301.0,47.1,47.1,1.051388570034509e+20,1075985302168679.5,91,4.2,61527860.0,0,0,1396,95,88,7,0,2,0.5,0.068,30.2
C_hyb_k2,C_HYBRID,16,0.0625,random,0.052,25.0,unreal,10.0,2,rs,0.0,month,0.0,0,0,0.92,hybrid,signal,none,rs,1,3.0,7008,22.82,-31.28,0.729,1.238,746,34.4,46.0,36.26,-10.78,10.848,15,73.0,19.84,-31.28,25.82,-30.95,20.67,-20.3,1880,631,267,1243,1726,746,101,1510,4.66,0,0.0,0.0,0,1.1447067e+07,9.268187e+06,2.17888e+06,2.619,630689.0,0.435,6.384,33.5,94488763.0,54.1,54.1,4.685982411339386e+19,445226564084034.75,97,4.47,71427005.0,0,0,1416,103,94,8,1,3,0.56,0.073,32.72
C_hyb_k2,C_HYBRID,16,0.0625,random,0.052,25.0,unreal,10.0,2,rs,0.0,month,0.0,0,0,0.92,hybrid,signal,none,rs,1,3.0,7009,21.8,-31.34,0.696,1.2,763,35.2,46.3,35.7,-10.93,10.643,15,73.0,19.67,-31.34,23.88,-31.05,21.03,-23.99,1880,680,311,1430,1517,763,96,1491,4.43,0,0.0,0.0,0,9.01372e+06,7.724501e+06,1.28922e+06,2.797,634653.0,0.439,6.151,35.1,77870754.0,52.5,52.5,2.992937818349557e+19,233627767200003.1,92,4.24,62242234.0,0,0,1403,100,88,9,1,5,0.64,0.071,29.07
C_hyb_k2,C_HYBRID,16,0.0625,random,0.052,25.0,unreal,10.0,2,rs,0.0,month,0.0,0,0,0.92,hybrid,signal,none,rs,1,3.0,7010,21.17,-31.31,0.676,1.178,765,35.3,46.9,33.63,-10.95,9.969,15,72.82,19.8,-31.31,22.46,-31.07,20.99,-25.69,1880,668,249,1380,1564,765,97,1484,4.47,0,0.0,0.0,0,8.613473e+06,7.21824e+06,1.395233e+06,2.778,641754.0,0.437,6.216,34.2,69821062.0,43.4,43.4,7.727759644823507e+18,132416142088637.58,93,4.29,60442495.0,0,0,1397,102,87,10,2,5,0.72,0.073,24.47
C_hyb_k2,C_HYBRID,16,0.0625,random,0.052,25.0,unreal,10.0,2,rs,0.0,month,0.0,0,0,0.92,hybrid,signal,none,rs,1,3.0,7011,21.02,-33.07,0.635,1.168,760,35.0,46.2,35.0,-10.97,10.264,17,72.8,19.83,-31.28,22.11,-33.07,19.72,-33.07,1880,628,239,1263,1687,760,98,1483,4.52,0,0.0,0.0,0,9.19402e+06,8.056774e+06,1.137246e+06,2.712,638436.0,0.444,5.92,35.0,68621703.0,49.2,49.2,4.656288224709939e+18,47635140930256.93,94,4.33,61304555.0,0,0,1396,102,87,11,3,4,0.79,0.073,23.75
C_hyb_k2,C_HYBRID,16,0.0625,random,0.052,25.0,unreal,10.0,2,rs,0.0,month,0.0,0,0,0.92,hybrid,signal,none,rs,1,3.0,7012,21.99,-36.51,0.602,1.203,755,34.8,46.8,34.56,-11.08,10.261,16,72.68,19.8,-31.31,24.15,-36.51,19.43,-20.68,1880,607,235,1230,1723,755,98,1493,4.52,0,0.0,0.0,0,9.700959e+06,8.522518e+06,1.178441e+06,2.695,578240.0,0.419,5.724,33.5,81044184.0,43.9,43.9,1.964418017528159e+19,416913603402955.06,94,4.33,65134992.0,0,0,1407,104,86,13,4,4,0.92,0.074,31.5
C_hyb_k2,C_HYBRID,16,0.0625,random,0.052,25.0,unreal,10.0,2,rs,0.0,month,0.0,0,0,0.92,hybrid,signal,none,rs,1,3.0,7013,21.05,-31.28,0.673,1.163,783,36.1,45.6,34.49,-10.93,9.781,15,72.85,19.83,-31.28,22.18,-30.95,17.47,-29.21,1880,639,242,1270,1665,783,105,1488,4.84,0,0.0,0.0,0,8.849016e+06,7.76906e+06,1.079956e+06,2.859,643448.0,0.445,6.142,35.6,68689011.0,49.5,49.5,1.101245761758951e+18,11278953050625.78,101,4.66,65282348.0,0,0,1392,109,96,10,2,4,0.72,0.078,23.8
C_hyb_k2,C_HYBRID,16,0.0625,random,0.052,25.0,unreal,10.0,2,rs,0.0,month,0.0,0,0,0.92,hybrid,signal,none,rs,1,3.0,7014,21.61,-31.28,0.691,1.206,756,34.9,46.4,33.66,-10.75,9.867,14,72.91,19.83,-31.28,23.32,-31.17,13.7,-22.49,1880,631,267,1262,1692,756,97,1493,4.47,0,0.0,0.0,0,8.856762e+06,6.981898e+06,1.874864e+06,2.706,637805.0,0.441,5.561,34.1,75334040.0,51.6,51.6,2.5155982579880264e+18,43112134618153.46,93,4.29,62430439.0,0,0,1405,100,88,10,2,3,0.71,0.071,29.92
C_hyb_k2,C_HYBRID,16,0.0625,random,0.052,25.0,unreal,10.0,2,rs,0.0,month,0.0,0,0,0.92,hybrid,signal,none,rs,1,3.0,7015,22.07,-31.32,0.705,1.215,748,34.5,46.8,34.82,-10.91,10.486,15,72.83,19.71,-31.32,24.4,-30.83,15.74,-28.19,1880,619,239,1232,1728,748,95,1492,4.38,0,0.0,0.0,0,1.0191921e+07,8.761695e+06,1.430226e+06,2.682,632439.0,0.444,6.542,35.8,82486094.0,48.6,48.6,2.5279329704850452e+19,355768555340543.6,91,4.2,65164726.0,0,0,1405,97,87,9,1,3,0.64,0.069,26.81
C_hyb_k2,C_HYBRID,16,0.0625,random,0.052,25.0,unreal,10.0,2,rs,0.0,month,0.0,0,0,0.92,hybrid,signal,none,rs,1,3.0,7016,22.68,-31.28,0.725,1.232,762,35.1,47.0,35.29,-10.88,10.809,15,72.74,19.83,-31.28,25.53,-30.95,17.88,-28.32,1880,634,242,1259,1689,762,97,1487,4.47,0,0.0,0.0,0,1.1335382e+07,1.0173289e+07,1.162094e+06,2.758,639140.0,0.456,7.007,36.0,92057042.0,47.1,47.1,1.6268389772672683e+20,1666385435356597.0,93,4.29,71562261.0,0,0,1398,99,89,9,1,3,0.64,0.071,27.02
C_hyb_k2,C_HYBRID,16,0.0625,random,0.052,25.0,unreal,10.0,2,rs,0.0,month,0.0,0,0,0.92,hybrid,signal,none,rs,1,3.0,7017,21.22,-36.51,0.581,1.175,752,34.7,46.0,35.34,-10.97,10.337,16,73.04,19.81,-31.31,22.56,-36.51,18.55,-23.12,1880,607,232,1199,1757,752,98,1499,4.52,0,0.0,0.0,0,8.150664e+06,6.81274e+06,1.337924e+06,2.669,577047.0,0.403,5.282,32.6,70144076.0,50.5,50.5,3.9639515151998106e+18,44581783766264.086,94,4.33,60854479.0,0,0,1413,103,86,13,3,4,0.92,0.073,37.68
C_hyb_k2,C_HYBRID,16,0.0625,random,0.052,25.0,unreal,10.0,2,rs,0.0,month,0.0,0,0,0.92,hybrid,signal,none,rs,1,3.0,7018,21.88,-31.32,0.699,1.205,751,34.6,47.1,34.14,-10.96,10.297,15,72.89,19.84,-31.28,23.87,-31.32,18.5,-25.77,1880,653,247,1304,1656,751,99,1490,4.57,0,0.0,0.0,0,9.517334e+06,8.259594e+06,1.257741e+06,2.676,636411.0,0.428,5.674,35.0,79379804.0,46.4,46.4,1.6607762796405942e+19,290227290681764.0,95,4.38,64304791.0,0,0,1400,99,90,9,0,2,0.64,0.071,30.16
C_hyb_k2,C_HYBRID,16,0.0625,random,0.052,25.0,unreal,10.0,2,rs,0.0,month,0.0,0,0,0.92,hybrid,signal,none,rs,1,3.0,7019,22.16,-31.32,0.708,1.208,771,35.6,46.0,35.74,-10.98,10.534,15,72.86,19.71,-31.32,24.6,-31.32,18.25,-27.15,1880,636,248,1266,1680,771,105,1492,4.84,0,0.0,0.0,0,1.0113761e+07,8.848772e+06,1.264989e+06,2.811,634081.0,0.458,6.418,35.7,83698873.0,50.7,50.7,2.4862507393561485e+19,203850151560812.38,100,4.61,71642432.0,0,0,1396,107,96,9,2,3,0.64,0.077,31.45
C_hyb_k2,C_HYBRID,16,0.0625,random,0.052,25.0,unreal,10.0,2,rs,0.0,month,0.0,0,0,0.92,hybrid,signal,none,rs,1,3.0,7020,21.12,-31.28,0.675,1.167,765,35.3,46.0,33.72,-10.95,9.605,15,72.82,19.84,-31.28,22.31,-30.95,11.59,-27.96,1880,640,249,1294,1657,765,106,1502,4.89,0,0.0,0.0,0,9.057678e+06,7.659692e+06,1.397986e+06,2.77,634444.0,0.442,6.178,34.9,69655812.0,46.8,46.8,7.175888494736927e+17,12297852674832.762,102,4.7,68373031.0,0,0,1407,108,95,12,1,3,0.85,0.077,33.33
C_hyb_k2,C_HYBRID,16,0.0625,random,0.052,25.0,unreal,10.0,2,rs,0.0,month,0.0,0,0,0.92,hybrid,signal,none,rs,1,3.0,7021,21.78,-31.82,0.684,1.213,763,35.2,46.1,34.27,-10.88,9.954,15,72.76,19.81,-31.31,23.7,-31.82,18.5,-26.24,1880,649,266,1285,1663,763,97,1484,4.47,0,0.0,0.0,0,9.231353e+06,8.010508e+06,1.220844e+06,2.733,640168.0,0.441,5.552,35.4,77761477.0,50.0,50.0,3.350671540058634e+18,58585822304099.19,93,4.29,60738315.0,0,0,1395,98,89,9,0,2,0.65,0.07,32.45
C_hyb_k2,C_HYBRID,16,0.0625,random,0.052,25.0,unreal,10.0,2,rs,0.0,month,0.0,0,0,0.92,hybrid,signal,none,rs,1,3.0,7022,20.86,-36.49,0.571,1.169,782,36.1,45.8,34.38,-11.03,9.758,15,72.59,19.67,-31.34,21.95,-36.49,15.12,-32.74,1880,657,219,1376,1559,782,106,1484,4.89,0,0.0,0.0,0,9.0101e+06,7.933484e+06,1.076616e+06,2.838,579424.0,0.456,5.62,34.8,66663390.0,44.0,44.0,1.290333197057875e+18,15613890201580.518,102,4.7,60205649.0,0,0,1390,115,94,13,5,5,0.94,0.083,25.35
C_hyb_k2,C_HYBRID,16,0.0625,random,0.052,25.0,unreal,10.0,2,rs,0.0,month,0.0,0,0,0.92,hybrid,signal,none,rs,1,3.0,7023,20.57,-36.51,0.563,1.145,775,35.7,45.0,35.47,-11.06,9.893,16,72.71,19.84,-31.28,21.19,-36.51,17.9,-34.48,1880,616,219,1253,1684,775,101,1485,4.66,0,0.0,0.0,0,8.661248e+06,7.559414e+06,1.101834e+06,2.801,589459.0,0.442,5.435,34.7,63356337.0,49.7,49.7,6.560840064292127e+17,6711518249731.495,96,4.43,57659418.0,0,0,1395,110,90,12,4,6,0.86,0.079,23.94
C_hyb_k2,C_HYBRID,16,0.0625,random,0.052,25.0,unreal,10.0,2,rs,0.0,month,0.0,0,0,0.92,hybrid,signal,none,rs,1,3.0,7024,20.77,-36.51,0.569,1.157,763,35.2,46.0,35.0,-10.99,10.164,15,72.78,19.8,-31.31,21.64,-36.51,10.82,-27.95,1880,613,216,1218,1726,763,96,1478,4.43,0,0.0,0.0,0,8.694675e+06,7.67697e+06,1.017705e+06,2.725,579133.0,0.41,5.282,33.3,65506771.0,46.0,46.0,3.5032101769282473e+18,42448897986559.89,92,4.24,56681734.0,0,0,1393,100,85,12,2,4,0.86,0.072,31.42
C_hyb_k2,C_HYBRID,16,0.0625,random,0.052,25.0,unreal,10.0,2,rs,0.0,month,0.0,0,0,0.92,hybrid,signal,none,rs,1,3.0,7025,21.46,-31.28,0.686,1.199,753,34.7,46.9,34.45,-10.89,10.363,15,72.78,19.83,-31.28,23.03,-30.8,17.12,-20.78,1880,637,242,1284,1671,753,95,1490,4.38,0,0.0,0.0,0,8.915015e+06,7.663874e+06,1.251142e+06,2.649,639939.0,0.431,6.021,34.7,73536539.0,44.8,44.8,1.1157744225378277e+19,105976104414295.81,91,4.2,60069964.0,0,0,1404,99,86,10,2,4,0.71,0.071,27.48
C_hyb_k2,C_HYBRID,16,0.0625,random,0.052,25.0,unreal,10.0,2,rs,0.0,month,0.0,0,0,0.92,hybrid,signal,none,rs,1,3.0,7026,21.09,-31.34,0.673,1.177,758,35.0,46.3,33.86,-10.98,9.786,15,72.59,19.67,-31.34,22.43,-30.93,17.48,-30.31,1880,647,282,1312,1639,758,97,1491,4.47,0,0.0,0.0,0,8.200794e+06,6.845604e+06,1.35519e+06,2.723,629342.0,0.434,5.812,34.6,68448874.0,50.1,50.1,1.0791917623878519e+18,15216514415544.064,93,4.29,60974372.0,0,0,1403,101,88,10,2,4,0.71,0.072,25.57
C_hyb_k2,C_HYBRID,16,0.0625,random,0.052,25.0,unreal,10.0,2,rs,0.0,month,0.0,0,0,0.92,hybrid,signal,none,rs,1,3.0,7027,21.98,-31.34,0.702,1.212,753,34.7,45.7,35.85,-10.81,10.505,14,72.97,19.67,-31.34,24.27,-30.83,27.36,-21.95,1880,622,270,1264,1694,753,99,1490,4.57,0,0.0,0.0,0,9.2368e+06,7.899331e+06,1.33747e+06,2.705,630525.0,0.439,6.146,34.7,80506609.0,51.3,51.3,1.0587188278622538e+19,108477287458131.47,95,4.38,68509234.0,0,0,1401,102,89,11,1,4,0.79,0.073,27.71
C_hyb_k2,C_HYBRID,16,0.0625,random,0.052,25.0,unreal,10.0,2,rs,0.0,month,0.0,0,0,0.92,hybrid,signal,none,rs,1,3.0,7028,22.01,-31.31,0.703,1.203,753,34.7,47.1,34.62,-10.94,10.539,14,72.92,19.81,-31.31,24.17,-30.95,19.52,-24.08,1880,634,253,1254,1702,753,97,1491,4.47,0,0.0,0.0,0,9.656048e+06,8.567411e+06,1.088637e+06,2.678,631560.0,0.432,5.839,34.8,81187305.0,49.2,49.2,2.0054519882108674e+19,205563279917006.06,93,4.29,62327684.0,0,0,1403,99,88,10,1,3,0.71,0.071,30.87
C_hyb_k2,C_HYBRID,16,0.0625,random,0.052,25.0,unreal,10.0,2,rs,0.0,month,0.0,0,0,0.92,hybrid,signal,none,rs,1,3.0,7029,21.48,-31.31,0.686,1.179,761,35.1,46.8,34.7,-10.89,10.435,15,72.82,19.8,-31.31,23.09,-30.8,11.94,-30.32,1880,624,242,1234,1711,761,95,1479,4.38,0,0.0,0.0,0,9.729423e+06,8.646833e+06,1.082589e+06,2.754,639423.0,0.441,6.143,35.1,74474938.0,47.0,47.0,2.7331885492066054e+19,330614534292265.4,91,4.2,65544921.0,0,0,1395,98,84,12,2,3,0.86,0.07,34.68
C_hyb_k2,C_HYBRID,16,0.0625,random,0.052,25.0,unreal,10.0,2,rs,0.0,month,0.0,0,0,0.92,hybrid,signal,none,rs,1,3.0,7030,22.11,-31.34,0.706,1.21,756,34.9,46.3,34.94,-10.93,10.307,15,72.72,19.66,-31.34,24.55,-30.83,15.14,-30.6,1880,630,250,1253,1702,756,99,1491,4.57,0,0.0,0.0,0,1.0425208e+07,9.001255e+06,1.423953e+06,2.727,630275.0,0.448,6.671,35.4,83282906.0,48.6,48.6,1.4534785165747515e+19,204580412167544.28,95,4.38,71653766.0,0,0,1401,101,90,10,1,3,0.71,0.072,31.47
C_els_k2,C_HYBRID,16,0.0625,random,0.052,25.0,unreal,10.0,2,rs,0.0,month,0.0,0,0,0.92,entrant,any,topup,rs,1,3.0,7001,21.27,-35.04,0.607,1.131,721,33.2,41.7,30.89,-9.88,7.144,17,72.49,20.59,-30.95,21.92,-35.04,15.6,-29.12,1880,212,26,423,2514,721,199,8142,9.18,0,0.0,0.0,0,8.90405e+06,7.637998e+06,1.266053e+06,3.079,788167.0,0.566,6.618,38.6,71098632.0,58.6,58.6,1668169203712.0,120772504.0,160,7.38,143340051.0,0,34,1395,40,39,1,0,2,0.07,0.029,38.05
C_els_k2,C_HYBRID,16,0.0625,random,0.052,25.0,unreal,10.0,2,rs,0.0,month,0.0,0,0,0.92,entrant,any,topup,rs,1,3.0,7002,21.02,-35.56,0.591,1.118,726,33.5,41.3,30.48,-9.91,6.782,13,72.67,20.59,-30.95,21.4,-35.56,11.94,-29.85,1880,209,26,416,2517,726,203,8142,9.36,0,0.0,0.0,0,9.093377e+06,7.808517e+06,1.28486e+06,3.13,816853.0,0.579,6.746,39.1,68381351.0,61.1,61.1,246022471680.0,17948134.0,163,7.52,150962744.0,0,34,1392,41,40,1,0,2,0.07,0.029,37.87
C_els_k2,C_HYBRID,16,0.0625,random,0.052,25.0,unreal,10.0,2,rs,0.0,month,0.0,0,0,0.92,entrant,any,topup,rs,1,3.0,7003,21.61,-35.56,0.608,1.139,722,33.3,41.8,30.7,-9.87,7.097,13,72.62,20.59,-30.95,22.62,-35.56,18.78,-28.43,1880,217,26,437,2501,722,202,8144,9.31,0,0.0,0.0,0,9.080694e+06,7.795834e+06,1.28486e+06,3.069,815022.0,0.586,6.992,39.2,75410274.0,56.7,56.7,1344710901760.0,98101080.0,161,7.42,146882973.0,0,34,1398,42,41,1,0,2,0.07,0.03,37.87
C_els_k2,C_HYBRID,16,0.0625,random,0.052,25.0,unreal,10.0,2,rs,0.0,month,0.0,0,0,0.92,entrant,any,topup,rs,1,3.0,7004,22.29,-34.39,0.648,1.171,716,33.0,42.6,30.26,-9.86,7.23,17,72.53,20.59,-30.95,24.0,-34.39,16.51,-30.2,1880,194,26,376,2565,716,195,8140,8.99,0,0.0,0.0,0,1.0730477e+07,9.334326e+06,1.396151e+06,3.042,786072.0,0.568,8.024,38.8,85791765.0,58.4,58.4,2869371600896.0,209425856.0,157,7.24,149738382.0,0,34,1404,39,38,1,0,2,0.07,0.028,38.05
C_els_k2,C_HYBRID,16,0.0625,random,0.052,25.0,unreal,10.0,2,rs,0.0,month,0.0,0,0,0.92,entrant,any,topup,rs,1,3.0,7005,22.66,-31.71,0.715,1.18,721,33.2,42.4,30.23,-9.87,7.152,12,72.68,20.59,-30.95,24.77,-31.71,20.56,-27.35,1880,195,26,378,2559,721,199,8140,9.18,0,0.0,0.0,0,1.0915251e+07,9.490515e+06,1.424736e+06,3.09,814797.0,0.583,8.441,38.8,91325113.0,56.8,56.8,2164820017152.0,159297952.0,160,7.38,157355423.0,0,34,1400,40,39,1,0,2,0.07,0.029,37.87
C_els_k2,C_HYBRID,16,0.0625,random,0.052,25.0,unreal,10.0,2,rs,0.0,month,0.0,0,0,0.92,entrant,any,topup,rs,1,3.0,7006,22.1,-35.04,0.631,1.16,722,33.3,41.7,31.15,-9.88,7.222,13,72.54,20.59,-30.95,23.61,-35.04,24.4,-31.92,1880,220,26,437,2500,722,200,8141,9.22,0,0.0,0.0,0,9.16214e+06,7.871398e+06,1.290743e+06,3.041,815022.0,0.586,6.491,39.1,81733264.0,62.8,62.8,1420827033600.0,70082640.0,160,7.38,142227653.0,0,34,1395,41,40,1,0,2,0.07,0.029,37.87
C_els_k2,C_HYBRID,16,0.0625,random,0.052,25.0,unreal,10.0,2,rs,0.0,month,0.0,0,0,0.92,entrant,any,topup,rs,1,3.0,7007,21.33,-35.56,0.6,1.131,722,33.3,41.6,30.66,-9.89,6.956,13,72.64,20.59,-30.95,22.03,-35.56,15.66,-27.56,1880,206,26,413,2524,722,202,8145,9.31,0,0.0,0.0,0,9.093377e+06,7.808517e+06,1.28486e+06,3.09,815022.0,0.573,6.796,39.2,71923866.0,59.0,59.0,586570072064.0,42792188.0,162,7.47,150537155.0,0,34,1393,41,40,1,0,2,0.07,0.029,37.87
C_els_k2,C_HYBRID,16,0.0625,random,0.052,25.0,unreal,10.0,2,rs,0.0,month,0.0,0,0,0.92,entrant,any,topup,rs,1,3.0,7008,20.85,-35.56,0.586,1.115,724,33.4,41.3,30.72,-9.87,6.891,18,72.54,20.59,-30.95,21.07,-35.56,11.94,-29.84,1880,209,26,416,2519,724,202,8142,9.31,0,0.0,0.0,0,8.802927e+06,7.542528e+06,1.2604e+06,3.117,789338.0,0.566,6.557,38.5,66305873.0,61.5,61.5,421291425792.0,30500770.0,162,7.47,145837608.0,0,34,1395,41,40,1,0,2,0.07,0.029,38.05
C_els_k2,C_HYBRID,16,0.0625,random,0.052,25.0,unreal,10.0,2,rs,0.0,month,0.0,0,0,0.92,entrant,any,topup,rs,1,3.0,7009,21.03,-35.56,0.591,1.116,727,33.5,41.3,30.49,-9.92,6.757,13,72.66,20.59,-30.95,21.43,-35.56,11.28,-31.27,1880,209,26,415,2517,727,204,8141,9.41,0,0.0,0.0,0,9.116062e+06,7.831202e+06,1.28486e+06,3.148,817254.0,0.585,6.787,39.1,68547900.0,61.1,61.1,216891195392.0,15822901.0,164,7.56,153636783.0,0,34,1392,41,40,1,0,2,0.07,0.029,37.87
C_els_k2,C_HYBRID,16,0.0625,random,0.052,25.0,unreal,10.0,2,rs,0.0,month,0.0,0,0,0.92,entrant,any,topup,rs,1,3.0,7010,22.54,-31.71,0.711,1.178,720,33.2,42.5,30.24,-9.87,7.179,12,72.66,20.59,-30.95,24.51,-31.71,18.44,-28.31,1880,195,26,379,2557,720,198,8141,9.13,0,0.0,0.0,0,1.0876487e+07,9.451751e+06,1.424736e+06,3.116,814444.0,0.584,8.29,39.2,89463611.0,57.4,57.4,2447867379712.0,180125968.0,161,7.42,168362377.0,0,34,1400,38,37,1,0,2,0.07,0.027,37.87
C_els_k2,C_HYBRID,16,0.0625,random,0.052,25.0,unreal,10.0,2,rs,0.0,month,0.0,0,0,0.92,entrant,any,topup,rs,1,3.0,7011,21.65,-35.04,0.618,1.148,717,33.1,42.1,30.96,-9.83,7.35,18,72.51,20.59,-30.95,22.7,-35.04,20.77,-24.72,1880,221,26,446,2496,717,196,8142,9.04,0,0.0,0.0,0,8.869491e+06,7.603446e+06,1.266045e+06,3.004,786408.0,0.569,6.626,39.3,75701362.0,56.8,56.8,4557662846976.0,329967104.0,156,7.19,133490111.0,0,34,1401,41,40,1,0,2,0.07,0.029,38.05
C_els_k2,C_HYBRID,16,0.0625,random,0.052,25.0,unreal,10.0,2,rs,0.0,month,0.0,0,0,0.92,entrant,any,topup,rs,1,3.0,7012,22.25,-34.39,0.647,1.171,719,33.2,42.3,30.56,-9.82,7.25,17,72.53,20.59,-30.95,23.92,-34.39,16.4,-30.41,1880,195,26,376,2561,719,197,8138,9.08,0,0.0,0.0,0,1.0600297e+07,9.204146e+06,1.396151e+06,3.096,787253.0,0.566,7.977,38.7,85138801.0,58.2,58.2,3161831243776.0,230771680.0,160,7.38,157537915.0,0,34,1401,38,37,1,0,2,0.07,0.027,38.05
C_els_k2,C_HYBRID,16,0.0625,random,0.052,25.0,unreal,10.0,2,rs,0.0,month,0.0,0,0,0.92,entrant,any,topup,rs,1,3.0,7013,21.04,-35.56,0.592,1.124,721,33.2,41.5,30.83,-9.86,7.017,17,72.51,20.59,-30.95,21.44,-35.56,16.49,-28.27,1880,206,26,413,2525,721,202,8145,9.31,0,0.0,0.0,0,8.573336e+06,7.312937e+06,1.2604e+06,3.092,788167.0,0.555,6.602,38.6,68096161.0,60.1,60.1,774543376384.0,56075640.0,162,7.47,147080158.0,0,34,1396,41,40,1,0,2,0.07,0.029,38.05
C_els_k2,C_HYBRID,16,0.0625,random,0.052,25.0,unreal,10.0,2,rs,0.0,month,0.0,0,0,0.92,entrant,any,topup,rs,1,3.0,7014,21.06,-35.56,0.592,1.12,725,33.4,41.4,30.48,-9.91,6.805,14,72.69,20.59,-30.95,21.49,-35.56,12.47,-29.18,1880,209,26,417,2517,725,203,8143,9.36,0,0.0,0.0,0,9.093377e+06,7.808517e+06,1.28486e+06,3.121,816452.0,0.585,6.79,39.3,68896393.0,60.9,60.9,271667773440.0,19819050.0,163,7.52,151380641.0,0,34,1392,41,40,1,0,2,0.07,0.029,37.87
C_els_k2,C_HYBRID,16,0.0625,random,0.052,25.0,unreal,10.0,2,rs,0.0,month,0.0,0,0,0.92,entrant,any,topup,rs,1,3.0,7015,21.78,-35.56,0.612,1.151,722,33.3,42.4,30.53,-9.9,7.235,13,72.67,20.59,-30.95,22.96,-35.56,21.4,-24.49,1880,224,26,454,2483,722,197,8141,9.08,0,0.0,0.0,0,9.020104e+06,7.735244e+06,1.28486e+06,3.057,815022.0,0.591,6.752,39.9,77447343.0,56.6,56.6,3145404514304.0,229467152.0,157,7.24,142717769.0,0,34,1394,41,40,1,0,2,0.07,0.029,37.87
C_els_k2,C_HYBRID,16,0.0625,random,0.052,25.0,unreal,10.0,2,rs,0.0,month,0.0,0,0,0.92,entrant,any,topup,rs,1,3.0,7016,21.61,-35.56,0.608,1.139,722,33.3,41.8,30.7,-9.87,7.097,13,72.62,20.59,-30.95,22.62,-35.56,18.78,-28.43,1880,217,26,437,2501,722,202,8144,9.31,0,0.0,0.0,0,9.080656e+06,7.795796e+06,1.28486e+06,3.069,815022.0,0.586,6.992,39.2,75409653.0,56.7,56.7,1344797147136.0,98107264.0,161,7.42,146881432.0,0,34,1398,42,41,1,0,2,0.07,0.03,37.87
C_els_k2,C_HYBRID,16,0.0625,random,0.052,25.0,unreal,10.0,2,rs,0.0,month,0.0,0,0,0.92,entrant,any,topup,rs,1,3.0,7017,20.97,-35.04,0.598,1.117,725,33.4,41.4,30.42,-9.9,6.785,14,72.67,20.59,-30.95,21.3,-35.04,13.16,-30.1,1880,209,26,417,2516,725,203,8143,9.36,0,0.0,0.0,0,8.936337e+06,7.645594e+06,1.290743e+06,3.131,816452.0,0.586,6.781,39.3,67716927.0,61.7,61.7,242858360832.0,17717298.0,164,7.56,153689078.0,0,34,1392,40,39,1,0,2,0.07,0.029,37.87
C_els_k2,C_HYBRID,16,0.0625,random,0.052,25.0,unreal,10.0,2,rs,0.0,month,0.0,0,0,0.92,entrant,any,topup,rs,1,3.0,7018,22.83,-31.71,0.72,1.188,720,33.2,42.8,30.23,-9.89,7.273,12,72.7,20.59,-30.95,25.11,-31.71,21.15,-26.49,1880,193,26,375,2562,720,196,8138,9.04,0,0.0,0.0,0,1.1078725e+07,9.653989e+06,1.424736e+06,3.076,814444.0,0.579,8.698,39.0,93993014.0,56.0,56.0,4093715152896.0,301235264.0,158,7.29,155743971.0,0,34,1401,39,38,1,0,2,0.07,0.028,37.87
C_els_k2,C_HYBRID,16,0.0625,random,0.052,25.0,unreal,10.0,2,rs,0.0,month,0.0,0,0,0.92,entrant,any,topup,rs,1,3.0,7019,22.49,-31.71,0.709,1.176,720,33.2,42.4,30.33,-9.94,7.114,12,72.58,20.59,-30.95,24.41,-31.71,17.31,-30.36,1880,195,26,378,2558,720,197,8139,9.08,0,0.0,0.0,0,1.094478e+07,9.520044e+06,1.424736e+06,3.081,814444.0,0.578,8.306,38.8,88796048.0,57.4,57.4,1501916168192.0,110518336.0,160,7.38,159470610.0,0,34,1398,38,37,1,0,2,0.07,0.027,37.87
C_els_k2,C_HYBRID,16,0.0625,random,0.052,25.0,unreal,10.0,2,rs,0.0,month,0.0,0,0,0.92,entrant,any,topup,rs,1,3.0,7020,22.42,-31.71,0.707,1.173,722,33.3,42.4,30.13,-9.91,7.061,12,72.7,20.59,-30.95,24.28,-31.71,16.14,-30.48,1880,195,26,377,2558,722,198,8138,9.13,0,0.0,0.0,0,1.1078725e+07,9.653989e+06,1.424736e+06,3.101,815022.0,0.584,8.105,39.1,88054753.0,58.3,58.3,1333878325248.0,98153200.0,160,7.38,157970389.0,0,34,1398,39,38,1,0,2,0.07,0.028,37.87
C_els_k2,C_HYBRID,16,0.0625,random,0.052,25.0,unreal,10.0,2,rs,0.0,month,0.0,0,0,0.92,entrant,any,topup,rs,1,3.0,7021,21.82,-35.56,0.614,1.153,721,33.2,42.2,30.59,-9.87,7.187,13,72.66,20.59,-30.95,23.05,-35.56,21.9,-21.7,1880,209,26,423,2515,721,199,8144,9.18,0,0.0,0.0,0,9.093452e+06,7.808592e+06,1.28486e+06,3.063,814797.0,0.57,6.798,39.3,78078679.0,56.0,56.0,2570538975232.0,187529248.0,159,7.33,146273474.0,0,34,1396,41,40,1,0,2,0.07,0.029,37.87
C_els_k2,C_HYBRID,16,0.0625,random,0.052,25.0,unreal,10.0,2,rs,0.0,month,0.0,0,0,0.92,entrant,any,topup,rs,1,3.0,7022,21.25,-35.56,0.597,1.127,723,33.3,41.5,30.65,-9.9,6.926,13,72.67,20.59,-30.95,21.86,-35.56,14.68,-28.59,1880,206,26,413,2523,723,203,8145,9.36,0,0.0,0.0,0,9.093377e+06,7.808517e+06,1.28486e+06,3.106,815247.0,0.583,6.783,39.1,70995028.0,59.3,59.3,502282813440.0,36643148.0,163,7.52,152704547.0,0,34,1393,41,40,1,0,2,0.07,0.029,37.87
C_els_k2,C_HYBRID,16,0.0625,random,0.052,25.0,unreal,10.0,2,rs,0.0,month,0.0,0,0,0.92,entrant,any,topup,rs,1,3.0,7023,21.41,-35.56,0.602,1.135,720,33.2,41.8,30.93,-9.84,7.204,17,72.47,20.59,-30.95,22.2,-35.56,19.3,-28.2,1880,217,26,437,2503,720,202,8145,9.31,0,0.0,0.0,0,8.61825e+06,7.35785e+06,1.2604e+06,3.064,787710.0,0.567,6.765,38.6,72498316.0,57.3,57.3,2255504277504.0,163294496.0,161,7.42,143424032.0,0,34,1401,42,41,1,0,2,0.07,0.03,38.05
C_els_k2,C_HYBRID,16,0.0625,random,0.052,25.0,unreal,10.0,2,rs,0.0,month,0.0,0,0,0.92,entrant,any,topup,rs,1,3.0,7024,22.47,-34.39,0.653,1.181,717,33.1,42.5,30.61,-9.89,7.339,18,72.46,20.59,-30.95,24.38,-34.39,19.17,-28.48,1880,194,26,376,2563,717,196,8139,9.04,0,0.0,0.0,0,1.0600297e+07,9.204146e+06,1.396151e+06,3.063,786408.0,0.566,8.02,38.6,88255000.0,56.9,56.9,4708670373888.0,343670144.0,159,7.33,154877463.0,0,34,1402,38,37,1,0,2,0.07,0.027,38.05
C_els_k2,C_HYBRID,16,0.0625,random,0.052,25.0,unreal,10.0,2,rs,0.0,month,0.0,0,0,0.92,entrant,any,topup,rs,1,3.0,7025,22.1,-34.39,0.643,1.159,717,33.1,42.1,30.29,-9.83,7.07,18,72.53,20.59,-30.95,23.62,-34.39,14.59,-29.75,1880,194,26,371,2568,717,197,8141,9.08,0,0.0,0.0,0,1.0601763e+07,9.205612e+06,1.396151e+06,3.075,786408.0,0.566,8.124,38.6,83112200.0,59.7,59.7,1251551608832.0,91346560.0,160,7.38,155689791.0,0,35,1402,38,37,1,0,2,0.07,0.027,38.05
C_els_k2,C_HYBRID,16,0.0625,random,0.052,25.0,unreal,10.0,2,rs,0.0,month,0.0,0,0,0.92,entrant,any,topup,rs,1,3.0,7026,21.02,-35.56,0.591,1.118,726,33.5,41.3,30.48,-9.91,6.782,13,72.67,20.59,-30.95,21.4,-35.56,11.94,-29.85,1880,209,26,416,2517,726,203,8142,9.36,0,0.0,0.0,0,9.093377e+06,7.808517e+06,1.28486e+06,3.13,816853.0,0.579,6.746,39.1,68381351.0,61.1,61.1,246022471680.0,17948134.0,163,7.52,150962744.0,0,34,1392,41,40,1,0,2,0.07,0.029,37.87
C_els_k2,C_HYBRID,16,0.0625,random,0.052,25.0,unreal,10.0,2,rs,0.0,month,0.0,0,0,0.92,entrant,any,topup,rs,1,3.0,7027,22.85,-31.71,0.72,1.194,718,33.1,42.8,30.11,-9.87,7.227,12,72.69,20.59,-30.95,25.15,-31.71,22.94,-22.9,1880,198,26,386,2554,718,198,8142,9.13,0,0.0,0.0,0,1.0915251e+07,9.490515e+06,1.424736e+06,3.051,812514.0,0.591,8.275,39.6,94143212.0,56.3,56.3,3286956244992.0,241870224.0,159,7.33,155424885.0,0,34,1403,40,39,1,0,2,0.07,0.029,37.87
C_els_k2,C_HYBRID,16,0.0625,random,0.052,25.0,unreal,10.0,2,rs,0.0,month,0.0,0,0,0.92,entrant,any,topup,rs,1,3.0,7028,21.9,-35.56,0.616,1.156,718,33.1,42.3,30.5,-9.89,7.212,13,72.59,20.59,-30.95,23.2,-35.56,21.94,-23.25,1880,218,26,441,2500,718,198,8144,9.13,0,0.0,0.0,0,9.134291e+06,7.84943e+06,1.28486e+06,3.01,812514.0,0.596,6.961,39.8,79079145.0,55.8,55.8,2567251689472.0,187289312.0,158,7.29,140572170.0,0,34,1400,41,40,1,0,2,0.07,0.029,37.87
C_els_k2,C_HYBRID,16,0.0625,random,0.052,25.0,unreal,10.0,2,rs,0.0,month,0.0,0,0,0.92,entrant,any,topup,rs,1,3.0,7029,20.76,-35.56,0.584,1.112,724,33.4,41.3,30.66,-9.87,6.866,18,72.55,20.59,-30.95,20.88,-35.56,13.16,-30.09,1880,209,26,417,2518,724,203,8143,9.36,0,0.0,0.0,0,8.573336e+06,7.312937e+06,1.2604e+06,3.122,789338.0,0.567,6.596,38.5,65114029.0,62.1,62.1,361629057024.0,26181312.0,163,7.52,147667549.0,0,34,1395,41,40,1,0,2,0.07,0.029,38.05
C_els_k2,C_HYBRID,16,0.0625,random,0.052,25.0,unreal,10.0,2,rs,0.0,month,0.0,0,0,0.92,entrant,any,topup,rs,1,3.0,7030,21.72,-35.56,0.611,1.143,722,33.3,42.0,30.62,-9.86,7.131,13,72.6,20.59,-30.95,22.84,-35.56,20.14,-27.04,1880,217,26,437,2501,722,200,8142,9.22,0,0.0,0.0,0,9.080656e+06,7.795796e+06,1.28486e+06,3.055,815022.0,0.571,6.987,39.1,76751802.0,56.3,56.3,1738600087552.0,126836408.0,159,7.33,142107781.0,0,34,1397,42,41,1,0,2,0.07,0.03,37.87
CTRL_sellonly_k1,CTRL,16,0.0625,random,0.052,25.0,unreal,10.0,1,rs,0.0,month,0.0,1,0,0.92,entrant,signal,none,rs,1,0.0,7001,21.48,-36.59,0.587,1.21,728,33.6,46.2,37.95,-10.64,11.783,15,72.93,20.0,-30.47,22.88,-36.59,13.63,-17.33,1880,409,21,811,2080,728,87,2845,4.01,0,0.0,0.0,0,9.399542e+06,7.773809e+06,1.625734e+06,2.596,586966.0,0.457,5.74,34.5,74308612.0,42.5,42.5,1.6279060242064516e+21,1.284117912092672e+16,0,0.0,0.0,0,0,1376,100,87,8,3,5,0.58,0.073,23.99
CTRL_sellonly_k1,CTRL,16,0.0625,random,0.052,25.0,unreal,10.0,1,rs,0.0,month,0.0,1,0,0.92,entrant,signal,none,rs,1,0.0,7002,21.26,-37.72,0.564,1.207,734,33.8,48.0,35.98,-10.79,11.642,15,72.76,20.08,-32.49,22.35,-37.72,12.99,-20.59,1880,425,21,870,2015,734,81,2822,3.74,0,0.0,0.0,0,9.645253e+06,8.586944e+06,1.05831e+06,2.696,621150.0,0.477,6.055,36.8,71796337.0,36.5,36.5,3.8870008248631097e+21,3.584288506458931e+16,0,0.0,0.0,0,0,1368,90,81,7,2,3,0.51,0.066,19.63
CTRL_sellonly_k1,CTRL,16,0.0625,random,0.052,25.0,unreal,10.0,1,rs,0.0,month,0.0,1,0,0.92,entrant,signal,none,rs,1,0.0,7003,21.65,-36.27,0.597,1.218,737,34.0,47.1,37.07,-10.74,11.768,15,72.83,20.0,-30.47,23.23,-36.27,22.26,-19.13,1880,415,21,828,2054,737,84,2828,3.87,0,0.0,0.0,0,9.066794e+06,8.043677e+06,1.023117e+06,2.648,571427.0,0.456,5.603,34.7,76114562.0,40.3,40.3,2.878067844592599e+21,2.163960001540915e+16,0,0.0,0.0,0,0,1366,93,84,8,1,3,0.59,0.068,19.78
CTRL_sellonly_k1,CTRL,16,0.0625,random,0.052,25.0,unreal,10.0,1,rs,0.0,month,0.0,1,0,0.92,entrant,signal,none,rs,1,0.0,7004,21.06,-36.69,0.574,1.21,739,34.1,47.1,36.23,-10.65,11.426,15,72.73,20.0,-30.47,22.02,-36.69,17.8,-18.12,1880,427,21,868,2012,739,91,2815,4.2,0,0.0,0.0,0,8.711372e+06,7.595615e+06,1.115757e+06,2.686,598228.0,0.471,5.82,36.5,68664103.0,39.8,39.8,8.005386887693819e+20,6019078837764096.0,0,0.0,0.0,0,0,1369,104,91,10,2,4,0.73,0.076,19.74
CTRL_sellonly_k1,CTRL,16,0.0625,random,0.052,25.0,unreal,10.0,1,rs,0.0,month,0.0,1,0,0.92,entrant,signal,none,rs,1,0.0,7005,20.98,-34.5,0.608,1.178,739,34.1,46.4,37.22,-10.87,11.449,15,72.92,20.09,-32.49,21.77,-34.5,21.06,-20.75,1880,426,21,829,2051,739,90,2815,4.15,0,0.0,0.0,0,8.171061e+06,7.100314e+06,1.070746e+06,2.692,593018.0,0.484,5.596,36.4,67331918.0,42.3,42.3,3.8412284900503296e+20,2888139752341504.0,0,0.0,0.0,0,0,1364,103,90,9,2,4,0.66,0.076,19.79
CTRL_sellonly_k1,CTRL,16,0.0625,random,0.052,25.0,unreal,10.0,1,rs,0.0,month,0.0,1,0,0.92,entrant,signal,none,rs,1,0.0,7006,21.72,-35.03,0.62,1.228,723,33.3,48.5,35.87,-10.58,11.974,15,73.01,20.09,-32.49,23.28,-35.03,11.14,-17.63,1880,420,21,833,2063,723,82,2846,3.78,0,0.0,0.0,0,1.0848344e+07,9.736199e+06,1.112144e+06,2.633,625294.0,0.457,6.174,35.3,78606582.0,35.1,35.1,1.854089632751936e+22,1.7096972879213363e+17,0,0.0,0.0,0,0,1373,90,82,8,0,2,0.58,0.066,19.63
CTRL_sellonly_k1,CTRL,16,0.0625,random,0.052,25.0,unreal,10.0,1,rs,0.0,month,0.0,1,0,0.92,entrant,signal,none,rs,1,0.0,7007,22.46,-34.99,0.642,1.243,720,33.2,47.6,37.4,-10.45,12.344,15,73.12,20.65,-33.08,24.2,-34.99,15.54,-17.51,1880,410,36,794,2105,720,77,2847,3.55,0,0.0,0.0,0,1.1067481e+07,9.046308e+06,2.021173e+06,2.589,641524.0,0.49,6.362,36.9,88722844.0,41.1,41.1,4.280626409819383e+22,3.376624947911721e+17,0,0.0,0.0,0,0,1379,88,77,9,1,4,0.65,0.064,22.54
CTRL_sellonly_k1,CTRL,16,0.0625,random,0.052,25.0,unreal,10.0,1,rs,0.0,month,0.0,1,0,0.92,entrant,signal,none,rs,1,0.0,7008,21.91,-37.42,0.585,1.214,744,34.3,46.2,37.91,-10.73,11.759,15,72.94,20.63,-33.09,23.1,-37.42,20.34,-21.56,1880,389,21,765,2110,744,95,2807,4.38,0,0.0,0.0,0,9.184746e+06,7.423899e+06,1.760847e+06,2.776,644424.0,0.492,6.196,37.4,79405971.0,46.6,46.6,2.720245951050841e+21,1.8084846710554624e+16,0,0.0,0.0,0,0,1370,110,95,10,2,5,0.73,0.08,24.44
CTRL_sellonly_k1,CTRL,16,0.0625,random,0.052,25.0,unreal,10.0,1,rs,0.0,month,0.0,1,0,0.92,entrant,signal,none,rs,1,0.0,7009,21.26,-37.45,0.568,1.185,730,33.7,47.7,36.37,-10.67,11.753,15,72.92,20.64,-33.09,21.76,-37.45,18.78,-24.23,1880,436,21,881,2008,730,83,2826,3.83,0,0.0,0.0,0,9.308424e+06,8.193022e+06,1.115402e+06,2.643,634871.0,0.494,6.16,37.1,71488473.0,41.6,41.6,2.8114241402567236e+21,2.1138493296082944e+16,0,0.0,0.0,0,0,1372,93,83,9,1,3,0.66,0.068,19.63
CTRL_sellonly_k1,CTRL,16,0.0625,random,0.052,25.0,unreal,10.0,1,rs,0.0,month,0.0,1,0,0.92,entrant,signal,none,rs,1,0.0,7010,21.98,-36.02,0.61,1.229,734,33.8,46.5,38.1,-10.73,11.956,15,72.98,20.09,-32.49,23.81,-36.02,19.56,-18.55,1880,396,21,775,2110,734,88,2804,4.06,0,0.0,0.0,0,9.409541e+06,7.359162e+06,2.050379e+06,2.711,591534.0,0.469,6.007,36.0,80600853.0,46.5,46.5,3.3706290691129003e+21,2.2408762086129664e+16,0,0.0,0.0,0,0,1373,93,88,5,0,2,0.36,0.068,24.38
CTRL_sellonly_k1,CTRL,16,0.0625,random,0.052,25.0,unreal,10.0,1,rs,0.0,month,0.0,1,0,0.92,entrant,signal,none,rs,1,0.0,7011,22.28,-37.43,0.595,1.248,723,33.3,47.0,37.9,-10.59,12.216,15,73.04,20.68,-33.08,23.81,-37.43,13.02,-17.3,1880,407,36,798,2098,723,82,2852,3.78,0,0.0,0.0,0,1.1384951e+07,9.301976e+06,2.082973e+06,2.619,632264.0,0.494,6.571,37.8,86414903.0,41.8,41.8,1.835100655283091e+22,1.4475551616008192e+17,0,0.0,0.0,0,0,1381,94,82,9,2,4,0.65,0.068,23.62
CTRL_sellonly_k1,CTRL,16,0.0625,random,0.052,25.0,unreal,10.0,1,rs,0.0,month,0.0,1,0,0.92,entrant,signal,none,rs,1,0.0,7012,21.56,-37.7,0.572,1.203,731,33.7,48.3,36.05,-10.77,11.838,15,72.85,20.63,-33.09,22.39,-37.7,16.43,-18.04,1880,413,21,819,2069,731,79,2828,3.64,0,0.0,0.0,0,1.0018523e+07,8.894218e+06,1.124305e+06,2.685,654227.0,0.494,6.379,37.6,75710258.0,36.6,36.6,9.052524607290756e+21,8.34752749680722e+16,0,0.0,0.0,0,0,1372,86,79,6,1,3,0.44,0.063,19.62
CTRL_sellonly_k1,CTRL,16,0.0625,random,0.052,25.0,unreal,10.0,1,rs,0.0,month,0.0,1,0,0.92,entrant,signal,none,rs,1,0.0,7013,21.89,-34.99,0.626,1.218,728,33.6,48.1,36.55,-10.6,12.067,15,72.96,20.68,-33.08,23.02,-34.99,19.5,-22.77,1880,421,36,818,2073,728,89,2816,4.1,0,0.0,0.0,0,9.961191e+06,8.836809e+06,1.124382e+06,2.639,644871.0,0.503,6.64,38.3,79823666.0,36.6,36.6,2.0845012206275957e+22,1.8078840198791168e+17,0,0.0,0.0,0,0,1376,101,89,9,1,5,0.65,0.073,19.63
CTRL_sellonly_k1,CTRL,16,0.0625,random,0.052,25.0,unreal,10.0,1,rs,0.0,month,0.0,1,0,0.92,entrant,signal,none,rs,1,0.0,7014,22.27,-37.44,0.595,1.259,736,33.9,46.9,38.01,-10.75,12.105,15,72.8,20.0,-30.47,24.5,-37.44,22.39,-17.57,1880,409,21,807,2076,736,94,2809,4.33,0,0.0,0.0,0,1.0251894e+07,9.178563e+06,1.073331e+06,2.66,594136.0,0.471,6.1,37.5,85270112.0,39.6,39.6,1.5472039958637674e+22,1.1633107899777024e+17,0,0.0,0.0,0,0,1367,105,94,9,1,4,0.66,0.077,19.75
CTRL_sellonly_k1,CTRL,16,0.0625,random,0.052,25.0,unreal,10.0,1,rs,0.0,month,0.0,1,0,0.92,entrant,signal,none,rs,1,0.0,7015,20.94,-36.27,0.577,1.174,740,34.1,46.9,36.47,-10.78,11.377,15,72.94,20.09,-32.49,21.68,-36.27,13.73,-20.5,1880,411,21,819,2060,740,85,2829,3.92,0,0.0,0.0,0,8.964923e+06,7.921443e+06,1.043479e+06,2.723,578816.0,0.483,5.93,36.5,67601186.0,38.2,38.2,6.446752981155767e+20,5944688930455552.0,0,0.0,0.0,0,0,1366,94,85,7,2,3,0.51,0.069,19.74
CTRL_sellonly_k1,CTRL,16,0.0625,random,0.052,25.0,unreal,10.0,1,rs,0.0,month,0.0,1,0,0.92,entrant,signal,none,rs,1,0.0,7016,22.16,-37.44,0.592,1.229,730,33.7,47.7,37.51,-10.84,12.207,15,72.85,20.09,-32.49,24.18,-37.44,21.27,-20.38,1880,422,21,860,2029,730,84,2825,3.87,0,0.0,0.0,0,1.0247692e+07,9.179471e+06,1.068221e+06,2.651,602595.0,0.477,6.343,37.1,83778235.0,41.3,41.3,1.8476497104647775e+22,1.3892107796637286e+17,0,0.0,0.0,0,0,1370,94,84,8,2,3,0.58,0.069,19.74
CTRL_sellonly_k1,CTRL,16,0.0625,random,0.052,25.0,unreal,10.0,1,rs,0.0,month,0.0,1,0,0.92,entrant,signal,none,rs,1,0.0,7017,21.57,-36.25,0.595,1.214,741,34.2,45.7,38.14,-10.66,11.666,15,72.91,19.98,-30.47,23.1,-36.25,14.57,-21.54,1880,392,21,773,2105,741,94,2804,4.33,0,0.0,0.0,0,9.108967e+06,7.366144e+06,1.742823e+06,2.71,570248.0,0.457,5.651,34.4,75190077.0,48.2,48.2,1.044176391735708e+21,6941930944462848.0,0,0.0,0.0,0,0,1363,104,94,8,1,4,0.59,0.076,24.38
CTRL_sellonly_k1,CTRL,16,0.0625,random,0.052,25.0,unreal,10.0,1,rs,0.0,month,0.0,1,0,0.92,entrant,signal,none,rs,1,0.0,7018,22.48,-34.49,0.652,1.238,731,33.7,47.6,37.53,-10.81,12.203,15,73.07,20.63,-33.09,24.28,-34.49,19.43,-17.77,1880,410,21,807,2081,731,85,2834,3.92,0,0.0,0.0,0,1.0495703e+07,8.693786e+06,1.801916e+06,2.67,623898.0,0.502,6.687,37.6,88529058.0,47.2,47.2,1.4253884939328272e+22,9.47632908355502e+16,0,0.0,0.0,0,0,1372,102,85,11,3,5,0.8,0.074,25.15
CTRL_sellonly_k1,CTRL,16,0.0625,random,0.052,25.0,unreal,10.0,1,rs,0.0,month,0.0,1,0,0.92,entrant,signal,none,rs,1,0.0,7019,21.72,-33.66,0.645,1.213,731,33.7,47.3,37.22,-10.73,11.966,15,72.94,20.08,-32.49,23.29,-33.66,12.79,-24.85,1880,416,21,852,2036,731,88,2821,4.06,0,0.0,0.0,0,1.0271906e+07,9.189537e+06,1.082368e+06,2.684,621339.0,0.478,6.217,36.8,78014997.0,42.5,42.5,6.223784407941769e+21,4.67953909718057e+16,0,0.0,0.0,0,0,1373,102,88,12,2,3,0.87,0.074,19.75
CTRL_sellonly_k1,CTRL,16,0.0625,random,0.052,25.0,unreal,10.0,1,rs,0.0,month,0.0,1,0,0.92,entrant,signal,none,rs,1,0.0,7020,23.51,-34.99,0.672,1.288,718,33.1,48.1,38.22,-10.36,12.978,15,73.14,20.68,-33.08,26.34,-34.99,19.16,-22.47,1880,428,36,826,2075,718,75,2859,3.46,0,0.0,0.0,0,1.2547202e+07,1.0622914e+07,1.924288e+06,2.615,641524.0,0.477,6.643,37.5,106461231.0,46.5,46.5,7.074988561556822e+23,4.703621133428064e+18,0,0.0,0.0,0,0,1376,86,75,9,1,4,0.65,0.062,24.61
CTRL_sellonly_k1,CTRL,16,0.0625,random,0.052,25.0,unreal,10.0,1,rs,0.0,month,0.0,1,0,0.92,entrant,signal,none,rs,1,0.0,7021,22.21,-33.8,0.657,1.235,723,33.3,47.0,38.13,-10.77,12.226,15,73.12,20.09,-32.49,24.29,-33.8,13.9,-21.77,1880,398,21,776,2120,723,86,2836,3.97,0,0.0,0.0,0,1.0521351e+07,8.997168e+06,1.524183e+06,2.644,622114.0,0.487,6.077,36.0,84810676.0,42.8,42.8,1.0618506136620863e+22,8.376062400528384e+16,0,0.0,0.0,0,0,1373,98,86,9,2,4,0.66,0.071,23.39
CTRL_sellonly_k1,CTRL,16,0.0625,random,0.052,25.0,unreal,10.0,1,rs,0.0,month,0.0,1,0,0.92,entrant,signal,none,rs,1,0.0,7022,21.04,-34.62,0.608,1.178,741,34.2,47.1,36.39,-10.86,11.396,15,72.91,20.08,-32.49,21.89,-34.62,13.74,-21.55,1880,418,21,838,2040,741,86,2826,3.97,0,0.0,0.0,0,9.149323e+06,8.105178e+06,1.044144e+06,2.748,605773.0,0.485,5.951,36.8,68859223.0,38.9,38.9,7.24176920125083e+20,6677795287597056.0,0,0.0,0.0,0,0,1365,100,86,10,2,5,0.73,0.073,19.78
CTRL_sellonly_k1,CTRL,16,0.0625,random,0.052,25.0,unreal,10.0,1,rs,0.0,month,0.0,1,0,0.92,entrant,signal,none,rs,1,0.0,7023,21.92,-36.27,0.604,1.217,734,33.8,47.4,37.13,-10.68,11.987,15,72.78,20.08,-32.49,23.7,-36.27,20.45,-18.82,1880,427,21,850,2035,734,85,2835,3.92,0,0.0,0.0,0,9.844155e+06,8.816661e+06,1.027494e+06,2.677,577031.0,0.473,5.907,36.2,80198594.0,39.3,39.3,1.2015722025314702e+22,9.034363204901274e+16,0,0.0,0.0,0,0,1370,96,85,9,2,3,0.66,0.07,19.74
CTRL_sellonly_k1,CTRL,16,0.0625,random,0.052,25.0,unreal,10.0,1,rs,0.0,month,0.0,1,0,0.92,entrant,signal,none,rs,1,0.0,7024,19.76,-34.52,0.572,1.137,755,34.8,46.1,35.74,-10.84,10.629,15,72.95,20.09,-32.49,19.28,-34.52,13.42,-31.05,1880,429,21,872,1992,755,91,2796,4.2,0,0.0,0.0,0,8.029799e+06,6.99454e+06,1.035259e+06,2.817,607926.0,0.485,5.58,36.6,54905896.0,40.4,40.4,2.487018116313042e+19,229333369094144.0,0,0.0,0.0,0,0,1356,105,91,11,3,3,0.81,0.077,19.79
CTRL_sellonly_k1,CTRL,16,0.0625,random,0.052,25.0,unreal,10.0,1,rs,0.0,month,0.0,1,0,0.92,entrant,signal,none,rs,1,0.0,7025,22.87,-36.68,0.623,1.261,725,33.4,47.7,37.97,-10.77,12.493,15,73.07,20.08,-32.49,25.67,-36.68,18.57,-20.21,1880,405,21,800,2094,725,84,2839,3.87,0,0.0,0.0,0,1.2791707e+07,1.0725773e+07,2.065934e+06,2.679,602318.0,0.494,6.88,37.2,96602865.0,43.7,43.7,6.842201820273683e+22,5.397234918390497e+17,0,0.0,0.0,0,0,1371,97,84,9,3,4,0.66,0.071,24.33
CTRL_sellonly_k1,CTRL,16,0.0625,random,0.052,25.0,unreal,10.0,1,rs,0.0,month,0.0,1,0,0.92,entrant,signal,none,rs,1,0.0,7026,22.18,-34.49,0.643,1.23,730,33.7,47.8,36.91,-10.67,12.078,15,73.03,20.63,-33.09,23.66,-34.49,9.46,-21.98,1880,394,21,773,2116,730,85,2811,3.92,0,0.0,0.0,0,1.146577e+07,9.671772e+06,1.793999e+06,2.697,623741.0,0.495,6.749,37.3,85195098.0,43.8,43.8,1.5430919842239967e+22,1.2172158078183014e+17,0,0.0,0.0,0,0,1367,90,85,5,0,2,0.37,0.066,23.97
CTRL_sellonly_k1,CTRL,16,0.0625,random,0.052,25.0,unreal,10.0,1,rs,0.0,month,0.0,1,0,0.92,entrant,signal,none,rs,1,0.0,7027,22.06,-34.99,0.63,1.222,729,33.6,47.1,37.65,-10.66,12.07,15,73.14,20.65,-33.08,23.38,-34.99,18.78,-17.25,1880,416,36,802,2088,729,86,2821,3.97,0,0.0,0.0,0,1.0304466e+07,8.599921e+06,1.704545e+06,2.676,644577.0,0.496,6.622,37.0,82480811.0,43.6,43.6,1.1075127228739864e+22,8.736226332062515e+16,0,0.0,0.0,0,0,1373,98,86,9,2,4,0.66,0.071,27.23
CTRL_sellonly_k1,CTRL,16,0.0625,random,0.052,25.0,unreal,10.0,1,rs,0.0,month,0.0,1,0,0.92,entrant,signal,none,rs,1,0.0,7028,21.18,-36.59,0.579,1.191,735,33.9,46.8,36.97,-10.75,11.582,15,72.78,20.08,-32.49,22.19,-36.59,16.18,-20.38,1880,412,21,832,2052,735,86,2823,3.97,0,0.0,0.0,0,9.043062e+06,8.021026e+06,1.022036e+06,2.688,595044.0,0.484,5.674,36.6,70405111.0,36.6,36.6,1.524029654376221e+21,1.4053408944160768e+16,0,0.0,0.0,0,0,1368,94,86,7,1,3,0.51,0.069,19.79
CTRL_sellonly_k1,CTRL,16,0.0625,random,0.052,25.0,unreal,10.0,1,rs,0.0,month,0.0,1,0,0.92,entrant,signal,none,rs,1,0.0,7029,22.91,-33.71,0.68,1.258,727,33.5,49.0,36.81,-10.72,12.555,15,73.03,20.68,-33.08,25.1,-33.71,21.31,-21.11,1880,433,36,875,2017,727,86,2840,3.97,0,0.0,0.0,0,1.1432989e+07,1.0226201e+07,1.206788e+06,2.697,674662.0,0.519,7.32,38.8,95605232.0,41.5,41.5,1.9928444564073103e+23,1.4983770629377884e+18,0,0.0,0.0,0,0,1379,97,86,9,2,3,0.65,0.07,19.74
CTRL_sellonly_k1,CTRL,16,0.0625,random,0.052,25.0,unreal,10.0,1,rs,0.0,month,0.0,1,0,0.92,entrant,signal,none,rs,1,0.0,7030,21.69,-36.02,0.602,1.207,733,33.8,47.2,37.05,-10.67,11.858,15,72.94,20.65,-33.08,22.63,-36.02,17.38,-19.82,1880,429,36,857,2029,733,85,2839,3.92,0,0.0,0.0,0,1.0189791e+07,9.06326e+06,1.126532e+06,2.7,624936.0,0.513,6.644,38.3,77558647.0,38.2,38.2,6.64073272799331e+21,6.123554346736026e+16,0,0.0,0.0,0,0,1367,99,85,8,3,6,0.59,0.072,19.74
CTRL_sellonly_k2,CTRL,16,0.0625,random,0.052,25.0,unreal,10.0,2,rs,0.0,month,0.0,1,0,0.92,entrant,signal,none,rs,1,0.0,7001,21.49,-36.59,0.587,1.207,739,34.1,46.5,37.28,-10.75,11.608,15,72.85,20.0,-30.47,22.91,-36.59,10.51,-19.37,1880,406,21,803,2077,739,92,2878,4.24,0,0.0,0.0,0,9.76788e+06,8.118405e+06,1.649476e+06,2.722,589282.0,0.465,5.793,35.3,74775938.0,42.7,42.7,1.5417071273385803e+21,1.216122137346048e+16,0,0.0,0.0,0,0,1369,99,89,8,2,3,0.58,0.072,23.8
CTRL_sellonly_k2,CTRL,16,0.0625,random,0.052,25.0,unreal,10.0,2,rs,0.0,month,0.0,1,0,0.92,entrant,signal,none,rs,1,0.0,7002,21.12,-37.72,0.56,1.198,735,33.9,47.6,36.34,-10.89,11.602,15,72.79,20.08,-32.49,22.06,-37.72,13.6,-25.27,1880,429,21,869,2015,735,81,2881,3.74,0,0.0,0.0,0,9.132469e+06,8.07416e+06,1.05831e+06,2.688,622114.0,0.47,5.895,35.9,69721028.0,41.2,41.2,1.5679128698828075e+21,1.1788807980449792e+16,0,0.0,0.0,0,0,1368,89,79,7,2,4,0.51,0.065,19.63
CTRL_sellonly_k2,CTRL,16,0.0625,random,0.052,25.0,unreal,10.0,2,rs,0.0,month,0.0,1,0,0.92,entrant,signal,none,rs,1,0.0,7003,20.93,-36.25,0.578,1.177,747,34.4,46.5,36.64,-10.68,11.301,15,72.74,20.0,-30.47,21.77,-36.25,14.24,-21.85,1880,416,21,849,2023,747,90,2870,4.15,0,0.0,0.0,0,8.487328e+06,7.463882e+06,1.023446e+06,2.72,572199.0,0.456,5.533,34.5,67077722.0,41.8,41.8,4.619899106404084e+20,3473608487731200.0,0,0.0,0.0,0,0,1366,96,86,8,1,4,0.59,0.07,19.63
CTRL_sellonly_k2,CTRL,16,0.0625,random,0.052,25.0,unreal,10.0,2,rs,0.0,month,0.0,1,0,0.92,entrant,signal,none,rs,1,0.0,7004,20.55,-36.69,0.56,1.185,741,34.2,47.1,35.93,-10.84,11.185,15,72.68,20.0,-30.47,20.98,-36.69,11.55,-22.85,1880,428,21,870,2008,741,94,2876,4.33,0,0.0,0.0,0,8.35268e+06,7.236922e+06,1.115757e+06,2.7,600316.0,0.476,5.909,36.6,62755968.0,37.6,37.6,2.5185453807864958e+20,2322402096709632.0,0,0.0,0.0,0,0,1361,102,91,8,3,3,0.59,0.075,19.74
CTRL_sellonly_k2,CTRL,16,0.0625,random,0.052,25.0,unreal,10.0,2,rs,0.0,month,0.0,1,0,0.92,entrant,signal,none,rs,1,0.0,7005,21.11,-34.5,0.612,1.182,734,33.8,47.0,36.67,-10.73,11.547,15,72.84,20.09,-32.49,22.02,-34.5,8.64,-23.22,1880,413,21,821,2064,734,86,2883,3.97,0,0.0,0.0,0,9.793068e+06,8.747502e+06,1.045566e+06,2.679,591688.0,0.47,5.645,36.1,70212868.0,39.7,39.7,1.1212624658638276e+21,1.0339417579323392e+16,0,0.0,0.0,0,0,1365,93,82,9,1,4,0.66,0.068,19.79
CTRL_sellonly_k2,CTRL,16,0.0625,random,0.052,25.0,unreal,10.0,2,rs,0.0,month,0.0,1,0,0.92,entrant,signal,none,rs,1,0.0,7006,21.51,-35.03,0.614,1.221,724,33.4,48.3,35.97,-10.66,11.883,15,72.92,20.09,-32.49,22.85,-35.03,9.77,-20.58,1880,424,21,838,2057,724,84,2893,3.87,0,0.0,0.0,0,1.0285034e+07,9.172889e+06,1.112144e+06,2.627,626133.0,0.456,6.201,35.6,75438645.0,36.4,36.4,9.396941892393542e+21,8.665134315392205e+16,0,0.0,0.0,0,0,1375,91,82,7,2,3,0.51,0.066,19.63
CTRL_sellonly_k2,CTRL,16,0.0625,random,0.052,25.0,unreal,10.0,2,rs,0.0,month,0.0,1,0,0.92,entrant,signal,none,rs,1,0.0,7007,23.49,-34.97,0.672,1.282,722,33.3,48.2,38.02,-10.46,12.904,15,73.02,20.65,-33.08,26.34,-34.97,21.91,-19.93,1880,421,36,810,2087,722,87,2895,4.01,0,0.0,0.0,0,1.2405787e+07,1.0313027e+07,2.092762e+06,2.627,640534.0,0.499,6.838,37.7,106109484.0,45.4,45.4,5.623390131102614e+23,3.7385638348104663e+18,0,0.0,0.0,0,0,1375,96,84,9,3,3,0.65,0.07,24.15
CTRL_sellonly_k2,CTRL,16,0.0625,random,0.052,25.0,unreal,10.0,2,rs,0.0,month,0.0,1,0,0.92,entrant,signal,none,rs,1,0.0,7008,21.43,-37.42,0.573,1.203,739,34.1,48.0,35.9,-10.8,11.632,14,72.78,20.63,-33.09,22.13,-37.42,17.99,-24.11,1880,433,21,865,2015,739,82,2877,3.78,0,0.0,0.0,0,9.16383e+06,8.077711e+06,1.086118e+06,2.712,642399.0,0.497,6.038,37.6,73353649.0,39.0,39.0,3.840222498483566e+21,2.8873802410622976e+16,0,0.0,0.0,0,0,1366,93,79,9,3,5,0.66,0.068,19.63
CTRL_sellonly_k2,CTRL,16,0.0625,random,0.052,25.0,unreal,10.0,2,rs,0.0,month,0.0,1,0,0.92,entrant,signal,none,rs,1,0.0,7009,21.04,-37.42,0.562,1.176,728,33.6,47.8,35.87,-10.53,11.648,15,72.83,20.64,-33.09,21.31,-37.42,8.19,-22.44,1880,425,21,850,2041,728,81,2889,3.74,0,0.0,0.0,0,9.847713e+06,8.733242e+06,1.114471e+06,2.632,632714.0,0.491,6.112,37.1,69394023.0,37.8,37.8,2.7660807733084506e+21,2.55066296549376e+16,0,0.0,0.0,0,0,1368,85,77,7,1,3,0.51,0.062,19.63
CTRL_sellonly_k2,CTRL,16,0.0625,random,0.052,25.0,unreal,10.0,2,rs,0.0,month,0.0,1,0,0.92,entrant,signal,none,rs,1,0.0,7010,21.54,-36.02,0.598,1.209,735,33.9,46.4,37.59,-10.7,11.705,15,73.05,20.09,-32.49,22.91,-36.02,12.76,-20.64,1880,394,21,778,2106,735,89,2882,4.1,0,0.0,0.0,0,9.448882e+06,7.503144e+06,1.945737e+06,2.729,591595.0,0.476,6.138,36.2,75122017.0,43.0,43.0,1.6368708614771976e+21,1.29119064948736e+16,0,0.0,0.0,0,0,1372,93,87,6,0,2,0.44,0.068,23.76
CTRL_sellonly_k2,CTRL,16,0.0625,random,0.052,25.0,unreal,10.0,2,rs,0.0,month,0.0,1,0,0.92,entrant,signal,none,rs,1,0.0,7011,22.09,-37.43,0.59,1.22,735,33.9,48.2,36.55,-10.75,12.028,15,72.97,20.68,-33.08,23.41,-37.43,15.32,-19.57,1880,438,36,860,2024,735,83,2880,3.83,0,0.0,0.0,0,1.1138735e+07,1.0006706e+07,1.13203e+06,2.731,641965.0,0.506,6.765,38.8,83543411.0,38.5,38.5,2.584302600793844e+22,2.3830375215765914e+17,0,0.0,0.0,0,0,1361,93,80,8,3,4,0.59,0.068,19.74
CTRL_sellonly_k2,CTRL,16,0.0625,random,0.052,25.0,unreal,10.0,2,rs,0.0,month,0.0,1,0,0.92,entrant,signal,none,rs,1,0.0,7012,21.52,-37.7,0.571,1.204,728,33.6,48.4,36.11,-10.81,11.878,15,72.76,20.63,-33.09,22.3,-37.7,14.12,-16.54,1880,417,21,824,2067,728,80,2888,3.69,0,0.0,0.0,0,1.0050628e+07,8.926323e+06,1.124305e+06,2.652,652423.0,0.492,6.254,37.6,75151225.0,38.2,38.2,7.766514415345716e+21,7.161673282486272e+16,0,0.0,0.0,0,0,1374,88,78,7,2,4,0.51,0.064,19.62
CTRL_sellonly_k2,CTRL,16,0.0625,random,0.052,25.0,unreal,10.0,2,rs,0.0,month,0.0,1,0,0.92,entrant,signal,none,rs,1,0.0,7013,21.71,-34.97,0.621,1.211,732,33.8,47.4,36.76,-10.55,11.88,15,72.94,20.68,-33.08,22.63,-34.97,15.6,-18.79,1880,426,36,836,2051,732,89,2884,4.1,0,0.0,0.0,0,9.836642e+06,8.724198e+06,1.112444e+06,2.687,646843.0,0.499,6.374,38.7,77335889.0,37.3,37.3,9.411399010147354e+21,8.678444419042509e+16,0,0.0,0.0,0,0,1369,101,86,10,3,5,0.73,0.074,19.78
CTRL_sellonly_k2,CTRL,16,0.0625,random,0.052,25.0,unreal,10.0,2,rs,0.0,month,0.0,1,0,0.92,entrant,signal,none,rs,1,0.0,7014,20.81,-37.44,0.556,1.173,739,34.1,47.0,36.29,-10.79,11.316,15,72.73,20.0,-30.47,21.51,-37.44,14.55,-17.77,1880,411,21,814,2066,739,87,2877,4.01,0,0.0,0.0,0,8.573556e+06,7.526988e+06,1.046568e+06,2.664,595245.0,0.466,5.778,36.3,65766551.0,37.0,37.0,4.8040326474500565e+20,4429899330748416.0,0,0.0,0.0,0,0,1370,98,84,9,3,5,0.66,0.072,19.63
CTRL_sellonly_k2,CTRL,16,0.0625,random,0.052,25.0,unreal,10.0,2,rs,0.0,month,0.0,1,0,0.92,entrant,signal,none,rs,1,0.0,7015,20.65,-36.24,0.57,1.153,746,34.4,46.5,36.42,-10.7,11.215,14,72.92,20.09,-32.49,21.09,-36.24,14.4,-26.26,1880,424,21,864,2009,746,88,2870,4.06,0,0.0,0.0,0,8.47078e+06,7.42832e+06,1.04246e+06,2.755,580474.0,0.47,5.725,35.4,64027930.0,42.8,42.8,2.9906635351451396e+20,2248619256184832.0,0,0.0,0.0,0,0,1368,98,85,9,2,5,0.66,0.072,19.63
CTRL_sellonly_k2,CTRL,16,0.0625,random,0.052,25.0,unreal,10.0,2,rs,0.0,month,0.0,1,0,0.92,entrant,signal,none,rs,1,0.0,7016,21.23,-37.41,0.567,1.182,735,33.9,47.1,36.85,-10.75,11.657,15,72.8,20.09,-32.49,22.27,-37.41,16.82,-25.26,1880,416,21,843,2041,735,84,2881,3.87,0,0.0,0.0,0,9.070154e+06,8.023906e+06,1.046249e+06,2.668,605743.0,0.476,5.959,36.1,70895339.0,36.2,36.2,2.81440833795981e+21,2.595227760905421e+16,0,0.0,0.0,0,0,1368,92,81,9,1,4,0.66,0.067,19.63
CTRL_sellonly_k2,CTRL,16,0.0625,random,0.052,25.0,unreal,10.0,2,rs,0.0,month,0.0,1,0,0.92,entrant,signal,none,rs,1,0.0,7017,21.27,-36.24,0.587,1.195,739,34.1,46.1,37.67,-10.83,11.545,15,72.87,19.98,-30.47,22.48,-36.24,16.63,-22.01,1880,405,21,794,2086,739,92,2878,4.24,0,0.0,0.0,0,8.549193e+06,6.867878e+06,1.681315e+06,2.663,570147.0,0.465,5.398,34.5,71055203.0,48.3,48.3,3.705684215015313e+20,2463627332288512.0,0,0.0,0.0,0,0,1367,100,88,8,2,5,0.59,0.073,24.75
CTRL_sellonly_k2,CTRL,16,0.0625,random,0.052,25.0,unreal,10.0,2,rs,0.0,month,0.0,1,0,0.92,entrant,signal,none,rs,1,0.0,7018,21.3,-34.47,0.618,1.187,736,33.9,47.4,36.48,-10.76,11.643,15,72.88,20.63,-33.09,21.86,-34.47,15.92,-24.39,1880,418,21,846,2037,736,83,2880,3.83,0,0.0,0.0,0,8.941107e+06,7.815558e+06,1.125549e+06,2.679,624594.0,0.495,6.042,36.8,71590724.0,41.6,41.6,2.1031865147440675e+21,1.5813412453875712e+16,0,0.0,0.0,0,0,1361,94,80,9,3,5,0.66,0.069,19.63
CTRL_sellonly_k2,CTRL,16,0.0625,random,0.052,25.0,unreal,10.0,2,rs,0.0,month,0.0,1,0,0.92,entrant,signal,none,rs,1,0.0,7019,21.09,-33.64,0.627,1.199,735,33.9,47.9,35.52,-10.62,11.477,15,72.79,20.08,-32.49,21.99,-33.64,12.86,-18.04,1880,423,21,854,2030,735,84,2882,3.87,0,0.0,0.0,0,9.37689e+06,8.298696e+06,1.078195e+06,2.689,622307.0,0.47,5.993,35.6,69531471.0,36.2,36.2,2.0761253697456167e+21,1.914439796260864e+16,0,0.0,0.0,0,0,1369,92,80,9,2,4,0.66,0.067,19.63
CTRL_sellonly_k2,CTRL,16,0.0625,random,0.052,25.0,unreal,10.0,2,rs,0.0,month,0.0,1,0,0.92,entrant,signal,none,rs,1,0.0,7020,21.5,-34.97,0.615,1.207,733,33.8,47.3,36.7,-10.6,11.787,15,72.93,20.68,-33.08,22.23,-34.97,17.11,-20.71,1880,432,36,857,2029,733,87,2884,4.01,0,0.0,0.0,0,9.275776e+06,8.156726e+06,1.11905e+06,2.687,647530.0,0.491,6.029,37.5,74315159.0,43.8,43.8,3.2854840145578337e+21,2.47028265254912e+16,0,0.0,0.0,0,0,1370,94,83,9,1,4,0.66,0.069,19.78
CTRL_sellonly_k2,CTRL,16,0.0625,random,0.052,25.0,unreal,10.0,2,rs,0.0,month,0.0,1,0,0.92,entrant,signal,none,rs,1,0.0,7021,21.71,-33.8,0.642,1.214,732,33.8,46.6,37.75,-10.76,11.839,15,73.01,20.09,-32.49,23.25,-33.8,9.87,-21.29,1880,388,21,744,2143,732,93,2885,4.29,0,0.0,0.0,0,1.0300701e+07,8.701437e+06,1.599264e+06,2.739,624549.0,0.471,5.973,35.8,77860112.0,45.4,45.4,2.435225797008514e+21,1.9209451684757504e+16,0,0.0,0.0,0,0,1372,100,91,8,1,3,0.58,0.073,24.64
CTRL_sellonly_k2,CTRL,16,0.0625,random,0.052,25.0,unreal,10.0,2,rs,0.0,month,0.0,1,0,0.92,entrant,signal,none,rs,1,0.0,7022,22.46,-34.59,0.649,1.238,732,33.8,47.5,37.39,-10.66,12.18,15,73.0,20.08,-32.49,24.82,-34.59,20.15,-20.5,1880,406,21,795,2092,732,82,2884,3.78,0,0.0,0.0,0,1.0017825e+07,8.267844e+06,1.74998e+06,2.669,601817.0,0.469,6.033,35.4,87784057.0,45.8,45.8,1.902936124670359e+22,1.2651193819568538e+17,0,0.0,0.0,0,0,1371,86,78,7,1,3,0.51,0.063,23.94
CTRL_sellonly_k2,CTRL,16,0.0625,random,0.052,25.0,unreal,10.0,2,rs,0.0,month,0.0,1,0,0.92,entrant,signal,none,rs,1,0.0,7023,21.06,-36.24,0.581,1.175,748,34.5,46.1,37.02,-10.8,11.257,14,72.95,20.08,-32.49,21.95,-36.24,21.37,-16.26,1880,403,21,795,2076,748,90,2868,4.15,0,0.0,0.0,0,8.11223e+06,6.694066e+06,1.418165e+06,2.75,580474.0,0.455,5.667,34.2,68214904.0,43.2,43.2,3.065549600855289e+20,2418155439783936.0,0,0.0,0.0,0,0,1368,98,87,8,2,4,0.58,0.072,26.32
CTRL_sellonly_k2,CTRL,16,0.0625,random,0.052,25.0,unreal,10.0,2,rs,0.0,month,0.0,1,0,0.92,entrant,signal,none,rs,1,0.0,7024,22.0,-34.5,0.638,1.214,729,33.6,46.9,37.83,-10.78,12.026,15,73.08,20.09,-32.49,23.86,-34.5,16.37,-18.35,1880,403,21,791,2099,729,84,2886,3.87,0,0.0,0.0,0,9.889898e+06,8.059615e+06,1.830283e+06,2.653,591229.0,0.47,5.987,35.1,81367347.0,42.6,42.6,6.697261347566111e+21,5.282914141785293e+16,0,0.0,0.0,0,0,1373,92,81,8,2,4,0.58,0.067,25.79
CTRL_sellonly_k2,CTRL,16,0.0625,random,0.052,25.0,unreal,10.0,2,rs,0.0,month,0.0,1,0,0.92,entrant,signal,none,rs,1,0.0,7025,22.48,-36.68,0.613,1.248,727,33.5,47.3,37.8,-10.66,12.271,15,72.92,20.08,-32.49,24.86,-36.68,12.69,-20.65,1880,395,21,777,2115,727,86,2889,3.97,0,0.0,0.0,0,1.1582573e+07,9.72191e+06,1.860663e+06,2.691,602910.0,0.494,6.589,36.9,89504557.0,42.3,42.3,2.566013257527111e+22,2.0241098534289408e+17,0,0.0,0.0,0,0,1371,93,83,6,3,4,0.44,0.068,23.95
CTRL_sellonly_k2,CTRL,16,0.0625,random,0.052,25.0,unreal,10.0,2,rs,0.0,month,0.0,1,0,0.92,entrant,signal,none,rs,1,0.0,7026,20.98,-34.47,0.609,1.179,741,34.2,46.6,36.92,-10.69,11.476,14,72.81,20.63,-33.09,21.21,-34.47,17.21,-24.08,1880,447,21,885,1993,741,91,2876,4.2,0,0.0,0.0,0,8.405757e+06,7.300037e+06,1.10572e+06,2.71,625948.0,0.5,5.853,36.7,67443462.0,44.0,44.0,6.61728952160801e+20,4975395342385152.0,0,0.0,0.0,0,0,1366,98,87,9,1,4,0.66,0.072,19.79
CTRL_sellonly_k2,CTRL,16,0.0625,random,0.052,25.0,unreal,10.0,2,rs,0.0,month,0.0,1,0,0.92,entrant,signal,none,rs,1,0.0,7027,22.28,-34.97,0.637,1.228,734,33.8,47.7,36.9,-10.58,12.059,15,72.98,20.65,-33.08,23.84,-34.97,13.3,-20.66,1880,417,36,821,2064,734,84,2882,3.87,0,0.0,0.0,0,1.0828314e+07,8.934317e+06,1.893998e+06,2.739,646517.0,0.499,7.438,37.6,85922218.0,42.6,42.6,2.0110333243663567e+22,1.5863317396874854e+17,0,0.0,0.0,0,0,1366,88,80,7,1,3,0.51,0.064,24.57
CTRL_sellonly_k2,CTRL,16,0.0625,random,0.052,25.0,unreal,10.0,2,rs,0.0,month,0.0,1,0,0.92,entrant,signal,none,rs,1,0.0,7028,21.15,-36.59,0.578,1.193,733,33.8,46.7,37.07,-10.67,11.603,15,72.73,20.08,-32.49,22.13,-36.59,15.97,-18.34,1880,419,21,835,2051,733,87,2883,4.01,0,0.0,0.0,0,9.026187e+06,8.004151e+06,1.022036e+06,2.668,594828.0,0.476,6.028,36.6,70007683.0,36.5,36.5,1.6058455636442423e+21,1.4807842498281472e+16,0,0.0,0.0,0,0,1370,98,85,8,3,5,0.58,0.072,19.79
CTRL_sellonly_k2,CTRL,16,0.0625,random,0.052,25.0,unreal,10.0,2,rs,0.0,month,0.0,1,0,0.92,entrant,signal,none,rs,1,0.0,7029,22.27,-33.71,0.661,1.232,729,33.6,48.7,36.3,-10.64,12.217,15,72.97,20.68,-33.08,23.8,-33.71,14.71,-23.2,1880,432,36,867,2023,729,88,2888,4.06,0,0.0,0.0,0,1.1244986e+07,1.0038198e+07,1.206788e+06,2.707,674758.0,0.531,7.474,39.4,86111388.0,36.2,36.2,6.727904965330647e+22,6.203940758534226e+17,0,0.0,0.0,0,0,1378,97,85,9,2,4,0.65,0.07,19.74
CTRL_sellonly_k2,CTRL,16,0.0625,random,0.052,25.0,unreal,10.0,2,rs,0.0,month,0.0,1,0,0.92,entrant,signal,none,rs,1,0.0,7030,22.5,-36.02,0.625,1.243,727,33.5,48.0,37.17,-10.55,12.36,15,72.88,20.65,-33.08,24.3,-36.02,19.81,-19.4,1880,427,36,839,2053,727,83,2889,3.83,0,0.0,0.0,0,1.1101908e+07,9.975377e+06,1.126532e+06,2.644,622307.0,0.513,6.622,38.4,89348190.0,41.3,41.3,6.133352802964114e+22,4.611535247895429e+17,0,0.0,0.0,0,0,1369,93,81,7,3,5,0.51,0.068,19.74
CTRL_sellonly_k3,CTRL,16,0.0625,random,0.052,25.0,unreal,10.0,3,rs,0.0,month,0.0,1,0,0.92,entrant,signal,none,rs,1,0.0,7001,21.49,-36.59,0.587,1.207,739,34.1,46.5,37.28,-10.75,11.608,15,72.85,20.0,-30.47,22.91,-36.59,10.51,-19.37,1880,406,21,803,2077,739,92,2879,4.24,0,0.0,0.0,0,9.76788e+06,8.118405e+06,1.649476e+06,2.722,589282.0,0.465,5.793,35.3,74775938.0,42.7,42.7,1.5417071273385803e+21,1.216122137346048e+16,0,0.0,0.0,0,0,1369,99,89,8,2,3,0.58,0.072,23.8
CTRL_sellonly_k3,CTRL,16,0.0625,random,0.052,25.0,unreal,10.0,3,rs,0.0,month,0.0,1,0,0.92,entrant,signal,none,rs,1,0.0,7002,21.12,-37.72,0.56,1.198,735,33.9,47.6,36.34,-10.89,11.602,15,72.79,20.08,-32.49,22.06,-37.72,13.6,-25.27,1880,429,21,869,2015,735,81,2883,3.74,0,0.0,0.0,0,9.132469e+06,8.07416e+06,1.05831e+06,2.688,622114.0,0.47,5.895,35.9,69721028.0,41.2,41.2,1.5679128698828075e+21,1.1788807980449792e+16,0,0.0,0.0,0,0,1368,89,79,7,2,4,0.51,0.065,19.63
CTRL_sellonly_k3,CTRL,16,0.0625,random,0.052,25.0,unreal,10.0,3,rs,0.0,month,0.0,1,0,0.92,entrant,signal,none,rs,1,0.0,7003,20.93,-36.25,0.578,1.177,747,34.4,46.5,36.64,-10.68,11.301,15,72.74,20.0,-30.47,21.77,-36.25,14.24,-21.85,1880,416,21,849,2023,747,90,2871,4.15,0,0.0,0.0,0,8.487328e+06,7.463882e+06,1.023446e+06,2.72,572199.0,0.456,5.533,34.5,67077722.0,41.8,41.8,4.619899106404084e+20,3473608487731200.0,0,0.0,0.0,0,0,1366,96,86,8,1,4,0.59,0.07,19.63
CTRL_sellonly_k3,CTRL,16,0.0625,random,0.052,25.0,unreal,10.0,3,rs,0.0,month,0.0,1,0,0.92,entrant,signal,none,rs,1,0.0,7004,20.55,-36.69,0.56,1.185,741,34.2,47.1,35.93,-10.84,11.185,15,72.68,20.0,-30.47,20.98,-36.69,11.55,-22.85,1880,428,21,870,2008,741,94,2877,4.33,0,0.0,0.0,0,8.35268e+06,7.236922e+06,1.115757e+06,2.7,600316.0,0.476,5.909,36.6,62755968.0,37.6,37.6,2.5185453807864958e+20,2322402096709632.0,0,0.0,0.0,0,0,1361,102,91,8,3,3,0.59,0.075,19.74
CTRL_sellonly_k3,CTRL,16,0.0625,random,0.052,25.0,unreal,10.0,3,rs,0.0,month,0.0,1,0,0.92,entrant,signal,none,rs,1,0.0,7005,21.11,-34.5,0.612,1.182,734,33.8,47.0,36.67,-10.73,11.547,15,72.84,20.09,-32.49,22.02,-34.5,8.64,-23.22,1880,413,21,821,2064,734,86,2884,3.97,0,0.0,0.0,0,9.793068e+06,8.747502e+06,1.045566e+06,2.679,591688.0,0.47,5.645,36.1,70212868.0,39.7,39.7,1.1212624658638276e+21,1.0339417579323392e+16,0,0.0,0.0,0,0,1365,93,82,9,1,4,0.66,0.068,19.79
CTRL_sellonly_k3,CTRL,16,0.0625,random,0.052,25.0,unreal,10.0,3,rs,0.0,month,0.0,1,0,0.92,entrant,signal,none,rs,1,0.0,7006,21.51,-35.03,0.614,1.221,724,33.4,48.3,35.97,-10.66,11.883,15,72.92,20.09,-32.49,22.85,-35.03,9.77,-20.58,1880,424,21,838,2057,724,84,2894,3.87,0,0.0,0.0,0,1.0285034e+07,9.172889e+06,1.112144e+06,2.627,626133.0,0.456,6.201,35.6,75438645.0,36.4,36.4,9.396941892393542e+21,8.665134315392205e+16,0,0.0,0.0,0,0,1375,91,82,7,2,3,0.51,0.066,19.63
CTRL_sellonly_k3,CTRL,16,0.0625,random,0.052,25.0,unreal,10.0,3,rs,0.0,month,0.0,1,0,0.92,entrant,signal,none,rs,1,0.0,7007,23.49,-34.97,0.672,1.282,722,33.3,48.2,38.02,-10.46,12.904,15,73.02,20.65,-33.08,26.34,-34.97,21.91,-19.93,1880,421,36,810,2087,722,87,2896,4.01,0,0.0,0.0,0,1.2405787e+07,1.0313027e+07,2.092762e+06,2.627,640534.0,0.499,6.838,37.7,106109484.0,45.4,45.4,5.623390131102614e+23,3.7385638348104663e+18,0,0.0,0.0,0,0,1375,96,84,9,3,3,0.65,0.07,24.15
CTRL_sellonly_k3,CTRL,16,0.0625,random,0.052,25.0,unreal,10.0,3,rs,0.0,month,0.0,1,0,0.92,entrant,signal,none,rs,1,0.0,7008,21.48,-37.42,0.574,1.206,739,34.1,48.0,35.9,-10.78,11.643,14,72.76,20.63,-33.09,22.22,-37.42,18.37,-23.53,1880,433,21,865,2015,739,82,2879,3.78,0,0.0,0.0,0,9.16383e+06,8.077711e+06,1.086118e+06,2.712,642399.0,0.497,6.038,37.5,73849133.0,38.9,38.9,4.250381923571823e+21,3.195771133571891e+16,0,0.0,0.0,0,0,1367,92,78,9,3,5,0.66,0.067,19.63
CTRL_sellonly_k3,CTRL,16,0.0625,random,0.052,25.0,unreal,10.0,3,rs,0.0,month,0.0,1,0,0.92,entrant,signal,none,rs,1,0.0,7009,21.04,-37.42,0.562,1.176,728,33.6,47.8,35.87,-10.53,11.648,15,72.83,20.64,-33.09,21.31,-37.42,8.19,-22.44,1880,425,21,850,2041,728,81,2890,3.74,0,0.0,0.0,0,9.847713e+06,8.733242e+06,1.114471e+06,2.632,632714.0,0.491,6.112,37.1,69394023.0,37.8,37.8,2.7660807733084506e+21,2.55066296549376e+16,0,0.0,0.0,0,0,1368,85,77,7,1,3,0.51,0.062,19.63
CTRL_sellonly_k3,CTRL,16,0.0625,random,0.052,25.0,unreal,10.0,3,rs,0.0,month,0.0,1,0,0.92,entrant,signal,none,rs,1,0.0,7010,21.54,-36.02,0.598,1.209,735,33.9,46.4,37.59,-10.7,11.705,15,73.05,20.09,-32.49,22.91,-36.02,12.76,-20.64,1880,394,21,778,2106,735,89,2883,4.1,0,0.0,0.0,0,9.448882e+06,7.503144e+06,1.945737e+06,2.729,591595.0,0.476,6.138,36.2,75122017.0,43.0,43.0,1.6368708614771976e+21,1.29119064948736e+16,0,0.0,0.0,0,0,1372,93,87,6,0,2,0.44,0.068,23.76
CTRL_sellonly_k3,CTRL,16,0.0625,random,0.052,25.0,unreal,10.0,3,rs,0.0,month,0.0,1,0,0.92,entrant,signal,none,rs,1,0.0,7011,21.88,-37.43,0.584,1.214,734,33.8,48.2,36.24,-10.75,11.917,15,72.98,20.68,-33.08,22.98,-37.43,12.5,-19.18,1880,435,36,853,2032,734,86,2883,3.97,0,0.0,0.0,0,1.147512e+07,1.0343091e+07,1.13203e+06,2.73,640225.0,0.513,6.687,38.8,81103365.0,36.1,36.1,1.7465715959680182e+22,1.610548139691868e+17,0,0.0,0.0,0,0,1366,95,82,8,3,4,0.59,0.07,19.74
CTRL_sellonly_k3,CTRL,16,0.0625,random,0.052,25.0,unreal,10.0,3,rs,0.0,month,0.0,1,0,0.92,entrant,signal,none,rs,1,0.0,7012,21.52,-37.7,0.571,1.204,728,33.6,48.4,36.11,-10.81,11.878,15,72.76,20.63,-33.09,22.3,-37.7,14.12,-16.54,1880,417,21,824,2067,728,80,2890,3.69,0,0.0,0.0,0,1.0050628e+07,8.926323e+06,1.124305e+06,2.652,652423.0,0.492,6.254,37.6,75151225.0,38.2,38.2,7.766514415345716e+21,7.161673282486272e+16,0,0.0,0.0,0,0,1374,88,78,7,2,4,0.51,0.064,19.62
CTRL_sellonly_k3,CTRL,16,0.0625,random,0.052,25.0,unreal,10.0,3,rs,0.0,month,0.0,1,0,0.92,entrant,signal,none,rs,1,0.0,7013,21.25,-34.97,0.608,1.19,731,33.7,47.5,36.33,-10.63,11.662,15,72.95,20.68,-33.08,21.71,-34.97,9.85,-19.2,1880,420,36,830,2058,731,88,2887,4.06,0,0.0,0.0,0,9.810468e+06,8.698024e+06,1.112444e+06,2.68,646155.0,0.496,6.072,38.0,71802707.0,38.2,38.2,2.5252547238844873e+21,2.328588460228608e+16,0,0.0,0.0,0,0,1371,99,84,10,3,5,0.73,0.072,19.78
CTRL_sellonly_k3,CTRL,16,0.0625,random,0.052,25.0,unreal,10.0,3,rs,0.0,month,0.0,1,0,0.92,entrant,signal,none,rs,1,0.0,7014,20.79,-37.44,0.555,1.172,740,34.1,46.9,36.29,-10.78,11.292,15,72.71,20.0,-30.47,21.48,-37.44,14.22,-18.04,1880,411,21,814,2065,740,87,2878,4.01,0,0.0,0.0,0,8.545472e+06,7.498903e+06,1.046568e+06,2.673,596015.0,0.467,5.775,36.2,65577042.0,37.0,37.0,4.5394060591578585e+20,4185883179745280.0,0,0.0,0.0,0,0,1370,97,83,9,3,5,0.66,0.071,19.63
CTRL_sellonly_k3,CTRL,16,0.0625,random,0.052,25.0,unreal,10.0,3,rs,0.0,month,0.0,1,0,0.92,entrant,signal,none,rs,1,0.0,7015,20.65,-36.24,0.57,1.153,746,34.4,46.5,36.42,-10.7,11.215,14,72.92,20.09,-32.49,21.09,-36.24,14.4,-26.26,1880,424,21,864,2009,746,88,2872,4.06,0,0.0,0.0,0,8.47078e+06,7.42832e+06,1.04246e+06,2.755,580474.0,0.47,5.725,35.4,64027930.0,42.8,42.8,2.9906635351451396e+20,2248619256184832.0,0,0.0,0.0,0,0,1368,98,85,9,2,5,0.66,0.072,19.63
CTRL_sellonly_k3,CTRL,16,0.0625,random,0.052,25.0,unreal,10.0,3,rs,0.0,month,0.0,1,0,0.92,entrant,signal,none,rs,1,0.0,7016,21.23,-37.41,0.567,1.182,735,33.9,47.1,36.85,-10.75,11.657,15,72.8,20.09,-32.49,22.27,-37.41,16.82,-25.26,1880,416,21,843,2041,735,84,2883,3.87,0,0.0,0.0,0,9.070154e+06,8.023906e+06,1.046249e+06,2.668,605743.0,0.476,5.959,36.1,70895339.0,36.2,36.2,2.81440833795981e+21,2.595227760905421e+16,0,0.0,0.0,0,0,1368,92,81,9,1,4,0.66,0.067,19.63
CTRL_sellonly_k3,CTRL,16,0.0625,random,0.052,25.0,unreal,10.0,3,rs,0.0,month,0.0,1,0,0.92,entrant,signal,none,rs,1,0.0,7017,21.27,-36.24,0.587,1.195,739,34.1,46.1,37.67,-10.83,11.545,15,72.87,19.98,-30.47,22.48,-36.24,16.63,-22.01,1880,405,21,794,2086,739,92,2879,4.24,0,0.0,0.0,0,8.549193e+06,6.867878e+06,1.681315e+06,2.663,570147.0,0.465,5.398,34.5,71055203.0,48.3,48.3,3.705684215015313e+20,2463627332288512.0,0,0.0,0.0,0,0,1367,100,88,8,2,5,0.59,0.073,24.75
CTRL_sellonly_k3,CTRL,16,0.0625,random,0.052,25.0,unreal,10.0,3,rs,0.0,month,0.0,1,0,0.92,entrant,signal,none,rs,1,0.0,7018,20.86,-34.47,0.605,1.168,732,33.8,47.4,36.07,-10.7,11.469,15,72.86,20.63,-33.09,20.95,-34.47,10.23,-22.21,1880,428,21,864,2023,732,83,2886,3.83,0,0.0,0.0,0,9.000867e+06,7.875318e+06,1.125549e+06,2.651,623227.0,0.492,5.812,36.9,66577447.0,38.1,38.1,1.1031589101554725e+21,1.0172457168142336e+16,0,0.0,0.0,0,0,1365,93,79,9,3,5,0.66,0.068,19.63
CTRL_sellonly_k3,CTRL,16,0.0625,random,0.052,25.0,unreal,10.0,3,rs,0.0,month,0.0,1,0,0.92,entrant,signal,none,rs,1,0.0,7019,21.09,-33.64,0.627,1.199,735,33.9,47.9,35.52,-10.62,11.477,15,72.79,20.08,-32.49,21.99,-33.64,12.86,-18.04,1880,423,21,854,2030,735,84,2883,3.87,0,0.0,0.0,0,9.37689e+06,8.298696e+06,1.078195e+06,2.689,622307.0,0.47,5.993,35.6,69531471.0,36.2,36.2,2.0761253697456167e+21,1.914439796260864e+16,0,0.0,0.0,0,0,1369,92,80,9,2,4,0.66,0.067,19.63
CTRL_sellonly_k3,CTRL,16,0.0625,random,0.052,25.0,unreal,10.0,3,rs,0.0,month,0.0,1,0,0.92,entrant,signal,none,rs,1,0.0,7020,21.5,-34.97,0.615,1.207,733,33.8,47.3,36.7,-10.6,11.787,15,72.93,20.68,-33.08,22.23,-34.97,17.11,-20.71,1880,432,36,857,2029,733,87,2885,4.01,0,0.0,0.0,0,9.275776e+06,8.156726e+06,1.11905e+06,2.687,647530.0,0.491,6.029,37.5,74315159.0,43.8,43.8,3.2854840145578337e+21,2.47028265254912e+16,0,0.0,0.0,0,0,1370,94,83,9,1,4,0.66,0.069,19.78
CTRL_sellonly_k3,CTRL,16,0.0625,random,0.052,25.0,unreal,10.0,3,rs,0.0,month,0.0,1,0,0.92,entrant,signal,none,rs,1,0.0,7021,21.71,-33.8,0.642,1.214,732,33.8,46.6,37.75,-10.76,11.839,15,73.01,20.09,-32.49,23.25,-33.8,9.87,-21.29,1880,388,21,744,2143,732,93,2886,4.29,0,0.0,0.0,0,1.0300701e+07,8.701437e+06,1.599264e+06,2.739,624549.0,0.471,5.973,35.8,77860112.0,45.4,45.4,2.435225797008514e+21,1.9209451684757504e+16,0,0.0,0.0,0,0,1372,100,91,8,1,3,0.58,0.073,24.64
CTRL_sellonly_k3,CTRL,16,0.0625,random,0.052,25.0,unreal,10.0,3,rs,0.0,month,0.0,1,0,0.92,entrant,signal,none,rs,1,0.0,7022,22.46,-34.59,0.649,1.238,732,33.8,47.5,37.39,-10.66,12.18,15,73.0,20.08,-32.49,24.82,-34.59,20.15,-20.5,1880,406,21,795,2092,732,82,2886,3.78,0,0.0,0.0,0,1.0017825e+07,8.267844e+06,1.74998e+06,2.669,601817.0,0.469,6.033,35.4,87784057.0,45.8,45.8,1.902936124670359e+22,1.2651193819568538e+17,0,0.0,0.0,0,0,1371,86,78,7,1,3,0.51,0.063,23.94
CTRL_sellonly_k3,CTRL,16,0.0625,random,0.052,25.0,unreal,10.0,3,rs,0.0,month,0.0,1,0,0.92,entrant,signal,none,rs,1,0.0,7023,21.06,-36.24,0.581,1.175,748,34.5,46.1,37.02,-10.8,11.257,14,72.95,20.08,-32.49,21.95,-36.24,21.37,-16.26,1880,403,21,795,2076,748,90,2870,4.15,0,0.0,0.0,0,8.11223e+06,6.694066e+06,1.418165e+06,2.75,580474.0,0.455,5.667,34.2,68214904.0,43.2,43.2,3.065549600855289e+20,2418155439783936.0,0,0.0,0.0,0,0,1368,98,87,8,2,4,0.58,0.072,26.32
CTRL_sellonly_k3,CTRL,16,0.0625,random,0.052,25.0,unreal,10.0,3,rs,0.0,month,0.0,1,0,0.92,entrant,signal,none,rs,1,0.0,7024,22.04,-34.5,0.639,1.215,730,33.7,47.0,37.76,-10.78,12.024,15,73.08,20.09,-32.49,23.92,-34.5,16.38,-19.55,1880,403,21,791,2098,730,84,2887,3.87,0,0.0,0.0,0,9.928692e+06,8.059615e+06,1.869078e+06,2.664,591242.0,0.471,5.984,35.2,81845725.0,42.6,42.6,7.379768360295228e+21,5.821283997371597e+16,0,0.0,0.0,0,0,1372,91,80,8,2,4,0.58,0.066,25.64
CTRL_sellonly_k3,CTRL,16,0.0625,random,0.052,25.0,unreal,10.0,3,rs,0.0,month,0.0,1,0,0.92,entrant,signal,none,rs,1,0.0,7025,22.44,-36.68,0.612,1.247,728,33.6,47.3,37.8,-10.66,12.238,15,72.92,20.08,-32.49,24.78,-36.68,12.72,-20.65,1880,395,21,777,2114,728,87,2890,4.01,0,0.0,0.0,0,1.1492979e+07,9.631847e+06,1.861133e+06,2.701,603264.0,0.498,6.588,37.0,88895672.0,42.5,42.5,2.252091196581139e+22,1.7764829985819853e+17,0,0.0,0.0,0,0,1370,93,83,6,3,4,0.44,0.068,24.12
CTRL_sellonly_k3,CTRL,16,0.0625,random,0.052,25.0,unreal,10.0,3,rs,0.0,month,0.0,1,0,0.92,entrant,signal,none,rs,1,0.0,7026,20.98,-34.47,0.609,1.179,741,34.2,46.6,36.92,-10.69,11.476,14,72.81,20.63,-33.09,21.21,-34.47,17.21,-24.08,1880,447,21,885,1993,741,91,2877,4.2,0,0.0,0.0,0,8.405757e+06,7.300037e+06,1.10572e+06,2.71,625948.0,0.5,5.853,36.7,67443462.0,44.0,44.0,6.61728952160801e+20,4975395342385152.0,0,0.0,0.0,0,0,1366,98,87,9,1,4,0.66,0.072,19.79
CTRL_sellonly_k3,CTRL,16,0.0625,random,0.052,25.0,unreal,10.0,3,rs,0.0,month,0.0,1,0,0.92,entrant,signal,none,rs,1,0.0,7027,22.28,-34.97,0.637,1.228,734,33.8,47.7,36.9,-10.58,12.059,15,72.98,20.65,-33.08,23.84,-34.97,13.3,-20.66,1880,417,36,821,2064,734,84,2884,3.87,0,0.0,0.0,0,1.0828314e+07,8.934317e+06,1.893998e+06,2.739,646517.0,0.499,7.438,37.6,85922218.0,42.6,42.6,2.0110333243663567e+22,1.5863317396874854e+17,0,0.0,0.0,0,0,1366,88,80,7,1,3,0.51,0.064,24.57
CTRL_sellonly_k3,CTRL,16,0.0625,random,0.052,25.0,unreal,10.0,3,rs,0.0,month,0.0,1,0,0.92,entrant,signal,none,rs,1,0.0,7028,21.11,-36.59,0.577,1.19,733,33.8,46.8,37.01,-10.77,11.587,15,72.73,20.08,-32.49,22.05,-36.59,15.06,-17.5,1880,416,21,830,2056,733,85,2885,3.92,0,0.0,0.0,0,9.244096e+06,8.22206e+06,1.022036e+06,2.67,594828.0,0.478,5.957,36.4,69767774.0,37.1,37.1,1.3490866231635723e+21,1.2440214932815872e+16,0,0.0,0.0,0,0,1367,95,82,8,3,5,0.59,0.069,19.79
CTRL_sellonly_k3,CTRL,16,0.0625,random,0.052,25.0,unreal,10.0,3,rs,0.0,month,0.0,1,0,0.92,entrant,signal,none,rs,1,0.0,7029,22.27,-33.71,0.661,1.232,729,33.6,48.7,36.3,-10.64,12.217,15,72.97,20.68,-33.08,23.8,-33.71,14.71,-23.2,1880,432,36,867,2023,729,88,2889,4.06,0,0.0,0.0,0,1.1244986e+07,1.0038198e+07,1.206788e+06,2.707,674758.0,0.531,7.474,39.4,86111388.0,36.2,36.2,6.727904965330647e+22,6.203940758534226e+17,0,0.0,0.0,0,0,1378,97,85,9,2,4,0.65,0.07,19.74
CTRL_sellonly_k3,CTRL,16,0.0625,random,0.052,25.0,unreal,10.0,3,rs,0.0,month,0.0,1,0,0.92,entrant,signal,none,rs,1,0.0,7030,22.64,-36.02,0.628,1.25,727,33.5,47.9,37.39,-10.53,12.412,15,72.9,20.65,-33.08,24.57,-36.02,22.58,-16.86,1880,424,36,832,2060,727,82,2891,3.78,0,0.0,0.0,0,1.1439167e+07,1.0312636e+07,1.126532e+06,2.647,622307.0,0.501,6.68,38.1,91628027.0,41.2,41.2,7.563010146393735e+22,5.6864611084795904e+17,0,0.0,0.0,0,0,1372,91,79,7,3,5,0.51,0.066,19.74
CTRL_null_k2,NULL,16,0.0625,random,0.052,25.0,rand,0.03,2,rs,0.0,month,0.0,0,0,0.92,entrant,signal,none,rs,1,0.0,7001,20.34,-33.81,0.602,1.145,763,35.2,49.8,33.05,-11.55,10.661,14,73.0,17.64,-33.81,23.1,-28.9,25.51,-18.21,1880,561,82,1176,1768,763,88,2940,4.06,0,0.0,0.0,0,6.912678e+06,6.101045e+06,811633.0,2.75,531199.0,0.383,3.81,29.2,59708340.0,40.2,40.2,2.0974125481780576e+20,1969101979254784.0,0,0.0,0.0,0,0,0,0,0,0,0,0,0.0,0.0,18.94
CTRL_null_k2,NULL,16,0.0625,random,0.052,25.0,rand,0.03,2,rs,0.0,month,0.0,0,0,0.92,entrant,signal,none,rs,1,0.0,7002,20.47,-33.43,0.612,1.154,786,36.2,48.6,33.41,-11.24,10.461,15,72.78,18.02,-32.56,22.91,-33.43,22.22,-22.94,1880,529,36,1082,1838,786,87,2919,4.01,0,0.0,0.0,0,7.365056e+06,6.65833e+06,706726.0,2.955,532057.0,0.456,4.356,32.3,61299262.0,41.1,41.1,2.5575861359781242e+20,3211853584924672.0,0,0.0,0.0,0,0,0,0,0,0,0,0,0.0,0.0,19.32
CTRL_null_k2,NULL,16,0.0625,random,0.052,25.0,rand,0.03,2,rs,0.0,month,0.0,0,0,0.92,entrant,signal,none,rs,1,0.0,7003,21.31,-34.21,0.623,1.209,751,34.6,51.1,33.33,-11.71,11.321,14,73.63,18.81,-34.21,23.8,-28.46,27.11,-16.65,1880,513,49,1073,1876,751,81,2943,3.74,0,0.0,0.0,0,9.870373e+06,9.258808e+06,611565.0,2.875,607113.0,0.458,5.707,35.8,73003633.0,43.2,43.2,1.2831916422657475e+21,1.0577874163597312e+16,0,0.0,0.0,0,0,0,0,0,0,0,0,0.0,0.0,23.28
CTRL_null_k2,NULL,16,0.0625,random,0.052,25.0,rand,0.03,2,rs,0.0,month,0.0,0,0,0.92,entrant,signal,none,rs,1,0.0,7004,20.31,-32.15,0.632,1.155,779,35.9,48.7,34.11,-11.73,10.572,14,72.95,19.4,-32.15,21.12,-28.0,20.68,-27.09,1880,550,60,1138,1792,779,90,2922,4.15,0,0.0,0.0,0,8.026474e+06,6.985958e+06,1.040517e+06,2.984,619067.0,0.457,5.788,35.3,60218048.0,40.8,40.8,6.831575805651321e+19,587567632220160.0,0,0.0,0.0,0,0,0,0,0,0,0,0,0.0,0.0,19.07
CTRL_null_k2,NULL,16,0.0625,random,0.052,25.0,rand,0.03,2,rs,0.0,month,0.0,0,0,0.92,entrant,signal,none,rs,1,0.0,7005,19.02,-32.9,0.578,1.094,781,36.0,47.4,34.52,-11.72,10.184,17,72.68,16.59,-32.9,21.42,-32.84,19.25,-31.73,1880,548,32,1149,1780,781,91,2921,4.2,0,0.0,0.0,0,6.780545e+06,6.14221e+06,638335.0,2.954,444417.0,0.372,4.295,28.3,47759227.0,45.6,45.6,1.3092522668672942e+18,5664672841728.0,0,0.0,0.0,0,0,0,0,0,0,0,0,0.0,0.0,19.27
CTRL_null_k2,NULL,16,0.0625,random,0.052,25.0,rand,0.03,2,rs,0.0,month,0.0,0,0,0.92,entrant,signal,none,rs,1,0.0,7006,18.99,-35.01,0.542,1.1,765,35.3,49.8,31.8,-11.75,9.943,14,72.86,18.01,-31.25,19.92,-35.01,19.51,-22.37,1880,553,56,1157,1781,765,84,2928,3.87,0,0.0,0.0,0,6.424552e+06,5.860599e+06,563954.0,2.818,489098.0,0.401,4.093,29.9,47186879.0,37.0,37.0,6.038012084397015e+18,137067254251520.0,0,0.0,0.0,0,0,0,0,0,0,0,0,0.0,0.0,18.79
CTRL_null_k2,NULL,16,0.0625,random,0.052,25.0,rand,0.03,2,rs,0.0,month,0.0,0,0,0.92,entrant,signal,none,rs,1,0.0,7007,20.27,-32.5,0.624,1.117,770,35.5,48.6,34.25,-11.64,10.649,14,72.81,17.19,-32.5,23.39,-31.06,20.27,-21.46,1880,517,56,1043,1893,770,87,2927,4.01,0,0.0,0.0,0,7.849815e+06,7.279974e+06,569841.0,2.907,494448.0,0.415,4.6,29.7,59930789.0,41.0,41.0,6.09059732750703e+19,726681018957824.0,0,0.0,0.0,0,0,0,0,0,0,0,0,0.0,0.0,19.35
CTRL_null_k2,NULL,16,0.0625,random,0.052,25.0,rand,0.03,2,rs,0.0,month,0.0,0,0,0.92,entrant,signal,none,rs,1,0.0,7008,22.32,-33.78,0.661,1.228,782,36.1,50.5,34.4,-11.45,11.709,14,72.97,17.39,-31.55,27.51,-33.78,24.35,-19.75,1880,545,70,1139,1792,782,94,2924,4.33,0,0.0,0.0,0,1.1930282e+07,1.1273374e+07,656908.0,3.047,565911.0,0.473,6.058,34.9,87872869.0,46.7,46.7,2.6679871379897544e+22,1.0328853463013786e+17,0,0.0,0.0,0,0,0,0,0,0,0,0,0.0,0.0,27.09
CTRL_null_k2,NULL,16,0.0625,random,0.052,25.0,rand,0.03,2,rs,0.0,month,0.0,0,0,0.92,entrant,signal,none,rs,1,0.0,7009,20.24,-33.03,0.613,1.159,747,34.4,49.1,34.45,-11.68,10.981,18,73.12,18.68,-32.57,21.79,-33.03,13.93,-23.54,1880,502,38,1020,1915,747,63,2931,2.91,0,0.0,0.0,0,8.545803e+06,7.837522e+06,708281.0,2.828,547499.0,0.438,5.24,33.5,60191345.0,49.1,49.1,3.666666109763217e+19,199653853233152.0,0,0.0,0.0,0,0,0,0,0,0,0,0,0.0,0.0,19.91
CTRL_null_k2,NULL,16,0.0625,random,0.052,25.0,rand,0.03,2,rs,0.0,month,0.0,0,0,0.92,entrant,signal,none,rs,1,0.0,7010,20.62,-34.71,0.594,1.16,764,35.2,49.0,34.4,-11.61,10.911,9,72.93,19.36,-34.13,21.84,-34.71,17.49,-16.85,1880,494,46,1047,1888,764,80,2928,3.69,0,0.0,0.0,0,8.280502e+06,7.261344e+06,1.019158e+06,2.928,588937.0,0.479,5.355,35.2,63666955.0,43.0,43.0,1.0534753398038095e+20,586228139294720.0,0,0.0,0.0,0,0,0,0,0,0,0,0,0.0,0.0,25.41
CTRL_null_k2,NULL,16,0.0625,random,0.052,25.0,rand,0.03,2,rs,0.0,month,0.0,0,0,0.92,entrant,signal,none,rs,1,0.0,7011,21.37,-37.2,0.574,1.18,775,35.7,48.6,35.82,-11.79,11.371,13,72.81,18.36,-37.2,24.45,-33.27,17.35,-27.45,1880,527,51,1075,1869,775,100,2939,4.61,0,0.0,0.0,0,9.550964e+06,8.327684e+06,1.223281e+06,2.987,582684.0,0.512,6.446,37.3,73058999.0,41.5,41.5,6.903534091799028e+20,2678570044358656.0,0,0.0,0.0,0,0,0,0,0,0,0,0,0.0,0.0,19.32
CTRL_null_k2,NULL,16,0.0625,random,0.052,25.0,rand,0.03,2,rs,0.0,month,0.0,0,0,0.92,entrant,signal,none,rs,1,0.0,7012,19.53,-36.49,0.535,1.096,768,35.4,49.6,32.48,-11.51,10.311,14,72.57,18.57,-34.52,20.39,-36.49,18.34,-21.33,1880,547,41,1133,1806,768,88,2930,4.06,0,0.0,0.0,0,6.84168e+06,6.351948e+06,489732.0,2.907,554184.0,0.438,4.518,32.3,51898002.0,35.9,35.9,3.0621733085096444e+19,378670824816640.0,0,0.0,0.0,0,0,0,0,0,0,0,0,0.0,0.0,19.69
CTRL_null_k2,NULL,16,0.0625,random,0.052,25.0,rand,0.03,2,rs,0.0,month,0.0,0,0,0.92,entrant,signal,none,rs,1,0.0,7013,21.02,-40.73,0.516,1.17,758,35.0,47.9,36.43,-11.4,11.505,14,73.21,17.46,-32.97,24.65,-40.73,17.84,-20.22,1880,484,38,984,1966,758,89,2947,4.1,0,0.0,0.0,0,9.42663e+06,8.123522e+06,1.303108e+06,2.947,574565.0,0.435,5.746,33.6,69214633.0,50.9,50.9,3.72385096185594e+20,1392503022419968.0,0,0.0,0.0,0,0,0,0,0,0,0,0,0.0,0.0,26.09
CTRL_null_k2,NULL,16,0.0625,random,0.052,25.0,rand,0.03,2,rs,0.0,month,0.0,0,0,0.92,entrant,signal,none,rs,1,0.0,7014,19.41,-37.32,0.52,1.096,788,36.3,48.6,33.14,-11.88,10.005,14,72.81,17.75,-31.57,20.99,-37.32,18.68,-28.85,1880,552,83,1212,1715,788,96,2918,4.43,0,0.0,0.0,0,7.211788e+06,6.441616e+06,770171.0,3.046,576757.0,0.496,4.681,34.3,51264315.0,35.9,35.9,3.923405208457052e+18,23538830409728.0,0,0.0,0.0,0,0,0,0,0,0,0,0,0.0,0.0,22.72
CTRL_null_k2,NULL,16,0.0625,random,0.052,25.0,rand,0.03,2,rs,0.0,month,0.0,0,0,0.92,entrant,signal,none,rs,1,0.0,7015,20.54,-38.11,0.539,1.139,771,35.6,47.7,34.95,-11.38,10.731,13,72.74,18.93,-33.95,22.14,-38.11,17.17,-21.63,1880,546,74,1118,1813,771,83,2929,3.83,0,0.0,0.0,0,7.880758e+06,7.248618e+06,632140.0,2.957,524545.0,0.475,4.616,33.7,62525508.0,41.7,41.7,9.313117694351062e+19,835296312688640.0,0,0.0,0.0,0,0,0,0,0,0,0,0,0.0,0.0,19.0
CTRL_null_k2,NULL,16,0.0625,random,0.052,25.0,rand,0.03,2,rs,0.0,month,0.0,0,0,0.92,entrant,signal,none,rs,1,0.0,7016,18.25,-35.32,0.517,1.061,790,36.4,47.8,31.71,-11.14,9.36,16,72.84,19.75,-31.29,16.61,-35.32,16.51,-26.31,1880,546,46,1121,1807,790,99,2911,4.57,0,0.0,0.0,0,5.49981e+06,4.717792e+06,782018.0,2.983,564277.0,0.439,3.812,31.5,40717065.0,35.0,35.0,1.546407166812881e+18,33530589478912.0,0,0.0,0.0,0,0,0,0,0,0,0,0,0.0,0.0,18.67
CTRL_null_k2,NULL,16,0.0625,random,0.052,25.0,rand,0.03,2,rs,0.0,month,0.0,0,0,0.92,entrant,signal,none,rs,1,0.0,7017,18.14,-33.03,0.549,1.069,775,35.7,48.4,32.03,-11.42,9.606,13,72.74,18.49,-29.85,17.7,-33.03,8.49,-31.04,1880,545,41,1117,1813,775,86,2924,3.97,0,0.0,0.0,0,6.059071e+06,5.340665e+06,718405.0,2.861,531980.0,0.422,4.083,31.4,40499371.0,40.3,40.3,5.544062670371553e+17,5732950343680.0,0,0.0,0.0,0,0,0,0,0,0,0,0,0.0,0.0,19.32
CTRL_null_k2,NULL,16,0.0625,random,0.052,25.0,rand,0.03,2,rs,0.0,month,0.0,0,0,0.92,entrant,signal,none,rs,1,0.0,7018,19.96,-38.16,0.523,1.12,793,36.6,50.3,31.77,-11.58,10.232,13,72.39,17.45,-33.4,22.45,-38.16,9.03,-19.86,1880,499,34,1054,1873,793,101,2922,4.66,0,0.0,0.0,0,8.11671e+06,7.347818e+06,768892.0,3.018,466951.0,0.424,4.34,30.8,57115283.0,37.1,37.1,9.79044208024769e+19,968070596132864.0,0,0.0,0.0,0,0,0,0,0,0,0,0,0.0,0.0,19.32
CTRL_null_k2,NULL,16,0.0625,random,0.052,25.0,rand,0.03,2,rs,0.0,month,0.0,0,0,0.92,entrant,signal,none,rs,1,0.0,7019,17.14,-33.86,0.506,1.022,797,36.8,47.9,31.16,-11.93,8.72,14,72.86,17.97,-33.86,16.16,-33.21,12.88,-17.63,1880,580,72,1236,1676,797,90,2907,4.15,0,0.0,0.0,0,4.544804e+06,4.181312e+06,363492.0,2.951,501895.0,0.39,3.239,26.5,32928924.0,39.8,39.8,1.5128412414803968e+16,300889309184.0,0,0.0,0.0,0,0,0,0,0,0,0,0,0.0,0.0,20.57
CTRL_null_k2,NULL,16,0.0625,random,0.052,25.0,rand,0.03,2,rs,0.0,month,0.0,0,0,0.92,entrant,signal,none,rs,1,0.0,7020,19.8,-35.48,0.558,1.143,747,34.4,48.6,34.23,-11.61,10.665,12,72.88,18.44,-31.54,21.14,-35.48,32.34,-18.17,1880,497,60,1031,1904,747,63,2932,2.91,0,0.0,0.0,0,6.756986e+06,6.145536e+06,611449.0,2.742,490680.0,0.407,3.635,29.2,54428920.0,45.7,45.7,1.0179331426508341e+19,78359488888832.0,0,0.0,0.0,0,0,0,0,0,0,0,0,0.0,0.0,19.58
CTRL_null_k2,NULL,16,0.0625,random,0.052,25.0,rand,0.03,2,rs,0.0,month,0.0,0,0,0.92,entrant,signal,none,rs,1,0.0,7021,21.58,-31.89,0.677,1.228,762,35.1,48.6,35.29,-11.26,11.343,18,73.15,19.62,-31.89,23.5,-30.82,30.69,-17.39,1880,517,69,1072,1874,762,89,2944,4.1,0,0.0,0.0,0,9.296122e+06,7.897786e+06,1.398336e+06,2.903,619794.0,0.515,5.673,36.9,75601464.0,38.0,38.0,2.5993296490805005e+21,2.0503974155124736e+16,0,0.0,0.0,0,0,0,0,0,0,0,0,0.0,0.0,23.61
CTRL_null_k2,NULL,16,0.0625,random,0.052,25.0,rand,0.03,2,rs,0.0,month,0.0,0,0,0.92,entrant,signal,none,rs,1,0.0,7022,19.97,-32.43,0.616,1.172,767,35.4,48.9,34.18,-11.84,10.661,18,72.96,19.75,-32.43,20.07,-31.15,18.15,-27.16,1880,541,50,1144,1802,767,94,2941,4.33,0,0.0,0.0,0,7.644407e+06,6.593098e+06,1.051308e+06,2.912,638007.0,0.487,5.944,35.6,56545372.0,43.5,43.5,2.365414769108923e+19,230772015366144.0,0,0.0,0.0,0,0,0,0,0,0,0,0,0.0,0.0,19.03
CTRL_null_k2,NULL,16,0.0625,random,0.052,25.0,rand,0.03,2,rs,0.0,month,0.0,0,0,0.92,entrant,signal,none,rs,1,0.0,7023,19.11,-35.35,0.541,1.093,789,36.4,48.3,32.99,-11.61,9.926,16,72.76,17.06,-31.72,21.13,-35.35,21.54,-21.95,1880,552,49,1184,1748,789,102,2927,4.7,0,0.0,0.0,0,6.330242e+06,5.897542e+06,432699.0,2.934,464801.0,0.417,4.281,29.7,48180115.0,51.8,51.8,4.994520574056202e+17,1532807741440.0,0,0.0,0.0,0,0,0,0,0,0,0,0,0.0,0.0,31.92
CTRL_null_k2,NULL,16,0.0625,random,0.052,25.0,rand,0.03,2,rs,0.0,month,0.0,0,0,0.92,entrant,signal,none,rs,1,0.0,7024,19.59,-38.6,0.507,1.114,785,36.2,48.3,34.25,-11.91,10.376,26,72.17,18.72,-33.36,20.4,-38.6,13.78,-22.37,1880,547,51,1121,1805,785,92,2920,4.24,0,0.0,0.0,0,7.265816e+06,6.656057e+06,609758.0,2.942,516063.0,0.453,5.342,31.8,52749947.0,43.5,43.5,5.079282475197268e+18,29718418030592.0,0,0.0,0.0,0,0,0,0,0,0,0,0,0.0,0.0,19.29
CTRL_null_k2,NULL,16,0.0625,random,0.052,25.0,rand,0.03,2,rs,0.0,month,0.0,0,0,0.92,entrant,signal,none,rs,1,0.0,7025,19.3,-39.29,0.491,1.108,778,35.9,48.7,32.55,-11.4,10.006,14,72.45,17.82,-33.24,20.7,-39.29,21.04,-21.68,1880,548,53,1159,1779,778,97,2933,4.47,0,0.0,0.0,0,6.78371e+06,6.5949e+06,188811.0,2.902,515770.0,0.437,4.271,31.4,49953261.0,38.0,38.0,2.080878092319562e+19,493264377479168.0,0,0.0,0.0,0,0,0,0,0,0,0,0,0.0,0.0,19.53
CTRL_null_k2,NULL,16,0.0625,random,0.052,25.0,rand,0.03,2,rs,0.0,month,0.0,0,0,0.92,entrant,signal,none,rs,1,0.0,7026,19.74,-37.23,0.53,1.113,792,36.5,49.9,31.93,-11.63,10.094,17,72.49,16.84,-34.91,22.67,-37.23,19.02,-23.79,1880,556,44,1173,1751,792,97,2922,4.47,0,0.0,0.0,0,7.592442e+06,7.410684e+06,181758.0,2.959,518935.0,0.416,4.304,28.8,54626973.0,34.0,34.0,2.96118360530307e+19,416997569462272.0,0,0.0,0.0,0,0,0,0,0,0,0,0,0.0,0.0,22.51
CTRL_null_k2,NULL,16,0.0625,random,0.052,25.0,rand,0.03,2,rs,0.0,month,0.0,0,0,0.92,entrant,signal,none,rs,1,0.0,7027,23.17,-35.11,0.66,1.265,766,35.3,46.2,40.51,-11.56,12.501,17,72.73,19.77,-35.11,26.62,-33.22,17.56,-22.9,1880,501,59,1017,1916,766,80,2925,3.69,0,0.0,0.0,0,1.4291881e+07,1.3454697e+07,837184.0,2.987,571719.0,0.512,7.547,37.2,102603458.0,53.4,53.4,3.2223638139804225e+21,5375142444138496.0,0,0.0,0.0,0,0,0,0,0,0,0,0,0.0,0.0,29.82
CTRL_null_k2,NULL,16,0.0625,random,0.052,25.0,rand,0.03,2,rs,0.0,month,0.0,0,0,0.92,entrant,signal,none,rs,1,0.0,7028,21.34,-34.46,0.619,1.189,747,34.4,48.5,35.45,-11.17,11.419,14,73.37,18.41,-32.23,24.27,-34.46,18.22,-24.95,1880,575,109,1163,1788,747,79,2945,3.64,0,0.0,0.0,0,9.833912e+06,9.134701e+06,699212.0,2.867,604623.0,0.454,5.413,35.9,73249765.0,39.4,39.4,2.8690665563123687e+21,3.146739786920755e+16,0,0.0,0.0,0,0,0,0,0,0,0,0,0.0,0.0,19.59
CTRL_null_k2,NULL,16,0.0625,random,0.052,25.0,rand,0.03,2,rs,0.0,month,0.0,0,0,0.92,entrant,signal,none,rs,1,0.0,7029,19.67,-34.54,0.569,1.112,772,35.6,49.6,32.89,-11.82,10.357,15,72.91,18.46,-34.54,20.84,-33.55,23.27,-20.81,1880,558,80,1162,1779,772,94,2936,4.33,0,0.0,0.0,0,6.300529e+06,5.611547e+06,688982.0,2.877,514110.0,0.483,4.35,33.4,52673748.0,40.2,40.2,1.5119063336152465e+19,169841612816384.0,0,0.0,0.0,0,0,0,0,0,0,0,0,0.0,0.0,20.12
CTRL_null_k2,NULL,16,0.0625,random,0.052,25.0,rand,0.03,2,rs,0.0,month,0.0,0,0,0.92,entrant,signal,none,rs,1,0.0,7030,20.15,-33.89,0.595,1.155,773,35.6,49.2,32.9,-11.36,10.399,14,73.3,18.14,-33.89,22.13,-29.01,22.66,-20.22,1880,503,34,1035,1905,773,94,2937,4.33,0,0.0,0.0,0,7.877921e+06,7.220654e+06,657267.0,2.915,587653.0,0.428,4.848,33.5,58709423.0,39.2,39.2,6.4648794418903515e+19,724083100614656.0,0,0.0,0.0,0,0,0,0,0,0,0,0,0.0,0.0,19.37
CTRL_null_k3,NULL,16,0.0625,random,0.052,25.0,rand,0.03,3,rs,0.0,month,0.0,0,0,0.92,entrant,signal,none,rs,1,0.0,7001,20.38,-33.81,0.603,1.136,775,35.7,50.1,32.4,-11.53,10.463,13,72.9,17.65,-33.81,23.18,-29.43,21.11,-25.51,1880,565,119,1161,1771,775,88,2930,4.06,0,0.0,0.0,0,7.98698e+06,7.350786e+06,636193.0,2.883,537308.0,0.419,4.774,31.4,61074990.0,37.5,37.5,2.3367538874686164e+20,3659953160060928.0,0,0.0,0.0,0,0,0,0,0,0,0,0,0.0,0.0,18.94
CTRL_null_k3,NULL,16,0.0625,random,0.052,25.0,rand,0.03,3,rs,0.0,month,0.0,0,0,0.92,entrant,signal,none,rs,1,0.0,7002,20.47,-33.43,0.612,1.154,786,36.2,48.6,33.41,-11.24,10.461,15,72.78,18.02,-32.56,22.91,-33.43,22.22,-22.94,1880,529,36,1082,1838,786,87,2919,4.01,0,0.0,0.0,0,7.365056e+06,6.65833e+06,706726.0,2.955,532057.0,0.456,4.356,32.3,61299262.0,41.1,41.1,2.5575861359781242e+20,3211853584924672.0,0,0.0,0.0,0,0,0,0,0,0,0,0,0.0,0.0,19.32
CTRL_null_k3,NULL,16,0.0625,random,0.052,25.0,rand,0.03,3,rs,0.0,month,0.0,0,0,0.92,entrant,signal,none,rs,1,0.0,7003,20.72,-34.21,0.606,1.187,750,34.6,50.8,33.05,-11.66,11.05,14,73.64,18.81,-34.21,22.58,-28.46,20.92,-15.05,1880,511,49,1076,1874,750,81,2947,3.74,0,0.0,0.0,0,9.439704e+06,8.82814e+06,611565.0,2.872,606436.0,0.441,5.546,35.2,65928159.0,43.6,43.6,2.9094013575250523e+20,2398340071292928.0,0,0.0,0.0,0,0,0,0,0,0,0,0,0.0,0.0,23.6
CTRL_null_k3,NULL,16,0.0625,random,0.052,25.0,rand,0.03,3,rs,0.0,month,0.0,0,0,0.92,entrant,signal,none,rs,1,0.0,7004,21.38,-32.15,0.665,1.196,774,35.7,49.0,34.77,-11.57,11.12,14,73.03,19.4,-32.15,23.32,-28.0,14.78,-20.73,1880,553,71,1149,1786,774,90,2933,4.15,0,0.0,0.0,0,9.236676e+06,8.196159e+06,1.040517e+06,2.977,612758.0,0.488,6.025,35.4,73063299.0,40.5,40.5,1.430735899245381e+21,1.2305427047907328e+16,0,0.0,0.0,0,0,0,0,0,0,0,0,0.0,0.0,19.07
CTRL_null_k3,NULL,16,0.0625,random,0.052,25.0,rand,0.03,3,rs,0.0,month,0.0,0,0,0.92,entrant,signal,none,rs,1,0.0,7005,19.01,-32.9,0.578,1.094,782,36.1,47.6,34.32,-11.75,10.167,17,72.68,16.59,-32.9,21.4,-32.84,19.12,-31.73,1880,548,32,1149,1779,782,91,2926,4.2,0,0.0,0.0,0,6.780545e+06,6.14221e+06,638335.0,2.964,444492.0,0.382,4.29,28.9,47676800.0,46.1,46.1,1.2530397348972462e+18,5421461405696.0,0,0.0,0.0,0,0,0,0,0,0,0,0,0.0,0.0,19.27
CTRL_null_k3,NULL,16,0.0625,random,0.052,25.0,rand,0.03,3,rs,0.0,month,0.0,0,0,0.92,entrant,signal,none,rs,1,0.0,7006,17.88,-35.01,0.511,1.045,778,35.9,48.5,31.73,-11.79,9.299,14,72.85,18.01,-31.25,17.66,-35.01,7.93,-28.43,1880,539,56,1096,1829,778,84,2921,3.87,0,0.0,0.0,0,5.5306e+06,4.965918e+06,564681.0,2.891,494325.0,0.405,3.703,29.3,38320362.0,40.4,40.4,1.751353488530473e+17,3975696089088.0,0,0.0,0.0,0,0,0,0,0,0,0,0,0.0,0.0,18.79
CTRL_null_k3,NULL,16,0.0625,random,0.052,25.0,rand,0.03,3,rs,0.0,month,0.0,0,0,0.92,entrant,signal,none,rs,1,0.0,7007,20.72,-32.69,0.634,1.155,780,36.0,48.5,34.13,-11.29,10.722,15,72.75,17.19,-32.5,24.33,-32.69,32.67,-32.69,1880,554,58,1162,1764,780,87,2922,4.01,0,0.0,0.0,0,8.077685e+06,7.673411e+06,404274.0,2.947,504443.0,0.417,5.24,30.5,64816283.0,37.5,37.5,4.480039468132372e+20,4776108859850752.0,0,0.0,0.0,0,0,0,0,0,0,0,0,0.0,0.0,19.35
CTRL_null_k3,NULL,16,0.0625,random,0.052,25.0,rand,0.03,3,rs,0.0,month,0.0,0,0,0.92,entrant,signal,none,rs,1,0.0,7008,22.36,-33.78,0.662,1.232,778,35.9,50.0,34.9,-11.5,11.697,14,73.14,17.39,-31.55,27.6,-33.78,23.55,-18.86,1880,513,59,1087,1848,778,94,2932,4.33,0,0.0,0.0,0,1.0670172e+07,9.232158e+06,1.438012e+06,2.993,564256.0,0.471,5.367,33.8,87325978.0,49.4,49.4,9.406272224921546e+21,3.4132444403728384e+16,0,0.0,0.0,0,0,0,0,0,0,0,0,0.0,0.0,27.09
CTRL_null_k3,NULL,16,0.0625,random,0.052,25.0,rand,0.03,3,rs,0.0,month,0.0,0,0,0.92,entrant,signal,none,rs,1,0.0,7009,20.24,-33.03,0.613,1.159,747,34.4,49.1,34.45,-11.68,10.981,18,73.12,18.68,-32.57,21.79,-33.03,13.93,-23.54,1880,502,38,1020,1915,747,63,2931,2.91,0,0.0,0.0,0,8.545803e+06,7.837522e+06,708281.0,2.828,547499.0,0.438,5.24,33.5,60191345.0,49.1,49.1,3.666666109763217e+19,199653853233152.0,0,0.0,0.0,0,0,0,0,0,0,0,0,0.0,0.0,19.91
CTRL_null_k3,NULL,16,0.0625,random,0.052,25.0,rand,0.03,3,rs,0.0,month,0.0,0,0,0.92,entrant,signal,none,rs,1,0.0,7010,20.62,-34.71,0.594,1.16,764,35.2,49.0,34.4,-11.61,10.911,9,72.93,19.36,-34.13,21.84,-34.71,17.49,-16.85,1880,494,46,1047,1888,764,80,2929,3.69,0,0.0,0.0,0,8.280502e+06,7.261344e+06,1.019158e+06,2.928,588937.0,0.479,5.355,35.2,63666955.0,43.0,43.0,1.0534753398038095e+20,586228139294720.0,0,0.0,0.0,0,0,0,0,0,0,0,0,0.0,0.0,25.41
CTRL_null_k3,NULL,16,0.0625,random,0.052,25.0,rand,0.03,3,rs,0.0,month,0.0,0,0,0.92,entrant,signal,none,rs,1,0.0,7011,21.48,-37.2,0.577,1.186,773,35.6,48.8,35.85,-11.8,11.438,13,72.81,18.36,-37.2,24.68,-33.27,18.72,-27.45,1880,528,51,1076,1870,773,100,2943,4.61,0,0.0,0.0,0,9.550964e+06,8.327684e+06,1.223281e+06,2.966,582142.0,0.51,6.423,37.1,74383766.0,40.8,40.8,9.413435903816321e+20,3652412808101888.0,0,0.0,0.0,0,0,0,0,0,0,0,0,0.0,0.0,19.32
CTRL_null_k3,NULL,16,0.0625,random,0.052,25.0,rand,0.03,3,rs,0.0,month,0.0,0,0,0.92,entrant,signal,none,rs,1,0.0,7012,20.56,-36.49,0.563,1.128,769,35.5,50.2,33.07,-11.69,10.775,13,72.59,18.57,-34.52,22.5,-36.49,22.95,-21.0,1880,537,41,1100,1839,769,89,2936,4.1,0,0.0,0.0,0,7.809741e+06,7.2416e+06,568142.0,2.945,554592.0,0.465,4.633,33.6,62616508.0,38.4,38.4,2.8889558948260925e+20,2601979771617280.0,0,0.0,0.0,0,0,0,0,0,0,0,0,0.0,0.0,19.69
CTRL_null_k3,NULL,16,0.0625,random,0.052,25.0,rand,0.03,3,rs,0.0,month,0.0,0,0,0.92,entrant,signal,none,rs,1,0.0,7013,21.02,-40.73,0.516,1.17,758,35.0,47.9,36.43,-11.4,11.505,14,73.21,17.46,-32.97,24.65,-40.73,17.84,-20.22,1880,484,38,984,1966,758,89,2947,4.1,0,0.0,0.0,0,9.42663e+06,8.123522e+06,1.303108e+06,2.947,574565.0,0.435,5.746,33.6,69214633.0,50.9,50.9,3.72385096185594e+20,1392503022419968.0,0,0.0,0.0,0,0,0,0,0,0,0,0,0.0,0.0,26.09
CTRL_null_k3,NULL,16,0.0625,random,0.052,25.0,rand,0.03,3,rs,0.0,month,0.0,0,0,0.92,entrant,signal,none,rs,1,0.0,7014,20.11,-37.32,0.539,1.127,775,35.7,48.8,33.78,-11.6,10.531,14,72.78,17.75,-31.57,22.44,-37.32,19.33,-22.46,1880,542,72,1165,1775,775,96,2936,4.43,0,0.0,0.0,0,7.115516e+06,6.18136e+06,934156.0,2.946,562768.0,0.476,5.003,34.5,57454009.0,35.9,35.9,4.008402460062043e+19,240487868923904.0,0,0.0,0.0,0,0,0,0,0,0,0,0,0.0,0.0,22.72
CTRL_null_k3,NULL,16,0.0625,random,0.052,25.0,rand,0.03,3,rs,0.0,month,0.0,0,0,0.92,entrant,signal,none,rs,1,0.0,7015,20.54,-38.11,0.539,1.139,771,35.6,47.7,34.95,-11.38,10.731,13,72.74,18.93,-33.95,22.14,-38.11,17.17,-21.63,1880,546,74,1118,1813,771,83,2929,3.83,0,0.0,0.0,0,7.880758e+06,7.248618e+06,632140.0,2.957,524545.0,0.475,4.616,33.7,62525508.0,41.7,41.7,9.313117694351062e+19,835296312688640.0,0,0.0,0.0,0,0,0,0,0,0,0,0,0.0,0.0,19.0
CTRL_null_k3,NULL,16,0.0625,random,0.052,25.0,rand,0.03,3,rs,0.0,month,0.0,0,0,0.92,entrant,signal,none,rs,1,0.0,7016,18.01,-35.32,0.51,1.044,795,36.7,47.7,31.84,-11.44,9.195,16,72.97,19.75,-31.29,16.12,-35.32,11.15,-26.59,1880,547,46,1117,1806,795,99,2913,4.57,0,0.0,0.0,0,5.555326e+06,4.773308e+06,782018.0,3.034,567305.0,0.453,4.225,32.6,39154616.0,38.9,38.9,4.2143792784369254e+17,9138000101376.0,0,0.0,0.0,0,0,0,0,0,0,0,0,0.0,0.0,18.67
CTRL_null_k3,NULL,16,0.0625,random,0.052,25.0,rand,0.03,3,rs,0.0,month,0.0,0,0,0.92,entrant,signal,none,rs,1,0.0,7017,18.6,-33.03,0.563,1.091,774,35.7,48.7,32.03,-11.37,9.768,13,72.9,18.49,-29.85,18.64,-33.03,11.46,-27.24,1880,548,41,1120,1811,774,86,2928,3.97,0,0.0,0.0,0,6.059071e+06,5.340665e+06,718405.0,2.856,530724.0,0.427,4.17,31.7,43823920.0,36.9,36.9,1.8421516054288138e+18,19049129967616.0,0,0.0,0.0,0,0,0,0,0,0,0,0,0.0,0.0,19.32
CTRL_null_k3,NULL,16,0.0625,random,0.052,25.0,rand,0.03,3,rs,0.0,month,0.0,0,0,0.92,entrant,signal,none,rs,1,0.0,7018,19.52,-38.16,0.512,1.1,796,36.7,49.4,32.32,-11.81,9.975,13,72.26,17.45,-33.4,21.55,-38.16,19.44,-21.68,1880,505,34,1046,1878,796,101,2921,4.66,0,0.0,0.0,0,6.756015e+06,5.987123e+06,768892.0,2.993,467025.0,0.423,4.263,29.8,51874058.0,41.2,41.2,1.0127934755467952e+19,100144217325568.0,0,0.0,0.0,0,0,0,0,0,0,0,0,0.0,0.0,19.32
CTRL_null_k3,NULL,16,0.0625,random,0.052,25.0,rand,0.03,3,rs,0.0,month,0.0,0,0,0.92,entrant,signal,none,rs,1,0.0,7019,19.9,-34.72,0.573,1.135,772,35.6,48.2,34.06,-11.74,10.326,14,72.75,17.97,-33.86,21.79,-34.72,26.26,-21.6,1880,575,75,1165,1773,772,91,2932,4.2,0,0.0,0.0,0,6.738614e+06,6.082372e+06,656242.0,2.858,475941.0,0.395,4.103,30.1,55283161.0,40.8,40.8,2.135518542564216e+19,309122620719104.0,0,0.0,0.0,0,0,0,0,0,0,0,0,0.0,0.0,20.28
CTRL_null_k3,NULL,16,0.0625,random,0.052,25.0,rand,0.03,3,rs,0.0,month,0.0,0,0,0.92,entrant,signal,none,rs,1,0.0,7020,19.8,-35.48,0.558,1.143,747,34.4,48.6,34.23,-11.61,10.665,12,72.88,18.44,-31.54,21.14,-35.48,32.34,-18.17,1880,497,60,1031,1904,747,63,2932,2.91,0,0.0,0.0,0,6.756986e+06,6.145536e+06,611449.0,2.742,490680.0,0.407,3.635,29.2,54428920.0,45.7,45.7,1.0179331426508341e+19,78359488888832.0,0,0.0,0.0,0,0,0,0,0,0,0,0,0.0,0.0,19.58
CTRL_null_k3,NULL,16,0.0625,random,0.052,25.0,rand,0.03,3,rs,0.0,month,0.0,0,0,0.92,entrant,signal,none,rs,1,0.0,7021,21.58,-31.89,0.677,1.228,762,35.1,48.6,35.29,-11.26,11.343,18,73.15,19.62,-31.89,23.5,-30.82,30.69,-17.39,1880,517,69,1072,1874,762,89,2944,4.1,0,0.0,0.0,0,9.296122e+06,7.897786e+06,1.398336e+06,2.903,619794.0,0.515,5.673,36.9,75601464.0,38.0,38.0,2.5993296490805005e+21,2.0503974155124736e+16,0,0.0,0.0,0,0,0,0,0,0,0,0,0.0,0.0,23.61
CTRL_null_k3,NULL,16,0.0625,random,0.052,25.0,rand,0.03,3,rs,0.0,month,0.0,0,0,0.92,entrant,signal,none,rs,1,0.0,7022,19.81,-32.43,0.611,1.159,772,35.6,47.7,34.88,-11.64,10.535,16,73.02,19.75,-32.43,19.73,-31.15,11.29,-27.74,1880,533,50,1119,1822,772,94,2939,4.33,0,0.0,0.0,0,7.264256e+06,5.990176e+06,1.27408e+06,2.956,645731.0,0.487,5.627,35.1,54645584.0,48.9,48.9,8.673104400304046e+18,68785587355648.0,0,0.0,0.0,0,0,0,0,0,0,0,0,0.0,0.0,19.03
CTRL_null_k3,NULL,16,0.0625,random,0.052,25.0,rand,0.03,3,rs,0.0,month,0.0,0,0,0.92,entrant,signal,none,rs,1,0.0,7023,18.7,-35.35,0.529,1.075,793,36.6,47.5,33.16,-11.62,9.669,16,72.7,17.06,-31.72,20.27,-35.35,19.46,-21.62,1880,549,49,1186,1742,793,102,2925,4.7,0,0.0,0.0,0,6.157547e+06,5.724847e+06,432699.0,2.967,465251.0,0.414,4.319,28.8,44746228.0,47.1,47.1,2.1362734397600563e+17,777893052416.0,0,0.0,0.0,0,0,0,0,0,0,0,0,0.0,0.0,32.27
CTRL_null_k3,NULL,16,0.0625,random,0.052,25.0,rand,0.03,3,rs,0.0,month,0.0,0,0,0.92,entrant,signal,none,rs,1,0.0,7024,20.85,-37.91,0.55,1.171,776,35.8,49.7,34.3,-12.1,10.981,15,72.49,18.72,-33.36,23.0,-37.91,15.69,-21.66,1880,554,51,1138,1797,776,92,2933,4.24,0,0.0,0.0,0,8.87753e+06,8.249993e+06,627537.0,2.858,543426.0,0.469,5.541,33.9,66707765.0,36.5,36.5,2.165755552132707e+20,1267165273522176.0,0,0.0,0.0,0,0,0,0,0,0,0,0,0.0,0.0,19.28
CTRL_null_k3,NULL,16,0.0625,random,0.052,25.0,rand,0.03,3,rs,0.0,month,0.0,0,0,0.92,entrant,signal,none,rs,1,0.0,7025,20.55,-39.29,0.523,1.157,780,36.0,50.0,32.58,-11.45,10.566,14,72.5,17.82,-33.24,23.29,-39.29,19.16,-16.97,1880,558,54,1137,1799,780,97,2934,4.47,0,0.0,0.0,0,8.310744e+06,7.932354e+06,378390.0,2.996,517854.0,0.454,4.833,32.6,63096432.0,38.3,38.3,4.495878065071881e+20,4827187832160256.0,0,0.0,0.0,0,0,0,0,0,0,0,0,0.0,0.0,19.53
CTRL_null_k3,NULL,16,0.0625,random,0.052,25.0,rand,0.03,3,rs,0.0,month,0.0,0,0,0.92,entrant,signal,none,rs,1,0.0,7026,19.74,-37.23,0.53,1.113,792,36.5,49.9,31.93,-11.63,10.094,17,72.49,16.84,-34.91,22.67,-37.23,19.02,-23.79,1880,556,44,1173,1751,792,97,2922,4.47,0,0.0,0.0,0,7.592442e+06,7.410684e+06,181758.0,2.959,518935.0,0.416,4.304,28.8,54626973.0,34.0,34.0,2.96118360530307e+19,416997569462272.0,0,0.0,0.0,0,0,0,0,0,0,0,0,0.0,0.0,22.51
CTRL_null_k3,NULL,16,0.0625,random,0.052,25.0,rand,0.03,3,rs,0.0,month,0.0,0,0,0.92,entrant,signal,none,rs,1,0.0,7027,22.92,-35.11,0.653,1.258,765,35.3,46.9,39.71,-11.75,12.399,17,72.8,19.77,-35.11,26.11,-33.22,15.74,-19.26,1880,504,59,1026,1908,765,80,2932,3.69,0,0.0,0.0,0,1.4853966e+07,1.4016782e+07,837184.0,2.979,571546.0,0.511,7.691,37.5,99340420.0,55.7,55.7,1.5855838689207024e+21,2644869851906048.0,0,0.0,0.0,0,0,0,0,0,0,0,0,0.0,0.0,29.82
CTRL_null_k3,NULL,16,0.0625,random,0.052,25.0,rand,0.03,3,rs,0.0,month,0.0,0,0,0.92,entrant,signal,none,rs,1,0.0,7028,20.7,-34.62,0.598,1.161,756,34.9,48.1,35.09,-11.16,11.11,17,73.17,18.41,-32.23,22.95,-34.62,21.48,-30.12,1880,560,95,1158,1784,756,79,2939,3.64,0,0.0,0.0,0,8.307256e+06,7.141928e+06,1.165328e+06,2.92,609372.0,0.461,5.751,35.2,64614252.0,40.8,40.8,2.1207200836245835e+20,1287114188652544.0,0,0.0,0.0,0,0,0,0,0,0,0,0,0.0,0.0,18.76
CTRL_null_k3,NULL,16,0.0625,random,0.052,25.0,rand,0.03,3,rs,0.0,month,0.0,0,0,0.92,entrant,signal,none,rs,1,0.0,7029,19.61,-34.54,0.568,1.108,770,35.5,49.2,32.97,-11.66,10.305,15,72.94,18.46,-34.54,20.72,-33.55,24.45,-21.5,1880,573,80,1181,1762,770,94,2940,4.33,0,0.0,0.0,0,6.45813e+06,5.769148e+06,688982.0,2.87,513119.0,0.455,4.673,33.6,52340139.0,37.9,37.9,1.5490909372573286e+19,174018619506688.0,0,0.0,0.0,0,0,0,0,0,0,0,0,0.0,0.0,20.12
CTRL_null_k3,NULL,16,0.0625,random,0.052,25.0,rand,0.03,3,rs,0.0,month,0.0,0,0,0.92,entrant,signal,none,rs,1,0.0,7030,20.1,-35.72,0.563,1.145,784,36.2,48.9,33.46,-11.45,10.492,14,73.23,18.14,-33.89,22.02,-35.72,9.62,-34.77,1880,539,43,1129,1800,784,94,2928,4.33,0,0.0,0.0,0,9.103451e+06,8.416716e+06,686735.0,3.004,551818.0,0.473,5.549,35.1,59309135.0,38.1,38.1,9.511732595183216e+19,1203573450866688.0,0,0.0,0.0,0,0,0,0,0,0,0,0,0.0,0.0,18.77
